0 0 0
 2.78088e-17  1.00901e-16 -2.34323e-17
-2.18115e-16  1.29838e-16  6.64006e-17
    -1.32266 -3.58102e-06      2.06614
   -1.32259 -5.6343e-06      2.0659
     -1.3225 -7.58358e-06      2.06559
    -1.32241 -9.43671e-06       2.0651
    -1.32232 -1.11982e-05      2.06443
    -1.32222 -1.28678e-05      2.06359
    -1.32212 -1.44506e-05      2.06256
    -1.32202 -1.59658e-05      2.06137
    -1.32191 -1.74341e-05      2.05999
   -1.32179 -1.8815e-05     2.05844
    -1.32167 -2.01259e-05      2.05671
   -1.32155 -2.1364e-05     2.05481
    -1.32142 -2.25498e-05      2.05272
    -1.32128 -2.36879e-05      2.05046
    -1.32114 -2.47629e-05      2.04803
    -1.32099 -2.57876e-05      2.04541
    -1.32083 -2.67666e-05      2.04262
 -1.32067 -2.77e-05   2.03965
     -1.3205 -2.85917e-05       2.0365
   -1.32033 -2.9439e-05     2.03318
    -1.32015 -3.02422e-05      2.02967
   -1.31996 -3.1022e-05       2.026
    -1.31977 -3.17546e-05      2.02214
    -1.31956 -3.24699e-05      2.01811
    1.23094 -0.00207649     9.88311
    1.32605 -0.00146101     17.5002
      1.348 -0.00171098      17.392
    1.37238 -0.00210675     17.3147
    1.39908 -0.00277742     17.2616
    1.40315 -0.00335818     17.2314
    1.39416 -0.00347514     17.1883
    1.35387 -0.00321054     17.1091
    1.30725 -0.00293224     17.0055
    1.25589 -0.00264634     16.8815
    1.20114 -0.00235778     16.7407
    1.14415 -0.00206991     16.5864
    1.08586 -0.00178758     16.4215
    1.02708 -0.00151112     16.2485
   0.968097 -0.00125146     16.0726
   0.910208 -0.00131544     15.8995
   0.855047 -0.00105713     15.7303
    0.801895 -0.000816291      15.5645
    0.750716 -0.000591146      15.4021
    0.698353 -0.000365069       15.241
    0.639921 -0.000187791      15.0784
   0.584209 0.000221533     14.9198
   0.530351 0.000614406     14.7647
   0.477346 0.000885132     14.6126
  0.42739 0.0012641   14.4645
   0.37915 0.00171899      14.32
0.333365 0.002228  14.1789
 0.288971 0.0026855   14.0408
  0.245912 0.00288725    13.9057
  0.214895 0.00167936     13.769
  0.196454 0.00101641    13.6283
   0.183883 0.000949621     13.4868
   0.170192 0.000894637     13.3492
   0.157282 0.000841446     13.2148
   0.145111 0.000789999     13.0837
   0.135382 0.000731217     12.9552
   0.124388 0.000685386     12.8305
   0.114028 0.000641052     12.7089
   0.106025 0.000586121     12.5899
  0.0966368 0.000547295     12.4745
  0.0877982 0.000509748     12.3622
  0.0811938 0.000458012     12.2523
  0.0731542 0.000425995      12.146
  0.0673431 0.000373856     12.0419
       0.06 0.000347689     11.9414
  0.0548501 0.000294669      11.843
  0.0481123 0.000274759     11.7482
  0.0434899 0.000220389     11.6554
  0.0390868 0.000159315     11.5652
   0.032948 0.000154173     11.4785
  0.0288409 9.03721e-05     11.3937
  0.0247838 1.84203e-05     11.3115
   0.0206872 -5.47708e-05      11.2318
   0.0164715 -0.000100343      11.1547
    0.012271 -5.93312e-05      11.0801
  0.00615211 -5.35613e-06      11.0087
0.000438576 4.43823e-05     10.9395
-0.00488941 9.01072e-05     10.8726
-0.00985048 0.000132002     10.8077
 -0.0144627 0.000170304      10.745
 -0.0187436 0.000205055     10.6842
-0.0227096 0.00023663    10.6255
 -0.0242528 0.000164082     10.5677
-0.0250808 0.00014677    10.5117
 -0.0255632 0.000133133     10.4575
 -0.0258234 0.000108051     10.4052
 -0.027737 0.00010035    10.3554
 -0.0275178 6.20957e-05     10.3065
 -0.0290561 5.15269e-05     10.2601
 -0.0285349 8.89848e-06     10.2146
  -0.0297862 -2.19351e-06      10.1714
   -0.029093 -4.33007e-05      10.1291
  -0.0301247 -5.36692e-05      10.0891
  -0.0310605 -6.37987e-05      10.0505
  -0.0319104 -7.32169e-05      10.0133
   -0.030811 -0.000110335      9.97699
 -0.0315277 -0.00011817     9.94267
  -0.0321737 -0.000125578      9.90969
  -0.0327533 -0.000132601      9.87803
  -0.0332707 -0.000139166      9.84764
  -0.0318736 -0.000168885      9.81784
  -0.0323293 -0.000173632       9.7899
  -0.0327342 -0.000178035      9.76313
  -0.0330914 -0.000182056       9.7375
  -0.0334039 -0.000185785      9.71297
  -0.0336747 -0.000189134      9.68951
  -0.0339067 -0.000192284       9.6671
  -0.0322834 -0.000212868      9.64506
  -0.0325153 -0.000214372      9.62464
  -0.0327139 -0.000215572      9.60518
  -0.0328816 -0.000216634      9.58663
  -0.0330203 -0.000217469      9.56899
  -0.0331319 -0.000218091       9.5522
  -0.0332185 -0.000218554      9.53626
  -0.0332817 -0.000218862      9.52113
  -0.0333233 -0.000219044      9.50679
  -0.0333445 -0.000219001      9.49321
  -0.033347 -0.00021885     9.48037
  -0.0333323 -0.000218616      9.46825
  -0.0333013 -0.000218258      9.45681
  -0.0332567 -0.000218072      9.44604
  -0.0332447 -0.000218967      9.43579
  -0.0332868 -0.000219963      9.42599
 -0.0333812 -0.00022091     9.41661
  -0.0317189 -0.000232514      9.40704
 -0.0319975 -0.00023253     9.39854
  -0.0323177 -0.000232682      9.39044
 -0.0326782 -0.00023281     9.38275
 -0.0330585 -0.00023376     9.37542
  -0.0334219 -0.000234877      9.36834
  -0.0337684 -0.000235933      9.36151
  -0.0340985 -0.000237012      9.35494
  -0.0344129 -0.000238039      9.34864
  -0.0347123 -0.000239018       9.3426
  -0.0349973 -0.000239921      9.33683
  -0.0352683 -0.000240822      9.33133
  -0.0355259 -0.000241638      9.32611
  -0.0357707 -0.000242411      9.32116
  -0.0360031 -0.000243148      9.31649
  -0.0362237 -0.000243866      9.31209
  -0.0364327 -0.000244504      9.30797
  -0.0366307 -0.000245078      9.30412
  -0.0368179 -0.000245606      9.30055
  -0.0369948 -0.000246069      9.29726
  -0.0371617 -0.000246481      9.29424
  -0.0373189 -0.000246851       9.2915
  -0.0374668 -0.000247174      9.28903
  -0.0376056 -0.000247449      9.28683
  -0.0377355 -0.000247674       9.2849
  -0.0378568 -0.000247824      9.28324
  -0.0379699 -0.000247978      9.28184
  -0.0380748 -0.000248026       9.2807
  -0.0381718 -0.000248067      9.27982
  -0.0382612 -0.000248065      9.27919
   -0.038343 -0.000247997      9.27882
  -0.0384175 -0.000247855      9.27869
  -0.0384848 -0.000247682      9.27881
   -0.038545 -0.000247528      9.27917
  -0.0385985 -0.000247291      9.27977
  -0.0386451 -0.000247001       9.2806
  -0.0386852 -0.000246713      9.28165
  -0.0387187 -0.000246333      9.28294
 -0.0387459 -0.00024596     9.28444
  -0.0387667 -0.000245576      9.28615
  -0.0387814 -0.000245089      9.28807
    -0.03879 -0.000244569       9.2902
  -0.0387925 -0.000244084      9.29253
  -0.0387891 -0.000243551      9.29505
  -0.0387799 -0.000242998      9.29777
  -0.0387649 -0.000242342      9.30066
  -0.0387441 -0.000241722      9.30374
  -0.0387177 -0.000241073      9.30699
  -0.0386857 -0.000240378      9.31041
  -0.0386481 -0.000239703      9.31399
  -0.0386049 -0.000238978      9.31773
 -0.0385565 -0.00023823     9.32162
  -0.0385026 -0.000237469      9.32566
  -0.0384433 -0.000236695      9.32984
  -0.0383787 -0.000235884      9.33415
  -0.0383088 -0.000235051       9.3386
  -0.0382336 -0.000234228      9.34317
  -0.0381497 -0.000232264      9.34787
  -0.0380453 -0.000229609      9.35273
 -0.0379204 -0.00022701     9.35774
 -0.0377768 -0.00022437      9.3629
  -0.0376157 -0.000221758      9.36818
  -0.0374385 -0.000219151      9.37358
  -0.0372463 -0.000216564       9.3791
  -0.0370403 -0.000213922      9.38472
  -0.0368216 -0.000211356      9.39043
  -0.0365913 -0.000208794      9.39622
 -0.0363503 -0.00020621     9.40209
 -0.0378847 -0.00019369     9.40865
  -0.0375096 -0.000192023      9.41462
  -0.0371317 -0.000190403      9.42065
  -0.0367516 -0.000188733      9.42672
 -0.0363745 -0.00018693     9.43285
  -0.0360049 -0.000185186      9.43903
  -0.0356423 -0.000183448      9.44526
  -0.0352863 -0.000181689      9.45152
  -0.0349365 -0.000179942      9.45782
  -0.0345927 -0.000178238      9.46414
 -0.0342545 -0.00017655     9.47047
  -0.0339215 -0.000174856      9.47681
  -0.0335935 -0.000173249      9.48315
  -0.0332703 -0.000171619      9.48948
    -0.03475 -0.000155065      9.49643
  -0.0343152 -0.000154626      9.50271
  -0.0338902 -0.000154152      9.50897
 -0.0334742 -0.00015364     9.51521
  -0.0330671 -0.000153128      9.52141
  -0.0326681 -0.000152594      9.52758
  -0.0322768 -0.000152035       9.5337
  -0.0318929 -0.000151441      9.53979
   -0.031516 -0.000150832      9.54583
  -0.0311453 -0.000150267      9.55182
 -0.0307808 -0.00014963     9.55775
  -0.0304219 -0.000149024      9.56363
  -0.0300685 -0.000148393      9.56945
  -0.0315064 -0.000127726      9.57584
  -0.0310411 -0.000128497      9.58151
  -0.0305861 -0.000129164      9.58711
  -0.0301409 -0.000129786      9.59265
   -0.029705 -0.000130319      9.59813
  -0.0292777 -0.000130842      9.60353
  -0.0288588 -0.000131309      9.60886
  -0.0284475 -0.000131696      9.61412
  -0.0280435 -0.000132022       9.6193
  -0.0276462 -0.000132311      9.62441
  -0.0272555 -0.000132529      9.62944
  -0.0286628 -0.000107328      9.63503
    -0.02816 -0.000109155      9.63989
  -0.0276686 -0.000110918      9.64466
  -0.0271881 -0.000112557      9.64936
  -0.0267176 -0.000114082      9.65398
  -0.0262568 -0.000115449      9.65853
   -0.025805 -0.000116796      9.66299
  -0.0253617 -0.000118045      9.66738
  -0.0249265 -0.000119184      9.67169
   -0.024499 -0.000120225      9.67592
  -0.0258776 -9.00926e-05      9.68071
  -0.0253379 -9.30128e-05      9.68476
  -0.0248107 -9.64178e-05      9.68872
  -0.0242953 -9.88288e-05      9.69261
  -0.0237911 -0.000101151      9.69643
  -0.0232975 -0.000103328      9.70017
  -0.0228138 -0.000105365      9.70383
  -0.0223396 -0.000107233      9.70742
  -0.0218744 -0.000108948      9.71093
  -0.0232292 -7.33974e-05      9.71502
  -0.0226515 -7.72427e-05      9.71836
  -0.0220875 -8.09306e-05      9.72162
  -0.0215366 -8.43277e-05      9.72481
  -0.0209981 -8.83755e-05      9.72793
  -0.0204713 -9.15517e-05      9.73098
  -0.0199556 -9.45813e-05      9.73396
  -0.0194505 -9.73853e-05      9.73686
  -0.0207892 -5.60813e-05      9.74038
  -0.0201705 -6.12549e-05      9.74313
  -0.0195671 -6.61745e-05       9.7458
  -0.0189782 -7.08235e-05      9.74841
  -0.0184031 -7.52091e-05      9.75096
  -0.0178412 -7.93713e-05      9.75345
  -0.0172919 -8.33124e-05      9.75587
  -0.0167543 -8.70207e-05      9.75823
  -0.0180535 -3.88906e-05      9.76122
  -0.0174014 -4.52723e-05      9.76342
  -0.0167658 -5.12627e-05      9.76557
  -0.0161459 -5.70119e-05      9.76766
  -0.0155411 -6.24554e-05      9.76969
  -0.0149506 -6.75598e-05      9.77167
  -0.0143738 -7.24183e-05      9.77359
   -0.015636 -1.40797e-05      9.77618
  -0.0149424 -2.20412e-05      9.77795
  -0.0142671 -2.96286e-05      9.77968
  -0.0136091 -3.67954e-05      9.78135
  -0.0129678 -4.35637e-05      9.78298
 -0.0142456 3.40824e-05     9.78535
 -0.0134821 2.32439e-05     9.78683
 -0.0127397 1.29614e-05     9.78827
 -0.0120174 2.24199e-06     9.78966
  -0.0113146 -6.79064e-06      9.79101
  -0.0106303 -1.53897e-05      9.79232
-0.0118222 9.7536e-05    9.79442
 -0.0110115 8.29767e-05     9.79558
 -0.0102238 6.91112e-05     9.79672
-0.00945822 5.58983e-05     9.79781
 -0.0104812 0.000218298     9.79979
-0.00958964 0.000196076     9.80074
-0.00872414 0.000173535     9.80166
-0.00788373 0.000153086     9.80254
-0.00706764 0.000133712     9.80339
-0.00627488 0.000115251     9.80421
-0.00645756 0.000124093     9.80588
-0.00557955 0.000104008     9.80656
-0.00472642 8.48308e-05     9.80721
 -0.0038975 6.65447e-05     9.80783
-0.00309182 4.90344e-05     9.80843
-0.00230884 3.23963e-05       9.809
-0.00154768 1.65024e-05     9.80954
-0.000807717  1.41062e-06      9.81006
-8.83819e-05 -1.29925e-05      9.81056
 0.000611183 -2.66727e-05      9.81103
   0.0012916 -3.97048e-05      9.81148
  0.00195333 -5.20834e-05      9.81191
   0.0025968 -6.38183e-05      9.81232
  0.00322304 -7.49588e-05       9.8127
  0.00383236 -8.55138e-05      9.81306
  0.00442523 -9.55324e-05      9.81341
  0.00500224 -0.000104951      9.81373
  0.00556392 -0.000113883      9.81404
  0.00611057 -0.000122305      9.81432
  0.00664298 -0.000130235      9.81459
   0.0071613 -0.000137732      9.81484
   0.0076662 -0.000144753      9.81507
  0.00815788 -0.000151347      9.81529
  0.00863683 -0.000157513      9.81549
  0.00910357 -0.000163299      9.81568
  0.00955833 -0.000168657      9.81585
   0.0100015 -0.000173697        9.816
   0.0104335 -0.000178391      9.81615
   0.0108546 -0.000182685      9.81627
   0.0112652 -0.000186691      9.81639
  0.0116656 -0.00019034     9.81649
    0.012056 -0.000193727      9.81658
   0.0124367 -0.000196808      9.81666
  0.0128083 -0.00019959     9.81673
   0.0131708 -0.000202092      9.81678
   0.0135244 -0.000204356      9.81683
  0.0138696 -0.00020637     9.81686
   0.0118506 -7.30158e-05      9.81802
   0.0101502 -0.000120281      9.81897
   0.0105114 -0.000118249      9.81901
  0.0108655 -0.00011604     9.81904
   0.0112132 -0.000113707      9.81906
   0.0115544 -0.000111245      9.81908
  0.00992974 -0.000138444      9.81991
   0.0102898 -0.000132136      9.81991
   0.0106437 -0.000125916      9.81991
  0.0109915 -0.00012049      9.8199
   0.0113334 -0.000114137      9.81988
   0.0116697 -0.000107849      9.81985
   0.0120007 -0.000101623      9.81982
   0.0103907 -0.000108578      9.82056
   0.0107579 -0.000100576      9.82052
   0.0111189 -9.27267e-05      9.82047
   0.0114738 -8.50029e-05      9.82041
   0.0118229 -7.74672e-05      9.82035
   0.0121662 -7.09585e-05      9.82029
  0.0125041 -6.3754e-05     9.82022
   0.0128367 -5.66822e-05      9.82015
   0.0112733 -5.01986e-05       9.8208
   0.0116538 -4.24809e-05      9.82072
  0.0120273 -3.4955e-05     9.82063
   0.0123944 -2.75529e-05      9.82054
    0.012755 -2.02501e-05      9.82045
   0.0131094 -1.30865e-05      9.82035
   0.0134579 -6.05299e-06      9.82026
  0.0138007 8.85114e-07     9.82015
   0.014138 7.72715e-06     9.82005
  0.0144699 1.44813e-05     9.81995
   0.012946 2.89386e-05     9.82053
   0.013334 3.56266e-05     9.82042
  0.0137146 4.22221e-05      9.8203
  0.0140879 4.87117e-05     9.82018
  0.0144543 5.50736e-05     9.82007
  0.0148141 6.13638e-05     9.81995
  0.0151673 6.75722e-05     9.81983
  0.0155143 7.37091e-05     9.81971
  0.0158554 7.97578e-05     9.81959
  0.0161906 8.57273e-05     9.81946
  0.0165203 9.16365e-05     9.81934
  0.0168445 9.75038e-05     9.81922
  0.0171635 0.000103274      9.8191
  0.0174774 0.000109005     9.81897
  0.0159457 0.000127979     9.81953
  0.0163241 0.000133249      9.8194
  0.0166947 0.000138439     9.81927
   0.017058 0.000143626     9.81914
  0.0174139 0.000148781     9.81901
 0.0177631 0.00015387    9.81888
  0.0181056 0.000158895     9.81875
  0.0184417 0.000163898     9.81862
  0.0187716 0.000168856      9.8185
  0.0190956 0.000173811     9.81837
  0.0194138 0.000178656     9.81825
  0.0197265 0.000183503     9.81813
  0.0200336 0.000188328     9.81801
  0.0203358 0.000193157     9.81789
  0.0206328 0.000197913     9.81777
  0.0209249 0.000202661     9.81765
  0.0212123 0.000207364     9.81753
  0.0214952 0.000212046     9.81742
   0.019947 0.000232915     9.81796
  0.0203011 0.000236908     9.81784
  0.0206476 0.000240892     9.81772
  0.0209867 0.000244864      9.8176
  0.0213186 0.000248842     9.81748
  0.0216437 0.000252799     9.81736
  0.0219622 0.000256752     9.81725
  0.0222743 0.000260655     9.81714
  0.0225804 0.000264531     9.81703
 0.0228805 0.00026847    9.81692
  0.0231749 0.000272369     9.81681
  0.0234637 0.000276211      9.8167
  0.0237473 0.000280087      9.8166
 0.0240257 0.00028394     9.8165
 0.0242991 0.00028782     9.8164
  0.0245676 0.000291598      9.8163
  0.0248315 0.000295423      9.8162
  0.0250908 0.000299238     9.81611
 0.0253458 0.00030305    9.81602
  0.0255965 0.000306816     9.81593
   0.025843 0.000310548     9.81584
  0.0260856 0.000314317     9.81575
  0.0263242 0.000318049     9.81567
  0.0265592 0.000321796     9.81558
  0.0267903 0.000325488      9.8155
  0.0251956 0.000346931     9.81607
  0.0255051 0.000349783     9.81598
  0.0258073 0.000352629     9.81589
  0.0261024 0.000355499      9.8158
   0.026391 0.000358414     9.81572
   0.026673 0.000361265     9.81563
 0.0269488 0.00036413    9.81555
  0.0272186 0.000367026     9.81547
  0.0274825 0.000369901      9.8154
  0.0277409 0.000372795     9.81532
  0.0279939 0.000375689     9.81525
  0.0282416 0.000378564     9.81518
  0.0284842 0.000381436     9.81511
   0.028722 0.000384304     9.81504
   0.028955 0.000387151     9.81498
  0.0291834 0.000390034     9.81491
  0.0294074 0.000392865     9.81485
  0.0296271 0.000395696     9.81479
  0.0298427 0.000398563     9.81473
  0.0300541 0.000401363     9.81467
  0.0302617 0.000404152     9.81462
  0.0304654 0.000406966     9.81456
  0.0306654 0.000409781     9.81451
  0.0308618 0.000412554     9.81446
0.0310546 0.0004153   9.81441
   0.031244 0.000418068     9.81436
  0.0314302 0.000420779     9.81431
   0.031613 0.000423529     9.81427
  0.0317927 0.000426227     9.81422
  0.0319692 0.000428958     9.81418
  0.0321426 0.000431646     9.81414
  0.0323132 0.000434273      9.8141
  0.0324809 0.000436955     9.81406
  0.0326458 0.000439581     9.81402
 0.0328078 0.00044219    9.81399
  0.0329671 0.000444779     9.81395
  0.0313123 0.000465537     9.81456
  0.0315563 0.000467161     9.81451
 0.0317936 0.00046879    9.81446
  0.0320244 0.000470407     9.81442
   0.032249 0.000472055     9.81438
  0.0324676 0.000473685     9.81434
  0.0326804 0.000475348      9.8143
  0.0328876 0.000477033     9.81426
  0.0330895 0.000478672     9.81422
  0.0332861 0.000480275     9.81419
  0.0334777 0.000481927     9.81416
  0.0336644 0.000483572     9.81412
  0.0338465 0.000485197     9.81409
0.0340241 0.0004868   9.81406
  0.0341971 0.000488436     9.81403
   0.034366 0.000490055       9.814
  0.0345307 0.000491672     9.81398
  0.0346913 0.000493292     9.81395
  0.0348481 0.000494895     9.81393
  0.0350011 0.000496427      9.8139
  0.0351504 0.000497976     9.81388
 0.0352962 0.00049951    9.81386
 0.0354384 0.00050105    9.81383
  0.0355772 0.000502533     9.81381
  0.0357129 0.000504044      9.8138
  0.0358453 0.000505549     9.81378
  0.0359745 0.000506969     9.81376
  0.0361006 0.000508425     9.81374
  0.0362239 0.000509875     9.81372
  0.0363441 0.000511265     9.81371
  0.0364616 0.000512674     9.81369
  0.0365762 0.000514027     9.81368
  0.0366881 0.000515399     9.81367
  0.0367974 0.000517526     9.81365
  0.0369039 0.000518791     9.81364
   0.037008 0.000520058     9.81363
  0.0371096 0.000521294     9.81362
  0.0372086 0.000522509      9.8136
  0.0373052 0.000523701     9.81359
  0.0373994 0.000524874     9.81358
  0.0374914 0.000526045     9.81357
   0.037581 0.000527162     9.81357
  0.0376683 0.000528282     9.81356
  0.0377534 0.000529317     9.81355
  0.0378363 0.000530409     9.81354
  0.0379171 0.000531405     9.81353
  0.0379957 0.000532404     9.81353
  0.0380722 0.000533394     9.81352
 0.0381466 0.00053434    9.81352
   0.038219 0.000535283     9.81351
  0.0382894 0.000536192      9.8135
  0.0383578 0.000537065      9.8135
  0.0384242 0.000537924     9.81349
  0.0384886 0.000538719     9.81349
  0.0385511 0.000539569     9.81349
  0.0386117 0.000540358     9.81348
  0.0386704 0.000541078     9.81348
  0.0387272 0.000541837     9.81347
  0.0387822 0.000542535     9.81347
  0.0388354 0.000543215     9.81347
  0.0388867 0.000543869     9.81347
  0.0389362 0.000544424     9.81346
  0.0389839 0.000545023     9.81346
  0.0390299 0.000545569     9.81346
  0.0390741 0.000546105     9.81346
  0.0391166 0.000546673     9.81346
  0.0391573 0.000547165     9.81345
 0.0391964 0.00054758    9.81345
 0.0392337 0.00054802    9.81345
  0.0392693 0.000548423     9.81345
  0.0393032 0.000548804     9.81345
  0.0393356 0.000549141     9.81345
  0.0393662 0.000549454     9.81345
  0.0393952 0.000548928     9.81345
 0.0394225 0.00054931    9.81345
  0.0394482 0.000549667     9.81345
  0.0394722 0.000550012     9.81344
  0.0394947 0.000551017     9.81344
  0.0395156 0.000551165     9.81344
   0.039535 0.000551354     9.81344
  0.0395527 0.000551446     9.81344
  0.0395688 0.000552264     9.81344
  0.0395835 0.000552222     9.81344
  0.0395964 0.000552124     9.81344
  0.0396079 0.000552005     9.81344
  0.0396178 0.000551873     9.81344
  0.0396262 0.000550829     9.81344
  0.0396332 0.000551394     9.81344
 0.0396385 0.00055104    9.81344
  0.0396424 0.000550701     9.81344
  0.0396447 0.000550289     9.81344
  0.0396455 0.000549901     9.81345
  0.0396449 0.000550276     9.81345
  0.0396427 0.000549899     9.81345
 0.0396391 0.00055034    9.81345
  0.0396341 0.000550064     9.81345
  0.0396276 0.000549735     9.81345
  0.0396196 0.000549399     9.81345
  0.0396101 0.000548989     9.81345
  0.0395991 0.000548559     9.81345
  0.0395868 0.000548134     9.81345
  0.0395731 0.000547636     9.81345
  0.0395579 0.000547113     9.81345
  0.0395413 0.000546596     9.81345
  0.0395232 0.000546023     9.81344
  0.0395038 0.000545408     9.81344
 0.0394829 0.00054482    9.81345
  0.0394607 0.000544194     9.81345
  0.0394371 0.000543518     9.81344
   0.039412 0.000542797     9.81344
 0.0393856 0.00054206    9.81344
  0.0393578 0.000541282     9.81344
  0.0393287 0.000540458     9.81344
  0.0392981 0.000539693     9.81344
  0.0392663 0.000538818     9.81344
  0.039233 0.00053794    9.81344
  0.0391984 0.000537036     9.81344
  0.0391625 0.000536082     9.81344
  0.0391253 0.000535129     9.81344
  0.0390867 0.000534167     9.81344
  0.0390468 0.000533134     9.81344
  0.0390055 0.000532089     9.81343
   0.038963 0.000530987     9.81343
  0.0389192 0.000529884     9.81343
   0.038874 0.000528771     9.81343
  0.0388276 0.000527604     9.81343
  0.0387798 0.000526436     9.81343
  0.0387307 0.000525231     9.81342
  0.0386804 0.000523951     9.81342
  0.0386289 0.000522705     9.81342
   0.038576 0.000521405     9.81342
  0.0385219 0.000520087     9.81342
  0.0384665 0.000518708     9.81341
  0.0384099 0.000517314     9.81341
   0.038352 0.000515906     9.81341
  0.0382929 0.000514485     9.81341
  0.0382325 0.000513008     9.81341
 0.0381709 0.00051151     9.8134
  0.0381081 0.000509975      9.8134
 0.0380441 0.00050842     9.8134
  0.0379789 0.000506845     9.81339
  0.0379125 0.000505257     9.81339
  0.0378448 0.000503652     9.81339
0.0377759  0.000502   9.81339
  0.0377059 0.000500304     9.81338
  0.0376347 0.000498582     9.81338
  0.0375623 0.000496839     9.81338
 0.0374887 0.00049507    9.81337
   0.037414 0.000493289     9.81337
  0.0373382 0.000491453     9.81336
 0.0372611 0.00048964    9.81336
 0.0371829 0.00048776    9.81336
  0.0371035 0.000485867     9.81335
   0.037023 0.000483937     9.81335
  0.0369414 0.000481967     9.81335
 0.0368587 0.00048001    9.81334
  0.0367749 0.000477991     9.81334
  0.0366899 0.000476031     9.81333
  0.0366039 0.000473966     9.81333
  0.0365166 0.000471869     9.81332
  0.0364283 0.000469756     9.81332
   0.036339 0.000467625     9.81331
  0.0362486 0.000465476     9.81331
   0.036157 0.000463284      9.8133
  0.0360645 0.000461079      9.8133
  0.0359708 0.000458875     9.81329
  0.0358761 0.000456613     9.81329
  0.0357804 0.000454372     9.81328
  0.0356835 0.000452072     9.81328
  0.0355856 0.000449722     9.81327
  0.0354867 0.000447365     9.81327
   0.035387 0.000445033     9.81326
 0.0352859 0.00044262    9.81325
   0.035184 0.000440206     9.81325
   0.035081 0.000437745     9.81324
  0.0349771 0.000435314     9.81324
  0.0348721 0.000432807     9.81323
  0.0347663 0.000430303     9.81322
  0.0346593 0.000427759     9.81322
  0.0345514 0.000425179     9.81321
  0.0344425 0.000422617     9.81321
 0.0343326 0.00042003     9.8132
  0.0342219 0.000417404     9.81319
  0.0341102 0.000414726     9.81319
  0.0339975 0.000412087     9.81318
  0.0338838 0.000409374     9.81317
  0.0337693 0.000406688     9.81316
  0.0336538 0.000403931     9.81316
  0.0335374 0.000401172     9.81315
  0.0334201 0.000398382     9.81314
  0.0333018 0.000395564     9.81314
  0.0331828 0.000392765     9.81313
  0.0330628 0.000389893     9.81312
 0.0329418 0.00038705    9.81311
  0.0328201 0.000384138     9.81311
 0.0326975 0.00038127     9.8131
  0.0325739 0.000378329     9.81309
  0.0324496 0.000375366     9.81308
  0.0323243 0.000372382     9.81308
  0.0340052 0.000344879     9.81243
  0.0337769 0.000343283     9.81244
 0.0335526 0.00034161    9.81245
  0.0333319 0.000339881     9.81246
  0.0331147 0.000338043     9.81247
  0.0329007 0.000336178     9.81247
  0.0326898 0.000334221     9.81248
  0.0324818 0.000332226     9.81249
  0.0322766 0.000330202     9.81249
  0.0320738 0.000328141      9.8125
  0.0318735 0.000325969      9.8125
  0.0316754 0.000323765     9.81251
  0.0314795 0.000321565     9.81251
  0.0312855 0.000319222     9.81252
  0.0310934 0.000316919     9.81252
  0.0309031 0.000314523     9.81252
  0.0307144 0.000312099     9.81252
  0.0305272 0.000309653     9.81253
  0.0303415 0.000307176     9.81253
  0.0301572 0.000304624     9.81253
   0.029974 0.000302063     9.81253
   0.029792 0.000299455     9.81253
  0.0296111 0.000296798     9.81253
  0.0294313 0.000294122     9.81253
  0.0292524 0.000291408     9.81253
 0.0290743 0.00028867    9.81253
   0.028897 0.000285865     9.81253
 0.0287204 0.00028307    9.81253
  0.0285446 0.000280227     9.81253
  0.0283693 0.000277388     9.81253
  0.0281946 0.000274493     9.81253
  0.0280204 0.000271552     9.81252
  0.0278468 0.000268613     9.81252
 0.0276735 0.00026563    9.81252
  0.0275006 0.000262614     9.81252
  0.0273281 0.000259622     9.81251
  0.0271559 0.000256565     9.81251
   0.026984 0.000253509     9.81251
  0.0268122 0.000250401     9.81251
  0.0266408 0.000247284      9.8125
  0.0264696 0.000244146      9.8125
  0.0262984 0.000240967     9.81249
  0.0261274 0.000237777     9.81249
  0.0259565 0.000234566     9.81249
  0.0275998 0.000202575     9.81184
  0.0273256 0.000200924     9.81185
  0.0270561 0.000199184     9.81187
  0.0267912 0.000197382     9.81188
  0.0265307 0.000195533     9.81189
  0.0262742 0.000193594      9.8119
  0.0260216 0.000191602     9.81191
  0.0257727 0.000189546     9.81192
  0.0255273 0.000187394     9.81193
  0.0252853 0.000185231     9.81194
  0.0250464 0.000182982     9.81195
  0.0248105 0.000180715     9.81196
  0.0245775 0.000178379     9.81197
  0.0243471 0.000175965     9.81197
  0.0241194 0.000173543     9.81198
  0.0238939 0.000171106     9.81199
  0.0236709 0.000168537     9.81199
    0.02345 0.000165952       9.812
 0.0232312 0.00016337      9.812
  0.0230144 0.000160691     9.81201
  0.0227994 0.000157998     9.81201
  0.0225863 0.000155309     9.81201
  0.0223747 0.000152536     9.81202
  0.0221648 0.000149749     9.81202
  0.0219564 0.000146895     9.81202
  0.0217494 0.000144053     9.81203
  0.0215438 0.000141198     9.81203
  0.0213394 0.000138251     9.81203
  0.0211363 0.000135274     9.81203
  0.0209342 0.000132275     9.81203
  0.0207333 0.000129281     9.81203
  0.0205335 0.000126243     9.81203
  0.0221546 9.01427e-05     9.81138
  0.0218514 8.88854e-05      9.8114
  0.0215539 8.74927e-05     9.81141
  0.0212618 8.60212e-05     9.81143
  0.0209749 8.44844e-05     9.81145
  0.0206927 8.28349e-05     9.81147
  0.0204153 8.11507e-05     9.81148
0.0201422 7.937e-05    9.8115
  0.0198733 7.75443e-05     9.81151
  0.0196085 7.56072e-05     9.81153
  0.0193476 7.36521e-05     9.81154
  0.0190903 7.16154e-05     9.81155
  0.0188365 6.94968e-05     9.81156
  0.0185861 6.73643e-05     9.81157
  0.0183388 6.51493e-05     9.81158
  0.0180946 6.28864e-05     9.81159
  0.0178534 6.05566e-05      9.8116
  0.0176148 5.82116e-05     9.81161
  0.0173789 5.58161e-05     9.81162
  0.0171454 5.33833e-05     9.81163
  0.0169144 5.09056e-05     9.81163
  0.0166858 4.83521e-05     9.81164
  0.0164594 4.57849e-05     9.81165
   0.016235 4.31874e-05     9.81165
  0.0160127 4.05261e-05     9.81166
 0.0157922 3.7848e-05    9.81166
   0.0173909 -2.02532e-06        9.811
   0.0170678 -2.79897e-06      9.81103
   0.0167509 -3.68408e-06      9.81105
  0.0164402 -4.6493e-06     9.81108
   0.0161353 -5.75412e-06       9.8111
  0.0158359 -6.9393e-06     9.81112
   0.0155419 -8.21513e-06      9.81114
  0.0152531 -9.5321e-06     9.81116
   0.0149691 -1.09571e-05      9.81118
   0.0146898 -1.24557e-05       9.8112
    0.014415 -1.40284e-05      9.81121
   0.0141444 -1.56891e-05      9.81123
    0.013878 -1.74213e-05      9.81125
   0.0136155 -1.91471e-05      9.81126
   0.0133567 -2.10142e-05      9.81128
   0.0131014 -2.29027e-05      9.81129
  0.0128497 -2.4871e-05      9.8113
   0.0126013 -2.68887e-05      9.81132
    0.012356 -2.89389e-05      9.81133
   0.0121138 -3.10824e-05      9.81134
   0.0137136 -7.48704e-05      9.81066
   0.0133683 -7.49956e-05       9.8107
   0.0130303 -7.51853e-05      9.81073
   0.0126993 -7.55376e-05      9.81076
   0.0123752 -7.59761e-05      9.81079
  0.0120575 -7.6505e-05     9.81082
    0.011746 -7.71407e-05      9.81084
  0.0114405 -7.7896e-05     9.81087
   0.0111408 -7.87515e-05       9.8109
   0.0108465 -7.96885e-05      9.81092
   0.0105574 -8.07069e-05      9.81094
   0.0102734 -8.18177e-05      9.81097
  0.00999426 -8.30216e-05      9.81099
  0.00971978 -8.42533e-05      9.81101
  0.00944969 -8.56016e-05      9.81103
  0.00918391 -8.70484e-05      9.81105
  0.00892228 -8.85222e-05      9.81107
  0.00866457 -9.00543e-05      9.81108
    0.010253 -0.000138001       9.8104
  0.00989195 -0.000137438      9.81044
  0.00953909 -0.000136946      9.81048
  0.00919399 -0.000136628      9.81052
  0.00885636 -0.000136414      9.81056
  0.00852601 -0.000136328      9.81059
  0.00820261 -0.000136399      9.81063
  0.00788583 -0.000136561      9.81066
  0.00757548 -0.000136853      9.81069
   0.0072713 -0.000137225      9.81072
  0.00697304 -0.000137662      9.81075
  0.00668039 -0.000138242      9.81078
  0.00639327 -0.000138874      9.81081
  0.00611141 -0.000139662      9.81084
 0.00771676 -0.00019361     9.81012
  0.00732987 -0.000192021      9.81018
  0.00695238 -0.000190603      9.81023
  0.00658384 -0.000189356      9.81028
  0.00622389 -0.000188206      9.81033
   0.0058724 -0.000187222      9.81037
  0.00552887 -0.000186431      9.81042
 0.00519304 -0.00018575     9.81046
  0.00486458 -0.000185237      9.81051
  0.00454331 -0.000184813      9.81055
  0.00422884 -0.000184506      9.81059
  0.00392107 -0.000184341      9.81062
  0.00361966 -0.000184302      9.81066
 0.00523358 -0.00024921     9.80993
   0.0048251 -0.000246219         9.81
  0.00442695 -0.000243437      9.81006
0.00403885 -0.0002409    9.81013
   0.0036604 -0.000238549      9.81019
  0.00329123 -0.000236413      9.81025
  0.00293103 -0.000234456       9.8103
  0.00257937 -0.000232691      9.81036
  0.00223617 -0.000231087      9.81041
  0.00190099 -0.000229704      9.81046
  0.00157356 -0.000228452      9.81051
  0.00558441 -0.000625927      9.80882
0.00501706 -0.0006046    9.80895
  0.00446555 -0.000584453      9.80907
  0.00392933 -0.000565445      9.80919
  0.00340795 -0.000547442      9.80931
  0.00290084 -0.000530403      9.80942
  0.00240777 -0.000514306      9.80953
  0.00192818 -0.000499116      9.80964
  0.00146161 -0.000484757      9.80975
  0.00100784 -0.000471208      9.80985
 0.000566237 -0.000458444      9.80995
 0.000136614 -0.000446441      9.81004
-0.000281577 -0.000435119      9.81014
 -0.00068846 -0.000424489      9.81023
  -0.0010845 -0.000414454      9.81032
 -0.00147006 -0.000405104      9.81041
 -0.00184549 -0.000396305      9.81049
 -0.00221096 -0.000388093      9.81057
 -0.00256682 -0.000380318      9.81066
 -0.00291338 -0.000373148      9.81073
 -0.00325085 -0.000366433      9.81081
 -0.00357974 -0.000360178      9.81088
 -0.00389992 -0.000354317      9.81096
-0.00421201 -0.00034893     9.81103
 -0.00451606 -0.000343914       9.8111
  -0.0048124 -0.000339284      9.81116
 -0.00510106 -0.000334993      9.81123
 -0.00538247 -0.000331121      9.81129
 -0.00565691 -0.000327499      9.81135
 -0.00592431 -0.000324227      9.81141
 -0.00618504 -0.000321231      9.81147
 -0.00643925 -0.000318526      9.81152
 -0.00668718 -0.000316108      9.81158
 -0.00692895 -0.000313918      9.81163
 -0.00716474 -0.000311986      9.81168
 -0.00739478 -0.000310285      9.81173
 -0.00761908 -0.000308808      9.81178
 -0.00783804 -0.000307556      9.81183
 -0.00805158 -0.000306464      9.81187
    -0.00826 -0.000305592      9.81192
 -0.00846342 -0.000304912      9.81196
 -0.00866189 -0.000304363        9.812
 -0.00885562 -0.000304005      9.81204
 -0.00904463 -0.000303815      9.81208
 -0.00922923 -0.000303724      9.81211
 -0.00940946 -0.000303817      9.81215
 -0.00958537 -0.000304027      9.81218
-0.00975718 -0.00030434     9.81221
 -0.00992491 -0.000304772      9.81225
  -0.0100888 -0.000305361      9.81228
  -0.0102487 -0.000306017       9.8123
  -0.0104049 -0.000306802      9.81233
 -0.0105574 -0.00030762     9.81236
  -0.0107065 -0.000308587      9.81238
  -0.0108521 -0.000309594      9.81241
 -0.0109942 -0.00031073     9.81243
  -0.0111332 -0.000311931      9.81245
  -0.0112689 -0.000313122      9.81247
  -0.0114014 -0.000314497      9.81249
   -0.011531 -0.000315808      9.81251
  -0.0116575 -0.000317293      9.81252
  -0.0117811 -0.000318741      9.81254
  -0.0119019 -0.000320289      9.81255
    -0.01202 -0.000321901      9.81257
  -0.0121352 -0.000323521      9.81258
   -0.012248 -0.000325164      9.81259
  -0.0123581 -0.000326854       9.8126
-0.0124656 -0.0003286    9.81261
  -0.0125708 -0.000330379      9.81262
  -0.0126735 -0.000332179      9.81263
  -0.0127738 -0.000333999      9.81263
  -0.0128718 -0.000335806      9.81264
  -0.0129676 -0.000337657      9.81264
 -0.0130612 -0.00033957     9.81264
  -0.0131525 -0.000341452      9.81265
  -0.0132419 -0.000343382      9.81265
  -0.0133291 -0.000345295      9.81265
  -0.0134144 -0.000347234      9.81265
  -0.0134976 -0.000349159      9.81265
  -0.0135789 -0.000351107      9.81265
  -0.0136584 -0.000353109      9.81264
  -0.0137358 -0.000355048      9.81264
  -0.0132215 -0.000207854      9.81172
  -0.0132932 -0.000219353      9.81173
  -0.0133644 -0.000230396      9.81173
  -0.0134354 -0.000240972      9.81173
   -0.013506 -0.000251101      9.81173
   -0.013576 -0.000260882      9.81173
  -0.0136456 -0.000270226      9.81173
  -0.0137146 -0.000279234      9.81173
  -0.0137831 -0.000287863      9.81172
  -0.0138509 -0.000296187      9.81172
  -0.0139182 -0.000304141      9.81171
  -0.0139849 -0.000311807       9.8117
 -0.0140508 -0.00031922     9.81169
   -0.014116 -0.000326342      9.81168
  -0.0141806 -0.000333248      9.81167
  -0.0142444 -0.000339836      9.81166
  -0.0143074 -0.000346227      9.81165
  -0.0143696 -0.000352408      9.81163
  -0.0144312 -0.000358301      9.81162
 -0.0144918 -0.00036403      9.8116
  -0.0145517 -0.000369566      9.81159
  -0.0146108 -0.000374919      9.81157
   -0.014669 -0.000380081      9.81156
-0.0147264 -0.0003851    9.81154
  -0.0147831 -0.000389951      9.81152
  -0.0148388 -0.000394653       9.8115
 -0.0148937 -0.00039919     9.81149
  -0.0149477 -0.000403612      9.81147
  -0.0150009 -0.000407864      9.81145
  -0.0150532 -0.000411976      9.81143
   -0.013292 -0.000478822      9.81038
  -0.0134054 -0.000481066      9.81038
  -0.0135162 -0.000483234      9.81037
  -0.0136243 -0.000485479      9.81037
  -0.0137299 -0.000487673      9.81036
  -0.0138328 -0.000489898      9.81036
  -0.0139335 -0.000492046      9.81035
  -0.0140316 -0.000494234      9.81034
  -0.0141275 -0.000496403      9.81033
  -0.0142212 -0.000498497      9.81032
  -0.0143126 -0.000500655      9.81031
  -0.0144017 -0.000502764       9.8103
  -0.0144889 -0.000504897      9.81029
   -0.014574 -0.000506991      9.81028
   -0.014657 -0.000509074      9.81026
  -0.0147381 -0.000511165      9.81025
  -0.0148174 -0.000513179      9.81024
  -0.0148947 -0.000515224      9.81022
-0.0130366 -0.0005606    9.80932
 -0.0131879 -0.00056138     9.80932
  -0.0133346 -0.000562199      9.80932
  -0.0134769 -0.000563004      9.80932
  -0.0136148 -0.000563929      9.80932
  -0.0137486 -0.000564839      9.80932
  -0.0138784 -0.000565829      9.80932
  -0.0140044 -0.000566807      9.80932
  -0.0141266 -0.000567826      9.80931
 -0.0142451 -0.00056891     9.80931
  -0.0143603 -0.000569987      9.80931
  -0.0144719 -0.000571048       9.8093
  -0.0145804 -0.000572126       9.8093
  -0.0146856 -0.000573263      9.80929
-0.0147879 -0.0005744    9.80928
  -0.0148871 -0.000575534      9.80928
  -0.0149834 -0.000576718      9.80927
   -0.015077 -0.000577875      9.80926
  -0.0151679 -0.000579062      9.80926
  -0.0152562 -0.000580233      9.80925
  -0.0153419 -0.000581421      9.80924
  -0.0154252 -0.000582584      9.80923
   -0.015506 -0.000583754      9.80922
  -0.0155847 -0.000584935      9.80921
  -0.0156609 -0.000586127      9.80921
  -0.0157351 -0.000587286       9.8092
   -0.015807 -0.000588432      9.80919
   -0.015877 -0.000589579      9.80918
  -0.0159448 -0.000590736      9.80917
  -0.0160108 -0.000591878      9.80916
  -0.0141612 -0.000624186      9.80835
  -0.0143082 -0.000624306      9.80836
    -0.01445 -0.000623761      9.80836
  -0.0145868 -0.000624207      9.80837
  -0.0147188 -0.000624713      9.80838
  -0.0148462 -0.000625172      9.80838
  -0.0149692 -0.000625633      9.80839
 -0.0150878 -0.00062615     9.80839
  -0.0152024 -0.000626607       9.8084
  -0.0153129 -0.000626006       9.8084
  -0.0154197 -0.000626271       9.8084
  -0.0155228 -0.000626519      9.80841
 -0.0156222 -0.00062681     9.80841
  -0.0157183 -0.000627064      9.80841
  -0.0158111 -0.000627329      9.80841
  -0.0159005 -0.000627591      9.80842
  -0.0159869 -0.000627853      9.80842
  -0.0160703 -0.000628091      9.80842
  -0.0161508 -0.000628336      9.80842
  -0.0162285 -0.000628609      9.80842
  -0.0163035 -0.000628798      9.80842
  -0.0163759 -0.000629034      9.80842
  -0.0164457 -0.000629262      9.80842
  -0.0165131 -0.000629482      9.80842
  -0.0165781 -0.000629638      9.80842
  -0.0166407 -0.000629834      9.80842
  -0.0167013 -0.000630048      9.80842
  -0.0167596 -0.000630182      9.80842
  -0.0168158 -0.000630279      9.80842
  -0.0168698 -0.000630438      9.80842
   -0.016922 -0.000630522      9.80842
  -0.0169722 -0.000630589      9.80842
  -0.0170205 -0.000630702      9.80842
  -0.0170671 -0.000630708      9.80842
  -0.0171119 -0.000630733      9.80842
  -0.0171549 -0.000630739      9.80841
  -0.0171962 -0.000630763      9.80841
  -0.0172359 -0.000630717      9.80841
  -0.0172741 -0.000630687      9.80841
  -0.0173107 -0.000630583      9.80841
  -0.0173457 -0.000630508      9.80841
  -0.0173793 -0.000630392      9.80841
  -0.0174115 -0.000630267      9.80841
  -0.0174423 -0.000630125       9.8084
  -0.0174717 -0.000629904       9.8084
  -0.0174998 -0.000629699       9.8084
  -0.0175265 -0.000629478       9.8084
  -0.0175519 -0.000629265       9.8084
 -0.0175762 -0.00062895      9.8084
  -0.0175992 -0.000628641       9.8084
   -0.017621 -0.000628309      9.80839
  -0.0176416 -0.000627979      9.80839
   -0.017661 -0.000627571      9.80839
  -0.0176794 -0.000627192      9.80839
  -0.0176966 -0.000626739      9.80839
  -0.0177127 -0.000626263      9.80839
  -0.0177278 -0.000625814      9.80838
 -0.0177418 -0.00062532     9.80838
  -0.0177549 -0.000624785      9.80838
  -0.0177669 -0.000624233      9.80838
  -0.0177779 -0.000623612      9.80838
  -0.0177879 -0.000623033      9.80837
   -0.017797 -0.000622373      9.80837
  -0.0178052 -0.000621705      9.80837
  -0.0178123 -0.000621033      9.80837
-0.0178187 -0.0006203    9.80837
  -0.0178241 -0.000619551      9.80836
  -0.0178285 -0.000618775      9.80836
  -0.0178322 -0.000617959      9.80836
   -0.017835 -0.000617127      9.80836
  -0.0178369 -0.000616273      9.80836
   -0.017838 -0.000615395      9.80835
  -0.0178383 -0.000614495      9.80835
  -0.0178378 -0.000613551      9.80835
  -0.0178364 -0.000612591      9.80835
  -0.0178343 -0.000611614      9.80835
  -0.0178314 -0.000610576      9.80834
  -0.0178276 -0.000609538      9.80834
  -0.0178232 -0.000608434      9.80834
   -0.017818 -0.000607357      9.80834
  -0.0178121 -0.000606226      9.80833
  -0.0178054 -0.000605062      9.80833
   -0.017798 -0.000603872      9.80833
  -0.0177898 -0.000602647      9.80833
 -0.0177809 -0.00060141     9.80833
  -0.0177714 -0.000600135      9.80832
  -0.0177611 -0.000598859      9.80832
  -0.0177502 -0.000597512      9.80832
  -0.0177385 -0.000596172      9.80832
  -0.0177262 -0.000594812      9.80831
  -0.0177132 -0.000593372      9.80831
  -0.0176996 -0.000591941      9.80831
  -0.0176853 -0.000590502      9.80831
  -0.0176703 -0.000589008       9.8083
  -0.0176547 -0.000587454       9.8083
  -0.0176384 -0.000585934       9.8083
  -0.0176216 -0.000584347       9.8083
  -0.0176041 -0.000582728       9.8083
  -0.0175858 -0.000581133      9.80829
  -0.0175672 -0.000579458      9.80829
-0.0175477 -0.0005778    9.80829
  -0.0175278 -0.000576101      9.80829
  -0.0175072 -0.000574382      9.80828
   -0.017486 -0.000572592      9.80828
  -0.0174642 -0.000570811      9.80828
  -0.0174419 -0.000568975      9.80828
 -0.0174189 -0.00056717     9.80827
  -0.0173954 -0.000565289      9.80827
  -0.0173713 -0.000563397      9.80827
  -0.0173467 -0.000561461      9.80827
  -0.0173214 -0.000559545      9.80826
  -0.0172957 -0.000557555      9.80826
  -0.0172693 -0.000555595      9.80826
 -0.0172424 -0.00055352     9.80826
   -0.017215 -0.000551477      9.80825
  -0.0171869 -0.000549412      9.80825
  -0.0171584 -0.000547309      9.80825
  -0.0171294 -0.000545199      9.80825
  -0.0170998 -0.000543035      9.80825
  -0.0170697 -0.000540862      9.80824
  -0.0170391 -0.000538645      9.80824
  -0.0170078 -0.000536419      9.80824
  -0.0169762 -0.000534164      9.80824
   -0.016944 -0.000531832      9.80823
  -0.0169113 -0.000529568      9.80823
  -0.016878 -0.00052725     9.80823
  -0.0168444 -0.000524878      9.80823
  -0.0168102 -0.000522512      9.80823
  -0.0167755 -0.000520074      9.80822
  -0.0167404 -0.000517668      9.80822
  -0.0167046 -0.000515248      9.80822
  -0.0166685 -0.000512762      9.80822
  -0.0166319 -0.000510257      9.80822
  -0.0165948 -0.000507741      9.80821
  -0.0165571 -0.000505174      9.80821
  -0.0165192 -0.000502586      9.80821
  -0.0164806 -0.000500027      9.80821
  -0.0164417 -0.000497363      9.80821
  -0.0164023 -0.000494735       9.8082
  -0.0163624 -0.000492084       9.8082
   -0.016322 -0.000489386       9.8082
  -0.0162813 -0.000486676       9.8082
  -0.0162401 -0.000483958       9.8082
  -0.0161984 -0.000481184       9.8082
  -0.0161564 -0.000478378      9.80819
  -0.0161138 -0.000475628      9.80819
  -0.0160709 -0.000472801      9.80819
  -0.0160275 -0.000469925      9.80819
  -0.0159837 -0.000467076      9.80819
  -0.0159395 -0.000464192      9.80819
  -0.0158949 -0.000461279      9.80819
  -0.0158498 -0.000458358      9.80818
  -0.0158043 -0.000455408      9.80818
  -0.0157584 -0.000452379      9.80818
  -0.0157122 -0.000449381      9.80818
  -0.0156655 -0.000446368      9.80818
  -0.0156184 -0.000443355      9.80818
   -0.015571 -0.000440285      9.80818
  -0.0155231 -0.000437199      9.80818
  -0.0154749 -0.000434096      9.80818
  -0.0154262 -0.000430985      9.80818
 -0.0153773 -0.00042784     9.80818
  -0.0153279 -0.000424665      9.80817
  -0.0152782 -0.000421555      9.80817
  -0.0152281 -0.000418329      9.80817
  -0.0151776 -0.000415099      9.80817
  -0.0151268 -0.000411889      9.80817
  -0.0150755 -0.000408624      9.80817
   -0.015024 -0.000405338      9.80817
  -0.0149721 -0.000402034      9.80817
  -0.0149198 -0.000398737      9.80817
  -0.0148671 -0.000395396      9.80817
 -0.0148142 -0.00039205     9.80817
   -0.014761 -0.000388657      9.80817
  -0.0147073 -0.000385283      9.80817
  -0.0146533 -0.000381862      9.80817
   -0.014599 -0.000378449      9.80817
  -0.0145444 -0.000375012      9.80817
  -0.0163935 -0.000315174      9.80896
  -0.0162397 -0.000314095      9.80894
  -0.0160894 -0.000312939      9.80892
  -0.0159425 -0.000311671       9.8089
   -0.015799 -0.000310285      9.80888
  -0.0156586 -0.000308815      9.80886
  -0.0155213 -0.000307206      9.80884
 -0.0153868 -0.00030555     9.80882
   -0.015255 -0.000303768       9.8088
   -0.015126 -0.000301958      9.80878
  -0.0149994 -0.000300013      9.80876
 -0.0148752 -0.00029801     9.80875
-0.0147533 -0.0002959    9.80873
  -0.0146337 -0.000293771      9.80872
   -0.014516 -0.000291566       9.8087
  -0.0144004 -0.000289249      9.80869
  -0.0142868 -0.000286889      9.80867
  -0.0141749 -0.000284504      9.80866
  -0.0140648 -0.000282005      9.80865
  -0.0139564 -0.000279452      9.80863
  -0.0138496 -0.000276868      9.80862
  -0.0137443 -0.000274225      9.80861
  -0.0136405 -0.000271499       9.8086
  -0.0135379 -0.000268766      9.80859
  -0.0134368 -0.000265941      9.80858
   -0.013337 -0.000263111      9.80857
  -0.0132383 -0.000260238      9.80855
  -0.0131408 -0.000257271      9.80855
  -0.0130444 -0.000254302      9.80854
   -0.012949 -0.000251281      9.80853
  -0.0128547 -0.000248223      9.80852
  -0.0127613 -0.000245097      9.80851
  -0.0126689 -0.000241995       9.8085
  -0.0125773 -0.000238817      9.80849
  -0.0124865 -0.000235581      9.80848
  -0.0123965 -0.000232357      9.80848
  -0.0123073 -0.000229072      9.80847
  -0.0122189 -0.000225747      9.80846
   -0.012131 -0.000222468      9.80845
  -0.0139655 -0.000127286      9.80932
  -0.0137769 -0.000127952      9.80928
  -0.0135929 -0.000128428      9.80925
  -0.0134131 -0.000128715      9.80922
  -0.0132376 -0.000128757      9.80919
   -0.013066 -0.000128672      9.80916
  -0.0128982 -0.000128366      9.80913
  -0.0127342 -0.000127877       9.8091
  -0.0125736 -0.000127298      9.80907
  -0.0124165 -0.000126515      9.80904
  -0.0122625 -0.000125582      9.80902
  -0.0121118 -0.000124527      9.80899
  -0.0119639 -0.000123313      9.80897
   -0.011819 -0.000121976      9.80895
  -0.0116769 -0.000120539      9.80892
  -0.0115375 -0.000118943       9.8089
  -0.0114006 -0.000117269      9.80888
  -0.0112662 -0.000115484      9.80886
  -0.0111341 -0.000113566      9.80884
  -0.0110043 -0.000111574      9.80882
  -0.0108768 -0.000109492       9.8088
  -0.0107512 -0.000107312      9.80878
  -0.0106278 -0.000105071      9.80876
 -0.0105063 -0.00010272     9.80875
  -0.0103867 -0.000100299      9.80873
 -0.0120918 4.26813e-05      9.8097
 -0.0118767 3.89039e-05     9.80965
 -0.0116667 3.54754e-05      9.8096
 -0.0114616 3.24171e-05     9.80955
 -0.0112611 2.96542e-05     9.80951
 -0.0110653 2.72206e-05     9.80946
  -0.010874 2.51573e-05     9.80942
 -0.0106867 2.33234e-05     9.80938
 -0.0105036 2.18209e-05     9.80934
 -0.0103245 2.05708e-05      9.8093
 -0.0101492 1.95402e-05     9.80926
-0.00997761 1.88128e-05     9.80923
-0.00980966 1.82762e-05     9.80919
-0.00964507 1.80115e-05     9.80916
-0.00948386 1.78948e-05     9.80913
-0.00932585 1.80048e-05     9.80909
-0.00917097 1.82849e-05     9.80906
-0.00901904 1.87763e-05     9.80903
-0.00887021 1.94793e-05       9.809
-0.00872406 2.02961e-05     9.80897
-0.00858068 2.12827e-05     9.80895
-0.00843984 2.24258e-05     9.80892
-0.00830157 2.37192e-05     9.80889
-0.00816582 2.51573e-05     9.80887
-0.00803241 2.67152e-05     9.80884
-0.00790125 2.83982e-05     9.80882
-0.00777245 3.02348e-05      9.8088
-0.00764574   3.213e-05     9.80877
 -0.0075211 3.41726e-05     9.80875
-0.00739845 3.63113e-05     9.80873
-0.00727779  3.8536e-05     9.80871
-0.00715903 4.08449e-05     9.80869
-0.00704212 4.32606e-05     9.80867
-0.00692703  4.5769e-05     9.80865
-0.00681352 4.83835e-05     9.80863
-0.00670176 5.10454e-05     9.80861
-0.00659157 5.37834e-05     9.80859
-0.00736123 3.95447e-05     9.80949
-0.00719768 4.40928e-05     9.80944
-0.00703681 4.85852e-05     9.80938
-0.00687831 5.18595e-05     9.80933
-0.00672215 5.67968e-05     9.80929
-0.00656854  6.1635e-05     9.80924
 -0.0064173 6.64327e-05     9.80919
-0.00626845 7.11755e-05     9.80915
-0.00612188 7.41957e-05     9.80911
-0.00597773 7.83021e-05     9.80907
 -0.0058358 8.23884e-05     9.80903
-0.00569603 8.64359e-05     9.80899
-0.00555862 9.04726e-05     9.80895
-0.00542344 9.44644e-05     9.80892
-0.00529029 9.84841e-05     9.80888
-0.00515925 0.000102444     9.80885
-0.00503035 0.000106423     9.80882
-0.00490354 0.000110371     9.80879
-0.00477866 0.000114257     9.80876
-0.00465575 0.000118224     9.80873
-0.00453493 0.000122135      9.8087
-0.00441585 0.000126073     9.80867
-0.00429877 0.000129998     9.80864
-0.00418358   0.0001339     9.80862
   -0.00407 0.000137811     9.80859
-0.00395838 0.000141721     9.80857
-0.00384842 0.000145636     9.80854
-0.00374023 0.000149537     9.80852
-0.00363364 0.000153418      9.8085
-0.00352877 0.000157312     9.80848
-0.00342546 0.000161236     9.80846
 -0.0033237 0.000165122     9.80844
-0.00322356 0.000169015     9.80842
-0.00312484 0.000172923      9.8084
-0.00302774 0.000176833     9.80838
 -0.0029321 0.000180742     9.80836
 -0.0028378 0.000184602     9.80834
-0.00274492 0.000188473     9.80832
-0.00265338 0.000192391     9.80831
-0.00256327 0.000196254     9.80829
-0.00247446  0.00020016     9.80828
-0.00238693 0.000204032     9.80826
-0.00230068 0.000207919     9.80825
-0.00221563  0.00021066     9.80823
-0.00213182 0.000215007     9.80822
-0.00204921 0.000219299     9.80821
-0.00196774 0.000223548     9.80819
 -0.0018874 0.000227806     9.80818
-0.00180824 0.000232053     9.80817
-0.00173019 0.000234837     9.80816
-0.00165314 0.000238675     9.80815
-0.00157715 0.000242469     9.80814
-0.00150229 0.000246284     9.80813
-0.00142835 0.000250091     9.80812
-0.00135549 0.000253873     9.80811
-0.00128348 0.000257622      9.8081
-0.00121253 0.000261394     9.80809
-0.00114251  0.00026511     9.80808
-0.00107337 0.000268833     9.80808
-0.00100514 0.000272572     9.80807
-0.000937857  0.000276243      9.80806
-0.000871353  0.000279939      9.80806
-0.000805773  0.000283605      9.80805
-0.000741065   0.00028724      9.80804
-0.000676993  0.000290873      9.80804
-0.000613934  0.000294495      9.80803
-0.000551487  0.000298069      9.80803
-0.00048997 0.000301681     9.80802
-0.000429174  0.000305251      9.80802
-0.000369059  0.000308761      9.80802
-0.000309716  0.000312282      9.80801
-0.000251169  0.000315793      9.80801
-0.000193292  0.000319237      9.80801
-0.000136074  0.000322683      9.80801
-7.95899e-05  0.000326127        9.808
-2.37861e-05  0.000329525        9.808
3.14417e-05 0.000332925       9.808
8.59422e-05 0.000336289       9.808
0.000139785 0.000339635       9.808
0.000192963 0.000342943       9.808
0.000245579  0.00034621       9.808
0.000297579  0.00034946       9.808
0.000348986 0.000352724       9.808
0.000399787 0.000355942       9.808
0.000450017 0.000359106       9.808
0.000499642 0.000362314       9.808
0.000548669 0.000365407       9.808
0.000597213 0.000368508       9.808
0.00064521 0.00037161      9.808
 0.00069253 0.000374645     9.80801
0.000739464 0.000377664     9.80801
0.000785789  0.00038064     9.80801
0.000831599 0.000383622     9.80802
0.000876883 0.000386516     9.80802
0.000921692 0.000389444     9.80802
0.000966024 0.000392293     9.80802
 0.00100983 0.000395182     9.80803
 0.00105317 0.000397984     9.80803
 0.00109601 0.000400775     9.80804
 0.00113842 0.000403483     9.80804
 0.00118024 0.000406196     9.80805
 0.00122171 0.000408938     9.80805
 0.00126273 0.000411572     9.80806
0.00130319 0.00041421    9.80806
 0.00134324 0.000416792     9.80807
 0.00138283 0.000419365     9.80807
 0.00142209 0.000421862     9.80808
 0.00146091 0.000424411     9.80809
 0.00149925 0.000426881     9.80809
 0.00153715 0.000429295      9.8081
 0.00157467 0.000431706      9.8081
0.00161172 0.00043409    9.80811
 0.0016484 0.00043642    9.80812
 0.00168468 0.000438725     9.80813
  0.0017205 0.000440966     9.80813
 0.00175601 0.000443193     9.80814
  0.0017911 0.000445402     9.80815
 0.00182584 0.000447565     9.80816
 0.00186023 0.000449713     9.80816
 0.00189408 0.000451793     9.80817
 0.00192757 0.000453906     9.80818
0.00196079 0.00045593    9.80819
 0.00199365 0.000457921      9.8082
 0.00202611 0.000459849     9.80821
 0.00205816 0.000461808     9.80821
 0.00208986 0.000463693     9.80822
 0.00212127 0.000465574     9.80823
  0.0021523 0.000467428     9.80824
 0.00218295 0.000469206     9.80825
  0.0022133 0.000470997     9.80826
0.00224326 0.00047268    9.80827
0.00227282 0.00047436    9.80828
 0.00230219 0.000476031     9.80829
  0.0023311 0.000477639      9.8083
 0.00235982 0.000479219     9.80831
 0.00238803 0.000480785     9.80832
 0.00241607 0.000482289     9.80833
 0.00244366 0.000483747     9.80834
 0.00247103 0.000485242     9.80835
 0.00249806 0.000486628     9.80836
 0.00252469 0.000488025     9.80837
0.00255102 0.00048935    9.80838
 0.00257705 0.000490649     9.80839
 0.00260296 0.000491955      9.8084
0.00262837 0.00049319    9.80841
 0.00265353 0.000494396     9.80842
 0.00267834 0.000495555     9.80843
 0.00270284 0.000496688     9.80844
 0.00272705 0.000497798     9.80845
 0.00275108 0.000498831     9.80846
 0.00277472 0.000499868     9.80848
 0.00279804 0.000500862     9.80849
 0.00282115 0.000501815      9.8085
 0.00284389 0.000502768     9.80851
 0.00286632 0.000503622     9.80852
 0.00288855 0.000504491     9.80853
 0.00291043 0.000505344     9.80854
 0.00293206 0.000506111     9.80855
 0.00295343 0.000506903     9.80857
 0.00297449 0.000507575     9.80858
 0.00299535 0.000508287     9.80859
 0.00301592 0.000508912      9.8086
  0.0030362 0.000509558     9.80861
  0.0030561 0.000510125     9.80862
 0.00307587 0.000510686     9.80863
  0.0030954 0.000511204     9.80864
 0.00311455 0.000511687     9.80866
  0.0031335 0.000512146     9.80867
 0.00315213 0.000512543     9.80868
 0.00317062 0.000512936     9.80869
 0.00318865 0.000513282      9.8087
 0.00320666 0.000513604     9.80871
 0.00322424 0.000513877     9.80873
  0.0032417 0.000514147     9.80874
 0.00325886 0.000514327     9.80875
 0.00327572 0.000514539     9.80876
 0.00329237 0.000514659     9.80877
  0.0033087 0.000514775     9.80878
 0.00332495 0.000514867      9.8088
0.00334082  0.0005149    9.80881
 0.00335644 0.000514942     9.80882
 0.00337197 0.000514925     9.80883
 0.0033871 0.00051487    9.80884
0.00340206 0.00051479    9.80885
0.00341686 0.00051471    9.80886
 0.00343128 0.000514597     9.80888
 0.00344556 0.000514368     9.80889
 0.00110272 0.000709033     9.80985
 0.00121142 0.000700469     9.80985
0.00131676 0.00069232    9.80984
 0.00141848 0.000684553     9.80984
 0.00151694 0.000677226     9.80984
 0.00161224 0.000670266     9.80983
 0.00170451 0.000663603     9.80983
-0.000192876  0.000664982      9.81062
-2.08024e-05  0.000659924       9.8106
0.000145243 0.000655182     9.81059
0.000305353 0.000650626     9.81057
0.000459962  0.00064625     9.81056
0.000609139 0.000642184     9.81054
0.000753232 0.000638218     9.81053
0.000892311 0.000634504     9.81051
 0.00102668 0.000630944      9.8105
 0.00115647 0.000627565     9.81049
 0.00128187 0.000624313     9.81048
   0.001403 0.000621221     9.81047
 0.00152007 0.000618249     9.81046
0.00163322 0.00061542    9.81045
 0.00174273 0.000612743     9.81044
 0.00184856 0.000610152     9.81043
 0.00195084 0.000607673     9.81042
 0.00204982 0.000605269     9.81041
 0.00214557 0.000603055     9.81041
 0.00223833 0.000600846      9.8104
 0.00232802 0.000598731     9.81039
 0.00241482 0.000596716     9.81038
 0.00249886 0.000594758     9.81038
 0.00258036 0.000592886     9.81037
 0.00265916 0.000591062     9.81036
 0.00273555 0.000589322     9.81036
 0.00280956 0.000587585     9.81035
0.00288129 0.00058591    9.81035
 0.0029508 0.00058438    9.81034
0.00301818  0.0005828    9.81034
 0.00308352 0.000581313     9.81033
 0.00314682 0.000579863     9.81033
 0.00320829 0.000578409     9.81032
 0.00326796 0.000577027     9.81032
 0.00332579 0.000575649     9.81031
 0.00338184 0.000574319     9.81031
 0.00343632 0.000572994      9.8103
  0.0034892 0.000571698      9.8103
 0.0035406 0.00057044     9.8103
 0.00359041 0.000569222     9.81029
 0.00363882 0.000567957     9.81029
 0.00368581 0.000566732     9.81029
 0.00373146 0.000565548     9.81028
 0.00377584 0.000564342     9.81028
 0.00381905 0.000563186     9.81028
 0.00386093 0.000562009     9.81027
 0.00390165 0.000560863     9.81027
 0.00394122 0.000559678     9.81027
 0.00397973 0.000558529     9.81027
 0.00401719 0.000557347     9.81026
  0.0040536 0.000556262     9.81026
 0.00408899 0.000555109     9.81026
 0.00412343 0.000553943     9.81025
 0.00415687 0.000552811     9.81025
0.00418946 0.00055167    9.81025
 0.00422118 0.000550513     9.81025
 0.00425205 0.000549322     9.81025
0.00428199 0.00054818    9.81024
 0.00431123 0.000547027     9.81024
 0.00433975 0.000545857     9.81024
0.00436737 0.00054472    9.81024
 0.00439429 0.000543523     9.81024
 0.00442049 0.000542341     9.81024
 0.00444597 0.000541161     9.81023
 0.00447083 0.000539939     9.81023
 0.00449503 0.000538738     9.81023
 0.00451851 0.000537514     9.81023
 0.00454138 0.000536259     9.81023
 0.00456368 0.000535021     9.81023
 0.00458534 0.000533782     9.81023
 0.00460649 0.000532499     9.81022
 0.00462706 0.000531204     9.81022
 0.00273194 0.000556217     9.81099
 0.00283809 0.000554493     9.81097
 0.00294033 0.000552758     9.81096
  0.0030388 0.000551075     9.81094
0.00313366 0.00054931    9.81092
 0.00322509 0.000547565     9.81091
 0.00331305 0.000545808     9.81089
 0.00339793 0.000544024     9.81088
  0.0034797 0.000542235     9.81086
 0.00355851 0.000540424     9.81085
  0.0036344 0.000538603     9.81084
 0.00370763 0.000536789     9.81083
 0.00377821 0.000534953     9.81081
 0.00384625 0.000533102      9.8108
 0.00391189 0.000531294     9.81079
 0.00397515 0.000529412     9.81078
 0.00403615 0.000527548     9.81077
   0.004095 0.000525638     9.81076
 0.00415172 0.000523721     9.81075
 0.00420641 0.000521838     9.81074
 0.00425926 0.000519924     9.81073
 0.00431015 0.000518011     9.81072
 0.00435929 0.000516017     9.81071
 0.00440668 0.000514091      9.8107
  0.0044523 0.000512145      9.8107
 0.00449638 0.000510149     9.81069
 0.00453902 0.000508202     9.81068
 0.00458007 0.000506186     9.81067
 0.00461965 0.000504164     9.81066
 0.00465784 0.000502128     9.81066
0.00469464 0.00050012    9.81065
 0.00473025 0.000498091     9.81064
0.00476457 0.00049602    9.81064
 0.00479767 0.000493958     9.81063
 0.00482953 0.000491865     9.81062
 0.00486035 0.000489768     9.81062
 0.00489006 0.000487715     9.81061
 0.00491866 0.000485572     9.81061
 0.00494628 0.000483462      9.8106
 0.00497291 0.000481296      9.8106
 0.00499858 0.000479147     9.81059
 0.00502333 0.000476972     9.81059
 0.00504717 0.000474834     9.81058
 0.00507014 0.000472664     9.81058
 0.00509231 0.000470462     9.81057
 0.00511358 0.000468236     9.81057
 0.00513415 0.000466013     9.81056
 0.00515399 0.000463799     9.81056
   0.005173 0.000461543     9.81056
 0.00519125 0.000459305     9.81055
 0.00520884 0.000457068     9.81055
 0.00522577 0.000454738     9.81054
 0.00524211 0.000452498     9.81054
 0.00525778 0.000450174     9.81054
 0.00527275 0.000447812     9.81053
 0.00528712 0.000445551     9.81053
 0.00530087 0.000443188     9.81053
 0.00531423 0.000440889     9.81052
 0.00532693 0.000438468     9.81052
 0.00533906 0.000436098     9.81052
 0.00535071 0.000433759     9.81051
0.00536171 0.00043135    9.81051
 0.00537233 0.000428923     9.81051
 0.00538251 0.000426548     9.81051
 0.00539213 0.000424075     9.81051
  0.0054013 0.000421648      9.8105
 0.00541005 0.000419192      9.8105
 0.00541822 0.000416749      9.8105
 0.00542608 0.000414251      9.8105
0.00543358 0.00041178    9.81049
 0.00544057 0.000409284     9.81049
 0.00544721 0.000406754     9.81049
0.00545343 0.00040422    9.81049
 0.00545918 0.000401718     9.81049
 0.00546461 0.000399156     9.81049
 0.00546977 0.000396666     9.81049
 0.00547448 0.000394085     9.81048
 0.00547887 0.000391499     9.81048
 0.00548288 0.000388915     9.81048
 0.00548648 0.000386306     9.81048
 0.00548981 0.000383699     9.81048
 0.00549284 0.000381071     9.81048
 0.00549556 0.000378482     9.81048
   0.005498 0.000375826     9.81048
 0.00549995 0.000373198     9.81048
0.00550168 0.00037052    9.81048
 0.00550316 0.000367856     9.81048
 0.00550434 0.000365183     9.81047
 0.00550522 0.000362484     9.81047
 0.00550585 0.000359803     9.81047
 0.00550614 0.000357121     9.81047
 0.00550617 0.000354384     9.81047
  0.0055059 0.000351662     9.81047
 0.00550541 0.000348935     9.81047
 0.00550462 0.000346192     9.81047
0.00550354 0.00034344    9.81047
  0.0055023 0.000340675     9.81047
 0.00550082 0.000337936     9.81047
 0.00549903 0.000335136     9.81047
 0.00549702 0.000332323     9.81047
 0.00549472 0.000329583     9.81047
0.00549221 0.00032676    9.81047
 0.00548949 0.000323946     9.81047
 0.00548651 0.000321113     9.81047
 0.00548331 0.000318258     9.81047
 0.00547986 0.000315473     9.81047
0.00547625 0.00031264    9.81047
0.00547241 0.00030981    9.81048
 0.00546832 0.000306899     9.81048
 0.00546402 0.000304053     9.81048
 0.00545945 0.000301201     9.81048
 0.00545472 0.000298286     9.81048
 0.00544981 0.000295393     9.81048
 0.00544466 0.000292489     9.81048
 0.00543939 0.000289635     9.81048
 0.00543382 0.000287495     9.81048
 0.00542808 0.000284402     9.81048
 0.00542215 0.000281297     9.81048
 0.00541606 0.000278184     9.81048
 0.00540974 0.000275069     9.81048
 0.00540319 0.000271992     9.81048
 0.00539648 0.000268848     9.81049
 0.00538962 0.000265725     9.81049
 0.00538262 0.000262601     9.81049
 0.00537537 0.000259466     9.81049
 0.00536785 0.000257303     9.81049
 0.00536028 0.000254327     9.81049
 0.00535249 0.000251325     9.81049
 0.00534455 0.000248315     9.81049
  0.0053364 0.000245338     9.81049
 0.00532804 0.000242383     9.81049
 0.00531957 0.000239372     9.81049
 0.00531102 0.000236382      9.8105
  0.0053022 0.000233367      9.8105
 0.00529323 0.000230335      9.8105
 0.00528403 0.000227342      9.8105
 0.00527475 0.000224301      9.8105
 0.00526529 0.000221266      9.8105
 0.00525569 0.000218243      9.8105
 0.00524591 0.000215183      9.8105
  0.0052359 0.000212164      9.8105
 0.00522585 0.000209169     9.81051
  0.0052156 0.000206101     9.81051
 0.00520523 0.000203053     9.81051
0.00519468 0.00019999    9.81051
  0.0051839 0.000196939     9.81051
 0.00517303 0.000193869     9.81051
 0.00516205 0.000190817     9.81051
 0.00515097 0.000187768     9.81051
 0.00513967 0.000184692     9.81052
 0.00512823 0.000181667     9.81052
 0.00511664 0.000178607     9.81052
 0.00510494 0.000175509     9.81052
 0.00509309 0.000172435     9.81052
 0.00508109 0.000169348     9.81052
 0.00506888 0.000166333     9.81052
 0.00505667 0.000163237     9.81052
 0.00504424 0.000160123     9.81052
 0.0050317 0.00015707    9.81053
 0.00501906 0.000154009     9.81053
  0.0050063 0.000150921     9.81053
 0.00499331 0.000147854     9.81053
 0.00498025 0.000144759     9.81053
 0.00496707 0.000141661     9.81053
0.00495375 0.00013859    9.81053
 0.00494031 0.000135496     9.81053
 0.00492675 0.000132463     9.81053
 0.00491308 0.000129364     9.81054
0.00489925 0.00012629    9.81054
 0.00488533 0.000123187     9.81054
 0.00487125 0.000120089     9.81054
 0.00485712 0.000117038     9.81054
 0.00484274 0.000113988     9.81054
 0.00482834 0.000110882     9.81054
 0.00481392 0.000107806     9.81054
 0.00479927 0.000104754     9.81054
 0.00478451 0.000101664     9.81054
0.00476959   9.86e-05    9.81054
0.00475462 9.4653e-05    9.81055
0.00473953 9.1709e-05    9.81055
 0.00472438 8.87604e-05     9.81055
0.00470911  8.582e-05    9.81055
 0.00469373 8.28872e-05     9.81055
 0.00467813 8.00045e-05     9.81055
  0.0046625 7.70019e-05     9.81055
 0.0046468 7.4088e-05    9.81055
 0.00463096 7.11415e-05     9.81055
  0.0046151 6.82734e-05     9.81055
 0.00459906 6.53131e-05     9.81055
 0.00458288 6.23884e-05     9.81055
 0.00456664 5.94541e-05     9.81056
 0.00455034 5.65198e-05     9.81056
 0.00453388 5.35799e-05     9.81056
 0.00451745 5.06784e-05     9.81056
 0.00450089 4.67175e-05     9.81056
 0.00448412 4.36561e-05     9.81056
 0.00446728 4.06696e-05     9.81056
 0.00445038 3.76527e-05     9.81056
 0.00443347 3.46543e-05     9.81056
  0.0044164 3.16647e-05     9.81056
 0.00439921 2.86382e-05     9.81056
 0.00438196 2.56178e-05     9.81056
 0.00436463 2.26436e-05     9.81056
 0.00434716 1.96673e-05     9.81056
0.00432969 1.6682e-05    9.81056
 0.00431213 1.37091e-05     9.81056
0.00429445 1.0699e-05    9.81056
0.00427671 7.7528e-06    9.81057
 0.00425891 4.80402e-06     9.81057
 0.00424099 1.81289e-06     9.81057
  0.00614148 -6.51008e-05      9.80979
 0.00603214 -6.5739e-05     9.80981
 0.00592626 -6.6443e-05     9.80983
  0.00582375 -6.71852e-05      9.80985
  0.00572424 -6.80937e-05      9.80987
0.00562781 -6.907e-05    9.80989
  0.00553418 -7.00887e-05       9.8099
  0.00544333 -7.11582e-05      9.80992
  0.00535515 -7.22755e-05      9.80994
  0.00526958 -7.34577e-05      9.80995
  0.00518644 -7.38574e-05      9.80997
  0.00510563 -7.54573e-05      9.80998
  0.00502703 -7.70909e-05         9.81
  0.00495059 -7.87684e-05      9.81001
   0.0048763 -8.05325e-05      9.81002
  0.00480399 -8.23143e-05      9.81004
  0.00473354 -8.40729e-05      9.81005
0.00466503 -8.489e-05    9.81006
  0.00459822 -8.65054e-05      9.81007
  0.00453312 -8.81517e-05      9.81009
  0.00446968 -8.98711e-05       9.8101
  0.00440779 -9.15781e-05      9.81011
  0.00434752 -9.33196e-05      9.81012
  0.00428853 -9.51172e-05      9.81013
  0.00423099 -9.69263e-05      9.81014
  0.00417482 -9.87631e-05      9.81015
  0.00411986 -0.000100605      9.81016
  0.00406618 -0.000102462      9.81017
   0.0040137 -0.000104391      9.81018
   0.0039623 -0.000106329      9.81019
  0.00391204 -0.000108276       9.8102
 0.00386281 -0.00011024     9.81021
 0.00381456 -0.00011222     9.81022
  0.00376734 -0.000114218      9.81023
  0.00372107 -0.000116226      9.81024
  0.00367559 -0.000118221      9.81024
  0.00363107 -0.000120279      9.81025
  0.00358736 -0.000122348      9.81026
  0.00354442 -0.000124387      9.81027
  0.00350227 -0.000126472      9.81028
 0.00346089 -0.00012855     9.81028
  0.00342018 -0.000130649      9.81029
  0.00338011 -0.000132716       9.8103
   0.0033408 -0.000134828       9.8103
  0.00330207 -0.000136962      9.81031
  0.00326388 -0.000139064      9.81032
  0.00322635 -0.000141157      9.81032
  0.00318938 -0.000143313      9.81033
  0.00315294 -0.000145404      9.81034
  0.00311702 -0.000147542      9.81034
  0.00308161 -0.000149684      9.81035
  0.00304666 -0.000151808      9.81036
  0.00301219 -0.000153943      9.81036
 0.00297826 -0.00015607     9.81037
  0.00294463 -0.000158171      9.81037
  0.00291149 -0.000160306      9.81038
  0.00287875 -0.000162447      9.81038
  0.00284637 -0.000164564      9.81039
  0.00281431 -0.000166708      9.81039
  0.00278269 -0.000168848       9.8104
   0.0027514 -0.000170953       9.8104
  0.00272036 -0.000173055      9.81041
  0.00268976 -0.000175203      9.81041
  0.00265942 -0.000177312      9.81042
  0.00262937 -0.000179413      9.81042
 0.00259963 -0.00018151     9.81043
  0.00257026 -0.000183603      9.81043
  0.00254109 -0.000185706      9.81043
  0.00251215 -0.000187763      9.81044
  0.00248347 -0.000189865      9.81044
  0.00245508 -0.000191954      9.81045
 0.00242686 -0.00019402     9.81045
  0.00239887 -0.000196051      9.81045
  0.00237116 -0.000198131      9.81046
  0.00234362 -0.000200173      9.81046
   0.0023164 -0.000202199      9.81046
  0.00228926 -0.000204241      9.81047
  0.00226235 -0.000206253      9.81047
  0.00223569 -0.000208315      9.81047
  0.00220915 -0.000210309      9.81047
  0.00218275 -0.000212307      9.81048
  0.00215664 -0.000214255      9.81048
  0.00213063 -0.000216262      9.81048
  0.00210482 -0.000218242      9.81049
 0.00207913 -0.00022023     9.81049
 0.00205355 -0.00022213     9.81049
  0.00202816 -0.000224099      9.81049
    0.002003 -0.000225986      9.81049
  0.00197792 -0.000227935       9.8105
  0.00395115 -0.000332489       9.8097
  0.00383199 -0.000330457      9.80972
  0.00371655 -0.000328617      9.80974
0.00360469 -0.0003269    9.80977
   0.0034961 -0.000325379      9.80979
  0.00339067 -0.000323985      9.80981
  0.00566969 -0.000653849      9.80885
  0.00308247 -0.000306416      9.80987
  0.00537241 -0.000637721      9.80891
  0.00279353 -0.000290921      9.80992
  0.00509214 -0.000623522      9.80897
  0.00490683 -0.000609338      9.80901
  0.00472711 -0.000595983      9.80905
  0.00216506 -0.000251081      9.81005
  0.00448495 -0.000586588       9.8091
  0.00431767 -0.000574747      9.80913
  0.00415531 -0.000563475      9.80917
  0.00399794 -0.000552944       9.8092
  0.00384519 -0.000543058      9.80924
    0.003697 -0.000533751      9.80927
  0.00355318 -0.000525024       9.8093
  0.00341367 -0.000516845      9.80933
  0.00327825 -0.000509229      9.80936
   0.0031467 -0.000502052      9.80939
    0.003019 -0.000495381      9.80942
  0.00289499 -0.000489169      9.80945
  0.00277464 -0.000483392      9.80948
  0.00265766 -0.000478013       9.8095
  0.00254402 -0.000473013      9.80953
  0.00243366 -0.000468394      9.80956
  0.00232649 -0.000464083      9.80958
  0.00222235 -0.000460138       9.8096
  0.00212101 -0.000456526      9.80963
  0.00202255 -0.000453171      9.80965
  0.00192677 -0.000450138      9.80968
  0.00183368 -0.000447355       9.8097
  0.00174315 -0.000444842      9.80972
  0.00165509 -0.000442585      9.80974
   0.0015695 -0.000440548      9.80977
 0.00148627 -0.00043872     9.80979
  0.00140512 -0.000437092      9.80981
  0.00132623 -0.000435685      9.80983
  0.00124942 -0.000434458      9.80985
 0.00117462 -0.00043341     9.80987
  0.00110184 -0.000432521      9.80989
 0.00103091 -0.00043178      9.8099
 0.000961948 -0.000431208      9.80992
0.000894679 -0.00043076     9.80994
0.000829194 -0.00043045     9.80996
 0.000765392 -0.000430314      9.80998
 0.000703139 -0.000430243      9.80999
 0.000642623 -0.000430297      9.81001
0.000583457 -0.00043046     9.81003
 0.000525833 -0.000430731      9.81004
0.000469621  -0.0004311     9.81006
 0.000414778 -0.000431561      9.81007
 0.000361409 -0.000432076      9.81009
 0.000309246 -0.000432699       9.8101
  0.00025844 -0.000433402      9.81012
 0.000208747 -0.000434146      9.81013
 0.000160372 -0.000434954      9.81015
0.000113031 -0.00043584     9.81016
6.68521e-05 -0.00043679     9.81017
 2.17146e-05 -0.000437763      9.81018
-2.21694e-05 -0.000438816       9.8102
-6.52096e-05 -0.000439903      9.81021
-0.000107279 -0.000441032      9.81022
-0.000148253 -0.000442165      9.81023
-0.000188407 -0.000443386      9.81025
-0.000227546 -0.000444631      9.81026
-0.000265845 -0.000445857      9.81027
-0.000303335 -0.000447161      9.81028
-0.000339983 -0.000448451      9.81029
-0.000375656 -0.000449795       9.8103
-0.00041071 -0.00045114     9.81031
-0.000444925 -0.000452491      9.81032
-0.000478449  -0.00045389      9.81033
-0.000511219 -0.000455322      9.81034
-0.000543257 -0.000456705      9.81034
-0.000574707  -0.00045813      9.81035
-0.000605287 -0.000459547      9.81036
-0.000635425 -0.000460984      9.81037
-0.000664847 -0.000462382      9.81038
-0.000693663 -0.000463875      9.81038
-0.000721874  -0.00046526      9.81039
 -0.00074954 -0.000466706       9.8104
-0.000776515 -0.000468149      9.81041
-0.000803103 -0.000469565      9.81041
-0.000829015 -0.000471032      9.81042
-0.000854548 -0.000472435      9.81042
-0.00087945 -0.00047385     9.81043
-0.000903902 -0.000475254      9.81044
-0.000927826 -0.000476636      9.81044
-0.000951213  -0.00047804      9.81045
-0.000974318 -0.000479414      9.81045
-0.000996795 -0.000480779      9.81046
 -0.00101898 -0.000482139      9.81046
 -0.00104061 -0.000483465      9.81047
 -0.00106187 -0.000484782      9.81047
 -0.00108272 -0.000486126      9.81047
 -0.00110318 -0.000487385      9.81048
 -0.00112317 -0.000488627      9.81048
 -0.00114294 -0.000489913      9.81048
 -0.00116221 -0.000491189      9.81049
 -0.00118115 -0.000492381      9.81049
-0.00119971 -0.00049361     9.81049
 -0.00121796 -0.000494757       9.8105
 -0.00123579 -0.000495924       9.8105
 -0.00125329 -0.000497072       9.8105
 -0.00127063 -0.000498202       9.8105
  -0.0012875 -0.000499293       9.8105
  -0.0013041 -0.000500362      9.81051
  -0.0013203 -0.000501397      9.81051
 -0.00133629 -0.000502478      9.81051
 -0.00135203 -0.000503473      9.81051
 -0.00136738 -0.000504437      9.81051
 -0.00138244 -0.000505395      9.81051
 -0.00139733 -0.000506319      9.81051
 -0.00141181 -0.000507222      9.81051
 -0.00142612 -0.000508143      9.81051
-0.00144022 -0.00050897     9.81051
 -0.00145396 -0.000509826      9.81051
 -0.00146739 -0.000510628      9.81051
 -0.00148065 -0.000511429      9.81051
 -0.00149374 -0.000512164      9.81051
 -0.00150646 -0.000512902      9.81051
 -0.00151901 -0.000513602      9.81051
 -0.00153132 -0.000514315      9.81051
 -0.00154339 -0.000514993      9.81051
  -0.0015553 -0.000515558      9.81051
  -0.0015669 -0.000516169      9.81051
 -0.00157832 -0.000516765      9.81051
 -0.00158949 -0.000517289       9.8105
 -0.00160052 -0.000517808       9.8105
 -0.00161136 -0.000518259       9.8105
 -0.00162198 -0.000518737       9.8105
 -0.00163235 -0.000519175       9.8105
 -0.00164253 -0.000519591       9.8105
 -0.00165252 -0.000519956      9.81049
 -0.00166234 -0.000520319      9.81049
 -0.00167197 -0.000520623      9.81049
 -0.00168141 -0.000520927      9.81049
 -0.00169076 -0.000521179      9.81049
-0.00169983 -0.00052141     9.81048
 -0.00170873 -0.000521637      9.81048
 -0.00171741 -0.000521782      9.81048
 -0.00172598 -0.000521957      9.81047
 -0.00173436 -0.000522059      9.81047
 -0.00174264 -0.000522131      9.81047
 -0.00175067 -0.000522226      9.81047
 -0.00175861 -0.000522269      9.81046
 -0.00176634 -0.000522274      9.81046
 -0.00177396 -0.000522242      9.81046
 -0.00178137 -0.000522201      9.81045
 -0.00178859 -0.000522109      9.81045
 -0.00179573 -0.000521996      9.81045
 -0.00180267 -0.000521849      9.81044
 -0.00180957 -0.000521706      9.81044
 -0.00181628 -0.000521524      9.81044
-0.00182285  -0.0005213     9.81043
 -0.00182912 -0.000521009      9.81043
 -0.00183541 -0.000520755      9.81043
 -0.00184152 -0.000520465      9.81042
 -0.00184754 -0.000520148      9.81042
 -0.00185328 -0.000519766      9.81041
   -0.001859 -0.000519398      9.81041
  -0.0018646 -0.000518967      9.81041
 -0.00187009 -0.000518522       9.8104
-0.00187532 -0.00051802      9.8104
-0.00188056 -0.00051754      9.8104
 -0.00188563 -0.000517024      9.81039
 -0.00189059 -0.000516464      9.81039
 -0.00189531 -0.000515866      9.81038
 -0.00190001 -0.000515259      9.81038
 -0.00190461 -0.000514649      9.81037
 -0.00190899 -0.000513935      9.81037
 -0.00191339 -0.000513244      9.81037
 -0.0019176 -0.00051255     9.81036
 -0.00192175 -0.000511808      9.81036
 -0.00192557 -0.000511023      9.81035
 -0.00192952 -0.000510242      9.81035
 -0.00193323 -0.000509384      9.81035
-0.00193691 -0.00050852     9.81034
 -0.00194046 -0.000506214      9.81034
 -0.00194381 -0.000505497      9.81033
 -0.00194716 -0.000504746      9.81033
 -0.00195041 -0.000503965      9.81032
 -0.00195347 -0.000503116      9.81032
 -0.00195653 -0.000502232      9.81031
 -0.00195934 -0.000501413      9.81031
 -0.00196215 -0.000500485      9.81031
 -0.00196488 -0.000499529       9.8103
 -0.00196744 -0.000498555       9.8103
 -0.00196988 -0.000497579      9.81029
 -0.00197225 -0.000496533      9.81029
 -0.00197458 -0.000495474      9.81028
 -0.00197686 -0.000494395      9.81028
 -0.00197883 -0.000493291      9.81027
 -0.00198089 -0.000492161      9.81027
-0.00198279 -0.00049096     9.81027
 -0.00198457 -0.000489791      9.81026
 -0.00198623 -0.000488565      9.81026
 -0.00198794 -0.000487309      9.81025
 -0.00198943 -0.000486061      9.81025
 -0.00199096 -0.000483245      9.81024
 -0.00199227 -0.000481787      9.81024
-0.00199353  -0.0004804     9.81023
 -0.00199478 -0.000478886      9.81023
-0.00199584 -0.00047737     9.81022
 -0.00199686 -0.000475904      9.81022
 -0.00199779 -0.000474333      9.81022
  -0.0019987 -0.000472777      9.81021
 -0.00199934 -0.000471207      9.81021
 -0.00200001 -0.000469546       9.8102
 -0.00200067 -0.000467931       9.8102
 -0.00200112 -0.000466286      9.81019
 -0.00200162 -0.000464594      9.81019
 -0.00200195 -0.000462858      9.81019
 -0.00200225 -0.000461174      9.81018
  -0.0020024 -0.000459428      9.81018
-0.00200255 -0.00045769     9.81017
 -0.00200256 -0.000455878      9.81017
 -0.00200263 -0.000454085      9.81016
 -0.00200239 -0.000452287      9.81016
 -0.00200232 -0.000450422      9.81016
-0.00200196 -0.00044855     9.81015
-0.00200166 -0.00044665     9.81015
 -0.00200132 -0.000444742      9.81014
  -0.0020008 -0.000442831      9.81014
-0.00200032 -0.00044087     9.81014
  -0.0019996 -0.000438919      9.81013
 -0.00199892 -0.000436913      9.81013
 -0.00199825 -0.000434918      9.81012
 -0.00199732 -0.000432888      9.81012
 -0.00199653 -0.000430866      9.81011
 -0.00199549 -0.000428821      9.81011
 -0.00199448 -0.000426713      9.81011
 -0.00199336 -0.000424625       9.8101
  -0.0019922 -0.000422492       9.8101
 -0.00199102 -0.000420375       9.8101
 -0.00198972 -0.000418238      9.81009
 -0.00198838 -0.000416029      9.81009
 -0.00198697 -0.000413852      9.81008
 -0.00198549 -0.000411629      9.81008
 -0.00198395 -0.000409438      9.81008
 -0.00198238 -0.000407195      9.81007
 -0.00198062 -0.000404929      9.81007
   -0.001979 -0.000402681      9.81006
-0.00197714  -0.0004004     9.81006
-0.00197532 -0.00039805     9.81006
 -0.00197346 -0.000395775      9.81005
 -0.00197146 -0.000393409      9.81005
 -0.00196938 -0.000391066      9.81005
 -0.00196741 -0.000388695      9.81004
  -0.0019652 -0.000386331      9.81004
 -0.00196304 -0.000383905      9.81004
 -0.00196079 -0.000381531      9.81003
 -0.00195852 -0.000379061      9.81003
 -0.00195613 -0.000376641      9.81002
-0.00195384 -0.00037418     9.81002
 -0.00195127 -0.000371718      9.81002
  -0.0019488 -0.000369208      9.81001
 -0.00194626 -0.000366735      9.81001
 -0.00194363 -0.000364198      9.81001
-0.00194093 -0.00036169        9.81
 -0.00193828 -0.000359156         9.81
 -0.00193549 -0.000356611         9.81
 -0.00193267 -0.000354019      9.80999
 -0.00192982 -0.000351504      9.80999
 -0.00192693 -0.000348873      9.80999
-0.00192389 -0.00034627     9.80998
 -0.00192093 -0.000343686      9.80998
 -0.00191788 -0.000341046      9.80998
-0.00191484  -0.0003384     9.80997
 -0.00191157 -0.000335752      9.80997
 -0.00190849 -0.000333098      9.80997
 -0.00190518 -0.000330432      9.80997
-0.00190185 -0.00032774     9.80996
-0.00189861 -0.00032508     9.80996
  -0.0018952 -0.000322356      9.80996
 -0.00189184 -0.000319628      9.80995
 -0.00188828 -0.000316915      9.80995
 -0.00188491 -0.000314161      9.80995
 -0.00188128 -0.000311439      9.80994
 -0.00187776 -0.000308692      9.80994
 -0.00187414 -0.000305942      9.80994
 -0.00187045 -0.000303154      9.80994
 -0.00186672 -0.000300411      9.80993
  -0.0018629 -0.000297609      9.80993
-0.00185923 -0.00029481     9.80993
 -0.00185535 -0.000291999      9.80993
 -0.00185152 -0.000289161      9.80992
-0.00184762 -0.00028638     9.80992
 -0.00184372 -0.000283523      9.80992
 -0.00183968 -0.000280673      9.80991
 -0.00183568 -0.000277809      9.80991
 -0.00183166 -0.000274999      9.80991
 -0.00182763 -0.000272141      9.80991
 -0.00182342 -0.000269258       9.8099
  -0.0018193 -0.000266401       9.8099
 -0.00181514 -0.000263519       9.8099
 -0.00181087 -0.000260638       9.8099
 -0.00180661 -0.000257742      9.80989
 -0.00180236 -0.000254859      9.80989
 -0.00179807 -0.000251939      9.80989
 -0.00179369 -0.000249032      9.80989
 -0.00178928 -0.000246087      9.80988
 -0.00178487 -0.000243193      9.80988
  -0.0017804 -0.000240265      9.80988
 -0.00177593 -0.000237341      9.80988
 -0.00177143 -0.000234427      9.80988
  -0.0017669 -0.000231454      9.80987
 -0.00176229 -0.000228528      9.80987
 -0.00175773 -0.000225567      9.80987
  -0.0017531 -0.000222617      9.80987
  -0.0017485 -0.000219643      9.80986
 -0.00174374 -0.000216702      9.80986
 -0.00173897 -0.000213729      9.80986
 -0.00173431 -0.000210756      9.80986
 -0.00172951 -0.000207799      9.80986
 -0.0017247 -0.00020482     9.80985
 -0.00171983 -0.000201836      9.80985
 -0.00171512 -0.000198875      9.80985
 -0.00171017 -0.000195926      9.80985
 -0.00170519 -0.000192919      9.80985
 -0.00170037 -0.000189942      9.80984
 -0.00169538 -0.000186963      9.80984
 -0.00169045 -0.000183932      9.80984
 -0.00168538 -0.000180942      9.80984
 -0.00168047 -0.000177972      9.80984
-0.00167537   -0.000175     9.80983
  -0.0016703 -0.000171971      9.80983
 -0.00166518 -0.000168989      9.80983
 -0.00166008 -0.000166019      9.80983
 -0.00165499 -0.000162999      9.80983
 -0.00164976 -0.000160022      9.80983
 -0.00164469 -0.000157016      9.80982
 -0.00163944 -0.000154054      9.80982
-0.00163424 -0.00015102     9.80982
-0.00162892 -0.00014803     9.80982
 -0.00162378 -0.000145037      9.80982
 -0.00161845 -0.000142069      9.80982
 -0.00161318 -0.000139032      9.80981
 -0.00160785 -0.000136051      9.80981
  -0.0016025 -0.000133108      9.80981
 -0.00159716 -0.000130104      9.80981
 -0.00159173 -0.000127116      9.80981
 -0.00158643 -0.000124135      9.80981
 -0.00158099 -0.000121152       9.8098
 -0.00157563 -0.000118168       9.8098
 -0.00157012 -0.000115156       9.8098
 -0.00156473 -0.000112202       9.8098
 -0.00155921 -0.000109239       9.8098
 -0.00155375 -0.000106245       9.8098
 -0.00154826 -0.000103303       9.8098
 -0.0015427 -0.00010033     9.80979
 -0.00153718 -9.73776e-05      9.80979
-0.00153159 -9.4437e-05     9.80979
 -0.00152613 -9.14725e-05      9.80979
 -0.00152047 -8.85042e-05      9.80979
 -0.00151494 -8.55676e-05      9.80979
 -0.00150931 -8.26366e-05      9.80979
 -0.00150375 -7.96665e-05      9.80978
-0.00149805 -7.6763e-05     9.80978
 -0.00149251 -7.38185e-05      9.80978
 -0.00148681 -7.08983e-05      9.80978
 -0.00148116 -6.79762e-05      9.80978
 -0.00147545 -6.50389e-05      9.80978
 -0.00146985 -6.21462e-05      9.80978
 -0.00146408 -5.92582e-05      9.80978
 -0.00145842 -5.63499e-05      9.80978
 -0.00145269 -5.34485e-05      9.80977
 -0.00144699 -5.05547e-05      9.80977
 -0.00144117 -4.76864e-05      9.80977
 -0.00143556 -4.48056e-05      9.80977
 -0.00142971 -4.19297e-05      9.80977
 -0.00142399 -3.90604e-05      9.80977
 -0.00141821 -3.62431e-05      9.80977
 -0.00141243 -3.33513e-05      9.80977
 -0.00140659 -3.05228e-05      9.80977
-0.00140086 -2.7692e-05     9.80976
 -0.00139503 -2.48613e-05      9.80976
 -0.00138918 -2.20036e-05      9.80976
 -0.00138341 -1.92206e-05      9.80976
 -0.00137758 -1.64114e-05      9.80976
 -0.00137169 -1.36039e-05      9.80976
 -0.00136592 -1.08143e-05      9.80976
 -0.00136002 -8.03887e-06      9.80976
 -0.00135422 -5.24442e-06      9.80976
 -0.00134833 -2.49124e-06      9.80976
-0.00134249 2.87723e-07     9.80976
-0.00133652 3.01289e-06     9.80976
-0.00133075 5.77719e-06     9.80975
-0.00132483 8.51847e-06     9.80975
-0.00131897 1.12546e-05     9.80975
-0.00131305 1.39318e-05     9.80975
-0.00130722 1.66589e-05     9.80975
-0.00130123  1.9374e-05     9.80975
 -0.0012954 2.20644e-05     9.80975
-0.00128945 2.47123e-05     9.80975
-0.00128353 2.74214e-05     9.80975
-0.00127766 3.00675e-05     9.80975
-0.00127173 3.27295e-05     9.80975
-0.00126585 3.53599e-05     9.80975
-0.00125991 3.80135e-05     9.80975
-0.00125392 4.06162e-05     9.80975
-0.00124811 4.32188e-05     9.80974
-0.00124218 4.58661e-05     9.80974
-0.00123617 4.84434e-05     9.80974
-0.00123033 5.10202e-05     9.80974
-0.00122435  5.3601e-05     9.80974
-0.00121851 5.61367e-05     9.80974
 -0.0012125 5.86854e-05     9.80974
-0.00120661 6.12549e-05     9.80974
-0.00120069 6.37335e-05     9.80974
-0.00119473 6.62794e-05     9.80974
-0.00118889 6.87761e-05     9.80974
-0.00118288 7.12859e-05     9.80974
-0.00117693 7.37656e-05     9.80974
-0.00117102 7.62273e-05     9.80974
-0.00116511 7.86986e-05     9.80974
-0.00115921 8.11082e-05     9.80974
-0.00115327 8.35656e-05     9.80974
-0.00114734 8.60152e-05     9.80974
-0.00114144  8.8405e-05     9.80974
-0.00113552 9.08394e-05     9.80974
-0.00112959 9.31544e-05     9.80974
-0.00112371 9.55611e-05     9.80974
-0.00111785 9.79613e-05     9.80974
-0.00111193   0.0001003     9.80974
-0.00110602 0.000102624     9.80973
-0.00110013 0.000104938     9.80973
-0.00109421  0.00010725     9.80973
-0.00108837 0.000109569     9.80973
-0.00108239 0.000111855     9.80973
-0.00107657 0.000114121     9.80973
-0.00107066  0.00011638     9.80973
-0.00106481 0.000118631     9.80973
-0.00105897 0.000120849     9.80973
-0.00105303 0.000123095     9.80973
-0.00104726 0.000125288     9.80973
-0.00104131 0.000127455     9.80973
-0.00103552 0.000129636     9.80973
-0.00102972 0.000131811     9.80973
-0.00102384 0.000133917     9.80973
 -0.001018 0.00013608    9.80973
-0.00101218 0.000138232     9.80973
-0.00100633   0.0001403     9.80973
-0.00100048 0.000142426     9.80973
-0.000994703  0.000144484      9.80973
-0.000988866  0.000146575      9.80973
-0.000983162  0.000148604      9.80973
-0.000977262  0.000150647      9.80973
-0.000971587  0.000152652      9.80973
-0.000965786  0.000154685      9.80973
-0.00095999 0.000156646     9.80973
-0.00095423 0.000158644     9.80973
-0.00094857 0.000160599     9.80973
-0.000942724  0.000162562      9.80973
-0.00093705 0.000163142     9.80973
-0.000931268  0.000165279      9.80973
-0.000925537  0.000167334      9.80973
-0.000919839  0.000169419      9.80973
-0.000914174  0.000171459      9.80973
-0.000908392  0.000173467      9.80973
-0.000902773  0.000175501      9.80973
-0.000897054  0.000177503      9.80973
-0.000891382  0.000179442      9.80973
-0.000885722  0.000181423      9.80973
-0.000880103  0.000183335      9.80973
-0.000874403  0.000185254      9.80973
-0.00086882 0.000187184     9.80973
-0.000863193  0.000189075      9.80973
-0.000857621  0.000190955      9.80973
-0.000851991   0.00019276      9.80973
-0.000846387  0.000194631      9.80973
-0.000840862  0.000196433      9.80973
-0.000835183  0.000196629      9.80973
-0.000829678  0.000198259      9.80973
-0.000824118  0.000199911      9.80973
-0.000818649  0.000201509      9.80973
-0.000812996  0.000203106      9.80973
-0.000807511  0.000204711      9.80973
-0.00080206 0.000206234     9.80973
-0.000796433  0.000207781      9.80973
  -0.000791 0.000209302     9.80973
-0.000785512  0.000210838      9.80973
-0.000780109  0.000212333      9.80973
-0.000774575  0.000213811      9.80973
-0.000769187  0.000215276      9.80973
 -0.0007638 0.000216748     9.80973
-0.00075835 0.000218174     9.80973
-0.000752919  0.000219561      9.80974
-0.000747471  0.000220989      9.80974
-0.000742179  0.000222346      9.80974
-0.00073684 0.000223703     9.80974
-0.000731405  0.000225056      9.80974
-0.00072609 0.000226386     9.80974
-0.000720714  0.000227715      9.80974
-0.000715409  0.000229008      9.80974
-0.000710132  0.000230288      9.80974
-0.000704818  0.000231569      9.80974
-0.000699565  0.000232812      9.80974
-0.000694246  0.000234061      9.80974
-0.000689066  0.000235278      9.80974
-0.00068377 0.000236417     9.80974
-0.000678541  0.000237637      9.80974
-0.000673342  0.000238823      9.80974
-0.000668162  0.000239954      9.80974
-0.000662985  0.000241102      9.80974
-0.000657779  0.000242181      9.80974
-0.000652587  0.000243317      9.80974
-0.000647417  0.000244386      9.80974
-0.000642386  0.000245466      9.80974
 -0.0006372 0.000246529     9.80974
-0.000632065  0.000247512      9.80974
-0.000626995  0.000248544      9.80974
-0.00062191 0.000249572     9.80974
-0.00061686 0.000250525     9.80975
-0.000611866  0.000251519      9.80975
-0.000606698  0.000252461      9.80975
-0.000601731  0.000253374      9.80975
-0.000596782  0.000254294      9.80975
-0.000591774  0.000255217      9.80975
-0.000586768  0.000256067      9.80975
-0.000581864  0.000256929      9.80975
-0.000576825  0.000257755      9.80975
-0.000571881  0.000258626      9.80975
-0.00056702 0.000259405     9.80975
-0.000562075  0.000260239      9.80975
-0.000557221  0.000261021      9.80975
-0.000552436  0.000261787      9.80975
-0.000547496   0.00026247      9.80975
-0.000542623  0.000263257      9.80975
-0.000537791  0.000263947      9.80975
-0.000533028  0.000264661      9.80975
-0.000528196  0.000265349      9.80975
-0.000523469  0.000266031      9.80975
-0.000518719  0.000266669      9.80975
-0.000514035  0.000267253      9.80976
-0.000509149  0.000267901      9.80976
-0.000504464  0.000268484      9.80976
-0.000499791  0.000269084      9.80976
-0.000495035  0.000269653      9.80976
-0.000490412  0.000270221      9.80976
-0.000485798  0.000270756      9.80976
-0.000481197  0.000271255      9.80976
-0.000476519  0.000271778      9.80976
-0.00047191 0.000272251     9.80976
-0.000467279  0.000272684      9.80976
-0.000462739  0.000273137      9.80976
-0.000458169  0.000273591      9.80976
-0.000453624  0.000273974      9.80976
-0.000449128  0.000274382      9.80976
-0.00044462 0.000274763     9.80976
-0.000440065  0.000275166      9.80977
-0.000435681  0.000275525      9.80977
-0.000431247   0.00027586      9.80977
-0.000426786  0.000276146      9.80977
-0.000422316  0.000276485      9.80977
-0.00041786 0.000276778     9.80977
-0.000413471   0.00027701      9.80977
-0.000409145  0.000277265      9.80977
-0.000404784  0.000277497      9.80977
-0.000400379  0.000277773      9.80977
-0.000396094  0.000277967      9.80977
 -0.0003918 0.000278155     9.80977
-0.000387517  0.000278345      9.80977
-0.000383248  0.000278488      9.80977
-0.000378916  0.000278621      9.80977
-0.000374707  0.000278772      9.80977
-0.000370498  0.000278908      9.80978
-0.000366348  0.000278971      9.80978
-0.000362143  0.000279085      9.80978
-0.000357929  0.000279159      9.80978
-0.000353791  0.000279199      9.80978
-0.000349654  0.000279218      9.80978
-0.000345561  0.000279238      9.80978
-0.000341462  0.000279235      9.80978
-0.000337389  0.000279258      9.80978
-0.000333301  0.000279248      9.80978
-0.000329203  0.000279195      9.80978
-0.000325138  0.000279108      9.80978
-0.000321095  0.000279052      9.80978
-0.000317103  0.000278966      9.80978
-0.000313131  0.000278881      9.80978
-0.000309127   0.00027877      9.80979
-0.000305202  0.000278631      9.80979
-0.000301235  0.000278491      9.80979
-0.000297363  0.000278334      9.80979
-0.000293489  0.000278154      9.80979
-0.000289577  0.000277971      9.80979
-0.000285747  0.000277755      9.80979
-0.000281851  0.000277565      9.80979
-0.000278005  0.000277296      9.80979
-0.000274192  0.000277055      9.80979
-0.000270417    0.0002768      9.80979
-0.000266657  0.000276538      9.80979
-0.000262998  0.000276259      9.80979
-0.000259249   0.00027597       9.8098
-0.000255505  0.000275636       9.8098
-0.000251724  0.000275317       9.8098
-0.000248064   0.00027499       9.8098
-0.000244389  0.000274635       9.8098
-0.000240748  0.000274252       9.8098
-0.000237101  0.000273859       9.8098
-0.000233501  0.000273445       9.8098
-0.000229868  0.000273043       9.8098
-0.000226304  0.000272613       9.8098
-0.00022274  0.00027218      9.8098
-0.000219118  0.000271727       9.8098
-0.000215587  0.000271266       9.8098
-0.000212062  0.000270819       9.8098
-0.00020857 0.000270293     9.80981
-0.000205084  0.000269755      9.80981
-0.000201664  0.000269283      9.80981
-0.000198229  0.000268736      9.80981
-0.000194785  0.000268157      9.80981
-0.000191347  0.000267629      9.80981
-0.000187993  0.000267074      9.80981
-0.000184678  0.000266482      9.80981
-0.000181309  0.000265887      9.80981
  -0.000178 0.000265292     9.80981
-0.000174572  0.000264654      9.80981
-0.000171267   0.00026405      9.80981
-0.000167989  0.000263409      9.80982
-0.000164713  0.000262728      9.80982
-0.000161421  0.000262072      9.80982
-0.000158195  0.000261366      9.80982
-0.000154989  0.000260664      9.80982
-0.00015178 0.000259977     9.80982
-0.000148565  0.000259249      9.80982
 -0.0001455 0.000258548     9.80982
-0.000142347  0.000257793      9.80982
-0.000139218  0.000257045      9.80982
-0.000136086  0.000256277      9.80982
-0.000132991  0.000255523      9.80982
-0.000129879  0.000254712      9.80982
-0.000126829  0.000253909      9.80983
-0.000123741  0.000253096      9.80983
-0.000120725  0.000252276      9.80983
-0.000117792  0.000251442      9.80983
-0.000114766  0.000250609      9.80983
-0.000111823  0.000249756      9.80983
-0.000108797  0.000248877      9.80983
-0.000105892  0.000248019      9.80983
-0.000102945  0.000247131      9.80983
-0.000100014  0.000246209      9.80983
-9.71154e-05  0.000245307      9.80983
-9.43342e-05  0.000244389      9.80983
-9.14403e-05  0.000243505      9.80984
-8.85963e-05  0.000242527      9.80984
-8.57591e-05  0.000241605      9.80984
-8.29398e-05  0.000240608      9.80984
-8.01184e-05   0.00023967      9.80984
-7.73491e-05  0.000238677      9.80984
-7.45998e-05  0.000237661      9.80984
-7.19297e-05  0.000236709      9.80984
-6.91783e-05    0.0002357      9.80984
-6.64542e-05  0.000234668      9.80984
-6.37664e-05   0.00023364      9.80984
-6.10634e-05  0.000232584      9.80984
-5.84212e-05  0.000231548      9.80984
-5.57823e-05  0.000230546      9.80985
-5.32054e-05  0.000229465      9.80985
-5.05789e-05  0.000228377      9.80985
-4.79972e-05  0.000227319      9.80985
-4.53677e-05   0.00022621      9.80985
-4.27798e-05    0.0002251      9.80985
-4.03065e-05  0.000224037      9.80985
-3.77972e-05  0.000222922      9.80985
-3.52464e-05  0.000221803      9.80985
-3.27324e-05  0.000220648      9.80985
-3.02633e-05  0.000219498      9.80985
-2.77725e-05  0.000218357      9.80985
-2.54409e-05  0.000217197      9.80986
-2.29874e-05   0.00021605      9.80986
-2.06056e-05  0.000214859      9.80986
-1.81875e-05  0.000213652      9.80986
-1.58025e-05  0.000212482      9.80986
-1.34953e-05  0.000211302      9.80986
-1.11328e-05  0.000210111      9.80986
-8.79884e-06  0.000208893      9.80986
-6.46624e-06  0.000207654      9.80986
-4.15268e-06  0.000206414      9.80986
-1.96405e-06  0.000205196      9.80986
3.57849e-07 0.000203973     9.80986
2.61233e-06 0.000202728     9.80986
4.86391e-06 0.000201484     9.80986
7.10088e-06  0.00020021     9.80987
9.22312e-06 0.000198966     9.80987
1.13744e-05 0.000197647     9.80987
1.35641e-05 0.000196373     9.80987
1.57517e-05 0.000195072     9.80987
1.78842e-05 0.000193781     9.80987
1.99599e-05 0.000192523     9.80987
2.21228e-05 0.000191206     9.80987
2.42295e-05 0.000189898     9.80987
2.62614e-05 0.000188574     9.80987
2.82769e-05 0.000187263     9.80987
3.03807e-05 0.000185941     9.80987
3.23999e-05 0.000184592     9.80988
3.43821e-05 0.000183224     9.80988
3.64032e-05 0.000181883     9.80988
3.83196e-05 0.000180575     9.80988
4.03142e-05 0.000179188     9.80988
4.22889e-05 0.000177848     9.80988
4.42491e-05 0.000176438     9.80988
4.61174e-05 0.000175103     9.80988
4.80596e-05  0.00017372     9.80988
4.99726e-05 0.000172331     9.80988
5.17799e-05 0.000170914     9.80988
5.36018e-05  0.00016953     9.80988
5.54499e-05 0.000168133     9.80988
5.73066e-05 0.000166734     9.80989
5.91483e-05 0.000165334     9.80989
6.09418e-05 0.000163959     9.80989
6.27044e-05  0.00016252     9.80989
6.45347e-05 0.000161116     9.80989
6.62165e-05 0.000159662     9.80989
6.79452e-05 0.000158265     9.80989
6.96838e-05 0.000156815     9.80989
7.14478e-05 0.000155397     9.80989
7.31535e-05 0.000153933     9.80989
7.47867e-05 0.000152529     9.80989
7.64876e-05 0.000151067     9.80989
7.80935e-05 0.000149597     9.80989
 7.9769e-05 0.000148159      9.8099
8.13228e-05 0.000146736      9.8099
8.29757e-05 0.000145257      9.8099
8.45954e-05 0.000143807      9.8099
8.61485e-05 0.000142351      9.8099
8.77226e-05 0.000140875      9.8099
8.92671e-05 0.000139394      9.8099
9.08439e-05 0.000137895      9.8099
9.22645e-05 0.000136456      9.8099
9.38852e-05  0.00013497      9.8099
9.53782e-05   0.0001335      9.8099
 9.6932e-05 0.000132018      9.8099
9.82029e-05 0.000130533      9.8099
9.97494e-05 0.000129006      9.8099
0.000101188 0.000127528      9.8099
0.000102549 0.000126061     9.80991
0.000104069 0.000124586     9.80991
0.000105488 0.000123085     9.80991
0.000106817 0.000121554     9.80991
0.000108148 0.000120092     9.80991
0.000109519 0.000118571     9.80991
 0.00011094 0.000117072     9.80991
0.000112225 0.000115601     9.80991
0.000113583 0.000114086     9.80991
0.000114855 0.000112558     9.80991
0.000116085 0.000111094     9.80991
0.000117415 0.000109573     9.80991
0.000118714 0.000108063     9.80991
0.000120046 0.000106528     9.80992
0.000121134 0.000105022     9.80992
0.000122402 0.000103522     9.80992
0.000123658 0.000101978     9.80992
0.000124813 0.000100521     9.80992
0.000125997  9.8997e-05     9.80992
0.000127169  9.7466e-05     9.80992
0.000128271  9.5991e-05     9.80992
0.000129493  9.4483e-05     9.80992
0.000130654 9.29295e-05     9.80992
0.000131764 9.14555e-05     9.80992
0.000132899  8.9945e-05     9.80992
0.000133955 8.84062e-05     9.80992
0.000135095 8.68691e-05     9.80992
 0.00013614 8.53932e-05     9.80992
0.000137211 8.38908e-05     9.80992
0.000138245  8.2362e-05     9.80993
0.000139229 8.08394e-05     9.80993
0.000140325 7.93448e-05     9.80993
0.000141377 7.78423e-05     9.80993
0.000142343 7.63655e-05     9.80993
 0.00014328 7.47969e-05     9.80993
0.000144307 7.32831e-05     9.80993
0.000145242 7.18343e-05     9.80993
 0.00014626 7.03239e-05     9.80993
0.000147238 6.88169e-05     9.80993
0.000148045 6.73168e-05     9.80993
0.000148996 6.58282e-05     9.80993
0.000149957 6.42959e-05     9.80993
 0.00015078 6.28504e-05     9.80993
0.000151679 6.13423e-05     9.80993
0.000152563 5.98313e-05     9.80994
0.000153385 5.83593e-05     9.80994
0.000154295 5.68779e-05     9.80994
 0.00015516 5.53873e-05     9.80994
  0.0001559 5.38845e-05     9.80994
0.000156737 5.23814e-05     9.80994
0.000157609  5.0918e-05     9.80994
0.000158331  4.9457e-05     9.80994
 0.00015909 4.79316e-05     9.80994
0.000159861 4.64935e-05     9.80994
0.000160673 4.50205e-05     9.80994
0.000161467 4.35766e-05     9.80994
0.000162092  4.2084e-05     9.80994
0.000162879 4.06082e-05     9.80994
0.000163592 3.91562e-05     9.80994
0.000164289 3.77445e-05     9.80994
0.000165013  3.6298e-05     9.80994
0.000165676 3.47872e-05     9.80995
0.000166303 3.33712e-05     9.80995
0.000167022 3.19307e-05     9.80995
0.000167738  3.0475e-05     9.80995
0.000168247 2.90223e-05     9.80995
0.000168949 2.75937e-05     9.80995
0.000169579 2.61561e-05     9.80995
0.000170154 2.47786e-05     9.80995
0.000170742  2.3322e-05     9.80995
0.000171331 2.19008e-05     9.80995
0.000171963 2.04816e-05     9.80995
0.000172542 1.90756e-05     9.80995
0.000173021 1.76369e-05     9.80995
0.000173609 1.62478e-05     9.80995
0.000174201 1.48484e-05     9.80995
 0.00017466 1.34447e-05     9.80995
0.000175191 1.20273e-05     9.80996
0.000175745 1.06352e-05     9.80996
0.000176198 9.26211e-06     9.80996
0.000176674 7.86308e-06     9.80996
0.000177119 6.52447e-06     9.80996
 0.00017764 5.14268e-06     9.80996
0.000178176 3.75467e-06     9.80996
0.000178509 2.40551e-06     9.80996
0.000178974 1.02701e-06     9.80996
 0.000179471 -3.18452e-07      9.80996
 0.000179868 -1.65102e-06      9.80996
 0.000180244 -3.04212e-06      9.80996
 0.000180605 -4.37022e-06      9.80996
  0.00018108 -5.67784e-06      9.80996
0.000181506 -7.0281e-06     9.80996
 0.000181798 -8.34137e-06      9.80996
 0.000182242 -9.67242e-06      9.80996
 0.000182568 -1.09802e-05      9.80996
 0.000182949 -1.22898e-05      9.80996
 0.000183271 -1.36258e-05      9.80996
 0.000183527 -1.48784e-05      9.80997
 0.000183955 -1.61742e-05      9.80997
 0.000184261 -1.75202e-05      9.80997
 0.000184496 -1.87654e-05      9.80997
 0.000184856 -2.00422e-05      9.80997
0.000185188 -2.1334e-05     9.80997
 0.000185418 -2.25982e-05      9.80997
 0.000185716 -2.38708e-05      9.80997
 0.000185952 -2.51041e-05      9.80997
 0.000186185 -2.64055e-05      9.80997
 0.000186443 -2.76615e-05      9.80997
 0.000186686 -2.88313e-05      9.80997
 0.000186976 -3.00879e-05      9.80997
 0.000187066 -3.13327e-05      9.80997
 0.000187372 -3.25371e-05      9.80997
  0.00018763 -3.37504e-05      9.80997
 0.000187799 -3.49519e-05      9.80997
 0.000187957 -3.61923e-05      9.80997
 0.000188115 -3.73614e-05      9.80997
  0.00018834 -3.85283e-05      9.80997
 0.000188494 -3.97807e-05      9.80998
 0.000188635 -4.09223e-05      9.80998
 0.000188811 -4.20819e-05      9.80998
 0.000188958 -4.32595e-05      9.80998
 0.000189046 -4.44173e-05      9.80998
 0.000189272 -4.55923e-05      9.80998
 0.000189318 -4.66875e-05      9.80998
 0.000189434 -4.78629e-05      9.80998
 0.000189573 -4.90232e-05      9.80998
 0.000189689 -5.00965e-05      9.80998
 0.000189736 -5.12595e-05      9.80998
 0.000189791 -5.23558e-05      9.80998
 0.000189925 -5.34658e-05      9.80998
 0.000190029 -5.45639e-05      9.80998
 0.000189994 -5.56462e-05      9.80998
  0.00019013 -5.67659e-05      9.80998
 0.000190132 -5.77996e-05      9.80998
 0.000190136 -5.88866e-05      9.80998
 0.000190252 -5.99826e-05      9.80998
0.000190282 -6.1008e-05     9.80998
 0.000190312 -6.20497e-05      9.80998
 0.000190273 -6.31067e-05      9.80998
 0.000190308 -6.41576e-05      9.80998
 0.000190355 -6.51831e-05      9.80998
  0.00019026 -6.62198e-05      9.80999
 0.000190304 -6.72363e-05      9.80999
 0.000190247 -6.82019e-05      9.80999
 0.000190215 -6.92389e-05      9.80999
  0.00019014 -7.01948e-05      9.80999
 0.000190192 -7.11935e-05      9.80999
 0.000190154 -7.22184e-05      9.80999
 0.000190058 -7.31679e-05      9.80999
 0.000190034 -7.41281e-05      9.80999
 0.000189907 -7.50764e-05      9.80999
 0.000189868 -7.60616e-05      9.80999
 0.000189803 -7.70005e-05      9.80999
 0.000189716 -7.78956e-05      9.80999
 0.000189585 -7.88498e-05      9.80999
 0.000189472 -7.97648e-05      9.80999
 0.000189445 -8.06783e-05      9.80999
  0.00018942 -8.15764e-05      9.80999
0.000189172 -8.2469e-05     9.80999
 0.000189105 -8.33453e-05      9.80999
  0.00018897 -8.42046e-05      9.80999
 0.000188799 -8.51246e-05      9.80999
0.000188767 -8.5987e-05     9.80999
  0.00018856 -8.68019e-05      9.80999
 0.000188414 -8.76799e-05      9.80999
 0.000188228 -8.84888e-05      9.80999
 0.000188096 -8.93479e-05         9.81
 0.000187872 -9.02084e-05         9.81
  0.00018776 -9.09951e-05         9.81
 0.000187629 -9.18114e-05         9.81
0.000187435 -9.2606e-05        9.81
 0.000187278 -9.34245e-05         9.81
 0.000187009 -9.42016e-05         9.81
 0.000186876 -9.49441e-05         9.81
 0.000186665 -9.57916e-05         9.81
 0.000186407 -9.65051e-05         9.81
 0.000186308 -9.72566e-05         9.81
 0.000185959 -9.80295e-05         9.81
 0.000185779 -9.87574e-05         9.81
 0.000185622 -9.94934e-05         9.81
 0.000185289 -0.000100213         9.81
 0.000185148 -0.000100929         9.81
 0.000184827 -0.000101609         9.81
 0.000184588 -0.000102337         9.81
 0.000184312 -0.000102999         9.81
 0.000184122 -0.000103683         9.81
 0.000183946 -0.000104357         9.81
0.000183556 -0.00010503        9.81
  0.00018337 -0.000105697         9.81
  0.00018305 -0.000106315         9.81
 0.000182739 -0.000106969         9.81
0.000182533 -0.00010761        9.81
 0.000182226 -0.000108223         9.81
 0.000181912 -0.000108841         9.81
0.000181569 -0.00010944        9.81
 0.000181342 -0.000110015         9.81
  0.00018095 -0.000110625         9.81
0.000180725  -0.0001112        9.81
 0.000180448 -0.000111784         9.81
  0.00018001 -0.000112383         9.81
 0.000179756 -0.000112941         9.81
 0.000179376 -0.000113461      9.81001
 0.000179179 -0.000114003      9.81001
 0.000178795 -0.000114573      9.81001
 0.000178413 -0.000115077      9.81001
 0.000178164 -0.000115582      9.81001
 0.000177686 -0.000116101      9.81001
0.000177441 -0.00011658     9.81001
 0.000177063 -0.000117069      9.81001
 0.000176665 -0.000117564      9.81001
  0.00017639 -0.000118047      9.81001
 0.000175947 -0.000118501      9.81001
 0.000175598 -0.000118982      9.81001
   0.0001752 -0.000119426      9.81001
 0.000174863 -0.000119857      9.81001
 0.000174426 -0.000120301      9.81001
 0.000174087 -0.000120721      9.81001
 0.000173774 -0.000121143      9.81001
 0.000173283 -0.000121554      9.81001
 0.000172953 -0.000121952      9.81001
 0.000172517 -0.000122322      9.81001
 0.000172087 -0.000122746      9.81001
 0.000171743 -0.000123116      9.81001
  0.00017136 -0.000123485      9.81001
 0.000170986 -0.000123832      9.81001
 0.000170456 -0.000124194      9.81001
 0.000170118 -0.000124541      9.81001
 0.000169675 -0.000124859      9.81001
 0.000169269 -0.000125223      9.81001
0.000168869 -0.00012553     9.81001
 0.000168414 -0.000125821      9.81001
 0.000168005 -0.000126145      9.81001
 0.000167499 -0.000126394      9.81001
 0.000167153 -0.000126684      9.81001
 0.000166589 -0.000126985      9.81001
 0.000166242 -0.000127241      9.81001
 0.000165824 -0.000127527      9.81001
 0.000165315 -0.000127776      9.81001
 0.000164923 -0.000128026      9.81001
 0.000164456 -0.000128228      9.81001
 0.000163984 -0.000128485      9.81001
0.000163559 -0.00012871     9.81001
 0.000163102 -0.000128907      9.81001
 0.000162625 -0.000129128      9.81002
 0.000162114 -0.000129291      9.81002
 0.000161723 -0.000129495      9.81002
 0.000161208 -0.000129671      9.81002
 0.000160767 -0.000129852      9.81002
 0.000160312 -0.000130015      9.81002
 0.000159824 -0.000130158      9.81002
 0.000159341 -0.000130363      9.81002
0.000158835 -0.00013049     9.81002
 0.000158393 -0.000130618      9.81002
 0.000157808 -0.000130732      9.81002
 0.000157386 -0.000130825      9.81002
0.000156969 -0.00013096     9.81002
 0.000156349 -0.000131069      9.81002
 0.000155899 -0.000131172      9.81002
0.000155442 -0.00013123     9.81002
 0.000154916 -0.000131332      9.81002
 0.000154471 -0.000131404      9.81002
0.000153942 -0.00013147     9.81002
 0.000153419 -0.000131542      9.81002
 0.000152926 -0.000131586      9.81002
 0.000152454 -0.000131611      9.81002
 0.000151816 -0.000131637      9.81002
 0.000151374 -0.000131671      9.81002
 0.000150925 -0.000131697      9.81002
 0.000150346 -0.000131684      9.81002
 0.000149843 -0.000131726      9.81002
 0.000149305 -0.000131679      9.81002
 0.000148869 -0.000131694      9.81002
 0.000148327 -0.000131693      9.81002
 0.000147775 -0.000131665      9.81002
 0.000147309 -0.000131592      9.81002
 0.000146636 -0.000131568      9.81002
 0.000146181 -0.000131523      9.81002
 0.000145666 -0.000131438      9.81002
 0.000145118 -0.000131423      9.81002
 0.000144639 -0.000131355      9.81002
 0.000144079 -0.000131251      9.81002
 0.000143533 -0.000131195      9.81002
 0.000142971 -0.000131105      9.81002
 0.000142478 -0.000130978      9.81002
   0.0001419 -0.000130887      9.81002
 0.000141376 -0.000130805      9.81002
 0.000140883 -0.000130651      9.81002
 0.000140245 -0.000130552      9.81002
 0.000139753 -0.000130412      9.81002
 0.000139165 -0.000130219      9.81002
 0.000138735 -0.000130097      9.81002
 0.000138139 -0.000129975      9.81002
0.000137542 -0.00012977     9.81002
 0.000137094 -0.000129615      9.81002
 0.000136415 -0.000129462      9.81002
  0.00013593 -0.000129266      9.81002
 0.000135365 -0.000129072      9.81002
 0.000134785 -0.000128879      9.81002
0.000134294 -0.00012868     9.81002
 0.000133704 -0.000128474      9.81002
 0.000133144 -0.000128268      9.81002
 0.000132577 -0.000128031      9.81002
 0.000132085 -0.000127798      9.81002
  0.00013149 -0.000127586      9.81002
0 0 0
 7.89804e-08 -2.71087e-07 -9.54017e-07
 2.36427e-08 -5.87219e-07 -6.71657e-10
-2.07633e-08 -8.16703e-07 -9.54675e-07
-3.31795e-09 -1.09448e-06 -9.55008e-07
 3.87492e-08  -1.3709e-06 -9.55343e-07
-9.00813e-08  -1.6415e-06  -9.5566e-07
-1.86192e-08  -1.9398e-06 -9.55995e-07
 1.37987e-08 -2.22234e-06 -9.56326e-07
-4.19811e-08 -2.47909e-06 -9.56646e-07
 -1.7318e-08 -2.76389e-06 -9.56974e-07
-4.69043e-08  -3.0958e-06 -9.57295e-07
-6.15181e-08 -3.34796e-06 -9.57616e-07
-1.52287e-09 -3.64293e-06 -9.57944e-07
 4.25817e-08 -3.93349e-06 -9.58268e-07
-9.63186e-08 -4.24661e-06 -9.58575e-07
-7.36794e-08 -4.54303e-06 -9.58895e-07
-2.17168e-08 -4.84237e-06 -9.59217e-07
-5.81133e-08  -5.1282e-06 -9.59529e-07
-2.83283e-09 -5.40701e-06 -9.59849e-07
-4.59814e-08 -5.72096e-06 -9.60159e-07
-6.64873e-08 -6.04157e-06  -9.6047e-07
-3.83315e-08  -6.3177e-06 -9.60784e-07
 1.80419e-08 -6.64033e-06 -9.61099e-07
 2.44863e-08 -6.98642e-06 -9.61409e-07
-2.84994e-08  -7.2662e-06 -9.61712e-07
 3.73037e-08  -7.5803e-06 -9.62025e-07
 8.96473e-08 -7.89891e-06 -1.91601e-06
 6.26095e-08 -8.17592e-06 -1.91631e-06
 2.99256e-08 -8.54384e-06 -1.91661e-06
 1.31003e-07 -8.84834e-06 -1.91692e-06
 6.79928e-08  -9.1512e-06 -1.91722e-06
 1.61212e-07 -9.48552e-06 -1.91753e-06
 1.03602e-07 -9.80884e-06 -1.91782e-06
 8.54702e-08 -1.01444e-05 -1.91812e-06
 1.26639e-07 -1.04752e-05 -1.91842e-06
 2.08436e-07 -1.07739e-05 -1.91872e-06
 1.76612e-07 -1.10898e-05 -1.91901e-06
 1.45312e-07 -1.14585e-05  -1.9193e-06
 1.97527e-07 -1.17709e-05  -1.9196e-06
 1.72151e-07 -1.20963e-05 -1.91989e-06
  2.2956e-07 -1.24356e-05 -1.92018e-06
 1.99294e-07 -1.27613e-05 -1.92047e-06
 1.90786e-07 -1.31028e-05 -1.92076e-06
 2.60114e-07 -1.34482e-05 -1.92105e-06
 3.03351e-07 -1.37711e-05 -1.92134e-06
 2.97346e-07 -1.40956e-05 -1.92162e-06
 3.02865e-07 -1.44762e-05  -1.9219e-06
 3.63261e-07 -1.48041e-05 -1.92219e-06
  3.1616e-07 -1.51237e-05 -1.92247e-06
 3.98035e-07 -1.54551e-05 -1.92275e-06
 3.92715e-07 -1.58405e-05 -1.92303e-06
 3.66543e-07 -1.61548e-05 -1.92331e-06
  4.5568e-07 -1.65055e-05 -1.92359e-06
 5.13676e-07 -1.68262e-05 -1.92387e-06
 5.17831e-07 -1.71549e-05 -1.92414e-06
 4.78025e-07 -1.75369e-05 -1.92441e-06
 5.67889e-07 -1.78681e-05 -2.87837e-06
 6.45372e-07 -1.82351e-05 -2.87864e-06
 6.22855e-07 -1.85506e-05 -2.87891e-06
 6.26285e-07 -1.89306e-05 -2.87918e-06
 6.89145e-07 -1.92804e-05 -2.87945e-06
 6.64505e-07 -1.96122e-05 -2.87971e-06
 7.44058e-07 -1.99767e-05 -2.87998e-06
 8.48697e-07 -2.03225e-05 -2.88026e-06
 7.57178e-07 -2.06797e-05 -2.88051e-06
 8.14132e-07 -2.10544e-05 -2.88078e-06
 8.91518e-07 -2.14042e-05 -2.88104e-06
 8.50671e-07 -2.17403e-05  -2.8813e-06
 8.92886e-07 -2.21327e-05 -2.88156e-06
 9.52214e-07  -2.2478e-05 -2.88182e-06
 9.41272e-07 -2.27885e-05 -2.88208e-06
 9.98608e-07 -2.31681e-05 -2.88233e-06
  1.0638e-06 -2.35362e-05 -2.88259e-06
 9.50285e-07  -2.3866e-05 -2.88284e-06
  1.0682e-06 -2.42508e-05  -2.8831e-06
 1.13232e-06 -2.46239e-05 -2.88335e-06
 1.12386e-06 -2.49425e-05  -2.8836e-06
 1.10794e-06  -2.5333e-05 -2.88385e-06
  1.2235e-06 -2.56977e-05  -2.8841e-06
 1.21543e-06 -2.60346e-05 -2.88434e-06
 1.30729e-06 -2.63929e-05  -2.8846e-06
 1.35549e-06 -2.67817e-05 -2.88484e-06
 1.28292e-06  -2.7143e-05 -2.88508e-06
 1.36562e-06 -2.74751e-05 -2.88532e-06
 1.45025e-06 -2.78447e-05 -2.88557e-06
 1.46671e-06 -2.81994e-05 -2.88581e-06
 1.44509e-06 -2.85565e-05 -2.88605e-06
 1.53068e-06 -2.89384e-05 -2.88629e-06
 1.62436e-06 -2.93012e-05 -2.88653e-06
 1.62071e-06 -2.96463e-05 -2.88676e-06
1.72218e-06 -2.9993e-05  -2.887e-06
 1.72586e-06 -3.03968e-05 -2.88723e-06
 1.71084e-06 -3.07261e-05 -2.88746e-06
 1.80204e-06 -3.11137e-05  -2.8877e-06
 1.86018e-06 -3.14664e-05  -3.8416e-06
  1.8243e-06 -3.18437e-05 -2.88815e-06
 1.87306e-06 -3.22003e-05 -2.88838e-06
 1.96406e-06 -3.25599e-05 -3.84229e-06
 1.96583e-06 -3.28997e-05 -3.84251e-06
 2.05159e-06 -3.32739e-05 -3.84274e-06
 2.05206e-06  -3.3653e-05 -3.84296e-06
 2.07872e-06 -3.39984e-05 -3.84318e-06
 2.17173e-06 -3.43641e-05 -3.84341e-06
 2.23639e-06 -3.47338e-05 -3.84363e-06
 2.16623e-06 -3.50755e-05 -3.84384e-06
 2.25294e-06  -3.5483e-05 -3.84406e-06
 2.37275e-06 -3.57875e-05 -3.84428e-06
2.35625e-06 -3.6164e-05 -3.8445e-06
 2.45789e-06 -3.65293e-05 -3.84471e-06
 2.46258e-06 -3.68942e-05 -3.84492e-06
 2.44663e-06 -3.72453e-05 -3.84513e-06
   2.558e-06 -3.76264e-05 -3.84535e-06
 2.66468e-06 -3.79742e-05 -3.84556e-06
 2.55421e-06  -3.8317e-05 -3.84576e-06
  2.6447e-06 -3.86665e-05 -3.84597e-06
 2.73037e-06 -3.90625e-05 -3.84618e-06
 2.83208e-06 -3.93917e-05 -3.84639e-06
 2.84364e-06 -3.97376e-05 -3.84659e-06
 2.86631e-06 -4.01332e-05 -3.84679e-06
 2.94946e-06 -4.05018e-05   -3.847e-06
 2.93381e-06 -4.08133e-05 -3.84719e-06
 3.03612e-06 -4.11973e-05  -3.8474e-06
 3.07896e-06 -4.15867e-05  -3.8476e-06
 3.07025e-06 -4.18752e-05 -3.84779e-06
 3.15307e-06 -4.22435e-05 -3.84799e-06
 3.24726e-06 -4.26166e-05 -3.84819e-06
 3.25689e-06 -4.29651e-05 -3.84838e-06
 3.23957e-06 -4.32976e-05 -3.84857e-06
 3.37773e-06 -4.36721e-05 -3.84876e-06
 3.40777e-06 -4.40056e-05 -3.84895e-06
  3.4911e-06 -4.43246e-05 -3.84914e-06
 3.48923e-06 -4.47184e-05 -3.84933e-06
 3.53721e-06 -4.50658e-05 -3.84952e-06
 3.61171e-06 -4.54069e-05  -3.8497e-06
 3.71096e-06 -4.57426e-05 -3.84989e-06
 3.71147e-06 -4.60753e-05 -3.85007e-06
 3.73343e-06 -4.64484e-05 -3.85025e-06
 3.79763e-06 -4.68049e-05 -3.85043e-06
  3.8694e-06 -4.71345e-05 -3.85061e-06
 3.95669e-06 -4.74784e-05 -3.85079e-06
 3.96194e-06 -4.78464e-05 -3.85097e-06
 3.94916e-06 -4.81657e-05 -3.85114e-06
 4.05649e-06 -4.85113e-05 -3.85132e-06
 4.16035e-06 -4.88472e-05  -3.8515e-06
 4.19755e-06 -4.91664e-05 -3.85167e-06
  4.2123e-06 -4.95342e-05 -3.85184e-06
 4.32021e-06  -4.9858e-05 -3.85201e-06
 4.39146e-06 -5.02241e-05 -3.85218e-06
 4.41624e-06 -5.05095e-05 -3.85235e-06
  4.4589e-06 -5.08715e-05 -3.85252e-06
 4.52381e-06 -5.12069e-05 -3.85268e-06
 4.57045e-06 -5.15095e-05 -4.80652e-06
 4.64525e-06 -5.18503e-05 -4.80669e-06
 4.74711e-06 -5.22197e-05 -4.80685e-06
 4.69638e-06 -5.25248e-05 -3.85333e-06
 4.80413e-06 -5.28485e-05 -4.80717e-06
 4.88746e-06  -5.3196e-05 -4.80733e-06
  4.9013e-06  -5.3519e-05 -4.80749e-06
 4.89494e-06 -5.38418e-05 -3.85397e-06
 5.00037e-06 -5.41675e-05  -4.8078e-06
  5.0306e-06 -5.44689e-05 -4.80795e-06
 5.10078e-06 -5.47949e-05 -4.80811e-06
 5.18792e-06 -5.50921e-05 -4.80826e-06
 5.13306e-06 -5.54122e-05  -4.8084e-06
 5.22388e-06  -5.5736e-05 -4.80856e-06
 5.35191e-06 -5.60722e-05 -4.80871e-06
 5.36355e-06  -5.6352e-05 -4.80885e-06
 5.39544e-06 -5.66979e-05   -4.809e-06
 5.47677e-06 -5.70223e-05 -4.80914e-06
 5.47846e-06 -5.72887e-05 -4.80928e-06
 5.61989e-06 -5.76156e-05 -4.80943e-06
 5.72995e-06 -5.79354e-05 -4.80957e-06
  5.6537e-06 -5.82535e-05 -4.80971e-06
 5.73324e-06 -5.85361e-05 -4.80985e-06
 5.85899e-06 -5.88648e-05 -4.80999e-06
 5.86202e-06  -5.9141e-05 -4.81012e-06
 5.88531e-06 -5.94663e-05 -4.81026e-06
 6.02113e-06 -5.97708e-05  -4.8104e-06
 6.10924e-06 -6.00849e-05 -4.81053e-06
 6.12347e-06 -6.03548e-05 -4.81066e-06
 6.12818e-06 -6.06662e-05 -4.81079e-06
 6.24694e-06 -6.09726e-05 -4.81092e-06
 6.27128e-06 -6.12414e-05 -4.81105e-06
 6.37282e-06 -6.15477e-05 -4.81118e-06
 6.46111e-06 -6.18322e-05  -4.8113e-06
 6.39473e-06 -6.21443e-05 -4.81142e-06
 6.52899e-06 -6.24309e-05 -4.81155e-06
 6.62218e-06 -6.27295e-05 -4.81167e-06
 6.62213e-06 -6.29923e-05 -4.81179e-06
 6.64207e-06 -6.33105e-05 -4.81191e-06
 6.73252e-06 -6.35636e-05 -4.81203e-06
  6.7383e-06  -6.3858e-05 -4.81215e-06
 6.86639e-06 -6.41129e-05 -4.81227e-06
 6.96566e-06 -6.43853e-05 -4.81239e-06
 6.92173e-06 -6.46497e-05  -4.8125e-06
 7.01775e-06 -6.49743e-05 -4.81261e-06
 7.10199e-06 -6.52179e-05 -4.81272e-06
 7.12724e-06 -6.54688e-05 -4.81283e-06
 7.17847e-06 -6.57679e-05 -4.81294e-06
 7.29255e-06 -6.60696e-05 -4.81305e-06
 7.29491e-06 -6.62872e-05 -4.81316e-06
 7.38271e-06 -6.65403e-05 -4.81326e-06
 7.50548e-06 -6.68264e-05 -4.81337e-06
 7.44241e-06 -6.70977e-05 -4.81347e-06
 7.51903e-06 -6.73339e-05 -4.81357e-06
 7.62838e-06 -6.76162e-05 -4.81368e-06
 7.66101e-06 -6.78638e-05 -4.81378e-06
 7.66655e-06 -6.80961e-05 -4.81387e-06
 7.76608e-06 -6.83687e-05 -4.81397e-06
  7.8747e-06 -6.86237e-05 -4.81407e-06
 7.87515e-06 -6.88783e-05 -4.81416e-06
 7.98223e-06 -6.90841e-05 -4.81426e-06
 8.00296e-06 -6.93949e-05 -4.81435e-06
 8.04441e-06 -6.96201e-05 -4.81444e-06
 8.13805e-06 -6.98637e-05 -4.81454e-06
   8.238e-06 -7.01108e-05 -4.81463e-06
 8.18717e-06 -7.03668e-05 -4.81471e-06
  8.2733e-06 -7.06075e-05  -4.8148e-06
 8.37213e-06 -7.08321e-05 -4.81489e-06
  8.4372e-06 -7.10364e-05 -4.81497e-06
 8.51206e-06  -7.1289e-05 -4.81505e-06
 8.53165e-06 -7.15549e-05 -4.81514e-06
 8.54551e-06 -7.17331e-05 -4.81522e-06
  8.6448e-06 -7.19683e-05  -4.8153e-06
 8.78312e-06  -7.2198e-05 -4.81538e-06
 8.70577e-06 -7.24263e-05 -4.81545e-06
 8.83076e-06 -7.26588e-05 -4.81553e-06
 8.91079e-06 -7.28729e-05 -4.81561e-06
 8.91514e-06 -7.30835e-05 -4.81568e-06
  8.9332e-06 -7.33283e-05 -4.81575e-06
 9.08112e-06 -7.35477e-05 -4.81582e-06
 9.07782e-06 -7.37325e-05 -4.81589e-06
 9.17608e-06 -7.39396e-05 -4.81596e-06
 9.27778e-06 -7.41681e-05 -4.81603e-06
 9.22953e-06 -7.43628e-05  -4.8161e-06
 9.36748e-06 -7.45728e-05 -4.81616e-06
 9.42695e-06  -7.4772e-05 -4.81623e-06
 9.46051e-06 -7.49471e-05 -4.81629e-06
 9.46786e-06 -7.52053e-05 -4.81635e-06
 9.57677e-06 -7.54097e-05 -4.81642e-06
 9.67145e-06 -7.55893e-05 -4.81648e-06
 9.71398e-06 -7.57679e-05 -4.81653e-06
 9.80105e-06 -7.59836e-05 -4.81659e-06
 9.82502e-06 -7.61655e-05 -4.81665e-06
 9.82055e-06 -7.63524e-05  -4.8167e-06
 9.94612e-06 -7.65444e-05 -4.81676e-06
 1.00653e-05 -7.67173e-05 -4.81681e-06
 9.99491e-06 -7.68975e-05 -4.81686e-06
 1.00924e-05   -7.711e-05 -4.81691e-06
 1.01767e-05 -7.72889e-05 -4.81696e-06
 1.01973e-05 -7.74223e-05 -4.81701e-06
 1.02599e-05 -7.76184e-05 -4.81706e-06
 1.03135e-05 -7.78371e-05  -4.8171e-06
 1.03287e-05  -7.7958e-05 -4.81714e-06
 1.04145e-05 -7.81367e-05 -4.81719e-06
 1.05041e-05 -7.83149e-05 -4.81723e-06
 1.04554e-05 -7.84795e-05 -4.81727e-06
 1.05883e-05 -7.86431e-05 -4.81731e-06
 1.06798e-05 -7.88081e-05 -4.81735e-06
 1.06709e-05 -7.89155e-05 -4.81739e-06
 1.07059e-05 -7.91356e-05 -4.81742e-06
 1.07963e-05 -7.92974e-05 -4.81746e-06
 1.08246e-05 -7.94184e-05 -4.81749e-06
 1.09343e-05 -7.95491e-05 -4.81752e-06
  1.1037e-05 -7.97385e-05 -4.81756e-06
 1.09607e-05 -7.98491e-05 -4.81759e-06
 1.10764e-05 -8.00374e-05 -4.81761e-06
 1.11352e-05 -8.01854e-05 -4.81764e-06
 1.11606e-05 -8.02905e-05 -4.81767e-06
 1.12112e-05 -8.04496e-05 -4.81769e-06
 1.13157e-05 -8.06001e-05 -4.81772e-06
  1.1329e-05 -8.07017e-05 -4.81774e-06
 1.14221e-05 -8.08439e-05 -4.81776e-06
 1.15216e-05 -8.10006e-05 -4.81778e-06
 1.14776e-05 -8.11118e-05  -4.8178e-06
 1.15729e-05 -8.12441e-05 -4.81782e-06
 1.16753e-05 -8.13834e-05 -4.81784e-06
 1.17553e-05  -8.1531e-05 -4.81786e-06
 1.16817e-05 -8.16379e-05 -4.81787e-06
 1.18106e-05 -8.17501e-05 -4.81788e-06
  1.1919e-05 -8.18793e-05  -4.8179e-06
 1.19401e-05 -8.19704e-05 -4.81791e-06
 1.19297e-05  -8.2118e-05 -4.81792e-06
 1.20389e-05 -8.22423e-05 -4.81793e-06
 1.20345e-05  -8.2319e-05 -4.81793e-06
 1.21797e-05 -8.24322e-05 -4.81794e-06
 1.22561e-05 -8.25515e-05 -4.81795e-06
 1.21942e-05 -8.26504e-05 -4.81795e-06
 1.22409e-05 -8.27547e-05 -4.81795e-06
 1.23479e-05 -8.28703e-05 -4.81795e-06
  1.2338e-05 -8.28902e-05 -4.81795e-06
 1.23788e-05 -8.30415e-05 -4.81795e-06
  1.2514e-05 -8.31519e-05 -4.81795e-06
 1.25204e-05 -8.32154e-05 -4.81795e-06
 1.26191e-05 -8.33061e-05 -4.81795e-06
 1.26703e-05 -8.34165e-05 -4.81794e-06
 1.26113e-05 -8.35087e-05 -4.81793e-06
 1.27497e-05 -8.35958e-05 -4.81793e-06
 1.28463e-05 -8.36992e-05 -4.81792e-06
 1.28427e-05  -8.3721e-05 -4.81791e-06
 1.28745e-05 -8.38451e-05  -4.8179e-06
 1.29515e-05 -8.39243e-05 -4.81788e-06
 1.29574e-05 -8.39661e-05 -4.81787e-06
 1.30845e-05 -8.40537e-05 -4.81785e-06
 1.30614e-05 -8.41347e-05 -4.81784e-06
 1.30992e-05 -8.41935e-05 -4.81782e-06
  1.3189e-05 -8.42767e-05  -4.8178e-06
   1.328e-05 -8.43264e-05 -4.81778e-06
 1.33114e-05 -8.43643e-05 -4.81776e-06
 1.33198e-05 -8.44631e-05 -4.81774e-06
 1.34235e-05 -8.45134e-05 -4.81772e-06
  1.3439e-05 -8.45671e-05 -4.81769e-06
 1.35351e-05 -8.46327e-05 -4.81767e-06
 1.35311e-05 -8.47061e-05 -4.81764e-06
 1.36524e-05 -8.47477e-05 -4.81761e-06
 1.36629e-05 -8.48042e-05 -4.81758e-06
 1.37623e-05 -8.48519e-05 -4.81755e-06
 1.37728e-05 -8.48928e-05 -4.81752e-06
 1.37767e-05 -8.49242e-05 -4.81749e-06
 1.38678e-05  -8.4989e-05 -4.81746e-06
 1.39938e-05 -8.50236e-05 -4.81742e-06
 1.39596e-05 -8.50531e-05 -4.81738e-06
  1.3968e-05 -8.50843e-05 -4.81735e-06
 1.40484e-05 -8.51641e-05 -4.81731e-06
 1.40595e-05 -8.51543e-05 -4.81727e-06
 1.41338e-05 -8.51898e-05 -4.81723e-06
 1.41946e-05 -8.52325e-05 -4.81719e-06
 1.42029e-05 -8.52195e-05 -4.81714e-06
1.42832e-05 -8.5268e-05 -4.8171e-06
  1.4386e-05 -8.53114e-05 -4.81705e-06
  1.4399e-05 -8.53267e-05 -4.81701e-06
 1.43927e-05 -8.53684e-05 -4.81696e-06
 1.44923e-05 -8.53671e-05 -4.81691e-06
 1.45314e-05 -8.53853e-05 -4.81686e-06
  1.4595e-05 -8.54052e-05 -4.81681e-06
 1.46126e-05 -8.54732e-05 -4.81675e-06
 1.46298e-05 -8.54326e-05  -4.8167e-06
 1.46891e-05 -8.54384e-05 -4.81665e-06
 1.48259e-05 -8.54555e-05 -4.81659e-06
 1.47455e-05 -8.54661e-05 -4.81653e-06
 1.48563e-05 -8.54688e-05 -4.81647e-06
 1.49287e-05 -8.54853e-05 -4.81641e-06
 1.49184e-05 -8.54453e-05 -4.81635e-06
 1.50147e-05 -8.54549e-05 -4.81629e-06
 1.50708e-05 -8.54653e-05 -4.81623e-06
 1.50749e-05  -8.5435e-05 -4.81616e-06
 1.51469e-05 -8.54629e-05  -4.8161e-06
 1.52332e-05 -8.54288e-05 -4.81603e-06
 1.51627e-05 -8.54371e-05 -4.81596e-06
 1.52493e-05 -8.54271e-05 -4.81589e-06
 1.53079e-05 -8.54217e-05 -4.81582e-06
 1.53165e-05  -8.5386e-05 -4.81575e-06
 1.53302e-05 -8.53971e-05 -4.81568e-06
 1.54055e-05    -8.54e-05 -4.81561e-06
 1.54126e-05  -8.5333e-05 -4.81553e-06
 1.55054e-05 -8.53276e-05 -4.81545e-06
 1.56175e-05 -8.52843e-05 -4.81537e-06
 1.55341e-05 -8.52638e-05  -4.8153e-06
 1.56279e-05 -8.52288e-05 -4.81522e-06
 1.57005e-05 -8.52133e-05 -4.81514e-06
  1.5786e-05 -8.52056e-05 -4.81505e-06
 1.57087e-05 -8.51514e-05 -4.81497e-06
 1.58264e-05 -8.51259e-05 -4.81489e-06
 1.59047e-05 -8.51001e-05  -4.8148e-06
 1.59103e-05 -8.50278e-05 -4.81471e-06
 1.59188e-05 -8.50062e-05 -4.81463e-06
 1.59909e-05 -8.50007e-05 -4.81454e-06
 1.59803e-05 -8.49077e-05 -4.81445e-06
 1.60944e-05 -8.48731e-05 -4.81435e-06
 1.61846e-05 -8.48631e-05 -4.81426e-06
 1.61286e-05 -8.48165e-05 -4.81417e-06
 1.62006e-05  -8.4741e-05 -4.81407e-06
 1.62776e-05 -8.47034e-05 -4.81398e-06
 1.62827e-05  -8.4636e-05 -4.81388e-06
 1.63245e-05 -8.46237e-05 -4.81378e-06
 1.64092e-05 -8.45698e-05 -4.81368e-06
 1.63891e-05 -8.44823e-05 -4.81358e-06
 1.64344e-05 -8.44402e-05 -4.81348e-06
 1.64478e-05 -8.43814e-05 -4.81338e-06
 1.64335e-05 -8.42958e-05 -4.81327e-06
 1.65642e-05 -8.42523e-05 -4.81316e-06
 1.66361e-05 -8.41799e-05 -4.81306e-06
 1.66297e-05 -8.41195e-05 -4.81295e-06
 1.66385e-05 -8.40672e-05 -4.81284e-06
 1.67089e-05 -8.40146e-05 -4.81273e-06
 1.67138e-05 -8.39029e-05 -4.81262e-06
 1.68146e-05 -8.38568e-05  -4.8125e-06
 1.68241e-05 -8.37829e-05 -4.81239e-06
 1.68058e-05 -8.36987e-05  -3.8586e-06
 1.68897e-05 -8.36263e-05 -3.85849e-06
 1.69927e-05 -8.35528e-05 -4.81204e-06
 1.68836e-05 -8.35042e-05 -3.85825e-06
 1.69639e-05  -8.3399e-05 -4.81181e-06
 1.70611e-05 -8.33561e-05 -3.85801e-06
  1.7071e-05 -8.32251e-05 -3.85789e-06
 1.71598e-05 -8.31414e-05 -4.81144e-06
 1.71559e-05 -8.30769e-05 -3.85764e-06
 1.71601e-05 -8.29864e-05 -3.85752e-06
  1.7231e-05 -8.29067e-05 -3.85739e-06
 1.73274e-05 -8.28115e-05 -3.85726e-06
 1.72492e-05  -8.2741e-05 -3.85713e-06
1.73052e-05 -8.2628e-05  -3.857e-06
 1.73908e-05 -8.25232e-05 -4.81054e-06
 1.73679e-05 -8.24417e-05 -3.85674e-06
 1.73753e-05 -8.23545e-05  -3.8566e-06
 1.74779e-05 -8.22555e-05 -3.85647e-06
 1.74738e-05 -8.21372e-05 -3.85633e-06
 1.75484e-05 -8.20605e-05 -3.85619e-06
 1.76153e-05 -8.19517e-05 -3.85605e-06
  1.7525e-05 -8.18561e-05 -3.85592e-06
 1.76118e-05 -8.17329e-05 -3.85578e-06
 1.77362e-05 -8.16494e-05 -3.85563e-06
 1.77818e-05 -8.15554e-05 -3.85549e-06
 1.76938e-05 -8.14409e-05 -3.85535e-06
 1.77917e-05 -8.13406e-05  -3.8552e-06
 1.78739e-05 -8.12365e-05 -3.85505e-06
  1.7856e-05  -8.1089e-05 -3.85491e-06
 1.78461e-05 -8.09976e-05 -3.85476e-06
 1.79358e-05 -8.08896e-05 -3.85461e-06
 1.79594e-05 -8.07674e-05 -3.85445e-06
 1.79939e-05 -8.06512e-05  -3.8543e-06
 1.80671e-05 -8.05539e-05 -3.85415e-06
  1.7983e-05 -8.04279e-05   -3.854e-06
 1.80473e-05 -8.03198e-05 -3.85384e-06
 1.81465e-05 -8.02115e-05 -3.85368e-06
 1.81301e-05 -8.00527e-05 -3.85352e-06
 1.81275e-05 -7.99834e-05 -3.85336e-06
1.81865e-05 -7.9837e-05 -3.8532e-06
 1.81983e-05  -7.9719e-05 -3.85304e-06
 1.82714e-05 -7.95707e-05 -3.85288e-06
 1.82777e-05 -7.94863e-05 -3.85271e-06
 1.82962e-05 -7.93265e-05 -3.85255e-06
 1.83427e-05 -7.92219e-05 -3.85238e-06
 1.84375e-05 -7.90707e-05 -3.85221e-06
 1.83954e-05 -7.89319e-05 -3.85205e-06
 1.83933e-05 -7.88089e-05 -3.85188e-06
 1.84743e-05 -7.87092e-05  -3.8517e-06
 1.84915e-05 -7.85263e-05 -3.85153e-06
 1.85696e-05 -7.84176e-05 -3.85136e-06
 1.85286e-05 -7.82991e-05 -3.85118e-06
 1.85499e-05 -7.81384e-05 -3.85101e-06
 1.86096e-05 -7.80004e-05 -3.85083e-06
 1.86834e-05 -7.78776e-05 -3.85065e-06
 1.86203e-05 -7.77567e-05 -3.85048e-06
 1.86456e-05 -7.75913e-05  -3.8503e-06
 1.87426e-05 -7.74695e-05 -3.85011e-06
 1.87073e-05 -7.73149e-05 -3.84993e-06
 1.87911e-05  -7.7186e-05 -3.84974e-06
 1.87771e-05 -7.70626e-05 -3.84956e-06
 1.87761e-05  -7.6897e-05 -3.84938e-06
 1.88874e-05  -7.6774e-05 -3.84918e-06
 1.89579e-05 -7.66127e-05 -3.84899e-06
 1.88269e-05 -7.64687e-05 -3.84881e-06
 1.89325e-05 -7.63159e-05 -3.84862e-06
 1.89805e-05  -7.6185e-05 -3.84842e-06
  1.8964e-05 -7.60048e-05 -3.84823e-06
 1.89935e-05 -7.58917e-05 -3.84804e-06
 1.90616e-05 -7.57501e-05 -3.84784e-06
 1.90558e-05 -7.55789e-05 -3.84764e-06
 1.91269e-05 -7.54299e-05 -3.84744e-06
 1.90882e-05 -7.53048e-05 -3.84725e-06
 1.90919e-05 -7.51206e-05 -3.84705e-06
 1.91515e-05 -7.49941e-05 -3.84685e-06
 1.92234e-05 -7.48061e-05 -3.84664e-06
 1.92012e-05 -7.46562e-05 -3.84644e-06
  1.9192e-05 -7.45224e-05 -3.84624e-06
  1.9254e-05 -7.43927e-05 -3.84603e-06
 1.92441e-05 -7.41936e-05 -3.84582e-06
 1.93185e-05 -7.40494e-05 -3.84561e-06
 1.92964e-05 -7.39003e-05 -3.84541e-06
 1.93173e-05 -7.37417e-05 -3.84519e-06
 1.93796e-05 -7.35785e-05 -3.84498e-06
 1.94466e-05  -7.3446e-05 -3.84476e-06
  1.9432e-05 -7.32978e-05 -3.84455e-06
 1.94016e-05 -7.31367e-05 -3.84434e-06
 1.94932e-05 -7.29467e-05 -3.84412e-06
 1.95667e-05 -7.27984e-05  -3.8439e-06
 1.95816e-05 -7.26097e-05 -3.84368e-06
  1.9533e-05 -7.24692e-05 -3.84347e-06
 1.95968e-05 -7.23251e-05 -3.84324e-06
 1.95709e-05 -7.21421e-05 -3.84302e-06
1.96412e-05 -7.1989e-05 -3.8428e-06
 1.95881e-05 -7.18388e-05 -3.84258e-06
 1.96187e-05 -7.16363e-05 -3.84235e-06
 1.96875e-05 -7.14793e-05 -3.84212e-06
 1.97474e-05 -7.13167e-05 -3.84189e-06
 1.96496e-05 -7.11541e-05 -3.84167e-06
 1.97195e-05 -7.10251e-05 -3.84143e-06
 1.97739e-05 -7.08338e-05  -3.8412e-06
 1.97881e-05 -7.06625e-05 -3.84097e-06
 1.98736e-05 -7.04749e-05 -3.84073e-06
 1.98498e-05 -7.03316e-05  -3.8405e-06
 1.98211e-05 -7.01549e-05 -3.84026e-06
 1.98741e-05 -6.99729e-05 -3.84002e-06
 1.99246e-05 -6.98218e-05 -3.83978e-06
 1.98464e-05 -6.96487e-05 -3.83955e-06
 1.99144e-05 -6.94902e-05 -3.83931e-06
 1.99925e-05 -6.93311e-05 -3.83906e-06
 1.99613e-05 -6.91387e-05 -3.83882e-06
 1.99509e-05 -6.90012e-05 -3.83858e-06
 1.99585e-05  -6.8809e-05 -3.83833e-06
 1.99433e-05 -6.86422e-05 -3.83809e-06
 2.00427e-05 -6.84666e-05 -3.83784e-06
 2.00364e-05 -6.83002e-05 -3.83759e-06
 2.00247e-05 -6.80943e-05 -3.83734e-06
 2.00714e-05  -6.7947e-05 -3.83709e-06
 2.01559e-05 -6.77806e-05 -3.83683e-06
 2.01138e-05 -6.75872e-05 -3.83658e-06
 2.00852e-05 -6.74652e-05 -3.83633e-06
 2.01691e-05 -6.72885e-05 -3.83607e-06
 2.01683e-05 -6.70758e-05 -3.83581e-06
 2.02143e-05 -6.68904e-05 -3.83555e-06
  2.0209e-05 -6.67662e-05  -3.8353e-06
 2.01891e-05 -6.65578e-05 -3.83504e-06
 2.02423e-05 -6.64053e-05 -3.83477e-06
 2.03054e-05 -6.62259e-05 -3.83451e-06
 2.02118e-05 -6.60579e-05 -3.83425e-06
  2.0279e-05 -6.58628e-05 -3.83398e-06
 2.03298e-05  -6.5683e-05 -3.83372e-06
 2.03059e-05 -6.55195e-05 -3.83345e-06
 2.03583e-05  -6.5317e-05 -3.83318e-06
 2.03281e-05 -6.51946e-05 -3.83291e-06
 2.03172e-05 -6.50118e-05 -3.83264e-06
 2.03972e-05 -6.48479e-05 -3.83237e-06
 2.04646e-05 -6.46685e-05 -3.83209e-06
 2.03945e-05 -6.45062e-05 -3.83182e-06
 2.04225e-05 -6.43176e-05 -3.83155e-06
 2.04645e-05  -6.4146e-05 -3.83127e-06
 2.04554e-05 -6.39571e-05 -3.83099e-06
 2.04186e-05 -6.38158e-05 -2.87704e-06
 2.05086e-05  -6.3613e-05 -3.83043e-06
 2.04815e-05 -6.34199e-05 -3.83015e-06
 2.05343e-05 -6.32734e-05 -3.82987e-06
 2.05181e-05 -6.30972e-05 -3.82959e-06
 2.04515e-05 -6.29368e-05 -2.87563e-06
 2.05244e-05 -6.27567e-05 -3.82902e-06
 2.05827e-05 -6.25933e-05 -3.82873e-06
 2.05911e-05 -6.23923e-05 -3.82844e-06
   2.059e-05 -6.22439e-05 -3.82815e-06
 2.06161e-05 -6.20609e-05 -2.87419e-06
 2.05731e-05 -6.18703e-05  -2.8739e-06
 2.06562e-05 -6.17181e-05 -3.82727e-06
 2.06112e-05 -6.15484e-05 -2.87331e-06
 2.06018e-05 -6.13688e-05 -2.87302e-06
 2.06992e-05 -6.11782e-05 -3.82639e-06
 2.07431e-05  -6.1024e-05 -2.87241e-06
 2.06467e-05  -6.0857e-05 -2.87213e-06
 2.06878e-05 -6.06978e-05 -2.87182e-06
 2.07462e-05 -6.05355e-05 -2.87152e-06
 2.08034e-05 -6.03593e-05 -3.82489e-06
 2.07515e-05 -6.01197e-05 -2.87092e-06
 2.07444e-05 -5.99932e-05 -2.87061e-06
 2.08228e-05 -5.98201e-05  -2.8703e-06
  2.0763e-05 -5.96415e-05    -2.87e-06
 2.08036e-05   -5.946e-05 -2.86969e-06
 2.07961e-05 -5.93165e-05 -2.86938e-06
 2.07753e-05 -5.91365e-05 -2.86908e-06
 2.08175e-05 -5.89809e-05 -2.86876e-06
  2.0939e-05 -5.88119e-05 -3.82212e-06
 2.08122e-05 -5.86384e-05 -2.86814e-06
 2.08682e-05 -5.84926e-05 -2.86782e-06
 2.09085e-05 -5.83067e-05  -2.8675e-06
 2.08945e-05 -5.81512e-05 -2.86719e-06
 2.08636e-05 -5.79825e-05 -2.86687e-06
 2.09262e-05 -5.78005e-05 -2.86655e-06
  2.0862e-05 -5.76153e-05 -2.86624e-06
 2.09196e-05 -5.74345e-05 -2.86591e-06
 2.09818e-05 -5.73122e-05 -2.86558e-06
 2.08633e-05 -5.71157e-05 -2.86527e-06
 2.08922e-05 -5.69839e-05 -2.86495e-06
   2.096e-05 -5.67957e-05 -2.86461e-06
 2.09361e-05 -5.66076e-05 -2.86429e-06
 2.09586e-05 -5.64689e-05 -2.86396e-06
 2.10068e-05 -5.63011e-05 -2.86363e-06
 2.09861e-05 -5.61427e-05  -2.8633e-06
 2.10237e-05  -5.5964e-05 -2.86296e-06
 2.09993e-05 -5.58296e-05 -2.86263e-06
 2.09704e-05 -5.56364e-05  -2.8623e-06
 2.10231e-05 -5.55016e-05 -2.86196e-06
 2.11058e-05 -5.53143e-05 -2.86162e-06
 2.10279e-05 -5.51421e-05 -2.86129e-06
 2.10272e-05  -5.4997e-05 -2.86095e-06
 2.10534e-05 -5.48406e-05 -2.86061e-06
 2.10289e-05 -5.46622e-05 -2.86027e-06
  2.1079e-05 -5.44862e-05 -2.85993e-06
 2.10574e-05 -5.43785e-05 -2.85959e-06
 2.10599e-05 -5.41965e-05 -2.85924e-06
 2.11038e-05 -5.40453e-05  -2.8589e-06
 2.11499e-05 -5.39011e-05 -2.85854e-06
 2.10615e-05 -5.37408e-05 -2.85821e-06
 2.11229e-05 -5.35875e-05 -2.85785e-06
 2.11641e-05 -5.34418e-05  -2.8575e-06
 2.11042e-05 -5.32665e-05 -2.85715e-06
 2.10838e-05 -5.31361e-05  -2.8568e-06
 2.11398e-05 -5.29726e-05 -2.85645e-06
 2.10735e-05 -5.27894e-05  -2.8561e-06
 2.11359e-05 -5.26413e-05 -2.85574e-06
  2.1205e-05 -5.24913e-05 -2.85537e-06
 2.10758e-05  -5.2349e-05 -2.85503e-06
 2.11343e-05 -5.22021e-05 -2.85467e-06
 2.11574e-05 -5.20518e-05  -2.8543e-06
 2.11558e-05  -5.1861e-05 -2.85394e-06
 2.11442e-05  -5.1761e-05 -2.85358e-06
 2.11849e-05  -5.1588e-05 -2.85321e-06
 2.11764e-05 -5.14646e-05 -2.85285e-06
 2.12013e-05 -5.12913e-05 -2.85248e-06
 2.11896e-05 -5.11887e-05 -2.85212e-06
 2.11398e-05 -5.10297e-05 -2.85175e-06
 2.12204e-05  -5.0835e-05 -2.85138e-06
 2.12901e-05 -5.07205e-05   -2.851e-06
 2.11392e-05 -5.05551e-05 -2.85064e-06
 2.11939e-05 -5.04544e-05 -2.85027e-06
 2.12248e-05 -5.02893e-05 -2.84989e-06
 2.11852e-05 -5.01357e-05 -2.84952e-06
  2.1263e-05 -4.99729e-05 -2.84913e-06
 2.12444e-05 -4.98474e-05 -2.84876e-06
 2.11882e-05 -4.97052e-05 -2.84839e-06
 2.12267e-05 -4.95516e-05   -2.848e-06
 2.12859e-05 -4.94372e-05 -2.84762e-06
 2.11842e-05 -4.92855e-05 -2.84725e-06
  2.1234e-05 -4.91857e-05 -2.84686e-06
 2.12839e-05  -4.9037e-05 -2.84647e-06
 2.12954e-05 -4.88639e-05 -2.84608e-06
 2.12596e-05 -4.87723e-05  -2.8457e-06
 2.12668e-05  -4.8633e-05 -2.84531e-06
 2.11941e-05 -4.84852e-05 -2.84493e-06
 2.12549e-05 -4.83425e-05 -2.84453e-06
 2.12351e-05 -4.82369e-05 -2.84415e-06
 2.12029e-05 -4.80805e-05 -2.84376e-06
 2.12737e-05 -4.79494e-05 -2.84336e-06
 2.13305e-05 -4.78121e-05 -2.84296e-06
 2.12893e-05 -4.76623e-05 -2.84256e-06
 2.12551e-05 -4.75569e-05 -2.84217e-06
 2.12733e-05 -4.74484e-05 -2.84177e-06
 2.12702e-05 -4.72821e-05 -2.84137e-06
 2.13263e-05  -4.7187e-05 -2.84097e-06
 2.13278e-05 -4.70717e-05 -2.84057e-06
 2.12639e-05 -4.69411e-05 -2.84017e-06
 2.12947e-05  -4.6802e-05 -2.83976e-06
 2.13155e-05 -4.66738e-05 -2.83936e-06
  2.1309e-05 -4.65849e-05 -2.83895e-06
 2.12816e-05 -4.64409e-05 -2.83855e-06
 2.13216e-05 -4.63285e-05 -2.83813e-06
 2.13403e-05 -4.62069e-05 -2.83772e-06
  2.1344e-05 -4.60691e-05 -2.83731e-06
 2.12995e-05 -4.59679e-05 -2.83691e-06
 2.13416e-05 -4.58874e-05 -2.83649e-06
 2.13037e-05 -4.57011e-05 -2.83608e-06
 2.13407e-05 -4.56016e-05 -2.83566e-06
 2.13368e-05 -4.55203e-05 -2.83524e-06
 2.12767e-05 -4.53864e-05 -2.83483e-06
 2.13812e-05 -4.52905e-05  -2.8344e-06
 2.13642e-05 -4.51702e-05 -2.83398e-06
 2.12772e-05 -4.50683e-05 -2.83357e-06
 2.13082e-05 -4.49287e-05 -2.83315e-06
 2.13581e-05 -4.48509e-05 -2.83272e-06
 2.12991e-05 -4.47009e-05  -2.8323e-06
 2.12717e-05 -4.46455e-05 -2.83188e-06
 2.13649e-05 -4.45253e-05 -2.83144e-06
 2.13019e-05 -4.43902e-05 -2.83102e-06
 2.13542e-05 -4.42789e-05 -2.83059e-06
 2.14172e-05 -4.41935e-05 -2.83015e-06
 2.12798e-05 -4.40844e-05 -2.82974e-06
2.12918e-05 -4.3978e-05 -2.8293e-06
 2.13744e-05 -4.38886e-05 -2.82886e-06
 2.13305e-05 -4.37378e-05 -2.82843e-06
 2.12987e-05 -4.36821e-05   -2.828e-06
  2.1338e-05 -4.35907e-05 -2.82756e-06
 2.12989e-05 -4.34882e-05 -2.82712e-06
 2.13463e-05 -4.33823e-05 -2.82668e-06
 2.12957e-05  -4.3337e-05 -2.82624e-06
 2.12617e-05 -4.32116e-05 -2.82581e-06
 2.12971e-05 -4.31241e-05 -2.82536e-06
 2.13786e-05 -4.30154e-05  -2.8249e-06
 2.12526e-05 -4.29179e-05 -2.82448e-06
 2.12856e-05 -4.28373e-05 -2.82403e-06
 2.13612e-05 -4.27491e-05 -2.82357e-06
 2.12938e-05 -4.26434e-05 -2.82313e-06
 2.13313e-05  -4.2539e-05 -2.82268e-06
 2.12868e-05 -4.24711e-05 -2.82223e-06
 2.12644e-05 -4.23614e-05 -2.82178e-06
 2.13187e-05 -4.22744e-05 -2.82132e-06
 2.13634e-05 -4.21852e-05 -2.82086e-06
 2.12431e-05 -4.21231e-05 -2.82042e-06
 2.12644e-05 -4.20478e-05 -2.81996e-06
 2.13192e-05 -4.19673e-05  -2.8195e-06
 2.13058e-05 -4.18472e-05 -2.81904e-06
 2.12685e-05 -4.17905e-05 -2.81859e-06
 2.13243e-05 -4.17168e-05 -2.81812e-06
 2.12888e-05 -4.16248e-05 -2.81766e-06
 2.13211e-05 -4.15403e-05 -2.81719e-06
 2.12866e-05 -4.14789e-05 -2.81673e-06
 2.12263e-05 -4.13973e-05 -2.81628e-06
 2.12505e-05 -4.13127e-05 -2.81581e-06
 2.13299e-05 -4.12256e-05 -2.81533e-06
 2.13053e-05 -4.11801e-05 -2.81486e-06
 2.12495e-05 -4.10964e-05  -2.8144e-06
 2.12721e-05 -4.10516e-05 -2.81392e-06
 2.12707e-05 -4.09435e-05 -2.81345e-06
 2.13063e-05 -4.08923e-05 -2.81297e-06
 2.12547e-05 -4.08381e-05 -2.81251e-06
  2.1219e-05 -4.07653e-05 -2.81204e-06
 2.12823e-05 -4.06915e-05 -2.81155e-06
 2.13329e-05 -4.06305e-05 -2.81106e-06
 2.12105e-05 -4.05563e-05  -2.8106e-06
 2.12685e-05  -4.0476e-05 -2.81011e-06
 2.12556e-05 -4.04237e-05 -2.80963e-06
 2.12028e-05 -4.03205e-05 -2.80916e-06
 2.11699e-05 -4.03254e-05 -2.80868e-06
 2.12859e-05 -4.02367e-05 -2.80818e-06
 2.12263e-05 -4.01969e-05  -2.8077e-06
 2.12753e-05 -4.01257e-05 -2.80721e-06
 2.12734e-05 -4.00716e-05 -2.80672e-06
 2.11831e-05 -4.00209e-05 -2.80624e-06
 2.11987e-05 -3.99767e-05 -2.80575e-06
 2.12529e-05 -3.99167e-05 -2.80525e-06
 2.12373e-05 -3.98645e-05 -2.80476e-06
  2.1219e-05 -3.98127e-05 -2.80427e-06
 2.12387e-05 -3.97595e-05 -2.80377e-06
 2.11719e-05 -3.96897e-05 -2.80328e-06
 2.12009e-05 -3.96148e-05 -2.80278e-06
 2.11794e-05  -3.9616e-05 -2.80228e-06
 2.11313e-05 -3.95424e-05 -2.80179e-06
 2.11768e-05 -3.94802e-05 -2.80128e-06
 2.12431e-05 -3.94548e-05 -2.80077e-06
 2.11213e-05  -3.9418e-05 -2.80028e-06
 2.11529e-05 -3.93807e-05 -2.79978e-06
 2.12182e-05 -3.93475e-05 -2.79926e-06
 2.11609e-05 -3.92892e-05 -2.79876e-06
 2.11907e-05 -3.92371e-05 -2.79825e-06
 2.11812e-05 -3.92317e-05 -2.79774e-06
 2.11473e-05 -3.91596e-05 -2.79724e-06
 2.11707e-05 -3.91357e-05 -2.79672e-06
 2.11842e-05 -3.90968e-05 -2.79621e-06
 2.10742e-05 -3.90594e-05 -2.79571e-06
 2.11132e-05 -3.90226e-05 -2.79519e-06
 2.11554e-05 -3.89878e-05 -2.79467e-06
 2.11193e-05 -3.89349e-05 -2.79415e-06
 2.11048e-05 -3.89361e-05 -2.79364e-06
 2.11459e-05 -3.89112e-05 -2.79311e-06
  2.1158e-05 -3.88722e-05 -2.79259e-06
  2.1122e-05 -3.88314e-05 -2.79207e-06
 2.11096e-05 -3.88342e-05 -2.79155e-06
  2.1161e-05 -3.87903e-05 -2.79102e-06
 2.11128e-05 -3.87691e-05  -2.7905e-06
 2.11147e-05 -3.87152e-05 -2.78998e-06
 2.11807e-05 -3.86872e-05 -2.78944e-06
 2.10453e-05 -3.86833e-05 -2.78893e-06
 2.10947e-05 -3.86543e-05 -2.78839e-06
 2.11087e-05 -3.86409e-05 -2.78786e-06
 2.10927e-05 -3.85939e-05 -2.78733e-06
2.10545e-05 -3.8604e-05 -2.7868e-06
 2.10816e-05 -3.86054e-05 -2.78627e-06
 2.10593e-05 -3.85458e-05 -2.78573e-06
 2.11018e-05 -3.85401e-05 -2.78519e-06
 2.10895e-05 -3.85236e-05 -2.78465e-06
 2.10557e-05 -3.85044e-05 -2.78412e-06
 2.10776e-05 -3.85007e-05 -2.78358e-06
 2.10907e-05  -3.8492e-05 -2.78303e-06
 2.10465e-05 -3.84342e-05  -2.7825e-06
  2.1039e-05  -3.8471e-05 -2.78196e-06
 2.10665e-05 -3.84282e-05 -2.78141e-06
 2.10201e-05 -3.84053e-05 -2.78087e-06
 2.10562e-05 -3.83983e-05 -2.78032e-06
 2.10318e-05 -3.84397e-05 -2.77977e-06
 2.09729e-05 -3.83857e-05 -1.82556e-06
 2.10027e-05 -3.84232e-05   -1.825e-06
 2.10771e-05 -3.83784e-05 -2.77811e-06
 2.09711e-05 -3.83806e-05 -2.77758e-06
 2.10147e-05 -3.83669e-05 -2.77702e-06
 2.10296e-05 -3.83872e-05 -1.82279e-06
 2.09537e-05 -3.83445e-05 -1.82224e-06
 2.09207e-05 -3.84007e-05 -1.82169e-06
 2.09786e-05 -3.83737e-05  -2.7748e-06
 2.09365e-05 -3.83671e-05 -1.82057e-06
 2.09997e-05 -3.83723e-05 -2.77367e-06
 2.10292e-05  -3.8368e-05 -2.77311e-06
 2.08992e-05 -3.83795e-05 -1.81889e-06
 2.09565e-05 -3.83823e-05 -2.77199e-06
 2.09966e-05 -3.83962e-05 -2.77142e-06
 2.09388e-05 -3.83875e-05 -1.81719e-06
 2.09031e-05 -3.83888e-05 -1.81663e-06
 2.09767e-05 -3.84051e-05 -2.76972e-06
 2.09381e-05 -3.83987e-05 -2.76916e-06
 2.09497e-05  -3.8403e-05 -2.76858e-06
 2.08876e-05 -3.84342e-05 -1.81435e-06
 2.08506e-05 -3.84154e-05 -2.76745e-06
 2.09013e-05 -3.84398e-05 -2.76687e-06
 2.09216e-05 -3.84697e-05 -2.76629e-06
 2.08427e-05 -3.84592e-05 -1.81206e-06
 2.08915e-05 -3.84962e-05 -1.81147e-06
 2.09141e-05 -3.85327e-05 -2.76456e-06
 2.08521e-05 -3.84933e-05 -1.81032e-06
 2.08979e-05 -3.85017e-05  -2.7634e-06
  2.0878e-05 -3.85577e-05 -2.76282e-06
 2.08106e-05 -3.85585e-05 -1.80858e-06
 2.08276e-05 -3.85939e-05 -1.80799e-06
 2.08962e-05 -3.86025e-05 -2.76107e-06
 2.07741e-05 -3.86366e-05 -1.80683e-06
 2.08051e-05 -3.86314e-05 -1.80623e-06
 2.08314e-05 -3.86613e-05 -2.75931e-06
 2.07972e-05 -3.86523e-05 -1.80505e-06
 2.07681e-05 -3.87144e-05 -1.80447e-06
 2.08145e-05 -3.87334e-05 -2.75754e-06
 2.07897e-05 -3.87428e-05 -1.80328e-06
 2.08211e-05  -3.8754e-05 -1.80268e-06
 2.07951e-05 -3.88234e-05 -2.75576e-06
 2.07422e-05 -3.88074e-05  -1.8015e-06
 2.07831e-05 -3.88689e-05 -1.80089e-06
 2.07874e-05 -3.88762e-05 -2.75396e-06
 2.07475e-05 -3.89079e-05  -1.7997e-06
 2.07498e-05 -3.89482e-05 -1.79909e-06
 2.07736e-05 -3.89619e-05 -1.79849e-06
 2.07024e-05 -3.89882e-05  -1.7979e-06
 2.07683e-05 -3.90141e-05 -2.75095e-06
 2.07304e-05    -3.91e-05 -1.79668e-06
 2.06799e-05 -3.90882e-05 -1.79608e-06
 2.07095e-05  -3.9158e-05 -1.79547e-06
 2.07789e-05 -3.91761e-05 -2.74852e-06
 2.06794e-05 -3.92289e-05 -1.79425e-06
 2.07076e-05 -3.92477e-05 -2.74731e-06
 2.07588e-05 -3.93095e-05 -2.74668e-06
 2.06637e-05 -3.93133e-05 -1.79241e-06
 2.06084e-05 -3.93751e-05 -1.79181e-06
 2.06462e-05 -3.94113e-05 -1.79118e-06
 2.06168e-05  -3.9436e-05 -1.79057e-06
 2.06614e-05 -3.94752e-05 -1.78994e-06
 2.07186e-05 -3.94904e-05 -1.78931e-06
 2.06154e-05 -3.95598e-05 -1.78871e-06
 2.06327e-05 -3.96019e-05 -1.78809e-06
 2.06768e-05 -3.96511e-05 -1.78745e-06
  2.0619e-05 -3.96605e-05 -1.78684e-06
 2.05972e-05 -3.97184e-05 -1.78622e-06
 2.06692e-05 -3.97742e-05 -1.78558e-06
 2.06891e-05 -3.98246e-05 -1.78495e-06
 2.06249e-05 -3.98547e-05 -1.78433e-06
 2.05948e-05 -3.99311e-05  -1.7837e-06
 2.06503e-05 -3.99703e-05 -2.73674e-06
 2.05853e-05 -4.00174e-05 -1.78244e-06
  2.0603e-05 -4.00631e-05  -1.7818e-06
 2.06008e-05 -4.01252e-05 -1.78117e-06
 2.05622e-05 -4.01583e-05 -1.78054e-06
  2.0585e-05 -4.02094e-05  -1.7799e-06
 2.06254e-05 -4.02565e-05 -1.77925e-06
 2.05937e-05 -4.03165e-05 -1.77862e-06
 2.05537e-05 -4.03508e-05 -1.77798e-06
 2.05817e-05 -4.04408e-05 -1.77734e-06
 2.05675e-05 -4.04386e-05  -1.7767e-06
 2.05531e-05  -4.0511e-05 -1.77606e-06
 2.05101e-05 -4.05873e-05 -1.77542e-06
 2.04913e-05  -4.0613e-05 -1.77478e-06
 2.05329e-05 -4.06928e-05 -1.77412e-06
 2.05768e-05 -4.07414e-05 -2.72714e-06
 2.04579e-05 -4.08294e-05 -1.77284e-06
 2.04928e-05   -4.086e-05 -1.77218e-06
 2.05473e-05 -4.09164e-05 -2.72519e-06
 2.04934e-05 -4.09507e-05 -1.77087e-06
 2.04687e-05 -4.10433e-05 -1.77022e-06
 2.04968e-05 -4.10926e-05 -2.72324e-06
 2.04534e-05 -4.11422e-05 -1.76891e-06
 2.04715e-05 -4.12002e-05 -1.76825e-06
 2.04881e-05 -4.12628e-05 -1.76759e-06
 2.03889e-05 -4.13155e-05 -1.76695e-06
 2.04261e-05 -4.13792e-05 -1.76628e-06
 2.04782e-05  -4.1457e-05 -1.76561e-06
 2.04314e-05 -4.14734e-05 -1.76495e-06
  2.0398e-05 -4.15777e-05 -1.76429e-06
 2.04524e-05 -4.16568e-05 -1.76362e-06
 2.03964e-05 -4.17041e-05 -1.76296e-06
 2.04765e-05 -4.17782e-05 -2.71595e-06
  2.0433e-05 -4.18494e-05 -2.71529e-06
  2.0379e-05  -4.1893e-05 -1.76096e-06
 2.04102e-05 -4.19714e-05 -1.76028e-06
 2.04138e-05 -4.20391e-05  -1.7596e-06
 2.03066e-05  -4.2092e-05 -1.75895e-06
  2.0328e-05 -4.21742e-05 -1.75827e-06
 2.03907e-05 -4.22576e-05 -1.75758e-06
 2.03361e-05 -4.22865e-05 -1.75692e-06
 2.03774e-05 -4.23536e-05 -1.75623e-06
 2.03653e-05 -4.24522e-05 -1.75555e-06
  2.0318e-05  -4.2497e-05 -1.75488e-06
 2.03438e-05 -4.25751e-05 -1.75419e-06
 2.04008e-05 -4.26548e-05 -2.70717e-06
 2.03032e-05 -4.27409e-05 -1.75283e-06
 2.03462e-05 -4.27979e-05 -2.70581e-06
 2.03562e-05 -4.28572e-05 -1.75145e-06
 2.02966e-05 -4.29274e-05 -1.75078e-06
 2.02456e-05 -4.30407e-05  -1.7501e-06
 2.03021e-05 -4.31059e-05  -1.7494e-06
 2.02571e-05 -4.31503e-05 -1.74871e-06
 2.02824e-05 -4.32105e-05 -1.74802e-06
 2.02849e-05 -4.32986e-05 -1.74732e-06
 2.02387e-05  -4.3355e-05 -1.74664e-06
 2.02815e-05 -4.34265e-05 -1.74593e-06
 2.03038e-05 -4.35328e-05 -1.74523e-06
 2.02567e-05  -4.3586e-05 -1.74454e-06
 2.02215e-05 -4.36741e-05 -1.74385e-06
 2.02617e-05 -4.37803e-05 -1.74314e-06
 2.02658e-05 -4.38089e-05 -1.74244e-06
 2.02698e-05 -4.38857e-05 -1.74174e-06
 2.02057e-05 -4.39845e-05 -1.74105e-06
 2.01961e-05 -4.40618e-05 -1.74034e-06
 2.02053e-05 -4.41105e-05 -1.73964e-06
 2.02648e-05 -4.41991e-05 -2.69259e-06
 2.01216e-05 -4.42897e-05 -1.73824e-06
  2.0201e-05 -4.43483e-05 -1.73751e-06
 2.02436e-05 -4.44493e-05 -1.73679e-06
 2.01754e-05  -4.4482e-05 -1.73609e-06
 2.01395e-05 -4.46157e-05 -1.73539e-06
 2.01755e-05 -4.46988e-05 -1.73467e-06
 2.01387e-05 -4.47378e-05 -1.73396e-06
 2.01924e-05 -4.48187e-05 -1.73323e-06
 2.01306e-05 -4.49288e-05 -1.73253e-06
 2.00906e-05 -4.49999e-05 -1.73182e-06
 2.01282e-05 -4.50616e-05 -1.73109e-06
 2.01355e-05 -4.51571e-05 -1.73037e-06
 2.01037e-05 -4.51905e-05 -1.72965e-06
 2.00814e-05 -4.53161e-05 -1.72893e-06
  2.0142e-05 -4.54063e-05 -2.68187e-06
 2.02082e-05 -4.54772e-05 -2.68113e-06
 2.01487e-05 -4.55607e-05 -1.72674e-06
 2.00975e-05 -4.56497e-05 -1.72603e-06
 2.01248e-05 -4.57399e-05 -1.72529e-06
 2.01254e-05 -4.57957e-05 -2.67823e-06
 2.01223e-05  -4.5876e-05 -1.72383e-06
 2.00584e-05 -4.59707e-05 -1.72311e-06
 2.00669e-05 -4.60367e-05 -1.72238e-06
  2.0098e-05 -4.61266e-05 -1.72163e-06
 2.01151e-05 -4.62262e-05 -2.67457e-06
 2.00218e-05 -4.62954e-05 -1.72018e-06
 2.00553e-05  -4.6381e-05 -2.67311e-06
 2.00705e-05 -4.64509e-05 -1.71869e-06
  2.0033e-05 -4.65387e-05 -1.71796e-06
 2.00654e-05 -4.66276e-05 -1.71721e-06
 2.00548e-05 -4.67353e-05 -1.71647e-06
 2.00296e-05 -4.68136e-05 -1.71573e-06
 2.00664e-05 -4.68857e-05 -2.66865e-06
 2.00854e-05 -4.69583e-05  -2.6679e-06
 1.99791e-05 -4.70501e-05  -1.7135e-06
 1.99914e-05 -4.71258e-05 -2.66643e-06
  2.0031e-05 -4.72327e-05 -1.71199e-06
   1.999e-05 -4.72749e-05 -1.71125e-06
 1.99525e-05 -4.74042e-05 -1.71051e-06
 2.00237e-05   -4.748e-05 -2.66341e-06
 1.99765e-05 -4.75479e-05 -2.66267e-06
 1.99909e-05 -4.76389e-05 -1.70824e-06
 1.99425e-05 -4.77447e-05 -1.70749e-06
 1.99005e-05 -4.78237e-05 -1.70674e-06
 1.99822e-05 -4.78858e-05 -1.70597e-06
 2.00406e-05 -4.79852e-05 -2.65887e-06
 1.99656e-05 -4.80617e-05 -1.70445e-06
  1.9952e-05 -4.81596e-05 -2.65736e-06
 1.99362e-05  -4.8242e-05 -1.70293e-06
  1.9908e-05 -4.82927e-05 -1.70217e-06
 1.99456e-05  -4.8413e-05 -2.65507e-06
 1.99377e-05 -4.85227e-05 -1.70063e-06
 1.99068e-05  -4.8576e-05 -1.69987e-06
 1.99387e-05 -4.86693e-05  -1.6991e-06
 1.99621e-05 -4.87437e-05 -2.65199e-06
 1.98449e-05 -4.88409e-05 -1.69757e-06
 1.98886e-05 -4.89159e-05 -2.65047e-06
 1.99309e-05 -4.90257e-05 -2.64968e-06
  1.9904e-05 -4.90717e-05 -1.69524e-06
 1.98602e-05 -4.91849e-05 -1.69447e-06
 1.99169e-05 -4.92674e-05 -2.64736e-06
 1.98484e-05 -4.93235e-05 -1.69292e-06
 1.98688e-05 -4.94117e-05 -2.64581e-06
 1.98869e-05 -4.95154e-05 -1.69135e-06
 1.97915e-05 -4.95895e-05 -1.69059e-06
 1.98845e-05 -4.96899e-05 -2.64346e-06
 1.98992e-05 -4.97574e-05 -2.64268e-06
  1.9847e-05 -4.98412e-05 -1.68823e-06
 1.98029e-05 -4.99368e-05 -1.68745e-06
 1.98654e-05 -5.00433e-05 -2.64032e-06
 1.98122e-05 -5.00971e-05 -1.68587e-06
 1.98514e-05 -5.01828e-05 -2.63875e-06
 1.98313e-05 -5.02779e-05 -1.68429e-06
 1.98123e-05 -5.03245e-05  -1.6835e-06
 1.98337e-05 -5.04485e-05 -2.63638e-06
 1.98462e-05 -5.05249e-05 -1.68191e-06
 1.97166e-05 -5.06043e-05 -1.68114e-06
 1.97763e-05 -5.06882e-05 -1.68033e-06
 1.98124e-05 -5.07775e-05  -2.6332e-06
 1.97842e-05 -5.08468e-05 -1.67873e-06
  1.9844e-05 -5.09476e-05 -2.63159e-06
 1.97963e-05  -5.1055e-05 -1.67713e-06
 1.97608e-05  -5.1116e-05 -2.63001e-06
 1.98084e-05 -5.12086e-05 -2.62919e-06
 1.98373e-05 -5.12862e-05 -2.62838e-06
 1.97205e-05 -5.13766e-05  -2.6276e-06
 1.97952e-05 -5.14501e-05 -2.62678e-06
 1.98433e-05 -5.15534e-05 -2.62596e-06
 1.97609e-05 -5.15951e-05 -2.62517e-06
 1.96946e-05 -5.17067e-05  -1.6707e-06
 1.97517e-05  -5.1801e-05 -2.62355e-06
 1.96866e-05 -5.18539e-05 -1.66908e-06
  1.9746e-05 -5.19331e-05 -2.62192e-06
  1.9742e-05   -5.201e-05 -2.62111e-06
 1.97732e-05 -5.21375e-05 -2.62029e-06
 1.97208e-05 -5.21953e-05 -1.66581e-06
 1.97712e-05 -5.22761e-05 -2.61865e-06
 1.98073e-05  -5.2353e-05 -2.61782e-06
 1.96891e-05 -5.24253e-05 -2.61703e-06
  1.9724e-05 -5.25371e-05  -2.6162e-06
 1.98217e-05 -5.26056e-05 -2.61535e-06
 1.97395e-05 -5.26353e-05 -2.61455e-06
 1.96918e-05 -5.27795e-05 -2.61374e-06
  1.9718e-05 -5.28532e-05  -2.6129e-06
 1.96736e-05 -5.29169e-05 -2.61209e-06
 1.97279e-05 -5.29566e-05 -2.61124e-06
 1.96944e-05 -5.30868e-05 -2.61042e-06
 1.96867e-05 -5.31565e-05 -2.60959e-06
 1.97134e-05 -5.32353e-05 -2.60875e-06
 1.97576e-05 -5.33298e-05 -2.60791e-06
 1.96352e-05 -5.33934e-05 -1.65343e-06
 1.96439e-05  -5.3487e-05 -1.65259e-06
 1.96936e-05 -5.35518e-05 -2.60542e-06
 1.96794e-05 -5.36112e-05 -2.60458e-06
 1.97295e-05 -5.36992e-05 -2.60373e-06
 1.96868e-05 -5.38012e-05  -2.6029e-06
 1.96389e-05 -5.38811e-05 -2.60207e-06
 1.96729e-05 -5.39414e-05 -2.60122e-06
 1.97005e-05 -5.40367e-05 -2.60037e-06
 1.95771e-05  -5.4105e-05 -2.59956e-06
1.96212e-05 -5.4175e-05 -2.5987e-06
 1.97223e-05 -5.42576e-05 -2.59783e-06
 1.96616e-05 -5.43003e-05   -2.597e-06
 1.96098e-05 -5.44285e-05 -2.59616e-06
 1.96387e-05 -5.45002e-05  -2.5953e-06
 1.96148e-05 -5.45234e-05 -2.59446e-06
 1.96496e-05 -5.46126e-05 -2.59359e-06
 1.96047e-05 -5.47062e-05 -2.59275e-06
 1.95841e-05 -5.47635e-05  -2.5919e-06
 1.96093e-05 -5.48235e-05 -2.59104e-06
 1.96564e-05  -5.4897e-05 -2.59017e-06
 1.96162e-05 -5.49632e-05 -2.58932e-06
 1.95599e-05 -5.50887e-05 -2.58848e-06
 1.96133e-05 -5.51195e-05  -2.5876e-06
 1.95566e-05 -5.51896e-05 -2.58675e-06
 1.96416e-05 -5.52492e-05 -2.58587e-06
 1.96073e-05 -5.53647e-05 -2.58501e-06
 1.95741e-05 -5.54275e-05 -2.58416e-06
 1.96053e-05 -5.54868e-05 -2.58328e-06
 1.96108e-05 -5.55659e-05 -2.58241e-06
 1.95007e-05 -5.56259e-05 -2.58157e-06
 1.95695e-05 -5.56969e-05 -2.58068e-06
 1.95954e-05 -5.57894e-05 -2.57981e-06
  1.9548e-05 -5.57919e-05 -2.57895e-06
 1.94913e-05 -5.59221e-05 -2.57809e-06
 1.95375e-05 -5.59664e-05  -2.5772e-06
 1.94924e-05 -5.60425e-05 -2.57634e-06
 1.95451e-05 -5.61118e-05 -2.57544e-06
 1.95014e-05 -5.62012e-05 -2.57458e-06
 1.95085e-05 -5.62445e-05  -2.5737e-06
 1.95433e-05 -5.62892e-05 -2.57281e-06
 1.95892e-05 -5.63868e-05 -2.57191e-06
 1.95398e-05 -5.64275e-05 -2.57104e-06
 1.95306e-05 -5.65239e-05 -2.57016e-06
 1.95542e-05 -5.66113e-05 -2.56927e-06
  1.9487e-05 -5.66068e-05  -2.5684e-06
 1.95385e-05 -5.66981e-05  -2.5675e-06
 1.94837e-05 -5.67805e-05 -2.56663e-06
 1.94749e-05 -5.68251e-05 -2.56574e-06
 1.94713e-05 -5.68863e-05 -2.56485e-06
 1.95554e-05 -5.69456e-05 -2.56394e-06
 1.94198e-05 -5.70203e-05 -2.56308e-06
   1.946e-05 -5.70819e-05 -2.56217e-06
 1.95245e-05 -5.71501e-05 -2.56126e-06
 1.94806e-05 -5.71781e-05 -2.56038e-06
 1.94549e-05 -5.72789e-05 -2.55949e-06
 1.95011e-05 -5.73392e-05 -2.55857e-06
 1.95485e-05 -5.73877e-05 -2.55766e-06
 1.94936e-05 -5.74294e-05 -2.55678e-06
 1.95137e-05 -5.74996e-05 -2.55587e-06
 1.95104e-05 -5.76049e-05 -2.55497e-06
 1.94474e-05 -5.76308e-05 -2.55408e-06
 1.95062e-05 -5.77054e-05 -2.55316e-06
 1.95333e-05 -5.77514e-05 -2.55224e-06
 1.94205e-05 -5.78135e-05 -2.55136e-06
 1.94676e-05  -5.7877e-05 -2.55044e-06
  1.9492e-05 -5.79359e-05 -2.54953e-06
 1.94932e-05 -5.79711e-05 -2.54861e-06
 1.94428e-05 -5.80472e-05 -2.54771e-06
 1.94981e-05 -5.81016e-05 -2.54679e-06
 1.94523e-05 -5.81431e-05 -2.54588e-06
 1.94904e-05 -5.82114e-05 -2.54496e-06
 1.94172e-05 -5.82849e-05 -2.54406e-06
 1.93982e-05 -5.83143e-05 -2.54315e-06
   1.946e-05 -5.83574e-05 -2.54221e-06
 1.94869e-05 -5.84277e-05 -2.54128e-06
 1.94479e-05  -5.8473e-05 -2.54037e-06
 1.94115e-05   -5.851e-05 -2.53946e-06
 1.94586e-05 -5.85742e-05 -2.53852e-06
 1.94103e-05 -5.86258e-05 -2.53761e-06
 1.94484e-05 -5.86669e-05 -2.53667e-06
 1.94595e-05 -5.87548e-05 -2.53574e-06
 1.94021e-05 -5.87626e-05 -2.53483e-06
 1.94539e-05 -5.88389e-05 -2.53388e-06
 1.94929e-05 -5.88874e-05 -2.53294e-06
 1.93652e-05 -5.89234e-05 -2.53205e-06
 1.94217e-05 -5.89868e-05  -2.5311e-06
  1.9443e-05 -5.90376e-05 -2.53016e-06
 1.94019e-05 -5.90639e-05 -2.52923e-06
 1.93545e-05 -5.91181e-05 -2.52831e-06
 1.94122e-05 -5.91672e-05 -2.52735e-06
 1.93664e-05 -5.91774e-05 -2.52643e-06
 1.94185e-05 -5.92484e-05 -2.52547e-06
 1.94605e-05 -5.93092e-05 -2.52452e-06
 1.93044e-05 -5.93452e-05 -2.52362e-06
 1.94095e-05 -5.94044e-05 -2.52265e-06
 1.94404e-05  -5.9454e-05 -2.52169e-06
 1.93984e-05 -5.94753e-05 -2.52076e-06
 1.93625e-05 -5.95174e-05 -2.51982e-06
 1.94264e-05 -5.95713e-05 -2.51886e-06
 1.93769e-05  -5.9618e-05 -2.51792e-06
 1.93983e-05  -5.9634e-05 -2.51696e-06
 1.93719e-05 -5.97146e-05 -2.51602e-06
 1.93392e-05 -5.97143e-05 -2.51508e-06
 1.93691e-05 -5.97766e-05 -2.51411e-06
 1.94151e-05 -5.98064e-05 -2.51315e-06
 1.92944e-05 -5.98401e-05 -2.51222e-06
 1.93294e-05 -5.98782e-05 -2.51126e-06
 1.93885e-05 -5.99249e-05 -2.51028e-06
 1.93519e-05 -5.99532e-05 -2.50933e-06
 1.94107e-05 -6.00006e-05 -2.50835e-06
 1.93805e-05 -6.00701e-05  -2.5074e-06
 1.93253e-05 -6.00571e-05 -2.50645e-06
 1.93785e-05  -6.0107e-05 -2.50547e-06
 1.94094e-05 -6.01455e-05  -2.5045e-06
 1.93471e-05 -6.01833e-05 -2.50355e-06
 1.93719e-05 -6.02236e-05 -2.50257e-06
 1.93897e-05 -6.02674e-05  -2.5016e-06
 1.93387e-05 -6.02859e-05 -2.50064e-06
 1.92857e-05 -6.03309e-05 -2.49969e-06
 1.93597e-05 -6.03729e-05  -2.4987e-06
 1.93056e-05 -6.03693e-05 -2.49774e-06
 1.93633e-05 -6.04138e-05 -2.49675e-06
 1.93155e-05 -6.04649e-05 -2.49578e-06
 1.93612e-05 -6.05129e-05 -2.49479e-06
 1.93423e-05 -6.05187e-05 -2.49382e-06
  1.9359e-05 -6.05488e-05 -2.49284e-06
  1.9414e-05 -6.05781e-05 -2.49184e-06
 1.92992e-05  -6.0585e-05 -2.49089e-06
 1.93552e-05 -6.06473e-05 -2.48989e-06
 1.93973e-05 -6.06601e-05  -2.4889e-06
 1.93299e-05 -6.06907e-05 -2.48793e-06
  1.9297e-05 -6.07335e-05 -2.48695e-06
 1.93441e-05 -6.07394e-05 -2.48595e-06
 1.93189e-05 -6.07607e-05 -2.48497e-06
 1.93643e-05 -6.07909e-05 -2.48397e-06
  1.9339e-05 -6.08717e-05 -2.48299e-06
 1.93143e-05 -6.08376e-05   -2.482e-06
 1.93363e-05 -6.08932e-05   -2.481e-06
 1.93916e-05 -6.08838e-05 -2.47999e-06
 1.92668e-05 -6.09319e-05 -2.47903e-06
 1.93277e-05 -6.09707e-05 -2.47802e-06
 1.93583e-05 -6.09803e-05 -2.47701e-06
 1.93601e-05 -6.09935e-05 -2.47601e-06
 1.92878e-05 -6.10251e-05 -2.47503e-06
 1.93113e-05 -6.10669e-05 -2.47402e-06
 1.92698e-05 -6.10535e-05 -2.47303e-06
    1.93e-05 -6.10795e-05 -2.47202e-06
 1.93769e-05 -6.11005e-05 -2.47099e-06
 1.92172e-05 -6.11275e-05 -2.47004e-06
 1.93135e-05 -6.11596e-05   -2.469e-06
 1.93658e-05 -6.11542e-05 -2.46798e-06
 1.92891e-05 -6.11479e-05 -2.46699e-06
 1.92788e-05 -6.12029e-05 -2.46598e-06
 1.93276e-05 -6.12347e-05 -2.46496e-06
 1.93003e-05  -6.1241e-05 -2.46395e-06
 1.93119e-05 -6.12522e-05 -2.46293e-06
 1.93244e-05 -6.12984e-05 -2.46191e-06
 1.92665e-05 -6.12922e-05 -2.46092e-06
 1.93231e-05 -6.13197e-05 -2.45988e-06
 1.93316e-05 -6.13005e-05 -2.45886e-06
 1.92189e-05 -6.13303e-05 -2.45787e-06
 1.92467e-05  -6.1358e-05 -2.45685e-06
 1.93379e-05 -6.13591e-05  -2.4558e-06
 1.93097e-05 -6.13436e-05 -2.45478e-06
 1.93483e-05 -6.13638e-05 -2.45375e-06
 1.92832e-05  -6.1406e-05 -2.45274e-06
  1.9249e-05 -6.13718e-05 -2.45172e-06
 1.93013e-05 -6.13792e-05 -2.45068e-06
  1.9345e-05 -6.14323e-05 -2.44964e-06
 1.92778e-05 -6.14432e-05 -2.44863e-06
 1.92664e-05 -6.14226e-05  -2.4476e-06
 1.93126e-05 -6.14483e-05 -2.44655e-06
 1.92893e-05 -6.14421e-05 -2.44553e-06
 1.92585e-05 -6.14675e-05  -2.4445e-06
 1.92649e-05 -6.14751e-05 -2.44346e-06
 1.92397e-05 -6.15038e-05 -2.44244e-06
 1.93139e-05 -6.14775e-05 -2.44137e-06
 1.92794e-05 -6.15478e-05 -2.44035e-06
 1.92367e-05 -6.15179e-05 -2.43932e-06
   1.926e-05 -6.15103e-05 -2.43827e-06
 1.93104e-05 -6.15219e-05 -2.43721e-06
 1.92752e-05 -6.14944e-05 -2.43618e-06
 1.92411e-05 -6.15217e-05 -2.43514e-06
 1.92998e-05 -6.15426e-05 -2.43408e-06
 1.92494e-05 -6.15208e-05 -2.43305e-06
  1.9308e-05 -6.15028e-05 -2.43198e-06
 1.92719e-05  -6.1554e-05 -2.43094e-06
 1.92399e-05 -6.15006e-05  -2.4299e-06
 1.92594e-05 -6.15449e-05 -2.42884e-06
 1.92999e-05 -6.15433e-05 -2.42778e-06
 1.92532e-05 -6.15657e-05 -2.42674e-06
 1.92206e-05 -6.15416e-05 -2.42569e-06
  1.9281e-05 -6.15458e-05 -2.42462e-06
 1.93306e-05 -6.15594e-05 -2.42355e-06
 1.92325e-05 -6.15517e-05 -2.42252e-06
 1.92715e-05 -6.15594e-05 -2.42145e-06
  1.9296e-05 -6.15504e-05 -2.42038e-06
 1.92882e-05 -6.15416e-05 -2.41932e-06
 1.93191e-05 -6.15385e-05 -2.41824e-06
 1.92932e-05 -6.15674e-05 -2.41719e-06
 1.92454e-05 -6.15162e-05 -2.41614e-06
 1.92978e-05 -6.15244e-05 -2.41505e-06
 1.93293e-05 -6.15283e-05 -2.41397e-06
 1.91866e-05 -6.15195e-05 -2.41295e-06
  1.9262e-05 -6.15318e-05 -2.41186e-06
 1.92931e-05 -6.14992e-05 -2.41078e-06
 1.92644e-05 -6.15138e-05 -2.40971e-06
 1.92122e-05 -6.15284e-05 -2.40865e-06
 1.93013e-05 -6.15229e-05 -2.40755e-06
 1.92386e-05 -6.14945e-05  -2.4065e-06
 1.92972e-05 -6.14649e-05  -2.4054e-06
 1.92441e-05 -6.14966e-05 -2.40434e-06
 1.92343e-05 -6.14647e-05 -2.40326e-06
 1.92686e-05  -6.1469e-05 -2.40217e-06
 1.93045e-05 -6.14708e-05 -2.40108e-06
 1.92611e-05 -6.14389e-05 -2.40001e-06
 1.92487e-05 -6.14474e-05 -2.39893e-06
  1.9268e-05  -6.1434e-05 -2.39784e-06
 1.92553e-05 -6.13986e-05 -2.39675e-06
 1.92548e-05 -6.13857e-05 -2.39567e-06
  1.9251e-05 -6.14001e-05 -2.39458e-06
  1.9209e-05 -6.13593e-05  -2.3935e-06
1.92416e-05  -6.136e-05 -2.3924e-06
 1.92849e-05 -6.13493e-05 -2.39129e-06
 1.92127e-05 -6.13322e-05 -2.39022e-06
 1.92324e-05 -6.13458e-05 -2.38912e-06
 1.92915e-05 -6.13163e-05 -2.38801e-06
 1.92637e-05 -6.13141e-05 -2.38692e-06
  1.9245e-05 -6.13156e-05 -2.38583e-06
 1.92533e-05 -6.12814e-05 -2.38473e-06
 1.92289e-05 -6.12529e-05 -2.38363e-06
 1.93044e-05 -6.12559e-05 -2.38251e-06
 1.92259e-05 -6.12438e-05 -2.38143e-06
 1.92029e-05 -6.12056e-05 -2.38034e-06
 1.92228e-05 -6.12126e-05 -2.37922e-06
 1.92581e-05 -6.11866e-05 -2.37811e-06
 1.92292e-05 -6.11529e-05 -2.37701e-06
 1.92036e-05 -6.11391e-05 -2.37591e-06
 1.92834e-05  -6.1138e-05 -2.37477e-06
 1.92188e-05 -6.10988e-05 -2.37368e-06
 1.92751e-05 -6.10768e-05 -2.37255e-06
 1.92329e-05  -6.1072e-05 -2.37145e-06
   1.918e-05 -6.10665e-05 -2.37036e-06
 1.92438e-05 -6.10492e-05 -2.36922e-06
 1.93133e-05 -6.10048e-05 -2.36808e-06
1.92053e-05 -6.1014e-05  -2.367e-06
 1.92015e-05 -6.09717e-05 -2.36588e-06
 1.92671e-05 -6.09821e-05 -2.36474e-06
 1.92016e-05 -6.09187e-05 -2.36364e-06
  1.9189e-05 -6.09515e-05 -2.36252e-06
 1.92094e-05 -6.08873e-05 -2.36139e-06
 1.92282e-05 -6.08608e-05 -2.36026e-06
 1.92654e-05  -6.0848e-05 -2.35913e-06
 1.93064e-05  -6.0824e-05 -2.35798e-06
 1.92758e-05  -6.0832e-05 -2.35687e-06
 1.92383e-05 -6.07972e-05 -2.35575e-06
 1.92745e-05 -6.07801e-05 -2.35461e-06
 1.93027e-05 -6.07394e-05 -2.35347e-06
  1.9227e-05 -6.07292e-05 -2.35236e-06
 1.92702e-05 -6.07016e-05 -2.35121e-06
 1.93095e-05 -6.06914e-05 -2.35006e-06
 1.92224e-05 -6.06277e-05 -2.34896e-06
 1.91944e-05 -6.06326e-05 -2.34783e-06
 1.92395e-05 -6.05961e-05 -2.34668e-06
 1.92273e-05 -6.05688e-05 -2.34554e-06
 1.92939e-05 -6.05401e-05 -2.34438e-06
 1.92673e-05 -6.05466e-05 -2.34325e-06
 1.92193e-05 -6.05031e-05 -2.34212e-06
 1.92681e-05 -6.04952e-05 -2.34096e-06
 1.92667e-05 -6.04609e-05 -2.33981e-06
 1.92527e-05 -6.04026e-05 -2.33867e-06
  1.9228e-05 -6.04062e-05 -2.33753e-06
 1.93071e-05 -6.03774e-05 -2.33636e-06
 1.92478e-05 -6.03275e-05 -2.33523e-06
 1.92958e-05 -6.03183e-05 -2.33406e-06
  1.9258e-05 -6.02907e-05 -2.33292e-06
 1.91926e-05  -6.0261e-05 -2.33179e-06
 1.92262e-05 -6.02164e-05 -2.33062e-06
  1.9334e-05 -6.01815e-05 -2.32943e-06
 1.92029e-05 -6.01659e-05 -2.32832e-06
 1.92496e-05 -6.01314e-05 -2.32715e-06
 1.92615e-05 -6.01236e-05 -2.32598e-06
 1.92348e-05 -6.00491e-05 -2.32483e-06
 1.91971e-05 -6.00484e-05 -2.32368e-06
 1.92424e-05 -6.00158e-05 -2.32251e-06
 1.92315e-05 -5.99492e-05 -2.32135e-06
 1.93015e-05  -5.9959e-05 -2.32016e-06
 1.93189e-05   -5.993e-05 -2.31898e-06
 1.92087e-05 -5.98817e-05 -2.31786e-06
 1.92457e-05   -5.986e-05 -2.31667e-06
 1.92645e-05 -5.98152e-05  -2.3155e-06
 1.92312e-05 -5.97819e-05 -2.31434e-06
 1.92313e-05 -5.97634e-05 -2.31317e-06
 1.92764e-05 -5.97493e-05 -2.31198e-06
 1.92301e-05 -5.96749e-05 -2.31082e-06
 1.92654e-05 -5.96767e-05 -2.30963e-06
 1.92055e-05 -5.96565e-05 -2.30848e-06
  1.9181e-05 -5.95981e-05 -2.30731e-06
 1.92345e-05 -5.95315e-05 -2.30611e-06
 1.93118e-05 -5.95413e-05 -2.30491e-06
 1.91963e-05 -5.94975e-05 -2.30377e-06
 1.92258e-05 -5.94639e-05 -2.30257e-06
 1.92804e-05 -5.94632e-05 -2.30137e-06
 1.92452e-05 -5.93785e-05  -2.3002e-06
 1.91972e-05  -5.9401e-05 -2.29903e-06
   1.923e-05 -5.93278e-05 -2.29783e-06
 1.92276e-05 -5.93007e-05 -2.29665e-06
 1.92797e-05 -5.92412e-05 -2.29544e-06
 1.93009e-05 -5.92038e-05 -2.29424e-06
 1.91909e-05 -5.91688e-05 -2.29309e-06
 1.92242e-05 -5.91482e-05 -2.29188e-06
 1.92567e-05 -5.91221e-05 -2.29068e-06
 1.92438e-05 -5.90667e-05 -2.28949e-06
 1.92368e-05 -5.90596e-05  -2.2883e-06
 1.92778e-05 -5.90166e-05 -2.28708e-06
 1.92223e-05 -5.89609e-05 -2.28591e-06
 1.92567e-05 -5.89381e-05 -2.28469e-06
 1.92445e-05 -5.89308e-05  -2.2835e-06
 1.92687e-05 -5.88841e-05 -2.28229e-06
  1.9258e-05 -5.88347e-05 -2.28109e-06
 1.92968e-05  -5.8785e-05 -2.27987e-06
 1.92334e-05 -5.87754e-05 -2.27869e-06
 1.91877e-05 -5.87033e-05  -2.2775e-06
 1.92459e-05 -5.86847e-05 -2.27627e-06
 1.92703e-05 -5.86367e-05 -2.27505e-06
 1.92695e-05 -5.85904e-05 -2.27384e-06
 1.92641e-05 -5.85884e-05 -2.27263e-06
 1.92829e-05  -5.8524e-05 -2.27142e-06
 1.92643e-05 -5.84996e-05 -2.27021e-06
 1.93068e-05 -5.84426e-05 -2.26898e-06
 1.92804e-05 -5.84423e-05 -2.26777e-06
 1.92327e-05 -5.83887e-05 -2.26657e-06
 1.92561e-05 -5.83506e-05 -2.26535e-06
 1.93183e-05 -5.83053e-05 -2.26411e-06
  1.9172e-05 -5.82624e-05 -2.26294e-06
  1.9239e-05 -5.82159e-05 -2.26169e-06
 1.92578e-05 -5.81838e-05 -2.26047e-06
 1.92172e-05 -5.81185e-05 -2.25926e-06
 1.91995e-05 -5.81295e-05 -2.25804e-06
 1.92814e-05 -5.80659e-05 -2.25678e-06
 1.92466e-05 -5.80116e-05 -2.25557e-06
 1.92487e-05 -5.79662e-05 -2.25434e-06
 1.93222e-05 -5.79358e-05 -2.25308e-06
 1.92022e-05 -5.79094e-05  -2.2519e-06
 1.92418e-05 -5.78645e-05 -2.25065e-06
1.92857e-05 -5.7851e-05 -2.2494e-06
 1.92775e-05 -5.77582e-05 -2.24817e-06
 1.92665e-05 -5.77841e-05 -2.24694e-06
 1.93084e-05 -5.77034e-05 -2.24569e-06
 1.92243e-05 -5.76572e-05 -2.24448e-06
 1.92659e-05 -5.76168e-05 -2.24323e-06
 1.92372e-05 -5.76253e-05   -2.242e-06
 1.92034e-05 -5.75199e-05 -2.24077e-06
 1.92467e-05 -5.75112e-05 -2.23951e-06
  1.9299e-05 -5.74543e-05 -2.23825e-06
 1.92032e-05 -5.74235e-05 -2.23704e-06
 1.92395e-05 -5.73742e-05 -2.23578e-06
 1.92909e-05 -5.73634e-05 -2.23452e-06
 1.92347e-05 -5.72885e-05 -2.23329e-06
 1.92827e-05 -5.72533e-05 -2.23202e-06
 1.92626e-05 -5.72269e-05 -2.23078e-06
 1.92457e-05  -5.7177e-05 -2.22954e-06
 1.92741e-05 -5.71266e-05 -2.22827e-06
1.93404e-05 -5.7091e-05  -2.227e-06
 1.91881e-05 -5.70578e-05  -2.2258e-06
 1.92502e-05 -5.70209e-05 -2.22452e-06
 1.92676e-05 -5.69887e-05 -2.22326e-06
 1.9272e-05 -5.6919e-05  -2.222e-06
  1.9217e-05 -5.69013e-05 -2.22076e-06
 1.92661e-05 -5.68502e-05 -2.21948e-06
 1.92518e-05 -5.68019e-05 -2.21822e-06
 1.92694e-05 -5.67668e-05 -2.21695e-06
 1.92277e-05 -5.67585e-05 -2.21571e-06
 1.92312e-05 -5.66778e-05 -2.21444e-06
 1.92849e-05 -5.66531e-05 -2.21315e-06
 1.93158e-05 -5.66059e-05 -2.21187e-06
  1.9271e-05 -5.65503e-05 -2.21062e-06
 1.92547e-05 -5.65455e-05 -2.20936e-06
 1.92686e-05 -5.64794e-05 -2.20808e-06
 1.92182e-05 -5.64439e-05 -2.20683e-06
 1.92992e-05 -5.63863e-05 -2.20553e-06
  1.9233e-05 -5.63781e-05 -2.20428e-06
 1.93093e-05  -5.6333e-05 -2.20297e-06
 1.92762e-05 -5.62697e-05 -2.20171e-06
 1.93178e-05 -5.62604e-05 -2.20042e-06
 1.92822e-05 -5.62434e-05 -2.19915e-06
 1.92318e-05 -5.61637e-05 -2.19789e-06
  1.9309e-05 -5.61166e-05 -2.19658e-06
 1.93444e-05  -5.6092e-05 -2.19529e-06
 1.92175e-05   -5.605e-05 -2.19405e-06
  1.9284e-05 -5.60012e-05 -2.19274e-06
 1.93244e-05 -5.59851e-05 -2.19144e-06
 1.92904e-05 -5.58983e-05 -2.19017e-06
 1.92198e-05 -5.58818e-05 -2.18891e-06
   1.928e-05 -5.58539e-05 -2.18759e-06
 1.92344e-05 -5.57926e-05 -2.18632e-06
 1.92883e-05 -5.57484e-05 -2.18501e-06
 1.93325e-05 -5.56852e-05  -2.1837e-06
 1.92472e-05 -5.56783e-05 -2.18244e-06
 1.92746e-05 -5.56225e-05 -2.18113e-06
 1.93528e-05 -5.56008e-05 -2.17981e-06
 1.92889e-05 -5.55207e-05 -2.17853e-06
 1.92854e-05 -5.55273e-05 -2.17724e-06
 1.93007e-05 -5.54975e-05 -2.17593e-06
 1.92776e-05 -5.54331e-05 -2.17464e-06
 1.93213e-05 -5.53907e-05 -2.17332e-06
 1.92833e-05 -5.53984e-05 -2.17203e-06
 1.92248e-05 -5.52952e-05 -2.17075e-06
 1.92848e-05 -5.52985e-05 -2.16942e-06
 1.93334e-05 -5.52282e-05  -2.1681e-06
 1.92223e-05 -5.51943e-05 -2.16683e-06
 1.92527e-05  -5.5135e-05 -2.16551e-06
 1.93039e-05 -5.51256e-05 -2.16418e-06
 1.92591e-05 -5.50619e-05 -2.16289e-06
 1.93093e-05 -5.50149e-05 -2.16156e-06
 1.92688e-05 -5.50118e-05 -2.16026e-06
 1.92659e-05 -5.49502e-05 -2.15895e-06
 1.92992e-05 -5.48998e-05 -2.15762e-06
 1.93235e-05 -5.48946e-05 -2.15629e-06
1.92499e-05  -5.484e-05  -2.155e-06
 1.92608e-05 -5.47826e-05 -2.15368e-06
 1.93401e-05 -5.47483e-05 -2.15233e-06
 1.92681e-05 -5.47029e-05 -2.15104e-06
 1.92378e-05 -5.46847e-05 -2.14973e-06
 1.92815e-05 -5.46383e-05 -2.14839e-06
 1.92544e-05 -5.45761e-05 -2.14707e-06
 1.92895e-05 -5.45451e-05 -2.14573e-06
 1.92645e-05 -5.45421e-05 -2.14441e-06
 1.92344e-05 -5.44859e-05  -2.1431e-06
 1.92974e-05 -5.44637e-05 -2.14174e-06
 1.93533e-05 -5.44209e-05 -2.14039e-06
  1.9279e-05 -5.43497e-05 -2.13909e-06
 1.92698e-05 -5.43433e-05 -2.13776e-06
  1.9294e-05 -5.43324e-05 -2.13642e-06
 1.93016e-05 -5.42654e-05 -2.13508e-06
 1.93339e-05 -5.42081e-05 -2.13373e-06
 1.92456e-05 -5.41965e-05 -2.13243e-06
 1.92229e-05 -5.41462e-05  -2.1311e-06
 1.92806e-05 -5.41165e-05 -2.12974e-06
 1.93241e-05 -5.40602e-05 -2.12838e-06
 1.91885e-05 -5.40387e-05 -2.12709e-06
 1.92734e-05 -5.40038e-05 -2.12571e-06
 1.93208e-05 -5.39744e-05 -2.12435e-06
 1.93611e-05 -5.39428e-05 -2.12299e-06
 1.92553e-05 -5.39005e-05 -2.12168e-06
 1.92736e-05 -5.38809e-05 -2.12033e-06
 1.93215e-05 -5.38519e-05 -2.11896e-06
  1.9291e-05 -5.37745e-05 -2.11762e-06
 1.93747e-05 -5.37369e-05 -2.11624e-06
 1.93318e-05 -5.37422e-05  -2.1149e-06
 1.92835e-05 -5.36676e-05 -2.11357e-06
 1.93207e-05 -5.36264e-05  -2.1122e-06
 1.93418e-05 -5.36199e-05 -2.11083e-06
 1.92398e-05 -5.35861e-05 -2.10952e-06
 1.92712e-05 -5.35354e-05 -2.10815e-06
 1.93377e-05 -5.35151e-05 -2.10676e-06
 1.93085e-05 -5.34433e-05 -2.10541e-06
 1.92782e-05 -5.34522e-05 -2.10406e-06
 1.93049e-05 -5.33957e-05 -2.10269e-06
 1.92773e-05 -5.33465e-05 -2.10134e-06
 1.93215e-05 -5.33087e-05 -2.09995e-06
 1.93133e-05 -5.33133e-05 -2.09859e-06
 1.92899e-05 -5.32516e-05 -2.09723e-06
 1.93344e-05 -5.32439e-05 -2.09585e-06
 1.93641e-05 -5.31916e-05 -2.09447e-06
 1.92376e-05 -5.31768e-05 -2.09315e-06
 1.92901e-05 -5.31323e-05 -2.09175e-06
 1.92886e-05 -5.31149e-05 -2.09038e-06
 1.92972e-05 -5.30456e-05   -2.089e-06
 1.93409e-05 -5.30315e-05 -2.08761e-06
 1.93215e-05 -5.30055e-05 -2.08624e-06
 1.92781e-05 -5.29685e-05 -2.08488e-06
 1.92967e-05 -5.29441e-05  -2.0835e-06
 1.93635e-05   -5.291e-05 -2.08209e-06
 1.92255e-05 -5.28594e-05 -2.08076e-06
 1.93058e-05 -5.28222e-05 -2.07935e-06
 1.93514e-05 -5.27977e-05 -2.07795e-06
 1.93196e-05 -5.27681e-05 -2.07658e-06
 1.93161e-05 -5.27708e-05 -2.07519e-06
 1.93374e-05 -5.26986e-05  -2.0738e-06
 1.92445e-05 -5.26605e-05 -2.07245e-06
 1.93245e-05 -5.26472e-05 -2.07102e-06
 1.93323e-05 -5.26326e-05 -2.06963e-06
 1.92533e-05 -5.25851e-05 -2.06827e-06
 1.93235e-05 -5.25586e-05 -2.06685e-06
 1.93523e-05 -5.25436e-05 -2.06544e-06
 1.93059e-05 -5.24716e-05 -2.06407e-06
 1.92877e-05 -5.24769e-05 -2.06268e-06
 1.93416e-05 -5.24469e-05 -3.01494e-06
 1.92925e-05 -5.23868e-05 -2.05988e-06
 1.93366e-05 -5.23645e-05 -2.05847e-06
 1.93328e-05 -5.23743e-05 -2.05707e-06
 1.92683e-05 -5.23163e-05 -2.05569e-06
 1.93185e-05 -5.23022e-05 -2.05427e-06
  1.9343e-05 -5.22434e-05 -2.05285e-06
 1.92487e-05 -5.22202e-05 -2.05149e-06
 1.92845e-05 -5.22025e-05 -2.05007e-06
 1.93658e-05 -5.22014e-05  -3.0023e-06
 1.92902e-05  -5.2156e-05 -2.04725e-06
 1.92705e-05 -5.21668e-05 -2.04585e-06
 1.93091e-05 -5.21198e-05 -2.04442e-06
 1.92925e-05 -5.20747e-05 -2.04301e-06
 1.93473e-05 -5.20384e-05 -2.99525e-06
  1.9398e-05   -5.202e-05 -2.99382e-06
   1.934e-05 -5.20162e-05 -2.03875e-06
 1.93134e-05 -5.19848e-05 -2.03735e-06
 1.93714e-05 -5.19553e-05 -2.98958e-06
 1.93993e-05  -5.1938e-05 -2.98815e-06
 1.92515e-05 -5.18982e-05 -2.03311e-06
 1.93221e-05 -5.18589e-05 -2.98534e-06
 1.93658e-05 -5.18574e-05 -2.03022e-06
 1.93176e-05 -5.17924e-05 -2.02882e-06
 1.92924e-05 -5.18348e-05 -2.02741e-06
 1.93197e-05 -5.17835e-05 -2.02597e-06
 1.92982e-05 -5.17302e-05 -2.02455e-06
 1.93273e-05  -5.1708e-05 -2.02311e-06
 1.93412e-05 -5.17278e-05 -2.02167e-06
 1.93024e-05 -5.16901e-05 -2.97393e-06
 1.93577e-05 -5.16776e-05 -2.97248e-06
  1.9357e-05 -5.16422e-05 -2.01737e-06
 1.93271e-05 -5.15821e-05 -2.01595e-06
 1.93237e-05 -5.15832e-05 -2.96819e-06
 1.93958e-05 -5.15879e-05 -2.96673e-06
 1.92933e-05 -5.15089e-05 -2.01166e-06
 1.93652e-05 -5.15133e-05 -2.96386e-06
 1.93302e-05 -5.15228e-05 -2.00876e-06
 1.92612e-05  -5.1478e-05 -2.00735e-06
 1.93346e-05  -5.1466e-05 -2.95955e-06
1.93611e-05 -5.1435e-05 -2.9581e-06
 1.92743e-05 -5.13966e-05 -2.00302e-06
 1.93277e-05 -5.13838e-05 -2.00155e-06
 1.93537e-05 -5.13835e-05 -2.00009e-06
 1.93052e-05  -5.1339e-05 -1.99866e-06
 1.93028e-05 -5.13463e-05 -1.99722e-06
 1.93183e-05 -5.13309e-05 -1.99576e-06
 1.92773e-05 -5.12896e-05 -1.99433e-06
 1.93907e-05 -5.12675e-05  -2.9465e-06
1.93213e-05 -5.1255e-05 -1.9914e-06
 1.92798e-05 -5.12215e-05 -1.98996e-06
 1.93465e-05 -5.12288e-05 -2.94215e-06
 1.93516e-05 -5.11951e-05 -1.98702e-06
 1.93212e-05 -5.11832e-05 -2.93925e-06
 1.92732e-05 -5.11832e-05 -1.98414e-06
 1.93829e-05 -5.11545e-05  -2.9363e-06
 1.93182e-05 -5.11063e-05  -1.9812e-06
 1.93458e-05 -5.10976e-05 -1.97972e-06
 1.93308e-05 -5.11043e-05 -2.93194e-06
 1.92786e-05 -5.10893e-05 -1.97682e-06
 1.93218e-05 -5.10644e-05 -1.97534e-06
 1.94087e-05 -5.10506e-05 -2.92751e-06
 1.92662e-05   -5.103e-05 -1.97243e-06
 1.92971e-05 -5.09996e-05 -1.97094e-06
 1.93585e-05 -5.09856e-05 -2.92312e-06
 1.93193e-05 -5.09494e-05 -2.92167e-06
 1.92512e-05   -5.098e-05 -1.96655e-06
 1.93102e-05 -5.09702e-05 -2.91872e-06
 1.93018e-05 -5.09235e-05 -2.91725e-06
 1.93482e-05 -5.09253e-05 -2.91575e-06
 1.93961e-05 -5.09027e-05 -2.91426e-06
 1.92831e-05 -5.09235e-05 -2.91283e-06
 1.93166e-05 -5.08947e-05 -2.91133e-06
 1.93631e-05  -5.0897e-05 -2.90983e-06
 1.94053e-05 -5.08572e-05 -2.90833e-06
 1.93363e-05  -5.0845e-05 -2.90688e-06
 1.93521e-05 -5.08226e-05 -2.90538e-06
 1.94162e-05  -5.0837e-05 -2.90387e-06
 1.93226e-05  -5.0777e-05 -2.90243e-06
 1.93004e-05 -5.07974e-05 -2.90095e-06
 1.93487e-05 -5.07758e-05 -2.89944e-06
 1.93105e-05 -5.07622e-05 -2.89796e-06
 1.93947e-05 -5.07278e-05 -2.89643e-06
 1.93531e-05 -5.07421e-05 -2.89496e-06
 1.93023e-05 -5.07259e-05 -2.89349e-06
 1.93543e-05 -5.07043e-05 -2.89197e-06
 1.93938e-05 -5.07342e-05 -2.89046e-06
   1.937e-05 -5.07018e-05 -2.88897e-06
 1.93569e-05 -5.07108e-05 -2.88748e-06
 1.93917e-05 -5.07001e-05 -2.88596e-06
 1.93747e-05 -5.06762e-05 -2.88447e-06
  1.9403e-05 -5.06412e-05 -2.88296e-06
 1.93316e-05 -5.06715e-05 -2.88149e-06
 1.92873e-05 -5.06193e-05    -2.88e-06
 1.93431e-05 -5.06419e-05 -2.87847e-06
 1.94068e-05 -5.06177e-05 -2.87694e-06
 1.93019e-05 -5.05986e-05 -2.87548e-06
 1.93284e-05 -5.06139e-05 -2.87396e-06
 1.93786e-05 -5.06233e-05 -2.87242e-06
 1.93175e-05 -5.05751e-05 -1.91727e-06
 1.92937e-05 -5.05913e-05 -2.86944e-06
 1.93313e-05 -5.05952e-05 -2.86791e-06
  1.9341e-05 -5.05705e-05 -2.86639e-06
 1.93809e-05 -5.05311e-05 -2.86486e-06
 1.94325e-05 -5.05458e-05 -2.86332e-06
 1.93035e-05 -5.05249e-05 -2.86186e-06
 1.93332e-05 -5.05369e-05 -2.86033e-06
 1.93592e-05 -5.05478e-05 -2.85879e-06
 1.93279e-05 -5.05109e-05 -2.85729e-06
 1.93268e-05 -5.05337e-05 -2.85576e-06
  1.9395e-05 -5.05231e-05 -2.85421e-06
 1.93251e-05 -5.05027e-05 -2.85272e-06
 1.93785e-05 -5.05055e-05 -2.85117e-06
 1.93575e-05 -5.05223e-05 -2.84965e-06
 1.93006e-05 -5.05196e-05 -2.84815e-06
 1.93308e-05 -5.04907e-05  -2.8466e-06
 1.93982e-05 -5.04842e-05 -2.84504e-06
 1.93157e-05 -5.05001e-05 -2.84355e-06
 1.93626e-05 -5.04919e-05   -2.842e-06
 1.93719e-05 -5.04879e-05 -2.84046e-06
 1.92982e-05 -5.04574e-05 -2.83896e-06
 1.92758e-05   -5.048e-05 -2.83743e-06
 1.93492e-05 -5.04828e-05 -2.83586e-06
 1.93161e-05 -5.04585e-05 -2.83434e-06
 1.93621e-05 -5.04558e-05 -2.83277e-06
 1.94062e-05 -5.04632e-05 -2.83121e-06
 1.93088e-05 -5.04698e-05 -2.82972e-06
 1.93334e-05  -5.0476e-05 -2.82816e-06
 1.93901e-05 -5.04662e-05 -2.82659e-06
 1.93784e-05 -5.04487e-05 -2.82505e-06
 1.93485e-05 -5.04358e-05 -2.82352e-06
 1.93857e-05 -5.04483e-05 -2.82195e-06
 1.93344e-05 -5.04183e-05 -2.82043e-06
 1.93818e-05 -5.04353e-05 -2.81886e-06
 1.92839e-05 -5.04656e-05 -2.81735e-06
  1.9355e-05 -5.04485e-05 -2.81577e-06
 1.93578e-05 -5.04599e-05 -2.81421e-06
 1.93926e-05 -5.04463e-05 -2.81264e-06
 1.93529e-05 -5.04673e-05  -2.8111e-06
 1.93302e-05 -5.04404e-05 -2.80956e-06
 1.93492e-05 -5.04562e-05 -2.80799e-06
 1.94096e-05 -5.04528e-05  -2.8064e-06
 1.93811e-05 -5.04605e-05 -2.80486e-06
 1.93624e-05 -5.04598e-05  -2.8033e-06
 1.94136e-05 -5.04807e-05 -2.80172e-06
 1.93604e-05 -5.04152e-05 -2.80018e-06
 1.94129e-05 -5.04543e-05 -2.79859e-06
  1.9377e-05 -5.04711e-05 -2.79704e-06
 1.93247e-05 -5.04602e-05  -2.7955e-06
 1.93791e-05 -5.04637e-05  -2.7939e-06
   1.942e-05 -5.04848e-05 -2.79231e-06
  1.9304e-05 -5.04844e-05  -2.7908e-06
 1.93574e-05 -5.04825e-05  -2.7892e-06
 1.94034e-05 -5.04787e-05 -2.78761e-06
 1.93586e-05  -5.0463e-05 -2.78605e-06
 1.93059e-05 -5.05037e-05  -2.7845e-06
 1.93883e-05 -5.05091e-05 -2.78289e-06
 1.93504e-05 -5.05087e-05 -2.78133e-06
 1.93774e-05 -5.04927e-05 -2.77974e-06
 1.94017e-05 -5.05184e-05 -2.77815e-06
 1.93131e-05 -5.05139e-05 -2.77661e-06
   1.936e-05 -5.05156e-05   -2.775e-06
 1.94121e-05 -5.05271e-05  -2.7734e-06
 1.93678e-05 -5.05208e-05 -2.77183e-06
 1.93318e-05 -5.05443e-05 -2.77026e-06
 1.93839e-05 -5.05305e-05 -2.76865e-06
 1.93605e-05 -5.05247e-05 -2.76707e-06
 1.93921e-05 -5.05353e-05 -2.76547e-06
1.93562e-05 -5.0565e-05 -2.7639e-06
 1.92997e-05 -5.05481e-05 -2.76233e-06
 1.93816e-05 -5.05466e-05  -2.7607e-06
 1.94206e-05 -5.05941e-05 -2.75909e-06
 1.93057e-05 -5.05761e-05 -2.75755e-06
 1.93661e-05 -5.05887e-05 -2.75592e-06
 1.94024e-05 -5.06057e-05 -2.75431e-06
 1.93692e-05 -5.05883e-05 -2.75273e-06
 1.93323e-05 -5.06178e-05 -2.75115e-06
  1.9369e-05 -5.06102e-05 -2.74953e-06
 1.93214e-05 -5.06035e-05 -2.74795e-06
 1.93684e-05 -5.06281e-05 -2.74632e-06
1.94088e-05 -5.0626e-05 -2.7447e-06
 1.93188e-05 -5.06413e-05 -2.74314e-06
 1.93718e-05 -5.06778e-05 -2.74151e-06
 1.94362e-05 -5.06666e-05 -2.73987e-06
 1.93704e-05 -5.06716e-05 -2.73829e-06
 1.93429e-05 -5.06902e-05  -2.7367e-06
 1.93717e-05 -5.07298e-05 -2.73507e-06
 1.93618e-05 -5.06949e-05 -2.73346e-06
  1.9384e-05 -5.07189e-05 -2.73184e-06
 1.93346e-05 -5.07167e-05 -2.73025e-06
 1.93424e-05 -5.07279e-05 -2.72863e-06
 1.93433e-05 -5.07389e-05 -2.72701e-06
 1.93978e-05 -5.07493e-05 -2.72537e-06
 1.93666e-05  -5.0785e-05 -2.72377e-06
  1.9319e-05 -5.07641e-05 -2.72217e-06
 1.93659e-05 -5.07802e-05 -2.72052e-06
 1.94116e-05 -5.07855e-05 -2.71888e-06
 1.94288e-05 -5.07897e-05 -2.71725e-06
 1.93295e-05 -5.07964e-05 -2.71567e-06
 1.94007e-05 -5.08408e-05 -2.71401e-06
1.93652e-05 -5.0803e-05 -2.7124e-06
  1.9444e-05 -5.08437e-05 -2.71074e-06
 1.93587e-05 -5.08673e-05 -2.70915e-06
 1.93907e-05 -5.08662e-05  -2.7075e-06
 1.94078e-05 -5.08843e-05 -2.70586e-06
  1.9425e-05 -5.09044e-05 -2.70422e-06
 1.92954e-05 -5.09384e-05 -2.70265e-06
 1.93405e-05 -5.09062e-05 -2.70099e-06
 1.93955e-05 -5.09572e-05 -2.69933e-06
 1.93643e-05  -5.0929e-05 -2.69771e-06
 1.93537e-05 -5.09705e-05 -2.69608e-06
 1.93673e-05 -5.09746e-05 -2.69443e-06
 1.93632e-05  -5.0986e-05 -2.69279e-06
 1.93918e-05 -5.09903e-05 -2.69113e-06
 1.94329e-05 -5.10273e-05 -2.68947e-06
  1.9319e-05 -5.10153e-05 -2.68788e-06
 1.93815e-05 -5.10624e-05 -2.68621e-06
 1.94357e-05 -5.10482e-05 -2.68453e-06
 1.93999e-05 -5.10297e-05  -2.6829e-06
 1.93111e-05 -5.10762e-05  -2.6813e-06
 1.94035e-05 -5.10918e-05  -2.6796e-06
 1.93258e-05 -5.10928e-05 -2.67799e-06
 1.93996e-05 -5.11006e-05  -2.6763e-06
 1.93498e-05 -5.11548e-05 -2.67467e-06
 1.93412e-05 -5.11538e-05 -2.67302e-06
 1.93776e-05 -5.11598e-05 -2.67135e-06
 1.94275e-05 -5.11915e-05 -2.66967e-06
 1.93309e-05 -5.11994e-05 -2.66806e-06
 1.93524e-05 -5.12046e-05 -2.66639e-06
  1.9407e-05 -5.12268e-05  -2.6647e-06
 1.93815e-05 -5.12139e-05 -2.66305e-06
 1.93533e-05 -5.12576e-05  -2.6614e-06
 1.93786e-05 -5.12685e-05 -2.65973e-06
 1.93209e-05 -5.12791e-05 -2.65809e-06
 1.93756e-05 -5.12771e-05  -2.6564e-06
 1.94297e-05 -5.13157e-05  -2.6547e-06
1.93023e-05 -5.1329e-05 -2.6531e-06
 1.93708e-05 -5.13561e-05  -2.6514e-06
 1.94125e-05 -5.13599e-05  -2.6497e-06
 1.93734e-05 -5.13735e-05 -2.64805e-06
 1.93386e-05 -5.13921e-05  -2.6464e-06
 1.93812e-05 -5.14228e-05  -2.6447e-06
 1.93612e-05 -5.14275e-05 -2.64304e-06
 1.94103e-05 -5.14412e-05 -2.64134e-06
 1.93736e-05 -5.14711e-05 -2.63968e-06
 1.93529e-05  -5.1458e-05 -2.63801e-06
 1.93739e-05    -5.15e-05 -2.63632e-06
 1.94187e-05 -5.14847e-05 -2.63461e-06
  1.9268e-05 -5.15076e-05 -2.63301e-06
 1.93496e-05 -5.15138e-05 -2.63128e-06
 1.93638e-05 -5.15533e-05 -2.62959e-06
 1.94416e-05 -5.15693e-05 -2.62787e-06
 1.93891e-05 -5.15569e-05 -2.62621e-06
 1.93684e-05 -5.16399e-05 -2.62453e-06
 1.93982e-05 -5.16208e-05 -2.62283e-06
 1.94003e-05  -5.1624e-05 -2.62113e-06
   1.942e-05 -5.16668e-05 -2.61943e-06
 1.94341e-05 -5.17104e-05 -2.61773e-06
 1.93848e-05 -5.16984e-05 -2.61607e-06
 1.94301e-05 -5.17268e-05 -2.61435e-06
 1.94559e-05 -5.17337e-05 -2.61264e-06
 1.93079e-05 -5.17599e-05 -2.61102e-06
 1.93631e-05 -5.17712e-05 -2.60929e-06
 1.94032e-05 -5.17988e-05 -2.60757e-06
 1.93913e-05 -5.17907e-05 -2.60588e-06
 1.93523e-05  -5.1819e-05 -2.60419e-06
 1.93831e-05 -5.18763e-05 -2.60248e-06
  1.9333e-05 -5.18441e-05  -2.6008e-06
 1.93987e-05 -5.18888e-05 -2.59906e-06
  1.9446e-05 -5.18822e-05 -2.59733e-06
 1.93092e-05 -5.19174e-05 -2.59569e-06
 1.93828e-05 -5.19258e-05 -2.59395e-06
 1.94356e-05 -5.19607e-05 -2.59221e-06
 1.93943e-05 -5.19474e-05 -2.59052e-06
 1.93535e-05 -5.20063e-05 -2.58883e-06
 1.94025e-05 -5.20214e-05 -2.58709e-06
 1.93473e-05 -5.20282e-05  -2.5854e-06
 1.94065e-05 -5.20619e-05 -2.58366e-06
 1.93931e-05 -5.20781e-05 -2.58195e-06
  1.9356e-05  -5.2079e-05 -2.58025e-06
 1.93831e-05 -5.21103e-05 -2.57852e-06
 1.94397e-05 -5.21435e-05 -2.57677e-06
 1.93271e-05 -5.21386e-05  -2.5751e-06
  1.9363e-05 -5.21664e-05 -2.57336e-06
 1.94372e-05 -5.21836e-05  -2.5716e-06
 1.93945e-05 -5.21775e-05  -2.5699e-06
  1.9363e-05 -5.22254e-05 -2.56819e-06
 1.94055e-05 -5.22415e-05 -2.56644e-06
 1.93638e-05 -5.22601e-05 -2.56474e-06
 1.93825e-05 -5.22811e-05   -2.563e-06
 1.94156e-05 -5.22907e-05 -2.56125e-06
 1.93399e-05 -5.23206e-05 -2.55956e-06
 1.93642e-05 -5.23227e-05 -2.55781e-06
 1.94105e-05 -5.23455e-05 -2.55605e-06
  1.9365e-05 -5.23512e-05 -2.55434e-06
 1.93424e-05  -5.2401e-05 -2.55262e-06
 1.94091e-05 -5.24449e-05 -2.55085e-06
 1.93761e-05 -5.24143e-05 -2.54912e-06
 1.94345e-05 -5.24617e-05 -2.54736e-06
 1.93987e-05 -5.24827e-05 -2.54563e-06
 1.93598e-05 -5.24954e-05 -2.54391e-06
 1.94032e-05 -5.25121e-05 -2.54215e-06
 1.94336e-05  -5.2547e-05 -2.54039e-06
  1.9309e-05 -5.25734e-05 -2.53871e-06
 1.93281e-05 -5.25838e-05 -2.53695e-06
 1.94177e-05  -5.2596e-05 -2.53515e-06
 1.93703e-05 -5.25915e-05 -2.53343e-06
 1.93952e-05 -5.26141e-05 -2.53167e-06
 1.93776e-05  -5.2644e-05 -2.52993e-06
 1.94149e-05 -5.26832e-05 -2.52815e-06
 1.93979e-05 -5.26648e-05 -2.52641e-06
 1.94562e-05 -5.27272e-05 -2.52462e-06
 1.93991e-05 -5.27266e-05  -2.5229e-06
 1.93671e-05  -5.2751e-05 -2.52116e-06
  1.9445e-05 -5.27645e-05 -2.51936e-06
 1.94777e-05 -5.28049e-05 -2.51758e-06
 1.93488e-05 -5.28427e-05 -2.51589e-06
 1.93965e-05 -5.28291e-05 -2.51411e-06
 1.94595e-05 -5.28671e-05 -2.51231e-06
 1.93977e-05 -5.28485e-05 -2.51058e-06
 1.93801e-05 -5.29113e-05 -2.50882e-06
 1.94073e-05 -5.29367e-05 -2.50704e-06
 1.93646e-05 -5.29237e-05  -2.5053e-06
 1.94206e-05 -5.29538e-05  -2.5035e-06
 1.93798e-05 -5.30004e-05 -2.50175e-06
 1.93664e-05 -5.29812e-05 -2.49999e-06
 1.94099e-05 -5.30165e-05 -2.49819e-06
 1.94672e-05 -5.30374e-05 -2.49639e-06
 1.94153e-05 -5.30438e-05 -2.49464e-06
 1.93688e-05  -5.3103e-05 -2.49289e-06
 1.94215e-05 -5.31225e-05 -2.49109e-06
 1.93514e-05 -5.31249e-05 -2.48935e-06
 1.94572e-05 -5.31448e-05 -2.48751e-06
 1.93866e-05 -5.31698e-05 -2.48577e-06
 1.93462e-05 -5.31806e-05 -2.48401e-06
 1.93984e-05 -5.32134e-05  -2.4822e-06
 1.94475e-05 -5.32292e-05 -2.48039e-06
 1.93382e-05 -5.32298e-05 -2.47867e-06
 1.93887e-05 -5.32638e-05 -2.47685e-06
 1.94381e-05 -5.32765e-05 -2.47504e-06
 1.94248e-05 -5.32895e-05 -2.47326e-06
 1.93765e-05 -5.33421e-05  -2.4715e-06
 1.94091e-05 -5.33522e-05 -2.46969e-06
 1.93665e-05 -5.33382e-05 -2.46792e-06
 1.94043e-05 -5.33589e-05 -2.46611e-06
 1.94622e-05  -5.3377e-05 -2.46428e-06
 1.93417e-05 -5.33885e-05 -2.46255e-06
  1.9368e-05 -5.34215e-05 -2.46074e-06
  1.9431e-05 -5.34342e-05 -2.45891e-06
 1.94101e-05 -5.34542e-05 -2.45713e-06
 1.93344e-05 -5.35221e-05 -2.45537e-06
 1.93852e-05  -5.3528e-05 -2.45354e-06
 1.94208e-05 -5.35234e-05 -2.45172e-06
 1.94363e-05 -5.35322e-05 -2.44991e-06
 1.93978e-05 -5.35961e-05 -2.44813e-06
 1.93523e-05 -5.35832e-05 -2.44634e-06
 1.93989e-05 -5.36055e-05 -2.44451e-06
 1.94168e-05 -5.36399e-05  -2.4427e-06
 1.93256e-05 -5.36547e-05 -2.44094e-06
 1.94031e-05 -5.36896e-05 -2.43909e-06
 1.94298e-05 -5.36914e-05 -2.43726e-06
  1.9375e-05 -5.36865e-05 -2.43548e-06
 1.93383e-05 -5.37081e-05 -2.43368e-06
 1.93743e-05 -5.37502e-05 -2.43185e-06
 1.94201e-05 -5.37863e-05 -2.43001e-06
 1.94058e-05 -5.37755e-05  -2.4282e-06
 1.94763e-05 -5.37886e-05 -2.42635e-06
  1.9434e-05 -5.38247e-05 -2.42455e-06
 1.93811e-05 -5.38472e-05 -2.42276e-06
 1.94296e-05 -5.38571e-05 -2.42091e-06
 1.94544e-05 -5.38984e-05 -2.41908e-06
  1.9361e-05 -5.39008e-05  -2.4173e-06
  1.9457e-05  -5.3924e-05 -2.41543e-06
 1.94618e-05 -5.39308e-05  -2.4136e-06
 1.94135e-05 -5.39474e-05  -2.4118e-06
 1.93872e-05 -5.39861e-05 -2.40998e-06
 1.93998e-05 -5.40099e-05 -2.40815e-06
 1.93762e-05 -5.40227e-05 -2.40633e-06
 1.93982e-05 -5.40255e-05 -2.40449e-06
 1.94305e-05 -5.40877e-05 -2.40264e-06
 1.93673e-05 -5.40483e-05 -2.40084e-06
 1.94079e-05 -5.40801e-05 -2.39898e-06
 1.94463e-05 -5.40992e-05 -2.39712e-06
 1.94082e-05 -5.41161e-05 -2.39531e-06
 1.93814e-05 -5.41546e-05 -2.39348e-06
 1.94229e-05  -5.4166e-05 -2.39162e-06
 1.93965e-05 -5.41564e-05 -2.38979e-06
 1.94735e-05 -5.41689e-05 -2.38791e-06
 1.94038e-05 -5.42495e-05  -2.3861e-06
 1.93751e-05 -5.42302e-05 -2.38428e-06
 1.94026e-05 -5.42707e-05 -2.38242e-06
 1.94615e-05  -5.4276e-05 -2.38054e-06
 1.93429e-05 -5.42982e-05 -2.37875e-06
 1.93877e-05 -5.43167e-05 -2.37688e-06
 1.94605e-05 -5.43247e-05 -2.37499e-06
 1.94028e-05  -5.4318e-05 -2.37317e-06
 1.93709e-05 -5.43738e-05 -2.37134e-06
 1.94297e-05 -5.43722e-05 -2.36945e-06
  1.9367e-05  -5.4359e-05 -2.36763e-06
 1.94677e-05 -5.43858e-05 -2.36572e-06
 1.94721e-05 -5.44046e-05 -2.36386e-06
 1.93832e-05 -5.44263e-05 -2.36205e-06
 1.94024e-05  -5.4455e-05 -2.36018e-06
 1.94287e-05 -5.44635e-05 -2.35831e-06
 1.94017e-05 -5.44665e-05 -2.35646e-06
 1.93666e-05 -5.45082e-05 -2.35462e-06
  1.9429e-05 -5.45327e-05 -2.35272e-06
 1.93994e-05 -5.45013e-05 -2.35087e-06
 1.94181e-05 -5.45427e-05 -2.34899e-06
 1.93983e-05 -5.45705e-05 -2.34714e-06
 1.93425e-05 -5.45684e-05  -2.3453e-06
 1.94087e-05 -5.46061e-05 -2.34339e-06
 1.94606e-05 -5.46151e-05  -2.3415e-06
 1.93508e-05 -5.46433e-05 -2.33968e-06
 1.94148e-05 -5.46521e-05 -2.33778e-06
 1.94503e-05 -5.46681e-05 -2.33588e-06
 1.93588e-05 -5.46519e-05 -2.33406e-06
 1.93318e-05 -5.46866e-05  -2.3322e-06
 1.93814e-05 -5.47418e-05 -2.33029e-06
 1.93819e-05 -5.47138e-05 -2.32841e-06
 1.93979e-05 -5.47314e-05 -2.32652e-06
 1.94418e-05 -5.47352e-05 -2.32462e-06
 1.94261e-05 -5.47865e-05 -2.32274e-06
 1.93914e-05  -5.4774e-05 -2.32088e-06
 1.94464e-05 -5.48133e-05 -2.31897e-06
 1.94717e-05 -5.48195e-05 -2.31707e-06
 1.94174e-05 -5.48393e-05 -2.31521e-06
 1.94469e-05 -5.48687e-05 -2.31331e-06
  1.9474e-05 -5.48691e-05  -2.3114e-06
 1.94467e-05 -5.48853e-05 -2.30953e-06
 1.93714e-05 -5.48965e-05 -2.30768e-06
 1.94171e-05 -5.49282e-05 -2.30576e-06
 1.93777e-05 -5.48938e-05 -2.30389e-06
   1.945e-05  -5.4937e-05 -2.30195e-06
 1.94194e-05 -5.49503e-05 -2.30007e-06
 1.93743e-05 -5.49474e-05  -2.2982e-06
 1.94141e-05 -5.49512e-05 -2.29628e-06
  1.9465e-05 -5.49803e-05 -2.29435e-06
 1.94028e-05 -5.49944e-05 -2.29249e-06
 1.93959e-05 -5.50147e-05 -2.29059e-06
 1.94459e-05 -5.50542e-05 -2.28866e-06
  1.9419e-05  -5.5024e-05 -2.28677e-06
 1.94526e-05 -5.50311e-05 -2.28484e-06
  1.9443e-05 -5.50805e-05 -2.28294e-06
 1.93718e-05 -5.50992e-05 -2.28108e-06
 1.94126e-05 -5.51196e-05 -2.27915e-06
 1.94532e-05 -5.51062e-05 -2.27721e-06
 1.93579e-05 -5.51418e-05 -2.27536e-06
 1.93845e-05 -5.51556e-05 -2.27343e-06
 1.94392e-05 -5.51759e-05 -2.27148e-06
 1.94267e-05 -5.51455e-05 -2.26958e-06
 1.93529e-05 -5.51972e-05  -2.2677e-06
 1.94345e-05 -5.51918e-05 -2.26574e-06
 1.94285e-05 -5.52049e-05 -2.26383e-06
 1.94417e-05 -5.52221e-05  -2.2619e-06
 1.94064e-05 -5.52468e-05    -2.26e-06
 1.93708e-05 -5.52261e-05  -2.2581e-06
 1.94258e-05  -5.5238e-05 -2.25614e-06
 1.94255e-05  -5.5267e-05 -2.25422e-06
 1.94056e-05 -5.52627e-05 -2.25231e-06
 1.93709e-05 -5.52597e-05  -2.2504e-06
 1.94203e-05 -5.53069e-05 -2.24845e-06
 1.93735e-05 -5.53044e-05 -2.24655e-06
  1.9442e-05 -5.53241e-05 -2.24458e-06
 1.94157e-05  -5.5364e-05 -2.24266e-06
 1.93631e-05 -5.53408e-05 -2.24076e-06
 1.94466e-05  -5.5348e-05 -2.23878e-06
 1.94826e-05 -5.53754e-05 -2.23682e-06
 1.93677e-05 -5.53808e-05 -2.23496e-06
 1.94098e-05 -5.53844e-05   -2.233e-06
 1.94388e-05 -5.53872e-05 -2.23104e-06
 1.93919e-05 -5.53854e-05 -2.22913e-06
 1.93878e-05 -5.54317e-05 -2.22719e-06
 1.94057e-05 -5.54132e-05 -2.22524e-06
 1.93597e-05 -5.54325e-05 -2.22333e-06
 1.94242e-05 -5.54354e-05 -2.22135e-06
  1.9462e-05 -5.54356e-05 -2.21938e-06
 1.94054e-05 -5.54843e-05 -2.21747e-06
 1.93845e-05 -5.54725e-05 -2.21553e-06
 1.94023e-05 -5.54619e-05 -2.21357e-06
 1.94951e-05 -5.54926e-05 -2.21157e-06
 1.93658e-05 -5.55157e-05  -2.2097e-06
 1.94298e-05 -5.55277e-05 -2.20771e-06
 1.94727e-05 -5.55542e-05 -2.20573e-06
 1.94389e-05 -5.55144e-05  -2.2038e-06
 1.94185e-05 -5.55544e-05 -2.20185e-06
 1.94615e-05 -5.55475e-05 -2.19987e-06
 1.94165e-05 -5.55372e-05 -2.19794e-06
 1.94418e-05 -5.55605e-05 -2.19597e-06
  1.9433e-05 -5.55843e-05 -2.19402e-06
1.93583e-05 -5.5591e-05 -2.1921e-06
 1.94245e-05 -5.55909e-05  -2.1901e-06
 1.94452e-05 -5.56175e-05 -2.18812e-06
 1.93633e-05 -5.56049e-05 -2.18621e-06
1.94301e-05 -5.5623e-05 -2.1842e-06
 1.94535e-05 -5.56212e-05 -2.18222e-06
 1.94341e-05 -5.56173e-05 -2.18027e-06
 1.94631e-05 -5.56215e-05 -2.17828e-06
 1.94324e-05 -5.56696e-05 -2.17633e-06
 1.94079e-05  -5.5675e-05 -2.17438e-06
  1.9456e-05 -5.56638e-05 -2.17237e-06
 1.94687e-05 -5.56811e-05 -2.17039e-06
 1.93752e-05 -5.56857e-05 -2.16848e-06
 1.94048e-05 -5.57081e-05 -2.16648e-06
 1.94365e-05 -5.56897e-05 -2.16449e-06
 1.94153e-05 -5.56898e-05 -2.16252e-06
 1.93679e-05 -5.57196e-05 -2.16057e-06
  1.9457e-05 -5.57397e-05 -2.15854e-06
 1.93966e-05 -5.57246e-05 -2.15659e-06
 1.94489e-05 -5.57219e-05 -2.15458e-06
 1.94104e-05 -5.57598e-05 -2.15262e-06
 1.93854e-05   -5.572e-05 -2.15065e-06
 1.94232e-05 -5.57415e-05 -2.14864e-06
 1.94965e-05  -5.5743e-05 -2.14661e-06
  1.9458e-05  -5.5724e-05 -2.14465e-06
 1.93972e-05  -5.5759e-05 -2.14269e-06
1.94098e-05 -5.5779e-05 -2.1407e-06
 1.93788e-05 -5.57773e-05 -2.13872e-06
 1.94408e-05 -5.57803e-05 -2.13669e-06
  1.9407e-05 -5.58245e-05 -2.13472e-06
 1.94262e-05 -5.58047e-05 -2.13271e-06
 1.94492e-05 -5.58023e-05  -2.1307e-06
1.94614e-05 -5.5812e-05 -2.1287e-06
   1.936e-05 -5.58159e-05 -2.12676e-06
 1.94133e-05 -5.58122e-05 -2.12473e-06
 1.94395e-05 -5.58395e-05 -2.12271e-06
 1.94313e-05 -5.58289e-05 -2.12072e-06
  1.9402e-05 -5.58313e-05 -2.11873e-06
 1.94451e-05 -5.58438e-05  -2.1167e-06
 1.93697e-05 -5.58331e-05 -2.11474e-06
  1.9423e-05 -5.58381e-05  -2.1127e-06
 1.93751e-05 -5.58702e-05 -2.11072e-06
 1.93562e-05 -5.58391e-05 -2.10873e-06
 1.94243e-05 -5.58326e-05 -2.10668e-06
 1.94575e-05 -5.58525e-05 -2.10464e-06
 1.95093e-05 -5.58491e-05  -2.1026e-06
 1.94061e-05 -5.58652e-05 -2.10065e-06
 1.94556e-05  -5.5901e-05 -2.09861e-06
 1.94916e-05 -5.58763e-05 -2.09657e-06
 1.94596e-05 -5.58795e-05 -2.09457e-06
 1.94421e-05 -5.58701e-05 -2.09256e-06
 1.94711e-05 -5.58965e-05 -2.09053e-06
 1.94536e-05 -5.58872e-05 -2.08852e-06
 1.94257e-05 -5.58811e-05 -2.08651e-06
 1.94161e-05 -5.59167e-05  -2.0845e-06
 1.93738e-05 -5.59028e-05  -2.0825e-06
 1.94374e-05 -5.58993e-05 -2.08043e-06
  1.9477e-05 -5.58924e-05 -2.07838e-06
 1.93748e-05 -5.59175e-05 -2.07642e-06
 1.94289e-05 -5.58901e-05 -2.07436e-06
 1.94649e-05 -5.59343e-05 -2.07231e-06
  1.9431e-05 -5.58762e-05  -2.0703e-06
 1.94638e-05  -5.5903e-05 -2.06825e-06
 1.94285e-05 -5.58961e-05 -2.06623e-06
 1.94259e-05 -5.59029e-05  -2.0642e-06
 1.94628e-05  -5.5908e-05 -2.06214e-06
 1.95111e-05 -5.59044e-05 -3.01375e-06
 1.93825e-05 -5.59259e-05 -2.05812e-06
 1.94125e-05 -5.59026e-05 -2.05606e-06
 1.94662e-05 -5.59262e-05 -2.05399e-06
 1.94333e-05 -5.58869e-05 -2.05197e-06
 1.93966e-05 -5.59211e-05 -2.04995e-06
 1.94466e-05 -5.59101e-05 -2.04788e-06
 1.94025e-05 -5.59069e-05 -2.04586e-06
 1.94516e-05 -5.59087e-05 -2.04378e-06
 1.94051e-05  -5.5929e-05 -2.04176e-06
 1.93736e-05 -5.59171e-05 -2.03974e-06
 1.94617e-05 -5.59079e-05 -2.03763e-06
 1.94847e-05 -5.59103e-05 -2.03557e-06
 1.93642e-05 -5.59075e-05 -2.03359e-06
 1.94277e-05 -5.59394e-05  -2.0315e-06
 1.94599e-05 -5.59028e-05 -2.02943e-06
 1.93917e-05 -5.59206e-05 -2.02741e-06
 1.94309e-05 -5.58786e-05 -2.02533e-06
 1.94236e-05 -5.59091e-05 -2.02328e-06
 1.93902e-05  -5.5914e-05 -2.02124e-06
 1.94477e-05 -5.59039e-05 -2.01915e-06
 1.95061e-05 -5.59269e-05 -2.97073e-06
 1.93502e-05 -5.59269e-05 -2.01509e-06
 1.94108e-05 -5.59369e-05 -2.01299e-06
 1.94762e-05 -5.59339e-05 -2.01088e-06
 1.94399e-05 -5.59003e-05 -2.00884e-06
 1.94038e-05 -5.59201e-05  -2.0068e-06
1.94454e-05 -5.5927e-05 -2.0047e-06
  1.9392e-05 -5.59002e-05 -2.00267e-06
 1.94703e-05 -5.59147e-05 -2.00055e-06
 1.94146e-05 -5.59206e-05 -1.99851e-06
 1.93793e-05 -5.59054e-05 -1.99646e-06
 1.94093e-05 -5.58912e-05 -1.99437e-06
  1.9485e-05 -5.58916e-05 -2.94592e-06
 1.94417e-05 -5.59312e-05  -1.9902e-06
 1.93776e-05 -5.58915e-05 -1.98816e-06
  1.9443e-05 -5.59026e-05 -1.98605e-06
 1.94565e-05 -5.58979e-05 -1.98396e-06
  1.9476e-05 -5.58592e-05 -2.93554e-06
 1.94416e-05 -5.58964e-05 -2.93348e-06
 1.94845e-05 -5.58768e-05  -1.9777e-06
 1.94441e-05 -5.58935e-05 -1.97564e-06
 1.94675e-05 -5.58713e-05 -1.97354e-06
 1.94476e-05 -5.59217e-05 -1.97147e-06
 1.93724e-05 -5.58745e-05 -1.96943e-06
 1.94611e-05 -5.58731e-05 -2.92096e-06
 1.94999e-05 -5.58518e-05 -2.91884e-06
 1.93667e-05 -5.58627e-05 -1.96316e-06
 1.94266e-05 -5.58615e-05 -2.91471e-06
  1.9457e-05 -5.58642e-05  -2.9126e-06
 1.94175e-05  -5.5867e-05 -1.95685e-06
 1.93989e-05  -5.5853e-05 -1.95477e-06
 1.94477e-05 -5.58753e-05 -2.90632e-06
 1.94099e-05 -5.58158e-05 -1.95057e-06
 1.94554e-05 -5.58504e-05 -2.90212e-06
 1.95128e-05 -5.58264e-05 -2.89998e-06
 1.93946e-05 -5.58667e-05 -1.94428e-06
 1.94274e-05 -5.58254e-05 -2.89583e-06
 1.94592e-05 -5.58456e-05 -2.89371e-06
 1.94388e-05 -5.57954e-05 -2.89162e-06
 1.94181e-05 -5.58211e-05 -2.88952e-06
 1.94442e-05 -5.58534e-05  -2.8874e-06
 1.94118e-05 -5.57909e-05 -2.88531e-06
 1.94357e-05 -5.58041e-05 -2.88319e-06
 1.94084e-05 -5.58049e-05  -2.8811e-06
  1.9422e-05 -5.57979e-05 -2.87898e-06
 1.94417e-05 -5.57738e-05 -2.87685e-06
 1.94861e-05 -5.57904e-05 -2.87471e-06
 1.93553e-05 -5.57668e-05   -1.919e-06
 1.94179e-05  -5.5791e-05 -2.87052e-06
 1.94414e-05 -5.57555e-05 -2.86839e-06
 1.94306e-05 -5.57285e-05 -1.91261e-06
 1.93895e-05 -5.57487e-05 -2.86419e-06
 1.94371e-05 -5.57454e-05 -2.86204e-06
  1.9385e-05 -5.57235e-05 -1.90627e-06
 1.94462e-05  -5.5744e-05 -2.85779e-06
 1.94818e-05  -5.5747e-05 -2.85564e-06
1.93459e-05 -5.5739e-05 -2.8536e-06
 1.94267e-05   -5.576e-05 -2.85143e-06
 1.94729e-05 -5.57387e-05 -2.84927e-06
 1.94475e-05 -5.57163e-05 -2.84716e-06
 1.94022e-05 -5.57101e-05 -1.89138e-06
 1.94487e-05 -5.57316e-05  -2.8429e-06
 1.93896e-05 -5.56959e-05  -2.8408e-06
 1.94354e-05 -5.56849e-05 -2.83864e-06
  1.9449e-05 -5.56997e-05  -2.8365e-06
 1.93948e-05 -5.56831e-05  -2.8344e-06
 1.94246e-05 -5.56565e-05 -2.83224e-06
 1.94816e-05 -5.56509e-05 -2.83007e-06
 1.94314e-05 -5.56917e-05 -2.82796e-06
  1.9373e-05  -5.5637e-05 -2.82586e-06
 1.94168e-05 -5.56565e-05 -2.82369e-06
 1.94827e-05 -5.56319e-05  -2.8215e-06
 1.94395e-05 -5.56197e-05 -2.81939e-06
 1.94541e-05 -5.56495e-05 -2.81723e-06
   1.947e-05  -5.5642e-05 -2.81508e-06
 1.94404e-05 -5.56078e-05 -2.81295e-06
 1.94945e-05 -5.56188e-05 -2.81077e-06
 1.94649e-05 -5.56271e-05 -2.80864e-06
 1.94263e-05 -5.55959e-05 -2.80651e-06
 1.94889e-05 -5.55798e-05 -2.80432e-06
 1.94765e-05 -5.56002e-05 -2.80218e-06
 1.93737e-05 -5.55617e-05 -2.80009e-06
 1.94097e-05 -5.55584e-05 -2.79791e-06
 1.94481e-05 -5.55556e-05 -2.79573e-06
 1.94407e-05 -5.55474e-05 -2.79358e-06
 1.93822e-05 -5.55541e-05 -2.79146e-06
  1.9455e-05  -5.5557e-05 -2.78925e-06
 1.94058e-05 -5.55062e-05 -2.78712e-06
 1.94706e-05 -5.55241e-05 -2.78492e-06
 1.94205e-05 -5.55228e-05 -2.78279e-06
 1.93712e-05 -5.55165e-05 -2.78065e-06
 1.94431e-05 -5.55054e-05 -2.77844e-06
 1.94786e-05  -5.5501e-05 -2.77625e-06
 1.94648e-05 -5.54537e-05 -2.77409e-06
  1.9382e-05 -5.54787e-05 -2.77198e-06
 1.94325e-05 -5.54991e-05 -2.76978e-06
 1.94093e-05 -5.54476e-05 -2.76762e-06
 1.94645e-05 -5.54485e-05 -2.76541e-06
 1.94427e-05 -5.54674e-05 -2.76325e-06
 1.94224e-05 -5.54441e-05 -2.76109e-06
 1.94323e-05 -5.54254e-05 -2.75891e-06
 1.95056e-05 -5.54301e-05 -2.75669e-06
 1.93515e-05 -5.54045e-05 -2.75461e-06
 1.93983e-05 -5.54219e-05  -2.7524e-06
 1.94771e-05 -5.53904e-05 -2.75017e-06
 1.94377e-05 -5.53558e-05 -2.74801e-06
 1.94224e-05 -5.53965e-05 -2.74584e-06
 1.94463e-05 -5.53753e-05 -2.74364e-06
 1.93854e-05 -5.53734e-05  -2.7415e-06
 1.94396e-05 -5.53281e-05 -2.73927e-06
 1.94649e-05 -5.53502e-05 -2.73707e-06
 1.93617e-05 -5.53147e-05 -2.73495e-06
 1.94372e-05 -5.53422e-05 -2.73271e-06
 1.94742e-05 -5.53333e-05  -2.7305e-06
 1.94226e-05 -5.52911e-05 -2.72834e-06
 1.93916e-05 -5.53131e-05 -2.72617e-06
 1.94289e-05 -5.53164e-05 -2.72395e-06
 1.93872e-05 -5.52776e-05 -2.72178e-06
 1.94646e-05 -5.52706e-05 -2.71953e-06
 1.94415e-05 -5.52925e-05 -2.71735e-06
 1.93741e-05 -5.52572e-05  -2.7152e-06
 1.94455e-05 -5.52414e-05 -2.71295e-06
  1.9454e-05 -5.52379e-05 -2.71074e-06
 1.94197e-05 -5.52617e-05 -2.70856e-06
 1.93923e-05 -5.52158e-05 -2.70638e-06
 1.94289e-05   -5.523e-05 -2.70415e-06
 1.94853e-05 -5.52274e-05 -2.70191e-06
 1.93649e-05 -5.52117e-05 -2.69978e-06
 1.94185e-05 -5.52143e-05 -2.69754e-06
 1.94583e-05 -5.51871e-05  -2.6953e-06
 1.94193e-05 -5.51603e-05 -2.69312e-06
  1.9494e-05 -5.51463e-05 -2.69086e-06
 1.94545e-05  -5.5191e-05 -2.68867e-06
 1.94104e-05 -5.51577e-05 -2.68649e-06
  1.9478e-05 -5.51414e-05 -2.68423e-06
 1.95229e-05 -5.51477e-05 -2.68198e-06
 1.93987e-05 -5.51194e-05 -2.67985e-06
 1.94254e-05 -5.51206e-05 -2.67761e-06
 1.94963e-05 -5.51057e-05 -2.67534e-06
  1.9456e-05 -5.50694e-05 -2.67315e-06
 1.94165e-05 -5.50789e-05 -2.67096e-06
 1.94586e-05 -5.50796e-05 -2.66871e-06
 1.94065e-05 -5.50466e-05 -2.66652e-06
 1.94426e-05 -5.50531e-05 -2.66427e-06
 1.94417e-05 -5.50419e-05 -2.66204e-06
 1.93884e-05 -5.50338e-05 -2.65985e-06
 1.94364e-05 -5.50262e-05 -2.65759e-06
 1.95069e-05 -5.50466e-05 -2.65531e-06
 1.94642e-05 -5.49939e-05 -2.65311e-06
 1.94504e-05 -5.50223e-05 -2.65089e-06
 1.94398e-05  -5.4997e-05 -2.64866e-06
 1.94339e-05 -5.49705e-05 -2.64643e-06
 1.94643e-05 -5.49644e-05 -2.64417e-06
  1.9424e-05 -5.49873e-05 -2.64197e-06
 1.93612e-05 -5.49727e-05 -2.63977e-06
 1.94247e-05 -5.49391e-05 -2.63749e-06
  1.9483e-05 -5.49551e-05 -2.63521e-06
 1.93747e-05 -5.49279e-05 -2.63304e-06
 1.94325e-05 -5.49365e-05 -2.63076e-06
 1.94593e-05 -5.49093e-05  -2.6285e-06
 1.94119e-05 -5.48738e-05 -2.62629e-06
 1.93958e-05 -5.48775e-05 -2.62405e-06
 1.94694e-05 -5.49015e-05 -2.62175e-06
 1.94077e-05 -5.48213e-05 -2.61955e-06
 1.94148e-05 -5.48254e-05 -2.61729e-06
 1.94233e-05 -5.48717e-05 -2.61504e-06
 1.93778e-05 -5.48258e-05 -2.61282e-06
 1.94357e-05 -5.48658e-05 -2.61053e-06
 1.94791e-05 -5.48362e-05 -2.60824e-06
 1.94104e-05 -5.48137e-05 -2.60603e-06
 1.93988e-05 -5.48198e-05 -2.60379e-06
 1.94796e-05 -5.48088e-05 -2.60147e-06
 1.94117e-05 -5.47528e-05 -2.59926e-06
 1.94617e-05 -5.47759e-05 -2.59697e-06
 1.94339e-05 -5.47784e-05 -2.59473e-06
 1.93898e-05 -5.47733e-05 -2.59249e-06
 1.94216e-05 -5.47255e-05 -2.59021e-06
 1.94986e-05 -5.47464e-05 -2.58789e-06
 1.94731e-05 -5.47575e-05 -2.58565e-06
 1.94039e-05 -5.47113e-05 -2.58343e-06
 1.94319e-05 -5.47075e-05 -2.58114e-06
 1.94642e-05  -5.4709e-05 -2.57885e-06
 1.93791e-05 -5.47078e-05 -2.57664e-06
 1.94096e-05 -5.46859e-05 -2.57434e-06
 1.94562e-05 -5.46807e-05 -2.57204e-06
 1.94234e-05 -5.46281e-05 -2.56979e-06
 1.94202e-05 -5.46821e-05 -2.56752e-06
 1.94572e-05 -5.46646e-05 -2.56522e-06
 1.94107e-05 -5.46254e-05 -2.56297e-06
 1.94607e-05 -5.46227e-05 -2.56066e-06
 1.94901e-05 -5.46216e-05 -2.55836e-06
 1.94186e-05 -5.45965e-05 -2.55613e-06
 1.94616e-05  -5.4595e-05 -2.55382e-06
 1.94701e-05 -5.45809e-05 -2.55153e-06
  1.9406e-05 -5.45468e-05 -2.54929e-06
 1.94122e-05 -5.45585e-05   -2.547e-06
  1.9457e-05 -5.45435e-05 -2.54468e-06
 1.94064e-05 -5.45268e-05 -2.54243e-06
 1.94894e-05 -5.45133e-05 -2.54009e-06
 1.94565e-05 -5.45233e-05 -2.53782e-06
 1.94175e-05 -5.44993e-05 -2.53556e-06
 1.94312e-05 -5.44929e-05 -2.53325e-06
 1.94564e-05 -5.44977e-05 -2.53094e-06
  1.9377e-05 -5.44704e-05  -2.5287e-06
 1.94139e-05 -5.44712e-05 -2.52638e-06
 1.94918e-05 -5.44812e-05 -2.52404e-06
 1.94668e-05 -5.44414e-05 -2.52175e-06
 1.94539e-05 -5.44311e-05 -2.51946e-06
 1.94335e-05 -5.44574e-05 -2.51718e-06
 1.93928e-05 -5.44192e-05 -2.51491e-06
 1.94268e-05 -5.44349e-05 -2.51258e-06
 1.95136e-05 -5.43931e-05 -2.51022e-06
 1.93908e-05 -5.43919e-05   -2.508e-06
 1.94379e-05 -5.43945e-05 -2.50566e-06
 1.94591e-05 -5.43678e-05 -2.50334e-06
 1.94298e-05 -5.43717e-05 -2.50105e-06
 1.93811e-05 -5.43725e-05 -2.49878e-06
 1.94306e-05 -5.43834e-05 -2.49643e-06
 1.94145e-05 -5.42989e-05 -2.49413e-06
  1.9477e-05 -5.43201e-05 -2.49178e-06
 1.94217e-05 -5.43246e-05  -2.4895e-06
 1.93776e-05 -5.43116e-05 -2.48722e-06
  1.9416e-05 -5.42771e-05 -2.48487e-06
  1.9451e-05 -5.42745e-05 -2.48253e-06
 1.93362e-05 -5.42704e-05 -2.48029e-06
 1.94121e-05 -5.42901e-05 -2.47792e-06
 1.94552e-05 -5.42639e-05 -2.47557e-06
 1.94166e-05 -5.42397e-05 -2.47328e-06
 1.94573e-05 -5.42624e-05 -2.47093e-06
 1.94029e-05 -5.42595e-05 -2.46864e-06
 1.94702e-05 -5.42674e-05 -2.46627e-06
 1.94461e-05 -5.42108e-05 -2.46396e-06
 1.94979e-05 -5.42415e-05 -2.46159e-06
 1.94561e-05 -5.42042e-05 -2.45929e-06
 1.94139e-05 -5.41988e-05 -2.45699e-06
 1.94289e-05 -5.41633e-05 -2.45465e-06
 1.94738e-05 -5.41965e-05 -2.45229e-06
 1.93533e-05 -5.41643e-05 -2.45004e-06
 1.94233e-05 -5.41701e-05 -2.44766e-06
 1.94928e-05 -5.41598e-05 -2.44527e-06
 1.94413e-05 -5.41195e-05 -2.44297e-06
 1.94042e-05 -5.41576e-05 -2.44066e-06
 1.94323e-05 -5.41561e-05  -2.4383e-06
 1.94091e-05 -5.41268e-05 -2.43598e-06
 1.94288e-05 -5.40884e-05 -2.43362e-06
 1.95291e-05  -5.4106e-05 -2.43121e-06
 1.94254e-05 -5.40879e-05 -2.42894e-06
 1.94432e-05 -5.41013e-05 -2.42658e-06
 1.94862e-05  -5.4076e-05 -2.42421e-06
 1.94104e-05 -5.40528e-05 -2.42191e-06
 1.94003e-05 -5.40542e-05 -2.41957e-06
 1.94153e-05 -5.40679e-05 -2.41721e-06
 1.94308e-05 -5.40321e-05 -2.41485e-06
 1.94687e-05 -5.40228e-05 -2.41247e-06
 1.94125e-05 -5.40321e-05 -2.41016e-06
 1.93912e-05 -5.40102e-05 -2.40782e-06
 1.94216e-05 -5.40122e-05 -2.40545e-06
 1.94521e-05 -5.39944e-05 -2.40307e-06
 1.93865e-05  -5.3969e-05 -2.40076e-06
 1.94258e-05 -5.39755e-05 -2.39837e-06
 1.94799e-05 -5.39646e-05 -2.39597e-06
 1.94428e-05 -5.39608e-05 -2.39364e-06
1.94094e-05 -5.3966e-05 -2.3913e-06
 1.94324e-05 -5.39643e-05 -2.38892e-06
 1.93659e-05 -5.39335e-05  -2.3866e-06
 1.94476e-05 -5.39513e-05 -2.38418e-06
 1.94854e-05 -5.39172e-05 -2.38179e-06
 1.93953e-05 -5.39179e-05 -2.37948e-06
 1.94191e-05 -5.39168e-05  -2.3771e-06
 1.94603e-05 -5.39209e-05  -2.3747e-06
 1.94212e-05 -5.38964e-05 -2.37236e-06
 1.93651e-05 -5.39166e-05 -2.37002e-06
 1.94541e-05  -5.3908e-05 -2.36759e-06
 1.94264e-05 -5.38571e-05 -2.36523e-06
 1.94637e-05 -5.38671e-05 -2.36283e-06
 1.94229e-05 -5.38704e-05 -2.36048e-06
 1.93676e-05  -5.3847e-05 -2.35814e-06
 1.93934e-05 -5.38402e-05 -2.35575e-06
 1.94601e-05 -5.38347e-05 -2.35332e-06
 1.93596e-05 -5.38261e-05 -2.35101e-06
 1.94059e-05 -5.38218e-05 -2.34859e-06
 1.94744e-05 -5.37996e-05 -2.34616e-06
 1.94108e-05 -5.38099e-05 -2.34382e-06
 1.94528e-05 -5.37715e-05  -2.3414e-06
 1.93995e-05  -5.3818e-05 -2.33906e-06
 1.94731e-05  -5.3803e-05 -2.33661e-06
 1.94421e-05  -5.3782e-05 -2.33425e-06
 1.94869e-05 -5.37718e-05 -2.33182e-06
 1.94629e-05 -5.37866e-05 -2.32945e-06
 1.94327e-05 -5.37825e-05 -2.32708e-06
 1.94674e-05 -5.37583e-05 -2.32466e-06
 1.94772e-05 -5.37671e-05 -2.32226e-06
 1.93629e-05 -5.37435e-05 -2.31994e-06
 1.94263e-05 -5.37502e-05  -2.3175e-06
  1.9446e-05 -5.37468e-05 -2.31509e-06
 1.94182e-05 -5.37265e-05 -2.31271e-06
   1.939e-05 -5.36994e-05 -2.31033e-06
 1.94371e-05 -5.37322e-05 -2.30789e-06
 1.93991e-05 -5.36855e-05 -2.30551e-06
 1.94551e-05 -5.36949e-05 -2.30307e-06
 1.94436e-05 -5.37125e-05 -2.30067e-06
 1.94055e-05 -5.36822e-05 -2.29829e-06
 1.94373e-05 -5.36831e-05 -2.29586e-06
 1.94747e-05 -5.36679e-05 -2.29343e-06
 1.94334e-05 -5.36601e-05 -2.29105e-06
 1.94103e-05 -5.36661e-05 -2.28865e-06
 1.94416e-05 -5.36677e-05 -2.28622e-06
 1.94064e-05 -5.36318e-05 -2.28383e-06
 1.94661e-05 -5.36338e-05 -2.28137e-06
 1.94351e-05 -5.36351e-05 -2.27898e-06
 1.93825e-05 -5.36096e-05  -2.2766e-06
 1.94381e-05 -5.36078e-05 -2.27414e-06
 1.94867e-05 -5.36072e-05 -2.27169e-06
 1.93709e-05 -5.35774e-05 -2.26935e-06
 1.94031e-05 -5.36025e-05  -2.2669e-06
 1.94876e-05 -5.36014e-05 -2.26442e-06
  1.9436e-05 -5.35725e-05 -2.26203e-06
 1.93882e-05  -5.3598e-05 -2.25964e-06
 1.94228e-05 -5.35906e-05 -2.25719e-06
 1.93978e-05 -5.35643e-05 -2.25478e-06
 1.94347e-05 -5.35492e-05 -2.25233e-06
 1.93944e-05 -5.35747e-05 -2.24993e-06
 1.93572e-05 -5.35406e-05 -2.24752e-06
 1.94085e-05 -5.35585e-05 -2.24505e-06
 1.94553e-05 -5.35443e-05 -2.24259e-06
 1.94246e-05 -5.35284e-05 -2.24017e-06
 1.93913e-05 -5.35717e-05 -2.23776e-06
 1.94361e-05 -5.35419e-05 -2.23529e-06
 1.94023e-05 -5.35216e-05 -2.23288e-06
 1.94383e-05 -5.35154e-05 -2.23042e-06
 1.94035e-05 -5.35295e-05   -2.228e-06
 1.93873e-05 -5.35041e-05 -2.22557e-06
 1.94546e-05 -5.35218e-05 -2.22308e-06
 1.94537e-05 -5.35004e-05 -2.22064e-06
 1.93193e-05 -5.35107e-05 -2.21829e-06
 1.94121e-05 -5.35072e-05 -2.21578e-06
 1.94584e-05 -5.34895e-05  -2.2133e-06
 1.94804e-05 -5.34678e-05 -2.21083e-06
 1.93488e-05 -5.34668e-05 -2.20848e-06
 1.94313e-05 -5.34868e-05 -2.20597e-06
   1.947e-05 -5.34649e-05 -2.20349e-06
 1.94278e-05 -5.34625e-05 -2.20107e-06
 1.94722e-05 -5.34683e-05 -2.19858e-06
 1.94463e-05 -5.34853e-05 -2.19614e-06
  1.9383e-05 -5.34652e-05 -2.19373e-06
 1.94666e-05 -5.34733e-05 -2.19122e-06
 1.95128e-05 -5.34487e-05 -2.18872e-06
 1.93556e-05 -5.34578e-05 -2.18638e-06
 1.94204e-05 -5.34466e-05 -2.18387e-06
 1.94597e-05 -5.34388e-05 -2.18138e-06
 1.94267e-05 -5.34272e-05 -2.17894e-06
 1.93734e-05 -5.34307e-05 -2.17652e-06
 1.94317e-05 -5.34418e-05 -2.17401e-06
 1.94049e-05 -5.34027e-05 -2.17156e-06
 1.94799e-05 -5.34281e-05 -2.16904e-06
  1.9447e-05 -5.34218e-05 -2.16659e-06
 1.93982e-05 -5.34289e-05 -2.16416e-06
 1.94174e-05 -5.33996e-05 -2.16168e-06
 1.94875e-05 -5.34231e-05 -2.15915e-06
 1.93916e-05 -5.34053e-05 -2.15675e-06
 1.94398e-05 -5.34192e-05 -2.15424e-06
 1.94301e-05 -5.34278e-05 -2.15177e-06
 1.93823e-05 -5.33772e-05 -2.14933e-06
 1.94578e-05 -5.33812e-05 -2.14679e-06
 1.94166e-05 -5.34058e-05 -2.14435e-06
  1.9351e-05 -5.33868e-05 -2.14191e-06
 1.94327e-05 -5.33591e-05 -2.13937e-06
 1.94761e-05 -5.33754e-05 -2.13686e-06
 1.93562e-05 -5.33819e-05 -2.13446e-06
 1.93982e-05 -5.33964e-05 -2.13195e-06
 1.94477e-05  -5.3361e-05 -2.12942e-06
 1.94194e-05  -5.3348e-05 -2.12696e-06
 1.94065e-05 -5.33543e-05 -2.12448e-06
 1.94648e-05 -5.33658e-05 -2.12195e-06
 1.94188e-05 -5.33568e-05 -2.11949e-06
 1.94451e-05 -5.33637e-05 -2.11698e-06
 1.93893e-05 -5.33776e-05 -2.11453e-06
 1.93765e-05 -5.33588e-05 -2.11204e-06
 1.93929e-05 -5.33528e-05 -2.10954e-06
 1.94932e-05 -5.33494e-05 -2.10696e-06
 1.94397e-05 -5.33431e-05 -2.10451e-06
 1.94092e-05 -5.33516e-05 -2.10203e-06
 1.94218e-05 -5.33618e-05 -2.09952e-06
 1.94122e-05 -5.33205e-05 -2.09703e-06
 1.94351e-05 -5.33424e-05 -2.09451e-06
 1.94186e-05 -5.33444e-05 -2.09202e-06
 1.93982e-05  -5.3325e-05 -2.08953e-06
 1.94496e-05 -5.33272e-05 -2.08699e-06
 1.94879e-05 -5.33389e-05 -2.08445e-06
 1.93334e-05 -5.33369e-05 -2.08206e-06
 1.93834e-05 -5.33231e-05 -2.07951e-06
 1.94445e-05 -5.33187e-05 -2.07695e-06
 1.94926e-05 -5.33166e-05 -2.07441e-06
 1.93782e-05 -5.33165e-05 -2.07198e-06
 1.94277e-05 -5.33237e-05 -2.06943e-06
 1.94748e-05 -5.33182e-05 -2.06688e-06
 1.94275e-05 -5.33188e-05  -2.0644e-06
  1.9389e-05  -5.3341e-05 -2.06191e-06
 1.94311e-05 -5.33431e-05 -2.05936e-06
 1.94237e-05 -5.33113e-05 -2.05685e-06
 1.94914e-05 -5.33121e-05 -2.05428e-06
 1.95337e-05 -5.33149e-05  -3.0054e-06
 1.93869e-05 -5.33141e-05 -2.04931e-06
 1.94029e-05 -5.33097e-05 -2.04677e-06
 1.94347e-05 -5.33236e-05 -2.04423e-06
 1.94232e-05 -5.32854e-05 -2.04171e-06
 1.94056e-05 -5.33001e-05 -2.03919e-06
 1.94439e-05 -5.33072e-05 -2.03664e-06
 1.94091e-05 -5.32908e-05 -2.03413e-06
 1.94638e-05 -5.32996e-05 -2.03156e-06
 1.94252e-05 -5.32965e-05 -2.02906e-06
 1.93658e-05 -5.33173e-05 -2.02657e-06
 1.94711e-05 -5.32842e-05 -2.02396e-06
 1.95209e-05  -5.3314e-05 -2.97506e-06
 1.93769e-05 -5.33033e-05 -2.01896e-06
 1.94222e-05 -5.33207e-05 -2.01638e-06
 1.94785e-05 -5.33295e-05 -2.96748e-06
 1.94034e-05 -5.32883e-05 -2.01132e-06
 1.93523e-05 -5.33175e-05 -2.00882e-06
 1.94453e-05 -5.33171e-05 -2.95988e-06
 1.94019e-05 -5.32945e-05 -2.00369e-06
 1.94323e-05 -5.32752e-05 -2.00112e-06
 1.94805e-05  -5.3313e-05 -1.99854e-06
 1.93548e-05 -5.33046e-05 -1.99609e-06
 1.94034e-05 -5.32953e-05 -1.99351e-06
 1.94533e-05 -5.32901e-05 -1.99092e-06
 1.94303e-05 -5.32735e-05 -1.98839e-06
 1.93973e-05 -5.32853e-05 -1.98586e-06
 1.94634e-05 -5.33136e-05 -2.93693e-06
 1.94153e-05 -5.32803e-05 -1.98074e-06
 1.94483e-05 -5.33048e-05 -2.93183e-06
 1.93634e-05 -5.33028e-05 -1.97567e-06
 1.93571e-05 -5.32966e-05 -1.97312e-06
 1.94235e-05 -5.33059e-05 -2.92418e-06
  1.9487e-05 -5.33066e-05 -2.92157e-06
 1.93556e-05 -5.33179e-05 -1.96544e-06
 1.93799e-05 -5.33001e-05 -1.96286e-06
 1.94395e-05 -5.33409e-05 -2.91392e-06
 1.93643e-05 -5.32953e-05 -1.95774e-06
 1.94579e-05 -5.33047e-05 -2.90878e-06
 1.94352e-05 -5.33099e-05 -2.90623e-06
 1.93737e-05 -5.32952e-05 -1.95004e-06
 1.94278e-05 -5.32952e-05 -1.94743e-06
 1.94766e-05 -5.33195e-05 -2.89849e-06
 1.94201e-05 -5.33473e-05 -1.94229e-06
 1.93633e-05 -5.32931e-05 -2.89344e-06
 1.94339e-05 -5.33208e-05 -1.93713e-06
 1.94808e-05 -5.33129e-05  -2.8882e-06
 1.93856e-05 -5.33268e-05  -2.8857e-06
 1.94364e-05 -5.33359e-05 -2.88308e-06
 1.94469e-05 -5.33335e-05 -2.88049e-06
 1.94455e-05 -5.33026e-05 -2.87792e-06
 1.93875e-05 -5.33258e-05 -2.87538e-06
 1.94691e-05 -5.33228e-05 -2.87274e-06
 1.94223e-05 -5.33254e-05 -2.87019e-06
 1.94894e-05 -5.32928e-05 -2.86755e-06
 1.94309e-05 -5.33485e-05 -2.86502e-06
 1.93497e-05 -5.33271e-05 -1.90882e-06
 1.94007e-05 -5.33341e-05 -1.90619e-06
   1.949e-05 -5.33405e-05 -2.85721e-06
 1.94291e-05 -5.32848e-05 -2.85466e-06
 1.94106e-05 -5.33194e-05 -2.85209e-06
 1.94452e-05 -5.33327e-05 -2.84947e-06
 1.93914e-05 -5.33133e-05 -2.84692e-06
 1.94427e-05 -5.33138e-05 -2.84428e-06
 1.94107e-05 -5.33459e-05 -2.84171e-06
 1.93722e-05 -5.33159e-05 -2.83915e-06
 1.94343e-05 -5.33366e-05  -2.8365e-06
 1.95019e-05  -5.3356e-05 -2.83385e-06
 1.93689e-05 -5.33472e-05 -2.83135e-06
  1.9403e-05 -5.33671e-05 -2.82873e-06
 1.94465e-05 -5.33695e-05 -2.82609e-06
 1.94089e-05 -5.33467e-05 -2.82352e-06
 1.93889e-05 -5.33609e-05 -2.82093e-06
 1.94306e-05 -5.33715e-05 -2.81829e-06
 1.93874e-05 -5.33424e-05 -2.81572e-06
 1.94169e-05  -5.3352e-05 -2.81309e-06
 1.93895e-05 -5.33936e-05  -2.8105e-06
 1.93441e-05 -5.33633e-05 -2.80792e-06
 1.94121e-05 -5.33819e-05 -2.80526e-06
  1.9471e-05 -5.33463e-05  -2.8026e-06
 1.94325e-05 -5.33591e-05 -2.80002e-06
 1.93875e-05 -5.33567e-05 -2.79744e-06
 1.94313e-05 -5.33715e-05 -2.79479e-06
 1.93826e-05 -5.33449e-05 -2.79221e-06
 1.94274e-05 -5.33504e-05 -2.78956e-06
 1.94312e-05 -5.33864e-05 -2.78693e-06
 1.93905e-05 -5.33793e-05 -2.78435e-06
  1.9418e-05 -5.33895e-05  -2.7817e-06
 1.94573e-05 -5.33973e-05 -2.77905e-06
1.93601e-05 -5.3418e-05 -2.7765e-06
 1.93878e-05 -5.34012e-05 -2.77385e-06
1.94293e-05 -5.3421e-05 -2.7712e-06
 1.94053e-05 -5.33847e-05 -2.76859e-06
 1.93635e-05 -5.34375e-05 -2.76599e-06
 1.94247e-05 -5.34247e-05 -2.76331e-06
 1.94741e-05 -5.34517e-05 -2.76064e-06
 1.94156e-05 -5.33986e-05 -2.75806e-06
 1.94772e-05 -5.34272e-05 -2.75538e-06
 1.94559e-05 -5.34542e-05 -2.75276e-06
 1.94085e-05 -5.34256e-05 -2.75016e-06
 1.94203e-05 -5.34507e-05 -2.74751e-06
 1.94731e-05 -5.34315e-05 -2.74484e-06
 1.93731e-05 -5.34575e-05 -2.74228e-06
 1.93989e-05 -5.34355e-05 -2.73961e-06
 1.94297e-05 -5.34556e-05 -2.73695e-06
  1.9435e-05 -5.34413e-05  -2.7343e-06
 1.94006e-05 -5.34729e-05 -2.73169e-06
 1.94632e-05 -5.34498e-05 -2.72899e-06
 1.94163e-05 -5.34542e-05 -2.72638e-06
 1.94505e-05  -5.3433e-05 -2.72371e-06
 1.94175e-05 -5.35002e-05 -2.72109e-06
 1.93813e-05 -5.34623e-05 -2.71847e-06
 1.94397e-05 -5.34672e-05 -2.71577e-06
 1.94779e-05 -5.34611e-05 -2.71309e-06
 1.93599e-05 -5.34638e-05 -2.71053e-06
 1.93748e-05 -5.34865e-05 -2.70786e-06
 1.94379e-05 -5.34829e-05 -2.70516e-06
 1.93742e-05 -5.34783e-05 -2.70255e-06
 1.94657e-05  -5.3454e-05 -2.69982e-06
 1.94201e-05 -5.35046e-05  -2.6972e-06
 1.93807e-05 -5.34887e-05 -2.69457e-06
 1.94493e-05 -5.35108e-05 -2.69186e-06
 1.94703e-05 -5.34918e-05 -2.68918e-06
1.93653e-05 -5.3522e-05 -2.6866e-06
 1.93714e-05 -5.35047e-05 -2.68393e-06
  1.9482e-05  -5.3516e-05 -2.68118e-06
 1.94453e-05  -5.3498e-05 -2.67854e-06
 1.94077e-05 -5.35298e-05  -2.6759e-06
 1.94213e-05 -5.35355e-05 -2.67322e-06
 1.93559e-05 -5.34955e-05  -2.6706e-06
 1.94198e-05 -5.35103e-05 -2.66788e-06
 1.93636e-05 -5.35511e-05 -2.66526e-06
 1.93674e-05 -5.35528e-05 -2.66258e-06
 1.94011e-05 -5.35496e-05 -2.65988e-06
 1.94371e-05 -5.35561e-05 -2.65717e-06
 1.93426e-05 -5.35452e-05 -2.65457e-06
  1.9395e-05 -5.35607e-05 -2.65185e-06
 1.94337e-05  -5.3558e-05 -2.64914e-06
  1.9378e-05 -5.35307e-05 -2.64651e-06
 1.94512e-05 -5.35479e-05 -2.64377e-06
 1.94235e-05 -5.35927e-05 -2.64111e-06
 1.93831e-05 -5.35618e-05 -2.63845e-06
  1.9414e-05 -5.35591e-05 -2.63574e-06
 1.94369e-05 -5.35557e-05 -2.63304e-06
 1.93198e-05 -5.36006e-05 -2.63045e-06
 1.94181e-05 -5.35869e-05 -2.62768e-06
 1.94341e-05 -5.36082e-05 -2.62498e-06
 1.95027e-05  -5.3622e-05 -2.62223e-06
 1.93492e-05 -5.36136e-05 -2.61966e-06
 1.94168e-05 -5.36175e-05 -2.61692e-06
 1.94574e-05 -5.36286e-05 -2.61419e-06
  1.9411e-05 -5.36079e-05 -2.61153e-06
 1.93911e-05 -5.36235e-05 -2.60885e-06
 1.94397e-05 -5.36458e-05 -2.60612e-06
 1.93965e-05 -5.36343e-05 -2.60345e-06
 1.94489e-05  -5.3658e-05 -2.60071e-06
 1.94662e-05 -5.36277e-05 -2.59799e-06
 1.93555e-05 -5.36471e-05 -2.59538e-06
  1.9384e-05 -5.36417e-05 -2.59265e-06
 1.94746e-05 -5.36674e-05 -2.58988e-06
 1.94258e-05 -5.36318e-05 -2.58721e-06
 1.94017e-05 -5.36834e-05 -2.58452e-06
 1.94284e-05 -5.37023e-05 -2.58179e-06
 1.94196e-05 -5.36782e-05 -2.57909e-06
 1.94459e-05 -5.36896e-05 -2.57636e-06
 1.94502e-05 -5.37022e-05 -2.57365e-06
 1.93926e-05 -5.37016e-05 -2.57098e-06
   1.945e-05 -5.36988e-05 -2.56822e-06
 1.94688e-05 -5.37077e-05 -2.56549e-06
   1.938e-05 -5.37061e-05 -2.56285e-06
 1.93811e-05 -5.36979e-05 -2.56013e-06
 1.94319e-05 -5.37133e-05 -2.55737e-06
 1.93967e-05 -5.36862e-05 -2.55468e-06
 1.93563e-05 -5.37118e-05 -2.55199e-06
 1.93984e-05 -5.37416e-05 -2.54924e-06
 1.93859e-05 -5.37107e-05 -2.54652e-06
 1.94284e-05 -5.37165e-05 -2.54376e-06
 1.94658e-05 -5.37199e-05 -2.54101e-06
 1.93593e-05 -5.37319e-05 -2.53837e-06
 1.94023e-05 -5.37598e-05 -2.53561e-06
 1.94597e-05 -5.37636e-05 -2.53283e-06
 1.94319e-05 -5.37444e-05 -2.53012e-06
 1.94036e-05 -5.37851e-05 -2.52742e-06
 1.94476e-05 -5.37889e-05 -2.52465e-06
 1.93569e-05 -5.37425e-05 -2.52199e-06
 1.94325e-05 -5.37643e-05 -2.51919e-06
 1.94172e-05 -5.37731e-05 -2.51647e-06
  1.9356e-05 -5.37878e-05 -2.51378e-06
 1.93984e-05  -5.3794e-05 -2.51101e-06
 1.94359e-05 -5.38095e-05 -2.50824e-06
 1.93396e-05 -5.38121e-05 -2.50558e-06
 1.93811e-05 -5.37999e-05  -2.5028e-06
 1.94241e-05 -5.37954e-05 -2.50003e-06
 1.93958e-05 -5.37853e-05 -2.49731e-06
 1.93727e-05 -5.38367e-05 -2.49458e-06
 1.94245e-05 -5.38346e-05 -2.49179e-06
 1.94266e-05 -5.38276e-05 -2.48904e-06
  1.9401e-05 -5.38131e-05 -2.48632e-06
 1.94403e-05 -5.38185e-05 -2.48354e-06
 1.94493e-05 -5.38458e-05 -2.48078e-06
 1.94104e-05   -5.385e-05 -2.47806e-06
 1.94286e-05 -5.38605e-05 -2.47529e-06
 1.94642e-05 -5.38676e-05 -2.47251e-06
  1.9367e-05 -5.38606e-05 -2.46983e-06
 1.94091e-05 -5.38648e-05 -2.46704e-06
 1.94832e-05 -5.38716e-05 -2.46422e-06
   1.944e-05 -5.38412e-05  -2.4615e-06
 1.93983e-05 -5.38811e-05 -2.45878e-06
 1.94398e-05 -5.38893e-05 -2.45598e-06
 1.94065e-05 -5.38889e-05 -2.45325e-06
 1.94377e-05 -5.39094e-05 -2.45046e-06
 1.94119e-05 -5.39209e-05 -2.44771e-06
 1.93798e-05  -5.3901e-05 -2.44498e-06
 1.94378e-05 -5.38998e-05 -2.44216e-06
 1.94588e-05 -5.39105e-05 -2.43938e-06
 1.94162e-05 -5.39019e-05 -2.43664e-06
 1.93813e-05 -5.39505e-05  -2.4339e-06
 1.94122e-05 -5.39361e-05 -2.43111e-06
 1.94044e-05 -5.39088e-05 -2.42834e-06
 1.94754e-05 -5.39148e-05 -2.42551e-06
 1.94219e-05 -5.39502e-05 -2.42278e-06
 1.94001e-05 -5.39508e-05 -2.42002e-06
 1.94376e-05 -5.39379e-05 -2.41721e-06
 1.94791e-05 -5.39573e-05  -2.4144e-06
 1.93797e-05 -5.39546e-05  -2.4117e-06
 1.94212e-05 -5.39533e-05 -2.40889e-06
 1.94586e-05  -5.3967e-05 -2.40607e-06
  1.9407e-05 -5.39529e-05 -2.40333e-06
 1.93756e-05 -5.39876e-05 -2.40058e-06
 1.94078e-05 -5.39789e-05 -2.39777e-06
 1.93577e-05 -5.39833e-05 -2.39502e-06
 1.94299e-05 -5.39688e-05 -2.39217e-06
 1.94199e-05 -5.40038e-05 -2.38939e-06
 1.93702e-05 -5.39755e-05 -2.38665e-06
 1.94356e-05 -5.40232e-05  -2.3838e-06
 1.94762e-05 -5.39996e-05 -2.38098e-06
 1.94363e-05 -5.40063e-05 -2.37822e-06
 1.93698e-05 -5.40142e-05 -2.37548e-06
 1.94324e-05 -5.40372e-05 -2.37263e-06
 1.94097e-05 -5.40043e-05 -2.36985e-06
 1.94298e-05 -5.40158e-05 -2.36704e-06
 1.94169e-05 -5.40604e-05 -2.36425e-06
 1.93616e-05 -5.40431e-05  -2.3615e-06
 1.94084e-05 -5.40629e-05 -2.35866e-06
 1.94527e-05 -5.40371e-05 -2.35582e-06
 1.93542e-05 -5.40522e-05  -2.3531e-06
 1.93985e-05 -5.40399e-05 -2.35025e-06
 1.94434e-05 -5.40688e-05 -2.34741e-06
  1.9403e-05  -5.4051e-05 -2.34464e-06
 1.93789e-05 -5.40865e-05 -2.34185e-06
1.94242e-05 -5.4081e-05  -2.339e-06
 1.94542e-05  -5.4109e-05 -2.33617e-06
 1.94548e-05 -5.40703e-05 -2.33336e-06
 1.93823e-05 -5.40845e-05  -2.3306e-06
 1.94536e-05 -5.40958e-05 -2.32773e-06
 1.93961e-05 -5.41038e-05 -2.32496e-06
 1.94441e-05 -5.41312e-05 -2.32211e-06
 1.94587e-05 -5.40913e-05 -2.31928e-06
 1.93629e-05 -5.41069e-05 -2.31654e-06
 1.94399e-05 -5.41191e-05 -2.31366e-06
 1.94903e-05 -5.41292e-05 -2.31079e-06
 1.94145e-05 -5.40879e-05 -2.30804e-06
 1.94077e-05  -5.4158e-05 -2.30522e-06
 1.94288e-05 -5.41414e-05 -2.30238e-06
 1.94047e-05 -5.41355e-05 -2.29957e-06
 1.94546e-05 -5.41373e-05  -2.2967e-06
 1.94371e-05 -5.41559e-05 -2.29389e-06
 1.93697e-05 -5.41306e-05 -2.29112e-06
 1.94183e-05 -5.41604e-05 -2.28825e-06
 1.94506e-05 -5.41623e-05 -2.28539e-06
 1.93232e-05 -5.41633e-05 -2.28267e-06
 1.93712e-05 -5.41928e-05 -2.27979e-06
 1.94515e-05 -5.41522e-05 -2.27689e-06
 1.94288e-05  -5.4168e-05 -2.27407e-06
  1.9483e-05 -5.41739e-05 -2.27119e-06
 1.94146e-05 -5.42037e-05 -2.26841e-06
 1.94031e-05 -5.41875e-05 -2.26558e-06
 1.94433e-05 -5.42147e-05 -2.26271e-06
 1.94513e-05 -5.41983e-05 -2.25986e-06
 1.93854e-05 -5.42223e-05 -2.25707e-06
 1.94316e-05 -5.42172e-05 -2.25419e-06
 1.94411e-05 -5.41895e-05 -2.25134e-06
 1.94062e-05 -5.41893e-05 -2.24852e-06
 1.93654e-05 -5.42188e-05 -2.24571e-06
 1.94042e-05 -5.42277e-05 -2.24283e-06
 1.93634e-05    -5.42e-05 -2.24001e-06
 1.94291e-05 -5.42194e-05 -2.23711e-06
 1.93893e-05 -5.42468e-05 -2.23429e-06
 1.93759e-05 -5.42215e-05 -2.23145e-06
 1.94301e-05 -5.42332e-05 -2.22855e-06
 1.94521e-05 -5.42284e-05 -2.22567e-06
 1.93331e-05 -5.42562e-05 -2.22292e-06
1.94053e-05 -5.4251e-05   -2.22e-06
 1.94642e-05 -5.42433e-05 -2.21709e-06
 1.94219e-05 -5.42535e-05 -2.21427e-06
 1.94532e-05 -5.42406e-05 -2.21138e-06
 1.94105e-05 -5.42902e-05 -2.20856e-06
 1.93776e-05 -5.42538e-05 -2.20572e-06
 1.94159e-05 -5.42873e-05 -2.20282e-06
 1.94817e-05 -5.42751e-05  -2.1999e-06
 1.93608e-05 -5.42931e-05 -2.19714e-06
 1.94126e-05 -5.42801e-05 -2.19423e-06
 1.94575e-05 -5.42966e-05 -2.19132e-06
  1.9485e-05 -5.42958e-05 -2.18843e-06
 1.93716e-05 -5.42998e-05 -2.18565e-06
 1.94122e-05 -5.43068e-05 -2.18274e-06
 1.94739e-05 -5.43214e-05 -2.17982e-06
 1.94316e-05 -5.43086e-05 -2.17698e-06
 1.94336e-05 -5.43301e-05  -2.1741e-06
  1.9423e-05 -5.43145e-05 -2.17123e-06
 1.94009e-05 -5.43034e-05 -2.16838e-06
 1.94219e-05 -5.43241e-05 -2.16548e-06
1.94174e-05 -5.4341e-05 -2.1626e-06
 1.93984e-05 -5.43303e-05 -2.15974e-06
 1.94307e-05 -5.43307e-05 -2.15683e-06
 1.94849e-05 -5.43428e-05  -2.1539e-06
 1.94072e-05 -5.43183e-05 -2.15108e-06
 1.93925e-05 -5.43476e-05  -2.1482e-06
 1.94424e-05 -5.43861e-05 -2.14527e-06
 1.94379e-05 -5.43502e-05 -2.14239e-06
 1.94553e-05 -5.43615e-05 -2.13949e-06
 1.94368e-05  -5.4363e-05 -2.13661e-06
 1.94039e-05 -5.43744e-05 -2.13375e-06
  1.9405e-05 -5.43455e-05 -2.13085e-06
 1.94465e-05 -5.43804e-05 -2.12792e-06
 1.93135e-05 -5.43433e-05 -2.12514e-06
 1.94035e-05 -5.43867e-05 -2.12217e-06
 1.94484e-05 -5.43584e-05 -2.11923e-06
 1.94201e-05 -5.43769e-05 -2.11636e-06
  1.9383e-05 -5.44021e-05 -2.11349e-06
 1.93901e-05 -5.43934e-05 -2.11058e-06
 1.93865e-05 -5.44077e-05 -2.10768e-06
 1.94504e-05  -5.4384e-05 -2.10473e-06
 1.95013e-05 -5.44179e-05 -2.10178e-06
 1.93646e-05 -5.44074e-05 -2.09899e-06
 1.94424e-05 -5.44203e-05 -2.09602e-06
 1.94836e-05 -5.43962e-05 -2.09307e-06
 1.93901e-05 -5.43918e-05 -2.09024e-06
 1.93595e-05 -5.43919e-05 -2.08736e-06
 1.94448e-05 -5.44265e-05 -2.08437e-06
 1.93873e-05 -5.44035e-05 -2.08151e-06
   1.944e-05 -5.43951e-05 -2.07855e-06
 1.93946e-05 -5.44247e-05 -2.07568e-06
  1.9369e-05 -5.43895e-05 -2.07278e-06
 1.94018e-05 -5.44061e-05 -2.06984e-06
 1.94564e-05 -5.44193e-05 -2.06687e-06
 1.93486e-05 -5.44195e-05 -2.06405e-06
 1.94069e-05 -5.44323e-05 -2.06107e-06
 1.94555e-05 -5.44594e-05 -2.05811e-06
 1.94095e-05 -5.44188e-05 -2.05523e-06
  1.9392e-05 -5.44713e-05 -2.05232e-06
 1.93916e-05 -5.44463e-05 -2.04939e-06
 1.93778e-05  -5.4447e-05 -2.04648e-06
 1.94408e-05 -5.44454e-05  -2.0435e-06
 1.94847e-05 -5.44572e-05 -2.04053e-06
 1.94294e-05 -5.44921e-05 -2.03765e-06
 1.93936e-05 -5.44429e-05 -2.03475e-06
  1.9445e-05 -5.44692e-05 -2.03177e-06
 1.94894e-05 -5.44534e-05  -2.0288e-06
 1.93722e-05  -5.4447e-05 -2.02597e-06
 1.94231e-05 -5.44698e-05 -2.02299e-06
 1.53541e-05 -5.49026e-05 -1.24699e-05
 1.49294e-05 -5.49287e-05 -1.24673e-05
  1.4684e-05 -5.48992e-05 -1.15109e-05
  1.6183e-05   -5.447e-05 -6.24893e-08
 1.61749e-05  -5.4476e-05 -5.95377e-08
  1.6315e-05 -5.44812e-05 -5.64545e-08
 1.65081e-05 -5.44902e-05 -5.33232e-08
 1.65761e-05 -5.44604e-05 -5.03011e-08
 1.66435e-05 -5.45053e-05 -4.72786e-08
 1.67757e-05  -5.4483e-05 -4.41975e-08
 1.68775e-05 -5.44765e-05 -4.11416e-08
 1.70027e-05 -5.44852e-05 -3.80641e-08
 1.70753e-05 -5.45289e-05 -3.50327e-08
 1.71228e-05 -5.44959e-05 -3.20215e-08
  1.7234e-05 -5.44966e-05 -2.89526e-08
 1.73493e-05 -5.44767e-05 -9.79554e-07
  1.7301e-05 -5.45003e-05 -2.29496e-08
 1.74614e-05 -5.44948e-05 -9.73508e-07
 1.75629e-05 -5.45102e-05 -9.70444e-07
 1.75936e-05 -5.44856e-05  -9.6744e-07
 1.77166e-05 -5.44661e-05 -9.64354e-07
 1.77687e-05 -5.45096e-05  -9.6133e-07
 1.77957e-05 -5.45034e-05 -9.58326e-07
    1.79e-05 -5.45218e-05 -9.55253e-07
 1.79856e-05 -5.44905e-05 -9.52195e-07
 1.79512e-05 -5.45151e-05 -9.49243e-07
 1.80443e-05 -5.45301e-05 -9.46176e-07
 1.81616e-05 -5.45256e-05 -9.43086e-07
1.81504e-05 -5.4496e-05 -9.4011e-07
  1.8169e-05 -5.45432e-05 -9.37106e-07
 1.82547e-05 -5.45352e-05 -9.34041e-07
 1.82882e-05 -5.45138e-05 -9.31021e-07
 1.83636e-05 -5.45139e-05 -9.27962e-07
 1.84107e-05 -5.45337e-05 -9.24929e-07
 1.84563e-05 -5.45537e-05 -9.21895e-07
 1.84684e-05 -5.45088e-05 -9.18889e-07
 1.85661e-05 -5.45358e-05 -1.86948e-06
  1.8562e-05 -5.45405e-05 -1.86649e-06
  1.8577e-05 -5.45462e-05 -9.09802e-07
  1.8671e-05  -5.4513e-05 -1.86039e-06
 1.87464e-05 -5.45185e-05 -1.85733e-06
 1.87413e-05 -5.45232e-05 -1.85433e-06
 1.87264e-05 -5.45494e-05 -1.85134e-06
 1.88331e-05 -5.45509e-05 -1.84824e-06
 1.88387e-05 -5.45454e-05 -1.84523e-06
 1.88964e-05 -5.45409e-05 -1.84217e-06
 1.88942e-05 -5.45748e-05 -1.83917e-06
 1.88821e-05 -5.45467e-05 -1.83617e-06
 1.89553e-05 -5.45464e-05 -1.83309e-06
 1.90279e-05 -5.45418e-05 -1.83002e-06
 1.89264e-05 -5.45449e-05  -1.8271e-06
 1.90228e-05 -5.45683e-05   -1.824e-06
 1.91141e-05 -5.45676e-05  -1.8209e-06
 1.90727e-05 -5.45454e-05 -1.81792e-06
 1.90597e-05 -5.45686e-05 -1.81492e-06
 1.91152e-05 -5.45704e-05 -1.81185e-06
 1.91012e-05 -5.45482e-05 -1.80885e-06
 1.91791e-05 -5.45431e-05 -1.80576e-06
 1.91828e-05 -5.45838e-05 -1.80273e-06
 1.91479e-05 -5.45437e-05 -1.79974e-06
 1.92373e-05  -5.4537e-05 -1.79664e-06
 1.92975e-05   -5.456e-05 -1.79356e-06
 1.92714e-05 -5.45276e-05 -1.79055e-06
 1.92626e-05  -5.4569e-05 -1.78754e-06
 1.93153e-05 -5.45636e-05 -1.78446e-06
   1.932e-05 -5.45414e-05 -1.78143e-06
 1.93764e-05 -5.45658e-05 -1.77835e-06
 1.93587e-05  -5.4559e-05 -1.77533e-06
  1.9335e-05 -5.45378e-05 -1.77232e-06
 1.93564e-05 -5.45473e-05 -1.76927e-06
  1.9438e-05 -5.45469e-05 -1.76616e-06
 1.93445e-05  -5.4548e-05 -1.76321e-06
 1.94004e-05 -5.45689e-05 -1.76012e-06
 1.94447e-05 -5.45517e-05 -1.75704e-06
 1.94046e-05 -5.45625e-05 -1.75404e-06
 1.94173e-05 -5.45572e-05 -1.75098e-06
 1.94551e-05 -5.45717e-05 -1.74791e-06
 1.94513e-05 -5.45398e-05 -1.74487e-06
  1.9545e-05 -5.45707e-05 -2.69541e-06
 1.95934e-05 -5.45558e-05 -2.69232e-06
 1.94822e-05 -5.45721e-05 -2.68938e-06
 1.95405e-05 -5.45337e-05 -2.68628e-06
   1.956e-05  -5.4552e-05 -2.68321e-06
 1.95326e-05 -5.45499e-05 -2.68019e-06
  1.9495e-05 -5.45657e-05 -2.67717e-06
 1.95779e-05 -5.45777e-05 -2.67404e-06
 1.96101e-05  -5.4569e-05 -2.67096e-06
 1.95864e-05 -5.45644e-05 -2.66793e-06
 1.95557e-05 -5.45551e-05  -2.6649e-06
 1.96242e-05 -5.45802e-05 -2.66178e-06
 1.95959e-05 -5.45393e-05 -2.65875e-06
 1.96797e-05 -5.45567e-05 -2.65561e-06
 1.96598e-05 -5.45872e-05 -2.65257e-06
 1.96057e-05  -5.4569e-05 -2.64956e-06
 1.96566e-05 -5.45351e-05 -2.64645e-06
 1.97186e-05  -5.4558e-05 -2.64333e-06
 1.95956e-05 -5.45507e-05 -2.64038e-06
 1.96204e-05 -5.45755e-05 -2.63729e-06
 1.97048e-05 -5.45667e-05 -2.63414e-06
1.96824e-05 -5.4569e-05 -2.6311e-06
 1.97249e-05 -5.45657e-05 -2.62799e-06
 1.97003e-05 -5.45572e-05 -2.62494e-06
 1.96571e-05 -5.45566e-05 -2.62191e-06
 1.97176e-05 -5.45404e-05 -2.61878e-06
 1.97461e-05 -5.45698e-05 -2.61568e-06
 1.96665e-05 -5.45424e-05 -2.61268e-06
 1.97094e-05 -5.45543e-05 -2.60956e-06
 1.97751e-05 -5.45527e-05 -2.60642e-06
 1.97328e-05 -5.45276e-05 -2.60338e-06
 1.97142e-05  -5.4551e-05 -2.60032e-06
 1.97333e-05 -5.45683e-05 -2.59722e-06
  1.9692e-05 -5.45359e-05 -2.59418e-06
 1.97786e-05 -5.45518e-05 -2.59101e-06
 1.97428e-05 -5.45793e-05 -2.58796e-06
 1.97061e-05 -5.45559e-05 -2.58491e-06
 1.97564e-05 -5.45492e-05 -2.58178e-06
 1.98026e-05 -5.45398e-05 -2.57865e-06
 1.96942e-05 -5.45618e-05 -2.57566e-06
 1.97705e-05 -5.45567e-05  -2.5725e-06
 1.98046e-05 -5.45716e-05 -2.56937e-06
 1.97586e-05 -5.45329e-05 -2.56632e-06
 1.98113e-05 -5.45391e-05 -2.56318e-06
 1.97899e-05 -5.45688e-05 -2.56011e-06
 1.97383e-05 -5.45214e-05 -2.55706e-06
 1.97695e-05 -5.45378e-05 -2.55393e-06
  1.9831e-05 -5.45287e-05 -2.55078e-06
 1.97142e-05 -5.45522e-05 -2.54779e-06
  1.9793e-05 -5.45416e-05 -2.54461e-06
 1.98312e-05  -5.4551e-05 -2.54148e-06
 1.97898e-05 -5.45237e-05 -2.53841e-06
 1.97326e-05 -5.45326e-05 -2.53536e-06
 1.97816e-05 -5.45396e-05 -2.53221e-06
 1.97834e-05 -5.45137e-05  -2.5291e-06
 1.98361e-05 -5.45403e-05 -2.52594e-06
 1.97836e-05 -5.45612e-05 -2.52289e-06
 1.97827e-05 -5.45227e-05 -2.51978e-06
 1.98326e-05  -5.4526e-05 -2.51662e-06
 1.98397e-05 -5.45237e-05  -2.5135e-06
  1.9808e-05 -5.45523e-05 -2.51042e-06
 1.97759e-05 -5.45127e-05 -2.50733e-06
 1.98314e-05 -5.45266e-05 -2.50416e-06
  1.9886e-05 -5.45314e-05   -2.501e-06
 1.98208e-05 -5.45112e-05 -2.49794e-06
  1.9812e-05 -5.45153e-05 -2.49483e-06
 1.98321e-05 -5.45369e-05 -2.49169e-06
 1.98275e-05 -5.44866e-05 -2.48857e-06
 1.9882e-05 -5.4512e-05 -2.4854e-06
 1.98612e-05 -5.45455e-05  -2.4823e-06
 1.98245e-05 -5.45172e-05 -2.47921e-06
 1.98766e-05 -5.45152e-05 -2.47603e-06
 1.98874e-05  -5.4506e-05 -2.47289e-06
 1.97362e-05 -5.45226e-05 -2.46991e-06
 1.98293e-05  -5.4522e-05 -2.46669e-06
 1.98978e-05 -5.45189e-05  -2.4635e-06
  1.9849e-05 -5.45009e-05 -2.46041e-06
 1.98049e-05 -5.45202e-05 -2.45732e-06
 1.98635e-05 -5.45204e-05 -2.45413e-06
 1.98212e-05 -5.45168e-05 -2.45103e-06
 1.98469e-05 -5.44889e-05 -2.44787e-06
 1.98553e-05 -5.45304e-05 -2.44473e-06
 1.97934e-05 -5.44856e-05 -2.44165e-06
 1.98489e-05 -5.45268e-05 -2.43846e-06
 1.98933e-05  -5.4501e-05 -2.43527e-06
 1.98653e-05 -5.44812e-05 -2.43216e-06
 1.98165e-05 -5.44751e-05 -2.42906e-06
 1.98869e-05 -5.44814e-05 -2.42585e-06
 1.98487e-05 -5.44749e-05 -2.42274e-06
 1.98697e-05  -5.4472e-05 -2.41957e-06
 1.98517e-05 -5.45195e-05 -2.41644e-06
 1.98019e-05 -5.44757e-05 -2.41334e-06
 1.98494e-05 -5.44754e-05 -2.41015e-06
 1.99142e-05 -5.44767e-05 -2.40693e-06
 1.97853e-05 -5.44965e-05  -2.4039e-06
 1.98436e-05 -5.44797e-05 -2.40069e-06
 1.99032e-05 -5.45085e-05 -2.39748e-06
 1.98395e-05 -5.44512e-05 -2.39439e-06
 1.98103e-05 -5.45012e-05 -2.39126e-06
 1.98549e-05 -5.44713e-05 -2.38806e-06
 1.97922e-05  -5.4449e-05 -2.38496e-06
 1.98551e-05 -5.44446e-05 -2.38174e-06
  1.9906e-05 -5.44589e-05 -2.37853e-06
 1.97662e-05 -5.44475e-05  -2.3755e-06
 1.98329e-05 -5.44708e-05 -2.37227e-06
 1.98838e-05 -5.44774e-05 -2.36906e-06
  1.9835e-05 -5.44379e-05 -2.36594e-06
 1.97902e-05 -5.44846e-05 -2.36281e-06
 1.98867e-05  -5.4452e-05 -2.35955e-06
 1.98426e-05 -5.44469e-05 -2.35643e-06
 1.99018e-05 -5.44267e-05  -2.3532e-06
 1.98478e-05 -5.44805e-05 -2.35008e-06
 1.98772e-05 -5.44598e-05 -2.34688e-06
 1.98554e-05 -5.44515e-05 -2.34372e-06
 1.99025e-05 -5.44431e-05  -2.3405e-06
 1.98727e-05 -5.44635e-05 -2.33735e-06
 1.98099e-05 -5.44439e-05 -2.33424e-06
  1.9857e-05 -5.44405e-05 -2.33101e-06
 1.99079e-05 -5.44298e-05 -2.32779e-06
 1.97942e-05 -5.44432e-05 -2.32471e-06
 1.98227e-05 -5.44308e-05  -2.3215e-06
 1.98717e-05 -5.44443e-05 -2.31827e-06
1.98592e-05 -5.4419e-05 -2.3151e-06
  1.9916e-05 -5.44361e-05 -2.31186e-06
 1.98784e-05 -5.44737e-05 -2.30871e-06
 1.98286e-05 -5.44401e-05 -2.30557e-06
 1.99018e-05 -5.44369e-05 -2.30231e-06
 1.99232e-05 -5.44322e-05  -2.2991e-06
 1.97962e-05 -5.44326e-05 -2.29603e-06
 1.98443e-05 -5.44431e-05 -2.29279e-06
 1.98783e-05 -5.44412e-05 -2.28956e-06
 1.98202e-05  -5.4399e-05 -2.28642e-06
 1.98146e-05 -5.44469e-05 -2.28323e-06
 1.98357e-05 -5.44299e-05 -2.28002e-06
 1.98474e-05 -5.44039e-05 -2.27681e-06
 1.98656e-05 -5.43936e-05 -2.27359e-06
 1.98442e-05 -5.44398e-05 -2.27041e-06
 1.98103e-05 -5.44132e-05 -2.26724e-06
 1.98649e-05 -5.44021e-05 -2.26398e-06
 1.98915e-05 -5.44269e-05 -2.26076e-06
  1.9784e-05 -5.44109e-05 -2.25765e-06
 1.98287e-05 -5.44147e-05  -2.2544e-06
 1.98339e-05 -5.44047e-05 -2.25119e-06
 1.98251e-05 -5.44009e-05 -2.24799e-06
 1.98713e-05 -5.43928e-05 -2.24474e-06
 1.98471e-05 -5.44276e-05 -2.24155e-06
 1.98057e-05 -5.43857e-05 -2.23838e-06
 1.98398e-05 -5.43985e-05 -2.23513e-06
  1.9913e-05 -5.43726e-05 -2.23185e-06
 1.97851e-05 -5.44132e-05 -2.22875e-06
 1.98372e-05 -5.43775e-05 -2.22549e-06
 1.98824e-05 -5.44024e-05 -2.22223e-06
 1.98122e-05 -5.43431e-05 -2.21907e-06
 1.98072e-05 -5.43899e-05 -2.21586e-06
 1.98254e-05 -5.43686e-05 -2.21262e-06
 1.98291e-05 -5.43805e-05 -2.20939e-06
 1.98418e-05  -5.4367e-05 -2.20616e-06
 1.97893e-05 -5.43872e-05 -2.20298e-06
 1.97926e-05 -5.43653e-05 -2.19975e-06
 1.98118e-05 -5.43762e-05 -2.19651e-06
 1.98645e-05 -5.43673e-05 -2.19323e-06
 1.97704e-05 -5.43574e-05 -2.19009e-06
 1.98296e-05 -5.43913e-05  -2.1868e-06
  1.9874e-05 -5.43711e-05 -2.18353e-06
 1.98866e-05 -5.43759e-05 -2.18028e-06
 1.98825e-05 -5.43335e-05 -2.17705e-06
 1.98276e-05 -5.43773e-05 -2.17387e-06
 1.98533e-05 -5.43476e-05 -2.17061e-06
 1.98603e-05 -5.43494e-05 -2.16737e-06
 1.98544e-05 -5.43268e-05 -2.16413e-06
  1.9813e-05 -5.43567e-05 -2.16093e-06
 1.97623e-05 -5.43209e-05 -2.15774e-06
  1.9821e-05 -5.43375e-05 -2.15444e-06
 1.98858e-05 -5.43449e-05 -2.15114e-06
 1.97597e-05 -5.43516e-05 -2.14801e-06
 1.98431e-05 -5.43666e-05 -2.14469e-06
 1.98549e-05 -5.43199e-05 -2.14143e-06
 1.98079e-05 -5.43155e-05 -2.13823e-06
 1.97945e-05  -5.4333e-05 -2.13499e-06
 1.98224e-05 -5.43637e-05 -2.13172e-06
 1.97997e-05 -5.43138e-05 -2.12849e-06
 1.98636e-05 -5.43412e-05 -2.12517e-06
 1.97785e-05 -5.43397e-05   -2.122e-06
 1.97399e-05 -5.43259e-05 -2.11878e-06
 1.98056e-05 -5.43215e-05 -2.11546e-06
 1.98313e-05 -5.43186e-05 -2.11218e-06
 1.97941e-05 -5.42751e-05 -2.10896e-06
 1.97695e-05 -5.43188e-05 -2.10572e-06
 1.98399e-05 -5.43225e-05  -2.1024e-06
 1.97995e-05 -5.42898e-05 -2.09917e-06
 1.98354e-05 -5.42812e-05 -2.09588e-06
 1.97968e-05 -5.43321e-05 -2.09265e-06
 1.97564e-05 -5.43212e-05 -2.08942e-06
 1.98132e-05 -5.42838e-05  -2.0861e-06
 1.98659e-05 -5.43247e-05 -2.08278e-06
 1.97491e-05 -5.42839e-05 -2.07963e-06
 1.97934e-05 -5.43063e-05 -2.07632e-06
 1.98117e-05 -5.42994e-05 -2.07303e-06
 1.97675e-05 -5.42836e-05  -2.0698e-06
 1.97178e-05 -5.43035e-05 -2.06657e-06
 1.97863e-05 -5.42922e-05 -2.06323e-06
 1.97515e-05 -5.42596e-05 -2.05999e-06
 1.98204e-05 -5.42558e-05 -2.05665e-06
 1.98051e-05 -5.42927e-05 -2.05339e-06
 1.97284e-05 -5.42589e-05 -2.05018e-06
 1.97714e-05 -5.42487e-05 -2.04686e-06
 1.98118e-05 -5.42561e-05 -2.04354e-06
 1.97732e-05 -5.42433e-05 -2.04029e-06
  1.9771e-05 -5.42522e-05 -2.03701e-06
 1.98069e-05 -5.42645e-05 -2.03369e-06
 1.97553e-05 -5.42689e-05 -2.03046e-06
 1.97866e-05 -5.42307e-05 -2.02714e-06
 1.97434e-05 -5.42723e-05  -2.0239e-06
 1.97291e-05   -5.425e-05 -2.02062e-06
 1.97501e-05 -5.42401e-05 -2.01731e-06
 1.98419e-05 -5.42387e-05 -2.01393e-06
 1.97913e-05 -5.42645e-05 -2.01069e-06
 1.97415e-05 -5.42387e-05 -2.00744e-06
 1.98017e-05 -5.42388e-05 -2.00409e-06
 1.98218e-05 -5.42439e-05 -2.00077e-06
 1.97329e-05 -5.42516e-05 -1.99756e-06
 1.97549e-05 -5.42399e-05 -1.99424e-06
 1.98318e-05 -5.42384e-05 -2.94454e-06
 1.97532e-05 -5.42252e-05 -1.98764e-06
 1.97296e-05 -5.42336e-05 -1.98436e-06
  1.9759e-05  -5.4255e-05 -1.98103e-06
 1.97046e-05 -5.42179e-05 -1.97778e-06
  1.9762e-05 -5.42162e-05 -1.97442e-06
 1.98277e-05 -5.42205e-05 -2.92472e-06
 1.97128e-05 -5.42184e-05 -1.96785e-06
 1.97776e-05 -5.42298e-05 -1.96448e-06
 1.97921e-05 -5.41991e-05 -1.96116e-06
 1.97452e-05 -5.42043e-05 -1.95789e-06
 1.97178e-05 -5.42181e-05 -1.95461e-06
  1.9787e-05 -5.42359e-05  -2.9049e-06
 1.97745e-05 -5.41936e-05 -1.94792e-06
 1.98012e-05 -5.41994e-05 -2.89826e-06
 1.97235e-05 -5.42048e-05 -1.94134e-06
 1.96952e-05 -5.42137e-05 -1.93805e-06
 1.97321e-05 -5.42023e-05 -2.88837e-06
 1.97606e-05 -5.41931e-05 -2.88502e-06
 1.96624e-05 -5.41841e-05 -1.92812e-06
 1.97421e-05 -5.41995e-05  -2.8784e-06
 1.97641e-05 -5.41943e-05 -1.92138e-06
 1.97255e-05  -5.4189e-05 -1.91809e-06
 1.97475e-05 -5.41851e-05 -2.86842e-06
 1.97182e-05  -5.4214e-05 -1.91145e-06
 1.97002e-05 -5.41882e-05 -1.90814e-06
 1.97287e-05 -5.41867e-05 -2.85845e-06
 1.98233e-05 -5.41764e-05 -2.85503e-06
 1.96748e-05 -5.41767e-05 -1.89817e-06
 1.97126e-05 -5.41861e-05  -1.8948e-06
 1.97374e-05 -5.41671e-05 -2.84512e-06
 1.97165e-05 -5.41706e-05  -2.8418e-06
 1.96584e-05 -5.41725e-05 -2.83852e-06
 1.97363e-05 -5.41698e-05 -2.83511e-06
 1.97126e-05 -5.41348e-05 -2.83179e-06
 1.97308e-05 -5.41549e-05 -1.87476e-06
  1.9696e-05 -5.41775e-05 -2.82513e-06
 1.96556e-05 -5.41637e-05 -1.86815e-06
  1.9698e-05 -5.41538e-05 -1.86477e-06
 1.97424e-05  -5.4145e-05 -2.81505e-06
 1.96591e-05 -5.41677e-05 -1.85812e-06
1.97044e-05 -5.4143e-05 -2.8084e-06
 1.97189e-05 -5.41637e-05 -2.80504e-06
 1.97567e-05 -5.41453e-05 -2.80165e-06
  1.9707e-05 -5.41299e-05 -2.79835e-06
 1.96749e-05 -5.41554e-05 -2.79503e-06
 1.97314e-05 -5.41697e-05 -2.79162e-06
  1.9717e-05 -5.41164e-05 -2.78828e-06
 1.97408e-05 -5.41403e-05  -2.7849e-06
 1.97172e-05 -5.41552e-05 -2.78157e-06
 1.96628e-05 -5.41375e-05 -2.77827e-06
  1.9722e-05 -5.41524e-05 -2.77485e-06
 1.97431e-05 -5.41569e-05 -2.77147e-06
 1.96365e-05 -5.41323e-05 -2.76822e-06
 1.97125e-05 -5.41229e-05 -2.76478e-06
 1.97186e-05 -5.41247e-05 -2.76141e-06
   1.967e-05 -5.40942e-05  -2.7581e-06
 1.96259e-05 -5.41293e-05  -1.8011e-06
 1.96637e-05 -5.41168e-05 -2.75137e-06
 1.96382e-05 -5.40957e-05 -2.74803e-06
 1.96974e-05 -5.41045e-05  -2.7446e-06
 1.96877e-05 -5.41435e-05 -2.74124e-06
 1.96678e-05  -5.4124e-05 -2.73789e-06
 1.96888e-05 -5.41279e-05  -2.7345e-06
 1.96894e-05 -5.41175e-05 -2.73113e-06
 1.96908e-05  -5.4104e-05 -2.72775e-06
 1.96579e-05 -5.41145e-05 -2.72441e-06
 1.97376e-05  -5.4105e-05 -2.72095e-06
  1.9699e-05 -5.40914e-05 -2.71761e-06
 1.96819e-05 -5.40887e-05 -2.71425e-06
 1.96424e-05 -5.41226e-05 -2.71091e-06
 1.96085e-05 -5.40976e-05 -2.70757e-06
 1.96547e-05 -5.41052e-05 -2.70414e-06
 1.97046e-05 -5.40871e-05  -2.7007e-06
  1.9612e-05 -5.40949e-05 -2.69741e-06
 1.96386e-05 -5.40996e-05   -2.694e-06
 1.96848e-05  -5.4095e-05 -2.69057e-06
 1.96593e-05 -5.40903e-05  -2.6872e-06
 1.95928e-05 -5.41081e-05 -2.68388e-06
  1.9653e-05 -5.40833e-05 -2.68043e-06
  1.9634e-05 -5.40782e-05 -2.67706e-06
 1.97118e-05 -5.40785e-05 -2.67359e-06
 1.96444e-05 -5.40999e-05 -2.67026e-06
  1.9579e-05  -5.4078e-05 -2.66693e-06
 1.96354e-05 -5.40785e-05 -2.66348e-06
  1.9676e-05 -5.40718e-05 -2.66004e-06
 1.96431e-05 -5.40586e-05 -2.65668e-06
 1.96008e-05 -5.40583e-05 -2.65332e-06
 1.96554e-05 -5.40895e-05 -2.64987e-06
1.96233e-05 -5.4027e-05 -2.6465e-06
 1.96574e-05 -5.40533e-05 -2.64306e-06
 1.96235e-05 -5.40834e-05 -2.63969e-06
 1.95551e-05 -5.40572e-05 -2.63635e-06
 1.96302e-05 -5.40686e-05 -2.63287e-06
 1.96969e-05 -5.40515e-05  -2.6294e-06
 1.96732e-05 -5.40671e-05 -2.62601e-06
 1.96188e-05 -5.40715e-05 -2.62266e-06
 1.96352e-05 -5.40649e-05 -2.61923e-06
 1.96721e-05 -5.40652e-05 -2.61578e-06
 1.95462e-05 -5.40692e-05  -2.6125e-06
 1.96324e-05  -5.4076e-05 -2.60899e-06
 1.96879e-05 -5.40637e-05 -2.60552e-06
 1.96391e-05 -5.40184e-05 -2.60215e-06
  1.9608e-05 -5.40822e-05 -2.59877e-06
 1.96411e-05 -5.40572e-05 -2.59532e-06
 1.95951e-05  -5.4058e-05 -2.59194e-06
 1.96376e-05 -5.40188e-05 -2.58848e-06
 1.96838e-05 -5.40576e-05 -2.58501e-06
 1.95875e-05 -5.40378e-05 -2.58168e-06
 1.96374e-05  -5.4054e-05 -2.57821e-06
 1.96333e-05 -5.40528e-05 -2.57479e-06
 1.95966e-05 -5.40255e-05  -2.5714e-06
 1.95608e-05 -5.40638e-05   -2.568e-06
 1.96147e-05 -5.40502e-05 -2.56452e-06
 1.95966e-05 -5.40228e-05 -2.56111e-06
 1.96195e-05  -5.4023e-05 -2.55765e-06
 1.96238e-05 -5.40695e-05 -2.55422e-06
 1.95815e-05 -5.40319e-05 -2.55083e-06
 1.95969e-05  -5.4049e-05 -2.54738e-06
  1.9617e-05 -5.40212e-05 -2.54392e-06
 1.95366e-05 -5.40652e-05 -2.54056e-06
 1.96209e-05 -5.40298e-05 -2.53704e-06
 1.96699e-05 -5.40508e-05 -2.53355e-06
 1.96109e-05 -5.40282e-05 -2.53017e-06
 1.95371e-05 -5.40425e-05  -2.5268e-06
 1.95889e-05 -5.40595e-05 -2.52331e-06
 1.95448e-05 -5.40056e-05 -2.51991e-06
 1.96198e-05 -5.40266e-05 -2.51639e-06
 1.96558e-05 -5.39983e-05  -2.5129e-06
 1.95362e-05 -5.40158e-05 -2.50958e-06
 1.95749e-05 -5.40064e-05 -2.50609e-06
 1.96146e-05 -5.40301e-05  -2.5026e-06
 1.95695e-05 -5.39816e-05 -2.49919e-06
1.95132e-05 -5.4032e-05 -2.4958e-06
 1.96109e-05 -5.40174e-05 -2.49225e-06
 1.95807e-05 -5.40189e-05 -2.48882e-06
 1.96287e-05 -5.40259e-05 -2.48532e-06
 1.95771e-05 -5.40477e-05 -2.48191e-06
 1.95265e-05 -5.40075e-05 -2.47851e-06
 1.95512e-05 -5.40221e-05 -2.47502e-06
   1.959e-05 -5.40236e-05 -2.47152e-06
 1.95123e-05 -5.40075e-05 -2.46814e-06
 1.95669e-05 -5.40288e-05 -2.46462e-06
 1.95844e-05 -5.40261e-05 -2.46114e-06
 1.95607e-05 -5.40178e-05  -2.4577e-06
 1.95976e-05 -5.39886e-05  -2.4542e-06
 1.95572e-05 -5.40444e-05 -2.45077e-06
 1.96257e-05 -5.40184e-05 -2.44723e-06
 1.95825e-05  -5.4006e-05 -2.44381e-06
 1.96436e-05 -5.40009e-05 -2.44027e-06
 1.96022e-05  -5.4045e-05 -2.43685e-06
 1.95367e-05 -5.40111e-05 -2.43344e-06
 1.95682e-05 -5.40103e-05 -2.42993e-06
 1.96106e-05 -5.39926e-05 -2.42641e-06
  1.9518e-05 -5.40059e-05 -2.42303e-06
 1.95633e-05 -5.40168e-05 -2.41951e-06
 1.96048e-05  -5.3992e-05 -2.41599e-06
 1.95718e-05 -5.39668e-05 -2.41254e-06
 1.95501e-05 -5.39981e-05 -2.40908e-06
 1.95776e-05 -5.40103e-05 -2.40557e-06
  1.9516e-05 -5.39755e-05 -2.40215e-06
 1.96059e-05 -5.40109e-05 -2.39858e-06
 1.95637e-05 -5.40217e-05 -2.39514e-06
 1.95446e-05 -5.39929e-05 -2.39167e-06
 1.95638e-05 -5.39902e-05 -2.38816e-06
 1.95746e-05 -5.39926e-05 -2.38466e-06
 1.95286e-05 -5.39775e-05 -2.38122e-06
 1.95284e-05 -5.40015e-05 -2.37773e-06
 1.95774e-05 -5.40033e-05 -2.37418e-06
 1.95361e-05 -5.39675e-05 -2.37073e-06
 1.95981e-05 -5.39938e-05 -2.36717e-06
 1.95511e-05 -5.40221e-05 -2.36373e-06
 1.95089e-05 -5.39898e-05 -2.36027e-06
 1.95252e-05 -5.39955e-05 -2.35676e-06
 1.96012e-05 -5.39843e-05 -2.35318e-06
 1.94791e-05  -5.4003e-05 -2.34981e-06
 1.95485e-05 -5.39958e-05 -2.34623e-06
 1.95882e-05 -5.40072e-05 -2.34269e-06
 1.95441e-05 -5.39824e-05 -2.33923e-06
 1.94831e-05 -5.40127e-05 -2.33579e-06
 1.95219e-05  -5.4019e-05 -2.33224e-06
  1.9514e-05 -5.39745e-05 -2.32874e-06
 1.95549e-05 -5.39899e-05 -2.32519e-06
 1.95126e-05 -5.40004e-05 -2.32173e-06
 1.94796e-05 -5.39811e-05 -2.31825e-06
 1.95109e-05 -5.39853e-05 -2.31471e-06
  1.9544e-05 -5.39927e-05 -2.31116e-06
 1.94989e-05  -5.3961e-05 -2.30769e-06
 1.94904e-05 -5.39769e-05 -2.30419e-06
  1.9531e-05 -5.39833e-05 -2.30063e-06
 1.95129e-05 -5.39858e-05 -2.29713e-06
 1.95722e-05 -5.39769e-05 -2.29355e-06
 1.95038e-05 -5.40182e-05  -2.2901e-06
 1.94559e-05 -5.39869e-05 -2.28663e-06
 1.95142e-05 -5.39932e-05 -2.28304e-06
 1.95876e-05 -5.39917e-05 -2.27944e-06
 1.95388e-05 -5.40214e-05 -2.27597e-06
 1.94639e-05 -5.39738e-05 -2.27252e-06
  1.9511e-05 -5.39792e-05 -2.26895e-06
 1.95768e-05 -5.39947e-05 -2.26535e-06
 1.94525e-05 -5.39842e-05 -2.26195e-06
 1.95194e-05 -5.39827e-05 -2.25835e-06
 1.95656e-05 -5.39887e-05 -2.25477e-06
 1.95112e-05 -5.39803e-05  -2.2513e-06
 1.94894e-05 -5.39769e-05 -2.24778e-06
 1.95095e-05 -5.39946e-05 -2.24423e-06
 1.94589e-05 -5.39516e-05 -2.24075e-06
 1.94792e-05 -5.39731e-05 -2.23719e-06
  1.9585e-05 -5.39642e-05 -2.23354e-06
 1.94579e-05 -5.39955e-05 -2.23013e-06
 1.95097e-05 -5.39816e-05 -2.22654e-06
 1.95485e-05 -5.39929e-05 -2.22295e-06
 1.95239e-05  -5.3966e-05 -2.21944e-06
 1.94706e-05 -5.39894e-05 -2.21595e-06
 1.95531e-05 -5.40017e-05 -2.21232e-06
 1.94903e-05  -5.3971e-05 -2.20884e-06
 1.95384e-05 -5.39951e-05 -2.20524e-06
 1.95026e-05 -5.39934e-05 -2.20173e-06
 1.94864e-05 -5.39807e-05 -2.19819e-06
 1.95067e-05 -5.39628e-05 -2.19462e-06
 1.95287e-05 -5.39978e-05 -2.19105e-06
 1.94249e-05 -5.39613e-05  -2.1876e-06
 1.94786e-05 -5.39846e-05 -2.18399e-06
 1.95192e-05  -5.3988e-05 -2.18039e-06
 1.94611e-05 -5.39599e-05  -2.1769e-06
 1.94684e-05 -5.39899e-05 -2.17333e-06
 1.94736e-05 -5.39948e-05 -2.16977e-06
 1.94452e-05 -5.39803e-05 -2.16624e-06
 1.94989e-05 -5.39718e-05 -2.16262e-06
 1.95497e-05 -5.39701e-05   -2.159e-06
 1.94425e-05 -5.39687e-05 -2.15555e-06
 1.94933e-05 -5.39923e-05 -2.15194e-06
 1.95339e-05 -5.39783e-05 -2.14833e-06
 1.94935e-05 -5.39704e-05  -2.1448e-06
 1.94503e-05 -5.39786e-05 -2.14128e-06
 1.94909e-05 -5.40004e-05 -2.13767e-06
 1.94432e-05 -5.39524e-05 -2.13415e-06
 1.94801e-05 -5.39769e-05 -2.13054e-06
 1.94611e-05 -5.39905e-05 -2.12698e-06
  1.9429e-05 -5.39704e-05 -2.12344e-06
 1.94743e-05 -5.39694e-05 -2.11982e-06
 1.95263e-05 -5.39461e-05 -2.11619e-06
 1.94104e-05 -5.39722e-05 -2.11274e-06
 1.94435e-05 -5.39775e-05 -2.10912e-06
 1.95018e-05 -5.39941e-05 -2.10548e-06
 1.95341e-05 -5.39772e-05 -2.10186e-06
 1.94163e-05 -5.40037e-05 -2.09841e-06
 1.94134e-05  -5.3994e-05 -2.09483e-06
 1.95005e-05 -5.40037e-05 -2.09115e-06
1.94713e-05 -5.3992e-05 -2.0876e-06
 1.94998e-05 -5.39704e-05 -2.08398e-06
 1.94771e-05 -5.40021e-05 -2.08042e-06
 1.94322e-05 -5.39876e-05 -2.07688e-06
 1.94961e-05 -5.39757e-05 -2.07322e-06
  1.9573e-05 -5.39875e-05 -2.06954e-06
 1.94255e-05  -5.3992e-05 -2.06611e-06
 1.94716e-05 -5.39885e-05 -2.06247e-06
 1.95125e-05 -5.39962e-05 -2.05883e-06
 1.94758e-05 -5.39726e-05 -2.05527e-06
 1.94381e-05 -5.39882e-05 -2.05172e-06
 1.94946e-05 -5.39967e-05 -2.04806e-06
 1.94253e-05 -5.39615e-05 -2.04453e-06
 1.94763e-05 -5.39696e-05 -2.04088e-06
 1.94396e-05 -5.39954e-05 -2.03732e-06
 1.93908e-05 -5.40076e-05 -2.03376e-06
 1.94547e-05 -5.40094e-05 -2.03009e-06
 1.95102e-05 -5.40015e-05 -2.02643e-06
 1.94635e-05  -5.3979e-05 -2.02287e-06
 1.94379e-05 -5.39918e-05 -2.01929e-06
 1.94897e-05  -5.3995e-05 -2.01563e-06
 1.94493e-05 -5.39656e-05 -2.01206e-06
 1.94778e-05 -5.40067e-05 -2.00842e-06
 1.94394e-05 -5.40025e-05 -2.00485e-06
 1.93981e-05 -5.39911e-05 -2.00128e-06
 1.94899e-05 -5.39866e-05 -1.99757e-06
 1.94914e-05 -5.39984e-05 -1.99395e-06
 1.93764e-05 -5.39735e-05 -1.99046e-06
 1.94312e-05 -5.40001e-05 -1.98678e-06
 1.94569e-05 -5.40011e-05 -1.98314e-06
 1.94146e-05 -5.39954e-05 -1.97956e-06
 1.93826e-05 -5.39966e-05 -1.97597e-06
 1.94541e-05 -5.39954e-05 -1.97228e-06
 1.94249e-05 -5.39843e-05 -1.96868e-06
 1.94768e-05 -5.39821e-05 -2.91868e-06
 1.94102e-05 -5.40389e-05 -1.96145e-06
 1.94042e-05  -5.4002e-05 -1.95783e-06
 1.94423e-05 -5.40126e-05 -2.90784e-06
 1.94605e-05 -5.39875e-05 -1.95051e-06
 1.94321e-05 -5.39736e-05 -1.94691e-06
 1.94103e-05 -5.40035e-05  -1.9433e-06
 1.94371e-05 -5.40097e-05 -2.89332e-06
 1.94118e-05 -5.39797e-05 -2.88971e-06
 1.94327e-05 -5.40051e-05 -1.93238e-06
 1.94109e-05  -5.4001e-05 -1.92877e-06
 1.94842e-05 -5.40142e-05 -2.87872e-06
 1.94169e-05 -5.39708e-05 -1.92148e-06
 1.94818e-05 -5.39741e-05 -2.87145e-06
 1.94516e-05 -5.40229e-05 -2.86784e-06
 1.94092e-05 -5.39883e-05 -1.91057e-06
 1.94386e-05 -5.40058e-05  -1.9069e-06
 1.94712e-05 -5.40074e-05 -2.85689e-06
 1.94177e-05 -5.40071e-05 -2.85331e-06
 1.94229e-05 -5.39852e-05 -2.84965e-06
 1.94691e-05 -5.40205e-05 -2.84596e-06
 1.94308e-05 -5.39891e-05 -2.84235e-06
 1.93961e-05 -5.40437e-05 -1.88506e-06
  1.9434e-05 -5.40233e-05 -2.83504e-06
 1.93908e-05 -5.40208e-05 -2.83144e-06
 1.94687e-05 -5.40111e-05  -2.8277e-06
 1.95067e-05 -5.40088e-05 -2.82401e-06
 1.93871e-05 -5.40076e-05 -2.82048e-06
 1.94193e-05  -5.4009e-05 -2.81679e-06
 1.94608e-05 -5.40147e-05 -2.81308e-06
 1.94122e-05 -5.39965e-05 -2.80948e-06
 1.94323e-05 -5.40124e-05  -2.8058e-06
 1.94534e-05 -5.40243e-05 -2.80211e-06
 1.93925e-05 -5.40008e-05 -2.79852e-06
 1.94415e-05 -5.40086e-05  -2.7948e-06
 1.94189e-05 -5.40576e-05 -2.79116e-06
 1.93627e-05 -5.40241e-05 -2.78756e-06
 1.94089e-05 -5.40445e-05 -2.78384e-06
 1.94578e-05 -5.40089e-05 -2.78012e-06
 1.93776e-05 -5.40342e-05 -2.77654e-06
 1.94256e-05 -5.40432e-05 -2.77281e-06
 1.94523e-05 -5.40426e-05 -2.76911e-06
 1.93969e-05 -5.40153e-05  -2.7655e-06
 1.93623e-05 -5.40333e-05 -2.76186e-06
 1.94318e-05   -5.405e-05 -2.75811e-06
 1.94342e-05 -5.40123e-05 -2.75443e-06
 1.94534e-05  -5.4013e-05 -2.75073e-06
 1.94744e-05 -5.40075e-05 -2.74703e-06
 1.93569e-05 -5.40233e-05 -2.74348e-06
 1.93984e-05 -5.40323e-05 -2.73976e-06
 1.94185e-05 -5.40557e-05 -2.73605e-06
 1.93958e-05 -5.40243e-05 -2.73239e-06
 1.93686e-05 -5.40485e-05 -2.72874e-06
 1.94213e-05 -5.40436e-05   -2.725e-06
 1.94051e-05 -5.40283e-05 -2.72133e-06
  1.9456e-05 -5.40411e-05 -2.71758e-06
 1.93869e-05 -5.40852e-05 -2.71397e-06
 1.93707e-05 -5.40478e-05  -2.7103e-06
 1.94429e-05 -5.40197e-05 -2.70653e-06
 1.94686e-05 -5.40631e-05 -2.70281e-06
 1.93968e-05   -5.407e-05 -2.69919e-06
 1.93498e-05 -5.40455e-05 -2.69555e-06
 1.94146e-05 -5.40701e-05 -2.69178e-06
 1.94506e-05 -5.40662e-05 -2.68805e-06
 1.93012e-05 -5.40733e-05 -2.68451e-06
1.94044e-05 -5.4075e-05 -2.6807e-06
 1.94524e-05 -5.40475e-05 -2.67695e-06
 1.94307e-05 -5.40487e-05 -2.67327e-06
 1.94629e-05 -5.40511e-05 -2.66953e-06
 1.94096e-05 -5.40806e-05 -2.66589e-06
 1.93645e-05 -5.40475e-05 -2.66223e-06
  1.9448e-05 -5.40502e-05 -2.65843e-06
 1.94848e-05 -5.40511e-05 -2.65468e-06
 1.93776e-05 -5.40444e-05  -2.6511e-06
 1.93921e-05  -5.4048e-05 -2.64737e-06
 1.94355e-05 -5.40922e-05 -2.64361e-06
 1.94044e-05  -5.4045e-05 -2.63993e-06
 1.93632e-05 -5.41013e-05 -2.63627e-06
  1.9415e-05 -5.40762e-05  -2.6325e-06
 1.93802e-05 -5.40726e-05 -2.62882e-06
 1.94618e-05 -5.40475e-05 -2.62501e-06
 1.94113e-05 -5.41049e-05 -2.62135e-06
 1.93522e-05 -5.40632e-05  -2.6177e-06
 1.93845e-05 -5.40652e-05 -2.61394e-06
 1.94595e-05 -5.40782e-05 -2.61014e-06
 1.93606e-05 -5.40899e-05 -2.60652e-06
 1.93966e-05 -5.41065e-05 -2.60276e-06
 1.94195e-05 -5.40818e-05 -2.59901e-06
 1.93763e-05 -5.40689e-05 -2.59533e-06
  1.9432e-05 -5.40625e-05 -2.59155e-06
 1.93832e-05 -5.41092e-05 -2.58787e-06
 1.93493e-05 -5.40703e-05 -2.58418e-06
 1.94094e-05   -5.407e-05 -2.58038e-06
 1.94381e-05 -5.40572e-05 -2.57662e-06
 1.93614e-05 -5.40675e-05 -2.57297e-06
 1.93982e-05 -5.40758e-05  -2.5692e-06
 1.94277e-05 -5.40938e-05 -2.56543e-06
 1.94014e-05 -5.40437e-05 -2.56172e-06
 1.93545e-05 -5.40942e-05 -2.55804e-06
 1.94491e-05 -5.41173e-05  -2.5542e-06
 1.94031e-05 -5.40739e-05 -2.55051e-06
 1.94392e-05 -5.40739e-05 -2.54673e-06
 1.93802e-05 -5.40868e-05 -2.54305e-06
 1.93323e-05 -5.40834e-05 -2.53936e-06
  1.9345e-05 -5.40734e-05  -2.5356e-06
 1.94286e-05 -5.40929e-05 -2.53176e-06
 1.93817e-05  -5.4045e-05 -2.52807e-06
 1.93589e-05 -5.41031e-05 -2.52435e-06
 1.94191e-05 -5.40994e-05 -2.52053e-06
  1.9445e-05 -5.41202e-05 -2.51675e-06
 1.94083e-05 -5.40829e-05 -2.51304e-06
 1.93781e-05 -5.41046e-05 -2.50933e-06
 1.94299e-05 -5.41035e-05 -2.50551e-06
  1.9386e-05 -5.40929e-05 -2.50181e-06
 1.94443e-05 -5.40971e-05 -2.49799e-06
 1.94159e-05 -5.41125e-05 -2.49426e-06
 1.93727e-05 -5.41156e-05 -2.49055e-06
 1.93828e-05 -5.40971e-05 -2.48678e-06
 1.94709e-05 -5.41237e-05 -2.48293e-06
 1.93317e-05 -5.40951e-05 -2.47932e-06
 1.93947e-05 -5.41227e-05 -2.47549e-06
  1.9443e-05 -5.41133e-05 -2.47167e-06
 1.93802e-05 -5.40972e-05 -2.46797e-06
 1.93388e-05 -5.41243e-05 -2.46426e-06
 1.93757e-05 -5.41321e-05 -2.46045e-06
 1.93681e-05 -5.40929e-05 -2.45669e-06
 1.94171e-05 -5.41035e-05 -2.45286e-06
 1.94558e-05 -5.41199e-05 -2.44905e-06
 1.93483e-05 -5.41126e-05  -2.4454e-06
 1.93882e-05 -5.41132e-05 -2.44158e-06
 1.94111e-05 -5.40932e-05 -2.43778e-06
 1.94182e-05 -5.40884e-05   -2.434e-06
 1.93563e-05 -5.41125e-05 -2.43029e-06
 1.94158e-05 -5.41327e-05 -2.42645e-06
 1.93809e-05 -5.40941e-05 -2.42271e-06
 1.94299e-05  -5.4105e-05 -2.41887e-06
 1.93662e-05 -5.41456e-05 -2.41516e-06
 1.93306e-05  -5.4105e-05 -2.41142e-06
 1.94197e-05 -5.41153e-05 -2.40754e-06
 1.94407e-05 -5.41231e-05 -2.40373e-06
 1.93258e-05 -5.41208e-05 -2.40007e-06
 1.93619e-05 -5.41394e-05 -2.39625e-06
 1.94137e-05 -5.41338e-05  -2.3924e-06
 1.93668e-05 -5.41018e-05 -2.38867e-06
 1.93226e-05 -5.41269e-05 -2.38493e-06
 1.93848e-05 -5.41357e-05 -2.38106e-06
 1.93528e-05 -5.41056e-05 -2.37731e-06
 1.93813e-05 -5.41057e-05 -2.37348e-06
 1.94321e-05 -5.41271e-05 -2.36963e-06
 1.93416e-05   -5.416e-05 -2.36594e-06
 1.93888e-05 -5.41552e-05 -2.36209e-06
  1.9407e-05 -5.41308e-05 -2.35827e-06
 1.93919e-05 -5.41241e-05 -2.35449e-06
 1.93599e-05 -5.41549e-05 -2.35072e-06
 1.94079e-05 -5.41583e-05 -2.34687e-06
 1.93591e-05 -5.41229e-05 -2.34312e-06
 1.93934e-05 -5.41342e-05 -2.33928e-06
 1.93409e-05 -5.41475e-05 -2.33553e-06
 1.94271e-05 -5.41518e-05 -2.33163e-06
 1.93727e-05 -5.41256e-05 -2.32788e-06
  1.9421e-05  -5.4152e-05 -2.32402e-06
 1.93955e-05 -5.41655e-05 -2.32024e-06
 1.93327e-05 -5.41577e-05  -2.3165e-06
 1.94087e-05 -5.41407e-05  -2.3126e-06
 1.94337e-05 -5.41566e-05 -2.30876e-06
 1.93467e-05 -5.41319e-05 -2.30504e-06
 1.93658e-05 -5.41742e-05 -2.30121e-06
 1.94148e-05 -5.41502e-05 -2.29733e-06
 1.93867e-05 -5.41454e-05 -2.29355e-06
 1.94515e-05 -5.41484e-05 -2.28966e-06
1.93999e-05  -5.416e-05 -2.2859e-06
  1.9352e-05 -5.41405e-05 -2.28213e-06
 1.94161e-05 -5.41411e-05 -2.27823e-06
 1.94465e-05 -5.41594e-05 -2.27438e-06
 1.93204e-05 -5.41507e-05 -2.27069e-06
 1.93647e-05 -5.41955e-05 -2.26682e-06
 1.93916e-05 -5.41522e-05 -2.26296e-06
 1.93688e-05 -5.41375e-05 -2.25916e-06
 1.93899e-05 -5.41541e-05 -2.25531e-06
  1.9399e-05  -5.4174e-05 -2.25147e-06
 1.93763e-05 -5.41343e-05 -2.24766e-06
 1.93936e-05 -5.41563e-05 -2.24381e-06
 1.93625e-05 -5.42039e-05 -2.24001e-06
 1.93297e-05  -5.4167e-05 -2.23621e-06
 1.93563e-05 -5.41661e-05 -2.23235e-06
 1.94314e-05 -5.41571e-05 -2.22842e-06
 1.93062e-05 -5.41678e-05 -2.22473e-06
 1.93498e-05  -5.4161e-05 -2.22084e-06
 1.93942e-05 -5.41879e-05 -2.21695e-06
 1.93537e-05 -5.41651e-05 -2.21315e-06
 1.94046e-05 -5.41574e-05 -2.20925e-06
 1.94091e-05 -5.41619e-05  -2.2054e-06
 1.93705e-05 -5.41654e-05  -2.2016e-06
 1.93953e-05 -5.41475e-05 -2.19773e-06
 1.94526e-05 -5.41895e-05 -2.19381e-06
 1.93128e-05 -5.41509e-05 -2.19012e-06
 1.93571e-05  -5.4191e-05 -2.18622e-06
 1.94089e-05 -5.41837e-05 -2.18231e-06
 1.93815e-05 -5.41498e-05 -2.17849e-06
 1.93403e-05 -5.41944e-05 -2.17469e-06
 1.93781e-05 -5.41942e-05 -2.17079e-06
 1.93107e-05 -5.41813e-05 -2.16701e-06
 1.93664e-05 -5.41629e-05 -2.16309e-06
 1.93362e-05 -5.42197e-05 -2.15927e-06
 1.93424e-05 -5.41745e-05  -2.1554e-06
 1.93718e-05 -5.41783e-05 -2.15151e-06
 1.94433e-05 -5.41637e-05 -2.14756e-06
  1.9402e-05 -5.42242e-05 -2.14375e-06
 1.93513e-05 -5.41915e-05 -2.13994e-06
 1.94096e-05 -5.42098e-05 -2.13601e-06
 1.94141e-05 -5.42179e-05 -2.13214e-06
 1.94081e-05 -5.41984e-05 -2.12828e-06
   1.935e-05 -5.42031e-05 -2.12448e-06
 1.93943e-05  -5.4206e-05 -2.12056e-06
 1.93644e-05  -5.4186e-05 -2.11672e-06
 1.94031e-05 -5.41838e-05 -2.11281e-06
 1.93739e-05 -5.42106e-05 -2.10897e-06
  1.9325e-05 -5.41768e-05 -2.10515e-06
 1.94022e-05 -5.42014e-05 -2.10119e-06
 1.94549e-05 -5.41785e-05 -2.09725e-06
 1.93362e-05 -5.41924e-05 -2.09351e-06
 1.93845e-05 -5.42026e-05 -2.08958e-06
 1.94381e-05  -5.4214e-05 -2.08563e-06
 1.94042e-05 -5.42162e-05 -2.08179e-06
 1.93498e-05 -5.42132e-05 -2.07797e-06
 1.94214e-05 -5.42044e-05 -2.07401e-06
  1.9353e-05 -5.41827e-05  -2.0702e-06
 1.93964e-05 -5.41916e-05 -2.06627e-06
 1.94267e-05 -5.41809e-05 -2.06234e-06
 1.93232e-05 -5.41858e-05 -2.05858e-06
 1.93489e-05  -5.4204e-05 -2.05466e-06
  1.9437e-05 -5.42181e-05 -2.05067e-06
 1.93863e-05 -5.41701e-05 -2.04683e-06
 1.93498e-05 -5.42163e-05 -2.04298e-06
 1.93848e-05 -5.42308e-05 -2.03905e-06
  1.9363e-05 -5.42096e-05 -2.03518e-06
  1.9399e-05 -5.42193e-05 -2.03124e-06
 1.93793e-05  -5.4241e-05 -2.02737e-06
 1.93491e-05 -5.42116e-05  -2.0235e-06
 1.94018e-05 -5.42117e-05 -2.01954e-06
 1.94154e-05 -5.42122e-05 -2.01563e-06
 1.92969e-05 -5.42011e-05 -2.01186e-06
 1.93413e-05  -5.4229e-05 -2.00791e-06
 1.93986e-05 -5.42159e-05 -2.00394e-06
 1.93985e-05 -5.41932e-05 -2.00004e-06
 1.93627e-05 -5.41902e-05 -1.99617e-06
 1.93781e-05 -5.42159e-05 -1.99224e-06
 1.93545e-05 -5.42024e-05 -1.98836e-06
 1.94038e-05 -5.41997e-05 -2.93807e-06
 1.94444e-05 -5.42112e-05 -2.93411e-06
 1.93042e-05 -5.42196e-05 -1.97669e-06
 1.93774e-05 -5.42185e-05 -1.97269e-06
 1.94398e-05 -5.42125e-05 -2.92238e-06
 1.93545e-05 -5.42087e-05 -1.96489e-06
  1.9345e-05 -5.42291e-05 -2.91466e-06
 1.93837e-05 -5.42273e-05  -2.9107e-06
 1.94199e-05  -5.4256e-05 -2.90674e-06
 1.93681e-05 -5.42026e-05  -1.9492e-06
 1.93789e-05 -5.42349e-05 -1.94527e-06
 1.93982e-05 -5.42562e-05   -2.895e-06
 1.93664e-05 -5.42229e-05 -2.89111e-06
 1.94266e-05 -5.42123e-05 -2.88712e-06
 1.93927e-05 -5.42615e-05 -2.88323e-06
 1.93469e-05 -5.42311e-05 -2.87936e-06
 1.93947e-05 -5.42364e-05  -1.9217e-06
 1.94569e-05 -5.42373e-05 -2.87137e-06
 1.93399e-05 -5.42503e-05  -1.9139e-06
 1.93763e-05 -5.42336e-05  -2.8636e-06
 1.94178e-05 -5.42582e-05 -2.85962e-06
 1.93457e-05 -5.42168e-05 -2.85577e-06
 1.94115e-05 -5.42333e-05 -2.85176e-06
 1.93871e-05  -5.4253e-05 -2.84786e-06
 1.93662e-05 -5.42306e-05 -2.84394e-06
 1.94012e-05 -5.42473e-05 -2.83996e-06
 1.94493e-05 -5.42306e-05 -2.83597e-06
 1.93513e-05 -5.42462e-05 -2.83214e-06
 1.93845e-05 -5.42344e-05 -2.82816e-06
 1.94335e-05 -5.42381e-05 -2.82416e-06
 1.93958e-05 -5.42085e-05 -2.82026e-06
 1.93526e-05 -5.42437e-05 -1.86269e-06
 1.94316e-05 -5.42184e-05 -2.81233e-06
 1.93493e-05 -5.42318e-05 -2.80847e-06
 1.94094e-05 -5.42257e-05 -2.80445e-06
 1.93795e-05 -5.42654e-05 -2.80054e-06
 1.93567e-05 -5.42617e-05 -2.79662e-06
 1.93955e-05  -5.4244e-05 -2.79262e-06
  1.9427e-05 -5.42596e-05 -2.78863e-06
 1.93111e-05 -5.42375e-05 -2.78481e-06
 1.93619e-05 -5.42491e-05  -2.7808e-06
 1.94091e-05 -5.42548e-05 -2.77678e-06
 1.93651e-05 -5.42511e-05 -2.77288e-06
 1.94243e-05 -5.42322e-05 -2.76885e-06
 1.93848e-05  -5.4264e-05 -2.76493e-06
 1.93491e-05   -5.423e-05 -2.76101e-06
 1.93778e-05 -5.42466e-05 -2.75702e-06
 1.94184e-05 -5.42308e-05 -2.75301e-06
 1.93193e-05 -5.42506e-05 -2.74916e-06
 1.93608e-05 -5.42257e-05 -2.74514e-06
   1.941e-05 -5.42484e-05 -2.74112e-06
1.93658e-05 -5.4226e-05 -2.7372e-06
  1.9331e-05 -5.42632e-05 -2.73328e-06
 1.93921e-05 -5.42754e-05 -2.72923e-06
 1.94543e-05 -5.42562e-05 -2.72519e-06
  1.9385e-05 -5.42497e-05  -2.7213e-06
 1.93986e-05 -5.42515e-05 -2.71731e-06
 1.94327e-05 -5.42877e-05 -2.71329e-06
  1.9386e-05 -5.42382e-05 -2.70937e-06
 1.94405e-05 -5.42667e-05 -2.70533e-06
 1.93573e-05 -5.42511e-05 -2.70145e-06
 1.93366e-05 -5.42514e-05 -2.69749e-06
 1.93567e-05  -5.4262e-05 -2.69349e-06
 1.94458e-05 -5.42494e-05  -2.6894e-06
 1.93783e-05 -5.42182e-05  -2.6855e-06
 1.93595e-05 -5.42663e-05 -2.68154e-06
 1.94057e-05 -5.42663e-05  -2.6775e-06
 1.93867e-05 -5.42332e-05 -2.67353e-06
 1.94003e-05 -5.42539e-05 -2.66953e-06
 1.94094e-05 -5.42578e-05 -2.66553e-06
 1.93811e-05 -5.42605e-05 -2.66157e-06
 1.93807e-05 -5.42458e-05 -2.65758e-06
 1.94633e-05  -5.4279e-05 -2.65349e-06
 1.93513e-05 -5.42643e-05 -2.64963e-06
 1.93686e-05 -5.42681e-05 -2.64561e-06
 1.94046e-05 -5.42665e-05 -2.64158e-06
 1.93977e-05 -5.42515e-05 -2.63759e-06
 1.93621e-05 -5.42739e-05 -2.63363e-06
 1.93934e-05 -5.42788e-05  -2.6296e-06
 1.93539e-05 -5.42484e-05 -2.62564e-06
 1.93945e-05 -5.42562e-05 -2.62159e-06
 1.93608e-05 -5.42698e-05 -2.61763e-06
 1.93316e-05 -5.42459e-05 -2.61366e-06
 1.93964e-05 -5.42409e-05 -2.60958e-06
 1.94482e-05  -5.4241e-05 -2.60551e-06
  1.9394e-05 -5.42447e-05 -2.60157e-06
 1.93685e-05 -5.42493e-05 -2.59759e-06
 1.94221e-05 -5.42859e-05 -2.59352e-06
   1.935e-05 -5.42588e-05 -2.58959e-06
 1.94132e-05 -5.42425e-05  -2.5855e-06
 1.93895e-05 -5.42609e-05 -2.58152e-06
 1.93388e-05 -5.42539e-05 -2.57756e-06
 1.93871e-05 -5.42582e-05 -2.57349e-06
 1.94463e-05 -5.42576e-05  -2.5694e-06
 1.93258e-05 -5.42534e-05 -2.56553e-06
 1.93375e-05 -5.42762e-05  -2.5615e-06
 1.94333e-05 -5.42588e-05 -2.55736e-06
 1.93966e-05 -5.42234e-05 -2.55339e-06
 1.93664e-05 -5.42709e-05  -2.5494e-06
 1.94089e-05 -5.42931e-05 -2.54533e-06
   1.935e-05 -5.42453e-05 -2.54137e-06
 1.94065e-05 -5.42646e-05 -2.53728e-06
 1.93437e-05 -5.42867e-05 -2.53333e-06
 1.93927e-05 -5.42748e-05 -2.52924e-06
 1.93571e-05 -5.42524e-05 -2.52525e-06
 1.94052e-05 -5.42614e-05 -2.52117e-06
 1.94448e-05 -5.42602e-05 -2.51709e-06
 1.93401e-05 -5.42786e-05 -2.51318e-06
 1.93819e-05 -5.42781e-05  -2.5091e-06
  1.9443e-05 -5.42553e-05 -2.50499e-06
 1.94118e-05 -5.42309e-05 -2.50099e-06
 1.94152e-05 -5.42662e-05 -2.49695e-06
 1.94476e-05 -5.42804e-05 -2.49287e-06
 1.93951e-05 -5.42569e-05 -2.48889e-06
 1.94348e-05 -5.42814e-05 -2.48481e-06
 1.93906e-05 -5.42776e-05 -2.48082e-06
 1.93625e-05 -5.42516e-05 -2.47681e-06
 1.93947e-05 -5.42497e-05 -2.47272e-06
 1.94344e-05 -5.42627e-05 -2.46863e-06
 1.93278e-05 -5.42791e-05 -2.46471e-06
 1.93649e-05 -5.42701e-05 -2.46062e-06
  1.9426e-05 -5.42691e-05  -2.4565e-06
 1.93856e-05 -5.42368e-05  -2.4525e-06
 1.94383e-05 -5.42375e-05 -2.44838e-06
 1.94186e-05 -5.42661e-05 -2.44435e-06
 1.93567e-05 -5.42677e-05 -2.44038e-06
 1.93954e-05 -5.42612e-05 -2.43627e-06
 1.94305e-05 -5.42894e-05 -2.43218e-06
 1.93409e-05 -5.42891e-05 -2.42823e-06
 1.94057e-05 -5.42658e-05 -2.42409e-06
 1.94193e-05 -5.42749e-05 -2.42002e-06
1.93789e-05 -5.4241e-05  -2.416e-06
 1.93647e-05 -5.42637e-05 -2.41196e-06
 1.93867e-05 -5.42843e-05 -2.40787e-06
 1.93435e-05 -5.42375e-05 -2.40386e-06
 1.93794e-05 -5.42653e-05 -2.39975e-06
 1.93848e-05 -5.42661e-05 -2.39568e-06
 1.93575e-05 -5.42611e-05 -2.39165e-06
 1.94008e-05 -5.42731e-05 -2.38752e-06
  1.9434e-05 -5.42605e-05 -2.38341e-06
 1.93314e-05 -5.42693e-05 -2.37947e-06
 1.93701e-05 -5.42538e-05 -2.37535e-06
 1.94433e-05 -5.42593e-05 -2.37119e-06
 1.93628e-05 -5.42269e-05 -2.36721e-06
 1.93971e-05 -5.42382e-05  -2.3631e-06
 1.93837e-05 -5.42396e-05 -2.35903e-06
  1.9374e-05 -5.42556e-05 -2.35497e-06
 1.93997e-05 -5.42618e-05 -2.35086e-06
 1.94294e-05 -5.42653e-05 -2.34674e-06
 1.93973e-05 -5.42482e-05  -2.3427e-06
 1.93681e-05 -5.42498e-05 -2.33865e-06
  1.9458e-05 -5.42613e-05 -2.33446e-06
 1.94895e-05  -5.4262e-05 -2.33034e-06
 1.93429e-05 -5.42787e-05 -2.32643e-06
 1.93863e-05 -5.42591e-05 -2.32229e-06
 1.94381e-05 -5.42831e-05 -2.31814e-06
 1.94463e-05 -5.42373e-05 -2.31404e-06
 1.93565e-05 -5.42508e-05 -2.31006e-06
 1.94018e-05 -5.42634e-05 -2.30592e-06
 1.93716e-05 -5.42374e-05 -2.30186e-06
 1.94273e-05 -5.42467e-05  -2.2977e-06
 1.93627e-05 -5.43001e-05 -2.29368e-06
 1.93446e-05 -5.42411e-05 -2.28961e-06
 1.93917e-05 -5.42559e-05 -2.28545e-06
 1.94586e-05 -5.42468e-05 -2.28128e-06
 1.94172e-05 -5.42516e-05 -2.27723e-06
 1.93833e-05 -5.42669e-05 -2.27317e-06
 1.94342e-05 -5.42737e-05   -2.269e-06
 1.93921e-05 -5.42428e-05 -2.26495e-06
 1.94569e-05 -5.42505e-05 -2.26077e-06
 1.94109e-05 -5.42721e-05 -2.25672e-06
 1.93667e-05 -5.42405e-05 -2.25267e-06
 1.94057e-05 -5.42551e-05 -2.24851e-06
 1.94435e-05 -5.42379e-05 -2.24436e-06
 1.93258e-05 -5.42532e-05 -2.24039e-06
 1.93692e-05 -5.42463e-05 -2.23623e-06
 1.94277e-05 -5.42687e-05 -2.23205e-06
 1.93733e-05 -5.42464e-05   -2.228e-06
 1.93496e-05 -5.42525e-05 -2.22391e-06
 1.94126e-05 -5.42592e-05 -2.21972e-06
 1.93612e-05 -5.42452e-05 -2.21567e-06
 1.94213e-05   -5.425e-05 -2.21148e-06
 1.94051e-05 -5.42593e-05 -2.20738e-06
 1.93693e-05 -5.42523e-05  -2.2033e-06
 1.93794e-05 -5.42506e-05 -2.19917e-06
 1.94265e-05 -5.42629e-05 -2.19499e-06
 1.94094e-05 -5.42347e-05 -2.19088e-06
 1.93615e-05  -5.4257e-05 -2.18682e-06
 1.93818e-05 -5.42376e-05 -2.18267e-06
 1.93982e-05 -5.42421e-05 -2.17852e-06
 1.94314e-05 -5.42381e-05 -2.17435e-06
 1.94124e-05 -5.42643e-05 -2.17025e-06
 1.93589e-05   -5.423e-05 -2.16618e-06
 1.93988e-05 -5.42352e-05   -2.162e-06
 1.94487e-05 -5.42511e-05 -2.15781e-06
 1.93002e-05 -5.42418e-05 -2.15385e-06
 1.93995e-05 -5.42416e-05  -2.1496e-06
 1.94161e-05 -5.42348e-05 -2.14544e-06
  1.9453e-05 -5.42485e-05 -2.14126e-06
 1.93306e-05 -5.42431e-05 -2.13727e-06
 1.93786e-05 -5.42474e-05 -2.13307e-06
 1.94204e-05 -5.42575e-05 -2.12888e-06
 1.94191e-05 -5.42316e-05 -2.12474e-06
 1.93628e-05  -5.4255e-05 -2.12067e-06
 1.94295e-05 -5.42722e-05 -2.11644e-06
 1.93967e-05  -5.4252e-05 -2.11233e-06
 1.94485e-05 -5.42477e-05 -2.10812e-06
 1.94893e-05 -5.42452e-05  -3.0576e-06
 1.93462e-05 -5.42409e-05 -2.09995e-06
 1.94159e-05 -5.42502e-05 -2.09572e-06
 1.94733e-05 -5.42571e-05  -2.0915e-06
 1.94068e-05 -5.42369e-05 -2.08743e-06
 1.93431e-05 -5.42547e-05 -2.08335e-06
  1.9409e-05  -5.4247e-05 -2.07912e-06
 1.93714e-05 -5.42363e-05 -2.07501e-06
 1.94399e-05 -5.42417e-05 -2.07076e-06
 1.93939e-05 -5.42646e-05 -2.06666e-06
 1.93481e-05 -5.42367e-05 -2.06256e-06
 1.94064e-05 -5.42389e-05 -2.05833e-06
 1.94405e-05 -5.42449e-05 -2.05412e-06
 1.93367e-05 -5.42722e-05 -2.05009e-06
 1.93859e-05 -5.42446e-05 -2.04587e-06
   1.946e-05 -5.42524e-05 -2.04161e-06
 1.94187e-05 -5.42356e-05 -2.03749e-06
 1.93708e-05 -5.42575e-05 -2.03339e-06
 1.94226e-05 -5.42769e-05 -2.02915e-06
   1.936e-05 -5.42204e-05 -2.02506e-06
 1.94062e-05 -5.42277e-05 -2.02083e-06
 1.94431e-05 -5.42358e-05 -2.01662e-06
 1.93775e-05 -5.42464e-05 -2.01252e-06
 1.94146e-05  -5.4237e-05 -2.00831e-06
   1.943e-05   -5.424e-05 -2.00411e-06
 1.93859e-05 -5.42122e-05 -1.99999e-06
 1.93687e-05 -5.42497e-05 -1.99583e-06
 1.94244e-05 -5.42423e-05 -1.99159e-06
  1.9429e-05 -5.42462e-05 -2.94107e-06
 1.94432e-05 -5.42053e-05  -1.9832e-06
 1.94093e-05 -5.42603e-05 -1.97906e-06
 1.93412e-05 -5.42187e-05 -1.97496e-06
 1.93846e-05 -5.42506e-05 -1.97072e-06
 1.94329e-05 -5.42619e-05 -2.92015e-06
 1.93347e-05  -5.4236e-05 -2.91609e-06
 1.94118e-05 -5.42606e-05 -2.91181e-06
 1.94357e-05   -5.424e-05 -2.90759e-06
 1.94893e-05 -5.42422e-05 -2.90333e-06
  1.9348e-05 -5.42462e-05 -1.94564e-06
 1.93852e-05 -5.42536e-05 -2.89507e-06
 1.94157e-05 -5.42442e-05 -2.89084e-06
 1.93874e-05 -5.42293e-05 -2.88668e-06
 1.94662e-05 -5.42058e-05 -2.88239e-06
 1.94416e-05 -5.42499e-05 -2.87822e-06
 1.93844e-05 -5.42023e-05 -1.92042e-06
 1.94392e-05 -5.42285e-05 -2.86983e-06
 1.94677e-05 -5.42381e-05 -2.86559e-06
 1.93481e-05 -5.42268e-05 -2.86154e-06
 1.93964e-05 -5.42404e-05 -2.85728e-06
 1.94454e-05 -5.42179e-05 -2.85301e-06
 1.94114e-05 -5.42174e-05 -2.84885e-06
 1.93831e-05 -5.42277e-05 -2.84468e-06
 1.94351e-05 -5.42597e-05 -2.84041e-06
   1.939e-05 -5.42206e-05 -2.83625e-06
 1.94306e-05 -5.42269e-05 -2.83199e-06
 1.94414e-05 -5.42322e-05 -2.82777e-06
 1.93807e-05 -5.42225e-05 -2.82363e-06
 1.94381e-05 -5.42199e-05 -2.81935e-06
 1.94759e-05 -5.42346e-05 -2.81508e-06
 1.93656e-05 -5.42374e-05 -2.81101e-06
 1.93773e-05 -5.42326e-05 -2.80678e-06
 1.94163e-05 -5.42393e-05 -2.80251e-06
  1.9414e-05 -5.42089e-05 -2.79829e-06
 1.94509e-05 -5.42077e-05 -2.79403e-06
  1.9404e-05  -5.4228e-05 -2.78986e-06
 1.93684e-05 -5.42133e-05 -2.78569e-06
 1.94155e-05 -5.42103e-05  -2.7814e-06
 1.94617e-05  -5.4243e-05 -2.77712e-06
 1.93682e-05 -5.42184e-05 -2.77301e-06
 1.94072e-05 -5.42111e-05 -2.76874e-06
 1.94552e-05 -5.41903e-05 -2.76445e-06
  1.9426e-05 -5.42179e-05 -2.76026e-06
 1.93799e-05 -5.42302e-05 -2.75608e-06
  1.9418e-05 -5.42444e-05 -2.75181e-06
 1.93487e-05 -5.41955e-05 -2.74766e-06
 1.94097e-05 -5.42066e-05 -2.74335e-06
 1.93879e-05 -5.42217e-05 -2.73914e-06
 1.93801e-05 -5.42026e-05 -2.73491e-06
 1.93995e-05 -5.42106e-05 -2.73065e-06
  1.9442e-05 -5.41994e-05 -2.72636e-06
 1.93261e-05 -5.42064e-05 -2.72227e-06
 1.94002e-05 -5.41989e-05 -2.71793e-06
 1.94634e-05 -5.41916e-05 -2.71361e-06
 1.94053e-05 -5.41709e-05 -2.70944e-06
 1.94515e-05 -5.41819e-05 -2.70514e-06
 1.94362e-05  -5.4213e-05 -2.70091e-06
 1.94537e-05 -5.42297e-05 -2.69664e-06
 1.93909e-05 -5.42001e-05 -2.69248e-06
 1.94855e-05 -5.42072e-05 -2.68811e-06
 1.94321e-05 -5.42239e-05 -2.68392e-06
 1.93965e-05 -5.41987e-05 -2.67972e-06
 1.94427e-05 -5.42174e-05 -2.67541e-06
1.94833e-05 -5.4215e-05 -2.6711e-06
 1.93581e-05 -5.42041e-05 -2.66701e-06
 1.94006e-05 -5.42201e-05  -2.6627e-06
 1.94731e-05 -5.42306e-05 -2.65835e-06
 1.94382e-05 -5.41824e-05 -2.65413e-06
 1.94108e-05 -5.42182e-05 -2.64991e-06
 1.94393e-05 -5.42164e-05 -2.64561e-06
 1.94019e-05 -5.41942e-05  -2.6414e-06
  1.9449e-05 -5.42009e-05 -2.63708e-06
 1.94887e-05 -5.41868e-05 -2.63276e-06
  1.9344e-05 -5.41993e-05 -2.62868e-06
 1.93959e-05 -5.42162e-05 -2.62435e-06
 1.94626e-05 -5.42093e-05    -2.62e-06
 1.94064e-05 -5.41802e-05  -2.6158e-06
 1.93892e-05 -5.42104e-05 -2.61155e-06
 1.94345e-05 -5.42146e-05 -2.60722e-06
 1.94259e-05 -5.41839e-05 -2.60296e-06
 1.94395e-05 -5.41813e-05 -2.59867e-06
  1.9427e-05 -5.42101e-05 -2.59441e-06
 1.94034e-05 -5.41975e-05 -2.59017e-06
 1.94507e-05 -5.41792e-05 -2.58583e-06
 1.94941e-05 -5.42054e-05  -2.5815e-06
 1.93596e-05 -5.41948e-05 -2.57739e-06
 1.93983e-05 -5.42202e-05 -2.57306e-06
 1.94326e-05 -5.41747e-05 -2.56874e-06
 1.94052e-05 -5.41698e-05 -2.56449e-06
 1.93695e-05 -5.41926e-05 -2.56025e-06
 1.94101e-05 -5.42042e-05 -2.55592e-06
 1.93603e-05 -5.41902e-05 -2.55169e-06
1.94468e-05 -5.4181e-05 -2.5473e-06
 1.94622e-05 -5.41797e-05 -2.54299e-06
 1.93557e-05 -5.41839e-05 -2.53884e-06
 1.94158e-05 -5.41738e-05 -2.53447e-06
 1.94678e-05 -5.41873e-05 -2.53011e-06
 1.94386e-05  -5.4182e-05 -2.52586e-06
 1.93777e-05 -5.41921e-05 -2.52164e-06
 1.94397e-05 -5.42122e-05 -2.51727e-06
 1.93743e-05  -5.4169e-05 -2.51305e-06
 1.94168e-05 -5.41862e-05  -2.5087e-06
 1.94099e-05 -5.42037e-05 -2.50441e-06
 1.94467e-05 -5.42064e-05 -2.50007e-06
 1.93914e-05  -5.4175e-05 -2.49584e-06
 1.94406e-05 -5.41727e-05 -2.49147e-06
 1.94412e-05 -5.41944e-05 -2.48717e-06
  1.9384e-05 -5.41723e-05 -2.48294e-06
 1.94181e-05 -5.41859e-05 -2.47859e-06
 1.94831e-05 -5.41787e-05  -2.4742e-06
 1.93868e-05 -5.41963e-05 -2.47002e-06
 1.94013e-05 -5.41851e-05 -2.46569e-06
 1.94931e-05 -5.41866e-05 -2.46126e-06
 1.94089e-05 -5.41647e-05 -2.45706e-06
  1.9432e-05 -5.41621e-05 -2.45272e-06
 1.94354e-05 -5.41794e-05  -2.4484e-06
 1.93819e-05 -5.41814e-05 -2.44415e-06
 1.94262e-05 -5.41591e-05 -2.43978e-06
 1.94838e-05 -5.41714e-05 -2.43539e-06
 1.93894e-05 -5.41688e-05 -2.43119e-06
 1.94113e-05 -5.41857e-05 -2.42685e-06
 1.94456e-05 -5.41691e-05 -2.42248e-06
 1.94454e-05 -5.41714e-05 -2.41816e-06
 1.94003e-05 -5.41745e-05  -2.4139e-06
 1.94409e-05  -5.4189e-05 -2.40952e-06
 1.94294e-05 -5.41764e-05 -2.40521e-06
 1.94709e-05 -5.41726e-05 -2.40083e-06
 1.94056e-05 -5.42028e-05 -2.39659e-06
  1.9354e-05 -5.41813e-05 -2.39233e-06
 1.94039e-05   -5.418e-05 -2.38793e-06
 1.94556e-05 -5.41526e-05 -2.38353e-06
 1.93288e-05 -5.41759e-05 -2.37937e-06
 1.94169e-05 -5.41589e-05 -2.37492e-06
 1.94575e-05 -5.41634e-05 -2.37053e-06
 1.94022e-05 -5.41454e-05 -2.36627e-06
 1.94502e-05 -5.41645e-05 -2.36187e-06
 1.94277e-05 -5.41831e-05 -2.35756e-06
 1.93994e-05 -5.41525e-05 -2.35326e-06
 1.94223e-05 -5.41688e-05 -2.34889e-06
  1.9489e-05 -5.41591e-05 -2.34446e-06
 1.93612e-05   -5.415e-05 -2.34029e-06
 1.94065e-05 -5.41591e-05 -2.33589e-06
 1.94592e-05 -5.41828e-05 -2.33147e-06
 1.93768e-05 -5.41506e-05 -2.32723e-06
 1.93643e-05 -5.41658e-05  -2.3229e-06
 1.94471e-05 -5.41568e-05 -2.31845e-06
 1.94234e-05 -5.41578e-05 -2.31413e-06
 1.94416e-05 -5.41313e-05 -2.30976e-06
 1.93994e-05 -5.41787e-05 -2.30546e-06
 1.94597e-05 -5.41782e-05 -2.30103e-06
 1.93988e-05 -5.41467e-05 -2.29676e-06
 1.94636e-05 -5.41772e-05 -2.29232e-06
 1.94577e-05  -5.4176e-05 -2.28797e-06
 1.94042e-05 -5.41784e-05 -2.28368e-06
 1.94124e-05 -5.41572e-05 -2.27931e-06
 1.94567e-05 -5.41699e-05  -2.2749e-06
 1.94312e-05 -5.41465e-05 -2.27057e-06
 1.93908e-05 -5.41763e-05 -2.26626e-06
 1.94446e-05 -5.41584e-05 -2.26183e-06
 1.94228e-05 -5.41437e-05 -2.25749e-06
 1.94671e-05 -5.41236e-05 -2.25307e-06
 1.94258e-05 -5.41886e-05 -2.24876e-06
 1.93909e-05 -5.41509e-05 -2.24443e-06
 1.94187e-05 -5.41676e-05 -2.24003e-06
 1.94798e-05  -5.4155e-05 -2.23558e-06
 1.93872e-05 -5.41476e-05 -2.23133e-06
 1.94343e-05 -5.41567e-05  -2.2269e-06
 1.94733e-05   -5.415e-05 -2.22247e-06
 1.93928e-05 -5.41314e-05  -2.2182e-06
 1.93589e-05 -5.41556e-05 -2.21387e-06
 1.94414e-05 -5.41408e-05 -2.20939e-06
 1.93647e-05 -5.41461e-05 -2.20511e-06
 1.94725e-05 -5.41308e-05 -2.20059e-06
 1.94107e-05 -5.41315e-05 -2.19629e-06
 1.93796e-05 -5.41269e-05 -2.19195e-06
 1.94211e-05 -5.41446e-05 -2.18751e-06
 1.94749e-05  -5.4151e-05 -2.18306e-06
  1.9428e-05 -5.41217e-05 -2.17874e-06
 1.93988e-05 -5.41504e-05 -2.17439e-06
  1.9458e-05 -5.41525e-05 -2.16993e-06
  1.9439e-05 -5.41314e-05 -2.16556e-06
 1.94649e-05 -5.41547e-05 -2.16114e-06
 1.94002e-05 -5.41642e-05 -2.15683e-06
 1.93468e-05 -5.41326e-05 -2.15251e-06
 1.94032e-05 -5.41519e-05 -2.14805e-06
 1.94766e-05 -5.41352e-05 -2.14356e-06
1.93719e-05 -5.4144e-05 -2.1393e-06
 1.93902e-05 -5.41324e-05 -2.13488e-06
 1.94447e-05  -5.4139e-05 -2.13041e-06
 1.93941e-05 -5.41184e-05 -2.12608e-06
  1.9379e-05 -5.41894e-05  -2.1217e-06
 1.94187e-05 -5.41687e-05 -2.11725e-06
 1.94276e-05 -5.41308e-05 -2.11283e-06
 1.94663e-05 -5.41222e-05 -2.10838e-06
 1.94447e-05 -5.41766e-05   -2.104e-06
 1.93587e-05 -5.41253e-05 -2.09971e-06
 1.93807e-05 -5.41501e-05 -2.09528e-06
 1.94455e-05  -5.4151e-05 -2.09078e-06
 1.94656e-05 -5.41494e-05 -2.08635e-06
 1.94077e-05 -5.41486e-05 -2.08201e-06
 1.94259e-05 -5.41482e-05 -2.07758e-06
 1.94777e-05 -5.41381e-05  -2.0731e-06
 1.94289e-05 -5.41242e-05 -2.06875e-06
 1.93998e-05 -5.41651e-05 -2.06437e-06
 1.94386e-05 -5.41467e-05 -2.05991e-06
 1.94382e-05 -5.41384e-05 -2.05549e-06
  1.9462e-05 -5.41257e-05 -2.05104e-06
 1.94374e-05 -5.41721e-05 -2.04665e-06
 1.94186e-05 -5.41324e-05 -2.04226e-06
  1.9421e-05 -5.41549e-05 -2.03783e-06
 1.94778e-05 -5.41359e-05 -2.98701e-06
 1.93355e-05 -5.41481e-05  -2.0291e-06
 1.94558e-05 -5.41499e-05 -2.97819e-06
  1.9457e-05 -5.41425e-05 -2.02009e-06
 1.94054e-05 -5.41259e-05 -2.01573e-06
 1.93873e-05 -5.41454e-05 -2.01133e-06
 1.94261e-05 -5.41821e-05 -2.00685e-06
 1.94026e-05  -5.4119e-05 -2.00245e-06
   1.946e-05 -5.41538e-05 -1.99794e-06
 1.94838e-05 -5.41323e-05 -1.99347e-06
 1.93866e-05 -5.41456e-05 -1.98917e-06
 1.94357e-05 -5.41118e-05 -1.98467e-06
1.94633e-05 -5.4145e-05 -1.9802e-06
 1.93949e-05 -5.41081e-05 -1.97585e-06
 1.93918e-05  -5.4148e-05 -1.97141e-06
 1.94625e-05 -5.41395e-05 -2.92056e-06
 1.93949e-05 -5.41347e-05 -1.96253e-06
 1.94592e-05 -5.40938e-05 -2.91168e-06
 1.94215e-05 -5.41443e-05 -2.90728e-06
 1.93836e-05 -5.41538e-05 -1.94921e-06
 1.94303e-05 -5.41229e-05 -2.89838e-06
 1.94551e-05 -5.41631e-05  -2.8939e-06
 1.93951e-05 -5.41389e-05 -2.88953e-06
 1.94264e-05 -5.41446e-05 -2.88504e-06
 1.94595e-05  -5.4134e-05 -2.88055e-06
 1.94323e-05 -5.41289e-05 -2.87614e-06
 1.93695e-05 -5.41367e-05 -2.87177e-06
 1.93887e-05 -5.41578e-05 -2.86729e-06
 1.93818e-05 -5.41009e-05 -2.86284e-06
  1.9428e-05 -5.41222e-05 -2.85832e-06
 1.94707e-05 -5.41314e-05 -2.85381e-06
 1.93489e-05 -5.41199e-05 -1.89584e-06
 1.94075e-05  -5.4126e-05 -2.84498e-06
 1.94537e-05 -5.41342e-05 -2.84045e-06
 1.94964e-05 -5.41613e-05 -2.83594e-06
  1.9387e-05 -5.41579e-05 -2.83162e-06
 1.94388e-05  -5.4155e-05 -2.82709e-06
 1.94999e-05 -5.41143e-05 -2.82254e-06
 1.94567e-05 -5.41155e-05 -2.81813e-06
 1.94398e-05 -5.41461e-05 -2.81369e-06
 1.94422e-05 -5.41559e-05 -2.80922e-06
 1.94036e-05 -5.41249e-05  -2.8048e-06
 1.94582e-05 -5.41258e-05 -2.80025e-06
 1.94105e-05 -5.41398e-05 -2.79585e-06
 1.93747e-05 -5.41413e-05 -2.79142e-06
 1.94377e-05 -5.41213e-05 -2.78686e-06
 1.94876e-05 -5.41238e-05 -2.78232e-06
 1.93606e-05 -5.41439e-05 -2.77801e-06
 1.94321e-05 -5.41272e-05 -2.77344e-06
 1.94736e-05 -5.41253e-05  -2.7689e-06
 1.94108e-05 -5.41182e-05 -2.76451e-06
 1.94598e-05 -5.41191e-05 -2.75996e-06
 1.94352e-05 -5.41495e-05 -2.75551e-06
 1.94034e-05 -5.41104e-05 -2.75107e-06
 1.94189e-05 -5.41173e-05 -2.74657e-06
 1.94902e-05  -5.4152e-05 -2.74199e-06
 1.93892e-05  -5.4133e-05 -2.73763e-06
 1.94375e-05 -5.41439e-05 -2.73308e-06
 1.94818e-05 -5.41341e-05 -2.72853e-06
 1.94134e-05 -5.41155e-05 -2.72413e-06
  1.9387e-05 -5.41572e-05 -2.71968e-06
 1.94183e-05 -5.41618e-05 -2.71514e-06
 1.94228e-05 -5.41111e-05 -2.71064e-06
 1.94419e-05 -5.41193e-05 -2.70612e-06
 1.94071e-05 -5.41375e-05 -2.70167e-06
 1.93825e-05 -5.41243e-05 -2.69721e-06
  1.9428e-05 -5.41237e-05 -2.69265e-06
 1.94276e-05 -5.41132e-05 -2.68815e-06
 1.93555e-05 -5.41305e-05 -2.68375e-06
 1.94101e-05 -5.41195e-05 -2.67917e-06
 1.94432e-05 -5.41167e-05 -2.67462e-06
 1.93778e-05 -5.40921e-05 -2.67021e-06
 1.94576e-05 -5.41025e-05 -2.66559e-06
 1.94265e-05 -5.41321e-05 -2.66113e-06
 1.93907e-05 -5.41236e-05 -2.65667e-06
 1.94574e-05 -5.41311e-05 -2.65207e-06
 1.95047e-05 -5.41225e-05  -2.6475e-06
  1.9387e-05 -5.41224e-05 -2.64315e-06
 1.94052e-05 -5.41356e-05 -2.63861e-06
 1.94607e-05 -5.41447e-05 -2.63402e-06
 1.95043e-05 -5.41263e-05 -2.62945e-06
 1.93894e-05 -5.41301e-05 -2.62509e-06
 1.94225e-05 -5.41245e-05 -2.62053e-06
 1.94734e-05 -5.41339e-05 -2.61594e-06
1.94115e-05 -5.4114e-05 -2.6115e-06
 1.93955e-05 -5.41203e-05   -2.607e-06
 1.94389e-05 -5.41673e-05 -2.60243e-06
 1.93901e-05 -5.41025e-05 -2.59797e-06
 1.94763e-05  -5.4136e-05 -2.59333e-06
 1.94992e-05  -5.4129e-05 -2.58877e-06
 1.93696e-05 -5.41357e-05 -2.58442e-06
   1.944e-05 -5.41165e-05  -2.5798e-06
 1.94881e-05 -5.41224e-05 -2.57521e-06
  1.9456e-05 -5.41084e-05 -2.57072e-06
  1.9413e-05 -5.41395e-05 -2.56625e-06
 1.94778e-05 -5.41254e-05 -2.56163e-06
  1.9416e-05 -5.41074e-05 -2.55718e-06
 1.94482e-05 -5.40987e-05  -2.5526e-06
 1.94199e-05 -5.41301e-05  -2.5481e-06
 1.93936e-05 -5.41217e-05  -2.5436e-06
 1.94407e-05 -5.41025e-05   -2.539e-06
 1.95083e-05 -5.41095e-05 -2.53437e-06
 1.93906e-05  -5.4112e-05 -2.52999e-06
 1.94219e-05 -5.41362e-05 -2.52541e-06
 1.94553e-05 -5.41158e-05 -2.52082e-06
 1.94158e-05 -5.41086e-05 -2.51633e-06
 1.93819e-05 -5.41341e-05 -2.51183e-06
 1.94299e-05  -5.4144e-05 -2.50722e-06
 1.94176e-05 -5.40989e-05 -2.50269e-06
 1.94657e-05 -5.41204e-05 -2.49808e-06
 1.94737e-05 -5.41108e-05 -2.49352e-06
 1.93765e-05 -5.41303e-05  -2.4891e-06
 1.94226e-05 -5.41125e-05 -2.48449e-06
 1.94653e-05 -5.41278e-05 -2.47988e-06
 1.94128e-05 -5.41126e-05 -2.47539e-06
 1.94161e-05 -5.41278e-05 -2.47083e-06
 1.94455e-05 -5.41433e-05 -2.46624e-06
 1.94116e-05 -5.40887e-05 -2.46173e-06
  1.9459e-05 -5.41315e-05 -2.45711e-06
 1.94018e-05  -5.4139e-05 -2.45262e-06
   1.938e-05  -5.4115e-05 -2.44809e-06
 1.94355e-05  -5.4104e-05 -2.44345e-06
 1.94614e-05 -5.41312e-05 -2.43886e-06
 1.93474e-05 -5.41191e-05 -2.43445e-06
 1.93917e-05 -5.41124e-05 -2.42982e-06
 1.94267e-05 -5.41333e-05 -2.42521e-06
  1.9485e-05 -5.41348e-05 -2.42056e-06
 1.93684e-05 -5.41225e-05 -2.41615e-06
 1.94342e-05 -5.41289e-05 -2.41149e-06
 1.94878e-05 -5.41362e-05 -2.40685e-06
 1.94502e-05 -5.41145e-05 -2.40233e-06
 1.94805e-05 -5.41192e-05 -2.39771e-06
 1.94496e-05 -5.41435e-05 -2.39318e-06
 1.93813e-05 -5.41365e-05  -2.3887e-06
 1.94787e-05 -5.41154e-05 -2.38399e-06
 1.95239e-05 -5.41197e-05 -2.37935e-06
 1.93848e-05 -5.41135e-05 -2.37496e-06
 1.94172e-05  -5.4111e-05 -2.37034e-06
 1.94541e-05 -5.41197e-05 -2.36571e-06
 1.94034e-05 -5.40964e-05 -2.36119e-06
 1.94002e-05 -5.41179e-05 -2.35661e-06
 1.94541e-05 -5.41287e-05 -2.35196e-06
 1.94313e-05 -5.41088e-05  -2.3474e-06
  1.9458e-05 -5.40915e-05 -2.34278e-06
 1.94185e-05 -5.41492e-05 -2.33824e-06
 1.93613e-05 -5.41151e-05 -2.33373e-06
 1.94328e-05 -5.41322e-05 -2.32904e-06
 1.94865e-05 -5.41234e-05 -2.32438e-06
 1.94013e-05 -5.41287e-05  -2.3199e-06
 1.94186e-05 -5.41309e-05 -2.31528e-06
 1.94546e-05 -5.41436e-05 -2.31064e-06
 1.93939e-05 -5.40883e-05 -2.30613e-06
 1.94484e-05  -5.4107e-05 -2.30146e-06
 1.94043e-05  -5.4153e-05 -2.29692e-06
  1.9403e-05  -5.4116e-05 -2.29232e-06
 1.94475e-05  -5.4103e-05 -2.28766e-06
   1.949e-05 -5.40969e-05   -2.283e-06
  1.9375e-05 -5.41183e-05 -2.27855e-06
 1.94203e-05 -5.41224e-05 -2.27389e-06
 1.94674e-05 -5.41292e-05 -2.26922e-06
 1.94086e-05 -5.40994e-05 -2.26469e-06
  1.9411e-05  -5.4151e-05 -2.26008e-06
  1.9473e-05 -5.41142e-05 -2.25538e-06
 1.94093e-05 -5.41042e-05 -2.25086e-06
 1.94378e-05 -5.40989e-05 -2.24621e-06
  1.9406e-05 -5.41419e-05 -2.24164e-06
 1.93516e-05 -5.41103e-05 -2.23711e-06
 1.93884e-05 -5.41417e-05 -2.23244e-06
 1.94877e-05 -5.41291e-05 -2.22769e-06
 1.93849e-05 -5.41257e-05 -2.22321e-06
  1.9408e-05 -5.41247e-05 -2.21856e-06
 1.94598e-05 -5.41233e-05 -2.21387e-06
  1.9506e-05 -5.41255e-05 -2.20919e-06
 1.94376e-05 -5.41125e-05 -2.20466e-06
 1.94346e-05 -5.41356e-05 -2.20004e-06
 1.94901e-05 -5.41379e-05 -2.19534e-06
 1.94087e-05 -5.41313e-05 -2.19083e-06
 1.94558e-05 -5.41119e-05 -2.18614e-06
 1.94163e-05 -5.41701e-05 -2.18157e-06
 1.93798e-05 -5.41118e-05 -2.17699e-06
 1.94009e-05 -5.41361e-05 -2.17233e-06
  1.9475e-05 -5.41262e-05  -2.1676e-06
 1.93908e-05 -5.41432e-05 -2.16308e-06
 1.94296e-05 -5.41263e-05 -2.15839e-06
 1.94676e-05 -5.41228e-05 -2.15371e-06
 1.94132e-05 -5.40938e-05 -2.14915e-06
 1.93951e-05 -5.41335e-05 -2.14454e-06
 1.94357e-05 -5.41641e-05 -2.13984e-06
 1.94141e-05 -5.41155e-05 -2.13523e-06
 1.94975e-05 -5.41059e-05 -2.13048e-06
 1.94143e-05 -5.41269e-05 -2.12595e-06
 1.93841e-05 -5.41114e-05 -2.12135e-06
 1.94079e-05 -5.41127e-05 -2.11667e-06
 1.94655e-05  -5.4156e-05 -2.11195e-06
 1.94381e-05 -5.41208e-05 -2.10734e-06
 1.93893e-05 -5.41463e-05 -2.10277e-06
 1.94569e-05 -5.41505e-05 -2.09802e-06
  1.9423e-05 -5.41033e-05 -2.09342e-06
  1.9448e-05 -5.41178e-05 -2.08874e-06
 1.94327e-05 -5.41404e-05 -2.08411e-06
 1.93671e-05 -5.41307e-05 -2.07954e-06
 1.94506e-05 -5.41234e-05 -2.07477e-06
 1.95061e-05 -5.41547e-05 -2.07004e-06
 1.93783e-05  -5.4141e-05 -2.06557e-06
 1.93947e-05 -5.41393e-05 -2.06089e-06
 1.94399e-05 -5.41222e-05 -2.05616e-06
 1.93874e-05 -5.41178e-05 -2.05158e-06
 1.93789e-05 -5.41732e-05 -2.04693e-06
 1.94316e-05 -5.41393e-05 -2.04219e-06
 1.94116e-05  -5.4131e-05 -2.03756e-06
 1.94653e-05 -5.41197e-05 -2.03282e-06
 1.94081e-05 -5.41488e-05 -2.02823e-06
1.93828e-05 -5.4129e-05 -2.0236e-06
 1.94243e-05 -5.41259e-05 -2.01888e-06
 1.94779e-05 -5.41328e-05 -2.01413e-06
 1.94543e-05 -5.41034e-05  -2.0095e-06
 1.94101e-05 -5.41425e-05 -2.00489e-06
 1.94192e-05 -5.41206e-05  -2.0002e-06
 1.94826e-05 -5.41371e-05 -2.94912e-06
 1.94477e-05 -5.41064e-05 -2.94449e-06
 1.93883e-05 -5.41346e-05 -1.98622e-06
 1.94692e-05 -5.41526e-05 -1.98144e-06
 1.94241e-05 -5.41643e-05 -1.97682e-06
 1.94753e-05 -5.41268e-05 -2.92574e-06
 1.94405e-05 -5.41591e-05 -2.92111e-06
 1.94196e-05 -5.41295e-05 -2.91646e-06
 1.94558e-05 -5.41569e-05 -2.91173e-06
  1.9528e-05 -5.41476e-05 -2.90694e-06
 1.94024e-05 -5.41534e-05 -1.94876e-06
 1.94254e-05 -5.41646e-05 -1.94404e-06
 1.94729e-05 -5.41727e-05 -2.89296e-06
 1.94243e-05 -5.41291e-05 -2.88834e-06
 1.93695e-05 -5.41471e-05 -1.93006e-06
 1.94282e-05 -5.41514e-05 -2.87896e-06
 1.94082e-05 -5.41401e-05 -2.87429e-06
 1.94451e-05 -5.41451e-05 -2.86955e-06
 1.9484e-05 -5.4128e-05 -2.8648e-06
 1.93905e-05 -5.41452e-05 -2.86024e-06
 1.94019e-05 -5.41431e-05 -1.90185e-06
 1.94606e-05 -5.41545e-05 -2.85075e-06
 1.94157e-05 -5.41124e-05 -2.84611e-06
  1.9447e-05 -5.41768e-05 -2.84137e-06
 1.94596e-05 -5.41513e-05 -2.83665e-06
 1.94248e-05 -5.41316e-05 -2.83199e-06
 1.94887e-05 -5.41223e-05  -2.8272e-06
 1.94187e-05 -5.41584e-05  -2.8226e-06
 1.93885e-05 -5.41481e-05 -2.81793e-06
 1.94402e-05 -5.41407e-05 -2.81315e-06
 1.94967e-05  -5.4167e-05 -2.80837e-06
 1.93538e-05 -5.41343e-05 -2.80386e-06
 1.94142e-05 -5.41644e-05 -2.79906e-06
 1.94333e-05  -5.4148e-05 -2.79433e-06
 1.94143e-05 -5.41359e-05 -2.78964e-06
 1.93646e-05 -5.41459e-05   -2.785e-06
 1.94387e-05 -5.41516e-05 -2.78018e-06
 1.94134e-05 -5.41215e-05  -2.7755e-06
 1.94512e-05 -5.41478e-05 -2.77073e-06
 1.94927e-05 -5.41367e-05 -2.76595e-06
 1.93387e-05 -5.41452e-05 -2.76145e-06
 1.94065e-05 -5.41205e-05 -2.75663e-06
 1.94574e-05 -5.41509e-05 -2.75184e-06
 1.94253e-05 -5.41222e-05 -2.74716e-06
 1.94026e-05 -5.41469e-05 -2.74247e-06
 1.94283e-05 -5.41722e-05 -2.73771e-06
 1.94952e-05  -5.4155e-05 -2.73289e-06
 1.94315e-05 -5.41621e-05 -2.72825e-06
 1.94022e-05 -5.41588e-05 -2.72356e-06
 1.94819e-05 -5.41685e-05 -2.71872e-06
 1.94368e-05 -5.41322e-05 -2.71405e-06
 1.94776e-05 -5.41447e-05 -2.70927e-06
 1.94456e-05  -5.4182e-05 -2.70458e-06
 1.94042e-05 -5.41573e-05  -2.6999e-06
 1.94392e-05  -5.4118e-05 -2.69512e-06
 1.94503e-05  -5.4151e-05 -2.69037e-06
 1.93754e-05 -5.41381e-05 -2.68573e-06
 1.94039e-05 -5.41482e-05 -2.68095e-06
 1.94566e-05 -5.41558e-05 -2.67614e-06
  1.9418e-05 -5.41427e-05 -2.67145e-06
 1.94542e-05 -5.41387e-05 -2.66666e-06
 1.94314e-05 -5.41599e-05 -2.66195e-06
 1.93845e-05 -5.41632e-05 -2.65727e-06
 1.94772e-05 -5.41459e-05 -2.65239e-06
 1.95271e-05 -5.41779e-05 -2.64758e-06
 1.93994e-05 -5.41531e-05 -2.64301e-06
 1.94344e-05 -5.41783e-05 -2.63821e-06
 1.94862e-05 -5.41688e-05 -2.63339e-06
 1.94197e-05 -5.41304e-05 -2.62873e-06
   1.941e-05 -5.41539e-05 -2.62399e-06
 1.94228e-05 -5.41756e-05 -2.61922e-06
 1.94029e-05 -5.41384e-05 -2.61449e-06
 1.94472e-05 -5.41622e-05 -2.60967e-06
 1.94124e-05 -5.41603e-05 -2.60497e-06
  1.9374e-05 -5.41421e-05 -2.60026e-06
 1.94081e-05  -5.4161e-05 -2.59546e-06
 1.94887e-05 -5.41429e-05 -2.59058e-06
 1.93887e-05 -5.41516e-05 -2.58596e-06
 1.94256e-05 -5.41603e-05 -2.58114e-06
 1.94375e-05 -5.41637e-05 -2.57636e-06
  1.9426e-05 -5.41453e-05 -2.57161e-06
 1.94451e-05 -5.41393e-05 -2.56682e-06
 1.94438e-05 -5.41382e-05 -2.56205e-06
 1.94099e-05 -5.41564e-05 -2.55733e-06
 1.94461e-05 -5.41588e-05 -2.55251e-06
 1.94718e-05 -5.41558e-05 -2.54771e-06
 1.93568e-05 -5.41542e-05  -2.5431e-06
 1.94002e-05  -5.4168e-05 -2.53826e-06
 1.94492e-05  -5.4167e-05 -2.53342e-06
 1.94248e-05 -5.41239e-05 -2.52868e-06
 1.93956e-05 -5.41547e-05 -2.52394e-06
 1.94585e-05 -5.41553e-05 -2.51908e-06
  1.9487e-05 -5.41645e-05 -2.51426e-06
 1.94412e-05 -5.41507e-05 -2.50954e-06
  1.9385e-05 -5.41614e-05 -2.50484e-06
   1.942e-05 -5.41698e-05 -2.50001e-06
 1.94112e-05 -5.41499e-05 -2.49524e-06
 1.94676e-05 -5.41401e-05 -2.49037e-06
 1.94237e-05 -5.42077e-05 -2.48565e-06
 1.94149e-05 -5.41592e-05 -2.48087e-06
 1.94295e-05 -5.41848e-05 -2.47606e-06
 1.94663e-05 -5.41888e-05 -2.47122e-06
 1.94613e-05 -5.41605e-05 -2.46644e-06
 1.94332e-05 -5.41704e-05 -2.46169e-06
 1.94794e-05  -5.4166e-05 -2.45683e-06
 1.94259e-05 -5.41514e-05 -2.45211e-06
 1.94684e-05 -5.41524e-05 -2.44725e-06
 1.94205e-05 -5.41793e-05 -2.44253e-06
 1.93588e-05 -5.41563e-05 -2.43782e-06
 1.94181e-05 -5.41473e-05 -2.43294e-06
 1.94596e-05 -5.41631e-05 -2.42808e-06
 1.93735e-05 -5.41524e-05  -2.4234e-06
 1.94116e-05 -5.41703e-05 -2.41854e-06
 1.94568e-05 -5.41671e-05 -2.41367e-06
 1.94136e-05   -5.414e-05 -2.40893e-06
 1.93694e-05 -5.41639e-05 -2.40419e-06
 1.94715e-05  -5.4173e-05 -2.39924e-06
  1.9449e-05 -5.41509e-05 -2.39446e-06
 1.94812e-05 -5.41604e-05 -2.38961e-06
 1.94259e-05 -5.41983e-05 -2.38488e-06
 1.93566e-05 -5.41547e-05 -2.38016e-06
 1.94372e-05 -5.41565e-05 -2.37523e-06
 1.94641e-05 -5.41465e-05 -2.37038e-06
  1.9432e-05 -5.41327e-05 -2.36561e-06
 1.93934e-05 -5.41662e-05 -2.36085e-06
 1.94378e-05 -5.41904e-05 -2.35597e-06
 1.94087e-05 -5.41498e-05  -2.3512e-06
 1.94493e-05 -5.41597e-05 -2.34632e-06
 1.94164e-05 -5.41729e-05 -2.34155e-06
 1.93908e-05 -5.41658e-05 -2.33676e-06
 1.94175e-05 -5.41508e-05  -2.3319e-06
 1.94909e-05  -5.4159e-05 -2.32697e-06
 1.93852e-05 -5.41655e-05  -2.3223e-06
 1.94007e-05 -5.41576e-05 -2.31745e-06
 1.94413e-05  -5.4163e-05 -2.31256e-06
 1.93962e-05 -5.41479e-05  -2.3078e-06
 1.93737e-05 -5.41708e-05   -2.303e-06
 1.94245e-05 -5.41911e-05  -2.2981e-06
 1.94744e-05 -5.41816e-05  -2.2932e-06
 1.94238e-05 -5.41456e-05 -2.28844e-06
 1.94085e-05 -5.41823e-05 -2.28362e-06
   1.944e-05 -5.41639e-05 -2.27874e-06
 1.94349e-05 -5.41571e-05 -2.27391e-06
 1.94932e-05 -5.41534e-05 -2.26899e-06
 1.94975e-05  -5.4194e-05 -2.26415e-06
 1.94154e-05 -5.41622e-05 -2.25943e-06
 1.94634e-05 -5.41862e-05 -2.25452e-06
 1.94761e-05 -5.41695e-05 -2.24965e-06
 1.94375e-05 -5.41483e-05 -2.24487e-06
1.93831e-05 -5.4178e-05 -2.2401e-06
 1.94426e-05 -5.41913e-05 -2.23517e-06
 1.94198e-05 -5.41503e-05 -2.23036e-06
 1.94707e-05 -5.41563e-05 -2.22543e-06
 1.94107e-05 -5.41831e-05 -2.22067e-06
 1.93665e-05 -5.41609e-05 -2.21588e-06
 1.94558e-05 -5.41681e-05 -2.21091e-06
 1.94777e-05 -5.41674e-05 -2.20602e-06
 1.93842e-05 -5.41938e-05  -2.2013e-06
 1.94127e-05 -5.41706e-05 -2.19641e-06
 1.94645e-05 -5.41768e-05 -2.19147e-06
 1.94336e-05 -5.41443e-05 -2.18666e-06
 1.93941e-05 -5.41883e-05 -2.18186e-06
 1.94654e-05 -5.41747e-05  -2.1769e-06
 1.93831e-05 -5.41524e-05 -2.17216e-06
 1.94267e-05 -5.41453e-05 -2.16723e-06
 1.94515e-05 -5.41612e-05 -2.16233e-06
 1.93598e-05 -5.41545e-05  -2.1576e-06
 1.94218e-05  -5.4164e-05 -2.15265e-06
  1.9454e-05 -5.41733e-05 -2.14773e-06
  1.9425e-05 -5.41385e-05 -2.14291e-06
 1.93985e-05 -5.41768e-05 -2.13808e-06
  1.9468e-05 -5.41766e-05 -2.13311e-06
 1.94071e-05 -5.41814e-05 -2.12832e-06
 1.94477e-05 -5.41593e-05 -2.12339e-06
-0.000553865 -3.56752e-05  0.000540645
-0.000535173 -3.47752e-05   0.00053114
-0.000517911 -3.46924e-05  0.000520679
-0.000498985 -3.42916e-05  0.000509267
-0.000482151 -3.42099e-05   0.00050262
-0.000465249 -3.39886e-05  0.000492159
-0.000449249 -3.38048e-05   0.00048265
-0.000434848 -3.37748e-05  0.000474093
-0.000420576 -3.32808e-05  0.000466489
-0.000408225 -3.38373e-05  0.000461743
-0.000395517 -3.38447e-05  0.000454137
-0.000384987 -3.33612e-05  0.000449388
-0.000373098 -3.35732e-05  0.000442735
-0.000363281 -3.37589e-05  0.000437031
-0.000353821 -3.33308e-05  0.000433235
-0.000345717 -3.41129e-05  0.000431344
-0.000336379 -3.44564e-05  0.000426594
-0.000328838 -3.47383e-05  0.000422795
-0.000321899 -3.44201e-05  0.000420902
-0.000315304 -3.48504e-05  0.000418056
 -0.00030844 -3.50683e-05  0.000415209
-0.000303313 -3.56325e-05  0.000416175
-0.000297484 -3.59058e-05  0.000413327
-0.000292662 -3.65489e-05  0.000412385
-0.000287518 -3.69986e-05   0.00041049
-0.000283459 -3.71524e-05    0.0004105
-0.000279124 -3.74284e-05  0.000409557
-0.000275634 -3.80765e-05  0.000409567
-0.000271851  -3.8453e-05  0.000409577
-0.000269561 -3.92187e-05  0.000412446
-0.000266455 -3.96051e-05  0.000412455
-0.000264022 -4.02679e-05  0.000413417
-0.000262159 -4.09053e-05  0.000414378
-0.000260252 -4.07464e-05  0.000417246
-0.000258063 -4.16611e-05  0.000418207
-0.000255928 -4.20728e-05  0.000419169
-0.000254668 -4.28394e-05  0.000421082
-0.000253423 -4.28594e-05   0.00042395
-0.000252102 -4.37333e-05  0.000425864
-0.000250713 -4.42786e-05  0.000427777
-0.000250103 -4.50844e-05  0.000430644
-0.000250276 -4.55627e-05   0.00043637
-0.000249525  -4.6537e-05  0.000439237
-0.000249295 -4.73467e-05  0.000442102
-0.000248437 -4.79505e-05  0.000444969
-0.000249085 -4.81852e-05  0.000450695
-0.000248623 -4.88166e-05  0.000453561
-0.000248239 -4.98616e-05  0.000456427
 -0.00024851 -5.06615e-05  0.000460245
-0.000248288 -5.13752e-05  0.000464065
-0.000249404 -5.16502e-05   0.00046979
-0.000249239 -5.24619e-05  0.000473609
-0.000249275 -5.35111e-05  0.000477428
-0.000249743 -5.45391e-05    0.0004822
-0.00024978 -5.5187e-05 0.000486019
-0.000251233 -5.55307e-05  0.000492697
-0.000251203 -5.62573e-05  0.000496516
-0.000251475 -5.73454e-05  0.000501288
-0.000251998 -5.83557e-05  0.000505106
-0.000252319 -5.91263e-05  0.000509879
-0.000253825 -5.95435e-05  0.000516556
-0.000254573 -6.05054e-05  0.000522282
-0.000254195 -6.14227e-05  0.000526101
-0.000255058 -6.23739e-05  0.000531826
-0.000255836 -6.33464e-05  0.000537551
 -0.00025597 -6.41785e-05  0.000542324
-0.000257069 -6.41021e-05  0.000548048
-0.000257243 -6.52514e-05  0.000552821
-0.000257397 -6.62423e-05  0.000558547
-0.000258157 -6.71803e-05  0.000564272
-0.000258947 -6.82092e-05  0.000569997
-0.000259288 -6.90894e-05  0.000574769
-0.000259911 -6.96966e-05  0.000582402
-0.000260678 -7.07316e-05   0.00058908
-0.000260635 -7.17265e-05  0.000593853
-0.000261173 -7.27377e-05  0.000600532
-0.000261801  -7.3752e-05  0.000606257
-0.000261826 -7.44066e-05  0.000610076
-0.000261163 -7.55902e-05  0.000615803
-0.000261623 -7.66647e-05  0.000621528
-0.000262719 -7.71761e-05  0.000630114
 -0.00026312 -7.83021e-05  0.000636793
 -0.00026274 -7.92047e-05  0.000642519
-0.000263098 -8.03699e-05  0.000649199
-0.000262283 -8.11299e-05  0.000653019
-0.000262354 -8.23185e-05  0.000659698
-0.000261954 -8.34754e-05  0.000665425
-0.000262102 -8.46317e-05  0.000672104
-0.000262383 -8.57898e-05  0.000678783
-0.000262888 -8.64016e-05   0.00068737
-0.000262317 -8.69646e-05  0.000692143
-0.000261366 -8.83257e-05   0.00069787
-0.000260713  -8.9352e-05  0.000704551
-0.000260318 -9.08713e-05  0.000711231
-0.000259562 -9.14896e-05  0.000716004
-0.000259317 -9.26715e-05  0.000722684
-0.000258947 -9.39352e-05  0.000730318
-0.000258422 -9.50991e-05  0.000736998
-0.000256813 -9.62841e-05  0.000741772
-0.000348932  6.86191e-05  0.000699681
-0.000330147  5.93531e-05  0.000708295
-0.000310936  5.07109e-05  0.000716911
-0.000288433  4.12868e-05  0.000716947
-0.000266347  3.18196e-05  0.000719845
-0.000244197  2.27521e-05  0.000721788
-0.000221797  1.46751e-05  0.000722779
-0.000199961  6.46135e-06  0.000725676
-0.000177486 -1.56157e-06  0.000728574
-0.000155039 -8.34071e-06  0.000729564
 -0.00013318 -1.62742e-05  0.000731507
-0.000111583 -2.26259e-05   0.00073345
-9.05767e-05 -2.91046e-05  0.000736346
 -6.9691e-05 -3.53356e-05  0.000740195
-4.83501e-05 -4.12522e-05  0.000741184
  -2.783e-05 -4.68603e-05  0.000745033
-7.28191e-06 -5.17493e-05  0.000746974
 1.36345e-05 -5.72981e-05  0.000748916
 3.37838e-05 -6.17791e-05   0.00075181
 5.32801e-05 -6.65197e-05  0.000755657
 7.31095e-05 -7.11957e-05  0.000756644
 9.23036e-05 -7.54821e-05  0.000761444
0.000111797 -7.9725e-05  0.00076243
 0.000130758 -8.31677e-05  0.000765323
 0.000149545 -8.75546e-05  0.000767262
 0.000167805 -9.06598e-05  0.000771107
 0.000186796 -9.45558e-05  0.000773046
 0.000204576 -9.75653e-05  0.000775937
 0.000222714 -0.000100767  0.000776921
 0.000240119 -0.000104488  0.000779811
 0.000257451 -0.000106968  0.000783655
 0.000274942 -0.000109839  0.000784638
8.84408e-05 8.63217e-05 0.000578373
0.000114542 7.71004e-05 0.000589859
0.000140972 6.84976e-05 0.000601346
0.000169046 5.90776e-05 0.000615696
0.000196768 5.04727e-05 0.000626231
0.000224804 4.19748e-05 0.000634859
0.000252206 3.44933e-05 0.000645393
0.000279504 2.64545e-05 0.000654974
0.000307353 1.95118e-05 0.000661694
0.000334314  1.2804e-05 0.000668413
 0.00036078 6.22522e-06 0.000675132
0.000386514 2.44051e-07  0.00068471
 0.000412499 -5.45814e-06   0.00068952
 0.000438213 -1.08299e-05   0.00069433
 0.000462698 -1.59506e-05  0.000700092
 0.000487311 -2.11965e-05  0.000705854
 0.000511948 -2.58392e-05  0.000709708
 0.000535944 -2.95338e-05  0.000714516
 0.000559585 -3.37925e-05  0.000717415
 0.000582814 -3.76344e-05  0.000720314
 0.000605761 -4.17375e-05  0.000724166
 0.000628396 -4.51132e-05  0.000727064
  0.00065018 -4.83754e-05  0.000729007
 0.000672203 -5.14054e-05   0.00073095
 0.000693997 -5.43776e-05  0.000732893
 0.000715934 -5.69606e-05  0.000733883
 0.000736934 -5.94964e-05  0.000734871
0.000757338 -6.2373e-05 0.000737766
 0.000776917 -6.46254e-05  0.000739705
 0.000796853 -6.67648e-05  0.000740692
 0.000816536 -6.87982e-05  0.000741678
 0.000835907 -7.07288e-05   0.00074171
 0.000854983 -7.24879e-05  0.000742695
 0.000873109 -7.40033e-05  0.000743679
0.000891591 -7.5633e-05  0.00074371
 0.000909641 -7.71407e-05   0.00074374
 0.000927824 -7.91599e-05  0.000742816
 0.000944852 -8.03586e-05  0.000743798
 0.000962159 -8.14805e-05  0.000743827
0.000750837 0.000154683 0.000457416
0.000772863 0.000144429 0.000471757
0.000794313  0.00013508  0.00048705
0.000818791 0.000125346 0.000502348
0.000842643 0.000115532 0.000516692
0.000866663 0.000106878 0.000530082
0.000889608 9.89678e-05 0.000542517
0.000912982 9.13764e-05 0.000553999
0.000935778 8.42017e-05 0.000564526
  0.0009585 7.75817e-05   0.0005741
0.000980753 7.07551e-05 0.000581766
 0.00100287 6.47178e-05 0.000590385
 0.00102455 5.91968e-05 0.000597096
  0.0010459 5.38057e-05 0.000603806
 0.00106652 4.90849e-05 0.000610516
 0.00108741 4.39588e-05 0.000614364
 0.00110797 3.95392e-05 0.000619166
 0.00112795 3.55128e-05 0.000623014
 0.00114715 3.18252e-05 0.000627814
 0.00116654 2.83246e-05 0.000630707
 0.00118579 2.43522e-05 0.000632646
 0.00120451 2.11654e-05 0.000634584
 0.00122238 1.84972e-05 0.000637474
 0.00124059 1.58093e-05 0.000639412
 0.00125826 1.33209e-05 0.000641348
 0.00127593 1.02945e-05 0.000640424
 0.00129261 8.29019e-06 0.000642359
 0.00130969 6.83383e-06 0.000641434
 0.00132627 5.06716e-06 0.000642415
 0.00134227 2.92244e-06 0.000641488
  0.0013582 1.33699e-06 0.000642469
  0.00137401 -1.84516e-07  0.000642495
  0.00138949 -2.15348e-06  0.000640614
  0.00140414 -3.20865e-06  0.000641592
  0.00141903 -4.40085e-06  0.000641617
  0.00143365 -5.30942e-06  0.000641642
  0.00144766 -6.62954e-06  0.000639758
  0.00146166 -7.47861e-06  0.000639782
  0.00147565 -7.72904e-06  0.000636944
    0.001489 -8.67442e-06  0.000636013
  0.00150237 -9.37783e-06  0.000635082
  0.00151549 -9.77765e-06  0.000635105
  0.00152807 -1.08489e-05  0.000633219
  0.00154076 -1.11736e-05  0.000632287
  0.00155365 -1.14544e-05  0.000628494
  0.00156535 -1.15852e-05  0.000628514
  0.00157698 -1.19594e-05  0.000628535
  0.00158902 -1.26681e-05  0.000626648
  0.00160014 -1.27238e-05  0.000626667
  0.00161194 -1.28046e-05  0.000622873
  0.00162328 -1.28281e-05  0.000622892
  0.00163389 -1.27098e-05  0.000622911
 0.00143318 0.000198008 0.000271662
 0.00144719 0.000189746 0.000287898
 0.00146063 0.000180982 0.000304133
 0.00147702 0.000172946 0.000324188
 0.00149239 0.000164772 0.000342333
 0.00150853 0.000158225 0.000358572
 0.00152477 0.000151001 0.000372904
 0.00153991 0.000144913 0.000388188
  0.0015554 0.000139052 0.000401565
  0.0015707 0.000132929 0.000413034
 0.00158555 0.000128549  0.00042355
 0.00160044  0.00012305 0.000432157
 0.00161511   0.0001185 0.000442672
 0.00162898 0.000114517 0.000452232
 0.00164316 0.000109958 0.000458932
 0.00165703  0.00010673 0.000464677
 0.00167016 0.000103536 0.000472328
 0.00168367 9.97319e-05  0.00047712
 0.00169691 9.66287e-05 0.000482864
 0.00170885 9.32753e-05 0.000487653
 0.00172153 9.06246e-05 0.000492442
 0.00173414 8.88173e-05 0.000495325
 0.00174586  8.6128e-05 0.000498206
 0.00175796 8.40477e-05 0.000502041
 0.00176962 8.21334e-05 0.000504922
 0.00178059  7.9952e-05 0.000506848
 0.00179198 7.88807e-05 0.000507821
 0.00180312 7.67565e-05 0.000508794
 0.00181347  7.5558e-05 0.000511673
  0.0018239  7.4301e-05 0.000513598
 0.00183443 7.25013e-05 0.000513616
 0.00184398 7.17309e-05  0.00051554
 0.00185407  7.0757e-05 0.000512696
 0.00186379 6.98629e-05 0.000514621
 0.00187284 6.93733e-05  0.00051559
 0.00188215 6.80436e-05 0.000515606
 0.00189076 6.72365e-05 0.000516575
 0.00189932 6.68178e-05 0.000514683
 0.00190815 6.64455e-05 0.000514698
 0.00191651 6.60621e-05 0.000515667
 0.00192453 6.53789e-05 0.000514727
 0.00193273  6.5512e-05 0.000513788
  0.0019409 6.47699e-05 0.000512849
 0.00194803 6.48562e-05 0.000513816
 0.00195584  6.4089e-05 0.000511922
 0.00196343 6.45163e-05 0.000510982
 0.00197006 6.47313e-05 0.000511948
 0.00197729 6.41389e-05 0.000511007
  0.0019837 6.44359e-05 0.000511972
 0.00199027 6.42772e-05 0.000509123
 0.00199701 6.44067e-05 0.000509136
 0.00200306 6.41234e-05 0.000509147
 0.00200948   6.485e-05 0.000507251
 0.00201545 6.46098e-05 0.000507262
 0.00202155 6.48465e-05 0.000507273
 0.00202762 6.45875e-05 0.000506331
 0.00203293 6.55971e-05 0.000505387
 0.00203897 6.51508e-05 0.000504444
 0.00204347 6.55041e-05 0.000506361
 0.00204918 6.59011e-05  0.00050351
 0.00205454  6.6145e-05 0.000504474
 0.00205936 6.66853e-05 0.000502576
  0.0020647 6.65452e-05 0.000501632
  0.0020691 6.71101e-05 0.000503548
 0.00207415 6.74367e-05 0.000500696
 0.00207803 6.78304e-05 0.000502611
 0.00208274 6.75821e-05  0.00050262
 0.00189082 0.000216137 0.000112281
 0.00189738 0.000209514  0.00013232
 0.00190467 0.000203747 0.000149499
 0.00191386 0.000198571  0.00017431
 0.00192359 0.000193281 0.000194353
 0.00193201 0.000188401 0.000216302
 0.00194124 0.000183351 0.000234438
 0.00195041 0.000179559 0.000251619
  0.0019589 0.000175194 0.000266893
 0.00196735 0.000171449  0.00028312
 0.00197552 0.000168004 0.000294578
 0.00198392 0.000164749 0.000308897
 0.00199213 0.000161021 0.000320356
   0.001999  0.00015863 0.000330858
 0.00200677 0.000155276 0.000340408
 0.00201383  0.00015296 0.000350911
 0.00202121 0.000149879 0.000359507
 0.00202834 0.000148217 0.000366195
 0.00203473 0.000145767 0.000372882
 0.00204149 0.000143706 0.000380523
 0.00204801 0.000141338 0.000386257
 0.00205391 0.000140463 0.000391036
 0.00206003 0.000138193 0.000395815
 0.00206596  0.00013665 0.000400594
 0.00207057 0.000135397 0.000407278
 0.00207597 0.000134139 0.000408241
 0.00208134 0.000132951  0.00041302
 0.00208596 0.000131323 0.000414935
 0.00209089 0.000130861 0.000417805
 0.00209521 0.000129532 0.000419721
 0.00209984 0.000128632  0.00042259
 0.00210411  0.00012788 0.000425459
 0.00210778 0.000127254 0.000425466
 0.00211194 0.000126642 0.000428335
 0.00211583 0.000125368 0.000428343
 0.00211886 0.000124947  0.00043121
 0.00212205 0.000124235 0.000430262
 0.00212551 0.000123733 0.000432176
 0.00212811 0.000123577 0.000434089
 0.00213104 0.000122619 0.000434095
 0.00213404 0.000122742 0.000434101
 0.00213629 0.000122099 0.000434106
 0.00213882 0.000121835 0.000435064
 0.00214076 0.000121688 0.000434115
 0.00214313 0.000121467 0.000435074
 0.00214531 0.000120632 0.000434125
 0.00214691 0.000120555 0.000436036
 0.00214806 0.000120882 0.000436039
 0.00214991 0.000120136 0.000435089
 0.00215111 0.000120245    0.000437
 0.00215275 0.000120118 0.000434142
 0.00215411 0.000120101 0.000435099
 0.00215487 0.000119614 0.000435102
  0.0021561 0.000120098 0.000434151
 0.00215657 0.000119684 0.000434153
 0.00215749 0.000119656 0.000435109
 0.00215786 0.000119379 0.000433204
 0.00215806 0.000119684 0.000434159
 0.00215861 0.000119033 0.000434161
 0.00215858 0.000119798 0.000433208
 0.00215903 0.000119281  0.00043321
 0.00215946 0.000119954 0.000432258
 0.00215919 0.000119488 0.000432259
 0.00215882  0.00011945 0.000434167
  0.0021584 0.000119599  0.00043226
 0.00215839 0.000119083 0.000431307
 0.00215818 0.000119089 0.000433216
 0.00215744 0.000119398 0.000431308
 0.00215723 0.000119325 0.000432263
 0.00215638  0.00011961 0.000431309
 0.00215535 0.000119472 0.000433215
 0.00215429  0.00011981 0.000431308
 0.00215366 0.000119868 0.000432261
 0.00215308 0.000119327 0.000432261
 0.00215185 0.000119451 0.000431307
 0.00215096 0.000119613  0.00043226
 0.00214963 0.000119899 0.000431305
 0.00214818 0.000119702 0.000433211
 0.00214656 0.000119912 0.000432256
 0.00214553 0.000119431 0.000432256
 0.00214391 0.000120224 0.000432254
 0.00214274 0.000119617 0.000432253
 0.00214082 0.000120062 0.000433205
 0.00213903 0.000119727 0.000434157
 0.00213774 0.000119689 0.000432248
 0.00213575 0.000119984 0.000434153
 0.00213401 0.000119972 0.000433198
 0.00213209 0.000119626 0.000434149
 0.00212993  0.00012007 0.000435101
 0.00212784  0.00011962 0.000435098
  0.0021261 0.000119522 0.000434143
 0.00212382 0.000119857 0.000437001
 0.00194804 0.000186058 4.72043e-06
 0.00194732 0.000182314 2.85619e-05
 0.00194746  0.00017993 4.95437e-05
 0.00194989 0.000176835 7.62509e-05
 0.00195255 0.000174211 9.91439e-05
 0.00195409 0.000172402 0.000122035
  0.0019566 0.000169497  0.00014302
  0.0019583  0.00016679 0.000162097
 0.00196032 0.000165289 0.000180221
 0.00196168 0.000162883  0.00019739
 0.00196341 0.000161686 0.000212652
 0.00196449 0.000159056 0.000226959
 0.00196526 0.000158019 0.000240312
  0.0019665 0.000155771 0.000251759
 0.00196699 0.000155098 0.000263205
 0.00196791 0.000153036 0.000273697
 0.00196863  0.00015094 0.000283235
 0.00196864 0.000150364 0.000291819
 0.00196842  0.00014825 0.000300402
 0.00196806 0.000147202 0.000308986
 0.00196802 0.000146663 0.000315662
 0.00196783 0.000144889 0.000321384
 0.00196704 0.000144068 0.000329013
 0.00196647 0.000142948 0.000331874
  0.0019657 0.000141981 0.000337595
 0.00196431 0.000141198 0.000339501
 0.00196329 0.000140273 0.000345222
  0.0019611 0.000138793 0.000349034
 0.00195984 0.000138455  0.00035094
 0.00195844 0.000137063 0.000353799
 0.00195632 0.000136416 0.000357611
 0.00195451 0.000135615 0.000357609
 0.00195269 0.000134907 0.000360467
 0.00195005 0.000134322 0.000363325
  0.0019478 0.000133631 0.000363322
 0.00194512 0.000132734 0.000366179
 0.00194209 0.000131635 0.000367129
  0.0019395 0.000131534 0.000367125
 0.00193684 0.000130367 0.000367121
 0.00193356 0.000129848 0.000369024
 0.00193044 0.000129245 0.000367112
 0.00192694 0.000128891 0.000369015
 0.00192376 0.000127704  0.00036901
 0.00191998  0.00012738 0.000369005
  0.0019161 0.000127061 0.000369953
 0.00191258 0.000125952 0.000369948
 0.00190916 0.000126036 0.000368989
 0.00190146 0.000124243 0.000373746
 0.00189432  0.00012273 0.000379457
  0.0018872 0.000121391 0.000381353
 0.00187961 0.000120224 0.000387064
 0.00187195 0.000117905 0.000389913
 0.00186443 0.000117315 0.000392763
 0.00185755 0.000115297 0.000394659
 0.00185078 0.000114596 0.000396556
 0.00184347 0.000112791 0.000398453
 0.00183669 0.000111476 0.000401303
 0.00182992 0.000110029 0.000400339
 0.00182293 0.000108862  0.00040319
  0.0018159 0.000107875 0.000404133
 0.00180894 0.000106094 0.000404122
 0.00180255 0.000104709  0.00040602
 0.00179615 0.000103397 0.000403149
 0.00178948 0.000102206 0.000405046
  0.0017833 0.000100834 0.000402175
 0.00177717 9.94584e-05  0.00040312
 0.00177006 9.74983e-05 0.000402155
 0.00176402 9.61318e-05 0.000399285
 0.00175756 9.49684e-05 0.000400229
 0.00175167 9.35351e-05 0.000396405
  0.0017459 9.22013e-05 0.000396396
 0.00173956 9.10179e-05 0.000392572
 0.00173318 8.94537e-05 0.000392562
 0.00172686 8.77383e-05 0.000391599
 0.00172131 8.69351e-05 0.000388729
 0.00171581 8.48877e-05  0.00038586
 0.00170981 8.43248e-05 0.000383943
 0.00170431 8.23196e-05 0.000381074
 0.00169789 8.15975e-05  0.00038011
 0.00169265 7.96401e-05 0.000377241
 0.00168685 7.90276e-05 0.000374371
 0.00168163 7.69779e-05 0.000371502
 0.00167645 7.55612e-05 0.000366726
 0.00167081 7.44275e-05 0.000365764
 0.00166519 7.27921e-05  0.00036194
 0.00165975 7.15668e-05 0.000360978
 0.00165476 7.02503e-05 0.000356202
 0.00164937 6.84142e-05 0.000353333
 0.00164442 6.75355e-05 0.000349511
 0.00163914 6.53651e-05 0.000347596
 0.00163394 6.46905e-05 0.000344727
 0.00162921  6.2742e-05 0.000340905
 0.00162406 6.15317e-05 0.000337082
  0.0016195 6.00971e-05 0.000335168
 0.00161389 5.86248e-05 0.000331344
 0.00160943 5.72205e-05  0.00032943
 0.00160451 5.58704e-05 0.000325608
 0.00160021 5.44348e-05 0.000319879
 0.00159585 5.30822e-05 0.000318919
 0.00159051 5.15932e-05 0.000315096
 0.00158629 5.01712e-05 0.000313182
 0.00158154 4.88882e-05  0.00030936
  0.0015774  4.6889e-05 0.000305539
 0.00157229  4.5975e-05 0.000303624
 0.00156826 4.44979e-05  0.00029885
 0.00156382  4.2589e-05 0.000296935
  0.0015599 4.17549e-05 0.000294068
 0.00155552 3.99123e-05 0.000291201
 0.00155117 3.80615e-05 0.000287379
 0.00154685 3.74613e-05 0.000284512
 0.00154307  3.5341e-05 0.000281645
 0.00153889 3.39915e-05 0.000277824
  0.0015348 3.28988e-05  0.00027591
 0.00153077 3.09568e-05 0.000273043
 0.00152734 2.94201e-05 0.000269223
 0.00151986 2.85915e-05 0.000272072
 0.00151229 2.85555e-05 0.000275875
 0.00150474 2.83214e-05 0.000276817
 0.00149766  2.7352e-05 0.000279667
 0.00149005 2.77493e-05 0.000282516
 0.00148246 2.72208e-05 0.000284411
 0.00147491 2.62865e-05  0.00028726
 0.00146787 2.58768e-05 0.000287249
  0.0014603  2.6364e-05 0.000290098
 0.00145275 2.58106e-05 0.000291994
   0.001428 -1.4201e-05 0.000292908
  0.00134732 -0.000184766   0.00028992
  0.00118866 -0.000300015  0.000252483
  0.00123663 -0.000392713  0.000115224
  0.00165147 -0.000393407   0.00011967
  0.00205215 -0.000389857   0.00012791
  0.00244369 -0.000406631  0.000142811
  0.00282985 -0.000423648  0.000152935
  0.00321139 -0.000442296  0.000163052
  0.00358069 -0.000439977  0.000174105
  0.00393877 -0.000417088  0.000189909
  0.00429146 -0.000395984  0.000202844
  0.00464099 -0.000375443  0.000213867
  0.00498396 -0.000356594  0.000227741
  0.00532443 -0.000337571  0.000239703
  0.00565894 -0.000320411  0.000250703
  0.00543721 -0.000257307  -3.7644e-05
 0.00575222 -0.00026796 3.84315e-06
  0.00606342 -0.000277359  4.62782e-05
  0.00637011 -0.000281563  8.96601e-05
  0.00666368 -0.000268908  0.000135883
  0.00695365 -0.000256159   0.00017924
  0.00723938 -0.000244897  0.000220683
   0.0075226 -0.000233862  0.000258307
  0.00780175 -0.000223542  0.000297833
  0.00807735 -0.000213557  0.000332584
  0.00834854 -0.000204562  0.000368283
   0.0086174 -0.000196501  0.000400163
  0.00888191 -0.000187535  0.000431083
  0.00914365 -0.000180427  0.000460092
  0.00940154 -0.000173266  0.000490048
  0.00965581 -0.000166186  0.000518091
  0.00990677 -0.000160382  0.000543268
   0.0101544 -0.000154539   0.00056844
    0.010398 -0.000148933  0.000589792
   0.0106385 -0.000143313  0.000613045
   0.0108758 -0.000138316   0.00063534
   0.0111098 -0.000135109  0.000653816
   0.0113404 -0.000129759  0.000674194
   0.0115673 -0.000125607  0.000692658
   0.0117903 -0.000122092  0.000709209
   0.0120109 -0.000119284  0.000726711
   0.0119562 -0.000110327  0.000220225
    0.012383 -0.000102718  0.000774959
  0.0124482 -9.8619e-05  0.00078078
   0.0125129 -9.45624e-05  0.000782785
   0.0125787 -9.02588e-05  0.000786699
   0.0126449 -8.54123e-05  0.000790613
   0.0127115 -8.22995e-05  0.000794528
   0.0127775 -7.91669e-05  0.000799396
   0.0128437 -7.57257e-05   0.00080331
   0.0129105 -7.28177e-05  0.000804364
   0.0129761 -6.88732e-05  0.000808278
  0.0130409 -6.7131e-05 0.000814097
   0.0131052 -6.41385e-05  0.000818008
  0.0131693 -6.1385e-05 0.000821919
   0.0132323 -5.86287e-05  0.000827736
  0.0132945 -5.6207e-05 0.000831644
   0.0133559 -5.44665e-05   0.00083555
   0.0134159 -5.28496e-05  0.000842315
  0.0134748 -5.0706e-05 0.000846218
   0.0135333 -4.76215e-05  0.000851074
  0.0135897 -4.6343e-05  0.00085688
   0.0136448 -4.45141e-05   0.00086173
   0.0136987 -4.33375e-05  0.000868485
   0.0137501 -4.22048e-05  0.000874284
  0.0138009 -4.0343e-05 0.000881034
   0.0138497 -3.94944e-05  0.000884921
   0.0138976 -3.77644e-05  0.000890713
   0.0139435 -3.69678e-05   0.00089841
   0.0139871 -3.55415e-05  0.000904196
   0.0140293 -3.49192e-05  0.000911887
   0.0140692 -3.36775e-05  0.000917667
   0.0141075 -3.30996e-05  0.000925352
   0.0141442 -3.19238e-05   0.00093208
   0.0141791 -3.12322e-05   0.00093976
   0.0142113 -3.01795e-05  0.000946481
   0.0142418 -2.99016e-05  0.000955107
     0.01427 -2.89298e-05  0.000961823
    0.014296 -2.85727e-05  0.000970442
   0.0143202 -2.76725e-05  0.000977151
  0.0143426  -2.721e-05 0.000984811
   0.0143618 -2.56502e-05  0.000994373
   0.0143793 -2.54039e-05   0.00100298
   0.0143949 -2.46232e-05   0.00101063
   0.0144081 -2.44864e-05   0.00101923
   0.0144188 -2.30796e-05   0.00102591
   0.0144282 -2.28824e-05   0.00103451
   0.0144346 -2.22972e-05   0.00104119
   0.0144388 -2.22098e-05   0.00104977
   0.0144407 -2.24878e-05    0.0010574
   0.0144403 -2.24294e-05   0.00106598
  0.0144376 -2.1821e-05  0.00107265
   0.0144331 -2.18309e-05   0.00108122
   0.0141706 -2.03616e-05   0.00117141
   0.0138674 -1.95209e-05   0.00127871
   0.0135748 -1.79652e-05   0.00138412
   0.0132928 -1.74659e-05   0.00148573
   0.0130211 -1.59578e-05   0.00158736
    0.012759 -1.45474e-05   0.00168423
  0.0125061 -1.4739e-05  0.00178112
   0.0122606 -1.26666e-05   0.00187515
   0.0120238 -1.22923e-05   0.00196729
   0.0116368 -1.04528e-05   0.00210975
   0.0112552 -9.42338e-06    0.0022484
   0.0108873 -9.27677e-06   0.00238898
   0.0105329 -7.58062e-06   0.00252386
     0.01019 -6.82956e-06   0.00265971
  0.00985831 -4.66121e-06   0.00279081
  0.00953806 -4.16503e-06   0.00292002
  0.00922833 -2.95218e-06   0.00304638
  0.00892917 -2.48354e-06   0.00317276
  0.00863902 -1.37446e-06   0.00329534
  0.00793251 -0.000130044   0.00413254
  0.00760022 -0.000121975   0.00424266
  0.00678634 -0.000226039   0.00402589
  0.00490149 -0.000564887   0.00384087
  0.00275759 -0.000563527   0.00421337
 0.000860189 -0.000515885   0.00470927
-0.000753565 -0.000449066   0.00514456
 -0.00236485 -0.000400727   0.00559417
   -0.001648 -0.000195516   0.00529198
 -0.00279439 -0.000156546   0.00558111
 -0.00232574 -3.16886e-05   0.00259682
  -0.0074992 -0.000123853   0.00174309
 -0.0130544 -0.00029543  0.00162408
  -0.0176091  -0.00024046 -1.93016e-05
  -0.0222109 -0.000178475  -0.00135471
  -0.0267442 -0.000157313  -0.00253361
  -0.0311005 -0.000163507  -0.00361973
  -0.0352809 -0.000169458  -0.00463596
  -0.0392897 -0.000175098  -0.00558804
  -0.0431349 -0.000180979  -0.00647787
  -0.0468168 -0.000186587  -0.00730738
  -0.0503466 -0.000168688  -0.00807276
  -0.0546055 -0.000374821  -0.00719319
  -0.0577406 -0.000301058  -0.00796751
   -0.060742 -0.000263689  -0.00866437
  -0.0636889 -0.000263106  -0.00931347
  -0.0664897 -0.000262915   -0.0099099
  -0.0691512 -0.000261921   -0.0104584
  -0.0716728 -0.000262265     -0.01096
   -0.074066 -0.000262597   -0.0114195
  -0.0763241 -0.000262718   -0.0118358
  -0.0784545 -0.000263749   -0.0122099
  -0.0804601 -0.000264239   -0.0125477
  -0.0823432 -0.000264824   -0.0128471
  -0.0841093 -0.000266129   -0.0131148
  -0.0857592 -0.000266945   -0.0133481
  -0.0872966 -0.000268514   -0.0135488
  -0.0887228 -0.000269092   -0.0137216
  -0.0900439 -0.000270504   -0.0138685
  -0.0912584 -0.000265115    -0.013981
  -0.0930912 -0.000615372   -0.0129995
  -0.0940378 -0.000534566   -0.0131488
-0.0948932 -0.0004567 -0.0132693
   -0.095711 -0.000380025   -0.0133868
  -0.0964349 -0.000308737   -0.0134747
  -0.0970911 -0.000293939   -0.0135062
  -0.0976618 -0.000290279   -0.0135071
  -0.0981445 -0.000287106   -0.0134887
  -0.0985453 -0.000283216   -0.0134541
  -0.0988644 -0.000281352   -0.0133993
  -0.0991085 -0.000278623    -0.013331
  -0.0992764 -0.000277459   -0.0132473
  -0.0993717 -0.000275433   -0.0131512
  -0.0993969 -0.000273742   -0.0130397
  -0.0993526 -0.000273811   -0.0129166
  -0.0992449 -0.000271428   -0.0127839
  -0.0990711 -0.000270267   -0.0126387
  -0.0988343 -0.000269147   -0.0124829
  -0.0985423 -0.000267808   -0.0123214
  -0.0981889 -0.000267326   -0.0121502
  -0.0977798 -0.000267745   -0.0119722
  -0.0973182 -0.000266176   -0.0117875
 -0.0968058 -0.00026637   -0.011596
  -0.0962427 -0.000265281   -0.0113997
  -0.0956322 -0.000265121   -0.0111977
   -0.094973 -0.000264404   -0.0109917
  -0.0942715 -0.000264305   -0.0107828
  -0.0935263 -0.000264878   -0.0105662
  -0.0927422 -0.000263737   -0.0103495
  -0.0919157 -0.000263143   -0.0101299
  -0.0910545 -0.000263805  -0.00990935
  -0.0901552 -0.000263142  -0.00968584
  -0.0892203 -0.000263626  -0.00945943
   -0.088256 -0.000262861  -0.00923392
 -0.0872577 -0.00026222  -0.0090055
  -0.0862306 -0.000262131  -0.00877894
   -0.085175 -0.000261517  -0.00855043
  -0.0840916 -0.000260583  -0.00832379
   -0.082983 -0.000261177  -0.00809806
  -0.0818495 -0.000260148  -0.00787039
 -0.0806946  -0.0002594 -0.00764554
   -0.079515 -0.000258854  -0.00742066
 -0.0783172 -0.00025757  -0.0071967
  -0.0771008 -0.000257117  -0.00697462
  -0.0758643 -0.000256222  -0.00675441
  -0.0746108 -0.000255674  -0.00653609
  -0.0733439 -0.000254718  -0.00631965
  -0.0720608 -0.000254258  -0.00610604
  -0.0707647 -0.000253382  -0.00589432
  -0.0694566 -0.000251535  -0.00568544
  -0.0681375 -0.000251263   -0.0054794
  -0.0668053 -0.000249262  -0.00527239
  -0.0654665 -0.000248569  -0.00507108
 -0.0641195 -0.00024731 -0.00487358
  -0.0627623 -0.000245317   -0.0046751
  -0.0614002 -0.000243711  -0.00448329
  -0.0600351 -0.000242919  -0.00429338
  -0.0586592 -0.000240508  -0.00410344
  -0.0572858 -0.000239533   -0.0039221
  -0.0559049 -0.000237369  -0.00373978
  -0.0545241 -0.000236415  -0.00356223
  -0.0531405 -0.000234476  -0.00338753
  -0.0506592 -0.000351753  -0.00406848
  -0.0503823 -0.000225154  -0.00300762
  -0.0477801 -0.000227535  -0.00383333
 -0.0463867 -0.00016668 -0.00352794
  -0.0458776 -7.59213e-05  -0.00265268
  -0.0448414 -4.74406e-05  -0.00216569
  -0.0434388 -5.09441e-05  -0.00195374
  -0.0420409 -5.56551e-05  -0.00175133
 -0.0406474 -6.0065e-05 -0.00155465
  -0.0392602 -6.28588e-05   -0.0013675
 -0.0378817 -6.6836e-05 -0.00118705
  -0.0365095 -7.01568e-05  -0.00101232
  -0.0351458 -7.31015e-05  -0.00084618
  -0.0337923 -7.54366e-05 -0.000685776
  -0.0324456 -7.80452e-05   -0.0005311
  -0.0311092 -7.97309e-05 -0.000383112
  -0.0297824 -8.22549e-05 -0.000239902
  -0.0284664 -8.45579e-05 -0.000104335
  -0.0271617 -8.54719e-05  2.74048e-05
  -0.0258668 -8.61078e-05  0.000153411
  -0.0245826 -8.74639e-05  0.000274638
  -0.0233082 -8.88479e-05   0.00039013
  -0.0220487 -8.92568e-05  0.000498929
  -0.0207991 -9.08277e-05  0.000606762
  -0.0195619 -9.17216e-05  0.000708858
  -0.0183368 -9.24575e-05  0.000805217
  -0.0171233 -9.09287e-05  0.000897748
  -0.0159261 -9.25146e-05  0.000986443
  -0.0147393 -9.27089e-05   0.00107131
  -0.0135664 -9.24787e-05    0.0011533
  -0.0124063 -9.25903e-05   0.00122955
  -0.0112613 -9.26298e-05   0.00130197
  -0.0101295 -9.29653e-05   0.00137341
 -0.00901237 -9.15063e-05   0.00143721
 -0.00790871 -9.16089e-05   0.00150194
 -0.00682007 -9.05942e-05   0.00155998
 -0.00574331 -9.00501e-05   0.00161896
 -0.00468313 -8.89625e-05   0.00167123
 -0.00363705 -8.87789e-05   0.00172445
 -0.00260713 -8.86928e-05   0.00177191
-0.00158974  -8.661e-05  0.00181841
-0.000588495 -8.64325e-05   0.00186107
 0.000398343 -8.55222e-05   0.00190085
  0.00136846 -8.43501e-05   0.00193966
  0.00232583 -8.37402e-05   0.00197368
  0.00326512 -8.20238e-05   0.00200767
 0.00351761 0.000217938  0.00372665
 0.00447443 0.000203532   0.0036901
 0.00541679 0.000191023  0.00365831
 0.00627356 0.000178481  0.00360062
 0.00711655 0.000166137  0.00354674
 0.00794606 0.000155923  0.00349664
 0.00876106 0.000145257  0.00344748
 0.00956404 0.000136363  0.00340212
  0.0103531 0.000127732   0.0033596
  0.0111307 0.000119147  0.00331898
  0.0118946 0.000111623  0.00328119
 0.0126458 0.00010369 0.00324434
  0.0133821 9.67257e-05  0.00321128
  0.0141039 9.02097e-05   0.0031782
  0.0148153 8.41055e-05  0.00314796
  0.0155113 7.82426e-05   0.0031177
  0.0161953 7.24664e-05  0.00309124
  0.0168658 6.71602e-05  0.00306381
  0.0175209 6.27017e-05  0.00303921
  0.0181638 5.79307e-05   0.0030146
  0.0187918 5.33533e-05  0.00298996
 0.0194079 4.9779e-05 0.00296912
 0.0200087 4.5714e-05  0.0029473
 0.0205962  4.276e-05 0.00292833
  0.0211729 3.91556e-05  0.00290743
  0.0217337 3.62385e-05  0.00288936
  0.0222805 3.40122e-05  0.00286842
  0.0228164 3.20658e-05  0.00285127
  0.0233381 2.84083e-05   0.0028341
  0.0238436 2.58867e-05   0.0028169
  0.0243393 2.37702e-05  0.00280064
 0.0248199 2.1856e-05 0.00278436
  0.0252889 2.02922e-05  0.00276997
  0.0257462 1.83218e-05  0.00275365
  0.0261892 1.70157e-05  0.00274017
  0.0266204 1.53219e-05  0.00272476
  0.0270374 1.37872e-05  0.00271124
  0.0274421 1.26744e-05  0.00269674
  0.0278356 1.12789e-05  0.00268223
  0.0282145 1.13093e-05  0.00266769
  0.0285817 9.25729e-06  0.00265314
  0.0289377 8.85719e-06  0.00264142
  0.0292823 7.75641e-06  0.00262683
   0.029615 7.32426e-06  0.00261508
  0.0299362 5.81567e-06   0.0026014
  0.0302456 6.46094e-06  0.00258961
  0.0305419 4.46022e-06  0.00257684
   0.030829 5.21659e-06  0.00256597
  0.0311036 3.54143e-06  0.00255222
  0.0313677 4.67072e-06   0.0025413
  0.0316199 2.90859e-06  0.00252847
  0.0318638 2.99723e-06  0.00251752
 0.0320946   2.68e-06 0.00250464
  0.0323169 1.82167e-06  0.00249271
  0.0325287 1.29623e-06  0.00248171
  0.0327282 2.59902e-06  0.00247069
   0.032982 3.26771e-05  0.00216603
  0.0332938 4.24094e-05  0.00154104
  0.0335911 4.02097e-05 0.000920786
  0.0338758 3.71813e-05 0.000312914
   0.0341329  3.38992e-05 -0.000281655
   0.0343626  3.11992e-05 -0.000857198
  0.0345626 3.68316e-05 -0.00141658
  0.0347376 3.50769e-05 -0.00195693
  0.0348811 3.19282e-05 -0.00248017
  0.0350029 2.88527e-05 -0.00298342
  0.0350975 2.51532e-05 -0.00346955
  0.0351665 2.35874e-05  -0.0039338
  0.0352108  1.9375e-05 -0.00437901
  0.0352313 1.64043e-05 -0.00480424
  0.0352263 1.44565e-05 -0.00520948
   0.035198 1.08095e-05  -0.0055957
  0.0351475 8.94941e-06 -0.00596002
  0.0350756 5.82858e-06  -0.0063053
  0.0349811 3.28025e-06 -0.00662869
  0.0348663 1.27998e-06 -0.00693113
    0.034733 -1.90253e-06  -0.00721263
   0.0345787 -3.66247e-06  -0.00747414
   0.0344069 -7.16029e-06   -0.0077166
   0.0342148 -8.51716e-06  -0.00793717
   0.0340072 -1.15908e-05  -0.00813774
   0.0337806 -1.32049e-05  -0.00831927
   0.0335399 -1.62245e-05  -0.00847889
   0.0332832 -1.75895e-05  -0.00861851
   0.0330137 -2.05909e-05    -0.008741
    0.032729 -2.24689e-05  -0.00884252
    0.032429 -2.40157e-05  -0.00892692
   0.0321202 -2.71383e-05  -0.00898843
   0.0317995 -2.88083e-05  -0.00903281
   0.0314652 -3.04468e-05  -0.00906195
   0.0311229 -3.21152e-05  -0.00907013
  0.0307716 -3.3627e-05 -0.00906211
   0.0304109 -3.66027e-05  -0.00903694
     0.03004 -3.79135e-05  -0.00899368
   0.0296646 -3.91461e-05  -0.00893516
   0.0292828 -4.04137e-05  -0.00886235
   0.0288947 -4.29567e-05  -0.00877239
   0.0284999 -4.33112e-05  -0.00866623
    0.028101 -4.44814e-05  -0.00854577
    0.027701 -4.59342e-05  -0.00841291
   0.0272963 -4.77103e-05  -0.00826577
   0.0268866 -4.78231e-05  -0.00810432
   0.0264785 -4.96052e-05  -0.00792953
   0.0260662 -5.11168e-05  -0.00774615
   0.0256559 -5.18119e-05  -0.00754848
    0.025245 -5.29627e-05   -0.0073384
   0.0248348 -5.38591e-05  -0.00711784
   0.0244256 -5.48209e-05  -0.00689155
   0.0240182 -5.59979e-05  -0.00665096
   0.0236134 -5.66348e-05  -0.00640178
   0.0232108 -5.65782e-05  -0.00614496
   0.0234864 -0.000105384  -0.00214375
  0.0230904 -0.00010293 -0.00227126
    0.022176 -5.95965e-05  -0.00469043
   0.0216148 -4.65391e-05  -0.00505094
  0.0212401 -4.7503e-05 -0.00447937
   0.0208787 -4.86569e-05  -0.00392494
   0.0205222 -4.99498e-05  -0.00338671
   0.0201747 -5.13396e-05  -0.00286564
   0.0198305 -5.09854e-05  -0.00236364
   0.0194942 -5.18969e-05  -0.00187688
   0.0191611 -5.26089e-05  -0.00141014
    0.018835 -5.46508e-05 -0.000956746
   0.0185174 -5.47707e-05 -0.000520501
   0.0182078 -5.53457e-05 -9.85465e-05
    0.017903 -5.53581e-05  0.000305295
    0.017609 -5.58776e-05  0.000695805
   0.0173205 -5.59764e-05   0.00107106
   0.0170459 -5.68383e-05   0.00143109
  0.0167765 -5.6365e-05  0.00177682
   0.0165196 -5.68761e-05   0.00211113
   0.0162712 -5.62177e-05   0.00243019
   0.0160307 -5.64067e-05   0.00273782
   0.0158031 -5.63452e-05   0.00303022
   0.0155874 -5.56268e-05   0.00331215
   0.0153807 -5.56367e-05   0.00358074
   0.0151875 -5.60615e-05   0.00383791
   0.0150024 -5.55351e-05    0.0040808
   0.0148293 -5.57182e-05   0.00431607
   0.0146688 -5.56178e-05   0.00454088
   0.0145209 -5.45202e-05    0.0047514
   0.0143839 -5.36275e-05   0.00495431
   0.0142579 -5.38758e-05   0.00514485
   0.0141438 -5.22065e-05   0.00532873
  0.0140409 -5.2583e-05  0.00550119
   0.0139512 -5.10801e-05   0.00566223
  0.0138739 -5.0295e-05  0.00581757
   0.0138079 -4.97046e-05   0.00596148
   0.0137541 -4.92576e-05   0.00609779
   0.0137109 -4.83939e-05   0.00622744
   0.0136807 -4.67457e-05   0.00634567
   0.0136637 -4.71555e-05    0.0064563
   0.0136575 -4.64878e-05   0.00656122
   0.0136619 -4.49453e-05   0.00665758
   0.0136792 -4.52812e-05   0.00674824
    0.013707 -4.32439e-05   0.00682939
 0.0137459 -4.256e-05 0.00690674
   0.0137946 -4.13985e-05   0.00697647
   0.0138572 -3.99291e-05   0.00703861
  0.0139297 -3.9329e-05    0.007096
   0.0140129 -3.84665e-05   0.00714768
   0.0141061 -3.64843e-05    0.0071927
   0.0142101 -3.63574e-05   0.00723298
   0.0143216 -3.45127e-05   0.00726851
   0.0144465 -3.37028e-05   0.00729833
   0.0145807 -3.25177e-05    0.0073215
   0.0147217 -3.24217e-05   0.00734182
   0.0148745 -3.11103e-05   0.00735835
  0.0150341 -2.8818e-05  0.00736726
   0.0152046 -2.86288e-05   0.00737428
   0.0153816 -2.71145e-05    0.0073775
   0.0155662 -2.60389e-05   0.00737501
   0.0157617 -2.44162e-05   0.00736969
   0.0159618 -2.30071e-05   0.00736151
   0.0161706 -2.29266e-05   0.00734953
   0.0163868 -2.10986e-05    0.0073328
   0.0166092 -2.02747e-05   0.00731417
   0.0168373 -1.85384e-05    0.0072927
   0.0170722 -1.76019e-05   0.00726742
   0.0173136 -1.64608e-05   0.00724024
   0.0175602 -1.47468e-05   0.00721022
   0.0178114 -1.36087e-05   0.00717734
   0.0180676 -1.24461e-05   0.00714161
   0.0183424 -1.13408e-05   0.00702581
   0.0185986 -3.69946e-06   0.00714076
  0.0188753 8.85173e-07  0.00718613
  0.0191563 2.49436e-06  0.00726966
    0.01944 3.22084e-06  0.00734271
  0.0197264 2.36623e-06  0.00740717
   0.020014 4.16465e-06  0.00746115
  0.0203049 5.12273e-06  0.00750846
  0.0205981 4.94108e-06  0.00754719
  0.0208899 6.37105e-06  0.00757638
  0.0211828 7.63309e-06   0.0075989
  0.0214783 7.33889e-06  0.00761379
  0.0217729 7.77077e-06  0.00762201
  0.0220698 8.79806e-06  0.00762164
   0.022365 1.03535e-05   0.0076127
  0.0226604 1.01774e-05  0.00759993
  0.0229551 1.01135e-05  0.00758049
  0.0232506 1.20531e-05  0.00755247
  0.0235437 1.31017e-05  0.00752063
  0.0238342 1.34969e-05  0.00748211
  0.0241258 1.37141e-05  0.00743883
  0.0244138 1.50106e-05  0.00738695
  0.0247026 1.51903e-05  0.00733221
  0.0249864 1.57766e-05   0.0072727
  0.0252689 1.67198e-05  0.00720842
  0.0255515 1.75774e-05  0.00713555
  0.0258296 1.81067e-05  0.00706267
  0.0261037 1.77949e-05  0.00698407
   0.026376 1.84348e-05  0.00690164
  0.0266453 1.90996e-05  0.00681445
  0.0269118 1.99249e-05  0.00672534
   0.027174 2.03445e-05  0.00663431
  0.0274304 2.10627e-05   0.0065366
  0.0276858 2.05507e-05  0.00643793
  0.0279383 2.13948e-05  0.00633735
   0.028184 2.22382e-05  0.00623199
  0.0284254 2.24377e-05  0.00612567
  0.0286635 2.25854e-05  0.00601743
  0.0288975 2.24265e-05  0.00590728
  0.0291244 2.38457e-05  0.00579425
  0.0293488 2.42061e-05  0.00568026
  0.0295674 2.43331e-05  0.00556627
  0.0297829 2.50805e-05  0.00544845
   0.029992 2.52717e-05  0.00533157
  0.0301946 2.47827e-05  0.00521468
  0.0303938 2.56683e-05  0.00509397
  0.0305871 2.55269e-05  0.00497611
  0.0307736 2.57839e-05  0.00485633
  0.0309546 2.67111e-05  0.00473654
 0.0311331  2.683e-05 0.00461769
 0.0313034 2.7356e-05 0.00449883
  0.0314693 2.72885e-05  0.00437997
  0.0316285 2.74941e-05  0.00426013
  0.0317819 2.77592e-05  0.00414315
 0.0319305 2.7193e-05 0.00402615
  0.0320722 2.80264e-05  0.00390819
  0.0322106 2.76501e-05  0.00379308
  0.0323397 2.80093e-05  0.00367891
 0.0324661 2.8792e-05 0.00356473
  0.0325851 2.81874e-05  0.00345436
  0.0326963 2.92336e-05  0.00334301
  0.032803 2.8527e-05 0.00323451
   0.032907 2.85951e-05  0.00312792
  0.0330021 2.89142e-05  0.00302131
  0.0330906 2.81489e-05   0.0029185
  0.0331753 2.89947e-05  0.00281664
  0.0332521 2.95218e-05  0.00271572
  0.0333239 2.87984e-05  0.00261955
  0.0333906 2.84979e-05  0.00252242
  0.0334505 2.93707e-05  0.00243005
  0.0335074 2.92484e-05  0.00233957
  0.0335552 2.90371e-05  0.00224908
  0.0336009 2.87534e-05  0.00216335
  0.0336383 2.91188e-05  0.00207761
   0.033671 2.84111e-05  0.00199758
  0.0336967 2.82079e-05  0.00191467
  0.0337209 2.85853e-05  0.00183844
  0.0337383 2.77014e-05  0.00176601
  0.0337478 2.84663e-05  0.00169356
  0.0337548 2.82235e-05  0.00162587
   0.033757 2.87255e-05  0.00155913
  0.0337526 2.74626e-05  0.00149619
  0.0337439 2.76645e-05  0.00143324
 0.0337317 2.7697e-05 0.00137696
  0.0337119 2.83727e-05  0.00132162
   0.033688 2.74166e-05  0.00126818
   0.033661 2.67597e-05  0.00121854
  0.0336286 2.67738e-05  0.00116985
  0.0335913 2.66743e-05  0.00112687
  0.0335512 2.73362e-05  0.00108389
  0.0335068 2.62378e-05  0.00104566
  0.0334571 2.72983e-05  0.00100742
  0.0334035 2.69673e-05 0.000974902
  0.0333455 2.62409e-05 0.000941417
  0.0332828 2.66936e-05 0.000911737
  0.0332183 2.63945e-05 0.000886821
 0.0325475 5.7565e-05 0.00140624
  0.0322146 4.70973e-05  0.00144471
  0.0322275 6.35711e-05  0.00127689
  0.0323001 3.66336e-05  0.00114924
  0.0326461 3.50811e-05 0.000840912
  0.0327444 2.16002e-05 0.000724753
  0.0327081 2.26133e-05 0.000755201
  0.0326187 2.53422e-05  0.00083037
   0.032527 2.78037e-05 0.000903626
   0.032433 3.04641e-05 0.000969249
  0.0323406 3.24281e-05  0.00103487
  0.0322398 3.29649e-05  0.00109857
   0.032136 3.37849e-05  0.00116227
 0.0320305 3.3483e-05 0.00122596
  0.0319192 3.29315e-05  0.00128296
  0.0318095 3.30854e-05  0.00134283
  0.0316948 3.22797e-05  0.00139887
  0.0315758 3.33988e-05  0.00145395
  0.0314579 3.29627e-05  0.00150808
  0.0313364 3.25515e-05  0.00155743
  0.0312125 3.22107e-05  0.00160678
  0.0310862 3.27484e-05  0.00165708
  0.0309589 3.27457e-05  0.00170356
  0.0308283 3.20601e-05  0.00174717
  0.0306996 3.14932e-05  0.00179269
  0.0305654 3.21516e-05  0.00183534
  0.0304307 3.22189e-05  0.00187608
  0.0302953 3.09729e-05  0.00191587
  0.0301588 3.09078e-05  0.00195374
  0.0300191 3.16205e-05  0.00199066
  0.0298807 3.10631e-05  0.00202376
   0.029742 3.09603e-05  0.00205972
  0.0295997 3.08895e-05  0.00209282
  0.0294571 3.13926e-05  0.00212496
  0.0293138 3.04842e-05  0.00215424
  0.0291701 3.02082e-05  0.00218542
  0.0290261 3.11842e-05  0.00221374
  0.0288802 3.02724e-05   0.0022392
  0.0287329 2.97202e-05  0.00226465
  0.0285895 2.99643e-05  0.00229202
  0.0284416 2.91085e-05  0.00231366
  0.0282947 2.94337e-05   0.0023372
 0.0281468 2.9066e-05 0.00235884
  0.0280008 2.92689e-05  0.00237762
  0.0278526 2.80805e-05  0.00240021
 0.0277044 2.8604e-05 0.00241898
  0.0275572 2.72316e-05   0.0024349
  0.0274092 2.79999e-05  0.00245272
  0.0272627 2.77316e-05  0.00246768
  0.0271143 2.77445e-05  0.00248264
  0.0269668 2.73892e-05  0.00249665
  0.0268202 2.74291e-05   0.0025097
 0.0266738 2.6656e-05 0.00252466
  0.0265274 2.58642e-05  0.00253485
  0.0263825 2.57139e-05    0.002546
  0.0262366 2.70608e-05  0.00255715
  0.0260901 2.61596e-05  0.00256448
  0.0259458 2.51645e-05  0.00257372
  0.0258011 2.56554e-05  0.00258106
   0.025656 2.48626e-05  0.00258839
  0.0255138 2.47079e-05  0.00259573
  0.0253702 2.44883e-05  0.00260115
  0.0252267 2.38663e-05  0.00260658
  0.0250832 2.42942e-05   0.0026101
  0.0249429 2.43559e-05  0.00261554
  0.0248024 2.36034e-05  0.00261811
  0.0246623 2.34379e-05  0.00262163
  0.0245211 2.28817e-05   0.0026223
  0.024384 2.2791e-05 0.00262488
   0.024244 2.19786e-05  0.00262459
 0.0241066 2.1968e-05 0.00262716
  0.0239694 2.11306e-05  0.00262593
  0.0238335 2.16356e-05   0.0026266
  0.0236965 2.12044e-05  0.00262536
  0.0235601 2.08995e-05  0.00262413
  0.0234272 2.02208e-05  0.00262194
  0.0232918 1.99501e-05  0.00262071
  0.0231576 1.91498e-05  0.00261757
  0.0230256 1.94833e-05  0.00261348
  0.0228917 1.91596e-05  0.00260938
  0.0227593 1.80526e-05  0.00260434
  0.0226291 1.77488e-05  0.00260121
  0.0224981 1.69597e-05  0.00259617
  0.0223674 1.66213e-05  0.00259208
 0.0222354 1.5956e-05 0.00258608
 0.0221074 1.5626e-05 0.00257818
  0.0219783 1.54635e-05  0.00257219
  0.0218514 1.54274e-05   0.0025662
  0.0217234 1.41944e-05  0.00256021
  0.0215949 1.41494e-05  0.00255327
  0.0214681 1.40448e-05  0.00254346
  0.0213424 1.31939e-05  0.00253652
  0.0212156 1.28447e-05  0.00252863
  0.0210897 1.18754e-05  0.00251978
  0.0209641 1.22679e-05  0.00251188
  0.0208387 1.09101e-05  0.00250208
 0.0207134 1.0037e-05 0.00249228
  0.0205892 1.11981e-05  0.00248344
   0.020464 9.01026e-06  0.00247364
  0.0203392 8.29979e-06  0.00246384
  0.0202172 8.11192e-06  0.00245595
  0.0200921 7.34035e-06  0.00244329
  0.0199676 7.48072e-06  0.00243349
  0.0198445 7.49098e-06  0.00242178
  0.0197203 6.55865e-06  0.00241199
   0.019596 4.46849e-06  0.00240028
  0.0194714 5.06613e-06  0.00238762
  0.0193515 4.49762e-06  0.00237878
  0.0192261 3.32325e-06  0.00236707
  0.0191017 2.47955e-06  0.00235441
  0.0189797 2.35111e-06  0.00234175
  0.0188535 1.56324e-06  0.00232909
  0.0187328 4.58224e-07   0.0023193
   0.0182965 -6.26727e-07   0.00225646
   -6.35467 -0.00132826    -21.0082
   -6.35292 -0.00137845    -21.0085
   -6.34966 -0.00142602    -20.9954
  -8.68669 0.00189895   -17.7107
   -9.4532 0.00211399   -15.5373
  -12.6392 -0.0024572    -12.089
  -13.6277 -0.0018265   -10.2269
    -15.7676 -2.66787e-05     -7.44683
   -16.2853 0.000362779    -6.09493
  -17.3711 0.00130723   -4.33681
  -16.8759 0.00679287   -3.07211
 -16.2646 0.0059714  -2.38608
  -15.7478 0.00506346   -0.84622
  -15.2786 0.00470601  -0.191633
  -14.8063 0.00418434    0.86124
  -14.3511 0.00362287    1.26473
  -13.7598 0.00331927    2.28047
 -13.0811 0.0029247   3.09846
  -12.6535 0.00227369    3.29704
  -11.9703 0.00212783    3.77342
  -11.5551 0.00024437    3.64778
   -10.8541 -0.00014838     3.56014
    -10.1078 -0.000225947      3.46569
    -9.7586 -0.00130575     3.34305
    -9.20469 -0.000810837        3.486
   -9.04175 -0.00103636     3.55992
     -8.5489 -0.000940622       3.6831
   -8.38112 -0.00107075     3.72617
    -7.81768 -0.000875883      3.79411
    -7.20961 -0.000623237      3.81733
    -7.01196 -0.000572094      3.79149
   -6.43546 -0.00022836      3.7606
    -6.23668 -0.000124935      3.68844
   -5.60413 0.000248461     3.60671
   -4.94239 0.000623569     3.47867
   -4.74532 0.000737445     3.38288
  -4.07732 0.00110376    3.23263
  -3.90047 0.00120488    3.13222
  -3.31398 0.00148953    3.00565
  -2.70856 0.00177343    2.85893
  -2.54998 0.00183824    2.76813
 -1.95109 0.0020845   2.61732
  -1.81621 0.00211936    2.53271
  -1.29681 0.00228014    2.41514
 -0.770555 0.00243372    2.28335
 -0.653305 0.00243287    2.21047
 -0.189626 0.00253326    2.11349
-0.0922525  0.0024616    2.05185
  0.380004 0.00244081    1.94366
  0.835802 0.00239949    1.82696
   0.91915 0.00233158    1.76962
  1.30627 0.0022729   1.68053
   1.68313 0.00223275    1.58266
    1.7333 0.00225254    1.54411
  2.08165 0.0023007   1.44859
   2.11296 0.00229251    1.41483
    2.4308 0.00224724    1.31846
    2.45344 0.000702189     1.29612
    2.71913 0.000543446     1.24542
    2.96954 0.000389853     1.18259
    2.98731 0.000260618     1.18247
    3.21005 0.000155999     1.10697
    3.20841 5.42035e-05     1.10423
     3.3774 2.03957e-06      1.0252
     3.52849 -4.96061e-05     0.935367
     3.51495 -0.000127877     0.929383
     3.64151 -0.000164123      0.82724
     3.61912 -0.000249993     0.822493
    3.76113 -0.00121972    0.747096
    4.01211 -0.00117886    0.740293
   4.07827 -0.0011912   0.783849
     4.3488 -0.00113321     0.78921
    4.41843 -0.00113186    0.816786
   4.65015 -0.0011523   0.790814
   4.92349 0.00190162   0.790516
    4.9992 0.00187956   0.778343
   5.23373 0.00206597   0.749453
   5.30742 0.00203984   0.715051
    5.5677 0.00201768   0.670346
   5.82783 0.00194207   0.609342
  5.89389 0.0019121  0.566247
   6.13571 0.00180629   0.499616
   6.18923 0.00176758   0.454069
   6.36197 0.00166022   0.392746
   6.40564 0.00161047    0.34939
   6.57872 0.00144593   0.281431
   6.73611 0.00126965    0.21674
   6.76842 0.00120103   0.178444
   6.90009 0.00069729   0.118615
    6.92532 -0.00117989   0.0883526
   7.00121 -0.0030116  0.0422664
    7.07445 -0.00492319 -0.00779689
     7.0775 -0.00470073  -0.0284069
   7.10436 -0.0048471 -0.0626688
    7.06636 -0.00400454    -0.06118
    7.02624 -0.00315214  -0.0539909
    6.97917 -0.00272288  -0.0444042
    6.92285 -0.00216769  -0.0248685
    6.86657 -0.00179155  -0.0197227
    6.80862 -0.00142563 -0.00260056
    6.72625 -0.00130767 0.000502521
     6.64214  -0.00121469 -2.41567e-05
    6.58234 -0.00104198   0.0147997
     6.49396 -0.000966172    0.0118848
      6.4349 -0.000809885    0.0253605
     6.32735 -0.000742265    0.0222116
     6.21858 -0.000237503    0.0179079
     6.15799 -0.000133309    0.0288274
     6.03728 -0.000374569    0.0198169
     5.93175 -0.000294648    0.0263994
     5.71623 -0.000284846    0.0131019
    5.48806 0.000103318 -0.00115308
    5.38466 0.000154865  0.00575736
     5.1652 0.000161575  -0.0117952
    5.07973 0.000192266 -0.00452022
    4.87361 0.000166148  -0.0179006
    4.66201 0.000445666  -0.0313261
    4.58343 0.000449991  -0.0239666
    4.37771 0.000408372  -0.0385708
   4.31016 0.00040803 -0.0296739
    4.12058 0.000371737  -0.0398225
    3.93091 0.000327784  -0.0508968
    3.87067 0.000325563   -0.041782
     3.6882 0.000283097  -0.0518567
    3.63837 0.000277606  -0.0413491
    3.47089 0.000238956  -0.0477808
    3.42664 0.000232669  -0.0371095
    3.26203 0.000189341  -0.0443614
     3.1049 0.000332725  -0.0536547
   3.06462 0.00181976 -0.0427189
    2.9215 0.00122354 -0.0754548
   2.89363  0.0012955 -0.0533685
   2.76487 0.00093634 -0.0678159
    2.64535 0.000287806   -0.111039
    2.62667 0.000210657   -0.118787
    2.5139 -0.0005982  -0.150215
     2.50176 -0.000673203    -0.146314
    2.39741 -0.00156319   -0.163909
    2.29964 -0.00157483   -0.173621
    2.28796 -0.00160663   -0.163975
    2.19487 -0.00179443   -0.164268
    2.18745 -0.00187548    -0.14826
    2.10093 -0.00199743   -0.143646
    2.09403 -0.00205822   -0.126018
     2.0104 -0.00336428   -0.114886
    1.93313 -0.00334741  -0.0991943
    1.92506 -0.00333684  -0.0822995
    1.85398 -0.00330856  -0.0672629
    1.84852 -0.00221878  -0.0488049
    1.77868 -0.00240127  -0.0306939
    1.66565 -0.00280579  -0.0327363
    1.66117 -0.00286567  -0.0153034
    1.5492 -0.0025015 0.00574218
     1.5543 -0.00356211   0.0378345
    1.46336 -0.00307158   0.0477857
    1.32782 -0.00258604   0.0483332
     1.1972 -0.00295334   0.0297782
     1.0458 -0.00273773   0.0251477
   0.935125 -0.00229097   0.0123104
   0.806229 -0.00150393   0.0124927
  0.714007 -0.0015777 0.00663598
    0.563202 -0.000924534    0.0439975
    0.404293 -0.000354737      0.10508
   0.286162 0.000296146    0.134882
   0.160224 0.000861358    0.189263
 0.0698415 0.00122829      0.215
  -0.025658 0.000818418    0.278879
 -0.0921919 0.000726549    0.340607
   -0.13195 0.000718157    0.368409
 -0.0813531 0.000182951    0.467245
 -0.0535518 4.60823e-05    0.517483
   0.0180549 -0.000698977        0.604
   0.108525 -0.00168683    0.691572
    0.14201 -0.00200009    0.727831
   0.251466 -0.00142062    0.804014
   0.280968 -0.00124113    0.823433
   0.361263 -0.00172271    0.856819
   0.441411 -0.00260949    0.881101
    0.45834 -0.00282013    0.882832
   0.530833 -0.00206034    0.895159
   0.534984 -0.00191953    0.891245
   0.591386 -0.00164547    0.893579
   0.593182 -0.00153946    0.887586
   0.648222 -0.00130807     0.88271
   0.704465 -0.00108712    0.872708
    0.706227 -0.000987861     0.862045
   0.764894 -0.00231965    0.849717
   0.765618 -0.00213909    0.835104
    0.82364 -0.00182777    0.816123
   0.882259 -0.00151349    0.794153
  0.881449 -0.0013491   0.778437
   0.942357 -0.00104714    0.759621
    0.939196 -0.000904346     0.742863
    0.985289 -0.000370145     0.717813
    1.02887 0.000188125     0.68716
     1.0126 0.000312491    0.666199
    1.05556 0.000454833     0.63651
      1.036 0.000533362    0.615292
    1.08088 0.000609043    0.590858
    1.11901 0.000659879    0.561285
    1.09654 0.000684871    0.541755
    1.13625 0.000732941    0.516979
    1.11078 0.000745585    0.496714
   1.14329 0.00126396   0.467698
     1.17088 -0.000113164     0.437944
     1.14356 -0.000227144     0.418985
     1.16737 -0.000281843     0.390809
     1.13695 -0.000330614     0.372209
     1.16564 -0.000247085     0.350216
     1.13316 -0.000213712     0.332844
     1.17281 -0.000634645     0.300496
    1.21273 -0.00130729    0.267014
    1.19327 -0.00169402     0.24719
    1.23215 -0.00193849     0.21978
    1.19801 -0.00196459    0.205338
    1.21574 -0.00203827    0.180191
    1.22293 -0.00208372     0.15887
    1.17829 -0.00186146    0.148584
    1.18089 -0.00131243    0.125046
    1.13367 0.000157272    0.110862
  1.12726 0.0011701 0.0824877
    1.11733 0.000649922   0.0548072
   1.08077 0.00104985  0.0447279
   1.07787 0.00159043  0.0225689
    1.0495 0.00116851  0.0142066
     1.06819   0.00113855 -0.000610938
    1.07861 0.000981131  -0.0154232
    1.05262 0.000775346  -0.0199445
    1.05792 0.000600221  -0.0301594
    1.02759 0.000514349  -0.0339421
     1.0407 0.000450102  -0.0403527
    1.03958 0.000527284  -0.0484003
    1.00449 0.000649964  -0.0506662
   0.995192 0.000882045  -0.0581831
  0.958867 0.00104025 -0.0614028
  0.962963 0.00119743 -0.0676557
  0.955379 0.00141871 -0.0766188
   0.92213   0.001482 -0.0793328
  0.912172 0.00163436 -0.0878909
  0.880625 0.00161488 -0.0915524
  0.886094  0.0016059 -0.0982451
  0.881495 0.00161465  -0.106825
  0.851307 0.00157066  -0.109613
0.842262 0.001595 -0.11742
  0.811618 0.00156212  -0.120905
  0.815599 0.00154263  -0.126675
  0.806776 0.00125888  -0.126878
  0.796205 0.00411597  -0.132793
  0.823241 0.00333916  -0.159645
  0.835638 0.00162733  -0.179873
  0.875325 0.00128008  -0.200217
   0.889641 0.000761572   -0.219023
   0.920803 0.000638827   -0.242656
    0.942699 -0.000878437    -0.261298
  0.925688 0.00108107  -0.261232
   0.938605 0.000987515   -0.270933
   0.920926 0.000914722   -0.277558
   0.919667 0.000819681   -0.288997
   0.907255 0.000733392   -0.300008
   0.877171 0.000672136   -0.303663
   0.864459 0.000601094   -0.309784
  0.826373 0.00054756  -0.312516
   0.795371 0.000475932   -0.321196
   0.754387 0.000405002   -0.330642
   0.714024 0.000359211   -0.332033
   0.669063 0.000407515   -0.340881
   0.631287 0.000322908   -0.344641
  0.603674 0.00022644  -0.352395
   0.567981 0.000170956   -0.362343
   0.535096 2.35509e-05   -0.355444
    0.499286 -2.12963e-05    -0.351452
    0.469075 -4.51355e-05    -0.342553
    0.447676 -8.19198e-05     -0.33745
    0.419095 -0.000125333    -0.336768
    0.390452 -0.000147896    -0.330361
    0.359231 -0.000190189    -0.331883
    0.331957 -0.000210503    -0.327475
    0.313307 -0.000243681    -0.327501
    0.287693 -0.000281231    -0.332493
    0.262749 -0.000301418    -0.329363
      0.2359 -0.000338172    -0.335756
    0.213093 -0.000356661    -0.333666
    0.187263 -0.000392543    -0.340936
    0.166574 -0.000409018    -0.339144
   0.152074 -0.00043794   -0.343767
    0.133943 -4.58118e-05    -0.351323
    0.115766 -7.68811e-05    -0.349613
   0.0968642 -0.000118238    -0.357918
  0.0804689 -0.00014708    -0.35647
 0.0695753 -0.0001861  -0.361973
   0.0555098 -0.000226175    -0.369888
   0.0410383 -0.000251436    -0.368295
   0.0255475 -0.000291531    -0.376925
   0.0124553 -0.000314198    -0.375335
  0.00276905 -0.000346658    -0.381199
 -0.00945109 -0.000380284    -0.389074
   -0.020984 -0.000401683    -0.387231
  -0.0348469 -0.000433769    -0.395747
  -0.0451495 -0.000452607     -0.39372
   -0.054557 -0.000477404     -0.39909
  -0.0662613 -0.000506217    -0.407051
 -0.0752281 -0.00052191   -0.404753
  -0.0885754 -0.000548821    -0.413016
  -0.0964178 -0.000564358    -0.410388
   -0.107045 -0.000626354    -0.415485
   -0.118611 -0.000676053     -0.42274
  -0.125364 -0.00071271   -0.419754
   -0.138775 -0.000480414     -0.42729
  -0.144517 -0.00054176   -0.423472
  -0.156503 7.94549e-05   -0.427644
  -0.155817 0.000643154   -0.425313
 -0.116112 0.00058161  -0.392187
 -0.0859717 0.000493258    -0.36845
 -0.0493867 0.000795102   -0.345688
 -0.0137375 0.000477024   -0.383391
  0.0162549 0.000366995   -0.416848
  0.0589698 0.000269617   -0.441705
  0.0767583 0.000174089   -0.473729
  0.106487 8.8527e-05  -0.498414
    0.113481 -0.000388213      -0.5351
    0.107909 -0.000763862    -0.570934
   0.121064 -0.00127926   -0.602337
  0.0973731 -0.00135126   -0.633365
   0.103457 -0.00223582   -0.661929
  0.0730569 -0.00214597   -0.685633
  0.0730862 -0.00308579   -0.709826
  0.0298625 -0.00341206    -0.72948
 -0.0205905 -0.00280888   -0.742472
 -0.0287794 -0.00295457   -0.759354
 -0.0750888 -0.00188557   -0.765288
  -0.127328 -0.00141084   -0.765894
  -0.132823 -0.00119585   -0.775795
   -0.187475 -0.000822827    -0.767962
  -0.195709 -0.00168272   -0.774166
  -0.259422 -0.00119082   -0.763047
  -0.270806 -0.00148274   -0.767585
  -0.328241 -0.00163058   -0.752555
  -0.386077 -0.00121432   -0.732714
  -0.398318 -0.00151134   -0.734365
  -0.456489 -0.00106054   -0.710505
   -0.46439 -0.00144147   -0.709435
  -0.516692 -0.00104574   -0.686202
  -0.523403 -0.00201948    -0.68386
  -0.576377 -0.00149105    -0.65721
  -0.627615 -0.00075045    -0.62732
   -0.636334 -0.000835211     -0.62169
  -0.683835 -0.00018204   -0.592897
   -0.688696 -0.000362069    -0.586618
  -0.735995 0.000301589   -0.555048
  -0.779829 0.000333778   -0.524899
   -0.78433 0.000322584   -0.517114
  -0.825885 0.000314464    -0.48775
  -0.825326 0.000426034   -0.478977
  -0.839797 -0.00037251   -0.456752
   -0.853602 -1.47029e-05    -0.430513
   -0.83876 -9.7393e-05   -0.422327
  -0.871185 2.54527e-05   -0.392466
  -0.871013 9.54351e-05   -0.379677
  -0.902052 0.000178478   -0.348828
  -0.929904 0.000163563   -0.317711
  -0.927716 0.000142908   -0.304906
   -0.952287 -0.000608302    -0.274628
   -0.946554 -0.000573746    -0.262451
  -0.967599 -0.00053993   -0.236399
   -0.984051 -0.000510332    -0.208573
  -0.977039 -0.00034293   -0.198449
   -0.990011 -0.000326654    -0.172734
  -0.980565 0.000393954   -0.163655
  -0.993148 0.000382178    -0.14283
   -1.00104 0.000372055   -0.121301
  -0.992016 0.000354083   -0.114501
 -0.997541 0.00034904  -0.095339
  -0.987272 0.000330717  -0.0898663
  -0.994215 0.000321489  -0.0749319
  -0.996488 0.000316984  -0.0599964
 -0.986642 0.00030211 -0.0561436
 -0.990272 0.00029293 -0.0433774
   -0.97941 0.000279853  -0.0403092
  -0.978774 0.000277526  -0.0294734
  -0.975473 0.000277868  -0.0195963
  -0.964763 0.000264711  -0.0174085
  -0.960109 0.000266804  -0.0091755
  -0.948922 0.000254147 -0.00759216
   -0.94737 0.000250135 -0.00103276
 -0.941241 0.00025139 0.00524517
  -0.930608 0.000241314  0.00602753
 -0.927033 0.00023662  0.0118698
  -0.915911 0.000225738   0.0124377
  -0.908141 0.000229651   0.0162063
  -0.898177 0.000235017   0.0194249
   -0.88742 0.000226278   0.0194848
  -0.876645 0.000232458   0.0216501
   -0.86592 0.000224412   0.0214794
  -0.859215 0.000222772   0.0240175
  -0.848607 0.000228331    0.024587
  -0.838588 0.000219803   0.0239307
   -0.82661 0.000227803   0.0240122
  -0.816553 0.000221177     0.02332
  -0.808589 0.000219325   0.0242677
 -0.796976 0.00022833  0.0232403
 -0.787559 0.00054058  0.0223077
  -0.774932 -0.00049863    0.021053
   -0.765757 -0.000520027    0.0202729
   -0.757244 -0.000131543    0.0193706
  -0.745193 0.000279858   0.0179975
  -0.736729 -0.00184603   0.0165937
  -0.723647 -0.00135395   0.0144897
 -0.715268 -0.0010355  0.0132825
  -0.706379 -0.00070791   0.0114576
   -0.694264 -0.000347518   0.00918618
   -0.686532 -0.000130163   0.00767108
  -0.673567 0.000165482  0.00477515
  -0.666033 0.000299913  0.00336691
  -0.657067 0.000390343  0.00161478
  -0.649935 0.000432144  0.00012062
  -0.638379 0.000472653 -0.00343081
  -0.625815 0.000513356 -0.00690149
  -0.619084 0.000520425 -0.00860115
  -0.606522 0.000556162  -0.0122624
  -0.600167 0.000559107  -0.0137705
   -0.59167 0.000576154  -0.0167272
  -0.580709 0.000603565  -0.0198782
  -0.574882 0.000600807  -0.0214954
  -0.566871 0.000611209  -0.0234073
  -0.561276 0.000605593  -0.0248335
  -0.551034 0.000627111  -0.0284567
  -0.53989 0.00064806 -0.0318135
  -0.534645 0.000640231  -0.0333725
  -0.523567 0.000658559  -0.0367748
  -0.518704 0.000645049  -0.0381468
  -0.511345 0.000650642  -0.0409044
   -0.50199 0.000662157  -0.0437523
   -0.49761 0.000603367  -0.0452121
  -0.487841 0.000578162  -0.0482071
 -0.483715 0.00051316 -0.0495141
  -0.477038 0.000393016  -0.0511588
  -0.468955 0.000283152  -0.0543753
  -0.465246 0.000122483  -0.0557414
  -0.456574 1.72043e-05  -0.0585536
   -0.453103 -0.000144959   -0.0597877
   -0.447452 -0.000290209   -0.0619684
  -0.440096 -0.00040562  -0.0641586
   -0.437002 -0.000572202    -0.065422
 -0.429223 0.00146261 -0.0675028
 -0.426334 0.00133467 -0.0686265
 -0.421462 0.00115883 -0.0704425
  -0.415037 0.000933654  -0.0722186
  -0.412491 0.000659083  -0.0733897
  -0.408119 0.000114542  -0.0742033
 -0.405745 0.00125561 -0.0751582
  -0.400173 0.000781953  -0.0773323
  -0.394192 0.000811174  -0.0791097
  -0.392238 0.000789938   -0.080111
   -0.38629 0.000792387  -0.0815559
  -0.384616 0.000771984   -0.082468
   -0.38112 0.000762147  -0.0829244
 -0.379675 0.00074182 -0.0838559
  -0.375416 0.000743826  -0.0855167
   -0.37074 0.000747766  -0.0867064
  -0.369487 0.000730924  -0.0877126
  -0.366774 0.000723864  -0.0878744
  -0.363324 0.000728846  -0.0892109
  -0.362259 0.000558014  -0.0902966
  -0.358104 0.000586792  -0.0931122
  -0.357003 0.000352587   -0.095167
  -0.353099 0.000301342  -0.0966849
    -0.35137 -0.000395409   -0.0984116
  -0.350868 -0.00168418   -0.100891
  -0.352359 4.49416e-05  -0.0972602
  -0.363448 0.000125725  -0.0849732
  -0.372135 0.000197418  -0.0736591
  -0.382012 0.000264613  -0.0632739
  -0.388519 0.000343686  -0.0558146
  -0.393648 0.000467991  -0.0490768
  -0.403811 0.000608075  -0.0463434
  -0.411477 0.000665809  -0.0448176
  -0.420556 0.000712457  -0.0435752
   -0.42516 0.000769806  -0.0445757
  -0.427494 0.000822587  -0.0454815
 -0.433471 0.00085401 -0.0445481
 -0.435342 0.00088932  -0.043923
  -0.439997 0.000833504  -0.0424561
  -0.438894 0.000887829   -0.043613
  -0.435946 0.000940415  -0.0443483
  -0.438371 0.000970685  -0.0437671
 -0.433845 0.00101542 -0.0446264
 -0.435633 0.00103576 -0.0442692
 -0.432915  0.0010627 -0.0449876
 -0.428259 0.00109716 -0.0460512
 -0.429239 0.00110731  -0.046273
 -0.423554 0.00113751 -0.0478861
 -0.424363 0.00114197 -0.0484426
 -0.420397 0.00115532 -0.0491576
 -0.415593 0.00117511  -0.051885
  -0.415955 0.000916117  -0.0529509
  -0.41018 0.00102713  -0.055773
 -0.410568  0.0010984 -0.0571356
 -0.406442  0.0011855 -0.0588247
 -0.401647 0.00127985 -0.0622383
  -0.40182 0.00134002 -0.0638595
 -0.396375 0.00142759 -0.0671037
 -0.396709 0.00148185 -0.0688813
 -0.392767 0.00148365 -0.0709534
 -0.392765  0.0012609 -0.0731937
 -0.388307 0.00134859 -0.0768787
 -0.383475 0.00143201 -0.0802177
 -0.383694 0.00148722 -0.0821082
 -0.378855 0.00152617 -0.0852786
 -0.375724 0.00161128 -0.0879443
 -0.376112  0.0016691 -0.0896842
 -0.371972 0.00159455 -0.0927928
 -0.372805 0.00138915 -0.0944545
 -0.388024 0.00218318 -0.0934983
 -0.408871 0.00206311 -0.0929027
 -0.425157 0.00196375 -0.0938424
 -0.439088 0.00187189 -0.0941158
 -0.455017 0.00176959 -0.0931467
 -0.465691 0.00167716 -0.0915466
 -0.478433 0.00158639 -0.0900553
 -0.485434 0.00151532 -0.0896633
 -0.489781 0.00144915 -0.0883481
 -0.498583  0.0013718 -0.0867794
  -0.50181 0.00130615 -0.0843209
 -0.502336 0.00125728 -0.0837249
 -0.508497 0.00119949 -0.0826795
 -0.506349 0.00116073 -0.0821704
 -0.511573 0.00110699 -0.0818338
 -0.509405 0.00106285 -0.0813696
 -0.505833 0.00103255 -0.0826494
  -0.509446 0.000987734  -0.0829391
  -0.504102 0.000963524   -0.084464
  -0.507389 0.000922137  -0.0853908
  -0.502683 0.000889976  -0.0866457
  -0.497039 0.000868865  -0.0897199
  -0.499212 0.000833538  -0.0909936
  -0.492265 0.000818379  -0.0940562
  -0.494391 0.000787425   -0.095742
  -0.48832  0.0007638 -0.0980606
  -0.481647 0.000751314   -0.102128
  -0.483001 0.000717237   -0.103592
  -0.475305 0.000714918   -0.107423
   -0.47673 0.000695929   -0.109488
  -0.470362 0.000682148   -0.113012
  -0.463058 0.000680808   -0.116824
 -0.463939 0.00066429  -0.118839
  -0.456153 0.000664333   -0.122688
  -0.457297 0.000648884    -0.12487
  -0.450527 0.000640829   -0.127498
  -0.443867 0.000641402   -0.132033
 -0.444647 0.00062808  -0.134099
  -0.437422 0.000629886   -0.137963
  -0.438542 0.000617402    -0.14016
  -0.432647 0.000611961   -0.143528
  -0.426263 0.000614525   -0.146988
  -0.427112 0.000602533   -0.148989
 -0.420567 0.00060896  -0.152244
  -0.421769 0.000597422   -0.154328
  -0.416558 0.000594024   -0.157266
  -0.411014 0.000600197   -0.160202
  -0.412024 0.000589945   -0.162076
  -0.406428 0.000597355   -0.164772
   -0.40779 0.000588878   -0.166724
  -0.403441 0.000585554    -0.16916
  -0.398875 0.000592729   -0.171514
  -0.400086 0.000585827   -0.173259
  -0.395527 0.000595498   -0.175325
  -0.397069 0.000588892   -0.177137
  -0.393642 0.000589902    -0.17902
  -0.390084 0.000601183   -0.180731
  -0.391481 0.000595434   -0.182315
   -0.38848 0.000597788   -0.183109
  -0.390168 0.000591098   -0.184764
  -0.387469 0.000603139     -0.1866
  -0.384723 0.000617355   -0.187775
  -0.386275 0.000611183   -0.189267
  -0.384028 0.000613043   -0.189459
  -0.385816 0.000606816   -0.190972
-0.383959 0.0006198 -0.192159
  -0.382052 0.000633757   -0.192634
  -0.383693 0.000628059   -0.193955
  -0.382218 0.000630336    -0.19357
   -0.38405 0.000625612   -0.194933
  -0.382999 0.000637867   -0.195473
  -0.381861 0.000650891   -0.195306
  -0.383557 0.000645534   -0.196512
  -0.382776 0.000649034   -0.195557
  -0.384625 0.000643542   -0.196838
  -0.384279 0.000656471   -0.196807
  -0.383805 0.000669094   -0.196058
  -0.385501 0.000663858   -0.197171
   -0.38532 0.000666861   -0.195731
 -0.387127 0.00066247   -0.19694
  -0.387359 0.000673788   -0.196385
  -0.387417 0.000688095   -0.195123
  -0.389062 0.000681302   -0.196175
  -0.389078 0.000695272   -0.194508
  -0.390796 0.000690785   -0.195674
  -0.391509 0.000692151   -0.194365
  -0.392085 0.000704325   -0.192605
  -0.393628 0.000699928     -0.1936
   -0.39409 0.000711956   -0.191514
   -0.39568 0.000706295   -0.192668
  -0.396786 0.000708582   -0.191042
  -0.397669 0.000721749   -0.188947
  -0.399081 0.000715672   -0.189943
  -0.400094 0.000718472   -0.187408
  -0.401518 0.000713719   -0.188566
  -0.402781 0.000728296   -0.186897
  -0.403677 0.000745399   -0.184534
  -0.404909 0.000740953   -0.185554
   -0.40595 0.000745142   -0.182744
  -0.407164 0.000738076   -0.183912
  -0.408439 0.000753332   -0.181977
  -0.409324 0.000768268   -0.179368
  -0.410344 0.000763105   -0.180391
  -0.411397 0.000767315   -0.177376
  -0.412401 0.000760581   -0.178576
  -0.413652 0.000774892   -0.176449
  -0.414468 0.000788964   -0.173655
  -0.415287 0.000782883   -0.174734
  -0.416308 0.000787467    -0.17158
  -0.417105 0.000780369   -0.172847
  -0.418276 0.000792953   -0.170597
  -0.418979 0.000806368   -0.167699
  -0.419583 0.000799527   -0.168823
   -0.42051 0.000803631   -0.165586
  -0.421098 0.000795027   -0.166917
  -0.422127 0.000807368   -0.164589
  -0.422656 0.000820329   -0.161626
  -0.423048 0.000812933   -0.162826
  -0.423303 0.000826789   -0.159596
 -0.423683 0.00081881  -0.160996
  -0.424331 0.000820958    -0.15761
  -0.425187 0.000831626   -0.155367
  -0.425399 0.000824767   -0.156635
  -0.425635 0.000835586   -0.153613
   -0.42583 0.000828401   -0.155122
  -0.426367 0.000831241   -0.151754
  -0.427049 0.000840948   -0.149572
  -0.427057 0.000833623   -0.150922
  -0.427052 0.000844214   -0.147901
  -0.427028 0.000836566   -0.149467
  -0.427191 0.000838542   -0.145879
  -0.427099 0.000830442   -0.147451
  -0.427537 0.000840171   -0.145344
  -0.427273 0.000853404   -0.142392
  -0.427009 0.000845271    -0.14384
   -0.42709 0.000850166   -0.140521
  -0.427213 0.000863236    -0.13832
  -0.426845 0.000855851   -0.139818
   -0.42627 0.000869614   -0.136865
  -0.425899 0.000860422   -0.138608
  -0.425564 0.000864051   -0.135098
  -0.425581 0.000876566   -0.133283
  -0.425045 0.000867968   -0.134856
  -0.424222 0.000882745   -0.132045
  -0.423692 0.000872193    -0.13385
  -0.423733 0.000874875   -0.131618
 -0.422938 0.00088709  -0.128817
  -0.422244 0.000877462   -0.130449
  -0.420995 0.000890537   -0.127438
  -0.420317 0.000880904   -0.129294
  -0.419459 0.000882758   -0.125866
  -0.418929 0.000893537   -0.124165
  -0.418127 0.000884611   -0.125876
 -0.416758 0.00089661  -0.123205
  -0.415997 0.000886886   -0.125182
  -0.414947 0.000887972    -0.12187
   -0.41423 0.000899159   -0.120308
  -0.413327 0.000888702   -0.122106
  -0.411739 0.000900251   -0.119521
  -0.410882 0.000890146   -0.121559
  -0.409614 0.000891489   -0.118292
  -0.408697 0.000902302   -0.116816
  -0.407686 0.000890369    -0.11865
  -0.405881 0.000903291   -0.116125
  -0.404941 0.000892239   -0.118209
  -0.404155 0.000892141    -0.11626
  -0.402458 0.000901567   -0.113728
  -0.401376 0.000890621   -0.115615
  -0.399224 0.000902548   -0.112863
   -0.39821 0.000891528   -0.114991
  -0.397203 0.000891069   -0.113002
  -0.39535 0.00090216  -0.110551
  -0.394219 0.000890526   -0.112505
  -0.391924 0.000903433   -0.109845
  -0.390871 0.000892857   -0.112042
  -0.389285 0.000896373   -0.109187
  -0.387723 0.000908258   -0.107652
  -0.386563 0.000897364   -0.109679
  -0.384251 0.000909834   -0.107296
  -0.383186 0.000899607    -0.10957
  -0.381506 0.000901796   -0.106805
  -0.379854 0.000913132   -0.105348
  -0.378651 0.000901668   -0.107404
  -0.376231 0.000913631   -0.105062
 -0.375125 0.00090271   -0.10737
  -0.373336 0.000904175   -0.104611
  -0.371583 0.000914646   -0.103183
   -0.37034 0.000903007   -0.105249
   -0.36781 0.000915552   -0.102909
  -0.366676 0.000903566   -0.105237
  -0.364798 0.000904709   -0.102488
  -0.362964 0.000914833   -0.101079
  -0.361697 0.000903139   -0.103177
  -0.359094 0.000914417   -0.100852
 -0.357942 0.00090248  -0.103212
  -0.355987 0.000904731   -0.100472
  -0.354101 0.000913966  -0.0990826
  -0.352821 0.000900824   -0.101213
  -0.350155 0.000913084  -0.0988975
  -0.348992 0.000900413   -0.101278
  -0.347497 0.000899742  -0.0995503
  -0.345112 0.000910574  -0.0972971
  -0.343832 0.000898943  -0.0994632
  -0.341012 0.000909149  -0.0969352
  -0.33983 0.00089661 -0.0993186
  -0.337772 0.000897663  -0.0965837
  -0.335784 0.000907694  -0.0951819
 -0.334505 0.00089399 -0.0973726
  -0.331765 0.000904964  -0.0950685
   -0.33061 0.000892253  -0.0975147
  -0.328549 0.000892611  -0.0948321
  -0.326576 0.000901458  -0.0934778
    -0.3253 0.000888698  -0.0956979
  -0.322548 0.000900758  -0.0933975
  -0.321387 0.000887677   -0.095854
   -0.31929 0.000889781  -0.0931388
    -0.3173 0.000901081  -0.0917872
  -0.316018 0.000888216  -0.0940081
  -0.313239 0.000901357  -0.0916751
  -0.312069 0.000888069  -0.0941296
  -0.309741 0.000889628  -0.0911108
  -0.307917 0.000900143  -0.0900042
 -0.306628 0.00088668 -0.0922211
  -0.303883 0.000899496   -0.089947
  -0.302719 0.000885187  -0.0924195
  -0.300605 0.000887424  -0.0896876
 -0.298605   0.000896 -0.0883118
  -0.297314 0.000882872   -0.090541
  -0.294511 0.000894925  -0.0881675
   -0.29335 0.000881538  -0.0906522
   -0.29121 0.000882282  -0.0878935
  -0.289197 0.000892101  -0.0864841
  -0.287907 0.000878723  -0.0887227
  -0.285101 0.000890172  -0.0863308
 -0.283944 0.00087645 -0.0888269
  -0.281797 0.000877437  -0.0860545
  -0.279787 0.000886659  -0.0846422
  -0.278504 0.000873094  -0.0868882
  -0.275704 0.000884557  -0.0844942
  -0.274553 0.000870482  -0.0869939
  -0.271465 0.000881786  -0.0842708
  -0.269926 0.000881382  -0.0827238
   -0.26865 0.000865738  -0.0849745
  -0.266114 0.000876049  -0.0825479
  -0.264995 0.000862982  -0.0850666
  -0.262998 0.000863035  -0.0822977
  -0.261865 0.000847738  -0.0847963
  -0.259842 0.000857363   -0.083187
  -0.257105 0.000868747  -0.0807821
  -0.255795 0.000854347  -0.0830087
  -0.253679 0.000854976   -0.080212
  -0.252526 0.000839467  -0.0826941
 -0.250411 0.00084931 -0.0809931
  -0.247631 0.000862291  -0.0785537
  -0.246342 0.000846872  -0.0808087
 -0.243292 0.00086074 -0.0780744
  -0.241759 0.000862094   -0.076464
  -0.240528 0.000846145  -0.0787772
  -0.238035 0.000858805  -0.0763624
  -0.236956 0.000843769  -0.0789502
  -0.234992 0.000846155  -0.0762142
  -0.233159 0.000855791  -0.0748811
 -0.231919 0.00084106 -0.0771874
  -0.229217 0.000854468  -0.0747971
  -0.228086 0.000839088  -0.0773285
  -0.225046 0.000851976  -0.0745737
  -0.223903 0.000836071  -0.0770725
  -0.222262 0.000835755  -0.0753092
  -0.219723 0.000846595  -0.0728272
 -0.218464 0.00083168 -0.0750742
  -0.215535 0.000845177  -0.0722954
  -0.214407 0.000828643  -0.0747884
  -0.212823 0.000828332  -0.0729791
  -0.210343 0.000839537   -0.070516
  -0.209114 0.000822956  -0.0727991
  -0.206235 0.000835727   -0.070063
  -0.205131 0.000820292  -0.0725864
 -0.202747 0.00082085 -0.0694137
  -0.201022 0.000830627  -0.0682488
  -0.199808 0.000814844   -0.070547
  -0.197125 0.000828163  -0.0681408
  -0.196047 0.000811323  -0.0707003
  -0.193692 0.000812834  -0.0675799
  -0.192606 0.000796575  -0.0700935
   -0.19077 0.000806575   -0.068752
  -0.188076 0.000818621  -0.0663408
  -0.186848 0.000802731   -0.068613
  -0.184707 0.000803845  -0.0657796
  -0.183603 0.000786813  -0.0682607
  -0.181547 0.000797099  -0.0665593
  -0.178793 0.000807604   -0.064063
  -0.177551 0.000792064  -0.0663064
  -0.174534 0.000804007  -0.0635161
  -0.173459 0.000788075  -0.0660181
   -0.17184 0.000788926  -0.0642386
  -0.170797 0.000773125  -0.0667519
  -0.168188 0.000786375  -0.0640838
  -0.165339 0.000800987  -0.0613592
  -0.164054 0.000785289  -0.0634775
  -0.161917 0.000787217   -0.060638
  -0.160898 0.000769838   -0.063157
 -0.158882 0.00078176 -0.0614542
  -0.15623 0.00079541 -0.0590281
  -0.155085 0.000779007  -0.0613285
  -0.152182 0.000792904  -0.0586217
  -0.151199 0.000776499  -0.0611787
  -0.148792 0.000777982  -0.0580231
  -0.147171 0.000788137   -0.056948
 -0.146072 0.00077249 -0.0592492
  -0.143497 0.000785569  -0.0568973
  -0.142526 0.000767752  -0.0594437
  -0.141143 0.000769135  -0.0578737
  -0.138779 0.000780225  -0.0554799
  -0.137654 0.000763117  -0.0577324
  -0.134876 0.000776438  -0.0550225
  -0.133851 0.000759744  -0.0574867
  -0.131719 0.000761665  -0.0546457
  -0.129863 0.000772123  -0.0532249
  -0.128724 0.000754284  -0.0554553
  -0.126045 0.000767197  -0.0529857
 -0.125041 0.00075094 -0.0554613
  -0.122907 0.000751103  -0.0526916
   -0.12191 0.000734965  -0.0551424
   -0.11992 0.000745329  -0.0535677
  -0.117228 0.000758528  -0.0511341
  -0.116074 0.000741004  -0.0533205
  -0.113912 0.000742548  -0.0505583
  -0.112922 0.000725023  -0.0529832
 -0.110912 0.00073557 -0.0513884
  -0.108216 0.000747825  -0.0489823
  -0.107093 0.000730008  -0.0511772
  -0.104939 0.000732449  -0.0484769
  -0.103994 0.000715774  -0.0509284
     -0.102 0.000725035  -0.0493926
 -0.0993279 0.000742009  -0.0470532
 -0.0982407 0.000724458  -0.0492556
 -0.0953137 0.000740614  -0.0466278
 -0.0943977 0.000722856  -0.0490831
 -0.0928226 0.000724558  -0.0475257
 -0.0903846 0.000737683  -0.0452321
 -0.0893798 0.000720385  -0.0474564
 -0.0865943 0.000735623  -0.0448964
 -0.0857133 0.000717631  -0.0473354
 -0.0842203 0.000720117  -0.0458275
-0.0818406 0.00073284 -0.0435815
 -0.0808555 0.000714515   -0.045782
  -0.078843 0.000717659  -0.0432111
 -0.0779821 0.000698407  -0.0456405
-0.0761196 0.00071239 -0.0442495
 -0.0735293 0.000726534   -0.042027
-0.0725129 0.00070823 -0.0441863
 -0.0703857 0.000711422  -0.0416324
 -0.0695303 0.000693301  -0.0440169
 -0.0676159 0.000705446  -0.0426848
 -0.0649516 0.000720769  -0.0404116
 -0.0639664 0.000702509  -0.0425623
 -0.0610552 0.000716854  -0.0400246
 -0.0602439 0.000699193  -0.0424082
 -0.0577368 0.000701672  -0.0394455
 -0.0561208 0.000713713  -0.0386038
  -0.055216 0.000693997  -0.0407565
 -0.0526624 0.000709312  -0.0386225
 -0.0519293 0.000690114  -0.0410413
 -0.0498089 0.000692254   -0.038511
 -0.0480836 0.000704393  -0.0374555
 -0.0472161 0.000684036    -0.03959
 -0.0446682 0.000700183  -0.0374082
 -0.0439377 0.000681138  -0.0397612
 -0.0425013 0.000681305  -0.0384084
 -0.0401847 0.000694674  -0.0362888
  -0.039333 0.000675372  -0.0383746
 -0.0373264 0.000678065  -0.0358986
 -0.0366113 0.000659278  -0.0382039
-0.0347966 0.00067241 -0.0369049
 -0.0332844 0.000466548  -0.0345687
  -0.032388 0.000458821  -0.0366401
 -0.0295605 0.000485888  -0.0342061
 -0.0287781 0.000476303  -0.0364779
 -0.0271657 0.000485268  -0.0351142
 -0.0247304 0.000508245  -0.0329858
 -0.0238782 0.000497293  -0.0350438
  -0.021134 0.000521409  -0.0326613
 -0.0204527 0.000509508  -0.0349474
 -0.0189597 0.000516527  -0.0336745
 -0.0166337 0.000537775  -0.0316271
  -0.015877 0.000525116  -0.0337081
-0.0132527 0.00054657 -0.0314029
 -0.0126522 0.000533938  -0.0337006
  -0.010553 0.000540235   -0.031291
-0.00891441 0.000558467  -0.0303669
-0.00822517 0.000544312  -0.0324289
-0.00582399 0.000565044  -0.0304242
-0.00528988 0.000549328  -0.0327086
-0.00326829 0.000555756  -0.0303573
-0.00170486 0.000572149  -0.0294771
-0.00106253 0.000556969  -0.0315028
 0.00128848 0.000576091  -0.0294992
 0.00178288 0.000561061  -0.0317349
 0.00378257 0.000565985   -0.029374
 0.00426279 0.000550024  -0.0315745
0.00591376 0.00056617 -0.0304757
  0.0082375 0.000585461  -0.0284568
 0.00884772 0.000569105  -0.0303967
  0.0108147 0.000574155  -0.0280463
 0.0112486 0.00055672 -0.0302135
  0.0128778 0.000571814  -0.0290632
  0.0151326 0.000590808  -0.0270815
  0.015676 0.00057339 -0.0290215
   0.018136 0.000590689   -0.026763
  0.0185053 0.000572986  -0.0289187
  0.0197757 0.000575223  -0.0277641
  0.0218057 0.000591753  -0.0258256
  0.0222491 0.000574223   -0.027779
  0.0245477 0.000594636  -0.0255817
  0.0248461 0.000576706  -0.0277366
  0.0260099 0.000580817  -0.0266422
   0.027958 0.000600201  -0.0247466
  0.0283541 0.000581885  -0.0266754
  0.0305821 0.000603826  -0.0245086
  0.0308422 0.000585102  -0.0266311
  0.0329104 0.000589409  -0.0240068
   0.033995 0.000606832  -0.0235142
  0.0343528 0.000588095  -0.0254058
   0.036348 0.000608467  -0.0235931
  0.0365564 0.000590349  -0.0257061
  0.0376183 0.000592249  -0.0246967
  0.0394509 0.000610761  -0.0228871
  0.0397912 0.000590897  -0.0247291
  0.0414703 0.000595469  -0.0225421
  0.0416757 0.000575861  -0.0245683
  0.0430179 0.000592869  -0.0235804
  0.0450032 0.000613682  -0.0217258
  0.0453294 0.000592898  -0.0235344
  0.0475474 0.000614838  -0.0213858
  0.0477097 0.000594137  -0.0234026
  0.0488304 0.000596295  -0.0223721
 0.0506769 0.00061459 -0.0205453
  0.0509241 0.000594489  -0.0223445
  0.0525856 0.000598068  -0.0202156
  0.0526861 0.000577402  -0.0222172
  0.0539508 0.000594499  -0.0213219
  0.0558505 0.000614364  -0.0195685
  0.0560585 0.000594167  -0.0213525
  0.0577451 0.000597497   -0.019257
  0.0578027 0.000577237  -0.0212377
  0.0590667 0.000593948  -0.0203672
  0.0609401 0.000613658  -0.0186396
  0.0611121 0.000592428  -0.0203979
  0.0631839 0.000613613  -0.0183915
  0.0631959 0.000592164  -0.0203379
  0.0642064 0.000593401  -0.0194382
  0.0659279 0.000610557  -0.0177242
  0.0660175 0.000590442  -0.0194721
  0.0675939 0.000594677  -0.0174349
    0.06754 0.000574011  -0.0193671
  0.0686761 0.000594491  -0.0185893
  0.0704399 0.000618332  -0.0169172
  0.0704905 0.000597666  -0.0186471
  0.0724514 0.000621839  -0.0167029
  0.0723678 0.000601212  -0.0185989
  0.0733099 0.000605248  -0.0177546
  0.0749419 0.000625466  -0.0160969
  0.0749431 0.000604504  -0.0177897
  0.0768035 0.000628439  -0.0158828
  0.0766614 0.000607452  -0.0177551
  0.0784916 0.000612128  -0.0153676
  0.0792347 0.000631604  -0.0151454
  0.0791921 0.000609402  -0.0168135
  0.0807947 0.000632439  -0.0152741
  0.0805966 0.000611276  -0.0171417
  0.0820962 0.000616508  -0.0151838
  0.0829827 0.000634808  -0.0147107
  0.0828994 0.000613001  -0.0163321
  0.0845105 0.000636514  -0.0147269
 0.0842841 0.00061485  -0.016544
  0.0857772 0.000620495  -0.0145699
  0.0866491 0.000639369  -0.0140796
  0.0865369 0.000616956  -0.0156572
 0.0881262 0.00063931 -0.0140493
  0.0878709 0.000617723  -0.0158206
  0.0893376 0.000623013  -0.0138676
  0.0901848 0.000641038  -0.0133869
  0.0900342 0.000618983  -0.0149388
  0.0915815 0.000642017    -0.01335
  0.0912733 0.000620068  -0.0151014
  0.092723 0.00062439 -0.0131723
  0.0935202 0.000644318   -0.012726
  0.0933186 0.000621325  -0.0142618
  0.0948195 0.000644988  -0.0127141
   0.094472 0.000621211  -0.0144274
  0.0951902 0.000625711  -0.0137552
  0.0965608 0.000636575  -0.0122573
  0.0963123 0.000614835  -0.0137588
  0.0979143 0.000604163  -0.0119878
  0.0975283 0.000582381  -0.0136621
 0.0982439 0.00058513 -0.0129757
 0.0995957   0.000613 -0.0114835
  0.0992957 0.000591392  -0.0129708
     0.1006 0.000601457  -0.0111573
   0.100157 0.000579535  -0.0128241
   0.100955 0.000604778  -0.0122806
   0.102313 0.000634143  -0.0108524
   0.101961 0.000612367  -0.0123426
   0.103266 0.000620999  -0.0105711
   0.103933 0.000644952  -0.0102271
  0.103542 0.00062186 -0.0117127
  0.104854 0.00064986 -0.0103322
   0.104308 0.000626745  -0.0120096
   0.105579 0.000634504  -0.0102754
  0.106182 0.00065631 -0.0100164
  0.105747 0.00063358 -0.0114639
  0.107021 0.00066101 -0.0100997
   0.106447 0.000638607  -0.0117199
   0.107701 0.000645864  -0.0099848
    0.10713 0.000622594  -0.0115612
  0.107815 0.00064584 -0.0111228
   0.109065  0.00067248 -0.00974916
   0.108586 0.000649203  -0.0111471
   0.109816 0.000656684 -0.00941204
   0.109203 0.000633672  -0.0109618
   0.110559 0.000659152 -0.00927809
   0.111153 0.000682765 -0.00901534
   0.110622 0.000660193  -0.0103943
   0.111821 0.000687259  -0.0090751
    0.11113 0.000662888  -0.0106374
   0.112546 0.000670096 -0.00861029
   0.112799 0.000691718 -0.00873422
    0.11222 0.000667782  -0.0100856
   0.113279 0.000694248 -0.00887531
   0.112548 0.000671286  -0.0104023
   0.112969 0.000675665 -0.00997486
   0.113979 0.000709998 -0.00871221
   0.113361 0.000686663  -0.0100312
    0.11456 0.000752756  -0.0084956
    0.11381 0.000729989 -0.00996067
   0.114251 0.000739065 -0.00949218
   0.115255 0.000766914 -0.00819715
   0.114591 0.000742366 -0.00950191
   0.115757 0.000773319 -0.00797495
   0.114961 0.000748552 -0.00943341
   0.116048 0.000756507 -0.00777971
   0.116399 0.000780376 -0.00761272
   0.115687  0.00075717 -0.00890324
    0.11665 0.000786876 -0.00769698
   0.115785 0.000763378 -0.00916984
   0.116806 0.000770149 -0.00758968
   0.115937 0.000747805 -0.00903488
   0.116335 0.000772494 -0.00876581
   0.117249 0.000802448 -0.00758349
   0.116488 0.000779142  -0.0088426
   0.117479 0.000786771 -0.00727109
   0.117767 0.000811147 -0.00712424
   0.116969 0.000787089 -0.00837576
   0.117852 0.000816756 -0.00719254
   0.116919 0.000792901 -0.00860731
   0.117872  0.00080078 -0.00706543
   0.116928 0.000775928 -0.00846399
   0.117254 0.000801793 -0.00822747
   0.118085  0.00083101 -0.00709297
   0.117251 0.000806257 -0.00830354
   0.118239 0.000836564  -0.0068923
   0.117267 0.000812536 -0.00825275
   0.117557 0.000817419 -0.00789803
   0.118351 0.000844562 -0.00673689
    0.11747 0.000819289  -0.0079332
     0.1184 0.000849104 -0.00655735
   0.117386 0.000824266 -0.00790162
   0.118303 0.000832302  -0.0063732
   0.118461 0.000855979 -0.00632764
   0.117533 0.000831755  -0.0075097
   0.118277 0.000859189 -0.00642875
   0.117206 0.000835477 -0.00777976
   0.118056 0.000845213 -0.00631629
   0.118148 0.000871809 -0.00633471
   0.117188    0.000848 -0.00749295
   0.117885 0.000882054 -0.00643497
   0.116794  0.00085789 -0.00774975
   0.117618 0.000870199 -0.00629301
    0.11769 0.000899003 -0.00630192
   0.116706 0.000874583 -0.00742871
   0.117382 0.000908435 -0.00636695
   0.116268 0.000882584 -0.00764361
   0.117307 0.000894405 -0.00584524
   0.117157 0.000921869 -0.00616624
    0.11615 0.000897175 -0.00726158
   0.116754 0.000931201 -0.00627144
   0.115606 0.000906643 -0.00753667
   0.116377 0.000916347 -0.00611244
   0.116393 0.000944322 -0.00614908
   0.115353 0.000919286 -0.00722346
   0.115972 0.000952773 -0.00617801
   0.114795 0.000926165 -0.00741847
   0.115562 0.000937541 -0.00598377
    0.11556 0.000964124 -0.00602139
   0.114491 0.000938641 -0.00707576
   0.115081   0.0009711 -0.00604656
   0.113874 0.000944531 -0.00726987
   0.113913 0.000953266 -0.00713101
   0.112713 0.000925174 -0.00833046
   0.113394 0.000956499 -0.00711617
   0.114084 0.000989298 -0.00585419
   0.113065 0.000963085 -0.00676162
   0.113811 0.000972826 -0.00532984
   0.112578  0.00094707 -0.00651023
   0.112668  0.00097418 -0.00636847
   0.113174   0.0010062 -0.00541187
      0.112 0.000979192  -0.0064911
  0.112614 0.00101276 -0.0053408
   0.111314 0.000985448  -0.0065527
   0.111336  0.00099269 -0.00643199
   0.111784  0.00102151 -0.00552981
   0.110585 0.000995125 -0.00657948
   0.111215  0.00100475 -0.00528993
   0.109898 0.000979722 -0.00647322
   0.109859  0.00100927 -0.00647559
   0.110269  0.00104779 -0.00559635
   0.109029  0.00102235 -0.00665271
   0.109641  0.00103478 -0.00536415
   0.108293   0.0010088 -0.00653218
   0.108237  0.00104122 -0.00653647
   0.108612  0.00107855 -0.00566966
   0.107359  0.00105276 -0.00669454
    0.10795  0.00106463 -0.00541172
   0.106583   0.0010373 -0.00655972
     0.1065  0.00106802 -0.00657452
   0.106859  0.00110416 -0.00570964
   0.105583  0.00107716 -0.00671448
   0.106155   0.0010893 -0.00543933
   0.104766   0.0010626 -0.00656729
   0.104656  0.00109273 -0.00659641
   0.104996  0.00112805 -0.00574013
   0.103699  0.00110178 -0.00672589
   0.104236   0.0011122 -0.00548225
   0.102833  0.00108515 -0.00658539
   0.102711  0.00111473 -0.00661166
   0.103013  0.00114996 -0.00578403
   0.101697  0.00112192 -0.00675642
   0.102217  0.00113334 -0.00551947
   0.100794  0.00110533 -0.00660162
   0.100637  0.00113472 -0.00666129
   0.100925  0.00116826 -0.00583367
   0.099575   0.0011415 -0.00679843
   0.100082  0.00115203 -0.00557485
   0.098635  0.00112356 -0.00665126
  0.0984622  0.00115295 -0.00670712
  0.0987211  0.00118621 -0.00590145
  0.0973544  0.00115835 -0.00685285
  0.0977442  0.00119242 -0.00579721
  0.0962656  0.00116422 -0.00687171
  0.0970014    0.001173 -0.00528649
  0.0965298  0.00120238 -0.00579177
  0.0951497  0.00117401 -0.00672598
  0.0953613  0.00120787 -0.00598901
  0.0938551  0.00118057 -0.00706159
  0.0936854  0.00119072 -0.00706402
 0.0939124 0.00122805  -0.006266
  0.0925263  0.00119898 -0.00717729
  0.0928768  0.00124074 -0.00612644
  0.0913896  0.00121132 -0.00715224
  0.0920898  0.00122463 -0.00556324
  0.0916148  0.00125769 -0.00604655
  0.0902061  0.00122976 -0.00694447
  0.0903799  0.00126789 -0.00620466
  0.0888546  0.00123903 -0.00724857
  0.0886689  0.00124971 -0.00723763
  0.0888546  0.00128397 -0.00646061
  0.0874376  0.00125452 -0.00734324
  0.0877511  0.00129324 -0.00630863
  0.0862232  0.00126396 -0.00730577
  0.0868994  0.00127658 -0.00572729
  0.0863773  0.00130879 -0.00623158
  0.0849417  0.00127916 -0.00711037
  0.085084 0.00131635 -0.0063801
  0.0835123  0.00128771 -0.00741538
  0.0833025  0.00129591 -0.00741683
  0.0834491  0.00132968 -0.00665413
  0.0820054  0.00129883 -0.00751572
  0.0824114  0.00131103 -0.00632559
  0.0808537  0.00128152 -0.00730264
  0.0805895  0.00131231 -0.00737945
  0.0807232  0.00134827 -0.00659577
  0.0792508  0.00131917 -0.00747261
  0.0794981  0.00135501 -0.00645901
  0.0779207  0.00132543 -0.00744652
  0.0777113  0.00133366 -0.00742124
  0.0778598  0.00136542 -0.00663086
  0.0763827  0.00133425 -0.00748572
  0.0767667  0.00134478 -0.00631085
  0.0751734  0.00131453 -0.00729356
  0.0748724  0.00134465 -0.00739993
  0.0749632  0.00137918 -0.00666203
  0.0734593  0.00134937 -0.00754167
  0.0738098  0.00136231 -0.00638112
  0.0733865   0.0013947 -0.00663537
  0.0718735  0.00136387 -0.00750354
  0.0719544   0.0014057 -0.00676183
  0.0703276  0.00137516 -0.00776166
  0.0706571  0.00139065 -0.00661352
  0.0690465  0.00136004 -0.00759329
 0.0686891 0.00139642 -0.0077483
 0.0687514 0.00143758 -0.0070123
  0.0672444  0.00140653 -0.00786229
  0.0674313  0.00144846 -0.00688303
 0.0658304 0.00141733 -0.0078351
  0.0664021   0.0014309 -0.00631009
  0.0658069  0.00146363 -0.00684573
  0.0643064  0.00143254 -0.00766325
  0.0643535  0.00147262 -0.00698924
  0.0627203  0.00144092 -0.00796226
   0.062451  0.00144998 -0.00798747
  0.0625298  0.00148517 -0.00725526
   0.061017  0.00145445 -0.00807846
   0.061218  0.00149315 -0.00709345
  0.0596124  0.00146105 -0.00801778
   0.059375  0.00147035 -0.00799431
  0.0594902  0.00150533 -0.00719435
  0.0579781  0.00147282 -0.00800703
  0.0581786  0.00151104 -0.00702105
  0.0565505  0.00147962 -0.00796919
  0.0563075  0.00148895 -0.00794857
  0.0564028   0.0015217 -0.00718104
  0.0548772   0.0014899 -0.00799844
  0.0552017  0.00150131 -0.00685598
  0.0535669  0.00146899 -0.00780408
 0.0532147 0.00150048  -0.007938
  0.0532547  0.00153694 -0.00722103
  0.0517005   0.0015045 -0.00807465
  0.0520005  0.00151515 -0.00693792
  0.0503578  0.00148322 -0.00788026
 0.0499768 0.00151341 -0.0080485
  0.0500024  0.00155025 -0.00732866
   0.048449  0.00151703 -0.00817747
  0.0487285  0.00153012 -0.00705314
 0.0470937  0.0014976 -0.0079878
  0.0467095  0.00153255 -0.00814268
  0.0467279  0.00157603 -0.00743046
  0.0451806  0.00154383 -0.00826492
  0.0453171  0.00158802 -0.00732947
  0.0436833  0.00155501 -0.00825742
  0.0442008   0.0015695 -0.00676865
  0.0435685  0.00160582 -0.00731559
  0.0420321   0.0015726 -0.00812902
  0.0420338   0.0016156 -0.00747401
  0.0403838  0.00158187 -0.00842576
  0.0400799   0.0015923 -0.00846325
  0.0401162   0.0016303 -0.00774623
 0.0385866 0.00159667 -0.0085558
  0.0387514  0.00163827 -0.00758217
  0.0371244  0.00160421 -0.00849954
  0.0368616  0.00161462 -0.00846738
  0.0369457  0.00165051 -0.00768356
  0.0354273  0.00161658 -0.00847402
  0.0356039  0.00165706 -0.00748702
  0.0339717  0.00162252 -0.00841675
  0.0337142  0.00163194 -0.00838266
  0.0337869  0.00166808 -0.00761028
  0.0322553  0.00163324 -0.00841787
  0.0325582  0.00164511 -0.00726487
  0.030919 0.00161106  -0.008206
  0.0305657  0.00164382 -0.00832071
   0.030587    0.001684 -0.00760366
  0.0290352  0.00164943 -0.00844459
  0.029313 0.00166296 -0.0073059
  0.0276734  0.00162785 -0.00824223
  0.0273039  0.00166095 -0.00837886
  0.0273217  0.00169907 -0.00765988
   0.025773    0.001665 -0.00849697
  0.0259145   0.0017031 -0.00754524
  0.0242795  0.00166788 -0.00848248
  0.0239907  0.00167754 -0.00846933
  0.0240593  0.00171039 -0.00769883
  0.0225327  0.00167677 -0.00851584
  0.0226957  0.00171521 -0.00754216
  0.0210773   0.0016807 -0.00846791
   0.021398  0.00169718 -0.00728531
  0.0209573  0.00173795 -0.00751444
  0.0194386  0.00170312 -0.00832855
  0.0194941  0.00174872 -0.00758474
  0.0178585   0.0017147 -0.00854288
  0.018161 0.00172949 -0.0073908
  0.0165406  0.00169512 -0.00832985
  0.0161917  0.00173395 -0.00845496
  0.0162381  0.00177829 -0.00772927
  0.0147354  0.00174247 -0.00853855
  0.0150363  0.00175761 -0.00736453
  0.0146201  0.00179432 -0.00756596
  0.0131217  0.00175783 -0.00836664
  0.0131897  0.00180092 -0.00761422
  0.0115865  0.00176468 -0.00855225
  0.0118857  0.00177792 -0.00738109
  0.0102906  0.00174165 -0.00832196
 0.00994983  0.00177801 -0.00843178
  0.0100135  0.00182034 -0.00766982
 0.00852498   0.0017836 -0.00849238
  0.0082649  0.00179416 -0.00844005
  0.0083599  0.00183212 -0.00762943
 0.00688135   0.0017941 -0.00843385
 0.00708042  0.00183509 -0.00742674
 0.00549229  0.00179739 -0.00835803
 0.00525766  0.00180709 -0.00827706
 0.00535464  0.00184405 -0.00746548
 0.00387281   0.0018061 -0.00828227
 0.00407637  0.00184632 -0.00728183
  0.0024892  0.00180916 -0.00822261
  0.0022531  0.00181767 -0.00814354
 0.00235083  0.00185434 -0.00734149
0.000871902  0.00181579 -0.00817732
 0.00108113  0.00185529 -0.00716638
-0.000493086   0.00181642  -0.00811667
-0.000728618   0.00182452  -0.00803758
-0.000633196    0.0018609  -0.00723171
-0.00209787  0.00182254 -0.00806369
-0.00188996  0.00186274 -0.00705942
-0.00345612  0.00182618 -0.00800872
-0.00368512  0.00184018 -0.00791913
-0.00357203  0.00188385 -0.00710753
-0.00503885  0.00184655 -0.00794807
-0.00481638  0.00189319  -0.0069333
-0.00637562  0.00185606 -0.00789592
-0.00659543  0.00187005  -0.0077901
-0.00648417  0.00191313 -0.00697372
-0.00792652  0.00187333 -0.00780851
-0.00760956  0.00188967 -0.00660107
-0.00915116  0.00185079 -0.00756079
-0.00943547  0.00189057 -0.00759708
-0.00933735  0.00193602 -0.00681122
 -0.0107828  0.00189609 -0.00767268
 -0.0104666  0.00191083 -0.00646905
 -0.0119972  0.00187252 -0.00742779
-0.0122801  0.0019106 -0.0074717
 -0.0121659  0.00195433 -0.00667438
  -0.013598  0.00191466 -0.00753676
 -0.0132754  0.00192888 -0.00631311
 -0.0136348  0.00196546 -0.00645048
  -0.015059  0.00192534 -0.00730141
 -0.0149294  0.00196801 -0.00648596
 -0.0164479  0.00192788 -0.00747041
 -0.0161162  0.00194112 -0.00624198
 -0.0164833  0.00197709 -0.00640318
 -0.0178832  0.00193713 -0.00724836
 -0.0177396  0.00197911 -0.00641574
  -0.019231   0.0019374 -0.00738871
  -0.018682  0.00195023 -0.00581978
 -0.0191929  0.00198565 -0.00622323
 -0.0205654   0.0019444 -0.00705312
 -0.0204218  0.00198513 -0.00625864
 -0.0219051   0.0019447 -0.00722873
 -0.0220993  0.00195316 -0.00708471
 -0.0219272   0.0019903 -0.00621297
 -0.0232855  0.00194821 -0.00704284
 -0.0229698  0.00198881 -0.00593076
 -0.0244082  0.00194853 -0.00687697
 -0.0238106   0.0019627 -0.00523746
   -0.02425  0.00200257 -0.00557222
 -0.0255844  0.00196192 -0.00640015
 -0.0254047  0.00201321 -0.00557896
 -0.0268507  0.00197207 -0.00656235
 -0.0262672  0.00198964 -0.00497434
 -0.0267313  0.00203378 -0.00535106
 -0.0280605  0.00199165 -0.00620281
 -0.0278804  0.00204206 -0.00538543
 -0.0293065   0.0020004 -0.00637261
 -0.0289119  0.00201749 -0.00508885
 -0.0291977  0.00205879 -0.00517943
  -0.030498  0.00201584 -0.00601972
 -0.0302589  0.00206528 -0.00511745
 -0.0316579  0.00202345 -0.00609507
 -0.0312445  0.00203884 -0.00478366
 -0.0314942  0.00207882 -0.00483036
  -0.032783  0.00203698 -0.00568398
 -0.0325133  0.00208346 -0.00476454
 -0.0339033  0.00204077 -0.00574596
 -0.0340271  0.00205243 -0.00554086
  -0.033774   0.0020944 -0.00461475
 -0.0350429  0.00205088 -0.00546359
 -0.0346186  0.00206531 -0.00413501
 -0.0348349  0.00210347 -0.00413496
 -0.0361059  0.00206019 -0.00499905
 -0.0358325  0.00210506 -0.00407961
 -0.0372078  0.00206179 -0.00508103
 -0.0367775  0.00207592 -0.00376294
 -0.0370108  0.00211387 -0.00382106
 -0.0382775  0.00206971 -0.00469371
 -0.0379848  0.00211326 -0.00377905
 -0.0393466  0.00207041 -0.00478903
-0.0389032 0.00208263 -0.0034595
 -0.0402444  0.00203987 -0.00445612
 -0.0403541  0.00207735 -0.00436736
 -0.0400384  0.00211988 -0.00342694
 -0.0412735  0.00207541 -0.00431388
 -0.0410252  0.00200742 -0.00342305
 -0.0410008  0.00211429 -0.00300241
 -0.0422366  0.00207113 -0.00388838
 -0.0418687  0.00213075 -0.00285641
 -0.0431964  0.00208746 -0.00387303
 -0.0432734    0.002105 -0.00362119
 -0.0429685  0.00215636 -0.00267315
 -0.0441831  0.00211193 -0.00356197
 -0.0437377   0.0021658 -0.00240315
 -0.0450402  0.00212225 -0.00341309
-0.0450995  0.0021371 -0.0031374
 -0.0447623  0.00218519 -0.00215217
 -0.0459659  0.00214062 -0.00306005
 -0.045495 0.00219198 -0.0018793
 -0.0467863  0.00214704 -0.00290257
 -0.0468312  0.00216129 -0.00262212
 -0.0464805  0.00220705 -0.00163593
 -0.0476741  0.00216234 -0.00254952
 -0.0472074  0.00217889 -0.00120856
  -0.048488  0.00213365 -0.00224231
  -0.0477954   0.00218021 -0.000696303
  -0.0480736    0.0022269 -0.000974713
-0.0492537 0.00218166  -0.001915
 -0.0489038  0.00223154 -0.00103085
 -0.0501807  0.00218505 -0.00209225
 -0.0503736 0.000901797 -0.00077123
 -0.0508916  0.00225746 -0.00198626
 -0.0516082 0.000927324 -0.00153691
  -0.0511383   0.00102708 -0.000520209
 -0.0522454  0.00104522 -0.00143473
  -0.0516208   0.00114312 -0.000190101
 -0.0527816   0.0011513 -0.00121048
  -0.0526981   0.00120709 -0.000855636
  -0.052215  0.00129278 0.000188718
  -0.0532814   0.00129202 -0.000720073
 -0.0527099  0.00134369 0.000674281
  -0.0538778   0.00133959 -0.000368976
  -0.053802  0.00141252 -0.00016577
 -0.0533312  0.00149083 0.000814683
  -0.0544215   0.00148056 -0.000137016
 -0.053864 0.00152275  0.0012354
 -0.0550398  0.00150974 0.000173076
 -0.0549841  0.00157542 0.000340995
-0.0545225  0.0016517 0.00131477
 -0.0556111  0.00163426 0.000349725
-0.0550612 0.00167589 0.00172976
 -0.0562378   0.0016556 0.000649329
 -0.0561913  0.00172489 0.000827737
 -0.055725 0.00179988 0.00181867
 -0.0568108  0.00177655 0.000840283
-0.0562628 0.00181392 0.00222509
-0.0574274  0.0017876 0.00114561
-0.0573679 0.00185194 0.00134881
-0.0569025 0.00192073 0.00234165
-0.0579688 0.00189143 0.00137185
-0.0574216 0.00192307 0.00277096
-0.0585657 0.00189057  0.0016953
-0.0585013 0.00194926 0.00190709
-0.0580172 0.00201255 0.00292662
-0.0590766 0.00197981  0.0019492
-0.0585134 0.00200486 0.00335879
-0.0596556 0.00196965 0.00227838
-0.0595745 0.00202354 0.00250541
-0.0590805 0.00208308 0.00353925
-0.0601245 0.00204526 0.00255802
-0.0595631  0.0020678 0.00397619
-0.0606774 0.00202829 0.00289292
-0.0605907 0.00207848 0.00313998
 -0.060083 0.00213423 0.00417858
-0.0611003 0.00209317 0.00320117
 -0.060522 0.00211203 0.00463745
-0.0616271 0.00207046 0.00355895
-0.0615209 0.00211725 0.00381364
-0.0609986 0.00217072 0.00486845
-0.0619997 0.00212715 0.00388723
-0.0614118 0.00214371 0.00532827
-0.0625014 0.00209996 0.00424692
-0.0623818 0.00214425 0.00451019
-0.0618382 0.00219432 0.00558216
-0.0628395  0.0021491  0.0045914
-0.0627718 0.00216198 0.00498628
-0.0622592  0.0022087 0.00607923
-0.0632411 0.00216365 0.00510659
-0.0625831 0.00222069 0.00639503
-0.0636465 0.00217497 0.00529938
-0.0628194  0.0021966 0.00709898
-0.0629221 0.00224999 0.00700654
-0.0638864 0.00220459 0.00602341
-0.0633354 0.00226484 0.00705722
-0.0643994 0.00221911 0.00593486
-0.0643518 0.00223516 0.00627252
-0.0637967 0.00228911 0.00740647
-0.0647411 0.00224097 0.00642906
-0.0640281  0.0022997 0.00776422
-0.0650418 0.00225036 0.00667715
  -0.06491 0.00226541 0.00714641
-0.0643253 0.00231631 0.00830038
-0.0652466 0.00226632 0.00733251
-0.0645016 0.00232363 0.00868483
-0.0655037 0.00227382 0.00758345
-0.0653523  0.0022876 0.00806415
-0.0647624 0.00233725 0.00920858
 -0.065664 0.00228678 0.00823213
-0.0650234 0.00230232 0.00972655
-0.0660182 0.00225246 0.00861373
-0.0658094   0.002299 0.00895518
 -0.065172 0.00235249  0.0100634
-0.0660603 0.00230244 0.00906593
-0.0653851 0.00231626  0.0105613
-0.0663559 0.00226494 0.00944944
-0.0661262 0.00231059 0.00978516
-0.0654587 0.00236255  0.0109172
-0.0663388 0.00231137 0.00990544
-0.0656504  0.0023238   0.011397
-0.0666136 0.00227179  0.0102737
-0.0663601 0.00231612  0.0106285
-0.0656753 0.00236724  0.0117567
-0.0665446 0.00231459  0.0107402
-0.0657144 0.00236527  0.0120944
-0.0666593 0.00231172  0.0109711
-0.0664448 0.00232189  0.0114708
-0.0657836 0.00236943  0.0126438
-0.0666361 0.00231743  0.0116388
-0.0658195 0.00237607  0.0129996
-0.0667559 0.00232442  0.0118725
-0.0658243 0.00234646  0.0137255
-0.0657883 0.00240227  0.0137179
-0.0666213 0.00234888  0.0127128
-0.0659389 0.00241316     0.0138
-0.0668731 0.00236078   0.012649
-0.0666916 0.00237813  0.0131316
-0.0660557 0.00243474  0.0142588
-0.0668775 0.00238112  0.0132557
-0.0660498 0.00244286  0.0146223
 -0.066944 0.00238997  0.0135047
-0.0661885 0.00240863  0.0150734
-0.0659548 0.00246012  0.0153719
  -0.06676 0.00240665   0.014365
-0.0660042 0.00246655  0.0155523
-0.0668933  0.0024126  0.0144204
-0.0661477 0.00243019  0.0159663
-0.0659237 0.00248158  0.0162419
-0.0667033 0.00242734  0.0152359
-0.0659343 0.00249048  0.0164279
-0.0668069 0.00243748   0.015296
-0.0660543 0.00245822  0.0168419
-0.0669058 0.00240296  0.0157233
-0.0665692 0.00245914   0.016143
-0.0657867    0.00252  0.0173407
 -0.066539 0.00246489  0.0163376
-0.0657669  0.0024847  0.0179073
-0.0654797 0.00253744  0.0182544
-0.0662325 0.00248048  0.0172513
-0.0654406 0.00254082  0.0184519
-0.0662828 0.00248407  0.0173124
-0.0653253 0.00250159  0.0191634
 -0.066161 0.00244486  0.0180296
 -0.065966 0.00249816   0.018185
-0.0651987 0.00255628  0.0193227
-0.0659509 0.00249861  0.0182814
-0.0651722 0.00251652  0.0198425
-0.0648875 0.00256925  0.0201782
-0.0656207  0.0025134  0.0191655
-0.0647974 0.00257925  0.0203814
 -0.065621 0.00252279   0.019239
 -0.0653006 0.000925127   0.0209281
 -0.0660754 0.000953186   0.0197991
-0.0656732 0.00109024   0.020231
   -0.0648 0.00122708  0.0214545
-0.0654569  0.0012396  0.0204504
-0.0646081 0.00132206  0.0220363
-0.0653504 0.00132658  0.0209177
-0.0648952 0.00143952  0.0214022
-0.0640045 0.00155637  0.0226361
  -0.06467 0.00155271  0.0216196
-0.0638224 0.00161834  0.0231931
-0.0645748 0.00160852  0.0220564
-0.0634257  0.0017088  0.0238282
-0.0631585 0.00180918  0.0239055
-0.0638292 0.00179271  0.0228689
-0.0629588 0.00189619  0.0240266
-0.0637375 0.00187641  0.0228537
-0.0629037 0.00192982  0.0244138
 -0.062568 0.00201798  0.0247275
-0.0632487 0.00199198  0.0236967
-0.0623876 0.00208437  0.0249164
-0.0631475 0.00205471  0.0237635
-0.0621451 0.00210019  0.0256278
-0.0619704 0.00218215  0.0257232
-0.0626332  0.0021468  0.0247057
-0.0617994 0.00223212  0.0258853
-0.0625503 0.00219548    0.02474
-0.0622896 0.00222995  0.0252579
-0.0614851 0.00230647  0.0265386
-0.0621367  0.0022651  0.0255306
-0.0611403 0.00230425  0.0269925
-0.0618575  0.0022452  0.0258682
-0.0607923 0.00218277  0.0277774
-0.0605431 0.00213941  0.0279032
-0.0611823 0.00208819  0.0268924
-0.0603015 0.00210515   0.028073
-0.0610269 0.00205503   0.026923
-0.0606937 0.00201852  0.0274999
-0.0598834 0.00203452  0.0287053
-0.0605156 0.00198543  0.0276907
-0.0595066 0.00202214  0.0291192
-0.0602057 0.00197114  0.0279968
-0.0591433 0.00195393  0.0298916
 -0.058896 0.00196876  0.0300404
-0.0595114 0.00191752  0.0290286
-0.0586311 0.00195272  0.0302111
-0.0593379 0.00190073  0.0290668
-0.0582981 0.00188035  0.0309225
-0.0580776 0.00189286  0.0310274
 -0.058688 0.00184202  0.0300204
-0.0578124 0.00187496  0.0311971
-0.0585081 0.00182303  0.0300614
-0.0576547 0.00180084  0.0316454
-0.0572578 0.00181204   0.032023
-0.0578576  0.0017609  0.0310188
-0.0569217 0.00179225  0.0322776
 -0.057599 0.00173922  0.0311562
-0.0565126   0.001775   0.032638
-0.0561992 0.00174055  0.0331673
-0.0567806 0.00168829   0.032167
-0.0558889 0.00170744  0.0334706
-0.0565604 0.00165401  0.0323463
 -0.055536 0.00163032  0.0342335
-0.0552819 0.00163836  0.0343918
-0.0558609 0.00158747  0.0333952
 -0.054955 0.00161746  0.0346073
-0.0556199 0.00156515  0.0334858
-0.0552586  0.0015327  0.0341085
-0.0544052 0.00155226  0.0353558
-0.0549584 0.00149924  0.0343622
 -0.053915 0.00153403  0.0358288
-0.0545505 0.00148175  0.0347312
-0.0541336 0.00144752  0.0353978
-0.0532366 0.00146925  0.0366966
-0.0537918 0.00141747  0.0356972
-0.0529384 0.00139194  0.0372859
-0.0524909 0.00140735  0.0377322
-0.0530476 0.00135921    0.03673
-0.0520923 0.00140385  0.0379792
-0.0527374 0.00135517  0.0368434
-0.0518463 0.00134668  0.0384226
 -0.052475 0.00129859   0.037305
-0.0519411 0.00133307  0.0378104
-0.0509636  0.0013882  0.0390662
-0.0514959 0.00134153  0.0380697
-0.0505881 0.00133422  0.0396479
-0.0501047 0.00136596  0.0400971
-0.0506397 0.00131862  0.0391005
-0.0496496 0.00137206  0.0403583
-0.0502794 0.00132477   0.039235
-0.0493763 0.00131626  0.0408027
-0.0499936 0.00126861   0.039687
-0.0494411 0.00130137  0.0402133
-0.0484541 0.00135455  0.0414606
-0.0489838 0.00130875   0.040466
-0.0480679 0.00129988  0.0420471
-0.0475689 0.00133081  0.0425086
-0.0481029 0.00128468  0.0415092
 -0.047115 0.00175492  0.0427688
-0.0477299 0.00185435  0.0416493
-0.0468202 0.00221073  0.0432208
-0.0474332 0.00228035  0.0421136
-0.0468835  0.0025951  0.0426447
-0.0458973 0.00290694  0.0439044
 -0.046413 0.00289769  0.0429097
-0.0455047 0.00303957  0.0444946
 -0.046096 0.00299796  0.0433999
-0.0455227 0.00318592   0.043972
 -0.044521 0.00335013  0.0452373
-0.0450374 0.00327391  0.0442418
 -0.044127 0.00334109  0.0458162
-0.0439203 0.00157139  0.0463571
-0.0444313 0.00156472  0.0453473
-0.0434172 0.00171983  0.0466002
 -0.043988 0.00169346  0.0454864
-0.0428706 0.00176736  0.0473183
-0.0425238 0.00188672  0.0475118
-0.0430057 0.00185826  0.0465258
-0.0420154 0.00200569  0.0477292
-0.0425741 0.00196167  0.0466211
 -0.042138 0.00200826  0.0472695
-0.0412186 0.00212241  0.0485053
 -0.041695 0.00207632  0.0475346
-0.0405698 0.00220662  0.0489954
-0.0411213 0.00215789  0.0479112
-0.0406549 0.00219762  0.0486016
-0.0397016 0.00228785  0.0498975
-0.0401752 0.00222968  0.0489181
-0.0390411 0.00233756  0.0503885
-0.0395984 0.00227884  0.0493033
-0.0391229 0.00230244  0.0499947
-0.0381899 0.00239091   0.051261
-0.0386594 0.00232779  0.0502912
-0.037542 0.0024208 0.0517378
-0.0380972  0.0023555  0.0506421
 -0.037632 0.00236574  0.0513344
 -0.0368896 0.000492795   0.0526211
 -0.0373558 0.000527278   0.0516408
 -0.0362415 0.000700978    0.053073
-0.0367775 0.00141335  0.0519934
-0.0361148 0.00371691  0.0526396
-0.0352051  0.0067392  0.0539169
-0.0353617 0.00731112  0.0528783
-0.0345394 0.00997794  0.0544303
-0.0351254  0.0109533  0.0533583
-0.0341494  0.0129399  0.0538185
-0.0332533  0.0155249  0.0550807
-0.0331291  0.0152949  0.0539172
-0.0323634  0.0175164  0.0554731
-0.033021 0.0182169 0.0544012
-0.032607 0.0204197 0.0549682
-0.0317763  0.0223943  0.0562018
-0.0323707  0.0228801  0.0552214
-0.0316091  0.0244821  0.0567508
-0.0303305  0.0245365  0.0569681
-0.0309511  0.0248509  0.0560087
-0.0301031  0.0262251  0.0572663
-0.0308295  0.0264269  0.0561724
-0.0305867  0.0275751  0.0568255
-0.0298581  0.0285504  0.0580393
-0.030457 0.0285337 0.0570885
-0.0295154  0.0292724  0.0585093
-0.0301482  0.0291113  0.0574651
-0.0298066  0.0296576   0.058185
-0.0289718  0.0300099  0.0594723
-0.0294858  0.0296927  0.0585483
-0.0284439  0.0298281  0.0600226
-0.0290095  0.0293911  0.0589994
-0.0285942  0.0294153  0.0597384
-0.027682 0.0292119 0.0610516
-0.0281548  0.0286486  0.0601362
-0.027035 0.0282615 0.0616153
-0.0275771  0.0276232  0.0605912
-0.027135 0.0272181 0.0612836
-0.0261579  0.0265777  0.0626283
-0.0265963  0.0258677  0.0617139
-0.0254419  0.0250738  0.0631902
-0.0259478  0.0243211  0.0621689
-0.0248038  0.0235771  0.0640238
-0.0243724  0.0226245  0.0643396
-0.0247892  0.0218356  0.0634223
-0.0237498  0.0207568  0.0646565
-0.024259 0.0199577 0.0636162
-0.0237837  0.0190072  0.0643134
-0.0228257   0.017839   0.065559
-0.0232402  0.0170425  0.0646351
-0.0220754  0.0158072  0.0660847
-0.0225563  0.0150345  0.0650644
-0.0214087  0.0139509  0.0668994
-0.0209551  0.0127236  0.0672285
-0.0213595  0.0119818  0.0663131
-0.0203051  0.0107171  0.0675501
-0.0207978  0.0100233  0.0665165
-0.0196691 0.00892727  0.0683133
-0.0192542 0.00771379  0.0685929
-0.0196543 0.00708226  0.0676918
-0.0186181 0.00588767  0.0689154
 -0.019107 0.00536117  0.0678932
-0.0186604 0.00439091  0.0685494
-0.0176761 0.00334396  0.0698588
  -0.01807 0.00290031  0.0689625
-0.0169183 0.00191629  0.0704274
-0.0173788 0.00155162  0.0694366
 -0.0168718 0.000757896   0.0701872
  -0.0158977 -7.23296e-05     0.071488
 -0.0162856 -0.00035723    0.070604
 -0.0151402 -0.00112618   0.0720584
-0.0156008 -0.0013234  0.0710685
 -0.0151032 -0.00192913   0.0718162
 -0.0141376 -0.00251872   0.0730989
 -0.0145337 -0.00261766   0.0722073
-0.0145844 -0.0016442  0.0740058
 -0.0140048 -0.00209523   0.0745427
 -0.0143509 -0.00214349   0.0736205
 -0.0132322 -0.00251869   0.0748784
 -0.0136053 -0.00252006   0.0738742
 -0.0124248 -0.00282868   0.0756489
 -0.0119092 -0.00303986   0.0759731
 -0.0122054 -0.00294537   0.0750986
 -0.0111017 -0.00304871   0.0763183
  -0.011489 -0.00287498   0.0753226
 -0.0104908 -0.00292266    0.076837
-0.00986897 -0.00283216   0.0773653
 -0.0101898 -0.00257156    0.076484
-0.00908434 -0.00237259   0.0777485
-0.00949492 -0.00205201   0.0767528
-0.00852602 -0.00184621   0.0782605
-0.00892489 -0.00147698    0.077283
  -0.008262 -0.00110142   0.0779151
-0.00718389 -0.00065142   0.0791748
 -0.00752587 -0.000228753    0.0782964
-0.00632631 0.000315098   0.0797315
-0.00674648 0.000777177   0.0787549
-0.00622287  0.00128267    0.079492
-0.00525199  0.00192036   0.0807536
-0.00561631   0.0024194   0.0798657
-0.0045012 0.00315381   0.081276
-0.00409726  0.00383772   0.0818976
-0.00447291  0.00440552   0.0810097
-0.00355398  0.00522585   0.0822388
-0.00401432  0.00579943   0.0812298
-0.00318023  0.00652593   0.0826849
-0.00363036  0.00709136    0.081695
-0.00307361  0.00797804   0.0822966
-0.00210606  0.00889234   0.0835057
-0.00245947  0.00943985   0.0826359
-0.00134985   0.0103711   0.0840337
-0.00177593   0.0108981   0.0830762
-0.00130638   0.0116973   0.0838056
-0.000389039    0.0125868    0.0850424
-0.000750759    0.0130843    0.0841926
0.000318034   0.0139802    0.085581
-0.000102769    0.0144428    0.0846272
0.00035094  0.0152016  0.0853614
0.00124222  0.0160296  0.0865829
0.000885719   0.0164462   0.0857332
0.0019444 0.0172537 0.0871111
0.00152393  0.0176169  0.0861659
0.00257869  0.0182593  0.0878881
0.00295538  0.0189765  0.0882304
0.00354197  0.0178389  0.0871137
0.00444003  0.0186008  0.0883028
0.00396662  0.0189518  0.0873558
0.00428735  0.0196136  0.0880356
0.00504968  0.0202833  0.0892085
0.0046175 0.0205965 0.0883617
0.0055458 0.0212256 0.0897071
0.00512089  0.0214487   0.088639
0.00609316  0.0219184  0.0896727
0.00670716  0.0224293  0.0898328
0.0064956 0.0225754 0.0885301
0.0076715 0.0229396 0.0888294
0.00752956  0.0229956  0.0866989
0.00874958  0.0232323  0.0865157
0.00970774  0.0234669  0.0850365
0.00983158  0.0234679  0.0823585
0.0114895  0.023647 0.0810528
0.0116796  0.023666 0.0782557
0.0136969 0.0238314 0.0771903
0.0139964 0.0238359 0.0746878
0.0154718 0.0239792 0.0736072
0.0175517 0.0240997 0.0731131
0.0180041 0.0240752  0.071221
0.0203698 0.0241607 0.0713591
0.0207691 0.0241163 0.0696959
 0.022424 0.0241714 0.0696624
0.0245948 0.0241787 0.0702545
 0.025019 0.0240929 0.0689184
0.0273253 0.0240548 0.0698911
0.0287632 0.0240031 0.0701991
0.0291029 0.0238835 0.0689869
0.0310276 0.0237668 0.0699663
0.0311998 0.0236223 0.0686646
0.0328607  0.023472 0.0698518
0.0341361  0.023302 0.0703458
0.0342827 0.0231274 0.0692815
0.0359353 0.0228965 0.0704927
0.0359423 0.0227073  0.069354
0.0373121 0.0224554 0.0708046
0.0382518 0.0221851 0.0715913
0.0382399 0.0219787 0.0707169
0.0395246 0.0216522 0.0722304
 0.039391 0.0214369 0.0712605
0.0406653 0.0210833 0.0730907
0.0404758 0.0208616 0.0721762
0.0409898 0.0205341 0.0733416
0.0418645 0.0201503 0.0750725
0.0416661 0.0199235 0.0743783
0.0425798 0.0195214 0.0764088
0.0422976 0.0192966 0.0755896
  0.04252 0.0189274 0.0769287
0.0431171 0.0184768 0.0787769
0.0428669 0.0182058 0.0781314
0.0435409 0.0177378 0.0802572
0.0432455 0.0174801 0.0794743
0.0432803 0.0170361 0.0808887
  0.04371 0.0165742 0.0828228
0.0434619  0.016353 0.0822326
0.0438125 0.0159396 0.0842754
0.0435408 0.0157415 0.0835536
0.0435699 0.0153719  0.085173
0.0439909 0.0149983 0.0872587
0.0437954  0.014826 0.0867562
0.0441295  0.014472 0.0889144
0.0439248 0.0143295 0.0882469
0.0439688 0.0140289 0.0899913
0.0444081 0.0137233 0.0921686
0.0442934 0.0135999 0.0917156
0.0446547 0.0133024 0.0939406
0.0445277 0.0132085 0.0933074
0.0446192 0.0129737 0.0951119
0.0451204 0.0127474  0.097334
0.0450842 0.0126773 0.0969068
0.0455019 0.0124526 0.0991584
0.0454618 0.0124127 0.0985529
0.0456329 0.0122593  0.100376
0.0462369 0.0121191   0.10262
0.0462836 0.0120988  0.102211
0.0467901 0.0119464  0.104464
0.0468396 0.0119503  0.103879
 0.047121 0.0118775  0.105707
0.0478348 0.0118143   0.10794
0.0479802 0.0118378  0.107544
0.0485742 0.0117548   0.10977
  0.04894 0.0117509  0.111435
0.0491201 0.0117977  0.110994
0.0499522 0.0118066  0.113177
0.0501125 0.0118667  0.112551
0.0508312 0.0118449  0.114739
0.0513041  0.011909  0.116283
0.0515493 0.0119807  0.115868
0.0525066 0.0120529  0.118007
0.0527385 0.0121342  0.117429
0.0535578 0.0121631  0.119585
0.0538013 0.0122517  0.119007
0.0544358 0.0123665  0.120711
0.0555055  0.012499  0.122798
0.0558285 0.0126364  0.122414
0.0567321 0.0127457    0.1245
0.0574249 0.0129493  0.126008
0.057736 0.013085 0.125538
0.0588757 0.0132956   0.12749
0.0591477  0.013429  0.126822
0.0601243 0.0135732  0.128756
0.0608607 0.0138047  0.130037
0.0611817 0.0139336  0.129533
0.0623893 0.0141564  0.131352
0.0626787  0.014279  0.130695
0.0637045 0.0144295  0.132535
0.0645176 0.0146639  0.133765
0.0648456 0.0147735  0.133263
0.0660951 0.0149861  0.134996
0.0663685  0.015084  0.134334
0.0674384 0.0152246  0.136082
0.0682776 0.0154362  0.137204
0.0685861 0.0155172   0.13667
0.0698607 0.0157046  0.138282
0.0701154  0.015772  0.137582
0.0711974 0.0158829  0.139215
0.0720599 0.0160574  0.140216
0.0723423 0.0161053  0.139644
 0.073626 0.0162493  0.141124
0.0738511 0.0162816  0.140396
0.0749492 0.0163514  0.141915
0.0758026 0.0164735  0.142802
 0.076053 0.0164822  0.142196
0.0773258  0.016574  0.143554
0.0775155 0.0165688  0.142803
0.0786036 0.0165897  0.144207
0.0794481 0.0166591  0.144989
0.0796701 0.0166337  0.144363
0.0809171 0.0166653  0.145599
0.0810778 0.0166268  0.144834
0.0821556 0.0165965  0.146141
0.0829817  0.016605  0.146841
0.0831627 0.0165471   0.14619
0.0843776 0.0165344  0.147333
0.0845021 0.0165146  0.146543
0.0855577 0.0164772  0.147768
0.0863609 0.0164867  0.148381
0.0865108 0.0164486  0.147702
0.0876954 0.0164296  0.148758
0.0877895 0.0163791  0.147959
 0.088821 0.0163068  0.149096
0.0895869 0.0162727  0.149635
0.0897021 0.0162039  0.148945
0.0908523  0.016136  0.149919
0.0909087 0.0160628  0.149104
  0.09192 0.0159469  0.150173
0.0926614 0.0158657  0.150652
0.0927486 0.0157796  0.149951
0.0938622 0.0156642   0.15086
0.0938983 0.0155737  0.150042
0.0948818 0.0154173  0.151051
0.0949024 0.0153246  0.150236
0.0956574 0.0151963  0.150765
 0.096743 0.0150466  0.151616
0.0968024 0.0149439  0.150897
0.0977656 0.0147559  0.151863
0.0977663 0.0146524  0.151048
0.098505 0.014496 0.151545
0.0995514  0.014314  0.152346
0.0995934 0.0142077    0.1516
 0.100524 0.0139956  0.152503
 0.100498 0.0138907  0.151664
 0.101199 0.0137117  0.152104
  0.10221 0.0135135   0.15285
0.102235 0.013406   0.1521
 0.103131 0.0131794  0.152957
0.103763 0.012991  0.15329
 0.103771 0.0128886  0.152548
 0.104745 0.0126813  0.153274
 0.104694 0.0125854  0.152427
 0.105522 0.0123548  0.153187
 0.105981 0.0121672  0.153287
 0.105738 0.0120738  0.152216
  0.10632 0.0118858   0.15239
 0.105867 0.0118525  0.150999
 0.105851 0.0116994  0.150643
 0.106013 0.0115648  0.150346
  0.10541 0.0115389  0.148914
 0.105496 0.0114233  0.148597
 0.104782 0.0114086  0.147107
 0.104392 0.0112899  0.146532
 0.104194 0.0111927  0.146119
 0.103448 0.0111853  0.144767
  0.10326 0.0111014  0.144455
0.102476 0.011104 0.143109
 0.101899 0.0110079  0.142579
 0.101595 0.0109413  0.142284
 0.100839 0.0109493  0.141033
 0.100595 0.0108915  0.140791
0.0998488 0.0109082   0.13951
 0.099753 0.0108132  0.139584
0.0991123 0.0107874  0.138775
0.0984465 0.0108073  0.137562
0.0982361 0.0107743  0.137141
0.0975992 0.0108041  0.135885
0.0971773 0.0107496  0.135374
0.0970783 0.0107257  0.135017
0.0965308 0.0107548  0.133854
0.0966058 0.0107373  0.133581
0.0961132 0.0107743  0.132406
 0.095921 0.0107362  0.131925
0.0960781 0.0107187  0.131592
0.0956762 0.0107485  0.130475
0.0959248 0.0106916  0.130366
0.0955502 0.0107271   0.12922
0.0956331 0.0107347  0.128561
0.0960633 0.0107376  0.128144
0.0957776 0.0107733  0.127009
0.0963791 0.0107784  0.126683
0.0960967 0.0108203  0.125565
0.0965587 0.0108608  0.125271
0.0970237 0.0108115  0.124702
0.0968089 0.0108513  0.123663
0.0975545 0.0108777   0.12328
0.0973195 0.0109766  0.122208
0.0977449 0.0110204  0.121673
0.0984999 0.0110923  0.121264
0.0983343 0.0111752  0.120256
0.0992268 0.0112613   0.11989
 0.099015 0.0113437  0.118845
0.0995515  0.011395  0.118276
 0.100416 0.0114782  0.117842
 0.100238 0.0115529  0.116831
 0.101213 0.0116365  0.116424
 0.100993 0.0117083  0.115396
 0.101883 0.0117313  0.115145
0.102536 0.011822 0.114337
 0.102333 0.0118803  0.113351
 0.103279 0.0119489  0.112801
  0.10301 0.0120037  0.111796
 0.103901 0.0120119  0.111496
 0.103612 0.0120573  0.110509
 0.104277 0.0121219  0.109711
  0.10519 0.0121667  0.109147
 0.104926 0.0121967  0.108174
 0.105786 0.0121865  0.107867
 0.105451 0.0122139  0.106925
 0.106077 0.0122486  0.106127
 0.106934 0.0122717   0.10556
 0.106595 0.0122704  0.104639
  0.10741 0.0122456  0.104304
 0.106991 0.0122503  0.103384
 0.107555 0.0122573  0.102589
 0.108315 0.0122455  0.102016
 0.107922 0.0122365  0.101094
 0.108648 0.0121698  0.100772
 0.108173 0.0121599 0.0998723
 0.108641 0.0121362  0.099076
   0.1093 0.0120927 0.0984961
 0.108838 0.0120648 0.0976092
 0.109484 0.0119732 0.0972907
 0.109828 0.0119284 0.0964695
 0.109313 0.0118983 0.0956322
 0.109887 0.0118526 0.0950895
 0.109298 0.0118833  0.094235
  0.10956 0.0118581 0.0935779
 0.110041 0.0118534 0.0931087
 0.109482 0.0118754 0.0923123
 0.110007 0.0118801 0.0918936
 0.109394 0.0119035 0.0910897
 0.109883 0.0118634 0.0908331
 0.110053  0.011883 0.0900949
 0.109456 0.0118939 0.0893215
 0.109851 0.0118945 0.0888379
 0.109201 0.0119062 0.0880482
 0.109621 0.0118576 0.0878031
 0.109717 0.0118651 0.0871031
   0.1091 0.0118693 0.0863745
 0.109427 0.0118576 0.0859596
 0.108762  0.011864 0.0852243
 0.108851 0.0118236 0.0847179
 0.109111 0.0118027 0.0843745
  0.10848  0.011799 0.0837002
 0.108795 0.0117728  0.083438
 0.108127 0.0117723 0.0827532
 0.108187 0.0117239  0.082324
 0.108409 0.0116887 0.0820474
 0.107782 0.0116622 0.0814084
 0.108049 0.0116052 0.0812043
 0.107373 0.0115804 0.0805386
 0.107764 0.0114792  0.080572
 0.107651 0.0114303 0.0799635
 0.107023 0.0113905 0.0793646
 0.107207  0.011316 0.0790995
 0.106532 0.0112732 0.0784767
 0.106866 0.0111525 0.0785396
 0.106717 0.0110877 0.0779903
  0.10609 0.0110405  0.077439
 0.106231 0.0109625  0.077253
 0.105567 0.0109213 0.0766865
 0.105519 0.0108244 0.0764033
 0.105649 0.0107492 0.0763098
 0.105017 0.0107106 0.0758034
 0.105192 0.0106677 0.0757976
 0.104546  0.010706 0.0752759
 0.104846 0.0106701 0.0754657
 0.104675 0.0107108 0.0750737
  0.10407 0.0107508 0.0746006
 0.104172 0.0108064   0.07453
  0.10353 0.0108547 0.0740131
 0.103462 0.0108838 0.0738214
  0.10355 0.0109472 0.0738042
  0.10296 0.0109993 0.0733645
 0.103129 0.0110168 0.0735085
 0.102501 0.0110745 0.0730383
 0.102418 0.0111658 0.0728618
 0.102513 0.0112583 0.0728923
 0.101936 0.0113108 0.0724698
   0.1021 0.0113475 0.0726395
 0.102001 0.0114587 0.0724602
 0.101417 0.0115123 0.0720586
 0.101522 0.0116201 0.0721282
 0.100913 0.0116793 0.0716962
0.101059 0.011786 0.071842
 0.100473 0.0118451 0.0714214
 0.100401 0.0119142 0.0713461
 0.100505 0.0120184 0.0714586
0.0999513 0.0120718 0.0711009
 0.100094  0.012177 0.0712878
0.0995189 0.0122324 0.0709005
0.0994588 0.0123009 0.0708605
0.0995637 0.0124007 0.0709901
0.0990233 0.0124469 0.0706534
0.0991658 0.0125499 0.0708422
 0.098595 0.0125968 0.0704645
0.0985404  0.012661  0.070434
0.0986418 0.0127561 0.0705655
0.0981108 0.0127967 0.0702365
0.0982704 0.0128326 0.0704796
0.0977148 0.0128727 0.0701144
0.0979623  0.012951 0.0704271
0.0978055 0.0130654 0.0702354
0.0972755  0.013097 0.0699178
0.0973653 0.0132129 0.0700312
0.0972692 0.0133386 0.0699577
0.0967369 0.0134355 0.0696506
0.0968175 0.0135922 0.0697898
0.0962715 0.0136856 0.0694588
0.0964233 0.0137889 0.0697163
0.0958793  0.013875 0.0693891
0.0958011 0.0140527 0.0693576
0.0958991 0.0142237 0.0695178
0.0953806 0.0142893 0.0692374
0.0955446 0.0143874 0.0694996
0.0950096 0.0144525 0.0691848
0.0949419 0.0146112 0.0691476
0.0950396  0.014756 0.0692925
0.0945364 0.0148039 0.0690064
0.0947017 0.0148793 0.0692419
0.0941696 0.0149259 0.0689195
0.0941066 0.0150573  0.068868
0.0942138  0.015175 0.0689862
0.0937064 0.0152054 0.0687019
0.0938711 0.0152533 0.0689174
0.0933422 0.0152821 0.0686065
0.0932882 0.0153862 0.0685378
0.0933843 0.0154758 0.0686455
0.0928847  0.015486  0.068367
0.0930533 0.0155103 0.0685711
 0.092525 0.0155232 0.0682678
0.0924753 0.0156006 0.0681981
0.0925768 0.0156615 0.0682839
0.0920798 0.0156586 0.0680159
0.0922441 0.0156585 0.0682009
0.0921674 0.0157153 0.0680721
0.0916614 0.0157059 0.0678012
0.0917645 0.0157426 0.0678698
0.0912354 0.0157318 0.0675599
0.0913966 0.0157117 0.0677277
0.0913108 0.0157427 0.0675731
0.0908066 0.0157259  0.067307
0.0908989 0.0157357 0.0673642
 0.090372 0.0157159 0.0670705
0.0905244  0.015703 0.0672173
0.0904405 0.0157906 0.0670589
0.0899392 0.0158373 0.0668119
0.0900329 0.0159207 0.0668471
0.0894948 0.0159652 0.0665524
0.0896291  0.016054 0.0666449
0.0890909 0.0160938 0.0663473
0.0890534 0.0161464 0.0662462
0.0891528 0.0162247 0.0662776
0.0886375 0.0162474 0.0660096
0.0887759 0.0163206 0.0660887
0.0882452 0.0163441  0.065794
0.0882116 0.0163792 0.0656785
0.0883192 0.0164362 0.0656861
0.0878026 0.0164453 0.0654172
0.0879397 0.0164973 0.0654629
0.0874053 0.0165093 0.0651615
0.0873739 0.0165263 0.0650251
0.0874661 0.0165616 0.0650003
0.0869584 0.0165614 0.0647313
0.0870888  0.016593 0.0647513
0.0865448 0.0165948  0.064448
0.0865163 0.0165957 0.0642954
0.0866125 0.0166149  0.064262
0.0860837 0.0166047 0.0639863
0.0862071 0.0166199 0.0639872
0.0856638 0.0166125 0.0636925
0.0858975 0.0165703 0.0638193
0.0857711 0.0166008 0.0635017
0.0852448 0.0165857 0.0632318
 0.085318 0.0165903 0.0631354
0.0847603 0.0165779  0.062836
0.0849752 0.0165293 0.0629408
0.0848209 0.0165441 0.0625965
0.0842926 0.0165262  0.062339
0.0843539 0.0165253 0.0622293
0.0837906 0.0165073 0.0619422
0.0839285 0.0164536 0.0619565
0.0833736 0.0164366 0.0616752
0.0832957 0.0164388 0.0614329
0.0833623 0.0164584  0.061348
0.0828274 0.0165157  0.061079
0.0829672 0.0165355 0.0610961
0.0828672 0.0166299 0.0608272
0.0823342 0.0166886 0.0605677
 0.082394 0.0167869 0.0604656
 0.081836 0.0168472 0.0601843
0.0820296 0.0168802   0.06025
0.0814645 0.0169334 0.0599582
0.0813317 0.0170461 0.0596329
0.0813669  0.017146 0.0594851
0.0808291 0.0171814 0.0592085
0.0809461 0.0172134 0.0591951
0.0808485 0.0173181 0.0589023
0.0803136 0.0173534 0.0586486
0.0803548 0.0174405 0.0585198
0.0797984 0.0174767 0.0582508
0.0798696 0.0175582 0.0581621
 0.079305 0.0175899 0.0578807
 0.079248 0.0176287  0.057669
0.0792983 0.0176973  0.057544
0.0787717 0.0177174 0.0573018
0.0788477 0.0177796 0.0572197
0.0782874 0.0177999 0.0569488
0.0784183 0.0178022 0.0569192
0.0783171 0.0178736 0.0566159
0.0777858 0.0178835 0.0563661
0.0778309 0.0179375 0.0562153
0.0772676 0.0179495  0.055934
0.0774427 0.0179346 0.0559569
 0.077284  0.017998 0.0555811
0.0767458 0.0179989 0.0553398
 0.076769 0.0180394  0.055169
0.0762032 0.0180449 0.0549077
0.0761291 0.0180487 0.0546674
0.0755721 0.0180487 0.0544099
0.0756229  0.018071 0.0543049
0.0756768 0.0180972 0.0542105
 0.075153 0.0180855 0.0539997
0.0750777 0.0180782 0.0537603
0.0751251 0.0181238  0.053663
0.0745853 0.0182011 0.0534179
0.0746402 0.0183066 0.0533215
0.0740794 0.0183846 0.0530583
0.0741856  0.018445 0.0530077
0.0740641 0.0185979 0.0526968
0.0735239 0.0186589 0.0524564
0.0735405  0.018799 0.0522914
0.0729754 0.0188613 0.0520339
0.0730581 0.0189202 0.0519719
0.0725025 0.0189761 0.0517201
0.0723903 0.0191052 0.0514406
0.0723939 0.0192295 0.0512909
0.0718646 0.0192617  0.051062
0.0718912 0.0193728 0.0509532
0.0713424 0.0194101 0.0507148
0.0712732 0.0194696  0.050504
 0.071281 0.0195563 0.0503742
0.0707604 0.0195812 0.0501587
0.0707897 0.0196642 0.0500652
0.0702439 0.0196849  0.049823
0.0701733 0.0197243 0.0496112
0.0701821   0.01979 0.0494872
0.0696723 0.0197967 0.0492707
0.0697035 0.0198593 0.0491753
 0.069155 0.0198646 0.0489379
0.0693041 0.0198523 0.0489636
0.0691368 0.0199191 0.0486307
 0.068619 0.0199144 0.0484085
0.0686075 0.0199561 0.0482588
0.0680648 0.0199507 0.0480223
0.0679809 0.0199502 0.0478077
0.0679787 0.0199739 0.0476808
  0.06746 0.0199573 0.0474691
0.0674825 0.0199754 0.0473909
0.0669521 0.0199612 0.0471629
 0.067114 0.0199051 0.0471658
0.0669416 0.0199367 0.0468577
0.0664475 0.0199092 0.0466289
0.0664671 0.0199206 0.0464677
0.0659506 0.0199289  0.046235
0.0660584 0.0199647 0.0461596
0.0655523  0.020032 0.0459526
0.0654508 0.0201367 0.0457304
0.0654769 0.0202626 0.0456388
0.0649949 0.0203116 0.0454729
 0.065104 0.0203602 0.0454538
0.0646036 0.0204106 0.0452888
0.0645107 0.0205341 0.0451371
0.0645245 0.0206519 0.0450913
0.0640499 0.0206858 0.0449473
0.0640856 0.0207917 0.0449339
0.0635887  0.020821 0.0447861
0.0637392 0.0208368 0.0448471
0.0635523 0.0209419  0.044663
0.0630749 0.0209571 0.0445305
0.0630552 0.0210403 0.0444942
0.0625534 0.0210518 0.0443416
0.0624452 0.0210777 0.0442253
0.0624169 0.0211333 0.0441909
0.0619495 0.0211312 0.0440584
  0.06195 0.0211834 0.0440498
0.0614504 0.0211789 0.0438915
0.0613426 0.0211812  0.043778
0.0613168 0.0212114 0.0437446
0.0608528 0.0211959 0.0436025
0.0608413 0.0212236 0.0435805
0.0603575 0.0212041 0.0434251
0.0604127 0.0211591 0.0434203
 0.060248 0.0211879 0.0432715
0.0597975 0.0211616  0.043119
0.0597594 0.0211708 0.0430693
0.0592928 0.0211413 0.0429025
0.0593459 0.0210774 0.0428929
0.0591717 0.0210856  0.042727
0.0587293 0.0210491 0.0425601
 0.058697 0.0210394 0.0425057
0.0582436 0.0210053 0.0423255
0.0582957 0.0209214 0.0422997
0.0578584 0.0208847 0.0421233
0.0577202 0.0209126 0.0419574
0.0576975 0.0209891 0.0418992
0.0572809 0.0210403 0.0417237
0.0573541 0.0210486 0.0416951
0.0569341 0.0211013 0.0415091
0.0568108 0.0212167 0.0413432
0.0568058 0.0213329 0.0412859
0.0564039 0.0213717  0.041098
0.0564308 0.0214832 0.0410551
0.0560292 0.0215204 0.0408615
0.0559526 0.0215702 0.0406937
 0.055971 0.0216601 0.0406288
0.0555996 0.0216862 0.0404419
0.0556392 0.0217753 0.0403875
0.0552583 0.0217999 0.0401891
0.0552935 0.0218445 0.0400928
0.0552488 0.0219039 0.0399526
 0.054893 0.0219131 0.0397609
 0.054936 0.0219844 0.0396903
0.0545566 0.0219922 0.0394776
0.0547274 0.0219766 0.0394662
0.0545851 0.0220534 0.0392401
0.0542486   0.02205 0.0390418
0.0542703 0.0221067 0.0389493
0.0539111 0.0221015 0.0387318
0.0539501 0.0221072 0.0386164
0.0539134   0.02213 0.0384657
0.0535845 0.0221149 0.0382588
0.0536238 0.0221454 0.0381739
0.0532848 0.0221287 0.0379565
0.0534033 0.0220817 0.0378878
0.0530616 0.0220588 0.0376685
0.0529989 0.0220892 0.0374825
 0.053043 0.0221055 0.0373957
0.0527258 0.0220737 0.0371773
0.0527966 0.0220811 0.0371105
0.0524697  0.022051 0.0368874
0.0524367 0.0220065 0.0366986
 0.052498  0.021995 0.0366137
0.0521878 0.0219552 0.0363944
0.0522688  0.021985 0.0363285
0.0519447 0.0220546 0.0361054
0.0519289 0.0221058  0.035928
0.0516107 0.0221717 0.0357058
0.0516831 0.0222719 0.0356275
0.0517532 0.0224087 0.0355674
0.0514745 0.0224558 0.0353576
0.0516061 0.0225032 0.0352985
0.0512985 0.0225523 0.0350734
0.0512501 0.0226893 0.0349122
0.0512909 0.0228209 0.0348426
0.0509994 0.0228556 0.0346194
0.0511148 0.0228859 0.0345603
0.0510342  0.023014 0.0343886
 0.050739 0.0230345 0.0341664
0.050768 0.023147 0.034092
0.0504676 0.0231666 0.0338641
0.0505692 0.0231778  0.033804
0.0504816 0.0232833 0.0336371
0.0502018 0.0232909 0.0334187
0.0502286 0.0233747 0.0333595
0.0499392 0.0233789 0.0331307
0.0500336 0.0233711 0.0330744
0.0499492 0.0234497 0.0329266
0.0496796  0.023441  0.032712
0.0497089 0.0234979 0.0326633
0.0494193 0.0234873 0.0324393
0.0495184 0.0234543 0.0323954
0.0494279 0.0235095 0.0322533
0.0491693 0.0234836 0.0320444
 0.049197 0.0235214 0.0320082
0.0489278 0.0234942 0.0317879
  0.04902 0.0234378 0.0317555
0.0487594 0.0234089 0.0315409
0.0486869 0.0234357 0.0314265
0.0487133 0.0234499 0.0314016
0.0484651 0.0234064 0.0311976
0.0485109 0.0234079 0.0311966
0.0484568 0.0233587 0.0310679
0.0482157 0.0233112   0.03086
0.0482495 0.0233337 0.0308466
0.0480047 0.0234049 0.0306445
0.0481046 0.0234243 0.0306282
0.0478561 0.0234928 0.0304222
 0.047802 0.0236235  0.030345
0.0478206 0.0237722 0.0303497
0.0475961 0.0238215 0.0301504
0.0476921 0.0238695  0.030159
0.0476145 0.0240222 0.0300817
0.0473939 0.0240609 0.0298872
 0.047414 0.0241997 0.0299081
 0.047187 0.0242351 0.0297117
0.0472722 0.0242659 0.0297164
0.0471846 0.0243973 0.0296525
0.0469834 0.0244199 0.0294627
0.0469975 0.0245323 0.0294894
0.0467912 0.0245491 0.0292949
0.0468186 0.0246491 0.0293407
 0.046614 0.0246584 0.0291471
0.0465705 0.0246869 0.0290698
0.0465993  0.024755 0.0291013
0.0464224   0.02475 0.0289239
0.0464675 0.0248175 0.0289821
0.0462698 0.0248085 0.0287837
 0.046419 0.0247741 0.0288543
0.0463088 0.0248449 0.0287808
0.0461407 0.0248225 0.0286044
0.0461579 0.0248703 0.0286502
0.0459723 0.0248465 0.0284556
0.0460708 0.0247959 0.0284919
0.0459911 0.0248361 0.0284547
 0.045832 0.0248027 0.0282764
0.0458621 0.0248246 0.0283345
0.0456907 0.0247897 0.0281448
0.0456496 0.0247486 0.0280875
0.0456982 0.0247432 0.0281505
0.0455416 0.0246982 0.0279693
0.0456017  0.024694 0.0280551
0.0454441 0.0246501 0.0278682
0.0455469 0.0245588 0.0279121
0.0454849 0.0246064 0.0278949
0.0453505 0.0246835 0.0277242
0.0453919 0.0247975 0.0278005
0.0452364  0.024874 0.0276145
0.0453327 0.0249219 0.0276641
0.0451969 0.0249927 0.0274838
0.0451468 0.0251573  0.027481
0.0451869  0.025323 0.0275687
 0.045056 0.0253722 0.0273894
0.0451521 0.0254215 0.0274447
 0.045023 0.0254728 0.0272663
0.0451045 0.0255923 0.0273645
0.0450334 0.0257611 0.0273674
  0.04492 0.0257918 0.0271957
0.0449547 0.0259279 0.0272825
0.0448244 0.0259588 0.0270946
0.0448003 0.0260098 0.0270689
0.0448399 0.0261114 0.0271394
0.0447373 0.0261246 0.0269668
0.0447979 0.0262246 0.0270698
 0.044684 0.0262354 0.0268848
  0.04484 0.0262251 0.0269763
 0.044755  0.026326 0.0269534
0.0446623 0.0263226 0.0267789
0.0446991 0.0264004 0.0268628
0.0445895 0.0263942 0.0266769
0.0445769 0.0263989 0.0266473
0.0446372 0.0264467 0.0267293
0.0445457 0.0264266 0.0265557
0.0446201 0.0264729 0.0266625
0.0445171 0.0264539 0.0264718
0.0445116 0.0264328  0.026446
0.0445784 0.0264543 0.0265319
0.0444972 0.0264229 0.0263554
0.0445701 0.0264438 0.0264613
 0.044486 0.0264137 0.0262782
0.0445935 0.0263391 0.0263316
0.0445194 0.0263624 0.0263402
0.0444489 0.0263236 0.0261676
0.0445276 0.0270461 0.0262609
0.0444295 0.0283456 0.0261034
0.0445403 0.0283863 0.0261616
0.0444628 0.0284611 0.0259785
0.0444385  0.028972 0.0259966
0.0444894 0.0292668  0.026111
0.0444225 0.0292856 0.0259364
0.0445183 0.0293901 0.0260013
0.0444937 0.0295686 0.0260241
0.0444226 0.0295797 0.0258401
0.0444829  0.029724 0.0259411
0.0444135 0.0297271 0.0257542
0.0445254 0.0297508 0.0258114
0.0444525 0.0297419 0.0256207
0.0444383  0.029851 0.0256436
0.0444902  0.029943 0.0257294
0.0444492 0.0299109 0.0255568
0.0445553 0.0298862 0.0256064
0.0444957 0.0298517 0.0254213
0.0446365 0.0298736 0.0255472
0.0445774 0.0299475 0.0255424
0.0445295 0.0298969 0.0253651
0.0445844  0.029924 0.0254509
0.0445177 0.0298735 0.0252573
0.0446592 0.0297892 0.0253269
0.0446012  0.029808 0.0253069
0.0445547 0.0297438 0.0251266
0.0446124 0.0297325 0.0252115
0.0445529 0.0296679 0.0250208
0.0447005 0.0295531 0.0250914
0.0446929 0.0296014 0.0248424
0.0446742 0.0295644 0.0245077
0.0447711 0.0295907 0.0243418
0.0446907 0.0295619 0.0239946
0.0446288  0.029525 0.0237219
0.0445884 0.0295405 0.0235006
0.0444029 0.0295166 0.0231335
 0.044331  0.029453 0.0228751
0.0442574 0.0294668 0.0226204
0.0440134 0.0294494 0.0222561
0.0436495 0.0295691 0.0218976
0.0433699 0.0297081 0.0215447
0.0431793  0.029795 0.0212777
0.0429272 0.0299246 0.0209592
0.0427752 0.0301033 0.0207379
0.0424344  0.030367 0.0204375
0.0422653 0.0304656 0.0201924
0.0421121 0.0306533 0.0199197
0.0421139 0.0306822 0.0196688
0.0420265 0.0306934 0.0193522
0.0418627 0.0308467 0.0190785
0.0417305 0.0308369 0.0187638
0.0416691 0.0309316 0.0185693
0.0415386 0.0308891 0.0182755
0.0414354 0.0308518   0.01804
0.0413845 0.0308598 0.0178521
0.0412687 0.0307717 0.0175994
0.0412495  0.030751  0.017444
0.0411308 0.0306543 0.0172103
0.0410712 0.0305348 0.0170215
0.0410845  0.030461 0.0168851
0.0410104 0.0303376  0.016704
0.0411049 0.0301557 0.0165934
0.0410262 0.0300361 0.0164293
0.0410364 0.0299526 0.0163168
0.0411195 0.0298577 0.0162443
0.0410826  0.029722 0.0161289
0.0412128 0.0296163 0.0160908
0.0411738 0.0294988 0.0159907
0.0413648 0.0292938 0.0159563
0.0414494 0.0292061  0.015901
0.0414372 0.0290854 0.0158362
0.0416116  0.028986 0.0158381
0.0415818 0.0288847 0.0157818
0.0418568 0.0286864 0.0158009
0.0418179 0.0285918 0.0157589
0.0419228 0.0285228 0.0157399
0.0421223 0.0284514 0.0157761
0.0420589 0.0283559 0.0157627
 0.042297 0.0281896 0.0157875
0.0424205 0.0282048 0.0157999
0.0424046 0.0282898 0.0157999
0.0426152 0.0284211 0.0158628
0.0425734 0.0285231 0.0158647
0.0428207 0.0285839  0.015918
 0.042941   0.02883 0.0159523
0.0429172 0.0289221 0.0159752
0.0431008 0.0291782 0.0160581
0.0430322 0.0292813 0.0160705
0.0432506 0.0293952 0.0161401
0.0431875 0.0294962  0.016162
0.0432902 0.0297638 0.0162192
0.0434493 0.0300431 0.0163183
0.0433816 0.0301256 0.0163498
0.0435815 0.0302546  0.016427
0.0436493 0.0305429 0.0164899
0.0435699 0.0306281 0.0165242
0.0436946 0.0309124 0.0166329
0.0435821 0.0310033 0.0166615
0.0436444 0.0311722 0.0166986
 0.043743 0.0314367 0.0167968
0.0436425 0.0315061 0.0168369
0.0437477 0.0317842 0.0169541
0.0436315 0.0318576 0.0169865
0.0437479 0.0319851 0.0170657
0.0437428 0.0322644 0.0171381
 0.043634 0.0323184 0.0171782
0.0436742 0.0325854 0.0172897
0.0435478  0.032642 0.0173231
0.0436347 0.0327536 0.0174041
0.0435918 0.0330172 0.0174785
 0.043467 0.0330517 0.0175157
0.0434721 0.0332977 0.0176272
0.0433239 0.0333338 0.0176558
0.0433783 0.0334246  0.017733
0.0432407 0.0334515 0.0177636
0.0431645 0.0336784  0.017837
0.0431368 0.0338946 0.0179533
0.0430048 0.0338968 0.0179829
 0.043041 0.0339657 0.0180601
0.0428893 0.0342385  0.018081
0.0427886 0.0359307 0.0181772
0.0427235 0.0376325 0.0183057
0.0425774 0.0388892 0.0183333
0.0425785 0.0400718  0.018418
0.0424188 0.0407089 0.0184341
0.0422901  0.041525 0.0185227
0.0421881 0.0425539 0.0186504
 0.042034 0.0435769 0.0186684
0.0419241 0.0446195 0.0188028
 0.041764  0.045146 0.0188046
0.0416357 0.0452848   0.01886
0.0415386 0.0448976 0.0189773
 0.041395  0.044333 0.0189745
0.0412996 0.0430739 0.0191091
0.0411707 0.0420801 0.0190978
0.0410337 0.0404434 0.0191533
0.0409478 0.0384211 0.0192833
0.0408341 0.0371325 0.0192663
0.0407337  0.034854 0.0194144
0.0406098 0.0336859  0.019383
0.0404879 0.0316816 0.0194577
0.0403697  0.029629 0.0195914
0.0402675 0.0286122 0.0195553
0.0401567 0.0266972 0.0197119
0.0400417 0.0260105 0.0196586
0.0400035  0.024467 0.0197713
0.0397783  0.023199 0.0198621
0.0396754 0.0227293 0.0198021
0.0395162 0.0216523 0.0199329
0.0394043 0.0214975 0.0198594
0.0393067 0.0206795 0.0199397
0.0390972 0.0201837 0.0200227
0.0389971  0.020161 0.0199416
0.0388218 0.0198122 0.0200495
0.0387207  0.020014 0.0199579
0.0386263 0.0197613 0.0200142
 0.038414 0.0198241 0.0200724
0.0383311 0.0200688  0.019977
0.0381697 0.0202105 0.0200609
 0.038078 0.0207555 0.0199493
0.0380399 0.0211545 0.0200045
0.0378212 0.0218716 0.0200273
0.0377576   0.02252 0.0199195
 0.037613 0.0232901 0.0199814
 0.037561 0.0239635 0.0198688
0.0374135 0.0245896  0.019863
0.0373257 0.0253653 0.0199144
0.0372893 0.0258629 0.0197923
0.0372299 0.0265259 0.0198475
 0.037202 0.0270591 0.0197177
0.0371389 0.0275344 0.0196709
0.0371167 0.0281834 0.0196823
0.0371032  0.028608 0.0195382
0.0370936 0.0292465  0.019562
0.0370928 0.0297338 0.0194179
0.0361937 0.0312529 0.0195199
0.0362406 0.0318868 0.0195035
0.0362878 0.0322501 0.0193442
0.0364002 0.0328687 0.0193546
0.0364945 0.0332793 0.0192086
0.0365658 0.0338093 0.0191408
0.0367009 0.0344881 0.0191379
0.0367832 0.0348354 0.0189919
0.0369152 0.0355019 0.0189946
0.0369737 0.0358996 0.0188448
0.0370355 0.0364743 0.0187608
0.0371336 0.0371731 0.0187331
 0.037182 0.0374966 0.0185775
0.0372669 0.0381552 0.0185555
0.0372946  0.038511 0.0183952
0.0374385 0.0390128 0.0183408
0.0374183 0.0397157 0.0182568
0.0374534 0.0399809  0.018107
 0.037494 0.0405855  0.018063
0.0375116 0.0408759 0.0179085
 0.037635 0.0413167 0.0178474
0.0376079 0.0419261 0.0177634
 0.037623 0.0421187 0.0176193
0.0376665 0.0426115 0.0175773
0.0376872 0.0429851 0.0174313
0.0377927 0.0436403 0.0173587
0.0377974 0.0444312 0.0172852
0.0378155 0.0448223 0.0171478
0.0378696 0.0455229 0.0171143
0.0378756 0.0458716 0.0169769
0.0379727  0.046339 0.0169101
0.0379713 0.0469067  0.016849
 0.037973 0.0470792 0.0167154
0.0380078 0.0474583 0.0166906
 0.038007 0.0476348 0.0165589
 0.038108 0.0478324 0.0165083
0.0380735 0.0481531 0.0164454
0.0380661 0.0482149 0.0163223
0.0381257 0.0483711 0.0162536
 0.038103 0.0484731 0.0161287
0.0381626 0.0485896 0.0161115
 0.038118 0.0487274 0.0160628
0.0380994 0.0487173 0.0159484
0.0381533 0.0487311 0.0158921
0.0381192  0.048784  0.015772
0.0381817 0.0487411 0.0157672
0.0380943 0.0487566 0.0157186
0.0380706 0.0487092  0.015606
0.0380988   0.04862 0.0155507
0.0380632 0.0486411 0.0154363
0.0380068 0.0485565 0.0153991
0.0379922 0.0484067 0.0153896
0.0379537 0.0483274 0.0152828
0.0379312 0.0480856  0.015279
0.0378919 0.0480739 0.0151741
0.0379494 0.0477949 0.0151446
0.0378547 0.0476188  0.015096
0.0378163  0.047529 0.0149997
 0.037767 0.0472215 0.0149874
0.0377154 0.0471904 0.0148853
0.0377331 0.0468525 0.0148463
 0.037651 0.0465776 0.0148177
0.0376043 0.0464635 0.0147214
0.0375547 0.0460589 0.0147224
0.0375128 0.0461735 0.0146223
0.0375249 0.0460701 0.0145861
0.0374417 0.0460439 0.0145603
0.0373951 0.0462105  0.014465
0.0373504  0.046093 0.0144764
 0.037301  0.046251 0.0143801
0.0372986 0.0460028 0.0143563
0.0371951 0.0458202 0.0143411
0.0371391 0.0458286 0.0142496
0.0370617 0.0454673 0.0142677
0.0370029 0.0455195 0.0141752
0.0370119 0.0450737 0.0141705
0.0368762 0.0447463 0.0141515
0.0368212 0.0447169 0.0140667
0.0367281 0.0442629 0.0140877
0.0366744 0.0443205 0.0140019
0.0366526 0.0438466 0.0139934
0.0365934 0.0439085 0.0139066
0.0364853 0.0434989 0.0139153
0.0363951 0.0430581 0.0139449
0.0363489 0.0430514 0.0138667
0.0363323 0.0426056  0.013862
0.0362753   0.04271  0.013779
0.0361608 0.0423315 0.0137915
0.0360742 0.0419466  0.013823
0.0360265 0.0419932 0.0137477
0.0359461 0.0415789 0.0137897
0.0359015 0.0417308 0.0137115
0.0358047 0.0413846 0.0136801
0.0357348 0.0410855 0.0137097
0.0356945 0.0411914 0.0136363
0.0356772 0.0408715 0.0136278
 0.035625 0.0410596 0.0135486
0.0355226 0.0408156 0.0135639
0.0354457 0.0405576 0.0135983
0.0354059 0.0406748 0.0135277
0.0353282 0.0403757 0.0135678
0.0352848 0.0405754 0.0134905
0.0352026 0.0403184 0.0134686
0.0351354 0.0401088 0.0134906
0.0351038 0.0404419 0.0134172
0.0351018 0.0405436 0.0134086
0.0350724 0.0411162 0.0133293
0.0349917 0.0412994 0.0133455
0.0349263 0.0415335  0.013378
0.0348969 0.0419364 0.0133064
 0.034835 0.0420573 0.0133512
0.0347915 0.0424722 0.0132739
0.0347179 0.0424942 0.0132491
0.0346551 0.0425833 0.0132777
0.0346268 0.0428911 0.0132071
0.0346189 0.0428628 0.0132024
0.0345891 0.0432343 0.0131299
 0.034504 0.0433231 0.0131499
0.0344394 0.0433965  0.013189
0.0344129 0.0436916 0.0131203
0.0343575  0.043729  0.013167
0.0343309 0.0441101 0.0130916
0.0342548 0.0441477 0.0130688
0.0342192 0.0442949 0.0131002
 0.034194 0.0446247 0.0130315
0.0341521 0.0447619 0.0130716
0.0341343 0.0451745 0.0130009
0.0341559 0.0452236 0.0130086
0.0340621  0.045517 0.0130066
0.0340458 0.0458657 0.0129379
0.0339955 0.0460888 0.0129694
0.0339692 0.0465007 0.0128968
0.0339972 0.0466111 0.0128978
 0.033907 0.0469461  0.012893
 0.033886 0.0472817 0.0128243
0.0338334  0.047534 0.0128481
0.0338262 0.0479219 0.0127813
0.0338272 0.0480657 0.0127689
0.0337616 0.0483972 0.0127698
0.0337409 0.0487083  0.012702
0.0337056 0.0489592 0.0127259
0.0336778 0.0493171 0.0126562
0.0336925 0.0494623 0.0126428
 0.033779 0.0525669 0.0125938
0.0337691 0.0554831 0.0125172
0.0337685 0.0564068 0.0125724
0.0337267 0.0566913 0.0124961
0.0337352 0.0571363 0.0124969
0.0336177 0.0573144 0.0124922
0.0335762 0.0573301 0.0124225
0.0335007 0.0572535 0.0124464
0.0334598 0.0573933 0.0123777
0.0334525 0.0572958 0.0123663
0.0334264 0.0575128 0.0123014
0.0333457 0.0576161 0.0123052
0.0333106 0.0577607 0.0123367
0.0332888 0.0579781 0.0122718
0.0333121 0.0581108  0.012267
0.0332535 0.0584653  0.012266
0.0332372 0.0587741  0.012204
 0.033215 0.0591031 0.0122278
0.0331939 0.0594915 0.0121638
0.0332195 0.0597364 0.0121476
 0.033197 0.0601009 0.0120798
0.0331409 0.0604697 0.0120788
0.0331085 0.0608038 0.0120902
0.0330847 0.0610512 0.0120282
0.0330386    0.0613 0.0120415
0.0330206 0.0615874 0.0119785
0.0329639 0.0618025 0.0119299
0.0329374 0.0620483 0.0119337
0.0329069  0.062238 0.0118669
 0.032923 0.0623789 0.0118401
0.0328996 0.0625965 0.0117791
0.0328333 0.0627969 0.0117638
0.0327922 0.0629284 0.0117743
0.0327654 0.0630404 0.0117151
0.0327679 0.0630686 0.0116875
0.0327371 0.0632136 0.0116274
0.0326614 0.0632922 0.0116112
0.0326093 0.0633004 0.0116169
0.0325723 0.0633507 0.0115596
0.0325764  0.063288 0.0115291
0.0323845 0.0605972 0.0115123
0.0323214 0.0583495  0.011504
0.0322541 0.0583534 0.0114658
0.0322707 0.0591769 0.0114133
0.0323117 0.0594756 0.0113694
0.0323166 0.0603936 0.0113139
0.0322851 0.0612431 0.0112929
0.0322822 0.0620959 0.0112985
0.0322607 0.0626617 0.0112402
0.0322196  0.063194 0.0112468
0.0321864 0.0635823 0.0111886
0.0321859 0.0637376 0.0111609
0.0320832 0.0639655 0.0111304
0.0320328 0.0641158 0.0110751
0.0319409 0.0640875 0.0110703
0.0318916 0.0642217  0.011015
0.0318179 0.0641048 0.0109683
0.0317463 0.0639623 0.0109683
0.0316957 0.0640071 0.0109158
0.0316237 0.0637817 0.0109321
 0.031586 0.0638915 0.0108844
0.0315166 0.0636985 0.0108453
0.0314688 0.0635252 0.0108568
0.0314275 0.0635931  0.010811
0.0314184 0.0633814 0.0107891
0.0313776 0.0635284 0.0107442
0.0312934 0.0634095 0.0107424
 0.031223 0.0632553 0.0107586
 0.031186 0.0633437 0.0107119
0.0311604 0.0631443 0.0106918
0.0311169 0.0633071 0.0106413
0.0310273 0.0632006 0.0106413
0.0309476 0.0630608 0.0106528
0.0309012 0.0631571 0.0106051
0.0308714 0.0629669 0.0105822
0.0308276 0.0631296 0.0105316
0.0307297 0.0630239 0.0105259
0.0306348   0.06288 0.0105317
0.0305935 0.0629694 0.0104869
0.0305613 0.0627745 0.0104602
0.0305139 0.0629189 0.0104134
  0.03043 0.0630293 0.0104039
0.0303521  0.063296 0.0104048
0.0303226 0.0638018 0.0103542
 0.030307 0.0640124 0.0103322
0.0302734 0.0644879 0.0102816
 0.030182  0.064797 0.0102749
0.0301041 0.0650049 0.0102892
0.0300635 0.0652837 0.0102415
0.0300258 0.0652813 0.0102186
0.0299803 0.0655567 0.0101719
0.0298744 0.0656099 0.0101652
0.0297814 0.0655819 0.0101804
0.0297451 0.0657464 0.0101356
 0.029699 0.0656075 0.0101165
0.0296577 0.0658346 0.0100707
 0.029573 0.0657621 0.0100727
0.0294632 0.0657079 0.0100851
 0.029428 0.0658615 0.0100402
0.0293304 0.0657402 0.0100574
0.0292915 0.0659747 0.0100088
 0.0292142  0.0658853 0.00997443
 0.0291483  0.0658438 0.00998493
 0.0291085  0.0660191 0.00994009
 0.0290386  0.0659371 0.00995726
 0.0290105  0.0661781 0.00991527
 0.0289749   0.066046 0.00989144
 0.0288847  0.0660802 0.00988858
 0.0288536  0.0662511 0.00984183
0.0287777 0.0661868 0.0098571
 0.0287399   0.066408 0.00981034
 0.0287157  0.0662737 0.00978556
 0.0286242  0.0662913 0.00977507
 0.0285866  0.0664331 0.00973309
 0.0285232  0.0663419 0.00974359
 0.0284743  0.0665292 0.00969588
 0.0284567  0.0663678 0.00967206
 0.0283604  0.0663447 0.00965681
 0.0283239  0.0664596 0.00961292
 0.0282555  0.0663261 0.00962152
 0.0282222   0.066481 0.00957858
 0.0282259  0.0665158 0.00955282
  0.028145  0.0669331 0.00953275
 0.0281223  0.0674865 0.00948499
 0.0280648  0.0678634 0.00948972
 0.0280413  0.0683716 0.00944388
 0.0279922   0.068635 0.00940283
 0.0279388  0.0688949 0.00940471
 0.0279102  0.0692017 0.00936271
 0.0278352  0.0692984 0.00936937
 0.0278052  0.0695918 0.00932451
0.0277889 0.0695016 0.0093064
 0.0276807  0.0695964 0.00928827
 0.0276564  0.0697842 0.00924914
 0.0275612  0.0697325 0.00925201
 0.0275317  0.0699767 0.00920907
  0.027467  0.0699118 0.00917188
 0.0274035  0.0698787 0.00917475
 0.0273783  0.0700536 0.00913657
 0.0273603  0.0699422 0.00911369
 0.0273312  0.0701885 0.00907074
 0.0272534  0.0701877 0.00906979
  0.027183  0.0701433 0.00907647
 0.0271609  0.0703123 0.00904021
0.0270847 0.0702121 0.0090488
0.0270496 0.0704485 0.0090049
 0.0269808  0.0703818 0.00896581
 0.0269246  0.0703459 0.00896486
 0.0268911  0.0705183 0.00892287
 0.0268348  0.0704306 0.00893433
 0.0267969   0.070661 0.00888852
 0.0267377  0.0706051 0.00884847
 0.0266803  0.0705562 0.00884562
 0.0266603    0.07071 0.00880649
 0.0265947  0.0705999 0.00881318
 0.0265634  0.0707993 0.00877119
 0.0264994  0.0707165 0.00872828
 0.0264462  0.0706289 0.00872448
 0.0264138  0.0707499 0.00868536
 0.0263555   0.070596 0.00868824
0.0263203 0.0707583 0.0086453
 0.0262778  0.0709048 0.00860046
 0.0262435  0.0712682 0.00859182
  0.026236  0.0718604 0.00855074
 0.0261859  0.0722446 0.00855546
 0.0261701  0.0727811 0.00851533
 0.0261117  0.0730573 0.00846856
 0.0260671  0.0733301 0.00846757
 0.0260233  0.0736511 0.00842176
 0.0260068  0.0736903 0.00839409
  0.025969  0.0739986 0.00835113
 0.0258908  0.0740926 0.00834349
 0.0258011  0.0740781 0.00834636
 0.0257709  0.0742586 0.00830818
 0.0256736   0.074139 0.00831679
 0.0256432  0.0743807 0.00827479
 0.0256088  0.0741599 0.00825479
0.0255099 0.0741749 0.0082443
 0.0254704  0.0743528 0.00820327
 0.0253822  0.0742506 0.00820805
 0.0253561  0.0745106 0.00816987
 0.0253175  0.0743413 0.00814509
 0.0252321  0.0743671 0.00813651
 0.0252018  0.0745567 0.00809929
 0.0251288  0.0744753 0.00810693
 0.0251035  0.0747319 0.00807161
 0.0250705  0.0745751 0.00804587
 0.0249867  0.0745992 0.00803824
 0.0249631   0.074777 0.00800007
 0.0248818  0.0746791 0.00800867
 0.0248508  0.0749133 0.00796858
 0.0248199  0.0747403 0.00793903
 0.0247382  0.0747307 0.00793141
 0.0246985  0.0748801 0.00789133
 0.0246209  0.0747433 0.00789612
 0.0245885  0.0749436 0.00785508
 0.0245723  0.0747104 0.00783413
 0.0244663  0.0746722 0.00781316
 0.0244339  0.0747894 0.00777785
 0.0243502  0.0746099 0.00777692
 0.0243229  0.0747769 0.00774066
 0.0242727  0.0749073 0.00769487
 0.0242674  0.0755933 0.00765853
 0.0242243  0.0758969 0.00765372
0.0241764 0.0762796 0.0076613
 0.0241613   0.076771 0.00762404
   0.02414  0.0769474 0.00759731
0.0241111  0.077397 0.0075572
 0.0240385   0.077628 0.00755526
 0.0239471  0.0777255 0.00756002
 0.0239157  0.0779851 0.00752089
 0.023877 0.0778858 0.0074961
 0.0237725  0.0779414 0.00748943
 0.0237394  0.0781674 0.00744934
 0.0236393  0.0780843 0.00745603
0.0236178 0.0783762 0.0074188
 0.0235743  0.0781904 0.00739784
 0.0234787  0.0782065 0.00739116
   0.02345  0.0784148 0.00735585
 0.0233659  0.0783105 0.00736636
 0.0233443  0.0786004 0.00733198
 0.0232736  0.0785065 0.00729957
 0.0232082  0.0784505 0.00730816
 0.0231811  0.0786592 0.00726808
0.0231063 0.0785406 0.0072824
 0.0230891  0.0788217 0.00724803
 0.0230226    0.07873 0.00721276
 0.0229576  0.0786654 0.00722135
 0.0229333  0.0788617 0.00718508
 0.0228584  0.0787289 0.00719273
 0.0228286  0.0789883 0.00715741
0.0227727 0.0788843  0.007125
 0.0227054   0.078792 0.00712596
 0.0226793  0.0789658 0.00708684
0.0226003  0.078797 0.0070964
 0.0225844  0.0790269 0.00706012
 0.0225206  0.0788927 0.00702581
  0.022451  0.0787586 0.00702201
 0.022426 0.0789036 0.0069867
 0.0223455   0.078692 0.00698864
 0.0223311  0.0788902 0.00695714
 0.0222883  0.0790302 0.00691802
 0.0222514  0.0794281 0.00691415
 0.0222534  0.0801251 0.00687591
 0.0222035  0.0805494 0.00688443
 0.0221923  0.0811883 0.00684811
 0.0221447  0.0814887 0.00681183
 0.0220887   0.081793 0.00681751
 0.0220718  0.0821859 0.00677931
 0.0219937  0.0822841 0.00679074
 0.0219672  0.0826666 0.00674777
 0.0218885  0.0826569 0.00671535
 0.0218707  0.0829862 0.00667525
 0.0217928  0.0829061 0.00668384
 0.0217063  0.0827973 0.00669817
 0.0216859  0.0829966 0.00665999
 0.0216306  0.0827877 0.00663999
 0.0216214  0.0830971 0.00660657
 0.0215266  0.0830357 0.00660658
  0.021449   0.082937 0.00662185
 0.0214297  0.0831634 0.00658558
  0.021341  0.0830113 0.00660086
 0.0213222  0.0833456 0.00656171
 0.0212555   0.083243 0.00653693
 0.0211872  0.0832078 0.00653694
 0.0211769  0.0834646 0.00650352
 0.0211071  0.0833745 0.00651593
 0.0210978  0.0837134 0.00648155
 0.0210386  0.0836519 0.00644913
  0.020984  0.0836271 0.00645772
 0.0209718  0.0838704 0.00641954
 0.020905 0.0837705 0.0064329
0.0208913 0.0840749 0.0063928
 0.0208332  0.0839944 0.00636229
0.0207713 0.0839291 0.0063623
 0.0207583  0.0841316 0.00632508
  0.020691  0.0839799 0.00633177
0.0206754 0.0842384 0.0062955
 0.0206422  0.0839843 0.00627073
  0.020558  0.0839615 0.00625929
 0.0205443   0.084124 0.00622493
 0.0204871  0.0842691 0.00622396
 0.0205035   0.085117 0.00618664
 0.0205043  0.0854438 0.00615798
 0.0204454  0.0861014 0.00615217
 0.0204409  0.0867365 0.00611298
 0.0203876  0.0871537 0.00612341
 0.0203791  0.0877192 0.00608423
 0.0203431  0.0878089 0.00606133
0.0203203 0.0882591 0.0060174
 0.0202403  0.0884261 0.00601738
 0.0201499  0.0884504 0.00602978
  0.020128  0.0887163 0.00598873
 0.0200835  0.0885564 0.00597063
 0.0200657  0.0889016 0.00593147
0.0199721 0.0888747 0.0059353
 0.0198846  0.0887884 0.00594867
 0.0198731  0.0890309 0.00591048
 0.0198306  0.0888421 0.00589811
0.0198228 0.0892029 0.0058599
 0.0197383    0.08918 0.00586468
 0.0196589  0.0891186 0.00588281
  0.019656  0.0893837 0.00584557
 0.0196256  0.0892281 0.00583129
 0.0196135  0.0896039 0.00579213
0.0195422 0.0896113 0.0057969
 0.0194646   0.089573 0.00581312
 0.0194603  0.0898378 0.00577588
0.0193729 0.0897235 0.0057883
 0.0193168  0.0897183 0.00576255
 0.0193044       0.09 0.00572245
 0.0192526  0.0899664 0.00572818
 0.0192489  0.0903332 0.00568998
 0.0191768   0.090219 0.00569953
 0.0191671  0.0905444 0.00565942
 0.0191147  0.0904599 0.00563178
  0.019049  0.0903785 0.00563179
 0.0190408  0.0905779 0.00559552
 0.0190135  0.0903839 0.00557265
 0.019007 0.0906483 0.0055316
 0.0189349  0.0905546 0.00553161
 0.0188937  0.0907347 0.00553636
 0.0189139   0.091552 0.00549523
 0.0188659  0.0919876 0.00550947
 0.0188833   0.092821 0.00546643
 0.0188452  0.0932575 0.00543776
  0.018802  0.0937379 0.00545009
 0.0187993  0.0942749 0.00540614
 0.0187772    0.09442 0.00538799
 0.018761 0.0949285 0.0053431
 0.0186931  0.0951427 0.00534974
 0.0186024   0.095209 0.00536309
 0.0185807  0.0955123 0.00531918
 0.0184913  0.0954091 0.00534018
0.0184811  0.095791 0.0052972
 0.0184098  0.0956747 0.00528005
 0.0183346  0.0956211 0.00529056
0.0183205 0.0959032 0.0052495
 0.0182896  0.0957387 0.00523903
 0.0182183  0.0958208 0.00524665
 0.0182193  0.0961401 0.00520845
 0.0181424  0.0960883 0.00523326
 0.0181478  0.0965055 0.00518837
0.0180667 0.0963705  0.005217
  0.018067  0.0967625 0.00517116
   0.01801  0.0966727 0.00515496
 0.0179419   0.096633 0.00516546
 0.0179361  0.0969082 0.00512441
0.0179038 0.0967549 0.0051044
  0.017911   0.097124 0.00506619
 0.0178417  0.0971149 0.00507287
 0.0177648  0.0970315 0.00508433
 0.0177611   0.097269 0.00504614
  0.017724  0.0970671 0.00502995
 0.0176494  0.0970745 0.00503091
 0.0176504  0.0973241 0.00499272
 0.0175786   0.097181 0.00500705
 0.0175823  0.0975026 0.00496503
 0.0175385  0.0972557 0.00494504
 0.0175438  0.0975457 0.00490589
 0.0174669  0.0974314 0.00490591
0.0174301 0.0976108  0.004924
 0.0174581  0.0984922 0.00487904
  0.017418  0.0989535 0.00489709
 0.0174451  0.0998658 0.00485308
 0.0174353   0.100178 0.00483873
  0.017377   0.100827 0.00484436
  0.017383   0.101416 0.00479944
 0.0173201    0.10171 0.00482325
 0.0173255   0.102272 0.00477738
 0.0172702    0.10224 0.00475831
  0.017273   0.102714 0.00471437
 0.0171821   0.102805 0.00472485
 0.0170997   0.102771 0.00474775
 0.0170887   0.103062 0.00470288
  0.017036   0.102855 0.00469051
 0.0169611   0.102904 0.00470481
 0.0169619   0.103232 0.00466184
0.0168798  0.103145 0.0046876
 0.0168978   0.103593 0.00464652
 0.0168568    0.10336 0.00464083
 0.0167867   0.103484 0.00465512
  0.016803    0.10382 0.00461119
 0.0167236   0.103764 0.00463695
0.0167419  0.104208 0.0045911
 0.0167006   0.104023 0.00458063
 0.0167152   0.104443 0.00453765
  0.016639   0.104442 0.00454814
0.0165742  0.104366 0.0045739
 0.0165757   0.104637 0.00452903
 0.0165333   0.104434 0.00451475
 0.0164638   0.104472 0.00452047
 0.0164736   0.104768 0.00447845
 0.0164025   0.104655 0.00449564
 0.0164286   0.105038 0.00445361
 0.0163831   0.104809 0.00443742
 0.0163954    0.10516 0.00439159
 0.0163218   0.105085 0.00440113
 0.0162488   0.104918 0.00441642
 0.0162641   0.105122 0.00437155
 0.0162328    0.10484 0.00435633
 0.0162832    0.10555 0.00431711
 0.0162606   0.106051 0.00432371
 0.0163168   0.107093 0.00428253
 0.0162749    0.10764 0.00430057
  0.016222   0.108247 0.00432242
  0.016258   0.108933 0.00427939
 0.0162256   0.109123 0.00426887
 0.0161647   0.109597 0.00428024
 0.0161769   0.110123 0.00423247
 0.0160891   0.110282 0.00425438
 0.0161038   0.110834 0.00420279
 0.0160571   0.110686 0.00419614
0.0159691  0.110885 0.0042066
 0.0159835   0.111256 0.00416171
 0.0158889   0.111213 0.00418461
0.0159134  0.111693 0.0041397
  0.015869   0.111447 0.00413687
 0.0157888   0.111576 0.00415212
 0.0157986   0.111923 0.00410532
  0.015723   0.111852 0.00413108
  0.015751   0.112326 0.00408809
 0.0156937   0.112251 0.00407474
 0.0156397   0.112247 0.00409858
 0.0156567   0.112591 0.00404893
 0.0156318   0.112448 0.00404322
 0.0155658   0.112571 0.00405465
 0.0155951   0.112929 0.00401262
 0.0155202   0.112875 0.00403456
 0.0155515    0.11332 0.00398966
 0.0154711   0.113148 0.00401448
 0.0154198    0.11313 0.00399827
 0.0154473   0.113426 0.00395624
 0.0153752   0.113328 0.00396389
 0.0154101   0.113732 0.00391804
 0.0153298   0.113521 0.00393523
0.0153585   0.11388 0.0038913
0.0153058  0.113719 0.0038751
 0.0152417   0.113559 0.00388275
  0.015267   0.113775 0.00384075
 0.01519 0.113498 0.003857
0.0152604   0.11425  0.003813
 0.0152694    0.11469 0.00379957
 0.0152571   0.115494 0.00381184
 0.0153129   0.116452 0.00376781
 0.0153218   0.116973 0.00375818
 0.0153703   0.117845 0.00371035
 0.0153274   0.118454 0.00372933
 0.0152682   0.118818 0.00376169
 0.0152903   0.119334 0.00370915
 0.0152007   0.119396 0.00373966
 0.0152198   0.119932 0.00368521
  0.015138   0.119876 0.00367663
 0.0150641   0.119873 0.00369857
 0.0150753   0.120239 0.00364509
 0.0149806   0.120105 0.00367563
0.0150097  0.120601 0.0036269
0.0149478  0.120478 0.0036231
 0.0148864    0.12045 0.00364695
 0.0149061   0.120823 0.00359633
 0.0148667   0.120653 0.00359349
 0.0149039   0.121166 0.00354762
0.0148446  0.121202 0.0035724
 0.0147774   0.121165 0.00360483
   0.01481   0.121522 0.00355898
 0.0147329    0.12137 0.00359238
 0.0147645   0.121858 0.00353984
 0.0147176   0.121751 0.00353699
 0.0146632   0.121715 0.00355511
0.0146791   0.12207 0.0035045
  0.014617   0.121932 0.00352836
 0.0146619     0.1224 0.00348344
 0.0146147   0.122111 0.00346917
 0.0145536    0.12219 0.00348632
 0.0145819   0.122517 0.00343666
 0.0144447   0.122379 0.00340331
 0.0145429   0.122783 0.00340513
 0.0144436   0.122471 0.00334701
 0.0142902   0.122514 0.00327739
  0.014378    0.12277 0.00327256
 0.0141882   0.122575 0.00318868
0.0143595  0.123394  0.003199
 0.0143984   0.124087 0.00320841
 0.0143301    0.12485 0.00314821
 0.0145307   0.125866 0.00319093
 0.0143434   0.126611 0.00307448
 0.0145379    0.12752 0.00311435
 0.0144666   0.127882 0.00305898
 0.0142943    0.12837 0.00295115
 0.0144261   0.128916 0.00296629
0.0141886  0.129075 0.0028385
 0.0143608   0.129637 0.00286889
 0.0142672   0.129467 0.00280788
 0.0144468    0.12996 0.00283923
 0.0142559    0.12999 0.00274483
 0.0140615   0.129903 0.00264568
  0.014185   0.130219 0.00265227
 0.0141367   0.129937 0.00261416
 0.0143438   0.130413 0.00265027
 0.0142044   0.130375 0.00257781
 0.0140669   0.130283 0.00251107
  0.014216    0.13063 0.00251765
 0.0142086   0.130386 0.00249956
 0.0144215   0.130897 0.00252899
 0.0143194   0.130903 0.00247749
 0.0142073   0.130854 0.00242505
 0.0143596    0.13122 0.00242591
 0.0143404    0.13101 0.00240304
 0.0145434   0.131515 0.00242198
 0.0144352   0.131532 0.00237239
0.0143107  0.131475  0.002319
 0.0144386   0.131817 0.00230556
 0.0142722    0.13164 0.00224456
 0.0142693   0.131597 0.00223501
 0.0144021   0.131953 0.00222347
 0.0142913   0.131867 0.00217294
 0.0144535   0.132336 0.00216997
 0.0144019   0.132097 0.00213089
 0.0143036   0.132157 0.00209273
0.0144062   0.13245  0.002065
  0.014236   0.132266 0.00200305
 0.0144142   0.133152 0.00198856
 0.0144405   0.133756 0.00198939
 0.0146719   0.135034 0.00202061
  0.014548   0.135797 0.00196613
 0.0143155   0.136622 0.00185635
 0.0144387   0.137458 0.00184092
 0.0142906   0.137758 0.00177222
0.0144468  0.138524 0.0017711
 0.0141672   0.138936 0.00165853
 0.0138502   0.139126 0.00154123
 0.0139359   0.139589 0.00150965
 0.0137627   0.139426 0.00145533
 0.0135338   0.139588 0.00138284
 0.0136619   0.140024 0.00136843
  0.013402   0.139962 0.00129503
 0.0135995   0.140534 0.00129775
 0.0133281    0.14034 0.00123581
 0.0135311   0.140892 0.00123949
0.0134382  0.140736   0.00125
 0.0132819   0.140698 0.00122235
 0.0134375   0.141103 0.00120508
 0.0132299    0.14097 0.00116887
 0.0134256   0.141531 0.00116587
0.0133477  0.141426 0.0011716
 0.0131993   0.141426 0.00115253
  0.013354   0.141841 0.00112477
  0.013269   0.141671 0.00111525
 0.0134573   0.142214 0.00110081
 0.0132741   0.142262 0.00107411
 0.0130749   0.142209 0.00104075
 0.0131843   0.142567 0.00099297
  0.0129441    0.142364 0.000953921
  0.0131035    0.142837 0.000921373
  0.0129936    0.142664 0.000920445
  0.0128207    0.142539 0.000895676
  0.0129373    0.142859 0.000847901
  0.0128315    0.142578 0.000826961
  0.0129806    0.143007 0.000789653
  0.0127929    0.142907 0.000762975
  0.0125871    0.142686 0.000735366
  0.0127427    0.143496 0.000677015
  0.0127494    0.144146 0.000712173
  0.0130356     0.14554 0.000727138
  0.0128925    0.146354 0.000705074
  0.0126588    0.147254 0.000637234
  0.0128231    0.148182 0.000600795
  0.0126701    0.148523 0.000561642
  0.0128797    0.149378 0.000540465
  0.0125804    0.149825 0.000462219
  0.0122645    0.150038 0.000381151
  0.0123849     0.15055 0.000325713
  0.0122101    0.150376 0.000298091
  0.0124141     0.15098 0.000274095
  0.0121396    0.151016 0.000220706
   0.011861    0.150927 0.000172107
  0.0120253    0.151337 0.000127168
0.0117502    0.1511 9.099e-05
  0.0119995    0.151685 7.55726e-05
  0.0118839    0.151261 7.94532e-05
   0.011764    0.151373 9.85059e-05
  0.0119719    0.151824 6.30899e-05
  0.0117924     0.15171 6.31158e-05
  0.0120492    0.152336 3.81533e-05
  0.0120035    0.152223 7.24892e-05
  0.0118758     0.15221 7.82121e-05
   0.0119949      0.15264 -3.63414e-05
   0.0119358     0.152449 -5.63498e-05
    0.011978     0.152987 -0.000269137
   0.0119077     0.153045 -0.000246269
   0.0118338      0.15299 -0.000210984
   0.0118753     0.153345 -0.000414205
   0.0117919     0.153133 -0.000364588
    0.011842     0.153593 -0.000572596
   0.0117826     0.153382 -0.000575435
   0.0117243     0.153232 -0.000544906
   0.0117754     0.153536 -0.000742398
   0.0117302     0.153207 -0.000752849
   0.0117872     0.153619 -0.000954175
   0.0117389     0.153495 -0.000919838
  0.0116838    0.153242 -0.00087308
  0.0117651    0.154075 -0.00110023
  0.0117521    0.154711 -0.00114232
  0.0118285    0.156124 -0.00137719
  0.0118143    0.156972 -0.00136496
  0.0117983    0.157939 -0.00133176
   0.011873    0.158891 -0.00154844
  0.0118664    0.159245 -0.00154853
  0.0119396    0.160102 -0.00176042
  0.0119221    0.160608 -0.00169854
  0.0118971    0.160863 -0.00161181
  0.0119726    0.161382 -0.00181507
   0.011947    0.161183 -0.00177691
  0.0120218    0.161772 -0.00198399
  0.0119915    0.161822 -0.00189246
  0.0119475    0.161733 -0.00178279
  0.0120074     0.16213 -0.00198507
  0.0119698    0.161768 -0.00193639
  0.0120278    0.162326 -0.00214918
  0.0119747    0.162276 -0.00204905
 0.0119048   0.162145 -0.0019346
  0.0119645    0.162551 -0.00214546
  0.0118805      0.1623 -0.00201763
  0.0119314    0.162876 -0.00223901
  0.0118571     0.16264 -0.00218272
  0.0117704    0.162549 -0.00208734
   0.011809    0.162979 -0.00230011
  0.0117298    0.162696 -0.00226002
  0.0117665    0.163273 -0.00248044
  0.0116653    0.163265 -0.00238221
  0.0115538    0.163149 -0.00227252
  0.0115868    0.163533 -0.00248624
  0.0114813    0.163178 -0.00243755
  0.0115154    0.163678 -0.00265796
  0.0113941    0.163565 -0.00255208
  0.0112563    0.163329 -0.00243283
  0.0112839    0.163643 -0.00264463
  0.0111624    0.163195 -0.00259019
  0.0111946    0.163626 -0.00280773
  0.0110579    0.163402 -0.00269611
  0.0109082    0.163053 -0.00257112
   0.010964    0.163944 -0.00282021
  0.0108324    0.164599 -0.00272496
  0.0108924    0.166131 -0.00299037
  0.0107831    0.166635 -0.00295709
  0.0106708    0.167849 -0.00287052
  0.0107252    0.168902 -0.00311392
   0.010605    0.169583 -0.00297957
  0.0106623    0.170538 -0.00322295
  0.0105411    0.170759 -0.00314289
   0.010431    0.171035 -0.00300275
 0.00983079    0.172131 -0.00296662
 0.00974463    0.172095 -0.00280164
0.00983596   0.172738 -0.0030507
 0.00976754    0.172534 -0.00296389
 0.00970105    0.172453 -0.00282274
 0.00980615    0.172898 -0.00307081
 0.00972065    0.172663 -0.00290198
  0.0098244    0.173275 -0.00316248
 0.00974434    0.173002 -0.00307375
0.00966253   0.172881 -0.0029345
 0.00975801    0.173333 -0.00318829
 0.00966223    0.173099 -0.00302232
 0.00975605    0.173721 -0.00328854
 0.00966085    0.173227 -0.00319881
 0.00956574     0.17332 -0.00306532
 0.00964899    0.173773 -0.00332293
 0.00953906    0.173592 -0.00315982
 0.00963117    0.174204 -0.00343081
 0.00951449    0.173777 -0.00334586
 0.00940807    0.173809 -0.00321141
 0.00949435    0.174234 -0.00347187
 0.00936672    0.173996 -0.00330875
 0.00945537    0.174556 -0.00357973
 0.00933454    0.174086 -0.00349477
 0.00921292    0.174037 -0.00335935
0.00929495   0.174407 -0.0036198
 0.00915792    0.174081 -0.00345476
 0.00924645    0.174577 -0.00372573
 0.00911946    0.173982 -0.00363884
 0.00899156    0.173876 -0.00350341
 0.00910533    0.174872 -0.00380594
0.00899529   0.175702 -0.0036907
 0.00911222    0.177382 -0.00401052
  0.0090167    0.177982 -0.00396391
 0.00893114    0.179335 -0.00385354
  0.0090425    0.180485 -0.00414943
 0.00894299    0.181245 -0.00398268
 0.00905515    0.182282 -0.00427854
 0.00895661     0.18253 -0.00417942
  0.0088682    0.182839 -0.00400878
 0.00897417    0.183482 -0.00428836
0.00887636   0.183479 -0.0040757
0.00897688   0.184206 -0.0043677
 0.00886736    0.184015 -0.00424274
0.00876587   0.183966  -0.004052
 0.00886614    0.184481 -0.00433729
0.00875963   0.184133 -0.0042247
 0.00885723    0.184831 -0.00452241
 0.00875322    0.184835 -0.00433168
 0.00862815    0.184725 -0.00412091
 0.00872878     0.18523 -0.00441572
 0.00859908    0.184963 -0.00418775
 0.00869819    0.185656 -0.00449882
 0.00856164    0.185387 -0.00437288
   0.008432    0.185295 -0.00418977
 0.00852953    0.185822 -0.00449126
 0.00838726    0.185618 -0.00427761
 0.00849325    0.186318 -0.00459344
 0.00834951    0.185837 -0.00447605
 0.00820594    0.185974 -0.00430156
  0.0083181    0.186471 -0.00460592
 0.00816012    0.186299 -0.00439989
 0.00817643    0.186958 -0.00469186
   0.008012    0.186519 -0.00458116
 0.00784776    0.186545 -0.00440664
 0.00778125    0.186999 -0.00466614
 0.00761817     0.18672 -0.00446391
 0.00756056    0.187304 -0.00473488
 0.00741574    0.186775 -0.00462798
 0.00726942    0.186676 -0.00445821
0.00723799   0.187789 -0.0047598
 0.00710898    0.188725 -0.00460929
 0.00707078     0.19057 -0.00492723
  0.0069486    0.191309 -0.00485776
 0.00682916    0.192766 -0.00470354
  0.0067986    0.194032 -0.00499562
 0.00667907    0.194877 -0.00478026
 0.00665267    0.196019 -0.00507136
 0.00654724    0.196089 -0.00494073
  0.0064459    0.196629 -0.00472436
 0.00642535    0.197341 -0.00500108
0.00632343   0.197408 -0.0047379
 0.00631368     0.19822 -0.00503085
 0.00622439    0.197818 -0.00487629
 0.00613901    0.197976 -0.00464555
 0.00613321    0.198547 -0.00493178
 0.00604799    0.198391 -0.00466856
 0.00604672    0.199164 -0.00497486
 0.00597185     0.19869 -0.00482506
 0.00589929    0.198814 -0.00460575
 0.00590737    0.199395 -0.00491106
 0.00583393    0.199244 -0.00465928
 0.00584263    0.200034 -0.00497989
 0.00577268    0.199724 -0.00471473
 0.00578383    0.200483 -0.00503915
 0.00572256    0.200198 -0.00490846
 0.00563238    0.200085 -0.00468624
 0.00563029    0.200631 -0.00499441
 0.00555008     0.20026 -0.00488087
 0.00555776    0.200999 -0.00520338
 0.00548219    0.200981 -0.00499072
 0.00540966     0.20083 -0.00476564
 0.00544688    0.201346 -0.00508906
 0.00538169    0.200997 -0.00484488
 0.00541913    0.201672 -0.00518073
 0.00535157    0.201033 -0.00505951
 0.00527685    0.201018 -0.00486211
 0.00518262    0.201475 -0.00514355
 0.00487908    0.201095 -0.00483638
  0.0047589    0.201709 -0.00512165
 0.00455665    0.202122 -0.00500347
  0.0043501    0.203242 -0.00480341
 0.00427864    0.205084 -0.00513661
0.00406813   0.206383 -0.0048765
 0.00401345    0.208098 -0.00521445
 0.00387946     0.20896 -0.00508302
 0.00370155    0.209939 -0.00481618
 0.00365674    0.211021 -0.00512349
 0.00347763    0.211493 -0.00479457
  0.0034424    0.212533 -0.00511045
 0.00332855    0.212272 -0.00491491
 0.00318123    0.212679 -0.00461078
 0.00315306    0.213357 -0.00491515
 0.00300268    0.213299 -0.00455943
 0.00298437    0.214146 -0.00488291
  0.0028969    0.213654 -0.00468733
 0.00277496    0.213794 -0.00438124
 0.00276361    0.214411 -0.00470181
 0.00263899    0.214237 -0.00435751
 0.00263516    0.215084 -0.00470007
0.00257119    0.21458 -0.0045188
 0.00256921    0.215401 -0.00485944
 0.00246816    0.215359 -0.00455332
 0.00236637    0.215205 -0.00423096
 0.00253263    0.216233 -0.00455832
 0.00250253    0.215746 -0.00440947
 0.00243831    0.215838 -0.00415202
 0.00245024    0.216479 -0.00450503
 0.00238054    0.216306 -0.00421319
 0.00239525    0.217142 -0.00458341
  0.0023277    0.216789 -0.00427437
 0.00231803    0.216648 -0.00416755
  0.0023307     0.21723 -0.00452628
  0.0022765    0.217027 -0.00427163
0.00229232   0.217803 -0.0046466
 0.00227693    0.217316 -0.00453877
 0.00228977    0.218011 -0.00489943
0.00223984   0.217862 -0.0046486
0.00218601   0.217514 -0.0043739
 0.00218956    0.229962 -0.00529283
0.00239958   0.240076 -0.0055142
 0.00242763    0.242145 -0.00595809
 0.00213343     0.24385 -0.00538047
 0.00206765    0.245213 -0.00492203
 0.00207999    0.244513 -0.00520898
 0.00206435    0.242852 -0.00487011
 0.00200537    0.241286 -0.00438344
 0.00202092    0.240826 -0.00471048
 0.00195911    0.239194 -0.00420758
0.00198363    0.23945 -0.0045977
 0.0019843   0.238014 -0.0043428
 0.00200902    0.238577 -0.00475204
 0.00196564    0.237955 -0.00437141
 0.00192418    0.237488 -0.00399652
  0.0019507    0.238045 -0.00441912
  0.0019654    0.237497 -0.00426453
 0.00260861    0.238905 -0.00487716
 0.00256598    0.238968 -0.00458439
  0.0025234    0.239038 -0.00428209
0.00252588   0.239803 -0.0047276
 0.00252815    0.239547 -0.00462456
 0.00253219    0.240548 -0.00508157
  0.0024897    0.240402 -0.00480973
 0.00245484    0.240722 -0.00453895
 0.00245551    0.241388 -0.00498253
 0.00241806    0.241226 -0.00468304
 0.00242031    0.242048 -0.00524396
 0.00244703    0.241385 -0.00505882
 0.00243134    0.241435 -0.00483948
 0.00245537    0.241871 -0.00531068
 0.00242757    0.241465 -0.00503116
 0.00245134    0.242059 -0.00551384
 0.00246917    0.241284 -0.00543548
 0.00248924    0.241791 -0.00590097
 0.00246478    0.241336 -0.00564529
0.00243463   0.240662   -0.00536
 0.00244941    0.240877 -0.00580732
 0.00246532      0.2399 -0.00572797
 0.00247687    0.240297 -0.00618104
 0.00242612    0.227676 -0.00528498
0.00211353    0.21802 -0.0046069
 0.00214878     0.21991 -0.00510224
 0.00240548     0.21713 -0.00524384
  0.0024582    0.221284 -0.00590366
 0.00253038    0.223786 -0.00616834
 0.00251561    0.228129 -0.00622547
 0.00255258    0.231391 -0.00681169
 0.00251512    0.234624 -0.00670076
 0.00254099    0.236986 -0.00721815
0.00254856   0.238318 -0.0072089
 0.00256042    0.239878 -0.00766127
 0.00251294     0.24105 -0.00738305
 0.00245553     0.24146 -0.00700836
 0.00246128    0.242211 -0.00742053
0.00240583   0.241835 -0.0069694
 0.00240972    0.242535 -0.00739109
 0.00242101    0.241769 -0.00718499
  0.0023775    0.241144 -0.00677196
 0.00238081    0.241623 -0.00718885
 0.00233645    0.240827 -0.00672525
  0.0023425    0.241628 -0.00718226
 0.00236397    0.240853 -0.00698952
 0.00233464    0.240404 -0.00661087
 0.00234128    0.241108 -0.00706692
 0.00231209    0.240629 -0.00664917
 0.00232071    0.241679 -0.00714058
 0.00234855    0.240965 -0.00698028
  0.0023388      0.2411 -0.00666089
 0.00234515    0.241995 -0.00714846
 0.00233181      0.2419 -0.00677658
 0.00234022    0.243077 -0.00728996
0.00233185   0.242864 -0.0069047
 0.00233926    0.244012 -0.00741904
 0.00238218    0.243533 -0.00729505
 0.00238784    0.243838 -0.00700623
 0.00239285    0.244744 -0.00750622
 0.00239211    0.244755 -0.00716394
 0.00239574    0.245884 -0.00768401
 0.00244779    0.245811 -0.00760398
 0.00245324    0.245951 -0.00732563
 0.00245369    0.247811 -0.00788114
 0.00248239    0.249571 -0.00764508
  0.0025086      0.2524 -0.00825897
 0.00254926    0.253793 -0.00821645
 0.00254063    0.256431 -0.00796437
 0.00255383    0.258476 -0.00852947
 0.00253117     0.26029 -0.00815801
 0.00254127    0.262153 -0.00872212
 0.00258549    0.263071 -0.00859558
0.00256852   0.264213 -0.0082259
 0.00256973    0.265473 -0.00875556
 0.00254714    0.266173 -0.00830186
 0.00254895    0.267536 -0.00885633
  0.0025859    0.267435 -0.00866855
 0.00257925    0.268328 -0.00828928
 0.00257514    0.269352 -0.00883034
 0.00255936    0.269795 -0.00837754
 0.00255821    0.271072 -0.00895012
 0.00260293    0.270946 -0.00878331
   0.002601    0.271709 -0.00842118
  0.0025932    0.272698 -0.00898226
 0.00258361    0.273096 -0.00855425
 0.00257728    0.274337 -0.00914398
 0.00262288    0.274141 -0.00900005
  0.0026263    0.274935 -0.00866558
 0.00261415    0.275869 -0.00923999
  0.0026097    0.276224 -0.00883486
 0.00259755    0.277377 -0.00943316
 0.00264566    0.277207 -0.00931306
0.00264891   0.277815   -0.00899
 0.00263035    0.278633 -0.00956438
 0.00262527    0.278808 -0.00917255
 0.00260589    0.279813 -0.00976891
 0.00264964    0.279411 -0.00965353
 0.00265453    0.279862 -0.00933996
 0.00262979     0.28053 -0.00991049
 0.00262436    0.280475 -0.00952337
0.00259728   0.281316  -0.010114
0.00264042   0.280795 -0.0100071
 0.00264224     0.28092 -0.00969063
0.00260968     0.2825 -0.0103119
 0.0026292   0.284083 -0.0100253
 0.0026203    0.28669 -0.0107116
0.00171418   0.287626 -0.0103608
0.00174615   0.289796 -0.0110156
0.00175054     0.2917 -0.0106527
0.00174521   0.293108 -0.0102039
0.00178595   0.294405 -0.0108194
0.00186823   0.294601 -0.0106479
 0.0018835   0.295446 -0.0102152
 0.0019114   0.296384 -0.0108201
0.00190964   0.296572 -0.0102833
0.00193352   0.297645 -0.0109168
0.00200573   0.297103 -0.0106993
0.00201458   0.297383 -0.0102436
0.00202769   0.298091  -0.010857
0.00202165   0.297892 -0.0103154
0.00203235   0.298882  -0.010967
0.00209975   0.298162 -0.0107628
0.00210334   0.299107  -0.011402
0.00210503   0.299003 -0.0109281
0.00211178   0.298728 -0.0104188
0.00213707   0.299352 -0.0110637
0.00223481   0.298612 -0.0109005
0.00227172   0.298652 -0.0104972
0.00231652   0.299374 -0.0111707
0.00234821   0.299057 -0.0106957
0.00240574   0.300049 -0.0114036
0.00244959   0.299476 -0.0109057
0.00252831    0.30039 -0.0116203
 0.0026876   0.299818 -0.0115143
0.00275681   0.299431 -0.0111309
0.00286034   0.300012 -0.0118311
0.00302693   0.299232 -0.0117642
0.00312902   0.299106 -0.0114343
0.00328845   0.299725 -0.0121621
0.0033901  0.299166 -0.011752
0.00359689   0.299991 -0.0125123
0.00387183   0.299071 -0.0124559
0.00391461   0.298769 -0.0121002
0.00366914   0.300341 -0.0127471
0.00350243   0.301555 -0.0123478
 0.0032764   0.304243 -0.0130684
0.00315629   0.305162 -0.0129476
0.00300744   0.307215 -0.0125427
0.00280084   0.309007 -0.0132059
0.00267048   0.310109 -0.0126531
0.00247895   0.311716 -0.0133191
0.00239886   0.311482 -0.0130663
0.00228813    0.31216 -0.0125391
0.00324846    0.31341 -0.0135562
0.00310386   0.313308 -0.0129106
0.00289288   0.314438 -0.0135717
0.00279733   0.313487 -0.0132711
0.00267338   0.313602  -0.012719
0.00247993   0.314392 -0.0133686
0.00237151      0.314 -0.0127287
0.00219109   0.315136 -0.0134242
0.00212708   0.314211 -0.0131541
 0.0020316   0.314266 -0.0126306
0.00186582   0.315127 -0.0133155
0.00178322   0.314793 -0.0127118
 0.0016279   0.316003 -0.0134388
0.00158862   0.315185 -0.0132069
0.00151711   0.315329 -0.0127206
0.00137145   0.316239 -0.0134284
0.00131091   0.315971   -0.01286
0.00117339   0.317184 -0.0136042
0.00115373   0.316424 -0.0134009
0.00102166    0.31757 -0.0141289
0.000970982    0.317451  -0.0136244
0.000926709    0.317143   -0.013076
0.00080415   0.317934 -0.0137906
0.000772569    0.317342  -0.0132068
0.000654619    0.318411  -0.0139539
0.000662136    0.317812  -0.0137726
0.000632546    0.317445  -0.0133024
0.000521175     0.31823  -0.0140246
0.000498532     0.31766  -0.0134809
0.000390357     0.31871  -0.0142337
0.000397309    0.319369  -0.0141452
0.000369624    0.321184  -0.0138052
0.00160375   0.324417 -0.0151176
0.00154568    0.32591 -0.0150408
0.00137787   0.328658 -0.0158693
0.00128849   0.330903  -0.015414
0.00121372   0.332629 -0.0148451
0.00105928   0.334473 -0.0156181
0.00103104   0.334957 -0.0153932
0.000883086    0.336937  -0.0161796
0.000824357    0.338075  -0.0155925
0.000775564    0.338925  -0.0149386
0.000638115     0.34046  -0.0157143
0.000606137    0.340941  -0.0150069
0.000475756    0.342837  -0.0158343
0.000485773    0.343057  -0.0155722
0.000457291    0.343814  -0.0150002
0.000332873    0.345376  -0.0158104
0.000313195    0.345937  -0.0151554
0.000333019    0.346536  -0.0149878
0.000214693    0.348159  -0.0158218
0.000196516    0.348932  -0.0152852
8.2308e-05   0.350859 -0.0161574
7.3725e-05   0.351347 -0.0155291
-3.72642e-05     0.353093   -0.0163898
-7.32467e-06      0.35333   -0.0161993
-1.68444e-05     0.353853   -0.0156731
-0.000124351     0.355081   -0.0164917
-0.000125703     0.355228   -0.0158681
-0.000230229     0.356669   -0.0167174
-0.000193257     0.356583   -0.0165258
0.00125375   0.356984 -0.0165129
0.00108272   0.357975 -0.0173162
0.00102218   0.357737 -0.0166792
0.000861321    0.358948  -0.0175121
0.00084429   0.358188 -0.0172908
0.000690736    0.359289  -0.0180998
0.000641069    0.359075  -0.0175248
0.000600372    0.358573  -0.0168954
0.000456851    0.359239  -0.0176872
0.000446907    0.359553   -0.017552
0.000300324    0.362868  -0.0184979
0.000258194    0.364729  -0.0180646
0.000220146    0.367064  -0.0174912
8.34188e-05    0.369693  -0.0184027
9.24096e-05    0.370931  -0.0182152
6.53037e-05    0.373169   -0.017658
-6.48827e-05     0.375353   -0.0185503
-7.98685e-05     0.376751   -0.0178336
-0.000204961     0.379039   -0.0187555
-0.000173975      0.37932   -0.0184658
-0.000295924     0.381418   -0.0193647
-0.000303386     0.382431   -0.0186775
-0.000301135     0.383145   -0.0179196
-0.000417045     0.384684   -0.0188004
-0.000371983     0.384555   -0.0184991
-0.000485178      0.38646   -0.0194171
-0.000480599     0.387089    -0.018725
-0.000467639     0.387523   -0.0179814
-0.000576153     0.388952    -0.018884
-0.000549852     0.389015   -0.0180926
-0.000655391     0.390796   -0.0190468
0.000928682    0.390542   -0.019298
0.000877695    0.391111   -0.018665
0.00070495   0.392431 -0.0195733
0.000667122    0.392428  -0.0188286
0.000502643    0.394037  -0.0197779
0.000509345    0.393381  -0.0195061
0.000351939    0.394836  -0.0204297
0.000321735    0.394796  -0.0197622
0.000299996    0.394453  -0.0190356
0.000153015    0.395353  -0.0199333
0.000176053    0.394299  -0.0196671
3.44825e-05    0.395471  -0.0205868
1.83431e-05     0.39508  -0.0199269
1.1038e-05   0.394339 -0.0192039
-0.000121659     0.395056   -0.0200816
-0.000113875     0.393908   -0.0193356
-0.000246021     0.394938   -0.0203249
-0.000193852      0.39381   -0.0200406
-0.000200724     0.394195   -0.0194877
-0.00034669    0.397565   -0.020696
-0.000343877     0.399071   -0.0200318
-0.000486294     0.402465   -0.0212478
-0.00044125    0.404258   -0.021092
-0.000434382     0.406438   -0.0204375
-0.00057127    0.409406  -0.0216219
-0.000549233     0.411101   -0.0207861
-0.00068307    0.413953  -0.0219705
-0.000615494     0.415034   -0.0216696
-0.00059034    0.416331  -0.0209005
-0.000719939     0.418801   -0.0220638
-0.000655821     0.419224   -0.0217522
-0.000784395     0.421649   -0.0229021
-0.000761927     0.422835   -0.0221167
-0.000726966     0.423533   -0.0212235
-0.000851078     0.425628   -0.0223791
0.000816182    0.425778  -0.0226028
0.000614516    0.427845  -0.0237326
0.000576169    0.428464  -0.0229089
0.000552165    0.428633  -0.0219917
0.000365685    0.430414  -0.0231338
0.000362774    0.430208  -0.0221593
0.000183531    0.432005  -0.0233148
0.000224727    0.431147  -0.0229132
0.000220332    0.431369  -0.0221419
5.13089e-05    0.432921  -0.0232878
0.0254482  0.475416 -0.129411
0.0259691  0.477715 -0.127749
 0.026103  0.476952 -0.123361
0.0245788  0.469344 -0.115814
0.0249657  0.463568 -0.112057
0.0246575   0.45413 -0.104731
0.0239411  0.448576 -0.100783
 0.0228311   0.438666 -0.0937738
 0.0227576   0.428729 -0.0868445
 0.0232788   0.424334 -0.0841226
 0.0219261   0.414117 -0.0766027
 0.0225085   0.410807 -0.0744199
0.0214489  0.401854 -0.068225
0.0215478  0.395613 -0.062897
 0.0210136   0.395951 -0.0611737
 0.0211829   0.391345 -0.0560655
0.0209465  0.392433 -0.054905
 0.0212114   0.388534 -0.0506563
0.0207394  0.386134  -0.04548
 0.0195777   0.387134 -0.0437509
 0.0192072    0.38437 -0.0385554
 0.0182779   0.385953 -0.0374283
 0.0187095   0.383149 -0.0339401
  0.017686    0.38175 -0.0294076
 0.0153768   0.383529 -0.0280467
 0.0106859   0.381912 -0.0214963
0.00852049   0.384323 -0.0204608
0.00789621   0.382054 -0.0162572
0.00796249   0.384089 -0.0156121
0.00752864   0.383173 -0.0105116
 0.00723743    0.381675 -0.00532505
 0.00741797      0.3837 -0.00503382
 0.00817914    0.382172 -0.00183882
 0.00826145    0.384529 -0.00165449
0.00810524   0.384439 0.00265611
0.00792814   0.383542 0.00730357
0.00787031   0.385744 0.00744024
0.00849062   0.384707   0.010348
0.00829107   0.387153  0.0104427
0.00815767   0.387044  0.0144805
0.00759728   0.387167  0.0188797
0.00733696   0.389441    0.01886
0.00785594   0.388811  0.0214319
0.00753523   0.391303  0.0213053
0.00737254   0.391588  0.0249519
0.0070284  0.391582 0.0288733
0.00649233   0.394508  0.0285968
0.00704435   0.394211  0.0307184
0.00671148   0.396733  0.0302903
0.00666055   0.397352  0.0334265
0.00645646   0.397663  0.0368089
0.00610216   0.399992  0.0362473
0.00674013   0.399983  0.0378833
0.00618451   0.403934  0.0371019
0.00706233   0.408273  0.0392335
0.0205882  0.407048  0.023714
 0.021392  0.412056 0.0224274
0.0317731   0.41727 0.0035203
 0.0360788   0.420845 0.00403283
 0.0334591   0.434664 0.00162689
 0.0149644   0.445536 -0.0022163
 0.0112699   0.447711 0.00248522
-0.00274258    0.457597  -0.0042188
-0.00401681      0.4571 -0.00300465
 -0.0119777    0.468276 -0.00856129
-0.0173235   0.472798 -0.0183672
 -0.016491   0.469918 -0.0177336
-0.0204891   0.472543 -0.0290193
-0.0178488   0.465945 -0.0287417
-0.0214499   0.469646 -0.0359326
-0.0232295   0.464871   -0.04581
-0.020615  0.457519 -0.043886
-0.0222783    0.45036 -0.0535242
-0.0189698    0.44001 -0.0509014
-0.0212465   0.435856 -0.0557356
-0.0221217   0.423123 -0.0626877
-0.0900811   0.371153  0.0927975
-0.0920907    0.36019  0.0904793
-0.0908026   0.346935  0.0931361
-0.0994922   0.338788  0.0953965
-0.107903  0.329151 0.0970804
-0.110573  0.326722  0.104162
-0.116529  0.324539  0.106391
-0.124385  0.317571  0.108137
-0.125398  0.314249  0.114047
-0.132541  0.307018  0.114264
-0.132517  0.302323  0.119593
-0.136025  0.299266  0.119332
-0.140944  0.290234  0.118204
-0.138065   0.28694  0.124058
-0.136203  0.280804  0.125676
-0.132903  0.276326  0.131014
-0.130564  0.273168  0.131236
-0.12801 0.265539 0.131851
-0.124738  0.263439  0.136982
-0.121938  0.256061  0.136979
-0.118607  0.252748  0.142069
-0.11581 0.246488  0.14151
-0.112483  0.243139  0.146493
-0.109079  0.238599  0.144971
-0.105984  0.230183  0.144942
-0.102732  0.227619  0.149763
-0.0995722    0.21926    0.14949
-0.0963447   0.215622   0.154356
-0.0926973   0.209032   0.152827
-0.0892745   0.200202   0.152839
-0.0861982    0.19768   0.157534
-0.0637665   0.192367   0.163015
-0.0576812    0.19021   0.171416
-0.0359652   0.187915   0.174994
-0.00923706    0.182924    0.180314
-0.00475719    0.180157    0.184032
0.0119982  0.173782  0.180848
0.0136083   0.16766  0.178064
0.0270619  0.162267  0.174811
0.0414012  0.155465  0.167488
0.0424079  0.150272  0.163093
0.0572861  0.143832  0.152853
0.0581312  0.136517  0.146719
0.0695687  0.131008  0.133466
0.0831152  0.123578  0.122418
0.0828972  0.118405  0.117926
0.0962593  0.113221  0.109157
0.0988235  0.107213  0.105738
 0.136282  0.102266 0.0962647
 0.173503 0.0961273 0.0901734
  0.19069 0.0918188 0.0886802
 0.224979 0.0880983 0.0833013
 0.235759 0.0829276 0.0793548
 0.263875 0.0798458 0.0689308
 0.286818 0.0757654 0.0592299
  0.29097 0.0725544 0.0534114
 0.307155 0.0707775 0.0422942
 0.306455 0.0668398 0.0350579
 0.318947 0.0649817 0.0217409
   0.32534  0.0639134 0.00917396
  0.321017  0.0620229 0.00378075
  0.323299  0.0630805 -0.0085489
  0.317158  0.0600013 -0.0140471
  0.320387  0.0598541 -0.0265359
  0.313679   0.056842 -0.0316768
  0.311732  0.0589543 -0.0423999
  0.307624  0.0611173 -0.0524311
  0.300086  0.0605112 -0.0549658
   0.29856  0.0608885 -0.0651197
  0.290819  0.0576031 -0.0690004
  0.284626  0.0601094 -0.0769568
  0.276644  0.0619859 -0.0842412
  0.268321  0.0607203 -0.0858371
  0.257616  0.0619132 -0.0861661
   0.24958  0.0579276 -0.0893725
  0.243335  0.0584218 -0.0933192
  0.233262  0.0567773 -0.0937967
  0.226652  0.0533354 -0.0960475
  0.216266  0.0532218 -0.0940182
  0.211358  0.0476915 -0.0960285
  0.206392  0.0454977 -0.0977295
  0.197542  0.0441161 -0.0922167
  0.193453    0.04011 -0.0935644
  0.183615  0.0394916 -0.0856746
  0.180368  0.0340348 -0.0867578
  0.175013   0.031897 -0.0843709
  0.166021  0.0303114 -0.0756123
 0.162506 0.0264311 -0.076492
   0.15229  0.0268786 -0.0666427
   0.14918  0.0215013 -0.0676895
  0.144738  0.0194042 -0.0603707
  0.142355  0.0175284 -0.0408376
  0.137188   0.013889 -0.0436398
  0.133782  0.0129316 -0.0225635
  0.127803 0.00751523 -0.0265677
  0.124102 0.00610476 -0.0162217
  0.117811 0.00317766 0.00151768
    0.111177 -0.000871959  -0.00283111
   0.101938 -0.00299055   0.0192593
  0.0946209 -0.00857411   0.0138141
 0.0863513 -0.0115558  0.0245909
 0.0754062 -0.0142206  0.0443985
  0.068039 -0.0182429  0.0389591
 0.0573811 -0.0253109  0.0514275
 0.0498935 -0.0308045  0.0450924
 0.0394515 -0.0378245  0.0532291
 0.0322266 -0.0422195  0.0474558
0.0232571  -0.04389  0.050492
 0.0118714 -0.0494446   0.059353
0.00572421 -0.0509857  0.0543288
-0.00541451  -0.0504006   0.0672725
-0.0108641 -0.0518854  0.0624366
-0.0177002 -0.0383488  0.0697349
-0.0229429 -0.0428424   0.142212
-0.0269214 -0.0431831   0.139199
-0.0303883 -0.0503385   0.232321
-0.0331811  -0.051537    0.22716
-0.0293383 -0.0527231   0.277464
0.0114276  -0.05967  0.341006
  0.014086 -0.0598749    0.33373
 0.0467538 -0.0824603   0.411204
  0.047498 -0.0827417   0.399813
0.0698469 -0.110356  0.437395
0.0692165 -0.107681  0.423391
0.0764331 -0.119446  0.415549
  0.07504 -0.113338  0.400325
0.0752068 -0.117112  0.373792
0.0705314 -0.114205  0.340052
0.0689596 -0.106632  0.325197
 0.132098 -0.103205  0.230892
  0.130858 -0.0948364   0.220316
  0.120486 -0.0886649   0.198247
  0.106828 -0.0843094   0.174896
   0.10334 -0.0799119   0.166439
 0.0877967 -0.0774265    0.14548
0.0843578 -0.074128  0.140164
 0.0697902 -0.0726816   0.125692
 0.0729758 -0.0964658   0.104935
0.0625517 -0.118377 0.0891692
0.0532532  -0.12131 0.0695567
0.0504273 -0.113364 0.0691863
0.0393873 -0.111182 0.0612319
0.0359357 -0.100056 0.0636558
 0.0235718 -0.0897696  0.0566553
 0.0105818 -0.0773325  0.0505768
0.00763894 -0.0675144  0.0502632
-0.00505889  -0.0559454   0.0421183
-0.00707723  -0.0482373   0.0394059
-0.0177997 -0.0395974  0.0299267
-0.0283687 -0.0317155  0.0179024
-0.0295063 -0.0264357  0.0122966
  -0.039257  -0.0204226 -0.00185276
 -0.0396985  -0.0165883 -0.00832864
-0.0479943 -0.0118427 -0.0210045
 -0.0560565 -0.00789745  -0.0353586
 -0.0562281 -0.00469422  -0.0419096
 -0.0639369 -0.00130722  -0.0559487
-0.0638479  0.0016006 -0.0618493
 -0.070746 0.00516406 -0.0727332
-0.0775731  0.0081082 -0.0843331
-0.0774084  0.0109057 -0.0895107
-0.0839624  0.0139561  -0.100238
-0.0835752  0.0164753   -0.10474
-0.0894666  0.0191627  -0.112745
 -0.09518 0.0215092 -0.121254
-0.094604 0.0236435 -0.125262
-0.100072 0.0247307 -0.133048
-0.0991925  0.0264653  -0.136596
-0.103854  0.027231 -0.142739
 -0.10821 0.0286081 -0.148515
-0.107074 0.0298932 -0.151594
-0.111127 0.0292904 -0.156941
-0.109676 0.0302609 -0.159589
-0.112959 0.0294612 -0.163746
-0.115897 0.0286377 -0.167345
-0.114198 0.0293177 -0.169475
-0.116688 0.0276516  -0.17268
 -0.11472 0.0281592 -0.174369
-0.116466 0.0249919 -0.176865
-0.114182 0.0244219 -0.178273
-0.115844 0.0220585 -0.177876
 -0.11706 0.0177091 -0.177428
-0.114755 0.0173131 -0.177485
-0.115425 0.0131283 -0.176252
-0.112743 0.0131973 -0.175353
   -0.1128 0.00988533  -0.173072
 -0.112437 0.00430149  -0.169826
 -0.109485 0.00469418   -0.16825
  -0.108787 -0.00171447   -0.163943
 -0.186608 0.00307684  -0.203714
  -0.195611 -0.00202731   -0.193772
  -0.205239 -0.00899954   -0.182354
  -0.198061 -0.00747413   -0.176066
  -0.19757 -0.0141112  -0.163883
 -0.189092 -0.0118667   -0.15783
  -0.17898 -0.0304736  -0.165003
 -0.171117 -0.0284637   -0.15904
 -0.160448 -0.0356059  -0.149928
-0.145501 -0.046357 -0.154879
 -0.136229 -0.0471782  -0.161859
 -0.121427 -0.0601139  -0.169938
 -0.114042 -0.0612204  -0.175649
 -0.102434 -0.0716276  -0.183139
-0.0907229 -0.0830877  -0.189505
-0.0855352 -0.0830633  -0.190267
-0.0751412 -0.0958574  -0.193237
-0.0715731 -0.0945214  -0.190553
-0.0640297  -0.101621   -0.18869
-0.0574046  -0.109329  -0.183393
-0.0553441  -0.105083  -0.175579
-0.0500671  -0.111212   -0.16615
-0.0492895  -0.105659  -0.156308
-0.0458294  -0.109791  -0.146603
-0.0457401  -0.104363  -0.136542
-0.0432973    -0.1088  -0.124279
-0.0419658  -0.114178  -0.111954
-0.0425204  -0.109939  -0.102455
 -0.042085  -0.116915 -0.0912589
-0.0430175  -0.113823 -0.0833467
-0.0464557  -0.121968 -0.0731734
 0.055743 -0.136335 0.0105358
0.0452822 -0.133662 0.0178772
0.0333754 -0.142178  0.025136
0.0260732 -0.137836 0.0284476
0.0199656 -0.143065 0.0292336
0.0142109  -0.14736 0.0305675
0.0110426 -0.141289 0.0330161
0.00263433  -0.143383  0.0358371
-0.00327463   -0.134944   0.0400715
-0.0166482  -0.133751  0.0439101
-0.026731 -0.123783 0.0497803
-0.0453156  -0.122096  0.0574404
-0.0650106  -0.120297  0.0679276
-0.0747231  -0.111934  0.0757144
-0.0917673  -0.109626  0.0848656
-0.100436 -0.101368 0.0918445
 -0.117234 -0.0980767   0.101401
 -0.130487 -0.0957149   0.110595
 -0.114664 -0.0890949   0.118564
-0.0860561 -0.0890783   0.130895
-0.0684727 -0.0825389   0.136828
-0.0434179 -0.0813678    0.14446
 -0.017046 -0.0810795   0.149688
-0.00482985  -0.0744668    0.150648
 0.0179512 -0.0730866   0.151044
 0.0255632 -0.0657192   0.148896
 0.0407674 -0.0634831   0.146311
0.0548237 -0.059145  0.142006
 0.0587405 -0.0514994    0.14058
 0.0691132 -0.0488363   0.136078
 0.0705219 -0.0414348   0.135345
 0.0771049 -0.0390522   0.133315
 0.0826359 -0.0348986   0.130744
 0.0830877 -0.0293092   0.131357
 0.0879045 -0.0282902   0.127943
 0.0880031 -0.0234805   0.128289
0.0921889 -0.022674  0.125231
  0.096053 -0.0210278   0.121821
 0.0958314 -0.0174764     0.1213
 0.0991762 -0.0183964   0.116519
  0.098781 -0.0156966   0.115603
  0.101884 -0.0167058   0.110982
  0.101351 -0.0139239   0.110148
  0.104148 -0.0148524   0.105344
  0.106585 -0.0165212   0.100201
  0.105709 -0.0135828  0.0998412
  0.107824 -0.0144614  0.0956335
  0.106717 -0.0111957  0.0951508
  0.108419 -0.0117513  0.0908249
  0.109646 -0.0129598  0.0860454
   0.108241 -0.00975867    0.085561
  0.109078 -0.0111905    0.08059
   0.107568 -0.00782609   0.0796889
   0.108467 -0.00775866   0.0755761
   0.108823 -0.00868699   0.0705061
   0.107147 -0.00548334   0.0695995
   0.107155 -0.00686693   0.0643742
   0.105414 -0.00357174   0.0632369
   0.10557 -0.0034914  0.0591683
   0.105186 -0.00453151   0.0542799
   0.103287 -0.00140471   0.0534326
    0.10256 -0.00293585   0.0486388
  0.10081 0.0010005 0.0473585
   0.100273 0.000978218   0.0438034
   0.0991775 -0.000220492    0.0394885
 0.0971221 0.00285556  0.0387979
 0.0957015 0.00114947  0.0345662
0.0936553  0.004346 0.0336705
 0.0923166 0.00329562  0.0301378
 0.0907738 0.00265568  0.0266185
 0.0887761 0.00631206  0.0258277
  0.086857 0.00457781  0.0221542
 0.0848655 0.00776368  0.0213406
 0.0831964 0.00731071  0.0182306
0.0812778 0.0109718 0.0174275
 0.0793084 0.00990243  0.0145188
 0.0771483 0.00846687  0.0112898
0.0752495 0.0119357 0.0108644
 0.0730105 0.00875987  0.0076421
 0.0706384 0.00656786 0.00379997
 0.0686409 0.00805659 0.00239811
 0.0662327 0.00394626 -0.0020191
  0.0644171   0.0059604 -0.00335238
  0.0620422   0.0025308 -0.00638489
   0.0595914 -0.000930762  -0.00938783
  0.0578562  0.00163031 -0.00986377
 0.0552235 -0.0023744 -0.0125033
  0.0537507 0.000836403  -0.0129784
  0.0516458 -0.00212933  -0.0154227
 0.0501816  0.0018253 -0.0151252
   0.0479503 -0.000594814   -0.0166234
  0.0457489 -0.00358545  -0.0187396
   0.0446935 -0.000104096   -0.0186436
  0.0428765 -0.00204417  -0.0199675
 0.0422473  0.0018129 -0.0201424
   0.0406496 -0.000148802   -0.0211365
  0.0391518 -0.00279717  -0.0223575
  0.0386285 0.000471248  -0.0220605
  0.0374021 -0.00115274  -0.0229145
  0.0364958 -0.00214439  -0.0235874
  0.036304 0.00134106 -0.0233067
   0.0354046 -0.000956088   -0.0239787
 0.0355274 0.00334227 -0.0239393
 0.0347053 0.00204561 -0.0243281
  0.0342108 0.000988579  -0.0245387
 0.0343699   0.005247 -0.0239652
 0.0338416 0.00337747 -0.0240729
 0.0341178 0.00744296 -0.0236978
 0.0335246 0.00652506  -0.023607
 0.0333158 0.00635668 -0.0233303
 0.0335687  0.0103338 -0.0224993
 0.0332089 0.00882148 -0.0221655
 0.0336828  0.0135554 -0.0216568
 0.0332406  0.0112886 -0.0211218
  0.033738  0.0160508 -0.0205482
 0.0333756  0.0160551 -0.0197326
0.0330745  0.015064 -0.019332
 0.0334469  0.0191822 -0.0183407
 0.0327503  0.0164541 -0.0189176
 0.0329101  0.0188224 -0.0194085
 0.0320148  0.0158386 -0.0199396
  0.031294  0.0124576 -0.0207818
0.0313224 0.0145756 -0.020605
  0.030487  0.0103067 -0.0212575
  0.030624  0.0132217 -0.0210692
 0.0296297  0.0105393 -0.0212236
 0.0289885 0.00844007  -0.021009
0.0291164 0.0118372 -0.020134
 0.0283918 0.00916043 -0.0198594
 0.0288247  0.0136431 -0.0193305
 0.0280968  0.0122578 -0.0190156
 0.0277607  0.0111914 -0.0186093
0.0282256 0.0151943  -0.01772
 0.0279808  0.0133549 -0.0174312
 0.0287145  0.0176711 -0.0169472
 0.0284971  0.0168164 -0.0166354
   0.02935  0.0211556 -0.0160713
 0.0295512  0.0203919 -0.0152504
 0.0298899  0.0189235 -0.0147882
 0.0307309  0.0230987 -0.0135442
 0.0309333    0.02255 -0.0130265
0.0319409 0.0270121 -0.012286
 0.0324992  0.0264859 -0.0112372
 0.0331033  0.0252712 -0.0106473
  0.0340112   0.0295515 -0.00940706
  0.0343515   0.0292394 -0.00891702
  0.0350793   0.0291191 -0.00819157
  0.0359816   0.0335171 -0.00720683
 0.0366087  0.0325229 -0.0067161
  0.0375811   0.0371509 -0.00609754
  0.0378929   0.0370098 -0.00568278
   0.038577   0.0370922 -0.00512605
  0.0393981   0.0415183 -0.00402105
    0.03993   0.0406489 -0.00349687
 0.0407945  0.0452686 -0.0027466
  0.0410319   0.0452002 -0.00224119
  0.0415924   0.0452999 -0.00160046
    0.042288    0.0496636 -0.000449591
  0.0421915   0.0471798 -0.00127207
  0.0424296   0.0488102 -0.00182676
  0.0420131   0.0457653 -0.00268929
  0.0422003   0.0475188 -0.00308657
  0.0418086     0.04389 -0.00386343
  0.0413233   0.0391417 -0.00498099
  0.0413369   0.0413964 -0.00428326
  0.0406857   0.0385468 -0.00474991
  0.0408053    0.041716 -0.00427517
  0.0402856   0.0388789 -0.00420592
0.0280967 0.0648946 0.0230486
0.0283247 0.0669078 0.0232561
0.0277055 0.0646815 0.0228306
0.0281415 0.0673192 0.0324909
0.0279648 0.0652075 0.0415943
0.0269601 0.0622281 0.0528771
0.0251585 0.0634094 0.0635299
0.0211942 0.0579035 0.0778336
0.0191168 0.0585393 0.0862138
0.0149571 0.0531983 0.0944819
0.0108523 0.0474658  0.101411
0.00923415  0.0467917   0.102809
0.00514963  0.0390876   0.103883
0.00409973  0.0381632   0.101755
0.000920441   0.0312314   0.0983778
0.00166835 0.00138531  0.0793839
0.00112072 0.00155326  0.0762456
-0.003857 0.0172291  0.084057
-0.00157727   0.0198164   0.0685785
-0.000200307    0.0175321    0.0518823
0.000191205   0.0118288   0.0440957
0.00125122  0.0122987  0.0431026
0.00290603 0.00742929  0.0387861
0.00447915 0.00893043   0.040264
0.00653615 0.00552665  0.0393008
0.00923218 0.00258947  0.0402086
 0.0109973 0.00431057   0.040893
  0.0136977 0.000514189   0.0407571
0.0154247  0.002573 0.0405786
   0.0178527 -0.000200054    0.0390126
 0.0200922 -0.0044257  0.0358461
  0.0211138 -0.00559597   0.0332389
 0.0158267 0.00137909  0.0476877
  0.0163856 -0.00027626   0.0451826
  0.0177271 -0.00692013   0.0409991
  0.0184668 -0.00700889   0.0492156
0.0179541 -0.013888  0.057816
 0.0161047 -0.0231805  0.0689712
 0.0140826 -0.0265115  0.0778623
0.0105363 -0.036403 0.0869114
0.00871945 -0.0358156  0.0894511
0.00621662 -0.0414278  0.0895603
0.00366664 -0.0434274   0.087028
0.00253808 -0.0389306  0.0829433
0.000891756  -0.0385312   0.0753587
0.000308883  -0.0332285   0.0703175
0.000228542  -0.0316419   0.0621651
0.000347527  -0.0258137   0.0582462
0.00101729 -0.0228724  0.0509158
0.00217028 -0.0210467   0.044243
0.00282391 -0.0160476  0.0421346
0.00471431 -0.0146745  0.0377147
0.00554107  -0.010684  0.0371338
 0.00782554 -0.00895051   0.0336284
  0.0102089 -0.00835233   0.0304726
  0.0110656 -0.00474272    0.029675
  0.0134844 -0.00377848   0.0264269
  0.0143023 0.000788059   0.0254274
 0.0167969 0.00160926  0.0221028
0.0190943 0.0015976 0.0182002
  0.019745 0.00499752  0.0166139
0.0218772 0.0058119 0.0125103
  0.022289 0.00958851  0.0109633
 0.0244325  0.0106729 0.00691897
 0.0262718  0.0111494 0.00261709
 0.0265523  0.0147043 0.00111874
  0.0282487   0.0159316 -0.00272129
  0.0283292   0.0196468 -0.00374553
 0.0299648  0.0209196 -0.0072155
 0.0362979  0.0381192 0.00546323
 0.0357798   0.053724 0.00184187
 0.0362924  0.0509792 -0.0032442
   0.035113   0.0472979 -0.00713853
  0.0362371   0.0470857 -0.00981331
 0.0350774  0.0436258 -0.0135874
 0.0346971  0.0368199 -0.0205195
 0.0501328  0.0261045 -0.0692687
 0.0486206  0.0247331 -0.0724212
 0.0300859  0.0184223 -0.0357476
 0.0331701   0.023167 -0.0670065
0.0372762 0.0256181 -0.100667
0.0380785 0.0227829 -0.110472
0.0364809  0.022576 -0.104737
0.0372613 0.0178422 -0.101342
  0.035569  0.0174845 -0.0876383
 0.0344836  0.0133197 -0.0759211
 0.0326575   0.013352 -0.0644055
 0.0299617 0.00828414  -0.051818
 0.0270359 0.00422292 -0.0414139
  0.025135 0.00527082 -0.0379003
  0.0359313 -0.00145742  -0.0706453
   0.034145 0.000267012  -0.0721908
  0.015899 -0.0017732 -0.0362724
 0.0184681 0.00440499 -0.0641194
 0.0209826 0.00757025 -0.0938916
 0.0199035 0.00912537 -0.0950151
 0.0199746 0.00581494 -0.0978694
  0.0202588 6.67742e-05  -0.0947573
  0.0191834 -0.00176547  -0.0840846
 0.0174634 -0.0103712 -0.0708538
 0.0164594  -0.011651 -0.0603022
 0.0276541  -0.022503 -0.0837197
 0.0270644 -0.0212953 -0.0790937
 0.0105052 -0.0269995 -0.0341305
  0.012352 -0.0257418 -0.0541869
 0.0157397 -0.0159909 -0.0788185
 0.0140054 -0.0196429 -0.0791495
 0.0128839 -0.0195252 -0.0752808
 0.0142645 -0.0240283 -0.0763022
  0.012527 -0.0280254 -0.0697964
 0.0219492 -0.0470251 -0.0948745
 0.0207589 -0.0510698 -0.0898692
0.00408079  -0.061697  -0.048021
0.00655414 -0.0571126 -0.0674331
0.00743339 -0.0601502   -0.08636
0.00574574  -0.067569 -0.0882827
0.00421559 -0.0679509 -0.0831894
0.00328277 -0.0740381 -0.0791508
0.00192018 -0.0729753 -0.0699707
-0.000557025   -0.0780711   -0.0605608
 0.0079345 -0.0865368 -0.0802817
0.00713164 -0.0833721 -0.0757486
 0.0045939 -0.0859332  -0.070148
-0.00679819  -0.0737849  -0.0535917
-0.00475699  -0.0672827  -0.0754331
-0.001609 -0.064171 -0.103663
-0.00217957  -0.0622218  -0.0984929
-0.00089642  -0.0675002  -0.0982164
-0.00123089   -0.067848  -0.0824626
-0.00253523  -0.0770575  -0.0647889
-0.00317108  -0.0783648  -0.0495663
-0.00593977  -0.0893092  -0.0302615
-0.00676184  -0.0897477  -0.0220138
0.00353985  -0.101906 -0.0477323
0.00180403  -0.105197 -0.0429448
 0.0013276  -0.102492 -0.0436209
-0.0123714 -0.0974344 -0.0275985
-0.00801307  -0.0838051  -0.0565488
-0.00586726  -0.0837113  -0.0855826
-0.00601596  -0.0812909  -0.0816928
-0.00434816  -0.0866264  -0.0825532
-0.00436529  -0.0877647  -0.0666805
-0.00330258  -0.0961877  -0.0568203
-0.00367293  -0.0985414  -0.0407303
-0.00478875   -0.106936  -0.0223631
-0.00754555   -0.119101  -0.0038129
0.00442069  -0.127382 -0.0311275
0.00273409  -0.133099 -0.0231363
0.00243114  -0.129053 -0.0228975
 -0.0119777   -0.124394 -0.00718392
-0.0101033  -0.121852 -0.0368444
-0.00771463   -0.122211  -0.0684122
-0.00891804   -0.124185  -0.0659878
-0.00881438   -0.134381  -0.0689772
-0.00987668   -0.137989   -0.053774
-0.0103221  -0.150485 -0.0454435
-0.0113121  -0.153294 -0.0298682
-0.0138231   -0.16449 -0.0123038
-0.00507613   -0.182395  -0.0291286
-0.00546153   -0.180926  -0.0223949
-0.00792213   -0.185959   -0.013763
-0.00760877   -0.178077  -0.0302778
-0.0198341  -0.166732 -0.0151549
-0.0171521   -0.15951 -0.0433898
-0.0193108  -0.162409 -0.0610637
-0.0204797  -0.167065 -0.0590127
-0.0174269  -0.166045  -0.048882
 -0.013972  -0.165502 -0.0354623
-0.0130499  -0.172575 -0.0206213
-0.0143966  -0.180958   0.002838
-0.0148181  -0.182705  0.0164622
-0.00589723   -0.200593  0.00176149
-0.00587842   -0.198683  0.00628447
-0.0073776  -0.203103  0.0110938
-0.00687255   -0.197079 -0.00688923
-0.00782192   -0.197693  -0.0233748
-0.0161174  -0.182253 -0.0194016
-0.0174655  -0.189324 -0.0390042
-0.0235768  -0.197663 -0.0487589
-0.0206163  -0.197465 -0.0395886
-0.0175982  -0.204502 -0.0301071
-0.0125501  -0.202419 -0.0173116
-0.00779888   -0.206493 -0.00373049
0.00162923  -0.215052 -0.0131353
0.00120503   -0.22204 0.00856454
0.00118554  -0.221143  0.0182095
0.00119363  -0.224113  0.0154025
0.000172932   -0.227599  0.00689858
0.000385814   -0.225322 -0.00972142
-0.00935769   -0.222287 -0.00671636
-0.0153679  -0.226182 -0.0151196
-0.0208619  -0.234821 -0.0215786
-0.0188509  -0.236519 -0.0132789
 -0.0185856    -0.24345 -0.00832577
-0.0157383  -0.244947 0.00111802
-0.0039992    -0.2582   -0.01528
-0.00460778    -0.25968 -0.00516976
-0.00718985   -0.266625  0.00776424
-0.00923985   -0.270044  0.00758186
-0.00977588   -0.268492 0.000206168
-0.0119943  -0.269049 -0.0110677
-0.0126917  -0.266383 -0.0230465
-0.0133309  -0.268846 -0.0366847
-0.0134994  -0.272124 -0.0501393
-0.0135482  -0.272332 -0.0525335
-0.0136339  -0.275742 -0.0538144
-0.0137904  -0.279139 -0.0498196
-0.014264 -0.279737 -0.042304
-0.0155974  -0.284006 -0.0327745
-0.0164899  -0.284296 -0.0249011
-0.0182907  -0.288005 -0.0179251
-0.0207654  -0.291141 -0.0112511
 -0.0222059     -0.2914 -0.00970111
 -0.0253104   -0.294996 -0.00890904
-0.0268819   -0.29461 -0.0113014
-0.0295161  -0.297639 -0.0151185
-0.0323712  -0.300029 -0.0202801
-0.0342032  -0.299734 -0.0235353
-0.0373263  -0.302722  -0.029064
-0.0391392  -0.302008  -0.030718
-0.0417939  -0.304775 -0.0341869
-0.0448258  -0.305833 -0.0367541
-0.0471606  -0.305167 -0.0355887
 -0.051496  -0.307667 -0.0334796
-0.0539494  -0.306923 -0.0308187
-0.0572482   -0.30929   -0.02898
-0.0587683    -0.3085 -0.0263902
-0.0616333   -0.31029 -0.0238143
-0.0637171  -0.312335  -0.021464
-0.0652459  -0.313658 -0.0209801
-0.0665097  -0.319118 -0.0208975
-0.0677747  -0.321547 -0.0189767
-0.0693123  -0.326142 -0.0166117
-0.0702467  -0.331587  -0.013877
-0.0710287  -0.332472 -0.0110512
 -0.0709696   -0.336999 -0.00856952
 -0.0708759   -0.336311 -0.00581161
 -0.0698406   -0.338155 -0.00375545
  -0.068411   -0.339547 -0.00151154
 -0.0683031   -0.337981 0.000305196
-0.0667375  -0.338853 0.00168889
-0.0665712  -0.336672 0.00279422
-0.0649827  -0.336622 0.00307078
-0.0570114  -0.336995 0.00881143
-0.0519102  -0.335641  0.0137326
-0.0443189  -0.336439  0.0185092
-0.0405426  -0.334963  0.0227616
-0.0354018  -0.335773  0.0262453
-0.0310732  -0.335924  0.0300347
-0.0300906  -0.334836  0.0335607
-0.0280858  -0.335655  0.0367895
-0.0288553  -0.334234  0.0401449
-0.0285007  -0.334276  0.0429693
-0.0295524  -0.334679  0.0459994
-0.0323262  -0.333422  0.0492146
-0.0348334  -0.334062  0.0523199
-0.0387588   -0.33243  0.0557208
-0.0418172   -0.33285  0.0583658
-0.0459953  -0.332379  0.0621005
-0.051166 -0.330973  0.065584
-0.0561604  -0.331245  0.0693678
-0.0621266  -0.330075  0.0731522
-0.0665826  -0.329597  0.0764369
-0.0723069  -0.329544  0.0805091
-0.0789083  -0.328682  0.0843177
-0.0846381  -0.328987  0.0885349
-0.0915866  -0.327867  0.0925821
-0.0961147  -0.327376   0.096031
  -0.137014   -0.310524 -0.00287732
 -0.144673  -0.310831 0.00168242
 -0.150217   -0.31483 0.00802611
-0.159088  -0.32358 0.0218072
-0.163929 -0.333976 0.0354831
-0.169243 -0.345536 0.0532572
-0.177005 -0.350569 0.0660282
-0.180516  -0.35869 0.0832418
-0.187934 -0.356968 0.0934619
-0.188744 -0.355542  0.104112
-0.188943 -0.350454  0.114283
-0.183169 -0.343895  0.116721
-0.124098  -0.33712 0.0885772
-0.0894344  -0.329953  0.0703927
-0.0322013  -0.323087  0.0402414
 0.0307664  -0.316329 0.00522739
0.0621376 -0.313414 -0.013354
  0.123744  -0.310844 -0.0495794
   0.14927  -0.310032 -0.0654275
  0.196774  -0.309757 -0.0937754
 0.218035 -0.311656 -0.108421
 0.265133  -0.31348 -0.137057
 0.307297 -0.317417 -0.163143
 0.323531 -0.320157 -0.174187
 0.357287 -0.324438 -0.194581
 0.367616 -0.326442 -0.200881
 0.389547 -0.328944 -0.213828
 0.409507 -0.332734 -0.227062
 0.416442 -0.335283 -0.234119
 0.431425 -0.340448  -0.24793
 0.435826 -0.343639 -0.256477
 0.393101 -0.345768 -0.281837
 0.326287 -0.348547 -0.320541
 0.276047 -0.350926 -0.346453
 0.204825 -0.355912 -0.377958
 0.165885  -0.35948 -0.388301
 0.112861 -0.365151 -0.396519
0.0863381 -0.370008 -0.390356
0.0363971  -0.37753 -0.386116
-0.00826899   -0.385952   -0.370283
-0.0281826  -0.391687  -0.360105
-0.0653023  -0.399659  -0.344026
-0.105112   -0.4101 -0.327347
-0.123597 -0.417591  -0.32392
-0.164402 -0.428448 -0.313145
-0.182296 -0.434039 -0.315724
-0.219404 -0.441607 -0.310847
-0.259432 -0.449496  -0.30376
-0.275267 -0.452872 -0.302409
-0.309877 -0.458164 -0.291138
-0.342843 -0.463256 -0.277732
-0.350801 -0.465018 -0.271161
-0.376895 -0.469952 -0.253097
-0.377627 -0.470841 -0.244075
-0.395546 -0.474071 -0.224404
 -0.40533 -0.477323 -0.202044
-0.391091 -0.477052 -0.192944
-0.385736 -0.478241 -0.173082
-0.372263 -0.478137 -0.165609
-0.366435  -0.47993 -0.143963
-0.360484 -0.482941 -0.123857
-0.348104 -0.484163 -0.119465
-0.343362 -0.487781 -0.103374
-0.332642 -0.489721 -0.100405
 -0.329353  -0.495036 -0.0842919
 -0.325037  -0.502215 -0.0706921
-0.314417 -0.505448 -0.069112
 -0.308843  -0.512132 -0.0590852
 -0.297745   -0.51555 -0.0592944
 -0.291804  -0.523341 -0.0505744
 -0.284806  -0.532544 -0.0439562
 -0.273819    -0.5358 -0.0453412
 -0.266632  -0.543644 -0.0406216
 -0.258836  -0.551941 -0.0371365
 -0.248081  -0.555817 -0.0394389
 -0.239908  -0.565549 -0.0373085
 -0.230316  -0.568811 -0.0394433
-0.224456 -0.577722 -0.036668
   -0.2177  -0.586599 -0.0345387
 -0.20769 -0.588726 -0.036027
 -0.199723  -0.597455 -0.0344133
 -0.189523  -0.600216 -0.0367105
  -0.18116  -0.609278 -0.0354224
-0.172057 -0.618077 -0.035628
-0.162196 -0.621742 -0.037705
 -0.152729  -0.631129 -0.0386616
-0.143373 -0.633432 -0.040987
-0.135237 -0.640048 -0.041639
 -0.126101  -0.647026 -0.0435858
 -0.117571  -0.647946 -0.0460745
 -0.109491  -0.653243 -0.0477638
 -0.100742  -0.658016 -0.0506522
-0.0928528  -0.658012 -0.0533644
-0.0839831  -0.662751 -0.0569737
 -0.076458  -0.662414 -0.0597781
-0.0686686  -0.666574 -0.0626735
-0.0602435   -0.67037 -0.0666705
-0.0533379  -0.670116 -0.0693878
-0.0448768  -0.674258 -0.0738504
-0.0383483   -0.67384 -0.0765083
-0.0311551  -0.677098 -0.0799609
-0.0231664  -0.680685 -0.0845318
-0.0172689  -0.680143  -0.087092
-0.00941962   -0.683483  -0.0920213
-0.0038792  -0.682651 -0.0945383
0.00293509  -0.685995 -0.0983551
 0.010426  -0.68935 -0.103248
0.0154679 -0.688598 -0.105719
0.0219523 -0.691154 -0.109914
0.0231619 -0.693004 -0.113718
0.0194836 -0.690955 -0.112083
0.0152957 -0.691606 -0.111965
0.0120421 -0.689152 -0.110429
0.00829497  -0.689182  -0.109824
0.00472471  -0.688978  -0.110071
0.000548514   -0.684746   -0.103742
-0.00119474   -0.686229   -0.109784
-0.00429586   -0.681765   -0.103308
-0.0064119  -0.683078  -0.109091
-0.00910325   -0.682038   -0.110343
-0.0110397   -0.67962  -0.109493
-0.0135364  -0.679653  -0.110223
 -0.01584 -0.680028 -0.111578
-0.0174457  -0.679528   -0.11046
-0.0196021  -0.680143   -0.11242
-0.0209916  -0.678927  -0.111394
-0.0229958  -0.678566  -0.112414
-0.0248976  -0.677893  -0.114659
-0.0260171  -0.675727  -0.113786
-0.0277985  -0.674124  -0.116592
-0.0287486  -0.671338  -0.115842
-0.0304151   -0.66895  -0.117622
-0.0319768  -0.666204   -0.12081
-0.0327144  -0.663258   -0.12014
-0.0342304  -0.660504  -0.122267
-0.0355849  -0.657162  -0.125708
-0.0361387  -0.654206  -0.124945
-0.0374508  -0.650887  -0.128819
-0.0378955  -0.647952  -0.127923
-0.0392255  -0.644822  -0.130324
-0.0403926  -0.641219  -0.134018
-0.0407052  -0.638295  -0.132945
-0.0418595  -0.634651  -0.137042
-0.0420859  -0.631655  -0.135824
-0.0432833  -0.628082  -0.138344
-0.0443135  -0.624054  -0.142196
-0.0444348  -0.621019  -0.140809
-0.0454678  -0.616956  -0.145067
-0.0455224  -0.613904   -0.14352
-0.0465791  -0.610175  -0.145881
-0.0475305  -0.605799  -0.149966
-0.0475021  -0.602813  -0.148214
-0.0484555  -0.598635  -0.152562
-0.0483758  -0.595718  -0.150615
-0.0493558  -0.591585  -0.153001
-0.0502413  -0.587611  -0.156952
-0.0501012  -0.584777  -0.154781
-0.0510561  -0.580952  -0.157077
-0.0518445  -0.576946  -0.160808
-0.0516457  -0.574178  -0.158383
-0.052474 -0.570287  -0.16249
-0.0522667  -0.568747  -0.159871
-0.0532382   -0.56721  -0.161645
-0.0540028  -0.565779  -0.164897
-0.053759 -0.565085 -0.161659
-0.054576 -0.564019 -0.165197
-0.0543073  -0.562747  -0.161848
-0.0552863  -0.560851  -0.163487
-0.0561112  -0.558814  -0.166567
-0.0558121  -0.556785  -0.163186
-0.056692 -0.554368 -0.166809
-0.0563596  -0.552054  -0.163373
-0.0573413  -0.549303  -0.165133
-0.0581282  -0.546567  -0.168414
-0.0577649   -0.54422  -0.164903
-0.0585628  -0.541667  -0.168673
-0.0561785  -0.539644  -0.166179
-0.0335089  -0.539458  -0.179729
-0.0172782  -0.539366  -0.184273
0.00687591   -0.54047  -0.200556
0.0304415 -0.541828 -0.217144
0.0442347 -0.541744 -0.220964
0.0658505 -0.542892 -0.237059
0.0775278 -0.542373 -0.240106
0.0942166 -0.542571 -0.252006
  0.10421 -0.541724  -0.25462
 0.120961 -0.541881 -0.268138
 0.136447 -0.541814 -0.281336
 0.144322 -0.540737 -0.283447
 0.157765 -0.540374 -0.295811
 0.163755 -0.539271 -0.297615
  0.16286 -0.541156 -0.313015
 0.161873 -0.543456 -0.330134
  0.15896 -0.544162 -0.336164
    0.157 -0.545679 -0.349517
 0.154022 -0.546121 -0.355073
 0.152175 -0.547526 -0.369908
 0.149983 -0.548697 -0.384491
 0.147025 -0.548704 -0.389633
 0.124074 -0.552254 -0.404074
0.0856414 -0.557072 -0.415023
0.0560669  -0.56171 -0.420951
0.0117867 -0.569675 -0.433866
-0.0132301  -0.573813  -0.437096
-0.0468313  -0.579498  -0.450337
-0.0798992  -0.584953  -0.464078
-0.0953849   -0.58582  -0.467117
-0.123652 -0.588261  -0.47616
-0.135589 -0.587082 -0.477293
-0.157181 -0.586377 -0.481046
-0.178814 -0.584913 -0.484809
-0.188625 -0.582344 -0.485135
-0.208645 -0.579556 -0.487839
-0.217058  -0.57638 -0.487519
-0.233825 -0.572734 -0.487955
-0.250955  -0.56871 -0.489021
-0.258081 -0.565207 -0.488069
-0.274089 -0.560612 -0.488446
-0.280087 -0.556895 -0.486731
-0.293637  -0.55225 -0.484942
-0.307062 -0.546785 -0.483943
-0.311658 -0.542712 -0.481408
-0.323625 -0.536786 -0.479681
-0.327094 -0.532451 -0.476457
-0.337561 -0.526458 -0.473306
 -0.34651 -0.519821  -0.47019
-0.348672  -0.51517 -0.466375
-0.351401 -0.506707 -0.469556
-0.346336  -0.49815 -0.473164
-0.347212 -0.487842 -0.476491
-0.346679 -0.476606 -0.476933
 -0.34161 -0.467319 -0.473934
-0.340753 -0.454069 -0.467421
-0.335835  -0.44351 -0.458614
-0.335466 -0.431322 -0.446465
-0.335168 -0.420519 -0.430914
  -0.3313 -0.413521 -0.418551
-0.331667 -0.401474 -0.399822
-0.328343 -0.395399 -0.388367
-0.329613 -0.386281 -0.373636
-0.330746 -0.376395 -0.357903
-0.328571 -0.373578 -0.350123
-0.330777 -0.367924 -0.337695
-0.328878 -0.367607 -0.331566
-0.331037 -0.364788 -0.323083
-0.333051 -0.362109 -0.315595
-0.330739 -0.361722 -0.310707
 -0.33218 -0.359206 -0.305165
-0.329447  -0.35863 -0.300963
-0.329357 -0.356172 -0.295568
-0.329025 -0.354274 -0.290787
-0.325545  -0.35308 -0.287485
 -0.32493 -0.351472 -0.284618
-0.321532 -0.351042 -0.282136
-0.319218 -0.349313 -0.279787
-0.316648 -0.347898 -0.278018
-0.312996 -0.347842 -0.276273
-0.310595 -0.346901 -0.275816
-0.307183  -0.34722 -0.274655
-0.303412 -0.346903 -0.274606
-0.299891 -0.347407 -0.274763
-0.296089  -0.34737 -0.273985
-0.293032 -0.347937 -0.274758
-0.288521  -0.34855 -0.275763
-0.285415 -0.349127 -0.275292
-0.281485 -0.350284 -0.276352
 -0.27869 -0.350885 -0.275978
-0.274895 -0.351618 -0.277449
-0.270809 -0.353159 -0.278972
-0.268204 -0.353745 -0.278793
-0.264396 -0.355309 -0.280258
 -0.26217 -0.355937  -0.28007
-0.258077  -0.35751 -0.281818
-0.254633 -0.359288 -0.283266
-0.252611 -0.359899  -0.28311
-0.249697 -0.361519 -0.284495
-0.246311 -0.363586 -0.285847
-0.244696 -0.364172 -0.285557
-0.241818 -0.366134 -0.286402
-0.240582 -0.366656 -0.285932
-0.238295 -0.368313 -0.286683
-0.236382 -0.371916 -0.288202
-0.235944 -0.375067 -0.288445
-0.234719 -0.379912 -0.289518
-0.234556 -0.382622 -0.289458
-0.233684 -0.386753 -0.290208
-0.233473 -0.388457 -0.289717
-0.232344 -0.392578 -0.289994
-0.232043 -0.395201 -0.289363
 -0.23152 -0.395767 -0.288266
-0.230393 -0.397813 -0.286791
-0.230327 -0.399123 -0.285772
-0.229941 -0.398873 -0.284419
-0.229877 -0.399508 -0.282809
-0.229707 -0.399091 -0.281331
-0.229378 -0.399257 -0.279107
-0.229447  -0.39958 -0.276145
-0.229124 -0.398583 -0.274368
-0.229437 -0.398736 -0.271677
-0.229585 -0.398478   -0.2685
-0.229544 -0.397976 -0.266693
-0.230302 -0.397849 -0.262665
-0.230451 -0.397226 -0.260775
 -0.23122 -0.397032  -0.25742
-0.232553 -0.396365 -0.253007
-0.232663 -0.395501 -0.250859
-0.234289 -0.394545 -0.245761
 -0.23453 -0.393572 -0.243548
 -0.23577 -0.392577 -0.238391
-0.237958 -0.391443 -0.233596
-0.238073 -0.390373 -0.231135
-0.240174 -0.389037 -0.226149
-0.240321 -0.387937 -0.223674
-0.242302  -0.38708 -0.217763
-0.244498 -0.385226 -0.211044
-0.244363 -0.384066 -0.208195
-0.246704 -0.382285 -0.202107
-0.248946 -0.381011 -0.195323
-0.248798  -0.37983 -0.192479
-0.251117 -0.377621 -0.184856
-0.250929 -0.376449 -0.182005
-0.254164  -0.37655 -0.176107
-0.257065 -0.377343 -0.169519
-0.257276 -0.379027 -0.167292
-0.260481 -0.380505 -0.160085
-0.260368 -0.381426 -0.157594
-0.263179 -0.382345 -0.151169
-0.265967 -0.382567  -0.14329
-0.265249 -0.382191 -0.140154
-0.267583 -0.381421 -0.131378
-0.266546 -0.380399 -0.128098
-0.268654 -0.379381 -0.120584
-0.270334  -0.37762 -0.111477
-0.268909 -0.376458 -0.108034
 -0.270276  -0.374543 -0.0984853
 -0.268688  -0.373493 -0.0951591
  -0.27006  -0.372138 -0.0871787
 -0.271095  -0.370474 -0.0779004
 -0.269265  -0.369651 -0.0744789
 -0.269973  -0.368145 -0.0647876
 -0.268034  -0.367462 -0.0614738
 -0.268909  -0.366474 -0.0533409
 -0.269478  -0.365088 -0.0439425
 -0.267322  -0.364409 -0.0405189
 -0.268126  -0.363088 -0.0320922
 -0.265865  -0.362388 -0.0288412
 -0.265727  -0.361242 -0.0198843
 -0.265314  -0.359783 -0.0103322
  -0.262757    -0.35915 -0.00696765
 -0.262872  -0.357886 0.00134276
 -0.260336  -0.357355 0.00435255
-0.259544 -0.356411 0.0130816
-0.258532 -0.355296 0.0222627
 -0.25578 -0.354943  0.025345
-0.255389 -0.354013 0.0332893
-0.252697 -0.353771 0.0360216
-0.251368 -0.353208 0.0442834
-0.249751  -0.35244 0.0529686
-0.246859 -0.352337 0.0557773
-0.245948 -0.351719 0.0633391
 -0.24412 -0.351425 0.0710897
 -0.24187 -0.353117 0.0726202
 -0.24042 -0.355626 0.0799974
-0.238161 -0.358666 0.0814722
-0.237461 -0.361254 0.0875934
-0.236022 -0.364741 0.0937526
-0.233398 -0.366693 0.0955892
-0.231406 -0.369122  0.102632
-0.228515 -0.370114  0.104591
  -0.2269 -0.371283   0.11105
-0.223843 -0.371729  0.113018
-0.221192  -0.37289  0.119668
   -0.218 -0.373492  0.126804
-0.214732 -0.373845   0.12881
-0.212281 -0.374323  0.135043
-0.208816 -0.375181  0.141269
 -0.20561 -0.375639  0.142943
 -0.20184 -0.376392  0.149551
-0.198727  -0.37692  0.151062
-0.195984 -0.377644  0.156874
-0.192385 -0.378781   0.16254
-0.189404 -0.379354  0.164016
-0.185576   -0.3802  0.170149
-0.182719 -0.380669  0.171474
-0.179972 -0.381296  0.176898
 -0.17725 -0.381722  0.178087
-0.173717 -0.382685  0.183284
-0.169994 -0.383315  0.188834
-0.167294 -0.383782  0.189957
-0.164178 -0.384299  0.195263
-0.161081 -0.385125  0.199483
-0.158599 -0.385586  0.200281
-0.155073 -0.386175  0.205028
-0.152707 -0.386621  0.205631
-0.150087 -0.387424  0.209461
-0.146836 -0.387923  0.213835
-0.14456 -0.38841 0.214381
-0.141094 -0.388866  0.218781
-0.138903 -0.389287  0.219187
-0.136361 -0.389936  0.222693
-0.133205 -0.390221  0.226688
-0.131715  -0.39236  0.226002
-0.130002  -0.39556  0.228851
-0.127733 -0.398702  0.230845
-0.126279 -0.401447  0.230204
-0.123725 -0.404174  0.232566
-0.122106 -0.406114  0.232131
-0.120142 -0.407963  0.234302
-0.117483 -0.409316  0.236974
-0.115706 -0.410428  0.236803
-0.113556 -0.411057  0.239643
-0.111706 -0.411919  0.239469
-0.108802 -0.412598  0.241898
-0.105495 -0.412872   0.24481
-0.103606 -0.413689  0.244641
 -0.10111 -0.413981  0.247488
-0.0994284  -0.415505   0.247202
-0.0963365  -0.416009   0.249549
-0.0929907  -0.416278   0.252285
-0.0912518  -0.417124   0.252035
-0.0888316  -0.417239   0.254772
-0.0872368  -0.418055   0.254413
-0.0844394  -0.418728   0.256681
-0.0813196  -0.418408   0.259297
-0.0797931  -0.418894   0.258962
-0.0772448  -0.418287   0.261942
-0.0749705  -0.418245   0.263699
-0.0735908  -0.418486   0.263251
-0.0708145  -0.417329   0.265504
-0.0695128  -0.417514   0.264937
-0.0676831  -0.417069   0.266793
-0.0652257  -0.415589   0.268873
-0.0640079  -0.415647   0.268238
-0.0613979  -0.413941   0.270308
-0.0603329  -0.414564   0.269608
-0.0585281  -0.413163   0.271171
-0.0562312  -0.411315   0.272951
-0.0551353  -0.411298   0.272183
-0.0536054  -0.409987   0.274049
-0.0515072  -0.408182   0.275202
-0.0504566  -0.408124   0.274295
-0.0488157  -0.407833   0.274663
-0.0484088  -0.410473   0.272666
-0.0474249  -0.411219   0.272735
-0.0462524  -0.412619   0.272602
-0.0457469  -0.414597   0.270829
-0.0441211  -0.414981   0.270862
-0.043418 -0.416259  0.269356
-0.0422396  -0.416104   0.270134
-0.0404769   -0.41537   0.270259
-0.0396077  -0.417472    0.26853
-0.0374906   -0.41793   0.268819
-0.036437 -0.419938  0.267053
-0.0346575   -0.41992   0.266748
-0.0321875  -0.420077   0.266184
-0.0307428  -0.422052   0.263024
-0.0276317  -0.421659   0.261347
-0.0250266   -0.42176   0.259119
-0.0234289  -0.417275   0.254852
-0.0199293  -0.412145   0.251776
-0.0182514  -0.407133   0.247382
-0.0155246   -0.40187   0.244747
-0.0122754  -0.396884   0.241251
-0.0105095  -0.392579   0.236956
-0.00673524   -0.388004    0.233884
-0.00529973   -0.382418    0.229908
-0.00220261   -0.378174    0.227266
0.00152891  -0.374137    0.22482
0.00333988  -0.370723   0.221043
0.00732119  -0.367082   0.218869
0.00876418  -0.362047   0.215399
0.0118759 -0.358671  0.213491
0.0154565 -0.355514  0.211876
0.0169892 -0.352838  0.208626
0.0198397 -0.350005  0.207567
0.0229101 -0.347368   0.20603
0.0241958 -0.345158   0.20311
0.0271912 -0.341007  0.201943
0.0283696 -0.339036  0.198952
0.0306554 -0.336954  0.197837
0.0332384 -0.335074  0.196983
0.0334997 -0.334023  0.192803
0.0347391  -0.33297   0.19091
0.0359153 -0.332203  0.188076
0.0358283 -0.329752  0.184014
0.0370538 -0.329277  0.181508
0.0371924 -0.328417  0.178038
0.0379219  -0.32749  0.176183
0.0389576 -0.326632  0.174742
0.0391108 -0.325651  0.171833
0.0403117 -0.324812  0.170813
0.0405587 -0.323928  0.168277
 0.041397 -0.323132  0.167802
0.0423382 -0.322417  0.166875
0.0424825 -0.321828  0.164323
0.0435926 -0.321379  0.163736
0.0437357 -0.321011  0.161324
0.0440962 -0.319458  0.160646
0.0448871 -0.319472  0.160226
0.0448623 -0.319409  0.157824
0.0456415 -0.319636  0.157494
0.0455981 -0.319678  0.155321
0.0458028 -0.319835  0.154872
0.0462733 -0.320215  0.154714
0.0460661 -0.320334   0.15254
0.0463949 -0.319969  0.152395
0.0462171 -0.320207  0.150368
0.0461973 -0.320624  0.149971
0.0464243  -0.32118  0.149857
0.0461217 -0.321485  0.147736
0.0462514 -0.321572  0.147536
0.0460035    -0.322   0.14553
0.0458917 -0.322628  0.145035
0.0460297 -0.323435  0.144815
 0.045681 -0.323943  0.142709
0.0454856 -0.324369   0.14259
0.0454538 -0.325314   0.14194
0.045108 -0.32594 0.139883
0.045149 -0.32684 0.139488
0.0448782 -0.327533   0.13761
0.0448989 -0.328532  0.137408
0.0443185 -0.330164  0.135581
0.0432001 -0.331104  0.132386
0.0427087 -0.332546  0.130385
0.0419548 -0.333296  0.127609
0.0414078 -0.334552  0.126002
0.0411946 -0.336016  0.124833
0.0407307 -0.336735  0.122871
0.0408665 -0.338325  0.122427
 0.041244 -0.339609  0.122291
0.0412137 -0.340319  0.120968
0.0420873 -0.341912  0.121476
0.0424083 -0.342618  0.120486
0.0434989 -0.343911  0.121021
0.0449424 -0.345311  0.121318
0.0452527 -0.346259  0.120026
0.0471665 -0.347758  0.120425
0.0477253 -0.348462  0.119119
0.0493075 -0.349734  0.119026
0.0512943 -0.351441   0.11931
 0.051848 -0.352119  0.117842
 0.054166 -0.353579  0.118078
0.0547184 -0.354229  0.116772
0.0565219 -0.355438  0.116619
0.0587701 -0.356777  0.116868
0.0591376 -0.357729  0.115434
0.0615253   -0.3591  0.115664
0.0619746 -0.359685  0.114289
0.0639502 -0.360851  0.114468
0.0660061 -0.362087  0.114266
0.0664049  -0.36264  0.112739
0.0686504 -0.363935  0.112782
0.0688496 -0.364842  0.111332
 0.070711 -0.365934  0.111384
0.0709743 -0.366438  0.109874
0.0728415 -0.367576  0.109487
0.0748806  -0.36879  0.109512
0.0750635 -0.371508  0.107973
0.0765575 -0.390694  0.108968
0.0765813 -0.400803  0.107982
0.0780856 -0.422622  0.108733
0.0773936 -0.433669  0.106476
0.0783518 -0.457412  0.106456
0.0791292 -0.480784  0.106243
 0.078513 -0.492169   0.10427
0.0792051 -0.515135  0.104279
0.0796456  -0.51742  0.103064
0.0794931 -0.507467   0.10046
0.0803473 -0.504326 0.0997818
0.0801979 -0.496099 0.0979398
0.0811544 -0.493638 0.0979927
0.0819297 -0.492421 0.0977781
0.0819789 -0.485959 0.0960844
0.0828487 -0.485326 0.0962911
  0.08292 -0.479859 0.0946218
0.0840614 -0.480364 0.0946756
0.0853215 -0.482139 0.0952515
0.0854702 -0.477784 0.0937735
0.0869211 -0.479862 0.0946726
0.0869774 -0.476272 0.0932448
0.0880568 -0.478418 0.0942486
0.0889371 -0.482085 0.0951714
0.0889595 -0.479461 0.0944156
0.0899613 -0.483149 0.0970311
0.0898082 -0.481011 0.0968386
0.0904013 -0.484572 0.0996943
0.0902076 -0.482965  0.100138
0.0907657 -0.487654  0.103732
0.0912626 -0.493242  0.108443
0.0912725 -0.491785  0.109705
0.0917184 -0.497884  0.115404
0.0914557 -0.497319  0.117171
0.0914978 -0.502164  0.122943
0.0912034 -0.508089  0.129461
0.0911592 -0.507114  0.131733
 0.093137 -0.513291  0.137011
0.0945465  -0.51343  0.138089
0.0960592 -0.519093    0.1434
0.0974079 -0.519433  0.145353
0.0946118 -0.526578  0.145729
0.0878977 -0.534902  0.141995
0.0814063 -0.537067  0.133466
0.0750011 -0.545253  0.129476
0.0705514 -0.547702  0.122096
0.0666105 -0.556348   0.11997
0.0646187 -0.558774  0.113737
0.0630191 -0.567707  0.112391
0.0632581  -0.57656  0.111743
0.0643288 -0.578944  0.106771
0.0668738 -0.587698  0.106732
0.0694822 -0.590018  0.102211
0.0726736 -0.597525  0.101092
0.0774105 -0.605745  0.100952
0.0817095 -0.608012 0.0969093
0.0874669 -0.616144 0.0969746
0.0925111 -0.618599 0.0928779
0.0968686 -0.626928  0.092166
 0.102883 -0.635417 0.0910219
 0.108679 -0.638097 0.0868529
 0.114893 -0.646449 0.0855783
 0.120952 -0.654977 0.0810277
 0.124951 -0.682313 0.0802636
 0.131167 -0.694811 0.0754496
 0.136326 -0.724007 0.0736821
 0.141013  -0.75228 0.0717986
 0.147469 -0.763038 0.0670985
 0.151212 -0.789422 0.0652491
 0.157607 -0.797154 0.0609805
 0.159162 -0.817935 0.0613763
 0.144288 -0.835956  0.103053
0.107111 -0.83833 0.121943
0.0400946 -0.850557   0.16467
0.0063946  -0.85122  0.182364
-0.0487651  -0.860798   0.218584
-0.0779204  -0.859588   0.235943
-0.135049 -0.869465  0.274937
-0.189393 -0.879455  0.313608
-0.213762  -0.87927  0.329909
-0.258791 -0.883743  0.363598
-0.274684 -0.879357  0.373119
 -0.30621 -0.881489  0.396253
-0.335124 -0.881414  0.419369
-0.346379 -0.877363  0.427589
-0.369858 -0.875866  0.450292
-0.377494 -0.869794  0.459072
-0.393113 -0.866985  0.478463
-0.398373 -0.859804  0.488295
-0.410482 -0.853332  0.509938
-0.413666 -0.844697   0.52074
-0.403833 -0.835418   0.54399
-0.320456 -0.825418  0.570829
-0.262719 -0.816307  0.586369
-0.187367 -0.803034  0.627894
 -0.15068 -0.792084  0.655175
-0.097197 -0.780339    0.6881
-0.0677339  -0.770559   0.702848
-0.0121378  -0.756353   0.726429
0.0386101 -0.741724  0.737117
0.0631934 -0.732104  0.735118
 0.109696 -0.717114  0.728018
 0.129574 -0.706864  0.715973
 0.169191 -0.690727  0.698949
 0.209557 -0.672956   0.67694
 0.226207 -0.663122  0.667012
 0.264656 -0.645236  0.646819
 0.278449 -0.636432  0.641526
 0.311416 -0.621318  0.627647
  0.34533 -0.603767  0.615576
 0.356226 -0.595979  0.613963
 0.387688 -0.578804  0.603579
 0.395765 -0.572213  0.601774
 0.422353 -0.558225  0.590612
 0.448301 -0.542937  0.578833
 0.453222 -0.537368  0.574046
 0.475249 -0.523813  0.560067
 0.477541 -0.519646   0.55169
 0.497749 -0.509975  0.531329
 0.514699 -0.505143  0.511792
 0.513415 -0.509543  0.502917
 0.525548 -0.506594  0.484556
0.533945 -0.50154 0.464675
 0.526561 -0.504272  0.454017
0.528857 -0.49916 0.432975
 0.518563 -0.501193  0.422499
 0.518989 -0.493334  0.402508
 0.514576 -0.484823   0.38123
 0.503266 -0.483471  0.370872
 0.496742 -0.471082  0.349483
 0.484718 -0.468568   0.33965
 0.479036 -0.455869   0.32099
 0.470138 -0.441575  0.301561
 0.458114 -0.438301   0.29243
0.447745 -0.42293 0.273783
 0.438718 -0.409329  0.258005
 0.426555 -0.406766   0.25006
 0.414788 -0.392968  0.234593
0.402487 -0.39172 0.227906
 0.391481 -0.380764  0.215519
0.378325  -0.3692 0.203203
 0.366644 -0.369108  0.197943
0.352038 -0.35933 0.187562
 0.340652 -0.360646  0.183481
 0.328396 -0.352615  0.175717
 0.314088 -0.345188  0.168644
 0.303799 -0.347568  0.165785
 0.288921 -0.341959  0.160506
  0.27918 -0.345476   0.15857
 0.266394 -0.341255  0.155072
 0.252209 -0.338128   0.15256
 0.243805 -0.342242  0.151561
 0.229925 -0.339712   0.15046
 0.222259 -0.344492  0.150106
 0.210437 -0.342131  0.149916
 0.197488 -0.341687  0.150797
 0.191194 -0.346704  0.151094
 0.178904 -0.346339  0.153076
 0.173349 -0.352869  0.153936
  0.16269 -0.365293  0.158346
 0.157809 -0.380081  0.160835
 0.146918 -0.395119  0.166465
 0.136472 -0.407532  0.172243
  0.1321 -0.41787 0.173352
 0.121544 -0.426595   0.17869
 0.118079 -0.430788  0.179175
 0.109026 -0.430833  0.182179
 0.100064 -0.429108  0.185579
 0.098555 -0.428329  0.185397
0.0909514 -0.424359  0.189017
0.0902256 -0.423866  0.189068
0.0836155 -0.421627  0.192829
0.0774653 -0.420558  0.197512
 0.077722 -0.423048  0.198246
0.0727729 -0.424527  0.202817
0.0736459 -0.429574   0.20401
0.0693265 -0.433707  0.209668
0.0660008 -0.439159  0.215771
0.0678585 -0.444266  0.217222
0.0653195  -0.44825  0.222201
0.0636308 -0.453249  0.228142
 0.066274 -0.457088  0.229581
0.0657136 -0.460762  0.235481
0.0688585 -0.463399  0.236587
0.0672905 -0.466023  0.240023
0.0651818 -0.469723  0.242679
0.0667954 -0.472708  0.241769
0.0655546 -0.476154  0.244265
0.0679211 -0.478937  0.243371
0.0675468 -0.481545  0.245246
0.0682768 -0.484992  0.247612
0.0717338 -0.487928  0.247016
0.0731726 -0.491076  0.248955
0.0757301 -0.495043  0.251575
 0.080074 -0.498018  0.251121
0.0839332 -0.501955  0.253935
0.0885059 -0.505248  0.253498
0.0923657  -0.50827  0.255298
0.0975876 -0.511926  0.257985
 0.102793 -0.514241  0.257379
 0.108896 -0.517335  0.259993
 0.114261 -0.519265  0.259211
 0.119604 -0.522375  0.260758
 0.125813 -0.526786  0.263038
 0.130626 -0.532571   0.26299
0.136132  -0.5391 0.265132
  0.14094 -0.544248  0.264967
 0.147253 -0.550688   0.26784
 0.153859 -0.557627  0.270973
 0.158668 -0.561279  0.270338
 0.165599 -0.567005  0.273276
 0.171865 -0.571213  0.274752
 0.176568 -0.573695  0.273717
 0.183607 -0.577689  0.276067
 0.188179 -0.579855  0.274806
 0.194488 -0.583357  0.275817
 0.201377 -0.586587  0.277918
 0.205632 -0.588713  0.276347
 0.212615 -0.591555  0.278317
 0.216732 -0.592842  0.276339
 0.222277 -0.595635  0.275781
 0.228027 -0.598697   0.27587
 0.231249 -0.600696  0.272441
 0.236605 -0.603419  0.272672
 0.239363 -0.604965  0.269241
  0.24354 -0.607402  0.268237
 0.248229 -0.609584  0.268202
 0.250456 -0.610901    0.2646
 0.254042 -0.612469  0.263443
 0.257461 -0.613875  0.263474
0.259212   -0.615 0.259695
0.262251 -0.61605 0.259962
 0.263728 -0.617093  0.256071
  0.26604 -0.617954   0.25496
 0.267252 -0.618978  0.251036
 0.269131 -0.619566  0.251149
 0.270795 -0.619912  0.251528
 0.271558 -0.620899   0.24739
 0.272719 -0.621013  0.247946
 0.273387 -0.622031  0.243765
 0.274046 -0.622144  0.242882
 0.273645 -0.623356  0.238879
 0.266223 -0.648154  0.242731
 0.265756 -0.672387  0.253254
 0.265372 -0.677321  0.250239
 0.262958 -0.687443  0.254099
 0.261989 -0.687506  0.250257
 0.260242 -0.688357  0.250445
 0.259521 -0.686834  0.246142
 0.258287 -0.685081  0.247419
 0.256046 -0.682666  0.248818
 0.256369 -0.682189  0.244069
 0.254001 -0.681081  0.245521
 0.254559 -0.682581  0.240851
 0.251735 -0.683905  0.240942
 0.250182 -0.685103  0.242114
0.249459 -0.68842 0.237771
 0.246593 -0.690907  0.239563
 0.246067 -0.694295  0.235257
 0.243338 -0.696039  0.235456
 0.240141 -0.697595  0.236934
0.240145 -0.69942 0.232319
 0.236683 -0.699958  0.232247
 0.236269 -0.701547  0.227516
  0.23258 -0.701276  0.228639
  0.22954 -0.699762    0.2297
0.229118 -0.70108 0.224645
  0.22774 -0.698971  0.225655
 0.210293 -0.693537  0.235989
 0.195647 -0.692776  0.237531
 0.173775 -0.688591  0.248161
 0.160617 -0.688901  0.249285
 0.142776 -0.685883  0.256485
 0.123965 -0.683046  0.265721
  0.11296 -0.684357  0.266733
0.0977017 -0.682128  0.273305
0.0883683 -0.683326   0.27364
0.0731119 -0.681721  0.281911
0.0589909  -0.67988   0.28967
0.0513595 -0.681572   0.29006
0.0402003  -0.68027  0.295449
0.0289159 -0.679195  0.301824
 0.013803 -0.655908  0.305002
0.000727744   -0.634209     0.30364
-0.00246461    -0.64052    0.303582
-0.00916235   -0.643424    0.308881
-0.0101779  -0.654541   0.308881
-0.0153215   -0.65761   0.311765
-0.0180801    -0.6681   0.315752
-0.0185693   -0.67759   0.315962
-0.0170401  -0.686269   0.322029
-0.012435 -0.691446  0.325382
-0.00789242   -0.695166    0.331003
-0.00318181   -0.698153    0.337683
0.00100925  -0.700473   0.340802
0.00582243  -0.701375   0.345464
0.00989636   -0.70301   0.348383
0.0147662 -0.704292  0.354003
0.0199488 -0.705928  0.359446
0.0238582 -0.708421   0.36205
0.0294732 -0.711484  0.367012
0.0333158 -0.715108   0.36971
 0.039093 -0.719265  0.372602
0.0427334 -0.723427  0.375505
0.0450567 -0.728798  0.383403
0.0445129 -0.734935  0.393598
0.040816 -0.73964 0.401878
0.0415127  -0.74522  0.408554
0.0429793 -0.752333  0.415205
0.0423865  -0.75925  0.418731
0.0472039 -0.767651  0.421206
0.0490878   -0.7741  0.421728
0.0575932 -0.779427  0.418762
0.0673842 -0.785433  0.415483
0.0715878 -0.789044  0.413856
 0.082543 -0.795294  0.408883
0.0859049 -0.797908  0.408393
0.0960716 -0.803125  0.402209
  0.10618 -0.809134  0.398498
 0.108128 -0.811249  0.399174
 0.120001 -0.816374  0.396489
 0.147151 -0.814755  0.400072
0.199697 -0.81394 0.399097
 0.256356 -0.814912   0.40002
  0.27956 -0.818903  0.401915
 0.325106 -0.824421  0.397282
 0.367712 -0.831023  0.398387
 0.378927 -0.837068  0.397099
 0.414354 -0.846142  0.390058
 0.420048 -0.851627  0.385909
 0.449695 -0.860792  0.374697
  0.45274 -0.865351  0.370715
 0.476007 -0.873101  0.359207
 0.497456 -0.880467  0.347097
 0.497987 -0.884391  0.343624
 0.515824 -0.891211   0.33288
 0.514248 -0.895033  0.329897
  0.52897 -0.902745  0.318606
 0.541653 -0.909912  0.307632
 0.537843 -0.914218  0.304508
 0.548279 -0.919779  0.295267
 0.555815 -0.924688  0.286045
 0.550074 -0.927901  0.283461
 0.554878 -0.932999    0.2749
 0.547488 -0.935759  0.273434
 0.550683 -0.939609  0.267021
 0.542156 -0.941889  0.266274
0.541572 -0.94588 0.260148
 0.538737 -0.949833  0.254967
 0.528711 -0.951692  0.253838
 0.523714 -0.954604  0.249007
0.512936 -0.95619 0.248337
 0.507405 -0.959263  0.244233
 0.499215 -0.961499  0.240142
 0.487778 -0.963028  0.238831
 0.479762 -0.965318  0.235095
 0.467979 -0.966762  0.233697
 0.456572 -0.969321   0.22928
 0.443933 -0.970949  0.224878
 0.431891 -0.972293  0.222597
 0.420108 -0.973705  0.218271
 0.406495 -0.975127  0.214189
 0.395007 -0.976257  0.211752
 0.381849 -0.979674  0.206559
 0.369792 -0.985878  0.202893
 0.354285 -0.991674  0.197162
0.338129 -0.99807 0.191114
0.326885 -1.00295 0.187762
0.311113 -1.00845 0.182773
0.297612  -1.0122 0.179855
0.288149 -1.01492  0.17793
0.274294 -1.01731 0.175293
0.266168 -1.01887 0.173928
0.254772 -1.01981   0.1723
0.247539 -1.02101 0.170804
0.235372 -1.02184 0.168657
0.223828 -1.02208 0.166342
0.217443 -1.02326 0.164146
0.208086 -1.02321 0.162156
0.198059 -1.02338 0.159469
0.193079 -1.02459 0.157181
0.184184 -1.02425 0.154226
0.180186  -1.0253 0.151965
0.172922  -1.0248 0.149769
0.166093 -1.02362 0.146931
0.163025 -1.02418 0.144706
0.157787 -1.02236  0.14234
0.152501  -1.0204  0.13935
0.150498 -1.02049 0.137034
 0.14641 -1.01766 0.133557
0.145154 -1.01755 0.131132
0.141901 -1.01424 0.127644
0.139797 -1.01127 0.124283
0.139156 -1.01105 0.121751
 0.13795 -1.00766 0.118472
0.137877  -1.0075 0.115946
0.136989 -1.00404 0.111815
0.137054 -1.00015 0.107202
 0.137295 -0.999991  0.104517
 0.138086 -0.996215  0.100532
 0.139145 -0.992555 0.0958188
 0.139849 -0.992507 0.0933249
 0.141813 -0.988462  0.088173
 0.141575 -0.991553 0.0842483
 0.142236 -0.993015 0.0781226
  0.14383   -0.9957 0.0717192
0.143751 -1.00091 0.068445
 0.145681  -1.00391 0.0619373
 0.146025  -1.00783 0.0598102
 0.148612   -1.0088 0.0551777
  0.15145  -1.00995 0.0505135
 0.152115  -1.01228 0.0493002
 0.155714  -1.01216 0.0447854
 0.156481  -1.01402 0.0438384
 0.160051  -1.01368 0.0400018
  0.16426  -1.01307 0.0355882
0.164861 -1.01512 0.034104
 0.169036  -1.01461 0.0296845
 0.173081  -1.01491 0.0244709
0.173392 -1.01737 0.022581
 0.177584  -1.01771 0.0165413
 0.177597  -1.02035 0.0146092
  0.181396   -1.02092 0.00910816
  0.185432   -1.02135 0.00283936
   0.185133    -1.02376 0.000685233
   0.189056    -1.02362 -0.00511972
   0.188461    -1.02583 -0.00720312
  0.191849   -1.02612 -0.0139697
 0.195239  -1.02595 -0.021228
  0.194216    -1.0279 -0.0238586
  0.197623   -1.02722 -0.0304549
   0.19634   -1.02909 -0.0329299
  0.199025   -1.02892 -0.0405717
  0.201658   -1.02837 -0.0485965
   0.19997   -1.03018 -0.0515064
 0.202716  -1.02936 -0.058628
 0.204701  -1.02916 -0.066591
  0.202703   -1.03096 -0.0693425
  0.204471   -1.03038 -0.0776925
  0.202159    -1.0322 -0.0803324
  0.203674   -1.03105 -0.0880457
  0.204864    -1.0309 -0.0953459
  0.202108   -1.03256 -0.0979522
 0.201023  -1.03503 -0.106742
 0.196211  -1.04275 -0.109947
 0.194879  -1.04843 -0.117481
0.192476 -1.05532 -0.12625
0.187846 -1.06199 -0.12943
 0.186528  -1.06714 -0.136972
 0.182324  -1.07233 -0.139951
 0.180172  -1.07785 -0.148209
  0.17827  -1.08208 -0.156582
 0.174365  -1.08585 -0.159574
 0.173793  -1.08813 -0.166734
 0.170231  -1.09124 -0.169635
 0.168814  -1.09408 -0.177662
  0.16754  -1.09628 -0.185861
 0.163899  -1.09918 -0.188854
 0.163509  -1.10073 -0.195878
 0.159921   -1.1037 -0.198735
  0.15862  -1.10601 -0.206523
 0.157322  -1.10781 -0.214424
 0.153645  -1.11035 -0.217116
 0.152361  -1.11157 -0.224834
 0.151485  -1.11263 -0.231229
 0.147865  -1.11455 -0.233565
 0.146649   -1.1147 -0.240585
 0.142968  -1.11614 -0.242785
 0.142329  -1.11526 -0.248743
 0.140728  -1.11475 -0.255405
 0.137029   -1.1156 -0.257445
 0.136085  -1.11396 -0.263162
 0.132259  -1.11459 -0.265134
 0.130431  -1.11314 -0.271479
 0.128471  -1.11088 -0.277975
 0.124602  -1.11124 -0.279727
 0.123349  -1.10858 -0.284988
 0.121156  -1.10637 -0.290893
 0.117348   -1.1066 -0.292298
 0.115176  -1.10356 -0.298138
 0.111292  -1.10376 -0.299387
 0.109833  -1.10042 -0.304024
 0.107471  -1.09756 -0.309251
 0.102069  -1.10116 -0.311213
0.0978951  -1.10404  -0.31686
0.0921728  -1.11061 -0.318139
0.0885882  -1.11336 -0.322764
0.0839367  -1.11821 -0.327768
0.0791983  -1.12263 -0.328188
 0.171453  -1.19105 -0.501764
 0.169635  -1.19437 -0.504415
 0.169511  -1.19561 -0.510254
 0.170044  -1.20458 -0.528382
 0.168997     -1.21 -0.539828
0.0372183  -1.14523  -0.31377
0.0306781  -1.15258 -0.312355
0.0251356  -1.15791 -0.313265
0.0290118  -1.15341 -0.309471
0.0333482  -1.14918 -0.301421
0.0406814  -1.14262 -0.295531
0.0456147  -1.13847 -0.287865
0.0547106   -1.1311 -0.279417
0.0640372  -1.12281 -0.270638
0.0665773  -1.11992 -0.264031
0.0723707  -1.11299 -0.257438
0.0769291  -1.10671 -0.250499
0.0760851  -1.10526 -0.245318
0.0779903  -1.09921 -0.239863
0.0750717  -1.09865 -0.235914
0.0746557  -1.09357 -0.232703
0.0706172  -1.09363 -0.229789
0.0680476  -1.08984 -0.227386
 0.064259  -1.08597 -0.226038
0.0596828  -1.08671 -0.224081
0.0559069  -1.08336  -0.22368
0.0514261  -1.08098 -0.223095
0.0489764  -1.08144 -0.219791
0.0460241  -1.07835 -0.218256
0.0436135   -1.0793 -0.215109
0.0407247  -1.07621 -0.214004
0.0374653  -1.07496 -0.212451
0.0344615  -1.07644 -0.209736
0.0305099   -1.0748 -0.208819
0.0262238  -1.07979 -0.205905
0.0213134  -1.08502 -0.203528
0.0155617  -1.09061 -0.201691
0.0111169  -1.09826 -0.198043
0.00577177   -1.10339  -0.196118
0.00135224   -1.10981  -0.192854
-0.00475034    -1.11631   -0.191034
-0.0108127   -1.12165  -0.189708
-0.0149397   -1.12666  -0.186836
-0.0208729   -1.13073  -0.186013
-0.0261701    -1.1343  -0.184927
-0.0300359   -1.13837   -0.18248
-0.0354508    -1.1416  -0.182347
-0.0392312   -1.14566  -0.180111
-0.0440111   -1.14794  -0.179986
-0.0488212    -1.1523  -0.180045
-0.0522054   -1.15644   -0.17782
-0.056727  -1.16009 -0.178449
-0.059983  -1.16417 -0.176256
-0.0637867   -1.16769  -0.176183
-0.0673367   -1.17065  -0.176302
-0.069809  -1.17395 -0.173274
-0.0727726   -1.17617  -0.173621
-0.0751499   -1.17895   -0.17075
-0.0774899   -1.18086  -0.170458
-0.0796989   -1.18206  -0.171355
-0.0816387   -1.18423   -0.16862
-0.0831947   -1.18439  -0.169119
-0.0851088    -1.1862  -0.166509
-0.086396  -1.18709 -0.167758
-0.0873869   -1.18692  -0.169647
-0.0887781   -1.18845  -0.166983
-0.0892722   -1.18761  -0.168163
-0.0907548   -1.18896  -0.165573
-0.0908353    -1.1889  -0.167527
-0.090633  -1.18781 -0.170102
-0.0916029   -1.18893  -0.167425
-0.0910227   -1.18727  -0.169159
-0.0828919   -1.10605   -0.19611
-0.0758618   -1.08516  -0.209701
-0.0396851    -1.0907  -0.226702
0.00549973   -1.10537  -0.249258
0.0763043  -1.13389 -0.280526
 0.132663  -1.18888 -0.297689
 0.200567  -1.24164 -0.305613
 0.230845  -1.27776 -0.295461
 0.299149  -1.30493 -0.301424
  0.31467  -1.26533 -0.305917
 0.342819  -1.17251 -0.333514
 0.331851  -1.03459 -0.360149
 0.344439 -0.846226 -0.414824
 0.311489 -0.713606 -0.427231
 0.282902 -0.552733 -0.453697
 0.245845 -0.468106 -0.457542
 0.201803 -0.379706 -0.474044
 0.166917 -0.351257 -0.476364
 0.119626 -0.294147 -0.495899
0.0746266 -0.233364 -0.522794
0.0487491 -0.209367 -0.530368
0.0202254 -0.160122 -0.556054
0.00385299  -0.140816  -0.562294
-0.0203882 -0.0843513    -0.5894
-0.0379266   -0.02892  -0.613708
-0.0470196 -0.0155357   -0.61178
-0.0558287  0.0238058  -0.623095
-0.0607481  0.0305547  -0.614951
-0.0679403  0.0676449  -0.622756
-0.0740941  0.0909815  -0.625543
-0.0785453  0.0910299   -0.61591
-0.0854407   0.112837  -0.615741
-0.0911449   0.115447  -0.607341
-0.0993642   0.138729  -0.605629
-0.106414  0.143324 -0.599051
-0.116861  0.166922 -0.598235
-0.128988  0.191048 -0.597473
-0.135947  0.192997 -0.590146
-0.149447  0.212609 -0.587509
-0.156412  0.207588 -0.575812
-0.168958  0.217766 -0.566669
-0.175479   0.20827 -0.553124
-0.200745  0.160642 -0.536701
-0.226282 0.0612975 -0.502703
 -0.243306 -0.0481812  -0.465175
-0.267977 -0.149435 -0.427657
-0.280073 -0.233505 -0.389573
-0.302687 -0.332801 -0.349032
 -0.31078 -0.388413 -0.318232
 -0.413431  -0.529944 -0.0755892
 -0.427063  -0.600732 -0.0511446
 -0.433079   -0.63827 -0.0319024
-0.157008 -0.802842 0.0101971
-0.166022 -0.822891 0.0368297
-0.171211 -0.852409  0.067804
-0.160113 -0.891432  0.100074
-0.164207 -0.944852  0.151954
-0.147196 -0.983175  0.177414
-0.105809  -1.04229  0.229408
-0.063041  -1.07778  0.248963
-0.070649  -1.38194    0.9198
-0.0395162   -1.43878   0.923723
-0.0239814   -1.46575   0.918041
-0.0220802   -1.49105   0.930232
-0.0300074   -1.48133   0.929187
-0.0397132   -1.48989   0.934819
-0.0591415   -1.47903   0.939004
-0.0704638    -1.4577   0.931734
-0.0939676   -1.43432   0.930019
-0.166531  -1.43363   0.99897
-0.190739  -1.40118  0.988783
-0.201889  -1.37109  0.971892
-0.223645  -1.34514  0.958248
-0.247375  -1.30899  0.942408
-0.257379  -1.27692  0.922222
-0.280563  -1.23536  0.902902
-0.290133  -1.20349  0.881409
-0.310442  -1.16941  0.860885
-0.318974  -1.13678  0.837877
-0.339669  -1.09368  0.815118
-0.347633  -1.06244  0.792054
-0.367272  -1.01661  0.767662
-0.385845 -0.970808  0.742193
-0.393204 -0.936139  0.719403
 -0.4091 -0.87844 0.692558
 -0.40659 -0.846894  0.666684
-0.393313 -0.814362  0.633195
-0.379045 -0.798159  0.604232
-0.366421 -0.765448  0.569066
-0.352772 -0.730063  0.532681
-0.340597 -0.713265  0.504771
-0.329981 -0.681706   0.47186
-0.318919 -0.664604  0.444658
-0.309318 -0.626028  0.409996
 -0.30027 -0.582596  0.374776
-0.290688 -0.564075   0.34894
-0.282617 -0.517021   0.31399
-0.273916 -0.499171  0.289314
-0.266672 -0.457151   0.25809
-0.258755 -0.439863  0.234478
-0.253355  -0.39234  0.202576
-0.246968 -0.342012  0.170252
-0.239939 -0.324766  0.148874
-0.235404 -0.272545  0.117781
-0.230108 -0.228473 0.0901152
-0.223947 -0.211868 0.0705154
-0.219694 -0.157863 0.0410252
-0.213922 -0.142391 0.0226225
  -0.210252  -0.0956186 -0.00275604
 -0.205002 -0.0818977 -0.0198346
 -0.200922 -0.0327312 -0.0466993
-0.197902 0.0179864 -0.073041
 -0.193385  0.0295835 -0.0879149
-0.190829    0.0789 -0.112982
-0.188036  0.118193  -0.13405
-0.184185  0.126008 -0.146644
-0.182227  0.168344 -0.168366
-0.178789  0.172906 -0.179311
 -0.17677  0.207918 -0.197282
-0.173699  0.210412 -0.206968
-0.172435  0.245671  -0.22553
-0.170988  0.225847 -0.244809
-0.168784  0.179704 -0.247319
-0.167588  0.200465 -0.264015
 -0.16521  0.199376 -0.270163
-0.163263  0.213229 -0.282271
-0.161057  0.238111 -0.296597
-0.158939  0.236563 -0.301241
-0.158426  0.263454 -0.314439
-0.156592  0.259546 -0.317883
-0.155651  0.279728 -0.327789
-0.155858  0.301108 -0.338307
-0.154352  0.294524 -0.340128
-0.153731  0.313222 -0.350136
-0.152443  0.303898 -0.350867
-0.152156   0.31644 -0.357564
-0.142927  0.326913 -0.371361
 -0.12926  0.313806 -0.377718
-0.103134  0.320795 -0.397252
 -0.09108  0.306675 -0.402458
-0.0647712   0.311125  -0.422698
-0.0397445   0.314091  -0.441937
-0.0308254   0.298074   -0.44476
-0.0110218    0.29894  -0.458976
0.00813892   0.295713  -0.473168
0.0135164  0.277345 -0.473477
0.0299263  0.272452 -0.485621
0.0329348  0.252754 -0.484245
0.0456167  0.250902 -0.493341
0.0472056  0.233063 -0.491435
0.0574744  0.227816 -0.499772
0.0579929  0.223411 -0.507836
0.0547655  0.206314 -0.504966
0.0566619  0.200181 -0.510588
0.0525338  0.181679 -0.506435
0.0522357  0.173762 -0.508701
0.0505313  0.163337 -0.510291
0.0443407  0.144197 -0.504363
0.0403165  0.132029 -0.503971
0.0328376    0.1121 -0.496843
 0.027064 0.0991061 -0.493892
0.0207674   0.13532 -0.492047
0.0238618  0.159783 -0.499306
0.0213664  0.146947 -0.498744
 0.016648  0.124779 -0.494349
0.0118812  0.124135 -0.493775
0.00405799  0.0995475  -0.486136
-0.00519828   0.0816913   -0.480997
-0.017911 0.0578347 -0.472248
-0.0282076  0.0314497  -0.461443
-0.0438779 0.00387385  -0.449621
-0.0546797  -0.022415  -0.438008
-0.0697462  -0.048448  -0.425312
-0.0863747 -0.0774636  -0.412039
-0.0963978  -0.101976  -0.400813
-0.112911 -0.130938 -0.387695
-0.121605 -0.154323 -0.377529
-0.138234 -0.183177 -0.375364
-0.157109 -0.215196 -0.381825
-0.167251 -0.240457 -0.386214
-0.184459 -0.270877 -0.392293
 -0.19202 -0.292639 -0.392117
-0.183868 -0.313534 -0.389372
-0.178653 -0.329601 -0.383114
-0.175141 -0.350986 -0.375835
-0.175375 -0.370812  -0.36479
-0.173608 -0.385023 -0.356572
-0.176785 -0.403266 -0.343133
-0.175352  -0.41601 -0.335898
-0.177807 -0.433659 -0.324125
-0.176256 -0.445999 -0.318291
-0.179648  -0.46208 -0.306644
-0.182783 -0.477218 -0.295817
-0.181339 -0.488281 -0.291393
-0.184211 -0.502105  -0.28185
-0.182079 -0.512281 -0.279212
-0.183894 -0.526093 -0.271357
-0.181716 -0.535445 -0.269582
-0.184001 -0.547398 -0.262344
-0.186243 -0.558357 -0.255649
-0.184532 -0.566436 -0.254266
-0.187053  -0.57586 -0.247965
-0.185163  -0.58262 -0.247461
-0.187814 -0.590099 -0.241409
-0.190101 -0.597914 -0.236183
-0.188647 -0.603064  -0.23591
-0.191571 -0.607701 -0.230816
-0.189804 -0.612571 -0.231357
-0.193086  -0.61541 -0.226384
-0.191384 -0.619764 -0.227169
-0.194236 -0.624281 -0.222055
-0.197043 -0.626073 -0.217761
-0.195509   -0.6297 -0.218402
-0.198658  -0.62967 -0.214216
-0.196664 -0.632922 -0.215685
-0.199847 -0.633623 -0.211158
-0.197797 -0.636107 -0.212893
-0.200677 -0.635889 -0.209395
-0.203661 -0.633076  -0.20621
-0.201828 -0.634738 -0.207871
-0.205088 -0.630796  -0.20467
-0.202587 -0.632934 -0.207157
-0.206523 -0.631791  -0.20365
-0.222794 -0.626342  -0.20192
-0.226309 -0.627105 -0.204766
-0.239912 -0.622507 -0.202843
-0.240966 -0.623358  -0.20633
-0.254016 -0.617788 -0.204931
-0.266486 -0.611005 -0.203436
-0.265478  -0.61203 -0.205807
-0.276329 -0.604206 -0.203009
-0.274711 -0.606577 -0.205677
-0.281502 -0.602509 -0.201864
-0.285012 -0.594641 -0.198768
-0.280663 -0.597157 -0.200905
-0.283809 -0.588116 -0.197048
-0.278535 -0.590477 -0.200193
-0.280516 -0.584658 -0.196062
  -0.2823   -0.5758 -0.193118
-0.276912 -0.577478 -0.196259
-0.278568  -0.56749 -0.193487
-0.272548 -0.569417 -0.197458
-0.274234 -0.559711  -0.19379
-0.275468 -0.548442 -0.191606
-0.270182 -0.547889  -0.19452
-0.272063 -0.533593 -0.191778
-0.266364 -0.533695 -0.194991
-0.268319 -0.521683 -0.190773
-0.269797 -0.508841 -0.187727
-0.264548 -0.508978 -0.189759
-0.266436  -0.49481 -0.185955
-0.260729 -0.495875 -0.188307
-0.263087 -0.480703 -0.183885
-0.257461 -0.482183 -0.185802
-0.259275 -0.471678 -0.180358
-0.267966 -0.459136 -0.176175
-0.278381 -0.462001  -0.17792
-0.307253 -0.450436 -0.174357
-0.316458 -0.454224 -0.176372
-0.340874 -0.445039 -0.170446
-0.363587  -0.43513 -0.163861
-0.366475 -0.438816 -0.162117
-0.382776 -0.427877 -0.154437
-0.380535 -0.431397 -0.151057
-0.391572 -0.422324 -0.140186
-0.386999 -0.426119 -0.136376
-0.394241 -0.416878 -0.123706
-0.397525 -0.406565 -0.111383
-0.390833 -0.410603 -0.108599
 -0.390714  -0.400496 -0.0977481
 -0.382699  -0.405668 -0.0959802
 -0.382567  -0.399656 -0.0867668
 -0.379253  -0.391662 -0.0766473
 -0.370454  -0.396956 -0.0740743
 -0.367523  -0.391185 -0.0646884
 -0.358032  -0.397278 -0.0618571
 -0.352168  -0.391734 -0.0509682
 -0.344606  -0.385186 -0.0396495
 -0.334647  -0.391334 -0.0361389
 -0.328703  -0.386927 -0.0260344
 -0.318517   -0.39447 -0.0224938
 -0.310127  -0.390546 -0.0113042
   -0.300487    -0.384287 -0.000247565
 -0.290362  -0.388558 0.00281635
-0.280309  -0.38074 0.0132244
-0.270717 -0.385907 0.0156089
-0.263235 -0.380156 0.0237459
-0.254227 -0.385946 0.0256276
-0.245246  -0.38066 0.0338952
 -0.23588 -0.374625 0.0416692
-0.227443 -0.380876 0.0430509
-0.220544 -0.377535 0.0488244
-0.212493 -0.385167  0.048361
-0.203782 -0.383112 0.0520646
-0.194849 -0.380542 0.0553507
-0.187556 -0.388468  0.054726
-0.179539 -0.386228 0.0574682
-0.173702 -0.395177 0.0565788
-0.168704 -0.396642 0.0588439
 -0.16306 -0.397083 0.0607901
-0.158345 -0.406208 0.0599977
-0.153238 -0.406509 0.0616721
-0.149157 -0.416167 0.0607735
-0.145924 -0.419407 0.0621468
-0.141971 -0.421373  0.063105
 -0.13824 -0.430699 0.0619881
-0.134208 -0.432035 0.0624926
-0.130625 -0.441548 0.0611525
-0.127673 -0.445417  0.061462
-0.123809 -0.447763 0.0612841
-0.120244 -0.456677 0.0597449
-0.115972 -0.458096 0.0592299
-0.112394  -0.46704 0.0575858
-0.108785 -0.469505 0.0570253
-0.105209 -0.478146 0.0553546
-0.100743  -0.48713  0.055019
-0.0956708  -0.498845  0.0545019
-0.0920741  -0.506674  0.0527525
-0.0877858   -0.51611  0.0517472
-0.0838863  -0.522742  0.0482808
-0.0786661  -0.533093  0.0465446
-0.073226 -0.541168 0.0444692
-0.0694413  -0.545052  0.0410947
-0.0636315  -0.547969  0.0376208
-0.0601614  -0.549401  0.0339061
-0.0553724  -0.550278  0.0302605
-0.0524252   -0.55159   0.026746
-0.0475741   -0.55263  0.0228771
-0.0429961  -0.551909  0.0190034
-0.040656 -0.553305 0.0158874
-0.0372871  -0.552589   0.012661
-0.0357174  -0.554166  0.0100083
-0.0327558  -0.554346 0.00734885
-0.0299678  -0.553019  0.0046033
-0.0285689  -0.554641 0.00222806
  -0.0258844    -0.552699 -0.000381808
 -0.0246546    -0.55432 -0.00266554
 -0.0221767   -0.552662 -0.00618444
-0.0182887  -0.532508 -0.0243551
-0.0172438  -0.533802 -0.0261943
-0.0464851  -0.498835 -0.0728345
-0.0483653  -0.500712 -0.0741719
-0.0776955  -0.476071  -0.118305
-0.075683 -0.477945 -0.114975
-0.0972885  -0.458396  -0.173491
-0.114832 -0.455312 -0.231764
-0.110502 -0.458349 -0.224367
-0.117177  -0.47092 -0.254976
-0.113659 -0.475428 -0.241109
-0.127441 -0.486853 -0.283584
-0.143485 -0.500244 -0.326473
 -0.13912 -0.502408 -0.307997
-0.152548  -0.51685 -0.345835
-0.147464 -0.515881 -0.320717
-0.150635 -0.536183 -0.333396
-0.156073 -0.542483 -0.357256
-0.0123499  -0.594387 -0.0723594
-0.0117262  -0.597611 -0.0882009
-0.00163138   -0.587369  -0.0773183
0.00613628  -0.581725 -0.0886692
0.0124326 -0.561195 -0.105798
0.0247382 -0.536076 -0.101115
0.0327478 -0.515515  -0.11023
0.0448663 -0.483395 -0.104228
0.0498184 -0.448174 -0.121343
0.0489044 -0.407688 -0.135365
0.0594783 -0.379123 -0.130029
0.0521587 -0.337011 -0.139038
0.0632894 -0.304813 -0.133361
0.0622577 -0.266566 -0.135869
0.0601278 -0.208154 -0.144942
0.0663353 -0.175828  -0.13341
0.0634746 -0.115072 -0.145993
 0.0690722 -0.0849713  -0.132761
 0.0659987 -0.0392195  -0.130205
 0.0574626 0.00908072  -0.117409
0.0611663 0.0254725 -0.104742
 0.0482539  0.0684834 -0.0917976
 0.0478226  0.0851903 -0.0742906
 0.0339134   0.124989 -0.0436391
 0.0142126   0.170039 -0.0128676
  0.0149835    0.177545 -0.00476811
-0.00471625    0.220218   0.0222133
0.00261687   0.240646  0.0358619
-0.0102876   0.277653  0.0626885
-0.00639942    0.298247     0.07652
-0.015902  0.334065 0.0932612
-0.0275223   0.371985   0.109456
-0.0265062   0.374286   0.111372
-0.0328617   0.400036   0.123326
-0.0334103   0.405311   0.126809
-0.0402903   0.422991   0.125359
-0.0486088   0.438249   0.121139
-0.0459566   0.426752   0.109318
-0.0508637   0.433232   0.102868
-0.0625432   0.435716  0.0889459
-0.0553637   0.423631  0.0751713
-0.073767  0.416595 0.0643016
-0.0646448   0.408489  0.0515751
-0.0861708    0.38939  0.0418257
-0.0763786   0.381771  0.0273635
-0.102078  0.363507 0.0447453
-0.119314  0.349449 0.0593908
 -0.11073  0.343266 0.0404183
-0.160588  0.328704 0.0646599
-0.149857  0.331873 0.0435177
-0.177281  0.308327 0.0668523
-0.242107   0.30717  0.133917
-0.235344  0.302707  0.125393
-0.293808  0.310678  0.219713
-0.290402  0.325744  0.210936
-0.298952  0.336307  0.307426
-0.306253  0.348758  0.314131
-0.306978  0.355438  0.517485
-0.331689  0.366799  0.516705
-0.345243  0.415087  0.520153
-0.352884   0.43063  0.493715
-0.366797  0.484002  0.450042
-0.348517  0.518467  0.423704
-0.33035 0.517312 0.410955
-0.300999  0.530595  0.389693
-0.281425  0.517891  0.379018
-0.250394  0.516425  0.363382
-0.218556  0.506441  0.344032
-0.200532  0.489251  0.332812
-0.169114  0.476653  0.309986
-0.154731  0.457456  0.297509
-0.132184  0.437842  0.276656
-0.111563   0.41172  0.252855
-0.100554  0.392573  0.240232
-0.0826175   0.365375   0.215779
-0.0729998   0.349471   0.203975
-0.0567649   0.331359   0.183627
-0.0482744   0.318108   0.172629
-0.0343556   0.295271   0.151362
-0.0218988   0.271441   0.130007
-0.0155069   0.257311    0.11966
-0.00523783    0.237581   0.0958155
-0.000353185     0.223056    0.0860003
0.00788128   0.203728  0.0637787
0.0154524  0.184931  0.039685
0.0195654  0.170901 0.0310601
0.0269778  0.156452 0.0052731
  0.0318277    0.149335 -0.00378323
 0.0399827   0.137272 -0.0280719
 0.0487737    0.12796 -0.0546532
 0.0532951   0.121316 -0.0627464
 0.061365  0.114081 -0.088633
0.0646813  0.106953 -0.094328
0.0709454 0.0965362  -0.11565
0.0770335 0.0886377 -0.136837
0.0794525 0.0820792 -0.140719
0.0846496 0.0761707 -0.158213
0.0863355 0.0697699 -0.160835
0.0908709 0.0631592 -0.174673
0.0947887 0.0574208  -0.18759
0.0964582 0.0528456  -0.19016
 0.116959 0.0560529 -0.232805
 0.118673 0.0522911 -0.235137
 0.122632 0.0503888 -0.245282
0.0990021 0.0542471 -0.223186
0.0783013 0.0606995 -0.208049
0.0526147 0.0709605  -0.18783
0.0358951 0.0746974 -0.168618
0.0143954 0.0801327 -0.158605
-0.0106826  0.0874006  -0.152312
-0.0170918  0.0877901  -0.148563
-0.0298175  0.0956532  -0.157269
 0.117263 0.0174777 -0.386991
 0.125713  0.023361 -0.399576
  0.13882 0.0276426 -0.461691
 0.151622 0.0520144 -0.477261
  0.16511 0.0812807 -0.493493
 0.170841 0.0932704 -0.495815
 0.184181  0.128283 -0.509517
 0.188862  0.137281 -0.510505
 0.200132  0.160875 -0.521884
  0.21275  0.194999 -0.532516
 0.216669  0.202107 -0.532582
 0.224147  0.235874 -0.540765
 0.214068  0.237677 -0.532854
 0.206226  0.259929 -0.531103
 0.197319  0.263477 -0.523962
 0.190659  0.295288 -0.522124
 0.184522  0.329531 -0.520396
 0.176915  0.336971 -0.512557
 0.171397  0.364488 -0.510321
 0.164455  0.367362 -0.502451
 0.159747  0.397031 -0.500375
 0.155432  0.427159 -0.498714
 0.149444  0.427115 -0.490204
 0.145682  0.454202 -0.486313
 0.140167  0.449715 -0.477052
 0.136706  0.469655 -0.473308
 0.133501  0.488655 -0.470893
 0.128725  0.483052 -0.461936
 0.126023  0.503978 -0.459935
 0.121622   0.49648 -0.451126
 0.119134  0.513209 -0.448239
 0.115105  0.505293 -0.439507
 0.113022  0.522865 -0.437573
 0.111149  0.542221 -0.435634
 0.107835   0.53443 -0.426843
 0.106375  0.550085 -0.423843
  0.10341  0.540828 -0.415113
 0.102441  0.557513 -0.412994
 0.102277  0.575453 -0.410994
0.0994099  0.567425 -0.402035
0.0992076  0.586362 -0.399287
0.0964715   0.57672  -0.38953
0.0964155  0.589865 -0.384525
0.0966712  0.605822 -0.379568
0.0941927  0.596892 -0.369792
0.0935103  0.610952 -0.363499
0.0941541  0.624722 -0.357959
0.0918573  0.615711 -0.348038
 0.143448  0.714498 -0.140968
 0.139816  0.701678 -0.139887
 0.137693  0.711727 -0.145398
  0.13453  0.683169 -0.147935
 0.133536  0.678123 -0.157194
 0.132345  0.668712 -0.160323
 0.129724  0.647255 -0.159003
 0.128393  0.648975 -0.160767
 0.126366  0.637237 -0.158377
0.123206 0.640263 -0.15976
 0.120224  0.651753 -0.160475
 0.117034   0.64389 -0.156915
 0.116185  0.660888 -0.157436
0.0631325  0.584199 0.0448942
0.0603836  0.600455 0.0446685
0.0567069  0.620513 0.0464374
0.0537391  0.634083 0.0462322
0.0495535  0.671671 0.0510623
0.0472554  0.683564  0.051104
0.0452386  0.717045  0.055301
0.0432579   0.75581 0.0611566
0.0434059  0.764721  0.060985
0.0435931   0.80358 0.0668721
 0.042992  0.810163 0.0673337
0.0438894  0.839696 0.0720663
0.0434842  0.868484 0.0780063
0.0429834  0.871674 0.0787069
0.0439746  0.898686 0.0843444
0.0434248  0.898422 0.0847609
0.0443282  0.917471 0.0890156
0.0437817   0.91501 0.0891091
0.0445953  0.931769 0.0933343
0.0462869   0.94734 0.0968151
0.0466124  0.942615 0.0962688
0.0488014   0.95497 0.0987748
0.0494977  0.947515 0.0975825
0.0504401  0.953516 0.0992041
0.0506395  0.960863  0.101273
0.0504361  0.953394  0.100199
0.050709 0.960721 0.102034
0.0506385  0.952126  0.100754
0.0466945  0.956035  0.106901
0.0440866  0.947016  0.107012
0.0400072  0.950238  0.110648
0.0332543  0.952541  0.115301
0.0308955  0.942911  0.114891
0.0243978  0.949881  0.117193
0.0225507  0.948247  0.115823
0.0176587  0.955706  0.118178
0.0136938  0.961584   0.11887
0.0129822  0.958075  0.117175
0.0100217  0.964064  0.117535
0.00976346   0.958014   0.115731
0.00727956   0.960041   0.116183
0.00780428   0.951748   0.114192
0.0055051   0.95115  0.114199
0.00587859   0.942007   0.112368
0.00394069   0.940448   0.112257
0.00222182   0.937302   0.111865
0.00327794   0.926726   0.109879
0.00170166   0.921936   0.109215
0.00254451   0.910646   0.107206
0.00119297   0.902435   0.106277
-0.000414774     0.894442     0.105324
0.00060499   0.882933   0.103284
-0.00136312    0.874526    0.102523
-0.005489  0.862534  0.104402
-0.0184458   0.852932   0.110776
-0.0319089   0.840912   0.116832
-0.0343762   0.829324   0.117463
-0.0437738   0.818636   0.120263
-0.0418251   0.807231   0.117288
-0.0464787    0.79632   0.116769
-0.0416076   0.785281   0.111602
-0.0431171   0.773306   0.108039
-0.0417988   0.762331   0.102329
-0.0341032   0.752149  0.0979894
-0.0278784   0.742039  0.0991641
-0.0186073   0.732327  0.0971531
-0.0238326   0.719841   0.098039
-0.0279863    0.70837  0.0983235
-0.0263545   0.697844  0.0965871
-0.0280616   0.687716  0.0975179
-0.0250524   0.677658  0.0960602
-0.0248953   0.666415  0.0974561
-0.023657   0.65655 0.0983223
-0.0222915   0.650391  0.0955791
-0.0224034   0.647065  0.0946276
-0.0228282   0.639164  0.0923733
-0.0211317   0.636772  0.0907721
-0.0199343   0.629932  0.0898317
-0.0180476   0.626984  0.0895291
-0.0170805   0.620063  0.0895497
-0.015769  0.612179 0.0901508
-0.014131  0.609184  0.091779
-0.0123987   0.602917  0.0930907
-0.0108615   0.600107  0.0956106
-0.00898243     0.59445   0.0974691
-0.00758682    0.592025    0.100489
-0.00550135    0.586376     0.10303
-0.00306999    0.582901    0.105284
-0.00171017    0.581231    0.108516
0.0013006  0.577506  0.110783
0.00492354   0.576518   0.113453
0.00642425   0.575795   0.116985
0.0103081  0.575381  0.118995
0.0116632  0.575046  0.122696
0.015736 0.575497 0.125025
0.0204332  0.578052  0.127033
0.0219298  0.578246  0.130507
0.0269196   0.58082  0.131643
0.0319431  0.583949  0.133421
0.0333189  0.584471  0.136934
0.0390617  0.589711   0.13828
0.0401414   0.59028  0.142084
0.0460752  0.595231  0.142416
0.0471203  0.595914  0.146153
0.0531821  0.601465  0.147057
0.0598034  0.608794  0.147679
0.0610424  0.609724  0.150925
0.0678022  0.616451  0.150379
0.0686169  0.617155  0.153999
0.0755425  0.624313  0.154026
 0.08289 0.632985 0.153901
0.0839058  0.633783  0.156933
0.0912972  0.641628  0.155536
0.0982322   0.65289  0.153845
0.0989258   0.66011  0.155875
0.106601 0.676607 0.153647
0.106885 0.682932 0.156253
0.114464 0.697323 0.153258
0.122136 0.714437 0.151335
0.122754 0.718861 0.153866
0.130641 0.732992 0.151256
0.138507 0.746913 0.150001
0.138974 0.749209 0.152889
0.147613 0.763153 0.151416
0.147639 0.764025 0.154752
0.156205 0.775572 0.151771
0.156325 0.775686 0.154638
0.165097 0.786715 0.152412
  0.1742 0.798975 0.150034
0.174793 0.798844 0.151541
0.183597 0.809085 0.147254
0.192252 0.817628 0.144112
0.192536  0.81598 0.145066
0.201539 0.824641 0.141277
0.201223  0.82168  0.14242
0.209492 0.827257 0.137036
0.212938 0.833054 0.136855
0.205612 0.829182 0.143691
0.200312 0.833641 0.150458
0.194578 0.835814 0.158779
0.0293895  0.753974  0.106678
0.0273672  0.756795  0.117978
0.0238089  0.751505  0.126757
0.0225077  0.769527    0.1361
0.0220711   0.78793  0.146107
0.0200045  0.800967  0.154252
0.0214342  0.822588  0.161509
0.0200583  0.826647  0.167904
0.0216777   0.83457  0.171323
0.0222498  0.836211  0.174298
0.0203833  0.825647  0.177964
0.0220415  0.816649  0.178218
0.0200393  0.799163  0.180711
0.0207365  0.786071  0.179064
0.0232259  0.772876  0.177054
0.0225693  0.762581  0.178412
0.0243006  0.754124  0.175956
0.0238793  0.747267  0.177663
0.0262819  0.740836  0.175552
0.0305816  0.738845  0.173126
0.0305808  0.735321  0.174663
0.0334611  0.736036  0.172444
0.0376328  0.736631  0.170726
0.0374657  0.734653  0.172831
0.0420503  0.737056  0.171115
0.0400351  0.733987  0.174306
0.0440357  0.733689  0.171916
0.0481394  0.734038  0.170522
0.0475793  0.730202  0.172726
0.0631937  0.730533  0.157593
0.0781273  0.727746  0.142825
0.133194 0.725377  0.10731
 0.206566  0.720059 0.0720492
 0.238678  0.714141 0.0595526
 0.300417  0.709954 0.0294599
  0.364503   0.704383 0.00269545
  0.386726   0.700139 -0.0056807
 0.443943  0.698378 -0.031246
  0.459588   0.696481 -0.0399395
  0.502543   0.695442 -0.0623695
  0.543164   0.697006 -0.0849825
 0.553958  0.696411 -0.091185
 0.588021  0.699848 -0.111194
 0.594301  0.699725 -0.114523
 0.618797  0.701773 -0.129586
  0.64069  0.706507 -0.144079
 0.644073  0.707102 -0.147894
 0.659976  0.713882 -0.160685
 0.678605  0.715097 -0.176454
  0.71136  0.721262 -0.203086
 0.744301   0.72757 -0.230355
 0.755386  0.729999 -0.243378
 0.772401  0.740062 -0.264926
 0.767592  0.746747 -0.271909
 0.753077  0.760174 -0.283698
 0.682537  0.775735 -0.296649
 0.627507  0.784569 -0.302016
  0.55738    0.7994 -0.311707
 0.505479   0.80669 -0.316641
 0.428757  0.822598 -0.326475
 0.351112  0.839219 -0.334651
 0.309174  0.845438 -0.338966
 0.249578  0.858651 -0.343635
 0.218248  0.863271 -0.346732
 0.158361  0.876905 -0.350223
 0.104605  0.890573 -0.351838
0.0808446   0.89445 -0.353859
0.0348372  0.907555 -0.352345
0.0183193  0.910424 -0.352759
-0.0174067   0.920062  -0.347554
-0.0536699   0.930604  -0.335617
-0.0666442   0.932389  -0.330606
-0.0996102   0.942742   -0.31544
-0.108296  0.943418 -0.309663
-0.134637  0.950402  -0.29361
-0.159541  0.958095 -0.275812
-0.163655   0.95724  -0.26917
-0.183941  0.963411 -0.251673
-0.184381  0.961113 -0.244771
-0.201438  0.965603 -0.225178
-0.205446  0.968472 -0.204481
-0.194444  0.964828 -0.197408
-0.190421  0.966586 -0.178601
-0.180202   0.96217 -0.172311
-0.177623   0.96312 -0.152872
-0.175119   0.96486 -0.134354
 -0.16595  0.960805 -0.129915
-0.163198  0.962738 -0.115221
-0.160827  0.963399 -0.100719
 -0.152354   0.960168 -0.0980791
 -0.150001   0.961945 -0.0856673
 -0.141681   0.958454 -0.0842865
  -0.13939   0.960082 -0.0742205
 -0.131681    0.95894 -0.0735768
 -0.129444   0.963854 -0.0644439
 -0.126068   0.969864 -0.0575477
 -0.118026   0.970416 -0.0580096
 -0.113699    0.97639 -0.0532136
  -0.10898   0.981453 -0.0498186
  -0.10082   0.980704 -0.0515714
-0.0953581   0.985618 -0.0500304
 -0.087428   0.983862 -0.0522072
-0.0825583   0.987652 -0.0506114
-0.0777639   0.989965 -0.0500394
-0.0706251   0.987663 -0.0521452
-0.0656265   0.990558 -0.0526529
-0.0586441   0.988114 -0.0551341
-0.0539147   0.989939 -0.0556671
-0.0485445   0.992512 -0.0576949
-0.0419544   0.990012  -0.060419
-0.0364348   0.992547  -0.063511
-0.0300246   0.989835  -0.066437
-0.0249367   0.991002 -0.0691012
-0.0192238   0.992591 -0.0732724
 -0.013288   0.989385 -0.0762476
-0.00796356    0.990441  -0.0800399
-0.00223592    0.990204  -0.0851232
0.00329229   0.986366 -0.0881789
0.00996319   0.985919 -0.0937078
 0.0168559   0.981323 -0.0957986
 0.0245477   0.979402 -0.0995145
0.0331034  0.977486 -0.104473
0.0393113  0.972575 -0.106596
0.0478176  0.970244 -0.112213
 0.053566  0.965143 -0.114268
0.0608569  0.962061  -0.11901
0.0688204  0.958967 -0.124822
0.0737908  0.953702 -0.126782
0.0815474  0.950268  -0.13304
0.0860372  0.944889 -0.134841
0.0926048  0.940891 -0.140129
 0.099693  0.936824 -0.146323
 0.103454  0.931326 -0.148046
0.110243 0.929886 -0.15353
 0.117316  0.928355 -0.159659
  0.12117   0.92665 -0.161003
 0.128348  0.926306 -0.167483
 0.131616  0.923845 -0.168666
 0.137574    0.9224 -0.174128
0.143904 0.920965 -0.18028
 0.146293  0.917233 -0.181496
 0.152238  0.914724 -0.187975
 0.154132  0.910279 -0.189127
0.153985 0.906403 -0.19322
0.146248  0.90192 -0.19289
 0.140106   0.89687 -0.190051
 0.133064  0.892875 -0.189453
 0.127591   0.88809 -0.186797
0.121179 0.883133 -0.18709
0.115038 0.878751 -0.18759
0.110401 0.874216 -0.18535
 0.104822  0.870573 -0.185562
0.0995484  0.865924 -0.186527
0.0956385  0.861588 -0.184529
0.0907785  0.857327 -0.185983
0.0872906  0.852971 -0.184109
0.0828162  0.849348 -0.184893
0.0785492  0.844118 -0.186932
 0.075583    0.8396 -0.185321
0.0715885  0.834772 -0.187758
0.0689328  0.830226 -0.186226
 0.065197  0.825232 -0.187964
0.0616085  0.820388 -0.190628
0.0593465  0.815859 -0.189176
0.0559361  0.811525  -0.19108
0.0570645  0.806224 -0.195359
0.0587828  0.801803 -0.195014
0.0660128  0.796976 -0.201551
0.0675122  0.792713 -0.201108
0.0742169  0.788806 -0.206294
0.0805507  0.783506 -0.212884
0.0810501  0.779276 -0.212234
0.0883493  0.766575 -0.219697
0.0874023  0.757065 -0.221045
0.0917678  0.756915 -0.225393
0.0901615  0.757716 -0.223388
0.0937665  0.755066 -0.229212
0.0961554  0.756328 -0.234406
0.0940481  0.756205 -0.232034
0.0961419  0.756973 -0.235741
0.0978904  0.757059 -0.240398
0.0951615  0.755549 -0.237713
0.0960157  0.754849  -0.24239
0.0928833  0.752301  -0.23952
0.0936713  0.750693 -0.242818
0.0902323  0.747749 -0.239867
0.0903051  0.745326 -0.244096
0.0895647  0.743141 -0.248352
0.0858299  0.740295 -0.245107
0.0852858  0.738611 -0.247883
0.0811422  0.736055  -0.24441
0.0798647  0.734092 -0.248088
0.0777578  0.732725  -0.25171
0.0734199   0.73023 -0.247784
0.0720363  0.728515 -0.249841
0.0692771  0.727337 -0.252734
0.0645874  0.724683 -0.248404
0.0612159  0.723318 -0.251306
0.0562391  0.720371 -0.246702
0.0536657  0.718772 -0.248077
0.0501121  0.716544 -0.250326
0.045085 0.713252 -0.24547
   0.0408  0.711087 -0.247731
0.0355335  0.707595 -0.242628
 0.031994  0.705463 -0.243307
0.0266973  0.701894 -0.238117
 0.022361  0.699182 -0.239891
0.0173689  0.696683 -0.241745
0.0122677  0.693073 -0.236227
0.00816416   0.690766  -0.236412
0.00291531   0.687108  -0.230774
-0.00176003    0.684346   -0.232141
-0.00895716    0.689835   -0.232794
-0.0142017   0.695358  -0.224113
-0.0319239   0.702215   -0.23444
-0.0383031   0.710553  -0.249535
-0.021776  0.709763 -0.252199
0.00218309   0.712143  -0.265609
0.0152185  0.709549 -0.265479
0.0336456  0.709343 -0.274161
0.0522606  0.709178 -0.283963
0.0624994  0.706115 -0.283703
 0.07713 0.705745 -0.29075
0.0855142  0.702728 -0.290316
0.0997034   0.70203 -0.298691
 0.112762  0.701681 -0.306928
 0.119036  0.698954 -0.306379
 0.130185  0.698763 -0.314192
 0.134871  0.696051 -0.313332
0.142893 0.695323 -0.31855
 0.150885  0.694825 -0.324849
 0.153829  0.691868 -0.323913
 0.160307  0.690926 -0.329943
 0.162042  0.687612 -0.328825
 0.165577  0.685953 -0.332907
 0.160068  0.686249 -0.343624
 0.153897  0.684191 -0.346818
 0.147955  0.684405 -0.354662
 0.141738  0.683275 -0.364176
  0.13566  0.680967 -0.367115
 0.129258  0.680049 -0.376353
 0.123315  0.677639 -0.379144
 0.116729  0.676731 -0.385857
 0.110964  0.674287 -0.388627
 0.104574  0.672781 -0.396863
0.0979656  0.671252 -0.405149
0.0925458  0.668692 -0.407796
0.0855805  0.666986 -0.413427
0.0802327  0.664205 -0.416127
0.0735522  0.661879 -0.423662
0.0665879  0.659399 -0.431351
0.0615807  0.656438 -0.433821
0.0543786  0.653593 -0.441337
0.0496385  0.652437 -0.444258
0.0423812  0.652808 -0.448527
0.0353137  0.653644 -0.455627
0.0310727  0.653837 -0.457933
0.0238989  0.654932 -0.464998
0.0161818  0.654439 -0.468402
0.0121631  0.653276  -0.47044
-0.0456047   0.658354  -0.478433
-0.0837769   0.660251  -0.481805
-0.140328  0.664282  -0.49646
-0.164374  0.662171 -0.514788
-0.214546  0.663002  -0.54084
-0.262203   0.66282 -0.560189
-0.277751   0.65987 -0.565529
-0.314884  0.659923   -0.5679
-0.325541   0.65588 -0.562011
-0.360978  0.652385  -0.55384
-0.393471  0.647186 -0.539044
-0.400309  0.641831 -0.529738
-0.427039  0.635146  -0.51387
-0.431032  0.629507 -0.505074
-0.455717  0.622092 -0.487119
-0.478736  0.614064 -0.469135
-0.480336  0.608525 -0.460932
-0.499632   0.60153 -0.445364
 -0.51771  0.593484 -0.429619
-0.516957  0.587544 -0.422291
-0.532567  0.579794 -0.406722
-0.529999  0.573957 -0.399689
-0.542716  0.566924 -0.386388
-0.552561  0.558824 -0.372267
-0.547914  0.553403 -0.365328
-0.555068  0.545949 -0.351476
-0.548758  0.540932 -0.344832
-0.553528  0.535026 -0.333336
-0.555961  0.529309 -0.321203
-0.548297  0.525158 -0.314919
-0.547965  0.519745 -0.303222
 -0.53929  0.515957 -0.297268
-0.537331  0.509101 -0.286721
-0.533425  0.504526 -0.277926
-0.524557  0.505254 -0.273083
-0.518981    0.5057  -0.26452
-0.509746  0.506934 -0.259971
-0.503946  0.508377 -0.253586
-0.495949  0.510637 -0.246607
-0.486131   0.51081 -0.241864
-0.476518   0.51252    -0.235
-0.466613  0.511859 -0.230213
-0.457149  0.512446 -0.224972
-0.445993  0.512774 -0.218948
-0.436089  0.511858 -0.214377
-0.425517  0.512703 -0.209855
-0.412552  0.513694 -0.204786
-0.403396  0.512727 -0.200602
-0.390154   0.51459 -0.195878
-0.381452  0.514514 -0.192006
-0.370095  0.516385 -0.188945
-0.356989  0.518621 -0.185398
-0.348972  0.518853 -0.181909
 -0.33759  0.521217 -0.179502
-0.330531     0.521 -0.176175
-0.317933  0.523635  -0.17346
-0.305774  0.526597 -0.170746
-0.299328  0.526286 -0.167671
-0.289035  0.528892 -0.166261
-0.283867  0.528917 -0.163541
 -0.27285  0.531168 -0.161847
-0.262732  0.534123 -0.160076
-0.258315  0.534156 -0.157572
-0.249475  0.537069 -0.156372
-0.241173  0.539709 -0.155599
-0.238063  0.539259 -0.153515
-0.230704   0.54235 -0.152321
-0.228656  0.542358 -0.150304
-0.222716  0.545193 -0.149722
-0.216924  0.548107 -0.148625
-0.215577  0.548075 -0.146704
-0.210927  0.551096 -0.145132
-0.211203  0.553723 -0.144506
-0.208055  0.560706  -0.14449
 -0.20611  0.567977 -0.143972
-0.206694  0.571312  -0.14282
-0.205685  0.579199 -0.141628
-0.206721  0.581241 -0.140054
-0.205808  0.586918  -0.13886
-0.205897  0.592573 -0.136447
-0.206996  0.593212   -0.1344
-0.207384  0.597468 -0.131878
-0.208818  0.597282 -0.129529
-0.209611  0.600961 -0.126012
-0.211274  0.604382 -0.121547
-0.212708  0.603719 -0.118977
-0.214339  0.605942 -0.115154
-0.216935  0.607794 -0.110082
-0.218641  0.605979  -0.10747
-0.221477  0.606931 -0.102747
 -0.22339  0.604346 -0.100024
   -0.2266   0.604378 -0.0943491
 -0.230552   0.603746 -0.0877493
 -0.232296   0.600588 -0.0847026
 -0.236318   0.599465 -0.0787139
 -0.240628   0.597502 -0.0718597
 -0.242391   0.593876 -0.0688118
 -0.247185    0.59147 -0.0611152
 -0.248893    0.58769 -0.0581034
-0.253633  0.585489 -0.051271
 -0.255175   0.581842 -0.0482802
-0.259935  0.579197 -0.040635
 -0.265037   0.576455 -0.0322736
 -0.266129    0.57315 -0.0290636
 -0.271042   0.570968 -0.0215884
-0.275852  0.568404  -0.01335
  -0.27662   0.565418 -0.0102364
  -0.281484    0.563048 -0.00121518
 -0.281944   0.560183 0.00186879
 -0.286557   0.558243 0.00990279
-0.290886  0.555983 0.0186293
-0.290806  0.553338 0.0218306
-0.294809  0.551135 0.0312924
-0.294979  0.550748 0.0333748
 -0.29918   0.55284 0.0405836
-0.303215  0.555064 0.0486708
-0.302773  0.556256 0.0511577
-0.306528  0.558284 0.0587567
-0.309479  0.560154 0.0670453
-0.308195  0.559625 0.0700607
 -0.31034  0.560221 0.0794688
-0.308441  0.558539 0.0827156
-0.310434  0.558045 0.0914063
-0.311315  0.556862  0.100755
-0.308832  0.554803  0.104098
-0.309049  0.553408  0.114085
-0.306194  0.551324  0.117233
-0.305742  0.550093  0.127196
-0.302664  0.548256  0.130185
-0.302426   0.54734  0.138397
-0.301304  0.546349  0.147558
-0.297952  0.544793  0.150517
-0.296184  0.543941  0.159848
-0.292676  0.542316   0.16268
-0.291415  0.541464  0.170552
-0.289376  0.540432  0.179414
-0.285669   0.53884  0.182249
-0.283815  0.538042  0.190479
-0.28124 0.536725 0.198149
-0.277334  0.535121  0.200709
-0.273922  0.533979  0.208779
-0.269897  0.532388  0.211036
-0.267177  0.531443  0.217742
-0.263438  0.530443  0.225132
-0.259355  0.529127  0.227237
-0.255017  0.528373   0.23451
-0.250911   0.52712  0.236376
-0.247467  0.526516  0.242315
-0.243002  0.525879  0.248824
-0.238921  0.524819  0.250517
-0.233973  0.524324  0.256869
-0.230033  0.523773  0.262031
-0.225993  0.522756  0.263441
-0.22174 0.524479 0.267924
-0.218479  0.527551  0.268141
-0.213979  0.531645  0.272281
-0.210706  0.534309  0.272469
-0.207134  0.537849  0.275828
-0.202681  0.541507  0.279573
-0.199191  0.542467  0.280084
-0.194277  0.544987  0.284199
-0.190672  0.544693   0.28477
-0.186445  0.545648   0.28827
-0.181151  0.546111  0.292079
-0.17751 0.545337 0.292485
-0.171707  0.545573  0.296158
-0.168118    0.5447   0.29632
-0.163191  0.545133  0.299855
-0.157793  0.545756  0.302157
-0.154275  0.546473  0.301507
-0.148467  0.547787  0.303928
-0.145083  0.548487  0.302905
-0.14004 0.550109 0.304505
-0.13465 0.551269  0.30468
-0.131187  0.552067  0.301948
-0.125212  0.553257  0.301194
-0.121772  0.553768  0.297825
-0.116704  0.554624   0.29624
-0.110814  0.555233  0.294321
-0.107379  0.555496  0.290522
-0.101069  0.555763  0.288355
-0.0977328   0.555672   0.284779
-0.0924804   0.555611   0.282887
-0.0865293   0.555212   0.281095
-0.0833402   0.554961   0.277739
-0.0781629   0.554644   0.276857
-0.0727418   0.553599   0.275102
-0.0698147   0.553115   0.272163
-0.0640579   0.551939   0.271043
-0.0613655    0.55125   0.268438
-0.0568185   0.550026   0.267719
-0.0517956   0.548456   0.267234
-0.0493639   0.547704   0.264762
-0.0461128   0.548345   0.263622
-0.044655  0.551367  0.260585
-0.0410459   0.553348   0.259319
-0.0375522   0.555861   0.258116
-0.0361527   0.557843   0.255595
-0.032708  0.559603  0.255194
-0.0313222   0.560084   0.253514
-0.0286939   0.560037   0.253991
-0.0257133   0.559212   0.254978
-0.0243269   0.558525   0.253683
-0.0220398   0.557062   0.254947
-0.0206507   0.555934   0.253713
-0.0179901   0.553907   0.254621
-0.0151648   0.552196    0.25571
-0.0138564   0.551325   0.254043
-0.0118597   0.550043   0.254968
-0.0106223   0.549305   0.253234
-0.00835486    0.547795    0.253662
-0.00590992    0.546308    0.254199
-0.00479237    0.545683     0.25229
-0.00315966    0.544345     0.25297
-0.00117482    0.542111    0.253275
-0.000218991     0.541855     0.251454
0.00191035   0.539445   0.251893
0.00288385   0.539015   0.250114
0.00422831   0.537172     0.2507
0.00595132    0.53441   0.250853
0.00681923   0.534001   0.248916
0.00793029   0.531943   0.249295
0.00946211    0.52907     0.2492
0.0103208  0.528712  0.247181
0.0120599  0.526374  0.247138
0.0130544  0.525549  0.245116
0.0141939  0.523518  0.245251
0.0151404  0.523273  0.243258
0.0165861  0.520516  0.242878
0.018326 0.518285 0.242635
0.019219 0.518185 0.240496
0.0204666  0.516179  0.240496
0.0220718  0.513938  0.240065
0.0221954  0.515481  0.237035
0.0233802  0.517377  0.235852
0.0235176  0.520752  0.233125
0.0241351  0.522678  0.231915
0.0245834  0.524499  0.230857
0.0248292  0.526255  0.228837
0.0256035  0.526962  0.228347
0.0267361  0.528066  0.226846
0.0272754  0.527095   0.22701
0.0283316  0.525629  0.227396
0.0289124  0.525242  0.226068
0.0297236  0.523433  0.226524
0.0309236  0.521471  0.226591
0.0316612  0.521139  0.224971
0.0332591   0.51944  0.224756
0.034129 0.519334 0.222986
0.0354749  0.518132  0.222881
0.0362928  0.518271   0.22099
0.0376239  0.517049  0.219913
0.0393473  0.516098  0.218926
0.039963   0.5164 0.216774
0.041156 0.515376 0.215915
0.0427006  0.514421  0.214959
0.0432786  0.514633   0.21303
0.0444649  0.513602  0.212332
0.0450774  0.513684  0.210535
0.046369 0.512686 0.209284
0.0479728  0.511739  0.208071
0.0483495  0.511979  0.205973
0.0495344  0.511063  0.204955
0.0508454  0.510186  0.203474
0.0511483  0.510477   0.20144
0.0518534  0.509821  0.200064
0.0521941   0.51015   0.19816
0.0534046  0.509687  0.197068
0.0545306  0.509075  0.195337
0.0540683  0.509769   0.19348
0.0553004  0.509462  0.191722
0.0550014  0.510218  0.190004
0.0524643  0.520296  0.183448
0.0525937   0.53118  0.181764
0.051445 0.536326  0.17903
0.0511063  0.540068  0.176555
0.0505887    0.5418  0.175778
0.0504525  0.546233   0.17481
0.0510309  0.547812  0.174847
0.0509607  0.547763  0.174406
0.0520161  0.548057  0.174876
0.0522538  0.547988  0.174767
0.0535555  0.548413  0.175193
0.0549791   0.54867  0.175191
0.055353 0.549118 0.174293
0.0570934  0.550344   0.17389
0.0587138  0.551354  0.173274
0.0590414  0.553007  0.172051
0.0609069  0.554607  0.171229
0.0613312  0.555798   0.17009
0.0628643  0.557728  0.169358
0.0646093  0.559278   0.16836
0.0648811  0.560337  0.167108
0.0663439  0.561948  0.166372
0.066597 0.562664 0.165263
0.0681502  0.563838  0.164134
0.0698698  0.564941  0.163148
0.0699393  0.566236  0.161862
0.0714287  0.567122  0.161046
0.0715629  0.567784  0.159887
0.0730254  0.568878  0.158733
0.0746254  0.570061   0.15774
0.0746657  0.570943    0.1565
0.0759231  0.572499  0.155847
0.0772081  0.573655  0.154933
0.0771719  0.574488    0.1539
0.0784682  0.575711  0.153269
0.0783502  0.576374   0.15241
0.079369 0.577297 0.152026
0.0791906  0.577884  0.151183
0.0801438   0.57881  0.150523
0.0810506  0.579742  0.150116
0.0841267  0.570333  0.154279
0.0841626  0.564409  0.151841
0.0830399  0.569105  0.150092
0.0830024  0.574244  0.149046
0.0822669  0.580149  0.145922
0.0809461  0.586192  0.143248
0.0798089  0.594473  0.140458
0.0784965  0.599328  0.138789
0.0775508  0.604753   0.13778
0.0764349  0.609647    0.1372
0.0755222  0.611533   0.13708
0.0747757  0.614338  0.137865
0.0741484  0.614535   0.13833
0.0736464  0.615535  0.139729
0.0731609  0.616041  0.141264
0.0727945  0.616049  0.141541
0.0725853   0.61656  0.143148
0.0722773  0.616585  0.143208
0.0721243  0.617379  0.144507
0.071835 0.618035 0.145453
0.0716573  0.618274   0.14541
0.0714398  0.618894  0.146629
0.0711068  0.619682  0.146745
0.0706099  0.620167  0.147968
0.0701441  0.620614  0.149593
0.069739 0.620867   0.1504
0.0691501  0.620224    0.1524
0.0684383  0.620035  0.154463
0.0681385  0.619572  0.155552
0.0675562  0.619148  0.158355
0.0671912  0.619106  0.159815
0.0664983  0.618536  0.162934
0.0657492  0.617487   0.16611
0.0614335   0.61779  0.156237
0.0566828   0.61756  0.148271
0.0527602   0.61799  0.139538
0.0484993  0.617827  0.132524
0.0448175  0.617201  0.126251
0.0422399  0.617629  0.119055
0.0396229  0.617398  0.113692
0.0352952  0.629267  0.104197
0.0330359  0.642715 0.0998073
0.0319121  0.647867  0.093868
0.0339717  0.649899 0.0882849
0.0381388  0.653524  0.084577
0.0424774  0.653591 0.0798633
0.0467917  0.653864 0.0764676
0.0527712  0.653473 0.0729536
  0.05832  0.654059 0.0687315
0.0635012  0.654681 0.0656365
0.0693701  0.656987 0.0613882
0.0760802  0.658443 0.0576012
0.0826541   0.66078 0.0534687
0.089155 0.663619 0.048842
0.0958304  0.666726 0.0434553
 0.102282  0.670339 0.0383106
 0.106795  0.673226 0.0331224
 0.112476  0.676462 0.0271079
 0.118864  0.679206 0.0220504
 0.123661  0.681885 0.0158183
  0.12965  0.684613 0.0110764
  0.131954   0.686633 0.00629409
   0.135088     0.68839 0.000208595
   0.140312    0.691024 -0.00410523
 0.121152  0.691122 0.0116617
0.0880526  0.691723 0.0283716
0.0335029   0.69089 0.0581246
-0.0266318   0.689487  0.0916025
-0.0570219   0.689982   0.107859
-0.116187  0.688376   0.14304
-0.141623  0.688378  0.158447
-0.187154  0.687565  0.185043
-0.232512  0.686297  0.212258
-0.251157  0.686091  0.223924
-0.286343  0.684551  0.247311
-0.301163  0.683456  0.258385
-0.335194  0.680678  0.283957
-0.365244  0.677152  0.309174
-0.375795  0.675318  0.320422
-0.400311  0.670923  0.344911
-0.408591  0.656198  0.360062
-0.424544  0.642097  0.377161
-0.429173  0.643302  0.387818
-0.44359 0.641741  0.41134
-0.426877  0.640978  0.433635
-0.372994  0.644653  0.448542
-0.301868  0.647124  0.470367
-0.247604  0.649397  0.485084
-0.169849  0.650889   0.50922
-0.0912375   0.652165   0.523879
-0.0479843   0.653428   0.525643
0.0117742   0.65434  0.526204
0.0406744  0.654814  0.523163
0.0792889  0.649311  0.534941
0.105142 0.637795 0.543364
0.108325 0.628166 0.541491
0.119513 0.620826  0.52782
0.130563 0.615133 0.509824
0.131304 0.608361 0.495181
0.147196 0.605683 0.468189
0.153337  0.60197 0.449005
0.174491 0.599627 0.420552
 0.18337 0.596473 0.402908
0.209286 0.596152 0.374227
0.238149 0.595976 0.346851
0.247212 0.591902 0.334074
0.274555 0.590453 0.312502
0.303382 0.588775 0.292391
0.310545 0.582825 0.283881
 0.33863 0.580806 0.266748
0.344152 0.576465 0.259496
0.368803 0.574583 0.244153
0.393059 0.572831 0.229751
0.396721 0.569442  0.22262
0.418739 0.568275 0.207669
0.419449 0.565102 0.198477
0.436917  0.56409 0.181152
 0.45281  0.56344 0.164912
0.451242 0.560859 0.156812
0.464153 0.560564 0.142282
 0.46028 0.558102 0.135475
0.469515 0.557938 0.122078
0.476259 0.555526 0.110788
0.461669 0.552814  0.10787
0.442618 0.554148 0.104869
0.423946 0.553711 0.103991
0.408133 0.554449 0.101473
0.392226 0.556648 0.100054
 0.377442  0.555133 0.0990308
 0.364165  0.555634 0.0972921
  0.35145  0.556181 0.0965865
 0.338751   0.55478 0.0957784
 0.327365  0.555377 0.0957674
  0.3159 0.554072 0.095014
 0.305458  0.552713 0.0947301
 0.295303  0.551663 0.0954857
 0.285328    0.5506 0.0947821
0.276038 0.549597 0.095248
 0.266967  0.548653 0.0945808
0.258039 0.546821 0.096136
 0.249973  0.546397 0.0980734
 0.242182  0.545642 0.0973654
  0.23493  0.545134 0.0986744
0.228036 0.544826 0.100793
0.221025 0.543424 0.100081
0.214937 0.543336 0.102584
0.208921 0.542872 0.101663
0.203533   0.5427 0.103316
0.198685 0.543391  0.10571
 0.19335 0.542366  0.10472
0.189115 0.542933 0.106381
 0.18452 0.542696 0.105232
0.180554 0.542832 0.107795
0.177049 0.543715 0.110618
0.173179 0.543573 0.109318
0.170152 0.544263 0.111227
 0.16665 0.544196 0.109842
0.163955 0.545105  0.11261
0.161481 0.559923 0.116365
0.158468 0.571474 0.115487
0.156419 0.593078 0.118659
0.153802 0.605357 0.117157
0.152011 0.631064 0.121043
0.150363 0.656681 0.125038
0.148164 0.669959 0.123807
0.146789 0.693015 0.126822
0.145442 0.718428 0.130341
0.143485 0.731705 0.128714
0.142296 0.756595 0.132495
0.140581 0.754533 0.129565
0.139641 0.745634 0.129381
0.138623 0.738095 0.130182
0.137176 0.726532  0.12654
0.136359 0.720877 0.128594
0.135049 0.710932  0.12604
0.129824 0.706401 0.130096
 0.11732 0.703118 0.137644
0.114182 0.694807 0.136306
0.102276 0.693049 0.144658
0.100056 0.685974 0.143391
0.0897249  0.684789  0.150423
0.0796916  0.684699  0.158819
0.0787625  0.679265  0.157685
0.070297 0.679613 0.164752
0.0702686  0.675641  0.163595
0.0625451  0.677529   0.17198
0.0557697  0.680098   0.18065
0.0567676  0.677364  0.179447
0.0512421  0.680359  0.188163
0.0530621  0.678341  0.186799
0.0482003  0.681773   0.19369
0.0443559   0.68607  0.201737
0.0469658  0.684973   0.20026
0.0437926  0.689119  0.206636
0.0470552  0.688529  0.204984
0.044948 0.693823 0.212484
0.043635 0.700053  0.22005
0.0475174  0.700124  0.218138
0.0472869  0.706331  0.225472
0.0516784  0.706761  0.223318
0.0514795  0.712447  0.228531
0.0520067  0.719332  0.234613
0.0560364  0.721699  0.232203
0.0572766  0.729476  0.238329
0.061883 0.731539 0.235719
0.0629136  0.738834  0.239919
0.0678309  0.741078  0.237328
0.0701649  0.749816    0.2428
0.0734244  0.758263  0.248286
0.0785699   0.77117  0.246526
0.0826641   0.81217  0.255055
0.0883221  0.831466  0.253794
0.0920869  0.868234  0.261132
0.0969847  0.904401   0.27569
0.102635 0.919388 0.277958
0.108063 0.954175 0.291914
0.113502 0.967349 0.293179
0.117903 0.997068 0.303468
0.123431  1.02717  0.31499
0.128616  1.03721 0.315227
0.134086  1.06544 0.325943
0.138975  1.07373 0.325352
0.143457  1.09692 0.332779
0.148938  1.11947  0.34131
0.153483  1.12472 0.339935
 0.15911  1.14441 0.347601
0.163526  1.14757 0.345478
0.168043  1.16313 0.350474
0.172293  1.16464  0.34782
0.180379  1.17647 0.356321
0.192358   1.1815 0.373795
0.177296  1.18071 0.378279
0.159586  1.18857 0.390393
0.146103  1.18625 0.392927
0.127708  1.19021 0.405777
0.109575   1.1922 0.417664
0.0980312   1.18695  0.419384
0.0813511   1.18608  0.429809
0.0708703   1.18011   0.43112
0.0576969   1.17812  0.438309
0.0483274   1.17072  0.439337
0.0348438   1.16595  0.447062
0.0221291    1.1611  0.454877
0.0146904   1.15613  0.455581
0.00509582    1.15091   0.460522
-0.00138329     1.14474    0.461075
-0.0117911    1.13708   0.467184
-0.022008   1.12812  0.472972
-0.0277651    1.12137   0.473566
-0.0345889    1.11837   0.478479
-0.0353702    1.11973   0.483122
-0.0323026    1.11747   0.496765
-0.0290317    1.11226   0.509549
-0.0256062    1.10841   0.515613
-0.0220886     1.0988   0.523993
-0.0193431     1.0833    0.53309
-0.0168716    1.07214   0.537207
-0.0146256    1.04962   0.544593
-0.0126122    1.03513   0.547763
-0.00995302     1.01143    0.551526
-0.00818242    0.982139    0.556406
-0.00660515     0.96576    0.558963
-0.0179236   0.952976   0.575652
-0.0274877   0.952596   0.588832
-0.0368772   0.944623     0.6023
-0.0439776   0.927912   0.616041
-0.0468235   0.915688   0.624155
-0.0466034   0.891439   0.628112
-0.0452498    0.87537    0.62847
-0.0433336   0.845379   0.629705
-0.0393083   0.812498   0.627477
-0.0383433   0.794497   0.627324
-0.0328099   0.760457   0.623411
-0.0282902   0.745213   0.624161
0.0283477  0.713949  0.622292
0.0922338  0.682208  0.623117
0.125044 0.670232  0.62675
0.186925 0.646088 0.626475
0.208894 0.641599 0.629311
0.254999 0.626312 0.627836
0.299863 0.614754 0.622001
0.312018 0.619383 0.616075
0.350008 0.618548 0.602787
0.357782 0.628114   0.5959
0.387776 0.629158 0.580679
0.392859 0.637457 0.574038
0.420171 0.641063 0.557065
0.445226 0.645371 0.539622
0.448132 0.651767 0.533528
0.469528  0.65357 0.518486
0.470524 0.659056 0.513107
0.489648 0.662805 0.497236
0.506998 0.667732  0.48148
0.505963 0.674621 0.475749
0.520661 0.681687 0.460274
0.517945 0.690151 0.454829
0.529723 0.697772 0.440799
0.539806 0.708727 0.427043
0.535332 0.718419 0.421483
0.542731 0.731111 0.407644
0.536725 0.741131 0.402445
0.542284 0.752238 0.390733
0.535229 0.761946 0.385745
0.536952 0.775166 0.373844
0.536984 0.788902 0.362102
0.528604 0.798004 0.356937
0.526599 0.811592 0.345717
0.517597 0.820037 0.340914
0.514777 0.831268 0.331178
0.505375 0.839308 0.326573
0.500246 0.852148 0.317408
0.493242 0.865609 0.308321
0.483345 0.873233 0.303804
0.476681 0.884267 0.296849
0.467563 0.896914 0.289304
 0.45762 0.903833 0.285351
0.447505 0.915823 0.278513
0.437523 0.922463 0.274995
0.428209 0.932376 0.270108
0.416947 0.943321 0.264798
0.407457 0.948621 0.261559
0.396287 0.961006 0.255902
0.386052 0.972089  0.25166
0.372939 0.987474 0.246268
0.359182  1.00367 0.240651
0.349818  1.01218 0.237115
0.338345  1.02487 0.233738
0.325447  1.03765 0.230683
 0.31777  1.04289 0.228658
0.305759  1.05331 0.226651
0.299331  1.05668  0.22536
0.289658  1.06415 0.224735
0.279308  1.07116 0.224429
0.273902  1.07347 0.223344
0.264392  1.07954 0.223088
 0.25986  1.08178 0.222178
0.252172  1.08619 0.222384
0.244042  1.09079 0.222722
0.240331  1.09198 0.221947
0.233043  1.09572 0.222175
0.230154  1.09623 0.221611
0.223742  1.09861 0.221717
0.218196  1.10042 0.222833
0.215968  1.10003 0.222395
0.211035  1.10056 0.222929
0.209544  1.09945 0.222567
0.205413  1.09919 0.223229
0.201959  1.09736 0.223315
0.200976  1.09576 0.222735
0.198306  1.09313 0.222296
0.197932  1.09129 0.221577
0.195819  1.08863  0.22121
0.194513  1.08507 0.220078
0.194498  1.08319 0.219071
0.193845  1.07968 0.217758
0.193526  1.07558 0.216015
0.194011  1.07374 0.214753
0.194571  1.06932 0.212101
0.195423  1.06755 0.210671
0.196492  1.06335 0.208062
0.197984  1.05869 0.204868
0.197745  1.06071 0.201421
0.198746  1.06232 0.195769
0.198693  1.06747 0.192374
0.199328  1.06939 0.186227
0.201136  1.07291 0.180387
0.201643  1.07632 0.177612
0.204214  1.07848 0.171368
0.205333  1.08047 0.169119
0.208329  1.08072 0.164195
0.212329  1.08033 0.158434
0.213656  1.08147 0.156112
0.217914  1.08036 0.150726
0.222484  1.07942 0.144614
0.223811  1.08068 0.141925
0.228835  1.07998 0.134791
0.230016  1.08168 0.131909
0.234604  1.08132 0.125545
0.239717   1.0812 0.118012
0.240513  1.08322 0.114952
0.245592  1.08333  0.10687
0.246144  1.08542 0.103881
 0.250648   1.08532 0.0969024
 0.255411   1.08526 0.0888071
  0.25552   1.08717 0.0856369
 0.259988   1.08655 0.0781599
 0.259789   1.08835 0.0749315
  0.26371   1.08809 0.0664758
 0.267629   1.08776 0.0573067
 0.266867   1.08957 0.0536424
 0.270109    1.0887 0.0448571
 0.273744   1.08863 0.0361215
 0.272635   1.09056 0.0324571
 0.275752   1.09046 0.0228108
  0.27437   1.09255 0.0191976
 0.277145    1.0924 0.0107968
  0.279559    1.09171 0.00164783
   0.277654     1.09333 -0.00180284
   0.279954     1.09212 -0.00993108
  0.281334     1.0915 -0.0184363
  0.278849    1.09317 -0.0212147
 0.278314   1.09597 -0.030921
  0.273938     1.1041 -0.0338653
  0.273347    1.10951 -0.0413279
  0.271298    1.11681 -0.0490673
  0.266761    1.12365 -0.0504866
  0.264376    1.13064 -0.0569326
  0.259923     1.1359 -0.0567838
  0.258233    1.14027 -0.0606902
  0.255547    1.14508 -0.0641227
  0.251209    1.14901 -0.0635277
  0.248454    1.15297 -0.0672113
  0.244175    1.15649 -0.0668515
  0.241307    1.16025 -0.0711014
  0.237034    1.16393 -0.0713455
  0.234801    1.16749 -0.0754553
  0.232035    1.17154 -0.0803836
  0.227726    1.17553 -0.0813938
  0.224652    1.17996 -0.0869899
 0.220369   1.18398 -0.088004
  0.217929    1.18793 -0.0928847
  0.214946    1.19211 -0.0984283
  0.210732    1.19572 -0.0996738
 0.207534   1.19957 -0.105553
 0.203396   1.20272 -0.106742
 0.200894   1.20573 -0.111854
 0.196846   1.20847 -0.113198
 0.193912   1.21114 -0.119228
 0.190808   1.21352 -0.125518
 0.186841   1.21586 -0.127332
0.183709  1.21785 -0.13392
 0.179883   1.21994 -0.135633
 0.177248   1.22094 -0.141876
 0.174742   1.22282 -0.147713
 0.171072   1.22467 -0.149532
 0.168266   1.22593 -0.155901
 0.164708   1.22762 -0.157555
0.162328  1.22793 -0.16358
 0.160024   1.22907 -0.169168
0.156617  1.23045 -0.17088
 0.15403  1.23085 -0.17701
0.149346  1.23568 -0.18018
  0.14602   1.24265 -0.186695
 0.141973   1.24983 -0.194257
 0.137566   1.25692 -0.196636
0.132727  1.26474 -0.20252
  0.12848   1.26995 -0.202988
 0.125316   1.27522 -0.206743
 0.12204  1.27995 -0.21065
 0.118754   1.28301 -0.210706
  0.11696   1.28554 -0.214054
 0.114122   1.28775 -0.214276
 0.111853   1.29052 -0.217992
0.109757  1.29262 -0.22205
  0.10697   1.29466 -0.222723
0.105816  1.29613 -0.22658
 0.104029   1.29836 -0.230802
 0.101409   1.30048 -0.231539
 0.099702   1.30232 -0.236016
0.0971125   1.30437 -0.236678
0.0962569   1.30537 -0.240562
0.0937708   1.30707 -0.241123
0.0923708   1.30833  -0.24521
0.0909809   1.30882  -0.24944
0.0885167   1.30982 -0.249994
0.0878837   1.30921 -0.253718
0.0866223   1.30878  -0.25771
0.0842469   1.30913 -0.258194
0.0829751   1.30768 -0.262417
0.0805222   1.30777 -0.262928
0.0799066   1.30571 -0.266675
0.0786381   1.30391 -0.270693
0.0761922    1.3038 -0.271142
0.0748735   1.30128 -0.275311
0.0723333   1.30116 -0.275694
0.0714501   1.29899 -0.279173
0.0702355    1.2961 -0.283019
0.0677207   1.29587 -0.283233
0.0663844   1.29265 -0.287068
0.0637883   1.29241 -0.287193
 0.062971   1.28903 -0.290475
0.0597083   1.29005 -0.295019
0.0551051   1.29716 -0.295502
 0.051172   1.30166 -0.299873
0.0467252   1.30814 -0.300051
 0.043848   1.31203 -0.303261
0.0401417   1.31669 -0.302847
 0.036931   1.32102 -0.305776
0.0341189   1.32378 -0.308376
0.0312171   1.32645 -0.307435
0.0297921   1.32684 -0.309214
0.0273224   1.32847 -0.308076
0.0256879    1.3291 -0.309836
0.0242675   1.32885 -0.311605
0.0219295   1.33031 -0.310487
0.0206661   1.32993  -0.31224
0.0182533   1.33166 -0.311111
0.0172636   1.33186 -0.312409
0.0161239   1.33175 -0.313879
0.0137719   1.33345 -0.312505
 0.087773   1.38648 -0.446231
0.0869985   1.38759 -0.446517
0.0875853   1.38677 -0.448931
0.0898639   1.39525 -0.467212
0.0903346   1.40247 -0.480243
0.0916163   1.40476 -0.493258
0.0916821   1.40842 -0.502277
0.0914064   1.41016 -0.512666
0.0863308   1.41178 -0.511854
0.0814369   1.41299 -0.502595
-0.0355827    1.36176  -0.293132
-0.0368383    1.35946  -0.285622
-0.0392015    1.35892  -0.277218
-0.0338805    1.34887   -0.26872
-0.0302741    1.34253   -0.26088
-0.0254605    1.33226  -0.253887
-0.018947   1.32162  -0.24521
-0.0166755    1.31654  -0.238312
-0.0114731     1.3056  -0.230384
-0.0111415    1.30183  -0.224185
-0.00890508     1.29347   -0.218167
-0.00947555     1.28849   -0.212557
-0.0131989    1.29381  -0.207037
-0.0164385    1.29402  -0.202083
-0.0211251    1.29977  -0.197532
-0.0251205    1.30176   -0.19385
-0.0299634    1.30426  -0.190394
-0.0336572    1.30838  -0.186531
-0.0372134    1.30891  -0.183894
-0.0401826     1.3121  -0.180429
-0.043781   1.31359 -0.177723
-0.0469606    1.31429  -0.175234
-0.0491602     1.3174  -0.172177
-0.0513663    1.31766  -0.170201
-0.0533298    1.32117  -0.167426
-0.0556469    1.32322  -0.165324
-0.057804   1.32523 -0.163387
-0.0594864     1.3292  -0.160945
-0.0614507    1.33165  -0.159267
-0.0631999    1.33591  -0.157083
-0.0650428    1.33872   -0.15577
-0.0668507    1.34145  -0.154563
-0.0681684     1.3453  -0.152526
-0.0680521    1.34637   -0.15034
-0.0681511    1.34941  -0.147476
-0.0681169    1.35157  -0.145215
-0.0683828    1.35289  -0.143442
-0.0688761    1.35568  -0.141199
-0.0695691    1.35613  -0.140187
-0.0706977    1.35876  -0.138439
-0.0718396    1.36026  -0.137603
-0.0733681    1.36097  -0.137365
-0.0747413    1.36355  -0.136012
-0.0764744     1.3646  -0.135922
-0.0782387    1.36715  -0.134852
-0.0801579    1.36765  -0.135412
-0.0823133     1.3679  -0.136345
-0.0839884    1.37031  -0.135445
-0.0860089    1.37005  -0.136423
-0.0792501     1.2911  -0.156612
-0.0777237    1.27352  -0.172184
-0.0446628    1.29721  -0.179284
-0.016846   1.33482 -0.194793
 0.015455   1.40594 -0.204743
0.0607877   1.49573 -0.226123
0.0833371    1.5968 -0.212812
0.0978804   1.65672 -0.198268
 0.131292   1.69715 -0.197128
 0.148897    1.6454 -0.204549
 0.177419   1.53111 -0.233913
 0.195043   1.34944 -0.264196
 0.241564    1.1347 -0.298667
 0.246781   0.96029 -0.307366
  0.25476  0.735589 -0.318913
 0.240002  0.596673 -0.322886
 0.212759  0.562308 -0.323356
 0.175968  0.520066 -0.339109
 0.122386  0.470349 -0.369382
0.0783351  0.451507 -0.393401
0.0173404  0.396619 -0.441421
-0.0203957   0.379768  -0.465777
-0.071706  0.321796 -0.514826
-0.0952723   0.306707  -0.528256
-0.123339   0.26095 -0.556063
 -0.13329  0.248181 -0.557018
-0.151815  0.199002 -0.577682
-0.161354  0.148826 -0.589416
-0.163112   0.13807 -0.583548
-0.167878 0.0997554 -0.584373
-0.169451 0.0927224 -0.578159
-0.173588 0.0514304 -0.579879
-0.177108 0.0484972 -0.576263
-0.181988 0.0111656 -0.579472
 -0.189468 -0.0208446  -0.584096
 -0.194522 -0.0184156   -0.58248
 -0.203777 -0.0411857  -0.587354
 -0.210521 -0.0282651  -0.584588
-0.218949 -0.036874 -0.584713
 -0.219202 -0.0239861  -0.575552
 -0.223167 -0.0315751  -0.571256
 -0.226292 -0.0330912  -0.564276
-0.237457 0.0244504 -0.553375
-0.252501  0.115269  -0.52903
-0.348461  0.287208 -0.270306
-0.0158658   0.436719  -0.179326
0.0116822  0.523702 -0.176213
0.00298259   0.602205  -0.144816
-0.012369  0.697275 -0.114148
 -0.024902    0.75283 -0.0858335
-0.0480342   0.819663 -0.0484655
-0.0445502   0.864943 -0.0203368
-0.0548996   0.938241  0.0470743
-0.0405429   0.977117  0.0694636
0.0859811   1.17582    1.0304
0.0995421    1.2228   1.01411
0.11335 1.29449 1.00527
0.0803982    1.3215  0.990699
0.0442676   1.36307   0.98466
0.000286371     1.39666    0.975201
-0.124047   1.43254   1.10049
-0.174101   1.44357   1.08215
-0.198795   1.43719   1.06284
-0.239592   1.43861   1.04712
-0.258832   1.42621   1.02866
-0.300362   1.41305   1.01149
-0.338243   1.39033  0.994808
-0.352419   1.36635  0.976585
-0.385298   1.33204  0.959847
-0.395429    1.3033  0.941496
-0.420839   1.26991  0.925221
-0.445302      1.23  0.907365
-0.451937   1.19814  0.888512
-0.472975   1.14908  0.869225
-0.477209   1.11559   0.84956
-0.492354   1.07147  0.829683
-0.480381   1.03883  0.804759
-0.460911  0.989117  0.772298
 -0.4415  0.93546 0.737301
-0.423865  0.901793  0.705762
-0.408658  0.844395  0.664797
-0.391744  0.815737  0.632953
-0.378404  0.775282  0.594682
-0.363794  0.765415  0.562088
-0.352849  0.735514  0.520341
-0.341417  0.704729  0.477611
-0.330173   0.69484  0.447068
-0.319915  0.661114  0.405301
-0.309792  0.650484  0.376419
-0.302148  0.618784  0.340471
-0.29376 0.581253  0.30209
-0.285829  0.567559  0.275369
-0.279544  0.523928  0.238642
-0.270978   0.51033  0.213355
-0.266182  0.469931  0.183131
-0.257953  0.455952  0.160101
-0.253037  0.409503  0.129806
-0.246508  0.359889    0.1006
-0.240016  0.344909 0.0813936
-0.234837  0.292897 0.0551095
-0.228796  0.279864 0.0373666
-0.222936  0.235892 0.0150084
  -0.218703    0.185968 -0.00864447
   -0.2132   0.174045 -0.0240436
 -0.208038   0.123741 -0.0470434
 -0.203132    0.11445 -0.0614501
 -0.199955  0.0718906 -0.0802695
-0.195377  0.025811 -0.100885
-0.191006 0.0183111  -0.11321
 -0.188326 -0.0221071    -0.1299
 -0.184422 -0.0265831  -0.141409
 -0.180648 -0.0677989  -0.159585
-0.178491 -0.109279 -0.177064
-0.175292 -0.111846 -0.186701
 -0.14454 -0.142559 -0.216263
-0.127807 -0.141876  -0.23268
-0.0921625  -0.176104  -0.265655
-0.0574741  -0.209218   -0.29824
-0.043462 -0.206798 -0.312125
-0.0152328  -0.235824  -0.338593
-0.00431065   -0.230219   -0.350899
0.0235615 -0.256463 -0.378994
0.0496421 -0.278766 -0.406323
0.0570394 -0.268227 -0.416494
0.0746092 -0.287602 -0.443493
0.0699742 -0.275295 -0.455077
0.0723379 -0.290424 -0.479257
0.0761003 -0.304153 -0.506194
 0.080069 -0.291651 -0.521609
0.0946456 -0.299599 -0.554416
0.0971766 -0.284697 -0.567384
 0.107641 -0.295361 -0.590788
 0.113585 -0.303024 -0.612538
 0.107654 -0.285898 -0.616326
 0.107013 -0.288763 -0.628914
 0.100742 -0.269801 -0.623996
0.0995662 -0.271733 -0.628102
0.0962166 -0.268142 -0.629715
0.0896875 -0.247868 -0.624354
 0.085224 -0.242032 -0.624889
0.0782693 -0.219948 -0.619109
0.0737918 -0.212577 -0.618766
0.0679755 -0.201955  -0.61746
0.0608939 -0.178895 -0.611692
0.0541566 -0.165544 -0.609657
 0.046881 -0.141344 -0.603573
0.0405608 -0.129003 -0.601101
0.0325869 -0.110832 -0.597242
 0.0253683 -0.0862883  -0.591096
 0.0168173 -0.0673627  -0.586784
0.00959289 -0.0422631  -0.580421
0.00129898 -0.0230924  -0.575335
-0.00800575  -0.0014738   -0.569808
-0.0149884  0.0233379  -0.563375
-0.0369463  0.0454606  -0.557381
-0.0596611  0.0701257  -0.550956
-0.0937939   0.090783  -0.544241
-0.132168  0.114428 -0.536899
-0.15303 0.137959 -0.52923
-0.189886   0.16181 -0.519695
-0.205366  0.184628 -0.510077
-0.232031  0.205321 -0.498315
-0.243977  0.228077 -0.487129
-0.270695  0.253307 -0.472944
-0.294941   0.27666 -0.455365
 -0.30417  0.297919 -0.442118
-0.326047  0.321074 -0.422732
-0.333281   0.34153 -0.409944
-0.351419  0.361863 -0.391838
-0.369516  0.385189 -0.372814
-0.374863  0.404165 -0.360647
-0.391538  0.426284 -0.342218
-0.395126  0.444311 -0.330671
-0.408629  0.463121  -0.31369
-0.410869  0.480078 -0.302695
-0.423285  0.501107 -0.285699
-0.434273  0.520525 -0.269428
-0.434697  0.535231  -0.25915
-0.443306  0.552304 -0.244042
-0.442224  0.566496 -0.234474
-0.449217  0.584481 -0.219782
-0.454604  0.600187  -0.20604
-0.451975   0.61276 -0.197245
 -0.45537    0.6264 -0.184572
-0.451475  0.637837  -0.17649
-0.453397   0.65107 -0.164364
-0.453663  0.663303 -0.153325
-0.448572   0.67303 -0.146009
-0.446967  0.682563 -0.136189
-0.440949  0.691312 -0.129566
-0.438847    0.6995 -0.120474
-0.429484  0.707746 -0.113763
-0.416506  0.714727  -0.10989
-0.402521   0.72085 -0.105475
 -0.39076  0.726905 -0.101742
 -0.378059   0.732186 -0.0977825
 -0.367384   0.737082 -0.0949421
 -0.356551   0.740406 -0.0919067
-0.346101  0.740959 -0.090183
 -0.336711   0.744069 -0.0887839
 -0.326957   0.742308 -0.0885035
-0.317295  0.745329 -0.087905
 -0.308829    0.68916 -0.0883346
-0.301669  0.634283 -0.102894
-0.294211  0.634827  -0.10278
-0.286402  0.608469  -0.10614
 -0.27986  0.614181 -0.103565
-0.272681  0.605882 -0.103588
-0.266819  0.612624 -0.100356
 -0.260645   0.610648 -0.0982874
 -0.254281   0.617736 -0.0954614
 -0.249659   0.616011 -0.0931502
 -0.244168   0.613648 -0.0916067
 -0.239464   0.619073 -0.0892887
-0.234376  0.615534 -0.088324
 -0.230076   0.620944 -0.0860944
-0.225486  0.618498 -0.085132
 -0.220969   0.615903 -0.0842639
 -0.217185   0.620437 -0.0825111
-0.212973  0.615533 -0.082307
 -0.207599   0.620552 -0.0810786
-0.198957  0.617681 -0.082121
 -0.189317   0.613947 -0.0835134
 -0.183744   0.617827 -0.0829327
 -0.174524   0.611365 -0.0849594
 -0.169681   0.615538 -0.0842583
 -0.162094   0.610583 -0.0857656
 -0.157836   0.614697 -0.0851128
 -0.150205   0.609655 -0.0868823
 -0.142983   0.602299 -0.0889119
   -0.1395   0.605932 -0.0886743
 -0.133731   0.600316 -0.0902322
-0.127947  0.594347 -0.091771
 -0.125372   0.598336 -0.0913797
 -0.120456   0.590652 -0.0929451
 -0.118524    0.59582 -0.0923167
 -0.11477   0.59002 -0.093548
 -0.113284   0.594604 -0.0929782
 -0.110145   0.588339 -0.0940156
 -0.107511   0.580611 -0.0952334
 -0.106589   0.584877 -0.0950143
 -0.104706   0.579063 -0.0956683
 -0.103354   0.573362 -0.0955851
 -0.103105   0.577172 -0.0945884
-0.102562  0.567902  -0.09439
 -0.102611   0.571364 -0.0932052
 -0.102652   0.560781 -0.0925305
 -0.102978   0.564457 -0.0909519
 -0.103455   0.557703 -0.0895064
 -0.104521    0.54834 -0.0878176
 -0.105256   0.552761 -0.0865197
 -0.106954   0.542771 -0.0849184
 -0.107803    0.54745 -0.0839507
  -0.10969   0.541607 -0.0826564
 -0.112105   0.533558 -0.0814775
 -0.113164   0.538421 -0.0812167
 -0.116047   0.529987 -0.0803058
 -0.117095   0.535718 -0.0802294
 -0.119982   0.529995 -0.0796449
 -0.121021   0.536075 -0.0796584
 -0.124349   0.530508 -0.0785381
 -0.127943   0.523995 -0.0774537
  -0.12899   0.530064 -0.0776419
 -0.132711   0.523535 -0.0764557
 -0.133533   0.530495 -0.0765957
 -0.136902     0.5262 -0.0756995
 -0.14047  0.523214 -0.073997
 -0.141158    0.53023 -0.0743374
 -0.144755   0.525891 -0.0728655
 -0.145184   0.534239 -0.0732713
 -0.148479   0.533271 -0.0717987
  -0.1518  0.529992 -0.070397
 -0.152032   0.538266 -0.0710271
 -0.155258   0.534569 -0.0696331
-0.155164  0.543434 -0.070377
 -0.158101   0.543069 -0.0689212
 -0.160955   0.541678 -0.0675444
 -0.160584    0.54977 -0.0684561
 -0.163241   0.547891 -0.0670517
  -0.16253   0.556474 -0.0680542
 -0.164957    0.55775 -0.0665458
 -0.167107   0.557353 -0.0651688
 -0.166108   0.565673 -0.0662887
 -0.159151   0.506211 -0.0771268
 -0.158109   0.462785 -0.0920847
 -0.159783   0.460543 -0.0915024
  -0.16058   0.440345 -0.0996155
-0.159565  0.452814 -0.105862
-0.161202  0.450695 -0.111238
-0.160506  0.464775 -0.116064
-0.157661  0.469872 -0.120827
 -0.15426  0.485297 -0.123234
-0.151471  0.491736 -0.123166
-0.148118  0.501865 -0.120016
-0.145665  0.516205 -0.116794
-0.142969  0.524107 -0.109664
-0.140082  0.538328 -0.104737
 -0.136818   0.545943 -0.0975247
 -0.134725   0.553855 -0.0881818
-0.131877  0.566299 -0.085099
 -0.129739   0.571495 -0.0777696
 -0.126728   0.583236 -0.0771424
 -0.124424   0.588321 -0.0737966
 -0.121963   0.593827 -0.0708028
 -0.119998   0.603644 -0.0722492
 -0.117386    0.61334 -0.0708995
-0.114347  0.623305 -0.073563
 -0.111934   0.635608 -0.0735623
 -0.110161   0.644155 -0.0759277
 -0.107754   0.658043 -0.0757366
 -0.105362   0.669424 -0.0760455
   -0.1038   0.676434 -0.0781225
 -0.100488   0.686146 -0.0787135
-0.0991095   0.691874 -0.0808407
-0.0971969   0.699876 -0.0810915
-0.0942066   0.706568 -0.0818916
-0.0930249   0.711033 -0.0840546
-0.0913018   0.715498 -0.0846327
-0.0901724   0.719161 -0.0870654
-0.0875041   0.723907 -0.0881948
-0.0860512   0.726186 -0.0892263
-0.0850579   0.729016 -0.0917235
-0.0836477   0.729947 -0.0928462
-0.0868995   0.787409 -0.0847997
-0.0853333    0.83402 -0.0741689
-0.0848658   0.842646 -0.0741255
-0.0835372   0.836699 -0.0733705
 -0.076705   0.824906 -0.0682881
-0.0765998   0.814708 -0.0665765
-0.0639062   0.782928 -0.0832038
-0.0616768   0.773343 -0.0905972
-0.0519127   0.732436 -0.0809506
 -0.044888   0.692322 -0.0687709
-0.0453727   0.690117 -0.0771487
-0.0428327   0.646291 -0.0931529
-0.0423234   0.648419 -0.0987841
-0.0456671   0.628775  -0.120523
-0.0446123   0.632723  -0.124481
-0.0498906   0.618452  -0.150032
-0.0578367   0.608964  -0.172428
-0.0570653   0.613028  -0.173007
-0.0587629   0.618758  -0.189109
-0.0578902   0.622991  -0.187469
-0.0604567   0.619735  -0.207045
-0.0663643    0.61424  -0.223547
-0.0658415   0.615928  -0.219513
-0.0686209   0.618882  -0.227609
-0.0729057   0.613154  -0.238543
-0.0702399   0.614365  -0.235746
-0.0761132   0.605504   -0.24475
-0.0695989   0.605597  -0.242378
-0.0686412   0.606322  -0.247834
-0.0751809   0.594616  -0.251402
-0.0705112   0.593942  -0.246035
-0.080196   0.57951 -0.245894
-0.0744321   0.577214  -0.240903
-0.0770707   0.572992  -0.239012
-0.0823803   0.557175  -0.235214
-0.0806276   0.554358  -0.229407
-0.0824711   0.536511  -0.228188
-0.0809876    0.53246  -0.219638
-0.0808363   0.524675  -0.216752
-0.0817471   0.505621   -0.21613
-0.0804195   0.499644   -0.20804
-0.0815054   0.474342  -0.207784
-0.0802501   0.465381  -0.199868
-0.0803428   0.450173  -0.194559
-0.0834758   0.421168  -0.186404
 -0.0200065    0.503777 -0.00248236
-0.0171715   0.476929  0.0140165
-0.0182862   0.468685  0.0125382
-0.0193653   0.438028  0.0170176
-0.0198079   0.416263  0.0139509
-0.0216049   0.375728  0.0192732
-0.0249827   0.329198  0.0247024
-0.0238372   0.311327  0.0219795
-0.0306104   0.261488  0.0404251
-0.0273226   0.246542  0.0308287
-0.0314655   0.209512  0.0552183
-0.0338662   0.146593  0.0795787
-0.0327137   0.137571  0.0716388
-0.0338499  0.0891323  0.0894938
-0.0323948  0.0827099  0.0798684
-0.0338023 0.00244738   0.128849
-0.0348246  -0.078229   0.196378
  -0.03372 -0.0751854   0.178193
-0.0339202  -0.120812   0.227765
-0.0325334  -0.109552   0.200424
-0.0331985  -0.162008   0.255214
-0.0337311  -0.209576     0.3053
-0.0323464   -0.19389   0.278367
-0.0326944   -0.23293   0.323431
-0.0310505  -0.212672    0.28837
-0.0304846   -0.22897   0.313774
-0.0302561  -0.252758   0.339582
-0.0286339  -0.229452   0.306107
-0.0283796  -0.248885   0.330541
-0.0266186   -0.22386   0.293144
-0.0256116  -0.226263   0.303682
-0.0250089  -0.235979   0.316732
-0.023322 -0.209967  0.283023
-0.0227556  -0.217067   0.297042
-0.0209933  -0.191247   0.261778
-0.0196826  -0.188307   0.262921
-0.0188273  -0.192884   0.268353
-0.0170721  -0.171887   0.234872
-0.0172937  -0.177893   0.245203
-0.015261 -0.155832  0.212443
-0.015805 -0.148464  0.218079
-0.0137877  -0.122941    0.19018
-0.0198144    -0.1221   0.202871
-0.0234009    -0.1203   0.221867
-0.0207734 -0.0994436   0.194841
-0.0246095    -0.0967   0.215293
-0.0217349 -0.0800431   0.186635
-0.0247245 -0.0659791   0.200384
-0.0277572 -0.0664249   0.214411
-0.0249337 -0.0541836   0.187212
-0.0272508 -0.0471141   0.195725
-0.0241582 -0.0406009   0.167423
-0.0267385 -0.0441838   0.179031
-0.0292948 -0.0480429   0.190061
-0.0265004 -0.0450523   0.163441
-0.0298397 -0.0386426   0.170187
-0.0263489 -0.0463179   0.142978
-0.0296422 -0.0460952   0.163323
-0.0339633  -0.040184   0.207379
-0.0323013 -0.0496642   0.169649
-0.0423734  -0.027476    0.24022
-0.0406711 -0.0489561   0.208068
-0.0457267 -0.0498999   0.365709
-0.0538025 -0.0868073   0.538505
-0.0515093  -0.110092   0.505484
-0.0595309  -0.153945   0.688521
-0.0554422  -0.183268   0.637536
-0.0611771  -0.189569   0.764317
-0.0595013  -0.209593   0.696096
-0.0815194  -0.216224   0.798266
-0.0986949  -0.278101    0.74909
-0.0961134  -0.290813   0.688285
-0.0949866  -0.337181   0.563187
-0.0889034  -0.350488   0.506305
-0.0820699  -0.376778   0.410759
-0.075532 -0.383711  0.365883
-0.0650878   -0.40747   0.266072
-0.053207 -0.421799  0.180933
-0.0474701  -0.418638   0.150331
-0.0499724   -0.41496  0.0945905
-0.0517836   -0.39613  0.0800981
-0.0540049  -0.375254  0.0555207
-0.0559107   -0.34827  0.0426991
-0.0571342  -0.313032  0.0191745
 -0.0592765   -0.273176 -0.00410552
 -0.062068  -0.245122 -0.0173715
 -0.064938  -0.203959 -0.0406246
-0.0681075  -0.177559 -0.0542833
-0.0701202  -0.145513 -0.0740933
-0.0737313  -0.110139 -0.0984957
-0.0751874 -0.0897049  -0.111251
-0.0787214 -0.0685526   -0.14049
-0.0770768 -0.0518784  -0.150105
-0.0773903 -0.0407344  -0.174597
-0.0746005 -0.0278998   -0.18345
-0.0701528 -0.0178106  -0.206684
-0.0644821 -0.0135381  -0.230836
 -0.0602065 -0.00538396   -0.238182
 -0.0542046 -0.00520207   -0.258376
 -0.147277 -0.0249328  -0.357483
 -0.161056 -0.0329494  -0.400962
 -0.174281 -0.0447786  -0.444546
 -0.157611 -0.0282987  -0.442672
 -0.157241 -0.0223371  -0.469752
 -0.135158 0.00244503  -0.461013
-0.132287 0.0108635 -0.487458
-0.125256 0.0216292 -0.511426
-0.103173 0.0410496 -0.501048
-0.0938633  0.0485698  -0.522764
-0.0700144  0.0690782  -0.509226
-0.0605252  0.0770802   -0.52401
-0.0499381  0.0816452  -0.539895
-0.0296446  0.0949923  -0.527735
-0.0222342  0.0925622  -0.545363
-0.002299  0.106187 -0.531765
0.00120719  0.0971126  -0.549189
0.00454504   0.083082   -0.56777
0.0189108 0.0809099 -0.559433
  0.01542 0.0592068 -0.586104
0.0277031 0.0633989 -0.580294
0.0263833 0.0473897  -0.60053
0.0390866 0.0544986 -0.593161
-0.023644   0.10973 -0.823066
-0.0253932  0.0873418  -0.842163
-0.0116282  0.0931288   -0.83229
-0.00726141   0.0547163   -0.852515
0.0156063 0.0514008 -0.840066
0.0238484 0.0217477 -0.852828
  0.036832 -0.0153244  -0.863833
 0.233206  0.105834 -0.482923
  0.22185 0.0786653 -0.478534
 0.209256 0.0785847 -0.467801
  0.200882 0.00853202  -0.466314
  0.193053 -0.0623624  -0.464859
 0.184014 -0.104414  -0.45694
 0.177392 -0.183832 -0.444627
 0.168933 -0.213335 -0.430081
 0.162984 -0.275401 -0.419752
 0.155247 -0.296541 -0.407042
 0.150289 -0.359168 -0.398395
 0.145803 -0.419326 -0.392145
 0.139069 -0.432842 -0.380676
 0.135228  -0.48654 -0.377358
 0.128956 -0.492229 -0.367077
  0.12531  -0.53258 -0.364672
 0.121899 -0.570432 -0.364043
   0.1164 -0.570952 -0.354695
   0.1135 -0.607206 -0.355374
 0.108378 -0.602846 -0.346556
 0.105632 -0.630738 -0.346524
 0.102808 -0.655731 -0.347822
0.0982494 -0.648293 -0.339505
0.0961658 -0.673958 -0.341533
0.0920057 -0.663698 -0.333384
0.0903371 -0.682716 -0.333852
0.0906116 -0.707645 -0.332803
  0.08829  -0.70697 -0.322217
0.0956957 -0.743355 -0.303455
0.0967392 -0.743971 -0.282614
 0.102429 -0.776811 -0.265119
 0.102787 -0.773193 -0.247367
 0.107982 -0.803795 -0.233067
 0.110861 -0.832998 -0.221009
 0.108217 -0.824733 -0.208066
 0.111335 -0.849297 -0.202636
  0.10781 -0.836268 -0.193574
 0.108748 -0.852504 -0.191949
 0.107659 -0.869366 -0.192036
  0.10441 -0.855352 -0.187356
 0.102895 -0.870969 -0.193224
 0.0590473  -0.801048 -0.0197534
 0.0561425  -0.810903 -0.0187241
  0.053285  -0.823326 -0.0168118
 0.0493321   -0.82699 -0.0136864
  0.0463969   -0.856774 -0.00964042
  0.0434529   -0.860996 -0.00640218
 0.0402837  -0.888337 -0.0021655
  0.037265  -0.920161 0.00322418
   0.03375  -0.921898 0.00677318
0.0287654 -0.952578 0.0130584
0.0251113 -0.951831 0.0165127
0.0206383 -0.975201 0.0215075
0.0169317 -0.997157  0.026304
0.0151551 -0.994572 0.0286608
0.0138897  -1.01615 0.0319824
0.0130996  -1.01143 0.0336163
0.0134094   -1.0252 0.0349522
0.0131777  -1.01949 0.0361194
0.0132819  -1.03803 0.0380895
0.0136974  -1.05527 0.0396963
0.0139572  -1.05127 0.0406771
0.0140905  -1.06287  0.041662
0.0137466  -1.05603 0.0425694
0.0131777  -1.06491 0.0436476
0.012676 -1.07256 0.044358
0.0125517  -1.06911 0.0448531
-0.00692757    -1.08366   0.0560405
-0.0151022   -1.08274  0.0616616
0.0275686  -1.12402 0.0921922
0.0270703  -1.11814 0.0900637
0.0246008  -1.12442  0.088398
-0.0082843    -1.1231   0.108608
-0.0263218   -1.10838   0.122541
-0.0560279   -1.10396    0.14226
-0.0655268   -1.08885   0.149722
-0.083668  -1.08296  0.161643
-0.100289  -1.07886  0.174607
-0.101733    -1.068  0.176698
-0.113924  -1.06753  0.186606
-0.114063   -1.0592  0.187251
-0.124548  -1.05912   0.19458
-0.126449   -1.0521    0.1958
-0.139532  -1.05281  0.204264
-0.143245   -1.0458  0.206431
-0.158836  -1.04786  0.215511
-0.175914  -1.04941  0.225394
-0.180135  -1.04134  0.228142
-0.197018  -1.04166  0.237898
-0.20035 -1.03164 0.240329
-0.212659  -1.02747   0.24734
 -0.2239  -1.0212 0.253527
-0.223852  -1.00963  0.253676
-0.231095  -1.00255  0.257809
-0.228448 -0.989581  0.256405
-0.231249 -0.979203  0.257168
-0.231968 -0.969209  0.257426
-0.227394 -0.955825  0.254782
-0.222543  -0.94623  0.253503
-0.213524 -0.933853   0.25026
 -0.20308 -0.923572  0.247863
-0.191865 -0.911041  0.244809
-0.171063 -0.895445  0.252686
-0.148279 -0.880266   0.26177
-0.131176 -0.864708  0.266402
-0.106139 -0.849092  0.272295
-0.0778595  -0.840069    0.27332
-0.0337513  -0.831165   0.278797
0.00871165  -0.821643   0.281131
0.0507115 -0.790459  0.208238
0.0803086 -0.782931  0.201674
 0.109094 -0.774143  0.192291
0.0371238 -0.809596  0.260069
0.0454891 -0.808131  0.234646
0.0489567 -0.809504  0.211551
 0.050231 -0.798501  0.201582
0.0431739 -0.788624  0.203614
0.0405357 -0.771615  0.186341
0.0363749 -0.752118   0.17857
0.0302951 -0.740199  0.179609
0.0286992 -0.720996  0.172775
0.0265425 -0.710626   0.17188
0.0295796  -0.69191  0.163076
0.0380327 -0.677053  0.153456
0.0442622 -0.670606  0.150249
0.0573776 -0.660718  0.139075
  0.06646 -0.658293  0.135292
0.0833089 -0.650037  0.123004
 0.102912 -0.645905  0.110495
 0.112007 -0.644458  0.106668
 0.129741 -0.641984 0.0954798
 0.144821 -0.639862 0.0851147
 0.148531 -0.639494  0.082975
 0.160541 -0.638857 0.0733347
 0.162282   -0.6376 0.0728406
 0.171794 -0.635796 0.0644458
 0.180261  -0.63304 0.0575464
 0.180629 -0.630728 0.0576804
 0.188345 -0.628557 0.0512413
 0.187388 -0.625576 0.0525779
 0.194043 -0.623203 0.0459321
 0.199464 -0.619301 0.0409111
 0.197952 -0.616154 0.0418267
 0.203148 -0.613404 0.0358924
 0.200821 -0.610219 0.0374685
 0.205266 -0.607009 0.0322736
 0.210472 -0.609056 0.0248936
 0.209453 -0.613671 0.0237396
 0.215375 -0.620945 0.0154542
 0.213418 -0.625226 0.0152142
  0.218462  -0.631374 0.00676384
    0.222564    -0.640093 -0.000388656
    0.219149    -0.642505 -1.10856e-05
   0.222132   -0.648459 -0.00720919
   0.217156    -0.64886 -0.00585639
   0.216339   -0.654449 -0.00764731
   0.214252    -0.66101 -0.00790265
  0.207854   -0.66134 -0.0046237
   0.206793   -0.666774 -0.00645771
   0.204237   -0.671751 -0.00623041
   0.198215   -0.671698 -0.00248322
   0.196249   -0.677988 -0.00194907
  0.190437  -0.677712 0.00255247
  0.189926  -0.682105 0.00147329
  0.188923   -0.68813 0.00271217
  0.183761  -0.687725 0.00619431
  0.183948  -0.693097 0.00552853
 0.178821 -0.692298 0.0093033
 0.177991  -0.69709 0.0101057
 0.174833 -0.703318 0.0108894
 0.166783 -0.702646 0.0144751
 0.164706 -0.708993 0.0165426
 0.157841 -0.707856 0.0205165
 0.156402 -0.711925 0.0203877
 0.154543 -0.717139 0.0217327
 0.147896 -0.715778 0.0239604
 0.148463 -0.721726 0.0281097
 0.154437 -0.719854 0.0356062
 0.185388 -0.721597 0.0412021
   0.21258  -0.700125 -0.0564155
  0.218591  -0.697572 -0.0563595
  0.234971  -0.699991 -0.0617885
  0.234992  -0.709694 -0.0596793
  0.224386  -0.715745 -0.0503546
  0.232911  -0.731507 -0.0325444
  0.227627  -0.736818 -0.0188273
   0.232855    -0.75067 -0.00650185
  0.233583  -0.765325 0.00699293
 0.225049 -0.768688 0.0153762
 0.221843 -0.777956  0.024311
 0.210892 -0.774232 0.0298963
 0.206305 -0.776294 0.0340276
 0.194263 -0.769519 0.0384427
  0.18578  -0.76834 0.0425892
 0.175646 -0.766831 0.0462855
  0.16297 -0.761433 0.0506528
 0.154349 -0.761873 0.0538112
 0.143225 -0.762388  0.058754
 0.130726 -0.760015 0.0640478
 0.119716 -0.764505 0.0702616
 0.107569 -0.763682 0.0764487
0.0993848 -0.767898 0.0823781
0.0901454 -0.773434 0.0882107
0.0795011 -0.772372 0.0931724
0.0718403 -0.777911 0.0989182
0.0613949 -0.775693   0.10407
0.0557157 -0.778286   0.10871
0.0487398 -0.781057  0.114226
0.0382199 -0.777732   0.11884
0.0171602 -0.777412  0.106678
-0.018521 -0.770831 0.0864953
-0.0430904  -0.769336  0.0491164
0.0297724 -0.772875 0.0127808
  0.0665827    -0.77144 -0.00263433
  0.133276  -0.775465 -0.0358131
  0.160299  -0.773275 -0.0440146
  0.208909  -0.776791 -0.0637882
  0.254885  -0.779646 -0.0831599
  0.275813  -0.778786 -0.0908424
 0.315522 -0.783714 -0.108405
 0.332029   -0.7828 -0.112876
 0.361764  -0.78702 -0.125328
 0.375429 -0.786182 -0.128382
 0.402373 -0.790503 -0.139201
 0.425874 -0.796377 -0.149003
 0.437242  -0.79622 -0.153349
 0.457049 -0.805893 -0.164286
 0.466367 -0.811134 -0.170139
 0.480873 -0.821171 -0.180057
 0.494629 -0.834839 -0.192244
 0.502078 -0.840032 -0.200249
 0.511854 -0.851964 -0.211589
 0.528532 -0.864904 -0.230045
 0.547343 -0.869089 -0.255151
 0.480725 -0.876658 -0.293955
 0.433203 -0.876354 -0.319813
 0.367131 -0.884043 -0.347989
 0.298101 -0.891933 -0.370673
 0.259751 -0.893968 -0.375406
 0.206108 -0.902808  -0.37551
 0.151679 -0.912095 -0.366748
 0.128354 -0.915017 -0.355415
0.0811972 -0.926385 -0.336822
 0.063709  -0.93138 -0.325998
0.0252858 -0.943151 -0.310635
-0.0147249  -0.951797  -0.291749
-0.0317159   -0.95164  -0.287015
-0.0710024  -0.957053  -0.272717
-0.0847408  -0.952861  -0.272002
-0.117231 -0.952562  -0.26079
-0.148299 -0.952445 -0.249528
-0.155276 -0.947365 -0.245944
 -0.18011 -0.947123 -0.230102
 -0.18086  -0.94228 -0.222534
 -0.19654 -0.940945 -0.203043
-0.194902 -0.940203 -0.179417
-0.185853 -0.936824 -0.169471
-0.184224 -0.938024 -0.147095
-0.175643  -0.93451 -0.138816
 -0.17533 -0.934742 -0.116248
 -0.174777   -0.93634 -0.0953449
 -0.166691  -0.933651 -0.0907459
-0.167475 -0.934863 -0.073892
 -0.168597  -0.937138 -0.0576054
 -0.161918  -0.934825 -0.0548913
 -0.161202  -0.936269 -0.0433543
 -0.152909  -0.936062 -0.0440956
 -0.150962  -0.941529 -0.0349287
 -0.147429  -0.948522 -0.0285468
 -0.138458  -0.950543 -0.0302505
 -0.134118  -0.957371 -0.0255349
 -0.129244   -0.96405 -0.0219763
-0.120461  -0.96488 -0.024174
 -0.115026  -0.971494 -0.0220632
 -0.106531  -0.971273 -0.0246385
-0.100829 -0.977074  -0.02378
-0.0927448  -0.976272 -0.0265725
-0.0876768    -0.9798 -0.0257834
-0.0817425   -0.98423 -0.0265509
-0.0742507  -0.983205 -0.0294215
-0.0693133   -0.98717 -0.0295736
-0.0646876  -0.990616 -0.0302635
-0.0581365  -0.989441 -0.0326207
-0.0533504  -0.993726 -0.0341556
-0.0469536  -0.992354 -0.0366739
-0.0425309  -0.995139 -0.0379129
-0.0374194  -0.998807 -0.0406771
-0.0313125  -0.997051 -0.0434441
-0.0264519   -1.00003 -0.0461099
  -0.02045  -0.997808 -0.0491924
-0.0152306  -0.999659 -0.0534136
-0.00956537    -1.00187  -0.0587346
-0.00390526   -0.999174  -0.0620724
0.00138294   -1.00082 -0.0668963
0.00879886   -1.00097 -0.0721585
 0.0158194  -0.997482 -0.0746584
 0.0248437  -0.997636 -0.0800498
  0.031553  -0.993882 -0.0826134
 0.0397021  -0.994117 -0.0871358
 0.0482776  -0.992593 -0.0931277
 0.0542877  -0.988622 -0.0956605
0.0630144 -0.987565 -0.102167
0.0685598 -0.983363 -0.104615
0.0760014 -0.981445 -0.110153
0.0841871 -0.979736 -0.116764
0.0890095 -0.975344  -0.11915
0.0967052 -0.975818 -0.125227
 0.101846 -0.975323 -0.127282
 0.109894  -0.97636 -0.133875
 0.118246 -0.978573 -0.140913
 0.122514 -0.977179 -0.142866
 0.129662 -0.978652 -0.148832
 0.133276 -0.976153 -0.150609
 0.140302 -0.976014 -0.157387
 0.147327 -0.975655 -0.164399
 0.150128 -0.972228 -0.166234
  0.15609 -0.971274 -0.172395
 0.162122 -0.968895 -0.179267
 0.164245 -0.964896  -0.18113
 0.161545 -0.962479 -0.185076
 0.154842 -0.958063 -0.182379
 0.147239 -0.954771 -0.182033
 0.139976 -0.951759 -0.182152
 0.134286  -0.94748 -0.179829
 0.127636 -0.944546 -0.180446
 0.122578 -0.940365 -0.178355
 0.116586 -0.936959 -0.178726
 0.110898 -0.933768 -0.179797
 0.106621 -0.929475 -0.178082
 0.101419 -0.926441 -0.178854
0.0976142  -0.92202 -0.177332
0.0929168 -0.917735 -0.179204
0.0883794 -0.913716 -0.181437
 0.085161 -0.909161 -0.180149
0.0809314    -0.905 -0.182844
0.0780536 -0.900415 -0.181662
0.0741152 -0.895856 -0.183652
0.0703531 -0.891491 -0.186612
0.0679136  -0.88693 -0.185508
0.0643506 -0.882997 -0.187663
0.0609891 -0.878016 -0.190914
0.0589246 -0.873514 -0.189757
 0.055712 -0.868963 -0.193357
0.0538721 -0.864508 -0.192115
0.0507723 -0.860467 -0.194588
0.0478581 -0.855489 -0.198154
  0.04627 -0.853085 -0.196822
0.0434095 -0.852472 -0.200058
0.0419947 -0.851941 -0.197948
0.0392271  -0.85098 -0.200061
0.0365596 -0.851206 -0.202989
0.0353743 -0.849527 -0.200757
0.0328149 -0.849117 -0.204015
0.0317758 -0.846564 -0.201685
0.0292713 -0.844485 -0.203605
0.0308143  -0.84253 -0.207858
0.0317169 -0.839405 -0.205983
0.0379127  -0.83722 -0.212052
0.0386492 -0.834095 -0.210075
0.0449098 -0.831494 -0.214811
0.0505679 -0.829614 -0.220557
 0.050624 -0.826686 -0.218313
0.0556595  -0.82506 -0.224236
0.0549691 -0.822215 -0.221652
0.0598102 -0.820086 -0.226007
0.0637189 -0.818511  -0.23136
0.0624324 -0.815464 -0.228458
0.0660118 -0.813777 -0.232313
0.0640873 -0.810477 -0.229157
0.0672228 -0.808012 -0.234207
0.0695278  -0.80575 -0.239303
  0.06722 -0.802185 -0.235794
0.0687287 -0.799747 -0.240734
0.0657795 -0.795973 -0.236939
0.0676233 -0.792901 -0.240206
 0.068147 -0.790218 -0.244424
  0.06484 -0.786359 -0.240341
 0.065496 -0.783809 -0.243002
0.0616884 -0.779917 -0.238676
0.0616219  -0.77674 -0.242459
0.0606352 -0.773898 -0.246185
0.0566541 -0.770033 -0.241445
0.0550407 -0.767269 -0.244985
 0.050593 -0.763366 -0.239958
0.0497837 -0.760173 -0.241727
0.0474902 -0.757429  -0.24446
0.0423796 -0.755515  -0.23898
0.0382923 -0.756913  -0.24159
0.0216526 -0.761408 -0.245085
0.0167563 -0.766792 -0.257993
0.0405136 -0.770779 -0.272597
0.0536589 -0.770447 -0.273893
0.0720898  -0.77252 -0.283238
0.0911401 -0.773951 -0.294255
  0.10071 -0.771975 -0.293985
 0.117141 -0.772745 -0.303771
 0.124744 -0.770074 -0.303199
  0.13717 -0.769586  -0.31016
 0.149722 -0.769421 -0.318326
 0.155243 -0.766669 -0.317774
   0.1661 -0.766466 -0.325722
 0.170135 -0.763707  -0.32488
 0.177915 -0.762991 -0.330321
 0.185663 -0.762729 -0.336715
 0.188032 -0.760047 -0.335721
 0.193333 -0.759725 -0.340076
 0.194519 -0.756885 -0.338831
 0.199268 -0.755874 -0.343985
 0.203057 -0.754904 -0.348722
 0.198877 -0.752812 -0.350109
  0.19198 -0.753546 -0.358312
 0.184822  -0.75348 -0.367294
 0.177548  -0.75156 -0.370115
  0.17007 -0.751401 -0.378817
 0.162987 -0.749232 -0.381534
 0.155344 -0.748868 -0.387888
 0.148512 -0.746594 -0.390608
 0.141008 -0.745491  -0.39828
  0.13329 -0.744418 -0.405937
 0.126914 -0.742022 -0.408547
 0.118993 -0.740819 -0.413734
 0.111213 -0.738917 -0.420635
 0.105198 -0.736283 -0.423244
0.0972894 -0.734333  -0.43028
0.0914477 -0.731493  -0.43288
0.0832688 -0.728839    -0.437
0.0753597 -0.728473 -0.443992
0.0702785 -0.729405 -0.446494
0.0622288 -0.730701 -0.450281
0.0544619 -0.732117  -0.45654
0.0496615 -0.732051 -0.458706
0.0416797 -0.733146 -0.464881
0.0369812 -0.731925 -0.466913
0.0285944 -0.730915 -0.469505
-0.00144378   -0.732447   -0.475733
-0.0395152  -0.734078  -0.478772
-0.110217 -0.739473 -0.486718
-0.145218 -0.741242 -0.496093
-0.197491 -0.744715 -0.513649
-0.247062 -0.744707 -0.535848
-0.263322 -0.741048 -0.547941
-0.306924 -0.739783 -0.561383
-0.317999 -0.734624 -0.563179
-0.351373 -0.733212 -0.561531
-0.359139 -0.728469 -0.554793
-0.391285 -0.723899 -0.543081
  -0.4206 -0.716968 -0.525658
-0.425344 -0.710628 -0.515295
 -0.44992 -0.703435 -0.497451
-0.472738 -0.694053 -0.477439
-0.474411 -0.687488 -0.468052
 -0.49512  -0.67808 -0.448476
-0.494927 -0.671585 -0.439933
-0.512315 -0.664055 -0.423106
-0.528078 -0.654322 -0.406242
-0.525869 -0.648165 -0.398069
-0.539017 -0.639034 -0.381384
-0.535075 -0.633145 -0.373588
-0.545163  -0.62562 -0.359029
-0.539883 -0.620081 -0.351472
-0.547114 -0.611374 -0.336892
-0.552144 -0.603889 -0.322549
 -0.54502 -0.598814 -0.315228
 -0.54829 -0.592745 -0.303548
-0.547963 -0.585906 -0.291113
-0.539303 -0.581431 -0.284521
 -0.53739 -0.577793 -0.273892
-0.528646 -0.578008  -0.26869
-0.525693 -0.578008 -0.259974
-0.520789 -0.578217  -0.25185
-0.511164 -0.578136 -0.246653
-0.504119 -0.579173 -0.238472
-0.493979 -0.578378 -0.233167
-0.486854 -0.578876 -0.226474
-0.476519 -0.578916 -0.219019
-0.465974 -0.577539 -0.213793
-0.454345 -0.577841 -0.206648
 -0.44393 -0.576362 -0.201729
-0.433366 -0.576891 -0.196648
-0.423282 -0.575677 -0.192173
-0.410136 -0.576193 -0.186766
-0.396551 -0.577428 -0.181796
-0.386757 -0.576673 -0.177632
 -0.37526 -0.577992 -0.174452
-0.361347 -0.579955 -0.170865
-0.352993 -0.579182 -0.167255
-0.339511 -0.581396 -0.164009
-0.331887 -0.580671 -0.160609
-0.319715 -0.581861 -0.158364
-0.306979 -0.583209 -0.156644
-0.300002 -0.582433  -0.15371
-0.287595 -0.584831 -0.152024
 -0.28165 -0.583973 -0.149402
-0.270699 -0.585819 -0.149006
-0.259575 -0.587631  -0.14803
-0.254624  -0.58738 -0.145805
-0.245226 -0.589605 -0.145654
-0.241307 -0.588819  -0.14366
-0.231646 -0.591188   -0.1433
-0.222975 -0.593902 -0.142739
-0.219912 -0.593766 -0.140884
-0.212868 -0.596286 -0.141031
-0.210967 -0.596114 -0.139384
-0.204009 -0.599709  -0.13855
-0.198416 -0.602716 -0.138543
-0.197124 -0.602484  -0.13697
-0.193504 -0.607784 -0.138127
-0.190195 -0.614979 -0.138577
-0.190813 -0.618866 -0.138101
-0.189103 -0.627059 -0.138379
-0.190283 -0.629864 -0.137452
 -0.18952 -0.637611 -0.136955
 -0.19085 -0.639107 -0.135537
-0.190158 -0.644357  -0.13481
-0.190474 -0.649516  -0.13294
-0.191851 -0.649757 -0.131106
-0.191956 -0.653873 -0.128635
-0.193391 -0.657277 -0.126251
-0.195068 -0.656925 -0.124205
-0.197109 -0.660336 -0.120633
 -0.19909 -0.659837 -0.118479
-0.201024 -0.662678  -0.11533
 -0.20403 -0.665629  -0.11099
-0.206034 -0.664953 -0.108625
-0.209169 -0.667471 -0.104418
-0.211365 -0.666446 -0.101857
  -0.21491   -0.66835 -0.0966729
  -0.21922  -0.669891 -0.0904897
  -0.22121  -0.668322 -0.0875395
 -0.225067  -0.669448 -0.0813629
 -0.227153  -0.667453 -0.0784078
 -0.232054  -0.667435 -0.0721154
-0.237295 -0.667114 -0.064712
 -0.239125  -0.664649 -0.0615545
 -0.244148  -0.664166 -0.0547556
 -0.245868  -0.661354 -0.0516142
  -0.25088   -0.65977 -0.0438937
 -0.256229  -0.657592 -0.0353757
 -0.257449  -0.654006 -0.0319288
 -0.262151  -0.651623 -0.0237979
 -0.267535  -0.647837 -0.0156743
-0.268425 -0.643633 -0.012311
  -0.273609   -0.639415 -0.00321727
 -0.274221  -0.634953 5.5537e-05
 -0.278614  -0.631182 0.00863992
-0.283549 -0.626221 0.0171064
-0.284316 -0.624251  0.019277
-0.289482 -0.624286 0.0263494
 -0.28991 -0.624389 0.0285555
-0.294349  -0.62385 0.0363406
-0.298641 -0.624129 0.0447196
-0.298132 -0.622872 0.0476978
-0.301706 -0.622137 0.0567906
-0.300622 -0.619717 0.0599238
-0.303691 -0.617699 0.0680034
-0.306089 -0.615109 0.0774431
-0.304326 -0.612171 0.0807331
-0.306009 -0.609358 0.0905135
 -0.30381 -0.606434 0.0936024
-0.305254 -0.603874  0.101827
-0.305928 -0.601256  0.111028
-0.303265 -0.598925  0.114036
-0.303201 -0.596822  0.123427
-0.300257 -0.594811  0.126279
-0.300148 -0.593458  0.134957
-0.299542  -0.59172  0.143256
-0.296283 -0.590046  0.146175
-0.294964  -0.58869  0.155217
-0.291515 -0.587026  0.157992
-0.290502 -0.585786  0.165627
-0.288684 -0.584558  0.174186
-0.285003 -0.583057  0.176858
-0.282567 -0.582023  0.185423
-0.278713  -0.58054  0.187809
-0.276719 -0.579622  0.194761
-0.273612 -0.578781  0.202393
-0.269594 -0.577584  0.204595
-0.267136 -0.577058  0.211312
-0.263037 -0.575923  0.213312
-0.259202 -0.575449  0.220217
-0.254817 -0.575168  0.227342
 -0.25058 -0.574277   0.22937
-0.245807 -0.574242  0.236341
-0.241689 -0.573345  0.238058
-0.237886 -0.573267  0.243727
-0.233143 -0.573283  0.249893
-0.229783 -0.574894  0.250229
-0.225365 -0.579378  0.255226
-0.222132 -0.582866  0.255474
-0.218886 -0.587155  0.259171
-0.214794  -0.59232  0.263198
-0.211313 -0.594195  0.263854
-0.207829 -0.597464  0.267916
-0.204153 -0.597817  0.268761
-0.199336 -0.600358  0.272867
-0.193885 -0.602175  0.277385
-0.190035 -0.601826  0.278279
-0.184159   -0.6031   0.28279
-0.180356 -0.602365  0.283447
-0.175627 -0.603419  0.287357
-0.169884 -0.604317  0.290979
-0.166268 -0.603901  0.291351
-0.160227 -0.605258  0.294924
-0.156586 -0.605967    0.2945
 -0.15173 -0.607906  0.296956
-0.146111 -0.609899  0.299588
-0.142624 -0.610687  0.298418
-0.137945 -0.612637  0.299698
-0.134489 -0.613221  0.297546
-0.128818 -0.614956  0.297554
-0.122742 -0.616564  0.297073
  -0.1192 -0.617089  0.293879
-0.114129 -0.618446  0.292926
-0.110708 -0.618583  0.289633
-0.104761 -0.619502  0.287883
-0.0984197   -0.62018   0.286278
-0.095022 -0.620187  0.282918
-0.0895541  -0.620823   0.282125
-0.0838314  -0.620731   0.280447
-0.080684 -0.620412  0.277518
-0.0746036  -0.620177    0.27649
-0.0716587   -0.61957   0.273952
-0.066846 -0.619135  0.273283
-0.0614137  -0.618359   0.273016
-0.0586985  -0.617667    0.27064
-0.053246 -0.616654  0.270545
-0.0515553  -0.617918   0.267348
-0.0481504  -0.620837   0.266488
 -0.04453 -0.623778  0.265525
-0.0430882   -0.62641   0.262823
-0.0395492  -0.629423   0.262306
-0.0381009  -0.630544   0.260449
-0.0353651  -0.631679   0.260775
-0.0322337  -0.632078   0.261685
-0.0307376  -0.631676   0.260431
-0.0282507  -0.631047   0.261796
-0.026708 -0.629893  0.260758
-0.0237672  -0.628458   0.261886
-0.0205425  -0.626702   0.263281
-0.0190632  -0.625693   0.261806
-0.015815 -0.623983  0.262982
-0.0143909  -0.623083   0.261394
-0.0120838  -0.621649   0.262186
-0.00943989   -0.620054    0.263003
-0.00818166   -0.619392    0.261214
-0.00557943   -0.618317    0.261948
-0.00437317   -0.617496    0.260229
-0.00264918   -0.616315    0.260844
-0.000497542    -0.614261     0.261534
0.000497183    -0.61388    0.259769
0.00186247  -0.612394   0.260542
0.00368095  -0.609846   0.260907
0.00461328  -0.609319   0.259095
0.0065504 -0.607214  0.259537
0.00761034  -0.606065   0.257684
0.0090657 -0.604335  0.258432
0.0105236  -0.60198  0.258354
0.0114973  -0.60101  0.256345
0.0125515 -0.599095  0.256602
0.0135775 -0.598132  0.254649
0.0149829 -0.595952  0.254471
0.0167298 -0.593791  0.254433
0.0176175 -0.593507  0.252349
0.0195016 -0.591349  0.252305
0.0204563 -0.590989    0.2504
  0.02166 -0.588856   0.25043
0.0225285 -0.588767  0.249323
0.0225877 -0.592071  0.246475
 0.023099 -0.594574  0.245631
0.0232911 -0.597323  0.243115
0.0239068 -0.599182  0.241778
0.0245726 -0.600544   0.24097
 0.025341 -0.602233  0.238989
0.0258596 -0.601849  0.239219
0.0267689 -0.600846  0.239357
0.027435 -0.60047 0.238098
0.0294544 -0.599355  0.238476
0.0303597 -0.598547  0.237271
0.0314796 -0.596682  0.237797
0.0329929 -0.594656  0.237945
0.0338345 -0.594285  0.236232
0.0356542 -0.592663  0.236024
0.0366113  -0.59247  0.234197
0.0378958 -0.591055  0.233745
0.0396484 -0.589798  0.233142
0.0404345  -0.58987  0.231078
0.0417215 -0.588736  0.230558
0.0425627 -0.588727  0.228631
0.0440483 -0.587581  0.227527
0.0458801 -0.586525  0.226497
 0.046497 -0.586608  0.224345
0.0478481 -0.585536  0.223575
0.0494236 -0.584364   0.22236
0.0499904 -0.584398  0.220322
0.0517465  -0.58336  0.219057
0.0523609 -0.583347  0.217139
0.0535909 -0.582298  0.215912
 0.055194 -0.581361  0.214663
0.0548115 -0.581782  0.212676
0.0564387  -0.58114   0.21113
0.0568401 -0.581387   0.20915
0.0574224 -0.581174  0.207884
0.0583903 -0.581205   0.20651
0.0586075 -0.581619  0.204402
0.0592579 -0.581771  0.203241
0.0600895 -0.581938  0.201645
0.0591505 -0.585198  0.198608
0.0593579 -0.589746  0.196074
 0.058694 -0.594282  0.193494
0.0587674 -0.598734  0.191465
0.0586764 -0.603735   0.18903
0.0582399 -0.606649  0.187352
0.0586371  -0.61082  0.185877
0.0586138 -0.612318  0.185144
0.0593202 -0.614806  0.184804
0.0603578 -0.616804  0.184623
0.0605761 -0.617536  0.183977
0.0620997 -0.619175  0.183899
0.0626007 -0.619579  0.183318
 0.064144 -0.620976  0.183187
0.0659884 -0.622388  0.182822
0.0664906 -0.623159  0.181751
0.0686737 -0.624436  0.181127
0.0691346 -0.625818  0.180127
 0.071035 -0.627101  0.179508
0.0730995 -0.628509  0.178632
0.0734429 -0.630026  0.177454
0.0756142 -0.631577   0.17655
0.0760124 -0.632333  0.175474
0.0777567 -0.633462  0.174635
0.0796159 -0.635217  0.173836
0.0799056 -0.635907  0.172626
0.0818631 -0.637104  0.171669
0.0820923 -0.637595  0.170544
0.0835334 -0.638986   0.16963
0.0852208 -0.639916   0.16869
0.0853467 -0.640488  0.167423
0.0867142 -0.641309  0.166642
0.0867792 -0.641788  0.165493
0.0881127  -0.64272  0.164365
 0.089528 -0.643719  0.163397
 0.089487 -0.644338   0.16216
0.0904838 -0.645756  0.161517
0.0915103 -0.646623  0.160597
0.0912492 -0.647126  0.159531
0.0921597 -0.648012  0.158826
0.0910272 -0.650619  0.156703
0.0908326 -0.655557  0.155428
0.0896294 -0.660021  0.153543
0.0891347 -0.664692  0.151734
0.0886012 -0.670139   0.15022
0.0876745 -0.672886  0.149165
0.0872236  -0.67612  0.148707
0.0868307 -0.678997   0.14872
0.0862188 -0.679817  0.148558
0.0860306  -0.68155  0.149249
0.0855795 -0.681546  0.149294
0.0855158 -0.682475   0.15026
0.0853625 -0.683033  0.150994
0.0850844 -0.683118  0.150743
0.0851564 -0.683874  0.151464
0.0849315 -0.683993  0.150974
0.0848649 -0.684633   0.15164
0.0847834 -0.685303  0.152022
0.0845792  -0.68545  0.151565
0.0845968 -0.686173  0.152169
0.0843545 -0.686086  0.151883
 0.084239 -0.686483  0.152848
0.0839476 -0.686539  0.153631
0.0837382 -0.686353   0.15367
0.0835048 -0.685985  0.155159
0.0831956 -0.684764  0.155663
0.0826225 -0.684114  0.157292
0.0822481 -0.682546  0.159186
0.0819331 -0.682025  0.160147
0.0815093 -0.680964  0.162714
0.0811685 -0.680401  0.164035
0.0805691 -0.678897  0.166791
0.0791864 -0.677906  0.167857
0.0748353 -0.678189  0.158085
 0.070129 -0.677746  0.150033
0.0661722 -0.678042  0.141362
0.0619356 -0.677583  0.134243
0.0581938 -0.677021    0.1278
0.0554588 -0.677171  0.120602
 0.052621 -0.676002  0.114898
0.0499807 -0.677024  0.108934
 0.048527 -0.680829  0.102509
0.0489291 -0.683907  0.097169
0.0517292 -0.687516 0.0912102
 0.054809 -0.689882 0.0864992
0.0592664 -0.692985 0.0815445
 0.063815 -0.695779 0.0762991
0.0694136 -0.697953 0.0714577
0.0745554 -0.700147 0.0664903
0.0791628 -0.702069 0.0622837
0.0850202  -0.70397 0.0572433
0.0909664 -0.705606 0.0521858
0.0968446 -0.707514 0.0468946
 0.103041 -0.709606 0.0415139
 0.107547 -0.711385 0.0364291
 0.113194 -0.713688  0.030002
 0.119356 -0.716261  0.024854
 0.124351 -0.718872 0.0184619
 0.130417 -0.721625   0.01358
  0.132983  -0.724254 0.00854101
  0.136294  -0.727623 0.00282611
   0.142223   -0.730274 -0.00184689
   0.143286   -0.733307 -0.00617224
  0.148471  -0.736719 -0.0103002
  0.123501  -0.736527 0.00531644
0.0623666 -0.733032 0.0394182
0.0295848 -0.732521 0.0564286
 -0.02371  -0.73012 0.0865963
-0.0525665   -0.72936   0.102638
 -0.10951 -0.725895  0.136588
-0.164659  -0.72232    0.1699
-0.187196 -0.722556  0.182207
-0.235042 -0.720351   0.21076
-0.252451 -0.720036   0.22233
-0.288403 -0.718051  0.246304
-0.323125 -0.715261  0.271869
  -0.3361 -0.714021  0.283217
-0.365722 -0.709969  0.308397
 -0.37509 -0.708023  0.319383
-0.395905 -0.703914  0.340062
-0.402577 -0.702434   0.35029
-0.420818 -0.700353  0.372796
-0.435289 -0.697866  0.394413
-0.439381 -0.697807  0.405594
-0.414486 -0.696334  0.425244
-0.360282 -0.696293  0.439975
-0.279701 -0.694718  0.465479
-0.196132 -0.691786  0.491099
-0.145348 -0.691239  0.504943
-0.0776925  -0.690124   0.512034
-0.0387904  -0.690402   0.512792
0.0292799 -0.683761  0.515644
0.0742255 -0.669617   0.52628
0.0862571 -0.657199  0.534738
 0.108622 -0.646158  0.535875
 0.120645 -0.638168  0.524546
 0.119816 -0.630394  0.510708
 0.132211 -0.625635  0.487592
 0.135247 -0.620562  0.469407
0.153238 -0.61864 0.442345
 0.160422 -0.614979  0.423729
 0.183191 -0.614588  0.394708
 0.210093 -0.615142  0.365297
 0.218994 -0.611432  0.350772
 0.245968 -0.610843  0.326841
 0.275388 -0.610354  0.304011
 0.283753 -0.606072  0.294102
 0.313288 -0.605043  0.274803
0.320113 -0.60079  0.26705
 0.346203 -0.599195  0.250725
 0.372407 -0.597566  0.235623
 0.377336 -0.594004  0.228589
 0.401999 -0.593304  0.214214
 0.403914 -0.589701  0.205563
 0.423695 -0.589158    0.1875
 0.423763 -0.586022  0.178868
 0.441665 -0.586016  0.162115
 0.457096 -0.585825  0.146469
 0.455067 -0.583455  0.139037
 0.467175 -0.583153  0.124827
 0.476446 -0.583236  0.111846
 0.471201 -0.580344  0.105919
 0.453425 -0.580867  0.102335
 0.434142 -0.579722  0.101423
 0.416376 -0.580855 0.0986055
0.399166 -0.58015 0.097932
 0.384287 -0.580734 0.0957789
 0.369566 -0.582584 0.0945897
 0.355804 -0.580962 0.0938386
  0.34343 -0.581294 0.0923817
 0.331048 -0.580077  0.091648
 0.319905  -0.58126 0.0908417
 0.309391 -0.582409 0.0906812
  0.29852 -0.579789 0.0899178
 0.289045 -0.580831 0.0894486
 0.279004 -0.578453 0.0887932
 0.269962 -0.577956 0.0893944
 0.261761 -0.579245  0.090417
  0.25295 -0.577187 0.0897969
 0.245111 -0.576693 0.0904442
 0.237538 -0.576655 0.0896951
 0.230432 -0.576579 0.0912102
 0.223719 -0.576936 0.0931486
 0.216512 -0.574804 0.0925402
 0.210066   -0.5749 0.0939341
 0.203994 -0.576134 0.0922454
 0.199035 -0.576017 0.0927223
 0.194377 -0.576004  0.093654
 0.189461 -0.574985 0.0916104
 0.185366 -0.574896 0.0919977
 0.181468  -0.57502 0.0932146
 0.177261 -0.574195  0.091334
 0.173835 -0.574464 0.0931011
 0.170028 -0.573769  0.091291
  0.16705 -0.573934  0.092321
 0.164201 -0.574266 0.0942921
 0.160977 -0.573709 0.0925773
 0.158505 -0.574173 0.0950003
 0.156236 -0.574449 0.0964564
 0.153484  -0.57403 0.0947605
 0.151473 -0.574932 0.0966483
 0.148995 -0.575016 0.0944601
 0.147323 -0.575765 0.0956821
  0.14509 -0.575888 0.0936283
 0.143536 -0.577042 0.0956845
 0.142067 -0.578316 0.0981678
 0.140162 -0.578431 0.0962864
 0.138885 -0.579711 0.0992197
 0.137144 -0.579827 0.0974364
 0.136166 -0.580782 0.0993798
 0.135166 -0.581916  0.102363
 0.133729 -0.582088  0.100522
 0.132822 -0.584419   0.10384
 0.131544 -0.584603  0.101891
 0.131026 -0.585494  0.104012
 0.130502 -0.586675  0.107017
 0.129467 -0.586938  0.104924
 0.128665 -0.591584  0.108479
 0.126754 -0.596435  0.106537
 0.126369 -0.605185  0.108595
 0.126125 -0.608778  0.106227
 0.125882 -0.618654  0.109303
 0.121977 -0.629441  0.113751
 0.119229 -0.633729  0.112181
 0.108955 -0.642534  0.117509
 0.106749 -0.646235   0.11592
 0.096497 -0.655862  0.122437
0.0870158 -0.706257  0.133435
0.0859281 -0.728538  0.136444
0.0780053 -0.771094  0.157322
0.0779798   -0.7907  0.164579
 0.070608 -0.835283  0.187217
0.0640269 -0.879506  0.209766
0.0646873  -0.89647  0.215964
0.0588388 -0.934722  0.234709
0.0600381 -0.948895  0.239737
0.0547551 -0.987624  0.259506
0.050132 -1.02452  0.27856
0.0518135  -1.03589   0.28264
0.0475108  -1.06726  0.298254
0.0434532    -1.099  0.314544
0.0450601  -1.10984  0.317937
0.0416742  -1.14017  0.333688
0.0440951  -1.14788  0.336123
0.0412114  -1.17398  0.349066
0.0394477  -1.19904  0.362512
0.0426303  -1.20396  0.364177
0.0416886  -1.22618  0.376649
0.0455938  -1.22869  0.377378
0.045312 -1.24637  0.38704
0.0462814  -1.26236  0.396883
0.0508471  -1.26232  0.396558
0.0524262  -1.27447  0.403831
0.0549546  -1.28449  0.411098
0.060203 -1.28173 0.409463
0.0636796  -1.28806  0.415418
0.0693408  -1.28352  0.412875
0.0737905  -1.28628  0.417331
0.0796306  -1.28043  0.414117
0.0837649  -1.28148  0.416314
0.0894537  -1.27848  0.418482
0.0951625  -1.27153  0.414463
0.101208 -1.26571 0.415538
0.107152 -1.25713 0.410872
0.112387 -1.25829 0.411281
0.119136 -1.26493 0.413256
0.124911 -1.26455 0.409402
0.132307 -1.26586 0.409964
0.138205 -1.25824 0.404248
0.144708 -1.24859 0.403115
 0.15482  -1.2316 0.399542
0.162754 -1.20828 0.409285
0.135383 -1.18209 0.419571
0.117232 -1.16161 0.420843
0.0917377  -1.13033  0.428764
0.0765574  -1.11003  0.428097
0.0567367  -1.08295   0.43248
0.0359542  -1.05341  0.437878
0.0233773  -1.03777  0.437281
0.00703003   -1.01425   0.440694
-0.00997731   -0.992123    0.445051
-0.0191556  -0.984216   0.444791
-0.0342089  -0.965997   0.449666
-0.0421346  -0.959585   0.449639
-0.0533639  -0.943408    0.45234
-0.0654951  -0.926247   0.456605
-0.0692023  -0.917434   0.458251
-0.0678625  -0.897589   0.466772
-0.0666585  -0.875661   0.476695
-0.0638831  -0.864875   0.480969
-0.0620271  -0.842183   0.490101
-0.0590544  -0.832224   0.493927
-0.054851 -0.822542  0.501956
-0.0507874    -0.8126   0.511778
-0.0466769  -0.813258    0.51719
-0.0424748  -0.802768   0.526395
-0.0388508  -0.800214   0.530645
-0.0344528  -0.787802   0.535445
-0.0313149  -0.782113   0.538771
-0.0387205  -0.770512   0.554465
-0.0476804  -0.758904   0.570618
-0.0564058  -0.755623   0.582491
-0.0624738  -0.740146   0.594759
-0.0643604  -0.728759   0.601731
-0.0624228  -0.707827    0.60437
-0.0583557  -0.686306   0.604747
-0.0560913  -0.677414   0.604191
-0.0501984  -0.658576   0.600153
-0.0479811  -0.651109   0.599982
-0.0411511  -0.632915   0.596182
-0.00767501   -0.613441    0.593784
0.0249169 -0.604917  0.596142
0.0905578  -0.58485  0.596176
 0.121449 -0.579161   0.59807
 0.176406 -0.564916   0.59358
 0.230502 -0.551442  0.596157
 0.249568 -0.551446  0.595016
 0.296555 -0.544777  0.587861
 0.308716 -0.547957  0.582171
  0.34517 -0.545417  0.569854
 0.379147 -0.549469  0.552666
 0.386012 -0.560907  0.544748
 0.413783 -0.568955  0.528034
 0.417261 -0.581231  0.520475
 0.441978 -0.593262  0.502082
 0.464699 -0.607943   0.48358
 0.465991 -0.619589  0.476855
 0.484772 -0.631672  0.460967
 0.484388 -0.642696  0.455343
   0.5016 -0.657988  0.439712
  0.51692 -0.674248  0.424399
0.514818 -0.68535 0.418823
 0.527449 -0.699876  0.405764
 0.538295 -0.717327  0.392039
 0.534213 -0.728591  0.386761
0.542926 -0.74442 0.374787
 0.53731 -0.75567 0.369867
 0.543291 -0.774237  0.357591
 0.546849 -0.793688  0.345648
 0.539576 -0.804505  0.340726
0.540499 -0.82387 0.329793
 0.532203 -0.833799  0.325672
 0.532024 -0.850181  0.316992
 0.529063 -0.868253  0.307923
 0.519963 -0.877012  0.304077
 0.515235 -0.894224  0.295923
 0.505585 -0.901853  0.292484
0.500588 -0.91612 0.286236
 0.493182 -0.931134  0.279696
  0.48316 -0.937603  0.276401
 0.474176 -0.951718  0.270437
0.464063 -0.95714 0.267527
 0.455575 -0.968776  0.263277
 0.444581 -0.980947  0.258756
 0.434581 -0.985293  0.256137
 0.422987 -0.996011  0.252282
 0.413173 -0.999971  0.250017
0.402703 -1.00871 0.247711
0.390084 -1.01835 0.245347
0.380824 -1.02065  0.24347
0.368807 -1.03098 0.240402
 0.35897  -1.0385 0.237567
0.345222 -1.05065 0.234924
0.331005 -1.06334 0.232191
0.322161 -1.06817 0.230044
0.308584 -1.07855 0.228453
0.301093 -1.08152 0.227495
0.289748 -1.08846 0.227827
0.278085 -1.09402 0.228391
 0.27195 -1.09433 0.228117
0.261096 -1.09797 0.229323
0.256009 -1.09779 0.229293
0.246933 -1.09971 0.230986
0.237809 -1.10095 0.232514
0.233559 -1.10036 0.232363
0.225265 -1.10029 0.233748
0.221909 -1.09941 0.233601
0.214841 -1.09911 0.235221
0.208042 -1.09824 0.236512
0.205437 -1.09637 0.236407
0.199887 -1.09499 0.237643
  0.1943 -1.09247 0.238924
0.192595 -1.08996 0.238832
0.188099 -1.08586 0.239586
0.187095 -1.08297  0.23943
0.183722 -1.07872 0.239977
0.180591 -1.07344 0.240312
 0.18008 -1.07043 0.239848
0.177939 -1.06454 0.239309
   0.178 -1.06156 0.238574
0.176704 -1.05608  0.23773
0.175818 -1.04983 0.236433
0.176214  -1.0471 0.235328
0.176255 -1.04063 0.233054
0.177073 -1.03816 0.231703
0.177168 -1.03222 0.228814
0.178194 -1.03002 0.227249
0.179689 -1.02381 0.224504
0.181523 -1.01753 0.220703
0.182462 -1.01574 0.218808
0.183343 -1.01344  0.21338
0.184464 -1.01359 0.207449
0.184362 -1.01833 0.203767
0.185778 -1.02001 0.196264
0.186206 -1.02393 0.192955
0.187861 -1.02453 0.186161
 0.19095 -1.02552 0.179786
0.191934 -1.02783 0.177036
0.195756 -1.02764 0.170091
0.197165 -1.02929 0.167561
 0.20112 -1.02836 0.161627
0.205992 -1.02737 0.154629
0.207321 -1.02921 0.151682
0.212525 -1.02867 0.143866
0.217432 -1.02846  0.13701
0.218518 -1.03098 0.133689
0.223831 -1.03142 0.125409
0.224689 -1.03436 0.122059
0.229702 -1.03471 0.114421
0.234596  -1.0359 0.105961
0.235008 -1.03888 0.102492
 0.239852  -1.04015 0.0932904
 0.239945  -1.04308 0.0898776
 0.244292   -1.0439 0.0819178
 0.248779  -1.04498 0.0727751
  0.24843  -1.04776 0.0691735
 0.252676  -1.04829 0.0607798
 0.252016  -1.05107 0.0571591
 0.255609  -1.05231 0.0477557
 0.259132  -1.05369 0.0377131
 0.257922  -1.05655 0.0337136
 0.261101  -1.05778 0.0249701
 0.264131  -1.05928 0.0150084
 0.262587  -1.06226 0.0111393
    0.26523    -1.06403 0.000869239
   0.263423    -1.06707 -0.00285209
  0.265831   -1.06859 -0.0116066
  0.267903   -1.07048 -0.0214505
  0.265533   -1.07347 -0.0252062
 0.266864  -1.07436 -0.034311
  0.266767   -1.07862 -0.0442264
  0.262572   -1.08662 -0.0487045
 0.261336  -1.09391 -0.059292
  0.256943   -1.10128 -0.0624736
   0.25581   -1.10777 -0.0697598
   0.25388   -1.11489 -0.0768109
  0.249562   -1.11997 -0.0772781
  0.248389   -1.12438 -0.0815155
  0.244134   -1.12809 -0.0804737
  0.241787   -1.13274 -0.0839194
  0.239177    -1.1368 -0.0868772
  0.234672   -1.14005 -0.0861143
 0.232765  -1.14315 -0.088811
  0.229661   -1.14719 -0.0917219
   0.22512   -1.15056 -0.0913949
  0.221645   -1.15479 -0.0951384
  0.217025   -1.15834 -0.0951492
   0.21416   -1.16235 -0.0987258
 0.210625  -1.16666 -0.102989
0.206008 -1.17004  -0.1035
 0.203252  -1.17339 -0.107622
 0.199414  -1.17743 -0.112108
 0.194885  -1.18029 -0.112858
 0.190856   -1.1837 -0.117951
 0.186425  -1.18611 -0.118794
 0.183491  -1.18834 -0.123503
0.179589 -1.19098 -0.12863
 0.175321  -1.19291 -0.129879
 0.171362  -1.19492 -0.135616
 0.167241  -1.19658 -0.136927
 0.164238  -1.19818 -0.141959
  0.16076  -1.19947 -0.147685
 0.156837  -1.20085 -0.149181
 0.154329  -1.20147 -0.154363
 0.150942  -1.20247 -0.159948
 0.147228  -1.20354 -0.161435
 0.143825  -1.20393 -0.167346
 0.140237  -1.20479 -0.168752
 0.137612    -1.205 -0.173732
 0.134608  -1.20471 -0.179327
 0.129801  -1.20844 -0.182148
 0.125343  -1.21365 -0.189001
 0.121332  -1.21954 -0.195315
 0.116849  -1.22519 -0.197347
 0.112535  -1.23126 -0.203502
 0.108649  -1.23524 -0.204314
 0.105828  -1.23859 -0.208464
  0.10237  -1.24202 -0.212183
0.0991839  -1.24398  -0.21192
0.0961108  -1.24568  -0.21518
0.0932799  -1.24685 -0.214781
0.0914875  -1.24733 -0.217616
0.0891451  -1.24811 -0.220588
0.0865432  -1.24913 -0.220657
0.0842956  -1.24947 -0.224175
 0.081779  -1.25062 -0.224519
0.0802817  -1.25122 -0.227809
0.0785342  -1.25142 -0.231529
0.0760472  -1.25234 -0.231671
0.0749511  -1.25192  -0.23485
0.0725019   -1.2526 -0.234838
0.0708277  -1.25233 -0.238214
0.0691188   -1.2513 -0.241823
0.0667091  -1.25146 -0.241995
0.0657557  -1.24971 -0.245373
0.0641626  -1.24809 -0.249029
0.0618429  -1.24783 -0.249299
0.0602437   -1.2453 -0.253331
0.0578604  -1.24492 -0.253713
0.0567851  -1.24268 -0.257336
 0.055412  -1.23964 -0.261395
0.0530904  -1.23916 -0.261806
0.0523063  -1.23599 -0.265506
0.0499323  -1.23558 -0.265897
0.0485091  -1.23265 -0.269858
0.0469798  -1.22912 -0.274028
0.0445875  -1.22864 -0.274404
 0.043028  -1.22482 -0.278622
0.0406451  -1.22442 -0.278916
0.0395691  -1.22127 -0.282521
0.0365914  -1.22083 -0.287461
0.0324178  -1.22676 -0.288164
0.0297644  -1.22919  -0.29213
  0.02578  -1.23462 -0.292535
 0.022347  -1.23815 -0.296665
0.0189574  -1.24142 -0.300576
0.0158578  -1.24479 -0.300303
0.0141082  -1.24552 -0.303102
 0.011651  -1.24741 -0.302414
0.00976623    -1.2481  -0.305066
0.00821808   -1.24751  -0.307622
0.00607619   -1.24873  -0.306888
0.00538369   -1.24746  -0.309083
0.00326138   -1.24873  -0.308391
0.00219407   -1.24817  -0.310689
0.0010874  -1.24719 -0.313099
-0.00102809    -1.24853   -0.312319
-0.00213437    -1.24755   -0.314626
-0.00438182    -1.24905   -0.313693
-0.00521291    -1.24853    -0.31541
-0.00626187    -1.24743   -0.317231
-0.00839769    -1.24854   -0.316015
-0.0090272   -1.24677  -0.317413
-0.0101946   -1.24551  -0.318828
-0.012369  -1.24615 -0.317473
-0.0135996   -1.24382  -0.318941
-0.0159336   -1.24424  -0.317612
-0.0167694    -1.2414  -0.318834
-0.0191317   -1.24167  -0.317512
-0.020442  -1.23929 -0.318806
-0.0218887   -1.23616  -0.320223
-0.0241581   -1.23633   -0.31879
-0.0252095   -1.23306  -0.319875
-0.0268026   -1.23044  -0.321057
 -0.02921  -1.23062 -0.319208
-0.0315457   -1.22694  -0.317789
-0.0346752   -1.22693  -0.313832
-0.0364531   -1.22319   -0.31239
-0.0387734   -1.22309  -0.308349
-0.039872   -1.2198 -0.306566
-0.0422639   -1.21934  -0.305062
-0.0453283   -1.22574  -0.300231
-0.0468832   -1.22822  -0.297515
-0.0492449   -1.23404  -0.292416
-0.0503071   -1.23785  -0.288907
-0.0507302    -1.2413  -0.284766
-0.0513422   -1.24495  -0.279231
-0.0505454   -1.24549  -0.275198
-0.0489181   -1.24707  -0.269955
-0.0487347   -1.24895  -0.264598
-0.046681  -1.24874 -0.259504
-0.0467733   -1.25042  -0.254656
-0.0452672   -1.25056  -0.250532
-0.0437778   -1.25024  -0.246235
-0.0443217   -1.25232  -0.242065
-0.0433757   -1.25213  -0.238714
-0.0445727   -1.25469  -0.234999
-0.0441712   -1.25578  -0.231402
-0.0442314    -1.2565  -0.228092
-0.0455186   -1.25901  -0.224674
-0.0458533   -1.25919  -0.222087
-0.0463921   -1.26018  -0.218876
-0.0464886    -1.2618  -0.214502
-0.046414  -1.26141 -0.210866
-0.0469878   -1.26282  -0.206944
-0.0474618   -1.26261  -0.203927
-0.0485603   -1.26164  -0.201201
-0.0499345   -1.26289  -0.198029
-0.0515148   -1.26147  -0.196047
-0.0534864   -1.26272  -0.193306
-0.055948  -1.26209 -0.191432
-0.0589977   -1.26064  -0.190057
-0.0612718   -1.26192  -0.187693
-0.0648207   -1.26021  -0.186775
-0.0674343   -1.26154  -0.184685
-0.0708351    -1.2606   -0.18379
-0.0748547   -1.25887  -0.183401
-0.0674828   -1.18379  -0.200489
-0.0685989   -1.16541  -0.214607
-0.0613027   -1.23078  -0.216082
-0.0155449   -1.50457  -0.136284
0.0110465  -1.57676 -0.147046
0.0508465  -1.77805 -0.116685
0.0565643  -1.84457 -0.103064
 0.0836733   -1.96126 -0.0730252
 0.100724  -1.94743 -0.075549
  0.132669    -1.9105 -0.0819222
 0.152676  -1.76653 -0.112066
 0.188891  -1.58236 -0.155269
 0.221596  -1.32321 -0.217479
 0.215278  -1.14469 -0.243027
  0.22428 -0.867552  -0.26572
 0.215091 -0.786262 -0.264321
 0.204411 -0.692711 -0.264764
  0.17869 -0.651171  -0.27655
 0.147596 -0.582877 -0.298245
 0.103587 -0.497885 -0.336408
 0.068478 -0.464468 -0.363692
 0.020767 -0.378146 -0.413098
-0.00906037   -0.351069   -0.436919
-0.043147 -0.282834 -0.472961
-0.0761652  -0.211262  -0.509113
-0.0909225  -0.191549  -0.517438
-0.109654  -0.13465 -0.535857
-0.116768 -0.121535  -0.53615
 -0.131718 -0.0662589   -0.55084
 -0.143181 -0.0137175  -0.561359
 -0.157086 -0.0429717  -0.196574
  -0.149096 -0.00573973   -0.213348
-0.0618327 -0.0265686  -0.197254
-0.0555481   0.034089    -0.1746
-0.0458487  0.0891472  -0.156353
-0.0254163   0.113953  -0.137528
 0.0419718   0.162691 -0.0895762
0.0791693 0.0762631   1.12888
0.112268 0.112744   1.1456
0.132701 0.112504  1.14396
0.108701 0.144363  1.15355
0.0851373  0.151281   1.14397
0.0371417  0.119465   1.16527
0.000841076   0.0176022     1.13252
-0.0540497 -0.0579639    1.09779
-0.122978 -0.183526   1.05654
-0.162215 -0.308977   1.01168
-0.242962 -0.456549  0.940802
-0.287338  -0.55453  0.906021
-0.363566 -0.651477   0.88347
-0.400246 -0.710414  0.877103
-0.471829 -0.789707  0.855579
-0.531409 -0.844281  0.833529
-0.549571 -0.868747  0.822338
-0.566273 -0.891318  0.783405
-0.555645  -0.89534  0.755273
-0.565974 -0.898914  0.713497
-0.573671 -0.885993   0.67565
-0.552639 -0.872684  0.651839
-0.531982  -0.84478  0.624753
 -0.50945 -0.825146   0.60519
 -0.49026 -0.798533  0.580717
-0.469614 -0.775743  0.560873
-0.451327  -0.73763  0.535376
-0.434392 -0.694618  0.509331
-0.415705 -0.669255  0.489146
-0.400535 -0.636302  0.463717
-0.383633 -0.613628  0.442497
-0.369929 -0.572836    0.4149
-0.356473 -0.530477  0.385582
-0.342378 -0.508382  0.364669
-0.330483 -0.478647  0.336591
-0.317947 -0.460924   0.31499
-0.308005 -0.424822   0.28457
-0.298173 -0.387786  0.252581
-0.287381 -0.372003  0.231848
-0.279842 -0.335923  0.199213
-0.270258 -0.324569  0.178564
-0.263824 -0.300343  0.149088
-0.257955 -0.272059  0.116803
-0.248779  -0.26349 0.0971127
-0.243981 -0.233604 0.0645512
-0.236894  -0.23384 0.0449918
-0.233628 -0.216332 0.0105792
-0.227984 -0.223077 -0.010707
 -0.225955  -0.214789 -0.0428489
 -0.220973  -0.221566 -0.0629855
 -0.219276  -0.217492 -0.0964586
-0.217709 -0.213245 -0.128671
-0.213398 -0.218442 -0.145592
-0.211913 -0.215049 -0.171365
 -0.20729 -0.220093 -0.187384
-0.175672 -0.217146 -0.229964
-0.148687 -0.216222 -0.270944
-0.139487 -0.224392 -0.288569
-0.114428 -0.219738 -0.326649
-0.106301 -0.227026   -0.3419
-0.0849583  -0.221014  -0.371463
-0.0603735   -0.20977  -0.402603
-0.0518829  -0.213395  -0.413931
-0.0253597  -0.199758  -0.442217
-0.0241304  -0.202041  -0.453862
-0.0171944  -0.185146  -0.480346
-0.0156593  -0.184868  -0.486135
-0.00604654   -0.163268   -0.507934
0.0100215 -0.136815 -0.533851
0.0214163 -0.133866 -0.545131
0.0456293 -0.104858 -0.576696
0.0544633 -0.101759 -0.585945
  0.071317 -0.0744514   -0.60876
 0.0820494 -0.0503582  -0.630507
 0.0807864 -0.0522279  -0.632126
 0.0865895 -0.0291251  -0.648157
 0.0830464 -0.0332929  -0.646933
 0.0861186 -0.0134426  -0.658421
 0.0865353 0.00540266  -0.669718
  0.0682423 0.000542432   -0.668533
0.0434935 0.0195033 -0.679851
0.0238525 0.0128867  -0.67788
0.00247663  0.0291488  -0.686037
-0.0227452  0.0433853  -0.693268
-0.0397076  0.0351732  -0.688735
-0.0548519   0.104454   -0.69051
-0.0690037   0.143576  -0.698153
-0.0854338   0.153043  -0.699309
-0.097456  0.135975 -0.690671
-0.113872  0.161128  -0.69005
-0.131923  0.166613 -0.686924
-0.142975  0.147601 -0.677146
-0.161195  0.146686 -0.671906
 -0.17135  0.124575 -0.660962
-0.185834   0.12177 -0.652477
-0.202175   0.11531 -0.642665
-0.210884 0.0933269 -0.630234
-0.227136 0.0851544 -0.619656
-0.234813 0.0622989 -0.606865
-0.248249 0.0551995 -0.596371
-0.262849  0.042585 -0.584265
-0.269393 0.0198743 -0.571535
 -0.283513 0.00698677  -0.559158
-0.288889 -0.016229 -0.546224
 -0.300358 -0.0272299  -0.534237
 -0.312523 -0.0441466  -0.520788
 -0.316666 -0.0669603  -0.508014
 -0.327957 -0.0831545  -0.494532
-0.330921 -0.106178 -0.481702
-0.339916 -0.120316 -0.468782
-0.341977 -0.143057 -0.456121
 -0.35068 -0.161388 -0.442268
-0.358651 -0.179812 -0.428455
-0.359578 -0.201947 -0.416083
-0.365626 -0.218031 -0.403045
-0.371162 -0.238228 -0.389233
-0.370745 -0.259732 -0.377255
-0.375174 -0.279346 -0.363827
-0.373836 -0.300522 -0.352123
-0.376877 -0.317611 -0.339558
-0.374903 -0.338146 -0.328234
-0.377019 -0.358473 -0.315302
-0.378354   -0.3782 -0.302788
-0.375612 -0.397687 -0.292042
-0.376078 -0.414819 -0.280477
-0.375688 -0.435029 -0.268566
-0.372188 -0.453721 -0.258517
-0.370991 -0.473197 -0.247352
 -0.36701 -0.491513 -0.237687
-0.365398 -0.508511 -0.227445
-0.360924 -0.525283  -0.21838
-0.358107 -0.542937 -0.208665
-0.354653 -0.558599 -0.199776
-0.350121 -0.574586 -0.191378
-0.346091 -0.588676 -0.183348
-0.341444 -0.603944 -0.175448
-0.337626 -0.617766 -0.167631
-0.332294 -0.630361 -0.160686
-0.327607 -0.644302 -0.153556
-0.322465 -0.656074 -0.147407
-0.317117 -0.668784 -0.140799
-0.312312 -0.680735 -0.134661
-0.306177 -0.691025  -0.12951
-0.301522 -0.702979 -0.123603
-0.295714 -0.712165  -0.11931
-0.291151 -0.723498 -0.113844
-0.285851 -0.731745 -0.109778
 -0.28003 -0.740991 -0.106062
-0.275655 -0.750937 -0.101315
 -0.269839  -0.757881 -0.0987192
 -0.265705  -0.767423 -0.0943397
 -0.260512  -0.773632 -0.0916267
 -0.256595  -0.782358 -0.0875646
 -0.251181  -0.788013 -0.0856215
 -0.246357  -0.792063 -0.0844083
 -0.242698  -0.799389 -0.0810272
 -0.237474  -0.801079 -0.0805636
 -0.234038  -0.808078 -0.0773096
-0.229476 -0.811625 -0.075791
-0.225479 -0.813236 -0.075337
 -0.222354  -0.819135 -0.0725555
 -0.217861  -0.818195 -0.0728521
-0.214752 -0.823715 -0.070296
  -0.21123  -0.824121 -0.0701332
-0.206772 -0.823125  -0.07052
 -0.203806  -0.827543 -0.0685101
 -0.199619  -0.823552 -0.0697283
 -0.196776  -0.827201 -0.0679913
 -0.193537  -0.824619 -0.0687006
 -0.190886  -0.827899 -0.0672101
 -0.187064  -0.823296 -0.0687337
 -0.183212  -0.816626 -0.0708311
  -0.18098  -0.819248 -0.0698005
 -0.177817  -0.814353 -0.0709908
 -0.175897  -0.817291 -0.0697533
 -0.173381  -0.811624 -0.0713883
 -0.170632  -0.803476 -0.0734637
 -0.169081   -0.80583 -0.0725536
 -0.166507  -0.796455 -0.0747991
 -0.165373  -0.799131 -0.0731509
  -0.16396   -0.79348 -0.0732409
 -0.162865  -0.784804 -0.0740112
 -0.161992  -0.787046 -0.0725067
 -0.161418  -0.777391 -0.0732623
-0.160324 -0.779655 -0.071633
 -0.159391  -0.771195 -0.0719413
 -0.158658  -0.762245 -0.0719634
 -0.157636  -0.764026 -0.0705905
-0.157206 -0.752818 -0.071018
 -0.156308  -0.755226 -0.0696321
 -0.156259  -0.746731 -0.0696815
 -0.155622  -0.749482 -0.0684368
 -0.155997  -0.740098 -0.0685613
   -0.1568  -0.729486 -0.0688933
-0.156582 -0.732309 -0.068036
 -0.157847  -0.724695 -0.0680375
 -0.157773  -0.728642 -0.0670958
  -0.15955  -0.720423 -0.0671019
-0.161714  -0.71123 -0.067249
 -0.161823  -0.715252 -0.0665965
 -0.163699  -0.708289 -0.0665425
 -0.163735  -0.713371 -0.0657598
-0.166355 -0.706619 -0.065479
 -0.169252  -0.698951 -0.0653116
 -0.169301  -0.704045 -0.0647713
 -0.171545  -0.698379 -0.0644486
 -0.171212  -0.703582 -0.0640259
-0.174126 -0.696692 -0.063906
 -0.176445  -0.688225 -0.0640207
 -0.176171  -0.692765 -0.0640567
 -0.178392  -0.683868 -0.0644073
  -0.17737  -0.689134 -0.0643532
 -0.179704  -0.684789 -0.0639584
 -0.181638  -0.678202 -0.0639544
 -0.180917  -0.684187 -0.0639655
 -0.180206  -0.680525 -0.0645409
 -0.176108  -0.688219 -0.0654506
 -0.172879  -0.684978 -0.0665419
  -0.16969  -0.680929 -0.0677428
  -0.16739  -0.688316 -0.0682592
 -0.164344  -0.684306 -0.0693839
 -0.162218  -0.692529 -0.0697374
 -0.159413  -0.692194 -0.0702392
 -0.156635  -0.690271 -0.0709868
 -0.154726  -0.698461 -0.0714328
  -0.15205  -0.696205 -0.0721729
  -0.14877  -0.705284 -0.0730218
 -0.146388  -0.706322 -0.0732427
 -0.144013  -0.705724 -0.0737162
 -0.142478  -0.714312 -0.0742176
  -0.14027  -0.715111 -0.0747037
-0.138829 -0.724178 -0.075169
-0.136656 -0.725123 -0.075351
  -0.13449  -0.724931 -0.0757685
 -0.133161  -0.733593 -0.0764312
-0.131041 -0.733025 -0.076904
 -0.129786   -0.74214 -0.0775391
 -0.126252  -0.744878 -0.0781175
 -0.124372  -0.745677 -0.0784667
 -0.123283  -0.754395 -0.0792457
 -0.121514  -0.756328 -0.0796532
-0.120476 -0.765331 -0.080438
 -0.118711   -0.76726 -0.0805776
 -0.116933  -0.767845 -0.0809822
 -0.115946  -0.776237 -0.0819664
 -0.114263  -0.778075 -0.0824141
 -0.113252  -0.785352 -0.0837395
  -0.10991  -0.784693 -0.0851581
 -0.108233  -0.782197 -0.0863828
 -0.107345    -0.7877 -0.0882299
  -0.10561  -0.783917 -0.0898046
 -0.104765   -0.79013 -0.0916279
 -0.103144  -0.790079 -0.0926183
 -0.101489  -0.787924 -0.0941132
  -0.10069    -0.7942 -0.0959681
-0.0974116   -0.79166 -0.0980019
-0.0967343  -0.798468 -0.0997367
-0.0952994    -0.7975  -0.100931
-0.0938578  -0.797418   -0.10175
-0.0931899   -0.80388  -0.103415
-0.0917264  -0.801782  -0.104454
-0.0910648  -0.808533  -0.105964
-0.0879844  -0.808188  -0.107238
-0.0866788  -0.807736  -0.107638
-0.0861046  -0.813972  -0.109076
-0.0847641  -0.811557  -0.109659
-0.0841885  -0.818025  -0.110995
-0.0828953  -0.817226  -0.111356
-0.0798644   -0.81654   -0.11197
-0.0793755  -0.822504  -0.113298
-0.0781509  -0.819694  -0.113543
-0.0776537  -0.825901  -0.114808
-0.0764485  -0.824519  -0.114931
-0.0759166  -0.830642  -0.116089
-0.0729425  -0.829418   -0.11631
-0.0718009  -0.826223  -0.116255
-0.0713034  -0.831635  -0.117646
-0.0701156  -0.829937  -0.117816
-0.0695254  -0.835498  -0.119486
-0.0664998  -0.833128  -0.120212
-0.065259 -0.828928 -0.120801
-0.064676 -0.833742 -0.122706
-0.0634304  -0.831238  -0.123225
-0.062799 -0.836349 -0.125099
-0.0597372  -0.833161  -0.125966
-0.0584864  -0.828258  -0.126461
-0.0577896  -0.830883  -0.128689
-0.0564806  -0.824259  -0.129753
-0.0540138  -0.825518  -0.132859
-0.0527494  -0.818093  -0.133792
-0.0513401  -0.807864  -0.135337
-0.0506199  -0.809231  -0.138248
-0.0476079  -0.801849  -0.140289
-0.0462951  -0.794009   -0.14186
-0.045589  -0.79635 -0.144833
-0.0425924  -0.787021   -0.14709
-0.041986 -0.790318 -0.149736
-0.0392656  -0.784069  -0.151097
-0.0388121   -0.78781  -0.153111
-0.0362193  -0.781313  -0.153736
-0.0357022  -0.773651  -0.153414
-0.0353707  -0.777403  -0.154681
-0.0332821  -0.772176  -0.154125
-0.0330655  -0.776782  -0.154848
-0.0312102  -0.771246   -0.15344
-0.0295932  -0.764333  -0.151832
-0.0295162  -0.768769  -0.152391
-0.0282163  -0.764267  -0.150604
-0.0289633  -0.759878  -0.147713
-0.0288184  -0.764745  -0.148247
-0.0294567  -0.758654  -0.145469
-0.0291614   -0.76404  -0.146066
-0.0296594  -0.759736  -0.143594
-0.0300769  -0.756263  -0.140424
-0.0296128   -0.76141  -0.140988
-0.0297281  -0.755819  -0.137994
-0.026409 -0.761432 -0.139899
-0.0231991  -0.758078  -0.138692
-0.0199778  -0.754615  -0.136813
-0.0155973  -0.760299  -0.139044
 -0.01126 -0.755288  -0.13755
-0.00805815   -0.761018    -0.13966
-0.00526013   -0.757562   -0.138274
-0.00111411   -0.754584   -0.136588
0.00156851  -0.759936  -0.138722
0.00548597  -0.754954  -0.137146
0.00777644  -0.758194   -0.13977
0.00986317  -0.750056  -0.139262
0.0131437 -0.751465  -0.14263
0.0150714 -0.742828 -0.141647
0.0170104 -0.731001 -0.141291
0.0168339 -0.732203 -0.143762
0.0161623 -0.726081 -0.141386
0.0151688 -0.728485 -0.143723
0.0134887  -0.73104 -0.141318
0.0117679 -0.732357 -0.139366
0.0108824 -0.735045 -0.141412
0.00912001  -0.735583  -0.139149
0.00823895  -0.738102  -0.140967
0.00645004  -0.737622  -0.138681
0.00456106   -0.73883  -0.135364
0.00488985  -0.741559  -0.136607
0.00284353  -0.740389  -0.132757
0.00193191  -0.742532  -0.133428
-1.36289e-05    -0.742314    -0.129512
-0.00775568   -0.738721   -0.121059
-0.0171534  -0.740468  -0.116133
-0.0365819  -0.736334  -0.101288
-0.0454921  -0.738073 -0.0967959
-0.0620533  -0.733939 -0.0845431
-0.0684831  -0.736004 -0.0817842
-0.0835293  -0.733771 -0.0695083
-0.0934906  -0.728708 -0.0598176
-0.0971622  -0.731131 -0.0585695
-0.0493646   -0.70772 -0.0952698
-0.0499764  -0.710827 -0.0972295
-0.0143017  -0.690504  -0.128693
0.00839241  -0.672303  -0.175224
0.00183867  -0.679869   -0.17362
0.0226729 -0.660243  -0.19735
0.00556296  -0.675232  -0.186859
0.00746086  -0.666231    -0.1911
-0.0177326  -0.687603  -0.177995
-0.00584754    -0.67814   -0.183801
-0.00109013    -0.68371   -0.189961
-0.0173718   -0.70255  -0.175247
-0.0317173  -0.709078  -0.197795
-0.0446086  -0.724985  -0.173994
-0.0662077  -0.741178  -0.179658
-0.0854556   -0.74708  -0.198852
-0.0930635  -0.758785  -0.177198
-0.108154 -0.760076    -0.201
-0.111505 -0.770638 -0.178308
-0.124089 -0.782986 -0.181024
-0.130832 -0.781611 -0.197506
-0.130235 -0.788708 -0.178258
 -0.13107 -0.779451 -0.196965
 -0.12831  -0.78639 -0.177303
-0.129819 -0.791561 -0.177433
-0.126079 -0.782873 -0.189847
-0.120404 -0.786318 -0.172447
  -0.1177 -0.785633 -0.171215
-0.111261 -0.788137 -0.153322
 -0.10228 -0.773056 -0.166421
 -0.21165 -0.847486  0.100892
-0.193926 -0.842591  0.109959
-0.174942 -0.837025  0.119963
-0.158255 -0.815169  0.130916
-0.122902 -0.784735   0.15853
-0.0977824  -0.756653   0.187397
-0.0655178  -0.728098   0.219779
-0.051778 -0.677646  0.215322
-0.0407635  -0.650887   0.224088
-0.0335088   -0.61132   0.216782
-0.0302275  -0.562872   0.197968
-0.0438394  -0.541816   0.199315
-0.0314179  -0.495203   0.172496
-0.0479484  -0.477165   0.175213
-0.0465516   -0.44511      0.161
-0.0334818  -0.405613   0.138189
-0.0480461  -0.392052   0.142191
-0.109427 -0.406165  0.300535
-0.117249 -0.391239   0.29714
-0.111645 -0.366422  0.294154
-0.0925925  -0.326586   0.290494
-0.0881183  -0.303814   0.289127
-0.0668745  -0.260712   0.288179
-0.0645278  -0.231704   0.287154
-0.0503823  -0.191718    0.28756
-0.0223865  -0.143458   0.282557
-0.0211008  -0.118623   0.281873
0.00822804 -0.0704853   0.277079
0.00662412 -0.0464853   0.276236
  0.023087 -0.0104774   0.274809
0.0469475 0.0347809    0.2694
0.0429404 0.0542471  0.267955
0.0509121 0.0906066  0.259251
0.0449845  0.110071  0.259212
0.0608002  0.150257  0.243579
0.0797217   0.19051  0.226963
0.072363 0.204319 0.227758
0.0810584  0.236577  0.220998
0.0673677  0.251146  0.227598
0.0906898  0.285205   0.21803
0.115826 0.319875 0.210973
0.102508 0.328059 0.214068
0.118941 0.355585 0.215853
0.161376 0.391931 0.222984
0.138831 0.396675 0.224004
0.184638 0.433588   0.2351
0.150739 0.438654 0.234523
0.178972 0.465894 0.241597
0.217376 0.502233  0.24709
0.181891 0.502329 0.244699
 0.22432 0.536225  0.24651
0.177035 0.537494 0.248363
0.199429 0.559551  0.24926
0.233327 0.584811  0.24576
0.188663 0.582398 0.248151
0.228832 0.604125 0.240591
  0.1795 0.602266 0.244889
0.197361  0.61384  0.24019
0.227955 0.627764 0.231993
0.190249 0.621159   0.2295
0.229955 0.631374 0.215774
0.233917 0.591573 0.221407
0.262995 0.558626 0.202305
0.298585 0.569936 0.190365
 0.25373 0.571357 0.185732
0.285077 0.572788 0.171071
0.230966 0.576789 0.173059
0.234075 0.580659 0.166264
0.186345 0.582802 0.167635
0.211101  0.59054 0.153662
0.234788 0.597965 0.140628
0.208774 0.592966 0.130075
0.210321 0.593042 0.125646
0.187365  0.59036 0.119189
  0.1915 0.591204 0.119471
0.188932 0.596411 0.131636
0.160486 0.590985 0.127821
 0.16077 0.592008 0.138955
0.144725 0.587222 0.138809
0.183964 0.587101 0.150222
0.176259 0.616706 0.202192
0.168414 0.610226 0.196224
0.162814 0.620223 0.226025
0.156051 0.606541  0.21784
0.150148 0.619447 0.264398
 0.14367 0.627785 0.320398
0.138124 0.608553 0.305666
0.128961 0.589982 0.330613
0.122108 0.558787 0.304999
0.104184 0.547844 0.366342
0.0868326  0.531959  0.433242
0.0834906  0.503451  0.411913
0.0669911  0.481672    0.4797
0.0652486  0.448396  0.455381
0.0126198  0.407521  0.518609
-0.0539935   0.378612   0.618515
-0.0715307   0.346345   0.604141
-0.131748  0.311471  0.714685
-0.146816  0.282972  0.694371
-0.16345 0.245519 0.770286
-0.181323  0.222142  0.742787
-0.237976  0.232925  0.789216
-0.238325  0.221768  0.762871
-0.234354  0.211928  0.741097
-0.224192  0.192278  0.706046
-0.219048  0.178424  0.683388
-0.191468  0.152055  0.638411
-0.159293   0.12525  0.588842
-0.140035  0.112398  0.566044
-0.112819 0.0887838  0.514476
-0.0994662  0.0815799   0.490937
-0.0810457  0.0652761    0.44464
-0.0639695  0.0485608   0.393208
-0.0551937  0.0450283    0.36949
-0.0415299  0.0327833    0.31659
-0.0348468  0.0311873   0.293806
-0.0228903  0.0217648   0.241016
-0.0168045   0.020701   0.219303
-0.00389502   0.0165324    0.171591
0.0106325 0.0188562  0.118221
0.0166299 0.0181671 0.0981888
0.0327755 0.0240722 0.0435273
0.0380649 0.0227047 0.0253859
 0.0500024  0.0285925 -0.0162657
 0.0609589  0.0333406 -0.0579803
 0.0652557  0.0319686 -0.0736139
0.0756353 0.0402556  -0.11362
0.0794685 0.0386565 -0.128053
0.0898762 0.0422244 -0.162499
 0.100635  0.046563 -0.198718
 0.104152 0.0467109 -0.211707
0.000514538   0.0191757   -0.361028
0.00323212  0.0200316  -0.372227
0.0197674 0.0300222 -0.396949
0.0350141 0.0409499 -0.406028
0.0641555 0.0626491 -0.429666
0.0941742 0.0892981 -0.450479
 0.107667 0.0996566 -0.457467
 0.136147   0.11968 -0.475379
 0.146395  0.124618 -0.482722
 0.175163   0.14405 -0.500201
 0.200687  0.169136 -0.517797
 0.206091  0.182731 -0.523225
 0.227769  0.214346 -0.540416
0.230247 0.224213 -0.54553
 0.248783  0.248224 -0.559939
 0.264873  0.279403 -0.575177
 0.265804  0.286309 -0.579104
 0.279502  0.318534 -0.593613
 0.278257  0.322772 -0.596719
 0.290053  0.347668 -0.608395
 0.299691  0.374744 -0.620303
 0.296932  0.378458 -0.622029
0.304546 0.401922 -0.63139
0.299478  0.40361 -0.63107
 0.303326  0.431585 -0.636987
 0.304991  0.458945 -0.642589
0.298486 0.459831 -0.63975
 0.298098  0.489107 -0.643722
 0.291207  0.487525 -0.639878
0.291148 0.510441 -0.64161
 0.284566  0.507905 -0.637084
 0.283379  0.533157 -0.638019
  0.28003  0.561649 -0.637145
0.273493 0.559417  -0.6316
0.270089 0.581949 -0.62932
 0.262899  0.577864 -0.623312
 0.397932  0.674371 -0.870469
  0.24667   0.62818 -0.607105
 0.239093  0.624303 -0.600205
 0.222902  0.633861 -0.611039
 0.215184  0.629374 -0.603005
 0.207019  0.651921 -0.593841
 0.196626   0.67321 -0.585662
 0.191775  0.670224 -0.574777
 0.179489  0.698768 -0.562216
 0.173694  0.695431 -0.551605
0.162451 0.719653 -0.53734
 0.148451  0.745861 -0.521791
 0.142435  0.742972 -0.510697
0.126079 0.773139 -0.49427
0.119161 0.774949 -0.48282
 0.102919  0.810135 -0.464552
0.0844142  0.839858 -0.444462
0.0775802  0.846016  -0.43115
0.0566049  0.885231  -0.40962
0.0501675  0.888054 -0.397755
0.0309387   0.91962 -0.379815
0.00908433   0.954448  -0.361564
0.00337745   0.953911  -0.351351
-0.0193846   0.989477   -0.33378
-0.0240929   0.986163  -0.324786
-0.0442064     1.0143  -0.309615
-0.0656818    1.04283  -0.294641
-0.0692475    1.03954  -0.286307
-0.091435   1.07132 -0.270861
-0.0939731    1.06717  -0.263097
 -0.11243   1.09105 -0.249679
-0.130894   1.11927 -0.235462
-0.128183     1.115 -0.229633
-0.118441   1.14317 -0.225443
-0.104945   1.13691 -0.224194
-0.100709   1.15456 -0.220733
-0.0968118    1.17598  -0.216093
-0.091355   1.16822 -0.212736
-0.0862742     1.1835  -0.209447
-0.0829338     1.1983  -0.204135
-0.0798325    1.18796   -0.19828
-0.0858834    1.20576  -0.184992
-0.0861896    1.19584  -0.176755
-0.0929398    1.20885  -0.162827
-0.0992819    1.22317  -0.148712
-0.099118   1.21447 -0.140933
-0.105873   1.23117 -0.126892
-0.105868    1.2216 -0.118296
-0.115291   1.23211 -0.101795
 -0.127995    1.24496 -0.0814159
 -0.130404    1.23715 -0.0710871
-0.144267   1.25259 -0.050139
 -0.144886    1.24424 -0.0421146
 -0.153973    1.25302 -0.0270559
-0.154963   1.29832 -0.016669
  -0.146958     1.32786 -0.00938177
  -0.148122     1.34737 -0.00056248
  -0.141709     1.34448 0.000743852
 -0.139964    1.36401 0.00735343
-0.136943   1.36951  0.011386
  -0.1309   1.36156 0.0123294
-0.127218   1.35935 0.0152111
-0.121205   1.34875 0.0156752
-0.117287   1.34449 0.0185695
-0.111152   1.33533  0.019303
-0.106526   1.33066 0.0217614
-0.101046   1.32845 0.0241406
-0.0947452    1.32271  0.0253291
-0.0893775    1.32214  0.0282255
-0.0832209    1.31782  0.0297364
-0.0775123    1.31765  0.0324399
-0.0712098    1.31879   0.034969
-0.0671218    1.31461  0.0379461
-0.0656491    1.31438  0.0448563
-0.0632437    1.30948  0.0497306
-0.0620662    1.30798  0.0566583
-0.060678   1.30713  0.063482
-0.0585334    1.30129  0.0680625
-0.0571564    1.29904  0.0741894
-0.0558967    1.29546  0.0802716
-0.0537716    1.29032  0.0844222
-0.0521501    1.28782  0.0902458
-0.0500683    1.28342  0.0941752
-0.0483009    1.28106  0.0993316
-0.0466385    1.27797    0.10455
-0.0443698    1.27366    0.10876
-0.0419402    1.27164   0.114547
-0.039816   1.26719  0.118769
-0.0376393    1.26319   0.123776
-0.0352725    1.26111   0.129207
-0.0333667    1.25646   0.133313
-0.0311137    1.25323    0.13798
-0.0289382    1.24914   0.143143
-0.0272848    1.24418   0.147129
-0.0264004    1.22045   0.152029
-0.02609  1.20022 0.153483
-0.0233909     1.2023   0.157741
-0.0208285    1.20156   0.162056
-0.0185881     1.2059   0.165872
-0.0151238    1.21436   0.170485
-0.0132314    1.21771   0.174431
-0.00995819      1.2236    0.178013
-0.0069077    1.22822   0.182485
-0.00564696     1.22782    0.186273
-0.00308864     1.22949    0.189664
-0.00238043     1.22642    0.193575
8.95256e-05     1.22605    0.197647
0.00271802     1.2259   0.201713
0.00321345    1.22227   0.205221
0.00565744    1.22116   0.207938
0.00779969    1.22023   0.211746
0.0080576   1.21716  0.215165
0.0107668   1.21933  0.218792
0.0107421   1.21626  0.222398
0.0134357   1.21959  0.224513
0.0159332   1.22265  0.227861
0.0159346   1.22008  0.230917
0.018841  1.22518 0.233917
0.0184629    1.2214  0.237041
0.0491504    1.2253   0.21003
0.0658018   1.22131  0.195152
0.102214  1.22425  0.16244
0.138847  1.22857 0.129504
0.150728  1.22423 0.114204
  0.16458   1.22426 0.0850985
 0.127302   1.21622 0.0568999
0.0975902   1.20553 0.0478686
0.0693863   1.19623 0.0316914
0.0564293   1.18851 0.0355825
 0.047409   1.18343 0.0304664
0.0384268   1.18171 0.0298766
0.0312316   1.17816  0.034544
0.027235   1.1796 0.035884
0.0231351   1.17786 0.0410082
0.0239223   1.18133 0.0408769
0.0265495   1.19033 0.0438955
0.0251029   1.19445 0.0467301
0.0290722   1.20253 0.0475999
0.0276902   1.20574 0.0497716
0.0326933   1.21694 0.0519845
0.0380956   1.22982 0.0547622
0.0366578    1.2324 0.0552727
0.0414917   1.24079 0.0544109
0.0470716   1.23872 0.0409599
0.0630774   1.24378 0.0216141
0.0798694    1.2469 0.0032756
  0.0842871     1.24395 -0.00626073
 0.0936608    1.24868 -0.0128959
  0.111078    1.25282 -0.0128979
   0.119609     1.25271 -0.00493629
  0.140919    1.25897 0.00714576
 0.144855   1.25933 0.0189548
 0.156399   1.26593 0.0298678
 0.162885   1.27115 0.0405043
 0.158805    1.2702 0.0413112
  0.15713   1.27608 0.0412799
 0.148417   1.27337 0.0339504
 0.142749   1.27722 0.0246752
 0.133567   1.27884 0.0111302
  0.124601    1.27474 0.00202178
  0.115118    1.27674 -0.0116494
  0.108247    1.27195 -0.0166333
  0.102624    1.27271 -0.0237584
 0.0969264    1.27423 -0.0288057
 0.0929146    1.27036 -0.0287515
0.0888368   1.27258 -0.030036
 0.0862545    1.26816 -0.0282941
 0.0839666    1.26891 -0.0281663
  0.081079    1.27123 -0.0276014
0.0783718   1.26711 -0.028349
 0.0754109    1.26963 -0.0300365
 0.0726509    1.26516 -0.0324969
 0.0695264    1.26596 -0.0361002
  0.066201    1.26785 -0.0409616
 0.0625774    1.26602 -0.0452186
0.0588388   1.27342 -0.050109
 0.0549099    1.27934 -0.0553884
0.0521126   1.27982 -0.058243
 0.0485114    1.28723 -0.0624906
 0.0467579    1.28574 -0.0636258
 0.0443857    1.29081 -0.0657834
 0.0424483    1.29344 -0.0672214
 0.0414172    1.28998 -0.0680858
 0.0398465    1.29232 -0.0697555
0.0393457   1.28776 -0.070815
 0.0382515    1.28949 -0.0729504
 0.0376322    1.28919 -0.0754645
 0.0372539    1.28474 -0.0778205
 0.0366281    1.28567 -0.0813991
 0.0367671    1.28126 -0.0840526
 0.0364782    1.28123 -0.0870946
0.0361947   1.28226 -0.090674
 0.0365293    1.27802 -0.0934654
 0.0372928    1.27925 -0.0973958
0.0391495    1.2747 -0.100228
0.0412061   1.27431  -0.10366
0.0436921   1.27474  -0.10789
0.0455407   1.26998  -0.11104
0.0479226   1.27043 -0.115131
0.0503869    1.2691 -0.120115
0.0522556    1.2641  -0.12373
0.0550419   1.26354 -0.129525
0.0569361   1.25835 -0.133403
0.0596007   1.25841 -0.138606
0.0622766   1.25601 -0.145115
0.0641318   1.25088 -0.149202
0.0671414   1.24963 -0.156279
0.0689937    1.2444 -0.160443
0.0715332   1.24224 -0.166529
0.0745915   1.24079 -0.173842
0.0763688   1.23561 -0.178032
0.0795328   1.23413 -0.185777
0.0812827   1.22878 -0.189971
0.0838595   1.22602 -0.196534
0.087158  1.22626 -0.20474
0.0913894   1.22518 -0.207581
   0.0987   1.22694 -0.211763
 0.106302   1.22729 -0.217193
 0.111055   1.22476 -0.219377
 0.118589   1.22516 -0.225067
 0.122688   1.22115 -0.227204
 0.128832   1.22052 -0.231588
  0.13489   1.21697 -0.237288
 0.138417   1.21257 -0.239387
 0.144384   1.20944 -0.245222
 0.147507   1.20481 -0.247279
 0.152084   1.20102 -0.251874
 0.157232   1.19736 -0.257402
 0.159849   1.19256 -0.259454
 0.156568   1.18824 -0.261694
 0.149711   1.18301 -0.258844
 0.142536   1.17892 -0.257413
 0.135787   1.17352 -0.256823
 0.129995   1.16817 -0.254295
 0.123917   1.16305 -0.254091
 0.118774   1.15763 -0.251802
 0.113318   1.15323 -0.250827
 0.108218   1.14691 -0.251292
 0.103912   1.14126 -0.249358
0.0993551    1.1353 -0.250193
0.0955297   1.12955 -0.248435
0.0913883   1.12334 -0.248542
0.0875234   1.11722   -0.2497
0.0843209   1.11142 -0.248122
0.0808278   1.10514 -0.249746
0.0779743   1.09938 -0.248224
0.0747301   1.09294 -0.248853
0.0717015   1.08668 -0.250631
0.0693155   1.08096 -0.249126
0.0664494   1.07533 -0.249837
0.0643243   1.06968 -0.248341
0.0618416   1.06285 -0.250429
 0.059422   1.05642 -0.252793
0.0576708   1.05078  -0.25116
0.0551383   1.05681 -0.251722
0.0529235   1.06418 -0.250029
0.0514205   1.06252 -0.247466
0.0491836   1.06066 -0.248137
0.0478603   1.05622 -0.245725
0.0458962   1.05419 -0.246648
0.0439355   1.04912 -0.248495
0.0428964   1.04368 -0.246032
0.0409853   1.03855 -0.246625
0.0392841   1.03225 -0.248721
0.038492  1.02722 -0.24627
0.0368843     1.022 -0.248732
 0.036221   1.01783 -0.246108
0.0346323   1.01347  -0.24685
0.0331711   1.00995 -0.248975
0.0326599   1.00624 -0.245997
0.0311532   1.00335  -0.24643
0.0307127  0.999619 -0.243254
0.0294319  0.995834 -0.245175
 0.028102  0.992282 -0.247326
0.0277864  0.988061 -0.243854
0.0264084  0.984813  -0.24397
0.025163 0.979978 -0.24608
0.0249474  0.975283 -0.242506
0.0237206  0.970758  -0.24485
 0.023565  0.965951 -0.241193
0.0223029  0.961281 -0.241654
0.0211799  0.957009 -0.243676
0.0211132   0.95231   -0.2398
0.0199141  0.948671 -0.240041
0.0198889  0.944142 -0.236025
0.0188939  0.939838 -0.237844
0.0178445   0.93601 -0.239899
0.0178833  0.931546 -0.235523
0.016715 0.928258 -0.23558
0.0167771  0.923816  -0.23114
0.0158214  0.919856 -0.232781
0.0148136  0.916276 -0.234685
0.0149292  0.911782  -0.22997
0.0138834  0.908269 -0.231991
0.0140133  0.903728 -0.227195
0.0128514  0.902989 -0.226811
0.0168058  0.903213 -0.231321
0.0333093  0.903385 -0.234057
0.0586843   0.90631 -0.248971
0.0738796  0.906168 -0.251443
0.0947701  0.908664 -0.262429
 0.107876  0.907506 -0.264186
 0.128999  0.909229 -0.277138
  0.14908  0.910673 -0.289952
 0.159511  0.908611 -0.291049
 0.177287  0.909349 -0.303108
 0.185781  0.906728 -0.303667
 0.199285  0.906552 -0.312109
0.213223  0.90686 -0.32201
 0.219591   0.90423 -0.322178
 0.230253  0.904703 -0.329219
 0.235123  0.902105 -0.328889
 0.245371   0.90204 -0.337035
 0.254568  0.902264 -0.344657
 0.257684  0.899586 -0.343989
 0.263973  0.899855 -0.348869
 0.268115  0.899813 -0.355857
  0.26177   0.89854 -0.359687
 0.256503  0.900226 -0.371244
 0.249942   0.89849 -0.374423
 0.244133  0.900056 -0.382576
 0.238058  0.900195 -0.392267
 0.231727  0.898038 -0.395291
  0.22551  0.898248 -0.404623
0.219288 0.895781 -0.40744
 0.212768  0.895266 -0.413833
 0.206254  0.894969 -0.421988
 0.200314  0.892257 -0.424685
 0.193647  0.891513 -0.432764
 0.187803  0.888553 -0.435378
 0.180753  0.887056 -0.440447
 0.173668  0.885643 -0.447603
 0.168111  0.882407 -0.450058
 0.160905  0.880489 -0.457233
 0.155445  0.877013 -0.459616
 0.148014  0.876684 -0.463991
 0.140761  0.878315 -0.470316
0.135858 0.878723 -0.47235
 0.120572  0.881063 -0.476056
0.0840963  0.884023 -0.479063
0.0218146  0.891223 -0.486619
-0.0422151   0.898623  -0.497805
-0.0738253    0.90021  -0.505532
-0.129529   0.90525 -0.519052
-0.151376  0.903358 -0.520114
-0.193789  0.905139 -0.523599
-0.229584  0.903273 -0.533568
-0.238424  0.897132 -0.540852
-0.267941  0.893368 -0.548239
-0.273244  0.886126 -0.550292
-0.297122  0.880331 -0.545807
-0.319883  0.875141 -0.538036
-0.323336  0.868706 -0.529466
-0.344647  0.861453 -0.511448
-0.346774  0.853578 -0.498974
 -0.36514    0.8464 -0.479116
-0.366155  0.838503 -0.467449
-0.383653  0.828983 -0.445811
 -0.40018   0.81947 -0.424199
-0.399744  0.811754 -0.413765
 -0.41441  0.803703 -0.396195
-0.412909  0.796346 -0.386971
-0.425356  0.787082 -0.368498
-0.436723   0.77823 -0.350921
-0.433538  0.771326 -0.342283
-0.442905  0.762936 -0.326132
-0.438581  0.756518 -0.318487
 -0.44557  0.749276 -0.305621
-0.450561  0.741826 -0.292296
-0.444807  0.735905 -0.285403
-0.448195  0.729847 -0.274643
-0.441328  0.724325 -0.268321
 -0.44142  0.717513 -0.257069
 -0.43986  0.711193 -0.246433
-0.43174  0.70612 -0.24044
-0.430389  0.703668 -0.233402
-0.422865  0.703622 -0.229072
 -0.41854  0.702843 -0.221515
-0.413259  0.703162 -0.214946
-0.404915  0.702755 -0.210574
-0.399219  0.702802 -0.205642
 -0.39143  0.702725 -0.200059
-0.382771  0.701329 -0.195895
-0.373751  0.701323 -0.190654
-0.365043  0.699461 -0.186658
-0.356103  0.698493 -0.183071
-0.345586   0.69839 -0.178924
 -0.33698  0.696256 -0.175381
-0.327322  0.696833 -0.172627
-0.319226  0.695105 -0.169415
-0.307627  0.695371 -0.166521
-0.295928  0.696427 -0.163848
 -0.28815  0.695061 -0.160884
  -0.278  0.69723 -0.15951
-0.266433  0.699441 -0.157807
-0.259998   0.69873 -0.155233
-0.249012  0.701431 -0.153699
-0.243567  0.700547 -0.151213
-0.234151  0.703652 -0.150136
-0.224954  0.706125 -0.149511
-0.220371  0.704947 -0.147252
-0.211806  0.707622  -0.14632
-0.208188  0.706219 -0.144098
-0.200661  0.708502 -0.144067
-0.193538  0.710974 -0.143254
-0.190683  0.709443 -0.141205
 -0.18472  0.711937 -0.140929
-0.182766  0.710302 -0.138873
-0.176941  0.712448 -0.138168
-0.172489  0.714428 -0.136919
-0.171078  0.712645  -0.13485
-0.166868  0.715012 -0.133828
-0.163964  0.716311 -0.133027
-0.163439  0.714331 -0.131118
-0.161276  0.716013  -0.12967
-0.162385  0.715921 -0.128852
-0.16114 0.721908 -0.12919
-0.161266  0.727886 -0.128772
-0.162409  0.729458 -0.127744
 -0.16254   0.73506 -0.127349
-0.163012  0.740501 -0.126286
-0.164262   0.74005 -0.124461
-0.165405  0.744035 -0.122025
-0.166826   0.74224 -0.119698
-0.167638  0.744385 -0.117446
-0.169458   0.74608  -0.11388
-0.170852  0.743569 -0.111468
-0.172719  0.744892 -0.108253
-0.174415  0.742721  -0.10584
-0.176688   0.74295 -0.101852
-0.179883  0.743587 -0.097009
 -0.181521   0.741338 -0.0943935
  -0.18472   0.742046 -0.0901231
 -0.188399   0.742097 -0.0849778
-0.190202  0.739641 -0.082278
 -0.194658   0.739766 -0.0761141
  -0.19651   0.736913 -0.0732443
 -0.200841   0.736793 -0.0676896
-0.205618  0.735667 -0.061191
 -0.207279   0.732241 -0.0580641
  -0.21192   0.731017 -0.0518849
 -0.213511   0.727216 -0.0486976
  -0.21843    0.72487 -0.0414799
 -0.223892     0.7221 -0.0334294
 -0.225085   0.718002 -0.0299804
   -0.2307    0.71483 -0.0215052
 -0.231783   0.710658 -0.0182238
-0.236705    0.7077 -0.011182
  -0.242173    0.704123 -0.00279119
   -0.24287    0.699889 0.000606744
 -0.247901   0.696774 0.00811611
-0.248322  0.692524 0.0115056
-0.253178  0.688448 0.0200524
-0.258105   0.68417 0.0293279
-0.257911  0.679845 0.0329532
 -0.26274  0.678592 0.0402508
-0.267393  0.678483 0.0475533
-0.266917  0.678959 0.0497783
-0.270954  0.679705 0.0573301
-0.269954  0.678683 0.0598586
-0.272946  0.678067 0.0665656
-0.275371    0.6766 0.0746953
-0.273709  0.673019 0.0780688
-0.275386   0.66955 0.0871757
-0.273354  0.664792 0.0907257
-0.274725  0.660433 0.0985687
-0.275614   0.65521  0.107692
-0.273275  0.650255  0.111066
-0.274251  0.645706  0.118916
-0.274398  0.640561  0.127247
-0.271837  0.636179  0.130186
-0.27166 0.631468 0.138759
-0.268949  0.627612  0.141412
-0.269109   0.62397  0.148616
-0.268432  0.620046  0.156173
-0.265544  0.616513  0.158788
-0.264608   0.61279  0.166796
-0.261614  0.609466  0.169257
-0.260671   0.60647  0.176442
-0.25958 0.602959 0.183222
-0.256424  0.599803  0.185557
-0.254753  0.596569  0.192803
-0.251505  0.593667  0.194884
-0.250128  0.590971   0.20066
-0.248114  0.588328  0.207261
-0.244779  0.585745  0.209168
-0.242449  0.583415  0.215766
-0.239077  0.581137  0.217451
-0.237226  0.579275  0.222619
-0.234656  0.577522  0.228482
-0.231228  0.575475  0.230007
 -0.2291 0.574176 0.234958
-0.225757  0.572726  0.239955
-0.222214  0.570853  0.241213
-0.220045  0.572385  0.245213
-0.216272  0.575747  0.244935
-0.213249  0.579782  0.247911
-0.20913 0.584697 0.250257
-0.20521 0.586559 0.250342
-0.200155  0.590643  0.253347
-0.196241  0.590756  0.253935
-0.192108  0.592625  0.257339
-0.188326  0.591463  0.258217
-0.183152  0.592288   0.26174
-0.177702  0.592398  0.265679
-0.17409 0.590761 0.266353
-0.169784  0.590719  0.269524
-0.16651 0.589137 0.269734
-0.161567  0.588995  0.272602
-0.15659 0.589054  0.27546
-0.153565  0.587767   0.27543
-0.149679  0.588192  0.277669
-0.146953  0.587091   0.27738
-0.142555  0.587427  0.279359
-0.13811 0.587824 0.281488
-0.135544  0.586881  0.281077
-0.13196 0.587922 0.282519
-0.127887  0.588568  0.283817
-0.125486  0.587977  0.282807
-0.121358  0.588406    0.2837
-0.118943  0.587677  0.281731
-0.115227   0.58822  0.281719
-0.111514  0.588164  0.280288
-0.109062   0.58743  0.277076
-0.104963  0.587348  0.275134
-0.102532    0.5865  0.271618
-0.0990152   0.586482   0.269604
-0.0950237   0.585977   0.267044
-0.0926233   0.584959   0.263514
-0.088434  0.584184  0.261291
-0.0861017   0.582927   0.258106
-0.0825914   0.581961   0.256219
-0.0790994   0.580627   0.254684
-0.076867  0.579098  0.251783
-0.0726682   0.574769   0.251849
-0.0716017   0.572567   0.248152
-0.0680027   0.574657   0.245708
-0.0647506    0.57672   0.243509
-0.062315  0.579889  0.239543
-0.05814 0.583324 0.236926
-0.0559235   0.585067    0.23403
-0.0525033   0.586779   0.232767
-0.0486666   0.587717   0.232339
-0.0468377   0.587041    0.23105
-0.0439321   0.586209   0.231897
-0.0423942   0.584253   0.231221
-0.0393298   0.582089   0.232191
-0.0362963   0.579224   0.233616
-0.035036  0.577071  0.232458
-0.0328985   0.574567   0.233386
-0.0318442   0.572639   0.231809
-0.0296637   0.569801   0.232074
-0.0274969   0.567142   0.232252
-0.0266479   0.565572   0.230304
-0.0251848   0.563494   0.230396
-0.0244355   0.562098   0.228508
-0.0229866     0.5601   0.228279
-0.0214451   0.557549   0.228297
-0.0208319   0.556049   0.226498
-0.0199277   0.553993   0.226609
-0.0188997   0.551579   0.226904
-0.0183571   0.549887   0.225257
-0.017267  0.546739  0.225584
-0.0167748   0.545477   0.223959
-0.016148  0.542459  0.224066
-0.0154244   0.539657    0.22425
-0.0149526    0.53801   0.222402
-0.0146007   0.535599   0.222558
-0.0140831   0.534054   0.220689
-0.0136232   0.531301   0.220407
-0.0129182   0.528097   0.220274
-0.0125425   0.527201   0.218336
-0.0122335   0.524285   0.218156
-0.011799  0.521708  0.218077
-0.0113806   0.520433   0.216223
-0.0120265   0.520537   0.215138
-0.0116646   0.524083   0.212071
-0.0114914   0.526219   0.210507
-0.0111663   0.529668   0.208702
-0.0107527   0.532436   0.206281
-0.0104809   0.534649   0.205747
-0.00987607    0.535616     0.20442
-0.00928433     0.53676    0.204243
-0.00831705    0.536887    0.204916
-0.00773648    0.536401    0.204057
-0.00704239    0.535367    0.205205
-0.00633254    0.534197     0.20453
-0.00542211    0.532721    0.205284
-0.00416384    0.531158    0.206083
-0.00358651    0.530338    0.204738
-0.00219173    0.529226    0.204992
-0.00156692    0.528786     0.20345
-0.000819408     0.527571     0.203271
0.000502009    0.527188    0.202933
0.000956012    0.527091    0.201157
0.00163028    0.52628   0.200939
0.00291072   0.526032   0.200208
0.00328091   0.525866   0.198511
0.00425959   0.525026   0.197985
0.00466627   0.524684   0.196418
0.00532304   0.523725   0.196078
0.00678665    0.52321   0.195269
0.00702085   0.522844   0.193493
0.00793914   0.521788   0.192721
0.00820369   0.521394   0.190981
0.00895807   0.520492   0.190459
0.0096127  0.519459  0.189269
0.00971057   0.519289    0.18734
0.010526 0.518572 0.186184
0.0106729  0.518452  0.184381
0.0112042  0.517772  0.183317
0.0119371  0.517232  0.182301
0.0119087  0.517257  0.180435
0.0125681  0.516881  0.179338
0.0125089  0.516856  0.177684
0.0121003  0.518785  0.175508
0.0118282  0.523304  0.173455
0.0108358  0.528707    0.1707
0.0103766   0.53352  0.168869
0.00976174   0.537543   0.167075
0.00929192   0.542429   0.165433
0.00930014   0.545073   0.164399
0.00898452   0.546232   0.163497
0.00955189   0.547806   0.164018
0.00977513   0.548243   0.164084
0.0104399  0.549913  0.164603
0.0117391  0.551562  0.165779
0.0121474  0.552006  0.165448
0.0135222   0.55313   0.16616
0.0153328  0.554403  0.167009
0.0160178    0.5547  0.166385
0.0181536  0.556048  0.166902
0.0189228  0.556214  0.166153
0.0207516  0.557233  0.166204
0.0222082  0.558423  0.166556
0.0228758   0.55885  0.165624
0.0247369  0.559894  0.165764
0.0267755  0.560995  0.165732
0.0273505  0.561476  0.164882
0.0289209  0.562965  0.165145
0.0294341  0.563388   0.16438
0.0311997   0.56451  0.164544
0.0312273  0.565332   0.16392
0.033135 0.566596 0.163794
0.0335153  0.567165   0.16293
0.035089   0.5689 0.163095
0.0369612  0.570103   0.16322
0.037237 0.570819 0.162308
0.0387914  0.572416  0.162548
0.0390145  0.572916  0.161756
0.040302 0.573763  0.16182
0.0415237  0.575004  0.162173
0.0416683  0.575566  0.161377
0.0429353  0.576261  0.161704
0.0428851  0.576671  0.160971
0.0428523  0.578394   0.15978
0.0422097  0.581986  0.158783
0.0406461  0.586129  0.156725
0.0394748  0.590444  0.155349
0.0380681  0.594469  0.154538
0.0368859  0.597788  0.153603
0.0356457  0.601739  0.153804
0.034885 0.604229 0.153777
0.0341399  0.607483  0.155031
0.0336298  0.609925  0.155496
0.0333815  0.611458  0.157215
0.033206 0.612539 0.158913
 0.03324 0.614129 0.159309
0.0335819  0.614903  0.161222
0.0336679  0.616994  0.161371
0.0339672  0.617657  0.162916
0.0344341  0.618221  0.164262
0.0347579  0.619763  0.164156
0.0354718   0.62006  0.165572
0.0357824  0.621612  0.165297
0.0361687   0.62186  0.166563
0.0366477  0.621949  0.167648
0.0371024  0.623936  0.167195
0.0378533  0.624893  0.168151
0.0388054  0.626982  0.166818
0.0401018  0.626793  0.166661
0.0410702    0.6289  0.164937
0.0423358  0.622045  0.164168
0.0437955  0.610393  0.163205
0.0449258  0.599589  0.160867
0.0460137  0.589268  0.160201
0.0470539  0.579778  0.157915
0.0484186  0.570676  0.157161
0.049293 0.562712 0.157516
0.0498301  0.554272  0.156926
0.0497515  0.547399   0.15839
0.0498877  0.540566  0.158003
0.0503664  0.534135  0.159695
0.0502493  0.528824  0.161627
0.0501194  0.527724  0.148543
0.0483628  0.525759  0.149803
0.0464377  0.522139  0.148439
0.0447551  0.519818  0.148023
0.039348 0.519677 0.143077
0.0334621    0.5185  0.132465
0.026236 0.519003 0.124138
0.0215153  0.518248  0.114624
0.0160574  0.518796  0.106998
0.0119285  0.519771 0.0999046
0.0102783  0.519611 0.0915735
0.00771703   0.521141  0.0853569
0.00529879   0.521226  0.0783413
0.00133337   0.522714   0.073232
-0.0026835   0.524361  0.0687901
-0.00429508    0.524871   0.0629674
-0.00833562    0.526434   0.0594304
-0.00961458    0.527178   0.0544124
-0.0127986   0.529653  0.0514358
-0.0171848    0.53181  0.0491406
-0.0180838    0.53286  0.0451047
-0.0229855   0.535221  0.0436519
-0.0244908   0.536643  0.0410381
-0.0299201   0.538719  0.0407848
  -0.0321  0.539928 0.0392779
-0.0373773    0.54247  0.0392206
-0.0426725   0.545103  0.0393415
-0.0442451   0.546529  0.0383942
-0.0489486   0.548929   0.038896
-0.0536201   0.551686  0.0394279
-0.0545915   0.553277  0.0390175
-0.0590673   0.556149  0.0398449
-0.0596449   0.557829  0.0397846
-0.0622777   0.560586  0.0407932
-0.0625645   0.562343  0.0410304
-0.0661422   0.565285  0.0425179
-0.086144  0.564425 0.0596741
-0.140188  0.561524  0.101444
-0.196539  0.557972  0.144806
-0.220729  0.557075  0.165538
-0.264814   0.55553  0.200899
-0.282806  0.556031  0.217236
-0.326484  0.555243  0.250013
-0.366743  0.554693  0.281778
-0.379216  0.555538  0.294953
-0.406857   0.55538  0.325501
-0.349833  0.555446  0.341309
-0.274114  0.554219  0.371074
-0.186419  0.554534  0.405209
-0.133152  0.571656  0.422338
-0.0555349   0.603927    0.45562
-0.0197718   0.621488    0.46495
0.0327502  0.652894  0.478426
0.0823439  0.687154  0.486931
0.103426 0.703537 0.486088
0.139431 0.737322 0.487327
0.149483 0.752096 0.482533
0.171374 0.782318 0.477686
0.176906 0.795483  0.47162
 0.19446 0.825899 0.463085
0.209692 0.834274 0.449363
0.215701 0.818807 0.438522
0.231911 0.804505 0.418558
0.239379 0.787689 0.409288
0.256437 0.773346 0.391346
0.275227 0.761614 0.373445
0.282033 0.745088 0.365259
0.300831 0.734774 0.347429
0.307457 0.721353 0.340292
0.322014 0.710891 0.321348
0.321146 0.703735 0.320018
0.308808 0.695325 0.324893
 0.30548 0.688598 0.322122
0.301977 0.684714 0.316789
0.294881 0.677269 0.311736
 0.29638 0.672117 0.300415
0.294927 0.664956   0.2898
0.304149 0.660924 0.272974
0.316006 0.656659 0.254184
0.317775 0.649804 0.242277
0.330945 0.645948 0.223424
0.331505 0.640121 0.213442
0.343606 0.636214 0.198692
0.355018 0.632477 0.185548
0.353622 0.627298 0.179626
0.362431 0.623944 0.169739
0.358785 0.619243 0.164808
0.364612 0.614526 0.155992
0.368595  0.61199 0.149093
0.363933 0.608195 0.144944
0.366767 0.606088 0.138333
0.367881 0.613985 0.133534
0.362656 0.624548 0.129884
0.362691 0.651019 0.126467
0.356911 0.661091 0.123089
0.353347 0.683829 0.120546
0.343444 0.708471 0.120357
0.332351 0.717013 0.119064
0.322353 0.739329 0.119732
0.311813 0.746183 0.118792
 0.30264 0.765089 0.119475
0.293639 0.784066 0.121034
0.284391  0.78959 0.120588
0.276067 0.807347 0.122922
0.266299 0.811613 0.122978
 0.25875 0.826769 0.125052
0.251363 0.841617 0.127905
 0.24291 0.844203 0.128113
 0.23646 0.855504 0.135226
0.228885 0.855886 0.139146
0.222945 0.865819 0.147506
0.216151 0.873959 0.156187
0.209804 0.872941 0.159482
0.204501 0.879573 0.166659
0.198797 0.884534 0.174294
0.193984 0.882754 0.176752
0.189292 0.886715 0.184048
0.184639 0.883692 0.186218
0.180572 0.886385  0.19235
0.176511 0.887359 0.198866
0.172612 0.886336 0.200477
0.163483 0.891613 0.208526
0.157864 0.892021  0.21145
0.145352 0.895252 0.220768
0.132305  0.89899  0.23058
0.127813 0.897255 0.232926
0.115361 0.898698 0.242464
0.112124 0.895424 0.244202
0.101734 0.894732 0.251949
0.0915002  0.892052  0.260288
0.0895974  0.888337    0.2614
0.0805767  0.884506  0.269459
0.079846 0.880796 0.270092
0.0724261  0.877632  0.276652
0.0655111  0.873093  0.283722
0.0658924  0.869794  0.283904
0.0598171  0.865675  0.290955
0.0610181  0.862724  0.290798
0.056049 0.858973 0.296312
0.0578652  0.856084  0.295858
0.053671 0.851447 0.301787
0.0502682  0.846472   0.30759
0.0528184  0.843368  0.306506
0.0504302  0.837326  0.311821
0.0481387  0.831839  0.315486
0.0513536  0.829222  0.313811
0.0502994  0.822892  0.317952
0.0542138    0.8199  0.315828
0.0534848  0.813889  0.318416
0.0536898  0.807234  0.321628
0.0580832  0.804512  0.318976
0.0591778  0.797923  0.321994
0.0639999  0.795611   0.31902
0.0651406  0.789631  0.320336
0.0671639  0.783761  0.322433
0.0722822  0.781823  0.318986
0.075208  0.77567 0.320914
0.0804839  0.774647  0.317233
0.083048 0.768996 0.317447
0.0866285  0.763127   0.31854
0.0912858  0.764889  0.314422
0.0948514  0.764411  0.316459
0.0997098  0.769191  0.313134
0.102389 0.769439 0.313203
0.106381 0.770408 0.314723
0.111276 0.773635 0.310918
0.115568 0.773968   0.3124
 0.12075 0.775544 0.308232
0.124305 0.774107 0.307597
0.129045 0.772572 0.308265
 0.13414 0.774177 0.303531
0.139314 0.772727 0.304162
0.144492 0.774248   0.2992
0.148943 0.773131 0.297713
0.154329 0.772195 0.297748
0.159251 0.774441 0.292437
0.163781 0.773973 0.290762
0.168605 0.776787  0.28543
0.173654 0.777013 0.285239
0.178877 0.777919 0.285375
 0.18338 0.780586 0.279677
0.187392  0.78136  0.28007
 0.19166 0.784047 0.274275
0.195432 0.784275 0.272274
0.202797 0.783592 0.274123
0.207919 0.782343 0.278398
 0.18348 0.782885 0.291145
   0.167 0.785334 0.293391
0.146985 0.784898 0.301389
0.132799  0.78703 0.302526
0.112487 0.786471 0.313143
0.0935144  0.786181  0.322891
0.0818982  0.787586  0.323334
0.0671079  0.786348  0.329329
0.0518535  0.785617  0.337007
0.0426336  0.787047  0.336874
0.0289358  0.787107  0.344426
0.0211274  0.788567  0.344043
0.0114693  0.796038  0.350344
0.00570942   0.806873   0.351863
-0.00250845    0.822674    0.360282
-0.00968201    0.839832    0.368892
-0.0133328   0.851914   0.369642
-0.019611  0.864813  0.376246
-0.0233412   0.869029   0.375399
-0.024825  0.872674  0.380354
-0.0218199   0.871869   0.389148
-0.0188155   0.867554   0.391629
-0.0159214   0.860954   0.399105
-0.0130822   0.852466   0.400714
-0.00983838    0.843259    0.404984
-0.00708833    0.835815    0.406663
-0.00389088    0.825506    0.412006
-0.00104255    0.819338    0.413756
0.00262828   0.809623   0.419235
0.00648248   0.801151   0.424591
0.00934299    0.79695   0.426534
0.0135641  0.790266  0.431851
0.0164437  0.787371  0.434058
0.0176568  0.784324  0.439829
0.0124752  0.784758  0.453267
0.00593672   0.787853   0.463537
0.00289031   0.789116   0.473309
0.00016989   0.790261   0.479993
0.00136413   0.788821   0.487827
0.00570502    0.78785    0.49314
0.00872528   0.788307   0.493224
0.0168387  0.789295  0.490403
0.0200978  0.790328  0.489625
0.0288634  0.792735  0.487703
0.0385516  0.796205  0.485202
0.0408621  0.797445   0.48564
0.0723486  0.798066  0.483653
0.101741 0.795957  0.48739
 0.16009 0.793624 0.489918
0.219132 0.792471 0.492237
0.244048 0.791902 0.493838
 0.29527  0.79246 0.497649
0.310688 0.794172 0.497296
0.348339  0.79732 0.493154
0.392219 0.766846 0.502151
0.399277  0.73563  0.49786
 0.42741 0.739371 0.486226
0.430101 0.754799 0.477867
0.455055 0.761543 0.464741
0.475436   0.7838 0.446387
0.475661  0.80125 0.438302
0.492514 0.828462 0.419859
0.490811 0.843613 0.414063
0.505753 0.862319 0.400888
0.503396 0.871877 0.397845
0.515402 0.889144 0.386047
0.525965 0.903159 0.376153
0.522415 0.908302 0.374091
0.531172 0.918488  0.36567
0.526712 0.921487 0.363998
0.533349 0.929886 0.356361
0.538468 0.938483 0.348767
0.532656 0.942792 0.346104
0.536403  0.95187 0.338897
0.529413 0.957475 0.336118
0.529914 0.968656 0.328688
0.521913  0.97474 0.325957
0.520138  0.98693 0.319014
0.516745 0.999426 0.312826
0.507815  1.00487 0.310667
0.502543  1.01642 0.305643
0.493258  1.02056 0.304255
0.487902  1.02964 0.300539
0.479973  1.03794 0.297424
0.470355  1.04059 0.296082
 0.46086  1.04817 0.293163
0.451147  1.04978 0.291813
0.442194  1.05544 0.289574
0.431309  1.06068 0.287263
0.421506  1.06233 0.285727
0.409715   1.0671 0.283561
0.400337  1.06793 0.282123
0.389563  1.07174 0.280879
0.377078   1.0755 0.279491
0.367867  1.07662  0.27826
0.354066    1.083 0.275923
0.344308  1.08927 0.273655
0.331513  1.09803   0.2723
0.317329  1.10757 0.270301
0.308617  1.11256 0.268671
0.296583  1.11959  0.26792
0.283442  1.12625 0.267587
0.276416  1.12823 0.266883
 0.26438  1.13273 0.267144
0.258705  1.13303 0.266878
0.248818  1.13521 0.268021
0.239133  1.13628 0.269024
0.234564  1.13612  0.26872
0.225778  1.13733   0.2697
 0.22222   1.1372 0.269341
0.214825  1.13814 0.270534
0.207865  1.13907 0.271351
0.205043  1.13916 0.270879
0.199379  1.13921 0.271645
0.197297  1.13966 0.271264
0.191801  1.13961  0.27196
0.187184  1.13985 0.272254
0.185686  1.13945 0.271681
0.181913  1.13843 0.272174
0.178903  1.13703 0.272073
0.178261  1.13619  0.27144
0.176238   1.1344 0.270814
0.176239  1.13336 0.270016
0.174701  1.13119 0.269449
 0.17416  1.12878 0.268037
0.174508  1.12787 0.266805
 0.17451  1.12534 0.265146
  0.1753  1.12457 0.263693
0.175816  1.12222 0.261305
 0.17731  1.12005 0.258074
0.178211  1.11955 0.256172
0.180019  1.11728 0.253051
0.182344  1.11522  0.24927
0.183409  1.11501 0.247234
0.186427  1.11323 0.242537
 0.18678  1.11631 0.239069
0.186684  1.11997 0.233398
0.187802  1.12503 0.227493
0.186515  1.13072 0.224361
0.187212  1.13665 0.217549
0.186752  1.14095 0.214695
0.188358  1.14431 0.208896
0.190509  1.14795 0.202491
0.190955  1.15063 0.199702
0.194474  1.15341 0.192709
0.195574  1.15545  0.19003
0.199323  1.15661 0.183466
0.204662  1.15887 0.177212
0.205936  1.16109 0.174392
0.211716  1.16365 0.167226
0.213007  1.16616 0.164477
0.218251  1.16834 0.158308
0.224194  1.17126 0.151037
0.225126  1.17392 0.148087
0.231094  1.17711  0.14025
0.231718  1.17962   0.1373
0.236876  1.18184 0.130527
0.242375   1.1845 0.122564
0.242514  1.18665 0.119327
0.247514  1.18817 0.111973
  0.2473  1.18999 0.108695
 0.251605   1.19168 0.0995664
 0.256417    1.1941 0.0910815
 0.255667   1.19579 0.0873776
 0.260073   1.19789 0.0780241
   0.2591   1.19944 0.0744997
 0.262931   1.20076 0.0664602
  0.26676   1.20244 0.0572138
 0.265405   1.20396 0.0535262
 0.268933   1.20573 0.0438228
 0.267312   1.20715 0.0402221
 0.270379   1.20821 0.0319995
0.271862  1.20907 0.023126
 0.269596   1.20993 0.0196528
    0.25552     1.26059 -0.00717381
   0.248981     1.30858 -0.00578137
  0.247065    1.31233 -0.0141428
  0.242781    1.32659 -0.0192026
 0.239473   1.31753 -0.014027
  0.238948    1.31189 -0.0127714
   0.236576     1.30044 -0.00630559
   0.236426     1.28975 -0.00363083
   0.236644     1.27848 -0.00157719
     0.23376      1.27312 -0.000830474
   0.233472     1.26801 -0.00366078
   0.230034     1.26901 -0.00640115
  0.229517    1.27036 -0.0124518
  0.225709    1.27462 -0.0162315
  0.224293    1.27905 -0.0236693
 0.222618   1.28484 -0.031615
  0.218791    1.28823 -0.0340967
  0.217725    1.29126 -0.0394654
  0.215877    1.29389 -0.0445597
  0.212289    1.29425 -0.0452316
  0.210449    1.29404 -0.0499344
 0.206882   1.29228 -0.050641
  0.205687    1.28935 -0.0551824
  0.203656    1.28576 -0.0604924
  0.200096    1.28356 -0.0629064
  0.197995     1.2796 -0.0700202
 0.194385   1.27783 -0.073191
  0.192756    1.27463 -0.0800341
  0.190807    1.27158 -0.0881714
  0.187363    1.27095 -0.0915657
  0.186097    1.26829 -0.0985965
 0.182789   1.26816 -0.101363
 0.180973   1.26648 -0.108859
  0.17926   1.26484 -0.116331
  0.17609   1.26478 -0.118946
 0.17513   1.2624 -0.12496
   0.1736   1.26054 -0.131425
 0.170664   1.26013 -0.133586
 0.170604   1.25776 -0.140585
  0.16759    1.2571 -0.142683
 0.181285   1.21124 -0.133811
 0.183324   1.16678 -0.143217
 0.178327   1.15936 -0.144102
 0.177113   1.13916 -0.152036
 0.169467   1.14343 -0.159381
0.163909  1.14192 -0.17074
 0.155858    1.1514 -0.179885
 0.147366   1.15847 -0.194159
 0.138501   1.16909 -0.208952
  0.13197    1.1772 -0.214873
  0.12448   1.18648 -0.225967
   0.1198   1.19082 -0.227764
 0.115506   1.19356 -0.233154
 0.112229   1.19452 -0.232536
 0.108354   1.19619 -0.236191
 0.105433   1.19569 -0.238568
 0.103016   1.19556 -0.238182
 0.101505    1.1931 -0.240406
0.0995462   1.19276 -0.240599
0.0979601   1.19182 -0.243627
0.0966789   1.19133  -0.24742
0.0948843    1.1927 -0.248724
0.0942053   1.19259 -0.252662
0.0932858    1.1946 -0.257071
0.0916745   1.19739 -0.258365
0.0906474   1.20048  -0.26243
0.088963  1.20349 -0.26307
0.0881377   1.20494 -0.266585
 0.086651   1.20779 -0.267118
0.0864179   1.21166 -0.270128
0.0861043    1.2153 -0.273575
0.0848238   1.21808 -0.274431
0.0849166   1.22028 -0.277844
 0.083675   1.22261 -0.279037
0.0838287   1.22574 -0.283161
0.0840292   1.22921  -0.28762
0.0828359   1.23185  -0.28902
0.0835378   1.23394  -0.29325
0.0839525   1.23817  -0.29779
0.0827884   1.24104 -0.299242
0.0833542   1.24578 -0.303983
0.0808572   1.25229 -0.306074
0.0764821   1.26176  -0.31031
0.0722546   1.27457 -0.314374
0.0662528   1.28377 -0.315123
0.0601588   1.29784 -0.318785
0.0841511   1.33418  -0.37488
0.0813329   1.34309 -0.379815
0.0790864   1.35471  -0.38437
0.0801821   1.36778 -0.403238
0.0818355   1.38476 -0.423336
0.0829547   1.39255 -0.437582
0.0861094   1.40305 -0.454632
0.0906171   1.41398 -0.471516
0.0900122     1.419 -0.473483
0.0893913   1.42955 -0.472154
0.0890667   1.43245 -0.465392
0.0906489   1.43892 -0.458036
0.0927394   1.44557 -0.448578
0.0927243   1.44758 -0.441957
0.0944614   1.45372 -0.431866
0.0954983   1.45821 -0.423873
0.0947504   1.45942 -0.418559
0.0951169   1.46383 -0.410505
 0.093762   1.46424 -0.406041
0.0937356   1.46651 -0.399916
0.0928139   1.46997 -0.393177
0.0911457   1.46995 -0.389067
0.0896741   1.47271 -0.382604
0.0878101    1.4722 -0.378879
0.0865877   1.47313  -0.37389
0.0846157   1.47525 -0.368327
0.0826897   1.47468 -0.364927
0.0804281    1.4763 -0.359691
0.0784268   1.47545 -0.356763
0.0764086   1.47518 -0.353186
0.0742452    1.4768 -0.348672
 0.072231   1.47595 -0.346075
0.0697473   1.47684 -0.342003
0.0679418   1.47569 -0.339769
0.0659989   1.47577 -0.336684
0.0621067   1.47926 -0.333515
0.0550521   1.48504 -0.330414
0.0468007   1.49206 -0.324992
0.0393088   1.49656 -0.319358
0.0309966   1.50125 -0.312982
 0.021533   1.50727 -0.306141
0.0168009   1.50928 -0.300901
0.00980788    1.51273  -0.294135
0.0077431   1.51283 -0.289016
0.00477229    1.51296  -0.283115
0.00448544    1.51233  -0.278057
0.00288096    1.51329  -0.271005
  0.00272    1.5134 -0.263656
0.00348302    1.51306  -0.258725
0.00445934    1.51236  -0.252604
0.00569418    1.51325  -0.245385
0.00667993    1.51338  -0.240933
0.00797648    1.51422  -0.233907
0.00857299    1.51449  -0.230023
0.00948664    1.51431  -0.224832
0.0099188    1.5156  -0.21899
0.00999765     1.5158  -0.215846
0.0098989   1.51639 -0.210642
0.00952294    1.51624  -0.208197
0.00915988    1.51533  -0.204786
0.00809443    1.51565   -0.20099
0.00747237    1.51534  -0.199178
0.00607155    1.51492  -0.195959
0.00526334    1.51442  -0.194667
0.00407475    1.51283  -0.192791
0.00227469    1.51255  -0.190584
0.00148494    1.51217  -0.189679
-0.000403751      1.51132    -0.187882
-0.00122328     1.51088    -0.18736
-0.00262812     1.50898   -0.186584
-0.00341188     1.50855   -0.186321
-0.00528254     1.50806   -0.185275
0.0189506    1.4265 -0.209271
0.0538353   1.41248 -0.225579
 0.127791   1.48155 -0.244412
 0.250808   1.57199 -0.274852
0.409505  1.63456 -0.32606
  0.54208   1.73264 -0.342899
 0.696017   1.85273 -0.334221
 0.870553   1.95572 -0.335094
  0.93955    1.9743 -0.335608
  1.02381   1.94164 -0.359343
   0.80642    1.83413 -0.0736732
  0.777875    1.67063 -0.0571402
 0.633103   1.48446 0.0279757
0.515198  1.27973 0.139586
0.550202  1.15506 0.147213
0.387578 0.960042  0.25483
0.284867 0.875108 0.340321
0.0745121  0.653538  0.699103
0.0775038  0.559576  0.859381
0.0966726  0.533812  0.934559
0.104325 0.463587 0.965998
0.112475 0.452391 0.983044
0.110819 0.418718 0.994018
0.132328 0.395164  1.02856
  0.1335 0.395217  1.03947
  0.1371 0.374776  1.06317
0.114809 0.374604  1.06632
0.0794562  0.351028   1.07985
0.0390711   0.34404   1.06957
-0.0194876   0.316657    1.06161
-0.0965591   0.281186    1.03891
-0.147388   0.26601   1.00957
-0.227022   0.22696  0.976407
-0.276602   0.20834  0.938972
-0.374306  0.161555  0.920348
-0.472971  0.107612  0.897545
-0.512765 0.0848645  0.888381
-0.574226  0.027277  0.867709
-0.585593 0.0063379  0.853758
 -0.624172 -0.0393761   0.827906
 -0.659122 -0.0917462   0.793086
-0.661456 -0.115123  0.771404
-0.688896 -0.176119  0.727095
-0.695376 -0.147509  0.691285
-0.725443 -0.089915  0.630493
 -0.755029 -0.0450593   0.531384
-0.749346 0.0123046   0.43397
-0.756086 0.0376549  0.265902
-0.74315 0.071336 0.201226
-0.753705 0.0731598  0.104401
-0.739637 0.0821186 0.0705291
 -0.749956  0.0622895 -0.0116856
 -0.734619   0.060037 -0.0330288
-0.727213 0.0226728   -0.0893
 -0.698077 -0.0239635  -0.122314
-0.667689 -0.034579  -0.13048
 -0.641303 -0.0875653  -0.153398
 -0.614275 -0.0981983  -0.156922
-0.590632 -0.141382 -0.172771
-0.565972 -0.151399 -0.176349
-0.544382 -0.199002 -0.190469
-0.523395 -0.247787 -0.204299
-0.502122 -0.256302 -0.208919
-0.483953 -0.302296 -0.224249
-0.465035 -0.306767 -0.230325
-0.448732 -0.341025 -0.245603
-0.433791 -0.376762  -0.26224
-0.417748  -0.37882 -0.269607
-0.404132 -0.415316 -0.288264
-0.389865 -0.414377 -0.296112
-0.378589 -0.448348 -0.315852
-0.365869  -0.44573 -0.323788
-0.356284  -0.46809 -0.341223
-0.346549 -0.495278 -0.360031
-0.335758 -0.491321 -0.367391
-0.327889 -0.517671 -0.385948
-0.318285 -0.511481 -0.392677
-0.311529 -0.529754 -0.407904
-0.305279 -0.549029 -0.424197
-0.297164 -0.541912 -0.429877
-0.291935 -0.562324 -0.445555
-0.285151 -0.554029 -0.451057
-0.280779 -0.565701 -0.463515
-0.276886 -0.579028 -0.479353
-0.271577 -0.565583 -0.486776
-0.268655 -0.576283  -0.50308
-0.264036 -0.561275 -0.509422
-0.261509 -0.561193 -0.521724
-0.257386 -0.546118 -0.526282
-0.255011 -0.541389 -0.537301
-0.252771 -0.536115 -0.545593
-0.250098 -0.523297 -0.546279
-0.250399   -0.5181 -0.550391
-0.245875 -0.507364 -0.545711
-0.241612 -0.501742 -0.544854
 -0.23759 -0.496494 -0.544061
-0.232902 -0.484947 -0.538237
-0.229668 -0.477167 -0.535091
-0.225628 -0.463591 -0.528126
-0.222823   -0.4542 -0.524529
-0.220196 -0.442841 -0.521167
 -0.21701 -0.428346  -0.51452
-0.214928 -0.416918 -0.511454
-0.212039 -0.401826   -0.5051
-0.206971   -0.3901 -0.503826
-0.205785 -0.374503 -0.497534
-0.205667 -0.361007  -0.49398
-0.205716  -0.34823 -0.490542
-0.204521   -0.3332 -0.484023
-0.204729 -0.321067 -0.480197
-0.203714 -0.306101  -0.47376
-0.204079 -0.294149 -0.470336
-0.203223 -0.279481 -0.463958
-0.203727 -0.266128  -0.46053
-0.204283 -0.254038 -0.457097
-0.203781 -0.239381  -0.44964
 -0.20456 -0.227452 -0.444777
-0.205392 -0.214005 -0.440018
-0.205053 -0.199937 -0.432639
-0.206028 -0.187895 -0.428002
-0.205786 -0.174009 -0.420709
-0.206789 -0.162722 -0.415835
-0.204744 -0.148894 -0.409285
 -0.18879 -0.135314 -0.410686
 -0.16843 -0.122317  -0.41366
-0.163181 -0.108452 -0.408594
 -0.144604 -0.0970039  -0.410556
-0.125922 -0.082526 -0.412708
-0.122453 -0.069402 -0.407522
 -0.105185 -0.0552993  -0.409473
 -0.103307 -0.0423145  -0.404082
-0.0876279 -0.0293358   -0.40576
-0.0869265 -0.0168474  -0.400286
 -0.0737431 -0.00294384   -0.401101
-0.0616932  0.0097758  -0.401822
-0.0625632  0.0213443  -0.396282
-0.0525931  0.0339697  -0.396582
-0.0549617  0.0454334   -0.39083
-0.0468032  0.0578276  -0.390465
-0.040544 0.0701237 -0.389785
-0.0443506  0.0808415  -0.383941
-0.0396625  0.0917331  -0.382776
-0.0425817   0.102403  -0.376803
-0.0367291   0.113199  -0.375229
-0.033289  0.123842 -0.373218
-0.0380718   0.133432  -0.367059
-0.0368066   0.143328  -0.364296
-0.0438222   0.153172  -0.357638
-0.0463065   0.164289  -0.354076
-0.0517225    0.17421  -0.349715
-0.0605859     0.1836  -0.342768
-0.0688296   0.192768  -0.337738
-0.0787437    0.20312  -0.330603
-0.0866371   0.214525  -0.325432
-0.0977103   0.224943  -0.319617
-0.108072  0.234474 -0.312587
-0.120797  0.243568 -0.306455
-0.131181  0.252486 -0.299549
-0.142078  0.260614 -0.293697
-0.152185  0.268831 -0.287005
-0.165606  0.276981 -0.280776
-0.179763  0.283165 -0.274368
-0.189329  0.290334  -0.26794
-0.203644  0.295498 -0.261533
-0.212404   0.30219 -0.255397
-0.224151  0.307393 -0.249359
-0.237262    0.3111 -0.243191
-0.245089  0.316881 -0.237367
 -0.25794  0.320091 -0.231261
-0.264867  0.325483 -0.225706
-0.275196  0.328891 -0.219867
-0.286475  0.330599 -0.214003
-0.292476  0.335141 -0.208963
-0.303395  0.335307 -0.203577
-0.308291  0.339255  -0.19869
-0.316815  0.339326 -0.193336
-0.320778  0.342901 -0.188787
 -0.32953  0.342645 -0.183768
-0.338752  0.340571 -0.175837
-0.342468   0.34359 -0.168521
-0.349036  0.341644 -0.161725
-0.350489   0.34467 -0.155949
-0.355381  0.342425 -0.150641
-0.359329  0.338781 -0.146379
-0.359096  0.341541 -0.142324
-0.365481  0.337861 -0.141684
-0.367667  0.340417  -0.14036
-0.374618  0.336872 -0.141864
-0.370451  0.331985 -0.150085
-0.362548  0.334932 -0.154012
 -0.35533  0.331269 -0.161381
-0.348746  0.334919  -0.16169
-0.339449  0.331702 -0.161066
-0.331281  0.327054 -0.159564
-0.325389  0.330948 -0.156693
-0.318839  0.326556 -0.154427
-0.169032  0.365987 -0.133557
-0.167619  0.363167 -0.132619
-0.165925  0.358969 -0.131772
-0.167525  0.366016 -0.129292
-0.168173  0.364513 -0.126754
-0.170132   0.37177 -0.124459
-0.172291  0.372537 -0.121393
-0.173968  0.378901  -0.11973
-0.175683  0.377404 -0.116926
-0.176727  0.382856 -0.116135
-0.178209  0.380174 -0.113809
-0.179059  0.373948 -0.112125
-0.179559  0.378852 -0.112232
-0.180077   0.37062 -0.111086
 -0.18052  0.375234 -0.111451
-0.181758  0.369315 -0.110288
-0.182442  0.361473 -0.109511
-0.182854  0.366781 -0.110224
-0.183959  0.360257 -0.109476
-0.184516  0.366316 -0.110236
 -0.18572  0.359823 -0.109517
-0.186819  0.352271 -0.108932
-0.187155  0.358393  -0.11003
-0.188309  0.350095 -0.109513
-0.188754  0.357102 -0.110625
-0.190904   0.35265 -0.109591
-0.192442  0.347037 -0.109083
-0.192642  0.354188 -0.110447
-0.194512  0.350079 -0.109757
-0.194635  0.357959 -0.111225
  -0.1973  0.353872 -0.110079
-0.200123  0.348727 -0.108828
-0.200552  0.355652 -0.109992
-0.203403  0.350395 -0.108737
 -0.20383  0.358636 -0.109921
-0.207528  0.356362 -0.107934
-0.210512  0.353024 -0.106598
-0.210606  0.361305 -0.107912
-0.21374 0.358719 -0.10625
-0.213628  0.367626 -0.107675
-0.216758  0.366054 -0.106206
-0.219508  0.363625 -0.104998
-0.218942  0.372397 -0.106593
-0.221623  0.369805 -0.105376
-0.220889  0.379167 -0.107015
-0.223768  0.377332 -0.105281
-0.226812  0.377576 -0.103707
-0.225616  0.385954 -0.105469
-0.227721   0.38324 -0.104456
-0.225923  0.391325 -0.106569
-0.228362  0.389729 -0.104943
 -0.22642  0.397493 -0.107008
-0.228417  0.396376 -0.105841
-0.229889  0.394445 -0.104934
-0.227788  0.402728 -0.106926
-0.232373  0.400099 -0.106036
-0.232091  0.408593 -0.108047
-0.236573  0.407304 -0.106066
-0.241102  0.407403 -0.104553
 -0.24029  0.415933 -0.106517
-0.244298  0.415009 -0.105302
-0.242981  0.423998 -0.107492
-0.246928  0.425628 -0.105217
-0.250238  0.426015 -0.104114
-0.248348  0.434432 -0.106259
-0.251294  0.434437 -0.105302
-0.249039   0.44374 -0.107583
-0.252146   0.44628 -0.105311
 -0.25459  0.447593 -0.104232
-0.251929  0.456311 -0.106307
-0.274923  0.457927 -0.104516
-0.286493  0.466603 -0.106757
-0.316568  0.467274 -0.105448
-0.345067  0.467845 -0.103651
-0.353128   0.47699 -0.104121
-0.350188  0.478057 -0.108799
-0.340487  0.488263 -0.111328
-0.330347  0.491335  -0.11356
-0.320381  0.496458 -0.113885
 -0.31112  0.507287 -0.114497
-0.301655  0.511295 -0.113126
-0.293782  0.521953 -0.112904
-0.284898    0.5266 -0.110935
-0.276087  0.532282  -0.10809
-0.269155  0.542249 -0.108057
-0.260804  0.546369 -0.105303
-0.254353  0.556273 -0.105529
-0.246483  0.558317 -0.103005
-0.240581  0.565261 -0.103941
 -0.23337  0.567832 -0.102026
-0.226191  0.568419 -0.100579
-0.220979   0.57482 -0.101745
-0.213844  0.573623 -0.100042
-0.208894  0.580155 -0.100892
-0.203094  0.579373 -0.098862
  -0.19854      0.586 -0.0995764
 -0.192269    0.58649 -0.0972446
 -0.186879   0.584973 -0.0946971
 -0.182898   0.591285 -0.0954512
 -0.177355   0.589773 -0.0930218
 -0.173729   0.596479 -0.0938046
 -0.168869   0.597753 -0.0914604
 -0.165555   0.604424 -0.0922678
 -0.161471   0.603113 -0.0899281
 -0.157303   0.601884 -0.0876503
 -0.154354   0.608055 -0.0886013
 -0.150734    0.60577 -0.0862629
 -0.147977   0.612366 -0.0872532
 -0.14467  0.611611 -0.085256
 -0.142088    0.61816 -0.0862843
 -0.138918   0.617577 -0.0840782
 -0.135825   0.615686 -0.0820394
 -0.133457   0.621742 -0.0832133
 -0.130595     0.6211 -0.0814764
 -0.128362   0.627509 -0.0826828
 -0.124795   0.626309 -0.0810028
 -0.121998    0.62422 -0.0792661
 -0.119682   0.630127 -0.0807002
 -0.116167   0.629306 -0.0795143
 -0.113326    0.62902 -0.0779462
-0.110152  0.635337 -0.079839
  -0.10442   0.632724 -0.0796096
-0.0993979   0.638777  -0.082615
-0.0946303   0.637566 -0.0825006
-0.0900142   0.643458 -0.0855192
-0.0871657   0.642094 -0.0835871
-0.0961203   0.639268 -0.0753921
-0.0990453   0.642959 -0.0746788
  -0.10891   0.635071 -0.0669312
 -0.110682   0.637085 -0.0674751
 -0.117353   0.632361 -0.0620299
 -0.123807   0.624326 -0.0572471
 -0.123857   0.626581 -0.0588344
 -0.129073   0.617685 -0.0547284
 -0.128097   0.620833 -0.0567595
 -0.132142    0.61469 -0.0529845
 -0.135213   0.608517 -0.0496596
 -0.133576   0.612305 -0.0517453
 -0.136302   0.604675 -0.0484247
-0.134156  0.608779 -0.050435
 -0.136687   0.603307 -0.0468168
 -0.138059   0.598517 -0.0436221
 -0.135729   0.602563 -0.0452777
 -0.137083    0.59604 -0.0418984
 -0.134284     0.6008 -0.0435722
 -0.135697    0.59651 -0.0398019
 -0.132769   0.601406 -0.0412927
 -0.133348   0.596896 -0.0376661
 -0.133783   0.591111 -0.0340486
 -0.130882   0.595641 -0.0351759
 -0.131243   0.593197 -0.0311562
 -0.131285   0.588485 -0.0274619
 -0.128151   0.593366 -0.0284071
 -0.127944   0.587862 -0.0245598
 -0.124539   0.593242 -0.0255242
 -0.124683   0.589455 -0.0214201
 -0.123731   0.586449 -0.0175688
 -0.120458   0.591432 -0.0182165
 -0.119642   0.586434 -0.0142357
 -0.116163    0.59186 -0.0149168
 -0.115723   0.588623 -0.0107872
 -0.112284   0.593978 -0.0113433
  -0.111135    0.590435 -0.00724951
  -0.109907    0.585426 -0.00323625
   -0.10668    0.590175 -0.00356902
  -0.105787    0.586909 0.000449208
  -0.102365    0.592149 3.62333e-05
 -0.100902   0.586137 0.00392023
 -0.100052   0.576299 0.00789698
-0.0967451   0.576411 0.00705386
-0.0939745   0.564569 0.00982746
-0.0898169   0.565332 0.00857336
-0.0869912   0.557291  0.0112636
-0.0841809   0.546362  0.0137355
-0.0803661   0.547188  0.0125013
-0.077948  0.538731 0.0147356
-0.0741373   0.540351   0.013297
-0.0711827   0.530948  0.0153584
-0.0683156   0.520171  0.0171283
-0.0649401   0.521655  0.0157592
-0.0625104   0.513703  0.0173983
-0.0591262   0.516106  0.0159392
-0.0561936   0.507527  0.0174231
-0.0533352   0.497759  0.0186911
-0.0503469    0.50003  0.0173682
-0.0474844   0.490015   0.018578
-0.0445122   0.493187    0.01725
-0.0415779   0.487486  0.0184591
-0.0387266   0.479661  0.0195155
-0.0360926   0.482818  0.0183561
-0.0335644   0.477239  0.0193629
-0.0309905   0.481103  0.0182241
-0.0294049   0.484112  0.0189946
-0.0274976    0.48954  0.0194418
-0.0251768   0.493137  0.0184537
-0.0239823   0.496188  0.0188653
-0.0218593   0.499264  0.0179115
-0.0210501   0.500925  0.0183501
-0.0191165   0.503523  0.0174965
-0.0181399   0.505738  0.0180389
-0.0173935   0.506063  0.0184712
-0.0156719   0.508112  0.0177759
-0.0149558   0.507443  0.0182105
-0.0132586   0.509273  0.0175763
-0.0129458   0.509264  0.0171616
-0.012643  0.507564 0.0167666
-0.0117254   0.508833   0.015108
-0.0112273   0.503819  0.0148345
-0.0109782   0.500182  0.0138222
-0.0112508   0.492973  0.0141415
-0.0109438   0.489564  0.0133351
-0.0107249   0.481797  0.0137501
-0.00702643    0.470168   0.0117467
-0.00646519    0.467516   0.0110364
 0.0274914   0.438352 -0.0126664
 0.0277833   0.436624 -0.0132094
0.0494219  0.412316  -0.02878
 0.0830198   0.379677 -0.0522133
 0.0804854   0.378404 -0.0506336
  0.114331   0.344339 -0.0744723
  0.107877   0.343375 -0.0697747
  0.120862   0.332238 -0.0809337
  0.112281   0.331415 -0.0745537
  0.134998   0.326102 -0.0932923
 0.155527  0.325577 -0.111922
 0.146782   0.32472 -0.105725
 0.149458  0.333228 -0.112781
 0.136273  0.329194 -0.102722
 0.149755  0.329928 -0.116442
 0.162499  0.328608 -0.129839
 0.150891   0.32388 -0.121409
 0.150652  0.327367 -0.126331
 0.135521  0.318486 -0.114739
  0.14956  0.308862 -0.128164
 0.165122  0.299004 -0.142553
 0.152814  0.289965 -0.133794
 0.168041  0.278055 -0.148124
 0.152499  0.265911 -0.136781
 0.150414  0.261243 -0.140137
 0.134551  0.248212 -0.128716
 0.147513  0.232159 -0.140247
 0.161834  0.212596 -0.152455
 0.148131  0.200716 -0.143236
 0.145191  0.189556 -0.144878
 0.157034  0.166755 -0.154401
 0.141737  0.153819 -0.143998
 0.156058  0.129367 -0.155063
 0.139604  0.111755 -0.143763
 0.135263 0.0909972  -0.14356
 0.145657 0.0588578 -0.151034
 0.128876 0.0408057   -0.1399
  0.144472 0.00628073  -0.150505
  0.126402 -0.0123396   -0.13879
  0.126129 -0.0354502  -0.138725
  0.143482 -0.0701195  -0.146868
  0.125431 -0.0851298  -0.136492
 0.146339 -0.119183 -0.146911
 0.125888 -0.135025 -0.134928
 0.126436 -0.157842  -0.13504
 0.121449 -0.194196 -0.142503
 0.123403 -0.208213 -0.131728
 0.102251  -0.24979 -0.128037
 0.104507 -0.262183 -0.126245
0.0871778 -0.292071 -0.117187
 0.0668825  -0.335585 -0.0991768
0.0687099 -0.341139 -0.101421
 0.0494831  -0.381996 -0.0571677
 0.0528847  -0.381832 -0.0651073
  0.013663   -0.40815 -0.0288529
-0.0411102  -0.439998  0.0196755
-0.0381066  -0.434017   0.011732
-0.0896908  -0.464682  0.0726388
-0.0847835  -0.452111  0.0512408
-0.120561 -0.476185  0.114767
-0.117551 -0.463825 0.0917865
-0.166292 -0.492524  0.169003
-0.20632 -0.51863 0.237211
-0.203707 -0.502722  0.216527
-0.228808 -0.513577  0.256603
-0.224285 -0.497471  0.228207
-0.258049 -0.513344  0.278096
-0.290297 -0.527232  0.321251
-0.283236 -0.509075  0.295241
 -0.30641 -0.515809  0.334714
-0.295435 -0.497631  0.305659
 -0.29822 -0.490998  0.325716
 -0.28621 -0.476162  0.296948
-0.291295 -0.472592   0.32464
-0.293572 -0.473611  0.351912
-0.278435 -0.464732  0.326396
-0.273942 -0.464265  0.337269
-0.282703  -0.46803  0.372047
 -0.26788 -0.459322  0.348106
-0.292591 -0.458455  0.399602
-0.28202 -0.45173 0.383635
-0.296776 -0.450986  0.414963
-0.286724 -0.442524  0.400911
-0.320496 -0.471446  0.540838
-0.343034 -0.531662  0.713605
-0.327925  -0.52305  0.710425
 -0.34683 -0.571263   0.88535
-0.332254  -0.54105  0.874515
-0.339911  -0.53067   0.97397
-0.341411 -0.489921  0.972018
-0.393605 -0.478525   1.15485
-0.360921 -0.427933   1.20268
-0.322554 -0.380046   1.19938
-0.230641 -0.331649   1.17195
-0.190896 -0.288173   1.16003
 -0.11811 -0.250186   1.12571
-0.0870162  -0.217883    1.10604
-0.0160492  -0.174463    1.05416
0.0498109  -0.13799  0.992722
0.0743177 -0.117442  0.968501
  0.130177 -0.0999105   0.913583
  0.186744 -0.0828135   0.851093
  0.205244 -0.0772966   0.826376
  0.256321 -0.0710834   0.759156
     0.269 -0.0736632   0.733602
 0.310288 -0.075302  0.673257
  0.350543 -0.0790882   0.607417
  0.359026 -0.0854932   0.581519
  0.395553 -0.0961301   0.514867
 0.400443 -0.103236  0.490427
 0.433537 -0.117844   0.42559
 0.436511 -0.123491  0.402334
 0.464613 -0.134601  0.347441
 0.490237 -0.148838  0.288819
 0.489501 -0.161819  0.265751
 0.511537 -0.182672   0.20754
 0.508103 -0.193014  0.186358
 0.526536 -0.208213  0.137073
 0.542441  -0.22428 0.0862322
 0.537169 -0.229759 0.0668636
 0.549836 -0.245898 0.0173114
   0.542233   -0.247697 -0.00015104
   0.55269  -0.254206 -0.0411166
  0.559178  -0.264216 -0.0846844
 0.549443 -0.264241 -0.100829
 0.552124 -0.274621 -0.142823
  0.54013 -0.273399 -0.157466
 0.541196 -0.279739 -0.192638
 0.537987 -0.285298 -0.228426
 0.524343 -0.284118  -0.24174
 0.517397 -0.292948 -0.276303
 0.502259 -0.290706 -0.288079
 0.495234 -0.295645 -0.316447
 0.483773 -0.300873 -0.344996
 0.467902 -0.298331 -0.355278
 0.453448 -0.306217 -0.382325
 0.436843 -0.302154 -0.391096
 0.423446 -0.305749 -0.412707
 0.291235 -0.271105 -0.582681
 0.275063 -0.275588 -0.603207
 0.256466 -0.282367   -0.6226
   0.2498 -0.284287 -0.628255
 0.240435 -0.298832 -0.643111
 0.234242 -0.298971 -0.646411
 0.229546 -0.307818 -0.653873
 0.223699 -0.322417 -0.660896
 0.217468 -0.321547 -0.661573
 0.210904 -0.337718 -0.665005
 0.203898 -0.334758 -0.661957
 0.197856 -0.345772 -0.660907
 0.190518 -0.341989 -0.655087
 0.182932 -0.353753 -0.650206
 0.173778 -0.369019 -0.643161
 0.165577 -0.371358 -0.636194
 0.154333 -0.398648 -0.627739
 0.145765 -0.404902 -0.620476
 0.135652 -0.425687 -0.612604
 0.122922  -0.45549 -0.602983
 0.115001 -0.458829 -0.595353
 0.101446 -0.487475 -0.584959
0.0940881 -0.486473 -0.577499
0.0824184 -0.506909 -0.568551
0.0696712 -0.527002 -0.557878
0.0633827 -0.524422 -0.550772
0.0503106 -0.547447 -0.540371
0.0448593 -0.543356 -0.534365
0.0338647 -0.562329 -0.526351
0.0222905 -0.583709  -0.51714
0.0179512 -0.580797 -0.511833
0.00643908  -0.606082  -0.502976
0.00296088  -0.602465  -0.498478
-0.00656543   -0.623265   -0.491403
-0.0160877  -0.644766  -0.483038
-0.0188315  -0.641226    -0.4772
-0.0286148  -0.665262  -0.466623
-0.0303736  -0.659667  -0.461382
-0.0382188  -0.678529   -0.45226
-0.0387766  -0.672726  -0.446717
-0.0455578  -0.692489  -0.435732
-0.0517655  -0.713599  -0.424234
-0.0508912   -0.70813  -0.418045
-0.0560912  -0.730505    -0.4059
-0.0542049  -0.724195  -0.400394
-0.0579114  -0.740426  -0.389931
-0.0612097  -0.760529  -0.378144
-0.0585746  -0.755128  -0.372727
-0.061334 -0.772186 -0.362683
-0.0580605  -0.766027  -0.358013
-0.0599914  -0.784866  -0.346056
-0.0620456    -0.8057   -0.33364
-0.0585225  -0.800836   -0.32863
-0.0603146  -0.822582  -0.316128
-0.0564985  -0.816791  -0.311515
-0.0594085  -0.839487  -0.301177
-0.0622695  -0.863494  -0.288518
-0.0597526  -0.869726   -0.28352
-0.0629506  -0.893632  -0.270616
-0.0601432  -0.896245  -0.265157
-0.0632393  -0.913392   -0.25349
-0.0654806  -0.932597  -0.239327
-0.0620919   -0.93078  -0.232892
-0.0645781  -0.950101  -0.215933
-0.061042 -0.945432 -0.208109
-0.0638051  -0.957581  -0.192156
-0.0661422  -0.972239  -0.174013
-0.0623051  -0.967434  -0.165947
-0.0646068  -0.979972  -0.149877
-0.0660512  -0.992883  -0.131144
-0.0617388  -0.988564   -0.12292
-0.0631477   -1.00423  -0.103485
-0.0586637  -0.999299 -0.0951576
-0.0607154   -1.01225 -0.0785886
-0.0619529   -1.02516 -0.0595105
-0.0578372   -1.02059 -0.0517168
-0.0594753   -1.03535 -0.0327801
-0.0616942   -1.04393 -0.0168995
 -0.0578652    -1.03943 -0.00985101
-0.0599775   -1.05129 0.00736611
-0.0562515   -1.04548  0.0138132
-0.0591871    -1.0547  0.0279113
-0.0615934   -1.06398  0.0437757
-0.0584685   -1.05901   0.049267
-0.0613647   -1.07068  0.0644834
-0.0583459   -1.06601  0.0693931
-0.0618824   -1.07311  0.0815276
-0.0651268   -1.08349  0.0947192
-0.0625869   -1.07911  0.0987733
-0.0661464   -1.09128   0.111408
-0.0635395   -1.08635   0.114976
-0.067461  -1.09363  0.124931
-0.069449   -1.1044  0.135668
-0.0728162   -1.10137   0.140625
-0.0813898   -1.10787    0.15275
-0.0865172   -1.10736   0.157965
-0.0927052    -1.1221   0.169332
-0.097993  -1.13839  0.179574
-0.101017  -1.14074  0.182954
-0.105681  -1.15254  0.190938
-0.108591  -1.15251  0.193703
-0.112804  -1.16221  0.201432
-0.116633  -1.16694  0.207708
-0.119002  -1.16433  0.209932
-0.122588  -1.16407  0.214873
-0.124641  -1.15992  0.216645
-0.127722  -1.15752  0.221104
-0.129426  -1.15396  0.222625
-0.13167  -1.1518 0.226154
-0.133325  -1.14968  0.228917
-0.13432 -1.14682 0.230157
-0.135112  -1.14533  0.232078
-0.135519  -1.14238  0.233025
-0.136164  -1.13979  0.234609
-0.135846  -1.13853  0.235305
-0.135688  -1.13568  0.235999
-0.134348  -1.13552  0.235546
-0.133487  -1.13248  0.235674
-0.132283  -1.12999  0.235303
-0.130008  -1.12966  0.234045
-0.129067  -1.12611  0.234289
-0.126799  -1.12516  0.233148
-0.125585  -1.12053  0.233413
-0.122949  -1.11942  0.231929
-0.119527  -1.11919  0.229848
-0.118258  -1.11521  0.230346
-0.114979  -1.11468   0.22858
-0.113698   -1.1102  0.229293
-0.110174  -1.10886  0.227367
-0.10589 -1.10872 0.224967
-0.104428  -1.10442  0.225839
-0.100389  -1.10378  0.223697
-0.0960677   -1.10274   0.221462
-0.0945061   -1.09762   0.222646
-0.0895414   -1.09779   0.220163
-0.0877576   -1.09531   0.221433
-0.0827589   -1.09971    0.21937
-0.0770629   -1.10624   0.217131
-0.0750444    -1.1067   0.218896
-0.0695932   -1.11298   0.216739
-0.0675969   -1.11164   0.218521
-0.0574891    -1.1143   0.218503
-0.0438098   -1.11594   0.218968
-0.0388512   -1.11051   0.222586
-0.0264211   -1.11014   0.222136
-0.0123819   -1.10833   0.221808
-0.00660965     -1.1027     0.22177
0.049719 -1.10357 0.189185
0.0749321   -1.0985  0.174569
0.126667 -1.09828 0.143088
  0.1827 -1.10156 0.107226
 0.204616  -1.09934 0.0927829
0.250959 -1.10409 0.060235
 0.267544  -1.10269 0.0482099
 0.314474  -1.10711 0.0163397
  0.357685   -1.11331 -0.0155331
  0.370989   -1.11198 -0.0265112
  0.404573   -1.11619 -0.0517471
  0.437995   -1.11936 -0.0767215
  0.447052   -1.11692 -0.0833094
 0.475557   -1.1206 -0.103743
 0.481256  -1.11656 -0.105259
 0.490304  -1.11556 -0.118364
  0.47151  -1.11399 -0.130278
 0.444583  -1.10767 -0.131238
 0.420782  -1.10775 -0.141208
 0.395912  -1.10253 -0.139656
 0.378485  -1.10466 -0.145641
 0.358442  -1.10705 -0.149384
  0.33918  -1.10567 -0.146842
 0.322481  -1.11236 -0.148339
 0.307057  -1.11181 -0.145644
 0.295388  -1.11938 -0.146357
 0.283054  -1.12673 -0.145691
  0.26953  -1.12741 -0.145271
 0.255995  -1.13985 -0.145722
 0.241165  -1.14602 -0.146979
 0.228236  -1.15779 -0.147867
 0.212355  -1.17251 -0.149634
 0.197996  -1.17619 -0.152189
 0.182764  -1.18694 -0.153707
 0.178648  -1.18595 -0.169594
 0.178096  -1.19239 -0.191475
 0.176593  -1.19644 -0.211555
  0.17357  -1.19318 -0.222671
 0.169608  -1.19791 -0.227773
 0.164968  -1.20307 -0.226036
 0.159975  -1.20301 -0.217731
0.151036 -1.21132 -0.20282
 0.143431  -1.21242 -0.189985
 0.130388  -1.21873 -0.173648
0.112763 -1.22637 -0.15757
 0.101994  -1.22588 -0.154392
0.0802487  -1.23209 -0.147634
0.0685105  -1.22885 -0.152782
0.0475771  -1.23163 -0.154697
0.0246618  -1.23355 -0.161071
0.0143019  -1.22897 -0.166812
-0.00538615    -1.22988   -0.167884
-0.0123358   -1.22419  -0.169945
-0.0300841   -1.22357  -0.168707
-0.0447284   -1.22403   -0.16444
-0.0470853   -1.21927  -0.161341
-0.056451  -1.22039 -0.152851
-0.0549113   -1.21522  -0.147187
-0.0616076   -1.21506  -0.136379
-0.0658752   -1.21554   -0.12461
-0.0633127   -1.21081  -0.121025
-0.0666393   -1.21195  -0.112752
-0.0683323   -1.21181   -0.10461
-0.0650482   -1.20764  -0.104113
-0.0658608   -1.20908 -0.0984946
-0.0618947   -1.20511 -0.0990205
-0.0625946   -1.20736 -0.0953028
-0.0616069   -1.20792 -0.0915543
-0.0581817   -1.20688 -0.0926094
-0.0571767   -1.21401 -0.0894503
-0.0530919    -1.2155 -0.0896706
 -0.052001   -1.22123 -0.0865754
-0.0498523    -1.2286 -0.0832583
-0.0453718   -1.22821 -0.0828963
-0.0431795   -1.23316 -0.0799174
 -0.039365   -1.23627 -0.0764785
-0.0344428   -1.23358 -0.0761836
-0.0299831   -1.23614 -0.0737257
-0.0247922   -1.23249 -0.0737794
 -0.020699   -1.23305 -0.0724486
-0.0155803   -1.23441 -0.0718616
-0.0109133   -1.23096 -0.0729611
-0.00553867    -1.23273  -0.0737492
-0.000870539     -1.22943   -0.0750144
0.00396902   -1.23013 -0.0761966
0.00962749   -1.23184 -0.0782274
 0.0137667   -1.22864 -0.0799586
 0.0186359   -1.23026 -0.0823906
 0.0246442    -1.2305 -0.0852538
 0.0284255   -1.22686 -0.0871766
0.0343685  -1.22751 -0.091161
 0.0379696   -1.22332 -0.0930199
 0.0432971   -1.22244 -0.0968722
0.0490709  -1.22206 -0.101804
0.0519989  -1.21759 -0.104314
0.0566151  -1.21705 -0.108926
 0.061666  -1.21495 -0.113796
0.0640352   -1.2102 -0.116454
0.0686548  -1.20891  -0.12235
0.0708084  -1.20434 -0.125281
 0.074719  -1.20398 -0.131033
0.0792708  -1.20253 -0.137844
0.0807466  -1.19864  -0.14127
0.0847736  -1.19753 -0.149212
0.0860757  -1.19335 -0.152903
0.0900536  -1.19121 -0.160161
0.0938989  -1.18925 -0.168884
0.0947252  -1.18464 -0.172858
0.0972936  -1.18433 -0.182767
0.0967711  -1.18345 -0.186828
 0.099403  -1.18387 -0.195109
 0.101427  -1.18487 -0.204918
 0.100912  -1.18277 -0.208755
0.108797 -1.18152 -0.21479
0.117523 -1.17849  -0.2214
 0.122471  -1.17379 -0.223083
0.130845 -1.16981 -0.23014
 0.135151  -1.16439 -0.231831
  0.14224   -1.1602 -0.237883
 0.149321  -1.15455 -0.244798
 0.152857  -1.14883 -0.246694
 0.159662  -1.14323 -0.254059
 0.162702  -1.13751 -0.255879
  0.16824  -1.13163 -0.262094
 0.167413  -1.12513 -0.266751
 0.159862  -1.11848 -0.263415
 0.151735  -1.11106 -0.263558
 0.144973  -1.10445 -0.260282
  0.13765  -1.09715 -0.259787
 0.130702   -1.0898 -0.260037
 0.125806  -1.08339 -0.257507
 0.124871   -1.0769 -0.258985
 0.123968  -1.07062 -0.257748
  0.12492  -1.06289 -0.260842
 0.125399  -1.05542 -0.264135
 0.123839  -1.04915 -0.262941
 0.124081  -1.04268 -0.265163
 0.123376  -1.03461 -0.268583
 0.120962  -1.02843 -0.267292
 0.119785  -1.02159 -0.269573
 0.116863  -1.01553 -0.268148
 0.114798  -1.00774 -0.271349
 0.111902  -1.00023 -0.274609
   0.1085  -0.99427 -0.272916
 0.105592 -0.987606 -0.274855
 0.102042 -0.980037 -0.277749
0.0983075 -0.974271 -0.275768
0.0940682 -0.967085 -0.278704
0.0897267 -0.963357  -0.27621
0.0856074 -0.959967 -0.276863
0.0803406 -0.956977 -0.278447
0.0759791 -0.954685 -0.275043
0.0701651 -0.951922 -0.276567
 0.065948 -0.948971 -0.273035
0.0613175 -0.945993 -0.273085
0.0556837 -0.941595 -0.274514
0.0517642 -0.937852 -0.270853
0.0460549 -0.933458 -0.272386
0.0423273 -0.929513 -0.268582
0.0379711 -0.924935 -0.268748
0.0327847 -0.920774  -0.26998
0.0293605 -0.916961 -0.265974
 0.024275  -0.91309 -0.267433
0.0210287 -0.909529 -0.263212
0.0172817 -0.905774 -0.263199
 0.012912 -0.902589  -0.26427
0.00999262  -0.899079  -0.259775
0.00575219  -0.895989  -0.261048
0.00297864  -0.892428  -0.256333
-0.000287984    -0.889464     -0.25599
-0.00286857   -0.885776   -0.251191
-0.00608907   -0.882379   -0.252192
-0.00940331   -0.879183   -0.253432
-0.011582  -0.87533 -0.248359
-0.0138538  -0.872301  -0.248037
-0.0160125  -0.868372  -0.242899
-0.0182781  -0.864982  -0.243943
-0.020864 -0.861889 -0.245238
-0.0197787    -0.8579  -0.240731
-0.0194241  -0.855287  -0.240658
-0.0179465  -0.851289  -0.236197
-0.0176001   -0.84788  -0.238095
-0.0173593  -0.844933  -0.240128
-0.016047 -0.840873 -0.235362
 -0.01601 -0.838479 -0.235046
-0.0159187  -0.835239   -0.23673
-0.0147678   -0.83114  -0.231716
-0.0148158   -0.82836  -0.233563
-0.00388495   -0.826914   -0.234476
0.0196384 -0.829836 -0.245382
0.0448446 -0.832668 -0.259553
0.0607954 -0.833165 -0.261818
0.0818138 -0.836144 -0.272261
 0.103946 -0.839151  -0.28491
  0.11667 -0.838186 -0.286195
  0.13667 -0.840327 -0.298515
 0.147266 -0.838354 -0.299166
 0.164811 -0.839506  -0.31071
 0.173714 -0.837052 -0.311009
 0.186955 -0.837078 -0.318816
 0.200576 -0.837396 -0.328127
 0.207369 -0.834835 -0.328053
 0.217789 -0.835163 -0.334519
 0.228268 -0.835074 -0.342057
  0.23304 -0.832541 -0.341462
 0.241904 -0.832608 -0.348517
 0.245368 -0.830005 -0.347529
 0.251409 -0.830059 -0.351859
 0.257295 -0.829549 -0.356958
 0.257814 -0.827043 -0.356836
 0.251588 -0.828768 -0.368243
 0.244927  -0.82738 -0.371772
 0.238072 -0.828566 -0.379879
 0.231047 -0.829062 -0.389043
 0.224628 -0.827237 -0.392346
 0.217321 -0.827414 -0.401226
 0.211073 -0.825319  -0.40434
 0.203587 -0.825275 -0.410444
 0.196123 -0.824574 -0.418087
 0.190278 -0.822228 -0.421124
 0.182656 -0.821268 -0.428787
 0.176976 -0.818714 -0.431777
 0.169121 -0.817209  -0.43638
 0.161272 -0.815713 -0.443304
 0.155987 -0.812878 -0.446192
 0.147947 -0.810817 -0.453114
 0.142815 -0.807743 -0.455993
 0.134476 -0.805112 -0.459488
0.0775945 -0.810371 -0.467628
0.0383027 -0.815039 -0.471517
-0.0249982  -0.822631  -0.476721
-0.0879083   -0.83142  -0.494455
-0.118222 -0.834027 -0.500992
-0.174556 -0.840007 -0.512424
-0.196043  -0.83927 -0.513519
-0.239389  -0.84091 -0.515926
-0.255733 -0.838226 -0.514644
-0.296387 -0.838289 -0.515247
-0.332712 -0.836544 -0.513221
-0.344319 -0.832408 -0.510183
-0.373758 -0.829421 -0.504716
-0.381578 -0.824269 -0.500257
 -0.40761 -0.819642 -0.493974
-0.430761 -0.814233 -0.486476
-0.435316 -0.808406 -0.480684
-0.454868 -0.802901 -0.471503
-0.457213 -0.796519 -0.464787
-0.473127  -0.78944 -0.454784
-0.486809 -0.781728 -0.444114
-0.480543 -0.770489 -0.444045
-0.487108 -0.759243 -0.439411
-0.490352 -0.746844 -0.434259
-0.482652 -0.736402 -0.429987
-0.484613 -0.725034 -0.417857
-0.476731 -0.715025 -0.407381
-0.478535 -0.705189 -0.389741
-0.478632 -0.693103   -0.3685
-0.470775 -0.683533 -0.352824
-0.470132 -0.670614 -0.327171
-0.462042 -0.661602 -0.312264
-0.461989 -0.651103  -0.29092
-0.459615 -0.639623 -0.267827
-0.451449 -0.631984 -0.255202
-0.448409  -0.62177 -0.234269
-0.440232 -0.615237 -0.223305
-0.437438 -0.607415 -0.207825
-0.432805 -0.599624   -0.1917
-0.424472 -0.594281 -0.182409
 -0.42095 -0.590822 -0.171411
-0.413467 -0.590567 -0.164272
-0.407786 -0.588751 -0.152918
-0.401458 -0.588604 -0.143117
-0.393513 -0.588448 -0.136731
-0.387471  -0.58826 -0.129775
-0.378715 -0.587635 -0.122454
-0.370734 -0.586987 -0.117132
-0.361089  -0.58692 -0.110819
-0.353115 -0.585594 -0.106192
-0.343833 -0.586361 -0.101762
 -0.333386  -0.587081 -0.0980968
 -0.325718   -0.58621 -0.0945273
 -0.314796  -0.587943 -0.0915447
 -0.307811  -0.588135 -0.0885182
 -0.297839  -0.590336 -0.0873211
 -0.287011  -0.593402 -0.0858489
 -0.280683  -0.594056 -0.0835007
 -0.271152  -0.597308 -0.0831195
 -0.265576  -0.597547 -0.0810762
 -0.255171  -0.601817 -0.0807872
 -0.245163  -0.605813 -0.0806097
 -0.240227  -0.606461 -0.0789053
 -0.231322  -0.610594 -0.0790597
 -0.222673  -0.614614 -0.0800095
 -0.218947  -0.614737 -0.0787216
-0.210968 -0.618586 -0.079554
 -0.208156  -0.617837 -0.0784373
 -0.201142  -0.620454 -0.0799471
 -0.194571  -0.622925 -0.0810087
 -0.192417  -0.621031 -0.0801812
-0.186912 -0.622646 -0.081536
 -0.185588   -0.62026 -0.0807339
-0.180271 -0.621292 -0.082036
 -0.175971  -0.621964 -0.0829324
 -0.175143  -0.619119 -0.0822406
  -0.17178  -0.619608 -0.0834115
  -0.16878  -0.619828 -0.0843715
 -0.168751  -0.616913 -0.0838808
 -0.166843  -0.616975 -0.0844686
 -0.168209  -0.616441 -0.0851331
 -0.166927   -0.62108 -0.0865544
 -0.167263   -0.62578 -0.0888436
 -0.168578  -0.626903 -0.0893165
  -0.16913  -0.632185 -0.0908288
-0.170682 -0.632082 -0.090683
 -0.170669  -0.635741 -0.0907791
 -0.171823  -0.638666 -0.0910921
 -0.173244   -0.63679 -0.0902413
-0.174251 -0.638429 -0.089472
-0.175622 -0.639562 -0.087988
 -0.177162  -0.636842 -0.0867903
 -0.179178  -0.637391 -0.0843169
 -0.180893  -0.634636 -0.0830304
  -0.18301  -0.635189 -0.0806952
 -0.184761  -0.632542 -0.0793705
 -0.187245  -0.632856 -0.0764037
 -0.190415  -0.633049 -0.0725813
 -0.191973  -0.630269 -0.0708769
 -0.195155  -0.630548 -0.0672089
 -0.196836  -0.627773 -0.0653756
 -0.200263  -0.627549 -0.0608747
 -0.204289  -0.626929 -0.0554341
 -0.205689  -0.623747 -0.0531721
  -0.20957  -0.623059 -0.0480928
 -0.210935   -0.61973 -0.0457857
 -0.215005  -0.618326 -0.0398264
 -0.219531  -0.616453 -0.0330247
 -0.220487  -0.612815 -0.0303901
 -0.224676  -0.611182 -0.0242874
 -0.225466  -0.607592 -0.0217376
 -0.229476  -0.605282 -0.0148046
  -0.233672   -0.602607 -0.00707975
  -0.233974   -0.598833 -0.00419202
  -0.23793  -0.596564 0.00273349
 -0.238064  -0.592881 0.00554786
-0.241762 -0.589954 0.0134048
-0.245581 -0.586667  0.021965
-0.245115 -0.582762 0.0250982
-0.248546 -0.579809 0.0326197
-0.248601 -0.578238 0.0343903
-0.251489 -0.578836 0.0414836
 -0.25441 -0.579575 0.0488496
-0.253098 -0.579615 0.0509528
-0.254958 -0.580639  0.058351
-0.253357 -0.579423 0.0608092
-0.254789 -0.579069 0.0676155
-0.255801 -0.577658 0.0758771
-0.253766  -0.57465 0.0790227
 -0.25428 -0.571784 0.0880639
-0.252008 -0.568121 0.0911911
-0.252432 -0.565095 0.0987611
-0.252406 -0.561235  0.107463
-0.249846 -0.557544  0.110377
-0.249859  -0.55431   0.11782
-0.247103 -0.550942  0.120385
-0.246102  -0.54731  0.128265
-0.244756 -0.543607  0.136512
-0.241738 -0.540334  0.139231
-0.240082 -0.536673  0.147491
-0.237084 -0.533637  0.149976
-0.235932 -0.530547   0.15676
-0.234192 -0.526979  0.164494
-0.231143 -0.523901  0.166962
-0.229948  -0.52072  0.173713
-0.226866 -0.517742  0.175957
-0.224789 -0.514119  0.182986
-0.222399 -0.510315  0.190287
-0.219171 -0.507376  0.192444
-0.216588 -0.503626  0.199497
 -0.21342 -0.500992  0.201245
-0.211464 -0.497991  0.206735
-0.208875 -0.494699  0.212848
-0.205717 -0.492275  0.214381
-0.203712 -0.489559  0.219611
 -0.20056 -0.487385  0.220896
 -0.19771 -0.484467  0.226167
-0.194559 -0.481505  0.231668
-0.191255 -0.479376  0.232912
-0.188676 -0.476964  0.237149
-0.186181 -0.476577  0.240831
-0.182602 -0.479151  0.240304
 -0.17888 -0.481563  0.243252
-0.175234 -0.484058  0.242651
-0.171621 -0.486451  0.244658
-0.166822 -0.488926  0.247058
-0.163244 -0.489328  0.247201
-0.159215 -0.489925  0.250051
-0.154202 -0.489938  0.252936
-0.150819 -0.488752  0.253426
-0.145573 -0.487657  0.256793
-0.142394 -0.486098  0.257094
-0.138274 -0.484863  0.259942
-0.135327 -0.483458  0.259879
-0.130614 -0.482193  0.262201
-0.125757 -0.480994  0.264515
-0.123036 -0.479859  0.264159
-0.119283 -0.479116  0.265999
-0.114968 -0.478449  0.267419
-0.112612 -0.477595  0.266782
-0.108294 -0.476875  0.268324
-0.106116 -0.475999  0.267649
-0.102523 -0.475342  0.269441
-0.0989136  -0.475069   0.269914
-0.0968506  -0.475048    0.26868
-0.0930417  -0.474665   0.269481
-0.0910776  -0.474543   0.267841
-0.0876731  -0.474419   0.268038
-0.0843212  -0.473913   0.266776
-0.0822779   -0.47383   0.263645
-0.078497 -0.473243  0.261631
-0.0764371  -0.473175   0.257935
-0.0732161  -0.472784   0.255345
-0.0695078  -0.472087    0.25248
-0.0674453  -0.471828   0.248525
-0.0642412  -0.471115   0.246028
-0.0605763  -0.470043   0.242977
-0.0585666  -0.469485   0.239323
-0.0546065  -0.467902   0.236753
-0.0526169  -0.467117   0.233466
-0.0501758  -0.467682   0.230249
 -0.04631 -0.469825   0.22713
-0.0442184  -0.473239   0.222878
-0.0401889  -0.475943   0.219618
-0.038152 -0.478081  0.216351
-0.0347372  -0.479523   0.214466
-0.0307724  -0.480261   0.213264
-0.0290263  -0.480133    0.21147
-0.0259317  -0.479209   0.211605
-0.0225796  -0.477499   0.211903
-0.0212017  -0.476088   0.210694
-0.0179296    -0.4735   0.211437
-0.016778 -0.471932  0.210067
-0.0144255  -0.469493   0.210543
-0.0119818  -0.466732   0.210497
-0.0111139  -0.465464   0.208541
-0.00874532   -0.462752    0.208304
-0.00803764   -0.461769    0.206208
-0.00642519   -0.459609    0.205987
-0.00475811   -0.457284    0.205312
-0.00426068   -0.456338    0.203261
-0.00262571   -0.453776    0.202882
-0.00218251   -0.452764    0.201026
-0.00118469   -0.450365    0.200775
-4.9753e-05    -0.44752    0.200699
0.000156549   -0.446849    0.198908
0.000850207   -0.444091    0.199019
0.00114967  -0.442808   0.197239
0.00175403  -0.440177   0.196955
0.0026328 -0.436777  0.196842
0.00272173  -0.436016   0.194973
0.00317954   -0.43296   0.195042
0.00339214  -0.431753   0.193209
0.00372567  -0.428968    0.19287
0.00434318  -0.425526   0.192725
0.00444171  -0.424364    0.19085
0.00474241  -0.421938   0.191195
0.00477219  -0.419108    0.19076
0.00485315  -0.418016   0.188976
0.00518648  -0.414565   0.188864
0.00450639  -0.415743   0.186008
0.00409234  -0.417611    0.18473
0.0038145 -0.419267  0.183169
0.00373357   -0.42251   0.180497
0.00336917  -0.424425   0.179735
0.00331435  -0.425877   0.178751
0.00329815  -0.427525   0.177353
0.00359101  -0.427328   0.177546
0.00375253  -0.427615   0.176848
0.00388718  -0.425993   0.177884
0.00413006  -0.424366   0.178861
0.0043463 -0.423526  0.178065
0.00482482  -0.421551    0.17904
0.00509592  -0.421365   0.177975
0.00553159  -0.419312   0.178771
0.00582908  -0.417787   0.178699
0.00602719  -0.418045   0.177155
0.00660485  -0.416313   0.176979
0.0069419 -0.415459  0.176715
0.00709857  -0.415438   0.175084
0.0077108 -0.414568  0.174784
0.00792228  -0.414529   0.173305
0.00837282  -0.413619   0.173145
0.00906345   -0.41273   0.172608
0.00909681  -0.412556   0.171065
0.00960535  -0.411012   0.170679
0.00966528   -0.41078   0.169181
0.00994059  -0.409257   0.168921
0.0107821 -0.408279  0.168122
0.0107046  -0.40812  0.166451
0.0112079 -0.406672   0.16577
0.0111525 -0.406609  0.164148
0.0113294 -0.405417  0.163423
0.0117434 -0.404214  0.162746
0.0115623 -0.404312  0.161061
0.0117987 -0.403255  0.160543
0.0116678 -0.403403  0.159004
0.0118221 -0.402531  0.158023
0.0121548 -0.401687  0.157242
0.0124458 -0.402424  0.155453
0.0119693 -0.403918  0.153531
0.0106858  -0.40876  0.151055
0.00976588   -0.41316   0.149369
0.00874684  -0.418269   0.147562
0.00765108  -0.422383   0.145922
0.00694447  -0.426038   0.145431
0.00632029  -0.429646   0.145171
0.00583661  -0.431438   0.144845
0.00598395  -0.433497   0.145658
0.00601967  -0.434042   0.145912
0.0065254 -0.434715   0.14723
0.00734646  -0.435033   0.148645
0.00762239  -0.435368   0.148601
0.00898939  -0.435271   0.149859
0.00950315  -0.435993   0.149615
0.0107508 -0.436508   0.15022
0.0124639  -0.43742  0.151018
0.0129751 -0.438813  0.150412
0.0148943  -0.44025  0.151045
0.0153997  -0.44193  0.150517
0.0169352 -0.443482  0.150857
0.0187953 -0.445261  0.151552
0.0192096 -0.446865  0.151076
0.0211286 -0.448604  0.151934
0.0214833 -0.450089  0.151616
0.0231048 -0.451525  0.152576
 0.024617 -0.453042  0.153222
0.0249102 -0.454379    0.1528
0.0266333 -0.455766  0.153644
0.0268537 -0.457078  0.153217
0.0283047 -0.458337  0.154116
0.0296111 -0.459704  0.154635
0.0297885 -0.461021  0.154143
0.0312952 -0.462371  0.154928
0.0313888 -0.463724  0.154491
0.0326149 -0.464988  0.155458
0.0336701  -0.46636  0.156091
  0.03373 -0.467653   0.15571
0.0348386 -0.468924    0.1567
0.0346916 -0.470179  0.156389
0.0345022 -0.473128   0.15591
0.0337261 -0.478384    0.1558
0.0320657 -0.484193  0.154324
0.0308237 -0.490639  0.153974
0.0293709 -0.495424  0.153117
0.0281862 -0.500339  0.153734
0.0267925 -0.505295  0.154591
0.0259863 -0.507972  0.154856
0.0252093 -0.511319  0.156829
0.0248334 -0.512948  0.157518
0.0243671 -0.514998  0.159621
0.0243083 -0.516817   0.16231
0.0243802 -0.518224  0.162963
0.0245075 -0.519937  0.165399
0.0248265 -0.521999  0.167803
0.0251434 -0.523752  0.168217
0.0258747  -0.52605  0.170782
 0.026225 -0.528043  0.171045
0.0267534 -0.530227  0.173349
0.0273491 -0.532707  0.175577
0.0278028 -0.534744  0.175893
0.0286944 -0.537174  0.178452
0.0290929 -0.538927  0.178723
 0.029536 -0.540734  0.180775
0.030325  -0.5423 0.183071
0.0310722 -0.543548  0.182864
0.0320732 -0.544546  0.184215
 0.032721 -0.545442  0.183985
0.0331291 -0.545817  0.186689
0.0338217 -0.545824  0.189655
0.0343581 -0.546071   0.19048
0.0342542 -0.545522  0.193018
0.0156076 -0.544161  0.194839
-0.000482136    -0.543469     0.194834
-0.0176242  -0.541418   0.197421
 -0.03254 -0.540571  0.198433
-0.0489566  -0.538152   0.202672
-0.0582114  -0.535933   0.202968
-0.0588377  -0.533485   0.195528
-0.0607162  -0.529221   0.190981
-0.0609116  -0.525233   0.184154
-0.0622637  -0.522118   0.180514
-0.0631598  -0.519292   0.177555
-0.0622185  -0.515183   0.172064
-0.0624947  -0.512694    0.16929
-0.0623301  -0.510614   0.167067
-0.0602782  -0.506608   0.162597
-0.0597123  -0.504849   0.161239
-0.0571328  -0.501007   0.157386
-0.0568913  -0.499333   0.156008
-0.0559678  -0.496322   0.155346
-0.0535176  -0.494233   0.152445
-0.0534783  -0.492872   0.152056
-0.0505374   -0.48953   0.149524
-0.0505735  -0.488576   0.149694
-0.0510364  -0.487791    0.15014
-0.048364 -0.486241  0.147825
-0.0485136   -0.48382   0.147539
-0.0456569  -0.482444   0.145119
-0.0466324  -0.481867   0.145213
-0.0481457  -0.479906   0.145538
-0.047469 -0.478541  0.144942
-0.0497318  -0.478187   0.145462
-0.0488864  -0.476778   0.144898
-0.0510297  -0.476321   0.145165
-0.053065 -0.476029  0.145475
-0.0519514  -0.474881   0.144977
-0.0538071  -0.474649    0.14531
-0.0557042  -0.474583    0.14518
-0.0611349  -0.473965    0.15117
-0.110416 -0.466058   0.18887
-0.132547  -0.46122   0.20727
-0.174916 -0.456198  0.239734
-0.222017 -0.448661  0.276266
-0.240152 -0.444294  0.292245
-0.274413 -0.438179  0.316813
-0.263784 -0.434743  0.330393
-0.177976 -0.427194  0.365689
-0.0890167  -0.420083   0.401941
-0.0334374  -0.415942   0.417901
0.0448731 -0.408477  0.446253
  0.07734 -0.406633  0.450237
 0.126086 -0.402369  0.462635
 0.169533 -0.399275  0.463791
 0.185141 -0.396148   0.45436
 0.212949 -0.395078  0.444839
 0.216831 -0.394927  0.432346
  0.22984 -0.394868  0.417918
0.228605 -0.39546 0.404111
 0.234919 -0.398771  0.385183
 0.237205 -0.403432  0.363135
 0.235572 -0.404685  0.349836
 0.239063 -0.408949  0.329948
0.239351 -0.40862  0.31836
 0.243002 -0.413469  0.297556
 0.248496 -0.418438  0.277388
 0.250425 -0.418119  0.267739
 0.259111 -0.421185    0.2511
 0.263106 -0.422118  0.243432
 0.272942 -0.426101  0.226608
 0.283907 -0.428236  0.209868
 0.287168 -0.427373  0.202025
 0.298016 -0.429122  0.187765
 0.308668 -0.430993   0.17353
 0.310786 -0.430283  0.166978
 0.320167 -0.432427  0.153312
  0.32105 -0.431824  0.147509
  0.32886 -0.433809  0.135374
 0.325815 -0.433905  0.133081
 0.311463 -0.430723  0.141486
 0.296783 -0.429445  0.147457
 0.284737 -0.426396  0.150017
 0.276216 -0.425952  0.146843
 0.266541 -0.426771   0.14118
 0.258847 -0.427734  0.134383
 0.252833 -0.431759  0.121605
 0.248641 -0.434454  0.111165
 0.248738 -0.439462 0.0963363
 0.247114 -0.441985 0.0872396
 0.249749 -0.447157 0.0733485
 0.253729 -0.452276 0.0609438
 0.252147 -0.453703 0.0563178
 0.256979 -0.457161 0.0495634
 0.256152 -0.457219 0.0490501
 0.260895 -0.457851 0.0468814
 0.265284 -0.459046 0.0474186
  0.26415 -0.458702 0.0483989
  0.26763 -0.458649 0.0490606
 0.265282  -0.45867 0.0493514
 0.267079 -0.459922 0.0505347
 0.267499 -0.461495 0.0515138
 0.264247 -0.461206 0.0503786
 0.262938 -0.463336 0.0504827
 0.258532 -0.464249 0.0486743
  0.25619  -0.46556 0.0483094
 0.252208 -0.466077 0.0487349
 0.247431 -0.479953 0.0491356
 0.242599 -0.531865 0.0539073
 0.237671 -0.557665 0.0555302
 0.232721 -0.605495 0.0614461
 0.225977 -0.628642 0.0688309
 0.216763 -0.677963 0.0842308
 0.207388 -0.726373  0.100553
 0.201975 -0.746126  0.108052
 0.194898 -0.787332   0.12316
 0.187692 -0.829492  0.140194
 0.184907 -0.844501  0.148137
 0.179482 -0.882952  0.166238
 0.178071 -0.894559  0.174105
 0.173793 -0.926804  0.190201
  0.17017 -0.958119  0.208302
 0.169646 -0.966384  0.215951
 0.166407 -0.992622  0.231847
0.166238 -1.00309 0.239838
0.162951 -1.04886 0.260712
0.159789  -1.0924 0.281655
0.159655 -1.10771 0.290194
0.156232 -1.13488 0.307106
0.152833 -1.15663  0.32443
0.153379 -1.15189 0.329352
0.149528 -1.15997 0.342831
0.148762 -1.15052  0.34519
0.143667 -1.15274 0.354807
  0.1382 -1.14942 0.363985
0.137367 -1.13827 0.365375
 0.13142 -1.13411 0.374156
0.130902 -1.12434 0.375581
0.124961 -1.12318 0.383289
0.123886 -1.11593 0.384345
0.114862 -1.11535 0.389615
 0.10598 -1.11491 0.394821
0.103621 -1.10866 0.394011
0.0965106  -1.10816  0.398518
0.095734 -1.10138 0.397803
0.0894949  -1.09765  0.401988
0.0844208   -1.0918  0.405906
0.0852875  -1.08261  0.404619
0.0818792  -1.07319  0.407823
0.083969 -1.06239 0.406003
0.0817904  -1.05169  0.407861
0.0847226  -1.03999  0.405653
0.0840157  -1.02575  0.407394
0.0843557  -1.00964  0.408687
0.0881506  -0.99767  0.405968
0.0895707 -0.980361  0.406813
0.0939687 -0.968904  0.403898
0.0963118 -0.950873  0.404375
 0.101071 -0.939884   0.40127
 0.103275 -0.923694  0.400654
 0.106769 -0.905204  0.400425
 0.111884 -0.894628  0.396918
 0.115224 -0.877534  0.395521
 0.120637 -0.867367  0.391831
 0.124965 -0.848161  0.390844
 0.129699 -0.828524  0.388921
  0.13451 -0.819665  0.383191
0.139233 -0.79999 0.379774
 0.144345 -0.791281  0.373828
 0.148077 -0.773867  0.369148
 0.153057 -0.754647   0.36523
 0.157409 -0.748431  0.358936
 0.162256 -0.733304  0.355641
 0.167126 -0.732094  0.350584
 0.171109 -0.728721   0.34892
 0.176039 -0.726073  0.348603
 0.180649 -0.730223  0.344854
 0.185817 -0.724083  0.343751
0.190288 -0.72353 0.338242
 0.194278 -0.713331  0.334005
 0.199089 -0.699461  0.329924
 0.203125 -0.694131  0.322335
 0.206875 -0.678572  0.315774
 0.211135 -0.659492  0.309554
 0.214946 -0.651986  0.300692
0.219313 -0.63128 0.293979
 0.223007 -0.623325  0.284872
 0.226381 -0.603727  0.276808
 0.230166 -0.596884  0.267678
 0.233217 -0.576227  0.261063
 0.236682 -0.556372  0.254607
 0.239699 -0.550781   0.24576
 0.243035 -0.532673  0.239949
 0.245233 -0.528873   0.23179
 0.247227 -0.514071  0.225137
 0.248917 -0.499849  0.220503
0.250978 -0.49823  0.21298
 0.243735 -0.482787  0.223895
 0.224722 -0.482593  0.226036
 0.199696 -0.472807  0.233516
 0.174291 -0.464223   0.24335
0.158667 -0.46602 0.244162
0.138137 -0.45902 0.250602
  0.12518 -0.461882  0.250991
 0.105762 -0.457019  0.259566
0.0877561 -0.454508  0.268126
 0.077693 -0.458803  0.268224
0.0637179 -0.457444  0.273704
0.0555588 -0.462818   0.27358
0.0424245 -0.464041  0.281029
0.0306792  -0.46707  0.288485
0.0253558 -0.475806  0.287975
0.0174169  -0.48458  0.293032
0.0101924 -0.496049  0.299526
0.00691966  -0.508786   0.299728
0.00138283  -0.522767   0.306388
-0.00106629   -0.534479    0.306447
0.000756725   -0.544795    0.314027
0.0040852  -0.55726  0.324085
0.00781759  -0.566099   0.327375
0.0115919 -0.578566  0.337063
 0.015304 -0.586757  0.340122
 0.019365 -0.597171  0.346635
0.0237542 -0.609913  0.355072
0.0274411 -0.618166  0.357914
0.0321356  -0.63192  0.366202
0.0357414 -0.640284  0.368978
0.0405767 -0.652666  0.374352
0.0455663 -0.667334  0.381997
0.0489302 -0.675553  0.384838
0.0540246 -0.688541  0.390057
0.0508037 -0.699528  0.398277
0.0478716  -0.71838  0.412047
0.0450776 -0.737377  0.426121
0.0417364  -0.74751  0.433624
0.0435157 -0.761626  0.440314
 0.04646 -0.77639 0.446757
0.0479413 -0.783657  0.448148
0.0551182 -0.797581  0.450697
0.0587211 -0.803628  0.450087
0.0680968 -0.816424  0.446677
0.0779675 -0.829912  0.444156
0.0811044 -0.835213  0.443515
0.0909169 -0.847975  0.441075
0.0929398 -0.852107  0.441861
 0.101803 -0.862761  0.439097
 0.110206 -0.873402  0.438711
 0.110931 -0.876442  0.440608
 0.129106 -0.884747  0.441817
 0.155414 -0.882962  0.446516
  0.20523 -0.885008  0.448668
 0.258327 -0.888859  0.452435
 0.280176 -0.892989  0.454968
  0.32724 -0.901371  0.456334
0.339576 -0.90656 0.457629
 0.373154 -0.915709  0.456031
 0.404575 -0.926308  0.451216
 0.410667 -0.930764  0.448514
   0.4356 -0.939033   0.44111
 0.438609 -0.941906  0.438511
 0.460603 -0.949992  0.429608
 0.480159 -0.957273   0.42028
   0.4809 -0.959331  0.417939
 0.497312 -0.965104  0.409631
 0.511565 -0.971012  0.401188
0.510097 -0.97284 0.399338
0.522075 -0.97871 0.391077
 0.519006 -0.980568  0.389464
 0.528881 -0.985663  0.382214
 0.524653 -0.987479  0.380659
 0.531542 -0.992611  0.373406
 0.536631 -0.997453  0.366441
 0.530709 -0.998897  0.364583
0.533259 -1.00301 0.358087
0.526242 -1.00394 0.356504
0.527455 -1.00721 0.350704
0.519704 -1.00779 0.349026
0.518406 -1.01015 0.343025
0.509827 -1.01052 0.341085
0.505833 -1.01245 0.335325
0.500584 -1.01389 0.329729
0.491178  -1.0142 0.327497
 0.48568 -1.01469 0.322274
0.477817 -1.01588 0.317747
 0.46814 -1.01611 0.315611
0.459122 -1.01637 0.310982
0.449329 -1.01653 0.308923
0.440522 -1.01689  0.30525
0.430015 -1.01642 0.301165
0.420085 -1.01666 0.298967
0.410154 -1.01633 0.295632
0.399552 -1.01948 0.292067
0.385642 -1.02556 0.286909
0.371014 -1.03287  0.28152
0.360017 -1.03995 0.277947
0.346893 -1.04658 0.274066
0.332426 -1.05373  0.26994
0.323211 -1.05793 0.267736
0.309507 -1.06303 0.264768
0.301747 -1.06521 0.263378
0.290528 -1.06737 0.262109
0.279047 -1.06908 0.260792
0.272568 -1.07044 0.259576
0.263143 -1.07125 0.258793
0.257733 -1.07271 0.257597
0.247846 -1.07414  0.25665
0.238711   -1.076 0.255605
0.233965 -1.07797 0.254169
0.226543 -1.07906 0.253545
0.222659 -1.08186   0.2524
0.215025 -1.08361 0.251611
0.208133 -1.08614 0.250726
0.204956 -1.08819 0.249563
0.199431 -1.08958 0.249151
0.197128 -1.09122 0.248239
0.191679 -1.09284 0.247556
0.187252 -1.09375 0.246574
0.185479 -1.09507 0.245406
0.182059  -1.0955 0.244578
0.178842 -1.09629 0.243317
0.177933 -1.09738 0.242064
0.175888 -1.09772 0.240144
0.175536 -1.09883 0.238797
0.173735 -1.09893 0.236578
0.173381 -1.09949 0.234687
0.173421 -1.10082 0.233104
0.173486 -1.10076  0.23091
0.173981  -1.1014 0.228034
0.174469 -1.10289 0.226282
0.175755 -1.10387 0.222648
0.176393 -1.10541 0.220821
0.177065 -1.10879   0.2161
0.176144 -1.11583 0.211121
0.173944 -1.12385 0.208115
0.172908 -1.13274 0.202028
0.171451 -1.13951 0.199415
0.170854  -1.1458  0.19401
0.171442 -1.15332 0.189116
0.171278 -1.15777 0.186914
 0.17323 -1.16211 0.182444
 0.17408 -1.16526 0.180561
0.176822 -1.16993 0.175524
0.180883 -1.17432 0.170146
0.182071 -1.17725 0.167969
0.187135 -1.18173  0.16234
 0.18867 -1.18478 0.160388
 0.19356 -1.18865 0.155621
0.199397 -1.19329 0.150122
0.200741 -1.19655  0.14803
0.206259 -1.20025 0.142967
0.207386 -1.20334 0.140933
0.212894 -1.20795 0.135169
0.218576 -1.21195 0.129162
0.219121 -1.21437 0.126817
0.224015 -1.21691 0.121558
0.229149 -1.21956 0.115648
 0.22918 -1.22137 0.113658
0.234002 -1.22369 0.107753
0.233501 -1.22507 0.106483
 0.23753  -1.2265 0.101757
 0.241502  -1.22802 0.0966414
 0.240418  -1.22929 0.0952271
 0.243948  -1.23006 0.0904795
 0.242396  -1.23122 0.0892819
 0.245128  -1.23271 0.0838241
 0.247653  -1.23418 0.0779153
  0.24555  -1.23541 0.0759422
 0.247429  -1.23586 0.0699591
 0.249485  -1.23746 0.0642427
0.246891 -1.23863 0.062305
 0.248269  -1.23996 0.0556572
  0.24437  -1.24389 0.0526576
 0.243294  -1.24583 0.0469451
 0.242165  -1.24589 0.0407643
 0.237302  -1.24473 0.0391563
  0.23483  -1.24446 0.0327586
 0.230026  -1.24409 0.0306816
 0.228363  -1.24385 0.0240511
  0.22559  -1.24503 0.0164304
 0.221047   -1.2468 0.0127701
  0.218449   -1.24954 0.00380505
   0.214136    -1.25222 0.000305934
   0.212675    -1.25496 -0.00736243
  0.210498   -1.25886 -0.0153255
  0.206594   -1.26133 -0.0181675
 0.204719  -1.26462 -0.025764
  0.201039   -1.26608 -0.0276571
  0.199863   -1.26737 -0.0334332
  0.198447   -1.26818 -0.0396102
  0.194963   -1.26867 -0.0417104
  0.194131   -1.26783 -0.0474683
  0.192521   -1.26735 -0.0538787
  0.189058   -1.26738 -0.0565517
  0.187403   -1.26667 -0.0639928
   0.18388   -1.26672 -0.0669176
  0.182866   -1.26537 -0.0738577
  0.181104   -1.26484 -0.0815366
   0.17772   -1.26537 -0.0848254
  0.176052   -1.26509 -0.0930349
  0.172712   -1.26573 -0.0959825
 0.171363  -1.26439 -0.103362
 0.170253  -1.26453 -0.110404
 0.167125  -1.26527 -0.113292
 0.165922  -1.26514 -0.120802
 0.162884  -1.26573 -0.123358
 0.162118   -1.2649 -0.129704
 0.161136  -1.26426 -0.136785
0.158232 -1.26487 -0.13953
 0.157807  -1.26335 -0.145884
  0.15669  -1.26293 -0.152803
 0.153789  -1.26357 -0.155488
 0.151688  -1.26632 -0.163925
 0.146613  -1.26749 -0.164767
 0.143898  -1.26235 -0.169784
 0.140143   -1.2581 -0.174874
 0.135545   -1.2549 -0.176398
  0.13244  -1.25088 -0.181539
0.128157 -1.24894 -0.18741
 0.123913  -1.24952 -0.190683
 0.119825  -1.25131 -0.198081
 0.115965   -1.2542 -0.201766
 0.113324   -1.2571 -0.208548
 0.109992  -1.26065 -0.211582
 0.106982  -1.26582 -0.218032
 0.103894  -1.27111 -0.223167
 0.101119  -1.27377 -0.224674
0.0992447  -1.27551 -0.228619
 0.097514  -1.27852 -0.231154
0.0957847  -1.27948 -0.232454
0.0941573  -1.28097 -0.235044
0.0926308  -1.28105 -0.236776
0.0916211  -1.28088 -0.239756
 0.100625  -1.29573 -0.265584
0.0989593  -1.29622 -0.267679
  0.09876  -1.29454 -0.271755
0.0989441  -1.29798 -0.284886
  0.10015  -1.30091 -0.300051
 0.101562  -1.30435 -0.316547
 0.101598  -1.30779 -0.326388
 0.103129  -1.30892 -0.336448
 0.101377   -1.3119 -0.340275
 0.100259  -1.31388 -0.340401
0.0996918  -1.31611 -0.339652
  0.09915  -1.31712 -0.338614
0.0995362  -1.31777 -0.337272
0.0997877  -1.31883 -0.335398
0.0990454  -1.31998 -0.335109
0.0988072  -1.32149  -0.33368
0.0977815  -1.32254 -0.334066
0.0974162  -1.32236 -0.334268
 0.096902  -1.32463 -0.333733
0.0938702  -1.32942 -0.334551
0.0882747  -1.33625 -0.334112
0.0815494  -1.34405 -0.334091
 0.074959  -1.35303 -0.333455
0.0663306  -1.36353 -0.332458
0.0609441  -1.36976 -0.332319
0.0530069  -1.37931 -0.331124
0.0492725  -1.38367  -0.33112
0.0443866  -1.38984 -0.330365
0.0397789  -1.39646  -0.32933
0.0376694  -1.39987 -0.329319
0.0342742  -1.40641 -0.327974
0.0332135   -1.4094 -0.328018
0.0317254  -1.41458 -0.327082
0.0306926   -1.4208 -0.325783
0.0301345  -1.42409 -0.325634
0.0295339  -1.43099 -0.323923
 0.029497  -1.43654 -0.322744
0.0291392  -1.43972 -0.322503
0.0291261  -1.44622 -0.320911
0.0287264  -1.44889  -0.32081
0.0291076   -1.4532 -0.319894
0.0288736  -1.45954 -0.318506
0.0283026  -1.46177 -0.318451
  0.02786  -1.46759 -0.317126
 0.027131  -1.46919 -0.317334
0.0271525  -1.47256  -0.31682
0.0265153  -1.47777 -0.316016
0.0256879  -1.47911 -0.316219
0.0244943  -1.48363 -0.313577
 0.023119  -1.48427 -0.311926
0.0221128  -1.48739 -0.308957
0.0211361  -1.48783 -0.307332
0.0206863  -1.49124  -0.30388
0.0206919  -1.49455  -0.30014
0.0209246  -1.49475 -0.298029
0.0221574  -1.49681 -0.294586
0.0239928  -1.49904 -0.290437
0.0252349  -1.49871 -0.288321
0.0277243  -1.50078 -0.283723
0.0270687  -1.50354 -0.281246
0.0243275   -1.5102  -0.27617
0.0213618  -1.51955 -0.269723
0.0174058  -1.52496 -0.266022
0.0130503  -1.53363 -0.259586
0.0103955  -1.53701 -0.256262
0.00820186   -1.54152  -0.251589
0.00586907   -1.54692  -0.246093
0.00494365   -1.54837  -0.243315
0.00394099   -1.55193  -0.238101
0.00416072   -1.55425    -0.2342
0.00425063   -1.55489  -0.232024
0.00505841   -1.55712  -0.227647
0.00541413   -1.55779  -0.225835
0.00625599   -1.56036  -0.221459
0.00654535   -1.56125  -0.219764
0.00885684   -1.56232  -0.215633
0.0106459  -1.56512 -0.210591
0.0114714  -1.56579 -0.208408
0.0124662   -1.5681  -0.20385
0.0123667  -1.56854 -0.202372
0.012506  -1.5689  -0.1998
0.0119453  -1.57121 -0.196307
0.0109205  -1.57132 -0.195487
0.00928478   -1.57238  -0.192779
0.00764971   -1.57206  -0.192527
0.00569303    -1.5724  -0.190882
0.00290743   -1.57219  -0.189533
0.000871499    -1.57168   -0.189629
-0.00249722    -1.57111   -0.188585
-0.00480642    -1.57035   -0.189061
-0.00794699     -1.5696   -0.188546
-0.0117666    -1.5683  -0.188414
-0.0140917    -1.5675  -0.189038
-0.0181258   -1.56589   -0.18912
 -0.02054  -1.56487 -0.190035
-0.0239852   -1.56321  -0.190381
-0.00971148    -1.48227   -0.227611
0.0200792  -1.46834 -0.248928
0.0950096  -1.54048 -0.267154
 0.217291  -1.61841 -0.308552
 0.357455  -1.71082 -0.357244
 0.496592  -1.82318 -0.387209
 0.595049  -1.92343 -0.385848
  0.74263  -2.03577 -0.398506
 0.892549  -2.09624 -0.420902
 0.929791  -2.04845 -0.433564
  0.97919  -1.93146 -0.479874
 0.927631  -1.73303 -0.522073
 0.927649   -1.5175 -0.598547
 0.851131  -1.33159 -0.644859
 0.788764  -1.10634 -0.732579
 0.682798 -0.980686 -0.808888
  0.59619 -0.943147 -0.829791
 0.481902 -0.898283 -0.895371
 0.411083 -0.876585 -0.904373
 0.338782 -0.837776  -0.92951
 0.252544 -0.787759 -0.937527
 0.205287 -0.766895 -0.920845
 0.135709  -0.71466 -0.932764
 -0.444738  -0.632208 -0.0112111
 -0.490027  -0.614571 -0.0356872
-0.259283 -0.687898  0.252559
-0.261993 -0.631892  0.321559
-0.290479 -0.591671  0.611434
-0.254377 -0.548402  0.654222
-0.227709 -0.469106  0.702734
-0.203612 -0.446991  0.734421
-0.186511 -0.382404  0.789374
-0.177213 -0.372058  0.846248
 -0.18205 -0.324318  0.922745
-0.17984 -0.31874 0.967567
-0.196471 -0.286113   1.01781
-0.219015 -0.255913   1.05921
 -0.22603 -0.253319   1.06759
-0.330713 -0.164756    1.1409
-0.340356  -0.16786   1.12853
-0.377345 -0.144696   1.12861
-0.416526 -0.098621   1.13687
 -0.427023 -0.0712955    1.14638
 -0.481204 -0.0708579    1.15136
-0.511903  -0.15217   1.14793
-0.584078 -0.192356   1.09856
-0.617929 -0.252498   1.05012
-0.681172 -0.281362  0.976241
-0.744275 -0.306201  0.884614
-0.731726 -0.333388  0.824781
-0.745284 -0.331391  0.713829
-0.730031 -0.339132  0.674298
-0.739889 -0.319022  0.602573
-0.723581 -0.315452  0.575109
-0.733515  -0.28154  0.511584
 -0.71683 -0.271899  0.489941
-0.724584 -0.225582  0.438103
-0.697286 -0.174921  0.401269
-0.666707 -0.161166  0.386444
-0.639811 -0.108037  0.355418
 -0.612142 -0.0954177   0.341524
  -0.58807 -0.0550821   0.314296
  -0.564943 -0.00723572    0.285775
 -0.541208 0.00450063   0.269881
-0.520614 0.0529365  0.238554
-0.499286 0.0620292  0.221649
-0.481097 0.0982857  0.192217
-0.461914   0.10576   0.17427
-0.445851  0.146824  0.141695
 -0.4312 0.189245 0.106848
-0.415067  0.196442 0.0884142
 -0.40239  0.237896 0.0524077
-0.387986  0.242052  0.034273
   -0.3769   0.272136 0.00297484
  -0.36655    0.30549 -0.0311096
  -0.35421   0.308455 -0.0484013
 -0.345227   0.343067 -0.0825876
 -0.334145   0.343701 -0.0987067
-0.326293  0.368558 -0.127312
-0.316322  0.367912  -0.14251
-0.309481  0.396087 -0.172877
-0.303277  0.425449 -0.202872
-0.294774  0.424244  -0.21652
-0.289816   0.45108 -0.247896
-0.282717  0.443109 -0.263477
-0.278786   0.45831 -0.289885
-0.272474  0.449291 -0.304176
-0.269081  0.462262 -0.331856
-0.265732  0.469953 -0.357475
-0.260225  0.461623 -0.368807
 -0.25703  0.464611 -0.387666
-0.252415  0.456372 -0.397482
 -0.24982  0.459889 -0.416665
-0.247716  0.465595 -0.432346
-0.244192  0.459237 -0.438668
-0.241831  0.462811 -0.448382
-0.235984  0.458054 -0.448123
-0.231607  0.463066 -0.454816
-0.227551  0.468142 -0.461203
-0.222088  0.461724 -0.461068
-0.218276   0.46331 -0.466791
-0.214673  0.453276 -0.464193
-0.212731  0.449827 -0.465976
 -0.21089  0.446861 -0.468689
-0.207797  0.434449 -0.465437
-0.206258  0.429723 -0.467626
 -0.20347  0.415802 -0.464051
-0.202141  0.408164 -0.464767
-0.200864   0.40103 -0.466406
 -0.19852  0.386365 -0.462648
-0.197537  0.378709 -0.463046
-0.195461  0.363557 -0.459169
  -0.1947  0.354368 -0.460349
 -0.19414  0.346149 -0.461597
-0.192412  0.331188 -0.457394
-0.192103  0.323416  -0.45849
-0.18855 0.308526 -0.45636
-0.173931  0.298947 -0.463825
-0.155863  0.290554 -0.474055
-0.148572  0.276183 -0.472866
-0.133297  0.268298 -0.480549
-0.127563  0.253924 -0.478478
-0.112912  0.244978 -0.486605
-0.0992845   0.236574  -0.494327
-0.0957564   0.221632  -0.491256
-0.084055  0.213178 -0.497838
-0.0819288   0.197923  -0.493323
-0.0730128    0.18711  -0.496422
-0.0642811   0.175922  -0.499714
-0.0636291   0.161855  -0.494556
-0.056854  0.151873 -0.496102
-0.0572831   0.138286  -0.490455
-0.0515392   0.127036  -0.491836
-0.0465947   0.117082  -0.492723
-0.0481586   0.104812  -0.486745
-0.0447682  0.0962343  -0.486244
-0.0422669  0.0862281  -0.485529
-0.0449318  0.0749464  -0.479178
-0.0433274  0.0668256  -0.478063
-0.0467075  0.0558856  -0.471432
-0.0462554  0.0487724  -0.469238
-0.0467436  0.0403057  -0.466779
-0.050768 0.0303409 -0.460072
-0.0519487   0.023654  -0.457345
-0.0583718  0.0146895  -0.450824
-0.0629719 0.00986548  -0.447722
-0.0695366 0.00121424  -0.441111
 -0.0741284 -0.00474096   -0.437892
 -0.0791543 -0.00963199   -0.434369
-0.0852322 -0.0181877  -0.427732
-0.0904633  -0.023218  -0.423362
-0.0966051 -0.0322368  -0.416582
 -0.102418 -0.0387018  -0.412147
 -0.108533 -0.0442475  -0.407517
 -0.114532 -0.0531793  -0.400711
 -0.120935 -0.0585469  -0.395809
 -0.126867 -0.0679018   -0.38893
 -0.133144 -0.0734679  -0.383315
  -0.13893 -0.0829115  -0.376474
 -0.14583 -0.091246 -0.370823
  -0.15183 -0.0985698  -0.365929
-0.154949  -0.10772 -0.360963
-0.159126 -0.114049 -0.356654
-0.162326 -0.123096 -0.351498
-0.167531 -0.130336 -0.346675
-0.171552 -0.139377 -0.340447
-0.177675 -0.145412 -0.334696
-0.184531 -0.151891 -0.328045
-0.189296 -0.160683 -0.320733
-0.196998 -0.167124 -0.313072
 -0.20196 -0.175938 -0.305421
-0.209522 -0.181993 -0.296986
-0.217754 -0.189302 -0.288462
-0.222392 -0.197496 -0.280989
-0.230309 -0.203167 -0.272914
-0.234426 -0.211021 -0.265918
-0.241939 -0.215663 -0.258304
-0.245517 -0.223065 -0.251788
-0.252364 -0.228245 -0.243945
-0.258793 -0.232124  -0.23721
-0.261546 -0.238837 -0.231376
-0.267362 -0.241603 -0.225371
-0.269462 -0.248042 -0.220134
-0.274634 -0.251577 -0.213768
-0.279336 -0.253679 -0.208584
-0.280676 -0.259586 -0.203938
-0.284792 -0.260685 -0.199432
-0.285606 -0.266479 -0.195239
-0.289028 -0.267225 -0.190422
-0.289456 -0.272849 -0.186546
 -0.29282 -0.274543 -0.182436
-0.295591 -0.274656 -0.178988
-0.295399 -0.279972 -0.175534
-0.297722 -0.280155 -0.171541
 -0.29721  -0.28559 -0.168362
-0.312151 -0.285574 -0.165278
-0.335982  -0.28377 -0.162809
-0.345398 -0.288375 -0.159975
-0.367954 -0.286231 -0.157255
-0.374204 -0.291712  -0.15317
 -0.39078 -0.292075 -0.147979
-0.406644 -0.291623 -0.142748
-0.408907 -0.297744  -0.13755
-0.421116 -0.296916 -0.131362
-0.420346 -0.302747  -0.12574
-0.425687 -0.303637 -0.119479
-0.415393 -0.302241 -0.117502
-0.405221 -0.308116 -0.114597
-0.395434 -0.304732 -0.112173
-0.386012 -0.310999 -0.109031
 -0.37683 -0.309595 -0.106136
 -0.36784   -0.3064 -0.103361
-0.359551 -0.312643  -0.10084
  -0.35127  -0.310335 -0.0984526
 -0.343643  -0.317169 -0.0960603
 -0.335834  -0.315183 -0.0936519
 -0.328266  -0.312144 -0.0915836
 -0.321559  -0.318939 -0.0898037
 -0.314666  -0.317209 -0.0879997
-0.308498 -0.324732 -0.086184
 -0.301987  -0.323692 -0.0843758
 -0.295704  -0.321814 -0.0828307
 -0.290275  -0.329309 -0.0814845
 -0.284444  -0.327373 -0.0801785
 -0.279449  -0.335569 -0.0787383
 -0.274172  -0.334847 -0.0775039
 -0.268965  -0.335896 -0.0759185
 -0.264563  -0.344088 -0.0748231
 -0.259746  -0.343898 -0.0737148
 -0.255681  -0.352645 -0.0725853
 -0.251316  -0.353212 -0.0716274
 -0.246999   -0.35546 -0.0703555
 -0.243398  -0.364071 -0.0695964
   -0.2394  -0.364923 -0.0688407
  -0.23606   -0.37398 -0.0680598
 -0.232417  -0.375726 -0.0673467
-0.228818 -0.378508 -0.066485
 -0.225842  -0.387345 -0.0660382
 -0.222499  -0.388854 -0.0656347
 -0.219725  -0.398053 -0.0651699
 -0.216658  -0.400379 -0.0647326
 -0.213611   -0.40368 -0.0641685
 -0.211111  -0.412594 -0.0640007
 -0.208281  -0.413559 -0.0639386
 -0.205967  -0.420926 -0.0640685
 -0.203371  -0.421773 -0.0641998
 -0.200739   -0.42297 -0.0642924
 -0.198657  -0.430145 -0.0646374
 -0.196106  -0.429668 -0.0651384
 -0.194139  -0.437318 -0.0653226
 -0.191741  -0.438069 -0.0654546
 -0.189898  -0.445861 -0.0655882
  -0.18752  -0.447021 -0.0656672
 -0.185175  -0.447068 -0.0659016
 -0.183488  -0.454629 -0.0662884
 -0.181278  -0.455884 -0.0662625
 -0.179044  -0.457733 -0.0661494
  -0.17748  -0.465563 -0.0665363
 -0.175325  -0.466067 -0.0667328
 -0.173815   -0.47424 -0.0671037
 -0.171771  -0.475839 -0.0671181
 -0.17033 -0.483985 -0.067567
 -0.168297  -0.485934 -0.0676226
 -0.166287  -0.486648 -0.0679527
-0.164943 -0.494354 -0.068755
 -0.162969   -0.49453 -0.0692191
 -0.161656  -0.502577 -0.0699328
 -0.159738  -0.505266 -0.0697676
  -0.15785  -0.506425 -0.0701448
 -0.156617  -0.514113 -0.0710488
 -0.153966  -0.515005 -0.0718454
  -0.15279  -0.522882 -0.0727295
 -0.151066  -0.524036 -0.0730426
 -0.149292    -0.5263 -0.0731526
 -0.148181  -0.533751 -0.0742221
 -0.146457  -0.534131 -0.0747158
  -0.14535  -0.541774 -0.0757577
 -0.142856  -0.544859 -0.0759446
 -0.141245  -0.545587 -0.0764166
 -0.140228  -0.552736 -0.0776125
 -0.138625  -0.552469 -0.0782421
 -0.137591  -0.559768 -0.0794228
 -0.135984  -0.561875 -0.0793779
 -0.133627  -0.561232 -0.0802733
 -0.132731  -0.565381 -0.0820714
  -0.13126  -0.561709 -0.0831676
 -0.130355  -0.566092 -0.0849239
-0.128567 -0.564341 -0.084902
 -0.125893  -0.560596 -0.0855625
 -0.125002  -0.564851 -0.0870116
 -0.123138  -0.559661 -0.0873458
  -0.12226  -0.564351 -0.0888906
 -0.120497  -0.562474 -0.0886131
 -0.118685  -0.558313 -0.0889253
-0.117849 -0.562906 -0.090573
 -0.115274  -0.558477 -0.0912284
-0.114481 -0.563472 -0.092968
 -0.112816   -0.56175 -0.0927794
 -0.111122  -0.557809 -0.0932254
 -0.110359  -0.562686 -0.0950049
 -0.108649   -0.55795 -0.0954895
 -0.107879  -0.563245 -0.0973294
  -0.10558  -0.561051 -0.0976823
  -0.10399  -0.558398 -0.0978394
 -0.103284  -0.563539 -0.0996535
 -0.101689  -0.559306 -0.0999784
-0.100971 -0.564858 -0.101828
-0.0988348  -0.562985  -0.102032
-0.0981587  -0.568584  -0.103831
-0.0966898  -0.566024  -0.103782
-0.0951832  -0.562106  -0.103938
-0.0945146  -0.567422  -0.105747
-0.0925013  -0.563634  -0.105961
-0.0918395  -0.569413  -0.107761
-0.0904352  -0.568318  -0.107133
-0.0890124  -0.565251  -0.107062
-0.0879565  -0.571486  -0.108927
-0.0866462  -0.569787  -0.108595
-0.0859765  -0.575743  -0.110391
-0.0846491  -0.573874  -0.109939
-0.0830696  -0.571225  -0.109757
-0.0823984  -0.576827  -0.111528
-0.0811131  -0.575108  -0.110995
-0.0804082  -0.579246  -0.112975
-0.0791235  -0.573897   -0.11288
-0.0777766  -0.566912   -0.11299
-0.0770815  -0.569169  -0.115301
-0.0757593  -0.563378  -0.115136
-0.0752558  -0.567052  -0.117232
-0.0740068  -0.560394  -0.116789
-0.0727023  -0.552359  -0.116374
-0.0720078  -0.555609   -0.11823
-0.0719436  -0.547513  -0.117066
-0.0779635  -0.551716  -0.116718
-0.0955709  -0.546584  -0.109525
-0.114374 -0.541541   -0.1023
-0.123211 -0.546016 -0.101653
 -0.145311  -0.539905 -0.0944267
 -0.152142  -0.545232 -0.0938099
 -0.170631  -0.541114 -0.0869887
 -0.187506  -0.538129 -0.0799525
 -0.190191   -0.54377 -0.0798417
 -0.203418  -0.539686 -0.0731229
-0.202687 -0.546171 -0.073359
 -0.212037  -0.542067 -0.0668472
  -0.20909  -0.548787 -0.0672832
 -0.215251  -0.548469 -0.0611877
 -0.218836  -0.546398 -0.0552537
 -0.213808  -0.552957 -0.0558501
 -0.214632  -0.550246 -0.0500065
 -0.208003  -0.557271 -0.0507162
 -0.208037  -0.556417 -0.0454036
  -0.20542  -0.555959 -0.0397901
 -0.197982  -0.562549 -0.0405591
 -0.193704   -0.56033 -0.0351471
 -0.185626  -0.567187 -0.0359714
 -0.182045   -0.56642 -0.0311497
 -0.176236  -0.565831 -0.0259725
 -0.168137  -0.572061 -0.0268735
 -0.161436  -0.569458 -0.0219351
 -0.153252   -0.57583 -0.0229009
 -0.147921   -0.57459 -0.0186751
-0.139851 -0.580679 -0.019715
 -0.132975  -0.576639 -0.0152695
 -0.125736  -0.568837 -0.0114349
 -0.118459  -0.569732 -0.0131767
 -0.113058  -0.563087 -0.0101348
  -0.10609  -0.564481 -0.0119074
 -0.0993149   -0.555893 -0.00855304
 -0.0921512   -0.545398 -0.00548536
 -0.0854575   -0.546601 -0.00746384
 -0.0781482   -0.535453 -0.00455398
 -0.0717554   -0.537444 -0.00660353
 -0.0660563   -0.530798 -0.00422229
-0.0592466  -0.521343  -0.001777
 -0.0532621   -0.523271 -0.00402307
 -0.0479224   -0.516199 -0.00231684
 -0.0422249   -0.518758 -0.00463202
 -0.0351975   -0.510333 -0.00257819
  -0.0271024    -0.499761 -0.000949939
 -0.0209035   -0.501411 -0.00370878
 -0.0130715   -0.490206 -0.00221565
-0.00790918   -0.492487 -0.00518218
-0.00230624   -0.484887 -0.00422697
 0.00352883   -0.475244 -0.00316939
0.00741747  -0.477171 -0.0061562
  0.0123734   -0.477957 -0.00597099
  0.0151997   -0.480407 -0.00905293
  0.0177416   -0.481473 -0.00990829
 0.0197145  -0.483384 -0.0130046
 0.0220431  -0.484593 -0.0136274
 0.0237702  -0.483645 -0.0145754
 0.0250554  -0.484792 -0.0176724
 0.0255319  -0.482963 -0.0191163
 0.0264396  -0.483744 -0.0221046
 0.0271744   -0.48203 -0.0230353
 0.0277847  -0.478345 -0.0240852
 0.0285538  -0.478768 -0.0269751
0.0291688 -0.474174 -0.027971
 0.0299221    -0.4746 -0.0307122
 0.0301924  -0.471593 -0.0319219
 0.0309162  -0.466498 -0.0327249
 0.0317816  -0.466891 -0.0353574
 0.0317644  -0.459228 -0.0366789
 0.0352553  -0.453686 -0.0338319
 0.0419283  -0.442814 -0.0235885
 0.0489527  -0.428173 -0.0127696
  0.0532092   -0.422866 -0.00822964
  0.0586217   -0.403791 -0.00680901
  0.0594478   -0.400682 -0.00674829
  0.061385   -0.37006 -0.0214266
 0.0501163   -0.33568 -0.0492673
 0.0488155  -0.334334 -0.0513332
 0.0372576  -0.297218 -0.0762873
  0.037755  -0.295131 -0.0747777
 0.0324779  -0.275578 -0.0833255
 0.0316821   -0.26286 -0.0906846
 0.0323595  -0.261815 -0.0909665
 0.0324378  -0.256398 -0.0990374
 0.0341103  -0.254575 -0.0989332
0.0324436 -0.260684 -0.104807
0.0336301 -0.259248 -0.111851
0.0357047 -0.256442 -0.111317
0.0373967  -0.25444 -0.118561
0.0398419  -0.24847 -0.117624
0.0392873 -0.252779 -0.122637
0.0414986 -0.245812 -0.128288
0.0439563 -0.238863 -0.126921
0.0463874 -0.229499 -0.132438
0.0489681 -0.219406 -0.130693
0.0488171 -0.216923 -0.134169
0.0511038 -0.202103 -0.138037
0.0535949 -0.191943 -0.135926
 0.054396 -0.172352 -0.140139
 0.056924 -0.159732  -0.13772
0.0557475 -0.149199 -0.139926
0.0615006 -0.135297 -0.131664
0.0588809  -0.11407 -0.140427
 0.0596542 -0.0888123  -0.142939
 0.0617097 -0.0773645  -0.140689
 0.0606488 -0.0622875  -0.141643
 0.0673597 -0.0477852  -0.131891
 0.0640138 -0.0232894  -0.140865
 0.0647068 0.00818961  -0.141989
0.0665576 0.0251499 -0.139554
0.0653212 0.0478033 -0.139347
0.0728849 0.0685187 -0.127127
0.0685974  0.103911 -0.136939
0.0699465   0.14718 -0.133691
0.0714614   0.16242 -0.132786
0.0709314  0.194602 -0.130514
 0.071276  0.234589 -0.127087
0.0730153  0.248666 -0.125756
0.072396 0.293925 -0.12097
0.074043 0.307231 -0.12005
0.0722412   0.34037 -0.113811
0.0725748  0.386744 -0.101564
0.0727528  0.393039 -0.103928
 0.0729013   0.439753 -0.0846933
 0.0722848   0.439894 -0.0915367
0.0706133  0.470726 -0.072254
 0.0634783   0.507203 -0.0462602
 0.0663576   0.504244 -0.0539178
  0.057441   0.531575 -0.0264446
  0.060276   0.526476 -0.0358006
  0.0568083    0.547102 -0.00748995
0.0733921  0.572425 0.0717786
0.0681328  0.560025 0.0538469
0.00899796   0.586688   0.138234
0.0035619  0.574777  0.112961
-0.0324292   0.589831   0.161424
-0.0791927   0.606439   0.219643
-0.082345  0.592292  0.195023
-0.127196  0.606346  0.248922
-0.127606  0.592765  0.218829
-0.15556 0.598341 0.245672
-0.193191  0.604802  0.281466
-0.191023  0.589271  0.254491
-0.226613  0.593079  0.287688
-0.222244  0.578453  0.258977
-0.242206  0.575294  0.271268
-0.236736  0.560337  0.244984
-0.260717  0.557796  0.280412
-0.267181  0.552053  0.318336
-0.255642  0.541121  0.295996
-0.270416  0.533924  0.329631
-0.259393  0.524998  0.308864
-0.266433  0.518276  0.327829
-0.315029  0.541071  0.460159
-0.304501  0.534843  0.456978
-0.317465  0.556035  0.568354
-0.30537 0.544794 0.562232
-0.333184  0.594027  0.748296
-0.36008 0.642405 0.940832
-0.346604  0.620117  0.933154
-0.380212  0.630752   1.12104
-0.366175  0.588026   1.10432
-0.421998   0.52404   1.15117
-0.406663  0.473959   1.12612
-0.410345  0.420984   1.10115
-0.408171   0.37834   1.09745
-0.352305  0.327003    1.0759
-0.246679  0.274505   1.05778
-0.187394    0.2396   1.05828
-0.0796865   0.196004    1.04147
-0.0361013   0.174452    1.03142
0.0436326  0.149031   1.00189
0.110093 0.125052  0.95068
0.130053 0.114391 0.926017
 0.180409 0.0987178  0.862467
 0.191426 0.0962786  0.836783
 0.229749 0.0916042  0.778712
 0.267024 0.0888944  0.714563
  0.27447 0.0927621   0.68802
0.309183  0.10334 0.622269
0.313599 0.109615   0.5968
0.343636 0.121506 0.539904
0.346617 0.127117 0.515483
0.375923 0.139713 0.454851
0.403569 0.154145  0.39436
0.405059 0.158107 0.370905
0.429587  0.16703 0.319211
0.428908  0.16848 0.297685
0.450938 0.181194 0.242358
0.470381 0.199999 0.187484
0.466471 0.210993 0.165744
0.482891 0.225288 0.118748
0.476935 0.232661 0.099065
 0.490614  0.248477 0.0503864
  0.501499   0.265289 0.00269683
  0.494083   0.269216 -0.0156114
  0.502202   0.283253 -0.0608495
  0.492995   0.283184 -0.0771158
0.499596 0.290133 -0.11498
 0.489233   0.28844 -0.130017
 0.492009  0.293953 -0.168543
 0.491697  0.301446 -0.206224
 0.479875  0.299952 -0.220102
 0.479064  0.301455 -0.250787
 0.473909  0.307513 -0.283511
 0.456513  0.304257 -0.299338
 0.441928  0.310346 -0.336431
 0.422604  0.305875 -0.351595
 0.285934  0.268899 -0.563088
  0.27704  0.275375 -0.587637
 0.263486  0.272082 -0.598013
 0.264555  0.288469 -0.618136
 0.262126  0.292234 -0.624232
 0.264675  0.304476 -0.638225
   0.2683  0.319806 -0.649905
 0.265236   0.32178 -0.652967
 0.267597  0.339758 -0.661272
 0.262978  0.339121 -0.661067
   0.2637  0.357019 -0.665238
 0.257949  0.354926 -0.661496
 0.257958  0.364484 -0.660721
  0.25522  0.379327 -0.657599
 0.248361  0.377171 -0.651206
 0.243319  0.394289 -0.645899
 0.235287  0.391189 -0.638883
 0.229862  0.404684 -0.633685
 0.222178  0.418861 -0.626671
 0.213828  0.416485 -0.620254
 0.203254   0.44008 -0.613956
 0.193291  0.447637 -0.608382
 0.183028  0.473116 -0.603479
 0.170153  0.502627 -0.597263
 0.160506  0.508223 -0.591933
 0.145859  0.540727 -0.584861
   0.1365  0.541716 -0.579196
 0.123732   0.56509 -0.572677
 0.115047  0.563006 -0.566755
 0.100756  0.587093 -0.558359
0.0854349  0.612519  -0.54969
0.0776397  0.609694 -0.543909
0.0645427  0.629785 -0.536968
0.0576228  0.625618 -0.532229
0.0436728  0.647787 -0.524046
0.0290089  0.672443 -0.515383
0.0227375  0.668679 -0.509424
0.00808075   0.694237  -0.499367
0.00299749   0.689411  -0.494398
-0.00884426    0.709789   -0.485772
-0.0123605   0.704334  -0.480556
-0.0235597   0.725503  -0.470105
-0.0343019   0.748401  -0.458883
-0.0360547   0.742804  -0.452924
-0.0444406   0.760895   -0.44289
-0.0522974    0.77958   -0.43086
-0.0523534    0.77316  -0.425309
-0.0595032   0.794356   -0.41269
-0.0585801    0.78729  -0.407786
-0.0648882      0.809  -0.394966
-0.0702018   0.823207  -0.384192
-0.0685572   0.817041  -0.379327
-0.0736072   0.835655  -0.366759
-0.0713524   0.829042  -0.362383
-0.0758809   0.844591  -0.351437
-3.43513 0.631412 0.259995
 -3.4411 0.653885 0.280117
-3.44721 0.678696 0.300632
-3.41825 0.702914   0.2659
-3.39423 0.748769 0.238607
-3.36141 0.777636 0.204052
 -3.3256  0.84361 0.165737
-3.27585 0.913606 0.115436
 -3.23776  0.947078 0.0842422
 -3.18669   0.99649 0.0264208
  -3.12489    1.04726 -0.0422991
  -3.08554    1.06399 -0.0876784
 -3.03025    1.0974 -0.139825
-2.99669  1.10352  -0.1745
 -2.93868   1.13386 -0.221442
-2.88223  1.15957 -0.26042
 -2.85726   1.15961 -0.282541
-2.81407  1.17607 -0.30575
 -2.77063   1.19038 -0.324742
 -2.75513   1.18591 -0.334848
 -2.71725   1.19912 -0.345449
 -2.70635   1.19291 -0.352087
 -2.67668   1.20206 -0.356846
 -2.64811   1.21022 -0.358793
 -2.64052   1.20236 -0.362553
 -2.61446    1.2099 -0.361964
 -2.60891    1.2002 -0.365017
 -2.58661   1.20299 -0.364216
 -2.56514   1.20627 -0.362859
 -2.56071   1.19573 -0.365814
 -2.54279   1.19464 -0.361122
 -2.52547   1.19251 -0.355605
 -2.52322   1.18004 -0.354912
 -2.50622   1.17922 -0.349545
 -2.50352   1.16629 -0.348216
 -2.48632   1.16565 -0.342045
 -2.47025   1.16087 -0.336505
 -2.46679   1.14881 -0.334124
 -2.45135   1.14701 -0.326324
  -2.4485   1.13546 -0.323837
  -2.4349    1.1338 -0.317389
 -2.43281   1.12341 -0.314851
 -2.42066    1.1219 -0.305985
 -2.40979   1.12351 -0.297052
 -2.40856   1.11743 -0.294535
 -2.40106   1.12256 -0.287953
 -2.40219   1.12509 -0.289288
 -2.39646   1.13381 -0.288193
 -2.39247   1.14484 -0.286572
 -2.39372   1.14575 -0.289398
  -2.3896   1.15371 -0.287782
 -2.39175   1.15109 -0.290305
 -2.38788   1.14936 -0.287765
 -2.38924   1.14522 -0.287191
-2.38753  1.14125 -0.28323
  -2.3873   1.13609 -0.278969
 -2.39028   1.13124 -0.278944
 -2.39183    1.1246 -0.276056
 -2.39612   1.11719 -0.272077
 -2.40057   1.11319 -0.272602
 -2.40596   1.10688 -0.268426
 -2.41096   1.10374 -0.269145
 -2.41702   1.09867 -0.266226
 -2.42232   1.09607 -0.267157
 -2.43782   1.08954 -0.269959
 -2.47163   1.08372 -0.289122
 -2.49274   1.07996 -0.304148
-2.52096  1.07394 -0.32082
 -2.54813   1.06687 -0.338044
 -2.55618   1.06258 -0.344859
 -2.57015   1.05636 -0.352305
  -2.5669    1.0535 -0.358114
 -2.56715   1.04787 -0.363041
 -2.56083   1.04276 -0.367972
 -2.55054   1.04132 -0.373049
 -2.53685    1.0395 -0.376796
 -2.52388   1.03884 -0.381509
-2.51101  1.03542 -0.38363
 -2.4947  1.03485 -0.38594
-2.48309    1.035  -0.3905
 -2.47051   1.03638 -0.391365
 -2.46076   1.03633 -0.395905
 -2.44801    1.0377 -0.397632
-2.43568  1.04024 -0.39942
 -2.42793   1.03935 -0.403931
 -2.41818   1.04434 -0.405457
 -2.41261   1.04801 -0.409004
 -2.40701   1.05229 -0.408613
 -2.39856   1.05995 -0.410134
 -2.39322   1.06195 -0.413504
 -2.38609    1.0668 -0.413705
 -2.38069   1.06666 -0.417258
-2.37102  1.07041 -0.41937
 -2.35908   1.07459 -0.421686
 -2.35295   1.07319 -0.424898
 -2.33934   1.07674 -0.426899
  -2.3329   1.07425 -0.429961
 -2.32287   1.07475 -0.429453
 -2.31031   1.07736 -0.430512
 -2.30345   1.07513 -0.433006
-2.29352  1.07745 -0.43158
 -2.28702   1.07507 -0.433923
 -2.27537   1.07672 -0.434242
 -2.25377   1.07752 -0.441884
 -2.23675   1.07251 -0.455512
 -2.21233   1.07137 -0.465887
 -2.18508   1.06865 -0.474625
  -2.1701   1.06515 -0.479276
 -2.14529   1.06862 -0.480522
 -2.13509   1.06953 -0.477248
 -2.12052   1.07505 -0.468239
-2.10602  1.08051  -0.4578
 -2.09949   1.08053 -0.451473
 -2.09134   1.08412 -0.439761
 -2.08864   1.08224 -0.435535
-2.08402  1.08475  -0.4276
 -2.08041   1.08578 -0.421998
 -2.07945   1.08187 -0.421792
 -2.08086   1.08472 -0.427648
 -2.09052   1.08887 -0.448431
 -2.10201   1.09707 -0.468535
 -2.11163   1.10812 -0.494106
 -2.11226   1.11408 -0.519148
 -2.11112   1.12212 -0.537807
-2.10538  1.12549 -0.54948
 -2.09819    1.1245 -0.555074
 -2.08634   1.12946 -0.555915
 -2.07686   1.12912 -0.558293
 -2.06519   1.13221 -0.553955
  -2.0496   1.13242 -0.548403
 -2.04013   1.12954 -0.551694
 -2.02179   1.12895 -0.546718
 -2.01265   1.12442 -0.550899
 -1.99859   1.12177 -0.546846
 -1.98136    1.1193 -0.543392
 -1.97324   1.11469 -0.548514
 -1.95959   1.11339 -0.545514
 -1.95195   1.10935 -0.550405
 -1.9365  1.10699 -0.54746
 -1.91959   1.10633 -0.544474
 -1.91259    1.1033 -0.549619
  -1.8997   1.10401 -0.546116
 -1.88574   1.10333 -0.541826
 -1.87947   1.10102 -0.546863
-1.86466  1.10168 -0.54273
  -1.859  1.09887 -0.54685
 -1.84806   1.09942 -0.542101
 -1.83632   1.09817 -0.536373
 -1.83161   1.09478 -0.540184
 -1.81946   1.09392 -0.533761
 -1.81536   1.08981 -0.536298
-1.80676  1.08907  -0.5296
 -1.79757   1.08673 -0.521889
 -1.79458   1.08284 -0.524119
 -1.78491   1.08158 -0.516114
-1.78209  1.07755 -0.51766
 -1.77645   1.07578 -0.509588
 -1.77032   1.07418 -0.498487
 -1.7694  1.06967 -0.49759
 -1.76583   1.06596 -0.479718
 -1.76529   1.06105 -0.476988
 -1.76525   1.05612 -0.457448
 -1.76424   1.05071 -0.431732
 -1.76499   1.04618 -0.421623
 -1.76666   1.04427 -0.392618
 -1.76929   1.04147 -0.375998
 -1.77216   1.04343 -0.343445
 -1.77535   1.04636 -0.307856
 -1.77899   1.04681 -0.296034
 -1.78444   1.05127 -0.267641
 -1.79104   1.05555 -0.239248
 -1.79536     1.056 -0.231028
  -1.8012   1.06127 -0.206126
 -1.80578   1.06111 -0.197828
 -1.81358   1.06543 -0.177803
  -1.8201   1.07062 -0.156593
 -1.82417   1.07084 -0.151891
 -1.83184   1.07612 -0.133021
  -1.8384   1.08096 -0.114018
-1.84264  1.08107 -0.10809
   -1.8489    1.08658 -0.0877104
  -1.85207    1.08632 -0.0811196
  -1.86029    1.09123 -0.0612173
  -1.86197     1.0913 -0.0576754
  -1.87138    1.09602 -0.0364539
  -1.87952    1.10129 -0.0156032
  -1.88179    1.10151 -0.0141898
 -1.89054   1.10656 0.0033895
 -1.89906   1.11158 0.0198812
 -1.90119   1.11176 0.0193942
 -1.90796   1.11712 0.0342611
 -1.90976    1.1172 0.0327198
  -1.9168   1.12206 0.0458665
 -1.92345   1.12664 0.0577146
 -1.92508   1.12649 0.0550468
 -1.93006   1.13107 0.0660484
 -1.93124   1.13072 0.0625129
 -1.9353  1.13507 0.072622
-1.93974  1.13867 0.080465
 -1.94053     1.138 0.0759102
 -1.94265    1.1415 0.0832973
 -1.94308   1.14061 0.0781103
 -1.94555   1.14337 0.0847901
 -1.94688   1.14688 0.0901318
  -1.9477   1.14615 0.0843268
 -1.94877   1.15144 0.0864063
-1.94882  1.15798 0.086227
 -1.94931   1.16101 0.0768807
 -1.94766   1.16751 0.0760402
 -1.94848   1.16949 0.0668641
 -1.94832   1.17426 0.0678294
-1.94679  1.17883 0.066648
 -1.94807   1.17905 0.0577796
 -1.94692   1.18211 0.0580145
 -1.94871   1.18146 0.0492553
 -1.94783   1.18315 0.0480574
 -1.94541   1.18395 0.0470586
 -1.94732   1.18264 0.0381103
 -1.94403   1.18254 0.0376444
 -1.94626   1.18113 0.0286425
 -1.94418   1.18088 0.0298238
 -1.94094   1.18065 0.0288082
-1.94294  1.18037 0.019606
 -1.93822   1.17743 0.0197679
 -1.93936    1.1721 0.0105672
  -1.93453    1.16578 0.00932677
   -1.9281    1.15901 0.00826644
   -1.92906     1.15331 -0.00105562
    -1.92204      1.14721 -0.000514389
   -1.92341     1.14154 -0.00990958
  -1.91842    1.13366 -0.0110483
  -1.91173    1.12546 -0.0121167
  -1.91328    1.11958 -0.0216876
  -1.90779    1.11175 -0.0210505
  -1.90154     1.1035 -0.0226149
   -1.9033    1.09777 -0.0323435
  -1.89638    1.08885 -0.0336538
 -1.89854   1.08339 -0.043511
  -1.88862    1.07496 -0.0487104
  -1.86534    1.06469 -0.0720817
  -1.86136    1.05851 -0.0894968
 -1.84171   1.04788 -0.104305
 -1.82325   1.03407 -0.113904
-1.82377  1.02616 -0.11726
 -1.80738   1.01142 -0.116579
 -1.81206   1.00522 -0.108945
   -1.8021   0.996851 -0.0991304
  -1.79419   0.986248 -0.0844993
  -1.80008   0.983008 -0.0778556
  -1.79307   0.972055 -0.0654246
  -1.80079   0.968789 -0.0596444
  -1.79816   0.959701 -0.0517459
  -1.79546   0.952497 -0.0455919
  -1.80286    0.94911 -0.0465388
  -1.80156   0.943927 -0.0440519
  -1.80094    0.93758 -0.0440305
 -1.80765  0.934271 -0.047219
  -1.80449   0.927914 -0.0509154
  -1.81103    0.92452 -0.0519728
  -1.80972   0.919005 -0.0531994
  -1.80739   0.912383 -0.0532986
  -1.81373   0.909411 -0.0549513
  -1.81289   0.902656 -0.0539684
  -1.82012   0.899807 -0.0536624
  -1.8191  0.889558 -0.054943
  -1.81802   0.882704 -0.0550335
  -1.82499   0.880295 -0.0578986
  -1.82551   0.874865 -0.0575001
  -1.82666   0.868569 -0.0583312
  -1.83411   0.866123 -0.0603017
  -1.8359  0.858411 -0.061121
  -1.84398   0.855936 -0.0611458
  -1.84805   0.849118 -0.0605893
  -1.85135   0.841966 -0.0596323
  -1.85902   0.839711 -0.0616631
  -1.86174   0.832465 -0.0618216
  -1.86971   0.830391 -0.0621984
 -1.87422  0.824114 -0.061619
  -1.87768   0.817478 -0.0607546
  -1.88505    0.81561 -0.0628928
  -1.88903   0.809989 -0.0613208
  -1.89658   0.808253 -0.0614895
  -1.90017   0.801982 -0.0622862
  -1.90298   0.795453 -0.0616588
  -1.91007   0.793864 -0.0641123
  -1.91441   0.790502 -0.0629401
  -1.91823   0.788356 -0.0628155
  -1.92522   0.790755 -0.0645537
  -1.92741   0.789036 -0.0641639
  -1.93429    0.79068 -0.0635386
  -1.93785   0.788726 -0.0615704
  -1.93969   0.786424 -0.0589698
   -1.9456   0.786872 -0.0600143
  -1.94787   0.784226 -0.0569827
  -1.94965   0.780774 -0.0552345
  -1.95518   0.780574 -0.0560822
  -1.95497    0.77653 -0.0547027
  -1.96063   0.776291 -0.0541134
  -1.96139   0.772992 -0.0517068
  -1.96178   0.769214 -0.0500403
  -1.96672   0.769129 -0.0515101
  -1.96512   0.765203 -0.0506192
  -1.97027   0.765169 -0.0502271
   -1.9698   0.761978 -0.0479612
  -1.96888   0.758256 -0.0462556
  -1.97334   0.758033 -0.0473635
  -1.97041   0.753795 -0.0460429
  -1.97515   0.753366 -0.0451407
  -1.97447   0.749536 -0.0429757
 -1.97172  0.745095 -0.040314
  -1.97585   0.744406 -0.0411536
  -1.97176   0.739416 -0.0395603
   -1.9763   0.738617 -0.0386424
  -1.97471   0.734264 -0.0365884
  -1.97107   0.729295 -0.0341279
  -1.97507   0.728454 -0.0350629
  -1.97016   0.723089 -0.0337342
  -1.97464   0.722268 -0.0328398
  -1.97237   0.717711 -0.0309687
  -1.96806   0.712566 -0.0286539
  -1.97207   0.711712 -0.0295222
  -1.96658   0.706058 -0.0282813
  -1.96426   0.701152 -0.0251541
   -1.9689    0.70022 -0.0254673
  -1.96465   0.694676 -0.0232004
  -1.97062   0.695897 -0.0225696
-1.96554 0.695368  -0.0221
  -1.95852    0.69443 -0.0218039
  -1.95968   0.697483 -0.0243627
  -1.95085   0.697913 -0.0255791
  -1.95285   0.700538 -0.0258143
  -1.94753   0.701022 -0.0260571
  -1.94053   0.701311 -0.0263761
  -1.94294    0.70274 -0.0278408
  -1.93801   0.702486 -0.0279295
  -1.93308   0.701814 -0.0303832
 -1.9364 0.702575 -0.03239
  -1.93034   0.701286 -0.0361868
  -1.93447   0.701972 -0.0378874
  -1.93076    0.70702 -0.0413459
  -1.92453   0.712835 -0.0462673
  -1.92794   0.716155 -0.0490749
  -1.92237   0.720227 -0.0534299
  -1.92644   0.722315 -0.0548466
  -1.92019   0.726483 -0.0617108
  -1.91245   0.729224 -0.0683621
 -1.91585  0.730692 -0.071289
  -1.90943   0.732153 -0.0752725
  -1.91384   0.732336 -0.0756556
  -1.90717   0.733852 -0.0813364
 -1.89935  0.733906 -0.086229
  -1.90337    0.73391 -0.0881837
  -1.89515   0.733306 -0.0930906
  -1.90036   0.732532 -0.0929354
  -1.89308   0.731614 -0.0951154
 -1.8885 0.730714 -0.09808
  -1.89357   0.730014 -0.0991954
 -1.88698  0.728308 -0.103277
  -1.8929  0.727294 -0.103122
 -1.88855  0.725944 -0.106112
 -1.88282  0.723674 -0.109499
 -1.88808  0.722744 -0.111576
 -1.88151   0.72029 -0.115704
 -1.88824   0.71903 -0.116497
 -1.88494  0.716968 -0.119469
 -1.88131  0.716219 -0.123368
 -1.90227  0.717887 -0.123556
 -1.86953  0.722512 -0.131807
  -1.8441  0.726932 -0.149467
 -1.81137  0.730521 -0.172881
 -1.76101  0.735247 -0.202465
 -1.73952  0.738378 -0.219072
 -1.69282  0.743178 -0.241741
   -1.684  0.745604 -0.248053
 -1.65826  0.749388 -0.256565
  -1.6612  0.752065 -0.256307
 -1.64423  0.757443 -0.262385
-1.63474 0.762062 -0.26586
 -1.64535   0.76574 -0.266102
 -1.64494  0.770636 -0.271941
 -1.66332   0.77403 -0.274779
 -1.66948    0.7779 -0.284491
 -1.68184  0.782445 -0.300465
 -1.70282  0.784529 -0.310306
-1.71587 0.786853 -0.33484
 -1.73593  0.787192 -0.345984
 -1.74476  0.787157 -0.368854
 -1.75454  0.786116 -0.401982
  -1.7687  0.783436 -0.419865
 -1.77406  0.779866 -0.454976
-1.78619  0.77639 -0.46844
 -1.78757  0.772435 -0.495026
 -1.79038  0.768371 -0.523732
-1.80154 0.764827 -0.53676
 -1.80249  0.760005 -0.565417
 -1.81271  0.756633 -0.577454
 -1.81008  0.752508 -0.601154
-1.81031   0.7483 -0.62893
 -1.81992  0.745093 -0.642015
-1.81813 0.740196 -0.66964
  2.87297  0.730031 -0.842792
  2.87272  0.721005 -0.863843
  2.86537  0.712154 -0.887573
  2.73093  0.716935 -0.921271
 2.60418 0.721439 -0.96617
  2.4608 0.705448 -1.35812
 2.26324 0.654582 -1.68434
 2.04647  0.61807 -2.05232
 1.88964 0.574588 -2.28022
 1.67173 0.540826 -2.54945
 1.55671 0.510788 -2.63977
 1.40597 0.493118 -2.71848
 1.25676 0.481847 -2.79995
 1.20608 0.472919 -2.72528
 1.11028  0.47837 -2.73994
 1.10429 0.482189 -2.66191
 1.07768   0.4945 -2.67666
 1.08027 0.510033 -2.63337
 1.10444 0.515716 -2.68034
 1.14315 0.529418 -2.68008
 1.18531 0.527516 -2.75613
 1.23814 0.529207 -2.78676
1.31426 0.52681 -2.8864
 1.35331 0.514083 -2.88576
 1.43966  0.50431 -2.96634
 1.47146 0.485514 -2.94446
 1.54413 0.470854 -2.98653
 1.60707 0.449952 -2.96378
 1.65087 0.441747 -2.98698
 1.70926 0.421468 -2.95886
 1.75071 0.420625 -2.98505
 1.79827 0.408952 -2.97119
 1.87703 0.403982  -3.0101
 1.89445 0.410291  -2.9874
 1.96872 0.410686 -3.02149
 2.01656 0.416011 -3.01538
 2.06959 0.430909 -3.04395
 2.12061 0.441117 -3.04054
 2.17525 0.458531 -3.06885
 2.22127  0.47043 -3.06922
 2.32017 0.489953 -3.10533
  2.3299 0.507595 -3.08292
 2.43172 0.531867 -3.10687
 2.45409 0.552754 -3.09053
 2.53238 0.580304 -3.28947
 2.42917  0.64656 -3.07668
 2.27946 0.781376 -2.86425
 2.15267 0.932531 -2.66853
 1.93733   1.1761 -2.37556
 1.78241  1.33835 -2.22699
  1.5568  1.54089 -2.01533
 1.42918  1.61993 -2.00686
 1.26031  1.70001 -1.98259
1.08108 1.74831  -2.024
0.991138  1.73013 -2.10722
0.828143  1.72165 -2.19651
0.751498  1.67825 -2.27194
0.609281  1.65584 -2.31725
0.454424  1.63231 -2.34577
0.383269  1.60828 -2.34247
0.238884  1.60868 -2.29633
0.173187  1.60609 -2.25131
0.0176155   1.61959  -2.15958
-0.151351   1.64288  -1.99507
-0.210903   1.64414  -1.91046
-0.34601  1.66529 -1.77652
-0.478426   1.68155   -1.6382
-0.500329   1.67006  -1.58836
-0.591806   1.67073   -1.4955
-0.588588   1.64459  -1.46907
-0.66115  1.62992 -1.37834
-0.715728   1.59629  -1.29695
-0.692247   1.54783  -1.27515
-0.730016   1.50102  -1.19561
-0.70109  1.45502 -1.17384
-0.73492  1.42287 -1.10414
-0.764015   1.39171  -1.02287
-0.733512   1.36333 -0.994284
-0.765321   1.34612 -0.882778
-0.742269    1.3297 -0.835821
 -0.78085   1.32671 -0.720029
-0.814264   1.32658 -0.596443
-0.791476   1.31374 -0.549563
-0.817251   1.31327 -0.420263
-0.822306    1.3174 -0.273432
 -0.881296     1.3477 -0.0590551
-0.937018   1.37685  0.187988
-0.931157   1.38504  0.309061
-0.974105   1.39786  0.542934
-0.952536   1.38544  0.609596
-0.983049    1.3752  0.754118
-0.996575   1.35098  0.883808
-0.959967   1.31666  0.902696
-0.969998   1.28321  0.991637
-0.930632   1.24585   1.00332
-0.931653   1.20853     1.096
-0.925622   1.17442   1.19202
-0.887003     1.158   1.22643
-0.881232   1.14863   1.34357
-0.844314   1.13545   1.39301
-0.847363   1.12834   1.51277
-0.808666   1.11276   1.56771
-0.801186   1.10009   1.69949
-0.784928   1.08202   1.83455
-0.739306   1.06163   1.88384
-0.723937   1.04156   1.99521
-0.69509  1.01597  2.10946
-0.643361  0.991893   2.14919
-0.601456  0.844872   2.25833
-0.546344  0.703285   2.29506
-0.508833   0.55601   2.38613
-0.458022  0.440321   2.47951
-0.402156  0.376069   2.51445
-0.342243  0.332537   2.60623
-0.286558  0.338204   2.63966
-0.23549 0.353003  2.71785
-0.248324  0.330532   2.79176
-0.337272  0.243994    2.8101
-0.395843  0.158677   2.87781
-0.472576 0.0613157   2.89857
 -0.529661 -0.0178828    2.96071
  -0.60145 -0.0902835     2.9888
 -0.64769 -0.137921   3.06107
-0.688213 -0.185943   3.13938
-0.802623 -0.273021   3.22927
-0.760438 -0.275426   3.38048
-0.672311  -0.21944    3.4926
-0.535614 -0.134474   3.64416
-0.368704  -0.04999   3.81208
-0.264052   0.01971   3.88133
-0.0868843  0.0703273    4.00869
-0.00389618   0.0896953     4.04163
  0.12774 0.0839805    4.1101
  0.27607 0.0445827   4.16208
   0.337421 0.000467834     4.17181
 0.452905 -0.082611    4.1915
0.566111  -0.1674  4.19742
   0.6035 -0.222523   4.19287
 0.702188 -0.304023    4.1875
 0.724115 -0.327922   4.18488
 0.794965 -0.366926   4.17681
 0.809586 -0.356316   4.17671
 0.880986 -0.377605   4.16568
 0.948604 -0.381759   4.15321
 0.960035 -0.355525   4.14949
 1.01992 -0.35617  4.13587
  1.07911 -0.342919   4.11664
 1.08683 -0.31633  4.11115
  1.14832 -0.318543    4.0867
   1.1533 -0.295982   4.08015
  1.20575 -0.307571   4.05375
  1.26231 -0.326921   4.02355
 1.26454 -0.32045  4.01102
  1.31953 -0.347648    3.9741
  1.31768 -0.331577    3.9614
  1.36195 -0.348438   3.92608
   1.4079 -0.364062   3.88625
  1.40183 -0.343535   3.86804
 1.44131 -0.35604  3.83103
  1.47542 -0.353628   3.78162
  1.46957 -0.329419    3.7452
  1.50126 -0.330259   3.69023
  1.48695 -0.295043   3.65455
  1.50758 -0.296545   3.59715
  1.49928 -0.250592   3.50928
  1.45023 -0.176061    3.4399
  1.43318 -0.131837   3.34513
    1.3859 -0.0618645    3.27858
   1.37388 -0.0396979    3.19049
    1.3631 -0.0279731     3.1003
   1.32568 0.00410257    3.03993
    1.32304 -0.00567594     2.95262
 1.29139 0.029278  2.89531
  1.29553 0.0201545    2.8149
   1.3039 0.0136917   2.73408
  1.27919 0.0475492   2.68042
  1.29399 0.0672709   2.60196
 1.30913 0.118762  2.52742
 1.28884 0.169203  2.47637
 1.30782 0.217736   2.4024
 1.28797 0.267719  2.35316
 1.30678 0.318155  2.28363
 1.31935 0.411614  2.21445
 1.29331 0.411826  2.16802
1.30488 0.39958 2.09985
 1.27954 0.400173  2.05514
 1.29021 0.388749    1.991
 1.30264 0.375946   1.9263
  1.2801 0.377082   1.8834
 1.29493 0.363563  1.81969
 1.27357 0.365924  1.77787
 1.28732 0.354632  1.71747
 1.30297 0.342553  1.65652
 1.28291 0.346471  1.61656
 1.29963 0.334964  1.55677
 1.32928 0.316513  1.52021
  1.3311 0.308042  1.50131
 1.37085 0.282818  1.46644
  1.3684 0.277586  1.44697
 1.39784 0.256501  1.41428
 1.41856 0.237723  1.37633
  1.3924 0.240338  1.32671
 1.38567 0.229611  1.23462
 1.34752 0.236046  1.16886
 1.33759 0.232855  1.08341
 1.32396 0.236735 0.992964
 1.28789 0.254642 0.934401
 1.27579 0.256988 0.843602
 1.24492 0.258787 0.785943
 1.24144 0.242275 0.702839
 1.23847 0.227699 0.615243
 1.21523 0.229949 0.562151
 1.22144 0.212453 0.482227
 1.20388 0.215195 0.432152
 1.21445 0.199947 0.355316
 1.27027 0.178269 0.385818
 1.28773 0.178556  0.41574
 1.34596 0.159421  0.44798
  1.4022 0.146577 0.476759
  1.4087 0.153661 0.486638
 1.45443 0.144067 0.493795
 1.44371 0.154589 0.477053
 1.46456  0.14688 0.455976
 1.44013 0.158968 0.424956
 1.44149 0.155933 0.384535
 1.42696 0.154649 0.330709
 1.39124 0.166644  0.29893
 1.36616 0.163225 0.251511
 1.32261 0.174742  0.22248
 1.28209 0.173535 0.168856
 1.23402 0.172127  0.11486
  1.19049  0.182654 0.0910803
  1.14994  0.178375 0.0489722
  1.10091  0.175286 0.0018617
    1.0626   0.184904 -0.0181635
  1.01736  0.181112 -0.064901
  0.984412   0.190091 -0.0824087
 0.951547  0.183614 -0.118274
  0.91638  0.177885 -0.157756
0.890259 0.186035 -0.17392
 0.861997  0.179222 -0.212754
 0.843111   0.17117 -0.244555
 0.823882  0.178372 -0.257343
 0.807124   0.16993 -0.289485
 0.790525  0.177466 -0.301863
0.779025 0.173238 -0.32905
 0.766087  0.168755 -0.357692
 0.751984  0.180363 -0.366539
 0.742023  0.176797 -0.393901
 0.730272  0.188184 -0.400748
 0.725158  0.183253 -0.422801
 0.719729  0.179246 -0.445354
 0.710088  0.185531 -0.451094
  0.70767  0.174931 -0.475414
 0.700211  0.167861 -0.483427
 0.701092   0.13895 -0.507547
  0.70137  0.105405 -0.532723
 0.693885 0.0771905 -0.542036
 0.693933 0.0486119 -0.567643
 0.685962 0.0248136 -0.576766
   0.688996 0.000519623    -0.60315
  0.697476 -0.0190915  -0.637461
  0.697081 -0.0349968  -0.654344
  0.706296 -0.0520968  -0.685268
  0.705707 -0.0650078  -0.699771
  0.712804 -0.0778403  -0.729887
 0.720498 -0.088539 -0.759982
  0.719313 -0.0976995  -0.770623
 0.728341 -0.107161 -0.796512
 0.726612 -0.114086 -0.805006
 0.732825 -0.119881 -0.830126
 0.738736 -0.123892 -0.855434
 0.733132  -0.12768 -0.859471
  0.72212 -0.130257 -0.870256
 0.703688 -0.132511 -0.861796
 0.684454 -0.132556  -0.86457
 0.665144 -0.129911 -0.877807
 0.648579 -0.128223 -0.883784
 0.637445 -0.100516 -0.912127
  0.626724 -0.0748631  -0.933313
 0.615151 -0.036375 -0.974084
  0.606013 -0.0168789   -1.02505
0.615272 0.060389  -1.0378
0.572245 0.158483 -1.04327
0.537762 0.193937 -1.00726
 0.495202  0.225973 -0.991221
 0.442807  0.283136 -0.975816
 0.403726  0.339912 -0.965678
 0.357726  0.408826 -0.973729
 0.333394  0.483194 -0.988324
 0.31055 0.580426 -1.02048
0.297532 0.669507 -1.04521
0.281095 0.766778  -1.0862
0.274346 0.824925 -1.10656
0.269416 0.882911 -1.14649
0.272351 0.918685  -1.1804
0.269694 0.913699 -1.18574
0.278509 0.879904  -1.2037
0.288828 0.838362 -1.21394
0.288991 0.807375 -1.20886
0.300845 0.772234 -1.20985
0.300841 0.760755 -1.20418
0.312028 0.754451 -1.20436
0.323482  0.75173 -1.20248
0.322326 0.759132 -1.19923
0.333015 0.765906 -1.20103
0.340866 0.775241  -1.2011
0.337691 0.779366 -1.20003
0.343548 0.779855 -1.19986
0.338444 0.777024 -1.19889
0.343089 0.772212 -1.19965
0.343451 0.765691  -1.1973
0.336819 0.757899 -1.19361
 0.33494 0.748248 -1.18798
0.327015 0.743264 -1.18341
0.325391 0.740742 -1.17875
0.317052 0.740109 -1.17366
0.310831 0.740362 -1.16441
0.303206 0.740568 -1.15357
0.294374 0.741246 -1.14698
0.288233 0.745505   -1.139
0.277826 0.750482 -1.12697
0.269025 0.751265 -1.12091
0.256151 0.778789 -1.10597
0.245919 0.792069 -1.09907
0.234066 0.822209  -1.0886
0.213804 0.865964 -1.07712
0.198854 0.895475 -1.07308
0.176114 0.944435 -1.05934
0.162051 0.969573 -1.05334
0.141816  1.01937 -1.03958
 0.11895  1.06697 -1.01993
0.107776  1.08511 -1.00885
0.0902455     1.122 -0.989758
0.069971  1.15567 -0.96375
0.0623144   1.16092 -0.950347
0.0442207   1.18299 -0.920787
0.0385541   1.18116 -0.907347
 0.024997   1.20018 -0.883498
0.00864457    1.21769  -0.854104
0.00454094     1.2155  -0.841199
-0.0101571    1.23004  -0.809562
-0.0134955    1.22634  -0.796102
-0.0254364    1.24382  -0.769797
-0.0399738    1.25969  -0.736845
-0.0425125    1.25658  -0.722209
-0.056651   1.26924 -0.685596
-0.0588242    1.26167  -0.669685
-0.0720507    1.27673  -0.638444
-0.0857288    1.28232  -0.600875
-0.0871141     1.2736  -0.584437
-0.0991069    1.27824  -0.552484
-0.100115   1.26418 -0.535836
-0.114489   1.26623 -0.496839
-0.128508   1.26288 -0.455869
-0.129174   1.24999  -0.43874
-0.141076   1.24879 -0.406084
   -0.141   1.23255 -0.390115
-0.155067   1.22977 -0.351089
-0.168492   1.22202 -0.310707
-0.167713   1.20743 -0.294249
  -0.1786   1.20171 -0.261923
-0.192055   1.19479 -0.222962
-0.191684   1.17882 -0.207465
-0.205158   1.16819 -0.167357
-0.205143   1.15025 -0.152304
-0.217084   1.14361 -0.119322
 -0.228504    1.12618 -0.0817165
 -0.225612    1.10683 -0.0661671
 -0.235738    1.08837 -0.0272783
 -0.232699    1.06746 -0.0116854
-0.241543   1.05184 0.0179879
-0.251479   1.03657 0.0544402
-0.248206   1.03047 0.0682221
-0.25683  1.01601 0.104236
-0.253907   1.01185  0.118585
-0.26188  1.00189  0.14697
-0.258845  0.998253  0.160938
-0.268315  0.986622  0.195055
-0.276693  0.974387  0.230237
-0.273369  0.969517  0.244142
-0.280483  0.958502  0.271553
-0.28903 0.946657 0.305032
-0.285161  0.942381  0.318293
-0.292649  0.940388  0.353783
-0.289404  0.946135  0.369306
-0.295853  0.951938  0.397724
-0.303028  0.957848  0.431612
-0.298882  0.962204  0.445348
-0.303951  0.964788  0.479057
-0.299544  0.965865   0.49317
-0.304957  0.983282  0.519359
-0.308372   1.01697  0.549272
-0.303312   1.00251   0.56118
-0.305672  0.986355  0.584512
-0.300534  0.971373  0.596467
-0.303259  0.956809  0.623812
-0.303959  0.944254  0.651481
-0.298323  0.931818  0.662206
-0.297653  0.923997  0.688405
-0.292003  0.866459  0.699428
-0.290826   0.86101  0.719124
-0.286945  0.873933  0.741896
-0.280111  0.882938  0.750282
-0.277568  0.894938  0.766688
-0.27226 0.904975 0.775135
-0.31084 0.883512 0.816084
-0.347404  0.830272  0.852882
-0.381358  0.769925  0.876222
-0.426354  0.718615  0.906019
-0.48296 0.650539 0.938429
-0.50856 0.618976  0.94551
-0.549469  0.592375  0.958669
-0.56628 0.592033 0.956587
-0.606073  0.584761   0.96638
-0.637167  0.598501   0.97396
-0.64504 0.616887 0.973265
-0.663331  0.641028  0.983044
-0.663985  0.660575  0.990448
-0.678918  0.684524   1.01049
-0.686335  0.705432   1.03807
-0.68197 0.715292  1.05086
-0.682203  0.725957   1.08384
-0.67528  0.72625  1.09946
-0.67559 0.727425  1.12786
-0.671326  0.728968   1.15981
-0.663372  0.731189   1.16972
-0.659807  0.736237    1.1919
-0.656195  0.745318   1.21637
-0.64904 0.755042  1.22205
-0.642966  0.773572   1.24223
-0.636814  0.787753   1.24764
-0.633765  0.808086   1.26236
-0.626787  0.835213   1.27786
-0.619586  0.852036   1.28164
-0.612112  0.876164   1.29315
-0.603543  0.903329   1.30775
-0.595218  0.916034   1.31245
-0.581552   0.93665   1.32553
-0.572656  0.944016   1.33153
-0.558292  0.960309   1.33992
-0.542271  0.979487   1.35105
-0.531931   0.98787   1.35356
-0.511705   1.01057   1.36071
-0.502044   1.01975   1.36364
-0.482527   1.04384   1.36492
-0.465487   1.07369   1.36847
-0.45979  1.08871  1.36797
-0.442184   1.11834   1.36713
-0.436648   1.13312   1.36815
-0.418505   1.16824    1.3671
-0.396714   1.20577   1.36484
-0.389979   1.22045   1.36333
-0.367122   1.25382   1.35852
-0.35992  1.26716  1.35875
-0.335526   1.30453   1.35376
-0.307119   1.34337   1.34777
-0.299726   1.35672   1.34521
-0.268806   1.39653   1.33664
-0.262149   1.40889   1.33568
-0.236009   1.44418   1.32767
-0.205688   1.48331   1.31851
-0.199977   1.49554   1.31497
-0.168597   1.53554    1.3024
-0.164379   1.54641   1.29926
-0.137087   1.58156   1.28613
-0.106229   1.61956    1.2709
-0.103408   1.62944   1.26488
-0.074849   1.66307   1.24838
-0.0740352     1.6711    1.24341
-0.0470586    1.70636    1.22511
-0.0188878    1.74117     1.2051
-0.01989  1.74802  1.19723
0.00605297    1.77826    1.17755
0.00312964    1.78321    1.17149
0.0265447   1.81405   1.14977
0.0508042   1.84388   1.12654
0.0462126   1.84757    1.1176
0.0689222   1.87328   1.09533
0.0888073   1.89891   1.07195
0.0823943   1.90046   1.06332
0.102827  1.92426  1.03695
0.0947815   1.92396   1.02907
0.11205 1.94399 1.00582
0.130167  1.96311 0.979157
0.120438  1.96399 0.967737
0.153934  1.98565 0.940665
0.159809  1.98782 0.929768
0.189683  2.00756 0.899783
0.22799 2.02056  0.8682
0.229409  2.01946 0.856062
0.265363  2.02964 0.823796
0.261217  2.02549  0.81434
0.285793  2.03108 0.788187
0.308948  2.03398 0.758021
0.298646  2.02777 0.746542
0.315775   2.0282  0.71704
0.301204  2.02049 0.704377
0.311549  2.01809 0.669501
0.319676  2.01324 0.630588
 0.30248  2.00442 0.614118
  0.3079   1.9969 0.571858
0.311287  1.98866 0.537254
0.292728  1.97814 0.521505
0.295015  1.96598  0.48168
0.276258  1.95406 0.467554
0.279913  1.94096 0.432621
0.279165  1.92425 0.395516
0.260501  1.91127 0.380858
0.260438  1.89179 0.341156
0.241704  1.87805 0.327314
  0.2414  1.85907 0.294595
0.240611  1.83622 0.257138
0.221798  1.82196 0.242881
0.222568  1.79963 0.209771
0.218797  1.77392 0.174134
0.199798  1.75932 0.160064
0.196102  1.73178 0.122254
0.176797  1.71724 0.109051
 0.174237   1.69156 0.0774868
 0.154919   1.67711 0.0648489
 0.147744   1.64895 0.0305661
   0.14132    1.61857 -0.0052967
 0.122666   1.60431 -0.019029
  0.117108    1.57586 -0.0482027
 0.0981775    1.56375 -0.0619395
 0.0964723    1.53269 -0.0977117
0.0946538   1.50076 -0.134783
0.0809834   1.48957 -0.148641
1.25308  2.0574 1.83642
1.25584 2.02061 1.75318
 1.2442 1.99306 1.71066
1.48066 1.83527 1.97511
1.65075 1.73998 2.44327
1.87811 1.58192 2.60995
2.08715 1.46208 2.71972
2.34606 1.41777 2.92578
2.44552  1.3987 3.12781
2.46214 1.44892 3.11423
2.51108 1.50396 3.15086
2.50837 1.57256 3.06769
2.58491  1.6679 3.09549
2.63132 1.74078 3.08114
2.58588 1.76335 2.97915
2.53736 1.77756 2.93468
2.45757 1.75584 2.84021
2.40038 1.77005  2.7906
2.31419 1.72321 2.73595
2.22777 1.67117 2.63793
2.11866 1.55768  2.5722
2.03498  1.4742 2.47565
1.90951 1.33605  2.3962
1.78994 1.10043 2.29504
 1.70981 0.925449  2.17819
 1.59818 0.681815  2.04862
 1.53637 0.522447  1.92234
 1.43552 0.342909  1.79674
 1.39045 0.255371  1.66828
1.13275 0.14538   1.468
0.805771 0.044967  1.21139
0.628285 0.019729  1.03255
  0.321874 -0.0530652   0.823211
-0.00783379   -0.124221    0.595617
 -0.18561 -0.135776  0.530138
 -0.52891 -0.216118  0.403979
-0.682439 -0.231732  0.374993
-0.907758 -0.307112  0.264321
 -1.17219 -0.400883  0.152706
 -1.26415 -0.425545   0.11004
  -1.46521  -0.532626 -0.0152137
 -1.62052 -0.632151 -0.127525
 -1.68109 -0.663704  -0.21377
 -1.79831 -0.783064 -0.348819
 -1.79792 -0.813885 -0.410746
 -1.87575 -0.924934 -0.542173
 -1.85376  -0.95607 -0.599153
  -1.8983  -1.07924 -0.732353
 -1.91885  -1.20876 -0.863555
  -1.883 -1.24021 -0.91627
-1.89258  -1.3563 -1.02448
-1.90637 -1.48444 -1.07397
-1.88992 -1.51271  -1.1122
-1.89266 -1.64152 -1.14508
-1.85658 -1.66408 -1.15621
-1.85252 -1.77301 -1.17976
-1.82264 -1.88716  -1.1915
-1.77491 -1.90402 -1.18391
-1.72115 -2.00846 -1.18902
-1.66295 -2.01776 -1.17795
-1.60097 -2.10347 -1.17585
-1.50919 -2.18575 -1.16982
-1.43531 -2.19011   -1.144
-1.31911 -2.27087 -1.13471
-1.24181 -2.26807 -1.11106
-1.13623 -2.32494 -1.10156
-1.00731 -2.38225 -1.09637
-0.93155 -2.37061 -1.07642
-0.792967  -2.41967  -1.07695
-0.722268  -2.40254  -1.05891
-0.598718  -2.44178  -1.06193
-0.460026  -2.47482  -1.06946
-0.395672  -2.45385  -1.05647
-0.27834 -2.47884  -1.0745
-0.221817  -2.44959   -1.0645
-0.231006  -2.42816  -1.13366
-0.0923644   -2.38141   -1.15352
-0.0273154   -2.33436   -1.14301
0.0991818  -2.30564   -1.1762
0.165997 -2.26606 -1.16287
0.299939  -2.2495 -1.19004
0.359984 -2.21187 -1.17946
0.515133 -2.18597 -1.21352
0.679771  -2.1518 -1.28657
0.738685 -2.10702 -1.31832
0.874077 -2.07645 -1.37952
0.908863 -2.02871 -1.40289
 1.10986 -2.02336 -1.47089
 1.26459 -1.92028  -1.4818
 1.71622 -1.60332 -1.53192
 2.20275 -1.07962 -1.51157
  2.89633 -0.179647  -1.51198
 3.41807 0.461308 -1.57776
 4.08532  1.16132 -1.77142
 4.30757  1.60392 -1.77951
 4.76052  2.22804 -1.72739
 5.03077   2.6733 -1.58345
 4.78011  2.63965 -1.42771
4.59134 2.55843 -1.1567
 4.18258  2.16026 -1.02697
  3.84034   1.77464 -0.807545
  3.49901   1.42047 -0.684429
  3.19784   1.05171 -0.603531
  2.92152  0.785041 -0.552061
 2.61483 0.389376 -0.84628
  2.29811 0.0521759  -1.11518
   2.0963 -0.113149  -1.22894
  1.88526 -0.288243   -1.4411
  1.70561 -0.371702  -1.54565
  1.52113 -0.498513  -1.78537
  1.33797 -0.572206  -2.01945
  1.20368 -0.610882  -2.11738
  1.03803 -0.643429  -2.33334
 0.918564 -0.661507  -2.41353
 0.795679 -0.661299  -2.56654
 0.694851 -0.659009  -2.62438
 0.565912 -0.625415  -2.76186
 0.444182 -0.578346  -2.87523
  0.37293 -0.549045  -2.90639
 0.287304 -0.491161  -2.95595
 0.228691 -0.456764  -2.93648
 0.143096 -0.390813  -2.95487
0.0744278 -0.324823  -2.96528
0.0483847 -0.295366  -2.94814
0.0106674 -0.236311   -2.9538
0.00816084  -0.212435   -2.94148
-0.000653906      -0.1669     -2.94345
0.000189313   -0.120824    -2.93962
0.0156006 -0.102779  -2.92739
 0.0290271 -0.0614364   -2.91589
 0.0473636 -0.0462735   -2.89966
 0.0640651 -0.0153422   -2.88277
  0.0820925 0.000605664    -2.86245
0.0998632  0.035469  -2.83176
 0.116872 0.0705713  -2.79238
 0.135511 0.0855577  -2.76641
0.150584  0.11925 -2.71785
0.161637 0.134995 -2.68303
0.164655 0.163863  -2.6219
0.173452 0.177956  -2.5842
0.176271 0.206982 -2.51219
0.180182 0.233736 -2.43635
0.192478 0.242106 -2.39665
0.198777 0.264432 -2.31785
0.209712 0.272439 -2.27773
 0.21185 0.292271 -2.20689
0.217001 0.311612 -2.12714
0.229899 0.316855 -2.08697
0.236923 0.333839 -2.00388
0.247817 0.340138 -1.96235
0.250616 0.356353 -1.88956
0.254197 0.373555 -1.80709
0.266297 0.377985 -1.76698
0.301712 0.395238 -1.68751
0.302127 0.400268 -1.64577
0.290371 0.423733 -1.57448
0.283723 0.449079 -1.53144
0.276541 0.483027 -1.44976
0.260748 0.519331 -1.36743
0.259313 0.538005 -1.32876
0.242536 0.568186 -1.25967
0.241183 0.583347 -1.22336
0.226327 0.610431   -1.149
0.213014 0.632627 -1.07462
0.216375 0.639436 -1.04122
 0.206209  0.654833 -0.969168
 0.209147   0.66055 -0.936709
  0.19699  0.673281 -0.874327
 0.187033  0.684107 -0.806719
 0.191648  0.687361 -0.775949
 0.183404  0.695385 -0.707786
 0.186095  0.700385 -0.675649
 0.174357  0.709498 -0.615594
 0.164031  0.724267 -0.550286
 0.167565   0.73305 -0.520296
 0.158665  0.747798 -0.455456
 0.160329  0.757133 -0.425032
 0.148284  0.770444 -0.368999
  0.13827  0.781716 -0.309188
   0.1416  0.787116 -0.282019
 0.133771  0.793495 -0.223866
 0.135479  0.798221 -0.196289
 0.126161  0.802384 -0.146884
 0.127995  0.805578 -0.120431
  0.120492   0.805955 -0.0680263
    0.1147   0.803034 -0.0157993
  0.118949   0.802321 0.00812068
0.114778 0.796103 0.057968
 0.116883  0.795215 0.0823868
0.110859 0.788016 0.124895
0.104673 0.779243 0.171421
 0.10858 0.776607 0.192897
 0.10528 0.765457 0.236932
0.106826 0.764777 0.259452
0.102472 0.754383 0.296478
0.0963994  0.745409  0.336307
0.0981291   0.74864  0.355309
0.0953269  0.739632  0.392452
0.0955483  0.743519  0.412521
0.090842 0.736496 0.445336
0.091769 0.738733 0.464835
0.0915745  0.727562  0.497286
0.092888 0.714421 0.529697
0.0970164  0.712662  0.546124
0.0980715  0.698796  0.573511
0.0994429  0.683637  0.603593
0.102722 0.681566 0.619542
0.107519 0.663597 0.647562
0.109029 0.661242 0.664613
0.113363 0.644183 0.687376
0.114945 0.641707 0.702489
0.120386 0.622176 0.724751
0.127718 0.604779 0.745246
0.130645 0.600736 0.759414
0.136515 0.581916  0.77914
0.136964  0.57963 0.794129
0.145155 0.558252 0.814483
0.155524 0.535548 0.833847
0.159149 0.530413 0.846773
0.172802 0.505539 0.863809
0.175164 0.500786 0.878097
0.186617 0.478723 0.893127
0.200789 0.454504 0.907753
0.204086 0.449314 0.917588
0.220134 0.424879 0.927708
0.220481  0.42178 0.937176
0.236949 0.398514 0.942678
0.247144 0.381013 0.949119
0.247158 0.378897 0.953936
0.259233 0.360729 0.955548
0.255639 0.361199 0.961197
0.265356 0.346646  0.96049
0.260821 0.348138 0.964939
0.233979 0.330382 0.970915
0.245081 0.317797  0.96498
0.242708 0.320392 0.965156
0.248742 0.311098 0.951954
 0.24653 0.317596 0.948872
0.257498 0.311683 0.935224
0.268859 0.308118 0.920304
0.266918  0.31404 0.917568
0.280362 0.310764 0.902254
0.275004 0.317819 0.904488
0.286113 0.315995 0.894161
 0.29503 0.316471 0.885343
0.289307 0.323688 0.886266
0.299149 0.325733   0.8737
0.290433   0.3352 0.874748
0.298864 0.339464 0.861144
0.289452 0.349988 0.859704
 0.29669 0.356978 0.841752
0.303953 0.366148 0.820302
0.295831 0.376447 0.814122
0.303661 0.387289 0.788836
0.292554 0.399219 0.784656
0.297951 0.411109 0.764754
0.302562 0.425354 0.741477
0.291985 0.436633 0.736247
0.297135 0.451909 0.710561
0.284226 0.464225 0.707088
0.287905 0.479841 0.686652
0.290879 0.497603 0.662399
0.279371 0.509062 0.656315
0.283554 0.527497 0.628486
0.270205 0.539747 0.623399
0.273373 0.558133 0.600611
0.260006 0.570078 0.595287
0.264287 0.589307 0.566458
0.268297 0.609577 0.536558
 0.25653 0.620228   0.5283
 0.26093 0.639625 0.502948
0.263021 0.660784 0.476176
0.250516 0.670936 0.469974
0.255586 0.692043  0.44082
0.242957 0.702731 0.435997
0.248443 0.723117 0.411254
0.235805 0.733569 0.406429
0.240684 0.754722 0.379094
0.246037 0.776046 0.350382
 0.23544 0.784381 0.343098
0.240832 0.804653 0.318742
0.227923   0.8132 0.314188
0.232626 0.833001 0.287617
 0.23742 0.852478 0.260097
0.226123 0.858856 0.253908
0.231281 0.877229 0.230604
0.217746 0.883848 0.226722
0.221703 0.901429 0.201149
0.225699 0.918433 0.174349
0.213989 0.922898 0.168295
0.218711 0.938658 0.140215
0.221376 0.955144 0.119548
0.208837 0.958879 0.114519
  0.21199  0.973215 0.0896166
 0.197578  0.977021 0.0864383
  0.20154  0.990529 0.0646832
 0.187602  0.993287 0.0613277
0.190519  1.00467 0.037143
 0.193835   1.01465 0.0116445
  0.182503    1.01479 0.00596954
  0.187195    1.02258 -0.0204881
  0.173959    1.02292 -0.0235598
   0.17766     1.0313 -0.0430395
  0.180604    1.03736 -0.0649374
   0.16875    1.03591 -0.0682615
  0.172448    1.04196 -0.0868017
  0.158842    1.04082 -0.0882553
0.161348  1.04402  -0.1082
  0.16395   1.04576 -0.128994
 0.152487   1.04259 -0.132217
 0.156204   1.04244 -0.153829
 0.142914   1.04003 -0.154907
 0.145715   1.04165 -0.170586
0.149651  1.04071 -0.18908
  0.13991   1.03709 -0.191418
 0.145425   1.03377 -0.211023
 0.134041   1.03005 -0.211313
  0.13867   1.02827 -0.224894
 0.142737   1.02346 -0.240179
 0.132535   1.01841 -0.240518
 0.13731  1.01147 -0.25624
 0.125102   1.00731 -0.254526
 0.129892   1.00238 -0.266785
 0.117608  0.998192 -0.264767
 0.120698  0.990414 -0.277401
 0.123644  0.981512 -0.290456
 0.113424  0.975925 -0.290416
 0.117384  0.968994 -0.301369
0.117953 0.960295 -0.31148
 0.106763   0.95551 -0.310102
 0.108488  0.945097 -0.321206
0.0955518  0.941455 -0.317846
0.0978911  0.933409 -0.326511
0.0971143  0.923768 -0.333771
0.0861164  0.919294 -0.331761
0.0870319  0.907918 -0.340802
0.0745688  0.904677 -0.337158
0.0766934  0.895549 -0.344449
0.0752424  0.885359 -0.350185
0.0646383  0.881429 -0.347655
0.0650749   0.86963 -0.354829
0.0529305  0.867074 -0.350361
0.0544222  0.857619 -0.355739
0.0523808  0.847468 -0.359192
0.0419876  0.844438 -0.355676
0.0417601  0.833031  -0.36043
0.0298207  0.831571 -0.355038
0.0305798  0.822616 -0.358433
0.0278691  0.813431 -0.359783
0.0177017  0.811682 -0.355533
0.0168444  0.801565 -0.358297
0.00515895     0.8015  -0.352266
0.00524741   0.793758  -0.354029
0.00397618    0.78645  -0.354382
-0.00391676    0.786361   -0.350245
-0.00250651    0.777748   -0.352406
-0.0117452   0.777839  -0.346504
-0.0100223   0.770651  -0.347271
-0.0105691   0.763536  -0.345589
-0.018819  0.763628 -0.339945
-0.0181904   0.756187  -0.339073
-0.0285715   0.758409  -0.331391
-0.0285329   0.753731  -0.329912
-0.0311685   0.749862  -0.326129
-0.0402469   0.752329  -0.320056
-0.0414926   0.748516  -0.318201
-0.0522393   0.752873  -0.310744
-0.0530789   0.750936  -0.309074
-0.0636037   0.755748  -0.301661
-0.0659393   0.754406  -0.299272
-0.0685895   0.753558   -0.29711
-0.0768835   0.757491  -0.291374
-0.0824788   0.758526  -0.289388
-0.0907448   0.760832  -0.287375
 -0.09952  0.765968 -0.280663
-0.105482   0.76861 -0.282565
-0.113783  0.775596 -0.277706
-0.11658 0.779333  -0.2824
-0.120987  0.785027 -0.287199
 -0.12657   0.79126 -0.284561
-0.127477  0.796151 -0.291875
-0.133237  0.803408 -0.288352
-0.132754  0.808395   -0.2941
-0.133411  0.814583 -0.297805
-0.138004  0.820398 -0.292653
-0.136673  0.825574 -0.296059
-0.142212  0.832419 -0.289356
-0.140567  0.837907  -0.29154
 -0.14601  0.844825 -0.284665
-0.144847  0.850813 -0.285226
 -0.14276  0.857182 -0.286823
-0.146791  0.862891 -0.280872
-0.143689  0.869298 -0.283601
-0.146882  0.877025  -0.27862
-0.143313  0.885069 -0.280654
-0.138283  0.892785 -0.284585
-0.140509  0.897341 -0.280123
-0.134448   0.90321 -0.284188
-0.138583  0.909047  -0.27825
-0.135287  0.915737 -0.279205
-0.131689  0.922543 -0.280814
-0.136073  0.927852 -0.274431
-0.132564  0.934476 -0.276477
-0.138656  0.941332 -0.269921
-0.137445  0.949417 -0.270521
-0.135992  0.957543 -0.272546
 -0.14138   0.96334 -0.267012
-0.139333  0.970668 -0.270371
-0.145829  0.977389 -0.264758
 -0.14398  0.984611 -0.268003
-0.144016  0.992653 -0.269621
-0.149541  0.997231 -0.264185
 -0.14807   1.00318 -0.266994
-0.154683    1.0081 -0.260926
-0.153229   1.01389 -0.263508
 -0.15383    1.0201 -0.264216
 -0.15943   1.02347 -0.258507
-0.158538   1.02794 -0.260711
-0.165283   1.03207 -0.254746
-0.163834   1.03552 -0.257663
-0.170502   1.03935 -0.251803
-0.170736   1.04397 -0.252985
-0.170506    1.0477 -0.255292
-0.176286   1.05005 -0.249876
-0.175418   1.05246 -0.252745
-0.182369   1.05575 -0.246842
-0.181461   1.05842 -0.249188
-0.183207    1.0616 -0.249458
-0.189328   1.06353 -0.243695
-0.189569   1.06484 -0.245295
-0.196778    1.0677 -0.239077
-0.196929   1.06948  -0.24082
-0.204042   1.07207 -0.234709
 -0.20297   1.07291 -0.236127
-0.201308   1.07301 -0.238661
-0.204289   1.07249 -0.234825
-0.201445   1.06994 -0.238306
 -0.19957   1.06682 -0.239872
-0.203821   1.06519 -0.234701
-0.201458   1.06034 -0.236965
 -0.20775   1.06083 -0.230818
-0.206807   1.05823 -0.232583
-0.213734   1.05949 -0.226351
-0.214202   1.05623 -0.226915
-0.214539   1.05288 -0.228793
-0.220357   1.05309 -0.223425
 -0.22023   1.04927 -0.226502
-0.227281   1.05129  -0.22106
-0.228663   1.04969 -0.222291
-0.229616     1.047 -0.224861
-0.235603   1.04794 -0.219568
-0.235601   1.04395 -0.222653
-0.242391   1.04589 -0.216608
-0.243585   1.04349 -0.217162
-0.244046    1.0397  -0.21866
-0.249561   1.04026 -0.212657
-0.248878   1.03504 -0.214606
-0.255124   1.03665 -0.208137
-0.254398   1.03252 -0.209725
-0.260453   1.03407 -0.203243
-0.260179   1.02882 -0.203372
-0.259054     1.023 -0.204487
-0.263661   1.02308 -0.198512
-0.262526   1.01849  -0.19994
-0.268313   1.02031 -0.193628
-0.267647   1.01484 -0.193486
-0.266358   1.00914   -0.1945
 -0.27107   1.00988 -0.188455
-0.269154   1.00372 -0.190124
-0.275117   1.00625 -0.183669
-0.275111   1.00249 -0.183396
-0.274432  0.997997 -0.184212
-0.279486  0.999758 -0.178107
-0.275666  0.994761 -0.180797
-0.279417  0.998155 -0.175408
-0.276567  0.993322 -0.177378
-0.271839  0.985603 -0.180607
-0.274133  0.983886 -0.176033
-0.268573  0.974632 -0.179553
-0.272839  0.975177 -0.173663
-0.270467  0.969027 -0.174288
-0.267609  0.962362 -0.175923
-0.272194  0.963717 -0.170163
-0.269354  0.957615 -0.172816
-0.275511  0.961384    -0.167
-0.273362  0.957385 -0.169994
-0.273644  0.955052 -0.171545
-0.278923  0.958441 -0.166529
-0.277327   0.95511 -0.170037
-0.283506  0.959938 -0.164604
-0.281772  0.957334 -0.168552
-0.28132 0.955696 -0.17082
-0.286269  0.959426 -0.165985
-0.283854  0.956528 -0.170042
-0.289647  0.961491 -0.164976
-0.288612  0.960119 -0.167525
-0.286632  0.958376 -0.171731
-0.291464  0.962394   -0.1677
-0.288525  0.960032 -0.173458
 -0.29443  0.965394 -0.169406
-0.293402  0.964729 -0.173359
-0.291614  0.963883 -0.179264
-0.296831  0.968429 -0.176272
-0.295234  0.968042 -0.182619
-0.301626  0.973963 -0.179609
-0.300575  0.973679 -0.185927
-0.298893  0.973375 -0.194263
-0.304302  0.978123 -0.192588
-0.302904  0.978353 -0.201123
-0.302801   0.97963 -0.209196
-0.308831  0.985195 -0.208234
-0.307481  0.985796 -0.219209
-0.314598  0.992614 -0.218205
 -0.30948  0.995207 -0.228968
-0.311077   1.00252 -0.231404
-0.303361    0.9992 -0.247587
-0.295867  0.992069 -0.262853
-0.294493  0.984914 -0.270044
-0.286366  0.973144 -0.286936
-0.287466  0.967339  -0.29066
-0.28343 0.957208 -0.30211
-0.278552  0.945053 -0.313319
-0.281966  0.942493 -0.318011
-0.278308  0.932082  -0.33024
-0.282838  0.931571 -0.335276
-0.281597  0.924846 -0.346036
-0.279508  0.917835 -0.362232
-0.283409  0.918373   -0.3667
-0.280314  0.911933  -0.38508
-0.283828  0.912825 -0.388518
-0.279989  0.906634 -0.404512
-0.282879  0.907439 -0.406218
 -0.27894  0.895393 -0.419894
-0.274536  0.853529 -0.491027
-0.277938  0.853754 -0.498593
-0.257926  0.825644 -0.583264
 -0.25034  0.827687 -0.583462
 -0.23264  0.795281 -0.646502
-0.208039  0.822037 -0.682644
-0.198016  0.818427 -0.690471
-0.160879  0.844272 -0.703478
-0.130366  0.807051 -0.719374
-0.0650008   0.809692  -0.675273
-0.00952451     0.74844   -0.669422
0.0246681  0.690868 -0.673926
0.0792467  0.598119   -0.6671
 0.120328   0.51339 -0.678946
 0.186811  0.446369 -0.629699
0.237412 0.326586 -0.61985
 0.268382  0.274451 -0.636315
  0.30633  0.165296 -0.644807
 0.338389  0.116114 -0.672029
 0.383279 0.0641016  -0.64377
  0.412308 -0.0178584  -0.675245
  0.435839 -0.0190322  -0.694443
  0.466352 -0.0382682  -0.689486
  0.488308 -0.0362232  -0.728716
  0.486487 -0.0706353  -0.786288
 0.461874 -0.138284 -0.843334
  0.46882 -0.125704 -0.846863
 0.478713 -0.146193 -0.813811
 0.504282 -0.152332 -0.816976
 0.489454 -0.193883 -0.842886
 0.480518 -0.246091 -0.878414
 0.498816 -0.238667 -0.877418
 0.520612 -0.248531 -0.845406
 0.560879 -0.258969 -0.836625
 0.562198 -0.305776 -0.845246
 0.566911 -0.361305 -0.873115
 0.593239 -0.356201 -0.862444
 0.620824 -0.361891 -0.834839
 0.664204 -0.369799 -0.819042
 0.670172 -0.414059 -0.825115
 0.661344 -0.469932 -0.835384
 0.679271  -0.46353 -0.811349
 0.608403 -0.491735 -0.838896
 0.655271 -0.467495 -0.891468
 0.647615 -0.446363 -0.873338
 0.581077  -0.48074 -0.842171
 0.630869 -0.455954 -0.852331
 0.599649 -0.475469 -0.737163
 0.542073 -0.536608 -0.623533
 0.629915 -0.530619 -0.597935
 0.587851 -0.615463 -0.448679
 0.734495   -0.6148 -0.410936
 0.785263 -0.645467 -0.237768
  0.841303  -0.716446 -0.0637866
 0.988831 -0.689005 -0.039376
  1.12758 -0.677418  0.124746
  1.30776 -0.651385  0.135778
 1.56068 -0.65032 0.206558
 1.71035 -0.63519 0.207158
   1.9532 -0.640317  0.254364
  2.14648 -0.635757  0.299522
  2.19144 -0.615682  0.295441
  2.26913 -0.580537   0.29785
  2.20786 -0.528154  0.222977
  2.17766 -0.473956  0.227644
  2.07536 -0.399273  0.172777
  1.97139 -0.319532  0.161179
  1.80951 -0.234003 0.0968837
  1.69145 -0.179198 0.0783276
   1.48918  -0.111111 0.00669378
   1.35345 -0.0623731 -0.0322691
   1.18454 -0.0268263 -0.0779855
 0.980533 0.0168029 -0.175136
  0.88638 0.0373885 -0.204002
 0.695545 0.0605531 -0.310416
 0.613802  0.069598 -0.327568
 0.456419 0.0774484 -0.403696
 0.319101 0.0807175 -0.466783
 0.233769 0.0893397 -0.501155
 0.122352 0.0932036 -0.544311
0.0525797  0.107281 -0.558348
-0.0459038   0.110778  -0.595741
-0.159865  0.125069 -0.636276
-0.182591  0.126398 -0.632529
-0.273404  0.145286 -0.657365
-0.327732  0.155059  -0.65887
-0.364066  0.167759 -0.676971
-0.403469  0.183619 -0.675612
-0.430986  0.200329 -0.692442
 -0.38046  0.214278 -0.732584
-0.321207  0.237014 -0.815092
-0.248833  0.243052 -0.835755
-0.178639  0.258437 -0.904872
  -0.1315  0.260959 -0.881927
-0.0937227   0.273074  -0.898975
-0.0509791    0.27475  -0.844023
-0.0381804   0.268585  -0.840024
-0.0131436   0.268131  -0.765212
-0.0120639    0.25846  -0.766793
-0.000733292     0.262286    -0.712988
0.00558978    0.27734  -0.725784
0.0188969  0.253161 -0.692987
0.0581763  0.207542 -0.542157
0.0942889 0.0954452 -0.389673
  0.143203 0.00383864  -0.235954
  0.217218    -0.1049 -0.0413112
 0.262063 -0.175627 0.0397546
 0.338887 -0.230636  0.129316
 0.429502 -0.274314  0.183987
 0.474201 -0.285221    0.1618
 0.554205 -0.305342  0.104495
 0.575626 -0.304243 0.0319402
  0.637046  -0.315239 -0.0641671
 0.642358 -0.316394 -0.112924
 0.671011 -0.321619 -0.165847
 0.689575 -0.335094 -0.207107
0.677832 -0.33127 -0.19642
 0.682219 -0.354019 -0.200026
 0.680105 -0.374175 -0.183958
   0.6655 -0.378329 -0.163268
 0.667188 -0.406388 -0.154634
 0.659213 -0.406097 -0.149984
 0.671402 -0.429288 -0.162805
 0.690145 -0.454298 -0.188422
 0.693306 -0.452822 -0.206295
 0.721721 -0.479377 -0.246787
 0.726392 -0.473211 -0.264195
 0.754498 -0.495707 -0.295775
 0.785595 -0.519779 -0.326953
 0.788427 -0.517327 -0.331817
 0.814787 -0.541343 -0.347295
 0.813317 -0.535785 -0.341602
 0.839256 -0.562787 -0.351718
 0.863912 -0.590001 -0.356814
 0.862529 -0.587823 -0.353202
 0.884356 -0.611844 -0.358445
 0.905242 -0.634654 -0.364185
 0.902416 -0.628225 -0.364305
 0.923684 -0.651704 -0.375087
 0.918708 -0.641008 -0.376706
 0.937681 -0.662709 -0.387718
 0.953586 -0.681707  -0.40038
 0.948303 -0.678652  -0.40389
 0.961971 -0.705372 -0.414462
 0.953586 -0.703699 -0.414774
 0.965241 -0.733601 -0.425217
 0.974861  -0.76433 -0.434074
 0.966427 -0.765334 -0.434633
   0.9737 -0.791316 -0.440307
 0.962841 -0.785695 -0.438059
 0.968788  -0.81229 -0.443794
 0.972528 -0.836427 -0.448363
  0.96269 -0.833705  -0.44824
 0.965664  -0.85811 -0.453122
 0.954204 -0.850808 -0.451268
  0.95515 -0.870418 -0.453546
 0.955394 -0.889438 -0.456003
 0.944841 -0.885376 -0.455166
 0.904044 -0.894801 -0.362167
 0.893743  -0.88584 -0.363264
 0.888203 -0.903503 -0.367249
 0.896395 -0.957722 -0.353869
 0.902339  -0.99017 -0.339841
  0.91071  -1.04317 -0.328566
 0.915236  -1.07141 -0.317381
 0.92487 -1.12799 -0.29847
 0.934569  -1.18258 -0.280708
 0.936974  -1.20023 -0.275717
 0.944665  -1.24543 -0.264001
 0.944848  -1.25515 -0.262708
 0.948581  -1.28593 -0.256386
0.951021 -1.31322    -0.25
 0.948833  -1.31503 -0.248487
  0.94874  -1.33486 -0.241148
 0.944473  -1.33174 -0.237273
 0.942794  -1.34496 -0.228982
  0.93783  -1.35221 -0.218921
 0.932533  -1.34565 -0.214243
 0.926349  -1.35017 -0.203075
 0.920094    -1.342 -0.197854
 0.913402  -1.34559 -0.188134
  0.90339  -1.34488 -0.178048
 0.897517  -1.33971 -0.175136
 0.888846  -1.34552 -0.166835
 0.883234  -1.34368 -0.164501
 0.875328  -1.34898 -0.158952
  0.86589  -1.35289 -0.151897
 0.860796  -1.34916 -0.149729
 0.851981  -1.35091 -0.142602
0.846798 -1.34493 -0.13914
 0.837561  -1.34289 -0.131995
  0.82874  -1.33951 -0.124118
 0.824341  -1.33271 -0.120657
 0.816322  -1.32805 -0.112798
 0.807935   -1.3259 -0.105192
 0.804566  -1.32309 -0.101575
  0.797883   -1.31972 -0.0941431
  0.795137   -1.31589 -0.0902291
  0.789846   -1.31091 -0.0831984
  0.784289   -1.30284 -0.0766315
  0.782885   -1.29752 -0.0732153
   0.77972   -1.28771 -0.0666263
  0.778929   -1.28118 -0.0626399
 0.776769  -1.27013 -0.056005
  0.774836   -1.25591 -0.0497738
  0.775145   -1.24825 -0.0458967
  0.775767   -1.23288 -0.0395595
0.776567 -1.22452 -0.03516
0.776695 -1.20802 -0.02926
  0.779379   -1.19044 -0.0231412
  0.781138   -1.18166 -0.0191055
  0.785741   -1.16326 -0.0135231
   0.787816    -1.15438 -0.00920323
   0.791364    -1.13565 -0.00430634
  0.797631   -1.11637 0.00063409
  0.800374   -1.10764 0.00449538
  0.808383   -1.08823 0.00871977
 0.811157  -1.07975 0.0127989
 0.817501  -1.06108 0.0163797
 0.826533  -1.04278 0.0198592
 0.845415  -1.03425 0.0161479
 0.856123   -1.0163 0.0186449
 0.858802  -1.02591 0.0191604
 0.869414  -1.02546 0.0225121
 0.879601  -1.01303 0.0254139
 0.880595  -1.00795 0.0313148
 0.889007 -0.995147  0.034779
 0.897687 -0.979222 0.0389681
  0.89889 -0.972435 0.0430555
 0.909844 -0.956488 0.0442385
 0.911509 -0.950362 0.0463389
 0.921317 -0.935339 0.0446661
 0.933717  -0.92171 0.0412699
 0.935779 -0.917452 0.0415287
 0.949213 -0.905884 0.0363845
 0.950571 -0.902842 0.0368726
 0.961216  -0.89178 0.0326114
 0.973632 -0.882246 0.0277173
 0.974175 -0.879612   0.02877
 0.986643 -0.870755 0.0236796
 0.986252 -0.868002 0.0250785
   0.9959 -0.857988 0.0208324
    1.007 -0.849022 0.0157338
  1.00618 -0.845972 0.0163947
   1.01749  -0.837357 0.00996171
  1.01603 -0.834242 0.0100604
   1.02493  -0.824689 0.00384222
    1.03509   -0.816302 -0.00377332
     1.0332   -0.813437 -0.00440613
   1.04335  -0.805827 -0.0132176
  1.05106 -0.797435 -0.020837
   1.04833  -0.794934 -0.0218513
   1.05689  -0.787998 -0.0309896
   1.05331  -0.785657 -0.0321036
   1.06088    -0.7786 -0.0407792
   1.06727  -0.771921 -0.0500681
   1.06321  -0.770867 -0.0513951
  1.07008 -0.768586 -0.061477
   1.06536  -0.767759 -0.0629791
   1.07028  -0.763451 -0.0717953
   1.07576  -0.759932 -0.0820967
   1.07076  -0.757513 -0.0838047
   1.07583   -0.75199 -0.0934681
   1.0702 -0.750947 -0.095983
  1.07389 -0.750369 -0.106876
  1.07786 -0.749286 -0.118663
  1.07193 -0.749666 -0.120925
   1.0752 -0.746975 -0.129928
  1.07689 -0.741654 -0.141696
  1.07016  -0.73815 -0.143637
  1.07201 -0.731029 -0.155096
  1.06484 -0.725472 -0.157143
  1.06528 -0.716206 -0.166272
  1.06594 -0.706224 -0.176937
  1.05865 -0.699817 -0.178774
  1.05913 -0.689148 -0.189769
  1.05165 -0.682491 -0.191979
  1.05207 -0.673103 -0.200185
  1.05084 -0.661382 -0.211274
  1.04328  -0.65515 -0.213144
  1.04248 -0.644555 -0.223757
  1.03471 -0.638606 -0.225872
  1.03294 -0.628604 -0.234171
  1.03125 -0.618529 -0.243786
  1.02337 -0.612637 -0.245339
  1.02142 -0.602575 -0.254832
  1.01847 -0.592532 -0.262544
  1.01049 -0.586553 -0.264146
  1.00766 -0.576182 -0.272857
 0.999519 -0.570089 -0.274818
0.997069 -0.56119  -0.2811
  0.99289 -0.549843 -0.290119
 0.984778 -0.543882 -0.291385
 0.981049 -0.533389 -0.299551
 0.972859 -0.527533 -0.301063
  0.96852 -0.517582 -0.307126
 0.964266 -0.507492 -0.314237
 0.956144 -0.501937 -0.314985
 0.951907  -0.49205 -0.321778
 0.943783 -0.486691 -0.322935
 0.938905 -0.477214 -0.327975
 0.934143 -0.467658 -0.333979
 0.925792 -0.463105 -0.334555
 0.920842 -0.456468 -0.340497
 0.912601 -0.457832 -0.341806
 0.907787 -0.454384 -0.346067
 0.902481 -0.451259 -0.351258
 0.894631 -0.450727 -0.351348
 0.888884 -0.446363 -0.355644
 0.880939 -0.443671 -0.355996
 0.874789 -0.436887 -0.358628
 0.868766 -0.429241 -0.361867
 0.861147 -0.425097 -0.361245
  0.85529 -0.416684 -0.363874
  0.84923 -0.408295 -0.366125
 0.842059 -0.404172  -0.36559
 0.836411 -0.395845 -0.367817
 0.829391 -0.392071 -0.367819
 0.824723  -0.38501 -0.369317
 0.817839 -0.381521 -0.368921
 0.811876 -0.373628 -0.369843
  0.80649 -0.366019 -0.370345
 0.799784 -0.362596 -0.368428
 0.794913 -0.355722 -0.367946
 0.788031 -0.352066 -0.366463
 0.781457  -0.34413 -0.365022
 0.775198 -0.336318  -0.36334
 0.768618 -0.332753 -0.360946
 0.763512 -0.325889 -0.359409
 0.757009 -0.322247 -0.357981
 0.750269 -0.314538 -0.355554
 0.743987 -0.307141 -0.353079
 0.737735 -0.303862 -0.350523
 0.731473 -0.296897 -0.347337
 0.724805 -0.290339 -0.344778
 0.718693 -0.287288 -0.342361
 0.712266 -0.280881 -0.338944
 0.706084 -0.277914  -0.33699
 0.700495 -0.272507 -0.333335
 0.694388 -0.269708 -0.330849
 0.687172 -0.263631 -0.325806
 0.680353 -0.257961 -0.319933
 0.674453 -0.255438 -0.315792
 0.668228 -0.254161 -0.309661
 0.641077 -0.253919 -0.296465
 0.615425 -0.257287 -0.285348
 0.583303 -0.258252 -0.269195
 0.560123 -0.259647 -0.260575
 0.532464 -0.258198 -0.249084
 0.503613 -0.255551 -0.238055
 0.489789  -0.25324 -0.234621
 0.467769 -0.248413 -0.226777
 0.459566 -0.244595 -0.225933
  0.44452 -0.239123 -0.220013
 0.431012 -0.233507 -0.212587
 0.425105 -0.230429 -0.208456
 0.413489 -0.226615 -0.197725
 0.400225 -0.222684 -0.183098
 0.394233   -0.2212 -0.174563
 0.380967 -0.218767 -0.154324
 0.374881 -0.217891 -0.144182
 0.362594 -0.216512 -0.124171
 0.348803 -0.214697 -0.100966
  0.344133  -0.213832 -0.0903263
  0.332147  -0.212126 -0.0655973
  0.328657  -0.210717 -0.0560835
  0.318711  -0.209542 -0.0345448
  0.308635  -0.206591 -0.0126704
   0.306738   -0.204964 -0.00331787
 0.298391 -0.202721 0.0200358
  0.29698 -0.200948 0.0290661
 0.288679 -0.198966 0.0494103
 0.281509 -0.197391 0.0722753
 0.280758 -0.196185 0.0822331
 0.274289 -0.195403  0.103032
 0.267366 -0.194546  0.126517
 0.267132 -0.193799  0.136918
0.261715 -0.19385 0.161949
 0.261841 -0.193218  0.172176
 0.256341 -0.193327  0.193475
 0.252404 -0.194082  0.217359
 0.253652 -0.193818  0.227522
 0.251127 -0.195202  0.252139
 0.252572 -0.197762  0.261327
 0.250964 -0.205759   0.28091
 0.250972 -0.215406  0.302903
 0.254329 -0.222407  0.311963
 0.254688 -0.231434  0.331392
   0.2575 -0.235732  0.341023
 0.257859 -0.244008  0.363513
 0.259103 -0.251214  0.387346
 0.261659 -0.252646  0.398121
 0.263233 -0.257967  0.422415
 0.263254 -0.261226   0.44247
 0.265714 -0.261019   0.45249
  0.26739 -0.264818  0.474747
 0.269705 -0.264631  0.484155
 0.271342 -0.268672  0.502862
 0.272777 -0.273054  0.523614
0.275399 -0.27373 0.532604
 0.278111 -0.279351  0.553857
  0.28045 -0.280158  0.562695
 0.282893 -0.285613  0.580263
  0.28493 -0.291215  0.599955
  0.28719 -0.291993  0.608634
 0.273606 -0.295784   0.62473
 0.193437 -0.284723  0.611991
 0.114852 -0.278526  0.607953
0.0407948 -0.273828  0.607798
-0.0292189  -0.265347   0.601293
-0.0989232  -0.262721   0.606011
  -0.1653 -0.256444  0.606821
-0.232653  -0.25633  0.621594
-0.300857 -0.258706  0.643789
-0.361185 -0.259023  0.653142
-0.424937 -0.265384  0.676949
-0.489746  -0.27129  0.709339
-0.510544  -0.27382  0.732048
-0.424055 -0.289298   0.80921
-0.362285 -0.295966  0.854291
-0.273092 -0.311198  0.923997
 -0.16975 -0.331032   1.00084
-0.111634 -0.340426   1.03576
-0.00814799   -0.361336     1.10317
0.0469201 -0.374792   1.12187
 0.136199 -0.395522   1.15987
 0.229935 -0.417498   1.19232
  0.27079 -0.426513   1.20166
 0.354705 -0.445203   1.22322
 0.380758 -0.448331   1.22948
 0.441723 -0.459841   1.24092
 0.498748 -0.469056    1.2483
 0.513554 -0.468401   1.25265
 0.562201 -0.476809   1.25469
 0.569938 -0.475395    1.2571
 0.608423 -0.482856   1.25252
 0.645572 -0.492012   1.24541
 0.650695 -0.492546   1.24358
 0.683916 -0.502996   1.23193
 0.686575 -0.504871   1.22863
 0.717184 -0.517014   1.21388
 0.746324 -0.531052   1.19724
 0.746393 -0.533731   1.19238
 0.772673 -0.547193   1.17481
  0.77112 -0.550391    1.1682
 0.793225 -0.564409   1.14929
 0.812403 -0.579099   1.13084
 0.806776 -0.581961   1.12353
 0.821907 -0.594877   1.10625
 0.831566 -0.607885    1.0885
   0.8216 -0.610249   1.08084
 0.826508 -0.623666   1.06234
 0.813872 -0.625544    1.0547
0.816626 -0.63722  1.03731
 0.813162 -0.648714   1.01919
 0.798199 -0.650178   1.01044
0.790826 -0.66181 0.991696
 0.774373 -0.662701  0.983537
 0.766191 -0.673766  0.965141
 0.748208 -0.676325  0.951595
 0.734108 -0.686632  0.930858
 0.717816 -0.697309  0.911457
 0.699846 -0.698953   0.89876
 0.684611 -0.711247  0.882388
 0.674118 -0.720015  0.869429
0.662252 -0.73739 0.851201
 0.650706 -0.756209  0.834184
  0.63994 -0.764052  0.822466
 0.629182 -0.779239  0.809731
 0.615168 -0.792452  0.797112
 0.602708 -0.794787  0.788299
 0.588699 -0.803064  0.779443
 0.575705 -0.802137  0.772023
 0.557594 -0.808136  0.764107
 0.539138 -0.813154  0.757656
 0.527082 -0.811109  0.750132
 0.509047 -0.815248  0.744708
 0.498812 -0.813007  0.737342
 0.483267 -0.815702  0.732975
  0.46736 -0.818745  0.728997
 0.458893 -0.816818  0.721821
 0.443668 -0.819892  0.718963
 0.429774 -0.821227  0.717578
 0.422852 -0.819018  0.711115
 0.409216 -0.820331  0.710554
 0.403425 -0.817678  0.704651
 0.391424 -0.818029  0.706037
 0.378769 -0.816827  0.707113
 0.374171 -0.813868  0.701695
 0.362582 -0.812814  0.704429
 0.359169 -0.809152  0.699022
 0.348832 -0.807281  0.702736
   0.3394 -0.805956  0.706894
 0.337328 -0.803394  0.701793
  0.32907 -0.801872  0.706829
 0.328128 -0.798792  0.701391
 0.320622 -0.795832   0.70665
 0.314434 -0.792335  0.711842
 0.314542 -0.789341  0.706434
  0.30965 -0.784208  0.711922
 0.310612 -0.780911  0.706106
 0.305938 -0.777264  0.711251
 0.302723 -0.774705  0.717084
 0.304497 -0.774239  0.711167
 0.306002 -0.776705  0.716632
 0.307507 -0.779981  0.721461
 0.314105 -0.783108  0.714744
 0.318589 -0.787588  0.720089
 0.324647 -0.788249  0.713307
 0.328007 -0.788962  0.719302
 0.33139 -0.78872 0.724518
 0.336268 -0.786861  0.718287
 0.340955 -0.783488  0.733057
 0.348361 -0.774542  0.752824
 0.354105 -0.764977  0.788673
 0.360952 -0.753524  0.828707
 0.365439 -0.746154  0.846442
 0.367447 -0.737532  0.885683
 0.369436 -0.732792  0.892623
 0.369455 -0.727125  0.910882
 0.371094 -0.722697  0.924595
 0.373239 -0.720259  0.924835
 0.374638 -0.717307  0.933754
 0.375828 -0.714783  0.935578
 0.374847 -0.711149  0.944531
0.374071 -0.70804 0.955835
 0.373502 -0.705493  0.962131
 0.371783 -0.702144  0.974834
 0.368654 -0.698583  0.990927
 0.367468 -0.695998  0.999162
 0.365096 -0.693563    1.0159
 0.364239 -0.691052   1.02336
 0.361679 -0.688511   1.03607
 0.360387 -0.686994    1.0492
  0.36029 -0.685726   1.05392
 0.359922 -0.685457     1.065
 0.360073 -0.684288   1.06876
 0.358869 -0.683514   1.07712
0.358813 -0.68356  1.08622
 0.358526 -0.682924   1.09027
   0.3591 -0.683773   1.09495
 0.362483 -0.682731   1.05486
 0.365316 -0.682392   1.01842
 0.368796 -0.685403  0.984545
 0.372246 -0.690289  0.950818
 0.377054 -0.697636  0.920633
 0.380473 -0.702203  0.890428
 0.384956 -0.707882   0.86245
 0.392523 -0.714295  0.835862
 0.397617 -0.717117  0.809186
0.407464 -0.72101 0.783628
 0.415019 -0.722192  0.759086
0.42932 -0.7254  0.7356
 0.448605 -0.728162  0.712203
 0.459929 -0.730006  0.690211
 0.474319 -0.732452  0.754248
 0.482667 -0.734318  0.810163
 0.501163 -0.737439  0.907217
  0.52305 -0.740792   1.00273
 0.533773 -0.743988   1.04227
 0.551541 -0.747853   1.10126
 0.570404 -0.751839   1.15548
 0.577945 -0.755024   1.16074
 0.590687 -0.760305   1.18935
 0.589915 -0.762133   1.18159
  0.58757 -0.766291   1.19162
 0.576881 -0.770934    1.1936
 0.564964 -0.770856   1.18682
 0.541503 -0.776157   1.18688
 0.522139 -0.774046   1.18312
 0.490838 -0.777027   1.18637
 0.453288 -0.780695    1.1874
 0.432499 -0.778513   1.18596
 0.393751 -0.780676   1.18638
 0.359019 -0.779758   1.18752
 0.342337 -0.777895   1.18487
 0.309301 -0.777306   1.18297
 0.297597 -0.775295   1.17964
 0.272253 -0.772843   1.17697
 0.263989 -0.769314   1.17348
 0.239945 -0.765983   1.17036
  0.21973 -0.762502   1.16706
 0.214057 -0.759416   1.16487
0.198317 -0.75662    1.163
 0.191108 -0.755951   1.16209
 0.172725 -0.754604   1.16207
 0.156328 -0.752956   1.16239
 0.151059 -0.752729   1.16267
 0.137511 -0.752044   1.16373
   0.1247 -0.754447    1.1659
 0.122872 -0.753376   1.16664
 0.115028 -0.750874   1.16809
0.115647  -0.7485  1.16897
 0.110449 -0.744668   1.17075
0.108708 -0.74015  1.17186
 0.111162 -0.737815   1.17261
 0.111545 -0.732944   1.17325
 0.113574 -0.726573   1.17448
 0.117342 -0.723897   1.17544
 0.122302 -0.717433   1.17584
  0.12656 -0.714346   1.17707
 0.132062 -0.708128    1.1769
 0.138905 -0.700452   1.17729
 0.143524 -0.698028    1.1782
 0.152849 -0.690707   1.17672
 0.158756 -0.688305   1.17488
 0.168268 -0.681268   1.17065
  0.18039 -0.674016   1.16513
 0.185717 -0.672506   1.16247
  0.19831 -0.665616   1.15465
 0.188738 -0.661675   1.14273
 0.175906 -0.663383   1.13525
 0.169124 -0.659773   1.12052
0.156286 -0.66123  1.11364
 0.149381 -0.657932   1.10013
 0.141895 -0.653707   1.08653
 0.129438 -0.655522    1.0816
 0.123343 -0.651724   1.06838
 0.110709 -0.653292   1.06467
 0.103398 -0.649502   1.05353
0.0979371 -0.645765   1.04216
0.0872728 -0.647614   1.03915
0.0841457 -0.643788   1.02786
0.0749836 -0.646475    1.0247
0.0697274 -0.644946   1.01427
0.0672557 -0.647076   1.00412
0.0576836 -0.654984   1.00251
 0.056009 -0.658701  0.992174
0.0471145 -0.665773  0.990909
 0.046959 -0.669133  0.979918
 0.045906 -0.672611  0.970709
0.0386938 -0.678769  0.969466
0.0403579 -0.681758  0.959749
0.0330825 -0.686402  0.959169
0.0351972 -0.688553  0.949838
0.0368946  -0.69136  0.940589
0.0292687  -0.69742  0.939697
0.0322345 -0.698793  0.930089
0.0237348 -0.703416  0.930196
0.0250296 -0.703885  0.923192
0.0248503 -0.680325  0.914664
0.0140945 -0.660593  0.913234
0.0148769 -0.633168  0.903958
0.0164227 -0.606979  0.896245
0.00717984  -0.585724   0.895466
0.0104508 -0.562826  0.888319
0.000911148   -0.543976     0.88833
0.00465988  -0.523486   0.880027
0.0649719 -0.498995  0.884709
0.0949597 -0.480473  0.892345
 0.158961 -0.457883  0.895511
 0.189757 -0.441917  0.897476
 0.259994 -0.423806  0.899102
 0.327306 -0.407305  0.897558
  0.35251 -0.396872  0.891685
 0.407689 -0.382382  0.880457
 0.462861 -0.369257  0.866307
 0.480195 -0.361691  0.859167
 0.528988 -0.330694  0.842163
 0.540242 -0.301118  0.836784
 0.579742 -0.259472  0.821064
 0.616677 -0.217717  0.804592
 0.622861 -0.199612  0.800386
 0.653769 -0.175842  0.782855
 0.648604 -0.159463   0.77424
 0.667867 -0.217232   0.75717
 0.681411 -0.285755   0.73711
 0.673218 -0.335999  0.731151
 0.681191 -0.403883  0.707548
 0.671843 -0.440063  0.702371
 0.679093 -0.489444  0.681318
0.683084  -0.5427 0.659642
 0.672843 -0.570499  0.655939
 0.674439 -0.623077  0.634545
 0.654894 -0.670347  0.634939
  0.60497 -0.697227  0.663638
  0.54599 -0.752611  0.692556
0.499419 -0.78284 0.719088
0.447958  -0.8543  0.73594
 0.420709 -0.897584  0.739977
 0.399376 -0.964438  0.729136
0.385492 -1.03614 0.705533
0.378938 -1.06736 0.687041
0.380591  -1.1289 0.648313
0.381467 -1.14826 0.628545
0.390572 -1.19015 0.595987
0.390103 -1.20056 0.584685
0.398912 -1.23615 0.558034
0.406771 -1.26633 0.539308
0.401227 -1.26965 0.538542
0.404168 -1.29132 0.531849
0.395905 -1.29172 0.537557
0.396222 -1.30907 0.537204
0.394307 -1.32452 0.539309
0.386065  -1.3222 0.542388
0.385586 -1.33493 0.540959
0.382829 -1.34396 0.539555
0.375864 -1.34005 0.537958
0.373647 -1.34738 0.531843
0.367188  -1.3425 0.528338
0.365506 -1.34713 0.521474
 0.36276 -1.35012 0.512587
0.355578 -1.34715 0.509135
0.350864 -1.35975 0.499895
0.382087 -1.33288 0.502377
0.415845  -1.2894 0.499829
0.413384 -1.27586 0.490592
0.394575 -1.30149  0.48624
0.386933 -1.33437 0.480296
0.360379 -1.36837 0.485562
0.330085 -1.40248 0.494147
0.293375 -1.44385 0.499716
0.269073 -1.45816  0.50654
 0.23774 -1.47875 0.505507
0.223518 -1.47279 0.507217
0.206366 -1.46868 0.501791
0.193125 -1.45392 0.492342
0.188987 -1.43503 0.489181
0.184456 -1.41213 0.475908
0.185571 -1.39283 0.471769
0.185643 -1.37274 0.461525
0.188489  -1.3517 0.450243
0.190415 -1.35516 0.446765
0.193876 -1.37014 0.436266
0.195223 -1.36352 0.434439
0.195364 -1.35306 0.428887
0.196558 -1.33248 0.422266
0.195586 -1.30746 0.421129
 0.19535  -1.2856 0.414785
0.193431 -1.26471 0.411159
0.191202 -1.24367 0.410319
0.188803 -1.22499 0.405296
 0.18594 -1.20592 0.404927
0.182764 -1.18869 0.399051
0.179405 -1.17145 0.398554
0.175465 -1.15562 0.394447
0.171526 -1.14032 0.388741
0.167659 -1.12578  0.38761
0.164286 -1.11176 0.381424
0.160433 -1.09918 0.380565
0.155502  -1.0874 0.375107
0.151321 -1.07634 0.367858
0.147298 -1.06612 0.366242
0.144042 -1.05647 0.358345
0.139573 -1.04829 0.351411
0.0832131  -1.03571  0.377266
0.0818522  -1.01276  0.378075
0.0805053 -0.966828  0.384283
0.0743542 -0.876361  0.382371
0.0814004 -0.807338  0.379634
0.0880946 -0.716046  0.371196
 0.101745 -0.628377  0.358041
 0.107799 -0.596981  0.349181
 0.119546 -0.542829  0.332242
 0.120673 -0.541214  0.324174
 0.124969 -0.518273  0.310007
 0.120886 -0.526714  0.305133
 0.120248 -0.510095  0.292744
  0.11605 -0.496898  0.279996
 0.108259 -0.499151  0.277612
 0.100556 -0.476607  0.265056
0.0911846 -0.468726  0.263955
0.0825722 -0.435321  0.253662
0.0733477 -0.395685  0.239376
0.0654006 -0.383184  0.235157
0.0578024 -0.341539  0.215576
0.0514088 -0.331965  0.209022
0.0461837 -0.298244  0.190073
0.0421419 -0.267656  0.165793
0.0374152 -0.268578   0.15692
0.0349017 -0.249519  0.132699
0.0341633 -0.235987  0.107678
0.0302289 -0.246946 0.0988639
0.0305768 -0.242729 0.0713742
0.0266328 -0.258198 0.0639863
0.0267335 -0.257893  0.039866
0.0281463 -0.262833 0.0165234
 0.0241258  -0.280312 0.00937736
 0.0260335  -0.289468 -0.0162336
 0.0217756  -0.307788 -0.0226113
0.00658764   -0.31644 -0.0326051
0.00885769  -0.330653 -0.0571712
0.00236366  -0.361667  -0.068214
-0.0977926  -0.382135 -0.0366731
-0.0953192  -0.407449 -0.0490809
-0.0876324  -0.432017   -0.07937
-0.0849967  -0.462238  -0.115404
-0.0661036  -0.487506  -0.138025
-0.0438806  -0.515739  -0.176844
-0.325783  -0.50348 -0.398128
-0.292873 -0.533345 -0.436969
-0.340919 -0.574064 -0.557206
-0.283145 -0.607654 -0.523184
-0.223658 -0.660481 -0.532562
-0.157114 -0.696904  -0.47766
-0.0753341  -0.746508  -0.442849
0.00917198   -0.80045   -0.34079
0.0474291 -0.833873  -0.29008
 0.109841 -0.881871 -0.245469
 0.135867  -0.91267 -0.246382
 0.199333  -0.96411 -0.231397
0.00655499  -0.985951  -0.586257
0.0210092  -1.00767 -0.613982
 0.053232  -1.05429 -0.646303
0.0770109   -1.0825 -0.602954
0.0491612  -1.13566 -0.661068
0.0728454  -1.19369 -0.619744
0.0838085  -1.21987 -0.568063
 0.125304  -1.27655 -0.491483
 0.142394  -1.30849 -0.443046
 0.18076 -1.36962 -0.40085
 0.224953  -1.43449 -0.365981
0.237951 -1.46216 -0.36413
 0.273369    -1.511 -0.370521
0.0366861  -1.45946 -0.684624
 0.065763  -1.49679 -0.701743
0.0111638  -1.52538 -0.806022
0.0372056  -1.55284 -0.769595
0.0629945  -1.59762 -0.767445
0.0952978  -1.62602   -0.7081
 0.136049  -1.66908 -0.641409
  0.18456  -1.64338 -0.551078
 0.201511  -1.61779 -0.509577
 0.255127  -1.60581 -0.458218
0.0345738  -1.61673  -0.71302
0.0758268  -1.61592 -0.716783
0.0450507  -1.62102  -0.81151
0.0867302  -1.60469 -0.791491
 0.134411  -1.57941 -0.801884
-0.0822762   -1.54854  -0.932491
-0.0252654   -1.51373  -0.897512
0.0035441  -1.48303 -0.861996
0.0332585  -1.44636 -0.849711
 0.111509  -1.41377 -0.792109
-0.087839  -1.39029 -0.912565
-0.00652336    -1.36394   -0.858965
0.0345294  -1.34591 -0.838277
0.0830294  -1.32183 -0.822239
-0.073311  -1.30551 -0.943601
-0.0168946   -1.29095  -0.911781
0.0654335  -1.27505 -0.870922
 0.143286  -1.26085 -0.820408
 0.187349  -1.24402 -0.802523
0.0406424  -1.23398 -0.917023
0.0837687   -1.2638 -0.890777
0.102287 -1.31565 -0.89846
 0.163183  -1.35274 -0.851322
  0.22536  -1.41069 -0.790516
0.0798276  -1.41299 -0.894234
0.119532 -1.43987 -0.85938
0.126309 -1.48593  -0.8586
   0.1784  -1.52101 -0.809982
 0.233774  -1.58515 -0.762358
0.0756711  -1.59084 -0.843943
  0.10913  -1.61984 -0.811025
 0.103832  -1.66644 -0.810567
 0.151949  -1.69385 -0.765784
0.200847 -1.74247 -0.72352
0.0186667  -1.69932 -0.832029
0.0746818  -1.74029   -0.7767
0.0827772   -1.7661 -0.791568
 0.136355   -1.7818 -0.746211
 0.198002  -1.79723 -0.698765
0.275202 -1.80281  -0.6801
 0.347534  -1.84214 -0.618843
 0.194641  -1.80724 -0.750725
 0.192656  -1.80964 -0.734131
 0.150314  -1.81583 -0.758226
  0.15601  -1.81961 -0.720706
 0.153228  -1.83324 -0.686881
  -0.0433  -1.77578 -0.779955
-0.0372361   -1.78277  -0.735524
-0.0839476    -1.7779  -0.739692
-0.0463837   -1.78063   -0.69104
-0.0194564   -1.78913  -0.647702
0.0219132  -1.79094 -0.610876
-0.135101   -1.7443 -0.703077
-0.0901694   -1.74813  -0.662306
-0.0685908   -1.74579  -0.658357
-0.0570819   -1.74232  -0.663789
-0.0195512   -1.74275  -0.646895
0.00760828   -1.74651  -0.636456
-0.133179  -1.69736 -0.727614
-0.109256  -1.69135 -0.714452
-0.127807  -1.67845 -0.735454
-0.0885784   -1.67765  -0.702366
-0.0593485   -1.67691  -0.676437
-0.193454  -1.62496 -0.743365
-0.162935  -1.61879 -0.714746
 -0.17324  -1.60309 -0.712924
-0.128569  -1.60317 -0.673872
-0.0933907   -1.60059  -0.639816
-0.056971  -1.60057 -0.610049
-0.180837  -1.54759 -0.674809
-0.141285  -1.53826  -0.63276
-0.125484  -1.53309 -0.624951
-0.12745 -1.51979 -0.62715
-0.101331  -1.51751 -0.607813
-0.239539   -1.4626 -0.689658
-0.206164  -1.45206 -0.652392
 -0.20377   -1.4463 -0.625421
 -0.19564  -1.43128 -0.610334
-0.168344    -1.453  -0.58366
-0.147615  -1.46821 -0.557378
-0.312473  -1.41786 -0.607572
-0.278535  -1.41159  -0.57172
-0.298469  -1.39633  -0.57533
 -0.25162  -1.39768 -0.552438
-0.212469  -1.38943 -0.533083
-0.171424  -1.38859 -0.516035
-0.272104  -1.33975 -0.583827
-0.245235  -1.33503 -0.576263
-0.209987  -1.32377 -0.555769
-0.194926  -1.30878 -0.553588
-0.16477 -1.30867 -0.53113
-0.141688  -1.29824 -0.486545
-0.250387  -1.26092  -0.56113
-0.229896  -1.24939 -0.538232
-0.246517  -1.23267 -0.542422
-0.216695   -1.2338 -0.518251
-0.195421  -1.22486 -0.484359
   -0.174  -1.22486 -0.446434
-0.153154  -1.21592  -0.40843
-0.249635  -1.18199 -0.495788
-0.225324   -1.1708 -0.473859
-0.238779  -1.15175 -0.486014
 -0.21702  -1.15193 -0.457297
-0.199181  -1.14167 -0.433831
-0.181418  -1.14168 -0.405069
-0.161911  -1.13377 -0.376445
-0.233706  -1.09317 -0.450981
-0.223061  -1.09009 -0.439356
-0.232259  -1.07415 -0.451126
-0.215202  -1.07567 -0.424637
-0.199788  -1.06966  -0.40134
-0.175125  -1.06508 -0.368088
-0.467329 -0.767368  0.482122
-0.523623 -0.761432  0.391845
-0.492538 -0.767354  0.388691
-0.292213  -0.75727  0.530888
-0.116759  -0.74244  0.704113
0.0624431 -0.732164  0.889082
 0.276402 -0.719471   1.11642
 0.363531 -0.710216   1.13342
 0.621343 -0.718749   1.42382
 0.834041 -0.744722   1.66994
 0.943719 -0.786971   1.76893
  1.11235 -0.800478   2.00832
  1.11724 -0.810016   1.95757
  1.19098 -0.783305   2.11849
   1.2137 -0.778909   2.14871
  1.24281 -0.751265   2.27617
  1.24362 -0.721439   2.39648
  1.17891 -0.665645   2.30474
  1.13267 -0.655288   2.39508
  1.09399 -0.652942   2.38381
0.991141 -0.64092  2.41252
 0.880253 -0.624293   2.44093
  0.77596 -0.610956   2.33287
 0.626229 -0.588307   2.39942
 0.550481 -0.580116   2.40723
 0.384563 -0.558525   2.42545
 0.224182 -0.539166   2.44271
 0.113431 -0.515634   2.37662
-0.035215 -0.486124   2.37386
-0.0800487  -0.472546    2.35305
-0.212987 -0.444231   2.31263
 -0.33159 -0.412454   2.27845
-0.314281 -0.393793   2.17471
-0.364948 -0.356924   2.10331
-0.351496 -0.343125   2.06103
-0.401019 -0.307534   1.97346
-0.443018 -0.265792   1.89053
-0.401481 -0.248324   1.78356
 -0.43801 -0.201433   1.69548
 -0.42161 -0.185375   1.65077
-0.453253 -0.142887   1.55458
 -0.479674 -0.0941821    1.46609
 -0.427146 -0.0776656    1.40029
-0.427517 -0.026093   1.36392
  -0.405304 -0.00907832     1.33626
-0.401896 0.0393178   1.29545
-0.396182 0.0906428   1.24729
-0.360859    0.1025   1.18303
-0.347098  0.152286   1.12505
-0.318841  0.161251   1.08754
-0.317799  0.209174  0.989143
-0.40211 0.263898 0.911306
-0.434007  0.277957  0.867036
-0.515063  0.328444  0.791602
-0.558279  0.345767   0.72308
-0.562138  0.407547  0.665365
-0.549888  0.470621  0.603689
-0.534235  0.482091  0.593462
-0.523666  0.539433   0.52484
-0.506901  0.588115  0.484591
-0.483404  0.594344  0.468127
-0.453559   0.63998  0.411908
-0.423877  0.649141  0.365248
-0.392663   0.68715  0.315239
-0.364002  0.687541  0.292109
-0.325129   0.72305   0.22908
-0.278581  0.761478   0.14107
-0.252933  0.758533  0.120231
-0.207578  0.787227 0.0471402
-0.188713   0.77989 0.0294599
 -0.155254   0.805191 -0.0473818
-0.119588  0.821242 -0.110434
-0.102624   0.81174  -0.12798
-0.0707297    0.82411  -0.188685
-0.0539885   0.816155  -0.220893
-0.0167222   0.823036  -0.284837
 0.023893  0.826586 -0.356824
0.0406359  0.811055 -0.372509
0.0779772  0.814709 -0.445893
  0.11855  0.808452 -0.509181
 0.133872  0.789932 -0.524621
 0.177087  0.778925 -0.594097
 0.191343  0.761091 -0.618511
 0.236002  0.744826 -0.685979
 0.248628  0.722427 -0.698296
 0.285883  0.705411 -0.757416
 0.329431  0.681291 -0.829363
  0.35442  0.643494 -0.847898
 0.401822  0.604194 -0.906382
  0.41887  0.566231 -0.918363
 0.472183  0.519802 -0.979747
0.527066 0.474558 -1.04418
0.541197 0.444628 -1.05164
0.585102  0.40891 -1.10076
0.592331 0.386362  -1.1048
0.635194 0.352339 -1.16137
0.675415 0.319677 -1.21169
0.680538 0.302972 -1.21764
0.717507 0.276027 -1.27363
0.717141 0.262544 -1.27965
 0.74787 0.238515 -1.32718
0.778189 0.214447 -1.37552
0.776591  0.20391 -1.38418
0.804441 0.182152 -1.42797
0.800811 0.172149 -1.43243
0.826509  0.14914 -1.47546
0.885609 0.133429 -1.51285
0.897201 0.127377 -1.51362
0.966072 0.113411 -1.54557
0.973314 0.107006 -1.54699
  1.03197 0.0925566  -1.57798
 1.03248 0.084148 -1.58299
  1.08407 0.0662204  -1.61426
  1.12793 0.0454617  -1.65027
 1.12155 0.034818 -1.65832
  1.15647 0.0108224   -1.6965
     1.14088 -0.000983936     -1.70634
   1.14465 -0.0226988   -1.74311
   1.14622 -0.0475967   -1.78049
   1.12537 -0.0596401   -1.78805
   1.17021 -0.0259388   -1.82638
  1.18061 -0.037949  -1.88056
 1.22047 -0.21766 -2.05677
  1.20206 -0.539711  -2.28844
  1.01415 -0.917645  -2.42896
 1.22526 -1.44628 -2.46804
 1.52472 -2.09874 -2.50898
 1.73037 -2.54263 -2.50093
 2.07343 -3.06144 -2.59238
 2.35371 -3.32772 -2.65755
 2.32108 -3.09748 -2.66775
 2.38482 -2.71817 -2.63713
 2.19001 -2.15035 -2.42664
 2.03509 -1.54895 -2.21817
 1.83542 -1.09942 -2.08798
  1.75586 -0.734916  -2.06952
  1.65536 -0.525372  -2.07794
  1.56311 -0.238429  -2.12481
  1.52252 -0.103087  -2.07408
  1.50869 -0.100494  -2.00983
 1.52869 -0.14672 -1.97063
   1.4986 -0.237676  -1.98154
  1.49383 -0.344756  -2.01112
  1.44084 -0.435403  -2.03336
  1.39848 -0.546906  -2.08454
  1.33269 -0.647429  -2.13482
  1.27282 -0.702582  -2.13456
  1.19295 -0.768756    -2.157
  1.13714 -0.799022  -2.13536
  1.07003 -0.836421  -2.12317
 0.991412 -0.862766  -2.09508
 0.939482 -0.872243  -2.07045
 0.849255 -0.887521  -2.03016
 0.784659 -0.889307  -2.01315
 0.681901 -0.890768  -1.97762
 0.562083 -0.884042  -1.91035
 0.489843 -0.879801  -1.85851
 0.356442 -0.865687  -1.76657
 0.361628 -0.866969  -1.75452
 0.336236 -0.871126  -1.71815
 0.314552 -0.877366  -1.68291
 0.326034 -0.884108  -1.67218
 0.304871 -0.885027  -1.63386
 0.314691 -0.890157  -1.61849
 0.285511 -0.891774  -1.57542
  0.28805 -0.894047  -1.55225
 0.253456 -0.890078  -1.50143
 0.211951 -0.885404  -1.44432
 0.211891 -0.892137  -1.42201
0.167179 -0.88566 -1.36518
0.170419  -0.8902 -1.34609
 0.133045 -0.886137  -1.30172
 0.139328 -0.887662  -1.28584
0.0996136 -0.880743  -1.23801
 0.106319 -0.879922  -1.22218
0.0685373 -0.867737  -1.17032
0.0462597 -0.851201  -1.09504
0.0552403 -0.846898  -1.07392
0.0318659  -0.82543 -0.997952
0.0410834 -0.820577 -0.978886
0.0222255 -0.799511 -0.908095
0.000300766   -0.773313    -0.83685
0.00908616  -0.766453  -0.819812
-0.0139491  -0.736294  -0.749577
-0.00542029    -0.72987   -0.734807
-0.0243222  -0.700661  -0.669642
-0.0611435  -0.664853  -0.606401
-0.0822775  -0.650237  -0.595708
-0.156792 -0.602147 -0.537184
-0.177643 -0.588294 -0.527732
-0.237091 -0.544768 -0.470166
-0.287271 -0.495234 -0.408813
-0.289766 -0.482689 -0.391392
-0.333251 -0.433069 -0.329659
-0.331633 -0.423702  -0.31509
-0.362552 -0.380727 -0.256177
 -0.35774 -0.373588 -0.242791
 -0.45489 -0.340126 -0.192859
-0.564604 -0.311059 -0.152984
 -0.59005 -0.312338 -0.152973
-0.687875  -0.28478 -0.115608
 -0.70184 -0.285773 -0.103239
 -0.784144  -0.260607 -0.0586052
 -0.790783  -0.261207 -0.0407329
-0.864728 -0.235426 0.0125133
-0.928223 -0.209278  0.073673
-0.924275 -0.212878 0.0939216
-0.975362 -0.194708  0.150559
 -1.01678 -0.178067  0.212749
 -1.00202 -0.185703  0.233496
  -1.0306 -0.170115  0.295815
 -1.00961 -0.178613   0.31718
 -1.03175 -0.165252  0.371268
-1.04303 -0.15341 0.429964
 -1.01664 -0.162667  0.450172
 -1.01749 -0.151887  0.508441
-0.987679 -0.162166  0.530632
-0.980003 -0.153456  0.589649
-0.948656 -0.164831  0.614306
-0.941111 -0.159847  0.666647
-0.922263 -0.156591   0.72282
-0.887486 -0.169789  0.745958
-0.859446 -0.169467  0.800735
 -0.82296 -0.184285  0.825363
-0.796389 -0.186472  0.871548
 -0.75883 -0.202633  0.895252
-0.720341 -0.209246  0.943883
-0.675474 -0.218466  0.990988
-0.636292 -0.236386   1.01113
-0.585836 -0.248944   1.05341
-0.548279 -0.268333    1.0729
-0.503736 -0.282196   1.10536
 -0.45079 -0.300731   1.14009
-0.414412 -0.321403   1.15541
-0.357793 -0.342622   1.18488
-0.324401 -0.364121   1.19962
-0.298271 -0.394658   1.29619
-0.266268 -0.414555   1.30587
 -0.20926 -0.437185   1.32097
-0.137493 -0.491491    1.3461
-0.0947916  -0.541581    1.36323
-0.0173311  -0.605043    1.37983
0.0220022  -0.65356   1.38838
0.0891805 -0.711688   1.39671
 0.161218 -0.776975   1.40484
 0.191113 -0.818321   1.40436
 0.237056 -0.881676   1.39889
 0.227106 -0.922846   1.38851
 0.253096 -0.981768   1.37006
0.241225 -1.01741  1.35772
0.258031 -1.06341  1.33645
0.272847 -1.11113  1.31241
0.258703 -1.13965  1.30096
0.272008 -1.18069  1.27452
0.252217 -1.20451  1.26444
0.258248 -1.23812  1.23942
0.265029 -1.27029  1.21196
0.249077 -1.28836  1.20043
0.25956 -1.3149 1.17002
0.243103 -1.32926  1.15843
0.251852 -1.35151  1.12897
0.263201 -1.37073  1.09692
0.251156 -1.38064  1.08404
0.266333 -1.39485  1.04981
0.252454 -1.40221   1.0376
 0.26564 -1.41391  1.00518
0.277739 -1.42328  0.97204
0.265688  -1.4274 0.959486
0.280339 -1.43191 0.924739
0.265314 -1.43436  0.91318
0.278482 -1.43869 0.880983
0.295039 -1.43767 0.846778
0.283521  -1.4373 0.834562
0.301882 -1.43239 0.799005
0.286898   -1.431 0.787096
0.301843 -1.42795 0.753701
0.316085 -1.41997  0.71817
0.303064 -1.41673 0.705237
0.318888 -1.40525 0.667912
0.302467 -1.40166 0.655565
0.317059 -1.39263 0.620569
0.300213 -1.38862 0.608476
0.313547  -1.3784 0.572442
0.326921 -1.36724 0.535497
0.314523 -1.36445 0.522984
0.329142 -1.35621 0.488661
0.340729 -1.34532 0.453696
0.346798 -1.34079 0.445965
0.393589 -1.32326 0.416591
0.401461 -1.31872  0.41117
0.444858 -1.30493 0.382959
 0.48526 -1.28938 0.353161
0.480183 -1.28588 0.340564
0.494201   -1.268 0.301161
0.482316 -1.26648 0.286642
0.489926 -1.25282 0.247052
0.496999 -1.23842 0.205374
0.485096   -1.238 0.190966
 0.49294 -1.22226 0.149136
0.482052 -1.22174 0.140588
0.491224 -1.20748 0.107259
0.499096 -1.19235 0.075449
 0.488819   -1.1922 0.0673205
 0.497239  -1.17568 0.0350413
 0.486663  -1.17608 0.0282858
   0.494011    -1.16214 -0.00145435
  0.501099   -1.14737 -0.0306389
  0.492286   -1.14806 -0.0394617
  0.500321   -1.13228 -0.0703879
  0.491015   -1.13397 -0.0781534
 0.497339  -1.12215 -0.105336
   0.4879   -1.1244 -0.112761
 0.494672  -1.11056 -0.141633
 0.500321   -1.0967 -0.169503
0.491291 -1.09953 -0.17781
 0.495046  -1.08892 -0.201812
 0.497498   -1.0781 -0.225019
 0.487431  -1.08216 -0.231279
 0.489202  -1.07135 -0.253715
 0.478396  -1.07665 -0.258425
0.479689  -1.0667 -0.28004
 0.469291  -1.07275 -0.284878
 0.469417   -1.0669 -0.302834
 0.468974  -1.06039 -0.321409
 0.460488  -1.06723 -0.328068
 0.460749  -1.06142 -0.347347
 0.452396  -1.06872 -0.352492
 0.454195  -1.06356 -0.367729
 0.454496  -1.05933 -0.381769
 0.446731  -1.06644 -0.386427
 0.445981  -1.06189 -0.400243
 0.436994  -1.06956 -0.403562
 0.434785  -1.06683 -0.415118
 0.425571  -1.07471 -0.418344
 0.421886   -1.0728 -0.429783
 0.417069  -1.07084 -0.440729
 0.408556  -1.07898 -0.445322
  0.40343  -1.07887 -0.454611
 0.394568  -1.08779 -0.457923
  0.38823  -1.08871 -0.467106
 0.381123  -1.08975 -0.475474
 0.372895  -1.09884 -0.479315
 0.365777  -1.10144 -0.485596
  0.35743  -1.11122 -0.488009
 0.349267  -1.11492 -0.493975
  0.34056  -1.11863 -0.499029
 0.333006  -1.12836 -0.502034
 0.324552  -1.13317 -0.505372
 0.309554  -1.13871 -0.508662
 0.290147   -1.1476 -0.512403
  0.25915   -1.1513 -0.517331
0.239776 -1.16038 -0.51997
 0.212273  -1.16503 -0.522078
 0.195598  -1.17423 -0.522529
 0.166937  -1.17971 -0.522483
 0.139289  -1.18477 -0.519855
  0.12641  -1.19372 -0.518848
 0.104427  -1.19938 -0.514636
0.0947168  -1.20844 -0.511725
0.0735492  -1.21344 -0.505709
0.0534263  -1.21966 -0.495666
0.0459462  -1.22789 -0.492822
0.0277232  -1.23285 -0.481779
 0.021504  -1.24092 -0.477765
0.00623457   -1.24605   -0.46775
-0.0101002   -1.25187  -0.452918
-0.0142088   -1.25848  -0.448784
-0.028838  -1.26134 -0.433232
-0.0315362   -1.26712  -0.427642
-0.0447592   -1.27123  -0.411733
-0.0564677   -1.27347  -0.394014
-0.0574256   -1.27865  -0.387709
-0.0673034   -1.27974  -0.368519
-0.0669669   -1.28495  -0.360969
-0.0762872   -1.28795  -0.342507
-0.0838024   -1.28922  -0.322292
-0.0822596   -1.29386  -0.315488
-0.0892834   -1.29573  -0.297482
-0.0868376    -1.3003  -0.290218
-0.091816  -1.30136 -0.270475
-0.0953176   -1.30072  -0.250185
-0.0919272   -1.30448  -0.243769
-0.0957104   -1.30491  -0.226151
-0.0919054   -1.30868  -0.219235
-0.0937109   -1.30818  -0.200032
-0.0942378   -1.30606  -0.180429
-0.0899049    -1.3091  -0.174331
-0.0913334   -1.30815  -0.157505
-0.0869831   -1.31134  -0.151004
-0.0865855   -1.30948  -0.132991
-0.0851968   -1.30608  -0.114935
-0.0806365   -1.30862  -0.109643
-0.0785625   -1.30419 -0.0926943
-0.0742551   -1.30698 -0.0871807
-0.0717036   -1.30197 -0.0713971
-0.0675526   -1.30463 -0.0662841
 -0.066775   -1.30272 -0.0525776
 -0.064364   -1.29855 -0.0385718
-0.0603813   -1.30087 -0.0349382
-0.0591111   -1.29808 -0.0233983
-0.0553575   -1.30057 -0.0192584
-0.0526117   -1.29654 -0.0074114
-0.0489964   -1.29097 0.00416289
-0.0452298   -1.29292 0.00700653
-0.0401012   -1.28637  0.0168779
-0.0357243   -1.28869  0.0196882
-0.032146  -1.28436 0.0277684
-0.0266376   -1.27648    0.03577
-0.0224996    -1.2763  0.0372536
-0.0163784   -1.26658  0.0441928
-0.0128916   -1.26697  0.0464847
-0.00858894    -1.25957    0.052137
-0.00336755    -1.25169   0.0588334
-0.000535326     -1.25236     0.059976
0.00499583     -1.243  0.0650934
0.00717009   -1.24441  0.0665839
0.0109507  -1.23875 0.0706284
0.0158565  -1.23049 0.0741268
0.0177151  -1.23193 0.0741826
0.0229817  -1.22268 0.0760999
0.0244405   -1.2246  0.076657
0.0283888  -1.21886 0.0782533
0.0334508   -1.2105  0.079354
0.0347663  -1.21215 0.0789237
0.0402265  -1.20276 0.0789591
0.0411062  -1.20474 0.0791682
0.0455279  -1.19761 0.0787883
0.0505467  -1.18984 0.0788939
0.0508623  -1.19145 0.0785914
0.0562651  -1.18221 0.0772342
0.0559362  -1.18421 0.0777205
0.0605384  -1.17713 0.0759148
0.0600514  -1.17919 0.0762241
0.0652647  -1.17129 0.0738678
0.0704826  -1.16226 0.0711613
0.0702661  -1.16405 0.0698755
  0.07495  -1.15712 0.0670564
0.0795014  -1.14992 0.0646338
0.0787032  -1.15208 0.0640869
0.0835408   -1.1434 0.0610381
0.0820739  -1.14609 0.0614464
0.0865598  -1.13951 0.0585762
0.0849736  -1.14235 0.0587131
0.0892436  -1.13561 0.0553985
0.0947296  -1.12775 0.0511022
0.0945771  -1.13049 0.0487904
0.0995908  -1.12355 0.0437299
 0.105543  -1.11449 0.0387833
 0.104818  -1.11464 0.0367917
 0.110365  -1.10388 0.0313731
 0.104697  -1.10473 0.0304333
0.103003 -1.09288 0.024464
 0.100022  -1.08596 0.0214205
0.0942668  -1.08752 0.0198077
0.0925495  -1.07881 0.0157394
 0.086533  -1.08171 0.0156475
0.0849688  -1.07582 0.0119255
0.0794279  -1.07927 0.0118464
 0.0785737    -1.0734 0.00813376
 0.0779759   -1.06691 0.00455856
  0.073724   -1.07051 0.00320939
  0.0732209    -1.06623 -0.00014152
   0.068557    -1.07058 8.66802e-06
  0.0686426    -1.06515 -0.00343932
  0.0683664    -1.06069 -0.00530654
   0.064367    -1.06492 -0.00567374
  0.0636242    -1.06205 -0.00719025
  0.0589859    -1.06696 -0.00602611
  0.0585243    -1.06399 -0.00722239
   0.058124       -1.06 -0.00805805
  0.0542716    -1.06479 -0.00803158
  0.0542563    -1.06066 -0.00919012
   0.049869    -1.06608 -0.00799414
   0.049065     -1.0655 -0.00849111
  0.0483572    -1.06331 -0.00869235
 0.0445743    -1.0686 -0.0082759
  0.0443866    -1.06589 -0.00888871
   0.040169    -1.07165 -0.00746828
  0.0396781    -1.07053 -0.00833272
  0.0355469    -1.07629 -0.00682029
  0.0351969    -1.07596 -0.00697564
 0.0349648   -1.07428 -0.0070103
 0.0316858   -1.07968 -0.0068383
  0.0312657    -1.07955 -0.00729479
  0.0282278    -1.08532 -0.00634217
  0.0288237    -1.08517 -0.00683717
  0.0284175    -1.08176 -0.00811101
  0.0245884    -1.08302 -0.00899931
 0.0239394   -1.07677 -0.0105043
 0.0190833   -1.07855 -0.0094205
0.0176648  -1.07396 -0.010301
  0.0153746    -1.06901 -0.00930542
  0.0111346    -1.07137 -0.00822279
 0.00988942    -1.06551 -0.00738693
 0.00557344    -1.06898 -0.00507245
  0.0050263    -1.06608 -0.00474982
 0.00140153    -1.07027 -0.00260067
0.00149972   -1.06804 -0.0018224
  0.0022307    -1.06477 -0.00107597
-0.000406511     -1.06963 -0.000691595
 0.000445689     -1.06865 -0.000956537
-0.00278765    -1.07397   0.0007852
-0.00153284    -1.07248   0.0011868
-0.000144938     -1.06955   0.00196385
-0.00296903    -1.07561  0.00283712
-0.00214015    -1.07507  0.00304074
-0.00153013    -1.07395  0.00464145
-0.00481717    -1.08023   0.0061961
-0.00377961    -1.07696  0.00744384
-0.00745822    -1.08235  0.00988162
-0.0067336     -1.081  0.0100892
-0.0103277   -1.08546  0.0123281
-0.00925943    -1.08357   0.0129392
-0.0126097   -1.08761  0.0144253
-0.0106172   -1.08382  0.0138364
-0.0086523   -1.07949  0.0135503
-0.0112598    -1.0829  0.0137401
-0.00904627    -1.07795   0.0133773
-0.0126109   -1.08178  0.0158431
-0.0115855   -1.08032  0.0162154
-0.0106273   -1.07654  0.0176069
-0.0140638   -1.07967  0.0193248
-0.0125816    -1.0747  0.0203197
-0.0165771    -1.0781  0.0228474
-0.0146003   -1.07659  0.0225081
-0.0124103   -1.07291  0.0226284
-0.0159683   -1.07336  0.0215222
-0.0147184   -1.07456  0.0192757
-0.0192353   -1.07276  0.0193682
-0.0193838   -1.07444  0.0164344
-0.0240301   -1.07249  0.0174257
-0.0235218   -1.07068  0.0146372
0.0942964  -1.04921 0.0839134
0.0893783  -1.04888  0.083396
0.0894262  -1.04777 0.0809532
0.0866513  -1.03496 0.0812533
0.0898125  -1.02066 0.0785705
0.0939874  -1.00149 0.0754074
0.0918121 -0.989225   0.07424
 0.096334 -0.967925 0.0701885
0.0922302  -0.95785 0.0697509
0.0963766 -0.943398 0.0660721
  0.10102 -0.928233 0.0649176
0.0979167 -0.921475 0.0650787
0.0939835 -0.915813 0.0655584
0.0926654 -0.899554 0.0591165
0.0391286 -0.877132 0.0392325
0.0360068 -0.874471 0.0383413
-0.00366093    -0.85546 -0.00286502
0.00830483  -0.855157 -0.0133909
0.0318607 -0.846219 -0.065114
0.0612159 -0.854607 -0.121506
0.0785755 -0.855248 -0.138742
 0.138255 -0.880441  -0.19752
 0.155519 -0.880606 -0.213718
 0.218195 -0.910613 -0.264579
 0.231141 -0.906866 -0.277587
 0.289058 -0.929923 -0.321015
 0.338645 -0.951134 -0.358558
 0.343926  -0.94258 -0.355298
 0.375702 -0.961041 -0.389627
  0.37566 -0.941416 -0.396042
 0.406945 -0.941225 -0.429054
  0.43548   -0.9173 -0.471766
 0.436236 -0.889652 -0.481045
 0.464373 -0.866443 -0.534094
 0.466208 -0.827577 -0.555588
 0.487797 -0.807496 -0.611963
 0.514694 -0.762982 -0.673504
 0.515883 -0.722313 -0.687364
 0.543309  -0.67875 -0.743259
 0.546097 -0.641568 -0.757556
 0.566992 -0.617134 -0.805788
 0.592742 -0.576396 -0.852236
 0.594606 -0.544798 -0.856115
 0.619963 -0.501972 -0.896041
  0.62429 -0.476767 -0.905079
 0.642085 -0.446938 -0.941644
 0.663307 -0.394399  -0.97564
 0.668051 -0.374609 -0.980845
 0.684909 -0.335558  -1.01368
 0.705844 -0.274014  -1.04163
 0.713216 -0.258358  -1.04787
 0.721029 -0.198935  -1.04642
 0.736231 -0.178213  -1.06586
 0.74034 -0.13708  -1.0675
 0.760712 -0.111176  -1.08504
  0.768517 -0.0538116   -1.07019
0.795219 0.013218 -1.05196
 0.800324 0.0256307  -1.05883
 0.816424 0.0734926   -1.0571
 0.833209 0.0237682  -1.02583
 0.833162 0.0235272  -1.02582
 0.851967 0.0847015  -1.00906
 1.21392  2.32812 -1.24869
 1.22077  2.12855 -1.21676
 1.24239  2.15647 -1.17432
 1.17357  1.96052 -1.17782
 1.09781  2.14183 -1.22297
 1.06777  1.91143 -1.15046
  1.02215   1.72439 -0.968794
  1.00806   1.49274 -0.864915
 0.947436   1.22827 -0.677124
 0.888655  0.960883 -0.543802
 0.877334  0.807166 -0.544121
 0.809979  0.600462 -0.516743
 0.820693  0.516844 -0.605059
 0.865557   0.42843 -0.657357
 0.904958  0.401518 -0.747934
  1.04026  0.374868 -0.721656
  1.24961  0.407195 -0.586386
  1.25352  0.403672 -0.613253
   1.4796  0.465478 -0.429244
  1.50759  0.472566 -0.470587
  1.56637  0.502834 -0.416171
  1.56645  0.498996 -0.492319
  1.52082  0.524176 -0.422688
 1.53476 0.543901 -0.42996
  1.54024  0.544648 -0.459536
  1.55235  0.571875 -0.467975
  1.55112  0.573877 -0.460071
   1.5354  0.612757 -0.428959
   1.5126   0.61975 -0.393016
  1.47119   0.70349 -0.336553
  1.42997  0.738034 -0.283082
   1.3555  0.797434 -0.193447
  1.25659  0.857905 -0.106868
  1.20767  0.873639 -0.078284
   1.10387   0.916175 -0.0193244
 0.987998  0.948242 0.0336833
 0.941626  0.945204 0.0420964
 0.824453  0.961912 0.0804258
0.786188 0.944922 0.082651
0.684142 0.945187 0.113224
0.653265 0.920858  0.11732
 0.55227 0.909177 0.149212
0.456359 0.892203 0.184254
0.433006 0.868082 0.194346
0.349989 0.851318 0.233862
0.333972 0.828551 0.249208
0.253771 0.815067 0.293536
0.220784 0.809576 0.154611
0.211622 0.795179 0.163896
0.148411 0.792185 0.198715
0.135939 0.785558 0.206539
0.0699759  0.780248   0.23704
0.0601055  0.776419  0.243554
0.000310733    0.776813    0.275553
-0.0553959   0.777073   0.311015
-0.0528545    0.77685   0.319523
-0.0948538   0.777111   0.358006
-0.0798897     0.7742   0.367249
-0.105631  0.766859  0.402632
-0.114658  0.760343  0.452481
-0.0850257   0.757416   0.479417
-0.0763359   0.752456   0.545403
-0.0406307   0.747834    0.57219
-0.0303631   0.734351   0.623496
0.00521993   0.717065   0.640163
0.0263996  0.722369  0.688804
0.051672 0.729651  0.73129
0.0837371  0.732412  0.738819
0.108615   0.7415   0.7718
0.136147 0.743442 0.777115
0.151876 0.748164 0.802651
0.176798 0.749947 0.808952
0.197884 0.757419 0.834341
 0.22062 0.767304 0.858838
 0.24475 0.769355 0.865306
0.269127  0.78076 0.887816
0.292055 0.781009 0.895573
  0.3127 0.784316 0.912961
0.339335 0.795014 0.930949
0.361285 0.797197 0.936109
  0.3901 0.811915 0.951351
0.410786 0.813501 0.956959
0.436083 0.823668 0.966031
0.456569 0.825159 0.970596
0.488077  0.83924 0.978727
0.522234 0.856306 0.985346
0.542788 0.857412 0.987921
0.573237 0.866297 0.992355
0.591988 0.867963 0.997201
0.598973 0.887141  0.99606
0.600604 0.902497 0.993523
0.596401 0.901015  0.99087
0.600623 0.923431 0.986332
0.593471 0.929338 0.987945
0.592493 0.949742 0.985482
0.582775 0.953342  0.99041
0.581332 0.977904 0.991345
0.577301  1.00197 0.994309
0.567685  1.00189 0.999882
0.562249  1.01399  1.00209
0.55215 1.00702  1.0102
0.547663  1.02146   1.0136
0.543443  1.03077  1.01884
0.535981  1.02365  1.02562
0.533635  1.02895  1.02782
0.526256  1.01974  1.03643
0.524859  1.02712  1.04049
0.523533   1.0363  1.04488
0.517646  1.02879  1.05291
0.51771 1.03899 1.05707
0.510713  1.02993  1.06777
0.528473  1.03555  1.07376
0.633844  1.05707  1.09819
0.688045  1.05653  1.11901
0.800211  1.07946  1.14256
0.847134  1.07497  1.15696
0.938372   1.0861  1.16384
1.03225 1.09975  1.1649
1.06423 1.09111  1.1621
1.14611  1.1029 1.14748
 1.1646 1.09086 1.13827
1.22534 1.09731 1.11566
1.28158 1.10242 1.08856
1.28994 1.09201 1.07875
1.33638 1.10138 1.04879
1.33722 1.09087 1.04199
1.37371 1.09821 1.01588
1.40596 1.10608 0.98898
 1.40294  1.09784 0.981306
 1.43024  1.10449 0.954772
 1.42801   1.0949 0.944325
 1.45128  1.09963 0.912449
 1.46597   1.1359 0.868633
 1.45728  1.16749 0.856224
 1.47315  1.18263 0.821595
 1.48523  1.19863 0.783643
 1.47475  1.19155 0.772289
 1.48564  1.19276 0.739992
 1.47315  1.18047 0.730036
 1.46647    1.185 0.696681
 1.44985  1.18923 0.659954
 1.43517  1.17906 0.648241
 1.41239  1.18983 0.601416
 1.39908  1.18276 0.578473
 1.38259  1.19582 0.524829
 1.37045  1.19098 0.495052
 1.34784  1.20509 0.432905
 1.32328   1.2223 0.361819
  1.3107  1.21497 0.337357
 1.29477  1.22467 0.275044
 1.27388  1.23507 0.206985
 1.26373  1.22323 0.183537
 1.24145  1.23015 0.117872
  1.23364   1.21486 0.0932813
  1.21955   1.21693 0.0380968
  1.21262   1.19941 0.0166971
   1.19472     1.1955 -0.0354561
  1.17601   1.19249 -0.088856
  1.16848   1.17352 -0.101354
  1.15714   1.17043 -0.147861
  1.15233    1.1525 -0.166426
  1.13601   1.14707 -0.211488
 1.11891  1.14623 -0.26089
  1.11376   1.12801 -0.274039
  1.09609   1.13045 -0.321847
  1.09375    1.1122 -0.340773
  1.08374   1.11402 -0.383987
  1.07166   1.11048 -0.429946
  1.06892   1.09508 -0.441844
   1.0553   1.09258 -0.483972
  1.05453   1.07768 -0.498767
  1.04827   1.07472 -0.535675
  1.03946   1.06912 -0.573587
  1.03841   1.05858 -0.582845
  1.02719    1.0641 -0.618088
  1.02823   1.05992 -0.630655
  1.02297   1.06351 -0.661296
  1.01963   1.06869 -0.694646
 1.02056  1.06153 -0.70002
  1.02475    1.0604 -0.727686
  1.02743   1.05098 -0.735051
 1.03637  1.04277 -0.75293
  1.04624   1.03215 -0.766402
   1.0475   1.02004 -0.763535
  1.05663   1.00692 -0.765914
  1.0571 0.994727  -0.7593
  1.06561   0.98082 -0.754568
   1.0716   0.96819 -0.744767
  1.07037  0.959103 -0.734911
  1.07452  0.951113 -0.725974
  1.07628  0.942269 -0.712078
  1.07375  0.938048 -0.704158
  1.07233  0.937361 -0.691197
  1.06956  0.936034 -0.685698
  1.06798  0.936236 -0.676683
  1.06381  0.937959 -0.666994
  1.06055  0.937644 -0.661657
  1.05619  0.939824 -0.654066
  1.05321  0.939711 -0.648951
  1.04669  0.941897 -0.637659
  1.03874  0.946513 -0.626196
  1.03552  0.946829 -0.619771
  1.02852  0.950814 -0.610604
   1.0203  0.954649 -0.598475
  1.01804   0.95544 -0.592777
  1.00902   0.96209 -0.580957
  1.00793  0.962907 -0.575944
  1.00057  0.968994 -0.565756
 0.993571   0.97571 -0.548859
 0.993855  0.977956 -0.537159
 0.986442  0.987034 -0.520717
0.988008  0.98863 -0.50984
 0.981862  0.995923 -0.496733
 0.975488   1.00585 -0.481281
0.976323   1.0131 -0.47058
 0.969154   1.02852 -0.455242
 0.970756   1.03428 -0.445075
 0.964525   1.04523 -0.431859
 0.957705   1.05919 -0.417488
 0.958601   1.06135 -0.406863
 0.951155   1.07386 -0.391927
 0.952778    1.0735 -0.381842
 0.946687   1.08023 -0.369178
 0.940222   1.08921 -0.355479
0.941286  1.08765 -0.34535
 0.93597  1.09539 -0.33458
 0.930904   1.10254 -0.321056
 0.932546   1.10069 -0.311466
 0.927612   1.11037 -0.298544
 0.930458   1.10831 -0.289619
 0.927521   1.11722 -0.280297
 0.930619   1.11495 -0.271562
 0.927996   1.12315 -0.259338
 0.925437    1.1335 -0.248119
 0.923566   1.13026 -0.239477
 0.921635   1.13923 -0.232097
 0.920853   1.14736 -0.221949
 0.920031   1.14364 -0.214236
 0.920998   1.15402 -0.205015
 0.921228   1.14976 -0.198071
 0.924704   1.15734 -0.191839
 0.928848   1.16734 -0.184876
 0.929052    1.1631 -0.177639
 0.934868    1.1746 -0.170777
  0.92761   1.16693 -0.179956
 0.916052   1.16782 -0.213688
 0.900952   1.16997 -0.254117
 0.889882   1.16107 -0.271742
 0.887858   1.15787 -0.302166
0.890331  1.14994 -0.31097
 0.896758   1.14965 -0.337863
 0.914015   1.15553 -0.358892
  0.92654   1.15325 -0.359688
 0.954141   1.16578 -0.371986
 0.989404   1.18264 -0.378859
  1.00842   1.19029 -0.375807
  1.04802   1.21229 -0.379683
  1.06666    1.2192 -0.377448
  1.10194   1.23816 -0.382718
  1.13945   1.25571 -0.386491
 1.15286  1.25846 -0.38644
  1.18538   1.27509 -0.392828
   1.1941   1.27522 -0.396217
  1.21936   1.28557 -0.405669
  1.24186   1.29754 -0.418183
  1.24566   1.29564 -0.423195
  1.26289   1.30573 -0.437559
  1.27805   1.31431 -0.453035
  1.27802   1.31172 -0.460098
  1.33235   1.32768 -0.471331
  1.37685   1.33119 -0.473592
  1.42765    1.3439 -0.483807
  1.47641   1.35844 -0.497914
  1.53581   1.36147 -0.512157
  1.62493   1.37798 -0.550378
  1.69334   1.38071 -0.573845
  1.76912   1.39467 -0.609188
  1.81581    1.3964 -0.626799
 1.22565  1.32751 0.305076
 1.27053  1.32706 0.271566
 1.29335  1.31417 0.256139
 1.2913 1.31265  0.3246
 1.28015  1.30218 0.402406
1.27187 1.30253 0.46647
 1.25998  1.30495 0.551813
 1.25556  1.30109 0.603484
 1.17024  1.31133 0.654043
 1.07813  1.30565 0.669738
0.941171  1.31427 0.678607
0.786243  1.33095 0.676569
0.698813  1.32982 0.679867
0.547962  1.34816  0.67265
 0.47887  1.34889 0.684434
 0.36302  1.37076 0.686313
 0.24682  1.39497 0.692495
0.195927  1.40145 0.707767
0.0935522   1.43053  0.716321
0.0573748   1.43607  0.730199
-0.0185859    1.45634   0.736534
-0.0919937    1.48218   0.740341
-0.117957   1.48596   0.74411
-0.183221   1.51049  0.740506
-0.202052   1.51234  0.739689
-0.252784   1.53057  0.732792
-0.301545    1.5469  0.720904
-0.315741   1.55012  0.717132
-0.35538  1.56255 0.705961
-0.365645   1.56413  0.702519
-0.401962   1.57529  0.687997
-0.435762   1.58936  0.671736
-0.44207   1.5896 0.666734
-0.468188   1.59705  0.651809
-0.470758   1.59169  0.646028
-0.491824   1.59478  0.625871
-0.514541   1.56991  0.616885
-0.512125   1.56101  0.606991
-0.522785   1.57032  0.578847
-0.518648    1.5608  0.576956
-0.524019   1.56025  0.559165
-0.523853   1.55591  0.538898
-0.516249    1.5452  0.534253
-0.511674   1.53899  0.511122
-0.501942   1.52781  0.505285
-0.492666     1.521   0.48314
-0.479228   1.51292   0.45629
-0.467701   1.50203  0.447685
-0.451745   1.49481  0.421195
-0.439433   1.48393   0.41159
-0.418314   1.47419  0.380083
-0.395513   1.46442  0.345389
-0.382456   1.45372   0.33354
-0.359163   1.44513  0.300834
-0.346543   1.43446  0.288383
-0.319828   1.42576  0.249826
-0.292178   1.41876  0.209484
-0.280016   1.41216  0.195442
-0.253059   1.40612  0.158383
-0.242024   1.39864  0.144499
-0.212644   1.39014  0.103418
-0.183739   1.38081 0.0603991
-0.173442   1.37209 0.0454968
 -0.145837    1.36272 0.00652229
   -0.13729     1.35328 -0.00818041
-0.108425   1.34116 -0.050835
-0.0811308    1.32867 -0.0949959
-0.0739595    1.31914  -0.110144
-0.0483538    1.30819  -0.149267
-0.0226943    1.29472  -0.191549
-0.0180722    1.28552  -0.206291
0.0047513   1.27233 -0.249504
0.00711321    1.26341  -0.263582
0.0290252   1.25092 -0.301079
0.0481785   1.23779  -0.34177
0.0488053   1.22883 -0.355763
0.0649849   1.21509 -0.396716
0.0794862   1.19976 -0.426993
 0.076064   1.18897 -0.436017
0.0858581   1.17205 -0.467239
0.0808189   1.16107 -0.474442
0.0906692   1.14487 -0.499583
0.0853152    1.1332 -0.503504
0.0925659   1.11421 -0.526763
0.0965604   1.09457  -0.54699
0.0905937   1.08251 -0.548024
0.0951304   1.06402  -0.56337
0.0967393   1.04288 -0.576513
0.0907284   1.03023 -0.571026
0.0899216   1.00834 -0.577091
0.0819281  0.996556 -0.571397
0.0817386  0.977161 -0.577155
 0.075789  0.957674 -0.582653
0.0659512  0.947537 -0.578964
0.0557052  0.929235 -0.585231
0.0439397  0.921769 -0.582284
0.0353641  0.908948 -0.588266
0.0208421  0.897364  -0.59453
0.00824173    0.89259  -0.591894
-0.00916128    0.882504    -0.59849
-0.0226516   0.878491  -0.596032
-0.0369477   0.869589  -0.601811
-0.0566794    0.86122  -0.608098
-0.0701139   0.857408  -0.606095
-0.0874434   0.851144  -0.611255
 -0.10084  0.848148 -0.609355
-0.121925  0.843609 -0.615095
-0.145757  0.839862 -0.620528
-0.158668  0.838058  -0.61839
-0.183772  0.835048  -0.62349
-0.196079  0.833691 -0.621218
-0.216426  0.831069 -0.624463
 -0.24062   0.82953 -0.628568
-0.251799  0.828379 -0.625854
-0.276832  0.827363 -0.629569
-0.287133  0.826354 -0.626539
-0.307247  0.824968 -0.628145
-0.330502  0.824601 -0.630859
-0.338939  0.822074 -0.627573
-0.362249  0.821506 -0.630003
-0.369812  0.820088 -0.626148
-0.388072  0.819165 -0.626364
-0.408419  0.818939 -0.627943
-0.413962  0.815859 -0.623646
 -0.43061  0.815392 -0.623028
-0.434951  0.812503 -0.618371
-0.451538  0.812159 -0.618964
-0.468263   0.81069 -0.619592
-0.470992  0.808015 -0.613903
-0.484333  0.807727 -0.611971
-0.497224  0.806165 -0.611549
-0.498179  0.802698 -0.605258
-0.510498  0.801268 -0.604763
-0.510167  0.797585 -0.598149
-0.519295  0.795892  -0.59531
-0.527887   0.79601 -0.593995
-0.526597  0.795299 -0.586276
-0.534582  0.797087  -0.58475
-0.537672  0.800238 -0.590165
-0.552432  0.810116  -0.61104
-0.566141    0.8204 -0.636743
-0.56708 0.824426 -0.64938
-0.571111  0.834128 -0.678914
-0.565505  0.833092 -0.680229
-0.564274  0.835921 -0.687922
-0.559895  0.835961 -0.690535
-0.551525  0.831616 -0.684445
-0.544921  0.829468 -0.679776
-0.535887  0.824216 -0.672421
-0.527693  0.821322 -0.666645
-0.518405  0.817699 -0.658773
-0.509285  0.812001 -0.651221
-0.499549  0.807693 -0.642687
-0.490992  0.801732   -0.6351
-0.481222  0.797541  -0.62807
-0.471321  0.792591 -0.619365
-0.463353  0.786189 -0.611295
 -0.45389  0.780546 -0.601985
-0.446731  0.773898 -0.593779
-0.437484  0.768618 -0.586271
-0.428623  0.762479 -0.577034
-0.422076  0.755645  -0.56884
-0.414035  0.750435 -0.561767
 -0.40541  0.743773 -0.552559
-0.399743  0.737006 -0.544758
 -0.39241  0.730256 -0.535774
-0.387494  0.723653 -0.528356
-0.380261  0.717925 -0.521904
-0.374048  0.711552 -0.513988
-0.369818   0.70515 -0.507012
-0.364669  0.698067  -0.49924
-0.361198  0.691627 -0.492592
-0.355981   0.68644 -0.486988
-0.351881  0.679653 -0.480072
 -0.34897  0.673612 -0.473901
-0.346756   0.67048 -0.468178
-0.345338  0.667786 -0.464734
-0.343048  0.667242 -0.462302
-0.342041  0.666105 -0.459606
-0.341192  0.663824 -0.455865
-0.340048  0.662866 -0.453718
-0.338964  0.661118 -0.449828
-0.338561   0.65774   -0.4449
-0.338767  0.656038 -0.439632
 -0.33861  0.652107 -0.434209
-0.337901  0.649368 -0.429711
-0.338596  0.646327 -0.423805
-0.338601  0.642532 -0.418911
-0.34015 0.639583 -0.41306
-0.340527  0.637244 -0.408605
-0.341812  0.635352 -0.404024
-0.343666  0.632727 -0.399209
-0.344162  0.629479 -0.395332
-0.347305  0.627079 -0.390208
-0.348075  0.623883 -0.386429
-0.351115  0.621947 -0.382411
-0.352081  0.618686 -0.378648
-0.355783  0.616191 -0.373333
-0.360749  0.613568 -0.367633
-0.361817  0.610172 -0.363861
-0.367485  0.607342 -0.358155
-0.368593  0.603916 -0.354775
-0.373005  0.601351 -0.350453
-0.374362  0.599433 -0.347082
-0.380127   0.59664 -0.341975
-0.386532  0.593763 -0.336705
-0.387511  0.590244 -0.333729
-0.393147  0.587764 -0.329598
-0.393974  0.584241 -0.326707
-0.399759  0.581101 -0.321518
-0.406332  0.577634  -0.31601
-0.406897  0.573124 -0.313013
-0.414512  0.568803 -0.307036
 -0.41463  0.563976 -0.304416
-0.418863  0.557034 -0.293101
 -0.4255 0.552497 -0.29113
-0.426025  0.551472 -0.291462
-0.433391  0.549949 -0.289498
-0.433536  0.549359 -0.291183
-0.439369  0.549125 -0.291396
-0.444364  0.549392 -0.291872
-0.444149  0.546727  -0.29122
-0.449037  0.545376 -0.289048
-0.448358  0.541483 -0.286355
-0.452249  0.538918 -0.281893
-0.455412  0.535398 -0.276707
-0.454107   0.53075 -0.273319
-0.456962  0.527057 -0.267169
-0.454996   0.52283 -0.264258
-0.456447   0.51984 -0.259694
-0.457844  0.517212 -0.254515
-0.455429  0.513633 -0.252525
-0.456457  0.511831 -0.248685
-0.456655  0.510251 -0.244352
-0.454007  0.507276 -0.242582
-0.454457  0.505981 -0.237875
 -0.45177  0.503263 -0.235911
-0.452398   0.50222 -0.231864
-0.452374  0.501259 -0.227042
-0.449774  0.498413 -0.224837
-0.450118  0.497397 -0.219552
-0.447476  0.494705 -0.217379
-0.447812  0.493848 -0.213203
-0.447563  0.493124 -0.208385
-0.444921  0.490491 -0.206416
-0.444979  0.489914 -0.201454
-0.442326  0.487611 -0.199604
-0.442034  0.487341  -0.19586
-0.442071   0.48735 -0.191302
-0.439453  0.485085 -0.189514
-0.439629  0.485272 -0.185731
-0.439222  0.485446 -0.181396
-0.435793  0.483233  -0.18002
-0.435554  0.483244 -0.175394
 -0.43307  0.483004 -0.177117
-0.432912  0.487458 -0.177309
 -0.43283  0.492774 -0.176887
-0.430791  0.494325 -0.177227
  -0.4306  0.499581 -0.176103
-0.428522  0.499459 -0.174731
-0.428322  0.502507 -0.171365
-0.427393  0.504581 -0.167625
-0.425099  0.502473 -0.165017
-0.424236  0.503273  -0.16072
-0.421627   0.50051 -0.158093
-0.419951   0.50072 -0.153072
-0.418233  0.500593 -0.147694
-0.415478  0.497786 -0.145545
-0.414006  0.497973 -0.141514
-0.411288  0.495485 -0.139921
-0.409255  0.495569 -0.135541
-0.407579  0.495665 -0.130951
-0.405153  0.493104 -0.129187
 -0.40418  0.493299 -0.125288
-0.402891   0.49323 -0.120825
-0.400916  0.490554 -0.119022
 -0.40034   0.49006 -0.114006
-0.398623  0.487223 -0.112142
-0.398625  0.486709  -0.10792
-0.398405  0.485821  -0.10327
-0.396927  0.482772   -0.1015
 -0.397238   0.481522 -0.0965465
 -0.395862   0.478504 -0.0949384
 -0.396415   0.477533 -0.0909647
-0.396813   0.47624 -0.086609
  -0.39563   0.473213 -0.0851006
 -0.396729   0.471694 -0.0802513
  -0.39569   0.468761 -0.0787581
 -0.397108   0.467602 -0.0746491
 -0.398436   0.466091 -0.0701872
 -0.397272   0.461635 -0.0689057
 -0.399085   0.459858 -0.0639688
 -0.398187   0.456915 -0.0625155
 -0.399997   0.455558 -0.0579179
 -0.40165  0.453558 -0.053882
 -0.401236   0.452802 -0.0537196
  -0.40371   0.455233 -0.0518395
  -0.40305   0.455996 -0.0534879
 -0.405306   0.458931 -0.0526843
 -0.407687   0.462603 -0.0517648
 -0.407026   0.461402 -0.0517635
 -0.409297   0.462863 -0.0493034
 -0.408619   0.460919 -0.0477738
 -0.410489   0.461226 -0.0439344
  -0.41233   0.458948 -0.0385434
 -0.411391   0.455744 -0.0361749
 -0.413091   0.454281 -0.0304212
 -0.414253   0.452041 -0.0249681
 -0.412897   0.448518 -0.0228851
  -0.41387   0.445466 -0.0169387
 -0.412288    0.44211 -0.0153161
 -0.412971   0.439801 -0.0107932
  -0.413709    0.437165 -0.00551099
  -0.412197    0.434029 -0.00404939
-0.413036  0.431338 0.0014587
 -0.411667   0.428291 0.00294789
 -0.412582   0.425977 0.00750117
-0.413811   0.42315  0.013057
-0.412679  0.419921 0.0147734
-0.414403  0.417254 0.0199365
-0.413417  0.414009 0.0216415
-0.415005  0.410875 0.0271604
-0.416893  0.407429 0.0331587
-0.415903  0.404126 0.0348391
-0.417939  0.400604 0.0407937
-0.416951   0.39753 0.0421113
 -0.41881  0.394687 0.0466767
-0.420894  0.391423 0.0519893
-0.419873  0.388448 0.0532369
-0.422055  0.385662 0.0579484
-0.421001  0.382852 0.0591412
-0.422911  0.379716 0.0641548
-0.424988  0.376361 0.0697163
 -0.42381  0.373459 0.0710907
-0.425975  0.370628 0.0764391
-0.428292  0.369546  0.080018
-0.427394  0.371156  0.078513
-0.429747  0.372624  0.080937
 -0.42875  0.374115 0.0795337
-0.431006  0.375624 0.0819998
-0.432714  0.377013 0.0837111
-0.431677  0.376291 0.0841916
-0.433421  0.375862 0.0882909
-0.43228 0.373808 0.089952
-0.433804  0.372165 0.0946225
-0.435189  0.369594  0.100765
-0.433706  0.366843   0.10277
-0.434921  0.364306   0.10841
-0.433129  0.361674  0.110087
-0.433618  0.358887  0.115852
-0.43383 0.356006 0.121915
-0.431771  0.353554  0.123273
-0.431728  0.350849  0.129117
-0.429643  0.348694  0.130124
-0.429741  0.346579  0.134655
-0.429753  0.344084  0.140004
-0.427787  0.341822  0.141116
-0.428267  0.339482  0.146035
-0.428395  0.336851  0.151186
-0.426601  0.334436  0.152396
-0.426865  0.331364  0.158159
-0.425175  0.328942  0.159293
-0.425925  0.326274  0.164681
-0.426232  0.323208  0.169469
-0.424525  0.320787  0.170435
-0.424912  0.317544  0.175757
-0.423213  0.315281  0.176513
-0.42374  0.31266 0.180684
-0.424233  0.309627  0.185626
-0.422504  0.307411  0.186311
-0.422946   0.30428  0.191401
-0.42127 0.302176 0.192005
-0.421839  0.299588  0.196024
-0.422365   0.29654   0.20083
-0.42063 0.294391 0.201412
-0.42194 0.293909 0.204449
-0.420424  0.296332  0.202064
  -0.421 0.298074 0.203585
-0.421565  0.300356  0.204531
-0.419947  0.301786  0.202983
-0.420837  0.303036  0.205059
-0.421128  0.303754  0.206827
-0.419541  0.303029     0.207
-0.419769  0.301977  0.210885
-0.41805 0.300158  0.21191
-0.418204  0.298282  0.215932
-0.418018  0.295626  0.221152
-0.415924  0.293532  0.222084
-0.415668  0.291139  0.226592
-0.414732  0.288638  0.231127
-0.412314   0.28689   0.23151
-0.41098 0.284453 0.236141
 -0.4085 0.282992 0.236232
-0.407702  0.281123  0.240384
-0.406252  0.279105  0.243929
-0.403874  0.277635  0.243999
-0.402527  0.275368  0.248176
-0.40034 0.273829 0.248271
-0.399588  0.271759  0.251769
-0.398816  0.269179  0.256304
-0.398049  0.266428  0.260762
-0.398395  0.262704  0.269224
-0.397434  0.260104  0.273095
-0.424403  0.254797  0.276749
-0.455795  0.248544  0.280951
-0.483222  0.243373  0.281914
-0.511462  0.236986   0.28867
 -0.5382  0.22991 0.298385
-0.562459  0.223893  0.304693
-0.587393    0.2157  0.320104
-0.609711   0.20946  0.329045
-0.633415  0.201579    0.3457
-0.656687  0.192732  0.366551
-0.675569  0.186674  0.377531
-0.689785   0.17528  0.401774
-0.695742   0.16912  0.412473
-0.703335  0.164055  0.430895
-0.706142  0.162148  0.439225
-0.714057  0.158162  0.459057
-0.720431  0.156066  0.477706
-0.722905  0.153895  0.484969
-0.728604  0.151793  0.501691
-0.730957  0.148834  0.508103
-0.734955  0.145967   0.52009
-0.739661  0.142978  0.532951
-0.74109 0.139985 0.538138
-0.743474  0.137416  0.546951
-0.736142  0.136851   0.55243
-0.688738  0.147228  0.569973
-0.648156  0.162038  0.579555
-0.630056  0.172855  0.578468
-0.603584  0.189186  0.576063
-0.576062  0.195967  0.573136
-0.495457  0.204707  0.571474
-0.415545  0.211863  0.566786
-0.378288  0.214287  0.561604
-0.316926  0.220803  0.549032
-0.255968   0.22831  0.531745
-0.236386  0.231353  0.520249
-0.187353  0.239192  0.497868
-0.176396  0.243066  0.481696
-0.13991 0.250698 0.456745
-0.132395  0.253922  0.441613
-0.0986595   0.262183   0.410943
-0.0681543   0.270145    0.37903
-0.0626035   0.272468   0.365634
-0.0365007   0.279095   0.339919
-0.0106156   0.285685   0.311335
-0.00706518    0.287251    0.300269
0.0160009  0.292599  0.277114
0.0382773  0.297871  0.252517
0.0397885  0.298924  0.243396
0.0601366  0.303466   0.22052
0.0599835  0.303865  0.212956
0.0774512  0.307359  0.195038
0.0754282  0.309119  0.187167
0.0902868  0.316744  0.166352
0.102823 0.324182 0.146819
0.0994124   0.32828   0.13855
0.109189 0.335114 0.123236
0.116718 0.341509 0.107217
0.110994 0.343212 0.101955
 0.115068  0.347794 0.0891757
  0.10772  0.348095 0.0858053
 0.110258  0.350151 0.0771081
 0.109656  0.351384 0.0690813
 0.101242  0.351509 0.0664858
0.0981352     0.352 0.0600603
0.0889451  0.352174 0.0578237
0.0854794  0.352764 0.0531414
0.0789252  0.353138 0.0487533
0.0694024  0.353579 0.0466256
0.0607283  0.353776 0.0435721
0.0508538  0.353793 0.0419064
0.0421656  0.354378 0.0405926
0.0306221  0.354044 0.0398292
0.0205073  0.354255  0.038946
0.00719453    0.35314  0.0399556
-0.00295294    0.353032   0.0396746
-0.0154196   0.351494  0.0418042
-0.0305496   0.349298  0.0450593
-0.0402187   0.348813  0.0453316
-0.0543191   0.346412  0.0493705
-0.0634709   0.345868  0.0499476
-0.0794084   0.342861  0.0549421
-0.0961131   0.339447  0.0612151
-0.104436   0.33885 0.0622306
 -0.11972  0.335641 0.0689479
-0.127081  0.335188 0.0702064
-0.143416  0.331852 0.0778541
-0.159934   0.32793 0.0866421
-0.166163   0.32742 0.0884118
-0.180687   0.32375 0.0969591
-0.185681  0.321926 0.0988479
-0.200578  0.318143  0.108621
-0.215681  0.316521  0.118017
-0.220171  0.321856  0.118893
-0.234412  0.323788  0.128641
-0.237673  0.329617  0.129834
-0.250391  0.331531  0.139055
-0.262904  0.333714  0.149424
-0.264786  0.337285  0.152038
-0.275826  0.337284  0.162674
-0.28607 0.336948 0.174527
-0.286181  0.338864  0.178022
-0.294747  0.337497  0.191174
-0.293455  0.339236  0.194724
-0.300628  0.337026  0.206701
-0.306343  0.333508   0.21949
-0.303534  0.330421  0.222961
-0.307214  0.327531  0.236178
-0.303259  0.325044  0.239404
-0.305866  0.322458   0.24952
-0.30629 0.320035 0.259209
-0.300947  0.317846  0.261133
-0.299806  0.315829  0.270769
-0.294132  0.313965  0.271434
-0.293875  0.312157  0.278762
-0.291514  0.310567  0.285246
-0.285646   0.30901  0.284635
-0.283966  0.307553  0.289255
-0.277784  0.306218  0.287543
-0.274063  0.304991  0.291394
-0.268997  0.303918  0.294373
-0.262127  0.302618  0.292452
-0.255726   0.30167  0.294821
-0.248421  0.300559  0.292211
-0.242513  0.299518  0.293112
-0.234562  0.298662  0.293621
-0.226689  0.297698  0.290806
-0.217406  0.297067  0.291025
-0.209527  0.296288  0.287746
-0.201588   0.29575  0.287555
-0.191955  0.295367  0.286812
-0.184277  0.294781  0.283641
-0.174279  0.294994  0.281306
-0.167187  0.295111  0.276276
-0.158636  0.295513  0.273601
-0.148533  0.296252  0.269859
-0.141301  0.296414  0.265916
-0.132344  0.297045  0.263681
-0.121619  0.297858  0.261208
-0.115013  0.298182  0.257132
-0.104011  0.299214  0.253687
-0.0974999   0.299481   0.250128
-0.0880696   0.300983   0.247754
-0.0814813   0.301274   0.244895
-0.0702643    0.30289    0.24297
-0.0581967   0.303982   0.241375
-0.0514749   0.304352   0.239225
-0.0390139   0.306249   0.238318
-0.032487  0.306805  0.239065
-0.0215596    0.30819    0.24508
-0.00962236    0.310403    0.251609
-0.00333448    0.311156    0.256274
0.00857988   0.313516   0.262878
0.0141142  0.314309  0.267318
0.0231036  0.317619  0.267627
0.0316016   0.32272  0.255998
0.0347022  0.326709  0.243811
0.0427921  0.332393   0.23418
0.0454335  0.336115  0.222988
0.0515037  0.341349  0.213538
0.0539946  0.344846  0.202826
0.0613531  0.350113  0.194093
0.0691284   0.35544  0.185188
0.0725897  0.358593  0.174974
0.0800762  0.362438  0.165885
0.0844444  0.366514  0.156112
0.0944023  0.370352  0.147035
0.0999963  0.373154  0.137471
0.111907 0.378123 0.128331
0.125053 0.381815 0.118928
0.131804 0.384356 0.109769
0.145661 0.387931 0.100437
0.151901 0.391866 0.091465
 0.161911  0.395088 0.0831783
 0.167849  0.397506 0.0746315
 0.179756  0.400833 0.0657174
 0.190743  0.404239 0.0568888
 0.196527  0.406733 0.0483618
0.208831 0.405863 0.064502
 0.217493  0.401001 0.0958622
0.228154 0.392996 0.138789
0.238304 0.383597 0.169347
0.244037 0.387467  0.17878
 0.25058 0.405741 0.204044
 0.25226 0.394526 0.202003
0.250536 0.387761 0.212386
0.245353 0.382288 0.220185
0.242155 0.374408 0.212969
 0.22885 0.370109 0.216446
0.210763 0.368877  0.21954
0.200847 0.361841 0.212773
 0.17552 0.362607 0.217424
0.162278 0.358908 0.212373
0.133825 0.359452 0.217874
0.101671 0.360126 0.224719
0.0886692  0.361562   0.22157
0.0591985   0.36179  0.227828
0.0489136  0.362288  0.224499
0.0196322  0.362772   0.23153
-0.00748267    0.364411    0.238304
-0.0139199   0.365104    0.23431
-0.0354679   0.368246   0.239242
-0.0380546   0.367806   0.234407
-0.0571232    0.37518   0.239947
-0.072969  0.382865  0.245096
-0.0730536   0.383629    0.24068
-0.0863662   0.390745   0.244936
-0.0843076    0.39235   0.240755
-0.0943614   0.400085   0.245792
-0.102182  0.407376  0.250981
-0.0989775   0.409296   0.247201
-0.106115  0.415548  0.251456
-0.101912  0.417712  0.246916
-0.107444  0.425847  0.251998
-0.110819  0.441778  0.258283
-0.106119  0.469384  0.259271
-0.10892 0.513292 0.271996
-0.102364  0.537892  0.277941
-0.10177 0.582597 0.297713
-0.0989149   0.627294   0.317001
-0.0912412   0.648954   0.321751
-0.0862858   0.691583   0.339571
-0.0779467   0.710366   0.343083
-0.0736227   0.746777   0.357143
-0.0666664   0.783982   0.372067
-0.0582495   0.799561   0.374927
-0.05234 0.831549 0.386941
-0.044013  0.863297  0.399853
-0.0355834   0.875236   0.401955
-0.0261747   0.904043   0.413922
-0.0177453   0.913305   0.415335
-0.00962352    0.937414    0.424519
0.000235069    0.970233    0.435893
0.0081105  0.992537  0.439179
0.0188518   1.03728  0.451997
0.0267028   1.05408  0.454007
0.0361328   1.08266  0.463256
0.0473908   1.10472  0.472145
0.054818  1.10291 0.470786
0.0664546   1.10988  0.475917
0.0735079   1.09795  0.471789
0.0831465   1.09449  0.472453
0.0946324   1.08454  0.472959
0.101055  1.07021 0.467726
0.112456  1.05803 0.467692
0.118336  1.04618 0.462711
0.127809  1.03952 0.461774
0.138136   1.0312 0.462087
0.143062  1.02315 0.457723
0.151571  1.01825 0.457039
0.155355  1.01156 0.453141
0.163537  1.00456  0.45371
0.170528 0.999476 0.452989
0.177865 0.994299 0.464658
0.193194 0.984713 0.491055
0.201207 0.976643 0.505964
0.212644 0.966108 0.523622
 0.21756 0.957256 0.526777
0.225585 0.943231 0.541189
0.230235 0.927232 0.548573
0.230239 0.918116 0.540656
0.232687 0.903591 0.532325
0.234291 0.886889 0.517833
0.234139 0.878101 0.504197
0.235369 0.860891 0.486425
0.235287 0.852697 0.474654
0.236524 0.837014 0.461277
0.237245 0.819559 0.448171
0.236949 0.811106 0.440981
0.237218 0.796493 0.432406
0.236481  0.79569 0.429268
0.236226 0.787967 0.426327
 0.23528 0.777873  0.42447
0.234365 0.773844 0.423732
0.233182 0.758485 0.423967
0.232311 0.749738 0.424022
0.231595 0.730853 0.424804
0.233349 0.707517 0.423248
0.235822 0.694923 0.420353
0.237814 0.667755 0.417836
0.240699 0.654264 0.413977
0.242176 0.628304 0.411597
0.243127 0.599631 0.409372
0.245406 0.586815 0.406834
0.245561 0.558177 0.405544
0.247242 0.546839 0.403803
0.246453  0.52181 0.403328
0.244779 0.496291 0.403097
0.245397 0.487429 0.402317
0.242419 0.463966 0.402529
0.242115 0.457474 0.402165
 0.23813 0.437972 0.402517
0.235973 0.436103 0.401823
0.228948 0.422976 0.403013
0.220772 0.412106 0.403714
0.217747 0.414035 0.404461
0.208334 0.406253 0.405485
0.205571 0.408926 0.406484
0.196395 0.402071   0.4071
0.193876 0.405012 0.408301
0.184618 0.400045 0.409862
0.174945 0.396451 0.411008
0.172544 0.400405 0.412418
0.163525 0.397689 0.413088
0.155079 0.396979 0.414843
 0.15341 0.402235 0.416678
0.144882 0.403698 0.418089
0.144126  0.40983 0.420399
0.136952 0.411918 0.421678
 0.13011 0.416055 0.423529
 0.12964 0.423054 0.425915
0.123165 0.428878 0.427399
0.118177 0.434106 0.428639
0.118565  0.44151 0.431273
0.114116 0.448693 0.432964
0.115584 0.455993 0.435971
0.0930127  0.461166   0.45466
0.0629761  0.467835  0.480472
0.0479739  0.474908    0.4968
0.022794 0.483878  0.51424
0.0159826  0.491154  0.518934
0.00308195   0.499641    0.52031
0.00350215   0.507237   0.514147
-0.00389237    0.517851    0.508271
-0.00427564    0.529957    0.495643
0.000995802    0.537436     0.48742
0.00650341   0.547819   0.476189
0.0149476   0.55474  0.471476
0.0241211  0.566729  0.463812
0.036005 0.579068 0.460292
0.0439755  0.585673   0.46183
0.0546979  0.595963  0.464117
0.0610679  0.604961  0.468267
0.0700208  0.621703  0.474676
0.078646 0.639418 0.482248
0.0821512  0.650682  0.486901
0.0887439  0.666565  0.491426
0.095156 0.684083 0.495783
0.0983304  0.693235  0.496289
0.104589 0.709929 0.496848
0.107618 0.717433 0.494987
0.112993 0.730759 0.492025
0.119418 0.744897 0.489205
0.122133 0.751286 0.486982
0.127678 0.763347 0.483844
0.129987 0.769118  0.48243
0.135201 0.781933 0.479947
0.139989 0.794849 0.477906
0.141781  0.80029 0.477123
0.146169 0.811427  0.47543
0.150265 0.823005 0.474313
0.151644  0.82781 0.473759
0.155305 0.839089 0.472284
0.156446 0.843145 0.471363
0.160021 0.852422 0.469003
0.163308 0.861595 0.466768
0.164145 0.864787 0.465099
0.166881 0.873305 0.462088
0.167428 0.875703 0.460203
0.170014 0.882487 0.456757
0.172085 0.888891  0.45347
0.172258 0.890716 0.451408
0.173712 0.896646 0.447747
0.173628 0.897964 0.445721
0.175095 0.902639 0.442227
0.175947 0.907036 0.438578
0.175572  0.90806 0.436373
0.175891 0.912048 0.432529
0.175355 0.912743 0.430289
0.175842 0.915802 0.426544
0.175475 0.918553 0.422604
0.174511  0.91905 0.420124
0.173234 0.923939 0.415126
0.168928 0.931656 0.411696
0.164459 0.938709 0.409755
0.158616 0.948264  0.40602
0.154649 0.953787 0.404041
0.149996 0.960991 0.400502
0.144419 0.967928 0.396774
0.141691 0.970647 0.394184
0.138045 0.974557  0.39008
 0.13635 0.975644 0.387388
0.132505 0.978612 0.383411
0.129066  0.98094 0.379367
0.127926 0.981733 0.376726
0.125052 0.983903 0.373079
0.124535 0.984919 0.370985
0.122764 0.986895 0.368093
 0.12074 0.989128 0.365459
0.120478  0.99058 0.363632
0.119192 0.992493 0.361062
0.119175 0.993917 0.359377
0.117588 0.995813 0.357225
0.115986 0.997757 0.354917
0.116035 0.998841 0.352916
0.115161 0.999813 0.350237
0.114037  1.00052 0.347855
0.114395  1.00117  0.34578
0.113307  1.00174 0.343076
 0.11385   1.0022 0.340998
0.113304  1.00219 0.337966
  0.1127   1.0021 0.335429
0.113324  1.00269 0.333239
0.112696  1.00291 0.330309
0.113484  1.00362 0.328142
0.112744  1.00345 0.324486
0.113078  1.00369 0.322092
0.113933  1.00464 0.319817
0.114281  1.00464 0.316697
0.115301  1.00567 0.314448
0.115263  1.00597 0.311444
0.115281  1.00663 0.308131
0.114973  1.01069  0.30477
0.112452  1.01677 0.301416
0.109499   1.0241 0.298067
 0.10762  1.03129 0.296028
0.103857  1.03997  0.29272
0.102857  1.04559 0.290638
0.100767   1.0514 0.287131
0.098715  1.05735 0.283939
0.0988322   1.06101  0.281556
0.0976909   1.06608  0.277959
0.0986712   1.06892  0.275634
0.0989181   1.07241  0.272285
0.099602  1.07645 0.268914
0.101005  1.07942 0.266729
 0.10217  1.08405 0.263529
0.103867  1.08733 0.261607
0.105601  1.09144 0.258505
0.107501  1.09642 0.255908
0.109138  1.09984 0.254008
0.111082  1.10524 0.251147
0.112739  1.10846  0.24926
0.114895  1.11263 0.246372
0.117079  1.11734 0.243331
0.118582  1.12011 0.241208
 0.12087  1.12358 0.237776
0.122374  1.12594 0.235553
0.124474  1.12982 0.232152
0.126528   1.1338 0.228322
0.127745  1.13593  0.22575
0.130001  1.13887  0.22167
0.131279  1.14083 0.219154
0.133363  1.14427 0.215066
0.135501  1.14795 0.210578
0.136486  1.14986 0.207838
0.138603  1.15357 0.203148
0.139657  1.15538 0.200558
0.141998  1.15817  0.19618
0.144281  1.16139 0.191462
0.144998  1.16308 0.188751
0.147329  1.16541 0.183951
0.148183  1.17118 0.178344
0.145969  1.17785 0.175682
0.144741  1.18624   0.1702
0.142567  1.19208  0.16755
0.141502  1.19919 0.162734
0.139704  1.20703 0.157415
0.138173   1.2111 0.154495
0.137726  1.21639 0.149146
0.136983  1.22203 0.143776
0.136218  1.22474  0.14072
0.135935  1.22986  0.13492
0.135647   1.2321  0.13199
0.136494  1.23589 0.126661
0.137238  1.24023 0.121483
 0.13702  1.24245 0.118745
0.137836  1.24698 0.113391
0.137737  1.24912 0.110858
0.139035   1.2527 0.106252
0.140138  1.25669 0.101252
 0.139849   1.25851 0.0987033
 0.140792   1.26227 0.0934592
0.140489  1.26365 0.090856
 0.141037   1.26579 0.0852258
0.142568  1.26859 0.080459
 0.142026   1.26947 0.0776477
 0.142928   1.27172 0.0719069
 0.142376   1.27222 0.0690333
0.143557  1.27328 0.063475
 0.144326   1.27462 0.0577093
 0.143514   1.27493 0.0547702
 0.144006   1.27615 0.0484499
 0.143136   1.27632 0.0455351
0.144007  1.27687 0.040017
 0.143063   1.27698 0.0371389
 0.143465   1.27764 0.0308186
 0.143756   1.27826 0.0242806
 0.142494    1.2783 0.0213057
 0.143181   1.27828 0.0155916
  0.143461    1.27835 0.00904093
  0.142143    1.27823 0.00606936
  0.141058    1.28123 -0.0015942
    0.13915     1.28005 -0.00254836
   0.139575     1.27251 -0.00751816
  0.139311    1.26522 -0.0128876
  0.137716    1.25872 -0.0153776
  0.137567    1.25226 -0.0212219
  0.136452    1.24694 -0.0277623
  0.134033    1.24547 -0.0317904
  0.131934    1.24477 -0.0399983
  0.129069    1.24645 -0.0445659
  0.127312    1.24824 -0.0523432
  0.124393    1.25175 -0.0602198
  0.121553    1.25414 -0.0642223
  0.118682    1.25726 -0.0718469
  0.116259    1.25837 -0.0751686
  0.114447     1.2587 -0.0811176
  0.112311    1.25865 -0.0871571
  0.110206    1.25809 -0.0900136
  0.107977    1.25672 -0.0962149
  0.106109    1.25519 -0.0992333
 0.104828   1.25216 -0.105116
 0.103115   1.24933 -0.111524
 0.101186   1.24824 -0.114983
0.0993067   1.24591 -0.122217
0.0974615   1.24533 -0.125885
0.0964843   1.24287 -0.132566
0.0946931   1.24297 -0.136129
0.0932476   1.24204 -0.143196
0.0918083   1.24167 -0.150607
0.0898884   1.24254 -0.153928
0.0893724   1.24145 -0.160331
0.0884749   1.24169 -0.167032
0.0867755   1.24282  -0.16996
0.0858608    1.2435 -0.176904
0.0842401   1.24462 -0.179796
0.0841268    1.2441 -0.186024
 0.083632   1.24498 -0.192636
  0.08187   1.24642 -0.195554
0.0812792   1.24786 -0.202687
0.0795771   1.24941 -0.205653
0.0782402   1.25328 -0.212333
0.0745765   1.25819 -0.218034
0.0695073   1.26061 -0.219921
0.0664836   1.26183 -0.225457
0.0618696   1.26403 -0.227427
0.0568281   1.26863 -0.232811
0.0514819   1.27383 -0.238728
0.0472633   1.27736 -0.241419
0.0425373   1.28423 -0.247948
 0.039224   1.28843 -0.250819
0.0365509   1.29455 -0.256383
0.0338575   1.30241 -0.262664
0.0480897    1.3052  -0.28891
0.0451109   1.31344 -0.293175
0.0436662    1.3195 -0.296267
0.0414343   1.32405 -0.297426
 0.039569   1.33135 -0.300233
0.0377011   1.33489 -0.301184
  0.03611   1.33939 -0.304173
0.0342711   1.34239 -0.305272
0.0331259   1.34916 -0.307254
 0.031511    1.3555 -0.309988
0.0294951   1.35846 -0.311332
0.0286159   1.36256 -0.314419
 0.027194   1.36848 -0.317627
0.0251283   1.37105 -0.319213
0.0234186   1.37712 -0.322771
0.0214062   1.37943 -0.324322
0.0206071   1.38393 -0.327213
0.0193776   1.38942 -0.330668
 0.017333   1.39174 -0.331824
0.0159514   1.39756 -0.335122
0.0139978   1.39949 -0.336227
0.0134794   1.40367 -0.338915
0.0125193   1.40872 -0.342202
0.0104352   1.41053 -0.343229
0.0101331   1.41368  -0.34644
0.0080594   1.41508   -0.3476
0.00726876    1.42013  -0.350856
0.0061986   1.42509  -0.35448
0.00225754    1.42995  -0.355803
-0.00386777     1.43984   -0.357723
-0.0108518     1.4511  -0.360519
-0.0186921    1.45808  -0.360273
-0.0254724     1.4669  -0.362391
-0.0320183    1.47188  -0.362289
-0.0399431    1.48214  -0.364427
-0.0476871    1.49147  -0.366731
-0.0526596     1.4947  -0.366798
-0.0569986    1.50018  -0.369057
-0.0602796    1.50198  -0.369038
-0.0643464     1.5088  -0.370999
-0.0675008    1.51497  -0.372939
-0.0699617    1.51661  -0.372464
-0.0711314    1.52065  -0.373859
-0.0729012    1.52203  -0.373025
-0.0740694    1.52796  -0.373847
-0.0750709    1.53365  -0.374632
-0.0768446    1.53501  -0.373591
-0.0770888    1.53857  -0.374388
-0.077721   1.54387 -0.375005
-0.0795953    1.54552  -0.374061
-0.0806776    1.56462  -0.375106
-0.0827392    1.56525  -0.374456
-0.0833518    1.58122   -0.37549
-0.0843637    1.58864  -0.377131
-0.0865643    1.58635  -0.376534
-0.0870504     1.5863  -0.378279
-0.0893749    1.58335  -0.377794
-0.090492    1.5846 -0.379495
-0.0919938    1.58517  -0.381593
-0.0943871     1.5824  -0.381094
-0.0951403    1.58138  -0.383144
-0.0975157    1.57833  -0.382738
-0.0987943    1.57872  -0.384792
-0.100333   1.57844 -0.387232
-0.102715   1.57561 -0.386795
-0.104322   1.57502 -0.389385
-0.106329   1.57188 -0.389134
-0.107152   1.56948 -0.391996
-0.109522   1.57238 -0.394392
-0.117529   1.57606 -0.392866
-0.123699   1.58008 -0.394202
 -0.13161    1.5829 -0.392684
-0.139131   1.58794 -0.394507
-0.145859   1.58923 -0.393215
-0.153883   1.59269 -0.395647
-0.161239   1.59449 -0.398519
-0.166024   1.59397 -0.397371
-0.170122   1.59266 -0.400112
-0.174047   1.59193 -0.402937
-0.176968   1.59018 -0.401759
 -0.17963   1.58838 -0.404644
-0.181847   1.58667 -0.403229
-0.182834   1.58411 -0.405391
-0.183733   1.58282 -0.407335
-0.185454   1.58167 -0.405491
-0.184822   1.57965 -0.409056
-0.183371   1.57646 -0.411381
-0.180119   1.57181 -0.417219
-0.181033   1.57112 -0.414942
-0.180119   1.56608 -0.414828
-0.178412   1.56031 -0.416889
 -0.18016   1.55475 -0.406766
-0.180702   1.54762 -0.398622
-0.182526   1.54162 -0.387252
-0.185004   1.53665 -0.375646
-0.188408    1.5306 -0.363652
-0.191387   1.52619  -0.35474
-0.195114   1.51969 -0.347522
-0.199383   1.51521 -0.340718
-0.202261   1.51183 -0.335429
-0.207353   1.50722 -0.332038
-0.197302   1.42647 -0.341504
-0.151353   1.41038  -0.36237
-0.0409272    1.48857  -0.404347
 0.117577    1.6345 -0.474598
 0.283075   1.84693 -0.515745
     0.44   2.07725 -0.497648
 0.64239  2.35649 -0.47248
 0.756765   2.51977 -0.443673
 0.896402   2.65997 -0.426617
 0.918229   2.64948 -0.416778
0.977314  2.62358 -0.41456
 0.897078   2.43475 -0.423204
 0.877025   2.25926 -0.446969
0.774306  2.07014 -0.46393
 0.677317   1.83566 -0.503588
 0.539012   1.64818 -0.551991
 0.432469   1.57771 -0.559619
  0.28902   1.56144 -0.576801
 0.205833   1.56485 -0.557884
 0.107979   1.57895 -0.552254
0.0454063   1.59035 -0.529131
-0.0520926    1.63056  -0.520305
-0.137808   1.68252  -0.50395
-0.184506   1.71638  -0.47784
-0.242066   1.74316 -0.464316
-0.274647   1.74441 -0.446044
-0.332003    1.7429 -0.436811
-0.386556   1.71955 -0.436828
-0.415485   1.69222 -0.429972
-0.765174   1.71058 -0.150962
-0.804451   1.67498  -0.13907
-1.11988  1.68743 0.312933
 -1.1319  1.59567 0.330765
-1.11392  1.53967 0.342637
-1.09139  1.48938 0.357416
-1.05856  1.48623 0.368445
-1.02285  1.46375 0.387519
-0.993264   1.44378  0.408676
-0.978992   1.44166  0.409421
-0.96189  1.41936 0.434379
-0.954149   1.41517  0.431346
-0.957522   1.38997  0.441822
-0.957881   1.38221  0.435565
-0.967703   1.34987  0.441817
-0.984217   1.31184  0.442987
-0.986934   1.29874  0.434843
-1.00724  1.25402 0.429194
-1.00908  1.24042  0.41765
-1.02726  1.20055 0.406004
-1.02472  1.18622 0.391954
-1.03904   1.1398 0.374728
-1.05114  1.08749 0.354389
-1.04208  1.06961 0.337932
-1.04846  1.01247 0.314284
-1.03599 0.994389 0.297179
-1.03878 0.943968 0.273765
-1.03783 0.885475 0.248322
-1.02329 0.865888 0.230981
-1.01977 0.803421 0.206079
-1.00735 0.784674 0.196229
-1.00736 0.729201  0.18846
-0.989422  0.711238  0.183164
-0.98069 0.649199 0.178069
-0.961987  0.631487   0.17201
-0.951314  0.568479  0.165213
-0.938833  0.504028  0.157351
-0.921364  0.486554  0.149609
-0.907727   0.42225  0.139735
-0.891206  0.407766  0.130956
-0.879355  0.353754   0.12128
-0.864656  0.294848  0.109095
-0.849028  0.281767 0.0995302
-0.833209  0.222766 0.0856542
-0.818295  0.212741 0.0756221
-0.803845  0.162637  0.062832
-0.786791  0.111182 0.0474535
-0.772441   0.10304 0.0373757
-0.754217 0.0515722 0.0208471
-0.740638 0.0467412 0.0106624
  -0.723654  0.00350797 -0.00406703
  -0.70092 -0.0400086 -0.0212569
 -0.683758 -0.0429952 -0.0308932
 -0.655801 -0.0858679 -0.0483682
 -0.640361 -0.0853646 -0.0574984
 -0.615753  -0.119876 -0.0727383
 -0.603112  -0.117345 -0.0810431
 -0.577922  -0.150461 -0.0981464
-0.554202 -0.181787 -0.115631
-0.543773 -0.175607  -0.12366
-0.522633 -0.203554 -0.141044
-0.503897 -0.224057 -0.156236
-0.497531 -0.214897  -0.16287
-0.479719 -0.236124 -0.179492
-0.476021 -0.223985 -0.185523
 -0.45961 -0.240457 -0.199808
-0.456907    -0.227 -0.205497
 -0.44138 -0.240434 -0.221514
-0.427423 -0.251483 -0.239716
-0.425343 -0.236264 -0.245225
-0.411421 -0.244845 -0.263241
 -0.41022 -0.227494 -0.268327
-0.395351 -0.231622 -0.283894
-0.381136 -0.234238 -0.300907
-0.379385  -0.21588 -0.305422
-0.364623 -0.216737  -0.32275
-0.363554 -0.197004 -0.326966
-0.348183 -0.194139 -0.341805
-0.333568 -0.189881 -0.358002
-0.332453 -0.169846 -0.361546
-0.317976 -0.163984 -0.377772
-0.317888 -0.142836 -0.380918
-0.303366 -0.134746 -0.394602
-0.290085 -0.125066 -0.409435
 -0.29036 -0.103803 -0.411825
-0.277302 -0.093648 -0.424386
 -0.278739 -0.0720204  -0.426369
 -0.267344 -0.0561965  -0.440102
 -0.257682 -0.0344508   -0.45429
  -0.260317 -0.00821796   -0.456019
-0.251601 0.0128409 -0.469649
-0.254918 0.0366572  -0.47059
-0.245723 0.0547863 -0.481095
-0.239261 0.0707497 -0.492908
-0.245095 0.0864018 -0.492537
-0.240604 0.0949275 -0.500421
-0.246793  0.107292 -0.498674
-0.242679  0.114482 -0.506368
-0.238075  0.118795 -0.512901
-0.241851  0.127998 -0.509481
-0.234927  0.131513  -0.51325
-0.228421   0.13533 -0.516346
-0.231052  0.142589  -0.51161
-0.223775  0.144459 -0.513208
-0.227094  0.151519 -0.508095
-0.220177  0.152783 -0.508467
-0.224173  0.159556 -0.503242
-0.218707  0.164396 -0.502777
-0.214823  0.167367 -0.501648
-0.219813  0.173626  -0.49636
-0.217283  0.178681 -0.494747
 -0.22396  0.185495 -0.489673
-0.224059  0.189804 -0.487786
-0.226269  0.193713 -0.485515
-0.233796  0.200177 -0.480404
-0.236811  0.206427  -0.47779
-0.245604  0.213584 -0.472927
-0.251494  0.219419 -0.470099
-0.259215  0.224607 -0.466888
-0.268257  0.231172 -0.461894
 -0.2774 0.235502 -0.45828
-0.286986  0.242622 -0.453404
-0.297392  0.247161 -0.449329
-0.307101  0.254042 -0.444513
-0.318306  0.260502 -0.440727
-0.331663  0.264452  -0.43666
-0.340919  0.271124 -0.431713
-0.354686  0.274063 -0.427093
-0.363249  0.280795 -0.422037
 -0.37535   0.28517 -0.416859
-0.382905  0.291778 -0.411409
-0.394371  0.296374 -0.403905
-0.406414  0.299286 -0.396244
 -0.41173  0.304699 -0.389416
 -0.42246  0.308992 -0.381834
-0.427715  0.316088 -0.375305
-0.439739  0.320572 -0.367818
 -0.45225  0.324413 -0.360328
-0.457359  0.330633 -0.354273
-0.470024  0.332888 -0.347006
-0.474601  0.339644 -0.341196
-0.487213  0.342553 -0.333813
-0.491819  0.350121  -0.32738
-0.503354  0.356871 -0.318863
-0.515262  0.362166 -0.310583
-0.519004   0.36924 -0.304583
-0.530013  0.372724 -0.296715
-0.532491  0.380582 -0.291173
 -0.54168  0.386455 -0.283401
-0.543116  0.393292 -0.278307
-0.551481   0.39402 -0.271386
-0.551988  0.400299 -0.266654
-0.559063  0.403742 -0.260001
-0.566693  0.403571 -0.256956
 -0.56821  0.407735 -0.257002
-0.575562  0.407841 -0.255515
-0.581311  0.409008  -0.25397
-0.580154  0.414103  -0.25247
-0.582913  0.415234 -0.248999
-0.579356  0.422269 -0.245499
-0.580316  0.425555 -0.239461
-0.578716  0.428486 -0.232575
-0.573517  0.434623 -0.228092
-0.570125  0.434714 -0.220696
 -0.56419  0.440376 -0.216347
-0.561379   0.44014 -0.209239
-0.556595  0.439599 -0.202058
-0.550532  0.443799  -0.19841
-0.545197  0.439932  -0.19215
-0.539095  0.443622 -0.189205
-0.535301   0.44038 -0.183905
-0.529299   0.44335 -0.181504
-0.523873  0.437679 -0.176756
-0.518163  0.430071   -0.1728
-0.512197  0.431792 -0.171036
-0.506384  0.422299  -0.16783
-0.500347  0.424021 -0.166492
-0.495789  0.417679 -0.163388
-0.489868  0.407139 -0.161122
-0.483961  0.406641 -0.160385
-0.477728  0.392821 -0.158766
-0.471846  0.392574 -0.158192
-0.465691  0.381238  -0.15559
-0.458072  0.380497 -0.153284
-0.447462  0.366705  -0.14817
-0.436275  0.350841 -0.143043
-0.429311  0.349721 -0.141087
-0.419311  0.333097 -0.136641
-0.414508   0.33316 -0.135676
-0.408478  0.321571 -0.132405
-0.402367  0.306895 -0.129921
-0.399253  0.307134 -0.129706
-0.394381  0.291578 -0.127996
-0.392341  0.292846 -0.128115
-0.389825  0.282031 -0.126529
-0.387123  0.268309 -0.125523
-0.385376  0.269632 -0.125584
-0.382844  0.255003 -0.124599
-0.381317  0.257275 -0.124538
-0.379941  0.247134 -0.123064
 -0.37802  0.234263 -0.121875
 -0.37631  0.236487 -0.121664
-0.374159  0.222712 -0.120365
-0.372493  0.225814 -0.120072
-0.371244  0.216325 -0.118394
-0.369356  0.204274 -0.116965
-0.367521  0.207264 -0.116721
-0.365345  0.193705 -0.115304
-0.363543  0.197564 -0.115087
-0.362232  0.187414 -0.113599
 -0.36038  0.177342 -0.112131
-0.358426  0.181071 -0.112056
 -0.35626  0.169347 -0.110701
-0.354324  0.173917 -0.110674
-0.352946  0.164669 -0.109344
-0.350961  0.169449 -0.109394
-0.348785  0.160069 -0.108151
-0.346363  0.149444 -0.106968
-0.343887  0.152777 -0.107212
-0.342032  0.142299  -0.10618
-0.339552  0.145557 -0.106588
   -0.337  0.134925 -0.105563
 -0.33379  0.121946 -0.104749
-0.331189  0.125285 -0.105225
-0.32771 0.111891 -0.10432
-0.325267  0.116492 -0.104777
-0.322897  0.107897 -0.103505
-0.319846 0.0972918 -0.102467
-0.317415  0.102215 -0.102982
-0.314214 0.0913331 -0.101851
-0.311956 0.0973956 -0.102428
-0.309792 0.0892386 -0.101224
 -0.307222   0.082472 -0.0999327
-0.304928 0.0886797 -0.100617
 -0.302164  0.0804838 -0.0993508
 -0.29996  0.087689 -0.100111
 -0.298164  0.0820207 -0.0988506
 -0.295962  0.0895135 -0.0996804
 -0.293615  0.0843277 -0.0983842
 -0.291126  0.0781778 -0.0970832
 -0.288727  0.0854577 -0.0980011
   -0.2862   0.079236 -0.0966124
 -0.283871  0.0874161 -0.0976258
 -0.282288   0.085108 -0.0960937
 -0.280184  0.0813538 -0.0948656
  -0.27767    0.08935 -0.0961368
 -0.275291  0.0851201 -0.0950206
 -0.272714  0.0937699 -0.0965248
 -0.270938  0.0930081 -0.0955557
 -0.268457  0.0906998 -0.0949532
 -0.265347  0.0990005 -0.0969365
 -0.262562  0.0961265 -0.0960796
 -0.259374   0.105024 -0.0979592
 -0.257282   0.104108 -0.0969196
 -0.254521   0.103457 -0.0956874
 -0.251184   0.112109 -0.0972209
 -0.248108   0.110653 -0.0955309
 -0.244636   0.119819 -0.0970227
 -0.242456   0.118425 -0.0953406
 -0.239085    0.12463 -0.0967328
 -0.236368   0.122297 -0.0947184
-0.233548  0.118039 -0.092545
 -0.230269   0.123941 -0.0938247
 -0.227502    0.11908 -0.0914783
 -0.224479   0.125791 -0.0928774
 -0.222707   0.124865 -0.0907928
 -0.220676   0.122139 -0.0886167
 -0.217811    0.12884 -0.0899912
 -0.215828   0.125601 -0.0876043
 -0.213063   0.132945 -0.0890642
-0.211955  0.131582 -0.086962
  -0.21049   0.131466 -0.0846657
-0.207752  0.138594 -0.086085
 -0.206274   0.136657 -0.0835722
 -0.203522   0.144279 -0.0850552
  -0.20275   0.144134 -0.0828486
  -0.19999   0.151742 -0.0843344
 -0.198829    0.15169 -0.0818147
-0.198334    0.1501 -0.079868
 -0.196047   0.157662 -0.0818057
  -0.19552   0.155449 -0.0796569
 -0.193075    0.16287 -0.0816656
 -0.193067   0.164039 -0.0799664
 -0.192511   0.163274 -0.0779133
 -0.189707   0.170282 -0.0798177
 -0.188688   0.168579 -0.0774912
 -0.185596   0.175912 -0.0794505
 -0.185109   0.177381 -0.0776371
 -0.183895    0.17672 -0.0754073
 -0.180558   0.183543 -0.0773237
 -0.178933   0.181778 -0.0748476
 -0.175387   0.188861 -0.0768518
 -0.174284   0.188495 -0.0747907
 -0.172726   0.188923 -0.0726477
 -0.169048   0.195439 -0.0746456
  -0.16706    0.19358 -0.0721553
 -0.163087    0.20033 -0.0743063
 -0.161732   0.201392 -0.0725171
 -0.159553   0.198079 -0.0701425
 -0.155265   0.200575 -0.0719206
 -0.152498   0.193976 -0.0690833
-0.148124   0.19679 -0.070968
  -0.14662   0.191663 -0.0684964
  -0.14238   0.194664 -0.0704809
  -0.14024   0.189117 -0.0680071
-0.137668  0.181589 -0.065362
 -0.133566   0.184382 -0.0674314
 -0.132315   0.179331 -0.0650771
-0.127925  0.183051 -0.067724
 -0.126986    0.17693 -0.0643464
 -0.125833   0.169269 -0.0607269
 -0.121481   0.172704 -0.0634408
 -0.120311   0.164523 -0.0597033
 -0.115773   0.168871 -0.0626413
  -0.11527   0.165117 -0.0600506
 -0.114049   0.158889 -0.0568675
 -0.109557    0.16307 -0.0598708
 -0.108152   0.155398 -0.0564514
 -0.107308    0.15269 -0.0542249
-0.102638  0.157204 -0.057379
 -0.101474   0.151578 -0.0541478
-0.0963511   0.157043 -0.0576806
-0.0967003   0.149388 -0.0525211
-0.0908842   0.154874  -0.056805
-0.0918877   0.151433 -0.0527749
-0.0923646   0.145378 -0.0477776
-0.0866533   0.150509 -0.0521186
-0.0871737   0.146514 -0.0483383
-0.0809093   0.152533 -0.0529571
-0.0810355   0.147243 -0.0484686
-0.0809751   0.140836 -0.0434174
-0.0749267   0.146232 -0.0480334
 -0.070853    0.14943 -0.0467663
-0.0643948   0.155824 -0.0516722
-0.0598855   0.161842 -0.0523658
-0.0538745   0.170476 -0.0537361
-0.0480607   0.175678 -0.0583993
-0.0426878   0.180753 -0.0590122
 -0.038446   0.182125 -0.0628992
 -0.035845   0.179373 -0.0622223
-0.0327479   0.177455 -0.0616466
-0.0287837    0.17553 -0.0647036
-0.0255346   0.169061 -0.0630048
-0.0215321    0.16692 -0.0658689
-0.0185788   0.159009 -0.0634573
-0.0145827   0.156906 -0.0661793
-0.0125819   0.151156 -0.0644286
-0.0101693   0.142788 -0.0617761
-0.00615433    0.140471  -0.0643509
-0.00450311    0.132814  -0.0620945
-0.000509858     0.131359   -0.0646638
 0.0018193   0.124146 -0.0620519
0.00246025   0.108591 -0.0653871
0.00631629   0.107525 -0.0676284
0.00018528   0.081862 -0.0839109
0.00407726  0.0810544 -0.0855605
-0.00432251   0.0508591   -0.104278
0.000348638   0.0499704   -0.104953
-0.00503487   0.0246353    -0.11534
-0.0125274 0.00306343  -0.131924
-0.00882925  0.00285716   -0.130802
-0.00843568 -0.00295526   -0.152724
-0.00505472 -0.00377803    -0.14966
-0.00373839  0.00383618   -0.160376
-0.00332459  0.00590627   -0.176471
-1.49135e-05   0.00346178    -0.171855
0.000460745   0.0053396   -0.188457
 0.00406112 -0.00097759   -0.181574
0.00598447 0.00677124  -0.190154
  0.0133875 -0.00130011   -0.182736
 0.0110505 -0.0054769  -0.196458
 0.0104493 -0.0134832  -0.210861
 0.0217244 -0.0222033  -0.204815
 0.0264726 -0.0238146  -0.211173
 0.0421505 -0.0367423  -0.203283
 0.0416721 -0.0496249  -0.212693
 0.0414876 -0.0669976  -0.221631
 0.0541473 -0.0792947   -0.21366
 0.0586798 -0.0913447  -0.215884
 0.074098 -0.111816 -0.205633
0.0735639 -0.138032 -0.211959
0.0715937 -0.169204 -0.218557
 0.083267 -0.187502 -0.209282
0.0864134 -0.207313 -0.208833
 0.100313 -0.227329 -0.198228
0.0966988 -0.258108 -0.202376
0.0914429 -0.290491 -0.207229
 0.101011 -0.307505 -0.198239
0.0933694 -0.337542 -0.204079
 0.105356 -0.356215 -0.193704
 0.101535 -0.373267 -0.193521
 0.108305 -0.403681 -0.171189
 0.119953 -0.419085 -0.162758
 0.128109 -0.447719 -0.134937
 0.138389 -0.465352 -0.129946
 0.134665  -0.48696 -0.104254
 0.139665 -0.504774 -0.103625
  0.128831   -0.54303 -0.0735298
   0.11324  -0.596836 -0.0468831
  0.113278  -0.611904 -0.0488714
 0.0909018  -0.655872 -0.0192532
 0.0881359  -0.673523 -0.0264143
  0.0681359   -0.697882 -0.00986709
0.0447859 -0.734178 0.0129283
 0.0437399  -0.740897 0.00484601
0.0251563 -0.760813 0.0235579
0.0402859 -0.786995 0.0528246
0.0279291 -0.786161 0.0446807
0.0514143 -0.809003 0.0840873
0.0423554 -0.805772 0.0681752
 0.058103 -0.824986   0.12163
0.0650378 -0.852967    0.2031
0.0668474 -0.842346  0.178298
0.0711871 -0.869042  0.266607
 0.111051 -0.822475  0.158487
 0.110838 -0.840022  0.218637
 0.108445 -0.831079  0.194067
 0.103177 -0.859935  0.280364
 0.095939 -0.889548  0.359547
0.0926775 -0.885891  0.330762
0.0891325 -0.902778  0.365202
 0.153054 -0.927772  0.405717
 0.155032 -0.921037  0.392614
0.235909 -0.96428 0.547517
  0.23691 -0.954222  0.531987
 0.292401 -0.970296  0.617539
 0.361052 -0.994283  0.759857
 0.357622 -0.970508  0.746155
 0.425046 -0.995814  0.898681
 0.419665 -0.960486  0.877659
 0.463653 -0.952495  0.955528
 0.457084 -0.909803  0.929982
 0.516777 -0.911401   1.05454
 0.591209 -0.895282   1.17402
 0.583828 -0.851692   1.14577
 0.622965 -0.786955   1.17718
  0.61232 -0.736874   1.13951
 0.618339 -0.706812   1.10167
  0.60662 -0.661913   1.06119
 0.593489 -0.617138  0.991795
 0.571082 -0.568556  0.912853
0.559601   -0.531 0.872194
 0.528702 -0.488041  0.796905
 0.513175 -0.461655  0.763448
 0.480417 -0.434049  0.706059
 0.445276 -0.402196  0.642785
 0.432831 -0.383127  0.609885
 0.399778 -0.358181  0.544948
 0.362839 -0.345866  0.519272
 0.295085 -0.330306  0.475454
 0.221302 -0.314384  0.432281
 0.183769 -0.306879  0.415668
 0.111179 -0.293919  0.376833
0.0695521 -0.284218  0.349844
-0.0146562  -0.271482   0.292011
-0.0519862  -0.261503   0.259264
-0.114231  -0.24933  0.212542
 -0.302313  -0.211549 -0.0346945
 -0.315711  -0.213142 -0.0610013
-0.348606 -0.215691 -0.101614
-0.342905 -0.227016 -0.115841
-0.353155 -0.233503 -0.137173
  -0.3424 -0.241958 -0.148675
-0.344203 -0.246309 -0.169706
 -0.33726 -0.250214 -0.187876
-0.322436  -0.25115 -0.199486
-0.311349 -0.244744 -0.214635
-0.294611 -0.239954 -0.225655
-0.276191 -0.229865 -0.242137
 -0.25346 -0.218776 -0.259818
-0.235142 -0.213982 -0.270709
-0.208629 -0.204059 -0.288472
-0.190775 -0.201179 -0.298444
  -0.1654 -0.190914 -0.312953
-0.136479 -0.186058 -0.328808
-0.119111 -0.187987 -0.337344
-0.0929152   -0.19191  -0.351522
-0.0635166  -0.199938  -0.365799
-0.0481636  -0.206187  -0.372746
-0.0187674  -0.219213  -0.386373
-0.00546179   -0.223528   -0.391407
0.0235004 -0.234975  -0.40333
0.0354154 -0.236707 -0.406778
0.0603129 -0.242793 -0.415939
0.0862893 -0.248983 -0.423935
0.0964852 -0.249521 -0.426096
 0.120798 -0.259602 -0.433791
 0.128453  -0.25854 -0.435071
 0.148841 -0.266194 -0.441763
 0.168814 -0.273853 -0.447172
  0.17426  -0.27362 -0.447626
 0.191284 -0.285801 -0.452483
 0.194183 -0.284801 -0.452263
 0.208123 -0.292284 -0.455694
 0.220185 -0.305626 -0.458371
 0.221248 -0.304791 -0.457029
 0.230823 -0.320017 -0.458828
 0.229665 -0.317129 -0.456425
 0.235906 -0.331979 -0.457608
 0.240218 -0.350337  -0.45719
 0.236999 -0.357142 -0.454915
 0.237854 -0.381118 -0.454097
 0.233021 -0.385352 -0.451215
 0.232292 -0.404266 -0.449747
 0.226872 -0.405316 -0.446297
 0.223286 -0.426039  -0.44303
    0.217 -0.448818 -0.439221
 0.211216   -0.4479 -0.435615
 0.205097  -0.46561 -0.432522
 0.198791 -0.462702 -0.429263
 0.190615  -0.48174 -0.425044
 0.180364 -0.503557 -0.420712
 0.174101 -0.501128 -0.417817
 0.162643 -0.524606 -0.413552
 0.156372 -0.521445 -0.411243
 0.146529 -0.539444 -0.407591
 0.134567 -0.561414 -0.403389
 0.128821 -0.558072 -0.401063
 0.116024 -0.581292 -0.396276
 0.110602 -0.576658 -0.394147
0.0994223 -0.596253 -0.389799
0.0871087 -0.614812  -0.38404
0.0824678 -0.609641 -0.381438
0.0695135 -0.630539 -0.374889
0.0654798 -0.624312  -0.37241
0.0542218 -0.642059 -0.366493
0.0508726 -0.635673 -0.363851
0.0391864  -0.65372 -0.356086
 0.026975 -0.673795 -0.347855
0.0245229 -0.667883 -0.344422
0.0139154 -0.685704 -0.337016
0.0123811 -0.679195 -0.333914
0.00186311  -0.696467   -0.32443
-0.00886356   -0.715874   -0.314525
-0.00942626   -0.709807   -0.310495
-0.0186895   -0.72649  -0.301627
-0.0180057  -0.720052  -0.298121
-0.0264081  -0.737419  -0.287429
-0.0355882  -0.761853    -0.2768
-0.0350034  -0.766902  -0.272654
-0.0437884   -0.79791  -0.261526
-0.0423471  -0.801161  -0.257066
-0.0515319  -0.827721  -0.242184
-0.0602372  -0.854155  -0.225605
-0.0576356  -0.852397  -0.218241
-0.0647041  -0.877315  -0.200115
-0.0593351  -0.871289  -0.191888
-0.0640204  -0.885963  -0.174346
-0.0569297    -0.8784  -0.165279
-0.0598788  -0.894957  -0.143416
-0.051861 -0.887612 -0.133538
-0.0533322  -0.904715  -0.109786
-0.0551539  -0.921609 -0.0845222
-0.0698683   -0.91502 -0.0676953
-0.0936946  -0.931767  -0.035488
 -0.106272  -0.925118 -0.0189337
-0.127439  -0.93672 0.0090714
-0.146849 -0.951304 0.0403373
-0.156281 -0.945512 0.0563621
-0.172969 -0.960959 0.0878375
-0.180383 -0.954586  0.103271
-0.194948 -0.966674  0.129336
-0.207576 -0.977628  0.158601
-0.212094 -0.971791  0.173046
 -0.22005 -0.985887  0.202179
-0.221804 -0.981857  0.215808
-0.227628 -0.994406   0.23911
-0.233391  -1.00751  0.263713
-0.234075   -1.0038  0.274837
-0.238544  -1.01803  0.296758
-0.238618  -1.01323  0.305924
-0.241586  -1.02302  0.322285
-0.256244  -1.03111  0.350671
-0.261616  -1.02547  0.364194
-0.276073  -1.03222  0.391022
-0.280508  -1.02565  0.402802
-0.290607  -1.02606  0.422168
-0.301622  -1.02585   0.44216
-0.303026  -1.02447   0.45034
-0.310413  -1.03291  0.466342
-0.309973  -1.03553   0.47296
-0.311371  -1.04243  0.483402
-0.309156  -1.04313  0.489632
-0.309935  -1.05069  0.499657
-0.292016  -1.06145  0.506907
-0.260879  -1.06376   0.51245
-0.223145  -1.07873  0.510827
-0.204653  -1.08059   0.50851
-0.175709  -1.09464  0.499686
-0.149802  -1.09277  0.497824
-0.0868673   -1.09534   0.489815
-0.0234594   -1.09911   0.484727
0.00655525   -1.09447    0.48626
0.0545875  -1.09696  0.476398
0.0739267  -1.09297  0.470499
0.118107 -1.09518 0.457223
0.156836 -1.09939 0.436541
0.169134  -1.0956 0.425416
0.203937 -1.10078 0.395586
0.214034 -1.09634 0.383736
0.246245 -1.09747 0.356563
0.279512  -1.1003 0.327464
0.289741 -1.09511  0.32017
0.323549  -1.0978 0.294413
0.333228 -1.09186  0.29093
0.365346 -1.09072 0.271584
0.398062 -1.09101 0.252873
0.405696   -1.085 0.250418
0.436166 -1.08578 0.232044
0.441106 -1.07956  0.22938
0.467803 -1.07737 0.211989
0.492663 -1.07701 0.193724
0.494073 -1.07126 0.189549
0.514961 -1.07183 0.170401
0.513402 -1.06613 0.166219
0.530804 -1.06568 0.148189
0.545413  -1.0643 0.130791
0.541107 -1.05924 0.126601
0.550418 -1.06421 0.107479
0.542711 -1.06692 0.102453
0.549919 -1.07458  0.08504
0.554182 -1.08157 0.067414
 0.544627  -1.08347 0.0626479
 0.545992   -1.0889 0.0457083
 0.535037  -1.08818 0.0424059
 0.536474   -1.0894 0.0283248
 0.534766  -1.08907 0.0156321
 0.522513  -1.08724 0.0135699
  0.517398   -1.08734 0.00323865
   0.50392   -1.08523 0.00359811
   0.498618    -1.08343 -0.00279227
   0.489515    -1.08377 -0.00840737
   0.475006    -1.08264 -0.00765219
  0.463406   -1.08466 -0.0124297
  0.448146   -1.08427 -0.0109533
  0.436074   -1.08638 -0.0132825
  0.420109   -1.08663 -0.0114286
  0.404487   -1.08941 -0.0136109
  0.386675   -1.09399 -0.0157472
  0.370377   -1.09457 -0.0157709
  0.354125    -1.0985 -0.0185507
  0.338477   -1.09943 -0.0193547
0.319257 -1.10517 -0.02279
  0.302998   -1.11355 -0.0222035
  0.294601   -1.11569 -0.0174217
  0.282909   -1.12261 -0.0146305
  0.268859   -1.12834 -0.0115576
   0.260267    -1.12866 -0.00769364
   0.244134    -1.13472 -0.00528002
   0.23509    -1.1335 -0.0015641
  0.219684   -1.13569 0.00150917
  0.201895   -1.13934 0.00423735
  0.192002   -1.13707 0.00728774
 0.173213   -1.1405 0.0099773
 0.163763  -1.13716 0.0129853
 0.147074  -1.13735 0.0162892
 0.128985  -1.13887 0.0194393
 0.119666  -1.13539 0.0220202
 0.101371  -1.14064 0.0248516
0.0858762  -1.14628  0.028368
 0.077005  -1.14757 0.0306039
0.0608563  -1.15523 0.0340221
0.0532877  -1.15463 0.0368718
0.0399701  -1.15996 0.0403071
0.0272449  -1.16291 0.0454688
0.0208408  -1.15909 0.0487685
0.0101426  -1.16154 0.0540914
0.00515567   -1.15621  0.0579861
-0.00231802    -1.15567    0.063017
-0.00894206    -1.15512   0.0687512
-0.0125908   -1.14872  0.0725133
-0.0167248   -1.14732  0.0770638
-0.0193134   -1.14039  0.0811208
-0.0216773   -1.13822  0.0870661
-0.0217008   -1.13774  0.0926786
 -0.02334  -1.13156 0.0962551
-0.0213269   -1.13156  0.0999514
-0.0221653   -1.12528   0.103822
-0.0493642   -1.11712  0.0762571
-0.0798984    -1.1099  0.0421785
-0.102387  -1.09916 0.0237504
  -0.124717    -1.09226 -0.00591868
 -0.130724   -1.08646 -0.0261696
 -0.129793   -1.08019 -0.0322724
-0.0884129   -1.08085  -0.043536
-0.0444236   -1.07822 -0.0380895
 0.0174293   -1.08275 -0.0387658
 0.0739695   -1.08649 -0.0335208
  0.109984   -1.08598 -0.0267498
  0.159184   -1.09265 -0.0213882
  0.191818   -1.09218 -0.0167882
  0.235287   -1.09958 -0.0162002
 0.278709  -1.10584 -0.016067
  0.308521   -1.10674 -0.0169852
  0.350065   -1.11648 -0.0220562
  0.377728   -1.11666 -0.0254749
  0.415789   -1.12329 -0.0339073
  0.454587   -1.13257 -0.0453309
  0.479724   -1.13547 -0.0529744
 0.540322   -1.1473 -0.083603
 0.584223  -1.15121 -0.105497
  0.64758  -1.16164 -0.136624
 0.701587  -1.17457 -0.164538
 0.726749  -1.17737 -0.177499
 0.759937  -1.19117 -0.198883
 0.764501   -1.1951 -0.204379
 0.775232   -1.2065 -0.215856
 0.777693  -1.22059 -0.227654
 0.773901  -1.22367 -0.233301
 0.774385  -1.23524 -0.245297
 0.773556  -1.23638 -0.254999
 0.776185  -1.24601 -0.273352
 0.781883  -1.25573 -0.295971
   0.7594  -1.25209 -0.313601
 0.667019  -1.25292 -0.342596
 0.559236  -1.25134 -0.380535
 0.490161   -1.2449 -0.405366
 0.383752  -1.24531 -0.440445
 0.332202  -1.23969 -0.453659
 0.253602  -1.24199 -0.470141
  0.21771   -1.2377 -0.472397
 0.144624   -1.2383 -0.481286
0.0823921  -1.23931 -0.481369
0.0583682  -1.23446 -0.478978
0.00831988   -1.23475  -0.472915
-0.00644203    -1.22806   -0.469679
-0.0440915   -1.22435  -0.462625
-0.0798698   -1.22043  -0.455354
-0.091235  -1.21178 -0.454829
-0.123647  -1.20562 -0.448261
-0.132391  -1.19595 -0.448278
-0.160491  -1.18848 -0.441053
-0.188155  -1.18091 -0.433924
-0.194518  -1.17177 -0.432223
-0.219917  -1.16453 -0.423072
-0.223772  -1.15566 -0.419826
-0.245529  -1.14842 -0.408909
-0.266128  -1.14147 -0.397536
-0.268404  -1.13578 -0.394089
 -0.28724  -1.13498 -0.383392
-0.303701  -1.13221 -0.372373
 -0.30293  -1.12868 -0.368677
-0.316693  -1.12684 -0.358159
-0.313049  -1.12165 -0.354486
-0.323696  -1.11874 -0.344954
-0.330521  -1.11371 -0.334963
-0.324118  -1.10902  -0.33078
-0.328061  -1.10422 -0.318624
-0.319826   -1.0988 -0.311779
-0.321799  -1.09423 -0.300538
-0.311665  -1.08872 -0.293738
-0.307961  -1.08262  -0.28232
-0.301229  -1.07697 -0.271421
-0.288771  -1.07129 -0.264656
-0.281096  -1.06536 -0.254654
-0.269602  -1.05978 -0.244956
-0.256117  -1.05431 -0.238948
-0.242355  -1.04882 -0.230317
-0.228664  -1.04347 -0.224923
-0.216051  -1.03775 -0.217939
-0.200608  -1.03245 -0.211485
 -0.18765   -1.0272 -0.207054
-0.174173  -1.02257  -0.20229
-0.161814  -1.01752 -0.198576
-0.145577  -1.01194 -0.194574
-0.128893  -1.00717 -0.191847
-0.117529  -1.00236 -0.188941
-0.103279 -0.998694 -0.187452
-0.0868391  -0.993838   -0.18684
-0.0770404  -0.989532  -0.184848
-0.0607869  -0.985874  -0.185723
-0.0519399  -0.981897  -0.184191
-0.0383406  -0.978994  -0.185676
-0.0230426  -0.975449  -0.187795
-0.0156699  -0.971754  -0.186784
-0.00128418   -0.969144   -0.190043
0.00508965  -0.965682  -0.189298
0.0177125 -0.962914 -0.192685
0.0295131 -0.963094 -0.197262
0.0331312 -0.963781 -0.196845
0.0427973 -0.966167 -0.201009
0.0456755 -0.966546 -0.200632
0.0556066 -0.968592 -0.205581
0.0647592 -0.971166 -0.210948
0.0671358 -0.970264 -0.210578
0.0758773 -0.971843 -0.216195
0.0779522 -0.969925 -0.215682
0.0865269 -0.969719 -0.220553
0.0947034 -0.969936 -0.225868
0.0957542 -0.967614 -0.225608
 0.102965 -0.967825  -0.23135
 0.103145 -0.965566 -0.231108
 0.109661 -0.965263 -0.236171
 0.115153  -0.96576 -0.241669
 0.113981 -0.963661 -0.241659
 0.119378 -0.963659 -0.246206
 0.119616 -0.960454 -0.244094
 0.126119 -0.958994 -0.246438
 0.131297 -0.957976 -0.248878
 0.129851 -0.954623 -0.247091
 0.132846 -0.953509 -0.249871
 0.135166 -0.951833 -0.252315
 0.131473 -0.948366  -0.25091
 0.131109 -0.946973 -0.253972
  0.12609 -0.943409 -0.252691
 0.124591 -0.942122 -0.255371
 0.121435 -0.940077 -0.258666
 0.115074 -0.936448  -0.25752
 0.109914 -0.934624 -0.261047
 0.102736 -0.930953 -0.259832
0.0977029 -0.928792 -0.262515
0.0899648 -0.925092 -0.261276
0.0823766 -0.923168 -0.264588
0.0735172 -0.921066 -0.267956
0.0652225 -0.917251 -0.266549
0.0572631 -0.914733 -0.268769
0.0471692 -0.912396 -0.271815
0.0386285 -0.908406 -0.270181
0.0270664 -0.907697 -0.273172
0.0178047 -0.907129 -0.270553
0.00766559  -0.907629  -0.271483
-0.00465297   -0.908852   -0.273374
-0.0135772  -0.907401  -0.270507
-0.0264019  -0.908006   -0.27241
-0.035041 -0.905545 -0.269405
-0.0458973  -0.905259  -0.269613
-0.058155 -0.903502 -0.271401
-0.0661073  -0.900112  -0.268199
-0.0783818  -0.898108  -0.270085
-0.0859359  -0.894373  -0.266727
-0.0959761  -0.891893  -0.266916
-0.107237 -0.889577 -0.268325
-0.113403   -0.8853 -0.262918
-0.123446  -0.88218 -0.262027
-0.129178 -0.877916 -0.256461
-0.137166 -0.874665 -0.254156
-0.145899 -0.871094 -0.253102
-0.150734 -0.866223 -0.247367
-0.159028 -0.862536 -0.246633
-0.165566 -0.858005 -0.244391
-0.169906  -0.85354 -0.238403
-0.176853 -0.849197 -0.237576
-0.180734 -0.844059 -0.231511
-0.186404 -0.840456 -0.229241
-0.191826 -0.835708 -0.228579
-0.195039 -0.831085 -0.222342
 -0.20005 -0.826589 -0.222082
-0.202947 -0.821984 -0.215706
-0.206432 -0.817986 -0.213794
-0.210328 -0.814326  -0.21337
-0.212482  -0.80982 -0.206877
-0.215193 -0.806557  -0.20495
-0.217667 -0.803257 -0.204619
-0.219283  -0.79882 -0.197956
-0.221364 -0.795791 -0.198037
-0.222785 -0.791364  -0.19123
-0.223504 -0.788776 -0.189405
-0.224395 -0.785517 -0.189512
 -0.22572 -0.783007 -0.182407
-0.235589 -0.787602 -0.189998
-0.248274 -0.791769 -0.192192
-0.242455 -0.796019 -0.202733
-0.212611 -0.798253 -0.214562
-0.193513 -0.796263 -0.213678
-0.166828 -0.797611 -0.223506
-0.150868 -0.794578 -0.221488
-0.129801 -0.794325 -0.227476
-0.108739 -0.794263 -0.234449
-0.0958548  -0.790838  -0.232634
-0.0768148  -0.790564  -0.239761
-0.0659767  -0.787079  -0.237846
-0.0505447  -0.786472  -0.242826
-0.0350394   -0.78632  -0.249007
-0.0265174  -0.783217  -0.247199
-0.0139863   -0.78294  -0.251459
-0.00140473   -0.783113   -0.256821
0.00488016  -0.780242  -0.254829
0.0158518 -0.780499 -0.260003
0.0206989 -0.777629  -0.25779
0.0257888 -0.778391 -0.262978
0.0256539 -0.780826 -0.272173
0.0231717 -0.779514 -0.273776
  0.02222 -0.781765 -0.280524
0.0209831   -0.7831 -0.288691
0.0181411 -0.781483 -0.290167
 0.016479 -0.782915 -0.298151
0.0134579 -0.781102 -0.299508
0.0112491 -0.781945 -0.305202
0.00897583  -0.783013  -0.312367
0.00587827  -0.781065  -0.313858
0.00326587  -0.781867  -0.321061
2.96984e-05   -0.779752   -0.322492
-0.00318507   -0.779931   -0.327226
-0.00634633   -0.779857   -0.333742
-0.00959614    -0.77754    -0.33522
-0.0131974  -0.777473  -0.341762
-0.0099304  -0.771822  -0.348367
-0.00354979   -0.764219   -0.360534
0.00392261  -0.759051  -0.376221
0.0104818 -0.755709 -0.384938
0.0120005 -0.758031 -0.394276
0.0122631 -0.759495 -0.399157
0.00934144  -0.761996  -0.404899
0.00398714  -0.763679  -0.407171
0.00156959  -0.762485  -0.407336
-0.00511424   -0.762437   -0.405946
-0.0072566  -0.760393  -0.406779
-0.0144296  -0.759417  -0.406111
-0.0220936  -0.757917  -0.405525
-0.0233819  -0.755665  -0.407101
-0.0306509  -0.754174  -0.405471
-0.0736126  -0.757113  -0.407675
-0.103503 -0.759014 -0.412135
-0.165576 -0.764633  -0.41624
-0.192433 -0.766074 -0.420388
-0.241499 -0.770835 -0.427322
-0.290276 -0.774096 -0.431906
-0.306077 -0.772596  -0.43173
 -0.34912  -0.77313 -0.428779
-0.359533 -0.770156 -0.426141
-0.393501 -0.768791 -0.418273
-0.425174 -0.765772 -0.407987
-0.431281 -0.761684 -0.404261
-0.459273  -0.75751 -0.392287
-0.462186 -0.752743 -0.388259
-0.484637 -0.748021 -0.376743
-0.505561  -0.74241 -0.364242
-0.505785 -0.737148 -0.359914
-0.523653 -0.730766  -0.34673
-0.521717 -0.725269 -0.342252
-0.535965  -0.71911 -0.330137
-0.548287 -0.712136 -0.317034
 -0.54426 -0.706372 -0.311981
 -0.55373 -0.699771  -0.29994
-0.561079 -0.692356 -0.286806
-0.554825 -0.686333  -0.28146
 -0.55933 -0.678305 -0.268057
-0.551542 -0.672094  -0.26279
-0.554905 -0.666789 -0.252528
-0.555539 -0.662548 -0.241193
-0.547051 -0.660241 -0.236944
-0.546863 -0.656803 -0.227621
-0.543058 -0.653225 -0.217549
-0.533064 -0.649434 -0.212812
-0.526914 -0.644688 -0.202331
-0.516082 -0.639914 -0.197357
-0.509946 -0.634677 -0.188408
-0.500388  -0.62843  -0.17851
-0.489064 -0.623106  -0.17352
-0.478025 -0.616708 -0.163802
-0.466623 -0.611787 -0.159169
-0.456374  -0.60651 -0.151793
-0.443944 -0.601275 -0.143657
-0.432764 -0.597063 -0.139435
 -0.41937 -0.592571 -0.131877
-0.408648 -0.589102 -0.128015
-0.396669 -0.585737 -0.122532
-0.382998 -0.582651 -0.116286
-0.372854 -0.579582 -0.112645
 -0.36091 -0.577275 -0.107902
-0.347016 -0.574978 -0.102629
 -0.337753    -0.5723 -0.0993116
 -0.324029   -0.57038 -0.0942659
 -0.315611  -0.568026 -0.0912645
 -0.302275  -0.566549 -0.0868692
 -0.294551  -0.564443 -0.0842237
 -0.283054  -0.563541 -0.0816205
 -0.270945  -0.562985 -0.0783877
 -0.264092  -0.561178 -0.0761291
 -0.252469  -0.561081 -0.0732261
 -0.246543  -0.559642 -0.0712073
-0.236503 -0.559936 -0.069626
 -0.226332  -0.560587 -0.0673585
 -0.221293  -0.559296 -0.0655578
 -0.211833  -0.560212 -0.0633592
 -0.207699   -0.55909 -0.0616936
 -0.199553  -0.560093 -0.0605826
 -0.191689   -0.56133 -0.0587329
 -0.189024  -0.562432 -0.0584769
 -0.182262  -0.567918 -0.0577896
 -0.179976  -0.571076 -0.0576517
  -0.17441  -0.576484 -0.0580285
 -0.168902  -0.582894 -0.0579613
  -0.16708  -0.584234 -0.0572884
 -0.162496   -0.58865 -0.0567622
 -0.157799  -0.592674 -0.0556572
-0.156613 -0.592127 -0.054425
 -0.152743  -0.594817 -0.0523903
  -0.15212  -0.593472 -0.0510161
 -0.149139   -0.59526 -0.0494919
 -0.146717  -0.596743 -0.0469752
-0.146594 -0.595178 -0.045796
 -0.145101   -0.59653 -0.0430699
 -0.145494  -0.595044 -0.0419953
  -0.14459  -0.596426 -0.0399219
  -0.14459  -0.597744 -0.0370795
 -0.145304  -0.596172 -0.0359285
 -0.145958  -0.597238 -0.0325789
 -0.146983  -0.595512 -0.0313116
  -0.14786  -0.596295 -0.0283789
 -0.149573   -0.59671 -0.0245017
 -0.150736  -0.594564 -0.0230287
 -0.152786  -0.594693 -0.0192983
 -0.154091  -0.592298 -0.0177628
 -0.156466  -0.591806 -0.0134466
   -0.15943   -0.590831 -0.00843814
  -0.160664   -0.588135 -0.00673378
   -0.16376   -0.587218 -0.00219706
  -0.16715   -0.58582 0.00282989
 -0.168375  -0.583019 0.00446287
-0.172195 -0.581218 0.0101559
-0.173329 -0.578393 0.0117858
-0.177098 -0.576768 0.0169141
-0.178096 -0.573855 0.0185897
-0.181881 -0.571561 0.0242829
-0.185911 -0.568849 0.0306189
-0.186518 -0.565684 0.0325445
-0.190385 -0.563268 0.0382964
-0.191542 -0.562396 0.0389032
-0.195248 -0.563529 0.0439442
 -0.19918 -0.564762 0.0491849
 -0.19913 -0.565352 0.0500942
-0.202452 -0.566456 0.0548453
-0.202064 -0.565676 0.0561361
-0.204614 -0.565713 0.0615984
-0.206914 -0.564465 0.0680116
-0.206057 -0.561933 0.0700701
-0.207915  -0.55908  0.077146
-0.206776  -0.55572 0.0791882
-0.208476 -0.552548 0.0853161
-0.209811 -0.548491 0.0922542
-0.208401 -0.545035 0.0941872
 -0.20935 -0.540768  0.101224
-0.207737 -0.537608  0.102919
-0.208797 -0.534163  0.108757
-0.209426 -0.530245  0.115295
-0.207621 -0.527284  0.117025
-0.208487 -0.523879  0.122951
-0.208599 -0.520018  0.129114
-0.206537 -0.517101  0.130849
-0.206281 -0.512874  0.137449
-0.204029 -0.509965  0.139075
-0.203846 -0.506232  0.145262
-0.203442 -0.501843  0.150837
-0.201038 -0.498887  0.152383
-0.200091 -0.494301  0.158403
 -0.19755 -0.491512  0.159698
-0.196924 -0.487619  0.164606
-0.195677 -0.483288  0.170066
-0.193034 -0.480677  0.171262
-0.191398 -0.476378  0.176678
-0.188669 -0.474032  0.177659
-0.187453 -0.470478  0.181999
-0.185597 -0.466551  0.186802
-0.182831 -0.464348  0.187711
-0.181458 -0.460942  0.191924
 -0.17859 -0.458922   0.19261
-0.176302 -0.455236  0.196732
-0.17442 -0.45377 0.199764
-0.171354 -0.456189   0.19905
-0.169259 -0.457559  0.201303
-0.166193 -0.459383  0.202728
-0.163069 -0.461089  0.202177
-0.159281 -0.462431  0.204141
 -0.15613 -0.462797   0.20404
 -0.15282 -0.462716  0.206888
-0.149049   -0.4618   0.20901
-0.145995 -0.460812   0.20928
-0.141795 -0.458927  0.212032
-0.138855 -0.457537  0.212136
-0.135482   -0.4556  0.214282
 -0.13147 -0.453423  0.216624
-0.128761 -0.452284  0.216393
-0.124602 -0.450355  0.218442
-0.122067 -0.449591  0.217945
-0.118818 -0.448263  0.219309
-0.115079 -0.446972  0.220808
 -0.11278 -0.446397   0.22025
-0.109858 -0.445285   0.22167
-0.107727 -0.444757  0.221073
 -0.10432 -0.443644  0.222128
-0.100794  -0.44239  0.223419
-0.0988571  -0.441714   0.222848
-0.0961842  -0.440452   0.224057
-0.0944557  -0.439749   0.223337
-0.0914216  -0.438432    0.22414
-0.0883403  -0.436988   0.225082
-0.0867918  -0.436291   0.224262
-0.0844988  -0.435014   0.225124
-0.0818956  -0.433786    0.22553
-0.0805978  -0.433222   0.224533
-0.0780216  -0.431947   0.225072
-0.0768545  -0.431491   0.223992
-0.074986 -0.430464  0.224284
-0.0729097  -0.429323   0.224677
-0.0719463  -0.428875   0.223569
-0.0699056  -0.427687   0.223953
-0.0690535  -0.427249     0.2228
-0.0683654  -0.428539   0.221738
-0.0667568  -0.431819   0.220635
-0.0660359  -0.436135   0.218089
-0.064992 -0.439584  0.216942
-0.0633522  -0.443917   0.215134
-0.0625662  -0.446271   0.213325
-0.060646 -0.449051  0.212474
-0.0598229  -0.449752   0.211267
-0.0583705  -0.450505   0.211181
-0.0565979  -0.450476   0.211447
-0.0558709  -0.449993   0.210499
-0.0540269  -0.449181   0.210945
-0.0533412   -0.44845   0.209895
-0.052049 -0.447609  0.210095
-0.0505325    -0.4466    0.21032
-0.0500098   -0.44615   0.209064
-0.0489853  -0.445403   0.209334
-0.0477745  -0.444794   0.209104
-0.0474123  -0.444568   0.207803
-0.046194 -0.443904  0.207837
-0.0458877  -0.443656   0.206629
-0.0449042  -0.443856   0.206835
-0.0441095  -0.443879    0.20621
-0.0438427  -0.444447   0.204649
-0.0428871   -0.44418    0.20409
-0.0424826  -0.444618   0.201754
-0.0417596  -0.444387   0.200309
-0.0407783   -0.44384   0.198442
-0.0402141  -0.444204    0.19499
-0.0389687  -0.443472   0.192314
-0.0382704  -0.443734   0.188589
-0.0372193  -0.443073   0.185731
-0.0358596  -0.442058    0.18269
-0.0350739  -0.442138   0.178974
-0.033888 -0.441077  0.176529
-0.0324715  -0.439742   0.173637
-0.031621 -0.439565  0.170365
-0.0299429  -0.437835   0.168053
-0.0291024  -0.437471   0.165207
-0.0277985   -0.43572   0.163739
-0.0277743  -0.437366   0.160002
-0.0267992  -0.439579   0.157154
-0.0258512  -0.442173    0.15447
-0.0255155  -0.445736   0.151236
-0.0248624  -0.447956   0.149508
-0.0240838  -0.450051   0.148338
-0.0237149  -0.451337   0.146767
-0.0228721  -0.451728   0.146975
-0.0224305  -0.451557   0.146318
-0.0219348  -0.450523   0.147235
-0.0212411  -0.448723   0.148802
-0.0208468  -0.447945   0.148233
-0.0203966  -0.446047   0.149624
-0.0199475  -0.445341   0.148837
-0.0194671  -0.443444    0.14988
-0.0187747  -0.441631   0.150974
-0.0184687   -0.44133   0.149842
-0.0180869  -0.440009   0.150682
-0.0176936   -0.43879   0.151297
-0.0174344  -0.438793   0.150203
-0.0169666  -0.437636   0.151095
-0.0167142  -0.437616    0.15016
-0.0165752  -0.436467   0.151151
-0.0164084  -0.435264   0.152063
-0.0163331   -0.43511   0.151184
-0.0161413  -0.433705   0.152343
-0.0160317  -0.433447   0.151505
-0.0161844  -0.432124   0.152306
-0.0161209  -0.430583   0.153364
-0.0161406  -0.430399   0.152415
-0.0161514  -0.428993   0.153477
-0.0161241  -0.428904   0.152569
-0.0163581  -0.427742   0.153512
-0.0165959  -0.426683   0.154306
-0.0167073  -0.426782    0.15337
 -0.01688 -0.425825   0.15437
-0.0168836  -0.425979   0.153587
-0.0170583  -0.425445   0.154801
-0.0174156  -0.424458   0.155711
-0.0175018  -0.424732   0.155109
-0.0183468  -0.426237   0.155287
-0.0190278  -0.431042   0.153693
-0.0199859   -0.43547   0.153781
-0.0208848  -0.440419   0.153949
-0.0212508  -0.444073   0.153077
-0.0217766   -0.44757   0.154038
-0.0220791  -0.449607   0.155512
-0.0219174  -0.451451   0.155924
-0.0216534  -0.452798   0.158633
-0.0210308  -0.453991    0.15956
-0.0205372  -0.454701   0.162324
-0.019615 -0.455562  0.165331
-0.018797 -0.456953  0.165981
-0.0173665  -0.458168   0.169022
-0.0163448   -0.46007   0.169434
-0.0149706  -0.461803   0.171981
-0.0133871  -0.464074   0.174263
-0.0123397  -0.466395   0.174499
-0.0104075  -0.469036   0.177013
-0.00933027   -0.471497    0.177318
-0.00784713   -0.474001     0.17939
-0.00591971    -0.47673    0.181998
-0.00489769   -0.478941    0.182367
-0.0028327  -0.481497   0.185102
-0.00182805   -0.483511    0.185498
-0.000292931    -0.485635     0.187642
0.00164274  -0.487784   0.190226
0.00259891  -0.489568   0.190483
0.00417618  -0.491384   0.192708
0.00593365  -0.493395   0.194853
0.00686559  -0.495089   0.194973
0.00887684  -0.496992   0.197249
0.00976027  -0.498694   0.197292
0.0113482 -0.500384  0.199265
0.0130768 -0.502271  0.201156
0.0139273 -0.503877  0.201152
0.0158589 -0.505731  0.203249
0.0166472 -0.507611  0.203209
0.0180504 -0.509418  0.205212
0.0194774 -0.511257  0.206911
  0.01941 -0.514642  0.205412
0.0194291 -0.520085  0.205655
0.0189412 -0.526068  0.204008
0.0191017 -0.531904  0.203992
0.0190915 -0.538493  0.204157
0.0190676  -0.54277  0.203419
0.0192177 -0.547181  0.204496
0.0195252 -0.550451  0.205773
0.0199928 -0.552466  0.205924
0.0209716 -0.555263  0.208289
0.0217422 -0.557094  0.208748
0.0181613 -0.559408  0.210632
0.00163708  -0.561635   0.212085
-0.0134728  -0.563037   0.211122
-0.0283278  -0.565138   0.212865
-0.042206 -0.566393  0.212691
-0.0564472   -0.56794   0.215225
-0.0704874  -0.569374   0.219105
-0.0832706  -0.570317   0.220953
-0.0968268  -0.571213   0.225966
-0.110673 -0.571976  0.232111
-0.121408  -0.57263  0.234331
-0.133869  -0.57256  0.240898
-0.143176 -0.570161  0.243229
-0.153967 -0.561705  0.248936
-0.164693 -0.553491  0.256345
-0.172269 -0.545491  0.259703
-0.182204 -0.538043  0.268498
 -0.18874 -0.530823  0.272555
-0.198222 -0.524255   0.28282
-0.207734 -0.517918  0.295318
-0.214082 -0.511758  0.302431
-0.221828 -0.506147  0.313805
-0.227196  -0.50059  0.321423
-0.234775 -0.495424  0.335151
-0.241756 -0.490532  0.349625
-0.245925 -0.485739  0.358002
-0.248792 -0.481767  0.368748
-0.233479 -0.480257  0.362313
-0.217986 -0.479378  0.360759
-0.202854 -0.478869  0.359628
 -0.18867 -0.477958  0.354503
-0.173795 -0.477605  0.351721
-0.158216 -0.478153  0.349636
-0.143676 -0.477522     0.344
-0.127675 -0.477794   0.34163
-0.113462 -0.477376  0.336062
-0.0990287  -0.478368   0.332579
-0.0839063  -0.478899    0.32914
-0.0708104  -0.478654   0.323985
-0.0569837  -0.480007   0.320579
-0.0448816  -0.479829   0.315647
-0.0331416  -0.480419   0.311667
-0.0115718  -0.481548   0.305475
0.0216545 -0.482287  0.296039
  0.08991 -0.484358  0.279263
 0.123313 -0.484491   0.26953
 0.181319 -0.486692   0.25568
 0.209537 -0.484997  0.243255
  0.27042 -0.484505  0.221162
 0.327549 -0.484364  0.198402
 0.348299 -0.483454  0.184963
 0.389793 -0.483907  0.163486
 0.401078 -0.482739  0.146948
 0.459087 -0.470677  0.176179
 0.480501 -0.462879  0.194543
 0.544185 -0.453734  0.205867
 0.538887 -0.446845  0.206267
 0.527545 -0.444607  0.198353
 0.524445 -0.441359  0.190355
0.512224 -0.44076  0.17978
 0.510517 -0.438062  0.169926
 0.498142 -0.438066  0.159489
 0.494961 -0.436945   0.14791
 0.489488 -0.437213  0.135424
 0.477335 -0.437795  0.125762
 0.470324 -0.439406  0.113124
  0.45811 -0.440457  0.104028
 0.449476 -0.442406 0.0935133
 0.440805 -0.444913 0.0821585
 0.429862 -0.446179 0.0741888
 0.420839 -0.448831 0.0647828
 0.408946 -0.451427 0.0529163
 0.396962 -0.452406 0.0454842
 0.384876 -0.455274 0.0351941
 0.374019 -0.458749 0.0292285
 0.358289 -0.462431 0.0206412
 0.329288 -0.465341 0.0115367
  0.312836  -0.465582 0.00542574
    0.28456   -0.468299 -0.00151557
   0.271388   -0.468155 -0.00552062
   0.249637   -0.469825 -0.00872253
  0.227506  -0.471429 -0.0102599
  0.218174  -0.470912 -0.0117834
 0.198636 -0.472196 -0.010283
   0.19221  -0.471417 -0.0101356
   0.176761   -0.472119 -0.00679354
    0.16173   -0.472753 -0.00138098
    0.156923    -0.471932 -0.000197964
  0.142988  -0.472572 0.00679274
  0.139662  -0.471702 0.00869326
 0.127663 -0.472017 0.0152078
 0.125193 -0.470993 0.0170048
 0.113718 -0.470892 0.0238541
 0.102812 -0.470964   0.03151
 0.100878 -0.470075 0.0335566
 0.090306 -0.470351  0.041388
 0.089163 -0.469541 0.0435152
0.0794983 -0.469704 0.0498992
0.0789071 -0.468958 0.0521208
0.0698957 -0.469265 0.0598052
0.0615564 -0.469752 0.0675208
0.0616658 -0.469096 0.0698335
0.0486963 -0.468266  0.081971
0.0359648 -0.464786  0.098613
0.00925272  -0.460886   0.125635
-0.0137943  -0.463949   0.147038
-0.0206506  -0.464983   0.153154
-0.0375772  -0.471896   0.164335
-0.0384072  -0.475127   0.161565
-0.0486541  -0.484238   0.160764
-0.0556515  -0.513969   0.158542
-0.0540878  -0.539973   0.152664
-0.0562849  -0.592009   0.151087
-0.0529758  -0.616318   0.152814
-0.0542621  -0.662137   0.162241
-0.0509878  -0.710969   0.172854
-0.0441676  -0.731466   0.180285
-0.038581  -0.77305  0.196294
-0.0299904  -0.789958   0.207596
-0.0212694  -0.831826    0.22833
-0.0103646  -0.871098   0.251695
-0.00112598   -0.884669     0.26183
0.0113212 -0.920515  0.282627
0.0203344    -0.931    0.2903
 0.030386 -0.961312  0.306064
0.0419432 -0.990814  0.322041
0.0497894 -0.998296  0.327503
0.0611905  -1.02424  0.341475
0.0680664  -1.02909  0.345786
0.0766108  -1.05083   0.35651
0.0862972  -1.07111  0.367663
0.0922706  -1.08681  0.374019
 0.10012 -1.12108 0.386316
0.105484 -1.13424 0.392319
0.113942 -1.16495 0.404908
0.122384 -1.18697 0.416795
0.127606  -1.1844 0.420474
0.135148 -1.19003 0.427326
0.143281 -1.18789 0.432949
  0.1438 -1.17423 0.428932
0.146416 -1.16505 0.426715
0.146343 -1.14893 0.421544
  0.1485 -1.13939 0.418662
0.151202 -1.12674  0.41522
0.152286 -1.11386 0.411427
0.155824 -1.10302 0.408891
 0.15743 -1.09341 0.406325
0.160614 -1.08721 0.404168
0.162167 -1.07925 0.401477
0.162167 -1.07925 0.401477
