0 0 1
-0 -0 -0
 1.27133e-18  2.63792e-19 -2.21027e-18
 -0.00403527 -1.56501e-07   0.00437144
 -0.00807062 -3.11976e-07   0.00874213
  -0.0121061 -4.66474e-07    0.0131118
  -0.0161418 -6.20044e-07    0.0174799
  -0.0201779 -7.72709e-07    0.0218458
  -0.0242142 -9.24526e-07    0.0262091
   -0.028251 -1.07552e-06    0.0305691
  -0.0322884 -1.22572e-06    0.0349252
  -0.0363263 -1.37514e-06     0.039277
  -0.0403648 -1.52377e-06    0.0436238
  -0.0444041 -1.67167e-06    0.0479651
  -0.0484442 -1.81883e-06    0.0523004
  -0.0524851 -1.96538e-06     0.056629
  -0.0565269 -2.11127e-06    0.0609505
  -0.0605698 -2.25649e-06    0.0652642
  -0.0646137 -2.40108e-06    0.0695696
  -0.0686587 -2.54511e-06    0.0738661
  -0.0727049 -2.68857e-06    0.0781532
  -0.0767524 -2.83146e-06    0.0824304
  -0.0808013 -2.97375e-06     0.086697
  -0.0848514 -3.11556e-06    0.0909525
  -0.0889031 -3.25682e-06    0.0951964
  -0.0929563 -3.39753e-06    0.0994281
  -0.0970111 -3.53773e-06     0.103647
  -0.0921458 -8.83602e-06     0.104124
  -0.087452 -9.1624e-06    0.098672
  -0.0829577 -9.60567e-06    0.0934914
  -0.0786508 -1.02235e-05    0.0885658
  -0.0745199 -1.09754e-05    0.0838809
  -0.0705662 -1.21213e-05     0.079422
   -0.066787 -1.33274e-05    0.0751484
  -0.0631891 -1.44373e-05    0.0710702
  -0.0597673 -1.54439e-05    0.0671839
   -0.056516 -1.63426e-05    0.0634849
  -0.0534294 -1.71313e-05    0.0599684
 -0.0505014 -1.7809e-05   0.0566289
  -0.0477259 -1.83774e-05    0.0534608
  -0.0450968 -1.88378e-05    0.0504582
   -0.042608 -1.91974e-05    0.0476148
  -0.0402532 -1.96263e-05    0.0449227
  -0.0380256 -1.99513e-05    0.0423755
   -0.035919 -2.01794e-05    0.0399663
  -0.0339274 -2.03171e-05    0.0376885
  -0.0320468 -2.03693e-05    0.0355378
  -0.0302758 -2.03984e-05     0.033512
  -0.0286088 -2.02608e-05     0.031606
  -0.0270409 -1.99635e-05    0.0298144
  -0.0255679 -1.96254e-05    0.0281316
  -0.0241847 -1.91272e-05    0.0265532
  -0.0228871 -1.84537e-05    0.0250746
  -0.0216706 -1.75219e-05    0.0236915
  -0.0205315 -1.63452e-05     0.022399
  -0.0194663 -1.50512e-05    0.0211926
  -0.0184661 -1.42946e-05    0.0200634
  -0.0175221 -1.37927e-05    0.0189987
  -0.0166289 -1.33336e-05    0.0179896
  -0.0157846 -1.28986e-05    0.0170337
  -0.0149867 -1.24867e-05    0.0161284
  -0.0142327 -1.20971e-05    0.0152708
  -0.0135193 -1.17458e-05    0.0144579
  -0.0128454 -1.14129e-05    0.0136879
  -0.0122089 -1.10979e-05    0.0129586
  -0.0116068 -1.08188e-05    0.0122673
  -0.0110383 -1.05539e-05    0.0116125
  -0.0105015 -1.03028e-05    0.0109922
 -0.00999399 -1.00854e-05    0.0104042
 -0.00951505 -9.87809e-06   0.00984732
 -0.00906227 -9.70478e-06   0.00931932
 -0.00863521 -9.53752e-06   0.00881928
  -0.0082316 -9.40468e-06   0.00834518
 -0.00785115 -9.27368e-06   0.00789623
 -0.00749176 -9.17766e-06   0.00747059
 -0.00715232 -9.12092e-06   0.00706702
 -0.00683278 -9.05542e-06     0.006685
 -0.00653124 -9.03038e-06   0.00632285
 -0.00624683 -9.05023e-06   0.00597957
 -0.00597877 -9.11176e-06   0.00565423
 -0.00572639 -9.18068e-06   0.00534599
 -0.00548898 -9.14649e-06   0.00505416
-0.00526682 -9.0673e-06  0.00477854
 -0.00505905 -8.94658e-06   0.00451826
 -0.00486488 -8.78762e-06    0.0042725
 -0.00468355 -8.59357e-06   0.00404047
 -0.00451433 -8.36739e-06   0.00382144
 -0.00435655 -8.11197e-06   0.00361471
 -0.00420956 -7.82997e-06   0.00341962
 -0.00407165 -7.65064e-06   0.00323462
 -0.00394204 -7.49312e-06   0.00305916
 -0.00382016 -7.34437e-06   0.00289265
 -0.00370549 -7.21041e-06    0.0027346
 -0.00359849 -7.07551e-06   0.00258509
 -0.00349775 -6.96553e-06   0.00244306
  -0.0034038 -6.85783e-06   0.00230866
  -0.0033153 -6.77922e-06   0.00218089
 -0.00323283 -6.70431e-06   0.00205995
-0.00315514 -6.6585e-06  0.00194491
-0.00308282 -6.6168e-06  0.00183598
 -0.00301556 -6.57924e-06   0.00173284
  -0.0029531 -6.54567e-06   0.00163516
  -0.0028942 -6.54076e-06   0.00154211
 -0.00283958 -6.53939e-06   0.00145397
-0.00278898 -6.5415e-06  0.00137048
 -0.00274218 -6.54702e-06   0.00129138
 -0.00269897 -6.55584e-06   0.00121645
  -0.0026582 -6.59046e-06   0.00114491
 -0.00262065 -6.62752e-06   0.00107711
 -0.00258613 -6.66694e-06   0.00101285
 -0.00255446 -6.70862e-06  0.000951947
 -0.00252549 -6.75249e-06  0.000894219
 -0.00249906 -6.79843e-06  0.000839496
 -0.00247502 -6.84642e-06  0.000787619
 -0.00245233 -6.91614e-06  0.000737896
 -0.00243179 -6.98688e-06  0.000690739
 -0.00241329 -7.05857e-06  0.000646012
  -0.0023967 -7.13118e-06  0.000603584
 -0.00238193 -7.20466e-06  0.000563334
 -0.00236886 -7.27894e-06  0.000525145
-0.00235739  -7.354e-06 0.000488907
 -0.00234743 -7.42979e-06  0.000454516
 -0.00233889 -7.50629e-06  0.000421872
 -0.00233169 -7.58342e-06  0.000390882
 -0.00232574 -7.66116e-06  0.000361459
 -0.00232098 -7.73949e-06  0.000333517
 -0.00231733 -7.81836e-06  0.000306978
-0.00231473 -7.8979e-06 0.000281767
 -0.00231313 -7.97862e-06  0.000257813
 -0.00231251 -8.06048e-06  0.000235048
 -0.00231285 -8.14342e-06  0.000213409
 -0.00231321 -8.24405e-06  0.000192303
 -0.00231452 -8.34472e-06  0.000172228
 -0.00231677 -8.44547e-06  0.000153128
 -0.00231993 -8.54627e-06   0.00013495
 -0.00232397 -8.64752e-06  0.000117643
 -0.00232886 -8.74934e-06  0.000101161
 -0.00233453 -8.85171e-06  8.54604e-05
 -0.00234097 -8.95467e-06  7.04983e-05
 -0.00234812 -9.05821e-06  5.62349e-05
 -0.00235594 -9.16233e-06  4.26326e-05
 -0.00236441 -9.26701e-06  2.96556e-05
 -0.00237349 -9.37227e-06  1.72701e-05
 -0.00238315 -9.47809e-06   5.4438e-06
 -0.00239336 -9.58446e-06 -5.85357e-06
 -0.00240409 -9.69139e-06  -1.6651e-05
 -0.00241531 -9.79889e-06 -2.69758e-05
   -0.002427 -9.90693e-06 -3.68539e-05
 -0.00243913 -1.00155e-05 -4.63097e-05
 -0.00245168 -1.01246e-05 -5.53667e-05
 -0.00246463 -1.02342e-05 -6.40467e-05
 -0.00247795 -1.03443e-05 -7.23708e-05
 -0.00249162 -1.04548e-05 -8.03586e-05
 -0.00250563 -1.05659e-05 -8.80288e-05
 -0.00251996 -1.06774e-05 -9.53992e-05
 -0.00253459 -1.07894e-05 -0.000102487
  -0.0025495 -1.09018e-05 -0.000109307
 -0.00256468 -1.10146e-05 -0.000115875
 -0.00258011 -1.11279e-05 -0.000122206
 -0.00259578 -1.12415e-05 -0.000128312
 -0.00261168 -1.13556e-05 -0.000134206
 -0.00262778   -1.147e-05 -0.000139901
 -0.00264408 -1.15848e-05 -0.000145408
 -0.00266057 -1.16999e-05 -0.000150737
 -0.00267723 -1.18153e-05   -0.0001559
 -0.00269406 -1.19311e-05 -0.000160905
 -0.00271104 -1.20471e-05 -0.000165761
 -0.00272816 -1.21635e-05 -0.000170478
 -0.00274541 -1.22801e-05 -0.000175064
 -0.00276279  -1.2397e-05 -0.000179525
 -0.00278029 -1.25142e-05  -0.00018387
 -0.00279788 -1.26316e-05 -0.000188105
 -0.00281558 -1.27492e-05 -0.000192237
 -0.00283337  -1.2867e-05 -0.000196272
 -0.00285124  -1.2985e-05 -0.000200215
 -0.00286918 -1.31032e-05 -0.000204072
 -0.00288719 -1.32215e-05 -0.000207849
 -0.00290527   -1.334e-05 -0.000211549
 -0.00292339 -1.34587e-05 -0.000215178
 -0.00294157 -1.35775e-05  -0.00021874
 -0.00295979 -1.36964e-05 -0.000222238
 -0.00297804 -1.38154e-05 -0.000225677
 -0.00299632 -1.39345e-05  -0.00022906
 -0.00301463 -1.40537e-05  -0.00023239
 -0.00303296 -1.41729e-05 -0.000235671
  -0.0030513 -1.42922e-05 -0.000238905
 -0.00306965 -1.44116e-05 -0.000242096
   -0.003088 -1.45309e-05 -0.000245245
 -0.00310635 -1.46498e-05 -0.000248356
 -0.00312469 -1.47677e-05 -0.000251429
   -0.003143 -1.48848e-05 -0.000254469
 -0.00316127 -1.50011e-05 -0.000257475
 -0.00317949 -1.51166e-05 -0.000260451
 -0.00319765 -1.52312e-05 -0.000263397
 -0.00321575  -1.5345e-05 -0.000266314
 -0.00323377  -1.5458e-05 -0.000269205
  -0.0032517 -1.55702e-05 -0.000272071
 -0.00326954 -1.56815e-05 -0.000274911
 -0.00328729 -1.57921e-05 -0.000277728
 -0.00330583 -1.58855e-05 -0.000279996
  -0.0033242 -1.59792e-05 -0.000282272
 -0.00334241 -1.60732e-05 -0.000284558
 -0.00336044 -1.61675e-05 -0.000286851
  -0.0033783 -1.62619e-05  -0.00028915
 -0.00339599 -1.63564e-05 -0.000291456
 -0.00341352 -1.64509e-05 -0.000293767
 -0.00343088 -1.65455e-05 -0.000296084
 -0.00344808 -1.66401e-05 -0.000298404
 -0.00346512 -1.67346e-05 -0.000300727
 -0.00348201 -1.68291e-05 -0.000303053
 -0.00349874 -1.69235e-05 -0.000305381
 -0.00351531 -1.70178e-05  -0.00030771
 -0.00353174  -1.7112e-05 -0.000310039
 -0.00354892 -1.71871e-05 -0.000311837
 -0.00356589 -1.72634e-05 -0.000313666
 -0.00358266 -1.73406e-05 -0.000315526
 -0.00359923 -1.74188e-05 -0.000317413
 -0.00361561 -1.74979e-05 -0.000319325
 -0.00363179 -1.75778e-05 -0.000321261
 -0.00364778 -1.76584e-05 -0.000323219
 -0.00366359 -1.77397e-05 -0.000325196
 -0.00367922 -1.78217e-05 -0.000327191
 -0.00369466 -1.79042e-05 -0.000329203
 -0.00370993 -1.79872e-05 -0.000331228
 -0.00372503 -1.80707e-05 -0.000333267
 -0.00373995 -1.81545e-05 -0.000335317
  -0.0037556 -1.82175e-05 -0.000336846
 -0.00377103 -1.82822e-05 -0.000338417
 -0.00378623 -1.83485e-05 -0.000340027
 -0.00380121 -1.84164e-05 -0.000341673
 -0.00381598 -1.84857e-05 -0.000343352
 -0.00383053 -1.85563e-05 -0.000345062
 -0.00384489 -1.86283e-05   -0.0003468
 -0.00385903 -1.87014e-05 -0.000348564
 -0.00387298 -1.87756e-05 -0.000350351
 -0.00388674 -1.88508e-05  -0.00035216
  -0.0039003  -1.8927e-05 -0.000353987
 -0.00391457 -1.89799e-05 -0.000355296
 -0.00392859 -1.90351e-05 -0.000356655
 -0.00394237 -1.90927e-05 -0.000358059
 -0.00395591 -1.91524e-05 -0.000359507
 -0.00396922  -1.9214e-05 -0.000360993
  -0.0039823 -1.92776e-05 -0.000362517
 -0.00399515  -1.9343e-05 -0.000364073
-0.00400779  -1.941e-05 -0.00036566
  -0.0040202 -1.94785e-05 -0.000367276
 -0.00403241 -1.95485e-05 -0.000368917
 -0.00404531 -1.95927e-05 -0.000370038
 -0.00405794 -1.96398e-05 -0.000371215
 -0.00407031 -1.96903e-05 -0.000372445
 -0.00408242 -1.97433e-05 -0.000373723
 -0.00409429 -1.97989e-05 -0.000375046
  -0.0041059 -1.98568e-05 -0.000376411
 -0.00411727  -1.9917e-05 -0.000377814
 -0.00412841 -1.99792e-05 -0.000379253
 -0.00413932 -2.00434e-05 -0.000380723
  -0.0041509 -2.00787e-05  -0.00038167
  -0.0041622 -2.01178e-05  -0.00038268
 -0.00417322 -2.01604e-05  -0.00038375
 -0.00418397 -2.02062e-05 -0.000384875
 -0.00419444 -2.02556e-05 -0.000386052
 -0.00420465  -2.0308e-05 -0.000387276
  -0.0042146 -2.03633e-05 -0.000388544
  -0.0042243 -2.04212e-05 -0.000389853
 -0.00423468 -2.04472e-05 -0.000390629
 -0.00424474 -2.04778e-05 -0.000391478
 -0.00425451 -2.05128e-05 -0.000392396
 -0.00426398 -2.05519e-05 -0.000393377
 -0.00427316 -2.05949e-05 -0.000394419
 -0.00428206 -2.06416e-05 -0.000395516
 -0.00429068 -2.06918e-05 -0.000396664
 -0.00429904 -2.07452e-05  -0.00039786
 -0.00430805 -2.07633e-05 -0.000398519
 -0.00431674 -2.07869e-05 -0.000399261
  -0.0043251 -2.08155e-05 -0.000400079
 -0.00433316  -2.0849e-05 -0.000400969
 -0.00434091 -2.08871e-05 -0.000401926
 -0.00434837 -2.09295e-05 -0.000402945
 -0.00435554  -2.0976e-05 -0.000404024
 -0.00436334 -2.09817e-05 -0.000404557
  -0.0043708  -2.0994e-05 -0.000405185
 -0.00437792 -2.10125e-05 -0.000405902
 -0.00438471 -2.10367e-05 -0.000406703
 -0.00439118 -2.10666e-05 -0.000407582
 -0.00439829 -2.10432e-05 -0.000407882
 -0.00440502 -2.10286e-05 -0.000408302
 -0.00441138 -2.10221e-05 -0.000408834
 -0.00441738 -2.10239e-05 -0.000409472
-0.00442302 -2.1033e-05 -0.00041021
 -0.00442832 -2.10489e-05 -0.000411042
 -0.00443423 -2.09858e-05 -0.000411271
 -0.00443972 -2.09342e-05 -0.000411642
 -0.00444483 -2.08938e-05 -0.000412145
 -0.00444955 -2.08638e-05 -0.000412774
  -0.0044548 -2.07091e-05 -0.000412705
 -0.0044596 -2.0573e-05 -0.00041282
 -0.00446396 -2.04552e-05  -0.00041311
 -0.00446791 -2.03543e-05 -0.000413566
 -0.00447144 -2.02693e-05  -0.00041418
 -0.00447457 -2.01996e-05 -0.000414942
 -0.00447781 -2.00816e-05 -0.000414931
 -0.00448061 -1.99843e-05 -0.000415148
 -0.00448298 -1.99069e-05 -0.000415581
 -0.00448493 -1.98482e-05 -0.000416219
 -0.00448647 -1.98074e-05 -0.000417052
 -0.00448762 -1.97836e-05 -0.000418069
 -0.00448838 -1.97759e-05 -0.000419261
 -0.00448877 -1.97835e-05 -0.000420618
  -0.0044888 -1.98056e-05 -0.000422132
 -0.00448847 -1.98415e-05 -0.000423794
  -0.0044878 -1.98905e-05 -0.000425596
  -0.0044868 -1.99518e-05  -0.00042753
 -0.00448547 -2.00249e-05 -0.000429588
 -0.00448382  -2.0109e-05 -0.000431765
 -0.00448187 -2.02036e-05 -0.000434052
 -0.00447962 -2.03081e-05 -0.000436442
 -0.00447708 -2.04219e-05 -0.000438931
 -0.00447426 -2.05445e-05 -0.000441511
 -0.00447116 -2.06754e-05 -0.000444177
 -0.00446779 -2.08142e-05 -0.000446923
 -0.00446416 -2.09603e-05 -0.000449744
 -0.00446028 -2.11132e-05 -0.000452636
 -0.00445615 -2.12727e-05 -0.000455592
 -0.00445178 -2.14382e-05 -0.000458608
 -0.00444718 -2.16094e-05 -0.000461681
 -0.00444234 -2.17858e-05 -0.000464805
 -0.00443729 -2.19672e-05 -0.000467976
 -0.00443201 -2.21532e-05 -0.000471191
 -0.00442653 -2.23434e-05 -0.000474446
 -0.00442084 -2.25376e-05 -0.000477737
 -0.00441494 -2.27354e-05 -0.000481061
 -0.00440886 -2.29366e-05 -0.000484415
 -0.00440258 -2.31408e-05 -0.000487794
 -0.00439611 -2.33478e-05 -0.000491198
 -0.00438946 -2.35574e-05 -0.000494621
 -0.00438263 -2.37693e-05 -0.000498063
 -0.00437564 -2.39833e-05 -0.000501519
 -0.00436967 -2.40806e-05 -0.000504005
 -0.00436456 -2.41879e-05 -0.000505756
 -0.00435927 -2.42944e-05 -0.000507512
  -0.0043538 -2.44001e-05 -0.000509271
 -0.00434816 -2.45048e-05 -0.000511032
 -0.00434235 -2.46084e-05 -0.000512793
 -0.00433735 -2.47125e-05 -0.000513874
 -0.00433218 -2.48136e-05  -0.00051496
 -0.00432683 -2.49116e-05 -0.000516051
  -0.0043213 -2.50071e-05 -0.000517145
 -0.00431561 -2.50994e-05 -0.000518241
 -0.00430974 -2.51887e-05 -0.000519338
 -0.00430371 -2.52749e-05 -0.000520434
 -0.00429849 -2.53509e-05 -0.000520882
 -0.00429309 -2.54232e-05 -0.000521341
 -0.00428751 -2.54919e-05 -0.000521808
 -0.00428175 -2.55569e-05 -0.000522283
 -0.00427581 -2.56185e-05 -0.000522764
-0.00426971 -2.5677e-05 -0.00052325
 -0.00426343 -2.57321e-05 -0.000523739
 -0.00425699 -2.57838e-05 -0.000524231
 -0.00425134 -2.58191e-05 -0.000524113
 -0.00424549  -2.5851e-05 -0.000524012
 -0.00423946 -2.58797e-05 -0.000523925
 -0.00423324 -2.59052e-05 -0.000523852
 -0.00422685 -2.59274e-05  -0.00052379
 -0.00422027 -2.59465e-05 -0.000523738
 -0.00421353 -2.59625e-05 -0.000523695
 -0.00420661 -2.59754e-05  -0.00052366
 -0.00419952 -2.59853e-05 -0.000523631
 -0.00419226  -2.5992e-05 -0.000523607
 -0.00418578  -2.5979e-05 -0.000523003
  -0.0041791 -2.59634e-05 -0.000522421
 -0.00417222 -2.59451e-05 -0.000521859
 -0.00416517 -2.59242e-05 -0.000521314
 -0.00415792 -2.59008e-05 -0.000520785
  -0.0041505 -2.58748e-05  -0.00052027
  -0.0041429 -2.58463e-05 -0.000519768
 -0.00413513 -2.58152e-05 -0.000519277
 -0.00412719 -2.57816e-05 -0.000518797
 -0.00411907 -2.57454e-05 -0.000518325
  -0.0041108 -2.57067e-05 -0.000517861
 -0.00410236 -2.56655e-05 -0.000517404
 -0.00409376 -2.56219e-05 -0.000516951
   -0.004085 -2.55757e-05 -0.000516503
 -0.00407702 -2.55079e-05  -0.00051549
 -0.00406884 -2.54383e-05 -0.000514499
 -0.00406049 -2.53668e-05 -0.000513529
 -0.00405194 -2.52935e-05 -0.000512578
 -0.00404322 -2.52182e-05 -0.000511644
 -0.00403433 -2.51411e-05 -0.000510726
 -0.00402526  -2.5062e-05 -0.000509822
 -0.00401603  -2.4981e-05 -0.000508932
 -0.00400663 -2.48981e-05 -0.000508052
 -0.00399707 -2.48132e-05 -0.000507183
 -0.00398735 -2.47263e-05 -0.000506323
 -0.00397747 -2.46375e-05 -0.000505471
 -0.00396744 -2.45467e-05 -0.000504626
 -0.00395725 -2.44539e-05 -0.000503786
 -0.00394692 -2.43591e-05 -0.000502951
 -0.00393644 -2.42623e-05  -0.00050212
 -0.00392582 -2.41635e-05 -0.000501292
 -0.00391506 -2.40627e-05 -0.000500466
 -0.00390507 -2.39398e-05 -0.000499085
 -0.00389491 -2.38157e-05 -0.000497727
 -0.00388458 -2.36903e-05 -0.000496389
 -0.00387407 -2.35637e-05 -0.000495069
  -0.0038634 -2.34357e-05 -0.000493767
 -0.00385257 -2.33063e-05 -0.000492481
 -0.00384157 -2.31756e-05 -0.000491209
 -0.00383042 -2.30435e-05 -0.000489951
 -0.00381912 -2.29099e-05 -0.000488704
 -0.00380767 -2.27749e-05 -0.000487467
 -0.00379607 -2.26384e-05  -0.00048624
 -0.00378432 -2.25004e-05 -0.000485021
 -0.00377244  -2.2361e-05 -0.000483809
 -0.00376041   -2.222e-05 -0.000482604
 -0.00374824 -2.20774e-05 -0.000481404
 -0.00373595 -2.19333e-05 -0.000480208
 -0.00372352 -2.17876e-05 -0.000479016
 -0.00371096 -2.16403e-05 -0.000477827
 -0.00369827 -2.14915e-05  -0.00047664
 -0.00368546  -2.1341e-05 -0.000475454
 -0.00367252 -2.11889e-05 -0.000474269
 -0.00365946 -2.10352e-05 -0.000473084
 -0.00364628 -2.08798e-05 -0.000471898
 -0.00363299 -2.07228e-05 -0.000470711
 -0.00361958 -2.05642e-05 -0.000469522
 -0.00360697 -2.03835e-05 -0.000467783
 -0.00359421 -2.02021e-05 -0.000466064
 -0.00358129   -2.002e-05 -0.000464364
 -0.00356823  -1.9837e-05 -0.000462681
 -0.00355502 -1.96531e-05 -0.000461014
 -0.00354168 -1.94683e-05 -0.000459362
 -0.00352819 -1.92827e-05 -0.000457723
 -0.00351457  -1.9096e-05 -0.000456096
 -0.00350082 -1.89084e-05 -0.000454481
 -0.00348693 -1.87198e-05 -0.000452875
 -0.00347292 -1.85302e-05 -0.000451278
 -0.00345879 -1.83395e-05  -0.00044969
 -0.00344454 -1.81477e-05 -0.000448108
 -0.00343016 -1.79549e-05 -0.000446532
 -0.00341567  -1.7761e-05 -0.000444962
 -0.00340107 -1.75659e-05 -0.000443396
 -0.00338635 -1.73697e-05 -0.000441834
 -0.00337152 -1.71724e-05 -0.000440276
 -0.00335659 -1.69739e-05 -0.000438719
 -0.00334155 -1.67743e-05 -0.000437165
  -0.0033264 -1.65735e-05 -0.000435612
 -0.00331115 -1.63715e-05 -0.000434059
 -0.00329581 -1.61683e-05 -0.000432507
 -0.00328036 -1.59639e-05 -0.000430954
 -0.00326482 -1.57583e-05 -0.000429401
 -0.00324918 -1.55515e-05 -0.000427846
 -0.00323346 -1.53435e-05  -0.00042629
 -0.00321763 -1.51342e-05 -0.000424731
 -0.00320172 -1.49238e-05  -0.00042317
 -0.00318572 -1.47121e-05 -0.000421607
 -0.00316964 -1.44992e-05  -0.00042004
 -0.00315347 -1.42851e-05  -0.00041847
 -0.00313721 -1.40698e-05 -0.000416896
 -0.00312087 -1.38532e-05 -0.000415318
 -0.00310446 -1.36354e-05 -0.000413736
 -0.00308796 -1.34164e-05  -0.00041215
 -0.00307229 -1.31761e-05 -0.000410018
  -0.0030565 -1.29355e-05 -0.000407905
  -0.0030406 -1.26946e-05  -0.00040581
 -0.00302458 -1.24535e-05 -0.000403732
-0.00300844 -1.2212e-05 -0.00040167
  -0.0029922 -1.19702e-05 -0.000399622
 -0.00297585 -1.17279e-05 -0.000397587
 -0.00295939 -1.14853e-05 -0.000395564
 -0.00294284 -1.12422e-05 -0.000393553
 -0.00292618 -1.09987e-05 -0.000391552
 -0.00290943 -1.07547e-05  -0.00038956
 -0.00289259 -1.05102e-05 -0.000387577
 -0.00287565 -1.02652e-05 -0.000385601
 -0.00285863 -1.00197e-05 -0.000383633
 -0.00284152 -9.77362e-06  -0.00038167
 -0.00282432 -9.52703e-06 -0.000379713
 -0.00280705 -9.27987e-06 -0.000377762
 -0.00278969 -9.03214e-06 -0.000375814
 -0.00277225 -8.78382e-06  -0.00037387
 -0.00275474 -8.53495e-06  -0.00037193
 -0.00273715 -8.28549e-06 -0.000369992
 -0.00271949 -8.03545e-06 -0.000368057
 -0.00270176  -7.7848e-06 -0.000366123
 -0.00268396 -7.53357e-06 -0.000364191
 -0.00266609 -7.28174e-06  -0.00036226
 -0.00264815 -7.02929e-06 -0.000360329
 -0.00263015 -6.77626e-06 -0.000358399
 -0.00261209 -6.52263e-06 -0.000356469
 -0.00259397 -6.26839e-06 -0.000354538
 -0.00257578 -6.01355e-06 -0.000352606
 -0.00255754 -5.75811e-06 -0.000350674
 -0.00253924 -5.50208e-06 -0.000348741
 -0.00252088 -5.24545e-06 -0.000346806
 -0.00250247 -4.98783e-06 -0.000344869
   -0.002484 -4.72965e-06 -0.000342931
 -0.00246549  -4.4709e-06 -0.000340991
 -0.00244692  -4.2116e-06 -0.000339048
  -0.0024283 -3.95174e-06 -0.000337103
 -0.00240964 -3.69133e-06 -0.000335156
 -0.00239093 -3.43038e-06 -0.000333205
 -0.00237217 -3.16889e-06 -0.000331253
 -0.00235336 -2.90687e-06 -0.000329297
 -0.00233452 -2.64433e-06 -0.000327338
 -0.00231563  -2.3813e-06 -0.000325376
  -0.0022967 -2.11774e-06 -0.000323411
 -0.00227773 -1.85371e-06 -0.000321442
 -0.00225871 -1.58919e-06  -0.00031947
 -0.00223967  -1.3242e-06 -0.000317495
 -0.00222058 -1.05874e-06 -0.000315516
 -0.00220146 -7.92814e-07 -0.000313534
  -0.0021823 -5.26442e-07 -0.000311548
 -0.00216311 -2.59635e-07 -0.000309558
 -0.00214388  7.60074e-09 -0.000307565
 -0.00212463  2.75237e-07 -0.000305568
 -0.00210534  5.43303e-07 -0.000303568
 -0.00208602   8.1177e-07 -0.000301563
 -0.00206667  1.08061e-06 -0.000299555
  -0.0020473  1.34983e-06 -0.000297543
  -0.0020279  1.61942e-06 -0.000295528
 -0.00200847  1.88936e-06 -0.000293509
 -0.00198901  2.15965e-06 -0.000291486
 -0.00196953  2.43023e-06 -0.000289459
 -0.00195003  2.70113e-06 -0.000287428
  -0.0019305  2.97233e-06 -0.000285394
 -0.00191095  3.24381e-06 -0.000283356
 -0.00189138   3.5156e-06 -0.000281315
-0.00187179 3.78766e-06 -0.00027927
 -0.00185218  4.05996e-06 -0.000277221
 -0.00183255   4.3325e-06 -0.000275169
  -0.0018129  4.60527e-06 -0.000273113
 -0.00179324  4.87826e-06 -0.000271054
 -0.00177356  5.15145e-06 -0.000268992
 -0.00175387  5.42483e-06 -0.000266926
 -0.00173416  5.69797e-06 -0.000264856
 -0.00171444  5.97134e-06 -0.000262784
  -0.0016947  6.24491e-06 -0.000260708
 -0.00167495   6.5187e-06 -0.000258629
 -0.00165519  6.79302e-06 -0.000256546
 -0.00163543  7.06746e-06 -0.000254461
 -0.00161565  7.34202e-06 -0.000252372
 -0.00159586  7.61667e-06 -0.000250281
 -0.00157606  7.89177e-06 -0.000248187
 -0.00155626  8.16688e-06 -0.000246089
 -0.00153645  8.44198e-06 -0.000243989
 -0.00151664  8.71706e-06 -0.000241886
 -0.00149682  8.99211e-06 -0.000239781
 -0.00147699  9.26667e-06 -0.000237673
 -0.00145717  9.54156e-06 -0.000235562
 -0.00143734  9.81631e-06 -0.000233449
 -0.00141751  1.00909e-05 -0.000231333
 -0.00139767  1.03654e-05 -0.000229215
 -0.00137784  1.06397e-05 -0.000227095
 -0.00135801  1.09142e-05 -0.000224972
 -0.00133818  1.11886e-05 -0.000222847
-0.00131835 1.14632e-05 -0.00022072
 -0.00129852  1.17378e-05 -0.000218591
 -0.0012787 1.20122e-05 -0.00021646
 -0.00125888  1.22865e-05 -0.000214328
 -0.00123906  1.25607e-05 -0.000212193
 -0.00121925  1.28346e-05 -0.000210057
 -0.00119945  1.31084e-05 -0.000207919
 -0.00117965   1.3382e-05 -0.000205779
 -0.00115986  1.36554e-05 -0.000203638
 -0.00114008  1.39285e-05 -0.000201495
 -0.00112031  1.42015e-05 -0.000199351
 -0.00110055  1.44741e-05 -0.000197206
  -0.0010808  1.47465e-05 -0.000195059
 -0.00106106  1.50186e-05 -0.000192911
 -0.00104133  1.52905e-05 -0.000190762
 -0.00102162   1.5562e-05 -0.000188613
 -0.00100192  1.58332e-05 -0.000186462
-0.000982228   1.6104e-05  -0.00018431
-0.000962555  1.63745e-05 -0.000182157
-0.000942897  1.66446e-05 -0.000180004
-0.000923256  1.69144e-05  -0.00017785
-0.000903631  1.71837e-05 -0.000175696
-0.000884023  1.74526e-05 -0.000173541
-0.000864433  1.77211e-05 -0.000171386
-0.000844862  1.79892e-05  -0.00016923
 -0.00082531  1.82568e-05 -0.000167074
-0.000805779   1.8524e-05 -0.000164918
-0.000786268  1.87907e-05 -0.000162762
-0.000766778  1.90568e-05 -0.000160605
-0.000747311  1.93225e-05 -0.000158449
-0.000727866  1.95876e-05 -0.000156293
-0.000708444  1.98522e-05 -0.000154137
-0.000689046  2.01163e-05 -0.000151981
-0.000669673  2.03798e-05 -0.000149825
-0.000650326  2.06427e-05  -0.00014767
-0.000631004   2.0905e-05 -0.000145516
-0.000611708  2.11668e-05 -0.000143362
 -0.00059244  2.14279e-05 -0.000141208
-0.000573199  2.16883e-05 -0.000139056
-0.000553987  2.19481e-05 -0.000136904
-0.000534804  2.22072e-05 -0.000134753
 -0.00051565  2.24657e-05 -0.000132603
-0.000496527  2.27235e-05 -0.000130454
-0.000477435  2.29805e-05 -0.000128305
-0.000458374  2.32369e-05 -0.000126159
-0.000439345  2.34925e-05 -0.000124013
-0.000420349  2.37473e-05 -0.000121869
-0.000401386  2.40014e-05 -0.000119725
-0.000382457  2.42548e-05 -0.000117584
-0.000363562  2.45073e-05 -0.000115444
-0.000344703  2.47591e-05 -0.000113305
-0.000325879    2.501e-05 -0.000111169
-0.000307092  2.52601e-05 -0.000109033
-0.000288342  2.55093e-05   -0.0001069
-0.000269629  2.57577e-05 -0.000104769
-0.000250953  2.60052e-05 -0.000102639
-0.000232317  2.62519e-05 -0.000100512
 -0.00021372  2.64976e-05 -9.83864e-05
-0.000195162  2.67425e-05 -9.62632e-05
-0.000176645  2.69864e-05 -9.41422e-05
-0.000158169  2.72294e-05 -9.20236e-05
-0.000139734  2.74714e-05 -8.99073e-05
-0.000121341  2.77125e-05 -8.77934e-05
-0.000102991  2.79526e-05 -8.56821e-05
-8.46835e-05  2.81917e-05 -8.35733e-05
-6.64199e-05  2.84298e-05 -8.14672e-05
-4.82006e-05  2.86669e-05 -7.93638e-05
-3.00261e-05   2.8903e-05 -7.72632e-05
-1.18968e-05  2.91381e-05 -7.51654e-05
 6.18658e-06   2.9372e-05 -7.30706e-05
 2.42236e-05  2.96049e-05 -7.09787e-05
4.22138e-05 2.98368e-05  -6.889e-05
 6.01565e-05  3.00675e-05 -6.68043e-05
 7.80512e-05  3.02972e-05 -6.47219e-05
 9.58975e-05  3.05258e-05 -6.26427e-05
 0.000113695  3.07532e-05 -6.05668e-05
 0.000131442  3.09794e-05 -5.84944e-05
  0.00014914  3.12046e-05 -5.64254e-05
 0.000166787  3.14286e-05 -5.43599e-05
0.000184383 3.16514e-05 -5.2298e-05
 0.000201928   3.1873e-05 -5.02398e-05
  0.00021942  3.20934e-05 -4.81853e-05
  0.00023686  3.23126e-05 -4.61346e-05
 0.000254247  3.25306e-05 -4.40878e-05
 0.000271581  3.27473e-05 -4.20448e-05
  0.00028886  3.29628e-05 -4.00059e-05
0.000306085 3.31771e-05 -3.7971e-05
 0.000323255  3.33901e-05 -3.59402e-05
 0.000340369  3.36018e-05 -3.39136e-05
 0.000357427  3.38122e-05 -3.18912e-05
 0.000374429  3.40213e-05 -2.98731e-05
 0.000391374  3.42291e-05 -2.78594e-05
 0.000408262  3.44356e-05 -2.58501e-05
 0.000425092  3.46407e-05 -2.38452e-05
 0.000441864  3.48445e-05 -2.18449e-05
 0.000458576   3.5047e-05 -1.98493e-05
  0.00047523   3.5248e-05 -1.78582e-05
0.000491824 3.54477e-05 -1.5872e-05
 0.000508358   3.5646e-05 -1.38904e-05
 0.000524832  3.58429e-05 -1.19138e-05
 0.000541244  3.60384e-05 -9.94201e-06
 0.000557595  3.62324e-05 -7.97521e-06
 0.000573885  3.64251e-05 -6.01342e-06
 0.000590112  3.66163e-05 -4.05673e-06
 0.000606276   3.6806e-05 -2.10516e-06
 0.000623286  3.69711e-05 -6.98322e-07
0.000640181 3.71361e-05 7.30936e-07
0.000656965 3.73008e-05 2.18124e-06
0.000673637 3.74651e-05 3.65125e-06
0.000690201 3.76291e-05 5.13972e-06
0.000706657 3.77926e-05 6.64545e-06
0.000723007 3.79557e-05 8.16725e-06
0.000739253 3.81182e-05 9.70405e-06
0.000755397 3.82801e-05 1.12548e-05
0.000771438 3.84414e-05 1.28185e-05
 0.00078738  3.8602e-05 1.43942e-05
0.000803221 3.87619e-05  1.5981e-05
0.000818965  3.8921e-05  1.7578e-05
0.000834612 3.90793e-05 1.91845e-05
0.000850162 3.92368e-05 2.07995e-05
0.000865617 3.93934e-05 2.24224e-05
0.000880977 3.95491e-05 2.40524e-05
0.000896244 3.97039e-05 2.56889e-05
0.000911417 3.98577e-05 2.73311e-05
0.000926498 4.00105e-05 2.89785e-05
0.000941488 4.01623e-05 3.06305e-05
0.000956386 4.03129e-05 3.22865e-05
0.000971193 4.04625e-05  3.3946e-05
0.000985911  4.0611e-05 3.56083e-05
 0.00100054 4.07584e-05 3.72731e-05
 0.00101508 4.09045e-05 3.89399e-05
 0.00102953 4.10495e-05 4.06081e-05
 0.00104389 4.11932e-05 4.22775e-05
 0.00105816 4.13357e-05 4.39474e-05
 0.00107235  4.1477e-05 4.56176e-05
 0.00108645 4.16169e-05 4.72877e-05
 0.00110046 4.17556e-05 4.89573e-05
 0.00111438 4.18929e-05 5.06261e-05
 0.00112822 4.20289e-05 5.22936e-05
 0.00114197 4.21635e-05 5.39597e-05
 0.00115563 4.22967e-05  5.5624e-05
 0.00116921 4.24286e-05 5.72861e-05
 0.0011827 4.2559e-05 5.8946e-05
 0.00119611  4.2688e-05 6.06031e-05
 0.00120943 4.28155e-05 6.22574e-05
 0.00122266 4.29416e-05 6.39084e-05
 0.00123581 4.30662e-05 6.55562e-05
 0.00124887 4.31893e-05 6.72003e-05
 0.00126185 4.33109e-05 6.88405e-05
 0.00127566 4.34054e-05 6.99307e-05
 0.00128932 4.34998e-05 7.10452e-05
 0.00130285  4.3594e-05 7.21825e-05
 0.00131625 4.36879e-05 7.33411e-05
 0.00132952 4.37814e-05 7.45196e-05
 0.00134266 4.38746e-05 7.57167e-05
 0.00135567 4.39673e-05  7.6931e-05
 0.00136856 4.40596e-05 7.81614e-05
 0.00138133 4.41512e-05 7.94068e-05
 0.00139397 4.42422e-05 8.06659e-05
  0.0014065 4.43326e-05 8.19377e-05
  0.0014189 4.44223e-05 8.32212e-05
 0.00143119 4.45112e-05 8.45155e-05
 0.00144337 4.45993e-05 8.58196e-05
 0.00145543 4.46865e-05 8.71327e-05
 0.00146737 4.47729e-05 8.84538e-05
 0.00147921 4.48584e-05 8.97823e-05
 0.00149093 4.49429e-05 9.11174e-05
 0.00150255 4.50264e-05 9.24583e-05
 0.00151406 4.51088e-05 9.38042e-05
 0.00152545 4.51902e-05 9.51547e-05
 0.00153675 4.52706e-05  9.6509e-05
 0.00154793 4.53497e-05 9.78665e-05
 0.00155901 4.54278e-05 9.92266e-05
 0.00156999 4.55047e-05 0.000100589
 0.00158086 4.55803e-05 0.000101953
 0.00159163 4.56548e-05 0.000103318
  0.0016023 4.57279e-05 0.000104683
 0.00161287 4.57998e-05 0.000106049
 0.00162333 4.58704e-05 0.000107414
 0.00163369 4.59396e-05 0.000108779
 0.00164396 4.60075e-05 0.000110143
 0.00165504  4.6046e-05 0.000110951
 0.00166597 4.60846e-05 0.000111787
 0.00167674 4.61233e-05 0.000112649
 0.00168738 4.61619e-05 0.000113535
 0.00169787 4.62005e-05 0.000114444
 0.00170821 4.62389e-05 0.000115374
 0.00171842 4.62772e-05 0.000116324
 0.00172849 4.63151e-05 0.000117292
 0.00173843 4.63527e-05 0.000118277
 0.00174823 4.63898e-05 0.000119278
 0.00175791 4.64265e-05 0.000120294
 0.00176745 4.64627e-05 0.000121323
 0.00177687 4.64982e-05 0.000122365
 0.00178616 4.65332e-05 0.000123418
 0.00179532 4.65675e-05 0.000124482
 0.00180437  4.6601e-05 0.000125555
 0.00181329 4.66338e-05 0.000126637
  0.0018221 4.66658e-05 0.000127727
 0.00183078 4.66969e-05 0.000128824
 0.00183935 4.67272e-05 0.000129927
 0.00184781 4.67565e-05 0.000131035
 0.00185615 4.67849e-05 0.000132148
 0.00186437 4.68122e-05 0.000133265
 0.00187249 4.68386e-05 0.000134386
 0.00188049 4.68638e-05  0.00013551
 0.00188838  4.6888e-05 0.000136636
 0.00189708 4.68806e-05 0.000137203
 0.00190561 4.68737e-05 0.000137801
 0.00191399 4.68673e-05 0.000138429
 0.00192221 4.68612e-05 0.000139085
 0.00193028 4.68553e-05 0.000139768
 0.00193819 4.68496e-05 0.000140474
 0.00194596 4.68439e-05 0.000141203
 0.00195359 4.68383e-05 0.000141954
 0.00196107 4.68326e-05 0.000142725
 0.00196841 4.68268e-05 0.000143514
 0.00197562 4.68208e-05  0.00014432
 0.00198269 4.68145e-05 0.000145143
 0.00198962 4.68078e-05  0.00014598
 0.00199643 4.68008e-05  0.00014683
  0.0020031 4.67934e-05 0.000147694
 0.00200965 4.67854e-05 0.000148569
 0.00201607  4.6777e-05 0.000149454
 0.00202236 4.67679e-05 0.000150349
 0.00202854 4.67582e-05 0.000151253
 0.00203459 4.67478e-05 0.000152164
 0.00204145 4.67036e-05 0.000152506
 0.00204813 4.66605e-05 0.000152886
 0.00205464 4.66183e-05 0.000153301
 0.00206099 4.65768e-05 0.000153751
 0.00206718 4.65361e-05 0.000154232
 0.00207321  4.6496e-05 0.000154743
 0.00207908 4.64563e-05 0.000155282
 0.00208479 4.64171e-05 0.000155847
 0.00209036 4.63782e-05 0.000156437
 0.00209578 4.63396e-05 0.000157051
 0.00210106 4.63011e-05 0.000157685
 0.00210619 4.62627e-05  0.00015834
 0.00211118 4.62244e-05 0.000159014
 0.00211604  4.6186e-05 0.000159705
 0.00212075 4.61475e-05 0.000160413
 0.00212534 4.61088e-05 0.000161135
  0.0021298 4.60699e-05 0.000161872
 0.00213412 4.60306e-05 0.000162621
 0.00213925  4.5956e-05 0.000162793
 0.00214419 4.58828e-05 0.000163009
 0.00214896 4.58109e-05 0.000163267
 0.00215356 4.57403e-05 0.000163564
 0.00215798 4.56708e-05 0.000163899
 0.00216224 4.56023e-05 0.000164268
 0.00216634 4.55347e-05  0.00016467
 0.00217028 4.54678e-05 0.000165104
 0.00217406 4.54017e-05 0.000165566
 0.00217769 4.53362e-05 0.000166056
 0.00218117 4.52711e-05 0.000166572
 0.00218451 4.52066e-05 0.000167111
  0.0021877 4.51423e-05 0.000167674
 0.00219074 4.50784e-05 0.000168257
  0.0021946  4.4977e-05 0.000168249
 0.00219826 4.48778e-05 0.000168294
 0.00220174 4.47806e-05  0.00016839
 0.00220503 4.46852e-05 0.000168535
 0.00220813 4.45915e-05 0.000168726
 0.00221107 4.44994e-05 0.000168961
 0.00221383 4.44088e-05 0.000169236
 0.00221642 4.43194e-05 0.000169551
 0.00221884 4.42313e-05 0.000169902
 0.00222111 4.41443e-05 0.000170287
 0.00222321 4.40582e-05 0.000170706
 0.00222517 4.39731e-05 0.000171155
 0.00222697 4.38888e-05 0.000171633
 0.00222958 4.37644e-05 0.000171514
 0.00223199 4.36431e-05 0.000171459
  0.0022342 4.35245e-05 0.000171465
 0.00223621 4.34084e-05 0.000171528
 0.00223803 4.32948e-05 0.000171646
 0.00223967 4.31834e-05 0.000171816
 0.00224113 4.30741e-05 0.000172035
 0.00224241 4.29668e-05   0.0001723
 0.00224352 4.28613e-05 0.000172609
 0.00224446 4.27574e-05  0.00017296
 0.00224524 4.26551e-05 0.000173351
 0.00224804 4.23124e-05 0.000172334
 0.00225056 4.19855e-05 0.000171451
 0.00225279 4.16737e-05 0.000170695
 0.00225476 4.13759e-05 0.000170061
 0.00225646 4.10916e-05 0.000169543
 0.00225791   4.082e-05 0.000169135
 0.00225911 4.05604e-05 0.000168834
 0.00226007 4.03122e-05 0.000168633
  0.0022608 4.00747e-05 0.000168528
 0.00226129 3.98474e-05 0.000168515
 0.00226156 3.96296e-05  0.00016859
 0.00226162 3.94209e-05 0.000168747
 0.00226147 3.92207e-05 0.000168984
 0.00226111 3.90285e-05 0.000169297
 0.00226055 3.88439e-05 0.000169681
  0.0022598 3.86664e-05 0.000170133
 0.00225886 3.84955e-05  0.00017065
 0.00225774  3.8331e-05 0.000171229
 0.00225643 3.81723e-05 0.000171866
 0.00225496 3.80191e-05 0.000172558
 0.00225331 3.78711e-05 0.000173303
  0.0022515  3.7728e-05 0.000174098
 0.00224952 3.75893e-05 0.000174939
 0.00224739 3.74549e-05 0.000175825
 0.00224511 3.73243e-05 0.000176753
 0.00224268 3.71974e-05  0.00017772
  0.0022401 3.70739e-05 0.000178725
 0.00223738 3.69535e-05 0.000179764
 0.00223453  3.6836e-05 0.000180837
 0.00223154 3.67212e-05 0.000181941
 0.00222842 3.66087e-05 0.000183073
 0.00222517 3.64985e-05 0.000184232
  0.0022218 3.63904e-05 0.000185417
  0.0022183  3.6284e-05 0.000186625
 0.00221469 3.61794e-05 0.000187856
 0.00221096 3.60762e-05 0.000189106
 0.00220712 3.59744e-05 0.000190375
 0.00220317 3.58738e-05 0.000191661
 0.00219912 3.57742e-05 0.000192964
 0.00219496 3.56754e-05  0.00019428
 0.00219069 3.55775e-05  0.00019561
 0.00218633 3.54802e-05 0.000196952
 0.00218187 3.53833e-05 0.000198304
 0.00217732 3.52869e-05 0.000199666
 0.00217267 3.51908e-05 0.000201036
 0.00216793 3.50949e-05 0.000202414
 0.00216311  3.4999e-05 0.000203798
  0.0021582 3.49032e-05 0.000205187
  0.0021532 3.48073e-05 0.000206581
 0.00214812 3.47112e-05 0.000207978
 0.00214297 3.46148e-05 0.000209378
 0.00213773 3.45181e-05 0.000210779
 0.00213242  3.4421e-05 0.000212182
 0.00212703 3.43235e-05 0.000213584
 0.00212157 3.42254e-05 0.000214987
 0.00211604 3.41268e-05 0.000216387
 0.00211044 3.40274e-05 0.000217786
 0.00210478 3.39275e-05 0.000219183
 0.00209904 3.38267e-05 0.000220576
 0.00209324 3.37252e-05 0.000221965
 0.00208738 3.36228e-05  0.00022335
 0.00208146 3.35195e-05  0.00022473
 0.00207548 3.34154e-05 0.000226105
 0.00206943 3.33102e-05 0.000227474
 0.00206333 3.32041e-05 0.000228836
 0.00205718 3.30969e-05 0.000230191
 0.00205096 3.29887e-05 0.000231539
  0.0020447 3.28794e-05 0.000232879
 0.00203838  3.2769e-05 0.000234211
 0.00203201 3.26575e-05 0.000235535
 0.00202559 3.25448e-05 0.000236849
 0.00201912 3.24309e-05 0.000238155
 0.00201261 3.23159e-05  0.00023945
 0.00200604 3.21996e-05 0.000240736
 0.00199944 3.20821e-05 0.000242011
 0.00199278 3.19633e-05 0.000243276
 0.00198609 3.18433e-05  0.00024453
 0.00197935  3.1722e-05 0.000245773
 0.00197257 3.15995e-05 0.000247005
 0.00196575 3.14757e-05 0.000248225
 0.00195889 3.13505e-05 0.000249433
 0.00195199 3.12241e-05 0.000250629
 0.00194537 3.11099e-05 0.000250843
 0.00193872 3.09919e-05 0.000251074
 0.00193204 3.08702e-05  0.00025132
 0.00192531 3.07449e-05 0.000251581
 0.00191855 3.06161e-05 0.000251854
 0.00191176  3.0484e-05 0.000252139
 0.00190493 3.03486e-05 0.000252435
 0.00189806 3.02101e-05  0.00025274
 0.00189116 3.00685e-05 0.000253054
 0.00188423 2.99239e-05 0.000253375
 0.00187726 2.97765e-05 0.000253703
 0.00187026 2.96263e-05 0.000254035
 0.00186322 2.94734e-05 0.000254373
 0.00185615 2.93179e-05 0.000254714
 0.00184905 2.91597e-05 0.000255059
 0.00184191 2.89991e-05 0.000255406
 0.00183475  2.8836e-05 0.000255754
 0.00182755 2.86706e-05 0.000256103
 0.00182032 2.85028e-05 0.000256453
 0.00181306 2.83329e-05 0.000256802
 0.00180577 2.81607e-05 0.000257151
 0.00179845 2.79863e-05 0.000257497
 0.00179111 2.78099e-05 0.000257842
 0.00178373 2.76315e-05 0.000258185
 0.00177632  2.7451e-05 0.000258524
 0.00176889 2.72686e-05  0.00025886
 0.00176143 2.70842e-05 0.000259193
 0.00175394  2.6898e-05 0.000259521
 0.00174642 2.67099e-05 0.000259844
 0.00173888 2.65201e-05 0.000260163
 0.00173224 2.62392e-05 0.000259559
 0.00172555   2.596e-05 0.000258982
  0.0017188 2.56824e-05 0.000258431
   0.001712 2.54063e-05 0.000257904
 0.00170514 2.51315e-05 0.000257399
 0.00169823 2.48579e-05 0.000256915
 0.00169126 2.45854e-05  0.00025645
 0.00168425 2.43139e-05 0.000256003
 0.00167719 2.40432e-05 0.000255573
 0.00167008 2.37732e-05 0.000255159
 0.00166292  2.3504e-05 0.000254759
 0.00165572 2.32353e-05 0.000254373
 0.00164848 2.29671e-05 0.000253998
 0.00164119 2.26993e-05 0.000253635
 0.00163386 2.24318e-05 0.000253282
 0.00162649 2.21646e-05 0.000252938
 0.00161908 2.18977e-05 0.000252603
 0.00161163 2.16308e-05 0.000252276
 0.00160512 2.13125e-05 0.000251209
 0.00159853 2.09961e-05 0.000250177
 0.00159187 2.06817e-05 0.000249177
 0.00158514 2.03689e-05 0.000248208
 0.00157834 2.00577e-05 0.000247268
 0.00157147  1.9748e-05 0.000246355
 0.00156453 1.94397e-05 0.000245467
 0.00155754 1.91325e-05 0.000244603
 0.00155047 1.88265e-05 0.000243762
 0.00154335 1.85215e-05 0.000242941
 0.00153618 1.82174e-05 0.000242141
 0.00152894 1.79141e-05 0.000241359
 0.00152165 1.76117e-05 0.000240594
 0.00151431 1.73099e-05 0.000239846
 0.00150691 1.70086e-05 0.000239113
 0.00149947  1.6708e-05 0.000238393
 0.00149197 1.64077e-05 0.000237687
 0.00148443 1.61079e-05 0.000236993
 0.00147685 1.58085e-05  0.00023631
 0.00146921 1.55093e-05 0.000235638
 0.00146154 1.52103e-05 0.000234975
 0.00145382 1.49116e-05 0.000234321
 0.00144607  1.4613e-05 0.000233675
 0.00143827 1.43145e-05 0.000233037
 0.00143043 1.40161e-05 0.000232405
 0.00142256 1.37177e-05  0.00023178
 0.00141465 1.34193e-05 0.000231159
 0.00140671 1.31209e-05 0.000230544
 0.00139873 1.28225e-05 0.000229933
 0.00139072 1.25239e-05 0.000229326
 0.00138364 1.21923e-05 0.000228057
 0.00137649 1.18618e-05 0.000226817
 0.00136926 1.15327e-05 0.000225606
 0.00136197 1.12045e-05 0.000224422
 0.00135461 1.08771e-05 0.000223263
 0.00134719 1.05505e-05 0.000222128
  0.0013397 1.02245e-05 0.000221016
 0.00133216 9.89918e-06 0.000219925
 0.00132455 9.57446e-06 0.000218854
  0.0013169 9.25086e-06 0.000217802
 0.00130918 8.92787e-06 0.000216767
 0.00130142 8.60546e-06  0.00021575
 0.00129361 8.28359e-06 0.000214748
 0.00128574 7.96222e-06 0.000213761
 0.00127784 7.64132e-06 0.000212787
 0.00126988 7.32086e-06 0.000211827
 0.00126188 7.00081e-06 0.000210878
 0.00125384 6.68114e-06 0.000209941
 0.00124576 6.36182e-06 0.000209015
 0.00123765 6.04283e-06 0.000208098
 0.00122949 5.72416e-06  0.00020719
  0.0012213 5.40578e-06 0.000206291
 0.00121307 5.08766e-06   0.0002054
 0.00120481 4.76978e-06 0.000204516
 0.00119651 4.45217e-06 0.000203639
 0.00118819 4.13477e-06 0.000202768
 0.00117983 3.81756e-06 0.000201903
 0.00117145 3.50056e-06 0.000201043
 0.00116303 3.18378e-06 0.000200188
 0.00115459 2.86716e-06 0.000199337
 0.00114612 2.55072e-06  0.00019849
 0.00113763 2.23447e-06 0.000197646
 0.00112912 1.91836e-06 0.000196806
 0.00112058 1.60244e-06 0.000195968
 0.00111201 1.28668e-06 0.000195133
 0.00110343 9.71078e-07   0.0001943
 0.00109483 6.55617e-07 0.000193468
  0.0010862  3.4032e-07 0.000192639
 0.00107756 2.51686e-08  0.00019181
   0.0010689 -2.89811e-07  0.000190983
  0.00106022 -6.04641e-07  0.000190156
 0.00105152 -9.1931e-07  0.00018933
  0.00104281 -1.23382e-06  0.000188505
  0.00103408 -1.54818e-06  0.000187679
  0.00102534 -1.86234e-06  0.000186854
  0.00101658 -2.17634e-06  0.000186028
  0.00100781 -2.49015e-06  0.000185201
0.000999029 -2.8038e-06 0.000184375
 0.000990234 -3.11725e-06  0.000183547
 0.000981428 -3.43049e-06  0.000182718
 0.000972611 -3.74352e-06  0.000181889
 0.000963784 -4.05636e-06  0.000181058
 0.000954946 -4.36896e-06  0.000180226
   0.0009461 -4.68134e-06  0.000179393
 0.000937245 -4.99348e-06  0.000178558
 0.000928382 -5.30536e-06  0.000177722
 0.000919512 -5.61701e-06  0.000176884
 0.000910634 -5.92839e-06  0.000176044
  0.00090175 -6.23951e-06  0.000175202
  0.00089286 -6.55035e-06  0.000174359
 0.000883965 -6.86087e-06  0.000173513
 0.000875065 -7.17112e-06  0.000172666
  0.00086616 -7.48104e-06  0.000171816
 0.000857251 -7.79064e-06  0.000170964
 0.000848338 -8.09991e-06   0.00017011
 0.000839422 -8.40884e-06  0.000169253
0.000830504 -8.7174e-06 0.000168395
0.000821583 -9.0256e-06 0.000167534
 0.000812661 -9.33342e-06   0.00016667
 0.000803737 -9.64084e-06  0.000165805
 0.000794813 -9.94786e-06  0.000164936
 0.000785887 -1.02545e-05  0.000164066
 0.000776962 -1.05607e-05  0.000163193
 0.000768037 -1.08664e-05  0.000162317
 0.000759113 -1.11717e-05  0.000161439
  0.00075019 -1.14766e-05  0.000160558
 0.000741268 -1.17809e-05  0.000159675
 0.000732349 -1.20848e-05  0.000158789
 0.000723431 -1.23882e-05  0.000157901
 0.000714516 -1.26911e-05   0.00015701
 0.000705604 -1.29934e-05  0.000156116
 0.000696696 -1.32952e-05   0.00015522
 0.000687791 -1.35965e-05  0.000154322
 0.000678891 -1.38971e-05  0.000153421
 0.000669995 -1.41973e-05  0.000152517
 0.000661103 -1.44968e-05  0.000151611
 0.000652217 -1.47957e-05  0.000150702
0.000643337 -1.5094e-05 0.000149791
 0.000634462 -1.53917e-05  0.000148877
 0.000625594 -1.56887e-05  0.000147961
 0.000616732 -1.59851e-05  0.000147042
 0.000607877 -1.62808e-05  0.000146121
 0.000599029 -1.65758e-05  0.000145197
 0.000590188 -1.68701e-05  0.000144271
 0.000581356 -1.71637e-05  0.000143343
 0.000572532 -1.74566e-05  0.000142412
 0.000563716 -1.77488e-05  0.000141479
 0.000554909 -1.80402e-05  0.000140543
 0.000546111 -1.83309e-05  0.000139605
 0.000537323 -1.86207e-05  0.000138665
 0.000528544 -1.89098e-05  0.000137723
 0.000519775 -1.91981e-05  0.000136778
 0.000511017 -1.94856e-05  0.000135831
 0.000502269 -1.97722e-05  0.000134882
0.000493532 -2.0058e-05 0.000133931
0.000484807 -2.0343e-05 0.000132977
0.000476093 -2.0627e-05 0.000132022
 0.000467391 -2.09102e-05  0.000131064
 0.000458701 -2.11926e-05  0.000130104
 0.000450023 -2.14739e-05  0.000129143
 0.000441358 -2.17544e-05  0.000128179
0.000432706 -2.2034e-05 0.000127213
 0.000424067 -2.23126e-05  0.000126246
 0.000415442 -2.25902e-05  0.000125276
  0.00040683 -2.28669e-05  0.000124305
 0.000398233 -2.31426e-05  0.000123332
 0.000389649 -2.34173e-05  0.000122357
 0.000381081 -2.36909e-05   0.00012138
 0.000372527 -2.39636e-05  0.000120402
 0.000363988 -2.42352e-05  0.000119422
 0.000355465 -2.45058e-05   0.00011844
 0.000346957 -2.47753e-05  0.000117456
 0.000338466 -2.50437e-05  0.000116471
 0.00032999 -2.5311e-05 0.000115485
 0.000321531 -2.55773e-05  0.000114497
 0.000313088 -2.58424e-05  0.000113507
 0.000304663 -2.61064e-05  0.000112516
 0.000296254 -2.63693e-05  0.000111523
0.000287863 -2.6631e-05 0.000110529
  0.00027949 -2.68915e-05  0.000109534
 0.000271134 -2.71509e-05  0.000108538
 0.000262797 -2.74091e-05   0.00010754
 0.000254477 -2.76661e-05  0.000106541
 0.000246177 -2.79219e-05   0.00010554
 0.000237895 -2.81765e-05  0.000104539
 0.000229633 -2.84298e-05  0.000103536
  0.00022139 -2.86819e-05  0.000102532
 0.000213166 -2.89327e-05  0.000101528
 0.000204962 -2.91822e-05  0.000100522
 0.000196778 -2.94305e-05   9.9515e-05
 0.000188614 -2.96774e-05  9.85072e-05
 0.000180471 -2.99231e-05  9.74985e-05
 0.000172348 -3.01674e-05  9.64889e-05
 0.000164247 -3.04104e-05  9.54785e-05
 0.000156166 -3.06521e-05  9.44672e-05
 0.000148106 -3.08924e-05  9.34552e-05
 0.000140069 -3.11314e-05  9.24424e-05
 0.000132052 -3.13689e-05   9.1429e-05
 0.000124058 -3.16051e-05  9.04149e-05
 0.000116086 -3.18399e-05  8.94001e-05
 0.000108137 -3.20733e-05  8.83848e-05
  0.00010021 -3.23053e-05  8.73689e-05
 9.23055e-05 -3.25359e-05  8.63524e-05
8.44242e-05 -3.2765e-05 8.53355e-05
 7.65662e-05 -3.29926e-05  8.43182e-05
 6.87315e-05 -3.32188e-05  8.33004e-05
 6.09204e-05 -3.34435e-05  8.22822e-05
 5.31331e-05 -3.36667e-05  8.12637e-05
 4.53698e-05 -3.38884e-05  8.02449e-05
 3.76306e-05 -3.41086e-05  7.92259e-05
 2.99158e-05 -3.43273e-05  7.82066e-05
 2.22255e-05 -3.45445e-05  7.71871e-05
   1.456e-05 -3.47601e-05  7.61674e-05
 6.91938e-06 -3.49743e-05  7.51477e-05
-6.96134e-07 -3.51868e-05  7.41278e-05
-8.28636e-06 -3.53978e-05  7.31078e-05
-1.58511e-05 -3.56072e-05  7.20879e-05
-2.33902e-05  -3.5815e-05   7.1068e-05
-3.09035e-05 -3.60213e-05  7.00481e-05
-3.83907e-05 -3.62259e-05  6.90283e-05
-4.58518e-05 -3.64289e-05  6.80086e-05
-5.32865e-05 -3.66303e-05  6.69891e-05
-6.06947e-05   -3.683e-05  6.59697e-05
-6.80762e-05 -3.70281e-05  6.49506e-05
-7.54308e-05 -3.72246e-05  6.39318e-05
-8.27584e-05 -3.74194e-05  6.29132e-05
-9.00588e-05 -3.76125e-05   6.1895e-05
-9.73318e-05 -3.78039e-05  6.08771e-05
-0.000105538 -3.79483e-05  6.05199e-05
-0.000113666  -3.8093e-05  6.01313e-05
-0.000121719 -3.82381e-05  5.97126e-05
-0.000129698 -3.83834e-05  5.92653e-05
-0.000137605 -3.85289e-05  5.87906e-05
-0.000145441 -3.86744e-05  5.82898e-05
-0.000153208 -3.88198e-05   5.7764e-05
-0.000160908 -3.89652e-05  5.72144e-05
-0.000168541 -3.91103e-05  5.66422e-05
-0.000176109 -3.92552e-05  5.60483e-05
-0.000183614 -3.93998e-05  5.54337e-05
-0.000191056 -3.95439e-05  5.47994e-05
-0.000198438 -3.96876e-05  5.41464e-05
-0.000205759 -3.98307e-05  5.34755e-05
-0.000213021 -3.99733e-05  5.27875e-05
-0.000220224 -4.01152e-05  5.20832e-05
-0.000227371 -4.02564e-05  5.13635e-05
-0.000234462 -4.03968e-05   5.0629e-05
-0.000241497 -4.05365e-05  4.98805e-05
-0.000248478 -4.06753e-05  4.91187e-05
-0.000255406 -4.08131e-05  4.83441e-05
 -0.00026228 -4.09501e-05  4.75575e-05
-0.000269102  -4.1086e-05  4.67594e-05
-0.000275873  -4.1221e-05  4.59504e-05
-0.000282593 -4.13548e-05   4.5131e-05
-0.000289263 -4.14876e-05  4.43018e-05
-0.000295884 -4.16192e-05  4.34632e-05
-0.000302455 -4.17496e-05  4.26159e-05
-0.000308979 -4.18788e-05  4.17601e-05
-0.000315454 -4.20068e-05  4.08964e-05
-0.000321882 -4.21335e-05  4.00252e-05
-0.000328263 -4.22589e-05   3.9147e-05
-0.000334598  -4.2383e-05   3.8262e-05
-0.000340887 -4.25057e-05  3.73707e-05
-0.00034713 -4.2627e-05 3.64734e-05
-0.000353329 -4.27469e-05  3.55705e-05
-0.000359482 -4.28653e-05  3.46624e-05
-0.000365591 -4.29823e-05  3.37492e-05
-0.000371657 -4.30978e-05  3.28315e-05
-0.000378652 -4.31372e-05  3.26374e-05
-0.000385553 -4.31787e-05  3.24027e-05
-0.000392361 -4.32221e-05  3.21293e-05
-0.000399078 -4.32672e-05   3.1819e-05
-0.000405706 -4.33138e-05  3.14733e-05
-0.000412248 -4.33619e-05   3.1094e-05
-0.000418706 -4.34112e-05  3.06825e-05
-0.000425081 -4.34615e-05  3.02404e-05
-0.000431375 -4.35127e-05  2.97691e-05
 -0.00043759 -4.35648e-05  2.92698e-05
-0.000443727 -4.36175e-05   2.8744e-05
-0.000449789 -4.36708e-05  2.81929e-05
-0.000455776 -4.37244e-05  2.76176e-05
 -0.00046169 -4.37784e-05  2.70193e-05
-0.000467532 -4.38326e-05  2.63991e-05
-0.000473305 -4.38868e-05   2.5758e-05
-0.000479008 -4.39411e-05  2.50971e-05
-0.000484644 -4.39953e-05  2.44172e-05
-0.000490214 -4.40492e-05  2.37194e-05
-0.000495718 -4.41029e-05  2.30045e-05
-0.000501158 -4.41562e-05  2.22734e-05
-0.000506536 -4.42091e-05  2.15268e-05
-0.000511851 -4.42615e-05  2.07655e-05
-0.000517105 -4.43133e-05  1.99904e-05
-0.000522298 -4.43645e-05   1.9202e-05
-0.000528369 -4.42904e-05  1.92773e-05
-0.000534331 -4.42217e-05   1.9295e-05
-0.000540186 -4.41583e-05  1.92579e-05
-0.000545937 -4.40996e-05  1.91683e-05
-0.000551587 -4.40454e-05  1.90287e-05
-0.000557137 -4.39953e-05  1.88411e-05
 -0.00056259 -4.39491e-05  1.86079e-05
-0.000567948 -4.39065e-05  1.83311e-05
-0.000573214 -4.38671e-05  1.80127e-05
-0.000578388 -4.38308e-05  1.76545e-05
-0.000583475 -4.37972e-05  1.72585e-05
-0.000588474 -4.37662e-05  1.68262e-05
-0.000593388 -4.37375e-05  1.63596e-05
-0.000598219 -4.37109e-05    1.586e-05
-0.000602969 -4.36862e-05  1.53291e-05
-0.000607639 -4.36632e-05  1.47683e-05
-0.000612231 -4.36417e-05   1.4179e-05
-0.000616746 -4.36215e-05  1.35627e-05
-0.000621185 -4.36026e-05  1.29205e-05
-0.000625551 -4.35846e-05  1.22538e-05
-0.000629845 -4.35675e-05  1.15637e-05
-0.000634068 -4.35511e-05  1.08514e-05
-0.000638221 -4.35353e-05  1.01179e-05
-0.000642305 -4.35199e-05  9.36444e-06
-0.000646322 -4.35049e-05  8.59186e-06
-0.000650274 -4.34901e-05  7.80117e-06
 -0.00065416 -4.34753e-05   6.9933e-06
-0.000657982 -4.34606e-05  6.16914e-06
-0.000661742 -4.34457e-05  5.32956e-06
 -0.00066544 -4.34306e-05  4.47536e-06
-0.000669077 -4.34151e-05  3.60734e-06
-0.000672655 -4.33993e-05  2.72621e-06
-0.000676173  -4.3383e-05  1.83274e-06
-0.000679634 -4.33662e-05  9.27613e-07
-0.000683038 -4.33487e-05  1.15026e-08
-0.000686385 -4.33304e-05  -9.1497e-07
-0.000689677 -4.33114e-05 -1.85117e-06
 -0.00069338 -4.32441e-05 -1.84893e-06
-0.000696999 -4.31784e-05 -1.91005e-06
-0.000700536 -4.31143e-05 -2.03162e-06
-0.000703991 -4.30523e-05 -2.21088e-06
-0.000707368 -4.29911e-05 -2.44522e-06
-0.000710665 -4.29308e-05  -2.7321e-06
-0.000713886 -4.28712e-05 -3.06905e-06
-0.000717031 -4.28122e-05 -3.45377e-06
-0.000720101 -4.27544e-05 -3.88402e-06
-0.000723098 -4.26973e-05 -4.35763e-06
-0.000726023 -4.26406e-05 -4.87254e-06
-0.000728877 -4.25843e-05 -5.42683e-06
-0.000731661 -4.25283e-05 -6.01858e-06
-0.000734376 -4.24724e-05   -6.646e-06
-0.000737024 -4.24166e-05 -7.30729e-06
-0.000739605 -4.23607e-05 -8.00085e-06
-0.000742121 -4.23047e-05 -8.72505e-06
-0.000744573 -4.22484e-05 -9.47834e-06
-0.000746962 -4.21919e-05 -1.02593e-05
-0.000749288 -4.21349e-05 -1.10665e-05
-0.000751553 -4.20775e-05 -1.18985e-05
-0.000753758 -4.20195e-05 -1.27541e-05
-0.000755904 -4.19609e-05 -1.36321e-05
-0.000757992 -4.19017e-05 -1.45311e-05
-0.000760022 -4.18416e-05 -1.54502e-05
-0.000761996 -4.17808e-05 -1.63881e-05
-0.000763914  -4.1719e-05 -1.73439e-05
-0.000765778 -4.16564e-05 -1.83165e-05
-0.000767588 -4.15927e-05 -1.93049e-05
-0.000769345 -4.15281e-05 -2.03082e-05
 -0.00077105 -4.14623e-05 -2.13256e-05
-0.000772703 -4.13954e-05 -2.23561e-05
-0.000774307 -4.13273e-05 -2.33989e-05
 -0.00077586  -4.1258e-05 -2.44532e-05
-0.000777365 -4.11874e-05 -2.55184e-05
-0.000778821 -4.11155e-05 -2.65936e-05
 -0.00078023 -4.10423e-05 -2.76781e-05
-0.000781593 -4.09677e-05 -2.87714e-05
-0.000782909 -4.08917e-05 -2.98726e-05
 -0.00078418 -4.08143e-05 -3.09813e-05
-0.000785406 -4.07354e-05 -3.20968e-05
-0.000786588  -4.0655e-05 -3.32186e-05
-0.000787727 -4.05731e-05 -3.43462e-05
-0.000788823 -4.04903e-05 -3.54789e-05
-0.000789877 -4.04056e-05 -3.66162e-05
 -0.00079089 -4.03191e-05 -3.77578e-05
-0.000791861 -4.02308e-05 -3.89032e-05
-0.000792793 -4.01407e-05 -4.00518e-05
-0.000793684 -4.00487e-05 -4.12033e-05
-0.000794537 -3.99556e-05 -4.23573e-05
 -0.00079535 -3.98609e-05 -4.35134e-05
-0.000796126 -3.97644e-05 -4.46711e-05
-0.000796864 -3.96663e-05 -4.58302e-05
-0.000797565 -3.95664e-05 -4.69903e-05
-0.000798229 -3.94649e-05  -4.8151e-05
-0.000798857 -3.93616e-05 -4.93121e-05
 -0.00079945 -3.92566e-05 -5.04733e-05
-0.000800008 -3.91498e-05 -5.16341e-05
-0.000800531 -3.90413e-05 -5.27944e-05
-0.000801019 -3.89311e-05 -5.39539e-05
-0.000801474 -3.88191e-05 -5.51123e-05
-0.000801896 -3.87054e-05 -5.62695e-05
-0.000802285 -3.85899e-05  -5.7425e-05
-0.000802641 -3.84726e-05 -5.85788e-05
-0.000802966 -3.83536e-05 -5.97306e-05
-0.000803259 -3.82329e-05 -6.08801e-05
 -0.00080352 -3.81104e-05 -6.20272e-05
-0.000803751 -3.79861e-05 -6.31718e-05
-0.000803951   -3.786e-05 -6.43134e-05
-0.000804121 -3.77322e-05 -6.54522e-05
-0.000804262 -3.76027e-05 -6.65878e-05
-0.000804373 -3.74714e-05   -6.772e-05
-0.000804455 -3.73384e-05 -6.88489e-05
-0.000804509 -3.72036e-05 -6.99741e-05
-0.000804534 -3.70671e-05 -7.10955e-05
-0.000804531 -3.69289e-05 -7.22131e-05
-0.000804501  -3.6789e-05 -7.33266e-05
-0.000804444 -3.66473e-05  -7.4436e-05
-0.000804359  -3.6504e-05 -7.55411e-05
-0.000804248 -3.63589e-05 -7.66418e-05
-0.000804111 -3.62122e-05  -7.7738e-05
-0.000803948 -3.60638e-05 -7.88296e-05
-0.000803759 -3.59137e-05 -7.99165e-05
-0.000803544  -3.5762e-05 -8.09986e-05
-0.000803305 -3.56086e-05 -8.20758e-05
 -0.00080304 -3.54535e-05 -8.31481e-05
-0.000802751 -3.52969e-05 -8.42152e-05
-0.000802438 -3.51386e-05 -8.52773e-05
-0.000802101 -3.49786e-05 -8.63341e-05
-0.000801741 -3.48171e-05 -8.73856e-05
-0.000801356 -3.46541e-05 -8.84318e-05
-0.000800949 -3.44894e-05 -8.94725e-05
-0.000800519 -3.43232e-05 -9.05078e-05
-0.000800066 -3.41554e-05 -9.15374e-05
-0.000799591 -3.39861e-05 -9.25615e-05
-0.000799093 -3.38152e-05 -9.35799e-05
-0.000798574 -3.36429e-05 -9.45926e-05
-0.000798033  -3.3469e-05 -9.55995e-05
-0.000797471 -3.32937e-05 -9.66006e-05
-0.000796887 -3.31169e-05 -9.75959e-05
-0.000796283 -3.29387e-05 -9.85852e-05
-0.000795658 -3.27589e-05 -9.95686e-05
-0.000795012 -3.25778e-05 -0.000100546
-0.000794346 -3.23953e-05 -0.000101517
-0.000793661 -3.22113e-05 -0.000102483
-0.000792955  -3.2026e-05 -0.000103442
 -0.00079223 -3.18393e-05 -0.000104395
-0.000791485 -3.16512e-05 -0.000105342
-0.000790722 -3.14618e-05 -0.000106283
-0.000789939 -3.12711e-05 -0.000107218
-0.000789138 -3.10791e-05 -0.000108147
-0.000788318 -3.08857e-05 -0.000109069
 -0.00078748 -3.06911e-05 -0.000109985
-0.000786624 -3.04952e-05 -0.000110895
-0.000785749 -3.02981e-05 -0.000111798
-0.000784858 -3.00998e-05 -0.000112695
-0.000783948 -2.99003e-05 -0.000113586
-0.000783022 -2.96995e-05 -0.000114471
-0.000782078 -2.94976e-05 -0.000115349
-0.000781117 -2.92945e-05 -0.000116221
 -0.00078014 -2.90903e-05 -0.000117086
-0.000779146 -2.88849e-05 -0.000117945
-0.000778135 -2.86784e-05 -0.000118798
-0.000777109 -2.84708e-05 -0.000119644
-0.000776066 -2.82622e-05 -0.000120484
-0.000775008 -2.80524e-05 -0.000121318
-0.000773934 -2.78417e-05 -0.000122145
-0.000772844 -2.76298e-05 -0.000122966
-0.000771739  -2.7417e-05  -0.00012378
-0.000770619 -2.72032e-05 -0.000124588
-0.000769484 -2.69884e-05  -0.00012539
-0.000768335 -2.67726e-05 -0.000126185
 -0.00076717 -2.65559e-05 -0.000126974
-0.000765992 -2.63383e-05 -0.000127756
-0.000764799 -2.61198e-05 -0.000128532
-0.000763592 -2.59003e-05 -0.000129302
-0.000762371   -2.568e-05 -0.000130065
-0.000761136 -2.54589e-05 -0.000130822
-0.000759887 -2.52369e-05 -0.000131572
-0.000758625  -2.5014e-05 -0.000132317
 -0.00075735 -2.47904e-05 -0.000133054
-0.000756062  -2.4566e-05 -0.000133786
 -0.00075476 -2.43408e-05 -0.000134511
-0.000753446 -2.41148e-05 -0.000135229
-0.000752119 -2.38881e-05 -0.000135942
 -0.00075078 -2.36607e-05 -0.000136648
-0.000749428 -2.34326e-05 -0.000137348
-0.000748064 -2.32038e-05 -0.000138041
-0.000746688 -2.29743e-05 -0.000138728
  -0.0007453 -2.27442e-05 -0.000139409
  -0.0007439 -2.25135e-05 -0.000140084
-0.000742489 -2.22822e-05 -0.000140752
-0.000741066 -2.20502e-05 -0.000141414
-0.000739632 -2.18177e-05  -0.00014207
-0.000738186 -2.15846e-05 -0.000142719
 -0.00073673  -2.1351e-05 -0.000143363
-0.000735262 -2.11168e-05    -0.000144
-0.000733784 -2.08821e-05 -0.000144631
-0.000732295 -2.06469e-05 -0.000145256
-0.000730796 -2.04113e-05 -0.000145875
-0.000729286 -2.01752e-05 -0.000146487
-0.000727766 -1.99387e-05 -0.000147094
-0.000726236 -1.97017e-05 -0.000147694
-0.000724696 -1.94643e-05 -0.000148288
-0.000723147 -1.92266e-05 -0.000148876
-0.000721587 -1.89884e-05 -0.000149458
-0.000720018 -1.87499e-05 -0.000150035
 -0.00071844 -1.85111e-05 -0.000150605
-0.000716852 -1.82719e-05 -0.000151169
-0.000715255 -1.80325e-05 -0.000151727
-0.000713649 -1.77927e-05 -0.000152279
-0.000712034 -1.75527e-05 -0.000152825
-0.000710411 -1.73125e-05 -0.000153365
-0.000708778 -1.70719e-05 -0.000153899
-0.000707137 -1.68312e-05 -0.000154428
-0.000705488 -1.65903e-05  -0.00015495
-0.000703831 -1.63492e-05 -0.000155467
-0.000702165 -1.61079e-05 -0.000155978
-0.000700491 -1.58665e-05 -0.000156483
 -0.00069881 -1.56249e-05 -0.000156982
 -0.00069712 -1.53832e-05 -0.000157475
-0.000695423 -1.51414e-05 -0.000157963
-0.000693719 -1.48996e-05 -0.000158445
-0.000692007 -1.46576e-05 -0.000158921
-0.000690287 -1.44156e-05 -0.000159391
-0.000688561 -1.41735e-05 -0.000159856
-0.000686827 -1.39315e-05 -0.000160315
 -0.00068628 -1.35583e-05 -0.000159955
-0.000685679 -1.31908e-05 -0.000159619
-0.000685024 -1.28287e-05 -0.000159304
-0.000684318 -1.24716e-05 -0.000159011
-0.000683561 -1.21194e-05 -0.000158738
-0.000682757 -1.17718e-05 -0.000158483
-0.000681906 -1.14285e-05 -0.000158247
-0.000682006 -1.10825e-05 -0.000157393
-0.000682019 -1.07399e-05 -0.000156579
-0.000681949 -1.04006e-05 -0.000155804
-0.000681798 -1.00643e-05 -0.000155067
 -0.00068157 -9.73102e-06 -0.000154364
-0.000681266  -9.4005e-06 -0.000153696
 -0.00068089 -9.07267e-06  -0.00015306
-0.000680445 -8.74736e-06 -0.000152454
-0.000679932 -8.42447e-06 -0.000151878
-0.000679353 -8.10387e-06 -0.000151329
-0.000678712 -7.78547e-06 -0.000150808
 -0.00067801 -7.46917e-06 -0.000150311
-0.000677249 -7.15486e-06 -0.000149839
-0.000676431 -6.84247e-06  -0.00014939
-0.000675559 -6.53189e-06 -0.000148963
-0.000674633 -6.22305e-06 -0.000148556
-0.000673656 -5.91586e-06  -0.00014817
-0.000672629 -5.61029e-06 -0.000147802
-0.000671554  -5.3062e-06 -0.000147452
-0.000670432 -5.00358e-06  -0.00014712
-0.000669266 -4.70235e-06 -0.000146803
-0.000668056 -4.40247e-06 -0.000146502
-0.000666804 -4.10387e-06 -0.000146216
-0.000665511 -3.80649e-06 -0.000145944
-0.000664178 -3.51031e-06 -0.000145684
-0.000662807 -3.21526e-06 -0.000145437
-0.000661399 -2.92132e-06 -0.000145203
-0.000659955 -2.62846e-06 -0.000144979
-0.000658476 -2.33659e-06 -0.000144766
-0.000656963 -2.04571e-06 -0.000144563
-0.000655418 -1.75578e-06 -0.000144369
-0.000653841 -1.46676e-06 -0.000144184
-0.000652233 -1.17864e-06 -0.000144008
-0.000650595 -8.91384e-07  -0.00014384
-0.000648928 -6.04971e-07 -0.000143679
-0.000647233 -3.19371e-07 -0.000143526
 -0.00064551 -3.45729e-08 -0.000143379
-0.000643761  2.49447e-07 -0.000143238
-0.000641987  5.32714e-07 -0.000143104
-0.000640187  8.15258e-07 -0.000142974
-0.000638363  1.09706e-06  -0.00014285
-0.000636516  1.37815e-06 -0.000142731
-0.000634646  1.65855e-06 -0.000142616
-0.000632753  1.93827e-06 -0.000142505
-0.000630839  2.21732e-06 -0.000142399
-0.000628904   2.4957e-06 -0.000142296
-0.000626948  2.77344e-06 -0.000142196
-0.000624973  3.05053e-06 -0.000142099
-0.000622978  3.32698e-06 -0.000142005
-0.000620965  3.60278e-06 -0.000141914
-0.000618933  3.87798e-06 -0.000141825
-0.000616884  4.15257e-06 -0.000141738
-0.000614817  4.42652e-06 -0.000141653
-0.000612734  4.69987e-06  -0.00014157
-0.000610634  4.97262e-06 -0.000141488
-0.000608519  5.24475e-06 -0.000141408
-0.000606388  5.51626e-06 -0.000141329
-0.000604242  5.78717e-06  -0.00014125
-0.000602082  6.05748e-06 -0.000141173
-0.000599907  6.32719e-06 -0.000141097
-0.000597718  6.59631e-06 -0.000141021
-0.000595516  6.86482e-06 -0.000140945
-0.000593301  7.13273e-06  -0.00014087
-0.000591073  7.40004e-06 -0.000140795
-0.000588832  7.66673e-06  -0.00014072
 -0.00058658  7.93281e-06 -0.000140645
-0.000584315  8.19828e-06  -0.00014057
 -0.00058204  8.46312e-06 -0.000140494
-0.000579753  8.72734e-06 -0.000140418
-0.000577455  8.99094e-06 -0.000140342
-0.000575147  9.25391e-06 -0.000140265
-0.000572829  9.51624e-06 -0.000140188
-0.000571462  9.79842e-06  -0.00013948
-0.000570041  1.00795e-05 -0.000138798
 -0.00056857  1.03593e-05 -0.000138139
-0.000567049  1.06381e-05 -0.000137504
-0.000565481  1.09157e-05  -0.00013689
-0.000563866  1.11923e-05 -0.000136297
-0.000562208  1.14677e-05 -0.000135724
-0.000560507   1.1742e-05  -0.00013517
-0.000558765  1.20152e-05 -0.000134634
-0.000556984  1.22873e-05 -0.000134115
-0.000555165  1.25583e-05 -0.000133612
-0.000553308  1.28282e-05 -0.000133125
-0.000551417   1.3097e-05 -0.000132652
-0.000549491  1.33647e-05 -0.000132193
-0.000547533  1.36313e-05 -0.000131748
-0.000545543  1.38969e-05 -0.000131315
-0.000543522  1.41614e-05 -0.000130893
-0.000541472  1.44248e-05 -0.000130484
-0.000539393  1.46871e-05 -0.000130085
-0.000537287  1.49483e-05 -0.000129696
-0.000535154  1.52085e-05 -0.000129317
-0.000532996  1.54676e-05 -0.000128947
-0.000530813  1.57256e-05 -0.000128586
-0.000528607  1.59826e-05 -0.000128233
-0.000526378  1.62385e-05 -0.000127888
-0.000524126  1.64932e-05  -0.00012755
-0.000521853   1.6747e-05 -0.000127219
 -0.00051956  1.69996e-05 -0.000126894
-0.000517247  1.72512e-05 -0.000126576
-0.000514915  1.75017e-05 -0.000126264
-0.000512564  1.77511e-05 -0.000125957
-0.000510195  1.79994e-05 -0.000125655
 -0.00050781  1.82467e-05 -0.000125358
-0.000505407  1.84928e-05 -0.000125066
-0.000502989  1.87379e-05 -0.000124778
-0.000500555  1.89818e-05 -0.000124494
-0.000498107  1.92247e-05 -0.000124214
-0.000495644  1.94665e-05 -0.000123937
-0.000493167  1.97072e-05 -0.000123664
-0.000490677  1.99468e-05 -0.000123394
-0.000488174  2.01852e-05 -0.000123126
-0.000485659  2.04226e-05 -0.000122862
-0.000483132  2.06588e-05 -0.000122599
-0.000480593   2.0894e-05 -0.000122339
-0.000478043   2.1128e-05 -0.000122081
-0.000475483  2.13608e-05 -0.000121825
-0.000472912  2.15926e-05 -0.000121571
-0.000470332  2.18232e-05 -0.000121318
-0.000467741  2.20527e-05 -0.000121067
-0.000465142  2.22811e-05 -0.000120818
-0.000462534  2.25083e-05 -0.000120569
-0.000459917  2.27343e-05 -0.000120322
-0.000457293  2.29592e-05 -0.000120075
 -0.00045466   2.3183e-05 -0.000119829
 -0.00045202  2.34055e-05 -0.000119585
-0.000449373   2.3627e-05  -0.00011934
-0.000446719  2.38472e-05 -0.000119096
-0.000444058  2.40663e-05 -0.000118853
-0.000441391  2.42842e-05  -0.00011861
-0.000438718  2.45009e-05 -0.000118368
-0.000436039  2.47164e-05 -0.000118125
-0.000433354  2.49307e-05 -0.000117883
-0.000430664  2.51438e-05  -0.00011764
 -0.00042797  2.53558e-05 -0.000117398
 -0.00042527  2.55665e-05 -0.000117156
-0.000422566   2.5776e-05 -0.000116913
-0.000419857  2.59843e-05  -0.00011667
-0.000417144  2.61913e-05 -0.000116427
-0.000414428  2.63972e-05 -0.000116184
-0.000411707  2.66018e-05  -0.00011594
-0.000408983  2.68051e-05 -0.000115696
-0.000406256  2.70072e-05 -0.000115452
-0.000403526  2.72081e-05 -0.000115207
-0.000400793  2.74077e-05 -0.000114961
-0.000398057   2.7606e-05 -0.000114715
-0.000395319  2.78032e-05 -0.000114468
-0.000392578   2.7999e-05  -0.00011422
-0.000389835  2.81936e-05 -0.000113972
 -0.00038709  2.83868e-05 -0.000113724
-0.000384343  2.85788e-05 -0.000113474
-0.000381595  2.87695e-05 -0.000113224
-0.000378845  2.89589e-05 -0.000112973
-0.000376094  2.91471e-05 -0.000112721
-0.000373342  2.93339e-05 -0.000112468
-0.000370588  2.95194e-05 -0.000112215
-0.000367834  2.97036e-05  -0.00011196
-0.000365079  2.98865e-05 -0.000111705
-0.000362324  3.00681e-05 -0.000111449
-0.000359568  3.02483e-05 -0.000111192
-0.000356811  3.04272e-05 -0.000110934
-0.000354055  3.06048e-05 -0.000110675
-0.000351299  3.07811e-05 -0.000110415
-0.000348542   3.0956e-05 -0.000110154
-0.000345786  3.11296e-05 -0.000109893
-0.000343031  3.13018e-05  -0.00010963
-0.000340276  3.14726e-05 -0.000109366
-0.000337522  3.16421e-05 -0.000109102
-0.000334768  3.18102e-05 -0.000108836
-0.000332015   3.1977e-05  -0.00010857
-0.000329264  3.21424e-05 -0.000108302
-0.000326513  3.23064e-05 -0.000108034
-0.000323764   3.2469e-05 -0.000107764
-0.000321016  3.26303e-05 -0.000107494
 -0.00031827  3.27902e-05 -0.000107222
-0.000315525  3.29486e-05  -0.00010695
-0.000312782  3.31057e-05 -0.000106676
-0.000310041  3.32614e-05 -0.000106402
-0.000307302  3.34156e-05 -0.000106127
-0.000304565  3.35685e-05  -0.00010585
 -0.00030183    3.372e-05 -0.000105573
-0.000299097    3.387e-05 -0.000105295
-0.000296367  3.40186e-05 -0.000105015
-0.000293639  3.41658e-05 -0.000104735
-0.000290914  3.43116e-05 -0.000104454
-0.000288191  3.44559e-05 -0.000104172
-0.000285471  3.45992e-05 -0.000103888
-0.000282754   3.4741e-05 -0.000103604
 -0.00028004  3.48813e-05 -0.000103319
 -0.00027733    3.502e-05 -0.000103033
-0.000274622  3.51572e-05 -0.000102746
-0.000271918  3.52928e-05 -0.000102459
-0.000269217  3.54269e-05  -0.00010217
-0.000266519  3.55595e-05  -0.00010188
-0.000263825  3.56905e-05  -0.00010159
-0.000261135    3.582e-05 -0.000101298
-0.000258448  3.59484e-05 -0.000101006
-0.000255765  3.60754e-05 -0.000100713
-0.000253086  3.62009e-05 -0.000100419
-0.000250411  3.63248e-05 -0.000100124
-0.000247741  3.64474e-05 -9.98284e-05
-0.000245074  3.65685e-05 -9.95319e-05
-0.000242412   3.6688e-05 -9.92345e-05
-0.000239754  3.68062e-05 -9.89363e-05
  -0.0002371  3.69228e-05 -9.86373e-05
-0.000234451  3.70379e-05 -9.83376e-05
-0.000231806  3.71516e-05  -9.8037e-05
-0.000229166  3.72638e-05 -9.77356e-05
-0.000226531  3.73744e-05 -9.74335e-05
-0.000223901  3.74836e-05 -9.71306e-05
-0.000221276  3.75913e-05  -9.6827e-05
-0.000218655  3.76974e-05 -9.65226e-05
 -0.00021604  3.78022e-05 -9.62176e-05
 -0.00021343  3.79053e-05 -9.59118e-05
-0.000210825   3.8007e-05 -9.56053e-05
-0.000208225  3.81072e-05 -9.52981e-05
-0.000205631  3.82059e-05 -9.49902e-05
-0.000203042   3.8303e-05 -9.46817e-05
-0.000200459  3.83987e-05 -9.43725e-05
-0.000197881  3.84928e-05 -9.40627e-05
-0.000195309  3.85855e-05 -9.37522e-05
-0.000192743  3.86766e-05 -9.34411e-05
-0.000190182  3.87662e-05 -9.31294e-05
-0.000187628  3.88543e-05 -9.28171e-05
-0.000185079  3.89409e-05 -9.25042e-05
-0.000182536   3.9026e-05 -9.21907e-05
    -0.00018  3.91096e-05 -9.18767e-05
-0.000177469  3.91916e-05 -9.15621e-05
-0.000174945  3.92721e-05  -9.1247e-05
-0.000172427  3.93511e-05 -9.09313e-05
-0.000169916  3.94286e-05 -9.06151e-05
 -0.00016741  3.95046e-05 -9.02985e-05
-0.000164912  3.95791e-05 -8.99813e-05
 -0.00016242   3.9652e-05 -8.96636e-05
-0.000159934  3.97234e-05 -8.93455e-05
-0.000157455  3.97933e-05 -8.90269e-05
-0.000154983  3.98616e-05 -8.87078e-05
-0.000152518  3.99285e-05 -8.83883e-05
 -0.00015006  3.99938e-05 -8.80684e-05
-0.000147608  4.00576e-05 -8.77481e-05
-0.000145164  4.01199e-05 -8.74274e-05
-0.000142726  4.01807e-05 -8.71063e-05
-0.000140296  4.02399e-05 -8.67848e-05
-0.000137873  4.02977e-05  -8.6463e-05
-0.000135457  4.03539e-05 -8.61408e-05
-0.000133048  4.04086e-05 -8.58182e-05
-0.000130647  4.04617e-05 -8.54954e-05
-0.000128253  4.05134e-05 -8.51722e-05
-0.000125866  4.05635e-05 -8.48487e-05
-0.000123487  4.06117e-05 -8.45249e-05
-0.000121116  4.06584e-05 -8.42009e-05
-0.000118752  4.07037e-05 -8.38765e-05
-0.000116396  4.07475e-05 -8.35519e-05
-0.000114047  4.07899e-05 -8.32271e-05
-0.000111706  4.08308e-05  -8.2902e-05
-0.000109374  4.08703e-05 -8.25768e-05
-0.000107049  4.09083e-05 -8.22513e-05
-0.000104732  4.09449e-05 -8.19256e-05
-0.000102423  4.09801e-05 -8.15997e-05
-0.000100122  4.10138e-05 -8.12736e-05
-9.78286e-05  4.10461e-05 -8.09474e-05
-9.55438e-05  4.10769e-05 -8.06211e-05
-9.32672e-05  4.11063e-05 -8.02945e-05
-9.09988e-05  4.11342e-05 -7.99679e-05
-8.87387e-05  4.11607e-05 -7.96412e-05
-8.64869e-05  4.11852e-05 -7.93143e-05
-8.42435e-05  4.12082e-05 -7.89874e-05
-8.20084e-05  4.12297e-05 -7.86603e-05
-7.97819e-05  4.12497e-05 -7.83332e-05
-7.75638e-05  4.12682e-05  -7.8006e-05
-7.53543e-05  4.12853e-05 -7.76788e-05
-7.31534e-05  4.13009e-05 -7.73516e-05
-7.09612e-05  4.13149e-05 -7.70243e-05
-6.87776e-05  4.13276e-05 -7.66971e-05
-6.66028e-05  4.13387e-05 -7.63698e-05
-6.44367e-05  4.13483e-05 -7.60425e-05
-6.22795e-05  4.13565e-05 -7.57152e-05
-6.01311e-05  4.13632e-05  -7.5388e-05
-5.79916e-05  4.13685e-05 -7.50608e-05
 -5.5861e-05  4.13723e-05 -7.47337e-05
-5.37393e-05  4.13746e-05 -7.44066e-05
-5.06631e-05  4.13352e-05 -7.47108e-05
-4.76418e-05   4.1296e-05 -7.49872e-05
-4.46736e-05  4.12568e-05 -7.52368e-05
-4.17569e-05  4.12176e-05 -7.54608e-05
-3.88901e-05  4.11784e-05 -7.56604e-05
-3.60717e-05   4.1139e-05 -7.58364e-05
-3.33003e-05  4.10995e-05 -7.59901e-05
-3.05746e-05  4.10598e-05 -7.61222e-05
-2.78931e-05  4.10198e-05 -7.62338e-05
-2.52546e-05  4.09796e-05 -7.63256e-05
-2.26577e-05  4.09395e-05 -7.63986e-05
-2.01015e-05  4.08988e-05 -7.64535e-05
-1.75846e-05  4.08576e-05 -7.64912e-05
-1.51062e-05  4.08159e-05 -7.65123e-05
 -1.2665e-05  4.07735e-05 -7.65176e-05
-1.02601e-05  4.07304e-05 -7.65077e-05
-7.89053e-06  4.06867e-05 -7.64834e-05
-5.55538e-06  4.06428e-05 -7.64452e-05
-3.25377e-06  4.05984e-05 -7.63937e-05
-9.84779e-07  4.05533e-05 -7.63296e-05
 1.25238e-06  4.05075e-05 -7.62533e-05
 3.45848e-06  4.04611e-05 -7.61654e-05
 5.63431e-06   4.0414e-05 -7.60665e-05
 7.78061e-06  4.03662e-05 -7.59569e-05
   9.898e-06  4.03177e-05 -7.58372e-05
 1.19872e-05  4.02684e-05 -7.57078e-05
 1.40489e-05  4.02183e-05 -7.55691e-05
 1.60836e-05  4.01674e-05 -7.54216e-05
  1.8092e-05  4.01158e-05 -7.52657e-05
 2.00746e-05  4.00633e-05 -7.51017e-05
  2.2032e-05  4.00099e-05 -7.49299e-05
 2.39648e-05  3.99558e-05 -7.47509e-05
 2.58733e-05  3.99007e-05 -7.45648e-05
2.77581e-05 3.98448e-05 -7.4372e-05
 2.96198e-05  3.97879e-05 -7.41729e-05
 3.14587e-05  3.97302e-05 -7.39677e-05
 3.32752e-05  3.96716e-05 -7.37566e-05
 3.50698e-05   3.9612e-05 -7.35401e-05
 3.68429e-05  3.95515e-05 -7.33183e-05
 3.85949e-05  3.94901e-05 -7.30915e-05
 4.03261e-05  3.94277e-05 -7.28599e-05
 4.20369e-05  3.93643e-05 -7.26237e-05
 4.37276e-05     3.93e-05 -7.23833e-05
 4.53986e-05  3.92347e-05 -7.21388e-05
 4.70502e-05  3.91684e-05 -7.18903e-05
 4.86826e-05  3.91012e-05 -7.16382e-05
 5.02963e-05  3.90329e-05 -7.13826e-05
 5.18914e-05  3.89637e-05 -7.11236e-05
 5.34682e-05  3.88935e-05 -7.08616e-05
 5.50271e-05  3.88223e-05 -7.05965e-05
 5.65682e-05    3.875e-05 -7.03286e-05
 5.80918e-05  3.86768e-05 -7.00581e-05
5.95981e-05 3.86025e-05 -6.9785e-05
 6.10874e-05  3.85273e-05 -6.95096e-05
 6.25599e-05   3.8451e-05 -6.92319e-05
 6.40158e-05  3.83737e-05 -6.89522e-05
 6.54553e-05  3.82954e-05 -6.86705e-05
 6.68785e-05  3.82161e-05 -6.83869e-05
 6.82857e-05  3.81357e-05 -6.81017e-05
  6.9677e-05  3.80543e-05 -6.78148e-05
 7.10527e-05   3.7972e-05 -6.75263e-05
 7.24128e-05  3.78886e-05 -6.72365e-05
 7.37576e-05  3.78041e-05 -6.69454e-05
 7.50872e-05  3.77187e-05 -6.66531e-05
 7.64017e-05  3.76322e-05 -6.63597e-05
 7.77013e-05  3.75447e-05 -6.60653e-05
 7.89863e-05  3.74562e-05 -6.57699e-05
 8.02566e-05  3.73667e-05 -6.54737e-05
 8.15124e-05  3.72762e-05 -6.51767e-05
8.27539e-05 3.71846e-05 -6.4879e-05
 8.39811e-05  3.70921e-05 -6.45807e-05
 8.51942e-05  3.69985e-05 -6.42819e-05
 8.63933e-05  3.69039e-05 -6.39825e-05
 8.75786e-05  3.68083e-05 -6.36828e-05
   8.875e-05  3.67118e-05 -6.33827e-05
 8.99078e-05  3.66142e-05 -6.30823e-05
  9.1052e-05  3.65156e-05 -6.27817e-05
 9.21827e-05  3.64161e-05 -6.24809e-05
9.33001e-05 3.63155e-05  -6.218e-05
9.44042e-05  3.6214e-05 -6.1879e-05
9.54951e-05 3.61115e-05 -6.1578e-05
 9.65728e-05   3.6008e-05 -6.12771e-05
 9.76376e-05  3.59035e-05 -6.09762e-05
 9.86895e-05  3.57981e-05 -6.06755e-05
 9.97285e-05  3.56917e-05 -6.03749e-05
 0.000100755  3.55843e-05 -6.00745e-05
 0.000101768   3.5476e-05 -5.97744e-05
 0.000102769  3.53668e-05 -5.94746e-05
 0.000103757  3.52566e-05 -5.91751e-05
 0.000105735  3.50895e-05 -5.95123e-05
 0.000107653  3.49237e-05 -5.98215e-05
 0.000109513  3.47591e-05 -6.01037e-05
 0.000111317  3.45957e-05 -6.03602e-05
 0.000113067  3.44333e-05 -6.05921e-05
 0.000114763  3.42719e-05 -6.08003e-05
0.000117617 3.39071e-05 -6.1819e-05
 0.000119159  3.37569e-05 -6.19479e-05
 0.000121862   3.3403e-05 -6.28863e-05
 0.000123258  3.32628e-05 -6.29426e-05
 0.000125821  3.29186e-05 -6.38068e-05
 0.00012829 3.25836e-05 -6.4619e-05
 0.000130667  3.22575e-05 -6.53815e-05
 0.000131747  3.21427e-05 -6.52777e-05
 0.000134003  3.18232e-05 -6.59794e-05
 0.000136174  3.15115e-05 -6.66357e-05
 0.000138264  3.12072e-05 -6.72485e-05
 0.000140273  3.09099e-05 -6.78196e-05
 0.000142206  3.06191e-05 -6.83506e-05
 0.000144064  3.03345e-05 -6.88432e-05
 0.00014585 3.00558e-05 -6.9299e-05
 0.000147565  2.97825e-05 -6.97193e-05
 0.000149212  2.95144e-05 -7.01058e-05
 0.000150792  2.92511e-05 -7.04598e-05
 0.000152308  2.89923e-05 -7.07826e-05
 0.000153762  2.87378e-05 -7.10755e-05
 0.000155154  2.84872e-05 -7.13398e-05
 0.000156488  2.82403e-05 -7.15766e-05
 0.000157765  2.79969e-05 -7.17871e-05
 0.000158986  2.77567e-05 -7.19725e-05
 0.000160153  2.75196e-05 -7.21337e-05
 0.000161267  2.72852e-05 -7.22718e-05
 0.000162331  2.70534e-05 -7.23877e-05
 0.000163344  2.68241e-05 -7.24825e-05
  0.00016431  2.65969e-05 -7.25569e-05
0.000165229 2.63719e-05 -7.2612e-05
 0.000166102  2.61487e-05 -7.26485e-05
 0.000166931  2.59272e-05 -7.26672e-05
0.000167717 2.57073e-05 -7.2669e-05
 0.000168461  2.54889e-05 -7.26545e-05
 0.000169164  2.52718e-05 -7.26245e-05
 0.000169827  2.50559e-05 -7.25797e-05
 0.000170452  2.48411e-05 -7.25208e-05
  0.00017104  2.46272e-05 -7.24484e-05
 0.00017159 2.44142e-05 -7.2363e-05
 0.000172105   2.4202e-05 -7.22654e-05
 0.000172585  2.39904e-05 -7.21561e-05
 0.000173032  2.37793e-05 -7.20355e-05
 0.000173446  2.35688e-05 -7.19044e-05
 0.000173827  2.33586e-05 -7.17631e-05
 0.000174177  2.31487e-05 -7.16121e-05
0.000174497 2.29391e-05 -7.1452e-05
 0.000174788  2.27297e-05 -7.12832e-05
0.000175049 2.25204e-05 -7.1106e-05
0.000175282 2.23112e-05 -7.0921e-05
 0.000175487  2.21019e-05 -7.07286e-05
0.000175666 2.18926e-05 -7.0529e-05
 0.000175819  2.16831e-05 -7.03228e-05
 0.000175946  2.14735e-05 -7.01102e-05
 0.000176048  2.12637e-05 -6.98917e-05
 0.000176125  2.10536e-05 -6.96675e-05
  0.00017618  2.08433e-05 -6.94379e-05
  0.00017621  2.06326e-05 -6.92033e-05
0.000176219 2.04215e-05 -6.8964e-05
 0.000176205  2.02101e-05 -6.87203e-05
  0.00017617  1.99982e-05 -6.84724e-05
 0.000176113  1.97858e-05 -6.82205e-05
0.000176036  1.9573e-05 -6.7965e-05
 0.000175939  1.93597e-05 -6.77061e-05
0.000175822 1.91458e-05 -6.7444e-05
0.000175687 1.89314e-05 -6.7179e-05
 0.000175532  1.87164e-05 -6.69113e-05
0.000175359 1.85009e-05 -6.6641e-05
 0.000175168  1.82847e-05 -6.63684e-05
 0.000174959  1.80679e-05 -6.60937e-05
0.000174734 1.78505e-05 -6.5817e-05
 0.000174491  1.76324e-05 -6.55386e-05
 0.000174233  1.74136e-05 -6.52586e-05
 0.000173958  1.71942e-05 -6.49772e-05
 0.000173667  1.69741e-05 -6.46945e-05
 0.000173361  1.67534e-05 -6.44107e-05
 0.00017304 1.65319e-05 -6.4126e-05
 0.000172704  1.63098e-05 -6.38404e-05
 0.000172354  1.60869e-05 -6.35542e-05
  0.00017199  1.58633e-05 -6.32674e-05
 0.000171612  1.56391e-05 -6.29802e-05
  0.00017122  1.54141e-05 -6.26926e-05
 0.000170815  1.51884e-05 -6.24049e-05
 0.000170397   1.4962e-05 -6.21171e-05
 0.000169967  1.47349e-05 -6.18294e-05
 0.000169523  1.45071e-05 -6.15418e-05
 0.000169068  1.42785e-05 -6.12544e-05
 0.000168601  1.40493e-05 -6.09673e-05
 0.000168122  1.38194e-05 -6.06807e-05
 0.000167631  1.35887e-05 -6.03946e-05
0.000167129 1.33574e-05 -6.0109e-05
 0.000166616  1.31254e-05 -5.98242e-05
 0.000166093  1.28927e-05 -5.95401e-05
 0.000165558  1.26593e-05 -5.92568e-05
 0.000165013  1.24252e-05 -5.89745e-05
0.000164458 1.21905e-05 -5.8693e-05
 0.000163893  1.19551e-05 -5.84127e-05
 0.000163319  1.17191e-05 -5.81334e-05
 0.000162734  1.14824e-05 -5.78553e-05
  0.00016214  1.12451e-05 -5.75784e-05
 0.000161537  1.10071e-05 -5.73028e-05
 0.000160924  1.07686e-05 -5.70285e-05
 0.000160303  1.05294e-05 -5.67556e-05
 0.000159673  1.02896e-05 -5.64841e-05
 0.000159034  1.00493e-05 -5.62141e-05
 0.000158387  9.80831e-06 -5.59456e-05
 0.000157732  9.56679e-06 -5.56786e-05
 0.000157069  9.32473e-06 -5.54133e-05
 0.000156397  9.08209e-06 -5.51496e-05
 0.000155718  8.83892e-06 -5.48876e-05
 0.000155031  8.59523e-06 -5.46273e-05
 0.000154336  8.35103e-06 -5.43688e-05
0.000153634 8.10633e-06 -5.4112e-05
 0.000152925  7.86114e-06 -5.38571e-05
 0.000152209  7.61546e-06 -5.36039e-05
 0.000151485  7.36933e-06 -5.33527e-05
 0.000150755  7.12272e-06 -5.31034e-05
0.000150018 6.87568e-06 -5.2856e-05
 0.000149275  6.62821e-06 -5.26105e-05
0.000148525 6.38032e-06 -5.2367e-05
 0.000147768  6.13203e-06 -5.21256e-05
 0.000147006  5.88335e-06 -5.18861e-05
 0.000146237  5.63427e-06 -5.16487e-05
 0.000145462  5.38482e-06 -5.14133e-05
0.000144681 5.13504e-06  -5.118e-05
 0.000143895  4.88491e-06 -5.09488e-05
 0.000143102  4.63445e-06 -5.07197e-05
 0.000142305  4.38369e-06 -5.04928e-05
 0.000141501  4.13262e-06 -5.02679e-05
 0.000140693  3.88129e-06 -5.00452e-05
 0.000139879  3.62968e-06 -4.98247e-05
 0.000139059  3.37781e-06 -4.96064e-05
 0.000138235  3.12569e-06 -4.93902e-05
 0.000137406  2.87334e-06 -4.91762e-05
 0.000136572  2.62078e-06 -4.89645e-05
 0.000135733  2.36802e-06 -4.87549e-05
 0.000134889  2.11506e-06 -4.85476e-05
 0.000134041  1.86194e-06 -4.83425e-05
 0.000133188  1.60866e-06 -4.81396e-05
0.000132331 1.35523e-06 -4.7939e-05
 0.000131469  1.10168e-06 -4.77406e-05
 0.000130603  8.48001e-07 -4.75445e-05
 0.000129733  5.94231e-07 -4.73506e-05
0.000128859 3.40382e-07 -4.7159e-05
 0.000127981  8.64466e-08 -4.69697e-05
 0.000127099 -1.67553e-07 -4.67826e-05
 0.000126213 -4.21595e-07 -4.65978e-05
 0.000125323 -6.75664e-07 -4.64153e-05
  0.00012443 -9.29753e-07 -4.62351e-05
 0.000123533 -1.18384e-06 -4.60571e-05
 0.000122632 -1.43791e-06 -4.58814e-05
 0.000121728 -1.69194e-06  -4.5708e-05
 0.000120821 -1.94595e-06 -4.55369e-05
  0.00011991 -2.19991e-06 -4.53681e-05
 0.000118996 -2.45379e-06 -4.52015e-05
 0.000118079 -2.70758e-06 -4.50372e-05
 0.000117158 -2.96127e-06 -4.48752e-05
 0.000116235 -3.21486e-06 -4.47155e-05
 0.000115309 -3.46834e-06  -4.4558e-05
  0.00011438 -3.72166e-06 -4.44028e-05
 0.000113448 -3.97484e-06 -4.42499e-05
 0.000112513 -4.22784e-06 -4.40992e-05
 0.000111575 -4.48066e-06 -4.39508e-05
 0.000110635 -4.73327e-06 -4.38046e-05
 0.000109692 -4.98569e-06 -4.36607e-05
 0.000108747 -5.23788e-06 -4.35191e-05
 0.000107799 -5.48983e-06 -4.33797e-05
 0.000106849 -5.74153e-06 -4.32426e-05
 0.000105897 -5.99296e-06 -4.31077e-05
 0.000104942 -6.24412e-06  -4.2975e-05
 0.000103985 -6.49497e-06 -4.28445e-05
 0.000103026 -6.74551e-06 -4.27163e-05
 0.000102065 -6.99575e-06 -4.25903e-05
 0.000101102 -7.24565e-06 -4.24665e-05
 0.000100137  -7.4952e-06 -4.23449e-05
 9.91699e-05 -7.74439e-06 -4.22255e-05
 9.82011e-05  -7.9932e-06 -4.21083e-05
 9.72304e-05 -8.24161e-06 -4.19933e-05
 9.62579e-05 -8.48887e-06 -4.18805e-05
 9.52838e-05 -8.73581e-06 -4.17698e-05
  9.4308e-05 -8.98243e-06 -4.16613e-05
 9.33307e-05 -9.22869e-06  -4.1555e-05
 9.23518e-05 -9.47458e-06 -4.14508e-05
 9.13714e-05 -9.72006e-06 -4.13488e-05
 9.03896e-05 -9.96518e-06 -4.12489e-05
 8.94064e-05 -1.02099e-05 -4.11511e-05
 8.84219e-05 -1.04541e-05 -4.10555e-05
 8.74361e-05 -1.06979e-05  -4.0962e-05
 8.64491e-05 -1.09413e-05 -4.08706e-05
  8.5461e-05 -1.11842e-05 -4.07813e-05
 8.44717e-05 -1.14266e-05 -4.06941e-05
 8.34813e-05 -1.16685e-05  -4.0609e-05
 8.24899e-05 -1.19099e-05 -4.05259e-05
 8.14976e-05 -1.21507e-05  -4.0445e-05
 8.05042e-05  -1.2391e-05 -4.03661e-05
   7.951e-05 -1.26308e-05 -4.02892e-05
  7.8515e-05 -1.28699e-05 -4.02144e-05
 7.75192e-05 -1.31085e-05 -4.01416e-05
 7.65226e-05 -1.33465e-05 -4.00709e-05
 7.55253e-05 -1.35831e-05 -4.00021e-05
 7.45273e-05  -1.3819e-05 -3.99354e-05
 7.35287e-05 -1.40543e-05 -3.98706e-05
 7.25295e-05 -1.42888e-05 -3.98079e-05
 7.15298e-05 -1.45226e-05 -3.97471e-05
 7.05296e-05 -1.47557e-05 -3.96883e-05
  6.9529e-05  -1.4988e-05 -3.96315e-05
 6.85279e-05 -1.52196e-05 -3.95766e-05
 6.75265e-05 -1.54505e-05 -3.95237e-05
 6.65248e-05 -1.56805e-05 -3.94726e-05
 6.55228e-05 -1.59098e-05 -3.94235e-05
 6.45206e-05 -1.61383e-05 -3.93764e-05
 6.35181e-05  -1.6366e-05 -3.93311e-05
 6.25155e-05 -1.65928e-05 -3.92877e-05
 6.15128e-05 -1.68189e-05 -3.92463e-05
   6.051e-05 -1.70441e-05 -3.92066e-05
 5.95071e-05 -1.72684e-05 -3.91689e-05
 5.85043e-05 -1.74919e-05  -3.9133e-05
 5.75014e-05 -1.77146e-05  -3.9099e-05
 5.64987e-05 -1.79363e-05 -3.90667e-05
  5.5496e-05 -1.81572e-05 -3.90364e-05
 5.44935e-05 -1.83772e-05 -3.90078e-05
 5.34912e-05 -1.85962e-05  -3.8981e-05
 5.24891e-05 -1.88143e-05 -3.89561e-05
 5.14872e-05 -1.90315e-05 -3.89329e-05
 5.04857e-05 -1.92478e-05 -3.89115e-05
 4.94845e-05 -1.94631e-05 -3.88918e-05
 4.84836e-05 -1.96774e-05 -3.88739e-05
 4.74831e-05 -1.98908e-05 -3.88578e-05
 4.64831e-05 -2.01032e-05 -3.88434e-05
 4.54835e-05 -2.03146e-05 -3.88307e-05
 4.44844e-05  -2.0525e-05 -3.88197e-05
 4.34858e-05 -2.07344e-05 -3.88105e-05
 4.24878e-05 -2.09428e-05 -3.88029e-05
 4.14905e-05 -2.11502e-05  -3.8797e-05
 4.04937e-05 -2.13565e-05 -3.87928e-05
 3.94976e-05 -2.15618e-05 -3.87902e-05
 3.85022e-05  -2.1766e-05 -3.87893e-05
 3.75075e-05 -2.19692e-05   -3.879e-05
 3.65135e-05 -2.21713e-05 -3.87924e-05
 3.55204e-05 -2.23723e-05 -3.87964e-05
  3.4528e-05 -2.25722e-05 -3.88019e-05
 3.35366e-05  -2.2771e-05 -3.88091e-05
 3.25459e-05 -2.29687e-05 -3.88179e-05
 3.15562e-05 -2.31654e-05 -3.88283e-05
 3.05675e-05 -2.33608e-05 -3.88402e-05
 2.95797e-05 -2.35552e-05 -3.88537e-05
 2.85928e-05 -2.37484e-05 -3.88687e-05
 2.76071e-05 -2.39405e-05 -3.88853e-05
 2.66224e-05 -2.41314e-05 -3.89034e-05
 2.56388e-05 -2.43211e-05  -3.8923e-05
 2.46562e-05 -2.45097e-05 -3.89441e-05
 2.36748e-05 -2.46971e-05 -3.89667e-05
 2.26946e-05 -2.48833e-05 -3.89908e-05
 2.17156e-05 -2.50684e-05 -3.90164e-05
 2.07377e-05 -2.52522e-05 -3.90434e-05
 1.97611e-05 -2.54348e-05 -3.90719e-05
 1.87858e-05 -2.56162e-05 -3.91018e-05
 1.78118e-05 -2.57964e-05 -3.91331e-05
 1.68391e-05 -2.59754e-05 -3.91659e-05
 1.58678e-05 -2.61531e-05 -3.92001e-05
 1.48978e-05 -2.63296e-05 -3.92357e-05
 1.39292e-05 -2.65048e-05 -3.92726e-05
 1.29621e-05 -2.66788e-05  -3.9311e-05
 1.19964e-05 -2.68516e-05 -3.93507e-05
 1.10321e-05  -2.7023e-05 -3.93918e-05
 1.00694e-05 -2.71932e-05 -3.94342e-05
 9.10817e-06 -2.73621e-05  -3.9478e-05
 8.14851e-06 -2.75298e-05 -3.95231e-05
 7.19037e-06 -2.76961e-05 -3.95695e-05
 6.23385e-06 -2.78611e-05 -3.96172e-05
 5.27892e-06 -2.80249e-05 -3.96662e-05
 4.32564e-06 -2.81873e-05 -3.97165e-05
 3.37407e-06 -2.83484e-05 -3.97681e-05
 2.42413e-06 -2.85082e-05 -3.98209e-05
 1.47589e-06 -2.86667e-05  -3.9875e-05
 5.29358e-07 -2.88238e-05 -3.99304e-05
-4.15379e-07 -2.89797e-05 -3.99869e-05
-1.35843e-06 -2.91341e-05 -4.00447e-05
-2.29962e-06 -2.92872e-05 -4.01037e-05
-3.23908e-06  -2.9439e-05  -4.0164e-05
-4.17667e-06 -2.95894e-05 -4.02254e-05
-5.11243e-06 -2.97385e-05  -4.0288e-05
 -6.0463e-06 -2.98862e-05 -4.03517e-05
-6.97822e-06 -3.00325e-05 -4.04166e-05
-7.90835e-06 -3.01775e-05 -4.04827e-05
-8.83647e-06 -3.03211e-05   -4.055e-05
-9.76267e-06 -3.04633e-05 -4.06183e-05
-1.06869e-05 -3.06041e-05 -4.06878e-05
-1.16092e-05 -3.07435e-05 -4.07584e-05
-1.25294e-05 -3.08816e-05 -4.08301e-05
-1.34477e-05 -3.10182e-05 -4.09029e-05
-1.43639e-05 -3.11534e-05 -4.09768e-05
-1.52781e-05 -3.12873e-05 -4.10517e-05
-1.61901e-05 -3.14197e-05 -4.11277e-05
-1.71001e-05 -3.15507e-05 -4.12048e-05
 -1.8008e-05 -3.16803e-05 -4.12829e-05
-1.89137e-05 -3.18085e-05 -4.13621e-05
-1.98173e-05 -3.19352e-05 -4.14422e-05
-2.07188e-05 -3.20606e-05 -4.15234e-05
 -2.1618e-05 -3.21845e-05 -4.16056e-05
-2.25152e-05 -3.23069e-05 -4.16888e-05
 -2.341e-05 -3.2428e-05 -4.1773e-05
-2.43027e-05 -3.25476e-05 -4.18581e-05
-2.51931e-05 -3.26657e-05 -4.19442e-05
-2.60812e-05 -3.27825e-05 -4.20313e-05
-2.69671e-05 -3.28978e-05 -4.21193e-05
-2.78507e-05 -3.30116e-05 -4.22083e-05
 -2.8732e-05  -3.3124e-05 -4.22981e-05
 -2.9611e-05 -3.32349e-05 -4.23889e-05
-3.04877e-05 -3.33444e-05 -4.24806e-05
 -3.1362e-05 -3.34524e-05 -4.25733e-05
-3.22339e-05  -3.3559e-05 -4.26667e-05
-3.31035e-05 -3.36641e-05 -4.27611e-05
-3.39707e-05 -3.37678e-05 -4.28564e-05
-3.48355e-05 -3.38699e-05 -4.29525e-05
-3.56979e-05 -3.39707e-05 -4.30495e-05
-3.65578e-05 -3.40699e-05 -4.31473e-05
-3.74154e-05 -3.41677e-05 -4.32459e-05
-3.82704e-05 -3.42641e-05 -4.33454e-05
 -3.9123e-05 -3.43589e-05 -4.34457e-05
-3.99732e-05 -3.44523e-05 -4.35468e-05
-4.08208e-05 -3.45443e-05 -4.36487e-05
-4.16659e-05 -3.46347e-05 -4.37514e-05
-4.25085e-05 -3.47237e-05 -4.38549e-05
-4.33487e-05 -3.48112e-05 -4.39591e-05
-4.41862e-05 -3.48972e-05 -4.40641e-05
-4.50213e-05 -3.49818e-05 -4.41698e-05
-4.58537e-05 -3.50649e-05 -4.42763e-05
-4.66836e-05 -3.51465e-05 -4.43836e-05
-4.75109e-05 -3.52266e-05 -4.44915e-05
-4.83356e-05 -3.53053e-05 -4.46002e-05
-4.91578e-05 -3.53824e-05 -4.47096e-05
-4.99773e-05 -3.54582e-05 -4.48197e-05
-5.07942e-05 -3.55324e-05 -4.49304e-05
-5.16084e-05 -3.56051e-05 -4.50419e-05
-5.24201e-05 -3.56764e-05  -4.5154e-05
 -5.3229e-05 -3.57462e-05 -4.52669e-05
-5.40354e-05 -3.58146e-05 -4.53803e-05
 -5.4839e-05 -3.58814e-05 -4.54944e-05
-5.56399e-05 -3.59468e-05 -4.56092e-05
-5.64382e-05 -3.60107e-05 -4.57245e-05
-5.72337e-05 -3.60732e-05 -4.58406e-05
-5.80266e-05 -3.61341e-05 -4.59572e-05
-5.88167e-05 -3.61936e-05 -4.60744e-05
-5.96042e-05 -3.62517e-05 -4.61922e-05
-6.03888e-05 -3.63082e-05 -4.63107e-05
-6.11709e-05 -3.63633e-05 -4.64297e-05
  -6.195e-05 -3.64169e-05 -4.65493e-05
-6.27265e-05 -3.64691e-05 -4.66694e-05
-6.35002e-05 -3.65198e-05 -4.67901e-05
-6.42711e-05  -3.6569e-05 -4.69114e-05
-6.50392e-05 -3.66168e-05 -4.70331e-05
-6.58045e-05 -3.66631e-05 -4.71555e-05
-6.65671e-05  -3.6708e-05 -4.72783e-05
-6.73269e-05 -3.67514e-05 -4.74017e-05
-6.80838e-05 -3.67934e-05 -4.75256e-05
-6.88379e-05 -3.68339e-05   -4.765e-05
-6.95893e-05 -3.68729e-05 -4.77748e-05
-7.03377e-05 -3.69105e-05 -4.79002e-05
-7.10834e-05 -3.69467e-05  -4.8026e-05
-7.18263e-05 -3.69814e-05 -4.81524e-05
-7.25663e-05 -3.70147e-05 -4.82791e-05
-7.33034e-05 -3.70465e-05 -4.84063e-05
-7.40377e-05 -3.70769e-05  -4.8534e-05
-7.47691e-05 -3.71059e-05 -4.86622e-05
-7.54977e-05 -3.71334e-05 -4.87907e-05
-7.62234e-05 -3.71596e-05 -4.89197e-05
-7.69462e-05 -3.71842e-05 -4.90491e-05
-7.76661e-05 -3.72075e-05 -4.91789e-05
-7.83832e-05 -3.72294e-05 -4.93091e-05
-7.90974e-05 -3.72498e-05 -4.94397e-05
-7.98086e-05 -3.72688e-05 -4.95707e-05
 -8.0517e-05 -3.72864e-05 -4.97021e-05
-8.12225e-05 -3.73026e-05 -4.98338e-05
 -8.1925e-05 -3.73174e-05 -4.99659e-05
-8.26247e-05 -3.73308e-05 -5.00984e-05
-8.33214e-05 -3.73428e-05 -5.02313e-05
-8.40152e-05 -3.73534e-05 -5.03644e-05
-8.47061e-05 -3.73626e-05  -5.0498e-05
-8.53941e-05 -3.73705e-05 -5.06318e-05
-8.60791e-05 -3.73769e-05  -5.0766e-05
-8.67613e-05  -3.7382e-05 -5.09005e-05
-8.74404e-05 -3.73857e-05 -5.10353e-05
-8.81167e-05  -3.7388e-05 -5.11704e-05
  -8.879e-05  -3.7389e-05 -5.13058e-05
-8.94603e-05 -3.73886e-05 -5.14415e-05
-9.01277e-05 -3.73868e-05 -5.15775e-05
-9.07922e-05 -3.73837e-05 -5.17137e-05
-9.14536e-05 -3.73793e-05 -5.18503e-05
-9.21122e-05 -3.73734e-05 -5.19871e-05
-9.27678e-05 -3.73663e-05 -5.21241e-05
-9.34204e-05 -3.73578e-05 -5.22614e-05
-9.40701e-05  -3.7348e-05 -5.23989e-05
-9.47168e-05 -3.73368e-05 -5.25367e-05
-9.53605e-05 -3.73244e-05 -5.26747e-05
-9.60013e-05 -3.73106e-05  -5.2813e-05
-9.66391e-05 -3.72955e-05 -5.29514e-05
 -9.7274e-05 -3.72791e-05 -5.30901e-05
-9.79058e-05 -3.72614e-05 -5.32289e-05
-9.85347e-05 -3.72423e-05  -5.3368e-05
-9.91606e-05  -3.7222e-05 -5.35073e-05
-9.97836e-05 -3.72004e-05 -5.36468e-05
-0.000100404 -3.71775e-05 -5.37864e-05
-0.000101021 -3.71534e-05 -5.39262e-05
-0.000101635 -3.71279e-05 -5.40662e-05
-0.000102246 -3.71012e-05 -5.42063e-05
-0.000102854 -3.70732e-05 -5.43466e-05
-0.000103459  -3.7044e-05 -5.44871e-05
-0.000104061 -3.70135e-05 -5.46276e-05
 -0.00010466 -3.69818e-05 -5.47684e-05
-0.000105257 -3.69488e-05 -5.49092e-05
 -0.00010585 -3.69146e-05 -5.50502e-05
 -0.00010644 -3.68792e-05 -5.51913e-05
-0.000107027 -3.68425e-05 -5.53325e-05
-0.000107612 -3.68046e-05 -5.54739e-05
-0.000108193 -3.67655e-05 -5.56153e-05
-0.000108771 -3.67252e-05 -5.57568e-05
-0.000109347 -3.66837e-05 -5.58985e-05
-0.000109919  -3.6641e-05 -5.60402e-05
-0.000110489 -3.65971e-05  -5.6182e-05
-0.000111055  -3.6552e-05 -5.63239e-05
-0.000111619 -3.65058e-05 -5.64658e-05
-0.000112179 -3.64584e-05 -5.66078e-05
-0.000112737 -3.64098e-05 -5.67499e-05
-0.000113291   -3.636e-05  -5.6892e-05
-0.000113843 -3.63091e-05 -5.70342e-05
-0.000114392 -3.62571e-05 -5.71764e-05
-0.000114937 -3.62039e-05 -5.73186e-05
 -0.00011548 -3.61495e-05 -5.74609e-05
 -0.00011602 -3.60941e-05 -5.76033e-05
-0.000116557 -3.60375e-05 -5.77456e-05
-0.000117091 -3.59798e-05  -5.7888e-05
-0.000117622  -3.5921e-05 -5.80303e-05
 -0.00011815 -3.58611e-05 -5.81727e-05
-0.000118675 -3.58001e-05 -5.83151e-05
-0.000119197  -3.5738e-05 -5.84575e-05
-0.000119716 -3.56749e-05 -5.85998e-05
-0.000120233 -3.56106e-05 -5.87422e-05
-0.000120746 -3.55453e-05 -5.88845e-05
-0.000121257  -3.5479e-05 -5.90269e-05
-0.000121764 -3.54116e-05 -5.91691e-05
-0.000122269 -3.53431e-05 -5.93114e-05
 -0.00012277 -3.52736e-05 -5.94536e-05
-0.000123269 -3.52031e-05 -5.95958e-05
-0.000123765 -3.51315e-05 -5.97379e-05
-0.000124258 -3.50589e-05   -5.988e-05
-0.000124748 -3.49854e-05 -6.00221e-05
-0.000125235 -3.49108e-05  -6.0164e-05
-0.000125719 -3.48352e-05 -6.03059e-05
  -0.0001262 -3.47586e-05 -6.04478e-05
-0.000126679 -3.46811e-05 -6.05895e-05
-0.000127154 -3.46025e-05 -6.07312e-05
-0.000127627  -3.4523e-05 -6.08728e-05
-0.000128097 -3.44426e-05 -6.10143e-05
-0.000128564 -3.43618e-05 -6.11558e-05
-0.000129028 -3.42801e-05 -6.12971e-05
-0.000129489 -3.41973e-05 -6.14383e-05
-0.000129947 -3.41135e-05 -6.15795e-05
-0.000130402 -3.40286e-05 -6.17205e-05
-0.000130855 -3.39428e-05 -6.18614e-05
-0.000131305  -3.3856e-05 -6.20022e-05
-0.000131752 -3.37682e-05 -6.21429e-05
-0.000132196 -3.36794e-05 -6.22835e-05
-0.000132637 -3.35896e-05 -6.24239e-05
-0.000133075 -3.34989e-05 -6.25642e-05
-0.000133511 -3.34072e-05 -6.27044e-05
-0.000133943 -3.33146e-05 -6.28444e-05
-0.000134373  -3.3221e-05 -6.29843e-05
  -0.0001348 -3.31265e-05  -6.3124e-05
-0.000135224 -3.30312e-05 -6.32636e-05
-0.000135646 -3.29348e-05  -6.3403e-05
-0.000136064 -3.28376e-05 -6.35423e-05
 -0.00013648 -3.27404e-05 -6.36814e-05
-0.000136893 -3.26424e-05 -6.38203e-05
-0.000137304 -3.25435e-05 -6.39591e-05
-0.000137711 -3.24438e-05 -6.40977e-05
-0.000138116 -3.23434e-05 -6.42361e-05
-0.000138518 -3.22422e-05 -6.43743e-05
-0.000138917 -3.21402e-05 -6.45124e-05
-0.000139313 -3.20375e-05 -6.46502e-05
-0.000139707  -3.1934e-05 -6.47879e-05
-0.000140098 -3.18298e-05 -6.49254e-05
-0.000140486 -3.17248e-05 -6.50626e-05
-0.000140871 -3.16191e-05 -6.51997e-05
-0.000141254 -3.15127e-05 -6.53366e-05
-0.000141634 -3.14055e-05 -6.54733e-05
-0.000142011 -3.12977e-05 -6.56097e-05
-0.000142386 -3.11891e-05 -6.57459e-05
-0.000142758 -3.10799e-05  -6.5882e-05
-0.000143127   -3.097e-05 -6.60178e-05
-0.000143493 -3.08594e-05 -6.61533e-05
-0.000143857 -3.07482e-05 -6.62887e-05
-0.000144218 -3.06363e-05 -6.64238e-05
-0.000144576 -3.05238e-05 -6.65587e-05
-0.000144932 -3.04106e-05 -6.66934e-05
-0.000145285 -3.02968e-05 -6.68278e-05
-0.000145636 -3.01824e-05 -6.69619e-05
-0.000145983 -3.00673e-05 -6.70958e-05
-0.000146329 -2.99517e-05 -6.72295e-05
-0.000146671 -2.98354e-05 -6.73629e-05
-0.000147011 -2.97186e-05 -6.74961e-05
-0.000147348 -2.96012e-05  -6.7629e-05
-0.000147683 -2.94832e-05 -6.77616e-05
-0.000148015 -2.93647e-05  -6.7894e-05
-0.000148344 -2.92456e-05 -6.80261e-05
-0.000148671 -2.91259e-05 -6.81579e-05
-0.000148995 -2.90057e-05 -6.82895e-05
-0.000149317  -2.8885e-05 -6.84208e-05
-0.000149636 -2.87638e-05 -6.85518e-05
-0.000149953  -2.8642e-05 -6.86825e-05
-0.000150267 -2.85197e-05  -6.8813e-05
-0.000150578  -2.8397e-05 -6.89432e-05
-0.000150887 -2.82737e-05 -6.90731e-05
-0.000151193   -2.815e-05 -6.92027e-05
-0.000151497 -2.80258e-05  -6.9332e-05
-0.000151798 -2.79011e-05  -6.9461e-05
-0.000152097  -2.7776e-05 -6.95898e-05
-0.000152393 -2.76504e-05 -6.97182e-05
-0.000152687 -2.75244e-05 -6.98463e-05
-0.000152978  -2.7398e-05 -6.99741e-05
-0.000153267 -2.72711e-05 -7.01016e-05
-0.000153553 -2.71438e-05 -7.02288e-05
-0.000153837 -2.70161e-05 -7.03557e-05
-0.000154118 -2.68881e-05 -7.04823e-05
-0.000154397 -2.67596e-05 -7.06085e-05
-0.000154673 -2.66307e-05 -7.07345e-05
-0.000154947 -2.65015e-05 -7.08601e-05
-0.000155219 -2.63719e-05 -7.09854e-05
-0.000155488  -2.6242e-05 -7.11103e-05
-0.000155755 -2.61117e-05  -7.1235e-05
-0.000156019 -2.59811e-05 -7.13593e-05
-0.000156281 -2.58501e-05 -7.14833e-05
 -0.00015654 -2.57188e-05  -7.1607e-05
-0.000156797 -2.55872e-05 -7.17303e-05
-0.000157052 -2.54553e-05 -7.18533e-05
-0.000157304 -2.53231e-05 -7.19759e-05
-0.000157554 -2.51906e-05 -7.20982e-05
-0.000157802 -2.50578e-05 -7.22202e-05
-0.000158047 -2.49248e-05 -7.23418e-05
 -0.00015829 -2.47914e-05 -7.24631e-05
-0.000158531 -2.46579e-05 -7.25841e-05
-0.000158769  -2.4524e-05 -7.27046e-05
-0.000159005 -2.43899e-05 -7.28249e-05
-0.000159239 -2.42556e-05 -7.29447e-05
 -0.00015947 -2.41211e-05 -7.30643e-05
-0.000159699 -2.39864e-05 -7.31834e-05
-0.000159926 -2.38514e-05 -7.33022e-05
 -0.00016015 -2.37163e-05 -7.34207e-05
-0.000160372 -2.35809e-05 -7.35388e-05
-0.000160592 -2.34454e-05 -7.36565e-05
 -0.00016081 -2.33097e-05 -7.37739e-05
-0.000161025 -2.31738e-05 -7.38909e-05
-0.000161239 -2.30377e-05 -7.40075e-05
 -0.00016145 -2.29016e-05 -7.41238e-05
-0.000161658 -2.27652e-05 -7.42396e-05
-0.000161865 -2.26287e-05 -7.43552e-05
-0.000162069 -2.24921e-05 -7.44703e-05
-0.000162272 -2.23554e-05 -7.45851e-05
-0.000162472 -2.22186e-05 -7.46995e-05
-0.000162669 -2.20817e-05 -7.48135e-05
-0.000162865 -2.19446e-05 -7.49271e-05
-0.000163058 -2.18075e-05 -7.50404e-05
 -0.00016325 -2.16703e-05 -7.51532e-05
-0.000163439  -2.1533e-05 -7.52658e-05
-0.000163626 -2.13956e-05 -7.53779e-05
-0.000163811 -2.12582e-05 -7.54896e-05
-0.000163994 -2.11208e-05  -7.5601e-05
-0.000164174 -2.09833e-05 -7.57119e-05
-0.000164353 -2.08457e-05 -7.58225e-05
-0.000164529 -2.07082e-05 -7.59327e-05
-0.000164704 -2.05706e-05 -7.60425e-05
-0.000164876  -2.0433e-05 -7.61519e-05
-0.000165047 -2.02954e-05 -7.62609e-05
-0.000165215 -2.01578e-05 -7.63695e-05
-0.000165381 -2.00202e-05 -7.64777e-05
-0.000165545 -1.98826e-05 -7.65856e-05
-0.000165707 -1.97451e-05  -7.6693e-05
-0.000165867 -1.96076e-05    -7.68e-05
-0.000166025 -1.94701e-05 -7.69066e-05
-0.000166181 -1.93327e-05 -7.70129e-05
-0.000166336 -1.91953e-05 -7.71187e-05
-0.000166488  -1.9058e-05 -7.72241e-05
-0.000166638 -1.89208e-05 -7.73291e-05
-0.000166786 -1.87836e-05 -7.74338e-05
-0.000166932 -1.86465e-05  -7.7538e-05
-0.000167076 -1.85096e-05 -7.76418e-05
-0.000167218 -1.83727e-05 -7.77452e-05
-0.000167359 -1.82359e-05 -7.78482e-05
-0.000167497 -1.80992e-05 -7.79508e-05
-0.000167633 -1.79627e-05  -7.8053e-05
-0.000167768 -1.78263e-05 -7.81548e-05
-0.000167901   -1.769e-05 -7.82561e-05
-0.000168031 -1.75539e-05 -7.83571e-05
 -0.00016816 -1.74179e-05 -7.84576e-05
-0.000168287 -1.72821e-05 -7.85577e-05
-0.000168413 -1.71464e-05 -7.86575e-05
-0.000168536 -1.70109e-05 -7.87568e-05
-0.000168657 -1.68756e-05 -7.88557e-05
-0.000168777 -1.67404e-05 -7.89542e-05
-0.000168895 -1.66055e-05 -7.90523e-05
-0.000169011 -1.64707e-05 -7.91499e-05
-0.000169125 -1.63362e-05 -7.92472e-05
-0.000169237 -1.62018e-05  -7.9344e-05
-0.000169348 -1.60677e-05 -7.94404e-05
-0.000169456 -1.59338e-05 -7.95364e-05
-0.000169563 -1.58001e-05  -7.9632e-05
-0.000169669 -1.56667e-05 -7.97272e-05
-0.000169772 -1.55335e-05 -7.98219e-05
-0.000169874 -1.54006e-05 -7.99162e-05
-0.000169974 -1.52679e-05 -8.00101e-05
-0.000170072 -1.51355e-05 -8.01036e-05
-0.000170168 -1.50033e-05 -8.01967e-05
-0.000170263 -1.48715e-05 -8.02894e-05
-0.000170356 -1.47399e-05 -8.03816e-05
-0.000170447 -1.46086e-05 -8.04734e-05
-0.000170537 -1.44776e-05 -8.05648e-05
-0.000170625 -1.43469e-05 -8.06558e-05
-0.000170711 -1.42164e-05 -8.07463e-05
-0.000170796 -1.40864e-05 -8.08365e-05
-0.000170879 -1.39566e-05 -8.09262e-05
 -0.00017096 -1.38271e-05 -8.10155e-05
 -0.00017104  -1.3698e-05 -8.11044e-05
-0.000171118 -1.35692e-05 -8.11928e-05
-0.000171195 -1.34408e-05 -8.12808e-05
-0.000171269 -1.33127e-05 -8.13684e-05
-0.000171343  -1.3185e-05 -8.14556e-05
-0.000171414 -1.30577e-05 -8.15424e-05
-0.000171484 -1.29307e-05 -8.16287e-05
-0.000171553  -1.2804e-05 -8.17147e-05
 -0.00017162 -1.26778e-05 -8.18002e-05
-0.000171685 -1.25519e-05 -8.18852e-05
-0.000171749 -1.24264e-05 -8.19699e-05
-0.000171811 -1.23014e-05 -8.20541e-05
-0.000171872 -1.21767e-05  -8.2138e-05
-0.000171931 -1.20524e-05 -8.22214e-05
-0.000171989 -1.19286e-05 -8.23043e-05
-0.000172045 -1.18052e-05 -8.23869e-05
-0.000172099 -1.16821e-05  -8.2469e-05
-0.000172153 -1.15596e-05 -8.25507e-05
-0.000172204 -1.14374e-05  -8.2632e-05
-0.000172255 -1.13157e-05 -8.27128e-05
-0.000172303 -1.11944e-05 -8.27933e-05
-0.000172351 -1.10736e-05 -8.28733e-05
-0.000172396 -1.09533e-05 -8.29529e-05
-0.000172441 -1.08334e-05 -8.30321e-05
-0.000172484 -1.07139e-05 -8.31108e-05
-0.000172526  -1.0595e-05 -8.31892e-05
-0.000172566 -1.04765e-05 -8.32671e-05
-0.000172604 -1.03585e-05 -8.33446e-05
-0.000172642  -1.0241e-05 -8.34217e-05
-0.000172678  -1.0124e-05 -8.34983e-05
-0.000172712 -1.00074e-05 -8.35745e-05
-0.000172746 -9.89139e-06 -8.36504e-05
-0.000172777 -9.77586e-06 -8.37258e-05
-0.000172808 -9.66084e-06 -8.38007e-05
-0.000172837 -9.54634e-06 -8.38753e-05
-0.000172865 -9.43236e-06 -8.39494e-05
-0.000172891  -9.3189e-06 -8.40232e-05
-0.000172916 -9.20595e-06 -8.40965e-05
 -0.00017294 -9.09354e-06 -8.41694e-05
-0.000172963 -8.98167e-06 -8.42418e-05
-0.000172984 -8.87033e-06 -8.43139e-05
-0.000173004 -8.75954e-06 -8.43856e-05
-0.000173023 -8.64931e-06 -8.44568e-05
 -0.00017304 -8.53962e-06 -8.45276e-05
-0.000173056 -8.43047e-06  -8.4598e-05
-0.000173071 -8.32189e-06  -8.4668e-05
-0.000173085 -8.21389e-06 -8.47376e-05
-0.000173097 -8.10646e-06 -8.48067e-05
-0.000173108  -7.9996e-06 -8.48755e-05
-0.000173118 -7.89333e-06 -8.49438e-05
-0.000173127 -7.78762e-06 -8.50118e-05
-0.000173135 -7.68251e-06 -8.50793e-05
-0.000173141   -7.578e-06 -8.51464e-05
-0.000173146 -7.47408e-06 -8.52131e-05
 -0.00017315 -7.37075e-06 -8.52794e-05
-0.000173153 -7.26801e-06 -8.53452e-05
-0.000173154 -7.16588e-06 -8.54107e-05
-0.000173155 -7.06437e-06 -8.54758e-05
-0.000173154 -6.96348e-06 -8.55404e-05
-0.000173152 -6.86319e-06 -8.56047e-05
-0.000173149 -6.76352e-06 -8.56685e-05
-0.000173145 -6.66447e-06  -8.5732e-05
 -0.00017314 -6.56604e-06  -8.5795e-05
-0.000173134 -6.46825e-06 -8.58576e-05
-0.000173127 -6.37107e-06 -8.59199e-05
-0.000173118 -6.27456e-06 -8.59817e-05
-0.000173109 -6.17868e-06 -8.60431e-05
-0.000173098 -6.08344e-06 -8.61042e-05
-0.000173086 -5.98886e-06 -8.61648e-05
-0.000173073  -5.8949e-06  -8.6225e-05
 -0.00017306  -5.8016e-06 -8.62849e-05
-0.000173045 -5.70894e-06 -8.63443e-05
-0.000173029 -5.61695e-06 -8.64033e-05
-0.000173012 -5.52562e-06  -8.6462e-05
-0.000172994 -5.43494e-06 -8.65202e-05
-0.000172975 -5.34494e-06 -8.65781e-05
-0.000172955 -5.25562e-06 -8.66355e-05
-0.000172934 -5.16696e-06 -8.66926e-05
-0.000172912 -5.07896e-06 -8.67492e-05
-0.000172889 -4.99165e-06 -8.68055e-05
-0.000172865 -4.90501e-06 -8.68613e-05
-0.000172841 -4.81907e-06 -8.69168e-05
-0.000172815 -4.73379e-06 -8.69719e-05
-0.000172788 -4.64921e-06 -8.70266e-05
 -0.00017276 -4.56531e-06 -8.70809e-05
-0.000172732 -4.48212e-06 -8.71349e-05
-0.000172702 -4.39963e-06 -8.71884e-05
-0.000172671 -4.31782e-06 -8.72416e-05
 -0.00017264 -4.23672e-06 -8.72943e-05
-0.000172608 -4.15631e-06 -8.73467e-05
-0.000172575 -4.07659e-06 -8.73987e-05
 -0.00017254 -3.99758e-06 -8.74503e-05
-0.000172505 -3.91927e-06 -8.75016e-05
-0.000172469 -3.84169e-06 -8.75524e-05
-0.000172433  -3.7648e-06 -8.76029e-05
-0.000172395 -3.68863e-06  -8.7653e-05
-0.000172357 -3.61317e-06 -8.77028e-05
-0.000172317 -3.53844e-06 -8.77521e-05
-0.000172277 -3.46441e-06 -8.78011e-05
-0.000172236  -3.3911e-06 -8.78497e-05
-0.000172194 -3.31853e-06 -8.78979e-05
-0.000172152 -3.24667e-06 -8.79458e-05
-0.000172108 -3.17552e-06 -8.79932e-05
-0.000172064 -3.10511e-06 -8.80403e-05
-0.000172019 -3.03541e-06 -8.80871e-05
-0.000171973 -2.96645e-06 -8.81335e-05
-0.000171927 -2.89822e-06 -8.81795e-05
-0.000171879 -2.83072e-06 -8.82251e-05
-0.000171831 -2.76397e-06 -8.82704e-05
-0.000171782 -2.69793e-06 -8.83153e-05
-0.000171733 -2.63263e-06 -8.83598e-05
-0.000171682 -2.56807e-06  -8.8404e-05
-0.000171631 -2.50424e-06 -8.84478e-05
-0.000171579 -2.44115e-06 -8.84913e-05
-0.000171527 -2.37882e-06 -8.85344e-05
-0.000171473 -2.31722e-06 -8.85771e-05
-0.000171419 -2.25635e-06 -8.86195e-05
-0.000171364 -2.19622e-06 -8.86615e-05
-0.000171309 -2.13683e-06 -8.87032e-05
-0.000171253  -2.0782e-06 -8.87445e-05
-0.000171196  -2.0203e-06 -8.87854e-05
-0.000171139 -1.96316e-06  -8.8826e-05
 -0.00017108 -1.90676e-06 -8.88663e-05
-0.000171022 -1.85109e-06 -8.89062e-05
-0.000170962 -1.79617e-06 -8.89457e-05
-0.000170902 -1.74202e-06 -8.89849e-05
-0.000170841 -1.68859e-06 -8.90238e-05
 -0.00017078 -1.63591e-06 -8.90623e-05
-0.000170718 -1.58399e-06 -8.91004e-05
-0.000170655 -1.53283e-06 -8.91382e-05
-0.000170592 -1.48241e-06 -8.91757e-05
-0.000170528 -1.43274e-06 -8.92128e-05
-0.000170463 -1.38384e-06 -8.92496e-05
-0.000170398 -1.33566e-06 -8.92861e-05
-0.000170332 -1.28824e-06 -8.93222e-05
-0.000170266 -1.24158e-06  -8.9358e-05
-0.000170199 -1.19565e-06 -8.93934e-05
-0.000170132 -1.15047e-06 -8.94285e-05
-0.000170064 -1.10606e-06 -8.94633e-05
-0.000169995 -1.06238e-06 -8.94977e-05
-0.000169926 -1.01946e-06 -8.95318e-05
-0.000169856 -9.77293e-07 -8.95655e-05
-0.000169786  -9.3589e-07  -8.9599e-05
-0.000169715 -8.95222e-07 -8.96321e-05
-0.000169644 -8.55299e-07 -8.96649e-05
-0.000169572 -8.16133e-07 -8.96973e-05
  -0.0001695 -7.77723e-07 -8.97295e-05
-0.000169427 -7.40055e-07 -8.97613e-05
-0.000169354 -7.03132e-07 -8.97927e-05
 -0.00016928 -6.66944e-07 -8.98239e-05
-0.000169206 -6.31531e-07 -8.98548e-05
-0.000169131 -5.96868e-07 -8.98853e-05
-0.000169056 -5.62927e-07 -8.99155e-05
 -0.00016898 -5.29734e-07 -8.99454e-05
-0.000168904 -4.97287e-07 -8.99749e-05
-0.000168827 -4.65585e-07 -9.00042e-05
 -0.00016875  -4.3462e-07 -9.00331e-05
-0.000168672 -4.04415e-07 -9.00618e-05
-0.000168594 -3.74928e-07 -9.00901e-05
-0.000168516 -3.46188e-07 -9.01181e-05
-0.000168437 -3.18196e-07 -9.01458e-05
-0.000168357 -2.90935e-07 -9.01732e-05
-0.000168278 -2.64408e-07 -9.02003e-05
-0.000168197  -2.3862e-07 -9.02271e-05
-0.000168117 -2.13576e-07 -9.02535e-05
-0.000168036 -1.89275e-07 -9.02797e-05
-0.000167954 -1.65701e-07 -9.03056e-05
-0.000167873 -1.42852e-07 -9.03312e-05
-0.000167791 -1.20756e-07 -9.03565e-05
-0.000167708 -9.93751e-08 -9.03814e-05
-0.000167625 -7.87231e-08 -9.04061e-05
-0.000167542 -5.87872e-08 -9.04305e-05
-0.000167458 -3.95893e-08 -9.04546e-05
-0.000167374 -2.11223e-08 -9.04784e-05
 -0.00016729  -3.3738e-09 -9.05019e-05
-0.000167205  1.36732e-08 -9.05252e-05
 -0.00016712  3.00042e-08 -9.05481e-05
-0.000167034  4.55901e-08 -9.05707e-05
-0.000166949   6.0473e-08 -9.05931e-05
-0.000166863  7.46423e-08 -9.06151e-05
-0.000166776  8.80914e-08 -9.06369e-05
-0.000166689  1.00822e-07 -9.06584e-05
-0.000166602  1.12847e-07 -9.06797e-05
-0.000166515   1.2416e-07 -9.07006e-05
-0.000166427  1.34789e-07 -9.07213e-05
-0.000166339    1.447e-07 -9.07416e-05
-0.000166251  1.53906e-07 -9.07618e-05
-0.000166163  1.62411e-07 -9.07816e-05
-0.000166074  1.70219e-07 -9.08011e-05
-0.000165985  1.77316e-07 -9.08204e-05
-0.000165895  1.83727e-07 -9.08394e-05
-0.000165806  1.89445e-07 -9.08582e-05
-0.000165716  1.94468e-07 -9.08767e-05
-0.000165626  1.98792e-07 -9.08949e-05
-0.000165535  2.02428e-07 -9.09128e-05
-0.000165445  2.05384e-07 -9.09305e-05
-0.000165354  2.07649e-07 -9.09479e-05
-0.000165263  2.09251e-07 -9.09651e-05
-0.000165171   2.1017e-07  -9.0982e-05
 -0.00016508  2.10404e-07 -9.09986e-05
-0.000164988  2.09971e-07 -9.10149e-05
-0.000164896  2.08856e-07  -9.1031e-05
-0.000164804  2.07077e-07 -9.10469e-05
-0.000164711  2.04639e-07 -9.10625e-05
-0.000164619  2.01515e-07 -9.10778e-05
-0.000164526  1.97733e-07 -9.10929e-05
-0.000164433  1.93305e-07 -9.11078e-05
 -0.00016434  1.88211e-07 -9.11224e-05
-0.000164246  1.82468e-07 -9.11367e-05
-0.000164153  1.76068e-07 -9.11508e-05
-0.000164059  1.69023e-07 -9.11646e-05
-0.000163965   1.6133e-07 -9.11782e-05
-0.000163871   1.5298e-07 -9.11916e-05
-0.000163777  1.44009e-07 -9.12047e-05
-0.000163682  1.34398e-07 -9.12176e-05
-0.000163588  1.24125e-07 -9.12302e-05
-0.000163493  1.13237e-07 -9.12426e-05
-0.000163398  1.01719e-07 -9.12547e-05
-0.000163303  8.95631e-08 -9.12666e-05
-0.000163208  7.67832e-08 -9.12783e-05
-0.000163112  6.33763e-08 -9.12898e-05
-0.000163017  4.93586e-08  -9.1301e-05
-0.000162922  3.47019e-08  -9.1312e-05
-0.000162826  1.94258e-08 -9.13227e-05
 -0.00016273  3.57044e-09 -9.13332e-05
-0.000162634 -1.29033e-08 -9.13435e-05
-0.000162538 -2.99901e-08 -9.13536e-05
-0.000162442 -4.76713e-08 -9.13634e-05
-0.000162346 -6.59509e-08  -9.1373e-05
 -0.00016225 -8.48231e-08 -9.13824e-05
-0.000162153 -1.04305e-07 -9.13916e-05
-0.000162057 -1.24366e-07 -9.14005e-05
 -0.00016196    -1.45e-07 -9.14093e-05
-0.000161864  -1.6625e-07 -9.14178e-05
-0.000161767 -1.88064e-07 -9.14261e-05
 -0.00016167  -2.1045e-07 -9.14342e-05
-0.000161573 -2.33415e-07  -9.1442e-05
-0.000161476  -2.5695e-07 -9.14497e-05
-0.000161379 -2.81062e-07 -9.14571e-05
-0.000161282 -3.05717e-07 -9.14643e-05
-0.000161185 -3.30947e-07 -9.14713e-05
-0.000161088 -3.56749e-07 -9.14782e-05
-0.000160991  -3.8308e-07 -9.14848e-05
-0.000160894 -4.09982e-07 -9.14912e-05
-0.000160796 -4.37424e-07 -9.14974e-05
-0.000160699 -4.65413e-07 -9.15034e-05
-0.000160602 -4.93941e-07 -9.15092e-05
-0.000160504 -5.23003e-07 -9.15148e-05
-0.000160407 -5.52613e-07 -9.15202e-05
 -0.00016031 -5.82734e-07 -9.15253e-05
-0.000160212 -6.13387e-07 -9.15303e-05
-0.000160115  -6.4458e-07 -9.15351e-05
-0.000160017 -6.76277e-07 -9.15397e-05
 -0.00015992 -7.08486e-07 -9.15442e-05
-0.000159822 -7.41215e-07 -9.15484e-05
-0.000159725 -7.74459e-07 -9.15524e-05
-0.000159627 -8.08207e-07 -9.15562e-05
 -0.00015953 -8.42465e-07 -9.15599e-05
-0.000159433 -8.77221e-07 -9.15634e-05
-0.000159335 -9.12453e-07 -9.15667e-05
-0.000159238 -9.48192e-07 -9.15697e-05
 -0.00015914 -9.84403e-07 -9.15726e-05
-0.000159043  -1.0211e-06 -9.15754e-05
-0.000158946 -1.05831e-06 -9.15779e-05
-0.000158848 -1.09597e-06 -9.15803e-05
-0.000158751 -1.13411e-06 -9.15824e-05
-0.000158654 -1.17272e-06 -9.15845e-05
-0.000158557 -1.21181e-06 -9.15863e-05
 -0.00015846 -1.25135e-06 -9.15879e-05
-0.000158362 -1.29134e-06 -9.15894e-05
-0.000158265  -1.3318e-06 -9.15907e-05
-0.000158168  -1.3727e-06 -9.15919e-05
-0.000158072 -1.41405e-06 -9.15928e-05
-0.000157975 -1.45584e-06 -9.15936e-05
-0.000157878 -1.49807e-06 -9.15942e-05
-0.000157781 -1.54072e-06 -9.15947e-05
-0.000157684  -1.5838e-06  -9.1595e-05
-0.000157588 -1.62733e-06 -9.15951e-05
-0.000157491 -1.67128e-06  -9.1595e-05
-0.000157395 -1.71563e-06 -9.15948e-05
-0.000157298 -1.76041e-06 -9.15945e-05
-0.000157202 -1.80558e-06  -9.1594e-05
-0.000157106 -1.85117e-06 -9.15933e-05
 -0.00015701 -1.89719e-06 -9.15924e-05
-0.000156913 -1.94359e-06 -9.15914e-05
-0.000156817 -1.99039e-06 -9.15903e-05
-0.000156722 -2.03757e-06  -9.1589e-05
-0.000156626 -2.08516e-06 -9.15875e-05
 -0.00015653 -2.13313e-06 -9.15859e-05
-0.000156435 -2.18146e-06 -9.15842e-05
-0.000156339  -2.2302e-06 -9.15823e-05
-0.000156244 -2.27929e-06 -9.15802e-05
-0.000156148 -2.32874e-06  -9.1578e-05
-0.000156053 -2.37858e-06 -9.15756e-05
-0.000155958 -2.42877e-06 -9.15731e-05
-0.000155863 -2.47931e-06 -9.15705e-05
-0.000155769 -2.53021e-06 -9.15677e-05
-0.000155674 -2.58146e-06 -9.15648e-05
-0.000155579 -2.63304e-06 -9.15617e-05
-0.000155485 -2.68497e-06 -9.15585e-05
-0.000155391 -2.73722e-06 -9.15551e-05
-0.000155296 -2.78981e-06 -9.15516e-05
-0.000155202 -2.84273e-06  -9.1548e-05
-0.000155108 -2.89597e-06 -9.15442e-05
-0.000155015 -2.94954e-06 -9.15403e-05
-0.000154921  -3.0034e-06 -9.15363e-05
-0.000154828 -3.05759e-06 -9.15321e-05
-0.000154734 -3.11208e-06 -9.15278e-05
-0.000154641 -3.16688e-06 -9.15234e-05
-0.000154548 -3.22197e-06 -9.15189e-05
-0.000154455 -3.27736e-06 -9.15142e-05
-0.000154362 -3.33302e-06 -9.15094e-05
 -0.00015427 -3.38898e-06 -9.15044e-05
-0.000154177 -3.44522e-06 -9.14994e-05
-0.000154085 -3.50174e-06 -9.14942e-05
-0.000153993 -3.55855e-06 -9.14889e-05
-0.000153901 -3.61563e-06 -9.14834e-05
-0.000153809 -3.67296e-06 -9.14779e-05
-0.000153718 -3.73055e-06 -9.14722e-05
-0.000153626 -3.78842e-06 -9.14665e-05
-0.000153535 -3.84653e-06 -9.14606e-05
-0.000153444 -3.90489e-06 -9.14545e-05
-0.000153353  -3.9635e-06 -9.14484e-05
-0.000153262 -4.02233e-06 -9.14422e-05
-0.000153172 -4.08141e-06 -9.14358e-05
-0.000153082 -4.14072e-06 -9.14293e-05
-0.000152991 -4.20026e-06 -9.14227e-05
-0.000152901 -4.26003e-06  -9.1416e-05
-0.000152812 -4.32002e-06 -9.14092e-05
-0.000152722 -4.38023e-06 -9.14023e-05
-0.000152633 -4.44064e-06 -9.13953e-05
-0.000152543 -4.50127e-06 -9.13881e-05
-0.000152454 -4.56209e-06 -9.13809e-05
-0.000152365 -4.62312e-06 -9.13736e-05
-0.000152277 -4.68435e-06 -9.13661e-05
-0.000152188 -4.74577e-06 -9.13586e-05
  -0.0001521 -4.80736e-06 -9.13509e-05
-0.000152012 -4.86916e-06 -9.13432e-05
-0.000151924 -4.93113e-06 -9.13353e-05
-0.000151837 -4.99328e-06 -9.13274e-05
-0.000151749 -5.05559e-06 -9.13194e-05
-0.000151662 -5.11808e-06 -9.13112e-05
-0.000151575 -5.18073e-06  -9.1303e-05
-0.000151488 -5.24353e-06 -9.12946e-05
-0.000151402  -5.3065e-06 -9.12862e-05
-0.000151315 -5.36962e-06 -9.12777e-05
-0.000151229 -5.43288e-06 -9.12691e-05
-0.000151143 -5.49628e-06 -9.12604e-05
-0.000151058 -5.55981e-06 -9.12516e-05
-0.000150972 -5.62347e-06 -9.12427e-05
-0.000150887 -5.68728e-06 -9.12337e-05
-0.000150802  -5.7512e-06 -9.12247e-05
-0.000150717 -5.81526e-06 -9.12156e-05
-0.000150633 -5.87944e-06 -9.12063e-05
-0.000150548 -5.94373e-06  -9.1197e-05
-0.000150464 -6.00811e-06 -9.11876e-05
 -0.00015038 -6.07261e-06 -9.11782e-05
-0.000150297 -6.13722e-06 -9.11686e-05
-0.000150213 -6.20192e-06  -9.1159e-05
 -0.00015013 -6.26672e-06 -9.11493e-05
-0.000150047 -6.33159e-06 -9.11395e-05
-0.000149964 -6.39656e-06 -9.11296e-05
-0.000149882 -6.46161e-06 -9.11196e-05
  -0.0001498 -6.52673e-06 -9.11096e-05
-0.000149718 -6.59194e-06 -9.10995e-05
-0.000149636  -6.6572e-06 -9.10894e-05
-0.000149554 -6.72256e-06 -9.10791e-05
-0.000149473 -6.78798e-06 -9.10688e-05
-0.000149392 -6.85345e-06 -9.10584e-05
-0.000149311 -6.91897e-06 -9.10479e-05
-0.000149231 -6.98453e-06 -9.10374e-05
 -0.00014915 -7.05014e-06 -9.10268e-05
 -0.00014907 -7.11581e-06 -9.10161e-05
-0.000148991 -7.18151e-06 -9.10053e-05
-0.000148911 -7.24724e-06 -9.09945e-05
-0.000148832 -7.31302e-06 -9.09837e-05
-0.000148753 -7.37882e-06 -9.09728e-05
-0.000148674 -7.44464e-06 -9.09618e-05
-0.000148596  -7.5105e-06 -9.09507e-05
-0.000148517 -7.57636e-06 -9.09396e-05
-0.000148439 -7.64223e-06 -9.09284e-05
-0.000148362 -7.70811e-06 -9.09171e-05
-0.000148284   -7.774e-06 -9.09058e-05
-0.000148207 -7.83989e-06 -9.08945e-05
 -0.00014813 -7.90577e-06  -9.0883e-05
-0.000148053 -7.97166e-06 -9.08716e-05
-0.000147977 -8.03752e-06   -9.086e-05
-0.000147901 -8.10338e-06 -9.08484e-05
-0.000147825 -8.16923e-06 -9.08368e-05
-0.000147749 -8.23506e-06 -9.08251e-05
-0.000147674 -8.30085e-06 -9.08133e-05
-0.000147598 -8.36662e-06 -9.08015e-05
-0.000147524 -8.43235e-06 -9.07897e-05
-0.000147449 -8.49804e-06 -9.07777e-05
-0.000147375 -8.56371e-06 -9.07658e-05
-0.000147301 -8.62934e-06 -9.07538e-05
-0.000147227 -8.69491e-06 -9.07417e-05
-0.000147153 -8.76045e-06 -9.07296e-05
 -0.00014708 -8.82593e-06 -9.07175e-05
-0.000147007 -8.89135e-06 -9.07053e-05
-0.000146935 -8.95671e-06  -9.0693e-05
-0.000146862 -9.02202e-06 -9.06807e-05
 -0.00014679 -9.08725e-06 -9.06684e-05
-0.000146718 -9.15242e-06  -9.0656e-05
-0.000146647 -9.21751e-06 -9.06436e-05
-0.000146575  -9.2825e-06 -9.06311e-05
-0.000146504 -9.34743e-06 -9.06186e-05
-0.000146434 -9.41228e-06 -9.06061e-05
-0.000146363 -9.47703e-06 -9.05935e-05
-0.000146293 -9.54169e-06 -9.05809e-05
-0.000146223 -9.60627e-06 -9.05682e-05
-0.000146153 -9.67074e-06 -9.05555e-05
-0.000146084 -9.73511e-06 -9.05427e-05
-0.000146015 -9.79938e-06   -9.053e-05
-0.000145946 -9.86354e-06 -9.05172e-05
-0.000145877 -9.92759e-06 -9.05043e-05
-0.000145809 -9.99152e-06 -9.04914e-05
-0.000145741 -1.00553e-05 -9.04785e-05
-0.000145674  -1.0119e-05 -9.04656e-05
-0.000145606 -1.01826e-05 -9.04526e-05
-0.000138156 -1.03056e-05 -8.64903e-05
-0.000138166 -1.02788e-05 -8.64897e-05
-0.000138176 -1.02522e-05 -8.64891e-05
-0.000138185 -1.02257e-05 -8.64886e-05
-0.000138195 -1.01993e-05  -8.6488e-05
-0.000138205 -1.01731e-05 -8.64875e-05
-0.000138214  -1.0147e-05  -8.6487e-05
-0.000138224 -1.01211e-05 -8.64866e-05
-0.000138234 -1.00953e-05 -8.64861e-05
-0.000138243 -1.00696e-05 -8.64857e-05
-0.000138253 -1.00441e-05 -8.64853e-05
-0.000138263 -1.00187e-05 -8.64848e-05
-0.000138272 -9.99351e-06 -8.64845e-05
-0.000138282 -9.96843e-06 -8.64841e-05
-0.000138291  -9.9435e-06 -8.64837e-05
-0.000138301 -9.91873e-06 -8.64834e-05
-0.000138311 -9.89411e-06 -8.64831e-05
 -0.00013832 -9.86964e-06 -8.64828e-05
 -0.00013833 -9.84532e-06 -8.64826e-05
 -0.00013834 -9.82114e-06 -8.64823e-05
-0.000138349 -9.79712e-06 -8.64821e-05
-0.000138359 -9.77326e-06 -8.64818e-05
-0.000138369 -9.74954e-06 -8.64816e-05
-0.000138378 -9.72598e-06 -8.64814e-05
-0.000138388  -9.7026e-06 -8.64813e-05
-0.000138398 -9.67936e-06 -8.64811e-05
-0.000138407 -9.65628e-06  -8.6481e-05
-0.000138417 -9.63336e-06 -8.64808e-05
-0.000138426 -9.61058e-06 -8.64807e-05
-0.000138436 -9.58798e-06 -8.64806e-05
-0.000138445 -9.56554e-06 -8.64806e-05
-0.000138455 -9.54326e-06 -8.64805e-05
-0.000138465 -9.52114e-06 -8.64805e-05
-0.000138474 -9.49918e-06 -8.64804e-05
-0.000138484  -9.4774e-06 -8.64804e-05
-0.000138493 -9.45578e-06 -8.64804e-05
-0.000138503 -9.43431e-06 -8.64805e-05
-0.000138512 -9.41301e-06 -8.64805e-05
-0.000138522 -9.39188e-06 -8.64805e-05
-0.000138531 -9.37092e-06 -8.64806e-05
-0.000138541 -9.35012e-06 -8.64807e-05
 -0.00013855 -9.32949e-06 -8.64808e-05
 -0.00013856 -9.30903e-06 -8.64808e-05
-0.000138569 -9.28874e-06  -8.6481e-05
-0.000138579 -9.26862e-06 -8.64811e-05
-0.000138588 -9.24867e-06 -8.64812e-05
-0.000138598 -9.22888e-06 -8.64814e-05
-0.000138607 -9.20928e-06 -8.64816e-05
-0.000138617 -9.18985e-06 -8.64818e-05
-0.000138626 -9.17058e-06  -8.6482e-05
-0.000138635 -9.15147e-06 -8.64822e-05
-0.000138645 -9.13256e-06 -8.64824e-05
-0.000138654 -9.11381e-06 -8.64827e-05
-0.000138664 -9.09524e-06 -8.64829e-05
-0.000138673 -9.07682e-06 -8.64832e-05
-0.000138682 -9.05858e-06 -8.64835e-05
-0.000138692 -9.04052e-06 -8.64838e-05
-0.000138701 -9.02264e-06 -8.64841e-05
 -0.00013871 -9.00493e-06 -8.64844e-05
 -0.00013872 -8.98739e-06 -8.64848e-05
-0.000138729 -8.97004e-06 -8.64851e-05
-0.000138738 -8.95286e-06 -8.64855e-05
-0.000138747 -8.93585e-06 -8.64858e-05
-0.000138757 -8.91902e-06 -8.64863e-05
-0.000138766 -8.90237e-06 -8.64867e-05
-0.000138775  -8.8859e-06 -8.64871e-05
-0.000138784 -8.86962e-06 -8.64875e-05
-0.000138793 -8.85351e-06  -8.6488e-05
-0.000138803 -8.83757e-06 -8.64884e-05
-0.000138812 -8.82183e-06 -8.64889e-05
-0.000138821 -8.80626e-06 -8.64893e-05
 -0.00013883 -8.79085e-06 -8.64898e-05
-0.000138839 -8.77563e-06 -8.64903e-05
-0.000138848  -8.7606e-06 -8.64908e-05
-0.000138857 -8.74573e-06 -8.64913e-05
-0.000138866 -8.73105e-06 -8.64918e-05
-0.000138875 -8.71657e-06 -8.64924e-05
-0.000138884 -8.70224e-06 -8.64929e-05
-0.000138893 -8.68811e-06 -8.64935e-05
-0.000138902 -8.67416e-06 -8.64941e-05
-0.000138911 -8.66038e-06 -8.64947e-05
 -0.00013892 -8.64679e-06 -8.64953e-05
-0.000138929 -8.63338e-06 -8.64959e-05
-0.000138938 -8.62016e-06 -8.64965e-05
-0.000138947 -8.60711e-06 -8.64971e-05
-0.000138956 -8.59424e-06 -8.64977e-05
-0.000138965 -8.58155e-06 -8.64984e-05
-0.000138974 -8.56904e-06  -8.6499e-05
-0.000138982 -8.55672e-06 -8.64997e-05
-0.000138991 -8.54458e-06 -8.65004e-05
   -0.000139 -8.53262e-06 -8.65011e-05
-0.000139009 -8.52083e-06 -8.65018e-05
-0.000139017 -8.50924e-06 -8.65025e-05
-0.000139026 -8.49782e-06 -8.65032e-05
-0.000139035 -8.48659e-06 -8.65039e-05
-0.000139043 -8.47554e-06 -8.65047e-05
-0.000139052 -8.46468e-06 -8.65054e-05
-0.000139061   -8.454e-06 -8.65062e-05
-0.000139069 -8.44349e-06 -8.65069e-05
-0.000139078 -8.43316e-06 -8.65077e-05
-0.000139086 -8.42302e-06 -8.65085e-05
-0.000139095 -8.41307e-06 -8.65093e-05
-0.000139104 -8.40329e-06 -8.65101e-05
-0.000139112 -8.39369e-06 -8.65109e-05
-0.000139121 -8.38428e-06 -8.65117e-05
-0.000139129 -8.37504e-06 -8.65125e-05
-0.000139138   -8.366e-06 -8.65133e-05
-0.000139146 -8.35712e-06 -8.65141e-05
-0.000139154 -8.34843e-06  -8.6515e-05
-0.000139163 -8.33991e-06 -8.65158e-05
-0.000139171 -8.33159e-06 -8.65167e-05
-0.000139179 -8.32343e-06 -8.65176e-05
-0.000139188 -8.31547e-06 -8.65184e-05
-0.000139196 -8.30769e-06 -8.65193e-05
-0.000139204 -8.30007e-06 -8.65202e-05
-0.000139212 -8.29263e-06 -8.65211e-05
-0.000139221 -8.28539e-06  -8.6522e-05
-0.000139229 -8.27831e-06  -8.6523e-05
-0.000139237 -8.27141e-06 -8.65239e-05
-0.000139245 -8.26471e-06 -8.65248e-05
-0.000139253 -8.25818e-06 -8.65258e-05
-0.000139261 -8.25182e-06 -8.65267e-05
-0.000139269 -8.24565e-06 -8.65276e-05
-0.000139277 -8.23967e-06 -8.65286e-05
-0.000139286 -8.23383e-06 -8.65296e-05
-0.000139293 -8.22819e-06 -8.65305e-05
-0.000139301 -8.22272e-06 -8.65315e-05
-0.000139309 -8.21744e-06 -8.65325e-05
-0.000139317 -8.21232e-06 -8.65335e-05
-0.000139325 -8.20738e-06 -8.65345e-05
-0.000139333 -8.20262e-06 -8.65355e-05
-0.000139341 -8.19801e-06 -8.65365e-05
-0.000139349  -8.1936e-06 -8.65375e-05
-0.000139357 -8.18936e-06 -8.65386e-05
-0.000139364  -8.1853e-06 -8.65396e-05
-0.000139372  -8.1814e-06 -8.65406e-05
 -0.00013938 -8.17767e-06 -8.65417e-05
-0.000139388 -8.17413e-06 -8.65427e-05
-0.000139395 -8.17076e-06 -8.65438e-05
-0.000139403 -8.16756e-06 -8.65448e-05
 -0.00013941 -8.16453e-06 -8.65459e-05
-0.000139418 -8.16168e-06 -8.65469e-05
-0.000139426 -8.15899e-06  -8.6548e-05
-0.000139433 -8.15648e-06 -8.65491e-05
-0.000139441 -8.15413e-06 -8.65502e-05
-0.000139448 -8.15195e-06 -8.65513e-05
-0.000139456 -8.14994e-06 -8.65524e-05
-0.000139463  -8.1481e-06 -8.65535e-05
 -0.00013947 -8.14644e-06 -8.65546e-05
-0.000139478 -8.14493e-06 -8.65557e-05
-0.000139485 -8.14359e-06 -8.65568e-05
-0.000139492 -8.14243e-06  -8.6558e-05
  -0.0001395 -8.14141e-06 -8.65591e-05
-0.000139507 -8.14057e-06 -8.65602e-05
-0.000139514  -8.1399e-06 -8.65614e-05
-0.000139521  -8.1394e-06 -8.65625e-05
-0.000139529 -8.13905e-06 -8.65637e-05
-0.000139536 -8.13887e-06 -8.65648e-05
-0.000139543 -8.13886e-06  -8.6566e-05
 -0.00013955 -8.13901e-06 -8.65671e-05
-0.000139557 -8.13932e-06 -8.65683e-05
-0.000139564 -8.13978e-06 -8.65695e-05
-0.000139571  -8.1404e-06 -8.65706e-05
-0.000139578 -8.14118e-06 -8.65718e-05
-0.000139585 -8.14211e-06  -8.6573e-05
-0.000139592  -8.1432e-06 -8.65742e-05
-0.000139599 -8.14447e-06 -8.65753e-05
-0.000139606 -8.14587e-06 -8.65765e-05
-0.000139613 -8.14744e-06 -8.65777e-05
 -0.00013962 -8.14918e-06 -8.65789e-05
-0.000139626 -8.15105e-06 -8.65801e-05
-0.000139633 -8.15308e-06 -8.65813e-05
 -0.00013964 -8.15527e-06 -8.65826e-05
-0.000139647 -8.15762e-06 -8.65838e-05
-0.000139653 -8.16011e-06  -8.6585e-05
 -0.00013966 -8.16276e-06 -8.65862e-05
-0.000139667 -8.16555e-06 -8.65874e-05
-0.000139673 -8.16851e-06 -8.65886e-05
 -0.00013968 -8.17161e-06 -8.65899e-05
-0.000139686 -8.17487e-06 -8.65911e-05
-0.000139693 -8.17827e-06 -8.65924e-05
-0.000139699 -8.18182e-06 -8.65936e-05
-0.000139706 -8.18552e-06 -8.65948e-05
-0.000139712 -8.18936e-06 -8.65961e-05
-0.000139719 -8.19335e-06 -8.65973e-05
-0.000139725 -8.19748e-06 -8.65986e-05
-0.000139732 -8.20177e-06 -8.65999e-05
-0.000139738  -8.2062e-06 -8.66011e-05
-0.000139744 -8.21077e-06 -8.66024e-05
 -0.00013975 -8.21548e-06 -8.66036e-05
-0.000139757 -8.22035e-06 -8.66049e-05
-0.000139763 -8.22534e-06 -8.66061e-05
-0.000139769 -8.23048e-06 -8.66074e-05
-0.000139775 -8.23575e-06 -8.66087e-05
-0.000139781 -8.24115e-06 -8.66099e-05
-0.000139788 -8.24668e-06 -8.66112e-05
-0.000139794 -8.25238e-06 -8.66124e-05
  -0.0001398 -8.25819e-06 -8.66137e-05
-0.000139806 -8.26413e-06  -8.6615e-05
-0.000139812 -8.27022e-06 -8.66163e-05
-0.000139818 -8.27646e-06 -8.66175e-05
-0.000139823 -8.28281e-06 -8.66188e-05
-0.000139829 -8.28928e-06 -8.66201e-05
-0.000139835  -8.2959e-06 -8.66214e-05
-0.000139841 -8.30265e-06 -8.66227e-05
-0.000139847 -8.30952e-06 -8.66239e-05
-0.000139853 -8.31652e-06 -8.66252e-05
-0.000139858 -8.32365e-06 -8.66265e-05
-0.000139864  -8.3309e-06 -8.66278e-05
 -0.00013987 -8.33828e-06 -8.66291e-05
-0.000139876 -8.34579e-06 -8.66304e-05
-0.000139881 -8.35343e-06 -8.66317e-05
-0.000139887 -8.36116e-06  -8.6633e-05
-0.000139892 -8.36905e-06 -8.66343e-05
-0.000139898 -8.37706e-06 -8.66356e-05
-0.000139904 -8.38518e-06 -8.66369e-05
-0.000139909 -8.39343e-06 -8.66382e-05
-0.000139915  -8.4018e-06 -8.66395e-05
 -0.00013992 -8.41029e-06 -8.66408e-05
-0.000139925  -8.4189e-06 -8.66421e-05
-0.000139931  -8.4276e-06 -8.66434e-05
-0.000139936 -8.43643e-06 -8.66447e-05
-0.000139941 -8.44539e-06  -8.6646e-05
-0.000139947 -8.45445e-06 -8.66474e-05
-0.000139952 -8.46361e-06 -8.66487e-05
-0.000139957  -8.4729e-06   -8.665e-05
-0.000139962 -8.48229e-06 -8.66513e-05
-0.000139968  -8.4918e-06 -8.66526e-05
-0.000139973 -8.50141e-06 -8.66539e-05
-0.000139978 -8.51113e-06 -8.66552e-05
-0.000139983 -8.52097e-06 -8.66565e-05
-0.000139988 -8.53092e-06 -8.66578e-05
-0.000139993 -8.54096e-06 -8.66591e-05
-0.000139998 -8.55111e-06 -8.66605e-05
-0.000140003 -8.56136e-06 -8.66618e-05
-0.000140008 -8.57172e-06 -8.66631e-05
-0.000140013 -8.58217e-06 -8.66644e-05
-0.000140018 -8.59273e-06 -8.66657e-05
-0.000140023 -8.60337e-06  -8.6667e-05
-0.000140028 -8.61414e-06 -8.66683e-05
-0.000140032 -8.62501e-06 -8.66696e-05
-0.000140037 -8.63597e-06  -8.6671e-05
-0.000140042 -8.64701e-06 -8.66723e-05
-0.000140047 -8.65817e-06 -8.66736e-05
-0.000140051 -8.66941e-06 -8.66749e-05
-0.000140056 -8.68075e-06 -8.66762e-05
-0.000140061 -8.69218e-06 -8.66775e-05
-0.000140065 -8.70369e-06 -8.66788e-05
 -0.00014007  -8.7153e-06 -8.66801e-05
-0.000140074 -8.72701e-06 -8.66814e-05
-0.000140079 -8.73881e-06 -8.66828e-05
-0.000140083 -8.75067e-06 -8.66841e-05
-0.000140088 -8.76263e-06 -8.66854e-05
-0.000140092  -8.7747e-06 -8.66867e-05
-0.000140097 -8.78683e-06  -8.6688e-05
-0.000140101 -8.79905e-06 -8.66893e-05
-0.000140106 -8.81135e-06 -8.66906e-05
 -0.00014011 -8.82374e-06 -8.66919e-05
-0.000140114  -8.8362e-06 -8.66932e-05
-0.000140119 -8.84875e-06 -8.66945e-05
-0.000140123 -8.86135e-06 -8.66958e-05
-0.000140127 -8.87406e-06 -8.66971e-05
-0.000140131 -8.88684e-06 -8.66984e-05
-0.000140136 -8.89969e-06 -8.66997e-05
-0.00014014 -8.9126e-06 -8.6701e-05
-0.000140144 -8.92561e-06 -8.67023e-05
-0.000140148 -8.93867e-06 -8.67036e-05
-0.000140152 -8.95182e-06 -8.67049e-05
-0.000140156 -8.96504e-06 -8.67062e-05
 -0.00014016 -8.97832e-06 -8.67075e-05
-0.000140164 -8.99167e-06 -8.67088e-05
-0.000140168  -9.0051e-06 -8.67101e-05
-0.000140172 -9.01858e-06 -8.67114e-05
-0.000140176 -9.03213e-06 -8.67126e-05
 -0.00014018 -9.04575e-06 -8.67139e-05
-0.000140184 -9.05943e-06 -8.67152e-05
-0.000140187 -9.07318e-06 -8.67165e-05
-0.000140191 -9.08699e-06 -8.67178e-05
-0.000140195 -9.10087e-06 -8.67191e-05
-0.000140199 -9.11481e-06 -8.67203e-05
-0.000140203  -9.1288e-06 -8.67216e-05
-0.000140206 -9.14285e-06 -8.67229e-05
 -0.00014021 -9.15695e-06 -8.67242e-05
-0.000140213 -9.17112e-06 -8.67254e-05
-0.000140217 -9.18535e-06 -8.67267e-05
-0.000140221 -9.19962e-06  -8.6728e-05
-0.000140224 -9.21394e-06 -8.67293e-05
-0.000140228 -9.22833e-06 -8.67305e-05
-0.000140231 -9.24275e-06 -8.67318e-05
-0.000140235 -9.25724e-06  -8.6733e-05
-0.000140238 -9.27177e-06 -8.67343e-05
-0.000140242 -9.28632e-06 -8.67355e-05
-0.000140245 -9.30094e-06 -8.67368e-05
-0.000140249 -9.31562e-06  -8.6738e-05
-0.000140252 -9.33032e-06 -8.67393e-05
-0.000140255 -9.34507e-06 -8.67405e-05
-0.000140259 -9.35987e-06 -8.67418e-05
-0.000140262 -9.37472e-06  -8.6743e-05
-0.000140265 -9.38961e-06 -8.67443e-05
-0.000140268 -9.40455e-06 -8.67455e-05
-0.000140271  -9.4195e-06 -8.67467e-05
-0.000140275 -9.43451e-06  -8.6748e-05
-0.000140278 -9.44956e-06 -8.67492e-05
-0.000140281 -9.46463e-06 -8.67504e-05
-0.000140284 -9.47974e-06 -8.67516e-05
-0.000140287 -9.49488e-06 -8.67529e-05
 -0.00014029 -9.51006e-06 -8.67541e-05
-0.000140293 -9.52528e-06 -8.67553e-05
-0.000140296 -9.54052e-06 -8.67565e-05
-0.000140299 -9.55578e-06 -8.67577e-05
-0.000140302 -9.57108e-06 -8.67589e-05
-0.000140305 -9.58641e-06 -8.67601e-05
-0.000140308 -9.60177e-06 -8.67613e-05
-0.000140311 -9.61716e-06 -8.67625e-05
-0.000140314 -9.63258e-06 -8.67637e-05
-0.000140317 -9.64802e-06 -8.67649e-05
 -0.00014032 -9.66349e-06 -8.67661e-05
-0.000140322 -9.67898e-06 -8.67673e-05
-0.000140325 -9.69449e-06 -8.67685e-05
-0.000140328 -9.71001e-06 -8.67697e-05
-0.000140331 -9.72556e-06 -8.67709e-05
-0.000140333 -9.74114e-06 -8.67721e-05
-0.000140336 -9.75672e-06 -8.67732e-05
-0.000140338 -9.77232e-06 -8.67744e-05
-0.000140341 -9.78796e-06 -8.67756e-05
-0.000140344 -9.80359e-06 -8.67768e-05
-0.000140346 -9.81924e-06 -8.67779e-05
-0.000140349  -9.8349e-06 -8.67791e-05
-0.000140351 -9.85057e-06 -8.67803e-05
-0.000140354 -9.86625e-06 -8.67814e-05
-0.000140356 -9.88195e-06 -8.67826e-05
-0.000140359 -9.89766e-06 -8.67838e-05
-0.000140361 -9.91339e-06 -8.67849e-05
-0.000140364 -9.92911e-06 -8.67861e-05
-0.000140366 -9.94485e-06 -8.67872e-05
-0.000140368 -9.96059e-06 -8.67884e-05
-0.000140371 -9.97637e-06 -8.67895e-05
-0.000140373 -9.99212e-06 -8.67907e-05
-0.000140375 -1.00079e-05 -8.67918e-05
-0.000140378 -1.00236e-05 -8.67929e-05
 -0.00014038 -1.00394e-05 -8.67941e-05
-0.000140382 -1.00552e-05 -8.67952e-05
-0.000140384 -1.00709e-05 -8.67963e-05
-0.000140387 -1.00867e-05 -8.67974e-05
-0.000140389 -1.01025e-05 -8.67986e-05
-0.000140391 -1.01182e-05 -8.67997e-05
-0.000140393  -1.0134e-05 -8.68008e-05
-0.000140395 -1.01497e-05 -8.68019e-05
-0.000140397 -1.01654e-05  -8.6803e-05
-0.000140399 -1.01812e-05 -8.68041e-05
-0.000140401 -1.01969e-05 -8.68053e-05
-0.000140403 -1.02126e-05 -8.68063e-05
-0.000140405 -1.02284e-05 -8.68074e-05
-0.000140407 -1.02441e-05 -8.68085e-05
-0.000140409 -1.02598e-05 -8.68096e-05
-0.000140411 -1.02755e-05 -8.68107e-05
-0.000140413 -1.02911e-05 -8.68118e-05
-0.000140415 -1.03068e-05 -8.68129e-05
-0.000140417 -1.03224e-05  -8.6814e-05
-0.000140419 -1.03381e-05 -8.68151e-05
 -0.00014042 -1.03537e-05 -8.68161e-05
-0.000140422 -1.03693e-05 -8.68172e-05
-0.000140424 -1.03849e-05 -8.68183e-05
-0.000140426 -1.04004e-05 -8.68193e-05
-0.000140428  -1.0416e-05 -8.68204e-05
-0.000140429 -1.04315e-05 -8.68214e-05
-0.000140431  -1.0447e-05 -8.68225e-05
-0.000140433 -1.04625e-05 -8.68235e-05
-0.000140434 -1.04779e-05 -8.68246e-05
-0.000140436 -1.04934e-05 -8.68256e-05
-0.000140438 -1.05088e-05 -8.68266e-05
-0.000140439 -1.05242e-05 -8.68277e-05
-0.000140441 -1.05395e-05 -8.68287e-05
-0.000140442 -1.05549e-05 -8.68298e-05
-0.000140444 -1.05702e-05 -8.68308e-05
-0.000140445 -1.05855e-05 -8.68318e-05
-0.000140447 -1.06008e-05 -8.68328e-05
-0.000140448  -1.0616e-05 -8.68339e-05
 -0.00014045 -1.06312e-05 -8.68349e-05
-0.000140451 -1.06464e-05 -8.68359e-05
-0.000140453 -1.06615e-05 -8.68369e-05
-0.000140454 -1.06766e-05 -8.68379e-05
-0.000140455 -1.06917e-05 -8.68389e-05
-0.000140457 -1.07067e-05 -8.68399e-05
-0.000140458 -1.07217e-05 -8.68409e-05
-0.000140459 -1.07367e-05 -8.68419e-05
-0.000140461 -1.07516e-05 -8.68428e-05
-0.000140462 -1.07665e-05 -8.68438e-05
-0.000140463 -1.07814e-05 -8.68448e-05
-0.000140465 -1.07962e-05 -8.68458e-05
-0.000140466  -1.0811e-05 -8.68468e-05
-0.000140467 -1.08257e-05 -8.68477e-05
-0.000140468 -1.08404e-05 -8.68487e-05
-0.000140469 -1.08551e-05 -8.68496e-05
-0.000140471 -1.08697e-05 -8.68506e-05
-0.000140472 -1.08843e-05 -8.68515e-05
-0.000140473 -1.08989e-05 -8.68525e-05
-0.000140474 -1.09134e-05 -8.68534e-05
-0.000140475 -1.09278e-05 -8.68544e-05
-0.000140476 -1.09422e-05 -8.68553e-05
-0.000140477 -1.09566e-05 -8.68562e-05
-0.000140478 -1.09709e-05 -8.68572e-05
-0.000140479 -1.09852e-05 -8.68581e-05
 -0.00014048 -1.09994e-05  -8.6859e-05
-0.000140481 -1.10136e-05 -8.68599e-05
-0.000140482 -1.10277e-05 -8.68609e-05
-0.000140483 -1.10418e-05 -8.68618e-05
-0.000140484 -1.10558e-05 -8.68627e-05
-0.000140485 -1.10698e-05 -8.68636e-05
-0.000140486 -1.10837e-05 -8.68645e-05
-0.000140487 -1.10976e-05 -8.68654e-05
-0.000140488 -1.11114e-05 -8.68663e-05
-0.000140489 -1.11251e-05 -8.68672e-05
-0.000140489 -1.11389e-05 -8.68681e-05
 -0.00014049 -1.11525e-05  -8.6869e-05
-0.000140491 -1.11661e-05 -8.68699e-05
-0.000140492 -1.11797e-05 -8.68707e-05
-0.000140493 -1.11932e-05 -8.68716e-05
-0.000140493 -1.12066e-05 -8.68725e-05
-0.000140494   -1.122e-05 -8.68733e-05
-0.000140495 -1.12333e-05 -8.68742e-05
-0.000140495 -1.12466e-05 -8.68751e-05
-0.000140496 -1.12598e-05 -8.68759e-05
-0.000140497 -1.12729e-05 -8.68768e-05
-0.000140497  -1.1286e-05 -8.68776e-05
-0.000140498  -1.1299e-05 -8.68784e-05
-0.000140499  -1.1312e-05 -8.68793e-05
-0.000140499 -1.13249e-05 -8.68801e-05
  -0.0001405 -1.13377e-05  -8.6881e-05
-0.000140501 -1.13505e-05 -8.68818e-05
-0.000140501 -1.13632e-05 -8.68826e-05
-0.000140502 -1.13759e-05 -8.68835e-05
-0.000140502 -1.13885e-05 -8.68843e-05
-0.000140503  -1.1401e-05 -8.68851e-05
-0.000140503 -1.14135e-05 -8.68859e-05
-0.000140504 -1.14259e-05 -8.68867e-05
-0.000140504 -1.14382e-05 -8.68875e-05
-0.000140505 -1.14505e-05 -8.68883e-05
-0.000140505 -1.14626e-05 -8.68891e-05
-0.000140506 -1.14748e-05 -8.68899e-05
-0.000140506 -1.14868e-05 -8.68907e-05
-0.000140506 -1.14988e-05 -8.68915e-05
-0.000140507 -1.15107e-05 -8.68923e-05
-0.000140507 -1.15226e-05  -8.6893e-05
-0.000140508 -1.15344e-05 -8.68938e-05
-0.000140508 -1.15461e-05 -8.68946e-05
-0.000140508 -1.15577e-05 -8.68953e-05
-0.000140509 -1.15693e-05 -8.68961e-05
-0.000140509 -1.15808e-05 -8.68969e-05
-0.000140509 -1.15922e-05 -8.68976e-05
 -0.00014051 -1.16036e-05 -8.68984e-05
 -0.00014051 -1.16149e-05 -8.68991e-05
 -0.00014051 -1.16261e-05 -8.68999e-05
 -0.00014051 -1.16372e-05 -8.69006e-05
-0.000140511 -1.16483e-05 -8.69014e-05
-0.000140511 -1.16593e-05 -8.69021e-05
-0.000140511 -1.16702e-05 -8.69028e-05
-0.000140511  -1.1681e-05 -8.69035e-05
-0.000140511 -1.16918e-05 -8.69043e-05
-0.000140512 -1.17025e-05  -8.6905e-05
-0.000140512 -1.17131e-05 -8.69057e-05
-0.000140512 -1.17236e-05 -8.69064e-05
-0.000140512 -1.17341e-05 -8.69071e-05
-0.000140512 -1.17445e-05 -8.69078e-05
-0.000140512 -1.17548e-05 -8.69086e-05
-0.000140513  -1.1765e-05 -8.69093e-05
-0.000140513 -1.17752e-05 -8.69099e-05
-0.000140513 -1.17853e-05 -8.69106e-05
-0.000140513 -1.17952e-05 -8.69113e-05
-0.000140513 -1.18052e-05  -8.6912e-05
-0.000140513  -1.1815e-05 -8.69127e-05
-0.000140513 -1.18248e-05 -8.69134e-05
-0.000140513 -1.18344e-05  -8.6914e-05
-0.000140513 -1.18441e-05 -8.69147e-05
-0.000140513 -1.18536e-05 -8.69154e-05
-0.000140513  -1.1863e-05  -8.6916e-05
-0.000140513 -1.18724e-05 -8.69167e-05
-0.000140513 -1.18817e-05 -8.69173e-05
-0.000140513 -1.18909e-05  -8.6918e-05
-0.000140513    -1.19e-05 -8.69186e-05
-0.000140513  -1.1909e-05 -8.69193e-05
-0.000140513  -1.1918e-05 -8.69199e-05
-0.000140512 -1.19269e-05 -8.69205e-05
-0.000140512 -1.19357e-05 -8.69212e-05
-0.000140512 -1.19444e-05 -8.69218e-05
-0.000140512  -1.1953e-05 -8.69224e-05
-0.000140512 -1.19615e-05 -8.69231e-05
-0.000140512   -1.197e-05 -8.69237e-05
-0.000140512 -1.19784e-05 -8.69243e-05
-0.000140512 -1.19867e-05 -8.69249e-05
-0.000140511 -1.19949e-05 -8.69255e-05
-0.000140511  -1.2003e-05 -8.69261e-05
-0.000140511  -1.2011e-05 -8.69267e-05
-0.000140511  -1.2019e-05 -8.69273e-05
-0.000140511 -1.20268e-05 -8.69279e-05
 -0.00014051 -1.20346e-05 -8.69285e-05
 -0.00014051 -1.20423e-05 -8.69291e-05
 -0.00014051   -1.205e-05 -8.69297e-05
 -0.00014051 -1.20575e-05 -8.69303e-05
-0.000140509 -1.20649e-05 -8.69309e-05
-0.000140509 -1.20723e-05 -8.69314e-05
-0.000140509 -1.20796e-05  -8.6932e-05
-0.000140509 -1.20868e-05 -8.69326e-05
-0.000140508 -1.20939e-05 -8.69331e-05
-0.000140508 -1.21009e-05 -8.69337e-05
-0.000140508 -1.21078e-05 -8.69342e-05
-0.000140507 -1.21147e-05 -8.69348e-05
-0.000140507 -1.21214e-05 -8.69354e-05
-0.000140507 -1.21281e-05 -8.69359e-05
-0.000140506 -1.21347e-05 -8.69364e-05
-0.000140506 -1.21412e-05  -8.6937e-05
-0.000140506 -1.21476e-05 -8.69375e-05
-0.000140505 -1.21539e-05  -8.6938e-05
-0.000140505 -1.21602e-05 -8.69386e-05
-0.000140505 -1.21663e-05 -8.69391e-05
-0.000140504 -1.21724e-05 -8.69396e-05
-0.000140504 -1.21783e-05 -8.69401e-05
-0.000140503 -1.21842e-05 -8.69406e-05
-0.000140503   -1.219e-05 -8.69411e-05
-0.000140502 -1.21957e-05 -8.69417e-05
-0.000140502 -1.22014e-05 -8.69422e-05
-0.000140502 -1.22069e-05 -8.69427e-05
-0.000140501 -1.22124e-05 -8.69432e-05
-0.000140501 -1.22177e-05 -8.69437e-05
  -0.0001405  -1.2223e-05 -8.69442e-05
  -0.0001405 -1.22282e-05 -8.69446e-05
-0.000140499 -1.22333e-05 -8.69451e-05
-0.000140499 -1.22383e-05 -8.69456e-05
-0.000140498 -1.22433e-05 -8.69461e-05
-0.000140498 -1.22481e-05 -8.69466e-05
-0.000140497 -1.22529e-05 -8.69471e-05
-0.000140497 -1.22576e-05 -8.69475e-05
-0.000140496 -1.22621e-05  -8.6948e-05
-0.000140496 -1.22666e-05 -8.69485e-05
-0.000140495  -1.2271e-05 -8.69489e-05
-0.000140495 -1.22754e-05 -8.69493e-05
-0.000140494 -1.22796e-05 -8.69498e-05
-0.000140493 -1.22837e-05 -8.69503e-05
-0.000140493 -1.22878e-05 -8.69507e-05
-0.000140492 -1.22918e-05 -8.69512e-05
-0.000140492 -1.22957e-05 -8.69516e-05
-0.000140491 -1.22995e-05  -8.6952e-05
-0.000140491 -1.23032e-05 -8.69525e-05
 -0.00014049 -1.23068e-05 -8.69529e-05
-0.000140489 -1.23104e-05 -8.69533e-05
-0.000140489 -1.23138e-05 -8.69538e-05
-0.000140488 -1.23172e-05 -8.69542e-05
-0.000140488 -1.23205e-05 -8.69546e-05
-0.000140487 -1.23237e-05  -8.6955e-05
-0.000140486 -1.23268e-05 -8.69554e-05
-0.000140486 -1.23298e-05 -8.69558e-05
-0.000140485 -1.23327e-05 -8.69563e-05
-0.000140484 -1.23356e-05 -8.69566e-05
-0.000140484 -1.23384e-05  -8.6957e-05
-0.000140483  -1.2341e-05 -8.69574e-05
-0.000140482 -1.23436e-05 -8.69578e-05
-0.000140482 -1.23461e-05 -8.69582e-05
-0.000140481 -1.23486e-05 -8.69586e-05
 -0.00014048 -1.23509e-05  -8.6959e-05
 -0.00014048 -1.23532e-05 -8.69594e-05
-0.000140479 -1.23554e-05 -8.69597e-05
-0.000140478 -1.23575e-05 -8.69601e-05
-0.000140477 -1.23595e-05 -8.69605e-05
-0.000140477 -1.23614e-05 -8.69609e-05
-0.000140476 -1.23632e-05 -8.69613e-05
-0.000140475  -1.2365e-05 -8.69616e-05
-0.000140475 -1.23667e-05  -8.6962e-05
-0.000140474 -1.23682e-05 -8.69623e-05
-0.000140473 -1.23698e-05 -8.69627e-05
-0.000140472 -1.23712e-05 -8.69631e-05
-0.000140472 -1.23725e-05 -8.69634e-05
-0.000140471 -1.23738e-05 -8.69637e-05
 -0.00014047 -1.23749e-05 -8.69641e-05
-0.000140469  -1.2376e-05 -8.69644e-05
-0.000140469  -1.2377e-05 -8.69647e-05
-0.000140468  -1.2378e-05 -8.69651e-05
-0.000140467 -1.23788e-05 -8.69654e-05
-0.000140466 -1.23796e-05 -8.69657e-05
-0.000140466 -1.23802e-05 -8.69661e-05
-0.000140465 -1.23808e-05 -8.69664e-05
-0.000140464 -1.23814e-05 -8.69667e-05
-0.000140463 -1.23818e-05  -8.6967e-05
-0.000140462 -1.23821e-05 -8.69674e-05
-0.000140462 -1.23824e-05 -8.69677e-05
-0.000140461 -1.23826e-05  -8.6968e-05
 -0.00014046 -1.23827e-05 -8.69683e-05
-0.000140459 -1.23828e-05 -8.69686e-05
-0.000140458 -1.23827e-05 -8.69689e-05
-0.000140457 -1.23826e-05 -8.69692e-05
-0.000140457 -1.23824e-05 -8.69695e-05
-0.000140456 -1.23821e-05 -8.69698e-05
-0.000140455 -1.23818e-05 -8.69701e-05
-0.000140454 -1.23814e-05 -8.69704e-05
-0.000140453 -1.23808e-05 -8.69706e-05
-0.000140453 -1.23803e-05 -8.69709e-05
-0.000140452 -1.23796e-05 -8.69712e-05
-0.000140451 -1.23789e-05 -8.69715e-05
 -0.00014045  -1.2378e-05 -8.69717e-05
-0.000140449 -1.23772e-05  -8.6972e-05
-0.000140448 -1.23762e-05 -8.69723e-05
-0.000140447 -1.23752e-05 -8.69725e-05
-0.000140447  -1.2374e-05 -8.69728e-05
-0.000140446 -1.23728e-05 -8.69731e-05
-0.000140445 -1.23716e-05 -8.69733e-05
-0.000140444 -1.23702e-05 -8.69736e-05
-0.000140443 -1.23688e-05 -8.69738e-05
-0.000140442 -1.23673e-05 -8.69741e-05
-0.000140441 -1.23658e-05 -8.69743e-05
-0.000140441 -1.23641e-05 -8.69746e-05
 -0.00014044 -1.23624e-05 -8.69748e-05
-0.000140439 -1.23606e-05  -8.6975e-05
-0.000140438 -1.23588e-05 -8.69753e-05
-0.000140437 -1.23569e-05 -8.69755e-05
-0.000140436 -1.23549e-05 -8.69757e-05
-0.000140435 -1.23528e-05  -8.6976e-05
-0.000140434 -1.23507e-05 -8.69762e-05
-0.000140433 -1.23485e-05 -8.69764e-05
-0.000140433 -1.23462e-05 -8.69766e-05
-0.000140432 -1.23438e-05 -8.69768e-05
-0.000140431 -1.23414e-05  -8.6977e-05
 -0.00014043 -1.23389e-05 -8.69773e-05
-0.000140429 -1.23364e-05 -8.69775e-05
-0.000140428 -1.23337e-05 -8.69777e-05
-0.000140427  -1.2331e-05 -8.69779e-05
-0.000140426 -1.23283e-05 -8.69781e-05
-0.000140425 -1.23255e-05 -8.69783e-05
-0.000140424 -1.23226e-05 -8.69785e-05
-0.000140424 -1.23196e-05 -8.69787e-05
-0.000140423 -1.23166e-05 -8.69789e-05
-0.000140422 -1.23135e-05 -8.69791e-05
-0.000140421 -1.23104e-05 -8.69793e-05
 -0.00014042 -1.23071e-05 -8.69795e-05
-0.000140419 -1.23038e-05 -8.69797e-05
-0.000140418 -1.23005e-05 -8.69799e-05
-0.000140417 -1.22971e-05   -8.698e-05
-0.000140416 -1.22936e-05 -8.69802e-05
-0.000140415   -1.229e-05 -8.69804e-05
-0.000140414 -1.22865e-05 -8.69806e-05
-0.000140413 -1.22828e-05 -8.69807e-05
-0.000140413 -1.22791e-05 -8.69809e-05
-0.000140412 -1.22753e-05  -8.6981e-05
-0.000140411 -1.22714e-05 -8.69812e-05
 -0.00014041 -1.22675e-05 -8.69814e-05
-0.000140409 -1.22636e-05 -8.69816e-05
-0.000140408 -1.22595e-05 -8.69817e-05
-0.000140407 -1.22555e-05 -8.69819e-05
-0.000140406 -1.22513e-05  -8.6982e-05
-0.000140405 -1.22471e-05 -8.69822e-05
-0.000140404 -1.22429e-05 -8.69823e-05
-0.000140403 -1.22385e-05 -8.69825e-05
-0.000140402 -1.22342e-05 -8.69826e-05
-0.000140401 -1.22297e-05 -8.69828e-05
  -0.0001404 -1.22253e-05 -8.69829e-05
-0.000140399 -1.22207e-05  -8.6983e-05
-0.000140398 -1.22161e-05 -8.69832e-05
-0.000140397 -1.22115e-05 -8.69833e-05
-0.000140396 -1.22068e-05 -8.69835e-05
-0.000140395  -1.2202e-05 -8.69836e-05
-0.000140395 -1.21972e-05 -8.69838e-05
-0.000140394 -1.21923e-05 -8.69839e-05
-0.000140393 -1.21874e-05  -8.6984e-05
-0.000140392 -1.21824e-05 -8.69841e-05
-0.000140391 -1.21774e-05 -8.69842e-05
 -0.00014039 -1.21723e-05 -8.69844e-05
-0.000140389 -1.21672e-05 -8.69845e-05
-0.000140388  -1.2162e-05 -8.69846e-05
-0.000140387 -1.21568e-05 -8.69847e-05
-0.000140386 -1.21515e-05 -8.69848e-05
-0.000140385 -1.21462e-05 -8.69849e-05
-0.000140384 -1.21408e-05  -8.6985e-05
-0.000140383 -1.21354e-05 -8.69851e-05
-0.000140382   -1.213e-05 -8.69852e-05
-0.000140381 -1.21244e-05 -8.69853e-05
 -0.00014038 -1.21189e-05 -8.69854e-05
-0.000140379 -1.21133e-05 -8.69855e-05
-0.000140378 -1.21076e-05 -8.69856e-05
-0.000140378 -1.21019e-05 -8.69857e-05
-0.000140377 -1.20962e-05 -8.69858e-05
-0.000140376 -1.20904e-05 -8.69859e-05
-0.000140375 -1.20846e-05  -8.6986e-05
-0.000140374 -1.20787e-05  -8.6986e-05
-0.000140373 -1.20728e-05 -8.69861e-05
-0.000140372 -1.20668e-05 -8.69862e-05
-0.000140371 -1.20608e-05 -8.69863e-05
 -0.00014037 -1.20547e-05 -8.69864e-05
-0.000140369 -1.20487e-05 -8.69865e-05
-0.000140368 -1.20425e-05 -8.69865e-05
-0.000140367 -1.20364e-05 -8.69866e-05
-0.000140366 -1.20301e-05 -8.69867e-05
-0.000140365 -1.20239e-05 -8.69867e-05
-0.000140364 -1.20176e-05 -8.69868e-05
-0.000140363 -1.20113e-05 -8.69869e-05
-0.000140362 -1.20049e-05 -8.69869e-05
-0.000140362 -1.19985e-05  -8.6987e-05
-0.000140361 -1.19921e-05 -8.69871e-05
 -0.00014036 -1.19856e-05 -8.69871e-05
-0.000140359 -1.19791e-05 -8.69872e-05
-0.000140358 -1.19725e-05 -8.69872e-05
-0.000140357 -1.19659e-05 -8.69873e-05
-0.000140356 -1.19593e-05 -8.69873e-05
-0.000140355 -1.19527e-05 -8.69874e-05
-0.000140354  -1.1946e-05 -8.69874e-05
-0.000140353 -1.19393e-05 -8.69875e-05
-0.000140352 -1.19325e-05 -8.69875e-05
-0.000140351 -1.19257e-05 -8.69876e-05
 -0.00014035 -1.19189e-05 -8.69876e-05
-0.000140349  -1.1912e-05 -8.69877e-05
-0.000140348 -1.19052e-05 -8.69877e-05
-0.000140348 -1.18982e-05 -8.69877e-05
-0.000140347 -1.18913e-05 -8.69878e-05
-0.000140346 -1.18843e-05 -8.69878e-05
-0.000140345 -1.18773e-05 -8.69879e-05
-0.000140344 -1.18703e-05 -8.69879e-05
-0.000140343 -1.18633e-05 -8.69879e-05
-0.000140342 -1.18562e-05 -8.69879e-05
-0.000140341 -1.18491e-05  -8.6988e-05
 -0.00014034 -1.18419e-05  -8.6988e-05
-0.000140339 -1.18348e-05  -8.6988e-05
-0.000140338 -1.18276e-05  -8.6988e-05
-0.000140338 -1.18204e-05 -8.69881e-05
-0.000140337 -1.18132e-05 -8.69881e-05
-0.000140336 -1.18059e-05 -8.69881e-05
-0.000140335 -1.17986e-05 -8.69881e-05
-0.000140334 -1.17913e-05 -8.69881e-05
-0.000140333 -1.17839e-05 -8.69882e-05
-0.000140332 -1.17766e-05 -8.69882e-05
-0.000140331 -1.17692e-05 -8.69882e-05
 -0.00014033 -1.17618e-05 -8.69882e-05
 -0.00014033 -1.17544e-05 -8.69882e-05
-0.000140329  -1.1747e-05 -8.69882e-05
-0.000140328 -1.17395e-05 -8.69882e-05
-0.000140327  -1.1732e-05 -8.69882e-05
-0.000140326 -1.17245e-05 -8.69882e-05
-0.000140325  -1.1717e-05 -8.69882e-05
-0.000140324 -1.17095e-05 -8.69882e-05
-0.000140323  -1.1702e-05 -8.69882e-05
-0.000140322 -1.16944e-05 -8.69882e-05
-0.000140322 -1.16868e-05 -8.69882e-05
-0.000140321 -1.16792e-05 -8.69882e-05
 -0.00014032 -1.16716e-05 -8.69882e-05
-0.000140319  -1.1664e-05 -8.69882e-05
-0.000140318 -1.16563e-05 -8.69881e-05
-0.000140317 -1.16487e-05 -8.69881e-05
-0.000140316  -1.1641e-05 -8.69881e-05
-0.000140315 -1.16333e-05 -8.69881e-05
-0.000140315 -1.16256e-05 -8.69881e-05
-0.000140314 -1.16179e-05 -8.69881e-05
-0.000140313 -1.16102e-05 -8.69881e-05
-0.000140312 -1.16025e-05 -8.69881e-05
-0.000140311 -1.15947e-05 -8.69881e-05
-0.00014031 -1.1587e-05 -8.6988e-05
-0.000140309 -1.15792e-05  -8.6988e-05
-0.000140309 -1.15715e-05  -8.6988e-05
-0.000140308 -1.15637e-05  -8.6988e-05
-0.000140307 -1.15559e-05 -8.69879e-05
-0.000140306 -1.15481e-05 -8.69879e-05
-0.000140305 -1.15403e-05 -8.69879e-05
-0.000140304 -1.15325e-05 -8.69878e-05
-0.000140304 -1.15247e-05 -8.69878e-05
-0.000140303 -1.15169e-05 -8.69878e-05
-0.000140302  -1.1509e-05 -8.69877e-05
-0.000140301 -1.15012e-05 -8.69877e-05
  -0.0001403 -1.14933e-05 -8.69877e-05
-0.000140299 -1.14855e-05 -8.69877e-05
-0.000140299 -1.14776e-05 -8.69876e-05
-0.000140298 -1.14698e-05 -8.69876e-05
-0.000140297 -1.14619e-05 -8.69876e-05
-0.000140296 -1.14541e-05 -8.69875e-05
-0.000140295 -1.14462e-05 -8.69875e-05
-0.000140294 -1.14383e-05 -8.69874e-05
-0.000140294 -1.14305e-05 -8.69874e-05
-0.000140293 -1.14226e-05 -8.69873e-05
-0.000140292 -1.14147e-05 -8.69873e-05
-0.000140291 -1.14069e-05 -8.69872e-05
 -0.00014029  -1.1399e-05 -8.69872e-05
 -0.00014029 -1.13911e-05 -8.69871e-05
-0.000140289 -1.13833e-05 -8.69871e-05
-0.000140288 -1.13754e-05  -8.6987e-05
-0.000140287 -1.13675e-05  -8.6987e-05
-0.000140286 -1.13597e-05 -8.69869e-05
-0.000140286 -1.13518e-05 -8.69869e-05
-0.000140285  -1.1344e-05 -8.69868e-05
-0.000140284 -1.13361e-05 -8.69868e-05
-0.000140283 -1.13283e-05 -8.69867e-05
-0.000140282 -1.13204e-05 -8.69867e-05
-0.000140282 -1.13126e-05 -8.69866e-05
-0.000140281 -1.13047e-05 -8.69866e-05
 -0.00014028 -1.12969e-05 -8.69865e-05
-0.000140279 -1.12891e-05 -8.69865e-05
-0.000140279 -1.12813e-05 -8.69864e-05
-0.000140278 -1.12735e-05 -8.69864e-05
-0.000140277 -1.12657e-05 -8.69863e-05
-0.000140276 -1.12579e-05 -8.69862e-05
-0.000140276 -1.12501e-05 -8.69862e-05
-0.000140275 -1.12423e-05 -8.69861e-05
-0.000140274 -1.12345e-05 -8.69861e-05
-0.000140273 -1.12268e-05  -8.6986e-05
-0.000140273  -1.1219e-05 -8.69859e-05
-0.000140272 -1.12113e-05 -8.69859e-05
-0.000140271 -1.12036e-05 -8.69858e-05
 -0.00014027 -1.11958e-05 -8.69857e-05
 -0.00014027 -1.11881e-05 -8.69857e-05
-0.000140269 -1.11804e-05 -8.69856e-05
-0.000140268 -1.11727e-05 -8.69855e-05
-0.000140268 -1.11651e-05 -8.69855e-05
-0.000140267 -1.11574e-05 -8.69854e-05
-0.000140266 -1.11498e-05 -8.69853e-05
-0.000140265 -1.11421e-05 -8.69853e-05
-0.000140265 -1.11345e-05 -8.69852e-05
-0.000140264 -1.11269e-05 -8.69851e-05
-0.000140263 -1.11193e-05  -8.6985e-05
-0.000140263 -1.11117e-05  -8.6985e-05
-0.000140262 -1.11042e-05 -8.69849e-05
-0.000140261 -1.10966e-05 -8.69848e-05
-0.000140261 -1.10891e-05 -8.69847e-05
 -0.00014026 -1.10816e-05 -8.69847e-05
-0.000140259 -1.10741e-05 -8.69846e-05
-0.000140258 -1.10666e-05 -8.69845e-05
-0.000140258 -1.10592e-05 -8.69844e-05
-0.000140257 -1.10517e-05 -8.69844e-05
-0.000140256 -1.10443e-05 -8.69843e-05
-0.000140256 -1.10369e-05 -8.69842e-05
-0.000140255 -1.10295e-05 -8.69841e-05
-0.000140254 -1.10222e-05  -8.6984e-05
-0.000140254 -1.10148e-05  -8.6984e-05
-0.000140253 -1.10075e-05 -8.69839e-05
-0.000140252 -1.10002e-05 -8.69838e-05
-0.000140252 -1.09929e-05 -8.69837e-05
-0.000140251 -1.09856e-05 -8.69836e-05
 -0.00014025 -1.09784e-05 -8.69835e-05
 -0.00014025 -1.09712e-05 -8.69834e-05
-0.000140249  -1.0964e-05 -8.69833e-05
-0.000140248 -1.09568e-05 -8.69833e-05
-0.000140248 -1.09496e-05 -8.69832e-05
-0.000140247 -1.09425e-05 -8.69831e-05
-0.000140247 -1.09354e-05  -8.6983e-05
-0.000140246 -1.09283e-05 -8.69829e-05
-0.000140245 -1.09212e-05 -8.69828e-05
-0.000140245 -1.09142e-05 -8.69827e-05
-0.000140244 -1.09072e-05 -8.69826e-05
-0.000140243 -1.09002e-05 -8.69825e-05
-0.000140243 -1.08932e-05 -8.69825e-05
-0.000140242 -1.08863e-05 -8.69824e-05
-0.000140242 -1.08794e-05 -8.69823e-05
-0.000140241 -1.08725e-05 -8.69822e-05
 -0.00014024 -1.08657e-05 -8.69821e-05
 -0.00014024 -1.08588e-05  -8.6982e-05
-0.000140239  -1.0852e-05 -8.69819e-05
-0.000140238 -1.08452e-05 -8.69818e-05
-0.000140238 -1.08385e-05 -8.69817e-05
-0.000140237 -1.08318e-05 -8.69816e-05
-0.000140237  -1.0825e-05 -8.69815e-05
-0.000140236 -1.08184e-05 -8.69814e-05
-0.000140235 -1.08117e-05 -8.69813e-05
-0.000140235 -1.08051e-05 -8.69813e-05
-0.000140234 -1.07986e-05 -8.69812e-05
-0.000140234  -1.0792e-05 -8.69811e-05
-0.000140233 -1.07855e-05  -8.6981e-05
-0.000140233  -1.0779e-05 -8.69809e-05
-0.000140232 -1.07725e-05 -8.69808e-05
-0.000140231 -1.07661e-05 -8.69807e-05
-0.000140231 -1.07597e-05 -8.69806e-05
 -0.00014023 -1.07533e-05 -8.69805e-05
 -0.00014023  -1.0747e-05 -8.69803e-05
-0.000140229 -1.07406e-05 -8.69802e-05
-0.000140229 -1.07344e-05 -8.69801e-05
-0.000140228 -1.07281e-05   -8.698e-05
-0.000140228 -1.07219e-05 -8.69799e-05
-0.000140227 -1.07157e-05 -8.69798e-05
-0.000140226 -1.07096e-05 -8.69797e-05
-0.000140226 -1.07034e-05 -8.69796e-05
-0.000140225 -1.06974e-05 -8.69795e-05
-0.000140225 -1.06913e-05 -8.69794e-05
-0.000140224 -1.06853e-05 -8.69793e-05
-0.000140224 -1.06793e-05 -8.69792e-05
-0.000140223 -1.06733e-05 -8.69791e-05
-0.000140223 -1.06674e-05  -8.6979e-05
-0.000140222 -1.06616e-05 -8.69789e-05
-0.000140222 -1.06557e-05 -8.69788e-05
-0.000140221 -1.06499e-05 -8.69787e-05
-0.000140221 -1.06441e-05 -8.69786e-05
 -0.00014022 -1.06384e-05 -8.69785e-05
 -0.00014022 -1.06326e-05 -8.69784e-05
-0.000140219  -1.0627e-05 -8.69783e-05
-0.000140219 -1.06213e-05 -8.69781e-05
-0.000140218 -1.06157e-05  -8.6978e-05
-0.000140218 -1.06102e-05 -8.69779e-05
-0.000140217 -1.06046e-05 -8.69778e-05
-0.000140217 -1.05992e-05 -8.69777e-05
-0.000140216 -1.05937e-05 -8.69776e-05
-0.000140216 -1.05883e-05 -8.69775e-05
-0.000140215 -1.05829e-05 -8.69774e-05
-0.000140215 -1.05776e-05 -8.69773e-05
-0.000140214 -1.05722e-05 -8.69772e-05
-0.000140214  -1.0567e-05 -8.69771e-05
-0.000140213 -1.05617e-05  -8.6977e-05
-0.000140213 -1.05565e-05 -8.69769e-05
-0.000140212 -1.05514e-05 -8.69768e-05
-0.000140212 -1.05463e-05 -8.69767e-05
-0.000140211 -1.05412e-05 -8.69766e-05
-0.000140211 -1.05361e-05 -8.69765e-05
-0.000140211 -1.05311e-05 -8.69764e-05
 -0.00014021 -1.05262e-05 -8.69763e-05
 -0.00014021 -1.05212e-05 -8.69762e-05
-0.000140209 -1.05163e-05 -8.69761e-05
-0.000140209 -1.05115e-05  -8.6976e-05
-0.000140208 -1.05067e-05 -8.69759e-05
-0.000140208 -1.05019e-05 -8.69757e-05
-0.000140207 -1.04972e-05 -8.69756e-05
-0.000140207 -1.04925e-05 -8.69755e-05
-0.000140207 -1.04878e-05 -8.69754e-05
-0.000140206 -1.04832e-05 -8.69753e-05
-0.000140206 -1.04786e-05 -8.69752e-05
-0.000140205 -1.04741e-05 -8.69751e-05
-0.000140205 -1.04696e-05  -8.6975e-05
-0.000140205 -1.04651e-05 -8.69749e-05
-0.000140204 -1.04607e-05 -8.69747e-05
-0.000140204 -1.04563e-05 -8.69746e-05
-0.000140203  -1.0452e-05 -8.69745e-05
-0.000140203 -1.04477e-05 -8.69744e-05
-0.000140203 -1.04435e-05 -8.69743e-05
-0.000140202 -1.04393e-05 -8.69742e-05
-0.000140202 -1.04351e-05 -8.69741e-05
-0.000140201  -1.0431e-05  -8.6974e-05
-0.000140201 -1.04269e-05 -8.69739e-05
-0.000140201 -1.04228e-05 -8.69738e-05
  -0.0001402 -1.04188e-05 -8.69737e-05
  -0.0001402 -1.04149e-05 -8.69736e-05
-0.000140199  -1.0411e-05 -8.69734e-05
-0.000140199 -1.04071e-05 -8.69733e-05
-0.000140199 -1.04032e-05 -8.69732e-05
-0.000140198 -1.03994e-05 -8.69731e-05
-0.000140198 -1.03957e-05  -8.6973e-05
-0.000140198  -1.0392e-05 -8.69729e-05
-0.000140197 -1.03883e-05 -8.69728e-05
-0.000140197 -1.03847e-05 -8.69727e-05
-0.000140196 -1.03811e-05 -8.69726e-05
-0.000140196 -1.03776e-05 -8.69725e-05
-0.000140196 -1.03741e-05 -8.69724e-05
-0.000140195 -1.03706e-05 -8.69723e-05
-0.000140195 -1.03672e-05 -8.69722e-05
-0.000140195 -1.03638e-05 -8.69721e-05
-0.000140194 -1.03605e-05  -8.6972e-05
-0.000140194 -1.03572e-05 -8.69718e-05
-0.000140194 -1.03539e-05 -8.69717e-05
-0.000140193 -1.03507e-05 -8.69716e-05
-0.000140193 -1.03476e-05 -8.69715e-05
-0.000140193 -1.03444e-05 -8.69714e-05
-0.000140192 -1.03414e-05 -8.69713e-05
-0.000140192 -1.03383e-05 -8.69712e-05
-0.000140192 -1.03353e-05 -8.69711e-05
-0.000140191 -1.03324e-05  -8.6971e-05
-0.000140191 -1.03295e-05 -8.69709e-05
-0.000140191 -1.03266e-05 -8.69708e-05
-0.000140191 -1.03238e-05 -8.69707e-05
 -0.00014019  -1.0321e-05 -8.69706e-05
 -0.00014019 -1.03183e-05 -8.69705e-05
 -0.00014019 -1.03156e-05 -8.69703e-05
-0.000140189 -1.03129e-05 -8.69702e-05
-0.000140189 -1.03103e-05 -8.69701e-05
-0.000140189 -1.03078e-05   -8.697e-05
-0.000140188 -1.03052e-05 -8.69699e-05
-0.000140188 -1.03028e-05 -8.69698e-05
-0.000140188 -1.03003e-05 -8.69697e-05
-0.000140188 -1.02979e-05 -8.69696e-05
-0.000140187 -1.02956e-05 -8.69695e-05
-0.000140187 -1.02933e-05 -8.69694e-05
-0.000140187  -1.0291e-05 -8.69693e-05
-0.000140186 -1.02888e-05 -8.69692e-05
-0.000140186 -1.02866e-05 -8.69691e-05
-0.000140186 -1.02845e-05  -8.6969e-05
-0.000140186 -1.02824e-05 -8.69689e-05
-0.000140185 -1.02803e-05 -8.69687e-05
-0.000140185 -1.02783e-05 -8.69686e-05
-0.000140185 -1.02763e-05 -8.69685e-05
-0.000140185 -1.02744e-05 -8.69684e-05
-0.000140184 -1.02725e-05 -8.69683e-05
-0.000140184 -1.02707e-05 -8.69682e-05
-0.000140184 -1.02688e-05 -8.69681e-05
-0.000140184 -1.02671e-05  -8.6968e-05
-0.000140183 -1.02654e-05 -8.69679e-05
-0.000140183 -1.02637e-05 -8.69678e-05
-0.000140183  -1.0262e-05 -8.69677e-05
-0.000140183 -1.02605e-05 -8.69676e-05
-0.000140182 -1.02589e-05 -8.69675e-05
-0.000140182 -1.02574e-05 -8.69674e-05
-0.000140182 -1.02559e-05 -8.69673e-05
-0.000140182 -1.02545e-05 -8.69672e-05
-0.000140181 -1.02531e-05 -8.69671e-05
-0.000140181 -1.02518e-05  -8.6967e-05
-0.000140181 -1.02505e-05 -8.69669e-05
-0.000140181 -1.02492e-05 -8.69668e-05
 -0.00014018  -1.0248e-05 -8.69667e-05
 -0.00014018 -1.02469e-05 -8.69666e-05
 -0.00014018 -1.02457e-05 -8.69665e-05
 -0.00014018 -1.02446e-05 -8.69664e-05
 -0.00014018 -1.02436e-05 -8.69663e-05
-0.000140179 -1.02426e-05 -8.69662e-05
-0.000140179 -1.02416e-05 -8.69661e-05
-0.000140179 -1.02407e-05  -8.6966e-05
-0.000140179 -1.02398e-05 -8.69659e-05
-0.000140178  -1.0239e-05 -8.69658e-05
-0.000140178 -1.02382e-05 -8.69657e-05
-0.000140178 -1.02374e-05 -8.69656e-05
-0.000140178 -1.02367e-05 -8.69655e-05
-0.000140178  -1.0236e-05 -8.69654e-05
-0.000140177 -1.02353e-05 -8.69654e-05
-0.000140177 -1.02347e-05 -8.69653e-05
-0.000140177 -1.02342e-05 -8.69652e-05
-0.000140177 -1.02337e-05 -8.69651e-05
-0.000140177 -1.02332e-05  -8.6965e-05
-0.000140176 -1.02327e-05 -8.69649e-05
-0.000140176 -1.02323e-05 -8.69648e-05
-0.000140176  -1.0232e-05 -8.69647e-05
-0.000140176 -1.02316e-05 -8.69646e-05
-0.000140176 -1.02313e-05 -8.69645e-05
-0.000140176 -1.02311e-05 -8.69644e-05
-0.000140175 -1.02309e-05 -8.69643e-05
-0.000140175 -1.02307e-05 -8.69642e-05
-0.000140175 -1.02306e-05 -8.69641e-05
-0.000140175 -1.02305e-05  -8.6964e-05
-0.000140175 -1.02305e-05  -8.6964e-05
-0.000140174 -1.02305e-05 -8.69639e-05
-0.000140174 -1.02305e-05 -8.69638e-05
-0.000140174 -1.02306e-05 -8.69637e-05
-0.000140174 -1.02307e-05 -8.69636e-05
-0.000140174 -1.02308e-05 -8.69635e-05
-0.000140174  -1.0231e-05 -8.69634e-05
-0.000140173 -1.02312e-05 -8.69634e-05
-0.000140173 -1.02315e-05 -8.69633e-05
-0.000140173 -1.02318e-05 -8.69632e-05
-0.000140173 -1.02321e-05 -8.69631e-05
-0.000140173 -1.02324e-05  -8.6963e-05
-0.000140173 -1.02328e-05 -8.69629e-05
-0.000140173 -1.02333e-05 -8.69628e-05
-0.000140172 -1.02337e-05 -8.69627e-05
-0.000140172 -1.02342e-05 -8.69627e-05
-0.000140172 -1.02348e-05 -8.69626e-05
-0.000140172 -1.02354e-05 -8.69625e-05
-0.000140172  -1.0236e-05 -8.69624e-05
-0.000140172 -1.02366e-05 -8.69624e-05
-0.000140171 -1.02373e-05 -8.69623e-05
-0.000140171  -1.0238e-05 -8.69622e-05
-0.000140171 -1.02388e-05 -8.69621e-05
-0.000140171 -1.02396e-05  -8.6962e-05
-0.000140171 -1.02404e-05 -8.69619e-05
-0.000140171 -1.02413e-05 -8.69619e-05
-0.000140171 -1.02422e-05 -8.69618e-05
-0.000140171 -1.02431e-05 -8.69617e-05
-0.000140171 -1.02441e-05 -8.69616e-05
 -0.00014017 -1.02451e-05 -8.69615e-05
 -0.00014017 -1.02461e-05 -8.69615e-05
 -0.00014017 -1.02472e-05 -8.69614e-05
 -0.00014017 -1.02483e-05 -8.69613e-05
 -0.00014017 -1.02494e-05 -8.69612e-05
 -0.00014017 -1.02506e-05 -8.69611e-05
 -0.00014017 -1.02518e-05 -8.69611e-05
-0.00014017 -1.0253e-05 -8.6961e-05
 -0.00014017 -1.02543e-05 -8.69609e-05
-0.000140169 -1.02556e-05 -8.69609e-05
-0.000140169 -1.02569e-05 -8.69608e-05
-0.000140169 -1.02583e-05 -8.69607e-05
-0.000140169 -1.02597e-05 -8.69606e-05
-0.000140169 -1.02611e-05 -8.69606e-05
-0.000140169 -1.02626e-05 -8.69605e-05
-0.000140169  -1.0264e-05 -8.69604e-05
-0.000140169 -1.02656e-05 -8.69603e-05
-0.000140169 -1.02671e-05 -8.69603e-05
-0.000140169 -1.02687e-05 -8.69602e-05
-0.000140169 -1.02703e-05 -8.69601e-05
-0.000140169 -1.02719e-05   -8.696e-05
-0.000140169 -1.02736e-05   -8.696e-05
-0.000140168 -1.02753e-05 -8.69599e-05
-0.000140168  -1.0277e-05 -8.69598e-05
-0.000140168 -1.02788e-05 -8.69597e-05
-0.000140168 -1.02806e-05 -8.69597e-05
-0.000140168 -1.02824e-05 -8.69596e-05
-0.000140168 -1.02843e-05 -8.69595e-05
-0.000140168 -1.02862e-05 -8.69595e-05
-0.000140168 -1.02881e-05 -8.69594e-05
-0.000140168   -1.029e-05 -8.69593e-05
-0.000140168  -1.0292e-05 -8.69593e-05
-0.000140168  -1.0294e-05 -8.69592e-05
-0.000140168  -1.0296e-05 -8.69592e-05
-0.000140167 -1.02981e-05 -8.69591e-05
-0.000140167 -1.03002e-05  -8.6959e-05
-0.000140167 -1.03023e-05  -8.6959e-05
-0.000140167 -1.03044e-05 -8.69589e-05
-0.000140167 -1.03066e-05 -8.69588e-05
-0.000140167 -1.03088e-05 -8.69588e-05
-0.000140167  -1.0311e-05 -8.69587e-05
-0.000140167 -1.03132e-05 -8.69586e-05
-0.000140167 -1.03155e-05 -8.69586e-05
-0.000140167 -1.03178e-05 -8.69585e-05
-0.000140167 -1.03201e-05 -8.69585e-05
-0.000140167 -1.03224e-05 -8.69584e-05
-0.000140167 -1.03248e-05 -8.69583e-05
-0.000140167 -1.03272e-05 -8.69583e-05
-0.000140167 -1.03296e-05 -8.69583e-05
-0.000140167 -1.03321e-05 -8.69582e-05
-0.000140167 -1.03345e-05 -8.69582e-05
-0.000140167  -1.0337e-05 -8.69581e-05
-0.000140166 -1.03395e-05  -8.6958e-05
-0.000140166 -1.03421e-05  -8.6958e-05
-0.000140166 -1.03446e-05 -8.69579e-05
-0.000140166 -1.03472e-05 -8.69578e-05
-0.000140166 -1.03498e-05 -8.69578e-05
-0.000140166 -1.03524e-05 -8.69577e-05
-0.000140166 -1.03551e-05 -8.69577e-05
-0.000140166 -1.03578e-05 -8.69576e-05
-0.000140166 -1.03605e-05 -8.69576e-05
-0.000140166 -1.03632e-05 -8.69575e-05
-0.000140166 -1.03659e-05 -8.69575e-05
-0.000140166 -1.03687e-05 -8.69574e-05
-0.000140166 -1.03715e-05 -8.69574e-05
-0.000140166 -1.03743e-05 -8.69573e-05
-0.000140166 -1.03771e-05 -8.69573e-05
-0.000140166 -1.03799e-05 -8.69572e-05
-0.000140166 -1.03828e-05 -8.69571e-05
-0.000140166 -1.03857e-05 -8.69571e-05
-0.000140166 -1.03886e-05  -8.6957e-05
-0.000140166 -1.03915e-05  -8.6957e-05
-0.000140166 -1.03944e-05 -8.69569e-05
-0.000140166 -1.03974e-05 -8.69569e-05
-0.000140166 -1.04003e-05 -8.69568e-05
-0.000140166 -1.04033e-05 -8.69568e-05
-0.000140166 -1.04064e-05 -8.69567e-05
-0.000140166 -1.04094e-05 -8.69567e-05
-0.000140166 -1.04124e-05 -8.69566e-05
-0.000140166 -1.04155e-05 -8.69566e-05
-0.000140166 -1.04186e-05 -8.69565e-05
-0.000140166 -1.04217e-05 -8.69565e-05
-0.000140166 -1.04248e-05 -8.69565e-05
-0.000140166  -1.0428e-05 -8.69564e-05
-0.000140166 -1.04311e-05 -8.69564e-05
-0.000140166 -1.04343e-05 -8.69564e-05
-0.000140166 -1.04375e-05 -8.69563e-05
-0.000140166 -1.04407e-05 -8.69563e-05
-0.000140166 -1.04439e-05 -8.69562e-05
-0.000140166 -1.04471e-05 -8.69562e-05
-0.000140166 -1.04504e-05 -8.69561e-05
-0.000140166 -1.04536e-05 -8.69561e-05
-0.000140166 -1.04569e-05 -8.69561e-05
-0.000140166 -1.04602e-05  -8.6956e-05
-0.000140166 -1.04635e-05  -8.6956e-05
-0.000140166 -1.04668e-05 -8.69559e-05
-0.000140166 -1.04702e-05 -8.69559e-05
-0.000140166 -1.04735e-05 -8.69558e-05
-0.000140166 -1.04769e-05 -8.69558e-05
-0.000140166 -1.04802e-05 -8.69558e-05
-0.000140166 -1.04836e-05 -8.69557e-05
-0.000140166  -1.0487e-05 -8.69557e-05
-0.000140166 -1.04905e-05 -8.69557e-05
-0.000140166 -1.04939e-05 -8.69556e-05
-0.000140166 -1.04973e-05 -8.69556e-05
-0.000140166 -1.05008e-05 -8.69556e-05
-0.000140166 -1.05042e-05 -8.69555e-05
-0.000140166 -1.05077e-05 -8.69555e-05
-0.000140166 -1.05112e-05 -8.69555e-05
-0.000140166 -1.05147e-05 -8.69554e-05
-0.000140166 -1.05182e-05 -8.69554e-05
-0.000140166 -1.05217e-05 -8.69554e-05
-0.000140166 -1.05252e-05 -8.69554e-05
-0.000140166 -1.05288e-05 -8.69553e-05
-0.000140166 -1.05323e-05 -8.69553e-05
-0.000140166 -1.05359e-05 -8.69553e-05
-0.000140166 -1.05394e-05 -8.69552e-05
-0.000140166  -1.0543e-05 -8.69552e-05
-0.000140166 -1.05466e-05 -8.69552e-05
-0.000140166 -1.05502e-05 -8.69551e-05
-0.000140166 -1.05538e-05 -8.69551e-05
-0.000140166 -1.05574e-05 -8.69551e-05
-0.000140166  -1.0561e-05 -8.69551e-05
-0.000140166 -1.05646e-05  -8.6955e-05
-0.000140166 -1.05683e-05  -8.6955e-05
-0.000140166 -1.05719e-05  -8.6955e-05
-0.000140166 -1.05755e-05 -8.69549e-05
-0.000140166 -1.05792e-05 -8.69549e-05
-0.000140166 -1.05829e-05 -8.69549e-05
-0.000140166 -1.05865e-05 -8.69549e-05
-0.000140166 -1.05902e-05 -8.69549e-05
-0.000140166 -1.05938e-05 -8.69548e-05
-0.000140166 -1.05975e-05 -8.69548e-05
-0.000140166 -1.06012e-05 -8.69548e-05
-0.000140167 -1.06049e-05 -8.69548e-05
-0.000140167 -1.06086e-05 -8.69548e-05
-0.000140167 -1.06122e-05 -8.69547e-05
-0.000140167 -1.06159e-05 -8.69547e-05
-0.000140167 -1.06196e-05 -8.69547e-05
-0.000140167 -1.06233e-05 -8.69547e-05
-0.000140167 -1.06271e-05 -8.69546e-05
-0.000140167 -1.06308e-05 -8.69546e-05
-0.000140167 -1.06345e-05 -8.69546e-05
-0.000140167 -1.06382e-05 -8.69546e-05
-0.000140167  -1.0642e-05 -8.69546e-05
-0.000140167 -1.06457e-05 -8.69545e-05
-0.000140167 -1.06494e-05 -8.69545e-05
-0.000140167 -1.06532e-05 -8.69545e-05
-0.000140167 -1.06569e-05 -8.69545e-05
-0.000140167 -1.06606e-05 -8.69545e-05
-0.000140167 -1.06644e-05 -8.69545e-05
-0.000140167 -1.06681e-05 -8.69544e-05
-0.000140167 -1.06718e-05 -8.69544e-05
-0.000140167 -1.06756e-05 -8.69544e-05
-0.000140167 -1.06793e-05 -8.69544e-05
-0.000140167  -1.0683e-05 -8.69544e-05
-0.000140167 -1.06868e-05 -8.69544e-05
-0.000140167 -1.06905e-05 -8.69543e-05
-0.000140168 -1.06943e-05 -8.69543e-05
-0.000140168  -1.0698e-05 -8.69543e-05
-0.000140168 -1.07018e-05 -8.69543e-05
-0.000140168 -1.07055e-05 -8.69543e-05
-0.000140168 -1.07092e-05 -8.69543e-05
-0.000140168  -1.0713e-05 -8.69543e-05
-0.000140168 -1.07167e-05 -8.69543e-05
-0.000140168 -1.07205e-05 -8.69543e-05
-0.000140168 -1.07242e-05 -8.69543e-05
-0.000140168 -1.07279e-05 -8.69543e-05
-0.000140168 -1.07316e-05 -8.69543e-05
-0.000140168 -1.07354e-05 -8.69543e-05
-0.000140168 -1.07391e-05 -8.69543e-05
-0.000140168 -1.07428e-05 -8.69542e-05
-0.000140168 -1.07465e-05 -8.69542e-05
-0.000140168 -1.07503e-05 -8.69542e-05
-0.000140168  -1.0754e-05 -8.69542e-05
-0.000140168 -1.07577e-05 -8.69543e-05
-0.000140168 -1.07614e-05 -8.69542e-05
-0.000140168 -1.07651e-05 -8.69542e-05
-0.000140168 -1.07688e-05 -8.69542e-05
-0.000140169 -1.07725e-05 -8.69542e-05
-0.000140169 -1.07762e-05 -8.69542e-05
-0.000140169 -1.07799e-05 -8.69542e-05
-0.000140169 -1.07836e-05 -8.69542e-05
-0.000140169 -1.07872e-05 -8.69542e-05
-0.000140169 -1.07909e-05 -8.69542e-05
-0.000140169 -1.07945e-05 -8.69542e-05
-0.000140169 -1.07982e-05 -8.69542e-05
-0.000140169 -1.08018e-05 -8.69542e-05
-0.000140169 -1.08055e-05 -8.69542e-05
-0.000140169 -1.08091e-05 -8.69542e-05
-0.000140169 -1.08127e-05 -8.69542e-05
-0.000140169 -1.08164e-05 -8.69542e-05
-0.000140169   -1.082e-05 -8.69542e-05
-0.000140169 -1.08236e-05 -8.69542e-05
-0.000140169 -1.08272e-05 -8.69542e-05
-0.000140169 -1.08308e-05 -8.69542e-05
-0.000140169 -1.08344e-05 -8.69542e-05
-0.000140169  -1.0838e-05 -8.69542e-05
 -0.00014017 -1.08416e-05 -8.69542e-05
 -0.00014017 -1.08451e-05 -8.69542e-05
 -0.00014017 -1.08487e-05 -8.69542e-05
 -0.00014017 -1.08522e-05 -8.69542e-05
 -0.00014017 -1.08558e-05 -8.69542e-05
 -0.00014017 -1.08593e-05 -8.69542e-05
 -0.00014017 -1.08628e-05 -8.69542e-05
 -0.00014017 -1.08663e-05 -8.69542e-05
 -0.00014017 -1.08698e-05 -8.69542e-05
 -0.00014017 -1.08733e-05 -8.69542e-05
 -0.00014017 -1.08768e-05 -8.69542e-05
 -0.00014017 -1.08803e-05 -8.69542e-05
 -0.00014017 -1.08837e-05 -8.69542e-05
 -0.00014017 -1.08872e-05 -8.69542e-05
-0.000140171 -1.08906e-05 -8.69542e-05
-0.000140171 -1.08941e-05 -8.69542e-05
-0.000140171 -1.08975e-05 -8.69542e-05
-0.000140171 -1.09009e-05 -8.69542e-05
-0.000140171 -1.09043e-05 -8.69542e-05
-0.000140171 -1.09077e-05 -8.69543e-05
-0.000140171 -1.09111e-05 -8.69543e-05
-0.000140171 -1.09144e-05 -8.69543e-05
-0.000140171 -1.09178e-05 -8.69543e-05
-0.000140171 -1.09211e-05 -8.69543e-05
-0.000140171 -1.09245e-05 -8.69543e-05
-0.000140171 -1.09278e-05 -8.69543e-05
-0.000140171 -1.09311e-05 -8.69543e-05
-0.000140171 -1.09344e-05 -8.69544e-05
-0.000140171 -1.09377e-05 -8.69544e-05
-0.000140171  -1.0941e-05 -8.69544e-05
-0.000140172 -1.09442e-05 -8.69544e-05
-0.000140172 -1.09475e-05 -8.69544e-05
-0.000140172 -1.09507e-05 -8.69544e-05
-0.000140172 -1.09539e-05 -8.69545e-05
-0.000140172 -1.09571e-05 -8.69545e-05
-0.000140172 -1.09603e-05 -8.69545e-05
-0.000140172 -1.09635e-05 -8.69545e-05
-0.000140172 -1.09667e-05 -8.69545e-05
-0.000140172 -1.09699e-05 -8.69545e-05
-0.000140172  -1.0973e-05 -8.69546e-05
-0.000140172 -1.09762e-05 -8.69546e-05
-0.000140172 -1.09793e-05 -8.69546e-05
-0.000140172 -1.09824e-05 -8.69546e-05
-0.000140172 -1.09855e-05 -8.69546e-05
-0.000140172 -1.09885e-05 -8.69547e-05
-0.000140172 -1.09916e-05 -8.69547e-05
-0.000140172 -1.09946e-05 -8.69547e-05
-0.000140173 -1.09976e-05 -8.69547e-05
-0.000140173 -1.10007e-05 -8.69547e-05
-0.000140173 -1.10037e-05 -8.69547e-05
-0.000140173 -1.10066e-05 -8.69548e-05
-0.000140173 -1.10096e-05 -8.69548e-05
-0.000140173 -1.10126e-05 -8.69548e-05
-0.000140173 -1.10155e-05 -8.69548e-05
-0.000140173 -1.10184e-05 -8.69548e-05
-0.000140173 -1.10213e-05 -8.69549e-05
-0.000140173 -1.10242e-05 -8.69549e-05
-0.000140173 -1.10271e-05 -8.69549e-05
-0.000140173 -1.10299e-05 -8.69549e-05
-0.000140173 -1.10327e-05 -8.69549e-05
-0.000140173 -1.10356e-05  -8.6955e-05
-0.000140174 -1.10384e-05  -8.6955e-05
-0.000140174 -1.10412e-05 -8.69551e-05
-0.000140174 -1.10439e-05 -8.69551e-05
-0.000140174 -1.10467e-05 -8.69551e-05
-0.000140174 -1.10495e-05 -8.69551e-05
-0.000140174 -1.10522e-05 -8.69551e-05
-0.000140174 -1.10549e-05 -8.69551e-05
-0.000140174 -1.10576e-05 -8.69552e-05
-0.000140174 -1.10602e-05 -8.69552e-05
-0.000140174 -1.10629e-05 -8.69552e-05
-0.000140174 -1.10655e-05 -8.69552e-05
-0.000140174 -1.10682e-05 -8.69552e-05
-0.000140174 -1.10708e-05 -8.69552e-05
-0.000140174 -1.10734e-05 -8.69553e-05
-0.000140175 -1.10759e-05 -8.69553e-05
-0.000140175 -1.10785e-05 -8.69553e-05
-0.000140175  -1.1081e-05 -8.69554e-05
-0.000140175 -1.10835e-05 -8.69554e-05
-0.000140175  -1.1086e-05 -8.69554e-05
-0.000140175 -1.10885e-05 -8.69555e-05
-0.000140175 -1.10909e-05 -8.69555e-05
-0.000140175 -1.10934e-05 -8.69555e-05
-0.000140175 -1.10958e-05 -8.69556e-05
-0.000140175 -1.10982e-05 -8.69556e-05
-0.000140175 -1.11006e-05 -8.69556e-05
-0.000140175  -1.1103e-05 -8.69557e-05
-0.000140175 -1.11054e-05 -8.69557e-05
-0.000140175 -1.11077e-05 -8.69557e-05
-0.000140176   -1.111e-05 -8.69558e-05
-0.000140176 -1.11123e-05 -8.69558e-05
-0.000140176 -1.11146e-05 -8.69558e-05
-0.000140176 -1.11168e-05 -8.69558e-05
-0.000140176 -1.11191e-05 -8.69559e-05
-0.000140176 -1.11213e-05 -8.69559e-05
-0.000140176 -1.11235e-05 -8.69559e-05
-0.000140176 -1.11257e-05  -8.6956e-05
-0.000140176 -1.11278e-05  -8.6956e-05
-0.000140176   -1.113e-05  -8.6956e-05
-0.000140176 -1.11321e-05 -8.69561e-05
-0.000140176 -1.11342e-05 -8.69561e-05
-0.000140176 -1.11363e-05 -8.69561e-05
-0.000140176 -1.11384e-05 -8.69562e-05
-0.000140176 -1.11404e-05 -8.69562e-05
-0.000140176 -1.11425e-05 -8.69562e-05
-0.000140177 -1.11445e-05 -8.69562e-05
-0.000140177 -1.11465e-05 -8.69563e-05
-0.000140177 -1.11484e-05 -8.69563e-05
-0.000140177 -1.11504e-05 -8.69563e-05
-0.000140177 -1.11523e-05 -8.69564e-05
-0.000140177 -1.11542e-05 -8.69564e-05
-0.000140177 -1.11561e-05 -8.69564e-05
-0.000140177 -1.11579e-05 -8.69565e-05
-0.000140177 -1.11598e-05 -8.69565e-05
-0.000140177 -1.11616e-05 -8.69566e-05
-0.000140177 -1.11634e-05 -8.69566e-05
-0.000140177 -1.11652e-05 -8.69566e-05
-0.000140177  -1.1167e-05 -8.69567e-05
-0.000140177 -1.11687e-05 -8.69567e-05
-0.000140177 -1.11705e-05 -8.69567e-05
-0.000140178 -1.11722e-05 -8.69568e-05
-0.000140178 -1.11739e-05 -8.69568e-05
-0.000140178 -1.11755e-05 -8.69568e-05
-0.000140178 -1.11772e-05 -8.69569e-05
-0.000140178 -1.11788e-05 -8.69569e-05
-0.000140178 -1.11804e-05 -8.69569e-05
-0.000140178  -1.1182e-05 -8.69569e-05
-0.000140178 -1.11835e-05  -8.6957e-05
-0.000140178 -1.11851e-05  -8.6957e-05
-0.000140178 -1.11866e-05  -8.6957e-05
-0.000140178 -1.11881e-05 -8.69571e-05
-0.000140178 -1.11896e-05 -8.69571e-05
-0.000140178  -1.1191e-05 -8.69572e-05
-0.000140178 -1.11925e-05 -8.69572e-05
-0.000140178 -1.11939e-05 -8.69572e-05
-0.000140179 -1.11953e-05 -8.69573e-05
-0.000140179 -1.11967e-05 -8.69573e-05
-0.000140179  -1.1198e-05 -8.69574e-05
-0.000140179 -1.11994e-05 -8.69574e-05
-0.000140179 -1.12007e-05 -8.69574e-05
-0.000140179  -1.1202e-05 -8.69575e-05
-0.000140179 -1.12033e-05 -8.69575e-05
-0.000140179 -1.12045e-05 -8.69575e-05
-0.000140179 -1.12058e-05 -8.69576e-05
-0.000140179  -1.1207e-05 -8.69576e-05
-0.000140179 -1.12082e-05 -8.69577e-05
-0.000140179 -1.12093e-05 -8.69577e-05
-0.000140179 -1.12105e-05 -8.69577e-05
-0.000140179 -1.12116e-05 -8.69578e-05
-0.000140179 -1.12127e-05 -8.69578e-05
 -0.00014018 -1.12138e-05 -8.69579e-05
 -0.00014018 -1.12149e-05 -8.69579e-05
-0.00014018 -1.1216e-05 -8.6958e-05
-0.00014018 -1.1217e-05 -8.6958e-05
 -0.00014018  -1.1218e-05 -8.69581e-05
 -0.00014018  -1.1219e-05 -8.69581e-05
 -0.00014018   -1.122e-05 -8.69582e-05
 -0.00014018  -1.1221e-05 -8.69582e-05
 -0.00014018 -1.12219e-05 -8.69582e-05
 -0.00014018 -1.12228e-05 -8.69583e-05
 -0.00014018 -1.12237e-05 -8.69583e-05
 -0.00014018 -1.12246e-05 -8.69584e-05
 -0.00014018 -1.12254e-05 -8.69584e-05
 -0.00014018 -1.12262e-05 -8.69584e-05
 -0.00014018 -1.12271e-05 -8.69585e-05
 -0.00014018 -1.12278e-05 -8.69585e-05
 -0.00014018 -1.12286e-05 -8.69586e-05
 -0.00014018 -1.12293e-05 -8.69586e-05
 -0.00014018 -1.12301e-05 -8.69587e-05
-0.000140181 -1.12308e-05 -8.69587e-05
-0.000140181 -1.12315e-05 -8.69587e-05
-0.000140181 -1.12321e-05 -8.69588e-05
-0.000140181 -1.12328e-05 -8.69588e-05
-0.000140181 -1.12334e-05 -8.69589e-05
-0.000140181  -1.1234e-05 -8.69589e-05
-0.000140181 -1.12346e-05  -8.6959e-05
-0.000140181 -1.12352e-05  -8.6959e-05
-0.000140181 -1.12357e-05 -8.69591e-05
-0.000140181 -1.12363e-05 -8.69591e-05
-0.000140181 -1.12368e-05 -8.69592e-05
-0.000140181 -1.12373e-05 -8.69592e-05
-0.000140181 -1.12377e-05 -8.69593e-05
-0.000140181 -1.12382e-05 -8.69593e-05
-0.000140181 -1.12386e-05 -8.69593e-05
-0.000140181  -1.1239e-05 -8.69594e-05
-0.000140181 -1.12394e-05 -8.69594e-05
-0.000140181 -1.12398e-05 -8.69595e-05
-0.000140182 -1.12401e-05 -8.69595e-05
-0.000140182 -1.12404e-05 -8.69596e-05
-0.000140182 -1.12407e-05 -8.69596e-05
-0.000140182  -1.1241e-05 -8.69596e-05
-0.000140182 -1.12413e-05 -8.69597e-05
-0.000140182 -1.12416e-05 -8.69597e-05
-0.000140182 -1.12418e-05 -8.69598e-05
-0.000140182  -1.1242e-05 -8.69598e-05
-0.000140182 -1.12422e-05 -8.69599e-05
-0.000140182 -1.12424e-05 -8.69599e-05
-0.000140182 -1.12425e-05   -8.696e-05
-0.000140182 -1.12427e-05   -8.696e-05
-0.000140182 -1.12428e-05 -8.69601e-05
-0.000140182 -1.12429e-05 -8.69601e-05
-0.000140182  -1.1243e-05 -8.69602e-05
-0.000140182  -1.1243e-05 -8.69602e-05
-0.000140182 -1.12431e-05 -8.69603e-05
-0.000140182 -1.12431e-05 -8.69603e-05
-0.000140182 -1.12431e-05 -8.69604e-05
-0.000140183 -1.12431e-05 -8.69604e-05
-0.000140183 -1.12431e-05 -8.69605e-05
-0.000140183  -1.1243e-05 -8.69605e-05
-0.000140183 -1.12429e-05 -8.69605e-05
-0.000140183 -1.12429e-05 -8.69606e-05
-0.000140183 -1.12428e-05 -8.69607e-05
-0.000140183 -1.12426e-05 -8.69607e-05
-0.000140183 -1.12425e-05 -8.69608e-05
-0.000140183 -1.12424e-05 -8.69608e-05
-0.000140183 -1.12422e-05 -8.69608e-05
-0.000140183  -1.1242e-05 -8.69609e-05
-0.000140183 -1.12418e-05 -8.69609e-05
-0.000140183 -1.12416e-05  -8.6961e-05
-0.000140183 -1.12413e-05  -8.6961e-05
-0.000140183 -1.12411e-05 -8.69611e-05
-0.000140183 -1.12408e-05 -8.69611e-05
-0.000140183 -1.12405e-05 -8.69612e-05
-0.000140183 -1.12402e-05 -8.69612e-05
-0.000140183 -1.12398e-05 -8.69613e-05
-0.000140183 -1.12395e-05 -8.69613e-05
-0.000140183 -1.12391e-05 -8.69613e-05
-0.000140184 -1.12387e-05 -8.69614e-05
-0.000140184 -1.12383e-05 -8.69614e-05
-0.000140184 -1.12379e-05 -8.69615e-05
-0.000140184 -1.12375e-05 -8.69615e-05
-0.000140184  -1.1237e-05 -8.69616e-05
-0.000140184 -1.12365e-05 -8.69616e-05
-0.000140184 -1.12361e-05 -8.69617e-05
-0.000140184 -1.12356e-05 -8.69617e-05
-0.000140184 -1.12351e-05 -8.69618e-05
-0.000140184 -1.12345e-05 -8.69618e-05
-0.000140184  -1.1234e-05 -8.69619e-05
-0.000140184 -1.12334e-05 -8.69619e-05
-0.000140184 -1.12328e-05  -8.6962e-05
-0.000140184 -1.12322e-05  -8.6962e-05
-0.000140184 -1.12316e-05  -8.6962e-05
-0.000140184  -1.1231e-05 -8.69621e-05
-0.000140184 -1.12303e-05 -8.69622e-05
-0.000140184 -1.12297e-05 -8.69622e-05
-0.000140184  -1.1229e-05 -8.69622e-05
-0.000140184 -1.12283e-05 -8.69623e-05
-0.000140184 -1.12276e-05 -8.69623e-05
-0.000140184 -1.12268e-05 -8.69624e-05
-0.000140184 -1.12261e-05 -8.69624e-05
-0.000140184 -1.12254e-05 -8.69625e-05
-0.000140185 -1.12246e-05 -8.69625e-05
-0.000140185 -1.12238e-05 -8.69626e-05
-0.000140185  -1.1223e-05 -8.69626e-05
-0.000140185 -1.12222e-05 -8.69627e-05
-0.000140185 -1.12213e-05 -8.69627e-05
-0.000140185 -1.12205e-05 -8.69628e-05
-0.000140185 -1.12196e-05 -8.69628e-05
-0.000140185 -1.12188e-05 -8.69629e-05
-0.000140185 -1.12179e-05 -8.69629e-05
-0.000140185  -1.1217e-05  -8.6963e-05
-0.000140185 -1.12161e-05  -8.6963e-05
-0.000140185 -1.12151e-05 -8.69631e-05
-0.000140185 -1.12142e-05 -8.69631e-05
-0.000140185 -1.12132e-05 -8.69632e-05
-0.000140185 -1.12122e-05 -8.69632e-05
-0.000140185 -1.12113e-05 -8.69633e-05
-0.000140185 -1.12103e-05 -8.69633e-05
-0.000140185 -1.12093e-05 -8.69634e-05
-0.000140185 -1.12082e-05 -8.69635e-05
-0.000140185 -1.12072e-05 -8.69635e-05
-0.000140185 -1.12062e-05 -8.69636e-05
-0.000140185 -1.12051e-05 -8.69636e-05
-0.000140185  -1.1204e-05 -8.69637e-05
-0.000140185 -1.12029e-05 -8.69637e-05
-0.000140185 -1.12018e-05 -8.69638e-05
-0.000140185 -1.12007e-05 -8.69638e-05
-0.000140185 -1.11996e-05 -8.69639e-05
-0.000140185 -1.11985e-05 -8.69639e-05
-0.000140185 -1.11973e-05  -8.6964e-05
-0.000140185 -1.11962e-05 -8.69641e-05
-0.000140185  -1.1195e-05 -8.69641e-05
-0.000140185 -1.11938e-05 -8.69642e-05
-0.000140186 -1.11926e-05 -8.69642e-05
-0.000140186 -1.11914e-05 -8.69642e-05
-0.000140186 -1.11902e-05 -8.69643e-05
-0.000140186 -1.11889e-05 -8.69644e-05
-0.000140186 -1.11877e-05 -8.69644e-05
-0.000140186 -1.11864e-05 -8.69645e-05
-0.000140186 -1.11852e-05 -8.69645e-05
-0.000140186 -1.11839e-05 -8.69646e-05
-0.000140186 -1.11826e-05 -8.69646e-05
-0.000140186 -1.11813e-05 -8.69647e-05
-0.000140186   -1.118e-05 -8.69647e-05
-0.000140186 -1.11787e-05 -8.69648e-05
-0.000140186 -1.11774e-05 -8.69648e-05
-0.000140186  -1.1176e-05 -8.69649e-05
-0.000140186 -1.11746e-05 -8.69649e-05
-0.000140186 -1.11733e-05  -8.6965e-05
-0.000140186 -1.11719e-05  -8.6965e-05
-0.000140186 -1.11705e-05  -8.6965e-05
-0.000140186 -1.11691e-05 -8.69651e-05
-0.000140186 -1.11677e-05 -8.69651e-05
-0.000140186 -1.11663e-05 -8.69652e-05
-0.000140186 -1.11649e-05 -8.69652e-05
-0.000140186 -1.11635e-05 -8.69653e-05
-0.000140186  -1.1162e-05 -8.69653e-05
-0.000140186 -1.11606e-05 -8.69654e-05
-0.000140186 -1.11591e-05 -8.69654e-05
-0.000140186 -1.11577e-05 -8.69655e-05
-0.000140186 -1.11562e-05 -8.69655e-05
-0.000140186 -1.11547e-05 -8.69656e-05
-0.000140186 -1.11532e-05 -8.69656e-05
-0.000140186 -1.11517e-05 -8.69657e-05
-0.000140186 -1.11502e-05 -8.69657e-05
-0.000140186 -1.11487e-05 -8.69658e-05
-0.000140186 -1.11472e-05 -8.69658e-05
-0.000140186 -1.11456e-05 -8.69659e-05
-0.000140186 -1.11441e-05 -8.69659e-05
-0.000140187 -1.11425e-05 -8.69659e-05
-0.000140187  -1.1141e-05  -8.6966e-05
-0.000140187 -1.11394e-05  -8.6966e-05
-0.000140187 -1.11378e-05 -8.69661e-05
-0.000140187 -1.11362e-05 -8.69661e-05
-0.000140187 -1.11347e-05 -8.69662e-05
-0.000140187 -1.11331e-05 -8.69662e-05
-0.000140187 -1.11315e-05 -8.69663e-05
-0.000140187 -1.11299e-05 -8.69663e-05
-0.000140187 -1.11283e-05 -8.69664e-05
-0.000140187 -1.11266e-05 -8.69664e-05
-0.000140187  -1.1125e-05 -8.69665e-05
-0.000140187 -1.11234e-05 -8.69665e-05
-0.000140187 -1.11217e-05 -8.69665e-05
-0.000140187 -1.11201e-05 -8.69666e-05
-0.000140187 -1.11184e-05 -8.69667e-05
-0.000140187 -1.11168e-05 -8.69667e-05
-0.000140187 -1.11151e-05 -8.69668e-05
-0.000140187 -1.11134e-05 -8.69668e-05
-0.000140187 -1.11118e-05 -8.69669e-05
-0.000140187 -1.11101e-05 -8.69669e-05
-0.000140187 -1.11084e-05 -8.69669e-05
-0.000140187 -1.11067e-05  -8.6967e-05
-0.000140187  -1.1105e-05  -8.6967e-05
-0.000140187 -1.11033e-05 -8.69671e-05
-0.000140187 -1.11016e-05 -8.69671e-05
-0.000140187 -1.10999e-05 -8.69672e-05
-0.000140187 -1.10982e-05 -8.69672e-05
-0.000140187 -1.10964e-05 -8.69673e-05
-0.000140187 -1.10947e-05 -8.69673e-05
-0.000140187  -1.1093e-05 -8.69674e-05
-0.000140187 -1.10913e-05 -8.69675e-05
-0.000140187 -1.10895e-05 -8.69675e-05
-0.000140187 -1.10878e-05 -8.69675e-05
-0.000140187  -1.1086e-05 -8.69676e-05
-0.000140187 -1.10843e-05 -8.69676e-05
-0.000140187 -1.10825e-05 -8.69677e-05
-0.000140187 -1.10808e-05 -8.69677e-05
-0.000140187  -1.1079e-05 -8.69678e-05
-0.000140187 -1.10772e-05 -8.69678e-05
-0.000140187 -1.10755e-05 -8.69678e-05
-0.000140187 -1.10737e-05 -8.69679e-05
-0.000140187 -1.10719e-05 -8.69679e-05
-0.000140187 -1.10701e-05  -8.6968e-05
-0.000140187 -1.10683e-05  -8.6968e-05
-0.000140187 -1.10665e-05  -8.6968e-05
-0.000140187 -1.10648e-05 -8.69681e-05
-0.000140187  -1.1063e-05 -8.69681e-05
-0.000140187 -1.10612e-05 -8.69682e-05
-0.000140187 -1.10594e-05 -8.69682e-05
-0.000140187 -1.10576e-05 -8.69683e-05
-0.000140187 -1.10558e-05 -8.69683e-05
-0.000140187  -1.1054e-05 -8.69684e-05
-0.000140187 -1.10522e-05 -8.69684e-05
-0.000140187 -1.10504e-05 -8.69685e-05
-0.000140187 -1.10486e-05 -8.69685e-05
-0.000140187 -1.10468e-05 -8.69686e-05
-0.000140187  -1.1045e-05 -8.69686e-05
-0.000140187 -1.10432e-05 -8.69686e-05
-0.000140187 -1.10414e-05 -8.69687e-05
-0.000140187 -1.10395e-05 -8.69687e-05
-0.000140187 -1.10377e-05 -8.69688e-05
-0.000140187 -1.10359e-05 -8.69688e-05
-0.000140187 -1.10341e-05 -8.69689e-05
-0.000140187 -1.10323e-05 -8.69689e-05
-0.000140187 -1.10305e-05  -8.6969e-05
-0.000140188 -1.10286e-05  -8.6969e-05
-0.000140188 -1.10268e-05 -8.69691e-05
-0.000140187  -1.1025e-05 -8.69691e-05
-0.000140188 -1.10232e-05 -8.69692e-05
-0.000140187 -1.10213e-05 -8.69692e-05
-0.000140188 -1.10195e-05 -8.69692e-05
-0.000140188 -1.10177e-05 -8.69693e-05
-0.000140188 -1.10159e-05 -8.69693e-05
-0.000140188 -1.10141e-05 -8.69694e-05
-0.000140188 -1.10123e-05 -8.69694e-05
-0.000140188 -1.10104e-05 -8.69695e-05
-0.000140188 -1.10086e-05 -8.69695e-05
-0.000140188 -1.10068e-05 -8.69696e-05
-0.000140188  -1.1005e-05 -8.69696e-05
-0.000140188 -1.10032e-05 -8.69696e-05
-0.000140188 -1.10014e-05 -8.69697e-05
-0.000140188 -1.09995e-05 -8.69697e-05
-0.000140188 -1.09977e-05 -8.69698e-05
-0.000140188 -1.09959e-05 -8.69698e-05
-0.000140188 -1.09941e-05 -8.69699e-05
-0.000140188 -1.09923e-05 -8.69699e-05
-0.000140188 -1.09905e-05   -8.697e-05
-0.000140188 -1.09887e-05   -8.697e-05
-0.000140188 -1.09869e-05 -8.69701e-05
-0.000140188 -1.09851e-05 -8.69701e-05
-0.000140188 -1.09833e-05 -8.69702e-05
-0.000140188 -1.09815e-05 -8.69702e-05
-0.000140188 -1.09797e-05 -8.69702e-05
-0.000140188 -1.09779e-05 -8.69703e-05
-0.000140188 -1.09761e-05 -8.69703e-05
-0.000140188 -1.09743e-05 -8.69703e-05
-0.000140188 -1.09725e-05 -8.69704e-05
-0.000140188 -1.09707e-05 -8.69704e-05
-0.000140188  -1.0969e-05 -8.69705e-05
-0.000140188 -1.09672e-05 -8.69705e-05
-0.000140188 -1.09654e-05 -8.69705e-05
-0.000140188 -1.09636e-05 -8.69706e-05
-0.000140188 -1.09619e-05 -8.69706e-05
-0.000140188 -1.09601e-05 -8.69707e-05
-0.000140188 -1.09583e-05 -8.69707e-05
-0.000140188 -1.09566e-05 -8.69708e-05
-0.000140188 -1.09548e-05 -8.69708e-05
-0.000140188  -1.0953e-05 -8.69709e-05
-0.000140188 -1.09513e-05 -8.69709e-05
-0.000140188 -1.09495e-05 -8.69709e-05
-0.000140188 -1.09478e-05  -8.6971e-05
-0.000140188 -1.09461e-05  -8.6971e-05
-0.000140188 -1.09443e-05 -8.69711e-05
-0.000140188 -1.09426e-05 -8.69711e-05
-0.000140188 -1.09409e-05 -8.69711e-05
-0.000140188 -1.09391e-05 -8.69712e-05
-0.000140188 -1.09374e-05 -8.69712e-05
-0.000140188 -1.09357e-05 -8.69713e-05
-0.000140188  -1.0934e-05 -8.69713e-05
-0.000140188 -1.09323e-05 -8.69714e-05
-0.000140188 -1.09306e-05 -8.69714e-05
-0.000140188 -1.09289e-05 -8.69715e-05
-0.000140188 -1.09272e-05 -8.69715e-05
-0.000140188 -1.09255e-05 -8.69716e-05
-0.000140188 -1.09238e-05 -8.69716e-05
-0.000140188 -1.09222e-05 -8.69716e-05
-0.000140188 -1.09205e-05 -8.69717e-05
-0.000140188 -1.09188e-05 -8.69717e-05
-0.000140188 -1.09172e-05 -8.69718e-05
-0.000140188 -1.09155e-05 -8.69718e-05
-0.000140188 -1.09139e-05 -8.69719e-05
-0.000140188 -1.09122e-05 -8.69719e-05
-0.000140188 -1.09106e-05  -8.6972e-05
-0.000140188 -1.09089e-05  -8.6972e-05
-0.000140188 -1.09073e-05  -8.6972e-05
-0.000140188 -1.09057e-05 -8.69721e-05
-0.000140188  -1.0904e-05 -8.69721e-05
-0.000140188 -1.09024e-05 -8.69722e-05
-0.000140188 -1.09008e-05 -8.69722e-05
-0.000140188 -1.08992e-05 -8.69722e-05
-0.000140188 -1.08976e-05 -8.69723e-05
-0.000140187  -1.0896e-05 -8.69723e-05
-0.000140187 -1.08945e-05 -8.69724e-05
-0.000140188 -1.08929e-05 -8.69724e-05
-0.000140187 -1.08913e-05 -8.69724e-05
-0.000140187 -1.08898e-05 -8.69725e-05
-0.000140187 -1.08882e-05 -8.69725e-05
-0.000140187 -1.08867e-05 -8.69726e-05
-0.000140187 -1.08851e-05 -8.69726e-05
-0.000140187 -1.08836e-05 -8.69726e-05
-0.000140187  -1.0882e-05 -8.69727e-05
-0.000140187 -1.08805e-05 -8.69727e-05
-0.000140187  -1.0879e-05 -8.69727e-05
-0.000140187 -1.08775e-05 -8.69728e-05
-0.000140187  -1.0876e-05 -8.69728e-05
-0.000140187 -1.08745e-05 -8.69728e-05
-0.000140187  -1.0873e-05 -8.69729e-05
-0.000140187 -1.08715e-05 -8.69729e-05
-0.000140187   -1.087e-05 -8.69729e-05
-0.000140187 -1.08686e-05  -8.6973e-05
-0.000140187 -1.08671e-05  -8.6973e-05
-0.000140187 -1.08657e-05 -8.69731e-05
-0.000140187 -1.08642e-05 -8.69731e-05
-0.000140187 -1.08628e-05 -8.69731e-05
-0.000140187 -1.08614e-05 -8.69732e-05
-0.000140187 -1.08599e-05 -8.69732e-05
-0.000140187 -1.08585e-05 -8.69732e-05
-0.000140187 -1.08571e-05 -8.69733e-05
-0.000140187 -1.08557e-05 -8.69733e-05
-0.000140187 -1.08543e-05 -8.69734e-05
-0.000140187 -1.08529e-05 -8.69734e-05
-0.000140187 -1.08515e-05 -8.69734e-05
-0.000140187 -1.08502e-05 -8.69735e-05
-0.000140187 -1.08488e-05 -8.69735e-05
-0.000140187 -1.08475e-05 -8.69735e-05
-0.000140187 -1.08461e-05 -8.69736e-05
-0.000140187 -1.08448e-05 -8.69736e-05
-0.000140187 -1.08435e-05 -8.69736e-05
-0.000140187 -1.08421e-05 -8.69737e-05
-0.000140187 -1.08408e-05 -8.69737e-05
-0.000140187 -1.08395e-05 -8.69738e-05
-0.000140187 -1.08382e-05 -8.69738e-05
-0.000140187 -1.08369e-05 -8.69738e-05
-0.000140187 -1.08357e-05 -8.69739e-05
-0.000140187 -1.08344e-05 -8.69739e-05
-0.000140187 -1.08331e-05  -8.6974e-05
-0.000140187 -1.08319e-05  -8.6974e-05
-0.000140187 -1.08306e-05 -8.69741e-05
-0.000140187 -1.08294e-05 -8.69741e-05
-0.000140187 -1.08281e-05 -8.69741e-05
-0.000140187 -1.08269e-05 -8.69741e-05
-0.000140187 -1.08257e-05 -8.69742e-05
-0.000140187 -1.08245e-05 -8.69742e-05
-0.000140187 -1.08233e-05 -8.69743e-05
-0.000140187 -1.08221e-05 -8.69743e-05
-0.000140187  -1.0821e-05 -8.69744e-05
-0.000140187 -1.08198e-05 -8.69744e-05
-0.000140187 -1.08187e-05 -8.69744e-05
-0.000140187 -1.08175e-05 -8.69744e-05
-0.000140187 -1.08164e-05 -8.69745e-05
-0.000140187 -1.08152e-05 -8.69745e-05
-0.000140187 -1.08141e-05 -8.69746e-05
-0.000140187  -1.0813e-05 -8.69746e-05
-0.000140187 -1.08119e-05 -8.69746e-05
-0.000140187 -1.08108e-05 -8.69746e-05
-0.000140187 -1.08097e-05 -8.69747e-05
-0.000140187 -1.08087e-05 -8.69747e-05
-0.000140187 -1.08076e-05 -8.69747e-05
-0.000140187 -1.08066e-05 -8.69748e-05
-0.000140187 -1.08055e-05 -8.69748e-05
-0.000140187 -1.08045e-05 -8.69748e-05
-0.000140187 -1.08034e-05 -8.69748e-05
-0.000140187 -1.08024e-05 -8.69749e-05
-0.000140187 -1.08014e-05 -8.69749e-05
-0.000140187 -1.08004e-05 -8.69749e-05
-0.000140187 -1.07995e-05  -8.6975e-05
-0.000140187 -1.07985e-05  -8.6975e-05
-0.000140187 -1.07975e-05  -8.6975e-05
-0.000140187 -1.07966e-05 -8.69751e-05
-0.000140187 -1.07956e-05 -8.69751e-05
-0.000140187 -1.07947e-05 -8.69751e-05
-0.000140187 -1.07937e-05 -8.69752e-05
-0.000140187 -1.07928e-05 -8.69752e-05
-0.000140187 -1.07919e-05 -8.69752e-05
-0.000140187  -1.0791e-05 -8.69753e-05
-0.000140187 -1.07901e-05 -8.69753e-05
-0.000140187 -1.07892e-05 -8.69753e-05
-0.000140187 -1.07884e-05 -8.69754e-05
-0.000140187 -1.07875e-05 -8.69754e-05
-0.000140187 -1.07866e-05 -8.69754e-05
-0.000140187 -1.07858e-05 -8.69754e-05
-0.000140187  -1.0785e-05 -8.69755e-05
-0.000140187 -1.07841e-05 -8.69755e-05
-0.000140187 -1.07833e-05 -8.69756e-05
-0.000140187 -1.07825e-05 -8.69756e-05
-0.000140187 -1.07817e-05 -8.69756e-05
-0.000140187  -1.0781e-05 -8.69757e-05
-0.000140187 -1.07802e-05 -8.69757e-05
-0.000140187 -1.07794e-05 -8.69757e-05
-0.000140187 -1.07787e-05 -8.69758e-05
-0.000140187  -1.0778e-05 -8.69758e-05
-0.000140187 -1.07772e-05 -8.69758e-05
-0.000140186 -1.07765e-05 -8.69759e-05
-0.000140186 -1.07758e-05 -8.69759e-05
-0.000140186 -1.07751e-05 -8.69759e-05
-0.000140186 -1.07744e-05  -8.6976e-05
-0.000140186 -1.07737e-05  -8.6976e-05
-0.000140186  -1.0773e-05  -8.6976e-05
-0.000140186 -1.07723e-05  -8.6976e-05
-0.000140186 -1.07717e-05 -8.69761e-05
-0.000140186  -1.0771e-05 -8.69761e-05
-0.000140186 -1.07704e-05 -8.69761e-05
-0.000140186 -1.07698e-05 -8.69762e-05
-0.000140186 -1.07692e-05 -8.69762e-05
-0.000140186 -1.07686e-05 -8.69763e-05
-0.000140186  -1.0768e-05 -8.69763e-05
-0.000140186 -1.07674e-05 -8.69763e-05
-0.000140186 -1.07669e-05 -8.69764e-05
-0.000140186 -1.07663e-05 -8.69764e-05
-0.000140186 -1.07657e-05 -8.69764e-05
-0.000140186 -1.07652e-05 -8.69765e-05
-0.000140186 -1.07647e-05 -8.69765e-05
-0.000140186 -1.07642e-05 -8.69765e-05
-0.000140186 -1.07636e-05 -8.69766e-05
-0.000140186 -1.07631e-05 -8.69766e-05
-0.000140186 -1.07627e-05 -8.69766e-05
-0.000140186 -1.07622e-05 -8.69766e-05
-0.000140186 -1.07617e-05 -8.69767e-05
-0.000140186 -1.07613e-05 -8.69767e-05
-0.000140186 -1.07608e-05 -8.69768e-05
-0.000140186 -1.07604e-05 -8.69768e-05
-0.000140186   -1.076e-05 -8.69768e-05
-0.000140186 -1.07596e-05 -8.69769e-05
-0.000140186 -1.07591e-05 -8.69769e-05
-0.000140186 -1.07587e-05 -8.69769e-05
-0.000140186 -1.07584e-05  -8.6977e-05
-0.000140186  -1.0758e-05  -8.6977e-05
-0.000140186 -1.07576e-05  -8.6977e-05
-0.000140186 -1.07573e-05 -8.69771e-05
-0.000140186 -1.07569e-05 -8.69771e-05
-0.000140186 -1.07566e-05 -8.69771e-05
-0.000140186 -1.07562e-05 -8.69772e-05
-0.000140186 -1.07559e-05 -8.69772e-05
-0.000140186 -1.07556e-05 -8.69772e-05
-0.000140186 -1.07553e-05 -8.69772e-05
-0.000140185  -1.0755e-05 -8.69773e-05
-0.000140186 -1.07547e-05 -8.69773e-05
-0.000140186 -1.07544e-05 -8.69773e-05
-0.000140186 -1.07542e-05 -8.69774e-05
-0.000140185 -1.07539e-05 -8.69774e-05
-0.000140185 -1.07537e-05 -8.69775e-05
-0.000140185 -1.07534e-05 -8.69775e-05
-0.000140185 -1.07532e-05 -8.69775e-05
-0.000140185  -1.0753e-05 -8.69775e-05
-0.000140185 -1.07528e-05 -8.69776e-05
-0.000140185 -1.07526e-05 -8.69776e-05
-0.000140185 -1.07524e-05 -8.69776e-05
-0.000140185 -1.07522e-05 -8.69776e-05
-0.000140185 -1.07521e-05 -8.69777e-05
-0.000140185 -1.07519e-05 -8.69777e-05
-0.000140185 -1.07518e-05 -8.69777e-05
-0.000140185 -1.07516e-05 -8.69778e-05
-0.000140185 -1.07515e-05 -8.69778e-05
-0.000140185 -1.07514e-05 -8.69778e-05
-0.000140185 -1.07513e-05 -8.69779e-05
-0.000140185 -1.07512e-05 -8.69779e-05
-0.000140185 -1.07511e-05 -8.69779e-05
-0.000140185  -1.0751e-05 -8.69779e-05
-0.000140185  -1.0751e-05  -8.6978e-05
-0.000140185 -1.07509e-05  -8.6978e-05
-0.000140185 -1.07508e-05  -8.6978e-05
-0.000140185 -1.07508e-05 -8.69781e-05
-0.000140185 -1.07508e-05 -8.69781e-05
-0.000140185 -1.07508e-05 -8.69781e-05
-0.000140185 -1.07507e-05 -8.69782e-05
-0.000140185 -1.07508e-05 -8.69782e-05
-0.000140185 -1.07508e-05 -8.69782e-05
-0.000140185 -1.07508e-05 -8.69782e-05
-0.000140185 -1.07508e-05 -8.69783e-05
-0.000140185 -1.07508e-05 -8.69783e-05
-0.000140185 -1.07509e-05 -8.69783e-05
-0.000140185 -1.07509e-05 -8.69783e-05
-0.000140185  -1.0751e-05 -8.69783e-05
-0.000140185  -1.0751e-05 -8.69784e-05
-0.000140185 -1.07511e-05 -8.69784e-05
-0.000140185 -1.07512e-05 -8.69784e-05
-0.000140185 -1.07513e-05 -8.69785e-05
-0.000140185 -1.07514e-05 -8.69785e-05
-0.000140184 -1.07515e-05 -8.69785e-05
-0.000140184 -1.07517e-05 -8.69785e-05
-0.000140184 -1.07518e-05 -8.69786e-05
-0.000140184 -1.07519e-05 -8.69786e-05
-0.000140184 -1.07521e-05 -8.69787e-05
-0.000140184 -1.07522e-05 -8.69787e-05
-0.000140184 -1.07524e-05 -8.69787e-05
-0.000140184 -1.07526e-05 -8.69787e-05
-0.000140184 -1.07527e-05 -8.69788e-05
-0.000140184 -1.07529e-05 -8.69788e-05
-0.000140184 -1.07531e-05 -8.69788e-05
-0.000140184 -1.07533e-05 -8.69789e-05
-0.000140184 -1.07535e-05 -8.69789e-05
-0.000140184 -1.07537e-05  -8.6979e-05
-0.000140184  -1.0754e-05  -8.6979e-05
-0.000140184 -1.07542e-05  -8.6979e-05
-0.000140184 -1.07544e-05  -8.6979e-05
-0.000140184 -1.07547e-05 -8.69791e-05
-0.000140184  -1.0755e-05 -8.69791e-05
-0.000140184 -1.07552e-05 -8.69791e-05
-0.000140184 -1.07555e-05 -8.69791e-05
-0.000140184 -1.07558e-05 -8.69792e-05
-0.000140184 -1.07561e-05 -8.69792e-05
-0.000140184 -1.07564e-05 -8.69792e-05
-0.000140184 -1.07567e-05 -8.69792e-05
-0.000140184  -1.0757e-05 -8.69793e-05
-0.000140184 -1.07574e-05 -8.69793e-05
-0.000140184 -1.07577e-05 -8.69793e-05
-0.000140184  -1.0758e-05 -8.69794e-05
-0.000140184 -1.07584e-05 -8.69794e-05
-0.000140184 -1.07587e-05 -8.69794e-05
-0.000140184 -1.07591e-05 -8.69794e-05
-0.000140184 -1.07594e-05 -8.69795e-05
-0.000140184 -1.07598e-05 -8.69795e-05
-0.000140184 -1.07602e-05 -8.69795e-05
-0.000140184 -1.07606e-05 -8.69796e-05
-0.000140184  -1.0761e-05 -8.69796e-05
-0.000140184 -1.07614e-05 -8.69796e-05
-0.000140184 -1.07618e-05 -8.69797e-05
-0.000140183 -1.07623e-05 -8.69797e-05
-0.000140183 -1.07627e-05 -8.69797e-05
-0.000140183 -1.07631e-05 -8.69797e-05
-0.000140183 -1.07636e-05 -8.69798e-05
-0.000140183  -1.0764e-05 -8.69798e-05
-0.000140183 -1.07645e-05 -8.69798e-05
-0.000140183 -1.07649e-05 -8.69799e-05
-0.000140183 -1.07654e-05 -8.69799e-05
-0.000140183 -1.07659e-05 -8.69799e-05
-0.000140183 -1.07664e-05 -8.69799e-05
-0.000140183 -1.07668e-05 -8.69799e-05
-0.000140183 -1.07673e-05   -8.698e-05
-0.000140183 -1.07678e-05   -8.698e-05
-0.000140183 -1.07684e-05   -8.698e-05
-0.000140183 -1.07689e-05 -8.69801e-05
-0.000140183 -1.07694e-05 -8.69801e-05
-0.000140183 -1.07699e-05 -8.69801e-05
-0.000140183 -1.07705e-05 -8.69801e-05
-0.000140183  -1.0771e-05 -8.69802e-05
-0.000140183 -1.07716e-05 -8.69802e-05
-0.000140183 -1.07722e-05 -8.69802e-05
-0.000140183 -1.07727e-05 -8.69803e-05
-0.000140183 -1.07733e-05 -8.69803e-05
-0.000140183 -1.07739e-05 -8.69803e-05
-0.000140183 -1.07745e-05 -8.69804e-05
-0.000140183  -1.0775e-05 -8.69804e-05
-0.000140183 -1.07756e-05 -8.69804e-05
-0.000140183 -1.07762e-05 -8.69805e-05
-0.000140183 -1.07768e-05 -8.69805e-05
-0.000140183 -1.07774e-05 -8.69805e-05
-0.000140183  -1.0778e-05 -8.69805e-05
-0.000140183 -1.07787e-05 -8.69806e-05
-0.000140183 -1.07793e-05 -8.69806e-05
-0.000140183 -1.07799e-05 -8.69806e-05
-0.000140183 -1.07806e-05 -8.69807e-05
-0.000140183 -1.07812e-05 -8.69807e-05
-0.000140183 -1.07819e-05 -8.69807e-05
-0.000140182 -1.07825e-05 -8.69807e-05
-0.000140182 -1.07832e-05 -8.69808e-05
-0.000140182 -1.07838e-05 -8.69808e-05
-0.000140182 -1.07845e-05 -8.69808e-05
-0.000140182 -1.07852e-05 -8.69809e-05
-0.000140182 -1.07859e-05 -8.69809e-05
-0.000140182 -1.07865e-05 -8.69809e-05
-0.000140182 -1.07872e-05 -8.69809e-05
-0.000140182 -1.07879e-05 -8.69809e-05
-0.000140182 -1.07886e-05  -8.6981e-05
-0.000140182 -1.07893e-05  -8.6981e-05
-0.000140182   -1.079e-05  -8.6981e-05
-0.000140182 -1.07907e-05  -8.6981e-05
-0.000140182 -1.07915e-05 -8.69811e-05
-0.000140182 -1.07922e-05 -8.69811e-05
-0.000140182 -1.07929e-05 -8.69811e-05
-0.000140182 -1.07937e-05 -8.69811e-05
-0.000140182 -1.07944e-05 -8.69812e-05
-0.000140182 -1.07951e-05 -8.69812e-05
-0.000140182 -1.07959e-05 -8.69812e-05
-0.000140182 -1.07966e-05 -8.69812e-05
-0.000140182 -1.07974e-05 -8.69813e-05
-0.000140182 -1.07981e-05 -8.69813e-05
-0.000140182 -1.07989e-05 -8.69813e-05
-0.000140182 -1.07997e-05 -8.69814e-05
-0.000140182 -1.08004e-05 -8.69814e-05
-0.000140182 -1.08012e-05 -8.69814e-05
-0.000140182  -1.0802e-05 -8.69814e-05
-0.000140182 -1.08028e-05 -8.69815e-05
-0.000140182 -1.08035e-05 -8.69815e-05
-0.000140182 -1.08043e-05 -8.69815e-05
-0.000140182 -1.08051e-05 -8.69815e-05
-0.000140182 -1.08059e-05 -8.69816e-05
-0.000140181 -1.08067e-05 -8.69816e-05
-0.000140181 -1.08075e-05 -8.69816e-05
-0.000140181 -1.08084e-05 -8.69817e-05
-0.000140181 -1.08092e-05 -8.69817e-05
-0.000140181   -1.081e-05 -8.69817e-05
-0.000140181 -1.08108e-05 -8.69817e-05
-0.000140181 -1.08116e-05 -8.69817e-05
-0.000140181 -1.08125e-05 -8.69818e-05
-0.000140181 -1.08133e-05 -8.69818e-05
-0.000140181 -1.08141e-05 -8.69818e-05
-0.000140181 -1.08149e-05 -8.69819e-05
-0.000140181 -1.08158e-05 -8.69819e-05
-0.000140181 -1.08166e-05 -8.69819e-05
-0.000140181 -1.08174e-05 -8.69819e-05
-0.000140181 -1.08183e-05  -8.6982e-05
-0.000140181 -1.08191e-05  -8.6982e-05
-0.000140181   -1.082e-05  -8.6982e-05
-0.000140181 -1.08208e-05  -8.6982e-05
-0.000140181 -1.08217e-05 -8.69821e-05
-0.000140181 -1.08226e-05 -8.69821e-05
-0.000140181 -1.08235e-05 -8.69821e-05
-0.000140181 -1.08243e-05 -8.69822e-05
-0.000140181 -1.08252e-05 -8.69822e-05
-0.000140181 -1.08261e-05 -8.69822e-05
-0.000140181 -1.08269e-05 -8.69822e-05
-0.000140181 -1.08278e-05 -8.69823e-05
-0.000140181 -1.08287e-05 -8.69823e-05
-0.000140181 -1.08296e-05 -8.69823e-05
-0.000140181 -1.08305e-05 -8.69823e-05
-0.000140181 -1.08313e-05 -8.69823e-05
-0.000140181 -1.08322e-05 -8.69824e-05
-0.000140181 -1.08331e-05 -8.69824e-05
-0.000140181  -1.0834e-05 -8.69824e-05
-0.000140181 -1.08349e-05 -8.69825e-05
 -0.00014018 -1.08358e-05 -8.69825e-05
 -0.00014018 -1.08367e-05 -8.69825e-05
 -0.00014018 -1.08376e-05 -8.69825e-05
 -0.00014018 -1.08385e-05 -8.69826e-05
 -0.00014018 -1.08394e-05 -8.69826e-05
 -0.00014018 -1.08403e-05 -8.69826e-05
 -0.00014018 -1.08412e-05 -8.69827e-05
 -0.00014018 -1.08421e-05 -8.69827e-05
 -0.00014018  -1.0843e-05 -8.69827e-05
 -0.00014018 -1.08439e-05 -8.69828e-05
 -0.00014018 -1.08448e-05 -8.69828e-05
 -0.00014018 -1.08457e-05 -8.69828e-05
 -0.00014018 -1.08466e-05 -8.69828e-05
 -0.00014018 -1.08476e-05 -8.69829e-05
 -0.00014018 -1.08485e-05 -8.69829e-05
 -0.00014018 -1.08494e-05 -8.69829e-05
 -0.00014018 -1.08503e-05 -8.69829e-05
 -0.00014018 -1.08512e-05  -8.6983e-05
 -0.00014018 -1.08521e-05  -8.6983e-05
-0.00014018 -1.0853e-05 -8.6983e-05
 -0.00014018 -1.08539e-05  -8.6983e-05
 -0.00014018 -1.08548e-05 -8.69831e-05
 -0.00014018 -1.08558e-05 -8.69831e-05
 -0.00014018 -1.08567e-05 -8.69831e-05
 -0.00014018 -1.08576e-05 -8.69832e-05
 -0.00014018 -1.08585e-05 -8.69832e-05
 -0.00014018 -1.08594e-05 -8.69832e-05
 -0.00014018 -1.08603e-05 -8.69833e-05
-0.000140179 -1.08613e-05 -8.69833e-05
-0.000140179 -1.08622e-05 -8.69833e-05
-0.000140179 -1.08631e-05 -8.69833e-05
-0.000140179  -1.0864e-05 -8.69834e-05
-0.000140179 -1.08649e-05 -8.69834e-05
-0.000140179 -1.08658e-05 -8.69834e-05
-0.000140179 -1.08668e-05 -8.69834e-05
-0.000140179 -1.08677e-05 -8.69835e-05
-0.000140179 -1.08686e-05 -8.69835e-05
-0.000140179 -1.08695e-05 -8.69835e-05
-0.000140179 -1.08704e-05 -8.69836e-05
-0.000140179 -1.08713e-05 -8.69836e-05
-0.000140179 -1.08722e-05 -8.69836e-05
-0.000140179 -1.08731e-05 -8.69836e-05
-0.000140179 -1.08741e-05 -8.69837e-05
-0.000140179  -1.0875e-05 -8.69837e-05
-0.000140179 -1.08759e-05 -8.69838e-05
-0.000140179 -1.08768e-05 -8.69838e-05
-0.000140179 -1.08778e-05 -8.69838e-05
-0.000140179 -1.08787e-05 -8.69838e-05
-0.000140179 -1.08796e-05 -8.69838e-05
-0.000140179 -1.08805e-05 -8.69839e-05
-0.000140179 -1.08814e-05 -8.69839e-05
-0.000140179 -1.08823e-05 -8.69839e-05
-0.000140179 -1.08832e-05  -8.6984e-05
-0.000140179 -1.08841e-05  -8.6984e-05
-0.000140179 -1.08851e-05  -8.6984e-05
-0.000140179  -1.0886e-05  -8.6984e-05
-0.000140179 -1.08869e-05 -8.69841e-05
-0.000140179 -1.08878e-05 -8.69841e-05
-0.000140179 -1.08887e-05 -8.69841e-05
-0.000140179 -1.08896e-05 -8.69841e-05
-0.000140179 -1.08905e-05 -8.69842e-05
-0.000140179 -1.08914e-05 -8.69842e-05
-0.000140178 -1.08923e-05 -8.69842e-05
-0.000140178 -1.08932e-05 -8.69843e-05
-0.000140178 -1.08941e-05 -8.69843e-05
-0.000140178  -1.0895e-05 -8.69843e-05
-0.000140178 -1.08959e-05 -8.69844e-05
-0.000140178 -1.08968e-05 -8.69844e-05
-0.000140178 -1.08976e-05 -8.69844e-05
-0.000140178 -1.08985e-05 -8.69845e-05
-0.000140178 -1.08994e-05 -8.69845e-05
-0.000140178 -1.09003e-05 -8.69845e-05
-0.000140178 -1.09012e-05 -8.69845e-05
-0.000140178 -1.09021e-05 -8.69846e-05
-0.000140178  -1.0903e-05 -8.69846e-05
-0.000140178 -1.09038e-05 -8.69846e-05
-0.000140178 -1.09047e-05 -8.69846e-05
-0.000140178 -1.09056e-05 -8.69847e-05
-0.000140178 -1.09065e-05 -8.69847e-05
-0.000140178 -1.09073e-05 -8.69847e-05
-0.000140178 -1.09082e-05 -8.69848e-05
-0.000140178 -1.09091e-05 -8.69848e-05
-0.000140178 -1.09099e-05 -8.69848e-05
-0.000140178 -1.09108e-05 -8.69849e-05
-0.000140178 -1.09117e-05 -8.69849e-05
-0.000140178 -1.09125e-05 -8.69849e-05
-0.000140178 -1.09134e-05  -8.6985e-05
-0.000140178 -1.09142e-05  -8.6985e-05
-0.000140178 -1.09151e-05  -8.6985e-05
-0.000140178 -1.09159e-05  -8.6985e-05
-0.000140178 -1.09167e-05 -8.69851e-05
-0.000140178 -1.09176e-05 -8.69851e-05
-0.000140178 -1.09184e-05 -8.69851e-05
-0.000140178 -1.09192e-05 -8.69852e-05
-0.000140177 -1.09201e-05 -8.69852e-05
-0.000140177 -1.09209e-05 -8.69852e-05
-0.000140177 -1.09217e-05 -8.69852e-05
-0.000140177 -1.09225e-05 -8.69853e-05
-0.000140177 -1.09234e-05 -8.69853e-05
-0.000140177 -1.09242e-05 -8.69853e-05
-0.000140177  -1.0925e-05 -8.69854e-05
-0.000140177 -1.09258e-05 -8.69854e-05
-0.000140177 -1.09266e-05 -8.69854e-05
-0.000140177 -1.09275e-05 -8.69854e-05
-0.000140177 -1.09283e-05 -8.69855e-05
-0.000140177 -1.09291e-05 -8.69855e-05
-0.000140177 -1.09299e-05 -8.69855e-05
-0.000140177 -1.09307e-05 -8.69855e-05
-0.000140177 -1.09314e-05 -8.69856e-05
-0.000140177 -1.09322e-05 -8.69856e-05
-0.000140177  -1.0933e-05 -8.69856e-05
-0.000140177 -1.09338e-05 -8.69857e-05
-0.000140177 -1.09346e-05 -8.69857e-05
-0.000140177 -1.09353e-05 -8.69857e-05
-0.000140177 -1.09361e-05 -8.69857e-05
-0.000140177 -1.09369e-05 -8.69858e-05
-0.000140177 -1.09377e-05 -8.69858e-05
-0.000140177 -1.09384e-05 -8.69858e-05
-0.000140177 -1.09392e-05 -8.69859e-05
-0.000140177 -1.09399e-05 -8.69859e-05
-0.000140177 -1.09407e-05 -8.69859e-05
-0.000140177 -1.09414e-05  -8.6986e-05
-0.000140177 -1.09422e-05  -8.6986e-05
-0.000140177 -1.09429e-05  -8.6986e-05
-0.000140177 -1.09437e-05  -8.6986e-05
-0.000140176 -1.09444e-05 -8.69861e-05
-0.000140176 -1.09451e-05 -8.69861e-05
-0.000140176 -1.09458e-05 -8.69861e-05
-0.000140176 -1.09466e-05 -8.69862e-05
-0.000140176 -1.09473e-05 -8.69862e-05
-0.000140176  -1.0948e-05 -8.69862e-05
-0.000140176 -1.09487e-05 -8.69862e-05
-0.000140176 -1.09494e-05 -8.69863e-05
-0.000140176 -1.09501e-05 -8.69863e-05
-0.000140176 -1.09508e-05 -8.69863e-05
-0.000140176 -1.09515e-05 -8.69863e-05
-0.000140176 -1.09522e-05 -8.69864e-05
-0.000140176 -1.09529e-05 -8.69864e-05
-0.000140176 -1.09536e-05 -8.69864e-05
-0.000140176 -1.09543e-05 -8.69865e-05
-0.000140176 -1.09549e-05 -8.69865e-05
-0.000140176 -1.09556e-05 -8.69865e-05
-0.000140176 -1.09563e-05 -8.69866e-05
-0.000140176  -1.0957e-05 -8.69866e-05
-0.000140176 -1.09576e-05 -8.69866e-05
-0.000140176 -1.09583e-05 -8.69867e-05
-0.000140176 -1.09589e-05 -8.69867e-05
-0.000140176 -1.09595e-05 -8.69867e-05
-0.000140176 -1.09602e-05 -8.69867e-05
-0.000140176 -1.09608e-05 -8.69868e-05
-0.000140176 -1.09615e-05 -8.69868e-05
-0.000140176 -1.09621e-05 -8.69868e-05
-0.000140176 -1.09627e-05 -8.69869e-05
-0.000140176 -1.09633e-05 -8.69869e-05
-0.000140176  -1.0964e-05 -8.69869e-05
-0.000140176 -1.09646e-05  -8.6987e-05
-0.000140176 -1.09652e-05  -8.6987e-05
-0.000140176 -1.09658e-05  -8.6987e-05
-0.000140176 -1.09664e-05 -8.69871e-05
-0.000140176  -1.0967e-05 -8.69871e-05
-0.000140175 -1.09676e-05 -8.69871e-05
-0.000140175 -1.09682e-05 -8.69871e-05
-0.000140175 -1.09687e-05 -8.69871e-05
-0.000140175 -1.09693e-05 -8.69872e-05
-0.000140175 -1.09699e-05 -8.69872e-05
-0.000140175 -1.09705e-05 -8.69873e-05
-0.000140175  -1.0971e-05 -8.69873e-05
-0.000140175 -1.09716e-05 -8.69873e-05
-0.000140175 -1.09722e-05 -8.69873e-05
-0.000140175 -1.09727e-05 -8.69873e-05
-0.000140175 -1.09733e-05 -8.69874e-05
-0.000140175 -1.09738e-05 -8.69874e-05
-0.000140175 -1.09743e-05 -8.69874e-05
-0.000140175 -1.09749e-05 -8.69874e-05
-0.000140175 -1.09754e-05 -8.69875e-05
-0.000140175 -1.09759e-05 -8.69875e-05
-0.000140175 -1.09765e-05 -8.69875e-05
-0.000140175  -1.0977e-05 -8.69875e-05
-0.000140175 -1.09775e-05 -8.69876e-05
-0.000140175  -1.0978e-05 -8.69876e-05
-0.000140175 -1.09785e-05 -8.69877e-05
-0.000140175  -1.0979e-05 -8.69877e-05
-0.000140175 -1.09795e-05 -8.69877e-05
-0.000140175   -1.098e-05 -8.69878e-05
-0.000140175 -1.09805e-05 -8.69878e-05
-0.000140175 -1.09809e-05 -8.69878e-05
-0.000140175 -1.09814e-05 -8.69879e-05
-0.000140175 -1.09819e-05 -8.69879e-05
-0.000140175 -1.09823e-05 -8.69879e-05
-0.000140175 -1.09828e-05 -8.69879e-05
-0.000140174 -1.09833e-05  -8.6988e-05
-0.000140174 -1.09837e-05  -8.6988e-05
-0.000140174 -1.09842e-05 -8.69881e-05
-0.000140174 -1.09846e-05 -8.69881e-05
-0.000140174  -1.0985e-05 -8.69881e-05
-0.000140174 -1.09855e-05 -8.69882e-05
-0.000140174 -1.09859e-05 -8.69882e-05
-0.000140174 -1.09863e-05 -8.69882e-05
-0.000140174 -1.09868e-05 -8.69883e-05
-0.000140174 -1.09872e-05 -8.69883e-05
-0.000140174 -1.09876e-05 -8.69883e-05
-0.000140174  -1.0988e-05 -8.69883e-05
-0.000140174 -1.09884e-05 -8.69883e-05
-0.000140174 -1.09888e-05 -8.69884e-05
-0.000140174 -1.09892e-05 -8.69884e-05
-0.000140174 -1.09895e-05 -8.69884e-05
-0.000140174 -1.09899e-05 -8.69885e-05
-0.000140174 -1.09903e-05 -8.69885e-05
-0.000140174 -1.09907e-05 -8.69885e-05
-0.000140174  -1.0991e-05 -8.69885e-05
-0.000140174 -1.09914e-05 -8.69886e-05
-0.000140174 -1.09918e-05 -8.69886e-05
-0.000140174 -1.09921e-05 -8.69887e-05
-0.000140174 -1.09925e-05 -8.69887e-05
-0.000140174 -1.09928e-05 -8.69887e-05
-0.000140174 -1.09931e-05 -8.69888e-05
-0.000140174 -1.09935e-05 -8.69888e-05
-0.000140174 -1.09938e-05 -8.69888e-05
-0.000140174 -1.09941e-05 -8.69888e-05
-0.000140174 -1.09945e-05 -8.69889e-05
-0.000140174 -1.09948e-05 -8.69889e-05
-0.000140174 -1.09951e-05 -8.69889e-05
-0.000140174 -1.09954e-05  -8.6989e-05
-0.000140174 -1.09957e-05  -8.6989e-05
-0.000140174  -1.0996e-05  -8.6989e-05
-0.000140174 -1.09963e-05  -8.6989e-05
-0.000140174 -1.09966e-05 -8.69891e-05
-0.000140173 -1.09968e-05 -8.69891e-05
-0.000140173 -1.09971e-05 -8.69891e-05
-0.000140173 -1.09974e-05 -8.69892e-05
-0.000140173 -1.09977e-05 -8.69892e-05
-0.000140173 -1.09979e-05 -8.69892e-05
-0.000140173 -1.09982e-05 -8.69892e-05
-0.000140173 -1.09985e-05 -8.69893e-05
-0.000140173 -1.09987e-05 -8.69893e-05
-0.000140173 -1.09989e-05 -8.69893e-05
-0.000140173 -1.09992e-05 -8.69894e-05
-0.000140173 -1.09994e-05 -8.69894e-05
-0.000140173 -1.09996e-05 -8.69894e-05
-0.000140173 -1.09998e-05 -8.69895e-05
-0.000140173     -1.1e-05 -8.69895e-05
-0.000140173 -1.10002e-05 -8.69895e-05
-0.000140173 -1.10004e-05 -8.69896e-05
-0.000140173 -1.10006e-05 -8.69896e-05
-0.000140173 -1.10008e-05 -8.69896e-05
-0.000140173  -1.1001e-05 -8.69897e-05
-0.000140173 -1.10012e-05 -8.69897e-05
-0.000140173 -1.10014e-05 -8.69897e-05
-0.000140173 -1.10016e-05 -8.69897e-05
-0.000140173 -1.10017e-05 -8.69898e-05
-0.000140173 -1.10019e-05 -8.69898e-05
-0.000140173 -1.10021e-05 -8.69898e-05
-0.000140173 -1.10022e-05 -8.69899e-05
-0.000140173 -1.10024e-05 -8.69899e-05
-0.000140173 -1.10025e-05 -8.69899e-05
-0.000140173 -1.10027e-05   -8.699e-05
-0.000140173 -1.10028e-05   -8.699e-05
-0.000140172  -1.1003e-05 -8.69901e-05
-0.000140173 -1.10031e-05 -8.69901e-05
-0.000140172 -1.10032e-05 -8.69901e-05
-0.000140172 -1.10033e-05 -8.69901e-05
-0.000140172 -1.10034e-05 -8.69902e-05
-0.000140172 -1.10036e-05 -8.69902e-05
-0.000140172 -1.10037e-05 -8.69902e-05
-0.000140172 -1.10038e-05 -8.69903e-05
-0.000140172 -1.10038e-05 -8.69903e-05
-0.000140172 -1.10039e-05 -8.69903e-05
-0.000140172  -1.1004e-05 -8.69904e-05
-0.000140172 -1.10041e-05 -8.69904e-05
-0.000140172 -1.10042e-05 -8.69904e-05
-0.000140172 -1.10043e-05 -8.69904e-05
-0.000140172 -1.10043e-05 -8.69905e-05
-0.000140172 -1.10044e-05 -8.69905e-05
-0.000140172 -1.10045e-05 -8.69905e-05
-0.000140172 -1.10045e-05 -8.69906e-05
-0.000140172 -1.10046e-05 -8.69906e-05
-0.000140172 -1.10046e-05 -8.69906e-05
-0.000140172 -1.10047e-05 -8.69907e-05
-0.000140172 -1.10047e-05 -8.69907e-05
-0.000140172 -1.10048e-05 -8.69907e-05
-0.000140172 -1.10048e-05 -8.69907e-05
-0.000140172 -1.10048e-05 -8.69908e-05
-0.000140172 -1.10048e-05 -8.69908e-05
-0.000140172 -1.10049e-05 -8.69908e-05
-0.000140172 -1.10049e-05 -8.69909e-05
-0.000140172 -1.10049e-05 -8.69909e-05
-0.000140172 -1.10049e-05 -8.69909e-05
-0.000140172 -1.10049e-05 -8.69909e-05
-0.000140172 -1.10049e-05  -8.6991e-05
-0.000140172 -1.10049e-05  -8.6991e-05
-0.000140172 -1.10049e-05  -8.6991e-05
-0.000140172 -1.10049e-05 -8.69911e-05
-0.000140171 -1.10048e-05 -8.69911e-05
-0.000140171 -1.10048e-05 -8.69911e-05
-0.000140171 -1.10048e-05 -8.69912e-05
-0.000140171 -1.10047e-05 -8.69912e-05
-0.000140171 -1.10047e-05 -8.69912e-05
-0.000140171 -1.10047e-05 -8.69912e-05
-0.000140171 -1.10046e-05 -8.69913e-05
-0.000140171 -1.10046e-05 -8.69913e-05
-0.000140171 -1.10045e-05 -8.69913e-05
-0.000140171 -1.10044e-05 -8.69913e-05
-0.000140171 -1.10044e-05 -8.69914e-05
-0.000140171 -1.10043e-05 -8.69914e-05
-0.000140171 -1.10042e-05 -8.69914e-05
-0.000140171 -1.10042e-05 -8.69915e-05
-0.000140171 -1.10041e-05 -8.69915e-05
-0.000140171  -1.1004e-05 -8.69915e-05
-0.000140171 -1.10039e-05 -8.69916e-05
-0.000140171 -1.10038e-05 -8.69916e-05
-0.000140171 -1.10037e-05 -8.69917e-05
-0.000140171 -1.10037e-05 -8.69917e-05
-0.000140171 -1.10036e-05 -8.69917e-05
-0.000140171 -1.10035e-05 -8.69918e-05
-0.000140171 -1.10034e-05 -8.69918e-05
-0.000140171 -1.10032e-05 -8.69918e-05
-0.000140171 -1.10031e-05 -8.69918e-05
-0.000140171  -1.1003e-05 -8.69919e-05
-0.000140171 -1.10029e-05 -8.69919e-05
-0.000140171 -1.10028e-05 -8.69919e-05
-0.000140171 -1.10026e-05 -8.69919e-05
-0.000140171 -1.10025e-05  -8.6992e-05
-0.000140171 -1.10024e-05  -8.6992e-05
-0.000140171 -1.10022e-05  -8.6992e-05
-0.000140171 -1.10021e-05 -8.69921e-05
-0.000140171 -1.10019e-05 -8.69921e-05
-0.000140171 -1.10018e-05 -8.69921e-05
-0.000140171 -1.10016e-05 -8.69922e-05
-0.000140171 -1.10014e-05 -8.69922e-05
-0.000140171 -1.10013e-05 -8.69922e-05
 -0.00014017 -1.10011e-05 -8.69923e-05
 -0.00014017  -1.1001e-05 -8.69923e-05
 -0.00014017 -1.10008e-05 -8.69923e-05
 -0.00014017 -1.10006e-05 -8.69924e-05
 -0.00014017 -1.10005e-05 -8.69924e-05
 -0.00014017 -1.10003e-05 -8.69924e-05
 -0.00014017 -1.10001e-05 -8.69925e-05
 -0.00014017 -1.09999e-05 -8.69925e-05
 -0.00014017 -1.09997e-05 -8.69925e-05
 -0.00014017 -1.09995e-05 -8.69925e-05
 -0.00014017 -1.09993e-05 -8.69926e-05
 -0.00014017 -1.09991e-05 -8.69926e-05
 -0.00014017 -1.09989e-05 -8.69926e-05
 -0.00014017 -1.09987e-05 -8.69927e-05
 -0.00014017 -1.09985e-05 -8.69927e-05
 -0.00014017 -1.09983e-05 -8.69927e-05
 -0.00014017 -1.09981e-05 -8.69927e-05
 -0.00014017 -1.09979e-05 -8.69928e-05
 -0.00014017 -1.09977e-05 -8.69928e-05
 -0.00014017 -1.09974e-05 -8.69928e-05
 -0.00014017 -1.09972e-05 -8.69929e-05
 -0.00014017  -1.0997e-05 -8.69929e-05
 -0.00014017 -1.09967e-05 -8.69929e-05
 -0.00014017 -1.09965e-05  -8.6993e-05
 -0.00014017 -1.09962e-05  -8.6993e-05
-0.00014017 -1.0996e-05 -8.6993e-05
 -0.00014017 -1.09957e-05 -8.69931e-05
 -0.00014017 -1.09955e-05 -8.69931e-05
 -0.00014017 -1.09952e-05 -8.69931e-05
 -0.00014017  -1.0995e-05 -8.69932e-05
 -0.00014017 -1.09947e-05 -8.69932e-05
 -0.00014017 -1.09944e-05 -8.69932e-05
 -0.00014017 -1.09942e-05 -8.69933e-05
 -0.00014017 -1.09939e-05 -8.69933e-05
 -0.00014017 -1.09936e-05 -8.69933e-05
 -0.00014017 -1.09934e-05 -8.69934e-05
 -0.00014017 -1.09931e-05 -8.69934e-05
-0.000140169 -1.09928e-05 -8.69934e-05
-0.000140169 -1.09925e-05 -8.69935e-05
-0.000140169 -1.09923e-05 -8.69935e-05
-0.000140169  -1.0992e-05 -8.69935e-05
-0.000140169 -1.09917e-05 -8.69935e-05
-0.000140169 -1.09914e-05 -8.69936e-05
-0.000140169 -1.09911e-05 -8.69936e-05
-0.000140169 -1.09908e-05 -8.69936e-05
-0.000140169 -1.09905e-05 -8.69937e-05
-0.000140169 -1.09902e-05 -8.69937e-05
-0.000140169 -1.09899e-05 -8.69937e-05
-0.000140169 -1.09896e-05 -8.69937e-05
-0.000140169 -1.09893e-05 -8.69938e-05
-0.000140169  -1.0989e-05 -8.69938e-05
-0.000140169 -1.09887e-05 -8.69938e-05
-0.000140169 -1.09884e-05 -8.69939e-05
-0.000140169 -1.09881e-05 -8.69939e-05
-0.000140169 -1.09878e-05 -8.69939e-05
-0.000140169 -1.09875e-05  -8.6994e-05
-0.000140169 -1.09871e-05  -8.6994e-05
-0.000140169 -1.09868e-05  -8.6994e-05
-0.000140169 -1.09865e-05  -8.6994e-05
-0.000140169 -1.09862e-05 -8.69941e-05
-0.000140169 -1.09859e-05 -8.69941e-05
-0.000140169 -1.09855e-05 -8.69941e-05
-0.000140169 -1.09852e-05 -8.69941e-05
-0.000140169 -1.09849e-05 -8.69942e-05
-0.000140169 -1.09845e-05 -8.69942e-05
-0.000140169 -1.09842e-05 -8.69942e-05
-0.000140169 -1.09839e-05 -8.69943e-05
-0.000140169 -1.09835e-05 -8.69943e-05
-0.000140169 -1.09832e-05 -8.69943e-05
-0.000140169 -1.09828e-05 -8.69944e-05
-0.000140169 -1.09825e-05 -8.69944e-05
-0.000140169 -1.09822e-05 -8.69944e-05
-0.000140169 -1.09818e-05 -8.69945e-05
-0.000140169 -1.09815e-05 -8.69945e-05
-0.000140169 -1.09811e-05 -8.69945e-05
-0.000140168 -1.09808e-05 -8.69946e-05
-0.000140168 -1.09804e-05 -8.69946e-05
-0.000140168 -1.09801e-05 -8.69946e-05
-0.000140168 -1.09797e-05 -8.69946e-05
-0.000140168 -1.09794e-05 -8.69947e-05
-0.000140168  -1.0979e-05 -8.69947e-05
-0.000140168 -1.09787e-05 -8.69947e-05
-0.000140168 -1.09783e-05 -8.69947e-05
-0.000140168 -1.09779e-05 -8.69948e-05
-0.000140168 -1.09775e-05 -8.69948e-05
-0.000140168 -1.09772e-05 -8.69948e-05
-0.000140168 -1.09768e-05 -8.69948e-05
-0.000140168 -1.09764e-05 -8.69949e-05
-0.000140168 -1.09761e-05 -8.69949e-05
-0.000140168 -1.09757e-05 -8.69949e-05
-0.000140168 -1.09754e-05  -8.6995e-05
-0.000140168  -1.0975e-05  -8.6995e-05
-0.000140168 -1.09746e-05  -8.6995e-05
-0.000140168 -1.09742e-05 -8.69951e-05
-0.000140168 -1.09739e-05 -8.69951e-05
-0.000140168 -1.09735e-05 -8.69951e-05
-0.000140168 -1.09731e-05 -8.69952e-05
-0.000140168 -1.09727e-05 -8.69952e-05
-0.000140168 -1.09724e-05 -8.69952e-05
-0.000140168  -1.0972e-05 -8.69953e-05
-0.000140168 -1.09716e-05 -8.69953e-05
-0.000140168 -1.09712e-05 -8.69953e-05
-0.000140168 -1.09708e-05 -8.69953e-05
-0.000140168 -1.09705e-05 -8.69954e-05
-0.000140168 -1.09701e-05 -8.69954e-05
-0.000140168 -1.09697e-05 -8.69955e-05
-0.000140168 -1.09693e-05 -8.69955e-05
-0.000140168 -1.09689e-05 -8.69955e-05
-0.000140168 -1.09685e-05 -8.69955e-05
-0.000140168 -1.09681e-05 -8.69956e-05
-0.000140168 -1.09678e-05 -8.69956e-05
-0.000140168 -1.09674e-05 -8.69956e-05
-0.000140167  -1.0967e-05 -8.69957e-05
-0.000140167 -1.09666e-05 -8.69957e-05
-0.000140167 -1.09662e-05 -8.69957e-05
-0.000140167 -1.09658e-05 -8.69957e-05
-0.000140167 -1.09654e-05 -8.69958e-05
-0.000140167  -1.0965e-05 -8.69958e-05
-0.000140167 -1.09646e-05 -8.69958e-05
-0.000140167 -1.09642e-05 -8.69959e-05
-0.000140167 -1.09638e-05 -8.69959e-05
-0.000140167 -1.09635e-05 -8.69959e-05
-0.000140167 -1.09631e-05  -8.6996e-05
-0.000140167 -1.09627e-05  -8.6996e-05
-0.000140167 -1.09623e-05  -8.6996e-05
-0.000140167 -1.09619e-05 -8.69961e-05
-0.000140167 -1.09615e-05 -8.69961e-05
-0.000140167 -1.09611e-05 -8.69961e-05
-0.000140167 -1.09607e-05 -8.69961e-05
-0.000140167 -1.09603e-05 -8.69962e-05
-0.000140167 -1.09599e-05 -8.69962e-05
-0.000140167 -1.09595e-05 -8.69962e-05
-0.000140167 -1.09591e-05 -8.69963e-05
-0.000140167 -1.09587e-05 -8.69963e-05
-0.000140167 -1.09584e-05 -8.69963e-05
-0.000140167  -1.0958e-05 -8.69964e-05
-0.000140167 -1.09576e-05 -8.69964e-05
-0.000140167 -1.09572e-05 -8.69964e-05
-0.000140167 -1.09568e-05 -8.69964e-05
-0.000140167 -1.09564e-05 -8.69965e-05
-0.000140167  -1.0956e-05 -8.69965e-05
-0.000140167 -1.09556e-05 -8.69965e-05
-0.000140167 -1.09552e-05 -8.69966e-05
-0.000140167 -1.09548e-05 -8.69966e-05
-0.000140167 -1.09544e-05 -8.69966e-05
-0.000140167  -1.0954e-05 -8.69967e-05
-0.000140167 -1.09536e-05 -8.69967e-05
-0.000140167 -1.09532e-05 -8.69967e-05
-0.000140167 -1.09528e-05 -8.69968e-05
-0.000140167 -1.09524e-05 -8.69968e-05
-0.000140167  -1.0952e-05 -8.69968e-05
-0.000140167 -1.09517e-05 -8.69969e-05
-0.000140166 -1.09513e-05 -8.69969e-05
-0.000140166 -1.09509e-05 -8.69969e-05
-0.000140166 -1.09505e-05 -8.69969e-05
-0.000140166 -1.09501e-05  -8.6997e-05
-0.000140166 -1.09497e-05  -8.6997e-05
-0.000140166 -1.09493e-05  -8.6997e-05
-0.000140166 -1.09489e-05  -8.6997e-05
-0.000140166 -1.09486e-05 -8.69971e-05
-0.000140166 -1.09482e-05 -8.69971e-05
-0.000140166 -1.09478e-05 -8.69971e-05
-0.000140166 -1.09474e-05 -8.69972e-05
-0.000140166  -1.0947e-05 -8.69972e-05
-0.000140166 -1.09466e-05 -8.69973e-05
-0.000140166 -1.09463e-05 -8.69973e-05
-0.000140166 -1.09459e-05 -8.69973e-05
-0.000140166 -1.09455e-05 -8.69974e-05
-0.000140166 -1.09451e-05 -8.69974e-05
-0.000140166 -1.09447e-05 -8.69974e-05
-0.000140166 -1.09444e-05 -8.69974e-05
-0.000140166  -1.0944e-05 -8.69975e-05
-0.000140166 -1.09436e-05 -8.69975e-05
-0.000140166 -1.09432e-05 -8.69975e-05
-0.000140166 -1.09428e-05 -8.69976e-05
-0.000140166 -1.09424e-05 -8.69976e-05
-0.000140166 -1.09421e-05 -8.69976e-05
-0.000140166 -1.09417e-05 -8.69977e-05
-0.000140166 -1.09413e-05 -8.69977e-05
-0.000140166 -1.09409e-05 -8.69977e-05
-0.000140166 -1.09406e-05 -8.69977e-05
-0.000140166 -1.09402e-05 -8.69978e-05
-0.000140166 -1.09398e-05 -8.69978e-05
-0.000140166 -1.09395e-05 -8.69978e-05
-0.000140166 -1.09391e-05 -8.69979e-05
-0.000140166 -1.09387e-05 -8.69979e-05
-0.000140166 -1.09384e-05 -8.69979e-05
-0.000140166  -1.0938e-05  -8.6998e-05
-0.000140166 -1.09376e-05  -8.6998e-05
-0.000140165 -1.09373e-05  -8.6998e-05
-0.000140166 -1.09369e-05  -8.6998e-05
-0.000140165 -1.09366e-05 -8.69981e-05
-0.000140165 -1.09362e-05 -8.69981e-05
-0.000140165 -1.09358e-05 -8.69981e-05
-0.000140165 -1.09355e-05 -8.69982e-05
-0.000140165 -1.09351e-05 -8.69982e-05
-0.000140165 -1.09348e-05 -8.69982e-05
-0.000140165 -1.09344e-05 -8.69982e-05
-0.000140165  -1.0934e-05 -8.69983e-05
-0.000140165 -1.09337e-05 -8.69983e-05
-0.000140165 -1.09333e-05 -8.69983e-05
-0.000140165  -1.0933e-05 -8.69984e-05
-0.000140165 -1.09327e-05 -8.69984e-05
-0.000140165 -1.09323e-05 -8.69984e-05
-0.000140165  -1.0932e-05 -8.69985e-05
-0.000140165 -1.09316e-05 -8.69985e-05
-0.000140165 -1.09313e-05 -8.69985e-05
-0.000140165  -1.0931e-05 -8.69985e-05
-0.000140165 -1.09307e-05 -8.69986e-05
-0.000140165 -1.09303e-05 -8.69986e-05
-0.000140165   -1.093e-05 -8.69987e-05
-0.000140165 -1.09297e-05 -8.69987e-05
-0.000140165 -1.09293e-05 -8.69987e-05
-0.000140165  -1.0929e-05 -8.69987e-05
-0.000140165 -1.09287e-05 -8.69988e-05
-0.000140165 -1.09284e-05 -8.69988e-05
-0.000140165 -1.09281e-05 -8.69988e-05
-0.000140165 -1.09277e-05 -8.69989e-05
-0.000140165 -1.09274e-05 -8.69989e-05
-0.000140165 -1.09271e-05 -8.69989e-05
-0.000140165 -1.09268e-05 -8.69989e-05
-0.000140165 -1.09265e-05  -8.6999e-05
-0.000140165 -1.09262e-05  -8.6999e-05
-0.000140165 -1.09259e-05 -8.69991e-05
-0.000140165 -1.09256e-05 -8.69991e-05
-0.000140165 -1.09253e-05 -8.69991e-05
-0.000140165 -1.09249e-05 -8.69991e-05
-0.000140165 -1.09246e-05 -8.69992e-05
-0.000140165 -1.09243e-05 -8.69992e-05
-0.000140165  -1.0924e-05 -8.69992e-05
-0.000140165 -1.09237e-05 -8.69993e-05
-0.000140164 -1.09234e-05 -8.69993e-05
-0.000140164 -1.09231e-05 -8.69993e-05
-0.000140164 -1.09228e-05 -8.69993e-05
-0.000140164 -1.09225e-05 -8.69994e-05
-0.000140164 -1.09222e-05 -8.69994e-05
-0.000140164  -1.0922e-05 -8.69994e-05
-0.000140164 -1.09217e-05 -8.69994e-05
-0.000140164 -1.09214e-05 -8.69995e-05
-0.000140164 -1.09211e-05 -8.69995e-05
-0.000140164 -1.09208e-05 -8.69995e-05
-0.000140164 -1.09205e-05 -8.69996e-05
-0.000140164 -1.09203e-05 -8.69996e-05
-0.000140164   -1.092e-05 -8.69996e-05
-0.000140164 -1.09197e-05 -8.69996e-05
-0.000140164 -1.09194e-05 -8.69997e-05
-0.000140164 -1.09192e-05 -8.69997e-05
-0.000140164 -1.09189e-05 -8.69997e-05
-0.000140164 -1.09186e-05 -8.69997e-05
-0.000140164 -1.09184e-05 -8.69998e-05
-0.000140164 -1.09181e-05 -8.69998e-05
-0.000140164 -1.09178e-05 -8.69998e-05
-0.000140164 -1.09176e-05 -8.69998e-05
-0.000140164 -1.09173e-05 -8.69999e-05
-0.000140164 -1.09171e-05 -8.69999e-05
-0.000140164 -1.09168e-05     -8.7e-05
-0.000140164 -1.09165e-05     -8.7e-05
-0.000140164 -1.09163e-05     -8.7e-05
-0.000140164  -1.0916e-05     -8.7e-05
-0.000140164 -1.09158e-05 -8.70001e-05
-0.000140164 -1.09156e-05 -8.70001e-05
-0.000140164 -1.09153e-05 -8.70001e-05
-0.000140164 -1.09151e-05 -8.70002e-05
-0.000140164 -1.09149e-05 -8.70002e-05
-0.000140164 -1.09146e-05 -8.70002e-05
-0.000140164 -1.09144e-05 -8.70002e-05
-0.000140164 -1.09142e-05 -8.70003e-05
-0.000140164  -1.0914e-05 -8.70003e-05
-0.000140164 -1.09138e-05 -8.70003e-05
-0.000140164 -1.09135e-05 -8.70004e-05
-0.000140164 -1.09133e-05 -8.70004e-05
-0.000140164 -1.09131e-05 -8.70004e-05
-0.000140164 -1.09129e-05 -8.70004e-05
-0.000140164 -1.09127e-05 -8.70005e-05
-0.000140164 -1.09125e-05 -8.70005e-05
-0.000140163 -1.09123e-05 -8.70005e-05
-0.000140163 -1.09121e-05 -8.70006e-05
-0.000140163 -1.09119e-05 -8.70006e-05
-0.000140163 -1.09117e-05 -8.70006e-05
-0.000140163 -1.09115e-05 -8.70007e-05
-0.000140163 -1.09113e-05 -8.70007e-05
-0.000140163 -1.09111e-05 -8.70007e-05
-0.000140163 -1.09109e-05 -8.70008e-05
-0.000140163 -1.09107e-05 -8.70008e-05
-0.000140163 -1.09105e-05 -8.70008e-05
-0.000140163 -1.09104e-05 -8.70009e-05
-0.000140163 -1.09102e-05 -8.70009e-05
-0.000140163   -1.091e-05 -8.70009e-05
-0.000140163 -1.09098e-05 -8.70009e-05
-0.000140163 -1.09096e-05 -8.70009e-05
-0.000140163 -1.09094e-05  -8.7001e-05
-0.000140163 -1.09093e-05  -8.7001e-05
-0.000140163 -1.09091e-05  -8.7001e-05
-0.000140163  -1.0909e-05 -8.70011e-05
-0.000140163 -1.09088e-05 -8.70011e-05
-0.000140163 -1.09086e-05 -8.70011e-05
-0.000140163 -1.09085e-05 -8.70012e-05
-0.000140163 -1.09083e-05 -8.70012e-05
-0.000140163 -1.09082e-05 -8.70012e-05
-0.000140163  -1.0908e-05 -8.70012e-05
-0.000140163 -1.09079e-05 -8.70013e-05
-0.000140163 -1.09077e-05 -8.70013e-05
-0.000140163 -1.09076e-05 -8.70013e-05
-0.000140163 -1.09074e-05 -8.70013e-05
-0.000140163 -1.09073e-05 -8.70014e-05
-0.000140163 -1.09072e-05 -8.70014e-05
-0.000140163  -1.0907e-05 -8.70014e-05
-0.000140163 -1.09069e-05 -8.70014e-05
-0.000140163 -1.09068e-05 -8.70015e-05
-0.000140163 -1.09066e-05 -8.70015e-05
-0.000140163 -1.09065e-05 -8.70015e-05
-0.000140163 -1.09064e-05 -8.70016e-05
-0.000140163 -1.09063e-05 -8.70016e-05
-0.000140163 -1.09061e-05 -8.70016e-05
-0.000140163  -1.0906e-05 -8.70017e-05
-0.000140163 -1.09059e-05 -8.70017e-05
-0.000140163 -1.09058e-05 -8.70017e-05
-0.000140163 -1.09057e-05 -8.70018e-05
-0.000140162 -1.09056e-05 -8.70018e-05
-0.000140162 -1.09055e-05 -8.70018e-05
-0.000140162 -1.09054e-05 -8.70018e-05
-0.000140162 -1.09053e-05 -8.70019e-05
-0.000140162 -1.09052e-05 -8.70019e-05
-0.000140162 -1.09051e-05 -8.70019e-05
-0.000140162  -1.0905e-05 -8.70019e-05
-0.000140162 -1.09049e-05  -8.7002e-05
-0.000140162 -1.09048e-05  -8.7002e-05
-0.000140162 -1.09048e-05  -8.7002e-05
-0.000140162 -1.09047e-05 -8.70021e-05
-0.000140162 -1.09046e-05 -8.70021e-05
-0.000140162 -1.09045e-05 -8.70021e-05
-0.000140162 -1.09044e-05 -8.70021e-05
-0.000140162 -1.09044e-05 -8.70021e-05
-0.000140162 -1.09043e-05 -8.70022e-05
-0.000140162 -1.09042e-05 -8.70022e-05
-0.000140162 -1.09042e-05 -8.70022e-05
-0.000140162 -1.09041e-05 -8.70023e-05
-0.000140162  -1.0904e-05 -8.70023e-05
-0.000140162  -1.0904e-05 -8.70023e-05
-0.000140162 -1.09039e-05 -8.70024e-05
-0.000140162 -1.09038e-05 -8.70024e-05
-0.000140162 -1.09038e-05 -8.70024e-05
-0.000140162 -1.09037e-05 -8.70024e-05
-0.000140162 -1.09037e-05 -8.70025e-05
-0.000140162 -1.09036e-05 -8.70025e-05
-0.000140162 -1.09036e-05 -8.70025e-05
-0.000140162 -1.09035e-05 -8.70026e-05
-0.000140162 -1.09035e-05 -8.70026e-05
-0.000140162 -1.09035e-05 -8.70026e-05
-0.000140162 -1.09034e-05 -8.70026e-05
-0.000140162 -1.09034e-05 -8.70027e-05
-0.000140162 -1.09034e-05 -8.70027e-05
-0.000140162 -1.09033e-05 -8.70027e-05
-0.000140162 -1.09033e-05 -8.70028e-05
-0.000140162 -1.09033e-05 -8.70028e-05
-0.000140162 -1.09033e-05 -8.70028e-05
-0.000140162 -1.09033e-05 -8.70029e-05
-0.000140162 -1.09033e-05 -8.70029e-05
-0.000140161 -1.09032e-05 -8.70029e-05
-0.000140161 -1.09032e-05 -8.70029e-05
-0.000140161 -1.09032e-05  -8.7003e-05
-0.000140161 -1.09032e-05  -8.7003e-05
-0.000140161 -1.09032e-05  -8.7003e-05
-0.000140161 -1.09032e-05  -8.7003e-05
-0.000140161 -1.09032e-05 -8.70031e-05
-0.000140161 -1.09032e-05 -8.70031e-05
-0.000140161 -1.09032e-05 -8.70031e-05
-0.000140161 -1.09032e-05 -8.70032e-05
-0.000140161 -1.09032e-05 -8.70032e-05
-0.000140161 -1.09033e-05 -8.70033e-05
-0.000140161 -1.09033e-05 -8.70033e-05
-0.000140161 -1.09033e-05 -8.70033e-05
-0.000140161 -1.09033e-05 -8.70033e-05
-0.000140161 -1.09033e-05 -8.70034e-05
-0.000140161 -1.09033e-05 -8.70034e-05
-0.000140161 -1.09034e-05 -8.70034e-05
-0.000140161 -1.09034e-05 -8.70035e-05
-0.000140161 -1.09034e-05 -8.70035e-05
-0.000140161 -1.09034e-05 -8.70035e-05
-0.000140161 -1.09035e-05 -8.70035e-05
-0.000140161 -1.09035e-05 -8.70036e-05
-0.000140161 -1.09035e-05 -8.70036e-05
-0.000140161 -1.09036e-05 -8.70036e-05
-0.000140161 -1.09036e-05 -8.70037e-05
-0.000140161 -1.09037e-05 -8.70037e-05
-0.000140161 -1.09037e-05 -8.70037e-05
-0.000140161 -1.09038e-05 -8.70038e-05
-0.000140161 -1.09038e-05 -8.70038e-05
-0.000140161 -1.09039e-05 -8.70038e-05
-0.000140161 -1.09039e-05 -8.70039e-05
-0.000140161  -1.0904e-05 -8.70039e-05
-0.000140161  -1.0904e-05 -8.70039e-05
-0.000140161 -1.09041e-05 -8.70039e-05
-0.000140161 -1.09042e-05  -8.7004e-05
-0.000140161 -1.09042e-05  -8.7004e-05
 -0.00014016 -1.09043e-05  -8.7004e-05
 -0.00014016 -1.09044e-05 -8.70041e-05
 -0.00014016 -1.09044e-05 -8.70041e-05
 -0.00014016 -1.09045e-05 -8.70041e-05
 -0.00014016 -1.09046e-05 -8.70041e-05
 -0.00014016 -1.09046e-05 -8.70041e-05
 -0.00014016 -1.09047e-05 -8.70042e-05
 -0.00014016 -1.09048e-05 -8.70042e-05
 -0.00014016 -1.09049e-05 -8.70042e-05
 -0.00014016 -1.09049e-05 -8.70042e-05
 -0.00014016  -1.0905e-05 -8.70043e-05
 -0.00014016 -1.09051e-05 -8.70043e-05
 -0.00014016 -1.09052e-05 -8.70043e-05
 -0.00014016 -1.09053e-05 -8.70044e-05
 -0.00014016 -1.09054e-05 -8.70044e-05
 -0.00014016 -1.09055e-05 -8.70044e-05
 -0.00014016 -1.09056e-05 -8.70045e-05
 -0.00014016 -1.09057e-05 -8.70045e-05
 -0.00014016 -1.09058e-05 -8.70045e-05
 -0.00014016 -1.09059e-05 -8.70046e-05
 -0.00014016  -1.0906e-05 -8.70046e-05
 -0.00014016 -1.09061e-05 -8.70046e-05
 -0.00014016 -1.09062e-05 -8.70046e-05
 -0.00014016 -1.09063e-05 -8.70047e-05
 -0.00014016 -1.09064e-05 -8.70047e-05
 -0.00014016 -1.09065e-05 -8.70047e-05
 -0.00014016 -1.09067e-05 -8.70048e-05
 -0.00014016 -1.09068e-05 -8.70048e-05
 -0.00014016 -1.09069e-05 -8.70048e-05
 -0.00014016  -1.0907e-05 -8.70049e-05
 -0.00014016 -1.09071e-05 -8.70049e-05
 -0.00014016 -1.09073e-05 -8.70049e-05
 -0.00014016 -1.09074e-05  -8.7005e-05
 -0.00014016 -1.09075e-05  -8.7005e-05
 -0.00014016 -1.09076e-05  -8.7005e-05
 -0.00014016 -1.09078e-05  -8.7005e-05
 -0.00014016 -1.09079e-05 -8.70051e-05
 -0.00014016  -1.0908e-05 -8.70051e-05
 -0.00014016 -1.09082e-05 -8.70051e-05
-0.000140159 -1.09083e-05 -8.70052e-05
-0.000140159 -1.09085e-05 -8.70052e-05
-0.000140159 -1.09086e-05 -8.70052e-05
-0.000140159 -1.09088e-05 -8.70053e-05
-0.000140159 -1.09089e-05 -8.70053e-05
-0.000140159  -1.0909e-05 -8.70053e-05
-0.000140159 -1.09092e-05 -8.70053e-05
-0.000140159 -1.09093e-05 -8.70053e-05
-0.000140159 -1.09095e-05 -8.70054e-05
-0.000140159 -1.09096e-05 -8.70054e-05
-0.000140159 -1.09098e-05 -8.70055e-05
-0.000140159   -1.091e-05 -8.70055e-05
-0.000140159 -1.09101e-05 -8.70055e-05
-0.000140159 -1.09103e-05 -8.70055e-05
-0.000140159 -1.09104e-05 -8.70055e-05
-0.000140159 -1.09106e-05 -8.70056e-05
-0.000140159 -1.09108e-05 -8.70056e-05
-0.000140159 -1.09109e-05 -8.70056e-05
-0.000140159 -1.09111e-05 -8.70057e-05
-0.000140159 -1.09112e-05 -8.70057e-05
-0.000140159 -1.09114e-05 -8.70057e-05
-0.000140159 -1.09116e-05 -8.70057e-05
-0.000140159 -1.09117e-05 -8.70058e-05
-0.000140159 -1.09119e-05 -8.70058e-05
-0.000140159 -1.09121e-05 -8.70058e-05
-0.000140159 -1.09122e-05 -8.70059e-05
-0.000140159 -1.09124e-05 -8.70059e-05
-0.000140159 -1.09126e-05 -8.70059e-05
-0.000140159 -1.09128e-05 -8.70059e-05
-0.000140159 -1.09129e-05  -8.7006e-05
-0.000140159 -1.09131e-05  -8.7006e-05
-0.000140159 -1.09133e-05  -8.7006e-05
-0.000140159 -1.09135e-05 -8.70061e-05
-0.000140159 -1.09137e-05 -8.70061e-05
-0.000140159 -1.09139e-05 -8.70061e-05
-0.000140159 -1.09141e-05 -8.70061e-05
-0.000140159 -1.09143e-05 -8.70062e-05
-0.000140159 -1.09144e-05 -8.70062e-05
-0.000140159 -1.09146e-05 -8.70062e-05
-0.000140159 -1.09148e-05 -8.70063e-05
-0.000140171 -1.09203e-05 -8.70406e-05
-0.000140173 -1.09208e-05 -8.70448e-05
-0.000140176 -1.09213e-05 -8.70486e-05
-0.000140177 -1.09214e-05 -8.70474e-05
-0.000140179 -1.09216e-05 -8.70462e-05
 -0.00014018 -1.09218e-05 -8.70451e-05
-0.000140182 -1.09219e-05  -8.7044e-05
-0.000140183 -1.09221e-05  -8.7043e-05
-0.000140185 -1.09223e-05  -8.7042e-05
-0.000140186 -1.09225e-05 -8.70411e-05
-0.000140187 -1.09226e-05 -8.70402e-05
-0.000140188 -1.09228e-05 -8.70393e-05
-0.000140189  -1.0923e-05 -8.70385e-05
-0.000140191 -1.09232e-05 -8.70377e-05
-0.000140192 -1.09234e-05 -8.70369e-05
-0.000140193 -1.09236e-05 -8.70361e-05
-0.000140194 -1.09238e-05 -8.70354e-05
-0.000140195  -1.0924e-05 -8.70347e-05
-0.000140196 -1.09242e-05 -8.70341e-05
-0.000140197 -1.09243e-05 -8.70335e-05
-0.000140197 -1.09245e-05 -8.70329e-05
-0.000140198 -1.09247e-05 -8.70323e-05
-0.000140199 -1.09249e-05 -8.70318e-05
  -0.0001402 -1.09251e-05 -8.70313e-05
  -0.0001402 -1.09253e-05 -8.70307e-05
-0.000140201 -1.09255e-05 -8.70303e-05
-0.000140202 -1.09257e-05 -8.70298e-05
-0.000140202 -1.09259e-05 -8.70293e-05
-0.000140203 -1.09261e-05 -8.70289e-05
-0.000140204 -1.09263e-05 -8.70285e-05
-0.000140204 -1.09266e-05 -8.70281e-05
-0.000140205 -1.09268e-05 -8.70278e-05
-0.000140205  -1.0927e-05 -8.70274e-05
-0.000140206 -1.09272e-05 -8.70271e-05
-0.000140206 -1.09274e-05 -8.70267e-05
-0.000140207 -1.09276e-05 -8.70264e-05
-0.000140207 -1.09278e-05 -8.70261e-05
-0.000140207 -1.09281e-05 -8.70258e-05
-0.000140208 -1.09283e-05 -8.70255e-05
-0.000140208 -1.09285e-05 -8.70253e-05
-0.000140208 -1.09287e-05  -8.7025e-05
-0.000140209 -1.09289e-05 -8.70248e-05
-0.000140209 -1.09291e-05 -8.70245e-05
-0.000140209 -1.09294e-05 -8.70243e-05
 -0.00014021 -1.09296e-05 -8.70241e-05
 -0.00014021 -1.09298e-05 -8.70239e-05
 -0.00014021 -1.09301e-05 -8.70237e-05
 -0.00014021 -1.09303e-05 -8.70235e-05
-0.000140211 -1.09305e-05 -8.70234e-05
-0.000140211 -1.09307e-05 -8.70232e-05
-0.000140211  -1.0931e-05  -8.7023e-05
-0.000140211 -1.09312e-05 -8.70229e-05
-0.000140211 -1.09314e-05 -8.70227e-05
-0.000140211 -1.09317e-05 -8.70226e-05
-0.000140212 -1.09319e-05 -8.70225e-05
-0.000140212 -1.09321e-05 -8.70223e-05
-0.000140212 -1.09324e-05 -8.70222e-05
-0.000140212 -1.09326e-05 -8.70221e-05
-0.000140212 -1.09328e-05  -8.7022e-05
-0.000140212 -1.09331e-05 -8.70219e-05
-0.000140212 -1.09333e-05 -8.70219e-05
-0.000140212 -1.09335e-05 -8.70218e-05
-0.000140212 -1.09337e-05 -8.70217e-05
-0.000140212  -1.0934e-05 -8.70216e-05
-0.000140212 -1.09342e-05 -8.70216e-05
-0.000140212 -1.09344e-05 -8.70215e-05
-0.000140212 -1.09347e-05 -8.70214e-05
-0.000140212 -1.09349e-05 -8.70214e-05
-0.000140212 -1.09351e-05 -8.70213e-05
-0.000140212 -1.09354e-05 -8.70213e-05
-0.000140212 -1.09356e-05 -8.70212e-05
-0.000140212 -1.09358e-05 -8.70212e-05
-0.000140212 -1.09361e-05 -8.70211e-05
-0.000140212 -1.09363e-05 -8.70211e-05
-0.000140212 -1.09365e-05 -8.70211e-05
-0.000140212 -1.09368e-05  -8.7021e-05
-0.000140212  -1.0937e-05  -8.7021e-05
-0.000140212 -1.09372e-05  -8.7021e-05
-0.000140212 -1.09375e-05 -8.70209e-05
-0.000140212 -1.09377e-05 -8.70209e-05
-0.000140212  -1.0938e-05 -8.70209e-05
-0.000140212 -1.09382e-05 -8.70209e-05
-0.000140212 -1.09384e-05 -8.70209e-05
-0.000140212 -1.09387e-05 -8.70209e-05
-0.000140212 -1.09389e-05 -8.70209e-05
-0.000140212 -1.09391e-05 -8.70209e-05
-0.000140211 -1.09394e-05 -8.70209e-05
-0.000140211 -1.09396e-05 -8.70209e-05
-0.000140211 -1.09398e-05 -8.70209e-05
-0.000140211 -1.09401e-05 -8.70209e-05
-0.000140211 -1.09403e-05 -8.70209e-05
-0.000140211 -1.09406e-05 -8.70209e-05
-0.000140211 -1.09408e-05 -8.70209e-05
-0.000140211  -1.0941e-05 -8.70209e-05
 -0.00014021 -1.09413e-05 -8.70209e-05
 -0.00014021 -1.09415e-05 -8.70209e-05
 -0.00014021 -1.09417e-05 -8.70209e-05
 -0.00014021  -1.0942e-05 -8.70209e-05
 -0.00014021 -1.09422e-05 -8.70209e-05
 -0.00014021 -1.09425e-05 -8.70209e-05
-0.000140209 -1.09427e-05 -8.70209e-05
-0.000140209 -1.09429e-05  -8.7021e-05
-0.000140209 -1.09432e-05  -8.7021e-05
-0.000140209 -1.09434e-05  -8.7021e-05
-0.000140209 -1.09436e-05  -8.7021e-05
-0.000140209 -1.09439e-05  -8.7021e-05
-0.000140208 -1.09441e-05  -8.7021e-05
-0.000140208 -1.09443e-05  -8.7021e-05
-0.000140208 -1.09446e-05 -8.70211e-05
-0.000140208 -1.09448e-05 -8.70211e-05
-0.000140208  -1.0945e-05 -8.70211e-05
-0.000140208 -1.09452e-05 -8.70211e-05
-0.000140207 -1.09455e-05 -8.70212e-05
-0.000140207 -1.09457e-05 -8.70212e-05
-0.000140207  -1.0946e-05 -8.70212e-05
-0.000140207 -1.09462e-05 -8.70212e-05
-0.000140207 -1.09464e-05 -8.70213e-05
-0.000140206 -1.09467e-05 -8.70213e-05
-0.000140206 -1.09469e-05 -8.70213e-05
-0.000140206 -1.09471e-05 -8.70214e-05
-0.000140206 -1.09474e-05 -8.70214e-05
-0.000140206 -1.09476e-05 -8.70214e-05
-0.000140205 -1.09478e-05 -8.70215e-05
-0.000140205  -1.0948e-05 -8.70215e-05
-0.000140205 -1.09483e-05 -8.70215e-05
-0.000140205 -1.09485e-05 -8.70215e-05
-0.000140205 -1.09487e-05 -8.70215e-05
-0.000140204 -1.09489e-05 -8.70216e-05
-0.000140204 -1.09492e-05 -8.70216e-05
-0.000140204 -1.09494e-05 -8.70217e-05
-0.000140204 -1.09496e-05 -8.70217e-05
-0.000140204 -1.09498e-05 -8.70217e-05
-0.000140203 -1.09501e-05 -8.70217e-05
-0.000140203 -1.09503e-05 -8.70218e-05
-0.000140203 -1.09505e-05 -8.70218e-05
-0.000140203 -1.09507e-05 -8.70218e-05
-0.000140203  -1.0951e-05 -8.70219e-05
-0.000140202 -1.09512e-05 -8.70219e-05
-0.000140202 -1.09514e-05 -8.70219e-05
-0.000140202 -1.09516e-05 -8.70219e-05
-0.000140202 -1.09518e-05  -8.7022e-05
-0.000140201 -1.09521e-05  -8.7022e-05
-0.000140201 -1.09523e-05  -8.7022e-05
-0.000140201 -1.09525e-05 -8.70221e-05
-0.000140201 -1.09527e-05 -8.70221e-05
  -0.0001402 -1.09529e-05 -8.70221e-05
  -0.0001402 -1.09531e-05 -8.70221e-05
  -0.0001402 -1.09533e-05 -8.70222e-05
  -0.0001402 -1.09536e-05 -8.70222e-05
-0.000140199 -1.09538e-05 -8.70222e-05
-0.000140199  -1.0954e-05 -8.70222e-05
-0.000140199 -1.09542e-05 -8.70223e-05
-0.000140199 -1.09544e-05 -8.70223e-05
-0.000140199 -1.09546e-05 -8.70223e-05
-0.000140198 -1.09548e-05 -8.70224e-05
-0.000140198 -1.09551e-05 -8.70224e-05
-0.000140198 -1.09553e-05 -8.70224e-05
-0.000140198 -1.09555e-05 -8.70225e-05
-0.000140197 -1.09557e-05 -8.70225e-05
-0.000140197 -1.09559e-05 -8.70225e-05
-0.000140197 -1.09561e-05 -8.70225e-05
-0.000140197 -1.09563e-05 -8.70226e-05
-0.000140196 -1.09565e-05 -8.70226e-05
-0.000140196 -1.09567e-05 -8.70226e-05
-0.000140196 -1.09569e-05 -8.70226e-05
-0.000140196 -1.09571e-05 -8.70226e-05
-0.000140195 -1.09573e-05 -8.70227e-05
-0.000140195 -1.09575e-05 -8.70227e-05
-0.000140195 -1.09577e-05 -8.70227e-05
-0.000140195 -1.09579e-05 -8.70228e-05
-0.000140194 -1.09581e-05 -8.70228e-05
-0.000140194 -1.09583e-05 -8.70229e-05
-0.000140194 -1.09585e-05 -8.70229e-05
-0.000140194 -1.09587e-05 -8.70229e-05
-0.000140194 -1.09589e-05 -8.70229e-05
-0.000140193 -1.09591e-05 -8.70229e-05
-0.000140193 -1.09593e-05  -8.7023e-05
-0.000140193 -1.09595e-05  -8.7023e-05
-0.000140193 -1.09597e-05  -8.7023e-05
-0.000140192 -1.09598e-05  -8.7023e-05
-0.000140192   -1.096e-05 -8.70231e-05
-0.000140192 -1.09602e-05 -8.70231e-05
-0.000140192 -1.09604e-05 -8.70231e-05
-0.000140191 -1.09606e-05 -8.70231e-05
-0.000140191 -1.09608e-05 -8.70232e-05
-0.000140191  -1.0961e-05 -8.70232e-05
-0.000140191 -1.09611e-05 -8.70232e-05
 -0.00014019 -1.09613e-05 -8.70232e-05
 -0.00014019 -1.09615e-05 -8.70232e-05
 -0.00014019 -1.09617e-05 -8.70233e-05
 -0.00014019 -1.09619e-05 -8.70233e-05
-0.000140189 -1.09621e-05 -8.70233e-05
-0.000140189 -1.09622e-05 -8.70233e-05
-0.000140189 -1.09624e-05 -8.70233e-05
-0.000140189 -1.09626e-05 -8.70234e-05
-0.000140188 -1.09628e-05 -8.70234e-05
-0.000140188 -1.09629e-05 -8.70234e-05
-0.000140188 -1.09631e-05 -8.70234e-05
-0.000140188 -1.09633e-05 -8.70234e-05
-0.000140188 -1.09635e-05 -8.70235e-05
-0.000140187 -1.09636e-05 -8.70235e-05
-0.000140187 -1.09638e-05 -8.70235e-05
-0.000140187  -1.0964e-05 -8.70235e-05
-0.000140187 -1.09642e-05 -8.70235e-05
-0.000140186 -1.09643e-05 -8.70235e-05
-0.000140186 -1.09645e-05 -8.70236e-05
-0.000140186 -1.09647e-05 -8.70236e-05
-0.000140185 -1.09649e-05 -8.70236e-05
-0.000140185  -1.0965e-05 -8.70236e-05
-0.000140185 -1.09652e-05 -8.70236e-05
-0.000140185 -1.09654e-05 -8.70236e-05
-0.000140185 -1.09655e-05 -8.70237e-05
-0.000140184 -1.09657e-05 -8.70237e-05
-0.000140184 -1.09658e-05 -8.70237e-05
-0.000140184  -1.0966e-05 -8.70237e-05
-0.000140184 -1.09662e-05 -8.70237e-05
-0.000140183 -1.09663e-05 -8.70237e-05
-0.000140183 -1.09665e-05 -8.70237e-05
-0.000140183 -1.09667e-05 -8.70237e-05
-0.000140183 -1.09668e-05 -8.70238e-05
-0.000140183  -1.0967e-05 -8.70238e-05
-0.000140182 -1.09671e-05 -8.70238e-05
-0.000140182 -1.09673e-05 -8.70238e-05
-0.000140182 -1.09675e-05 -8.70238e-05
-0.000140181 -1.09676e-05 -8.70238e-05
-0.000140181 -1.09678e-05 -8.70239e-05
-0.000140181 -1.09679e-05 -8.70239e-05
-0.000140181 -1.09681e-05 -8.70239e-05
-0.000140181 -1.09682e-05 -8.70239e-05
 -0.00014018 -1.09684e-05 -8.70239e-05
 -0.00014018 -1.09685e-05 -8.70239e-05
 -0.00014018 -1.09686e-05 -8.70239e-05
 -0.00014018 -1.09688e-05 -8.70239e-05
-0.000140179 -1.09689e-05 -8.70239e-05
-0.000140179 -1.09691e-05 -8.70239e-05
-0.000140179 -1.09692e-05 -8.70239e-05
-0.000140179 -1.09693e-05 -8.70239e-05
-0.000140179 -1.09695e-05  -8.7024e-05
-0.000140178 -1.09696e-05  -8.7024e-05
-0.000140178 -1.09698e-05  -8.7024e-05
-0.000140178 -1.09699e-05  -8.7024e-05
-0.000140178   -1.097e-05  -8.7024e-05
-0.000140177 -1.09702e-05  -8.7024e-05
-0.000140177 -1.09703e-05  -8.7024e-05
-0.000140177 -1.09705e-05  -8.7024e-05
-0.000140177 -1.09706e-05 -8.70241e-05
-0.000140176 -1.09707e-05 -8.70241e-05
-0.000140176 -1.09708e-05 -8.70241e-05
-0.000140176  -1.0971e-05 -8.70241e-05
-0.000140176 -1.09711e-05 -8.70241e-05
-0.000140176 -1.09712e-05 -8.70241e-05
-0.000140175 -1.09713e-05 -8.70241e-05
-0.000140175 -1.09715e-05 -8.70241e-05
-0.000140175 -1.09716e-05 -8.70241e-05
-0.000140175 -1.09717e-05 -8.70241e-05
-0.000140174 -1.09718e-05 -8.70241e-05
-0.000140174 -1.09719e-05 -8.70242e-05
-0.000140174 -1.09721e-05 -8.70242e-05
-0.000140174 -1.09722e-05 -8.70242e-05
-0.000140173 -1.09723e-05 -8.70242e-05
-0.000140173 -1.09724e-05 -8.70242e-05
-0.000140173 -1.09726e-05 -8.70242e-05
-0.000140173 -1.09727e-05 -8.70242e-05
-0.000140173 -1.09728e-05 -8.70242e-05
-0.000140172 -1.09729e-05 -8.70242e-05
-0.000140172  -1.0973e-05 -8.70242e-05
-0.000140172 -1.09731e-05 -8.70242e-05
-0.000140172 -1.09732e-05 -8.70242e-05
-0.000140172 -1.09733e-05 -8.70242e-05
-0.000140171 -1.09734e-05 -8.70242e-05
-0.000140171 -1.09735e-05 -8.70242e-05
-0.000140171 -1.09736e-05 -8.70242e-05
-0.000140171 -1.09737e-05 -8.70243e-05
 -0.00014017 -1.09738e-05 -8.70243e-05
 -0.00014017 -1.09739e-05 -8.70243e-05
 -0.00014017 -1.09741e-05 -8.70243e-05
 -0.00014017 -1.09741e-05 -8.70242e-05
 -0.00014017 -1.09743e-05 -8.70242e-05
-0.000140169 -1.09744e-05 -8.70242e-05
-0.000140169 -1.09744e-05 -8.70243e-05
-0.000140169 -1.09745e-05 -8.70243e-05
-0.000140169 -1.09746e-05 -8.70243e-05
-0.000140169 -1.09747e-05 -8.70243e-05
-0.000140168 -1.09748e-05 -8.70243e-05
-0.000140168 -1.09749e-05 -8.70243e-05
-0.000140168 -1.09749e-05 -8.70243e-05
-0.000140168  -1.0975e-05 -8.70243e-05
-0.000140168 -1.09751e-05 -8.70243e-05
-0.000140167 -1.09752e-05 -8.70243e-05
-0.000140167 -1.09753e-05 -8.70243e-05
-0.000140167 -1.09754e-05 -8.70243e-05
-0.000140167 -1.09754e-05 -8.70243e-05
-0.000140167 -1.09755e-05 -8.70243e-05
-0.000140166 -1.09756e-05 -8.70243e-05
-0.000140166 -1.09757e-05 -8.70243e-05
-0.000140166 -1.09757e-05 -8.70243e-05
-0.000140166 -1.09758e-05 -8.70243e-05
-0.000140166 -1.09759e-05 -8.70243e-05
-0.000140165  -1.0976e-05 -8.70243e-05
-0.000140165  -1.0976e-05 -8.70243e-05
-0.000140165 -1.09761e-05 -8.70243e-05
-0.000140165 -1.09762e-05 -8.70243e-05
-0.000140165 -1.09763e-05 -8.70243e-05
-0.000140164 -1.09763e-05 -8.70243e-05
-0.000140164 -1.09764e-05 -8.70243e-05
-0.000140164 -1.09765e-05 -8.70243e-05
-0.000140164 -1.09765e-05 -8.70243e-05
-0.000140164 -1.09766e-05 -8.70243e-05
-0.000140163 -1.09767e-05 -8.70243e-05
-0.000140163 -1.09767e-05 -8.70243e-05
-0.000140163 -1.09768e-05 -8.70243e-05
-0.000140163 -1.09768e-05 -8.70244e-05
-0.000140163 -1.09769e-05 -8.70244e-05
-0.000140162  -1.0977e-05 -8.70244e-05
-0.000140162  -1.0977e-05 -8.70244e-05
-0.000140162 -1.09771e-05 -8.70244e-05
-0.000140162 -1.09771e-05 -8.70244e-05
-0.000140162 -1.09772e-05 -8.70244e-05
-0.000140162 -1.09772e-05 -8.70244e-05
-0.000140161 -1.09773e-05 -8.70244e-05
-0.000140161 -1.09773e-05 -8.70244e-05
-0.000140161 -1.09774e-05 -8.70244e-05
-0.000140161 -1.09774e-05 -8.70244e-05
-0.000140161 -1.09775e-05 -8.70244e-05
 -0.00014016 -1.09775e-05 -8.70244e-05
 -0.00014016 -1.09776e-05 -8.70244e-05
 -0.00014016 -1.09776e-05 -8.70244e-05
 -0.00014016 -1.09777e-05 -8.70244e-05
 -0.00014016 -1.09777e-05 -8.70244e-05
 -0.00014016 -1.09778e-05 -8.70244e-05
-0.000140159 -1.09778e-05 -8.70243e-05
-0.000140159 -1.09778e-05 -8.70244e-05
-0.000140159 -1.09779e-05 -8.70244e-05
-0.000140159 -1.09779e-05 -8.70244e-05
-0.000140159 -1.09779e-05 -8.70244e-05
-0.000140158  -1.0978e-05 -8.70244e-05
-0.000140158  -1.0978e-05 -8.70244e-05
-0.000140158 -1.09781e-05 -8.70243e-05
-0.000140158 -1.09781e-05 -8.70243e-05
-0.000140158 -1.09781e-05 -8.70243e-05
-0.000140158 -1.09781e-05 -8.70243e-05
-0.000140158 -1.09782e-05 -8.70243e-05
-0.000140157 -1.09782e-05 -8.70243e-05
-0.000140157 -1.09782e-05 -8.70243e-05
-0.000140157 -1.09783e-05 -8.70243e-05
-0.000140157 -1.09783e-05 -8.70243e-05
-0.000140157 -1.09783e-05 -8.70243e-05
-0.000140157 -1.09783e-05 -8.70243e-05
-0.000140156 -1.09784e-05 -8.70243e-05
-0.000140156 -1.09784e-05 -8.70243e-05
-0.000140156 -1.09784e-05 -8.70243e-05
-0.000140156 -1.09784e-05 -8.70243e-05
-0.000140156 -1.09785e-05 -8.70243e-05
-0.000140156 -1.09785e-05 -8.70243e-05
-0.000140155 -1.09785e-05 -8.70243e-05
-0.000140155 -1.09785e-05 -8.70243e-05
-0.000140155 -1.09785e-05 -8.70243e-05
-0.000140155 -1.09785e-05 -8.70243e-05
-0.000140155 -1.09786e-05 -8.70243e-05
-0.000140155 -1.09786e-05 -8.70243e-05
-0.000140154 -1.09786e-05 -8.70243e-05
-0.000140154 -1.09786e-05 -8.70243e-05
-0.000140154 -1.09786e-05 -8.70243e-05
-0.000140154 -1.09786e-05 -8.70243e-05
-0.000140154 -1.09786e-05 -8.70243e-05
-0.000140154 -1.09786e-05 -8.70243e-05
-0.000140154 -1.09787e-05 -8.70243e-05
-0.000140153 -1.09787e-05 -8.70243e-05
-0.000140153 -1.09787e-05 -8.70243e-05
-0.000140153 -1.09787e-05 -8.70243e-05
-0.000140153 -1.09787e-05 -8.70243e-05
-0.000140153 -1.09787e-05 -8.70243e-05
-0.000140153 -1.09787e-05 -8.70243e-05
-0.000140152 -1.09787e-05 -8.70243e-05
-0.000140152 -1.09787e-05 -8.70243e-05
-0.000140152 -1.09787e-05 -8.70243e-05
-0.000140152 -1.09787e-05 -8.70243e-05
-0.000140152 -1.09787e-05 -8.70243e-05
-0.000140152 -1.09787e-05 -8.70243e-05
-0.000140152 -1.09787e-05 -8.70243e-05
-0.000140152 -1.09787e-05 -8.70243e-05
-0.000140151 -1.09787e-05 -8.70243e-05
-0.000140151 -1.09787e-05 -8.70243e-05
-0.000140151 -1.09787e-05 -8.70243e-05
-0.000140151 -1.09787e-05 -8.70243e-05
-0.000140151 -1.09787e-05 -8.70243e-05
-0.000140151 -1.09786e-05 -8.70243e-05
-0.000140151 -1.09786e-05 -8.70242e-05
 -0.00014015 -1.09786e-05 -8.70242e-05
 -0.00014015 -1.09786e-05 -8.70242e-05
 -0.00014015 -1.09786e-05 -8.70242e-05
 -0.00014015 -1.09786e-05 -8.70242e-05
 -0.00014015 -1.09786e-05 -8.70242e-05
 -0.00014015 -1.09785e-05 -8.70242e-05
 -0.00014015 -1.09785e-05 -8.70242e-05
 -0.00014015 -1.09785e-05 -8.70242e-05
-0.000140149 -1.09785e-05 -8.70242e-05
-0.000140149 -1.09785e-05 -8.70242e-05
-0.000140149 -1.09785e-05 -8.70242e-05
-0.000140149 -1.09785e-05 -8.70242e-05
-0.000140149 -1.09784e-05 -8.70242e-05
-0.000140149 -1.09784e-05 -8.70242e-05
-0.000140149 -1.09784e-05 -8.70242e-05
-0.000140149 -1.09784e-05 -8.70242e-05
-0.000140148 -1.09784e-05 -8.70242e-05
-0.000140148 -1.09784e-05 -8.70242e-05
-0.000140148 -1.09783e-05 -8.70242e-05
-0.000140148 -1.09783e-05 -8.70242e-05
-0.000140148 -1.09783e-05 -8.70242e-05
-0.000140148 -1.09783e-05 -8.70242e-05
-0.000140148 -1.09782e-05 -8.70242e-05
-0.000140147 -1.09782e-05 -8.70242e-05
-0.000140147 -1.09782e-05 -8.70242e-05
-0.000140147 -1.09782e-05 -8.70242e-05
-0.000140147 -1.09781e-05 -8.70242e-05
-0.000140147 -1.09781e-05 -8.70242e-05
-0.000140147 -1.09781e-05 -8.70242e-05
-0.000140147 -1.09781e-05 -8.70242e-05
-0.000140147  -1.0978e-05 -8.70242e-05
-0.000140147  -1.0978e-05 -8.70242e-05
-0.000140146  -1.0978e-05 -8.70242e-05
-0.000140146  -1.0978e-05 -8.70242e-05
-0.000140146 -1.09779e-05 -8.70242e-05
-0.000140146 -1.09779e-05 -8.70242e-05
-0.000140146 -1.09779e-05 -8.70242e-05
-0.000140146 -1.09779e-05 -8.70242e-05
-0.000140146 -1.09778e-05 -8.70242e-05
-0.000140146 -1.09778e-05 -8.70242e-05
-0.000140146 -1.09777e-05 -8.70242e-05
-0.000140145 -1.09777e-05 -8.70242e-05
-0.000140145 -1.09777e-05 -8.70242e-05
-0.000140145 -1.09776e-05 -8.70242e-05
-0.000140145 -1.09776e-05 -8.70242e-05
-0.000140145 -1.09775e-05 -8.70241e-05
-0.000140145 -1.09775e-05 -8.70241e-05
-0.000140145 -1.09775e-05 -8.70241e-05
-0.000140145 -1.09774e-05 -8.70241e-05
-0.000140145 -1.09774e-05 -8.70241e-05
-0.000140145 -1.09774e-05 -8.70241e-05
-0.000140144 -1.09773e-05 -8.70241e-05
-0.000140144 -1.09773e-05 -8.70241e-05
-0.000140144 -1.09773e-05 -8.70241e-05
-0.000140144 -1.09772e-05 -8.70241e-05
-0.000140144 -1.09772e-05 -8.70241e-05
-0.000140144 -1.09772e-05 -8.70241e-05
-0.000140144 -1.09771e-05 -8.70241e-05
-0.000140144 -1.09771e-05 -8.70241e-05
-0.000140144 -1.09771e-05 -8.70241e-05
-0.000140144  -1.0977e-05 -8.70241e-05
-0.000140143  -1.0977e-05 -8.70241e-05
-0.000140143 -1.09769e-05 -8.70241e-05
-0.000140143 -1.09769e-05 -8.70241e-05
-0.000140143 -1.09769e-05 -8.70241e-05
-0.000140143 -1.09768e-05 -8.70241e-05
-0.000140143 -1.09768e-05 -8.70241e-05
-0.000140143 -1.09767e-05 -8.70241e-05
-0.000140143 -1.09767e-05 -8.70242e-05
-0.000140143 -1.09766e-05 -8.70242e-05
-0.000140143 -1.09766e-05 -8.70242e-05
-0.000140142 -1.09765e-05 -8.70242e-05
-0.000140142 -1.09765e-05 -8.70242e-05
-0.000140142 -1.09764e-05 -8.70242e-05
-0.000140142 -1.09764e-05 -8.70242e-05
-0.000140142 -1.09763e-05 -8.70242e-05
-0.000140142 -1.09763e-05 -8.70242e-05
-0.000140142 -1.09762e-05 -8.70242e-05
-0.000140142 -1.09762e-05 -8.70242e-05
-0.000140142 -1.09761e-05 -8.70242e-05
-0.000140142 -1.09761e-05 -8.70242e-05
-0.000140141  -1.0976e-05 -8.70242e-05
-0.000140141  -1.0976e-05 -8.70242e-05
-0.000140141  -1.0976e-05 -8.70242e-05
-0.000140141 -1.09759e-05 -8.70242e-05
-0.000140141 -1.09759e-05 -8.70242e-05
-0.000140141 -1.09758e-05 -8.70242e-05
-0.000140141 -1.09758e-05 -8.70242e-05
-0.000140141 -1.09757e-05 -8.70242e-05
-0.000140141 -1.09757e-05 -8.70242e-05
-0.000140141 -1.09756e-05 -8.70242e-05
-0.000140141 -1.09756e-05 -8.70242e-05
-0.000140141 -1.09755e-05 -8.70242e-05
 -0.00014014 -1.09755e-05 -8.70242e-05
 -0.00014014 -1.09754e-05 -8.70242e-05
 -0.00014014 -1.09754e-05 -8.70242e-05
 -0.00014014 -1.09753e-05 -8.70242e-05
 -0.00014014 -1.09753e-05 -8.70242e-05
 -0.00014014 -1.09752e-05 -8.70242e-05
 -0.00014014 -1.09752e-05 -8.70242e-05
 -0.00014014 -1.09751e-05 -8.70242e-05
 -0.00014014 -1.09751e-05 -8.70242e-05
 -0.00014014  -1.0975e-05 -8.70242e-05
 -0.00014014  -1.0975e-05 -8.70242e-05
 -0.00014014 -1.09749e-05 -8.70243e-05
 -0.00014014 -1.09749e-05 -8.70243e-05
 -0.00014014 -1.09748e-05 -8.70243e-05
-0.000140139 -1.09748e-05 -8.70243e-05
-0.000140139 -1.09747e-05 -8.70243e-05
-0.000140139 -1.09747e-05 -8.70243e-05
-0.000140139 -1.09746e-05 -8.70243e-05
-0.000140139 -1.09746e-05 -8.70243e-05
-0.000140139 -1.09745e-05 -8.70243e-05
-0.000140139 -1.09745e-05 -8.70243e-05
-0.000140139 -1.09744e-05 -8.70243e-05
-0.000140139 -1.09744e-05 -8.70243e-05
-0.000140139 -1.09743e-05 -8.70243e-05
-0.000140139 -1.09742e-05 -8.70243e-05
-0.000140139 -1.09742e-05 -8.70243e-05
-0.000140139 -1.09741e-05 -8.70243e-05
-0.000140139 -1.09741e-05 -8.70243e-05
-0.000140138  -1.0974e-05 -8.70243e-05
-0.000140138  -1.0974e-05 -8.70243e-05
-0.000140138 -1.09739e-05 -8.70243e-05
-0.000140138 -1.09739e-05 -8.70244e-05
-0.000140138 -1.09738e-05 -8.70244e-05
-0.000140138 -1.09738e-05 -8.70244e-05
-0.000140138 -1.09737e-05 -8.70244e-05
-0.000140138 -1.09736e-05 -8.70244e-05
-0.000140138 -1.09736e-05 -8.70244e-05
-0.000140138 -1.09735e-05 -8.70244e-05
-0.000140138 -1.09735e-05 -8.70244e-05
-0.000140138 -1.09734e-05 -8.70244e-05
-0.000140138 -1.09734e-05 -8.70244e-05
-0.000140138 -1.09733e-05 -8.70244e-05
-0.000140138 -1.09733e-05 -8.70244e-05
-0.000140138 -1.09732e-05 -8.70245e-05
-0.000140137 -1.09732e-05 -8.70245e-05
-0.000140137 -1.09731e-05 -8.70245e-05
-0.000140137  -1.0973e-05 -8.70245e-05
-0.000140137  -1.0973e-05 -8.70245e-05
-0.000140137 -1.09729e-05 -8.70245e-05
-0.000140137 -1.09729e-05 -8.70245e-05
-0.000140137 -1.09728e-05 -8.70245e-05
-0.000140137 -1.09728e-05 -8.70245e-05
-0.000140137 -1.09727e-05 -8.70245e-05
-0.000140137 -1.09727e-05 -8.70245e-05
-0.000140137 -1.09726e-05 -8.70245e-05
-0.000140137 -1.09725e-05 -8.70245e-05
-0.000140137 -1.09725e-05 -8.70246e-05
-0.000140137 -1.09724e-05 -8.70246e-05
-0.000140137 -1.09724e-05 -8.70246e-05
-0.000140137 -1.09723e-05 -8.70246e-05
-0.000140137 -1.09722e-05 -8.70246e-05
-0.000140137 -1.09722e-05 -8.70246e-05
-0.000140136 -1.09721e-05 -8.70246e-05
-0.000140136 -1.09721e-05 -8.70246e-05
-0.000140136  -1.0972e-05 -8.70246e-05
-0.000140136  -1.0972e-05 -8.70246e-05
-0.000140136 -1.09719e-05 -8.70246e-05
-0.000140136 -1.09719e-05 -8.70246e-05
-0.000140136 -1.09718e-05 -8.70246e-05
-0.000140136 -1.09718e-05 -8.70246e-05
-0.000140136 -1.09717e-05 -8.70247e-05
-0.000140136 -1.09717e-05 -8.70247e-05
-0.000140136 -1.09716e-05 -8.70247e-05
-0.000140136 -1.09716e-05 -8.70247e-05
-0.000140136 -1.09715e-05 -8.70247e-05
-0.000140136 -1.09715e-05 -8.70247e-05
-0.000140136 -1.09714e-05 -8.70247e-05
-0.000140136 -1.09714e-05 -8.70247e-05
-0.000140136 -1.09713e-05 -8.70247e-05
-0.000140136 -1.09713e-05 -8.70247e-05
-0.000140136 -1.09712e-05 -8.70247e-05
-0.000140136 -1.09712e-05 -8.70248e-05
-0.000140135 -1.09711e-05 -8.70248e-05
-0.000140135 -1.09711e-05 -8.70248e-05
-0.000140135  -1.0971e-05 -8.70248e-05
-0.000140135  -1.0971e-05 -8.70248e-05
-0.000140135 -1.09709e-05 -8.70248e-05
-0.000140135 -1.09709e-05 -8.70248e-05
-0.000140135 -1.09708e-05 -8.70249e-05
-0.000140135 -1.09708e-05 -8.70249e-05
-0.000140135 -1.09707e-05 -8.70249e-05
-0.000140135 -1.09707e-05 -8.70249e-05
-0.000140135 -1.09706e-05 -8.70249e-05
-0.000140135 -1.09706e-05 -8.70249e-05
-0.000140135 -1.09705e-05 -8.70249e-05
-0.000140135 -1.09705e-05 -8.70249e-05
-0.000140135 -1.09704e-05 -8.70249e-05
-0.000140135 -1.09704e-05 -8.70249e-05
-0.000140135 -1.09703e-05 -8.70249e-05
-0.000140135 -1.09703e-05 -8.70249e-05
-0.000140135 -1.09703e-05 -8.70249e-05
-0.000140135 -1.09702e-05  -8.7025e-05
-0.000140135 -1.09701e-05  -8.7025e-05
-0.000140135 -1.09701e-05  -8.7025e-05
-0.000140135 -1.09701e-05  -8.7025e-05
-0.000140135   -1.097e-05  -8.7025e-05
-0.000140135   -1.097e-05  -8.7025e-05
-0.000140135 -1.09699e-05  -8.7025e-05
-0.000140135 -1.09699e-05 -8.70251e-05
-0.000140135 -1.09699e-05 -8.70251e-05
-0.000140135 -1.09698e-05 -8.70251e-05
-0.000140134 -1.09698e-05 -8.70251e-05
-0.000140134 -1.09697e-05 -8.70251e-05
-0.000140134 -1.09697e-05 -8.70251e-05
-0.000140134 -1.09696e-05 -8.70251e-05
-0.000140134 -1.09696e-05 -8.70252e-05
-0.000140134 -1.09695e-05 -8.70252e-05
-0.000140134 -1.09695e-05 -8.70252e-05
-0.000140134 -1.09694e-05 -8.70252e-05
-0.000140134 -1.09694e-05 -8.70252e-05
-0.000140134 -1.09693e-05 -8.70252e-05
-0.000140134 -1.09693e-05 -8.70252e-05
-0.000140134 -1.09693e-05 -8.70252e-05
-0.000140134 -1.09692e-05 -8.70253e-05
-0.000140134 -1.09692e-05 -8.70253e-05
-0.000140134 -1.09692e-05 -8.70253e-05
-0.000140134 -1.09691e-05 -8.70253e-05
-0.000140134 -1.09691e-05 -8.70253e-05
-0.000140134  -1.0969e-05 -8.70253e-05
-0.000140134  -1.0969e-05 -8.70253e-05
-0.000140134  -1.0969e-05 -8.70254e-05
-0.000140134 -1.09689e-05 -8.70253e-05
-0.000140134 -1.09689e-05 -8.70254e-05
-0.000140134 -1.09688e-05 -8.70254e-05
-0.000140134 -1.09688e-05 -8.70254e-05
-0.000140134 -1.09688e-05 -8.70254e-05
-0.000140134 -1.09687e-05 -8.70254e-05
-0.000140134 -1.09687e-05 -8.70254e-05
-0.000140134 -1.09687e-05 -8.70254e-05
-0.000140134 -1.09687e-05 -8.70255e-05
-0.000140134 -1.09686e-05 -8.70255e-05
-0.000140134 -1.09686e-05 -8.70255e-05
-0.000140134 -1.09686e-05 -8.70255e-05
-0.000140134 -1.09685e-05 -8.70255e-05
-0.000140133 -1.09685e-05 -8.70255e-05
-0.000140133 -1.09685e-05 -8.70255e-05
-0.000140133 -1.09685e-05 -8.70256e-05
-0.000140133 -1.09684e-05 -8.70256e-05
-0.000140133 -1.09684e-05 -8.70256e-05
-0.000140133 -1.09683e-05 -8.70256e-05
-0.000140133 -1.09683e-05 -8.70256e-05
-0.000140133 -1.09683e-05 -8.70257e-05
-0.000140133 -1.09683e-05 -8.70257e-05
-0.000140133 -1.09682e-05 -8.70257e-05
-0.000140133 -1.09682e-05 -8.70257e-05
-0.000140133 -1.09682e-05 -8.70257e-05
-0.000140133 -1.09682e-05 -8.70257e-05
-0.000140133 -1.09681e-05 -8.70258e-05
-0.000140133 -1.09681e-05 -8.70258e-05
-0.000140133 -1.09681e-05 -8.70258e-05
-0.000140133 -1.09681e-05 -8.70258e-05
-0.000140133 -1.09681e-05 -8.70258e-05
-0.000140133 -1.09681e-05 -8.70258e-05
-0.000140133  -1.0968e-05 -8.70259e-05
-0.000140133  -1.0968e-05 -8.70259e-05
-0.000140133  -1.0968e-05 -8.70259e-05
-0.000140133  -1.0968e-05 -8.70259e-05
-0.000140133  -1.0968e-05 -8.70259e-05
-0.000140133  -1.0968e-05 -8.70259e-05
-0.000140133  -1.0968e-05  -8.7026e-05
-0.000140133 -1.09679e-05  -8.7026e-05
-0.000140133 -1.09679e-05  -8.7026e-05
-0.000140133 -1.09679e-05  -8.7026e-05
-0.000140133 -1.09679e-05  -8.7026e-05
-0.000140133 -1.09679e-05  -8.7026e-05
-0.000140133 -1.09679e-05  -8.7026e-05
-0.000140133 -1.09678e-05 -8.70261e-05
-0.000140133 -1.09678e-05 -8.70261e-05
-0.000140133 -1.09678e-05 -8.70261e-05
-0.000140133 -1.09678e-05 -8.70262e-05
-0.000140133 -1.09678e-05 -8.70262e-05
-0.000140133 -1.09678e-05 -8.70262e-05
-0.000140133 -1.09678e-05 -8.70262e-05
-0.000140133 -1.09678e-05 -8.70262e-05
-0.000140133 -1.09678e-05 -8.70262e-05
-0.000140133 -1.09678e-05 -8.70263e-05
-0.000140133 -1.09678e-05 -8.70263e-05
-0.000140133 -1.09678e-05 -8.70263e-05
-0.000140133 -1.09678e-05 -8.70263e-05
-0.000140133 -1.09678e-05 -8.70263e-05
-0.000140133 -1.09678e-05 -8.70263e-05
-0.000140133 -1.09678e-05 -8.70264e-05
-0.000140133 -1.09678e-05 -8.70264e-05
-0.000140133 -1.09678e-05 -8.70264e-05
-0.000140133 -1.09678e-05 -8.70264e-05
-0.000140132 -1.09677e-05 -8.70264e-05
-0.000140132 -1.09677e-05 -8.70265e-05
-0.000140133 -1.09677e-05 -8.70265e-05
-0.000140132 -1.09677e-05 -8.70265e-05
-0.000140132 -1.09677e-05 -8.70265e-05
-0.000140132 -1.09677e-05 -8.70265e-05
-0.000140132 -1.09677e-05 -8.70266e-05
-0.000140132 -1.09677e-05 -8.70266e-05
-0.000140132 -1.09677e-05 -8.70266e-05
-0.000140132 -1.09677e-05 -8.70266e-05
-0.000140132 -1.09677e-05 -8.70267e-05
-0.000140132 -1.09677e-05 -8.70267e-05
-0.000140132 -1.09677e-05 -8.70267e-05
-0.000140132 -1.09677e-05 -8.70267e-05
-0.000140132 -1.09677e-05 -8.70267e-05
-0.000140132 -1.09677e-05 -8.70268e-05
-0.000140132 -1.09677e-05 -8.70268e-05
-0.000140132 -1.09677e-05 -8.70268e-05
-0.000140132 -1.09677e-05 -8.70268e-05
-0.000140132 -1.09677e-05 -8.70268e-05
-0.000140132 -1.09677e-05 -8.70268e-05
-0.000140132 -1.09677e-05 -8.70269e-05
-0.000140132 -1.09677e-05 -8.70269e-05
-0.000140132 -1.09678e-05 -8.70269e-05
-0.000140132 -1.09678e-05  -8.7027e-05
-0.000140132 -1.09678e-05  -8.7027e-05
-0.000140132 -1.09678e-05  -8.7027e-05
-0.000140132 -1.09678e-05  -8.7027e-05
-0.000140132 -1.09678e-05 -8.70271e-05
-0.000140132 -1.09678e-05 -8.70271e-05
-0.000140132 -1.09678e-05 -8.70271e-05
-0.000140132 -1.09679e-05 -8.70271e-05
-0.000140132 -1.09679e-05 -8.70271e-05
-0.000140132 -1.09679e-05 -8.70271e-05
-0.000140132 -1.09679e-05 -8.70272e-05
-0.000140132 -1.09679e-05 -8.70272e-05
-0.000140132 -1.09679e-05 -8.70272e-05
-0.000140132 -1.09679e-05 -8.70273e-05
-0.000140132 -1.09679e-05 -8.70273e-05
-0.000140132 -1.09679e-05 -8.70273e-05
-0.000140132 -1.09679e-05 -8.70273e-05
-0.000140132  -1.0968e-05 -8.70273e-05
-0.000140132  -1.0968e-05 -8.70274e-05
-0.000140132  -1.0968e-05 -8.70274e-05
-0.000140132  -1.0968e-05 -8.70274e-05
-0.000140132  -1.0968e-05 -8.70274e-05
-0.000140132  -1.0968e-05 -8.70275e-05
-0.000140132  -1.0968e-05 -8.70275e-05
-0.000140132 -1.09681e-05 -8.70275e-05
-0.000140132 -1.09681e-05 -8.70275e-05
-0.000140132 -1.09681e-05 -8.70276e-05
-0.000140132 -1.09681e-05 -8.70276e-05
-0.000140132 -1.09681e-05 -8.70276e-05
-0.000140132 -1.09682e-05 -8.70276e-05
-0.000140132 -1.09682e-05 -8.70276e-05
-0.000140132 -1.09682e-05 -8.70277e-05
-0.000140132 -1.09682e-05 -8.70277e-05
-0.000140132 -1.09683e-05 -8.70277e-05
-0.000140132 -1.09683e-05 -8.70277e-05
-0.000140132 -1.09683e-05 -8.70278e-05
-0.000140132 -1.09683e-05 -8.70278e-05
-0.000140132 -1.09684e-05 -8.70278e-05
-0.000140132 -1.09684e-05 -8.70278e-05
-0.000140132 -1.09684e-05 -8.70278e-05
-0.000140132 -1.09684e-05 -8.70279e-05
-0.000140132 -1.09685e-05 -8.70279e-05
-0.000140132 -1.09685e-05 -8.70279e-05
-0.000140132 -1.09685e-05 -8.70279e-05
-0.000140132 -1.09686e-05  -8.7028e-05
-0.000140132 -1.09686e-05  -8.7028e-05
-0.000140132 -1.09686e-05  -8.7028e-05
-0.000140132 -1.09687e-05  -8.7028e-05
-0.000140132 -1.09687e-05 -8.70281e-05
-0.000140132 -1.09687e-05 -8.70281e-05
-0.000140132 -1.09687e-05 -8.70281e-05
-0.000140132 -1.09688e-05 -8.70281e-05
-0.000140132 -1.09688e-05 -8.70282e-05
-0.000140132 -1.09688e-05 -8.70282e-05
-0.000140132 -1.09689e-05 -8.70282e-05
-0.000140132 -1.09689e-05 -8.70283e-05
-0.000140132 -1.09689e-05 -8.70283e-05
-0.000140132  -1.0969e-05 -8.70283e-05
-0.000140132  -1.0969e-05 -8.70283e-05
-0.000140132  -1.0969e-05 -8.70284e-05
-0.000140132 -1.09691e-05 -8.70284e-05
-0.000140132 -1.09691e-05 -8.70284e-05
-0.000140132 -1.09692e-05 -8.70285e-05
-0.000140132 -1.09692e-05 -8.70285e-05
-0.000140132 -1.09692e-05 -8.70285e-05
-0.000140132 -1.09693e-05 -8.70285e-05
-0.000140132 -1.09693e-05 -8.70286e-05
-0.000140132 -1.09693e-05 -8.70286e-05
-0.000140132 -1.09694e-05 -8.70286e-05
-0.000140132 -1.09694e-05 -8.70286e-05
-0.000140132 -1.09695e-05 -8.70286e-05
-0.000140132 -1.09695e-05 -8.70287e-05
-0.000140132 -1.09695e-05 -8.70287e-05
-0.000140132 -1.09696e-05 -8.70287e-05
-0.000140132 -1.09696e-05 -8.70288e-05
-0.000140132 -1.09697e-05 -8.70288e-05
-0.000140132 -1.09697e-05 -8.70288e-05
-0.000140132 -1.09697e-05 -8.70289e-05
-0.000140132 -1.09698e-05 -8.70289e-05
-0.000140132 -1.09698e-05 -8.70289e-05
-0.000140132 -1.09699e-05 -8.70289e-05
-0.000140132 -1.09699e-05  -8.7029e-05
-0.000140132   -1.097e-05  -8.7029e-05
-0.000140132   -1.097e-05  -8.7029e-05
-0.000140132 -1.09701e-05  -8.7029e-05
-0.000140132 -1.09701e-05 -8.70291e-05
-0.000140132 -1.09702e-05 -8.70291e-05
-0.000140132 -1.09702e-05 -8.70291e-05
-0.000140132 -1.09703e-05 -8.70291e-05
-0.000140132 -1.09703e-05 -8.70292e-05
-0.000140132 -1.09704e-05 -8.70292e-05
-0.000140132 -1.09704e-05 -8.70292e-05
-0.000140132 -1.09705e-05 -8.70292e-05
-0.000140132 -1.09705e-05 -8.70293e-05
-0.000140131 -1.09706e-05 -8.70293e-05
-0.000140132 -1.09706e-05 -8.70293e-05
-0.000140131 -1.09707e-05 -8.70293e-05
-0.000140131 -1.09708e-05 -8.70294e-05
-0.000140131 -1.09708e-05 -8.70294e-05
-0.000140131 -1.09709e-05 -8.70294e-05
-0.000140132 -1.09709e-05 -8.70294e-05
-0.000140131  -1.0971e-05 -8.70295e-05
-0.000140131  -1.0971e-05 -8.70295e-05
-0.000140131 -1.09711e-05 -8.70295e-05
-0.000140131 -1.09711e-05 -8.70296e-05
-0.000140131 -1.09712e-05 -8.70296e-05
-0.000140131 -1.09712e-05 -8.70296e-05
-0.000140131 -1.09713e-05 -8.70296e-05
-0.000140131 -1.09714e-05 -8.70297e-05
-0.000140131 -1.09714e-05 -8.70297e-05
-0.000140131 -1.09715e-05 -8.70297e-05
-0.000140131 -1.09715e-05 -8.70298e-05
-0.000140131 -1.09716e-05 -8.70298e-05
-0.000140131 -1.09716e-05 -8.70298e-05
-0.000140131 -1.09717e-05 -8.70298e-05
-0.000140131 -1.09717e-05 -8.70299e-05
-0.000140131 -1.09718e-05 -8.70299e-05
-0.000140131 -1.09719e-05 -8.70299e-05
-0.000140131 -1.09719e-05   -8.703e-05
-0.000140131  -1.0972e-05   -8.703e-05
-0.000140131 -1.09721e-05   -8.703e-05
-0.000140131 -1.09721e-05   -8.703e-05
-0.000140131 -1.09722e-05 -8.70301e-05
-0.000140131 -1.09723e-05 -8.70301e-05
-0.000140131 -1.09723e-05 -8.70301e-05
-0.000140131 -1.09724e-05 -8.70301e-05
-0.000140131 -1.09724e-05 -8.70302e-05
-0.000140131 -1.09725e-05 -8.70302e-05
-0.000140131 -1.09726e-05 -8.70302e-05
-0.000140131 -1.09726e-05 -8.70303e-05
-0.000140131 -1.09727e-05 -8.70303e-05
-0.000140131 -1.09727e-05 -8.70303e-05
-0.000140131 -1.09728e-05 -8.70304e-05
-0.000140131 -1.09729e-05 -8.70304e-05
-0.000140131 -1.09729e-05 -8.70304e-05
-0.000140131  -1.0973e-05 -8.70304e-05
-0.000140131  -1.0973e-05 -8.70305e-05
-0.000140131 -1.09731e-05 -8.70305e-05
-0.000140131 -1.09732e-05 -8.70305e-05
-0.000140131 -1.09733e-05 -8.70306e-05
-0.000140131 -1.09733e-05 -8.70306e-05
-0.000140131 -1.09734e-05 -8.70306e-05
-0.000140131 -1.09735e-05 -8.70306e-05
-0.000140131 -1.09736e-05 -8.70307e-05
-0.000140131 -1.09736e-05 -8.70307e-05
-0.000140131 -1.09737e-05 -8.70307e-05
-0.000140131 -1.09738e-05 -8.70308e-05
-0.000140131 -1.09738e-05 -8.70308e-05
-0.000140131 -1.09739e-05 -8.70308e-05
-0.000140131  -1.0974e-05 -8.70308e-05
-0.000140131 -1.09741e-05 -8.70309e-05
-0.000140131 -1.09742e-05 -8.70309e-05
-0.000140131 -1.09742e-05 -8.70309e-05
-0.000140131 -1.09743e-05  -8.7031e-05
-0.000140131 -1.09744e-05  -8.7031e-05
-0.000140131 -1.09744e-05  -8.7031e-05
-0.000140131 -1.09745e-05  -8.7031e-05
-0.000140131 -1.09746e-05 -8.70311e-05
-0.000140131 -1.09747e-05 -8.70311e-05
-0.000140131 -1.09748e-05 -8.70311e-05
-0.000140131 -1.09748e-05 -8.70312e-05
-0.000140131 -1.09749e-05 -8.70312e-05
-0.000140131  -1.0975e-05 -8.70312e-05
-0.000140131  -1.0975e-05 -8.70312e-05
-0.000140131 -1.09751e-05 -8.70313e-05
-0.000140131 -1.09752e-05 -8.70313e-05
-0.000140131 -1.09753e-05 -8.70313e-05
-0.000140131 -1.09753e-05 -8.70314e-05
-0.000140131 -1.09754e-05 -8.70314e-05
-0.000140131 -1.09755e-05 -8.70315e-05
-0.000140131 -1.09756e-05 -8.70315e-05
-0.000140131 -1.09757e-05 -8.70315e-05
-0.000140131 -1.09757e-05 -8.70315e-05
-0.000140131 -1.09758e-05 -8.70316e-05
-0.000140131 -1.09759e-05 -8.70316e-05
-0.000140131  -1.0976e-05 -8.70316e-05
-0.000140131 -1.09761e-05 -8.70317e-05
-0.000140131 -1.09761e-05 -8.70317e-05
-0.000140131 -1.09762e-05 -8.70317e-05
-0.000140131 -1.09763e-05 -8.70317e-05
-0.000140131 -1.09764e-05 -8.70318e-05
-0.000140131 -1.09764e-05 -8.70318e-05
-0.000140131 -1.09765e-05 -8.70318e-05
-0.000140131 -1.09766e-05 -8.70319e-05
-0.000140131 -1.09767e-05 -8.70319e-05
-0.000140131 -1.09768e-05 -8.70319e-05
-0.000140131 -1.09769e-05  -8.7032e-05
-0.000140131 -1.09769e-05  -8.7032e-05
-0.000140131  -1.0977e-05  -8.7032e-05
-0.000140131 -1.09771e-05 -8.70321e-05
-0.000140131 -1.09772e-05 -8.70321e-05
-0.000140131 -1.09773e-05 -8.70321e-05
-0.000140131 -1.09774e-05 -8.70322e-05
-0.000140131 -1.09775e-05 -8.70322e-05
-0.000140131 -1.09775e-05 -8.70322e-05
-0.000140131 -1.09776e-05 -8.70323e-05
-0.000140131 -1.09777e-05 -8.70323e-05
-0.000140131 -1.09778e-05 -8.70323e-05
-0.000140131 -1.09779e-05 -8.70324e-05
-0.000140131 -1.09779e-05 -8.70324e-05
-0.000140131  -1.0978e-05 -8.70324e-05
-0.000140131 -1.09781e-05 -8.70324e-05
-0.000140131 -1.09782e-05 -8.70324e-05
-0.000140131 -1.09783e-05 -8.70325e-05
-0.000140131 -1.09784e-05 -8.70325e-05
-0.000140131 -1.09785e-05 -8.70325e-05
-0.000140131 -1.09785e-05 -8.70326e-05
-0.000140131 -1.09786e-05 -8.70326e-05
-0.000140131 -1.09787e-05 -8.70327e-05
-0.000140131 -1.09788e-05 -8.70327e-05
-0.000140131 -1.09789e-05 -8.70327e-05
-0.000140131  -1.0979e-05 -8.70328e-05
-0.000140131 -1.09791e-05 -8.70328e-05
-0.000140131 -1.09792e-05 -8.70328e-05
-0.000140131 -1.09792e-05 -8.70328e-05
-0.000140131 -1.09793e-05 -8.70329e-05
-0.000140131 -1.09794e-05 -8.70329e-05
-0.000140131 -1.09795e-05 -8.70329e-05
-0.000140131 -1.09796e-05  -8.7033e-05
-0.000140131 -1.09796e-05  -8.7033e-05
-0.000140131 -1.09797e-05  -8.7033e-05
-0.000140131 -1.09798e-05 -8.70331e-05
-0.000140131 -1.09799e-05 -8.70331e-05
-0.000140131   -1.098e-05 -8.70331e-05
-0.000140131 -1.09801e-05 -8.70332e-05
-0.000140131 -1.09801e-05 -8.70332e-05
-0.000140131 -1.09802e-05 -8.70332e-05
-0.000140131 -1.09803e-05 -8.70333e-05
-0.000140131 -1.09804e-05 -8.70333e-05
-0.000140131 -1.09805e-05 -8.70333e-05
-0.000140131 -1.09806e-05 -8.70333e-05
-0.000140131 -1.09807e-05 -8.70334e-05
-0.000140131 -1.09808e-05 -8.70334e-05
-0.000140131 -1.09809e-05 -8.70335e-05
-0.000140131 -1.09809e-05 -8.70335e-05
-0.000140131  -1.0981e-05 -8.70335e-05
 -0.00014013 -1.09811e-05 -8.70335e-05
 -0.00014013 -1.09812e-05 -8.70336e-05
 -0.00014013 -1.09813e-05 -8.70336e-05
 -0.00014013 -1.09814e-05 -8.70336e-05
 -0.00014013 -1.09815e-05 -8.70337e-05
 -0.00014013 -1.09815e-05 -8.70337e-05
 -0.00014013 -1.09816e-05 -8.70337e-05
 -0.00014013 -1.09817e-05 -8.70338e-05
 -0.00014013 -1.09818e-05 -8.70338e-05
 -0.00014013 -1.09819e-05 -8.70338e-05
 -0.00014013  -1.0982e-05 -8.70339e-05
 -0.00014013 -1.09821e-05 -8.70339e-05
 -0.00014013 -1.09822e-05 -8.70339e-05
 -0.00014013 -1.09823e-05  -8.7034e-05
 -0.00014013 -1.09823e-05  -8.7034e-05
 -0.00014013 -1.09824e-05  -8.7034e-05
 -0.00014013 -1.09825e-05 -8.70341e-05
 -0.00014013 -1.09826e-05 -8.70341e-05
 -0.00014013 -1.09827e-05 -8.70341e-05
 -0.00014013 -1.09828e-05 -8.70342e-05
 -0.00014013 -1.09829e-05 -8.70342e-05
 -0.00014013 -1.09829e-05 -8.70342e-05
 -0.00014013  -1.0983e-05 -8.70343e-05
 -0.00014013 -1.09831e-05 -8.70343e-05
 -0.00014013 -1.09832e-05 -8.70343e-05
 -0.00014013 -1.09833e-05 -8.70344e-05
 -0.00014013 -1.09834e-05 -8.70344e-05
 -0.00014013 -1.09835e-05 -8.70345e-05
 -0.00014013 -1.09836e-05 -8.70345e-05
 -0.00014013 -1.09837e-05 -8.70345e-05
 -0.00014013 -1.09838e-05 -8.70346e-05
 -0.00014013 -1.09838e-05 -8.70346e-05
 -0.00014013 -1.09839e-05 -8.70346e-05
 -0.00014013  -1.0984e-05 -8.70346e-05
 -0.00014013 -1.09841e-05 -8.70347e-05
 -0.00014013 -1.09842e-05 -8.70347e-05
 -0.00014013 -1.09843e-05 -8.70347e-05
 -0.00014013 -1.09844e-05 -8.70348e-05
 -0.00014013 -1.09844e-05 -8.70348e-05
 -0.00014013 -1.09845e-05 -8.70348e-05
 -0.00014013 -1.09846e-05 -8.70349e-05
 -0.00014013 -1.09847e-05 -8.70349e-05
 -0.00014013 -1.09848e-05 -8.70349e-05
 -0.00014013 -1.09848e-05  -8.7035e-05
 -0.00014013 -1.09849e-05  -8.7035e-05
-0.00014013 -1.0985e-05 -8.7035e-05
 -0.00014013 -1.09851e-05 -8.70351e-05
 -0.00014013 -1.09852e-05 -8.70351e-05
 -0.00014013 -1.09853e-05 -8.70351e-05
 -0.00014013 -1.09854e-05 -8.70352e-05
 -0.00014013 -1.09855e-05 -8.70352e-05
 -0.00014013 -1.09855e-05 -8.70352e-05
 -0.00014013 -1.09856e-05 -8.70353e-05
 -0.00014013 -1.09857e-05 -8.70353e-05
 -0.00014013 -1.09858e-05 -8.70353e-05
 -0.00014013 -1.09859e-05 -8.70354e-05
 -0.00014013  -1.0986e-05 -8.70354e-05
 -0.00014013  -1.0986e-05 -8.70354e-05
 -0.00014013 -1.09861e-05 -8.70354e-05
 -0.00014013 -1.09862e-05 -8.70355e-05
 -0.00014013 -1.09863e-05 -8.70355e-05
 -0.00014013 -1.09864e-05 -8.70355e-05
 -0.00014013 -1.09865e-05 -8.70356e-05
 -0.00014013 -1.09865e-05 -8.70356e-05
 -0.00014013 -1.09866e-05 -8.70356e-05
 -0.00014013 -1.09867e-05 -8.70356e-05
 -0.00014013 -1.09868e-05 -8.70357e-05
 -0.00014013 -1.09869e-05 -8.70357e-05
 -0.00014013 -1.09869e-05 -8.70358e-05
 -0.00014013  -1.0987e-05 -8.70358e-05
 -0.00014013 -1.09871e-05 -8.70358e-05
 -0.00014013 -1.09872e-05 -8.70358e-05
 -0.00014013 -1.09873e-05 -8.70359e-05
 -0.00014013 -1.09874e-05 -8.70359e-05
 -0.00014013 -1.09874e-05  -8.7036e-05
 -0.00014013 -1.09875e-05  -8.7036e-05
 -0.00014013 -1.09876e-05  -8.7036e-05
-0.000140129 -1.09877e-05  -8.7036e-05
-0.000140129 -1.09878e-05 -8.70361e-05
-0.000140129 -1.09878e-05 -8.70361e-05
-0.000140129 -1.09879e-05 -8.70361e-05
-0.000140129  -1.0988e-05 -8.70362e-05
-0.000140129 -1.09881e-05 -8.70362e-05
-0.000140129 -1.09882e-05 -8.70362e-05
-0.000140129 -1.09882e-05 -8.70363e-05
-0.000140129 -1.09883e-05 -8.70363e-05
-0.000140129 -1.09884e-05 -8.70364e-05
-0.000140129 -1.09885e-05 -8.70364e-05
-0.000140129 -1.09885e-05 -8.70364e-05
-0.000140129 -1.09886e-05 -8.70365e-05
-0.000140129 -1.09887e-05 -8.70365e-05
-0.000140129 -1.09888e-05 -8.70365e-05
-0.000140129 -1.09889e-05 -8.70365e-05
-0.000140129 -1.09889e-05 -8.70366e-05
-0.000140129  -1.0989e-05 -8.70366e-05
-0.000140129 -1.09891e-05 -8.70367e-05
-0.000140129 -1.09892e-05 -8.70367e-05
-0.000140129 -1.09892e-05 -8.70367e-05
-0.000140129 -1.09893e-05 -8.70367e-05
-0.000140129 -1.09894e-05 -8.70368e-05
-0.000140129 -1.09895e-05 -8.70368e-05
-0.000140129 -1.09896e-05 -8.70369e-05
-0.000140129 -1.09897e-05 -8.70369e-05
-0.000140129 -1.09897e-05 -8.70369e-05
-0.000140129 -1.09898e-05  -8.7037e-05
-0.000140129 -1.09899e-05  -8.7037e-05
-0.000140129   -1.099e-05  -8.7037e-05
-0.000140129   -1.099e-05  -8.7037e-05
-0.000140129 -1.09901e-05 -8.70371e-05
-0.000140129 -1.09902e-05 -8.70371e-05
-0.000140129 -1.09903e-05 -8.70372e-05
-0.000140129 -1.09904e-05 -8.70372e-05
-0.000140129 -1.09904e-05 -8.70372e-05
-0.000140129 -1.09905e-05 -8.70372e-05
-0.000140129 -1.09906e-05 -8.70372e-05
-0.000140129 -1.09907e-05 -8.70373e-05
-0.000140129 -1.09908e-05 -8.70373e-05
-0.000140129 -1.09908e-05 -8.70373e-05
-0.000140129 -1.09909e-05 -8.70374e-05
-0.000140129  -1.0991e-05 -8.70374e-05
-0.000140129 -1.09911e-05 -8.70374e-05
-0.000140129 -1.09912e-05 -8.70375e-05
-0.000140129 -1.09912e-05 -8.70375e-05
-0.000140129 -1.09913e-05 -8.70375e-05
-0.000140129 -1.09914e-05 -8.70376e-05
-0.000140129 -1.09915e-05 -8.70376e-05
-0.000140129 -1.09915e-05 -8.70376e-05
-0.000140129 -1.09916e-05 -8.70377e-05
-0.000140129 -1.09917e-05 -8.70377e-05
-0.000140129 -1.09917e-05 -8.70377e-05
-0.000140129 -1.09918e-05 -8.70378e-05
-0.000140129 -1.09919e-05 -8.70378e-05
-0.000140129  -1.0992e-05 -8.70378e-05
-0.000140129  -1.0992e-05 -8.70378e-05
-0.000140129 -1.09921e-05 -8.70379e-05
-0.000140129 -1.09922e-05 -8.70379e-05
-0.000140129 -1.09923e-05  -8.7038e-05
-0.000140129 -1.09924e-05  -8.7038e-05
-0.000140129 -1.09924e-05  -8.7038e-05
-0.000140128 -1.09925e-05 -8.70381e-05
-0.000140129 -1.09926e-05 -8.70381e-05
-0.000140129 -1.09927e-05 -8.70381e-05
-0.000140128 -1.09928e-05 -8.70382e-05
-0.000140128 -1.09928e-05 -8.70382e-05
-0.000140128 -1.09929e-05 -8.70382e-05
-0.000140128  -1.0993e-05 -8.70383e-05
-0.000140128  -1.0993e-05 -8.70383e-05
-0.000140128 -1.09931e-05 -8.70383e-05
-0.000140128 -1.09932e-05 -8.70383e-05
-0.000140128 -1.09932e-05 -8.70384e-05
-0.000140128 -1.09933e-05 -8.70384e-05
-0.000140128 -1.09934e-05 -8.70384e-05
-0.000140128 -1.09934e-05 -8.70385e-05
-0.000140128 -1.09935e-05 -8.70385e-05
-0.000140128 -1.09936e-05 -8.70385e-05
-0.000140128 -1.09937e-05 -8.70386e-05
-0.000140128 -1.09937e-05 -8.70386e-05
-0.000140128 -1.09938e-05 -8.70386e-05
-0.000140128 -1.09939e-05 -8.70387e-05
-0.000140128 -1.09939e-05 -8.70387e-05
-0.000140128  -1.0994e-05 -8.70387e-05
-0.000140128 -1.09941e-05 -8.70388e-05
-0.000140128 -1.09941e-05 -8.70388e-05
-0.000140128 -1.09942e-05 -8.70388e-05
-0.000140128 -1.09943e-05 -8.70389e-05
-0.000140128 -1.09943e-05 -8.70389e-05
-0.000140128 -1.09944e-05 -8.70389e-05
-0.000140128 -1.09945e-05  -8.7039e-05
-0.000140128 -1.09945e-05  -8.7039e-05
-0.000140128 -1.09946e-05  -8.7039e-05
-0.000140128 -1.09947e-05  -8.7039e-05
-0.000140128 -1.09947e-05 -8.70391e-05
-0.000140128 -1.09948e-05 -8.70391e-05
-0.000140128 -1.09948e-05 -8.70391e-05
-0.000140128 -1.09949e-05 -8.70391e-05
-0.000140128  -1.0995e-05 -8.70392e-05
-0.000140128  -1.0995e-05 -8.70392e-05
-0.000140128 -1.09951e-05 -8.70392e-05
-0.000140128 -1.09952e-05 -8.70393e-05
-0.000140128 -1.09952e-05 -8.70393e-05
-0.000140128 -1.09953e-05 -8.70393e-05
-0.000140128 -1.09953e-05 -8.70394e-05
-0.000140128 -1.09954e-05 -8.70394e-05
-0.000140128 -1.09955e-05 -8.70394e-05
-0.000140128 -1.09955e-05 -8.70395e-05
-0.000140128 -1.09956e-05 -8.70395e-05
-0.000140128 -1.09956e-05 -8.70395e-05
-0.000140128 -1.09957e-05 -8.70396e-05
-0.000140127 -1.09957e-05 -8.70396e-05
-0.000140128 -1.09958e-05 -8.70396e-05
-0.000140127 -1.09958e-05 -8.70397e-05
-0.000140127 -1.09959e-05 -8.70397e-05
-0.000140127  -1.0996e-05 -8.70397e-05
-0.000140127  -1.0996e-05 -8.70398e-05
-0.000140127 -1.09961e-05 -8.70398e-05
-0.000140127 -1.09962e-05 -8.70398e-05
-0.000140127 -1.09962e-05 -8.70399e-05
-0.000140127 -1.09963e-05 -8.70399e-05
-0.000140127 -1.09963e-05 -8.70399e-05
-0.000140127 -1.09964e-05   -8.704e-05
-0.000140127 -1.09965e-05   -8.704e-05
-0.000140127 -1.09965e-05   -8.704e-05
-0.000140127 -1.09966e-05 -8.70401e-05
-0.000140127 -1.09966e-05 -8.70401e-05
-0.000140127 -1.09967e-05 -8.70401e-05
-0.000140127 -1.09967e-05 -8.70402e-05
-0.000140127 -1.09968e-05 -8.70402e-05
-0.000140127 -1.09968e-05 -8.70402e-05
-0.000140127 -1.09969e-05 -8.70403e-05
-0.000140127  -1.0997e-05 -8.70403e-05
-0.000140127  -1.0997e-05 -8.70403e-05
-0.000140127 -1.09971e-05 -8.70404e-05
-0.000140127 -1.09971e-05 -8.70404e-05
-0.000140127 -1.09972e-05 -8.70404e-05
-0.000140127 -1.09972e-05 -8.70405e-05
-0.000140127 -1.09973e-05 -8.70405e-05
-0.000140127 -1.09973e-05 -8.70406e-05
-0.000140127 -1.09974e-05 -8.70406e-05
-0.000140127 -1.09974e-05 -8.70406e-05
-0.000140127 -1.09975e-05 -8.70407e-05
-0.000140127 -1.09975e-05 -8.70407e-05
-0.000140127 -1.09976e-05 -8.70407e-05
-0.000140127 -1.09976e-05 -8.70408e-05
-0.000140127 -1.09977e-05 -8.70408e-05
-0.000140127 -1.09977e-05 -8.70408e-05
-0.000140127 -1.09978e-05 -8.70408e-05
-0.000140127 -1.09978e-05 -8.70408e-05
-0.000140127 -1.09979e-05 -8.70409e-05
-0.000140126 -1.09979e-05 -8.70409e-05
-0.000140127  -1.0998e-05  -8.7041e-05
-0.000140126  -1.0998e-05  -8.7041e-05
-0.000140126 -1.09981e-05  -8.7041e-05
-0.000140126 -1.09981e-05 -8.70411e-05
-0.000140126 -1.09982e-05 -8.70411e-05
-0.000140126 -1.09982e-05 -8.70411e-05
-0.000140126 -1.09983e-05 -8.70412e-05
-0.000140126 -1.09983e-05 -8.70412e-05
-0.000140126 -1.09984e-05 -8.70412e-05
-0.000140126 -1.09984e-05 -8.70413e-05
-0.000140126 -1.09985e-05 -8.70413e-05
-0.000140126 -1.09985e-05 -8.70413e-05
-0.000140126 -1.09986e-05 -8.70413e-05
-0.000140126 -1.09986e-05 -8.70414e-05
-0.000140126 -1.09987e-05 -8.70414e-05
-0.000140126 -1.09987e-05 -8.70414e-05
-0.000140126 -1.09987e-05 -8.70415e-05
-0.000140126 -1.09988e-05 -8.70415e-05
-0.000140126 -1.09988e-05 -8.70415e-05
-0.000140126 -1.09989e-05 -8.70415e-05
-0.000140126 -1.09989e-05 -8.70416e-05
-0.000140126 -1.09989e-05 -8.70416e-05
-0.000140126  -1.0999e-05 -8.70417e-05
-0.000140126  -1.0999e-05 -8.70417e-05
-0.000140126 -1.09991e-05 -8.70417e-05
-0.000140126 -1.09991e-05 -8.70418e-05
-0.000140126 -1.09992e-05 -8.70418e-05
-0.000140126 -1.09992e-05 -8.70418e-05
-0.000140126 -1.09992e-05 -8.70419e-05
-0.000140126 -1.09993e-05 -8.70419e-05
-0.000140126 -1.09993e-05 -8.70419e-05
-0.000140126 -1.09994e-05 -8.70419e-05
-0.000140126 -1.09994e-05  -8.7042e-05
-0.000140126 -1.09995e-05  -8.7042e-05
-0.000140126 -1.09995e-05  -8.7042e-05
-0.000140126 -1.09995e-05 -8.70421e-05
-0.000140126 -1.09996e-05 -8.70421e-05
-0.000140126 -1.09996e-05 -8.70421e-05
-0.000140126 -1.09996e-05 -8.70422e-05
-0.000140126 -1.09997e-05 -8.70422e-05
-0.000140125 -1.09997e-05 -8.70422e-05
-0.000140125 -1.09998e-05 -8.70423e-05
-0.000140125 -1.09998e-05 -8.70423e-05
-0.000140125 -1.09998e-05 -8.70423e-05
-0.000140125 -1.09999e-05 -8.70424e-05
-0.000140125 -1.09999e-05 -8.70424e-05
-0.000140125 -1.09999e-05 -8.70424e-05
-0.000140125     -1.1e-05 -8.70425e-05
-0.000140125     -1.1e-05 -8.70425e-05
-0.000140125     -1.1e-05 -8.70426e-05
-0.000140125 -1.10001e-05 -8.70426e-05
-0.000140125 -1.10001e-05 -8.70426e-05
-0.000140125 -1.10001e-05 -8.70427e-05
-0.000140125 -1.10002e-05 -8.70427e-05
-0.000140125 -1.10002e-05 -8.70427e-05
-0.000140125 -1.10003e-05 -8.70427e-05
-0.000140125 -1.10003e-05 -8.70428e-05
-0.000140125 -1.10003e-05 -8.70428e-05
-0.000140125 -1.10004e-05 -8.70428e-05
-0.000140125 -1.10004e-05 -8.70429e-05
-0.000140125 -1.10005e-05 -8.70429e-05
-0.000140125 -1.10005e-05  -8.7043e-05
-0.000140125 -1.10005e-05  -8.7043e-05
-0.000140125 -1.10006e-05  -8.7043e-05
-0.000140125 -1.10006e-05  -8.7043e-05
-0.000140125 -1.10006e-05 -8.70431e-05
-0.000140125 -1.10007e-05 -8.70431e-05
-0.000140125 -1.10007e-05 -8.70431e-05
-0.000140125 -1.10007e-05 -8.70432e-05
-0.000140125 -1.10007e-05 -8.70432e-05
-0.000140125 -1.10008e-05 -8.70432e-05
-0.000140125 -1.10008e-05 -8.70432e-05
-0.000140125 -1.10008e-05 -8.70432e-05
-0.000140125 -1.10009e-05 -8.70433e-05
-0.000140125 -1.10009e-05 -8.70433e-05
-0.000140125 -1.10009e-05 -8.70433e-05
-0.000140125 -1.10009e-05 -8.70434e-05
-0.000140125 -1.10009e-05 -8.70434e-05
-0.000140124  -1.1001e-05 -8.70434e-05
-0.000140124  -1.1001e-05 -8.70435e-05
-0.000140124  -1.1001e-05 -8.70435e-05
-0.000140124  -1.1001e-05 -8.70435e-05
-0.000140124 -1.10011e-05 -8.70436e-05
-0.000140124 -1.10011e-05 -8.70436e-05
-0.000140124 -1.10011e-05 -8.70436e-05
-0.000140124 -1.10012e-05 -8.70436e-05
-0.000140124 -1.10012e-05 -8.70437e-05
-0.000140124 -1.10012e-05 -8.70437e-05
-0.000140124 -1.10012e-05 -8.70437e-05
-0.000140124 -1.10013e-05 -8.70438e-05
-0.000140124 -1.10013e-05 -8.70438e-05
-0.000140124 -1.10013e-05 -8.70438e-05
-0.000140124 -1.10014e-05 -8.70439e-05
-0.000140124 -1.10014e-05 -8.70439e-05
-0.000140124 -1.10014e-05 -8.70439e-05
-0.000140124 -1.10014e-05  -8.7044e-05
-0.000140124 -1.10015e-05  -8.7044e-05
-0.000140124 -1.10015e-05  -8.7044e-05
-0.000140124 -1.10015e-05 -8.70441e-05
-0.000140124 -1.10016e-05 -8.70441e-05
-0.000140124 -1.10016e-05 -8.70441e-05
-0.000140124 -1.10016e-05 -8.70442e-05
-0.000140124 -1.10016e-05 -8.70442e-05
-0.000140124 -1.10017e-05 -8.70442e-05
-0.000140124 -1.10017e-05 -8.70443e-05
-0.000140124 -1.10017e-05 -8.70443e-05
-0.000140124 -1.10017e-05 -8.70443e-05
-0.000140124 -1.10018e-05 -8.70443e-05
-0.000140124 -1.10018e-05 -8.70443e-05
-0.000140124 -1.10018e-05 -8.70444e-05
-0.000140124 -1.10019e-05 -8.70444e-05
-0.000140124 -1.10019e-05 -8.70444e-05
-0.000140124 -1.10019e-05 -8.70445e-05
-0.000140124 -1.10019e-05 -8.70445e-05
-0.000140124  -1.1002e-05 -8.70446e-05
-0.000140123  -1.1002e-05 -8.70446e-05
-0.000140123  -1.1002e-05 -8.70446e-05
-0.000140123  -1.1002e-05 -8.70447e-05
-0.000140123 -1.10021e-05 -8.70447e-05
-0.000140123 -1.10021e-05 -8.70447e-05
-0.000140123 -1.10021e-05 -8.70447e-05
-0.000140123 -1.10022e-05 -8.70448e-05
-0.000140123 -1.10022e-05 -8.70448e-05
-0.000140123 -1.10022e-05 -8.70448e-05
-0.000140123 -1.10022e-05 -8.70449e-05
-0.000140123 -1.10022e-05 -8.70449e-05
-0.000140123 -1.10023e-05 -8.70449e-05
-0.000140123 -1.10023e-05  -8.7045e-05
-0.000140123 -1.10023e-05  -8.7045e-05
-0.000140123 -1.10023e-05  -8.7045e-05
-0.000140123 -1.10023e-05 -8.70451e-05
-0.000140123 -1.10024e-05 -8.70451e-05
-0.000140123 -1.10024e-05 -8.70451e-05
-0.000140123 -1.10024e-05 -8.70452e-05
-0.000140123 -1.10025e-05 -8.70452e-05
-0.000140123 -1.10025e-05 -8.70452e-05
-0.000140123 -1.10025e-05 -8.70453e-05
-0.000140123 -1.10025e-05 -8.70453e-05
-0.000140123 -1.10025e-05 -8.70453e-05
-0.000140123 -1.10026e-05 -8.70453e-05
-0.000140123 -1.10026e-05 -8.70454e-05
-0.000140123 -1.10026e-05 -8.70454e-05
-0.000140123 -1.10026e-05 -8.70454e-05
-0.000140123 -1.10026e-05 -8.70454e-05
-0.000140123 -1.10027e-05 -8.70455e-05
-0.000140123 -1.10027e-05 -8.70455e-05
-0.000140123 -1.10027e-05 -8.70455e-05
-0.000140123 -1.10028e-05 -8.70456e-05
-0.000140123 -1.10028e-05 -8.70456e-05
-0.000140123 -1.10028e-05 -8.70456e-05
-0.000140123 -1.10028e-05 -8.70457e-05
-0.000140122 -1.10028e-05 -8.70457e-05
-0.000140122 -1.10029e-05 -8.70457e-05
-0.000140122 -1.10029e-05 -8.70458e-05
-0.000140122 -1.10029e-05 -8.70458e-05
-0.000140122 -1.10029e-05 -8.70458e-05
-0.000140122  -1.1003e-05 -8.70459e-05
-0.000140122  -1.1003e-05 -8.70459e-05
-0.000140122  -1.1003e-05 -8.70459e-05
-0.000140122  -1.1003e-05  -8.7046e-05
-0.000140122  -1.1003e-05  -8.7046e-05
-0.000140122 -1.10031e-05  -8.7046e-05
-0.000140122 -1.10031e-05  -8.7046e-05
-0.000140122 -1.10031e-05 -8.70461e-05
-0.000140122 -1.10031e-05 -8.70461e-05
-0.000140122 -1.10031e-05 -8.70461e-05
-0.000140122 -1.10031e-05 -8.70461e-05
-0.000140122 -1.10032e-05 -8.70462e-05
-0.000140122 -1.10032e-05 -8.70462e-05
-0.000140122 -1.10032e-05 -8.70462e-05
-0.000140122 -1.10032e-05 -8.70463e-05
-0.000140122 -1.10033e-05 -8.70463e-05
-0.000140122 -1.10033e-05 -8.70464e-05
-0.000140122 -1.10033e-05 -8.70464e-05
-0.000140122 -1.10033e-05 -8.70464e-05
-0.000140122 -1.10034e-05 -8.70464e-05
-0.000140122 -1.10034e-05 -8.70465e-05
-0.000140122 -1.10034e-05 -8.70465e-05
-0.000140122 -1.10034e-05 -8.70465e-05
-0.000140122 -1.10034e-05 -8.70466e-05
-0.000140122 -1.10035e-05 -8.70466e-05
-0.000140122 -1.10035e-05 -8.70466e-05
-0.000140122 -1.10035e-05 -8.70466e-05
-0.000140122 -1.10035e-05 -8.70467e-05
-0.000140122 -1.10035e-05 -8.70467e-05
-0.000140122 -1.10035e-05 -8.70467e-05
-0.000140122 -1.10035e-05 -8.70468e-05
-0.000140121 -1.10036e-05 -8.70468e-05
-0.000140121 -1.10036e-05 -8.70468e-05
-0.000140121 -1.10036e-05 -8.70469e-05
-0.000140121 -1.10036e-05 -8.70469e-05
-0.000140121 -1.10036e-05 -8.70469e-05
-0.000140121 -1.10037e-05  -8.7047e-05
-0.000140121 -1.10037e-05  -8.7047e-05
-0.000140121 -1.10037e-05  -8.7047e-05
-0.000140121 -1.10037e-05 -8.70471e-05
-0.000140121 -1.10037e-05 -8.70471e-05
-0.000140121 -1.10037e-05 -8.70471e-05
-0.000140121 -1.10038e-05 -8.70472e-05
-0.000140121 -1.10038e-05 -8.70472e-05
-0.000140121 -1.10038e-05 -8.70472e-05
-0.000140121 -1.10038e-05 -8.70473e-05
-0.000140121 -1.10039e-05 -8.70473e-05
-0.000140121 -1.10039e-05 -8.70473e-05
-0.000140121 -1.10039e-05 -8.70473e-05
-0.000140121 -1.10039e-05 -8.70474e-05
-0.000140121 -1.10039e-05 -8.70474e-05
-0.000140121 -1.10039e-05 -8.70474e-05
-0.000140121 -1.10039e-05 -8.70475e-05
-0.000140121  -1.1004e-05 -8.70475e-05
-0.000140121  -1.1004e-05 -8.70475e-05
-0.000140121  -1.1004e-05 -8.70475e-05
-0.000140121  -1.1004e-05 -8.70476e-05
-0.000140121  -1.1004e-05 -8.70476e-05
-0.000140121  -1.1004e-05 -8.70477e-05
-0.000140121  -1.1004e-05 -8.70477e-05
-0.000140121 -1.10041e-05 -8.70477e-05
-0.000140121 -1.10041e-05 -8.70477e-05
-0.000140121 -1.10041e-05 -8.70477e-05
-0.000140121 -1.10041e-05 -8.70478e-05
 -0.00014012 -1.10041e-05 -8.70478e-05
 -0.00014012 -1.10041e-05 -8.70478e-05
 -0.00014012 -1.10041e-05 -8.70479e-05
 -0.00014012 -1.10042e-05 -8.70479e-05
 -0.00014012 -1.10042e-05 -8.70479e-05
 -0.00014012 -1.10042e-05  -8.7048e-05
 -0.00014012 -1.10042e-05  -8.7048e-05
 -0.00014012 -1.10042e-05 -8.70481e-05
 -0.00014012 -1.10043e-05 -8.70481e-05
 -0.00014012 -1.10043e-05 -8.70481e-05
 -0.00014012 -1.10043e-05 -8.70481e-05
 -0.00014012 -1.10043e-05 -8.70482e-05
 -0.00014012 -1.10043e-05 -8.70482e-05
 -0.00014012 -1.10043e-05 -8.70482e-05
 -0.00014012 -1.10044e-05 -8.70482e-05
 -0.00014012 -1.10044e-05 -8.70483e-05
 -0.00014012 -1.10044e-05 -8.70483e-05
 -0.00014012 -1.10044e-05 -8.70483e-05
 -0.00014012 -1.10044e-05 -8.70483e-05
 -0.00014012 -1.10044e-05 -8.70484e-05
 -0.00014012 -1.10045e-05 -8.70484e-05
 -0.00014012 -1.10045e-05 -8.70484e-05
 -0.00014012 -1.10045e-05 -8.70485e-05
 -0.00014012 -1.10045e-05 -8.70485e-05
 -0.00014012 -1.10045e-05 -8.70485e-05
 -0.00014012 -1.10046e-05 -8.70486e-05
 -0.00014012 -1.10046e-05 -8.70486e-05
 -0.00014012 -1.10046e-05 -8.70486e-05
 -0.00014012 -1.10046e-05 -8.70487e-05
 -0.00014012 -1.10046e-05 -8.70487e-05
-0.000140119 -1.10046e-05 -8.70487e-05
 -0.00014012 -1.10046e-05 -8.70488e-05
-0.000140119 -1.10046e-05 -8.70488e-05
-0.000140119 -1.10047e-05 -8.70488e-05
-0.000140119 -1.10047e-05 -8.70489e-05
-0.000140119 -1.10047e-05 -8.70489e-05
-0.000140119 -1.10047e-05 -8.70489e-05
-0.000140119 -1.10047e-05 -8.70489e-05
-0.000140119 -1.10047e-05  -8.7049e-05
-0.000140119 -1.10048e-05  -8.7049e-05
-0.000140119 -1.10048e-05  -8.7049e-05
-0.000140119 -1.10048e-05 -8.70491e-05
-0.000140119 -1.10048e-05 -8.70491e-05
-0.000140119 -1.10048e-05 -8.70491e-05
-0.000140119 -1.10048e-05 -8.70492e-05
-0.000140119 -1.10049e-05 -8.70492e-05
-0.000140119 -1.10049e-05 -8.70492e-05
-0.000140119 -1.10049e-05 -8.70493e-05
-0.000140119 -1.10049e-05 -8.70493e-05
-0.000140119 -1.10049e-05 -8.70493e-05
-0.000140119 -1.10049e-05 -8.70493e-05
-0.000140119  -1.1005e-05 -8.70494e-05
-0.000140119  -1.1005e-05 -8.70494e-05
-0.000140119  -1.1005e-05 -8.70494e-05
-0.000140119  -1.1005e-05 -8.70494e-05
-0.000140119  -1.1005e-05 -8.70495e-05
-0.000140119  -1.1005e-05 -8.70495e-05
-0.000140119  -1.1005e-05 -8.70495e-05
-0.000140119 -1.10051e-05 -8.70496e-05
-0.000140119 -1.10051e-05 -8.70496e-05
-0.000140119 -1.10051e-05 -8.70496e-05
-0.000140119 -1.10051e-05 -8.70497e-05
-0.000140119 -1.10051e-05 -8.70497e-05
-0.000140119 -1.10052e-05 -8.70497e-05
-0.000140119 -1.10052e-05 -8.70498e-05
-0.000140118 -1.10052e-05 -8.70498e-05
-0.000140118 -1.10052e-05 -8.70498e-05
-0.000140118 -1.10052e-05 -8.70498e-05
-0.000140118 -1.10053e-05 -8.70499e-05
-0.000140118 -1.10053e-05 -8.70499e-05
-0.000140118 -1.10053e-05 -8.70499e-05
-0.000140118 -1.10053e-05   -8.705e-05
-0.000140118 -1.10053e-05   -8.705e-05
-0.000140118 -1.10054e-05   -8.705e-05
-0.000140118 -1.10054e-05   -8.705e-05
-0.000140118 -1.10054e-05 -8.70501e-05
-0.000140118 -1.10054e-05 -8.70501e-05
-0.000140118 -1.10054e-05 -8.70501e-05
-0.000140118 -1.10054e-05 -8.70501e-05
-0.000140118 -1.10055e-05 -8.70502e-05
-0.000140118 -1.10055e-05 -8.70502e-05
-0.000140118 -1.10055e-05 -8.70502e-05
-0.000140118 -1.10055e-05 -8.70503e-05
-0.000140118 -1.10055e-05 -8.70503e-05
-0.000140118 -1.10055e-05 -8.70503e-05
-0.000140118 -1.10056e-05 -8.70504e-05
-0.000140118 -1.10056e-05 -8.70504e-05
-0.000140118 -1.10056e-05 -8.70504e-05
-0.000140118 -1.10057e-05 -8.70505e-05
-0.000140118 -1.10057e-05 -8.70505e-05
-0.000140118 -1.10057e-05 -8.70505e-05
-0.000140118 -1.10057e-05 -8.70506e-05
-0.000140118 -1.10057e-05 -8.70506e-05
-0.000140118 -1.10057e-05 -8.70506e-05
-0.000140118 -1.10058e-05 -8.70506e-05
-0.000140118 -1.10058e-05 -8.70506e-05
-0.000140118 -1.10058e-05 -8.70507e-05
-0.000140118 -1.10058e-05 -8.70507e-05
-0.000140118 -1.10059e-05 -8.70507e-05
-0.000140118 -1.10059e-05 -8.70508e-05
-0.000140118 -1.10059e-05 -8.70508e-05
-0.000140117 -1.10059e-05 -8.70508e-05
-0.000140117  -1.1006e-05 -8.70508e-05
-0.000140117  -1.1006e-05 -8.70508e-05
-0.000140117  -1.1006e-05 -8.70509e-05
-0.000140117  -1.1006e-05 -8.70509e-05
-0.000140117 -1.10061e-05  -8.7051e-05
-0.000140117 -1.10061e-05  -8.7051e-05
-0.000140117 -1.10061e-05  -8.7051e-05
-0.000140117 -1.10061e-05  -8.7051e-05
-0.000140117 -1.10061e-05 -8.70511e-05
-0.000140117 -1.10061e-05 -8.70511e-05
-0.000140117 -1.10062e-05 -8.70511e-05
-0.000140117 -1.10062e-05 -8.70512e-05
-0.000140117 -1.10062e-05 -8.70512e-05
-0.000140117 -1.10062e-05 -8.70512e-05
-0.000140117 -1.10063e-05 -8.70512e-05
-0.000140117 -1.10063e-05 -8.70513e-05
-0.000140117 -1.10063e-05 -8.70513e-05
-0.000140117 -1.10064e-05 -8.70513e-05
-0.000140117 -1.10064e-05 -8.70514e-05
-0.000140117 -1.10064e-05 -8.70514e-05
-0.000140117 -1.10065e-05 -8.70514e-05
-0.000140117 -1.10065e-05 -8.70515e-05
-0.000140117 -1.10065e-05 -8.70515e-05
-0.000140117 -1.10066e-05 -8.70515e-05
-0.000140117 -1.10066e-05 -8.70516e-05
-0.000140117 -1.10066e-05 -8.70516e-05
-0.000140117 -1.10066e-05 -8.70516e-05
-0.000140117 -1.10067e-05 -8.70516e-05
-0.000140117 -1.10067e-05 -8.70517e-05
-0.000140117 -1.10067e-05 -8.70517e-05
-0.000140117 -1.10067e-05 -8.70517e-05
-0.000140116 -1.10068e-05 -8.70517e-05
-0.000140116 -1.10068e-05 -8.70518e-05
-0.000140116 -1.10068e-05 -8.70518e-05
-0.000140116 -1.10068e-05 -8.70518e-05
-0.000140116 -1.10069e-05 -8.70519e-05
-0.000140116 -1.10069e-05 -8.70519e-05
-0.000140116 -1.10069e-05 -8.70519e-05
-0.000140116  -1.1007e-05  -8.7052e-05
-0.000140116  -1.1007e-05  -8.7052e-05
-0.000140116  -1.1007e-05  -8.7052e-05
-0.000140116 -1.10071e-05 -8.70521e-05
-0.000140116 -1.10071e-05 -8.70521e-05
-0.000140116 -1.10071e-05 -8.70521e-05
-0.000140116 -1.10072e-05 -8.70521e-05
-0.000140116 -1.10072e-05 -8.70521e-05
-0.000140116 -1.10072e-05 -8.70522e-05
-0.000140116 -1.10072e-05 -8.70522e-05
-0.000140116 -1.10073e-05 -8.70522e-05
-0.000140116 -1.10073e-05 -8.70523e-05
-0.000140116 -1.10073e-05 -8.70523e-05
-0.000140116 -1.10073e-05 -8.70523e-05
-0.000140116 -1.10073e-05 -8.70524e-05
-0.000140116 -1.10074e-05 -8.70524e-05
-0.000140116 -1.10074e-05 -8.70524e-05
-0.000140116 -1.10075e-05 -8.70525e-05
-0.000140116 -1.10075e-05 -8.70525e-05
-0.000140116 -1.10075e-05 -8.70525e-05
-0.000140116 -1.10076e-05 -8.70526e-05
-0.000140116 -1.10076e-05 -8.70526e-05
-0.000140116 -1.10076e-05 -8.70526e-05
-0.000140116 -1.10077e-05 -8.70526e-05
-0.000140116 -1.10077e-05 -8.70527e-05
-0.000140115 -1.10077e-05 -8.70527e-05
-0.000140115 -1.10077e-05 -8.70527e-05
-0.000140115 -1.10078e-05 -8.70528e-05
-0.000140115 -1.10078e-05 -8.70528e-05
-0.000140115 -1.10078e-05 -8.70528e-05
-0.000140115 -1.10078e-05 -8.70528e-05
-0.000140115 -1.10079e-05 -8.70529e-05
-0.000140115 -1.10079e-05 -8.70529e-05
-0.000140115  -1.1008e-05 -8.70529e-05
-0.000140115  -1.1008e-05  -8.7053e-05
-0.000140115  -1.1008e-05  -8.7053e-05
-0.000140115 -1.10081e-05  -8.7053e-05
-0.000140115 -1.10081e-05  -8.7053e-05
-0.000140115 -1.10081e-05 -8.70531e-05
-0.000140115 -1.10082e-05 -8.70531e-05
-0.000140115 -1.10082e-05 -8.70531e-05
-0.000140115 -1.10082e-05 -8.70532e-05
-0.000140115 -1.10083e-05 -8.70532e-05
-0.000140115 -1.10083e-05 -8.70532e-05
-0.000140115 -1.10083e-05 -8.70532e-05
-0.000140115 -1.10084e-05 -8.70533e-05
-0.000140115 -1.10084e-05 -8.70533e-05
-0.000140115 -1.10084e-05 -8.70533e-05
-0.000140115 -1.10085e-05 -8.70534e-05
-0.000140115 -1.10085e-05 -8.70534e-05
-0.000140115 -1.10085e-05 -8.70534e-05
-0.000140115 -1.10086e-05 -8.70535e-05
-0.000140115 -1.10086e-05 -8.70535e-05
-0.000140115 -1.10086e-05 -8.70535e-05
-0.000140115 -1.10087e-05 -8.70536e-05
-0.000140115 -1.10087e-05 -8.70536e-05
-0.000140115 -1.10087e-05 -8.70536e-05
-0.000140115 -1.10088e-05 -8.70536e-05
-0.000140114 -1.10088e-05 -8.70537e-05
-0.000140114 -1.10088e-05 -8.70537e-05
-0.000140114 -1.10089e-05 -8.70537e-05
-0.000140114 -1.10089e-05 -8.70537e-05
-0.000140114 -1.10089e-05 -8.70538e-05
-0.000140114  -1.1009e-05 -8.70538e-05
-0.000140114  -1.1009e-05 -8.70538e-05
-0.000140114  -1.1009e-05 -8.70538e-05
-0.000140114 -1.10091e-05 -8.70539e-05
-0.000140114 -1.10091e-05 -8.70539e-05
-0.000140114 -1.10091e-05 -8.70539e-05
-0.000140114 -1.10092e-05  -8.7054e-05
-0.000140114 -1.10092e-05  -8.7054e-05
-0.000140114 -1.10093e-05  -8.7054e-05
-0.000140114 -1.10093e-05 -8.70541e-05
-0.000140114 -1.10094e-05 -8.70541e-05
-0.000140114 -1.10094e-05 -8.70541e-05
-0.000140114 -1.10094e-05 -8.70542e-05
-0.000140114 -1.10095e-05 -8.70542e-05
-0.000140114 -1.10095e-05 -8.70542e-05
-0.000140114 -1.10095e-05 -8.70543e-05
-0.000140114 -1.10096e-05 -8.70543e-05
-0.000140114 -1.10096e-05 -8.70543e-05
-0.000140114 -1.10096e-05 -8.70543e-05
-0.000140114 -1.10097e-05 -8.70543e-05
-0.000140114 -1.10097e-05 -8.70544e-05
-0.000140114 -1.10097e-05 -8.70544e-05
-0.000140114 -1.10098e-05 -8.70544e-05
-0.000140114 -1.10098e-05 -8.70545e-05
-0.000140114 -1.10099e-05 -8.70545e-05
-0.000140114 -1.10099e-05 -8.70545e-05
-0.000140114 -1.10099e-05 -8.70546e-05
-0.000140114   -1.101e-05 -8.70546e-05
-0.000140114   -1.101e-05 -8.70546e-05
-0.000140114   -1.101e-05 -8.70547e-05
-0.000140113 -1.10101e-05 -8.70547e-05
-0.000140113 -1.10101e-05 -8.70547e-05
-0.000140113 -1.10102e-05 -8.70547e-05
-0.000140113 -1.10102e-05 -8.70548e-05
-0.000140113 -1.10102e-05 -8.70548e-05
-0.000140113 -1.10103e-05 -8.70548e-05
-0.000140113 -1.10103e-05 -8.70549e-05
-0.000140113 -1.10103e-05 -8.70549e-05
-0.000140113 -1.10104e-05 -8.70549e-05
-0.000140113 -1.10104e-05 -8.70549e-05
-0.000140113 -1.10104e-05  -8.7055e-05
-0.000140113 -1.10105e-05  -8.7055e-05
-0.000140113 -1.10105e-05  -8.7055e-05
-0.000140113 -1.10106e-05  -8.7055e-05
-0.000140113 -1.10106e-05 -8.70551e-05
-0.000140113 -1.10106e-05 -8.70551e-05
-0.000140113 -1.10107e-05 -8.70551e-05
-0.000140113 -1.10107e-05 -8.70552e-05
-0.000140113 -1.10108e-05 -8.70552e-05
-0.000140113 -1.10108e-05 -8.70552e-05
-0.000140113 -1.10108e-05 -8.70553e-05
-0.000140113 -1.10109e-05 -8.70553e-05
-0.000140113 -1.10109e-05 -8.70553e-05
-0.000140113  -1.1011e-05 -8.70553e-05
-0.000140113  -1.1011e-05 -8.70554e-05
-0.000140113  -1.1011e-05 -8.70554e-05
-0.000140113 -1.10111e-05 -8.70554e-05
-0.000140113 -1.10111e-05 -8.70554e-05
-0.000140113 -1.10112e-05 -8.70555e-05
-0.000140113 -1.10112e-05 -8.70555e-05
-0.000140113 -1.10112e-05 -8.70555e-05
-0.000140113 -1.10113e-05 -8.70556e-05
-0.000140113 -1.10113e-05 -8.70556e-05
-0.000140112 -1.10114e-05 -8.70556e-05
-0.000140112 -1.10114e-05 -8.70557e-05
-0.000140112 -1.10115e-05 -8.70557e-05
-0.000140112 -1.10115e-05 -8.70557e-05
-0.000140112 -1.10115e-05 -8.70558e-05
-0.000140112 -1.10116e-05 -8.70558e-05
-0.000140112 -1.10116e-05 -8.70558e-05
-0.000140112 -1.10117e-05 -8.70558e-05
-0.000140112 -1.10117e-05 -8.70559e-05
-0.000140112 -1.10117e-05 -8.70559e-05
-0.000140112 -1.10118e-05 -8.70559e-05
-0.000140112 -1.10118e-05  -8.7056e-05
-0.000140112 -1.10118e-05  -8.7056e-05
-0.000140112 -1.10119e-05  -8.7056e-05
-0.000140112 -1.10119e-05  -8.7056e-05
-0.000140112 -1.10119e-05 -8.70561e-05
-0.000140112  -1.1012e-05 -8.70561e-05
-0.000140112  -1.1012e-05 -8.70561e-05
-0.000140398 -1.10039e-05 -8.68469e-05
-0.000140676 -1.09952e-05 -8.66427e-05
-0.000140944 -1.09865e-05 -8.64432e-05
-0.000141203 -1.09775e-05 -8.62487e-05
-0.000141454 -1.09685e-05 -8.60584e-05
-0.000141696 -1.09593e-05 -8.58723e-05
 -0.00014193   -1.095e-05 -8.56903e-05
-0.000142157 -1.09407e-05  -8.5512e-05
-0.000142377 -1.09312e-05 -8.53367e-05
 -0.00014259 -1.09219e-05 -8.51643e-05
-0.000142798 -1.09126e-05 -8.49947e-05
   -0.000143 -1.09031e-05 -8.48273e-05
-0.000143196 -1.08938e-05 -8.46623e-05
-0.000143387 -1.08845e-05 -8.44993e-05
-0.000143573  -1.0875e-05 -8.43378e-05
-0.000143756  -1.0866e-05 -8.41776e-05
-0.000143933 -1.08571e-05 -8.40188e-05
-0.000144107 -1.08484e-05 -8.38612e-05
-0.000144278 -1.08396e-05 -8.37042e-05
-0.000144445  -1.0831e-05 -8.35481e-05
-0.000144609 -1.08226e-05 -8.33926e-05
 -0.00014477 -1.08145e-05  -8.3237e-05
-0.000144928 -1.08065e-05 -8.30817e-05
-0.000145084 -1.07989e-05 -8.29265e-05
-0.000145237 -1.07916e-05 -8.27714e-05
-0.000145388 -1.07844e-05 -8.26158e-05
-0.000145537 -1.07774e-05 -8.24599e-05
-0.000145684 -1.07707e-05 -8.23037e-05
-0.000145829 -1.07643e-05 -8.21469e-05
-0.000145973 -1.07583e-05 -8.19888e-05
-0.000146116 -1.07525e-05 -8.18301e-05
-0.000146257 -1.07471e-05 -8.16704e-05
-0.000146397 -1.07421e-05 -8.15097e-05
-0.000146537 -1.07371e-05 -8.13477e-05
-0.000146675 -1.07326e-05 -8.11845e-05
-0.000146812 -1.07283e-05 -8.10201e-05
-0.000146949 -1.07245e-05 -8.08545e-05
-0.000147085 -1.07208e-05 -8.06871e-05
 -0.00014722 -1.07175e-05 -8.05182e-05
-0.000147354 -1.07146e-05 -8.03478e-05
-0.000147488 -1.07121e-05 -8.01758e-05
-0.000147623   -1.071e-05 -8.00013e-05
-0.000147756 -1.07083e-05 -7.98252e-05
 -0.00014789 -1.07071e-05 -7.96473e-05
-0.000148023 -1.07063e-05 -7.94675e-05
-0.000148157 -1.07057e-05 -7.92854e-05
 -0.00014829 -1.07055e-05 -7.91014e-05
-0.000148423 -1.07058e-05 -7.89154e-05
-0.000148556 -1.07066e-05 -7.87272e-05
-0.000148689 -1.07078e-05 -7.85369e-05
-0.000148823 -1.07092e-05 -7.83441e-05
-0.000148957 -1.07111e-05  -7.8149e-05
 -0.00014909 -1.07136e-05 -7.79517e-05
-0.000149224 -1.07166e-05 -7.77522e-05
-0.000149357   -1.072e-05 -7.75503e-05
-0.000149492 -1.07237e-05 -7.73457e-05
-0.000149626 -1.07278e-05 -7.71387e-05
-0.000149761 -1.07325e-05 -7.69293e-05
-0.000149895 -1.07378e-05 -7.67175e-05
 -0.00015003 -1.07435e-05 -7.65032e-05
-0.000150166 -1.07495e-05  -7.6286e-05
-0.000150302 -1.07561e-05 -7.60664e-05
-0.000150437 -1.07631e-05 -7.58442e-05
-0.000150574 -1.07708e-05 -7.56194e-05
 -0.00015071 -1.07789e-05  -7.5392e-05
-0.000150847 -1.07876e-05 -7.51619e-05
-0.000150984 -1.07963e-05 -7.49292e-05
-0.000151121 -1.08057e-05 -7.46939e-05
-0.000151258 -1.08156e-05 -7.44557e-05
-0.000151396  -1.0826e-05 -7.42149e-05
-0.000151533 -1.08371e-05 -7.39713e-05
-0.000151671 -1.08486e-05  -7.3725e-05
 -0.00015181 -1.08605e-05 -7.34757e-05
-0.000151949 -1.08731e-05 -7.32235e-05
-0.000152087 -1.08861e-05 -7.29686e-05
-0.000152226 -1.08998e-05 -7.27109e-05
-0.000152365  -1.0914e-05 -7.24505e-05
-0.000152504 -1.09287e-05 -7.21875e-05
-0.000152643  -1.0944e-05 -7.19217e-05
-0.000152782 -1.09599e-05  -7.1653e-05
-0.000152922 -1.09762e-05 -7.13812e-05
-0.000153062  -1.0993e-05 -7.11065e-05
-0.000153201 -1.10105e-05  -7.0829e-05
-0.000153341 -1.10285e-05 -7.05486e-05
 -0.00015348 -1.10471e-05 -7.02656e-05
-0.000153619 -1.10663e-05 -6.99797e-05
-0.000153758 -1.10861e-05 -6.96909e-05
-0.000153897 -1.11066e-05 -6.93992e-05
-0.000154036 -1.11278e-05 -6.91045e-05
-0.000154176 -1.11494e-05 -6.88066e-05
-0.000154315 -1.11713e-05 -6.85061e-05
-0.000154454  -1.1194e-05 -6.82027e-05
-0.000154592 -1.12172e-05 -6.78964e-05
 -0.00015473 -1.12413e-05 -6.75871e-05
-0.000154867 -1.12658e-05 -6.72752e-05
-0.000155005  -1.1291e-05 -6.69603e-05
-0.000155142 -1.13169e-05 -6.66424e-05
-0.000155279 -1.13434e-05 -6.63215e-05
-0.000155415 -1.13706e-05  -6.5998e-05
-0.000155614 -1.12782e-05 -6.54803e-05
-0.000155802 -1.11922e-05 -6.49709e-05
 -0.00015598 -1.11121e-05 -6.44693e-05
-0.000156146 -1.10383e-05 -6.39764e-05
-0.000156301 -1.09707e-05 -6.34913e-05
-0.000156443 -1.09089e-05 -6.30137e-05
-0.000156574 -1.08526e-05 -6.25436e-05
-0.000156694 -1.08015e-05 -6.20803e-05
-0.000156802 -1.07557e-05 -6.16234e-05
-0.000156898 -1.07143e-05 -6.11729e-05
-0.000156983 -1.06779e-05 -6.07284e-05
-0.000157056 -1.06458e-05 -6.02896e-05
-0.000157119 -1.06178e-05 -5.98559e-05
-0.000157171 -1.05938e-05 -5.94272e-05
-0.000157211 -1.05736e-05 -5.90034e-05
-0.000157241  -1.0557e-05 -5.85841e-05
-0.000157261 -1.05436e-05 -5.81691e-05
 -0.00015727 -1.05337e-05 -5.77581e-05
-0.000157268 -1.05267e-05 -5.73509e-05
-0.000157256 -1.05227e-05 -5.69471e-05
-0.000157235 -1.05216e-05 -5.65469e-05
-0.000157203 -1.05233e-05 -5.61496e-05
-0.000157161 -1.05276e-05 -5.57555e-05
 -0.00015711 -1.05342e-05 -5.53641e-05
-0.000157049 -1.05434e-05 -5.49753e-05
-0.000156979 -1.05547e-05 -5.45888e-05
-0.000156899 -1.05683e-05 -5.42046e-05
 -0.00015681 -1.05838e-05 -5.38224e-05
-0.000156712 -1.06014e-05 -5.34422e-05
-0.000156604 -1.06211e-05 -5.30638e-05
-0.000156489 -1.06425e-05 -5.26869e-05
-0.000156364 -1.06656e-05 -5.23116e-05
-0.000156342 -1.05683e-05 -5.19989e-05
-0.000156306 -1.04768e-05 -5.16863e-05
-0.000156257 -1.03906e-05  -5.1374e-05
-0.000156193 -1.03101e-05 -5.10619e-05
-0.000156115 -1.02348e-05 -5.07504e-05
-0.000156023 -1.01646e-05 -5.04397e-05
-0.000155917 -1.00989e-05 -5.01295e-05
-0.000155797  -1.0038e-05   -4.982e-05
-0.000155662 -9.98134e-06 -4.95113e-05
-0.000155514 -9.92865e-06 -4.92035e-05
-0.000155352 -9.87988e-06 -4.88965e-05
-0.000155177 -9.83467e-06 -4.85899e-05
-0.000154989 -9.79287e-06 -4.82843e-05
-0.000154788 -9.75427e-06 -4.79795e-05
-0.000154574 -9.71871e-06 -4.76754e-05
-0.000154348 -9.68622e-06  -4.7372e-05
-0.000154109 -9.65647e-06 -4.70694e-05
-0.000153858 -9.62897e-06 -4.67674e-05
-0.000153596 -9.60396e-06 -4.64662e-05
-0.000153321 -9.58122e-06 -4.61656e-05
-0.000153035 -9.56084e-06 -4.58656e-05
-0.000152737 -9.54244e-06 -4.55662e-05
-0.000152429 -9.52595e-06 -4.52674e-05
-0.000152109 -9.51124e-06 -4.49692e-05
-0.000151778 -9.49826e-06 -4.46715e-05
-0.000151436  -9.4868e-06 -4.43744e-05
-0.000151084 -9.47681e-06 -4.40777e-05
-0.000150721 -9.46844e-06 -4.37812e-05
-0.000150349 -9.46138e-06 -4.34851e-05
-0.000149966 -9.45556e-06 -4.31893e-05
-0.000149574 -9.45089e-06 -4.28938e-05
-0.000149172 -9.44734e-06 -4.25985e-05
 -0.00014876 -9.44478e-06 -4.23035e-05
-0.000148339  -9.4431e-06 -4.20086e-05
-0.000147909 -9.44233e-06 -4.17138e-05
-0.000147469 -9.44242e-06 -4.14191e-05
-0.000147021  -9.4436e-06 -4.11246e-05
-0.000146564 -9.44546e-06   -4.083e-05
-0.000146099 -9.44795e-06 -4.05354e-05
-0.000145741 -9.32634e-06 -4.04128e-05
-0.000145372 -9.21022e-06 -4.02826e-05
-0.000144992 -9.09912e-06 -4.01453e-05
  -0.0001446 -8.99318e-06 -4.00015e-05
-0.000144196 -8.89239e-06 -3.98517e-05
 -0.00014378 -8.79617e-06 -3.96963e-05
-0.000143352 -8.70413e-06 -3.95356e-05
-0.000142913 -8.61608e-06 -3.93698e-05
-0.000142462  -8.5318e-06 -3.91994e-05
   -0.000142 -8.45099e-06 -3.90246e-05
-0.000141526 -8.37375e-06  -3.8846e-05
-0.000141041 -8.29966e-06 -3.86634e-05
-0.000140546 -8.22846e-06 -3.84773e-05
 -0.00014004 -8.16007e-06 -3.82878e-05
-0.000139523 -8.09414e-06 -3.80952e-05
-0.000138996 -8.03086e-06 -3.78997e-05
-0.000138459 -7.96987e-06 -3.77014e-05
-0.000137911 -7.91096e-06 -3.75005e-05
-0.000137354 -7.85395e-06 -3.72971e-05
-0.000136787 -7.79873e-06 -3.70913e-05
-0.000136211 -7.74554e-06 -3.68835e-05
-0.000135625 -7.69399e-06 -3.66736e-05
-0.000135031 -7.64379e-06 -3.64617e-05
-0.000134427 -7.59495e-06  -3.6248e-05
-0.000133814 -7.54737e-06 -3.60324e-05
-0.000133193 -7.50132e-06 -3.58154e-05
-0.000132563 -7.45627e-06 -3.55967e-05
-0.000131925 -7.41194e-06 -3.53767e-05
-0.000131278 -7.36849e-06 -3.51551e-05
-0.000130624  -7.3261e-06 -3.49324e-05
-0.000129961 -7.28449e-06 -3.47082e-05
-0.000129291 -7.24361e-06 -3.44828e-05
-0.000128612  -7.2037e-06 -3.42562e-05
-0.000127927 -7.16429e-06 -3.40285e-05
-0.000127234 -7.12545e-06 -3.37995e-05
-0.000126534 -7.08702e-06 -3.35695e-05
-0.000125827 -7.04921e-06 -3.33385e-05
-0.000125113 -7.01179e-06 -3.31063e-05
-0.000124392 -6.97446e-06 -3.28733e-05
-0.000123664 -6.93755e-06 -3.26395e-05
-0.000122929 -6.90095e-06 -3.24045e-05
-0.000122188  -6.8645e-06 -3.21686e-05
-0.000121441 -6.82854e-06 -3.19319e-05
-0.000120688 -6.79269e-06 -3.16942e-05
-0.000119928 -6.75692e-06 -3.14558e-05
-0.000119162 -6.72118e-06 -3.12165e-05
 -0.00011839 -6.68555e-06 -3.09762e-05
-0.000117613 -6.65022e-06 -3.07352e-05
 -0.00011683 -6.61486e-06 -3.04932e-05
-0.000116041 -6.57949e-06 -3.02506e-05
-0.000115246 -6.54407e-06  -3.0007e-05
-0.000114446 -6.50853e-06 -2.97626e-05
-0.000113739 -6.38358e-06 -2.97634e-05
-0.000113026 -6.26208e-06 -2.97515e-05
-0.000112306 -6.14432e-06 -2.97278e-05
-0.000111578 -6.02991e-06 -2.96929e-05
-0.000110843 -5.91897e-06 -2.96474e-05
  -0.0001101 -5.81071e-06 -2.95921e-05
-0.000109349 -5.70549e-06 -2.95275e-05
 -0.00010859 -5.60277e-06  -2.9454e-05
-0.000107825 -5.50245e-06 -2.93721e-05
-0.000107052  -5.4047e-06 -2.92825e-05
-0.000106271 -5.30865e-06 -2.91857e-05
-0.000105484 -5.21491e-06 -2.90819e-05
-0.000104689   -5.123e-06 -2.89716e-05
-0.000103887 -5.03267e-06  -2.8855e-05
-0.000103079  -4.9442e-06 -2.87326e-05
-0.000102264 -4.85697e-06 -2.86048e-05
-0.000101442 -4.77096e-06 -2.84718e-05
-0.000100614 -4.68649e-06  -2.8334e-05
-9.97796e-05 -4.60324e-06 -2.81915e-05
-9.89392e-05 -4.52134e-06 -2.80447e-05
-9.80927e-05 -4.44044e-06 -2.78938e-05
-9.72399e-05 -4.36015e-06  -2.7739e-05
-9.63814e-05 -4.28091e-06 -2.75807e-05
-9.55171e-05 -4.20244e-06 -2.74189e-05
-9.46469e-05 -4.12465e-06 -2.72536e-05
-9.37715e-05 -4.04769e-06 -2.70854e-05
-9.28905e-05 -3.97102e-06 -2.69143e-05
 -9.2004e-05 -3.89517e-06 -2.67404e-05
-9.11124e-05  -3.8197e-06 -2.65639e-05
-9.02157e-05 -3.74464e-06 -2.63848e-05
-8.93139e-05 -3.67026e-06 -2.62034e-05
-8.84074e-05 -3.59605e-06 -2.60196e-05
-8.74959e-05 -3.52214e-06 -2.58339e-05
-8.65796e-05 -3.44847e-06  -2.5646e-05
 -8.5659e-05 -3.37486e-06 -2.54562e-05
-8.47337e-05 -3.30174e-06 -2.52646e-05
-8.38042e-05 -3.22884e-06 -2.50711e-05
-8.28705e-05   -3.156e-06 -2.48761e-05
-8.19325e-05 -3.08317e-06 -2.46795e-05
-8.09904e-05 -3.01038e-06 -2.44812e-05
-8.00443e-05 -2.93776e-06 -2.42815e-05
-7.90942e-05 -2.86495e-06 -2.40805e-05
-7.81401e-05 -2.79236e-06 -2.38781e-05
-7.71825e-05 -2.71958e-06 -2.36743e-05
-7.62211e-05 -2.64705e-06 -2.34694e-05
-7.52559e-05 -2.57418e-06 -2.32633e-05
-7.42875e-05 -2.50108e-06 -2.30559e-05
-7.33155e-05 -2.42815e-06 -2.28474e-05
-7.23403e-05 -2.35493e-06 -2.26378e-05
 -7.1362e-05 -2.28168e-06 -2.24273e-05
-7.03803e-05 -2.20825e-06 -2.22157e-05
-6.93956e-05 -2.13485e-06 -2.20031e-05
-6.84078e-05 -2.06098e-06 -2.17896e-05
-6.74171e-05 -1.98713e-06 -2.15752e-05
-6.64233e-05 -1.91305e-06 -2.13599e-05
-6.54266e-05 -1.83899e-06 -2.11436e-05
-6.44272e-05 -1.76432e-06 -2.09265e-05
-6.34249e-05 -1.68979e-06 -2.07087e-05
-6.24204e-05 -1.61498e-06 -2.04899e-05
-6.14131e-05 -1.53987e-06 -2.02705e-05
-6.04031e-05 -1.46456e-06 -2.00501e-05
-5.93908e-05 -1.38889e-06 -1.98292e-05
-5.83758e-05 -1.31319e-06 -1.96075e-05
-5.73587e-05 -1.23712e-06 -1.93849e-05
-5.63391e-05  -1.1608e-06 -1.91617e-05
-5.53176e-05  -1.0842e-06 -1.89377e-05
-5.42938e-05 -1.00765e-06  -1.8713e-05
-5.33493e-05  -8.9402e-07 -1.87765e-05
-5.24023e-05 -7.81981e-07 -1.88249e-05
-5.14525e-05 -6.71167e-07  -1.8859e-05
-5.04987e-05 -5.61352e-07 -1.88796e-05
-4.95407e-05 -4.52687e-07 -1.88875e-05
-4.85792e-05 -3.45039e-07 -1.88834e-05
-4.76136e-05 -2.38556e-07 -1.88679e-05
-4.66441e-05 -1.32684e-07 -1.88418e-05
-4.56708e-05 -2.77666e-08 -1.88056e-05
-4.46939e-05  7.64427e-08 -1.87599e-05
-4.37133e-05  1.80025e-07 -1.87054e-05
-4.27291e-05  2.83036e-07 -1.86424e-05
-4.17412e-05  3.85183e-07 -1.85715e-05
-4.07502e-05  4.87063e-07 -1.84931e-05
-3.97558e-05  5.88173e-07 -1.84077e-05
-3.87582e-05  6.88983e-07 -1.83156e-05
-3.77574e-05  7.89069e-07 -1.82172e-05
-3.67533e-05  8.89097e-07  -1.8113e-05
-3.57463e-05  9.88633e-07 -1.80032e-05
-3.47363e-05  1.08784e-06 -1.78881e-05
-3.37233e-05  1.18653e-06 -1.77681e-05
-3.27077e-05  1.28542e-06 -1.76435e-05
-3.16892e-05  1.38376e-06 -1.75145e-05
-3.06681e-05  1.48191e-06 -1.73813e-05
-2.96449e-05  1.57998e-06 -1.72441e-05
-2.86192e-05  1.67795e-06 -1.71033e-05
-2.75911e-05  1.77582e-06  -1.6959e-05
-2.65608e-05  1.87334e-06 -1.68114e-05
-2.55284e-05  1.97108e-06 -1.66608e-05
-2.44939e-05  2.06858e-06 -1.65072e-05
-2.34573e-05  2.16604e-06 -1.63508e-05
-2.24188e-05   2.2635e-06 -1.61918e-05
-2.13786e-05  2.36101e-06 -1.60304e-05
-2.03364e-05  2.45859e-06 -1.58666e-05
-1.92925e-05  2.55587e-06 -1.57007e-05
-1.82472e-05  2.65326e-06 -1.55326e-05
-1.72005e-05  2.75059e-06 -1.53628e-05
-1.61521e-05  2.84797e-06  -1.5191e-05
-1.51026e-05  2.94555e-06 -1.50173e-05
-1.40518e-05  3.04293e-06 -1.48421e-05
-1.29995e-05  3.14061e-06 -1.46653e-05
-1.19463e-05  3.23822e-06  -1.4487e-05
-1.08919e-05  3.33594e-06 -1.43073e-05
-9.83661e-06   3.4338e-06 -1.41263e-05
-8.78026e-06  3.53177e-06 -1.39441e-05
-7.72291e-06  3.62953e-06 -1.37607e-05
-6.66483e-06  3.72743e-06  -1.3576e-05
-5.60628e-06  3.82569e-06 -1.33903e-05
-4.54688e-06  3.92376e-06 -1.32037e-05
-3.48698e-06  4.02207e-06  -1.3016e-05
-2.42632e-06  4.12047e-06 -1.28275e-05
-1.36507e-06  4.21902e-06  -1.2638e-05
-3.03489e-07  4.31749e-06 -1.24478e-05
 7.58619e-07  4.41634e-06 -1.22568e-05
 1.82091e-06  4.51513e-06 -1.20651e-05
 2.88359e-06  4.61404e-06 -1.18725e-05
 3.94639e-06  4.71293e-06 -1.16794e-05
 5.00923e-06  4.81212e-06 -1.14856e-05
 6.07228e-06  4.91111e-06 -1.12911e-05
 7.13527e-06  5.01059e-06 -1.10961e-05
 8.19843e-06  5.10992e-06 -1.09006e-05
 9.26176e-06   5.2097e-06 -1.07045e-05
 1.03249e-05  5.30935e-06 -1.05079e-05
 1.13878e-05   5.4091e-06 -1.03107e-05
 1.24504e-05  5.50901e-06 -1.01132e-05
 1.3513e-05 5.60876e-06 -9.9153e-06
 1.45755e-05  5.70862e-06 -9.71682e-06
 1.56375e-05  5.80872e-06 -9.51802e-06
 1.66994e-05  5.90885e-06 -9.31873e-06
1.77608e-05 6.00922e-06 -9.1192e-06
 1.88217e-05   6.1096e-06 -8.91915e-06
  1.9882e-05  6.21024e-06 -8.71887e-06
 2.09419e-05  6.31098e-06 -8.51813e-06
2.20015e-05 6.41153e-06 -8.3171e-06
 2.30605e-05  6.51221e-06 -8.11585e-06
 2.41189e-05  6.61305e-06 -7.91415e-06
2.51767e-05  6.7141e-06 -7.7123e-06
 2.62337e-05  6.81511e-06 -7.51005e-06
 2.72899e-05  6.91631e-06 -7.30761e-06
2.83455e-05 7.01733e-06 -7.1049e-06
 2.94003e-05  7.11881e-06 -6.90192e-06
3.04545e-05 7.22004e-06 -6.6987e-06
 3.15077e-05  7.32157e-06 -6.49519e-06
 3.25599e-05  7.42298e-06 -6.29145e-06
 3.36115e-05  7.52443e-06 -6.08759e-06
 3.46621e-05  7.62609e-06 -5.88337e-06
 3.57117e-05  7.72779e-06 -5.67899e-06
 3.67604e-05  7.82939e-06 -5.47441e-06
 3.78079e-05  7.93127e-06 -5.26959e-06
 3.88544e-05  8.03296e-06 -5.06457e-06
    3.99e-05  8.13465e-06 -4.85944e-06
 4.09444e-05  8.23658e-06 -4.65398e-06
  4.1926e-05  8.31509e-06 -4.77529e-06
  4.2906e-05  8.39442e-06 -4.87967e-06
 4.38849e-05  8.47515e-06 -4.96806e-06
  4.4864e-05  8.55679e-06 -5.04137e-06
 4.58433e-05  8.63943e-06 -5.10051e-06
 4.68225e-05  8.72337e-06 -5.14622e-06
  4.7802e-05  8.80796e-06 -5.17931e-06
 4.87814e-05  8.89318e-06 -5.20048e-06
  4.9761e-05  8.97953e-06 -5.21041e-06
 5.07405e-05  9.06644e-06 -5.20976e-06
 5.17201e-05  9.15445e-06 -5.19916e-06
 5.26995e-05  9.24275e-06 -5.17919e-06
 5.36787e-05  9.33206e-06 -5.15037e-06
 5.46578e-05  9.42168e-06 -5.11324e-06
5.56366e-05 9.51233e-06 -5.0683e-06
 5.66152e-05  9.60324e-06 -5.01599e-06
 5.75937e-05  9.69434e-06 -4.95677e-06
 5.85716e-05  9.78631e-06 -4.89104e-06
 5.95489e-05  9.87833e-06 -4.81917e-06
 6.05256e-05  9.97088e-06 -4.74144e-06
 6.15018e-05  1.00642e-05 -4.65829e-06
 6.24775e-05  1.01575e-05 -4.57004e-06
 6.34525e-05  1.02513e-05 -4.47693e-06
 6.44267e-05  1.03454e-05 -4.37941e-06
 6.54002e-05  1.04399e-05 -4.27753e-06
 6.63727e-05  1.05347e-05 -4.17179e-06
6.73443e-05 1.06297e-05 -4.0622e-06
 6.83145e-05  1.07248e-05 -3.94914e-06
 6.92838e-05  1.08203e-05 -3.83279e-06
 7.02522e-05  1.09157e-05 -3.71339e-06
7.12192e-05 1.10114e-05  -3.591e-06
  7.2185e-05  1.11073e-05 -3.46601e-06
 7.31497e-05  1.12033e-05 -3.33838e-06
 7.41128e-05  1.12996e-05 -3.20828e-06
 7.50746e-05  1.13959e-05 -3.07606e-06
 7.60349e-05  1.14923e-05 -2.94167e-06
 7.69934e-05  1.15886e-05 -2.80534e-06
 7.79505e-05  1.16853e-05 -2.66719e-06
 7.89061e-05  1.17817e-05 -2.52735e-06
 7.98598e-05  1.18783e-05 -2.38584e-06
 8.08118e-05  1.19749e-05 -2.24292e-06
  8.1762e-05  1.20717e-05 -2.09854e-06
 8.27104e-05  1.21682e-05 -1.95289e-06
 8.36567e-05  1.22648e-05 -1.80605e-06
  8.4601e-05  1.23616e-05 -1.65802e-06
 8.55434e-05  1.24581e-05 -1.50896e-06
 8.64839e-05  1.25549e-05 -1.35894e-06
 8.74204e-05   1.2651e-05 -1.20788e-06
 8.83533e-05  1.27466e-05 -1.05573e-06
 8.92825e-05  1.28418e-05 -9.02793e-07
 9.02077e-05  1.29366e-05 -7.48937e-07
 9.11291e-05  1.30304e-05 -5.94333e-07
 9.20466e-05  1.31242e-05 -4.39043e-07
 9.29606e-05  1.32171e-05 -2.83162e-07
9.38711e-05 1.33099e-05 -1.2672e-07
9.47779e-05 1.34019e-05  3.0215e-08
9.56813e-05 1.34934e-05 1.87714e-07
9.65812e-05 1.35844e-05 3.45525e-07
9.74775e-05 1.36749e-05 5.03752e-07
9.83702e-05 1.37651e-05 6.62282e-07
9.92595e-05 1.38545e-05 8.21058e-07
0.000100145 1.39433e-05 9.80156e-07
0.000101028 1.40316e-05 1.13934e-06
0.000101907 1.41195e-05 1.29875e-06
0.000102784 1.42067e-05 1.45817e-06
0.000103657 1.42934e-05 1.61779e-06
0.000104526 1.43792e-05 1.77745e-06
0.000105392 1.44644e-05 1.93704e-06
0.000106256 1.45491e-05 2.09673e-06
0.000107116 1.46332e-05 2.25629e-06
0.000107973 1.47167e-05  2.4159e-06
0.000108827 1.47997e-05 2.57536e-06
0.000109678  1.4882e-05 2.73487e-06
0.000110525 1.49636e-05 2.89427e-06
 0.00011137 1.50447e-05 3.05354e-06
0.000112212  1.5125e-05 3.21268e-06
0.000113051  1.5205e-05 3.37167e-06
0.000113887 1.52841e-05 3.53051e-06
 0.00011472 1.53628e-05 3.68915e-06
0.000115551 1.54407e-05 3.84759e-06
0.000116378 1.55183e-05 4.00582e-06
0.000117203  1.5595e-05 4.16383e-06
0.000118025 1.56709e-05 4.32153e-06
0.000118844 1.57464e-05 4.47913e-06
 0.00011966 1.58211e-05 4.63636e-06
0.000120474 1.58953e-05 4.79344e-06
0.000121285 1.59688e-05 4.95018e-06
0.000122094 1.60414e-05 5.10667e-06
  0.0001229 1.61137e-05 5.26291e-06
0.000123703 1.61849e-05 5.41887e-06
0.000124504 1.62558e-05 5.57453e-06
0.000125302 1.63258e-05 5.72994e-06
0.000126098 1.63952e-05 5.88496e-06
0.000126891 1.64639e-05  6.0398e-06
0.000127682  1.6532e-05 6.19424e-06
 0.00012847 1.65993e-05 6.34848e-06
0.000129256 1.66661e-05 6.50232e-06
 0.00013004 1.67321e-05 6.65576e-06
0.000130822 1.67975e-05 6.80902e-06
  0.0001316 1.68622e-05 6.96188e-06
0.000132377 1.69262e-05 7.11454e-06
0.000133151 1.69896e-05  7.2668e-06
0.000133924  1.7052e-05 7.41876e-06
0.000134693  1.7114e-05 7.57041e-06
0.000135461 1.71753e-05 7.72167e-06
0.000136226 1.72356e-05 7.87262e-06
 0.00013699 1.72956e-05 8.02328e-06
0.000137751 1.73547e-05 8.17361e-06
 0.00013851 1.74128e-05 8.32356e-06
0.000139267 1.74707e-05 8.47321e-06
0.000140022 1.75276e-05 8.62258e-06
0.000140775 1.75838e-05 8.77154e-06
0.000141526 1.76395e-05 8.92019e-06
0.000142275 1.76942e-05 9.06854e-06
0.000143022 1.77483e-05  9.2165e-06
0.000143765 1.78019e-05 9.36435e-06
0.000144504 1.78556e-05  9.5121e-06
 0.00014524 1.79092e-05 9.65962e-06
0.000145972 1.79623e-05 9.80701e-06
  0.0001467 1.80157e-05 9.95425e-06
0.000147425 1.80688e-05 1.01012e-05
0.000148145 1.81216e-05 1.02481e-05
0.000148862 1.81741e-05 1.03946e-05
0.000149576 1.82269e-05  1.0541e-05
0.000150285 1.82795e-05 1.06872e-05
0.000150982 1.83121e-05 1.08317e-05
0.000151639 1.82585e-05 1.09717e-05
 0.00015222 1.81418e-05  1.1081e-05
0.000152826 1.79745e-05  1.1102e-05
0.000153641 1.78041e-05  1.1102e-05
0.000154657 1.76329e-05 1.10846e-05
0.000155871 1.74493e-05 1.10526e-05
0.000157279 1.72535e-05 1.10062e-05
0.000158881 1.70446e-05 1.09457e-05
0.000160667 1.68346e-05  1.0873e-05
0.000162633 1.66354e-05 1.07904e-05
0.000164776 1.64463e-05  1.0698e-05
0.000167094 1.62669e-05 1.05961e-05
0.000169584 1.60964e-05 1.04852e-05
0.000172244 1.59348e-05 1.03655e-05
0.000175072 1.57811e-05 1.02373e-05
0.000177823 1.55793e-05 9.87203e-06
0.000180732 1.53743e-05 9.52196e-06
0.000183795 1.51663e-05 9.18651e-06
0.000187011 1.49586e-05 8.86561e-06
0.000190372 1.47611e-05 8.56083e-06
0.000193876 1.45736e-05 8.27139e-06
0.000197522 1.43951e-05 7.99661e-06
0.000201307 1.42254e-05 7.73577e-06
0.000205232 1.40639e-05 7.48844e-06
0.000209292 1.39103e-05 7.25385e-06
0.000213487 1.37639e-05 7.03161e-06
0.000217816  1.3624e-05 6.82113e-06
0.000222276  1.3491e-05  6.6219e-06
0.000226865 1.33639e-05  6.4335e-06
0.000231583 1.32424e-05 6.25558e-06
0.000236427 1.31265e-05 6.08769e-06
0.000241396 1.30153e-05 5.92938e-06
0.000246487 1.29089e-05 5.78033e-06
  0.0002517 1.28069e-05  5.6401e-06
0.000257033 1.27093e-05 5.50847e-06
0.000262483 1.26156e-05 5.38516e-06
 0.00026805 1.25249e-05 5.26978e-06
0.000273732 1.24382e-05 5.16216e-06
0.000279526 1.23548e-05   5.062e-06
0.000285432 1.22743e-05 4.96898e-06
0.000291447 1.21962e-05 4.88293e-06
0.000297435 1.21245e-05 4.84492e-06
0.000303635 1.20574e-05  4.7831e-06
0.000309867 1.19946e-05 4.75682e-06
 0.00031613 1.19359e-05 4.76453e-06
0.000322426 1.18814e-05 4.80511e-06
0.000328753 1.18311e-05 4.87729e-06
0.000335114 1.17841e-05 4.97989e-06
0.000341506 1.17404e-05 5.11183e-06
0.000347931 1.17001e-05 5.27196e-06
0.000354389 1.16627e-05 5.45915e-06
0.000360878 1.16288e-05 5.67247e-06
  0.0003674 1.15971e-05 5.91103e-06
0.000373953 1.15682e-05 6.17384e-06
0.000380537  1.1542e-05    6.46e-06
0.000387153 1.15183e-05 6.76878e-06
0.000393799  1.1497e-05 7.09924e-06
0.000400475 1.14776e-05 7.45063e-06
0.000407181 1.14601e-05 7.82229e-06
0.000413916 1.14447e-05  8.2134e-06
0.000420679 1.14317e-05 8.62324e-06
0.000427471 1.14203e-05 9.05128e-06
0.000434289 1.14106e-05 9.49673e-06
0.000441134 1.14024e-05  9.9591e-06
0.000448005 1.13954e-05 1.04377e-05
  0.0004549 1.13902e-05  1.0932e-05
 0.00046182 1.13861e-05 1.14413e-05
0.000468763 1.13835e-05 1.19652e-05
0.000475729  1.1382e-05 1.25032e-05
0.000482717 1.13819e-05 1.30548e-05
0.000489725 1.13826e-05 1.36195e-05
0.000496753 1.13845e-05 1.41969e-05
  0.0005038 1.13872e-05 1.47864e-05
0.000510865 1.13911e-05 1.53877e-05
0.000517947 1.13958e-05 1.60004e-05
0.000525045 1.14015e-05 1.66239e-05
0.000532158 1.14078e-05 1.72581e-05
0.000539285  1.1415e-05 1.79023e-05
0.000546424 1.14229e-05 1.85563e-05
0.000553576 1.14316e-05 1.92197e-05
0.000560739 1.14409e-05 1.98922e-05
0.000567911 1.14513e-05 2.05734e-05
0.000575091 1.14623e-05  2.1263e-05
0.000582279  1.1474e-05 2.19607e-05
0.000589474  1.1486e-05 2.26661e-05
0.000596674 1.14992e-05 2.33789e-05
0.000603878 1.15127e-05 2.40988e-05
0.000611086 1.15268e-05 2.48255e-05
0.000618295 1.15412e-05 2.55588e-05
0.000625505 1.15558e-05 2.62984e-05
0.000632715 1.15707e-05 2.70439e-05
0.000639924 1.15861e-05 2.77951e-05
 0.00064713 1.16018e-05 2.85519e-05
0.000654204 1.16195e-05 2.93851e-05
0.000661125 1.16391e-05 3.03058e-05
  0.0006679 1.16609e-05 3.13104e-05
0.000674533 1.16843e-05 3.23955e-05
0.000681029 1.17098e-05 3.35576e-05
0.000687394 1.17372e-05 3.47936e-05
0.000693632 1.17658e-05 3.61004e-05
0.000699746 1.17966e-05 3.74751e-05
0.000705741 1.18287e-05 3.89148e-05
0.000711542 1.18633e-05 4.04602e-05
0.000717151    1.19e-05  4.2109e-05
0.000722576 1.19383e-05 4.38575e-05
0.000727822 1.19788e-05 4.57017e-05
0.000732896 1.20212e-05 4.76379e-05
0.000737804  1.2066e-05 4.96625e-05
0.000742551 1.21123e-05  5.1772e-05
0.000747142 1.21605e-05 5.39633e-05
0.000751583 1.22102e-05  5.6233e-05
0.000755878 1.22616e-05 5.85783e-05
0.000759782 1.23336e-05 6.15775e-05
0.000763522 1.24062e-05 6.46377e-05
0.000766856 1.24233e-05 6.75966e-05
0.000769248 1.22683e-05 7.04635e-05
0.000770569 1.21133e-05 7.35123e-05
0.000770943 1.19753e-05 7.68121e-05
0.000770512 1.18675e-05  8.0359e-05
0.000769276   1.178e-05 8.41732e-05
0.000768431 1.17223e-05 8.76228e-05
0.000767009 1.16895e-05 9.12466e-05
0.000765835 1.16912e-05 9.32319e-05
0.000762054 1.16907e-05 9.51113e-05
0.000755468 1.16651e-05 9.73436e-05
 0.00074661 1.16529e-05 9.88319e-05
0.000735456 1.16606e-05 9.97546e-05
0.000722039 1.16699e-05 0.000100203
0.000706447 1.16681e-05  0.00010021
0.000688768 1.16556e-05 9.97948e-05
0.000669088 1.16331e-05 9.89774e-05
0.000647487 1.16007e-05 9.77753e-05
0.000624049 1.15589e-05  9.6206e-05
0.000598847 1.15197e-05 9.42935e-05
0.000571477 1.14652e-05 9.31466e-05
0.000542545 1.14362e-05 9.15989e-05
0.000512116 1.14155e-05 8.96848e-05
0.000480217 1.13858e-05  8.7433e-05
0.000446922 1.13475e-05 8.48611e-05
0.000412299 1.13012e-05 8.19852e-05
0.000376419  1.1247e-05 7.88216e-05
0.000339346 1.11851e-05 7.53851e-05
0.000301146 1.11162e-05 7.16907e-05
0.000261884 1.10401e-05 6.77527e-05
0.000221622 1.09575e-05 6.35847e-05
0.000180421 1.08686e-05    5.92e-05
 0.00013834 1.07735e-05  5.4611e-05
9.54358e-05 1.06727e-05 4.98301e-05
5.17651e-05 1.05661e-05  4.4869e-05
7.38344e-06 1.04545e-05 3.97392e-05
-3.76568e-05  1.03377e-05  3.44513e-05
-8.33025e-05  1.02194e-05  2.90186e-05
-0.000129903  1.00141e-05  2.41758e-05
-0.000176974  9.84007e-06  1.91447e-05
-0.000224467  9.69624e-06  1.39381e-05
-0.000272366  9.58233e-06  8.56356e-06
-0.000320624  9.49612e-06  3.03341e-06
-0.000369206  9.41058e-06 -2.61647e-06
-0.000418071  9.32068e-06 -8.37147e-06
-0.000467175  9.22658e-06 -1.42223e-05
-0.000516476  9.12896e-06 -2.01602e-05
-0.000565935  9.02717e-06 -2.61767e-05
-0.000615514  8.92194e-06  -3.2264e-05
-0.000665174  8.81277e-06 -3.84142e-05
 -0.00071488  8.70038e-06 -4.46199e-05
-0.000764596  8.58486e-06  -5.0874e-05
-0.000814289  8.46559e-06 -5.71696e-05
-0.000863926  8.34403e-06 -6.35005e-05
-0.000913475  8.21979e-06   -6.986e-05
-0.000962904  8.09307e-06 -7.62421e-05
 -0.00101218  7.96416e-06 -8.26414e-05
 -0.00106129  7.83283e-06 -8.90521e-05
 -0.00111019  7.69879e-06 -9.54689e-05
 -0.00115885  7.56323e-06 -0.000101887
 -0.00120726  7.42542e-06 -0.000108301
 -0.00125538  7.28617e-06 -0.000114707
 -0.0013032 7.14511e-06  -0.0001211
 -0.00135069   7.0027e-06 -0.000127475
-0.00139783 6.85874e-06 -0.00013383
 -0.00144459  6.71301e-06 -0.000140159
-0.00149096  6.5665e-06 -0.00014646
 -0.00153692  6.41904e-06 -0.000152728
-0.00158244 6.27008e-06 -0.00015896
 -0.00162752  6.12042e-06 -0.000165154
 -0.00167212  5.96955e-06 -0.000171305
 -0.00171625   5.8182e-06 -0.000177411
 -0.00175987  5.66635e-06 -0.000183469
 -0.00180298  5.51384e-06 -0.000189477
 -0.00184556  5.36098e-06 -0.000195432
  -0.0018876  5.20802e-06 -0.000201331
 -0.00192909  5.05427e-06 -0.000207173
    -0.00197  4.90056e-06 -0.000212954
 -0.00201034  4.74685e-06 -0.000218674
-0.00205009 4.59307e-06 -0.00022433
-0.00208924 4.43963e-06 -0.00022992
 -0.00212778   4.2862e-06 -0.000235443
 -0.00216571  4.13301e-06 -0.000240897
  -0.002203 3.97997e-06 -0.00024628
 -0.00223967  3.82729e-06 -0.000251592
-0.00227569 3.67476e-06 -0.00025683
 -0.00231106  3.52263e-06 -0.000261993
 -0.00234577  3.37143e-06 -0.000267081
 -0.00237983  3.22041e-06 -0.000272092
 -0.00241322  3.07046e-06 -0.000277025
 -0.00244595  2.92092e-06 -0.000281879
 -0.00247799  2.77214e-06 -0.000286654
 -0.00250936  2.62449e-06 -0.000291349
 -0.00254005   2.4778e-06 -0.000295962
 -0.00257006   2.3317e-06 -0.000300494
 -0.00259937  2.18703e-06 -0.000304944
   -0.002628  2.04306e-06 -0.000309311
 -0.00265594  1.90041e-06 -0.000313594
 -0.00268319  1.75851e-06 -0.000317795
 -0.00270975  1.61785e-06 -0.000321911
 -0.00273507  1.42061e-06 -0.000326065
 -0.00276025  1.28524e-06 -0.000330004
 -0.00278412  1.14421e-06 -0.000333991
  -0.0028073  1.03089e-06 -0.000337873
 -0.00283022  9.61922e-07 -0.000341557
 -0.00285262  9.08367e-07 -0.000345092
 -0.00287432  8.55283e-07 -0.000348517
 -0.00289533   8.0196e-07 -0.000351833
 -0.00291564  7.48464e-07 -0.000355041
 -0.00293525  6.95516e-07 -0.000358144
 -0.00295418  6.42389e-07 -0.000361144
 -0.00297242   5.8934e-07 -0.000364043
 -0.00298998  5.36479e-07 -0.000366841
 -0.00300687  4.84015e-07 -0.000369542
 -0.00302308  4.31724e-07 -0.000372146
 -0.00303862  3.79999e-07 -0.000374655
  -0.0030535   3.2836e-07 -0.000377071
 -0.00306773  2.76841e-07 -0.000379395
  -0.0030813  2.26082e-07 -0.000381629
 -0.00309422  1.76157e-07 -0.000383775
  -0.0031065  1.26643e-07 -0.000385833
 -0.00311815  7.74768e-08 -0.000387805
 -0.00312916  2.90831e-08 -0.000389693
 -0.00313955 -1.91541e-08 -0.000391498
 -0.00314933 -6.69384e-08 -0.000393221
 -0.00315849 -1.14247e-07 -0.000394864
 -0.00316704 -1.59983e-07 -0.000396427
 -0.00317499 -2.05748e-07 -0.000397913
 -0.00318236 -2.50897e-07 -0.000399322
 -0.00318913 -2.95225e-07 -0.000400656
 -0.00319533 -3.38956e-07 -0.000401916
 -0.00320095 -3.82076e-07 -0.000403103
 -0.00320601 -4.24775e-07 -0.000404218
 -0.00321051 -4.66171e-07 -0.000405264
 -0.00321446 -5.07084e-07 -0.000406239
 -0.00321786 -5.46963e-07 -0.000407147
 -0.00322072 -5.86102e-07 -0.000407988
 -0.00322306 -6.24219e-07 -0.000408762
 -0.00322487 -6.61782e-07 -0.000409473
 -0.00322617 -6.98904e-07 -0.000410119
 -0.00322696 -7.34572e-07 -0.000410703
 -0.00322724 -7.69768e-07 -0.000411226
 -0.00322704 -8.04146e-07 -0.000411688
 -0.00322635 -8.37578e-07 -0.000412091
 -0.00322518 -8.70365e-07 -0.000412436
 -0.00322354 -9.01981e-07 -0.000412723
-0.00322178 -7.7914e-07 -0.00041177
 -0.00321954  -6.6321e-07 -0.000410816
 -0.00321682 -5.53273e-07 -0.000409859
 -0.00321368  -4.4938e-07 -0.000408903
 -0.00321012 -3.51436e-07 -0.000407946
 -0.00320615 -2.58386e-07 -0.000406986
 -0.00320176 -1.70461e-07 -0.000406022
 -0.00319698 -8.68029e-08 -0.000405052
  -0.0031918 -7.27125e-09 -0.000404075
 -0.00318623  6.81394e-08 -0.000403089
 -0.00318028   1.3995e-07 -0.000402093
 -0.00317395  2.07969e-07 -0.000401087
 -0.00316726  2.72666e-07 -0.000400069
  -0.0031602  3.34241e-07 -0.000399039
 -0.00315279   3.9292e-07 -0.000397996
 -0.00314503  4.48781e-07 -0.000396939
 -0.00313693  5.01885e-07 -0.000395867
-0.00312849 5.52462e-07 -0.00039478
 -0.00311973  6.00938e-07 -0.000393678
-0.00311064 6.47142e-07 -0.00039256
 -0.00310124  6.91166e-07 -0.000391426
 -0.00309154  7.33526e-07 -0.000390275
 -0.00308153  7.73953e-07 -0.000389108
 -0.00307123  8.13006e-07 -0.000387924
 -0.00306064  8.50357e-07 -0.000386722
 -0.00304977  8.86358e-07 -0.000385504
 -0.00303862  9.21333e-07 -0.000384268
 -0.00302721  9.55413e-07 -0.000383015
 -0.00301554  9.87753e-07 -0.000381745
 -0.00300361  1.01891e-06 -0.000380458
 -0.00299144  1.04912e-06 -0.000379154
 -0.00297902  1.07844e-06 -0.000377832
 -0.00296638  1.10707e-06 -0.000376495
 -0.0029535 1.13478e-06 -0.00037514
  -0.0029404  1.16194e-06 -0.000373769
 -0.00292709  1.18832e-06 -0.000372382
 -0.00291356  1.21401e-06 -0.000370978
 -0.00289984  1.23923e-06 -0.000369559
 -0.00288592  1.26382e-06 -0.000368125
 -0.00287181   1.2885e-06 -0.000366675
 -0.00285751   1.3122e-06 -0.000365211
 -0.00284304   1.3358e-06 -0.000363732
  -0.0028284  1.35891e-06 -0.000362239
 -0.00281358  1.38188e-06 -0.000360731
-0.00279861 1.40415e-06 -0.00035921
 -0.00278349  1.42682e-06 -0.000357676
 -0.00276821  1.44856e-06 -0.000356129
 -0.00275279  1.47075e-06 -0.000354569
 -0.00273724  1.49217e-06 -0.000352998
 -0.00272155  1.51423e-06 -0.000351414
 -0.00270574  1.53548e-06 -0.000349819
  -0.0026898  1.55684e-06 -0.000348213
 -0.00267375  1.57812e-06 -0.000346596
 -0.00265759  1.59903e-06 -0.000344969
 -0.00264132  1.61974e-06 -0.000343332
 -0.00262496  1.64119e-06 -0.000341686
 -0.00260846  1.67142e-06 -0.000340026
-0.00259181 1.70755e-06 -0.00033835
   -0.002575  1.74277e-06 -0.000336659
 -0.00255806  1.77685e-06 -0.000334954
 -0.00254099  1.80964e-06 -0.000333236
  -0.0025238  1.84144e-06 -0.000331506
 -0.00250652  1.87718e-06 -0.000329767
 -0.00248915  1.91226e-06 -0.000328019
  -0.0024717  1.94597e-06 -0.000326264
  -0.0024542  1.97838e-06 -0.000324504
 -0.00243664  2.00913e-06 -0.000322739
 -0.00241906  2.03928e-06 -0.000320971
 -0.00240145  2.06755e-06 -0.000319202
 -0.00238383   2.0945e-06 -0.000317433
 -0.00236621   2.1207e-06 -0.000315665
 -0.00234861  2.14522e-06 -0.000313899
 -0.00233103  2.16901e-06 -0.000312136
 -0.00231349  2.19143e-06 -0.000310379
   -0.002296  2.21276e-06 -0.000308627
 -0.00227856  2.23323e-06 -0.000306883
 -0.00226119  2.25226e-06 -0.000305147
  -0.0022439   2.2706e-06 -0.000303419
  -0.0022267  2.28733e-06 -0.000301702
 -0.00220959  2.30354e-06 -0.000299996
 -0.00219258  2.31838e-06 -0.000298302
 -0.00217569  2.33254e-06 -0.000296622
 -0.00215892  2.34535e-06 -0.000294955
 -0.00214227   2.3576e-06 -0.000293302
 -0.00212576  2.36852e-06 -0.000291666
  -0.0021094  2.37862e-06 -0.000290045
 -0.00209318  2.38809e-06 -0.000288441
 -0.00207712  2.39612e-06 -0.000286855
 -0.00206122  2.40343e-06 -0.000285286
 -0.00204549  2.41008e-06 -0.000283737
 -0.00202993  2.41601e-06 -0.000282207
 -0.00201454  2.42129e-06 -0.000280696
 -0.00199933  2.42523e-06 -0.000279205
 -0.00198431  2.42862e-06 -0.000277735
 -0.00196948  2.43149e-06 -0.000276286
 -0.00195484  2.43383e-06 -0.000274858
 -0.00194039  2.43502e-06 -0.000273451
 -0.00192614  2.43614e-06 -0.000272067
 -0.00191209  2.43678e-06 -0.000270704
 -0.00189824  2.43681e-06 -0.000269363
 -0.00188459  2.43603e-06 -0.000268045
 -0.00187115   2.4353e-06 -0.000266748
 -0.00185791  2.43379e-06 -0.000265474
 -0.00184488  2.43162e-06 -0.000264223
 -0.00183205  2.42919e-06 -0.000262994
 -0.00181943  2.42627e-06 -0.000261787
 -0.00180702  2.42302e-06 -0.000260603
-0.00179481 2.41935e-06 -0.00025944
 -0.0017828 2.41518e-06  -0.0002583
 -0.00177099   2.4108e-06 -0.000257181
 -0.00175939  2.40649e-06 -0.000256084
 -0.00174765  2.37705e-06 -0.000255021
  -0.0017361  2.34941e-06 -0.000253979
 -0.00172502  2.34492e-06 -0.000252945
 -0.00171421   2.3473e-06 -0.000251927
 -0.0017036 2.34914e-06 -0.00025093
 -0.00169316  2.35036e-06 -0.000249952
  -0.0016829  2.35088e-06 -0.000248993
 -0.00167282  2.35068e-06 -0.000248053
 -0.00166291  2.35064e-06 -0.000247131
 -0.00165316  2.35012e-06 -0.000246227
-0.00164358 2.34923e-06 -0.00024534
 -0.00163417  2.34732e-06 -0.000244471
 -0.00162491  2.34534e-06 -0.000243617
-0.00161581 2.34307e-06 -0.00024278
 -0.00160686  2.34079e-06 -0.000241958
 -0.00159806  2.33825e-06 -0.000241151
 -0.00158941  2.33569e-06 -0.000240358
 -0.00158089  2.33272e-06 -0.000239579
  -0.0015725  2.32999e-06 -0.000238813
-0.00156425 2.32704e-06 -0.00023806
 -0.00155611  2.32443e-06 -0.000237318
  -0.0015481  2.32176e-06 -0.000236588
  -0.0015402  2.31912e-06 -0.000235868
 -0.00153241   2.3169e-06 -0.000235159
 -0.00152473  2.31469e-06 -0.000234459
 -0.00151714   2.3123e-06 -0.000233767
 -0.00150964  2.31023e-06 -0.000233084
 -0.00150223  2.30809e-06 -0.000232408
  -0.0014949  2.30606e-06 -0.000231738
 -0.00148764  2.30462e-06 -0.000231075
 -0.00148046  2.30365e-06 -0.000230416
 -0.00147333  2.30262e-06 -0.000229763
 -0.00146626  2.30248e-06 -0.000229113
 -0.00145925  2.30221e-06 -0.000228466
 -0.00145228  2.30274e-06 -0.000227822
-0.00144534 2.30371e-06 -0.00022718
 -0.00143844  2.30502e-06 -0.000226539
 -0.00143157  2.30662e-06 -0.000225899
 -0.00142472   2.3087e-06 -0.000225258
 -0.00141788  2.31168e-06 -0.000224616
 -0.00141106   2.3145e-06 -0.000223973
 -0.00140423  2.31772e-06 -0.000223328
 -0.00139741  2.32178e-06 -0.000222679
 -0.00139057  2.32575e-06 -0.000222027
 -0.00138372  2.33079e-06 -0.000221371
-0.00137685 2.33621e-06 -0.00022071
 -0.00136996  2.34229e-06 -0.000220044
 -0.00136304  2.34917e-06 -0.000219372
 -0.00135608  2.35641e-06 -0.000218693
 -0.00134908  2.36416e-06 -0.000218006
 -0.00134203  2.37296e-06 -0.000217312
-0.00133493  2.3819e-06 -0.00021661
 -0.00132777  2.39181e-06 -0.000215898
 -0.00132055  2.40222e-06 -0.000215177
 -0.00131327  2.41327e-06 -0.000214446
 -0.00130591  2.42446e-06 -0.000213705
 -0.00129848  2.43638e-06 -0.000212952
 -0.00129097   2.4495e-06 -0.000212188
 -0.00128337  2.46279e-06 -0.000211411
 -0.00127568  2.47692e-06 -0.000210623
 -0.00126791  2.49164e-06 -0.000209821
 -0.00126003  2.50724e-06 -0.000209006
 -0.00125206  2.52362e-06 -0.000208178
 -0.00124398  2.54013e-06 -0.000207335
 -0.00123579  2.55762e-06 -0.000206477
 -0.00122749   2.5756e-06 -0.000205605
 -0.00121907   2.5945e-06 -0.000204717
 -0.00121054  2.61394e-06 -0.000203814
 -0.00120189  2.63403e-06 -0.000202895
-0.00119312 2.65505e-06 -0.00020196
 -0.00118422  2.67671e-06 -0.000201009
 -0.00117519  2.69903e-06 -0.000200041
 -0.00116602  2.72211e-06 -0.000199056
 -0.00115673  2.74984e-06 -0.000198054
  -0.0011473   2.7804e-06 -0.000197034
 -0.00113773  2.81177e-06 -0.000195996
-0.00112801 2.84351e-06 -0.00019494
 -0.00111815  2.87483e-06 -0.000193866
 -0.00110815  2.90705e-06 -0.000192774
 -0.00109801  2.93976e-06 -0.000191663
 -0.00108771  2.97241e-06 -0.000190534
 -0.00107728  3.00577e-06 -0.000189386
-0.00106669  3.0398e-06 -0.00018822
 -0.00105596  3.07372e-06 -0.000187035
 -0.00104508  3.10785e-06 -0.000185831
 -0.00103405  3.14252e-06 -0.000184609
 -0.00102287    3.178e-06 -0.000183368
 -0.00101155  3.21342e-06 -0.000182108
-0.00100008 3.24883e-06 -0.00018083
-0.000988456  3.28523e-06 -0.000179533
 -0.00097669  3.32218e-06 -0.000178218
-0.000964779  3.35939e-06 -0.000176884
-0.000952722  3.39671e-06 -0.000175532
-0.000940521  3.43474e-06 -0.000174162
-0.000928176  3.47288e-06 -0.000172774
-0.000915689  3.51135e-06 -0.000171368
 -0.00090306  3.55032e-06 -0.000169943
-0.000890291  3.58975e-06 -0.000168501
-0.000877382   3.6295e-06 -0.000167042
-0.000864336  3.66914e-06 -0.000165565
-0.000851155  3.70912e-06 -0.000164071
-0.000837838  3.74948e-06  -0.00016256
-0.000824388  3.79028e-06 -0.000161032
-0.000810808  3.83135e-06 -0.000159488
-0.000797099   3.8728e-06 -0.000157927
-0.000783262  3.91405e-06  -0.00015635
-0.000769299  3.95576e-06 -0.000154757
-0.000755214  3.99796e-06 -0.000153149
-0.000741007  4.04025e-06 -0.000151525
-0.000726682  4.08268e-06 -0.000149886
 -0.00071224  4.12507e-06 -0.000148232
-0.000697684  4.16821e-06 -0.000146563
-0.000683016  4.21157e-06 -0.000144881
-0.000668239  4.25507e-06 -0.000143184
-0.000653354  4.29895e-06 -0.000141474
-0.000638364  4.34298e-06  -0.00013975
-0.000623274  4.38679e-06 -0.000138013
-0.000608083   4.4311e-06 -0.000136263
-0.000592797  4.47539e-06   -0.0001345
-0.000577416  4.51985e-06 -0.000132726
-0.000561946   4.5648e-06  -0.00013094
-0.000546386  4.60986e-06 -0.000129142
-0.000530741  4.65521e-06 -0.000127333
-0.000515014  4.70061e-06 -0.000125513
-0.000499206  4.74613e-06 -0.000123683
-0.000483322  4.79183e-06 -0.000121842
-0.000467364  4.83727e-06 -0.000119992
-0.000451335  4.88317e-06 -0.000118132
-0.000435237   4.9289e-06 -0.000116263
-0.000419074  4.97488e-06 -0.000114385
-0.000402848  5.02131e-06 -0.000112499
-0.000386563  5.06745e-06 -0.000110604
-0.000370222  5.11416e-06 -0.000108702
-0.000353828  5.16054e-06 -0.000106793
-0.000337382  5.20699e-06 -0.000104876
-0.000320888  5.25367e-06 -0.000102952
-0.000304351      5.3e-06 -0.000101022
-0.000287771  5.34679e-06 -9.90858e-05
-0.000271152   5.3939e-06 -9.71439e-05
-0.000254498  5.44067e-06 -9.51966e-05
 -0.00023781  5.48732e-06 -9.32442e-05
-0.000221093  5.53444e-06 -9.12871e-05
-0.000204347  5.58154e-06 -8.93254e-05
-0.000187577  5.62857e-06 -8.73598e-05
-0.000170785  5.67551e-06 -8.53902e-05
-0.000153974  5.72269e-06 -8.34172e-05
-0.000137146  5.76951e-06  -8.1441e-05
-0.000120306  5.81628e-06 -7.94622e-05
-0.000103454   5.8633e-06 -7.74807e-05
-8.65931e-05  5.90989e-06 -7.54969e-05
-6.97276e-05  5.95689e-06 -7.35113e-05
-5.28586e-05  6.00381e-06  -7.1524e-05
-3.59885e-05    6.051e-06 -6.95353e-05
-1.91208e-05  6.09761e-06 -6.75456e-05
-2.25744e-06  6.14436e-06 -6.55552e-05
 1.45998e-05  6.19116e-06 -6.35641e-05
  3.1447e-05  6.23831e-06 -6.15729e-05
 4.82822e-05  6.28502e-06 -5.95818e-05
6.51038e-05 6.33146e-06 -5.7591e-05
 8.19092e-05  6.37795e-06 -5.56008e-05
 9.86958e-05   6.4244e-06 -5.36114e-05
0.000115462 6.47122e-06 -5.1623e-05
 0.000132207  6.51752e-06 -4.96359e-05
 0.000148926  6.56439e-06 -4.76503e-05
 0.000165618  6.61112e-06 -4.56665e-05
 0.000182282  6.65753e-06 -4.36848e-05
 0.000198914  6.70419e-06 -4.17054e-05
 0.000215513  6.75074e-06 -3.97283e-05
 0.000231777  6.81447e-06 -3.77173e-05
 0.000247874  6.87198e-06 -3.56969e-05
 0.000263977   6.9389e-06 -3.36894e-05
 0.000280117  6.99071e-06 -3.16974e-05
  0.00029643  7.04211e-06 -2.97369e-05
 0.000312793  7.08614e-06 -2.77908e-05
 0.000329137  7.13092e-06 -2.58502e-05
 0.000345436  7.17711e-06 -2.39126e-05
0.000361689 7.22462e-06 -2.1978e-05
0.000377896  7.2735e-06 -2.0047e-05
 0.000394056  7.32339e-06 -1.81193e-05
 0.000410165  7.37359e-06 -1.61955e-05
 0.000426223  7.42422e-06 -1.42756e-05
 0.000442228  7.47474e-06 -1.23598e-05
 0.000458177  7.52502e-06 -1.04486e-05
 0.000474071   7.5754e-06 -8.54162e-06
 0.000489908  7.62541e-06 -6.63935e-06
 0.000505685  7.67603e-06 -4.74205e-06
0.000521403 7.72647e-06 -2.8496e-06
 0.00053706 7.77673e-06 -9.6232e-07
0.000552655 7.82683e-06 9.19703e-07
0.000568187 7.87724e-06 2.79633e-06
0.000583656 7.92769e-06 4.66748e-06
0.000599058 7.97784e-06  6.5329e-06
0.000614397 8.02774e-06 8.39278e-06
0.000629668 8.07798e-06 1.02467e-05
0.000644872 8.12829e-06 1.20948e-05
0.000660008 8.17801e-06 1.39368e-05
0.000675076 8.22772e-06 1.57727e-05
0.000690074 8.27782e-06 1.76023e-05
0.000705002 8.32766e-06 1.94258e-05
0.000719862 8.37745e-06  2.1243e-05
0.000734649 8.42725e-06 2.30538e-05
0.000749366 8.47732e-06 2.48582e-05
0.000764011 8.52698e-06  2.6656e-05
0.000778584 8.57651e-06 2.84473e-05
0.000793085 8.62655e-06  3.0232e-05
0.000807512 8.67618e-06 3.20101e-05
0.000821867 8.72555e-06 3.37813e-05
0.000836149 8.77507e-06 3.55461e-05
0.000850357  8.8242e-06  3.7304e-05
0.000864492  8.8735e-06 3.90551e-05
0.000878553 8.92263e-06 4.07994e-05
 0.00089254 8.97189e-06 4.25369e-05
0.000906454 9.02057e-06 4.42677e-05
0.000920293 9.06954e-06 4.59915e-05
0.000934059 9.11784e-06 4.77085e-05
 0.00094775 9.16656e-06 4.94187e-05
0.000961369 9.21515e-06  5.1122e-05
0.000974913 9.26378e-06 5.28184e-05
0.000988383 9.31225e-06 5.45079e-05
 0.00100178 9.36076e-06 5.61906e-05
  0.0010151  9.4089e-06 5.78666e-05
 0.00102835 9.45667e-06 5.95356e-05
 0.00104153 9.50439e-06  6.1198e-05
 0.00105464 9.55281e-06 6.28535e-05
 0.00106767 9.60079e-06 6.45022e-05
 0.00108063 9.64831e-06 6.61441e-05
 0.00109351 9.69608e-06 6.77792e-05
 0.00110633 9.74346e-06 6.94076e-05
 0.00111907  9.7908e-06 7.10293e-05
 0.00113174 9.83803e-06 7.26443e-05
 0.00114434 9.88499e-06 7.42525e-05
 0.00115687 9.93218e-06  7.5854e-05
 0.00116933 9.97941e-06  7.7449e-05
 0.00118171 1.00263e-05 7.90373e-05
 0.00119403 1.00731e-05  8.0619e-05
 0.00120628 1.01197e-05 8.21941e-05
 0.00121845 1.01662e-05 8.37628e-05
 0.00123056 1.02124e-05 8.53249e-05
  0.0012426 1.02585e-05 8.68806e-05
 0.00125457 1.03043e-05 8.84297e-05
 0.00126647 1.03503e-05 8.99726e-05
 0.00127831 1.03962e-05 9.15089e-05
 0.00129007 1.04419e-05 9.30389e-05
 0.00130177 1.04873e-05 9.45625e-05
  0.0013134 1.05325e-05 9.60799e-05
 0.00132496 1.05774e-05 9.75908e-05
 0.00133646 1.06225e-05 9.90955e-05
 0.00134789 1.06674e-05 0.000100594
 0.00135926 1.07118e-05 0.000102086
 0.00137056 1.07561e-05 0.000103572
 0.00138179    1.08e-05 0.000105052
 0.00139296 1.08437e-05 0.000106525
 0.00140406 1.08871e-05 0.000107993
  0.0014151 1.09304e-05 0.000109454
 0.00142607 1.09736e-05 0.000110909
 0.00143698 1.10168e-05 0.000112358
 0.00144783 1.10594e-05 0.000113801
 0.00145861  1.1102e-05 0.000115238
 0.00146933 1.11446e-05 0.000116668
 0.00147998 1.11867e-05 0.000118093
 0.00149058 1.12287e-05 0.000119512
 0.00150111 1.12703e-05 0.000120925
 0.00151157  1.1312e-05 0.000122331
 0.00152197 1.13531e-05 0.000123732
 0.00153232 1.13938e-05 0.000125127
 0.00154259  1.1435e-05 0.000126515
 0.00155281 1.14752e-05 0.000127898
 0.00156296 1.15151e-05 0.000129275
 0.00157305 1.15549e-05 0.000130645
 0.00158308 1.15943e-05  0.00013201
 0.00159305 1.16337e-05 0.000133369
 0.00160296 1.16732e-05 0.000134722
  0.0016128 1.17123e-05 0.000136068
 0.00162258 1.17503e-05 0.000137409
  0.0016323 1.17887e-05 0.000138743
 0.00164196 1.18267e-05 0.000140072
 0.00165156 1.18642e-05 0.000141395
 0.00166109 1.19013e-05 0.000142711
 0.00167056 1.19384e-05 0.000144021
 0.00167997 1.19751e-05 0.000145326
 0.00168932 1.20112e-05 0.000146624
 0.00169845 1.20466e-05 0.000147897
-0.00147894 1.15696e-05     -0.0105
-0.00465495 1.10583e-05  -0.0211416
-0.00782835 1.05143e-05   -0.031771
 -0.0121679 1.11085e-05  -0.0405655
-0.0168886 1.1787e-05 -0.0482761
    -0.0232 1.03948e-05  -0.0541114
 -0.0300041 9.30411e-06  -0.0590676
 -0.0378774 8.98765e-06  -0.0627711
  -0.046009 8.87035e-06  -0.0658305
 -0.0546836 9.16445e-06  -0.0680865
-0.0631107  1.158e-05 -0.0697939
  -0.071232 1.39542e-05  -0.0709626
 -0.0790951 1.59732e-05   -0.071313
  -0.086724 1.78628e-05  -0.0713211
  -0.094117 1.95537e-05  -0.0707778
  -0.101283 2.10275e-05  -0.0700258
  -0.108154 2.23967e-05   -0.068747
  -0.114686 2.36251e-05  -0.0670475
  -0.121004 2.45977e-05  -0.0652481
  -0.126982 2.56786e-05  -0.0630355
  -0.132753 2.59729e-05  -0.0609045
  -0.138174 2.60763e-05  -0.0588919
  -0.143223 2.62203e-05  -0.0569855
  -0.148098 2.53325e-05   -0.055164
  -0.152696 2.46653e-05  -0.0532899
  -0.157214 2.39076e-05   -0.051385
  -0.161485 2.32462e-05  -0.0494355
  -0.165674 2.25411e-05  -0.0474715
 -0.169581 2.1985e-05 -0.0454925
  -0.173185 2.16081e-05  -0.0435219
   -0.17669 2.12814e-05   -0.041575
  -0.179908 2.11779e-05  -0.0396652
  -0.183027 2.11483e-05  -0.0378021
  -0.185831 2.13559e-05  -0.0360012
  -0.188304 2.18012e-05  -0.0342852
  -0.190678 2.23201e-05  -0.0326262
  -0.192719 2.30687e-05  -0.0310619
  -0.194672 2.38803e-05  -0.0295552
  -0.196332 2.48701e-05  -0.0281273
   -0.19769 2.60372e-05  -0.0267881
  -0.198968 2.72431e-05   -0.025499
  -0.199947 2.86035e-05  -0.0242988
  -0.200859 2.99836e-05  -0.0231438
 -0.201511 3.1466e-05  -0.022057
  -0.201901 3.30466e-05  -0.0210452
  -0.202231 3.46243e-05  -0.0200707
   -0.20233 3.62747e-05  -0.0191574
   -0.20238 3.78998e-05  -0.0182794
  -0.202194 3.95632e-05  -0.0174727
   -0.20178 4.12477e-05  -0.0167386
 -0.201324 4.2899e-05 -0.0160342
  -0.200675 4.45429e-05   -0.015382
  -0.199837 4.61937e-05  -0.0147899
  -0.198974 4.78479e-05  -0.0142192
  -0.197937 4.95414e-05   -0.013707
  -0.196884 5.12152e-05  -0.0132113
  -0.195672 5.28657e-05  -0.0127713
   -0.19445 4.85668e-05  -0.0123463
  -0.193096 4.41931e-05  -0.0119675
  -0.191616 3.97526e-05    -0.01164
  -0.190127 3.53756e-05  -0.0113292
  -0.188527 3.09664e-05  -0.0110668
  -0.186927 2.66311e-05  -0.0108127
  -0.185243 2.22889e-05  -0.0105864
  -0.183483 1.79527e-05  -0.0103922
 -0.181729 1.3696e-05 -0.0102005
  -0.179912 9.46064e-06  -0.0100409
  -0.178107 5.30814e-06 -0.00987995
  -0.176229 1.72382e-06 -0.00972165
   -0.174226 -1.81039e-06  -0.00952968
    -0.17219 -5.26784e-06  -0.00930747
   -0.170018 -8.64629e-06  -0.00904377
   -0.167812 -1.19316e-05   -0.0087606
   -0.165489 -1.49381e-05  -0.00845082
   -0.163027 -9.71007e-06  -0.00813137
   -0.160527 -4.74529e-06  -0.00781305
   -0.15791 8.54953e-08 -0.00750062
  -0.155256  4.6968e-06 -0.00720112
  -0.152473 9.09112e-06 -0.00691596
 -0.149559 1.3254e-05 -0.0066524
  -0.146612 1.72275e-05 -0.00640619
  -0.143544 2.09704e-05 -0.00618289
   -0.14045 2.45368e-05 -0.00597774
  -0.137269 2.78836e-05 -0.00579159
  -0.134066 3.10642e-05 -0.00562218
  -0.130777 3.40086e-05 -0.00547397
  -0.127409  3.6716e-05 -0.00534384
  -0.124025 3.92691e-05 -0.00522801
  -0.120575 4.14886e-05 -0.00512788
  -0.117112 4.25335e-05 -0.00505428
  -0.113611 4.24432e-05  -0.0050022
  -0.110074 4.11808e-05  -0.0049728
  -0.106535 4.00271e-05  -0.0049605
  -0.102983 3.88062e-05 -0.00494335
 -0.0994492  3.7959e-05 -0.00491398
 -0.0959363 3.74033e-05 -0.00486628
 -0.0924468  3.6969e-05 -0.00480209
 -0.0889855 3.67306e-05 -0.00472251
 -0.0855521 3.65915e-05  -0.0046291
 -0.0821478 3.65791e-05 -0.00452219
 -0.0787845 3.65728e-05 -0.00440461
 -0.0754632 3.65586e-05  -0.0042774
 -0.0721719 3.66018e-05  -0.0041392
 -0.0689246  3.6631e-05 -0.00399321
 -0.0657069 3.67132e-05 -0.00383766
 -0.0625429 3.67834e-05  -0.0036768
 -0.0594333 3.70794e-05 -0.00350988
  -0.056354 3.74047e-05 -0.00333559
 -0.0533349 3.75668e-05 -0.00315862
 -0.0503687 3.77444e-05  -0.0029782
 -0.0475102 3.78814e-05 -0.00280199
 -0.0447658 3.82017e-05 -0.00262976
 -0.0420731 3.85256e-05 -0.00245551
 -0.0394901 3.88193e-05 -0.00228694
 -0.0369499 3.91141e-05 -0.00211605
 -0.0345127 3.93703e-05 -0.00195076
 -0.0321813 3.97824e-05 -0.00179035
 -0.0298893 4.01847e-05 -0.00162838
 -0.0277001 4.05464e-05 -0.00147298
 -0.0255446 4.08988e-05 -0.00131599
  -0.023484 4.12176e-05 -0.00116517
 -0.0215182 4.14997e-05 -0.00102082
  -0.0195826   4.1774e-05 -0.000875262
  -0.0177382  4.20142e-05 -0.000736245
  -0.0159187  4.22474e-05 -0.000595881
 -0.0141829 4.24517e-05 -0.00046158
  -0.0124693  4.26498e-05 -0.000326034
   -0.010838  4.28176e-05 -0.000196799
 -0.00928526  4.30794e-05 -7.79737e-05
-0.00775266 4.40339e-05 4.14799e-05
-0.00629158 4.46403e-05 0.000127766
-0.00484443 4.52974e-05  0.00020881
-0.00346166 4.57864e-05 0.000256993
-0.00213863 4.59527e-05 0.000274115
-0.000824941   4.6108e-05  0.000286732
0.000432377 4.58325e-05 0.000275876
 0.00168362 4.55391e-05  0.00026834
 0.00288271 4.47561e-05 0.000247117
 0.00403288 4.40054e-05 0.000217885
 0.00517721 4.32558e-05 0.000195461
 0.00627496  4.2438e-05 0.000171234
 0.00736899 4.15888e-05  0.00015807
 0.00841973 4.06953e-05 0.000146647
 0.00946702 3.97771e-05 0.000147199
  0.0104725 3.81292e-05 0.000153828
  0.0114393 3.64722e-05 0.000169844
  0.0124021 3.48267e-05 0.000196955
  0.0133293 3.31772e-05 0.000233018
  0.0142538 3.22281e-05 0.000281019
  0.0151432 3.11874e-05 0.000339765
  0.0159762 2.99728e-05 0.000395039
  0.0168068 2.87268e-05 0.000461242
  0.0175815 2.76822e-05 0.000524233
  0.0183587 2.61876e-05 0.000597873
  0.0190903 2.50357e-05 0.000677079
  0.0197541 2.41107e-05 0.000751604
  0.0203527 2.29277e-05 0.000806009
  0.0208756 2.18426e-05 0.000850564
  0.0213431 2.09402e-05 0.000880081
  0.0217462 2.03445e-05 0.000904058
  0.0221031 1.97373e-05 0.000919068
  0.0223847 1.92643e-05 0.000936866
  0.0225869 1.90651e-05  0.00096241
    0.02273 1.91903e-05 0.000984069
  0.0228102 1.95981e-05  0.00101619
  0.0228451 2.01911e-05  0.00105003
  0.0228324 2.05111e-05  0.00110604
  0.0227863 2.07934e-05  0.00119088
 0.0227203 2.1016e-05 0.00128916
  0.0226796 2.09621e-05  0.00144977
  0.0226528 2.08459e-05  0.00164161
  0.0226618 2.03272e-05  0.00189039
   0.022716 1.92725e-05  0.00220045
   0.022787 1.80571e-05  0.00253516
  0.0229125 1.74387e-05  0.00292756
  0.0230528 1.68966e-05  0.00333499
  0.0232331 1.61151e-05  0.00377505
  0.0234536 1.48508e-05  0.00424207
  0.0236826 1.34629e-05  0.00471283
  0.0239477 1.25225e-05  0.00519828
   0.024215 1.16541e-05  0.00567878
  0.0245105 1.09277e-05  0.00615694
  0.0248069 1.02552e-05  0.00662988
  0.0251308 9.70343e-06  0.00709796
  0.0254829 9.26688e-06  0.00755916
  0.0258359 8.88021e-06  0.00801299
  0.0262184 7.60135e-06  0.00845827
  0.0266012 6.43586e-06  0.00889447
  0.0270131 5.46692e-06  0.00932002
  0.0274542 4.69433e-06   0.0097336
   0.027895 4.02201e-06   0.0101378
  0.0283662 3.53669e-06   0.0105316
  0.0288359 3.17161e-06   0.0109157
  0.0293285 3.23234e-06   0.0112837
   0.029843 3.48912e-06   0.0116349
  0.0303494 3.78467e-06   0.0119737
  0.0308773 4.13365e-06   0.0122966
 0.0313954 4.6287e-06  0.0126073
  0.0319359 5.14292e-06   0.0129049
 0.0324955 5.6661e-06  0.0131874
  0.0330439 6.18619e-06   0.0134592
  0.0336122 6.71612e-06   0.0137183
  0.0341677 7.23915e-06   0.0139668
  0.0347397 7.68412e-06    0.014202
  0.0353254 7.50011e-06   0.0144237
  0.0358974 7.35301e-06   0.0146361
  0.0364813 7.25213e-06    0.014836
    0.03705 7.16109e-06    0.015027
  0.037633 7.1366e-06  0.0152081
  0.0381997 7.14332e-06   0.0153809
  0.0387864 6.43951e-06   0.0155234
   0.039393 5.40301e-06   0.0156332
  0.0399897 4.18746e-06    0.015724
  0.0406058 2.87541e-06   0.0157973
  0.0412048 1.57967e-06   0.0158656
  0.0418127 2.78565e-07   0.0159246
   0.0424242 -1.02512e-06    0.0159764
   0.0430133 -2.20799e-06    0.0160171
   0.0436037 -3.09537e-06    0.0160236
   0.0441704 -3.11233e-06    0.0160064
   0.0447338 -2.57555e-06    0.0159491
   0.0452922 -2.15651e-06    0.0158556
   0.0458323 -1.52411e-06    0.0157497
  0.0463709 -5.9943e-07   0.0156211
 0.0468954 1.1501e-07   0.015495
  0.0474291 8.13977e-07   0.0153667
  0.0479681 1.42998e-06   0.0152399
  0.0484941 1.93126e-06   0.0151212
  0.0490227 2.33981e-06   0.0150065
  0.0495362 2.69859e-06   0.0148964
  0.0500561 3.02414e-06   0.0147885
  0.0505756 3.39267e-06   0.0146778
  0.0510774 3.82341e-06    0.014566
  0.0515746 4.38008e-06   0.0144471
  0.0520537 5.01776e-06   0.0143253
  0.0525347 5.74056e-06    0.014199
   0.053012 6.58318e-06   0.0140649
  0.0534726 7.45582e-06   0.0139308
  0.0539282 8.41151e-06    0.013791
   0.054368 9.35298e-06    0.013653
  0.0548106 1.02905e-05   0.0135148
  0.0552509 1.12345e-05   0.0133745
   0.055676 1.21517e-05    0.013237
  0.0560967 1.30839e-05   0.0130972
   0.056502 1.39955e-05   0.0129592
  0.0569092 1.48979e-05   0.0128212
  0.0573121 1.56571e-05   0.0126715
  0.0577097 1.77438e-05   0.0125181
  0.0581208 1.94681e-05   0.0123624
  0.0585381 2.03662e-05   0.0122076
  0.0589752 2.11311e-05   0.0120525
  0.0594195 2.17195e-05   0.0118977
 0.0598793 2.2232e-05  0.0117398
  0.0603501 2.19829e-05   0.0115778
  0.0608124 2.26367e-05   0.0114116
  0.0612811 2.32432e-05    0.011245
   0.061741 2.38091e-05    0.011079
  0.0622002 2.43274e-05   0.0109115
  0.0626533 2.48023e-05   0.0107421
  0.0630913 2.52425e-05   0.0105738
  0.0635229 2.56463e-05   0.0104051
  0.0639355 2.60195e-05   0.0102373
  0.0643325 2.63567e-05   0.0100674
  0.0647091 2.66581e-05  0.00989467
  0.0650655 2.69331e-05  0.00972292
  0.0653994 2.72349e-05  0.00954887
  0.0657144 2.74914e-05   0.0093784
  0.0660155 2.76996e-05  0.00920956
  0.0662989 2.78831e-05  0.00904092
  0.0665657 2.79929e-05  0.00887692
  0.0668147 2.80793e-05  0.00871468
  0.0670486 2.81498e-05  0.00855672
  0.0672718 2.82009e-05  0.00840119
  0.0674806 2.82298e-05  0.00824586
  0.0676752 2.82442e-05  0.00809356
  0.0678541 2.82372e-05  0.00794037
  0.0680194 2.82171e-05  0.00778922
  0.0681754 2.81798e-05  0.00763793
  0.0683186 2.81238e-05  0.00748399
  0.0684493 2.80549e-05   0.0073315
  0.0685665 2.79678e-05  0.00717569
 0.0686724 2.7869e-05 0.00702087
  0.0687653 2.77524e-05  0.00686236
  0.0688479 2.76251e-05  0.00670475
  0.0689233 2.74832e-05  0.00654484
  0.0689896 2.75063e-05  0.00638118
  0.0690468 2.75133e-05  0.00621841
  0.0690946 2.75008e-05  0.00605155
  0.0691341 2.74734e-05   0.0058855
  0.0691683 2.74272e-05  0.00571678
  0.0691953 2.73621e-05   0.0055442
  0.0692152 2.72838e-05   0.0053725
  0.0692273 2.71865e-05   0.0051966
  0.0692329 2.70773e-05   0.0050216
  0.0692336 2.69524e-05  0.00484377
  0.0692282 2.68114e-05  0.00466213
   0.069217 2.66591e-05   0.0044815
  0.0691989 2.64916e-05  0.00429674
  0.0691757 2.63139e-05  0.00411309
 0.0691477 2.6124e-05 0.00392688
  0.0691139 2.59203e-05  0.00373679
  0.0690756 2.57079e-05  0.00354792
  0.0690306 2.54827e-05  0.00335504
  0.0689818 2.52488e-05  0.00316355
  0.0689276 2.49845e-05  0.00296955
  0.0688676 2.46952e-05  0.00277179
  0.0688042 2.43863e-05  0.00257533
  0.0687342 2.41957e-05  0.00237502
  0.0686613 2.39705e-05  0.00217584
  0.0685823 2.40883e-05  0.00197384
  0.0685038 2.44058e-05   0.0017724
  0.0684451 2.46939e-05  0.00158687
  0.0684014 2.49407e-05  0.00141268
  0.0683761 2.53019e-05  0.00124943
  0.0683686 2.55248e-05  0.00106778
  0.0683761 2.56941e-05 0.000869859
   0.068405 2.58157e-05 0.000659829
  0.0684427 2.58911e-05  0.00043403
  0.0684953 2.59246e-05  0.00019594
   0.0685514  2.57617e-05 -5.31195e-05
   0.0686047  2.54359e-05 -0.000314329
   0.0686645  2.48883e-05 -0.000582635
   0.0687125  2.43083e-05 -0.000866388
  0.0687635 2.33518e-05 -0.00115841
  0.0687993 2.24319e-05 -0.00146458
  0.0688351 2.11064e-05  -0.0017786
  0.0688492 1.96164e-05 -0.00210842
  0.0688382 1.83884e-05 -0.00245175
   0.068823  1.7099e-05 -0.00280135
  0.0687848 1.62872e-05 -0.00315945
  0.0687204 1.56767e-05  -0.0035243
  0.0686532 1.51578e-05 -0.00389057
  0.0685588 1.47956e-05 -0.00425899
  0.0684602 1.40477e-05 -0.00462431
  0.0683298 1.35143e-05  -0.0049884
  0.0681937  1.2864e-05 -0.00534832
  0.0680288 1.21202e-05 -0.00570421
  0.0678351 1.15559e-05 -0.00605326
  0.0676352 1.08636e-05 -0.00639807
  0.0674063 1.03656e-05 -0.00673451
  0.0671734 9.70357e-06 -0.00706445
  0.0669144 9.21171e-06 -0.00738609
  0.0666521 8.21388e-06 -0.00770099
  0.0663633 7.45368e-06 -0.00800634
  0.0660489 7.04523e-06 -0.00830075
  0.0657301 6.60026e-06 -0.00859145
  0.0653876 6.45029e-06 -0.00887372
  0.0650427 6.22065e-06 -0.00915108
  0.0646742 6.29045e-06 -0.00941863
  0.0642837 6.37445e-06  -0.0096722
   0.063891 6.45451e-06 -0.00992179
  0.0634776 6.53119e-06   -0.010156
  0.0630645 6.67502e-06  -0.0103856
   0.062644 6.61561e-06  -0.0106005
  0.0622167 6.71954e-06  -0.0107998
  0.0617968 6.79178e-06   -0.010995
 0.0613607 6.8928e-06 -0.0111764
  0.0609247 7.00836e-06   -0.011353
  0.0604732 7.14971e-06  -0.0115151
  0.0600078 7.27949e-06  -0.0116625
  0.0595436 7.39525e-06   -0.011805
   0.059067 7.25703e-06  -0.0119332
  0.0585932 7.12113e-06  -0.0120566
   0.058109 6.98922e-06  -0.0121679
  0.0576166 6.86053e-06  -0.0122659
  0.0571277 6.79329e-06   -0.012359
  0.0566324 6.73155e-06  -0.0124389
 0.0561418 6.9073e-06 -0.0125144
   0.055645 7.07709e-06  -0.0125793
  0.0551442 7.24185e-06  -0.0126333
   0.054648 7.39781e-06  -0.0126841
   0.054149 7.55128e-06  -0.0127253
  0.0536551 7.69574e-06  -0.0127641
  0.0531578 7.83551e-06  -0.0127956
  0.0526594 7.97312e-06  -0.0128197
  0.0521659 8.10343e-06  -0.0128423
  0.0516706 8.22913e-06  -0.0128588
  0.0511807 8.34843e-06  -0.0128742
  0.0506912 8.46667e-06  -0.0128844
  0.0502033 8.58522e-06  -0.0128899
  0.0497208 8.69732e-06  -0.0128948
  0.0492407 8.81059e-06  -0.0128959
  0.0487661 8.91767e-06  -0.0128966
  0.0482923 9.02281e-06  -0.0128945
  0.0478216 9.12877e-06  -0.0128895
  0.0473563 9.22982e-06  -0.0128847
  0.0468927 9.32865e-06  -0.0128773
  0.0464347 9.42219e-06  -0.0128701
 0.0459805 9.5179e-06 -0.0128614
  0.0455314 9.61652e-06  -0.0128514
  0.0450877 9.71092e-06  -0.0128418
  0.0446493 9.80864e-06  -0.0128315
  0.0442163 9.90251e-06  -0.0128218
  0.0437867 9.99576e-06  -0.0128111
 0.0433624 1.0092e-05 -0.0128005
  0.0429431 1.01842e-05  -0.0127907
  0.0425297 1.02806e-05  -0.0127812
 0.0421215 1.0374e-05 -0.0127724
  0.0417172 1.04666e-05  -0.0127635
 0.0413187 1.0564e-05 -0.0127554
  0.0409249 1.08176e-05  -0.0127482
  0.0405374 1.07346e-05   -0.012742
  0.0401544 1.06304e-05  -0.0127366
  0.0397757 1.07133e-05  -0.0127321
  0.0394031 1.09875e-05  -0.0127286
  0.0390346 1.04212e-05  -0.0127262
  0.0386726 1.00853e-05  -0.0127251
 0.0383148 9.8925e-06 -0.0127249
 0.0379615 9.8487e-06  -0.012726
  0.0376143 9.97157e-06  -0.0127285
  0.0372709 1.01891e-05  -0.0127319
   0.036934 1.05421e-05  -0.0127371
  0.0366009 1.09391e-05  -0.0127432
  0.0362723 1.13367e-05  -0.0127503
  0.0359472 1.17261e-05  -0.0127583
  0.035628 1.2119e-05 -0.0127683
   0.035315 1.25169e-05  -0.0127803
  0.0350054 1.29068e-05  -0.0127931
  0.0347021 1.33026e-05   -0.012808
   0.034402 1.36911e-05  -0.0128237
  0.0341061 1.40806e-05  -0.0128409
  0.0338158 1.44757e-05  -0.0128599
  0.0335283 1.48641e-05  -0.0128797
  0.0332448 1.52529e-05  -0.0129005
  0.0329642 1.56353e-05  -0.0129219
  0.0326886 1.60244e-05  -0.0129453
  0.0324187 1.64204e-05  -0.0129704
  0.0321513 1.68112e-05  -0.0129962
  0.0318895 1.72093e-05  -0.0130238
  0.0316301 1.76008e-05  -0.0130519
  0.0313744 1.79959e-05  -0.0130815
  0.0311234 1.83968e-05  -0.0131125
  0.0308745 1.87897e-05  -0.0131441
  0.0306306 1.91888e-05  -0.0131771
  0.0303887 1.95807e-05  -0.0132107
  0.0301501 1.99108e-05  -0.0132451
 0.0299155 2.0178e-05 -0.0132811
  0.0296829 2.03571e-05  -0.0133176
  0.0294545 2.04764e-05  -0.0133555
  0.0292279 2.05074e-05  -0.0133938
  0.0290041 2.04592e-05  -0.0134332
   0.028784 2.03473e-05  -0.0134735
  0.0285655 2.01456e-05  -0.0135144
   0.028351 2.06492e-05  -0.0135562
  0.0281379 2.11372e-05  -0.0135984
  0.0279272 2.15829e-05  -0.0136414
  0.0277197 2.19222e-05  -0.0136852
  0.0275135 2.21294e-05  -0.0137295
  0.0273095 2.20668e-05  -0.0137739
  0.0271067 2.23914e-05  -0.0138187
  0.0269067 2.24923e-05  -0.0138645
  0.0267097 2.26236e-05  -0.0139111
  0.0265137 2.27589e-05  -0.0139581
  0.0263206 2.29094e-05  -0.0140058
  0.0261284 2.30628e-05  -0.0140538
 0.0259379 2.3224e-05 -0.0141019
  0.0257482 2.33868e-05  -0.0141504
 0.0255605 2.3562e-05 -0.0141997
  0.0253752 2.37499e-05  -0.0142495
  0.0251905 2.39395e-05  -0.0142996
  0.0250072 2.41353e-05  -0.0143498
  0.0248255 2.43427e-05  -0.0144005
  0.0246445 2.44638e-05  -0.0144514
  0.0244655 2.46004e-05  -0.0145007
   0.024287 2.46057e-05  -0.0145491
  0.0241105 2.45874e-05  -0.0145968
  0.0239349 2.42024e-05   -0.014644
  0.0237595 2.32054e-05  -0.0146908
  0.0235833 2.30489e-05  -0.0147363
  0.0234017 2.29493e-05  -0.0147791
  0.0232156 2.29045e-05  -0.0148192
  0.0230247 2.29146e-05   -0.014857
  0.0228304 2.29865e-05  -0.0148936
  0.0226336 2.31382e-05  -0.0149292
  0.0224318 2.32561e-05  -0.0149639
  0.0222261 2.34173e-05  -0.0149981
  0.0220158 2.36157e-05  -0.0150318
  0.0218033 2.38552e-05   -0.015066
 0.0215896 2.4133e-05 -0.0151007
  0.0213729 2.44378e-05   -0.015135
 0.0211553 2.4771e-05 -0.0151687
 0.0209353 2.5178e-05 -0.0152018
  0.0207158 2.56141e-05  -0.0152352
  0.0204978 2.60784e-05  -0.0152687
  0.0202786 2.65596e-05  -0.0153017
  0.0200617 2.70651e-05  -0.0153348
  0.0198439 2.75825e-05  -0.0153675
  0.0196274 2.81152e-05  -0.0154002
 0.0194133 2.8667e-05 -0.0154331
  0.0191986 2.92255e-05  -0.0154658
  0.0189869 2.98007e-05  -0.0154989
  0.0187747 3.03797e-05   -0.015532
 0.0185645 3.0967e-05 -0.0155651
  0.0183566 3.15658e-05  -0.0155992
  0.0181487 3.20588e-05  -0.0156333
  0.0179435 3.26079e-05  -0.0156681
  0.0177382 3.31929e-05  -0.0157028
   0.017535 3.38218e-05  -0.0157377
 0.0173342 3.4498e-05 -0.0157736
 0.0171332 3.5204e-05 -0.0158097
   0.016935 3.59537e-05  -0.0158468
 0.0167366  3.673e-05 -0.0158842
  0.0165403 3.75097e-05  -0.0159221
  0.0163439 3.80943e-05  -0.0159604
  0.0161497 3.87281e-05      -0.016
   0.015958 3.94083e-05  -0.0160408
  0.0157662 4.01203e-05   -0.016082
  0.0155768 4.08621e-05  -0.0161244
  0.0153889 4.16555e-05  -0.0161676
 0.0152009 4.2491e-05 -0.0162112
  0.0150149 4.32259e-05  -0.0162559
  0.0148285 4.38655e-05  -0.0163011
  0.0146345 4.48961e-05  -0.0163459
  0.0144301 4.58718e-05  -0.0163904
  0.0142176 4.68031e-05  -0.0164355
   0.013998 4.76936e-05  -0.0164808
  0.0137706 4.85376e-05  -0.0165255
  0.0135377 4.93401e-05  -0.0165694
  0.0132985 5.01015e-05  -0.0166124
  0.0130558 5.08318e-05  -0.0166552
   0.012811 5.15332e-05  -0.0166971
  0.0125617 5.21997e-05  -0.0167382
  0.0123108 5.29097e-05  -0.0167779
  0.0120596 5.35938e-05  -0.0168171
  0.0118053 5.42475e-05  -0.0168558
  0.0115521 5.48806e-05  -0.0168939
  0.0112964 5.54857e-05  -0.0169319
  0.0110417 5.60679e-05  -0.0169694
  0.0107887 5.66344e-05  -0.0170075
   0.010534 5.71775e-05  -0.0170457
   0.010282 5.77081e-05  -0.0170845
  0.0100283 5.82173e-05  -0.0171238
 0.00977692 5.87102e-05  -0.0171636
 0.00952841 5.91923e-05  -0.0172049
 0.00927881 5.96563e-05  -0.0172468
 0.00903268 6.01127e-05  -0.0172902
  0.0087855 6.05531e-05  -0.0173345
 0.00854134 6.09818e-05  -0.0173798
 0.00830053 6.14044e-05  -0.0174272
   0.008059 6.19058e-05  -0.0174755
 0.00782132 6.24003e-05  -0.0175256
 0.00758293 6.28797e-05  -0.0175768
 0.00734772 6.33474e-05  -0.0176297
 0.00711618 6.38098e-05  -0.0176845
 0.00688418 6.42592e-05  -0.0177404
 0.00665609 6.47046e-05  -0.0177981
 0.00642743 6.51381e-05   -0.017857
 0.00620216 6.55641e-05  -0.0179172
 0.00598022 6.59871e-05  -0.0179796
0.00575788   6.64e-05 -0.0180431
 0.00553916 6.68109e-05  -0.0181086
 0.00531989 6.72124e-05  -0.0181752
 0.00510356 6.76088e-05  -0.0182434
 0.00489043 6.80041e-05  -0.0183134
 0.00467687 6.83908e-05  -0.0183844
 0.00446658 6.87786e-05  -0.0184571
  0.0042557 6.91583e-05  -0.0185308
 0.00404743 6.95346e-05   -0.018606
 0.00384192 6.99122e-05  -0.0186827
 0.00363592 7.02828e-05  -0.0187603
  0.0034327 7.06555e-05  -0.0188393
 0.00322882 7.10221e-05  -0.0189193
  0.0030271 7.13859e-05  -0.0190005
 0.00282767 7.17521e-05  -0.0190828
 0.00262764 7.21132e-05  -0.0191661
0.00242989 7.2478e-05 -0.0192504
 0.00223136 7.28381e-05  -0.0193357
 0.00203455 7.31978e-05  -0.0194219
 0.00183953 7.35623e-05  -0.0195089
  0.0016438 7.39226e-05  -0.0195968
 0.00144957 7.42833e-05  -0.0196851
  0.0012545 7.46395e-05  -0.0197742
0.00106079 7.5001e-05 -0.0198642
0.000868449  7.5369e-05  -0.0199548
0.000675329 7.57328e-05  -0.0200463
0.000483334  7.6097e-05  -0.0201377
0.000290451  7.6457e-05    -0.02023
9.84922e-05 7.68231e-05  -0.0203229
-9.25097e-05  7.71956e-05    -0.020416
-0.000284331  7.75644e-05   -0.0205098
-0.000475415  7.79339e-05   -0.0206034
-0.000667408  7.83001e-05   -0.0206977
-0.000858879  7.86721e-05   -0.0207923
-0.00104978 7.90503e-05  -0.0208868
-0.00124153 7.94249e-05   -0.020982
-0.00143288  7.9801e-05  -0.0210766
-0.00162516 8.01735e-05  -0.0211719
-0.00181727 8.05523e-05  -0.0212672
-0.00200913  8.0937e-05  -0.0213621
-0.00220184 8.13184e-05  -0.0214576
-0.00239446  8.1701e-05  -0.0215524
-0.00258799 8.20808e-05  -0.0216478
-0.00278162  8.2466e-05   -0.021743
-0.00297528  8.2858e-05  -0.0218374
-0.00316977 8.32461e-05  -0.0219325
-0.00336426 8.36409e-05  -0.0220267
-0.00355961 8.40328e-05  -0.0221216
-0.00375531 8.44252e-05  -0.0222158
-0.00395129 8.48235e-05   -0.022309
-0.00414806  8.5219e-05  -0.0224029
-0.00434505 8.56203e-05  -0.0224956
-0.00454283 8.60183e-05  -0.0225891
-0.00474116 8.64171e-05  -0.0226817
-0.00493993 8.68224e-05  -0.0227732
-0.00513941 8.72241e-05  -0.0228653
-0.00533939  8.7627e-05   -0.022956
-0.00554008 8.80269e-05  -0.0230475
-0.0057414 8.8434e-05 -0.0231381
-0.00594317 8.88495e-05  -0.0232275
-0.00614555 8.92622e-05  -0.0233175
-0.00634845 8.96769e-05   -0.023406
-0.00655196 9.00875e-05  -0.0234952
 -0.0067561 9.05057e-05  -0.0235835
-0.00696068 9.09311e-05  -0.0236704
-0.00716577 9.13535e-05  -0.0237579
-0.00737139 9.17778e-05  -0.0238438
 -0.0075775 9.21983e-05  -0.0239305
-0.00778424 9.26259e-05  -0.0240161
-0.00799139 9.30604e-05  -0.0241002
-0.00819894 9.34913e-05   -0.024185
  -0.008407 9.39245e-05  -0.0242681
-0.00861546 9.43536e-05   -0.024352
-0.0088245 9.4789e-05 -0.0244348
-0.00903389  9.5231e-05  -0.0245161
-0.00924359 9.56691e-05   -0.024598
-0.00945375 9.61092e-05  -0.0246783
-0.00966419 9.65445e-05  -0.0247593
-0.00987515  9.6986e-05  -0.0248392
 -0.0100864 9.74338e-05  -0.0249176
 -0.0102978 9.78776e-05  -0.0249966
 -0.0105093 9.83282e-05   -0.025074
 -0.0107211 9.87744e-05  -0.0251523
 -0.0109331 9.92217e-05  -0.0252287
 -0.0111456 9.96742e-05   -0.025304
 -0.0113582 0.000100123  -0.0253802
 -0.0115709 0.000100577  -0.0254547
 -0.0117837 0.000101027  -0.0255301
 -0.0119967 0.000101479  -0.0256038
 -0.0122101 0.000101935  -0.0256764
 -0.0124235 0.000102387  -0.0257498
 -0.0126369 0.000102845  -0.0258216
 -0.0128503 0.000103298  -0.0258943
 -0.0130638 0.000103752  -0.0259652
 -0.0132772 0.000104202   -0.026037
 -0.0134909 0.000104657  -0.0261078
 -0.0137044 0.000105118   -0.026177
 -0.0139177 0.000105575  -0.0262471
 -0.0141311 0.000106035  -0.0263154
 -0.0143446 0.000106501  -0.0263826
 -0.0145579 0.000106963  -0.0264508
 -0.0147709 0.000107431  -0.0265173
 -0.0149837 0.000107895   -0.026585
 -0.0151963 0.000108361  -0.0266507
  -0.015409 0.000108833  -0.0267156
-0.0156214  0.0001093 -0.0267814
 -0.0158333 0.000109775  -0.0268457
  -0.016045 0.000110244  -0.0269111
 -0.0162568 0.000110714  -0.0269753
 -0.0164681 0.000111191  -0.0270381
  -0.016679 0.000111662  -0.0271018
 -0.0168894 0.000112141   -0.027164
 -0.0170994 0.000112613  -0.0272272
  -0.017309 0.000113087  -0.0272887
 -0.0175183 0.000113567  -0.0273492
 -0.0177272 0.000114041  -0.0274108
 -0.0179354 0.000114522   -0.027471
 -0.0181433 0.000114998  -0.0275323
 -0.0183506 0.000115474  -0.0275919
 -0.0185576 0.000115955  -0.0276507
 -0.0187641 0.000116432  -0.0277106
 -0.0189698 0.000116914   -0.027769
  -0.019175 0.000117391  -0.0278287
 -0.0193797 0.000117868  -0.0278866
 -0.0195839 0.000118351  -0.0279438
 -0.0197876 0.000118828  -0.0280021
 -0.0199903 0.000119311   -0.028059
 -0.0201926 0.000119789  -0.0281171
 -0.0203946 0.000120266  -0.0281743
 -0.0205956 0.000120748    -0.02823
 -0.0207961 0.000121225  -0.0282869
 -0.0209956 0.000121708  -0.0283423
 -0.0211945 0.000122185   -0.028399
  -0.021393 0.000122661  -0.0284546
 -0.0215905 0.000123144  -0.0285089
-0.0217874 0.00012362 -0.0285643
 -0.0219832 0.000124103  -0.0286183
-0.0221785 0.00012458 -0.0286736
 -0.0223729 0.000125059  -0.0287274
 -0.0225666 0.000125544  -0.0287803
 -0.0227598 0.000126024  -0.0288345
-0.0229517 0.00012651 -0.0288873
-0.0231431 0.00012699 -0.0289415
 -0.0233337 0.000127472  -0.0289942
 -0.0235235 0.000127959  -0.0290461
 -0.0237126 0.000128441  -0.0290992
 -0.0239006 0.000128929  -0.0291511
 -0.024088 0.00012941 -0.0292043
 -0.0242744 0.000129893   -0.029256
 -0.0244601 0.000130381   -0.029307
 -0.0246451 0.000130863  -0.0293591
 -0.0248288 0.000131352    -0.02941
  -0.025012 0.000131834  -0.0294622
 -0.0251942 0.000132317   -0.029513
 -0.0253755 0.000132805   -0.029563
 -0.0255562 0.000133287  -0.0296142
 -0.0257355 0.000133775  -0.0296642
 -0.0259143 0.000134257  -0.0297155
 -0.0260922 0.000134739  -0.0297653
  -0.026269 0.000135227  -0.0298144
 -0.0264453 0.000135708  -0.0298648
 -0.0266202 0.000136195  -0.0299138
 -0.0267945 0.000136675  -0.0299643
 -0.0269681 0.000137156  -0.0300138
 -0.0271404 0.000137642  -0.0300621
 -0.0273122 0.000138121  -0.0301116
 -0.0274825 0.000138606  -0.0301598
 -0.0276522 0.000139085  -0.0302094
  -0.027821 0.000139564  -0.0302574
 -0.0279887 0.000140049  -0.0303047
 -0.0281558 0.000140526  -0.0303533
 -0.0283215 0.000141009  -0.0304006
 -0.0284866 0.000141485  -0.0304493
 -0.0286507 0.000141962  -0.0304966
 -0.0288138 0.000142443  -0.0305432
 -0.0289763 0.000142917   -0.030591
 -0.0291374 0.000143398  -0.0306376
 -0.0292979 0.000143872  -0.0306855
 -0.0294574 0.000144347   -0.030732
 -0.0296158 0.000144828  -0.0307778
 -0.0297737 0.000145303  -0.0308249
 -0.0299301 0.000145784  -0.0308707
  -0.030086 0.000146258  -0.0309178
 -0.0302407 0.000146733  -0.0309634
 -0.0303944 0.000147213  -0.0310083
 -0.0305476 0.000147687  -0.0310546
 -0.0306994 0.000148167  -0.0310996
-0.0308505 0.00014864 -0.0311459
 -0.0310007 0.000149114  -0.0311908
 -0.0311498 0.000149592   -0.031235
 -0.0312983 0.000150064  -0.0312805
 -0.0314454 0.000150541  -0.0313247
 -0.0315919 0.000151012  -0.0313702
 -0.0317373 0.000151484  -0.0314143
-0.0318817 0.00015196 -0.0314576
-0.0320255 0.00015243 -0.0315022
 -0.0321679 0.000152905  -0.0315455
 -0.0323097 0.000153373  -0.0315902
 -0.0324504 0.000153842  -0.0316335
 -0.0325901 0.000154316  -0.0316759
 -0.0327292 0.000154783  -0.0317197
 -0.0328669 0.000155255  -0.0317621
 -0.033004 0.00015572  -0.031806
 -0.0331396 0.000156192  -0.0318483
 -0.0332743 0.000156663  -0.0318899
 -0.0334085 0.000157126  -0.0319327
 -0.0335414 0.000157594  -0.0319742
 -0.0336737 0.000158056  -0.0320172
  -0.033805 0.000158517  -0.0320586
 -0.0339358 0.000158971  -0.0321015
-0.0340656 0.00015943 -0.0321434
 -0.0341939 0.000159895  -0.0321841
 -0.0343217 0.000160352  -0.0322261
-0.0344483 0.00016081 -0.0322665
 -0.0345744 0.000161259  -0.0323083
 -0.0346995 0.000161714  -0.0323492
 -0.0348231 0.000162176  -0.0323888
 -0.0349461 0.000162629  -0.0324297
-0.0350676 0.00016309 -0.0324691
 -0.0351883 0.000163551  -0.0325077
 -0.0353084 0.000164004  -0.0325475
 -0.0354273 0.000164464   -0.032586
 -0.0355456 0.000164916   -0.032626
 -0.0356629 0.000165369  -0.0326646
 -0.0357793 0.000165827  -0.0327024
 -0.0358951 0.000166278  -0.0327415
 -0.0360096 0.000166735  -0.0327794
 -0.0361235 0.000167185  -0.0328186
 -0.0362358 0.000167641  -0.0328564
 -0.0363476 0.000168089  -0.0328955
 -0.0364586 0.000168537  -0.0329337
 -0.0365683 0.000168991  -0.0329706
 -0.0366774 0.000169437  -0.0330087
  -0.036785 0.000169889  -0.0330454
  -0.036892 0.000170334  -0.0330834
 -0.0369983 0.000170778  -0.0331205
 -0.0371033 0.000171228  -0.0331562
-0.0372077 0.00017167 -0.0331933
 -0.0373106 0.000172118  -0.0332288
  -0.037413 0.000172558  -0.0332658
 -0.0375143 0.000172999   -0.033301
 -0.0376146 0.000173444  -0.0333356
 -0.0377144 0.000173882  -0.0333716
 -0.0378128 0.000174326  -0.0334062
 -0.0379106 0.000174762  -0.0334423
 -0.0380073 0.000175198  -0.0334766
 -0.0381035 0.000175627  -0.0335124
-0.0381987 0.00017606 -0.0335475
-0.0382926  0.0001765 -0.0335812
 -0.0383859 0.000176931  -0.0336163
 -0.0384781 0.000177363  -0.0336498
 -0.0385697 0.000177786  -0.0336847
 -0.0386604 0.000178215  -0.0337187
 -0.0387496 0.000178649  -0.0337513
 -0.0388382 0.000179075  -0.0337852
 -0.0389253 0.000179508  -0.0338176
 -0.0390119 0.000179932  -0.0338514
 -0.0390977 0.000180356  -0.0338842
  -0.039183 0.000180773  -0.0339184
 -0.0392669 0.000181196  -0.0339512
 -0.0393494 0.000181627  -0.0339825
-0.0394313 0.00018205  -0.034015
 -0.0395121 0.000182473   -0.034046
 -0.0395924 0.000182888  -0.0340783
 -0.0396717 0.000183309  -0.0341098
 -0.0397497 0.000183737    -0.03414
 -0.0398271 0.000184157  -0.0341714
 -0.0399031 0.000184584  -0.0342014
 -0.0399785 0.000185002  -0.0342328
 -0.0400528 0.000185421  -0.0342625
 -0.0401262 0.000185846  -0.0342916
 -0.0401991 0.000186262  -0.0343221
 -0.0402708 0.000186685  -0.0343512
 -0.0403419 0.000187099  -0.0343818
 -0.0404123 0.000187514  -0.0344115
 -0.0404816 0.000187935    -0.03444
 -0.0405503 0.000188347  -0.0344697
 -0.0406176 0.000188765  -0.0344979
 -0.0406844 0.000189176  -0.0345275
 -0.0407501 0.000189587  -0.0345556
 -0.0408149 0.000190003   -0.034583
 -0.0408791 0.000190411  -0.0346115
  -0.040942 0.000190825  -0.0346388
 -0.0410044 0.000191231  -0.0346674
 -0.0410657 0.000191637  -0.0346945
 -0.0411266 0.000192034   -0.034723
 -0.0411864 0.000192437  -0.0347506
 -0.0412449 0.000192847  -0.0347769
 -0.0413028 0.000193248  -0.0348045
-0.0413597 0.00019365 -0.0348305
  -0.041416 0.000194042  -0.0348579
 -0.0414713 0.000194441  -0.0348844
 -0.0415253 0.000194845  -0.0349097
-0.0415787 0.00019524 -0.0349361
 -0.0416311 0.000195637  -0.0349611
  -0.041683 0.000196025  -0.0349875
 -0.0417339 0.000196418   -0.035013
-0.0417834 0.00019682 -0.0350373
 -0.0418324 0.000197212  -0.0350628
 -0.0418799 0.000197613  -0.0350869
  -0.041927 0.000198005  -0.0351123
 -0.0419733 0.000198398  -0.0351369
 -0.0420184 0.000198797  -0.0351602
  -0.042063 0.000199188  -0.0351848
 -0.0421062 0.000199586  -0.0352081
 -0.0421489 0.000199975  -0.0352326
 -0.0421909 0.000200366  -0.0352564
 -0.0422318 0.000200763  -0.0352789
 -0.0422721 0.000201151  -0.0353027
 -0.0423114 0.000201541  -0.0353251
-0.0423503 0.00020192 -0.0353488
 -0.0423882 0.000202307  -0.0353717
 -0.0424249 0.000202701  -0.0353935
  -0.042461 0.000203086  -0.0354165
 -0.0424962 0.000203473  -0.0354381
-0.0425308 0.00020385  -0.035461
 -0.0425645 0.000204233  -0.0354832
 -0.0425969 0.000204624  -0.0355041
 -0.0426288 0.000205006  -0.0355263
 -0.0426592 0.000205396  -0.0355471
 -0.0426892 0.000205776  -0.0355691
  -0.042718 0.000206157  -0.0355896
  -0.042746 0.000206545  -0.0356097
 -0.0427735 0.000206923  -0.0356309
 -0.0427997 0.000207308   -0.035651
 -0.0428256 0.000207684  -0.0356723
 -0.0428504 0.000208061  -0.0356924
 -0.0428744 0.000208444  -0.0357119
 -0.0428979 0.000208817  -0.0357325
 -0.0429202 0.000209198   -0.035752
 -0.042942 0.00020957 -0.0357727
 -0.0429632 0.000209941  -0.0357928
-0.0429832 0.00021032 -0.0358117
 -0.0430028 0.000210689  -0.0358317
 -0.0430214 0.000211059  -0.0358504
 -0.0430396 0.000211419  -0.0358704
 -0.0430569 0.000211786  -0.0358896
 -0.0430734 0.000211949  -0.0359076
 -0.0430895 0.000212113  -0.0359268
 -0.0431042 0.000212296  -0.0359446
 -0.0431185 0.000212478  -0.0359636
-0.0431319 0.00021267  -0.035982
 -0.0431442 0.000212878  -0.0359992
  -0.043156 0.000213084  -0.0360175
 -0.0431665 0.000213307  -0.0360345
 -0.0431766 0.000213527  -0.0360527
  -0.043186 0.000213754  -0.0360703
 -0.0431942 0.000213995  -0.0360868
 -0.0432021 0.000214233  -0.0361044
 -0.0432086 0.000214485  -0.0361208
 -0.0432148 0.000214733  -0.0361384
   -0.04322 0.000214987  -0.0361547
 -0.0432244 0.000215253  -0.0361706
 -0.0432284 0.000215514  -0.0361875
 -0.0432313 0.000215788  -0.0362034
 -0.0432338 0.000216055  -0.0362205
 -0.0432354 0.000216329  -0.0362364
 -0.0432362 0.000216612  -0.0362517
-0.0432366 0.00021689 -0.0362682
 -0.0432359 0.000217178  -0.0362836
  -0.043235 0.000217461  -0.0363003
  -0.043233 0.000217748  -0.0363156
 -0.0432308 0.000218028  -0.0363321
 -0.0432278 0.000218318  -0.0363481
 -0.0432236 0.000218619  -0.0363629
 -0.0432191 0.000218913  -0.0363788
-0.0432136 0.00021921 -0.0363935
 -0.043208  0.0002195 -0.0364093
 -0.0432015 0.000219799  -0.0364245
 -0.0431939 0.000220108  -0.0364386
  -0.043186 0.000220409  -0.0364538
-0.0431768 0.00022072 -0.0364677
 -0.0431675 0.000221022  -0.0364828
 -0.0431576 0.000221327  -0.0364973
 -0.0431466 0.000221641  -0.0365108
 -0.0431355 0.000221946  -0.0365253
 -0.0431232 0.000222263  -0.0365386
 -0.0431107 0.000222571  -0.0365531
 -0.0430976 0.000222882   -0.036567
 -0.0430836 0.000223204  -0.0365799
 -0.0430694 0.000223516  -0.0365939
-0.0430541 0.00022384 -0.0366066
 -0.0430386 0.000224155  -0.0366205
 -0.0430221 0.000224473   -0.036633
-0.0430051  0.0002248 -0.0366452
 -0.0429879 0.000225118  -0.0366585
 -0.0429697 0.000225447  -0.0366708
 -0.0429514 0.000225767  -0.0366842
 -0.0429325 0.000226088  -0.0366971
 -0.0429128 0.000226419   -0.036709
-0.0428928 0.00022674 -0.0367219
 -0.0428721 0.000227064  -0.0367336
 -0.0428512 0.000227378  -0.0367464
 -0.0428297 0.000227702  -0.0367587
 -0.0428071 0.000228035    -0.03677
 -0.0427844 0.000228359  -0.0367822
 -0.0427607 0.000228694  -0.0367933
 -0.0427368 0.000229018  -0.0368055
 -0.0427123 0.000229344  -0.0368171
 -0.042687 0.00022968 -0.0368277
 -0.0426615 0.000230005  -0.0368394
 -0.0426352 0.000230333  -0.0368498
-0.0426088 0.00023065 -0.0368614
 -0.0425818 0.000230976  -0.0368724
 -0.0425539 0.000231312  -0.0368825
 -0.0425258 0.000231638  -0.0368936
  -0.042497 0.000231966  -0.0369035
  -0.042468 0.000232284  -0.0369146
-0.0424385 0.00023261 -0.0369251
  -0.042408 0.000232947  -0.0369347
 -0.0423775 0.000233273  -0.0369453
-0.0423459 0.00023361 -0.0369547
 -0.0423142 0.000233935  -0.0369653
 -0.0422821 0.000234262  -0.0369753
 -0.0422492 0.000234598  -0.0369844
 -0.0422162 0.000234923  -0.0369945
 -0.0421823 0.000235251  -0.0370034
 -0.0421486 0.000235568  -0.0370134
 -0.0421142 0.000235895   -0.037023
  -0.042079 0.000236235  -0.0370317
 -0.0420438 0.000236565  -0.0370413
 -0.0420075 0.000236906  -0.0370498
 -0.0419714 0.000237237  -0.0370594
 -0.0419347 0.000237571  -0.0370685
 -0.0418972 0.000237915  -0.0370767
 -0.0418598 0.000238248  -0.0370859
 -0.0418214 0.000238593   -0.037094
  -0.041783 0.000238928  -0.0371031
 -0.0417438 0.000239265  -0.0371109
 -0.0417042 0.000239612  -0.0371186
 -0.0416646 0.000239948  -0.0371272
 -0.0416242 0.000240295   -0.037135
 -0.0415839 0.000240632  -0.0371438
 -0.0415429 0.000240972  -0.0371515
 -0.0415014 0.000241321   -0.037159
   -0.04146 0.000241659  -0.0371673
 -0.0414177 0.000242009  -0.0371748
 -0.0413756 0.000242347  -0.0371832
 -0.0413327 0.000242689  -0.0371906
 -0.0412894 0.000243041  -0.0371977
 -0.0412461 0.000243381  -0.0372057
 -0.0412021 0.000243733  -0.0372128
 -0.0411582 0.000244073  -0.0372209
 -0.0411135 0.000244416  -0.0372279
 -0.0410685 0.000244769  -0.0372346
-0.0410235 0.00024511 -0.0372422
 -0.0409777 0.000245463  -0.0372489
 -0.0409321 0.000245805  -0.0372566
 -0.0408857 0.000246149  -0.0372632
  -0.040839 0.000246504  -0.0372695
 -0.0407924 0.000246846  -0.0372767
  -0.040745 0.000247201  -0.0372831
 -0.0406978 0.000247543  -0.0372904
 -0.0406502 0.000247888  -0.0372973
 -0.0406019 0.000248239  -0.0373034
 -0.0405538 0.000248578  -0.0373103
 -0.0405049 0.000248913  -0.0373163
 -0.0404561 0.000249236  -0.0373231
  -0.040407 0.000249561  -0.0373296
-0.0403573  0.0002499 -0.0373353
 -0.0403076 0.000250227  -0.0373418
 -0.0402574 0.000250561  -0.0373473
 -0.0402073 0.000250882  -0.0373537
 -0.0401569 0.000251217  -0.0373598
 -0.0401058 0.000251566  -0.0373651
 -0.0400548 0.000251905  -0.0373712
 -0.0400032 0.000252248  -0.0373764
 -0.0399513 0.000252603  -0.0373814
 -0.0398995 0.000252946  -0.0373872
 -0.0398472 0.000253303  -0.0373922
  -0.039795 0.000253649  -0.0373982
 -0.0397423 0.000253999  -0.0374032
-0.0396892 0.00025436  -0.037408
 -0.0396364 0.000254709  -0.0374137
 -0.0395829 0.000255072  -0.0374186
 -0.0395297 0.000255423  -0.0374244
 -0.0394759 0.000255779  -0.0374292
 -0.0394224 0.000256122  -0.0374349
 -0.0393685 0.000256478  -0.0374403
  -0.039314 0.000256847   -0.037445
 -0.0392598 0.000257204  -0.0374505
 -0.0392049 0.000257565   -0.037455
 -0.0391504 0.000257914  -0.0374604
 -0.0390951 0.000258276  -0.0374648
-0.0390396 0.00025865 -0.0374691
 -0.0389843 0.000259013  -0.0374741
-0.0389285 0.00025939 -0.0374785
 -0.0388729 0.000259753  -0.0374836
 -0.0388167 0.000260121  -0.0374877
-0.0387604  0.0002605 -0.0374918
 -0.0387043 0.000260867  -0.0374967
 -0.0386477 0.000261247  -0.0375009
 -0.0385915 0.000261615   -0.037506
 -0.0385351 0.000261986  -0.0375108
 -0.0384781 0.000262375  -0.0375149
 -0.0384215 0.000262751  -0.0375197
-0.0383642 0.00026316 -0.0375237
 -0.0383074 0.000263558  -0.0375285
 -0.0382503 0.000263961   -0.037533
 -0.0381927 0.000264378  -0.0375369
 -0.0381355 0.000264782  -0.0375414
 -0.0380777 0.000265202  -0.0375451
 -0.0380202 0.000265609  -0.0375496
 -0.0379623 0.000266021  -0.0375532
 -0.0379041 0.000266445  -0.0375567
 -0.0378464 0.000266857  -0.0375609
 -0.0377881 0.000267284  -0.0375644
 -0.0377302 0.000267699  -0.0375688
 -0.0376719 0.000268117  -0.0375723
  -0.037614 0.000268524  -0.0375765
 -0.0375559 0.000268944  -0.0375807
 -0.0374973 0.000269379  -0.0375841
 -0.0374391 0.000269802  -0.0375883
 -0.0373804 0.000270229  -0.0375916
 -0.0373216 0.000270669  -0.0375948
 -0.0372632 0.000271096  -0.0375987
 -0.0372043 0.000271539   -0.037602
 -0.0371459 0.000271969   -0.037606
  -0.037087 0.000272403  -0.0376092
 -0.0370286 0.000272824  -0.0376132
 -0.0369701 0.000273259   -0.037617
 -0.0369111 0.000273709  -0.0376202
 -0.0368525 0.000274146  -0.0376241
 -0.0367935 0.000274598  -0.0376272
 -0.0367349 0.000275038   -0.037631
-0.0366762 0.00027548 -0.0376346
 -0.0366171 0.000275937  -0.0376376
 -0.0365584 0.000276381  -0.0376413
 -0.0364993 0.000276839  -0.0376442
 -0.0364406 0.000277285  -0.0376478
 -0.0363815 0.000277735  -0.0376506
 -0.0363224 0.000278198  -0.0376534
 -0.0362637 0.000278648  -0.0376568
 -0.0362046 0.000279112  -0.0376597
 -0.0361461 0.000279563  -0.0376632
-0.0360871 0.00028002  -0.037666
-0.0360281 0.00028049 -0.0376688
 -0.0359696 0.000280949  -0.0376722
 -0.0359107 0.000281424   -0.037675
 -0.0358524 0.000281887  -0.0376786
 -0.0357936 0.000282356  -0.0376813
-0.0357348 0.00028284 -0.0376841
 -0.0356766 0.000283312  -0.0376875
 -0.0356179 0.000283801  -0.0376903
 -0.0355599 0.000284276  -0.0376938
 -0.0355013 0.000284757  -0.0376963
 -0.0354428 0.000285253   -0.037699
 -0.0353848 0.000285736  -0.0377023
 -0.0353265 0.000286236   -0.037705
 -0.0352687 0.000286724  -0.0377085
 -0.0352106 0.000287216  -0.0377111
 -0.0351525 0.000287723  -0.0377138
 -0.0350949 0.000288217  -0.0377171
  -0.035037 0.000288729  -0.0377198
 -0.0349796 0.000289226  -0.0377231
 -0.0349219 0.000289729  -0.0377257
 -0.0348642 0.000290246  -0.0377283
 -0.034807 0.00029075 -0.0377315
 -0.0347496 0.000291271  -0.0377341
 -0.0346927 0.000291777  -0.0377374
 -0.0346358 0.000292288  -0.0377407
 -0.0345795 0.000292785  -0.0377445
 -0.0345229 0.000293298  -0.0377477
 -0.0344659 0.000293828  -0.0377502
 -0.0344095 0.000294344  -0.0377533
 -0.0343526 0.000294865  -0.0377555
 -0.0342964 0.000295373  -0.0377584
 -0.0342402 0.000295894  -0.0377612
 -0.0341836 0.000296433  -0.0377634
 -0.0341277 0.000296957  -0.0377663
 -0.0340715 0.000297498  -0.0377685
 -0.0340159 0.000298025  -0.0377714
 -0.0339603 0.000298557  -0.0377743
 -0.0339045 0.000299103  -0.0377766
 -0.0338493 0.000299635  -0.0377795
 -0.0337937 0.000300172  -0.0377818
 -0.0337389 0.000300697  -0.0377846
  -0.033684 0.000301236  -0.0377875
 -0.0336289 0.000301796  -0.0377899
 -0.0335745 0.000302341  -0.0377928
 -0.0335198 0.000302894  -0.0377951
 -0.0334657 0.000303433   -0.037798
 -0.0334116 0.000303989  -0.0378009
 -0.0333574 0.000304563  -0.0378033
 -0.0333038 0.000305125  -0.0378063
 -0.0332499 0.000305692  -0.0378086
 -0.0331967 0.000306246  -0.0378116
 -0.0331435 0.000306815  -0.0378145
 -0.0330901 0.000307402  -0.0378169
 -0.0330374 0.000307976    -0.03782
 -0.0329844 0.000308556  -0.0378223
 -0.0329321 0.000309122  -0.0378252
 -0.0328798 0.000309704  -0.0378281
 -0.0328274 0.000310304  -0.0378306
-0.0327757 0.00031089 -0.0378336
 -0.0327236 0.000311481   -0.037836
 -0.0326723 0.000312059  -0.0378389
  -0.032621 0.000312652  -0.0378419
 -0.0325696 0.000313262  -0.0378444
 -0.0325188 0.000313859  -0.0378474
 -0.0324677 0.000314461  -0.0378498
 -0.0324174 0.000315049  -0.0378528
 -0.0323672 0.000315652  -0.0378558
 -0.0323168 0.000316272  -0.0378583
 -0.0322671 0.000316878  -0.0378614
-0.0322171 0.00031749 -0.0378638
 -0.0321679 0.000318087  -0.0378668
 -0.0321187 0.000318699  -0.0378698
 -0.0320694 0.000319328  -0.0378724
 -0.0320208 0.000319942  -0.0378755
  -0.031972 0.000320575   -0.037878
  -0.031924 0.000321192  -0.0378811
 -0.0318755 0.000321814  -0.0378834
 -0.0318273 0.000322452  -0.0378859
 -0.0317798 0.000323074   -0.037889
 -0.0317322 0.000323714  -0.0378916
-0.0316854 0.00032434 -0.0378949
 -0.0316386 0.000324971  -0.0378981
 -0.0315917 0.000325622  -0.0379009
 -0.0315455 0.000326257  -0.0379042
 -0.0314992 0.000326913  -0.0379069
 -0.0314535 0.000327554  -0.0379102
 -0.0314076 0.000328203  -0.0379126
 -0.0313618 0.000328868  -0.0379153
 -0.0313168 0.000329519  -0.0379185
 -0.0312717 0.000330189  -0.0379213
 -0.0312273 0.000330844  -0.0379246
 -0.0311831 0.000331505   -0.037928
 -0.0311387 0.000332184  -0.0379309
 -0.0310951 0.000332847  -0.0379343
-0.0310513 0.00033353 -0.0379371
 -0.0310082 0.000334198  -0.0379405
 -0.0309648 0.000334872   -0.037943
 -0.0309217 0.000335563  -0.0379458
 -0.0308793 0.000336239  -0.0379491
 -0.0308369 0.000336934   -0.037952
 -0.0307952 0.000337613  -0.0379554
 -0.0307536 0.000338298  -0.0379589
 -0.0307119 0.000338999  -0.0379619
  -0.030671 0.000339685  -0.0379654
 -0.0306299 0.000340377  -0.0379683
 -0.0305895 0.000341054  -0.0379717
 -0.0305493 0.000341747  -0.0379752
  -0.030509 0.000342458  -0.0379782
 -0.0304694 0.000343154  -0.0379817
 -0.0304298 0.000343868  -0.0379846
 -0.0303909 0.000344566  -0.0379881
-0.0303521 0.00034527 -0.0379916
-0.0303132 0.00034599 -0.0379946
 -0.0302751 0.000346693  -0.0379981
 -0.0302368 0.000347402   -0.038001
 -0.0301993 0.000348096  -0.0380044
 -0.0301619 0.000348805  -0.0380079
 -0.0301245 0.000349531  -0.0380109
 -0.0300878 0.000350243  -0.0380145
  -0.030051 0.000350961  -0.0380174
 -0.0300143 0.000351695  -0.0380204
 -0.0299785 0.000352414   -0.038024
 -0.0299426 0.000353154  -0.0380271
 -0.0299075 0.000353878  -0.0380308
-0.0298722 0.00035461 -0.0380339
 -0.0298378 0.000355326  -0.0380375
 -0.0298035 0.000356061  -0.0380411
 -0.0297692 0.000356817  -0.0380444
 -0.0297356 0.000357557  -0.0380482
  -0.029702 0.000358318  -0.0380514
 -0.0296691 0.000359063  -0.0380551
  -0.029636 0.000359815   -0.038058
 -0.0296031 0.000360585  -0.0380612
  -0.029571 0.000361338  -0.0380649
 -0.0295389 0.000362111  -0.0380682
 -0.0295076 0.000362868   -0.038072
-0.0294765 0.00036363 -0.0380758
-0.0294453 0.00036441 -0.0380792
 -0.0294148 0.000365175  -0.0380831
 -0.0293843 0.000365959  -0.0380865
 -0.0293545 0.000366726  -0.0380903
 -0.0293249 0.000367498  -0.0380942
 -0.0292952 0.000368289  -0.0380976
 -0.0292663 0.000369062  -0.0381015
 -0.0292373 0.000369855  -0.0381048
 -0.0292091 0.000370632  -0.0381086
  -0.029181 0.000371414  -0.0381124
 -0.0291528 0.000372212  -0.0381158
 -0.0291254 0.000372994  -0.0381197
 -0.0290979 0.000373783  -0.0381229
 -0.0290712 0.000374554  -0.0381267
 -0.0290446 0.000375342  -0.0381305
 -0.0290181 0.000376148   -0.038134
 -0.0289923 0.000376938  -0.0381379
 -0.0289663 0.000377733  -0.0381412
 -0.0289412 0.000378512   -0.038145
 -0.0289163 0.000379306  -0.0381489
 -0.0288913 0.000380119  -0.0381524
 -0.0288672 0.000380915  -0.0381564
 -0.0288429 0.000381718  -0.0381598
 -0.0288194 0.000382504  -0.0381637
 -0.0287961 0.000383308  -0.0381676
 -0.0287728 0.000384134  -0.0381712
 -0.0287502 0.000384943  -0.0381752
 -0.0287276 0.000385775  -0.0381788
-0.0287058 0.00038659 -0.0381828
 -0.0286838 0.000387412   -0.038186
 -0.0286621 0.000388254  -0.0381896
 -0.0286411 0.000389077  -0.0381936
 -0.0286201 0.000389923  -0.0381972
    -0.0286 0.000390752  -0.0382013
   -0.02858 0.000391586  -0.0382055
   -0.02856 0.000392439  -0.0382093
 -0.0285408 0.000393276  -0.0382135
 -0.0285214 0.000394133  -0.0382172
 -0.0285029 0.000394973  -0.0382214
 -0.0284846 0.000395818  -0.0382256
 -0.0284661 0.000396682  -0.0382293
 -0.0284485 0.000397528  -0.0382335
 -0.0284307 0.000398395  -0.0382371
 -0.0284138 0.000399244  -0.0382413
  -0.028397 0.000400098  -0.0382454
 -0.0283801 0.000400971  -0.0382491
 -0.0283641 0.000401826  -0.0382533
 -0.0283478 0.000402687  -0.0382568
-0.0283324 0.00040353 -0.0382609
 -0.0283172 0.000404391   -0.038265
 -0.0283019 0.000405272  -0.0382687
 -0.0282875 0.000406135  -0.0382729
 -0.0282729 0.000407005  -0.0382765
 -0.0282591 0.000407857  -0.0382806
 -0.0282455 0.000408726  -0.0382848
 -0.0282319 0.000409615  -0.0382885
  -0.028219 0.000410486  -0.0382928
 -0.0282061 0.000411376  -0.0382965
  -0.028194 0.000412249  -0.0383007
 -0.0281821 0.000413126  -0.0383049
 -0.0281701 0.000414021  -0.0383087
 -0.0281589 0.000414898   -0.038313
 -0.0281476 0.000415795  -0.0383167
 -0.0281371 0.000416674  -0.0383209
 -0.0281264 0.000417562  -0.0383245
 -0.028116 0.00041847 -0.0383282
 -0.0281063 0.000419361  -0.0383324
 -0.0280966 0.000420275  -0.0383361
 -0.0280877 0.000421171  -0.0383404
 -0.0280787 0.000422075  -0.0383441
 -0.0280704 0.000422961  -0.0383483
 -0.0280624 0.000423867  -0.0383525
 -0.0280543 0.000424796  -0.0383564
  -0.028047 0.000425707  -0.0383607
 -0.0280395 0.000426625  -0.0383643
 -0.0280322 0.000427563  -0.0383681
 -0.0280257 0.000428481  -0.0383723
 -0.0280191 0.000429422  -0.0383761
 -0.0280134 0.000430343  -0.0383804
 -0.0280075 0.000431272   -0.038384
 -0.0280024 0.000432182  -0.0383883
 -0.0279975 0.000433111  -0.0383925
 -0.0279925 0.000434062  -0.0383963
 -0.0279883 0.000434993  -0.0384006
-0.0279842 0.00043593 -0.0384049
   -0.02798 0.000436887  -0.0384087
 -0.0279766 0.000437824   -0.038413
 -0.0279731 0.000438782  -0.0384167
 -0.0279704 0.000439721  -0.0384209
 -0.0279678 0.000440665  -0.0384251
 -0.0279652 0.000441628  -0.0384288
 -0.0279633 0.000442571   -0.038433
 -0.0279613 0.000443535  -0.0384367
  -0.02796 0.00044448 -0.0384408
 -0.0279589 0.000445429  -0.0384449
 -0.0279578 0.000446397  -0.0384486
 -0.0279574 0.000447346  -0.0384528
 -0.0279569 0.000448314  -0.0384563
 -0.0279572 0.000449262  -0.0384605
 -0.0279576 0.000450215  -0.0384645
 -0.0279579 0.000451187  -0.0384682
  -0.027959 0.000452139  -0.0384723
   -0.02796 0.000453112  -0.0384758
 -0.0279617 0.000454065  -0.0384799
 -0.0279636 0.000455026  -0.0384839
 -0.0279654 0.000456009  -0.0384875
  -0.027968 0.000456973  -0.0384915
 -0.0279704 0.000457961   -0.038495
 -0.0279736 0.000458929   -0.038499
  -0.027977 0.000459905   -0.038503
 -0.0279802 0.000460904  -0.0385065
 -0.0279842 0.000461881  -0.0385105
 -0.0279881 0.000462867  -0.0385138
 -0.0279927 0.000463833  -0.0385177
-0.0279974 0.00046482 -0.0385215
 -0.0280021 0.000465829   -0.038525
 -0.0280075 0.000466818  -0.0385289
 -0.0280128 0.000467815  -0.0385322
 -0.0280188 0.000468792  -0.0385359
  -0.028025 0.000469789  -0.0385398
 -0.0280311 0.000470808  -0.0385431
 -0.0280379 0.000471806   -0.038547
 -0.0280446 0.000472813  -0.0385502
 -0.0280514 0.000473838  -0.0385535
  -0.028059 0.000474842  -0.0385572
 -0.0280664 0.000475868  -0.0385605
 -0.0280747 0.000476873  -0.0385643
 -0.0280828 0.000477886  -0.0385675
  -0.028091 0.000478917  -0.0385707
    -0.0281 0.000479927  -0.0385745
 -0.0281089 0.000480959  -0.0385777
 -0.0281185 0.000481969  -0.0385815
 -0.0281279 0.000482986  -0.0385845
 -0.0281375 0.000484021  -0.0385877
 -0.0281478 0.000485035  -0.0385913
 -0.028158 0.00048607 -0.0385945
  -0.028169 0.000487084  -0.0385982
 -0.0281801 0.000488103  -0.0386019
 -0.0281911 0.000489141  -0.0386051
 -0.0282027 0.000490157  -0.0386087
 -0.0282142 0.000491194  -0.0386117
-0.0282265 0.00049221 -0.0386153
 -0.0282384 0.000493233  -0.0386179
 -0.0282505 0.000494278  -0.0386208
-0.0282633  0.0004953 -0.0386241
 -0.028276 0.00049635 -0.0386269
 -0.0282895 0.000497377  -0.0386303
 -0.0283026 0.000498415  -0.0386329
  -0.028316 0.000499475  -0.0386356
 -0.0283301 0.000500513  -0.0386388
  -0.028344 0.000501577  -0.0386416
 -0.0283587 0.000502619  -0.0386449
-0.0283732 0.00050367 -0.0386475
 -0.0283878 0.000504743  -0.0386501
  -0.028403 0.000505793  -0.0386533
 -0.0284182 0.000506869  -0.0386559
  -0.028434 0.000507922  -0.0386591
 -0.0284497 0.000508985  -0.0386615
 -0.0284654 0.000510068   -0.038664
 -0.0284818 0.000511129   -0.038667
 -0.0284981 0.000512214  -0.0386694
 -0.0285151 0.000513277  -0.0386724
 -0.0285321 0.000514346  -0.0386753
  -0.028549 0.000515437  -0.0386777
 -0.0285665 0.000516505  -0.0386806
 -0.0285838 0.000517581  -0.0386827
 -0.0286013 0.000518678  -0.0386848
 -0.0286193 0.000519751  -0.0386874
 -0.0286373 0.000520847  -0.0386895
 -0.0286559 0.000521921  -0.0386922
 -0.0286743 0.000523003  -0.0386941
 -0.0286928 0.000524104  -0.0386961
 -0.0287119 0.000525182  -0.0386986
 -0.0287309 0.000526283  -0.0387005
 -0.0287506 0.000527361   -0.038703
 -0.0287701 0.000528446  -0.0387048
 -0.0287902 0.000529509  -0.0387072
 -0.0288104 0.000530591  -0.0387095
 -0.0288304 0.000531695  -0.0387113
 -0.0288511 0.000532776  -0.0387135
 -0.0288716 0.000533824  -0.0387153
 -0.0288921 0.000534925  -0.0387169
 -0.0289132 0.000536005   -0.038719
 -0.0289342 0.000537114  -0.0387204
 -0.0289558 0.000538201  -0.0387225
 -0.0289774 0.000539298  -0.0387244
 -0.0289989 0.000540421  -0.0387258
  -0.029021 0.000541521  -0.0387277
 -0.0290429 0.000542648   -0.038729
 -0.0290654 0.000543752  -0.0387308
 -0.0290879 0.000544865  -0.0387325
 -0.0291103 0.000546003  -0.0387336
 -0.0291333 0.000547117  -0.0387352
 -0.0291561 0.000548258  -0.0387362
 -0.0291795 0.000549375  -0.0387378
-0.0292029  0.0005505 -0.0387392
 -0.0292261 0.000551649  -0.0387401
   -0.02925 0.000552774  -0.0387415
 -0.0292736 0.000553908  -0.0387421
 -0.0292978 0.000555019  -0.0387433
 -0.0293217 0.000556154  -0.0387437
 -0.0293457 0.000557313  -0.0387443
 -0.0293704 0.000558448  -0.0387453
 -0.0293948 0.000559609  -0.0387459
 -0.0294199 0.000560745  -0.0387471
 -0.029445  0.0005611 -0.0387475
-0.0294705 0.00056228 -0.0387487
 -0.0294962 0.000562654  -0.0387496
 -0.0295218 0.000563085  -0.0387499
 -0.0295478 0.000563532  -0.0387507
 -0.0295736 0.000564034  -0.0387509
 -0.0295999 0.000564545  -0.0387516
-0.0296262 0.00056509 -0.0387522
 -0.0296523 0.000565685  -0.0387521
 -0.0296789 0.000566283  -0.0387526
 -0.0297052 0.000566912  -0.0387523
 -0.0297321 0.000567543  -0.0387526
  -0.029759 0.000568215  -0.0387528
 -0.0297856 0.000568931  -0.0387524
 -0.0298128 0.000569644  -0.0387526
 -0.0298397 0.000570384   -0.038752
 -0.0298672 0.000571119   -0.038752
 -0.0298946 0.000571891  -0.0387519
 -0.0299219 0.000572704  -0.0387513
 -0.0299496 0.000573511  -0.0387513
 -0.0299772 0.000574342  -0.0387504
 -0.0300053 0.000575165  -0.0387502
 -0.0300333 0.000576026  -0.0387499
 -0.0300612 0.000576927   -0.038749
 -0.0300895 0.000577818  -0.0387487
-0.0301177 0.00057873 -0.0387476
-0.0301463 0.00057963 -0.0387472
  -0.030175 0.000580565  -0.0387466
 -0.0302034 0.000581538  -0.0387455
 -0.0302324 0.000582496  -0.0387449
 -0.0302611 0.000583472  -0.0387435
 -0.0302904 0.000584433  -0.0387428
 -0.0303196 0.000585425  -0.0387419
 -0.0303486 0.000586451  -0.0387405
 -0.0303781 0.000587462  -0.0387396
 -0.0304074 0.000588486   -0.038738
 -0.0304372 0.000589493   -0.038737
-0.0304669 0.00059053 -0.0387358
 -0.0304965 0.000591597  -0.0387341
 -0.0305265 0.000592646  -0.0387329
 -0.0305563 0.000593708  -0.0387309
-0.0305866 0.00059475 -0.0387296
 -0.0306169 0.000595819  -0.0387281
 -0.0306469 0.000596917  -0.0387261
 -0.0306774 0.000597994  -0.0387246
 -0.0307077 0.000599083  -0.0387223
-0.0307385 0.00060015 -0.0387206
 -0.0307692 0.000601242  -0.0387188
 -0.0307997 0.000602362  -0.0387164
-0.0308307 0.00060346 -0.0387145
 -0.0308614 0.000604568  -0.0387119
 -0.0308926 0.000605653  -0.0387099
 -0.0309238 0.000606762  -0.0387077
 -0.0309547 0.000607897  -0.0387049
 -0.0309861 0.000609008  -0.0387027
 -0.0310175 0.000610128  -0.0387003
 -0.0310486 0.000611272  -0.0386973
 -0.0310802 0.000612393  -0.0386948
 -0.0311115 0.000613543  -0.0386917
-0.0311433 0.00061467 -0.0386891
 -0.0311747 0.000615808  -0.0386856
 -0.0312062 0.000616975  -0.0386821
 -0.0312381 0.000618118  -0.0386791
 -0.0312698 0.000619292  -0.0386756
 -0.0313019 0.000620443  -0.0386728
 -0.0313341 0.000621602  -0.0386697
 -0.031366 0.00062279  -0.038666
 -0.0313984 0.000623952  -0.0386629
 -0.0314304 0.000625146  -0.0386591
 -0.0314629 0.000626313  -0.0386558
 -0.0314953 0.000627489  -0.0386523
 -0.0315275 0.000628691  -0.0386482
 -0.0315601 0.000629868  -0.0386446
 -0.0315923 0.000631074  -0.0386403
  -0.031625 0.000632254  -0.0386366
 -0.0316577 0.000633442  -0.0386326
 -0.0316901 0.000634656   -0.038628
 -0.0317229 0.000635844   -0.038624
-0.0317554 0.00063704 -0.0386191
 -0.0317884 0.000638211  -0.0386149
 -0.0318213 0.000639405  -0.0386105
 -0.0318539 0.000640628  -0.0386054
 -0.0318869 0.000641824   -0.038601
 -0.0319196 0.000643028  -0.0385957
 -0.0319527 0.000644205   -0.038591
 -0.0319858 0.000645407  -0.0385862
 -0.0320185 0.000646635  -0.0385808
 -0.0320517 0.000647836  -0.0385759
 -0.0320845 0.000649044  -0.0385702
 -0.0321178 0.000650226  -0.0385651
-0.0321509 0.00065143 -0.0385598
 -0.0321838 0.000652661   -0.038554
  -0.032217 0.000653865  -0.0385487
 -0.0322499 0.000655094  -0.0385426
 -0.0322832 0.000656296  -0.0385372
 -0.0323164 0.000657504  -0.0385315
 -0.0323493 0.000658737  -0.0385252
 -0.0323826 0.000659942  -0.0385195
 -0.0324155 0.000661178   -0.038513
 -0.0324488 0.000662386  -0.0385071
 -0.0324817 0.000663607  -0.0385002
 -0.0325146 0.000664856  -0.0384934
 -0.0325479 0.000666078  -0.0384871
 -0.0325809 0.000667332  -0.0384802
 -0.0326143 0.000668559  -0.0384739
 -0.0326476 0.000669796  -0.0384674
 -0.0326807 0.000671063  -0.0384603
 -0.0327141 0.000672301  -0.0384537
 -0.0327471 0.000673571  -0.0384464
 -0.0327806 0.000674813  -0.0384397
 -0.0328136 0.000676066  -0.0384322
 -0.0328466 0.000677345  -0.0384245
   -0.03288 0.000678596  -0.0384174
  -0.032913 0.000679879  -0.0384096
 -0.0329464 0.000681132  -0.0384025
 -0.0329795 0.000682396  -0.0383945
 -0.0330124 0.000683687  -0.0383864
 -0.0330457 0.000684949  -0.0383788
 -0.0330787 0.000686244  -0.0383706
-0.0331121 0.00068751 -0.0383631
 -0.0331451 0.000688789  -0.0383547
 -0.0331786 0.000690038  -0.0383469
 -0.0332118 0.000691317  -0.0383388
 -0.0332447 0.000692627  -0.0383302
  -0.033278 0.000693908  -0.0383221
 -0.0333108 0.000695201  -0.0383131
 -0.0333436 0.000696521   -0.038304
-0.0333767 0.00069781 -0.0382954
 -0.0334094 0.000699132  -0.0382862
 -0.0334425 0.000700423  -0.0382776
 -0.0334752 0.000701724   -0.038268
 -0.0335082 0.000702996   -0.038259
 -0.0335412 0.000704295    -0.03825
 -0.0335738 0.000705625  -0.0382403
 -0.0336068 0.000706924  -0.0382312
 -0.0336393 0.000708233  -0.0382213
-0.0336718 0.00070957 -0.0382112
 -0.0337046 0.000710877  -0.0382017
  -0.033737 0.000712218  -0.0381915
-0.0337698 0.00071353  -0.038182
 -0.0338023 0.000713914  -0.0381715
 -0.0338353 0.000714318  -0.0381617
 -0.0338681 0.000714798  -0.0381516
 -0.0339004 0.000715353  -0.0381409
 -0.0339331 0.000715919  -0.0381307
 -0.0339654 0.000716532  -0.0381197
  -0.033998 0.000717151  -0.0381093
 -0.0340304 0.000717833  -0.0380987
 -0.0340623 0.000718578  -0.0380874
 -0.0340946 0.000719325  -0.0380766
-0.0341265 0.00072011  -0.038065
 -0.0341588 0.000720892   -0.038054
 -0.0341904 0.000721729  -0.0380421
 -0.034222 0.00072262 -0.0380301
 -0.0342538 0.000723506  -0.0380187
 -0.0342853 0.000724447  -0.0380067
-0.0343171 0.00072538 -0.0379953
 -0.0343486 0.000726344  -0.0379831
 -0.0343798 0.000727355  -0.0379707
 -0.0344114 0.000728355  -0.0379589
 -0.0344426 0.000729405  -0.0379465
-0.0344741 0.00073044 -0.0379347
 -0.0345052 0.000731502  -0.0379218
 -0.0345361 0.000732608   -0.037909
 -0.0345674 0.000733697  -0.0378967
 -0.0345983 0.000734831  -0.0378837
 -0.0346296 0.000735948  -0.0378714
 -0.0346607 0.000737084  -0.0378588
 -0.0346914 0.000738262  -0.0378456
 -0.0347224 0.000739419  -0.0378329
  -0.034753 0.000740598  -0.0378194
 -0.0347839 0.000741747  -0.0378065
 -0.0348143 0.000742868  -0.0377926
 -0.0348445 0.000743969  -0.0377786
 -0.0348751 0.000745044  -0.0377651
 -0.0349053 0.000746128  -0.0377511
 -0.0349358 0.000747186  -0.0377376
 -0.0349661 0.000748226  -0.0377239
  -0.034996 0.000749275  -0.0377095
 -0.0350263 0.000750299  -0.0376957
  -0.035056 0.000751342   -0.037681
 -0.0350861 0.000752358  -0.0376671
 -0.0351156 0.000753367   -0.037652
 -0.0351451 0.000754383  -0.0376369
 -0.0351748 0.000755373  -0.0376224
 -0.0352041 0.000756381  -0.0376072
 -0.0352338 0.000757363  -0.0375927
 -0.0352629 0.000758334  -0.0375771
 -0.0352919 0.000759313  -0.0375615
 -0.0353213 0.000760265  -0.0375465
 -0.0353502 0.000761235  -0.0375308
 -0.0353794 0.000762178  -0.0375157
-0.0354082 0.00076311 -0.0374998
 -0.0354368 0.000764048  -0.0374837
-0.0354657 0.00076496 -0.0374682
 -0.0354942 0.000765888  -0.0374519
  -0.035523 0.000766789  -0.0374363
 -0.0355512 0.000767709  -0.0374199
 -0.0355793 0.000768611  -0.0374032
 -0.0356077 0.000769487  -0.0373871
 -0.0356356 0.000770373  -0.0373702
 -0.0356639 0.000771232   -0.037354
 -0.0356917 0.000772079  -0.0373368
-0.0357193 0.00077293 -0.0373195
 -0.0357472 0.000773756  -0.0373027
 -0.0357747 0.000774596  -0.0372853
-0.0358025 0.00077541 -0.0372685
 -0.0358301 0.000776209  -0.0372513
 -0.0358573 0.000777017  -0.0372335
 -0.0358847 0.000777798  -0.0372163
 -0.0359117 0.000778597  -0.0371983
  -0.035939 0.000779369  -0.0371808
  -0.035966 0.000780125   -0.037163
 -0.0359926 0.000780892  -0.0371446
 -0.0360195 0.000781632  -0.0371266
 -0.036046 0.00078236 -0.0371078
 -0.0360722 0.000783096  -0.0370888
 -0.0360987 0.000783807  -0.0370704
 -0.0361248 0.000784541  -0.0370512
-0.0361511 0.00078525 -0.0370327
  -0.036177 0.000785955  -0.0370134
 -0.0362033 0.000786636  -0.0369947
 -0.0362292 0.000787334  -0.0369757
-0.0362547 0.00078806  -0.036956
 -0.0362805 0.000788762  -0.0369369
 -0.0363058 0.000789461  -0.0369169
 -0.0363308 0.000790177  -0.0368967
 -0.0363561 0.000790868  -0.0368771
 -0.0363809 0.000791586  -0.0368568
-0.0364061 0.00079228 -0.0368371
-0.0364307 0.00079297 -0.0368165
 -0.0364557 0.000793636  -0.0367966
 -0.0364804 0.000794319  -0.0367764
 -0.0365047 0.000795029  -0.0367556
 -0.0365292 0.000795715  -0.0367353
 -0.0365532 0.000796397  -0.0367141
  -0.036577 0.000797096  -0.0366927
 -0.036601 0.00079777 -0.0366719
 -0.0366246 0.000798656  -0.0366504
 -0.0366484 0.000799583  -0.0366295
 -0.0366718 0.000800677  -0.0366078
 -0.0366955 0.000801801  -0.0365867
 -0.0367189 0.000803079  -0.0365653
 -0.0367418 0.000804512  -0.0365432
  -0.036765 0.000805941  -0.0365217
 -0.0367877 0.000807445  -0.0364994
 -0.0368108 0.000808931  -0.0364776
 -0.0368335 0.000810515  -0.0364556
 -0.0368557 0.000812186  -0.0364329
 -0.0368783 0.000813823  -0.0364107
 -0.0369003 0.000815499  -0.0363877
 -0.0369222 0.000816214  -0.0363644
 -0.0369444 0.000816932  -0.0363417
 -0.0369661 0.000817737  -0.0363183
  -0.036988 0.000818536  -0.0362955
-0.0370094 0.00081938 -0.0362717
 -0.0370307 0.000820292  -0.0362479
 -0.0370521 0.000821195  -0.0362246
 -0.0370731 0.000822179  -0.0362007
 -0.0370944 0.000823146  -0.0361773
 -0.0371155 0.000824142  -0.0361537
  -0.037136 0.000825202  -0.0361293
 -0.0371569 0.000826242  -0.0361056
 -0.0371772 0.000827354   -0.036081
 -0.0371977 0.000828443   -0.036057
  -0.037218 0.000829558  -0.0360327
 -0.0372379 0.000830722  -0.0360077
 -0.037258 0.00083186 -0.0359832
 -0.0372775 0.000833055  -0.0359579
 -0.0372973 0.000834223  -0.0359333
 -0.0373169 0.000835406  -0.0359082
  -0.037336 0.000836638  -0.0358825
 -0.0373553 0.000837839  -0.0358574
-0.0373741 0.00083909 -0.0358314
 -0.0373931 0.000840308  -0.0358061
  -0.037412 0.000841534  -0.0357804
 -0.0374304 0.000841755   -0.035754
  -0.037449 0.000841997  -0.0357282
 -0.0374672 0.000842331  -0.0357016
 -0.0374855 0.000842999  -0.0356756
 -0.0375036 0.000844889  -0.0356493
 -0.0375212 0.000848191  -0.0356223
 -0.0375389 0.000851929  -0.0355959
 -0.0375561 0.000856907  -0.0355686
 -0.0375737 0.000862336  -0.0355419
 -0.0375908 0.000868898   -0.035515
 -0.0376074 0.000876671  -0.0354875
 -0.0376241 0.000884565  -0.0354605
 -0.0376403 0.000893486  -0.0354328
 -0.0376569 0.000902709  -0.0354056
 -0.0376732 0.000912959  -0.0353781
 -0.0376891 0.000924158    -0.03535
-0.0377052 0.00093558 -0.0353225
 -0.037721 0.00094777 -0.0352942
-0.0377363 0.00096021 -0.0352657
 -0.0377518 0.000972778  -0.0352377
 -0.0377669 0.000985997  -0.0352091
 -0.0377824 0.000999292  -0.0351811
-0.0377977 0.00101313 -0.0351528
-0.0378126 0.00102743 -0.0351238
-0.0378278 0.00104172 -0.0350954
-0.0378426 0.00105636 -0.0350662
-0.0378577 0.00107091 -0.0350376
-0.0378726 0.00108573 -0.0350086
-0.0378871 0.00110071 -0.0349789
-0.0379018 0.00111553 -0.0349497
 -0.037916 0.00113041 -0.0349198
-0.0379305 0.00114507 -0.0348904
-0.0379448 0.00115974 -0.0348606
-0.0379586 0.00117431 -0.0348301
-0.0379727 0.00118859 -0.0348002
-0.0379862 0.00120269 -0.0347694
-0.0379999 0.00121646 -0.0347392
-0.0380135 0.00123004 -0.0347086
-0.0380266 0.00124329 -0.0346773
-0.0380399 0.00125619 -0.0346466
-0.0380526  0.0012687  -0.034615
-0.0380655 0.00128083  -0.034584
-0.0380779 0.00129259  -0.034552
-0.0380901 0.00130387 -0.0345198
-0.0381025 0.00131477 -0.0344881
-0.0381144 0.00132513 -0.0344558
-0.0381265 0.00133509 -0.0344241
-0.0381384 0.00134457 -0.0343919
-0.0381498 0.00135348 -0.0343592
-0.0381614 0.00136199 -0.0343269
-0.0381725 0.00136989 -0.0342938
-0.0381838  0.0013774 -0.0342614
-0.0381945 0.00138438 -0.0342279
 -0.038205 0.00139074 -0.0341943
-0.0382157 0.00139674 -0.0341611
-0.0382258 0.00140211 -0.0341274
-0.0382362 0.00140713 -0.0340942
-0.0382461 0.00141161   -0.03406
-0.0382557  0.0014155 -0.0340257
-0.0382656 0.00141907 -0.0339919
-0.0382749 0.00142205 -0.0339574
-0.0382845 0.00142477 -0.0339235
-0.0382939 0.00142701 -0.0338893
-0.0383028 0.00142874 -0.0338544
-0.0383118 0.00143025   -0.03382
-0.0383203 0.00143127 -0.0337848
-0.0383291 0.00143212 -0.0337501
-0.0383375 0.00143257 -0.0337151
-0.0383455 0.00143261 -0.0336794
-0.0383537 0.00143252 -0.0336441
-0.0383614 0.00143206 -0.0336081
-0.0383692  0.0014315 -0.0335727
-0.0383768 0.00143066 -0.0335369
 -0.038384 0.00142953 -0.0335004
-0.0383913 0.00142836 -0.0334643
-0.0383986 0.00142744 -0.0334274
-0.0384056 0.00142632 -0.0333902
-0.0384127 0.00142518 -0.0333536
-0.0384193 0.00142387 -0.0333162
-0.0384261 0.00142257 -0.0332794
-0.0384323 0.00142114 -0.0332417
-0.0384383 0.00141961 -0.0332038
-0.0384444 0.00141815 -0.0331664
  -0.03845 0.00141664 -0.0331284
-0.0384558 0.00141523 -0.0330909
-0.0384611 0.00141381 -0.0330527
 -0.038466 0.00141245 -0.0330141
-0.0384712 0.00141122 -0.0329761
-0.0384758 0.00141009 -0.0329374
-0.0384806 0.00140913 -0.0328992
-0.0384849 0.00140829 -0.0328602
-0.0384894 0.00140762 -0.0328218
-0.0384936 0.00140716 -0.0327831
-0.0384972 0.00140692 -0.0327437
-0.0385011  0.0014069 -0.0327048
-0.0385043 0.00140715 -0.0326651
-0.0385077 0.00140764  -0.032626
-0.0385109 0.00140838 -0.0325865
-0.0385136 0.00140943 -0.0325464
-0.0385164 0.00141074 -0.0325067
-0.0385188  0.0014124 -0.0324663
-0.0385209  0.0014144 -0.0324256
-0.0385231 0.00141668 -0.0323853
 -0.038525 0.00141936 -0.0323444
 -0.038527 0.00142232 -0.0323041
-0.0385287 0.00142564  -0.032263
-0.0385305 0.00142923 -0.0322225
-0.0385321 0.00143326 -0.0321816
-0.0385332 0.00143774 -0.0321401
-0.0385345 0.00144248 -0.0320991
-0.0385352 0.00144769 -0.0320574
-0.0385361 0.00145315 -0.0320161
-0.0385368 0.00145901 -0.0319745
 -0.038537 0.00146531 -0.0319323
-0.0385374 0.00147184 -0.0318905
-0.0385373 0.00147882  -0.031848
-0.0385373 0.00148603  -0.031806
-0.0385372 0.00149361 -0.0317636
-0.0385366 0.00150159 -0.0317206
-0.0385361 0.00150978  -0.031678
-0.0385352 0.00151836 -0.0316347
-0.0385344 0.00152713 -0.0315919
-0.0385331 0.00153622 -0.0315482
-0.0385317 0.00154566 -0.0315044
  -0.03853 0.00155477 -0.0314611
-0.0385279 0.00156423 -0.0314171
 -0.038526 0.00157386 -0.0313737
 -0.038524 0.00158379   -0.03133
-0.0385215 0.00159405 -0.0312856
-0.0385193 0.00160445 -0.0312417
-0.0385166 0.00161515 -0.0311971
-0.0385141 0.00162595 -0.0311522
-0.0385111 0.00163697 -0.0311038
-0.0385078 0.00164823 -0.0310527
-0.0385046 0.00165956 -0.0309999
-0.0385008 0.00167107 -0.0309447
 -0.038497  0.0016826 -0.0308894
-0.0384927 0.00169424 -0.0308326
-0.0384878 0.00170599 -0.0307762
-0.0384829 0.00171774  -0.030721
-0.0384772 0.00172958 -0.0306666
-0.0384714 0.00174142 -0.0306138
-0.0384645 0.00175334 -0.0305618
-0.0384576 0.00176526 -0.0305115
-0.0384498 0.00177724  -0.030462
-0.0384411 0.00178929 -0.0304129
-0.0384321 0.00180131  -0.030365
-0.0384219 0.00181338 -0.0303169
-0.0384115 0.00182543 -0.0302698
-0.0384003 0.00183749 -0.0302228
 -0.038388 0.00184957 -0.0301752
-0.0383755  0.0018616 -0.0301285
-0.0383619 0.00187361  -0.030081
-0.0383475 0.00188559 -0.0300333
-0.0383329 0.00189752 -0.0299866
-0.0383174 0.00190938 -0.0299392
-0.0383018 0.00192118 -0.0298928
-0.0382854  0.0019329 -0.0298456
-0.0382684 0.00194453 -0.0297983
-0.0382512 0.00195608  -0.029752
-0.0382333 0.00196751  -0.029705
-0.0382153 0.00197885 -0.0296591
-0.0381967 0.00199007 -0.0296122
-0.0381775 0.00200115 -0.0295651
-0.0381585 0.00201212 -0.0295189
-0.0381387 0.00202294 -0.0294718
 -0.038119 0.00203365 -0.0294257
-0.0380987 0.00204418 -0.0293785
-0.0380785  0.0020546 -0.0293323
 -0.038058 0.00206486 -0.0292856
-0.0380371 0.00207493 -0.0292377
-0.0380163 0.00208488 -0.0291907
 -0.037995 0.00209464 -0.0291422
-0.0379739 0.00210428 -0.0290949
-0.0379527 0.00211374 -0.0290468
-0.0379311 0.00212297 -0.0289975
-0.0379097 0.00213207 -0.0289492
 -0.037888 0.00214094 -0.0288993
-0.0378664 0.00214968 -0.0288506
-0.0378448  0.0021582 -0.0288011
 -0.037823 0.00216649 -0.0287504
-0.0378013 0.00217466 -0.0287005
-0.0377794 0.00218264 -0.0286492
-0.0377576 0.00219051 -0.0285991
-0.0377359  0.0021982  -0.028548
-0.0377139  0.0022057 -0.0284956
-0.0376921 0.00221311  -0.028444
  -0.03767 0.00222035 -0.0283909
-0.0376481 0.00222752  -0.028339
-0.0376262 0.00223454  -0.028286
 -0.037604 0.00224141 -0.0282316
-0.0375819 0.00224821 -0.0281781
-0.0375596 0.00225487  -0.028123
-0.0375374 0.00226148  -0.028069
-0.0375151 0.00226798  -0.028014
-0.0374926 0.00227436 -0.0279575
-0.0374701  0.0022807 -0.0279019
-0.0374474 0.00228694 -0.0278447
-0.0374247 0.00229315 -0.0277887
-0.0374019 0.00229929 -0.0277316
-0.0373789 0.00230536 -0.0276731
-0.0373558 0.00231141 -0.0276154
-0.0373324  0.0023174 -0.0275562
 -0.037309 0.00232338 -0.0274981
-0.0372855 0.00232933 -0.0274389
-0.0372617 0.00233524 -0.0273784
-0.0372377 0.00234117 -0.0273186
-0.0372135 0.00234706 -0.0272574
-0.0371891 0.00235294 -0.0271954
-0.0371645 0.00235885 -0.0271342
-0.0371396 0.00236476 -0.0270716
-0.0371146  0.0023707 -0.0270102
-0.0370893 0.00237663 -0.0269473
-0.0370637 0.00238259 -0.0268838
-0.0370379 0.00238859  -0.026821
-0.0370117 0.00239462 -0.0267569
-0.0369854 0.00240069 -0.0266939
-0.0369587 0.00240678 -0.0266294
-0.0369319 0.00241291 -0.0265659
-0.0369047  0.0024191 -0.0265014
 -0.036877 0.00242536 -0.0264357
-0.0368491 0.00243168 -0.0263707
-0.0368208 0.00243806 -0.0263042
-0.0367922 0.00244453 -0.0262371
-0.0367634 0.00245108 -0.0261707
 -0.036734 0.00245773 -0.0261032
-0.0367045 0.00246445 -0.0260367
-0.0366745 0.00247124 -0.0259689
-0.0366441 0.00247815 -0.0259006
-0.0366136 0.00248512 -0.0258332
-0.0365825  0.0024922 -0.0257646
-0.0365512 0.00249934  -0.025697
-0.0365194 0.00250656 -0.0256282
-0.0364872  0.0025139 -0.0255589
-0.0364549 0.00252129 -0.0254903
-0.0364219 0.00252878 -0.0254207
-0.0363888 0.00253633  -0.025352
-0.0363551 0.00254394 -0.0252821
-0.0363211 0.00255167 -0.0252118
-0.0362868 0.00255943 -0.0251422
 -0.036252 0.00256728 -0.0250716
 -0.036217 0.00257517 -0.0250019
-0.0361815 0.00258311 -0.0249311
-0.0361455 0.00259115 -0.0248599
-0.0361094  0.0025992 -0.0247895
-0.0360727 0.00260733 -0.0247181
-0.0360359 0.00261547 -0.0246477
-0.0359985 0.00262365 -0.0245761
-0.0359606 0.00263189 -0.0245043
-0.0359227 0.00264013 -0.0244331
-0.0358841 0.00264843 -0.0243612
-0.0358454 0.00265671 -0.0242901
-0.0358062 0.00266501 -0.0242179
-0.0357666 0.00267335 -0.0241456
-0.0357268 0.00268167 -0.0240739
-0.0356865 0.00269001 -0.0240014
 -0.035646 0.00269833 -0.0239298
 -0.035605 0.00270663 -0.0238572
-0.0355636 0.00271494 -0.0237844
-0.0355221 0.00272322 -0.0237123
  -0.03548  0.0027315 -0.0236394
-0.0354379 0.00273976 -0.0235673
-0.0353952 0.00274801 -0.0234943
-0.0353521 0.00275626 -0.0234211
-0.0353089 0.00276449 -0.0233486
-0.0352652 0.00277271 -0.0232753
-0.0352214 0.00278091 -0.0232029
 -0.035177 0.00278907 -0.0231296
-0.0351324 0.00279721 -0.0230561
-0.0350876 0.00280533 -0.0229832
-0.0350423  0.0028134 -0.0229097
-0.0349969 0.00282144 -0.0228369
 -0.034951 0.00282943 -0.0227633
-0.0349048 0.00283737 -0.0226895
-0.0348585 0.00284527 -0.0226163
-0.0348117 0.00285311 -0.0225425
-0.0347649 0.00286091 -0.0224694
-0.0347175 0.00286863 -0.0223955
-0.0346702  0.0028763 -0.0223223
-0.0346224 0.00288391 -0.0222489
-0.0345742 0.00289144 -0.0221748
-0.0345259 0.00289893 -0.0221013
-0.0344771 0.00290632  -0.022027
-0.0344283 0.00291365 -0.0219533
-0.0343791 0.00292091 -0.0218794
-0.0343295 0.00292808 -0.0218049
-0.0342798  0.0029352  -0.021731
-0.0342296 0.00294221 -0.0216563
-0.0341795 0.00294917 -0.0215823
 -0.034129 0.00295604 -0.0215081
 -0.034078 0.00296281 -0.0214333
 -0.034027 0.00296953 -0.0213591
-0.0339755 0.00297614 -0.0212841
-0.0339237 0.00298265  -0.021209
-0.0338719 0.00298911 -0.0211345
-0.0338197 0.00299547 -0.0210594
-0.0337674 0.00300177  -0.020985
-0.0337148 0.00300797 -0.0209099
-0.0336619 0.00301407 -0.0208349
-0.0336091 0.00302012 -0.0207609
-0.0335561 0.00302609 -0.0206869
-0.0335033 0.00303203 -0.0206143
-0.0334504  0.0030379 -0.0205422
-0.0333976  0.0030437 -0.0204706
 -0.033345 0.00304949 -0.0204003
-0.0332923 0.00305522 -0.0203304
  -0.03324 0.00306094  -0.020262
 -0.033188 0.00306661 -0.0201941
 -0.033136 0.00307223 -0.0201267
-0.0330844 0.00307784 -0.0200605
-0.0330328 0.00308341 -0.0199945
-0.0329817 0.00308899 -0.0199295
-0.0329309 0.00309451  -0.019865
-0.0328802 0.00310001 -0.0198007
-0.0328299  0.0031055 -0.0197372
-0.0327797 0.00311097 -0.0196738
-0.0327299 0.00311645 -0.0196112
-0.0326801 0.00312188 -0.0195483
-0.0326307  0.0031273 -0.0194861
-0.0325816 0.00313273 -0.0194247
-0.0325326 0.00313814 -0.0193634
-0.0324839 0.00314356  -0.019303
-0.0324354 0.00314896 -0.0192428
 -0.032387 0.00315435 -0.0191827
-0.0323388 0.00315975 -0.0191233
-0.0322906 0.00316515 -0.0190639
-0.0322427 0.00317056 -0.0190052
-0.0321948 0.00317595 -0.0189466
-0.0321469 0.00318134 -0.0188881
-0.0320992 0.00318674 -0.0188302
-0.0320513 0.00319211  -0.018772
-0.0320036  0.0031975 -0.0187145
-0.0319559 0.00320289 -0.0186573
 -0.031908 0.00320828 -0.0186004
-0.0318602 0.00321369  -0.018544
-0.0318121 0.00321911 -0.0184877
-0.0317642 0.00322454  -0.018432
 -0.031716    0.00323 -0.0183763
-0.0316676 0.00323543 -0.0183208
-0.0316193 0.00324088 -0.0182659
-0.0315706 0.00324635 -0.0182111
-0.0315221 0.00325186 -0.0181568
-0.0314733  0.0032574 -0.0181027
-0.0314242 0.00326297 -0.0180487
-0.0313751 0.00326858 -0.0179952
-0.0313256 0.00327424 -0.0179417
-0.0312762 0.00327993 -0.0178888
-0.0312265 0.00328566 -0.0178361
-0.0311764 0.00329142 -0.0177835
-0.0311264 0.00329722 -0.0177313
-0.0310759 0.00330307 -0.0176793
-0.0310255 0.00330895 -0.0176278
-0.0309746 0.00331484 -0.0175762
-0.0309234 0.00332078 -0.0175251
-0.0308724 0.00332674 -0.0174744
-0.0308208 0.00333274  -0.017424
-0.0307694 0.00333877 -0.0173741
-0.0307176  0.0033448 -0.0173241
-0.0306658 0.00335086 -0.0172745
-0.0306138 0.00335695 -0.0172254
-0.0305613 0.00336306 -0.0171766
-0.0305089 0.00336918 -0.0171283
-0.0304561  0.0033753 -0.0170798
-0.0304035 0.00338143 -0.0170318
-0.0303506 0.00338759 -0.0169842
-0.0302972 0.00339375  -0.016937
 -0.030244 0.00339991 -0.0168901
-0.0301904 0.00340606 -0.0168432
 -0.030137 0.00341221 -0.0167966
-0.0300833 0.00341837 -0.0167505
-0.0300292 0.00342452 -0.0167046
-0.0299753 0.00343066 -0.0166591
-0.0299211 0.00343678 -0.0166136
-0.0298671 0.00344288 -0.0165684
-0.0298129 0.00344898 -0.0165237
-0.0297583 0.00345505 -0.0164793
 -0.029704 0.00346111 -0.0164352
-0.0296493 0.00346713  -0.016391
-0.0295945 0.00347312 -0.0163474
-0.0295399 0.00347909  -0.016304
-0.0294851 0.00348505 -0.0162609
-0.0294305 0.00349102 -0.0162181
-0.0293758 0.00349697 -0.0161756
-0.0293209 0.00350293 -0.0161332
-0.0292662 0.00350889 -0.0160911
-0.0292113 0.00351486 -0.0160491
-0.0291567 0.00352084 -0.0160074
-0.0291018  0.0035268 -0.0159656
-0.0290469 0.00353277 -0.0159242
-0.0289923 0.00353874 -0.0158831
-0.0289374 0.00354471 -0.0158421
-0.0288829 0.00355069 -0.0158016
-0.0288282 0.00355665 -0.0157609
-0.0287734 0.00356261 -0.0157206
-0.0287189 0.00356857 -0.0156806
-0.0286643 0.00357453 -0.0156407
  -0.02861 0.00358049 -0.0156011
-0.0285556 0.00358643 -0.0155617
-0.0285012 0.00359236 -0.0155224
 -0.028447 0.00359829 -0.0154833
-0.0283927  0.0036042 -0.0154442
-0.0283387 0.00361012 -0.0154054
-0.0282847 0.00361601 -0.0153667
-0.0282305 0.00362188  -0.015328
-0.0281767 0.00362774 -0.0152896
-0.0281228 0.00363357 -0.0152511
-0.0280692 0.00363939  -0.015213
-0.0280154 0.00364516 -0.0151745
-0.0279616 0.00365091 -0.0151364
-0.0279082 0.00365663 -0.0150986
-0.0278547 0.00366232 -0.0150608
-0.0278015 0.00366799 -0.0150234
-0.0277481  0.0036736 -0.0149856
-0.0276948 0.00367917 -0.0149482
-0.0276418 0.00368472 -0.0149111
-0.0275888 0.00369024 -0.0148739
-0.0275361 0.00369573  -0.014837
-0.0274834 0.00370117 -0.0148002
-0.0274307 0.00370658 -0.0147633
-0.0273782 0.00371197 -0.0147267
-0.0273257 0.00371733 -0.0146898
-0.0272735 0.00372272 -0.0146532
-0.0272211 0.00372809 -0.0146162
-0.0271689 0.00373348 -0.0145795
-0.0271169 0.00373889  -0.014543
-0.0270649 0.00374432 -0.0145064
-0.0270132 0.00374978 -0.0144702
-0.0269615 0.00375526  -0.014434
-0.0269098 0.00376077 -0.0143977
-0.0268584  0.0037663 -0.0143616
-0.0268069 0.00377184 -0.0143252
-0.0267557 0.00377741 -0.0142892
-0.0267046 0.00378303 -0.0142532
-0.0266534  0.0037887  -0.014217
-0.0266025 0.00379439 -0.0141811
-0.0265515 0.00380009  -0.014145
-0.0265006 0.00380586 -0.0141089
  -0.02645 0.00381165 -0.0140731
-0.0263993  0.0038175 -0.0140371
-0.0263489 0.00382337 -0.0140014
-0.0262984  0.0038293 -0.0139655
-0.0262482 0.00383526 -0.0139299
-0.0261981 0.00384125 -0.0138944
-0.0261479  0.0038473 -0.0138586
 -0.026098 0.00385337 -0.0138231
 -0.026048  0.0038595 -0.0137873
-0.0259983 0.00386565 -0.0137518
-0.0259487 0.00387184 -0.0137163
 -0.025899 0.00387808 -0.0136806
-0.0258495 0.00388434 -0.0136452
   -0.0258 0.00389065 -0.0136095
-0.0257508 0.00389698 -0.0135741
-0.0257015 0.00390335 -0.0135388
-0.0256523 0.00390977 -0.0135032
-0.0256033  0.0039162  -0.013468
-0.0255542 0.00392266 -0.0134324
-0.0255054 0.00392913 -0.0133971
-0.0254565 0.00393564 -0.0133615
-0.0254077 0.00394221 -0.0133261
-0.0253591  0.0039488 -0.0132909
-0.0253105 0.00395545 -0.0132557
-0.0252619 0.00396215 -0.0132204
-0.0252136 0.00396891 -0.0131855
-0.0251653 0.00397574 -0.0131503
-0.0251172 0.00398262 -0.0131155
 -0.025069 0.00398956 -0.0130804
-0.0250212 0.00399653 -0.0130456
-0.0249733  0.0040036 -0.0130107
-0.0249254 0.00401075 -0.0129757
-0.0248778 0.00401793  -0.012941
-0.0248301 0.00402516 -0.0129059
-0.0247827 0.00403243 -0.0128712
-0.0247352 0.00403977 -0.0128364
-0.0246878 0.00404719 -0.0128015
-0.0246406 0.00405463 -0.0127669
-0.0245933 0.00406211  -0.012732
-0.0245463 0.00406961 -0.0126974
-0.0244993 0.00407718 -0.0126629
-0.0244522  0.0040848 -0.0126282
-0.0244054 0.00409245 -0.0125938
-0.0243586 0.00410011 -0.0125592
 -0.024312 0.00410779 -0.0125248
-0.0242654 0.00411552 -0.0124906
-0.0242187  0.0041233 -0.0124562
-0.0241724 0.00413108  -0.012422
-0.0241259 0.00413888 -0.0123876
-0.0240797 0.00414668 -0.0123535
-0.0240335 0.00415452 -0.0123195
-0.0239873 0.00416239 -0.0122854
-0.0239413 0.00417026 -0.0122515
-0.0238952 0.00417813 -0.0122174
-0.0238492 0.00418602 -0.0121834
-0.0238034 0.00419392 -0.0121497
-0.0237576 0.00420183 -0.0121158
-0.0237121 0.00420973 -0.0120823
-0.0236664 0.00421763 -0.0120486
-0.0236208 0.00422554  -0.012015
-0.0235755 0.00423344 -0.0119816
-0.0235301 0.00424135 -0.0119482
 -0.023485 0.00424924  -0.011915
-0.0234398 0.00425713 -0.0118816
-0.0233946 0.00426507 -0.0118484
-0.0233497 0.00427303 -0.0118153
-0.0233047 0.00428102 -0.0117822
  -0.02326 0.00428905 -0.0117494
-0.0232153 0.00429711 -0.0117164
-0.0231708  0.0043052 -0.0116837
-0.0231263 0.00431331  -0.011651
-0.0230818 0.00432146 -0.0116183
-0.0230375 0.00432962 -0.0115857
-0.0229932 0.00433782 -0.0115531
-0.0229492 0.00434603 -0.0115207
-0.0229051 0.00435426 -0.0114884
 -0.022861 0.00436252  -0.011456
-0.0228172 0.00437078 -0.0114239
-0.0227732 0.00437907 -0.0113916
-0.0227296 0.00438736 -0.0113596
 -0.022686 0.00439566 -0.0113277
-0.0226423 0.00440398 -0.0112958
-0.0225989  0.0044123 -0.0112641
-0.0225554 0.00442064 -0.0112323
-0.0225122 0.00442897 -0.0112007
 -0.022469 0.00443731 -0.0111693
-0.0224257 0.00444566 -0.0111378
-0.0223827   0.004454 -0.0111066
-0.0223397 0.00446235 -0.0110752
-0.0222969 0.00447069 -0.0110441
 -0.022254 0.00447902 -0.0110129
-0.0222112 0.00448736 -0.0109818
-0.0221686 0.00449569  -0.010951
 -0.022126 0.00450402 -0.0109202
-0.0220837 0.00451235 -0.0108897
-0.0220413 0.00452065 -0.0108589
-0.0219989 0.00452896 -0.0108284
-0.0219568 0.00453726 -0.0107982
-0.0219147 0.00454556 -0.0107679
-0.0218728 0.00455386 -0.0107379
-0.0218309 0.00456212 -0.0107077
-0.0217893 0.00457038 -0.0106778
-0.0217477 0.00457863  -0.010648
-0.0217061  0.0045869 -0.0106183
-0.0216647  0.0045952 -0.0105887
-0.0216233  0.0046035 -0.0105589
-0.0215819 0.00461186 -0.0105294
-0.0215408 0.00462024 -0.0105001
-0.0214996 0.00462867 -0.0104707
-0.0214588 0.00463713 -0.0104416
-0.0214178 0.00464561 -0.0104123
-0.0213771 0.00465411 -0.0103832
-0.0213365 0.00466267 -0.0103543
-0.0212959 0.00467128 -0.0103255
-0.0212555 0.00467991 -0.0102969
-0.0212151 0.00468855 -0.0102682
-0.0211747 0.00469725 -0.0102397
-0.0211346 0.00470597 -0.0102114
-0.0210945 0.00471472 -0.0101831
-0.0210547  0.0047235  -0.010155
-0.0210148 0.00473232 -0.0101268
-0.0209752 0.00474115 -0.0100989
-0.0209356    0.00475 -0.0100711
 -0.020896 0.00475889 -0.0100433
-0.0208567 0.00476778 -0.0100156
 -0.0208173  0.00477671 -0.00998789
 -0.0207782  0.00478565 -0.00996037
  -0.020739  0.00479459 -0.00993278
 -0.0206999  0.00480356 -0.00990539
 -0.0206611  0.00481254 -0.00987816
 -0.0206222  0.00482155 -0.00985097
 -0.0205836  0.00483056 -0.00982399
  -0.020545  0.00483956 -0.00979686
 -0.0205064   0.0048486 -0.00977002
  -0.020468  0.00485763 -0.00974333
-0.0204297 0.00486669 -0.0097167
 -0.0203916  0.00487575 -0.00969024
 -0.0203536  0.00488481 -0.00966392
 -0.0203159  0.00489387 -0.00963776
 -0.0202781  0.00490294 -0.00961159
 -0.0202403  0.00491203 -0.00958537
 -0.0202028  0.00492111 -0.00955928
 -0.0201653  0.00493018 -0.00953332
 -0.0201278  0.00493928 -0.00950732
 -0.0200906  0.00494842 -0.00948149
 -0.0200533  0.00495761 -0.00945563
 -0.0200163  0.00496684 -0.00942994
-0.0199792 0.00497609 -0.0094042
 -0.0199423  0.00498543 -0.00937867
 -0.0199055   0.0049948 -0.00935329
 -0.0198688  0.00500423 -0.00932797
 -0.0198324   0.0050137 -0.00930282
 -0.0197959  0.00502319 -0.00927763
-0.0197597 0.00503272 -0.0092526
 -0.0197235   0.0050423 -0.00922775
 -0.0196874  0.00505196 -0.00920293
 -0.0196515  0.00506162 -0.00917826
 -0.0196156  0.00507134 -0.00915357
   -0.01958  0.00508108 -0.00912904
 -0.0195444  0.00509086 -0.00910462
 -0.0195088  0.00510067 -0.00908021
 -0.0194734   0.0051105 -0.00905593
 -0.0194381  0.00512036 -0.00903162
  -0.019403  0.00513024 -0.00900748
  -0.019368  0.00514014 -0.00898344
 -0.0193329  0.00515007 -0.00895942
 -0.0192981     0.00516 -0.00893553
 -0.0192633  0.00516997 -0.00891163
 -0.0192288  0.00517994 -0.00888788
 -0.0191942   0.0051899 -0.00886399
 -0.0191596  0.00519989 -0.00884035
 -0.0191254  0.00520989 -0.00881686
-0.0190911  0.0052199 -0.0087934
 -0.0190571  0.00522991 -0.00877011
 -0.0190232  0.00523992 -0.00874693
 -0.0189892  0.00524994 -0.00872377
 -0.0189555  0.00525996 -0.00870075
 -0.0189218  0.00526998 -0.00867769
-0.0188884 0.00527999 -0.0086548
 -0.0188549  0.00528998 -0.00863187
 -0.0188215  0.00529998 -0.00860916
 -0.0187883  0.00530997 -0.00858666
 -0.0187551  0.00531996 -0.00856433
-0.0187221 0.00532996 -0.0085422
-0.0186892 0.00533997 -0.0085202
 -0.0186564  0.00535002 -0.00849838
 -0.0186237  0.00536012 -0.00847674
  -0.018591  0.00537029 -0.00845521
 -0.0185586  0.00538048 -0.00843384
 -0.0185261  0.00539069 -0.00841255
-0.0184938 0.00540093 -0.0083914
 -0.0184616  0.00541123 -0.00837038
 -0.0184294  0.00542159 -0.00834944
 -0.0183974  0.00543196 -0.00832863
 -0.0183654  0.00544239 -0.00830788
 -0.0183336  0.00545284 -0.00828726
 -0.0183018  0.00546329 -0.00826665
 -0.0182701   0.0054738 -0.00824618
 -0.0182386  0.00548431 -0.00822581
-0.0182071 0.00549486 -0.0082055
 -0.0181758  0.00550542 -0.00818531
 -0.0181446  0.00551599 -0.00816521
 -0.0181135   0.0055266 -0.00814516
 -0.0180825   0.0055372 -0.00812521
 -0.0180516  0.00554782 -0.00810529
 -0.0180209  0.00555845 -0.00808549
 -0.0179903  0.00556907 -0.00806576
 -0.0179597  0.00557971 -0.00804607
 -0.0179293  0.00559034 -0.00802648
 -0.0178989  0.00560099 -0.00800693
 -0.0178688  0.00561163 -0.00798747
 -0.0178386  0.00562224 -0.00796803
 -0.0178085  0.00563287 -0.00794868
 -0.0177787  0.00564349 -0.00792942
-0.0177488 0.00565411 -0.0079102
 -0.0177192  0.00566471 -0.00789108
 -0.0176896  0.00567528 -0.00787197
   -0.01766  0.00568586 -0.00785296
 -0.0176307  0.00569642 -0.00783403
 -0.0176014  0.00570697 -0.00781515
 -0.0175723  0.00571751 -0.00779636
 -0.0175432    0.005728 -0.00777759
 -0.0175143  0.00573848 -0.00775891
 -0.0174855  0.00574897 -0.00774031
 -0.0174567   0.0057595 -0.00772175
 -0.0174281  0.00577005 -0.00770327
 -0.0173994  0.00578061 -0.00768481
  -0.017371  0.00579119 -0.00766644
 -0.0173426  0.00580183 -0.00764816
-0.0173143 0.00581254 -0.0076299
 -0.0172861  0.00582325 -0.00761173
 -0.0172579  0.00583403 -0.00759358
 -0.0172299  0.00584482 -0.00757553
  -0.017202  0.00585564 -0.00755755
 -0.0171741  0.00586651 -0.00753961
 -0.0171463  0.00587738 -0.00752174
 -0.0171185   0.0058883 -0.00750391
 -0.0170909  0.00589924 -0.00748616
 -0.0170633  0.00591019 -0.00746846
 -0.0170357  0.00592118 -0.00745082
 -0.0170083  0.00593217 -0.00743326
 -0.0169809   0.0059432 -0.00741573
-0.0169536 0.00595423 -0.0073983
 -0.0169263  0.00596525 -0.00738087
  -0.016899  0.00597631 -0.00736354
  -0.016872  0.00598737 -0.00734629
 -0.0168449  0.00599846 -0.00732908
 -0.0168179  0.00600954 -0.00731197
 -0.016791 0.00602063 -0.0072949
-0.0167641 0.00603173 -0.0072779
 -0.0167373  0.00604282 -0.00726099
 -0.0167105  0.00605393 -0.00724411
 -0.0166839  0.00606502 -0.00722732
 -0.0166573   0.0060761 -0.00721056
 -0.0166308  0.00608716 -0.00719389
 -0.0166043  0.00609824 -0.00717729
 -0.0165778  0.00610933 -0.00716073
 -0.0165515   0.0061204 -0.00714427
 -0.0165251  0.00613147 -0.00712783
 -0.0164989  0.00614253 -0.00711148
 -0.0164727  0.00615357 -0.00709521
 -0.0164465   0.0061646 -0.00707897
 -0.0164205  0.00617561 -0.00706282
 -0.0163944  0.00618663 -0.00704669
 -0.0163684  0.00619769 -0.00703066
-0.0163425 0.00620878 -0.0070147
 -0.0163167   0.0062199 -0.00699883
 -0.0162909  0.00623106 -0.00698299
 -0.0162651   0.0062423 -0.00696717
 -0.0162394  0.00625356 -0.00695143
 -0.0162136  0.00626485 -0.00693571
  -0.016188  0.00627616 -0.00692009
 -0.0161624  0.00628753 -0.00690453
 -0.0161368  0.00629898 -0.00688899
 -0.0161113  0.00631044 -0.00687355
 -0.0160858  0.00632191 -0.00685813
 -0.0160603  0.00633345 -0.00684278
  -0.016035    0.006345 -0.00682752
 -0.0160096  0.00635661 -0.00681229
 -0.0159844  0.00636823 -0.00679715
 -0.0159591  0.00637985 -0.00678203
 -0.0159339  0.00639152 -0.00676699
 -0.0159089   0.0064032 -0.00675203
 -0.0158838  0.00641492 -0.00673709
 -0.0158588  0.00642665 -0.00672225
 -0.0158339  0.00643837 -0.00670743
 -0.0158089  0.00645012 -0.00669267
-0.0157841 0.00646188  -0.006678
 -0.0157593  0.00647366 -0.00666334
 -0.0157346  0.00648544 -0.00664878
 -0.0157099   0.0064972 -0.00663423
 -0.0156852  0.00650899 -0.00661974
 -0.0156606  0.00652076 -0.00660533
 -0.0156361  0.00653256 -0.00659094
 -0.0156116  0.00654434 -0.00657664
 -0.0155872  0.00655609 -0.00656234
 -0.0155628  0.00656782 -0.00654814
 -0.0155385  0.00657958 -0.00653398
 -0.0155142  0.00659133 -0.00651983
   -0.01549  0.00660307 -0.00650576
 -0.0154657  0.00661481 -0.00649169
 -0.0154415  0.00662652 -0.00647767
 -0.0154175  0.00663821 -0.00646374
 -0.0153934  0.00664991 -0.00644981
 -0.0153694  0.00666164 -0.00643596
 -0.0153454  0.00667339 -0.00642211
 -0.0153215  0.00668516 -0.00640834
 -0.0152976  0.00669701 -0.00639461
 -0.0152737  0.00670893 -0.00638086
 -0.0152499  0.00672087 -0.00636721
 -0.0152261  0.00673284 -0.00635354
-0.0152023 0.00674488 -0.0063399
 -0.0151787  0.00675694 -0.00632634
  -0.015155  0.00676908 -0.00631277
 -0.0151314  0.00678123 -0.00629929
-0.0151078 0.00679339 -0.0062858
 -0.0150843  0.00680562 -0.00627233
 -0.0150608  0.00681787 -0.00625894
 -0.0150373  0.00683016 -0.00624554
  -0.015014  0.00684247 -0.00623222
 -0.0149906  0.00685483 -0.00621888
 -0.0149673  0.00686719 -0.00620562
 -0.014944 0.00687957 -0.0061924
 -0.0149208  0.00689198 -0.00617915
 -0.0148976  0.00690439 -0.00616598
 -0.0148744  0.00691683 -0.00615278
 -0.0148513  0.00692926 -0.00613967
 -0.0148281  0.00694168 -0.00612652
 -0.014805 0.00695414 -0.0061134
 -0.0147819  0.00696658 -0.00610035
 -0.0147589  0.00697905 -0.00608729
-0.0147359 0.00699151 -0.0060743
-0.0147129 0.00700394 -0.0060613
 -0.0146899  0.00701639 -0.00604831
  -0.014667  0.00702883 -0.00603539
 -0.0146441  0.00704127 -0.00602245
 -0.0146213   0.0070537 -0.00600959
 -0.0145985  0.00706611 -0.00599676
 -0.0145757  0.00707851 -0.00598389
-0.0145529 0.00709089 -0.0059711
 -0.0145302  0.00710327 -0.00595827
 -0.0145075  0.00711563 -0.00594552
 -0.0144847  0.00712794 -0.00593275
  -0.014462  0.00714028 -0.00591998
 -0.0144394  0.00715265 -0.00590728
 -0.0144167  0.00716508 -0.00589455
 -0.0143941  0.00717755 -0.00588189
 -0.0143715  0.00719004 -0.00586921
 -0.0143489  0.00720257 -0.00585661
-0.0143263 0.00721518  -0.005844
 -0.0143038  0.00722788 -0.00583136
 -0.0142813  0.00724059 -0.00581879
-0.0142587 0.00725334 -0.0058062
 -0.0142362   0.0072661 -0.00579367
 -0.0142137  0.00727893 -0.00578111
 -0.0141912  0.00729185 -0.00576854
 -0.0141688  0.00730478 -0.00575605
 -0.0141463  0.00731777 -0.00574352
 -0.0141239  0.00733078 -0.00573107
 -0.0141016  0.00734382 -0.00571863
 -0.0140792  0.00735691 -0.00570616
 -0.0140568  0.00737001 -0.00569377
 -0.0140345  0.00738315 -0.00568133
 -0.0140121   0.0073963 -0.00566896
 -0.0139897  0.00740945 -0.00565655
 -0.0139674  0.00742264 -0.00564416
 -0.0139451  0.00743584 -0.00563184
 -0.0139228  0.00744907 -0.00561948
-0.0139005  0.0074623 -0.0056072
 -0.0138782  0.00747554 -0.00559493
 -0.0138559  0.00748879 -0.00558263
-0.0138337 0.00750204 -0.0055704
 -0.0138114  0.00751531 -0.00555813
 -0.0137892  0.00752857 -0.00554593
 -0.0137669  0.00754182 -0.00553375
 -0.0137447  0.00755508 -0.00552152
 -0.0137224  0.00756832 -0.00550938
 -0.0137002  0.00758158 -0.00549718
  -0.013678  0.00759482 -0.00548506
 -0.0136557  0.00760802 -0.00547292
 -0.0136335  0.00762124 -0.00546077
-0.0136113 0.00763443 -0.0054487
  -0.013589  0.00764799 -0.00543656
-0.0135668 0.00766219 -0.0054245
-0.0135446 0.00767642 -0.0054124
 -0.0135224  0.00769068 -0.00540038
 -0.0135002   0.0077052 -0.00538835
  -0.013478  0.00771987 -0.00537628
 -0.0134558  0.00773454 -0.00536428
 -0.0134335  0.00774928 -0.00535225
 -0.0134113   0.0077641 -0.00534022
 -0.0133891  0.00777892 -0.00532827
 -0.0133669  0.00779382 -0.00531627
 -0.0133447  0.00780872 -0.00530435
 -0.0133225  0.00782363 -0.00529241
 -0.0133003  0.00783854 -0.00528055
 -0.0132781   0.0078535 -0.00526868
 -0.0132559  0.00786851 -0.00525678
 -0.0132337   0.0078835 -0.00524494
 -0.0132114  0.00789848 -0.00523308
 -0.0131892  0.00791344 -0.00522131
 -0.0131669  0.00792841 -0.00520947
 -0.0131446  0.00794342 -0.00519764
 -0.0131224  0.00795841 -0.00518588
 -0.0131001  0.00797341 -0.00517408
 -0.0130779  0.00798838 -0.00516237
 -0.0130556  0.00800331 -0.00515062
 -0.0130333  0.00801825 -0.00513888
 -0.0130111  0.00803316 -0.00512722
 -0.0129888  0.00804806 -0.00511552
 -0.0129665  0.00806293 -0.00510391
 -0.0129442  0.00807774 -0.00509225
 -0.0129219  0.00809258 -0.00508011
-0.0128996  0.0081074 -0.0050677
 -0.0128772  0.00812223 -0.00505472
 -0.0128549  0.00813705 -0.00504156
 -0.0128326  0.00815186 -0.00502808
 -0.0128103  0.00816667 -0.00501423
 -0.0127882  0.00818147 -0.00500035
  -0.012766  0.00819623 -0.00498624
 -0.0127439  0.00821101 -0.00497192
 -0.0127219  0.00822577 -0.00495767
 -0.0127002   0.0082406 -0.00494342
 -0.0126785  0.00825549 -0.00492933
 -0.0126569  0.00827043 -0.00491523
 -0.0126355  0.00828543 -0.00490129
 -0.0126141  0.00830053 -0.00488726
 -0.0125929  0.00831575 -0.00487329
 -0.0125718  0.00833102 -0.00485947
 -0.0125508  0.00834639 -0.00484545
 -0.0125298  0.00836177 -0.00483118
 -0.0125088  0.00837715 -0.00481682
 -0.0124879  0.00839261 -0.00480234
  -0.012467  0.00840807 -0.00478787
-0.0124462 0.00842357 -0.0047732
 -0.0124255  0.00843905 -0.00475858
-0.0124048 0.00845451 -0.0047439
 -0.0123841  0.00846997 -0.00472911
 -0.0123635  0.00848539 -0.00471438
 -0.0123429   0.0085008 -0.00469955
 -0.0123224  0.00851616 -0.00468481
 -0.0123019  0.00853146 -0.00467007
 -0.0122814  0.00854672 -0.00465526
 -0.0122609  0.00856193 -0.00464054
 -0.0122403  0.00857704 -0.00462575
 -0.0122199  0.00859209 -0.00461108
 -0.0121994  0.00860709 -0.00459638
 -0.0121788  0.00862206 -0.00458162
 -0.0121583  0.00863695 -0.00456695
 -0.0121377  0.00865179 -0.00455219
 -0.0121172  0.00866657 -0.00453755
 -0.0120965  0.00868125 -0.00452284
 -0.0120758  0.00869589 -0.00450813
 -0.0120551  0.00871047 -0.00449352
 -0.0120343  0.00872499 -0.00447885
-0.0120136 0.00873947 -0.0044643
 -0.0119927  0.00875385 -0.00444967
 -0.0119718  0.00876818 -0.00443519
 -0.0119508  0.00878247 -0.00442073
 -0.0119298  0.00879673 -0.00440621
 -0.0119088  0.00881094 -0.00439184
 -0.0118877  0.00882507 -0.00437744
 -0.0118665  0.00883921 -0.00436306
 -0.0118453  0.00885339 -0.00434882
  -0.011824  0.00886764 -0.00433453
 -0.0118028  0.00888194 -0.00432041
 -0.0117814  0.00889626 -0.00430626
 -0.0117599  0.00891072 -0.00429214
 -0.0117385  0.00892521 -0.00427818
  -0.011717  0.00893984 -0.00426419
-0.0116955 0.00895452 -0.0042504
-0.0116739 0.00896925 -0.0042366
-0.0116523 0.00898404  -0.004223
 -0.0116307  0.00899896 -0.00420944
  -0.011609  0.00901402 -0.00419585
 -0.0115873  0.00902912 -0.00418246
 -0.0115656  0.00904428 -0.00416909
 -0.0115438   0.0090596 -0.00415577
  -0.011522  0.00907495 -0.00414266
 -0.0115002  0.00909045 -0.00412953
 -0.0114784  0.00910599 -0.00411663
 -0.0114566  0.00912161 -0.00410383
 -0.0114348  0.00913737 -0.00409105
  -0.011413  0.00915317 -0.00407847
 -0.0113912   0.0091691 -0.00406588
 -0.0113694  0.00918507 -0.00405351
 -0.0113475   0.0092011 -0.00404118
 -0.0113257  0.00921728 -0.00402892
 -0.0113039  0.00923348 -0.00401687
 -0.0112821  0.00924981 -0.00400482
 -0.0112603  0.00926618 -0.00399299
-0.0112385 0.00928259 -0.0039812
 -0.0112168  0.00929915 -0.00396948
  -0.011195  0.00931571 -0.00395796
 -0.0111733   0.0093324 -0.00394645
 -0.0111517  0.00934911 -0.00393516
  -0.01113 0.00936587 -0.0039239
 -0.0111084  0.00938263 -0.00391285
 -0.0110869  0.00939951 -0.00390186
 -0.0110653   0.0094165 -0.00389087
 -0.0110439  0.00943349 -0.00388007
-0.0110224 0.00945052 -0.0038693
  -0.011001  0.00946769 -0.00385872
 -0.0109796  0.00948572 -0.00384817
 -0.0109583   0.0095046 -0.00383759
  -0.010937  0.00952411 -0.00382718
 -0.0109158  0.00954421 -0.00381677
 -0.0108946  0.00956462 -0.00380655
 -0.0108735  0.00958544 -0.00379634
 -0.0108525  0.00960679 -0.00378608
 -0.0108315  0.00962865 -0.00377598
 -0.0108106  0.00965104 -0.00376582
 -0.0107898  0.00967368 -0.00375581
  -0.010769   0.0096964 -0.00374586
 -0.0107483  0.00971892 -0.00373586
 -0.0107277  0.00974115 -0.00372601
 -0.0107071  0.00976276 -0.00371609
 -0.0106865  0.00978387 -0.00370631
 -0.0106661  0.00980416 -0.00369659
 -0.0106457  0.00982344 -0.00368681
 -0.0106253  0.00984207 -0.00367716
  -0.010605  0.00985956 -0.00366744
 -0.0105848  0.00987647 -0.00365785
 -0.0105646  0.00989237 -0.00364831
 -0.0105444  0.00990725 -0.00363872
 -0.0105244  0.00992161 -0.00362925
 -0.0105043  0.00993502 -0.00361971
 -0.0104844  0.00994808 -0.00361029
 -0.0104644  0.00996037 -0.00360083
 -0.0104446  0.00997202 -0.00359142
 -0.0104248  0.00998344 -0.00358211
 -0.0104051  0.00999432 -0.00357278
 -0.0103854   0.0100051 -0.00356356
 -0.0103658   0.0100155 -0.00355434
 -0.0103463   0.0100256 -0.00354514
 -0.0103268   0.0100358 -0.00353605
 -0.0103075   0.0100457 -0.00352694
 -0.0102881   0.0100558 -0.00351793
 -0.0102689   0.0100657 -0.00350893
 -0.0102497   0.0100756 -0.00349995
 -0.0102305   0.0100857 -0.00349106
 -0.0102115   0.0100958 -0.00348215
 -0.0101925   0.0101062 -0.00347334
 -0.0101735   0.0101169 -0.00346449
 -0.0101546   0.0101278 -0.00345567
 -0.0101358   0.0101391 -0.00344693
  -0.010117   0.0101508 -0.00343816
 -0.0100982   0.0101628 -0.00342946
 -0.0100795   0.0101751 -0.00342081
 -0.0100609   0.0101878 -0.00341211
 -0.0100423   0.0102008 -0.00340348
 -0.0100237   0.0102141 -0.00339479
 -0.0100051   0.0102276 -0.00338618
-0.00998658   0.0102414  -0.0033776
-0.00996805   0.0102555 -0.00336897
-0.00994952   0.0102699  -0.0033604
  -0.009931   0.0102845 -0.00335177
-0.00991247   0.0102994 -0.00334321
-0.00989435    0.010315 -0.00333463
-0.00987621   0.0103308   -0.003326
-0.00985805   0.0103469 -0.00331744
-0.00983984   0.0103633 -0.00330879
-0.00982158   0.0103799 -0.00330018
-0.00980328   0.0103967 -0.00329158
-0.00978492   0.0104139 -0.00328288
-0.00976652   0.0104313 -0.00327422
-0.00974805    0.010449 -0.00326547
-0.00972956   0.0104669 -0.00325678
-0.00971104   0.0104851 -0.00324811
-0.00969247   0.0105037 -0.00323939
-0.00967387   0.0105224 -0.00323075
-0.00965524   0.0105415 -0.00322204
-0.00963659   0.0105607 -0.00321343
-0.00961787   0.0105802 -0.00320478
-0.00959917   0.0106001 -0.00319618
-0.00958044     0.01062 -0.00318766
 -0.0095617   0.0106403 -0.00317913
-0.00954295   0.0106608 -0.00317068
-0.00952414   0.0106814 -0.00316222
-0.00950534   0.0107024 -0.00315381
-0.00948654   0.0107234 -0.00314549
-0.00946771   0.0107448 -0.00313714
-0.00944888   0.0107663 -0.00312888
-0.00942999   0.0107881 -0.00312061
 -0.0094111   0.0108103 -0.00311237
-0.00939221   0.0108327  -0.0031042
-0.00937329   0.0108555 -0.00309599
-0.00935436   0.0108785 -0.00308786
-0.00933539   0.0109017 -0.00307974
-0.00931642   0.0109251 -0.00307163
-0.00929745   0.0109487  -0.0030636
-0.00927846   0.0109725 -0.00305555
-0.00925947   0.0109963 -0.00304757
-0.00924043   0.0110202 -0.00303959
-0.00922142   0.0110443 -0.00303165
 -0.0092024   0.0110685 -0.00302379
-0.00918335   0.0110927 -0.00301596
-0.00916432    0.011117 -0.00300822
-0.00914526   0.0111413 -0.00300043
-0.00912622   0.0111657 -0.00299267
-0.00910719   0.0111901 -0.00298499
-0.00908813   0.0112145 -0.00297733
-0.00906909   0.0112389 -0.00296976
-0.00905002   0.0112633 -0.00296213
  -0.009031   0.0112878 -0.00295455
-0.00901198   0.0113122 -0.00294705
-0.00899295   0.0113365 -0.00293957
-0.00897394   0.0113609 -0.00293219
-0.00895496   0.0113852 -0.00292483
-0.00893598   0.0114094 -0.00291744
-0.00891703   0.0114336 -0.00291013
-0.00889808   0.0114577  -0.0029028
-0.00887916   0.0114818 -0.00289555
-0.00886021   0.0115058 -0.00288829
 -0.0088413   0.0115296 -0.00288108
-0.00882241   0.0115534 -0.00287395
-0.00880355   0.0115771  -0.0028668
-0.00878472   0.0116007 -0.00285975
-0.00876587   0.0116242  -0.0028527
-0.00874707   0.0116475 -0.00284567
-0.00872829   0.0116708 -0.00283873
-0.00870953   0.0116939 -0.00283176
-0.00869079    0.011717 -0.00282486
-0.00867205   0.0117401 -0.00281797
-0.00865335   0.0117631 -0.00281108
-0.00863468   0.0117863 -0.00280427
-0.00861602   0.0118094  -0.0027974
-0.00859739   0.0118326 -0.00279062
-0.00857877   0.0118556 -0.00278384
-0.00856019   0.0118786 -0.00277705
-0.00854164   0.0119015 -0.00277035
-0.00852313   0.0119243 -0.00276361
-0.00850465   0.0119471 -0.00275695
-0.00848617   0.0119697 -0.00275028
-0.00846775   0.0119921 -0.00274363
-0.00844936   0.0120145 -0.00273705
-0.00843102   0.0120367 -0.00273044
 -0.0084127   0.0120589 -0.00272392
-0.00839439   0.0120808 -0.00271739
-0.00837612   0.0121028 -0.00271094
-0.00835789   0.0121246 -0.00270448
-0.00833972   0.0121462 -0.00269798
-0.00832156   0.0121677 -0.00269155
-0.00830342   0.0121891 -0.00268511
 -0.0082853   0.0122105 -0.00267874
-0.00826724   0.0122317 -0.00267237
-0.00824922   0.0122527 -0.00266595
-0.00823122   0.0122737  -0.0026596
-0.00821327   0.0122946  -0.0026532
-0.00819534   0.0123155 -0.00264686
-0.00817745   0.0123362 -0.00264058
-0.00815961   0.0123568 -0.00263424
-0.00814178   0.0123774 -0.00262798
-0.00812396   0.0123979  -0.0026217
-0.00810616   0.0124185  -0.0026155
-0.00808842   0.0124389 -0.00260928
-0.00807071   0.0124592 -0.00260301
-0.00805303   0.0124796  -0.0025968
-0.00803538   0.0124998 -0.00259054
-0.00801775   0.0125201 -0.00258434
-0.00800017   0.0125403 -0.00257818
-0.00798262   0.0125604 -0.00257198
-0.00796508   0.0125807 -0.00256584
-0.00794755    0.012601 -0.00255967
-0.00793003   0.0126216 -0.00255357
-0.00791255   0.0126422 -0.00254742
 -0.0078951    0.012663 -0.00254121
-0.00787767    0.012684 -0.00253506
-0.00786027   0.0127051 -0.00252883
-0.00784289   0.0127264 -0.00252267
-0.00782555   0.0127476 -0.00251654
-0.00780824    0.012769 -0.00251037
-0.00779094   0.0127904 -0.00250425
-0.00777365   0.0128119 -0.00249811
-0.00775637   0.0128335 -0.00249204
-0.00773914   0.0128552 -0.00248594
-0.00772193    0.012877 -0.00247979
-0.00770474   0.0128988 -0.00247368
-0.00768758   0.0129207 -0.00246752
-0.00767043   0.0129428 -0.00246142
-0.00765332   0.0129649 -0.00245536
-0.00763623   0.0129871 -0.00244924
-0.00761915   0.0130094 -0.00244319
-0.00760209   0.0130319 -0.00243707
-0.00758504   0.0130545 -0.00243101
-0.00756797   0.0130771 -0.00242492
-0.00755096   0.0130999 -0.00241884
-0.00753395   0.0131229  -0.0024128
-0.00751697   0.0131459 -0.00240673
   -0.0075  0.0131692 -0.0024007
-0.00748302   0.0131926 -0.00239466
-0.00746608   0.0132161 -0.00238863
-0.00744915   0.0132397 -0.00238264
-0.00743226   0.0132635 -0.00237662
-0.00741536   0.0132875 -0.00237065
-0.00739846   0.0133116 -0.00236467
-0.00738159   0.0133358 -0.00235869
-0.00736474   0.0133602 -0.00235275
 -0.0073479   0.0133847 -0.00234677
-0.00733108   0.0134094 -0.00234085
-0.00731425   0.0134342 -0.00233492
-0.00729738   0.0134605 -0.00232881
-0.00728051   0.0134882 -0.00232285
-0.00726364   0.0135165 -0.00231667
 -0.0072468   0.0135448 -0.00231056
-0.00722995   0.0135734 -0.00230446
-0.00721316   0.0136021 -0.00229839
-0.00719639   0.0136308 -0.00229239
-0.00717966   0.0136595 -0.00228637
-0.00716295   0.0136882 -0.00228042
-0.00714624   0.0137169 -0.00227449
-0.00712955   0.0137457 -0.00226861
-0.00711289   0.0137745 -0.00226274
-0.00709626   0.0138034 -0.00225683
-0.00707963   0.0138325 -0.00225097
-0.00706299   0.0138615  -0.0022451
-0.00704638   0.0138908 -0.00223923
-0.00702978   0.0139202 -0.00223341
-0.00701319   0.0139498 -0.00222754
-0.00699662   0.0139796 -0.00222171
-0.00698003   0.0140095 -0.00221589
-0.00696344   0.0140396 -0.00221011
-0.00694689   0.0140699 -0.00220432
-0.00693036   0.0141003 -0.00219851
-0.00691383   0.0141309 -0.00219273
-0.00689733   0.0141616 -0.00218693
-0.00688084   0.0141924 -0.00218116
-0.00686438   0.0142234 -0.00217546
-0.00684793   0.0142544 -0.00216973
-0.00683149   0.0142856 -0.00216405
-0.00681505   0.0143168 -0.00215837
-0.00679861   0.0143481 -0.00215274
-0.00678222   0.0143796 -0.00214711
-0.00676584   0.0144111 -0.00214144
-0.00674947   0.0144426 -0.00213581
-0.00673311   0.0144742  -0.0021302
-0.00671676   0.0145059 -0.00212462
-0.00670044   0.0145375 -0.00211905
-0.00668416   0.0145692 -0.00211346
-0.00666789   0.0146009 -0.00210791
-0.00665162   0.0146326 -0.00210236
-0.00663544    0.014663 -0.00209704
 -0.0066193   0.0146922 -0.00209159
-0.00660318   0.0147214 -0.00208629
-0.00658706    0.014751 -0.00208099
-0.00657092   0.0147808 -0.00207566
-0.00655478    0.014811 -0.00207034
-0.00653865   0.0148417 -0.00206496
-0.00652252   0.0148728 -0.00205949
-0.00650641   0.0149041 -0.00205405
-0.00649031   0.0149358 -0.00204854
-0.00647424   0.0149676 -0.00204307
-0.00645816   0.0149995 -0.00203759
-0.00644214   0.0150315 -0.00203212
-0.00642614   0.0150636  -0.0020267
-0.00641018   0.0150956 -0.00202126
-0.00639425   0.0151278 -0.00201587
-0.00637836   0.0151599 -0.00201054
 -0.0063625   0.0151919 -0.00200519
-0.00634667   0.0152239 -0.00199989
-0.00633087   0.0152558 -0.00199455
 -0.0063151   0.0152878 -0.00198926
-0.00629935   0.0153197 -0.00198401
-0.00628364   0.0153515 -0.00197874
-0.00626794   0.0153833  -0.0019735
-0.00625224    0.015415 -0.00196828
-0.00623657   0.0154468 -0.00196309
-0.00622094   0.0154786  -0.0019579
-0.00620534   0.0155102 -0.00195268
-0.00618976   0.0155419 -0.00194751
 -0.0061742   0.0155735 -0.00194234
-0.00615865   0.0156052 -0.00193722
-0.00614315   0.0156368 -0.00193211
-0.00612769   0.0156684 -0.00192697
-0.00611226      0.0157 -0.00192188
-0.00609684   0.0157315 -0.00191681
-0.00608144   0.0157631 -0.00191178
-0.00606608   0.0157946 -0.00190675
-0.00605078   0.0158261 -0.00190173
 -0.0060355   0.0158576 -0.00189674
-0.00602023    0.015889 -0.00189177
-0.00600499   0.0159205 -0.00188684
-0.00598978   0.0159521  -0.0018819
-0.00597462   0.0159837 -0.00187695
-0.00595947   0.0160157 -0.00187204
-0.00594433   0.0160477 -0.00186712
-0.00592921     0.01608 -0.00186223
-0.00591413   0.0161124 -0.00185733
-0.00589909   0.0161449 -0.00185239
-0.00588407   0.0161776 -0.00184748
-0.00586907   0.0162103 -0.00184259
-0.00585409   0.0162431 -0.00183773
-0.00583917   0.0162759 -0.00183288
-0.00582429   0.0163087 -0.00182799
-0.00580943   0.0163416 -0.00182315
 -0.0057946   0.0163744 -0.00181832
-0.00577978   0.0164074 -0.00181352
-0.00576501   0.0164403 -0.00180872
-0.00575029   0.0164732 -0.00180391
-0.00573559   0.0165061 -0.00179913
-0.00572094    0.016539 -0.00179433
 -0.0057063    0.016572 -0.00178957
-0.00569171    0.016605 -0.00178486
-0.00567715   0.0166379 -0.00178013
-0.00566261    0.016671 -0.00177543
 -0.0056481    0.016704 -0.00177071
-0.00563361   0.0167371 -0.00176601
-0.00561913   0.0167701 -0.00176134
 -0.0056047   0.0168032 -0.00175666
-0.00559029   0.0168363 -0.00175202
-0.00557591   0.0168695 -0.00174736
-0.00556155   0.0169027 -0.00174273
-0.00554721   0.0169359 -0.00173811
-0.00553291    0.016969 -0.00173351
-0.00551863   0.0170023 -0.00172893
-0.00550438   0.0170355 -0.00172433
-0.00549015   0.0170688 -0.00171977
-0.00547594    0.017102 -0.00171522
-0.00546177   0.0171352 -0.00171068
-0.00544762   0.0171684 -0.00170617
 -0.0054335   0.0172016 -0.00170165
 -0.0054194   0.0172349 -0.00169715
 -0.0054053   0.0172682 -0.00169263
-0.00539124   0.0173017 -0.00168813
-0.00537719   0.0173354 -0.00168365
-0.00536317   0.0173694 -0.00167913
-0.00534916   0.0174036 -0.00167463
-0.00533518   0.0174379 -0.00167016
-0.00532122   0.0174724 -0.00166564
-0.00530728    0.017507 -0.00166116
-0.00529337   0.0175417 -0.00165664
-0.00527948   0.0175765 -0.00165215
 -0.0052656   0.0176113 -0.00164766
-0.00525177   0.0176461 -0.00164318
-0.00523796    0.017681 -0.00163873
-0.00522419   0.0177159 -0.00163427
-0.00521044   0.0177509 -0.00162983
-0.00519672   0.0177859 -0.00162545
-0.00518303   0.0178209 -0.00162104
-0.00516935   0.0178559 -0.00161666
-0.00515569   0.0178909 -0.00161229
-0.00514203    0.017926 -0.00160795
-0.00512842   0.0179612 -0.00160361
-0.00511484   0.0179963 -0.00159924
-0.00510127   0.0180314 -0.00159489
-0.00508774   0.0180666 -0.00159053
-0.00507423   0.0181018  -0.0015862
-0.00506075    0.018137 -0.00158192
 -0.0050473   0.0181722 -0.00157763
-0.00503387   0.0182075 -0.00157337
-0.00502046   0.0182428 -0.00156908
-0.00500708   0.0182781 -0.00156483
-0.00499372   0.0183135 -0.00156063
-0.00498039   0.0183488 -0.00155642
-0.00496708   0.0183842 -0.00155222
-0.00495379   0.0184195 -0.00154801
-0.00494052   0.0184549 -0.00154383
-0.00492728   0.0184903  -0.0015397
-0.00491407   0.0185256 -0.00153555
-0.00490088    0.018561 -0.00153143
-0.00488771   0.0185964 -0.00152729
-0.00487456   0.0186318 -0.00152319
-0.00486144   0.0186672 -0.00151911
-0.00484833   0.0187029 -0.00151501
-0.00483522   0.0187389 -0.00151093
-0.00482214    0.018775 -0.00150679
-0.00480907   0.0188114 -0.00150268
-0.00479602    0.018848  -0.0014986
  -0.004783   0.0188847 -0.00149448
-0.00477001   0.0189215  -0.0014904
-0.00475702   0.0189584 -0.00148633
-0.00474404   0.0189954 -0.00148229
-0.00473111   0.0190325 -0.00147823
-0.00471823   0.0190695 -0.00147416
-0.00470535   0.0191067 -0.00147011
-0.00469253   0.0191438 -0.00146605
-0.00467972    0.019181 -0.00146202
-0.00466693   0.0192181   -0.001458
-0.00465419   0.0192552   -0.001454
-0.00464147   0.0192924 -0.00145004
-0.00462879   0.0193296 -0.00144606
-0.00461612   0.0193669 -0.00144211
-0.00460348   0.0194041 -0.00143819
-0.00459088   0.0194413 -0.00143428
-0.00457829   0.0194786 -0.00143039
-0.00456574   0.0195159 -0.00142649
 -0.0045532   0.0195533 -0.00142261
-0.00454068   0.0195906 -0.00141875
-0.0045282  0.0196279 -0.0014149
-0.00451573   0.0196653 -0.00141108
 -0.0045033   0.0197027 -0.00140724
-0.00449089   0.0197402 -0.00140343
-0.00447849   0.0197776 -0.00139964
-0.00446613    0.019815 -0.00139587
 -0.0044538   0.0198524 -0.00139212
 -0.0044415   0.0198898 -0.00138836
-0.00442922   0.0199273 -0.00138463
-0.00441694   0.0199647 -0.00138091
-0.00440472   0.0200021 -0.00137722
-0.00439252   0.0200395 -0.00137355
-0.00438035   0.0200768 -0.00136987
 -0.0043682   0.0201143 -0.00136622
-0.00435608   0.0201517  -0.0013626
-0.00434396   0.0201896   -0.001359
-0.00433186   0.0202275 -0.00135538
-0.00431979   0.0202657 -0.00135169
-0.00430772   0.0203041 -0.00134802
-0.00429566   0.0203426 -0.00134436
-0.00428362   0.0203813 -0.00134072
-0.00427161   0.0204202 -0.00133705
-0.00425965   0.0204591 -0.00133335
-0.00424771   0.0204981 -0.00132969
-0.00423578   0.0205371 -0.00132604
-0.00422391   0.0205761 -0.00132239
-0.00421206   0.0206152 -0.00131877
-0.00420025   0.0206542 -0.00131514
-0.00418846   0.0206935 -0.00131153
-0.00417668   0.0207326 -0.00130795
-0.00416496   0.0207717 -0.00130437
-0.00415325    0.020811 -0.00130082
-0.00414158   0.0208501 -0.00129725
-0.00412992   0.0208895 -0.00129371
-0.00411829   0.0209288 -0.00129022
 -0.0041067    0.020968 -0.00128671
-0.00409513   0.0210074 -0.00128322
-0.00408359   0.0210467 -0.00127972
-0.00407206   0.0210861 -0.00127624
-0.00406056   0.0211255 -0.00127281
-0.00404909   0.0211649 -0.00126935
-0.00403764   0.0212043 -0.00126593
-0.00402622   0.0212437 -0.00126249
-0.00401482   0.0212833 -0.00125907
-0.00400345   0.0213227  -0.0012557
-0.00399211   0.0213622 -0.00125232
-0.00398078   0.0214017 -0.00124897
 -0.0039695   0.0214411 -0.00124559
-0.00395822   0.0214806 -0.00124225
-0.00394697   0.0215201 -0.00123895
-0.00393576   0.0215595 -0.00123564
-0.00392456    0.021599 -0.00123236
 -0.0039134   0.0216384 -0.00122906
-0.00390225   0.0216779 -0.00122579
-0.00389111   0.0217174 -0.00122254
   -0.00388   0.0217572 -0.00121927
-0.00386889   0.0217973 -0.00121601
-0.0038578  0.0218376 -0.0012127
-0.00384672   0.0218782  -0.0012094
-0.00383566   0.0219189 -0.00120613
-0.00382463   0.0219599 -0.00120281
-0.00381361    0.022001 -0.00119952
-0.00380262   0.0220422 -0.00119618
-0.00379166   0.0220835 -0.00119288
-0.00378073   0.0221249 -0.00118963
-0.00376981   0.0221664 -0.00118641
-0.00375892   0.0222079 -0.00118315
-0.00374809   0.0222493 -0.00117987
-0.00373726   0.0222908 -0.00117662
-0.00372646   0.0223323  -0.0011734
-0.00371566   0.0223738  -0.0011702
-0.00370491   0.0224154   -0.001167
 -0.0036942   0.0224569 -0.00116377
 -0.0036835   0.0224985 -0.00116057
-0.00367285   0.0225401 -0.00115735
 -0.0036622   0.0225818 -0.00115416
-0.00365159   0.0226234 -0.00115103
-0.00364101   0.0226651 -0.00114788
-0.00363043   0.0227068 -0.00114476
-0.00361989   0.0227485 -0.00114162
-0.00360936   0.0227904 -0.00113851
-0.00359885   0.0228323 -0.00113544
-0.00358838   0.0228741 -0.00113236
-0.0035779  0.0229161 -0.0011293
-0.00356747    0.022958 -0.00112622
-0.00355703   0.0230001 -0.00112317
-0.00354663   0.0230421 -0.00112017
-0.00353626   0.0230841 -0.00111716
-0.00352589   0.0231262 -0.00111417
-0.00351556   0.0231682 -0.00111117
-0.00350524   0.0232104 -0.00110819
-0.00349493   0.0232524 -0.00110524
-0.00348467   0.0232944  -0.0011023
-0.00347441   0.0233365 -0.00109938
-0.00346418   0.0233787 -0.00109643
-0.00345394   0.0234213  -0.0010935
 -0.0034437    0.023464 -0.00109059
-0.00343349   0.0235071 -0.00108763
-0.00342329   0.0235505  -0.0010847
-0.00341311   0.0235941  -0.0010817
-0.00340293    0.023638 -0.00107874
-0.00339278    0.023682 -0.00107578
-0.00338263   0.0237261 -0.00107287
-0.00337253   0.0237704 -0.00106993
-0.00336247   0.0238146 -0.00106696
-0.00335242    0.023859 -0.00106402
-0.00334239   0.0239033 -0.00106111
-0.00333238   0.0239478 -0.00105823
-0.00332241   0.0239923 -0.00105534
-0.00331248   0.0240367 -0.00105241
-0.00330256   0.0240812 -0.00104953
-0.00329266   0.0241257 -0.00104666
-0.00328276   0.0241703 -0.00104383
-0.00327291    0.024215 -0.00104099
-0.00326309   0.0242595 -0.00103812
-0.00325328   0.0243043 -0.00103528
-0.00324348   0.0243489 -0.00103247
-0.00323369   0.0243938 -0.00102969
-0.00322394   0.0244386  -0.0010269
-0.00321422   0.0244834 -0.00102409
-0.00320451   0.0245284  -0.0010213
-0.00319483   0.0245733  -0.0010185
-0.00318519   0.0246182 -0.00101575
-0.00317555   0.0246632 -0.00101304
-0.00316594   0.0247082  -0.0010103
-0.00315633   0.0247534  -0.0010076
-0.00314676   0.0247986 -0.00100489
-0.00313719   0.0248439  -0.0010022
 -0.00312765    0.0248892 -0.000999567
-0.00311814   0.0249344 -0.00099692
 -0.00310863    0.0249797 -0.000994304
-0.00309914   0.0250249 -0.00099171
 -0.00308965    0.0250703 -0.000989151
 -0.00308019    0.0251156 -0.000986584
 -0.00307076     0.025161 -0.000983968
 -0.00306132    0.0252068 -0.000981378
  -0.0030519    0.0252528 -0.000978729
 -0.00304248    0.0252993 -0.000976111
-0.00303307   0.0253459 -0.00097351
-0.00302368   0.0253928 -0.00097084
 -0.0030143     0.02544 -0.00096821
-0.00300493   0.0254873 -0.00096558
 -0.00299556    0.0255347 -0.000962997
 -0.00298623    0.0255824 -0.000960371
-0.00297695     0.02563  -0.0009577
 -0.00296767    0.0256778 -0.000955075
 -0.00295844    0.0257255 -0.000952406
 -0.00294922    0.0257734 -0.000949783
 -0.00294003    0.0258213 -0.000947202
 -0.00293088    0.0258692 -0.000944595
 -0.00292174    0.0259172 -0.000942032
 -0.00291261    0.0259651 -0.000939487
 -0.00290351     0.026013 -0.000936923
 -0.00289442    0.0260611 -0.000934395
 -0.00288537    0.0261092 -0.000931826
 -0.00287631    0.0261575 -0.000929303
 -0.00286729    0.0262057 -0.000926738
 -0.00285827    0.0262541 -0.000924221
 -0.00284928    0.0263025 -0.000921749
 -0.00284033    0.0263509 -0.000919255
 -0.00283138    0.0263993 -0.000916805
 -0.00282244    0.0264478 -0.000914383
  -0.0028135    0.0264964 -0.000911997
 -0.00280459     0.026545 -0.000909595
 -0.00279573    0.0265935 -0.000907167
 -0.00278686    0.0266422 -0.000904777
 -0.00277801    0.0266908 -0.000902412
  -0.0027692    0.0267393 -0.000900039
 -0.00276039     0.026788 -0.000897702
 -0.00275162    0.0268367 -0.000895337
 -0.00274284    0.0268854 -0.000893013
 -0.00273409    0.0269341 -0.000890718
 -0.00272533    0.0269829 -0.000888459
 -0.00271661    0.0270317 -0.000886195
 -0.00270791    0.0270805 -0.000883866
  -0.0026992    0.0271298 -0.000881571
 -0.00269051    0.0271793 -0.000879209
  -0.0026818    0.0272293 -0.000876884
  -0.0026731    0.0272794 -0.000874548
 -0.00266442    0.0273298 -0.000872159
 -0.00265575    0.0273806 -0.000869814
 -0.00264711    0.0274315 -0.000867393
 -0.00263846    0.0274826 -0.000865021
 -0.00262984    0.0275338 -0.000862672
 -0.00262122    0.0275852 -0.000860371
 -0.00261265    0.0276366 -0.000858035
 -0.00260411     0.027688 -0.000855646
 -0.00259559    0.0277396 -0.000853309
 -0.00258708    0.0277911 -0.000850998
 -0.00257862    0.0278426 -0.000848657
 -0.00257016    0.0278942 -0.000846365
 -0.00256173    0.0279458 -0.000844028
  -0.0025533    0.0279976 -0.000841734
 -0.00254489    0.0280494 -0.000839463
 -0.00253651    0.0281011 -0.000837169
 -0.00252813    0.0281531 -0.000834923
 -0.00251978     0.028205 -0.000832635
 -0.00251143    0.0282572 -0.000830397
 -0.00250309    0.0283092 -0.000828188
 -0.00249475    0.0283615 -0.000826026
 -0.00248645    0.0284137 -0.000823848
 -0.00247818    0.0284659 -0.000821624
  -0.0024699    0.0285183 -0.000819452
-0.00246165   0.0285706 -0.00081731
 -0.00245344    0.0286228 -0.000815156
 -0.00244521    0.0286753 -0.000813048
 -0.00243703    0.0287276 -0.000810906
 -0.00242883    0.0287802 -0.000808807
-0.00242065   0.0288326 -0.00080674
 -0.00241247    0.0288852 -0.000804722
 -0.00240432    0.0289378 -0.000802688
 -0.00239622    0.0289903 -0.000800622
  -0.0023881    0.0290429 -0.000798601
    -0.00238    0.0290954 -0.000796604
 -0.00237187    0.0291482 -0.000794613
 -0.00236375    0.0292012 -0.000792589
 -0.00235561    0.0292548 -0.000790597
 -0.00234749    0.0293087 -0.000788538
  -0.0023394    0.0293628 -0.000786386
 -0.00233128    0.0294173 -0.000784275
-0.00232319   0.0294719 -0.00078216
 -0.00231512    0.0295268 -0.000779989
 -0.00230705    0.0295819 -0.000777874
 -0.00229902     0.029637 -0.000775695
 -0.00229099    0.0296925 -0.000773578
 -0.00228297    0.0297479 -0.000771474
 -0.00227501    0.0298033 -0.000769343
 -0.00226703     0.029859 -0.000767265
 -0.0022591   0.0299146 -0.00076514
 -0.00225117    0.0299705 -0.000763068
 -0.00224325    0.0300263 -0.000761015
 -0.00223537    0.0300821 -0.000758937
 -0.00222749    0.0301381 -0.000756918
 -0.00221964    0.0301941 -0.000754851
 -0.00221178    0.0302503 -0.000752836
 -0.00220395    0.0303064 -0.000750867
 -0.00219615    0.0303626 -0.000748853
-0.00218834   0.0304189  -0.0007469
 -0.00218054    0.0304752 -0.000744964
 -0.00217277    0.0305315 -0.000743004
 -0.00216499     0.030588 -0.000741091
 -0.00215725    0.0306445 -0.000739136
 -0.00214949    0.0307012 -0.000737232
 -0.00214177    0.0307578 -0.000735287
 -0.00213407    0.0308144 -0.000733393
 -0.00212636    0.0308712 -0.000731546
 -0.00211869    0.0309279 -0.000729678
   -0.002111    0.0309848 -0.000727861
 -0.00210335    0.0310416 -0.000726011
 -0.00209569    0.0310986 -0.000724211
 -0.00208805    0.0311555 -0.000722453
 -0.00208045    0.0312123 -0.000720673
 -0.00207283    0.0312692 -0.000718937
 -0.00206525     0.031326 -0.000717168
-0.00205763   0.0313832 -0.00071541
 -0.00205001    0.0314405 -0.000713667
  -0.0020424    0.0314983 -0.000711858
 -0.00203476    0.0315566 -0.000710093
 -0.00202712    0.0316151 -0.000708305
 -0.00201945    0.0316741 -0.000706568
  -0.0020118    0.0317333 -0.000704737
 -0.00200418    0.0317928 -0.000702799
 -0.00199655    0.0318525 -0.000700922
 -0.00198897    0.0319122 -0.000698961
 -0.00198138    0.0319722 -0.000697071
 -0.00197383    0.0320322 -0.000695217
 -0.00196631    0.0320921 -0.000693303
 -0.00195879    0.0321523 -0.000691461
 -0.00195132    0.0322124 -0.000689556
 -0.00194383    0.0322727 -0.000687716
 -0.00193638     0.032333 -0.000685913
 -0.00192895    0.0323933 -0.000684058
 -0.00192152    0.0324537 -0.000682272
  -0.0019141    0.0325141 -0.000680506
 -0.00190666    0.0325747 -0.000678801
 -0.00189926    0.0326353 -0.000677046
 -0.00189189     0.032696 -0.000675229
 -0.0018845   0.0327568 -0.00067347
 -0.00187715    0.0328175 -0.000671655
-0.00186978   0.0328785 -0.00066991
 -0.00186244    0.0329394 -0.000668203
 -0.00185513    0.0330003 -0.000666458
  -0.0018478    0.0330614 -0.000664784
 -0.00184051    0.0331224 -0.000663062
  -0.0018332    0.0331836 -0.000661397
  -0.0018259    0.0332447 -0.000659769
 -0.00181864    0.0333058 -0.000658105
 -0.00181137    0.0333671 -0.000656514
 -0.00180416    0.0334284 -0.000655025
  -0.0017969    0.0334898 -0.000653449
 -0.00178969    0.0335511 -0.000652037
 -0.00178256    0.0336124 -0.000650825
 -0.00177538    0.0336738 -0.000649543
  -0.0017683    0.0337351 -0.000648513
 -0.00176113    0.0337968 -0.000647347
 -0.00175395    0.0338589 -0.000646146
  -0.0017468    0.0339214 -0.000645112
 -0.00173955    0.0339843 -0.000643872
 -0.00173239    0.0340477 -0.000642938
 -0.00172514    0.0341114 -0.000641806
 -0.00171792    0.0341754 -0.000640814
 -0.00171078    0.0342396 -0.000640115
 -0.00170359    0.0343041 -0.000639273
-0.00169651   0.0343687 -0.00063879
-0.00168934   0.0344335 -0.00063814
 -0.00168222    0.0344983 -0.000637665
 -0.00167501    0.0345633 -0.000637028
 -0.0016679   0.0346283 -0.00063669
 -0.00166089    0.0346933 -0.000636674
 -0.00165381    0.0347584 -0.000636526
 -0.00164675    0.0348235 -0.000636512
  -0.0016396    0.0348887 -0.000636317
 -0.00163251    0.0349539 -0.000636373
 -0.00162549    0.0350191 -0.000636688
 -0.00161839    0.0350844 -0.000636852
  -0.0016113    0.0351497 -0.000637106
-0.00160411   0.0352151 -0.00063717
 -0.00159696    0.0352806 -0.000637434
 -0.00158987    0.0353461 -0.000637916
  -0.0015827    0.0354117 -0.000638241
 -0.00157554    0.0354773 -0.000638643
 -0.00156829    0.0355431 -0.000638858
 -0.00156108    0.0356089 -0.000639253
 -0.00155394    0.0356747 -0.000639848
-0.00154673   0.0357406  -0.0006403
 -0.00153961    0.0358065 -0.000640968
 -0.00153249    0.0358723 -0.000641657
  -0.0015253    0.0359383 -0.000642197
 -0.00151816    0.0360043 -0.000642903
 -0.00151095    0.0360705 -0.000643441
 -0.00150376    0.0361366 -0.000644053
 -0.00149662    0.0362027 -0.000644792
 -0.00148943    0.0362689 -0.000645407
 -0.00148232    0.0363351 -0.000646212
 -0.00147513    0.0364017 -0.000646834
 -0.00146792    0.0364686 -0.000647396
  -0.0014606    0.0365362 -0.000647678
 -0.00145334    0.0366041 -0.000648098
  -0.0014462    0.0366724 -0.000648791
 -0.00143899    0.0367412 -0.000649287
-0.00143186   0.0368101 -0.00064991
 -0.00142465    0.0368794 -0.000650332
 -0.00141758    0.0369489 -0.000651046
 -0.00141067    0.0370185 -0.000652088
 -0.00140372    0.0370883 -0.000652977
 -0.00139685     0.037158 -0.000654003
  -0.0013901    0.0372279 -0.000655268
 -0.00138329    0.0372979 -0.000656356
  -0.0013766    0.0373679 -0.000657722
 -0.00136981    0.0374382 -0.000658874
 -0.00136316    0.0375084 -0.000660299
 -0.00135641    0.0375789 -0.000661506
 -0.00134971    0.0376493 -0.000662753
-0.00134308   0.0377197 -0.00066418
 -0.00133638    0.0377903 -0.000665421
 -0.00132978    0.0378608 -0.000666875
 -0.00132308    0.0379316 -0.000668113
 -0.00131642    0.0380024 -0.000669373
 -0.00130983    0.0380731 -0.000670782
 -0.00130317    0.0381441 -0.000672012
-0.00129655   0.0382149 -0.00067328
-0.00128983   0.0382861 -0.00067435
 -0.00128321    0.0383572 -0.000675569
 -0.00127668    0.0384284 -0.000676961
  -0.0012701    0.0384997 -0.000678203
 -0.00126365    0.0385709 -0.000679638
 -0.00125711    0.0386424 -0.000680893
 -0.00125062    0.0387138 -0.000682172
 -0.00124423    0.0387851 -0.000683591
 -0.00123777    0.0388565 -0.000684865
 -0.00123137    0.0389278 -0.000686187
 -0.00122489    0.0389994 -0.000687349
  -0.0012185    0.0390709 -0.000688647
 -0.00121222    0.0391423 -0.000690104
 -0.00120586     0.039214 -0.000691398
  -0.0011995    0.0392861 -0.000692587
  -0.001193   0.0393589 -0.00069347
-0.00118657   0.0394321 -0.00069446
 -0.00118025    0.0395058 -0.000695682
-0.00117385   0.0395799 -0.00069669
 -0.00116753    0.0396542 -0.000697789
  -0.0011611    0.0397289 -0.000698662
 -0.00115483    0.0398039 -0.000699809
 -0.00114871    0.0398789 -0.000701257
 -0.00114253    0.0399542 -0.000702543
 -0.00113644    0.0400294 -0.000703943
 -0.00113025    0.0401049 -0.000705139
  -0.0011242    0.0401805 -0.000706589
 -0.00111828     0.040256 -0.000708309
 -0.00111228    0.0403317 -0.000709858
-0.00110642   0.0404073 -0.00071167
 -0.00110044    0.0404831 -0.000713259
 -0.00109451    0.0405588 -0.000714925
 -0.00108864    0.0406345 -0.000716717
 -0.00108267    0.0407105 -0.000718315
 -0.00107678    0.0407864 -0.000720103
 -0.00107077    0.0408626 -0.000721664
-0.00106478   0.0409387 -0.00072322
 -0.00105885    0.0410148 -0.000724923
-0.00105287   0.0410912 -0.00072656
 -0.00104691    0.0411674 -0.000728222
 -0.00104093     0.041244 -0.000729968
 -0.00103499    0.0413205 -0.000731739
 -0.00102908     0.041397 -0.000733534
 -0.00102316    0.0414737 -0.000735405
 -0.00101727    0.0415503 -0.000737292
 -0.00101136    0.0416272 -0.000739256
-0.00100548   0.0417039 -0.00074123
-0.000999631    0.0417805 -0.000743226
-0.000993755    0.0418574 -0.000745293
-0.000987901     0.041934 -0.000747375
 -0.00098202    0.0420108 -0.000749529
-0.000976163    0.0420876 -0.000751702
-0.000970332    0.0421643 -0.000753893
-0.000964462    0.0422413 -0.000756174
-0.000958599    0.0423187 -0.000758484
-0.000952699    0.0423968 -0.000760877
-0.000946807    0.0424753 -0.000763305
-0.000940922    0.0425543 -0.000765765
-0.000935002    0.0426338 -0.000768297
-0.000929084    0.0427135 -0.000770844
-0.000923131    0.0427936  -0.00077346
-0.000917187    0.0428739 -0.000776088
-0.000911254    0.0429543 -0.000778722
-0.000905285    0.0430351  -0.00078142
-0.000899327    0.0431157 -0.000784109
-0.000893334    0.0431966 -0.000786862
-0.000887354    0.0432776  -0.00078961
-0.000881396    0.0433585  -0.00079235
-0.000875409    0.0434396 -0.000795148
 -0.00086944    0.0435205 -0.000797928
-0.000863442    0.0436017 -0.000800769
-0.000857471    0.0436829 -0.000803598
-0.000851534     0.043764 -0.000806413
-0.000845568    0.0438453 -0.000809286
-0.000839642    0.0439265 -0.000812138
-0.000833693     0.044008 -0.000815051
 -0.00082778    0.0440893 -0.000817938
-0.000821909    0.0441706  -0.00082081
-0.00081602   0.0442522 -0.00082374
-0.000810171    0.0443336  -0.00082665
-0.000804303    0.0444152 -0.000829621
-0.000798486    0.0444969 -0.000832577
-0.000792724    0.0445785 -0.000835517
-0.000786946    0.0446603 -0.000838514
 -0.00078122     0.044742 -0.000841488
-0.000775479    0.0448239 -0.000844522
-0.000769797    0.0449057 -0.000847538
-0.000764183    0.0449874 -0.000850535
-0.000758556    0.0450692 -0.000853588
 -0.00075299    0.0451509 -0.000856617
-0.000747408    0.0452327 -0.000859704
-0.000741894    0.0453145 -0.000862773
-0.000736454    0.0453961 -0.000865823
-0.000730987    0.0454781 -0.000868956
-0.000725586    0.0455604 -0.000872085
-0.000720157    0.0456435 -0.000875293
-0.000714782    0.0457269 -0.000878496
-0.000709464    0.0458108 -0.000881702
-0.000704119    0.0458953 -0.000884977
-0.000698835    0.0459801 -0.000888239
-0.000693523    0.0460654  -0.00089157
-0.000688271    0.0461509 -0.000894867
-0.000683073    0.0462364 -0.000898142
-0.000678143    0.0463224 -0.000901264
-0.000673257    0.0464084 -0.000904364
-0.000668328    0.0464948 -0.000907539
-0.000663433     0.046581 -0.000910682
-0.000658572    0.0466672 -0.000913806
 -0.00065366    0.0467536 -0.000917005
-0.000648792      0.04684 -0.000920176
-0.000643874    0.0469266 -0.000923426
-0.000638995    0.0470131 -0.000926639
-0.000634159    0.0470995  -0.00092983
-0.000629276    0.0471862 -0.000933097
-0.000624441    0.0472727 -0.000936335
-0.000619561    0.0473596 -0.000939653
-0.000614729    0.0474462 -0.000942934
-0.000609945    0.0475328 -0.000946194
 -0.00060512    0.0476197 -0.000949529
-0.000600351    0.0477065 -0.000952838
-0.000595537    0.0477936 -0.000956227
-0.000590781    0.0478805  -0.00095958
-0.000586079    0.0479675 -0.000962915
-0.000581335    0.0480546 -0.000966325
-0.000576654    0.0481416  -0.00096971
-0.000571931    0.0482289 -0.000973176
-0.000567268     0.048316 -0.000976608
-0.000562666     0.048403 -0.000980022
-0.000558024    0.0484902 -0.000983511
 -0.00055345    0.0485773 -0.000986976
-0.000548833    0.0486646 -0.000990522
 -0.00054428    0.0487516 -0.000994036
 -0.00053979    0.0488386 -0.000997533
-0.000535245     0.048926  -0.00100114
-0.000530755    0.0490139  -0.00100475
-0.000526209    0.0491026  -0.00100846
-0.000521712    0.0491916  -0.00101218
-0.000517257    0.0492813   -0.0010159
-0.000512748    0.0493715  -0.00101971
-0.000508289    0.0494622  -0.00102351
-0.000503776    0.0495534   -0.0010274
-0.000499311    0.0496446  -0.00103125
-0.00049489   0.0497361 -0.00103508
-0.000490418    0.0498278  -0.00103899
-0.000485993    0.0499196  -0.00104286
-0.00048152   0.0500117 -0.00104682
-0.000477101    0.0501038  -0.00105072
-0.000472732    0.0501958  -0.00105459
-0.000468314    0.0502881  -0.00105853
-0.000463948    0.0503802  -0.00106243
-0.000459535    0.0504726  -0.00106641
-0.000455174    0.0505651  -0.00107035
-0.000450874    0.0506575  -0.00107425
-0.000446525    0.0507501  -0.00107823
-0.000442241    0.0508426  -0.00108216
-0.000437908    0.0509355  -0.00108617
-0.000433644    0.0510282  -0.00109012
-0.000429443    0.0511209  -0.00109403
-0.000425195    0.0512139  -0.00109801
-0.000421018    0.0513067  -0.00110195
-0.00041679   0.0513999 -0.00110597
-0.000412634    0.0514929  -0.00110993
-0.000408548    0.0515859  -0.00111385
-0.00040441   0.0516792 -0.00111784
-0.000400349    0.0517724  -0.00112179
-0.000396281     0.051866   -0.0011258
-0.000392295    0.0519593  -0.00112977
-0.000388391    0.0520526  -0.00113372
-0.000384519    0.0521461  -0.00113773
-0.000380729    0.0522396  -0.00114171
-0.000376968    0.0523333  -0.00114576
-0.000373278    0.0524267  -0.00114977
-0.00036966   0.0525201 -0.00115376
-0.00036606    0.052614 -0.00115785
-0.000362524    0.0527084  -0.00116195
-0.000359008    0.0528037  -0.00116614
-0.000355554    0.0528994  -0.00117033
-0.000352159    0.0529959  -0.00117452
-0.00034878   0.0530929 -0.00117879
-0.000345461    0.0531904  -0.00118304
-0.000342156    0.0532884  -0.00118737
-0.000338903    0.0533865  -0.00119166
 -0.0003357   0.0534849 -0.00119591
-0.000332508    0.0535836  -0.00120023
-0.000329366    0.0536823  -0.00120451
-0.000326229    0.0537815  -0.00120887
-0.000323136    0.0538804  -0.00121316
-0.000320085    0.0539794  -0.00121741
-0.000317037    0.0540787  -0.00122174
-0.000314031     0.054178  -0.00122601
-0.000311026    0.0542776  -0.00123038
-0.000308058     0.054377  -0.00123467
-0.000305125    0.0544764  -0.00123893
-0.000302189    0.0545762  -0.00124328
-0.000299288    0.0546758  -0.00124758
-0.000296384    0.0547759  -0.00125197
-0.000293514    0.0548758  -0.00125631
-0.000290639    0.0549761  -0.00126074
-0.000287793    0.0550762  -0.00126512
-0.000284992    0.0551763  -0.00126946
-0.000282193    0.0552766  -0.00127388
-0.000279433    0.0553768  -0.00127825
-0.00027667   0.0554774 -0.00128272
-0.000273945    0.0555779  -0.00128716
-0.000271254    0.0556783  -0.00129157
-0.000268545     0.055779  -0.00129607
-0.000265866    0.0558796  -0.00130053
-0.000263168    0.0559804  -0.00130509
-0.000260503     0.056081   -0.0013096
-0.000257875    0.0561815  -0.00131409
-0.000255295    0.0562823  -0.00131865
-0.000252871    0.0563829  -0.00132313
-0.000250509    0.0564838  -0.00132767
-0.000248248    0.0565849  -0.00133218
-0.000246092    0.0566866  -0.00133666
-0.000243973    0.0567891  -0.00134124
-0.000241961    0.0568924   -0.0013458
-0.000239977    0.0569965  -0.00135045
-0.000238061     0.057101  -0.00135505
-0.000236234     0.057206  -0.00135961
-0.000234431    0.0573115  -0.00136425
-0.000232717    0.0574173  -0.00136882
-0.000231022    0.0575236  -0.00137347
-0.000229383    0.0576298  -0.00137804
-0.000227818    0.0577362  -0.00138254
-0.000226267    0.0578429  -0.00138712
-0.000224791    0.0579496  -0.00139161
-0.000223326    0.0580568  -0.00139619
-0.000221903    0.0581636  -0.00140069
-0.00022054   0.0582706 -0.00140511
-0.000219185    0.0583779  -0.00140962
-0.00021789    0.058485 -0.00141405
-0.000216599    0.0585926  -0.00141858
-0.000215339       0.0587  -0.00142303
-0.000214081    0.0588077  -0.00142758
-0.000212873    0.0589155  -0.00143206
-0.000211714    0.0590231  -0.00143647
-0.00021045   0.0591312 -0.00144095
 -0.0002092   0.0592391 -0.00144537
-0.000207982    0.0593471  -0.00144975
-0.000206761    0.0594553  -0.00145424
-0.000205574    0.0595635  -0.00145869
-0.000204381     0.059672  -0.00146325
-0.000203222    0.0597805  -0.00146775
-0.000202068    0.0598888  -0.00147222
-0.00020091   0.0599974 -0.00147679
-0.000199778     0.060106  -0.00148134
-0.00019864   0.0602149   -0.001486
-0.000197509    0.0603236  -0.00149063
-0.000196374    0.0604326  -0.00149538
-0.000195263    0.0605415  -0.00150009
-0.000194179    0.0606503  -0.00150479
-0.000193106    0.0607653  -0.00151025
-0.000191931    0.0608853  -0.00151562
-0.000190743    0.0610064  -0.00152112
-0.000189703    0.0611283  -0.00152657
-0.000188694     0.061251  -0.00153183
-0.000187679    0.0613732  -0.00153715
-0.00018667   0.0614947 -0.00154225
-0.000185688    0.0616154  -0.00154717
-0.000184699    0.0617358  -0.00155217
-0.000183739    0.0618555    -0.001557
-0.000182767    0.0619752  -0.00156193
-0.000181794    0.0620943  -0.00156673
-0.000180809    0.0622136  -0.00157164
-0.000179845    0.0623326  -0.00157645
 -0.0001789   0.0624514 -0.00158116
-0.000177944    0.0625705  -0.00158599
-0.000176979    0.0626893  -0.00159075
-0.000175673    0.0628088  -0.00159576
-0.000174388    0.0629282  -0.00160072
-0.000173125    0.0630478  -0.00160563
-0.000171863    0.0631677  -0.00161068
-0.000170599    0.0632875  -0.00161568
-0.000169335    0.0634078  -0.00162083
-0.000168093     0.063528  -0.00162595
-0.000166868    0.0636484  -0.00163104
-0.000165644    0.0637691  -0.00163627
-0.000164439    0.0638897  -0.00164146
-0.000163235    0.0640107  -0.00164681
-0.000162017    0.0641315  -0.00165213
-0.000160806    0.0642522  -0.00165743
-0.000159584    0.0643731   -0.0016629
-0.000158376    0.0644939  -0.00166834
-0.000157158    0.0646149  -0.00167395
-0.000155929    0.0647356  -0.00167953
-0.000154693    0.0648565  -0.00168528
-0.000153467    0.0649772  -0.00169101
-0.000152256    0.0650976  -0.00169673
-0.000151039     0.065218  -0.00170259
-0.000149812     0.065338  -0.00170844
-0.000148582    0.0654582  -0.00171444
-0.000147364     0.065572  -0.00171968
-0.000146302    0.0656811  -0.00172507
-0.000145224    0.0657911  -0.00173066
-0.000144017    0.0658997  -0.00173639
-0.000142787    0.0660103  -0.00174241
-0.000141523    0.0661222  -0.00174868
-0.000140268    0.0662363  -0.00175519
-0.000138998     0.066352  -0.00176194
-0.000137748    0.0664693  -0.00176883
-0.000136488    0.0665878  -0.00177591
-0.000135224    0.0667069  -0.00178305
-0.000133955    0.0668269  -0.00179035
-0.00013271   0.0669474 -0.00179766
-0.000131493    0.0670681  -0.00180494
-0.000130274    0.0671892  -0.00181233
-0.000129081    0.0673101  -0.00181964
-0.000127887    0.0674313  -0.00182707
-0.000126686    0.0675522   -0.0018344
-0.000125505    0.0676728  -0.00184165
-0.000124323    0.0677936  -0.00184901
-0.000123162     0.067914  -0.00185625
-0.000121999    0.0680348  -0.00186362
-0.000120823    0.0681552   -0.0018709
-0.000119661    0.0682754  -0.00187809
-0.000118497     0.068396   -0.0018854
-0.000117346    0.0685163  -0.00189261
-0.000116192    0.0686372  -0.00189997
-0.000115023    0.0687576  -0.00190723
-0.000113858    0.0688782  -0.00191444
-0.000112691    0.0689992  -0.00192177
-0.000111529    0.0691202  -0.00192903
-0.000110365    0.0692417  -0.00193643
-0.000109203    0.0693631  -0.00194375
-0.00010804   0.0694851 -0.00195121
-0.000106853    0.0696069  -0.00195859
-0.000105663    0.0697288  -0.00196592
-0.000104471    0.0698512  -0.00197338
-0.000103279    0.0699736  -0.00198077
-0.000102086    0.0700965  -0.00198831
-0.000100866    0.0702194  -0.00199578
-9.96427e-05    0.0703424  -0.00200321
-9.84209e-05    0.0704663  -0.00201084
-9.71846e-05    0.0705911  -0.00201847
-9.59375e-05    0.0707173   -0.0020263
-9.46696e-05    0.0708442  -0.00203412
-9.3406e-05   0.0709724 -0.00204193
-9.21376e-05    0.0711016   -0.0020499
-9.08799e-05    0.0712318   -0.0020578
-8.96188e-05    0.0713628  -0.00206586
-8.83343e-05    0.0714944  -0.00207382
-8.70572e-05    0.0716265  -0.00208168
-8.57808e-05    0.0717592  -0.00208969
-8.45142e-05    0.0718923  -0.00209755
-8.32481e-05     0.072026  -0.00210557
-8.19618e-05    0.0721597  -0.00211344
-8.06775e-05    0.0722939   -0.0021212
-7.93964e-05    0.0724286   -0.0021291
-7.81218e-05    0.0725635  -0.00213686
-7.68491e-05     0.072699  -0.00214478
-7.55523e-05    0.0728345  -0.00215257
-7.42553e-05    0.0729703  -0.00216025
-7.29635e-05    0.0731067  -0.00216808
-7.1675e-05   0.0732432 -0.00217579
-7.03912e-05    0.0733804  -0.00218367
-6.9083e-05   0.0735175 -0.00219144
-6.7772e-05   0.0736549 -0.00219911
-6.64683e-05    0.0737929  -0.00220695
-6.51655e-05     0.073931  -0.00221469
-6.38703e-05    0.0740697  -0.00222261
-6.25495e-05    0.0742083  -0.00223043
-6.1226e-05   0.0743472 -0.00223818
-5.99131e-05    0.0744865  -0.00224609
-5.86013e-05    0.0746259  -0.00225392
-5.73008e-05    0.0747658  -0.00226194
-5.59768e-05    0.0749055  -0.00226986
-5.46491e-05    0.0750454  -0.00227774
-5.33351e-05    0.0751857  -0.00228579
-5.20224e-05    0.0753259  -0.00229376
-5.07248e-05    0.0754666  -0.00230192
-4.9404e-05    0.075607 -0.00231001
-4.80809e-05    0.0757474  -0.00231806
-4.67766e-05    0.0758887  -0.00232635
-4.54619e-05    0.0760307  -0.00233467
-4.41543e-05     0.076174  -0.00234323
-4.33182e-05    0.0763179  -0.00235159
-4.24677e-05    0.0764628  -0.00236018
-4.16137e-05    0.0766087  -0.00236875
-4.07607e-05    0.0767552  -0.00237726
-3.98881e-05    0.0769025  -0.00238598
-3.8972e-05   0.0770498  -0.0023946
-3.80461e-05    0.0771975  -0.00240313
-3.71071e-05    0.0773457  -0.00241187
-3.61666e-05     0.077494  -0.00242047
-3.52152e-05    0.0776429   -0.0024293
-3.42251e-05    0.0777914    -0.002438
-3.32284e-05    0.0779401  -0.00244659
-3.22261e-05    0.0780892  -0.00245539
-3.12246e-05    0.0782382  -0.00246407
-3.0219e-05   0.0783876 -0.00247297
-2.91772e-05    0.0785367  -0.00248175
-2.81351e-05    0.0786863  -0.00249077
 -2.709e-05   0.0788358 -0.00249968
-2.60394e-05    0.0789851  -0.00250849
-2.49771e-05    0.0791348  -0.00251752
-2.38635e-05    0.0792841  -0.00252646
-2.27295e-05    0.0794335  -0.00253535
-2.15741e-05    0.0795831  -0.00254449
-2.04007e-05    0.0797327  -0.00255355
-1.91999e-05    0.0798827  -0.00256288
-1.79748e-05    0.0800324  -0.00257213
-1.67115e-05    0.0801826  -0.00258165
-1.5366e-05   0.0803325 -0.00259113
-1.39839e-05    0.0804822  -0.00260057
-1.25509e-05    0.0806322  -0.00261028
-1.10322e-05    0.0807818  -0.00261998
-9.4606e-06   0.0809314 -0.00262969
-7.80969e-06    0.0810812  -0.00263968
-6.10482e-06    0.0812308  -0.00264966
-4.29448e-06    0.0813807  -0.00265994
-2.33219e-06    0.0815302  -0.00267022
-3.41135e-07    0.0816795   -0.0026805
1.52191e-06   0.0818296 -0.00269103
3.29985e-06   0.0819803 -0.00270158
4.95909e-06   0.0821324 -0.00271238
6.55692e-06   0.0822849 -0.00272318
8.07914e-06   0.0824384 -0.00273397
9.49355e-06   0.0825929 -0.00274497
1.08428e-05   0.0827479 -0.00275589
 1.2092e-05   0.0829037 -0.00276703
1.33016e-05   0.0830593 -0.00277803
1.44562e-05   0.0832154 -0.00278892
1.61047e-05    0.083372 -0.00280028
1.76813e-05   0.0835286 -0.00281147
1.91483e-05   0.0836857 -0.00282286
 2.0568e-05   0.0838424 -0.00283407
2.19259e-05   0.0839991 -0.00284513
2.31835e-05   0.0841563 -0.00285639
2.43876e-05   0.0843132 -0.00286747
2.54976e-05   0.0844707 -0.00287878
2.65762e-05   0.0846278 -0.00288992
2.76074e-05   0.0847849 -0.00290094
2.85522e-05   0.0849424 -0.00291216
2.94565e-05   0.0850998 -0.00292325
3.02794e-05   0.0852577 -0.00293458
3.10833e-05   0.0854153 -0.00294576
3.18518e-05   0.0855729 -0.00295685
3.25442e-05    0.085731 -0.00296817
3.32072e-05    0.085889 -0.00297937
3.37978e-05   0.0860475 -0.00299082
3.43794e-05   0.0862057 -0.00300215
3.48916e-05   0.0863645 -0.00301373
3.53793e-05   0.0865232 -0.00302522
3.58458e-05   0.0866818  -0.0030366
3.62483e-05   0.0868407 -0.00304821
3.66364e-05   0.0869994  -0.0030597
3.69624e-05   0.0871586 -0.00307143
3.72931e-05   0.0873175 -0.00308306
  3.761e-05   0.0874762 -0.00309461
3.78685e-05   0.0876353 -0.00310639
3.81171e-05   0.0877941 -0.00311808
3.83086e-05   0.0879535 -0.00313002
3.85033e-05   0.0881131 -0.00314199
3.86836e-05   0.0882737   -0.003154
3.94916e-05   0.0884359 -0.00316668
4.02697e-05   0.0885988 -0.00317936
4.09597e-05   0.0887631 -0.00319232
4.16052e-05   0.0889285 -0.00320518
4.22144e-05   0.0890948 -0.00321789
4.27429e-05    0.089262 -0.00323083
4.32585e-05   0.0894294 -0.00324357
4.36966e-05   0.0895979 -0.00325656
4.41068e-05   0.0897669 -0.00326934
4.44944e-05   0.0899363 -0.00328189
4.48104e-05   0.0901065 -0.00329467
4.51125e-05    0.090277 -0.00330718
4.53462e-05   0.0904484 -0.00331996
4.55862e-05   0.0906199  -0.0033325
4.58135e-05   0.0907918 -0.00334485
4.59756e-05   0.0909645 -0.00335746
4.61295e-05   0.0911375 -0.00336986
4.62942e-05   0.0913107 -0.00338209
4.63964e-05   0.0914848 -0.00339461
4.64908e-05   0.0916593   -0.003407
4.65245e-05   0.0918347  -0.0034197
4.65555e-05   0.0920104 -0.00343224
4.65276e-05   0.0921869 -0.00344511
4.65157e-05   0.0923636 -0.00345782
4.65002e-05   0.0925405 -0.00347043
4.64282e-05   0.0927181 -0.00348333
4.63571e-05   0.0928957 -0.00349609
4.62307e-05    0.093074 -0.00350917
4.61239e-05   0.0932523 -0.00352213
4.67557e-05   0.0934308 -0.00353538
4.72989e-05   0.0936097 -0.00354892
4.78131e-05   0.0937886 -0.00356232
4.82436e-05   0.0939681 -0.00357602
4.86666e-05   0.0941471 -0.00358959
4.90098e-05   0.0943267 -0.00360346
4.93293e-05   0.0945063 -0.00361722
  4.963e-05   0.0946855 -0.00363087
4.98563e-05   0.0948651 -0.00364479
5.00777e-05   0.0950449 -0.00365871
5.02214e-05   0.0952263   -0.003673
 5.0344e-05   0.0954087 -0.00368729
5.04483e-05   0.0955922 -0.00370151
5.04806e-05    0.095777 -0.00371606
5.05184e-05   0.0959625 -0.00373049
5.05438e-05    0.096149 -0.00374477
5.05009e-05   0.0963367 -0.00375937
5.04527e-05   0.0965251 -0.00377374
5.03386e-05   0.0967146 -0.00378845
5.02419e-05   0.0969042 -0.00380293
 5.0081e-05   0.0970949 -0.00381774
4.99186e-05   0.0972861 -0.00383231
4.97598e-05   0.0974777 -0.00384663
4.95403e-05   0.0976701 -0.00386126
4.93453e-05   0.0978623 -0.00387566
4.90905e-05   0.0980556 -0.00389042
4.88401e-05   0.0982491 -0.00390497
4.85985e-05   0.0984429  -0.0039193
4.82997e-05   0.0986373 -0.00393397
4.80167e-05   0.0988318 -0.00394841
4.76775e-05   0.0990272 -0.00396324
4.81454e-05   0.0992225 -0.00397829
4.85888e-05    0.099418  -0.0039932
4.89425e-05   0.0996142 -0.00400846
4.92787e-05   0.0998104 -0.00402355
 4.9529e-05    0.100007 -0.00403903
4.97839e-05    0.100204 -0.00405437
4.99565e-05    0.100401 -0.00407009
5.01153e-05    0.100599 -0.00408569
5.02647e-05    0.100796 -0.00410117
5.03378e-05    0.100994 -0.00411701
5.04236e-05    0.101191 -0.00413272
5.04355e-05    0.101389 -0.00414883
5.04408e-05    0.101586 -0.00416483
 5.0444e-05    0.101783 -0.00418074
5.03782e-05    0.101981   -0.004197
5.03183e-05    0.102178 -0.00421313
5.01904e-05    0.102375 -0.00422951
5.00891e-05    0.102572  -0.0042459
4.99847e-05    0.102769 -0.00426237
4.98061e-05    0.102968 -0.00427891
4.96292e-05    0.103167 -0.00429549
  4.938e-05    0.103369 -0.00431214
4.91535e-05    0.103571 -0.00432879
4.89306e-05    0.103774 -0.00434547
4.86382e-05    0.103979 -0.00436222
4.83573e-05    0.104184 -0.00437899
4.80085e-05    0.104391 -0.00439584
4.76936e-05    0.104599 -0.00441268
4.73915e-05    0.104807 -0.00442953
4.70238e-05    0.105016 -0.00444647
4.66884e-05    0.105226 -0.00446342
4.62878e-05    0.105437 -0.00448047
4.58988e-05    0.105648 -0.00449753
4.55275e-05     0.10586 -0.00451463
4.50935e-05    0.106073 -0.00453183
4.55059e-05    0.106285 -0.00454948
4.58163e-05    0.106499 -0.00456723
4.61073e-05    0.106713 -0.00458499
4.63863e-05    0.106928 -0.00460277
 4.6571e-05    0.107143 -0.00462066
4.67542e-05    0.107358 -0.00463857
4.68468e-05    0.107574 -0.00465659
  4.696e-05    0.107789 -0.00467463
 4.7071e-05    0.108005 -0.00469271
4.70966e-05    0.108222  -0.0047109
5.98069e-05    0.108459 -0.00472196
7.27964e-05    0.108698 -0.00473337
8.58753e-05    0.108936 -0.00474487
 9.8212e-05    0.109171 -0.00475571
0.000110756    0.109402 -0.00476717
0.000123169    0.109629 -0.00477888
 0.00013523    0.109853 -0.00479051
 0.00014675    0.110072 -0.00480184
0.000158249    0.110286 -0.00481364
0.000170015    0.110498 -0.00482615
 0.00018112    0.110704 -0.00483831
0.000192518    0.110909  -0.0048512
0.000203397     0.11111 -0.00486385
0.000214334    0.111307 -0.00487702
0.000225006    0.111505  -0.0048901
0.000235769      0.1117  -0.0049037
0.000246409    0.111896 -0.00491738
0.000257196    0.112089 -0.00492949
0.000267798    0.112282 -0.00493609
0.000277864    0.112475 -0.00493694
0.000287786    0.112666 -0.00493328
0.000297277    0.112859 -0.00492506
0.000306982    0.113049 -0.00491687
  0.0003162    0.113239 -0.00490594
 0.00032425     0.11343 -0.00489124
0.000329931    0.113621 -0.00487177
0.000334547    0.113812 -0.00484925
0.000338801    0.114002 -0.00482831
0.000343082    0.114194 -0.00480679
 0.00034718    0.114385 -0.00478615
0.000351099    0.114575 -0.00476621
0.000355099    0.114766 -0.00474634
0.00035945   0.114957 -0.0047303
0.000363833    0.115148 -0.00471407
0.000368196     0.11534 -0.00469955
0.000372428    0.115531 -0.00468577
0.000376618    0.115723 -0.00467172
 0.00038109    0.115915 -0.00466103
0.000385452    0.116108 -0.00464968
0.000389722    0.116302 -0.00463908
0.000393772    0.116495 -0.00462911
0.000397678    0.116689 -0.00461854
0.000401816    0.116883 -0.00461093
0.000405782    0.117078 -0.00460253
0.000409645    0.117274 -0.00459462
0.000413314    0.117469 -0.00458682
0.000416802    0.117666 -0.00457894
0.00042054   0.117862 -0.0045739
0.000424099     0.11806 -0.00456817
0.000427614    0.118259   -0.004563
0.000431009    0.118457 -0.00455806
0.000434213    0.118657 -0.00455257
0.000437717    0.118856 -0.00454996
0.000440937    0.119058 -0.00454554
0.000444711    0.119262 -0.00454091
0.000455066    0.119465 -0.00456311
0.000465826    0.119671 -0.00458292
0.000481688     0.11988 -0.00461097
0.000499713     0.12009 -0.00463011
0.000516778    0.120307 -0.00461189
0.000524751    0.120528 -0.00457132
0.000530851    0.120751 -0.00452289
 0.00053002    0.120978 -0.00444911
0.000528498    0.121206 -0.00438272
0.000522996    0.121439 -0.00429868
0.000514778    0.121674  -0.0042097
0.000506923    0.121908 -0.00412596
0.000497058    0.122143 -0.00403865
0.000488459    0.122376 -0.00395867
0.000478037     0.12261 -0.00387482
0.000466693    0.122841  -0.0037907
0.000456629    0.123069 -0.00371357
0.000445704    0.123294 -0.00363614
0.000436407    0.123513 -0.00356641
0.000425956    0.123731 -0.00349467
0.000415041    0.123942 -0.00342403
0.000369138    0.124129 -0.00345269
0.000322267    0.124311 -0.00347422
0.000276091    0.124486 -0.00349043
 0.00022559    0.124657 -0.00349521
 0.00017091    0.124823 -0.00348926
0.000114937    0.124988 -0.00347647
5.60302e-05    0.125152 -0.00345605
-6.77443e-06     0.125312  -0.00342632
-7.00467e-05      0.12547  -0.00339146
-0.000136864     0.125625  -0.00334829
-0.000203634     0.125777  -0.00330102
-0.000272123     0.125928  -0.00324909
-0.000343046     0.126074  -0.00319105
-0.000412492     0.126218  -0.00313137
-0.000480965     0.126359  -0.00307123
-0.000547753     0.126498  -0.00300991
-0.000613326     0.126635  -0.00294942
-0.000677583     0.126769  -0.00288919
-0.000740175     0.126901  -0.00282783
-0.000801331     0.127029  -0.00276697
-0.000860796     0.127156  -0.00270506
-0.000918826     0.127279  -0.00264402
-0.000975172     0.127401  -0.00258198
-0.00102978    0.127521 -0.00252165
-0.00108283    0.127636 -0.00246231
-0.00113424     0.12775 -0.00240198
-0.00118406     0.12786 -0.00234277
-0.00123226    0.127967 -0.00228257
-0.00127864    0.128072 -0.00222426
-0.00132329    0.128172 -0.00216726
-0.00136639    0.128271 -0.00210922
 -0.0013983    0.128367 -0.00203371
-0.00142716    0.128463 -0.00194582
-0.00144517    0.128557 -0.00184147
-0.00144982    0.128648 -0.00171264
-0.00145223    0.128739 -0.00157559
-0.00144627    0.128826 -0.00143156
 -0.0014395     0.12891 -0.00128859
-0.00142601    0.128991 -0.00114021
 -0.00140535     0.129069 -0.000989482
 -0.00138418     0.129145 -0.000841801
 -0.00135556     0.129217 -0.000694845
 -0.00132651     0.129285 -0.000553764
 -0.00129173     0.129351 -0.000421895
 -0.00125016     0.129413 -0.000292994
  -0.0012087     0.129473 -0.000169173
 -0.00116054     0.129529 -4.53249e-05
-0.00111109    0.129583  7.5551e-05
-0.00104293    0.129635  0.00020291
-0.000956151     0.129683  0.000343131
-0.000860788     0.129729  0.000487721
-0.000748273     0.129773  0.000645157
-0.000630373     0.129815  0.000801332
-0.000498414     0.129855  0.000957832
-0.000354974     0.129893   0.00111791
-0.000209461      0.12993   0.00127176
-5.58378e-05     0.129965   0.00142676
9.74312e-05    0.129999  0.00157182
0.000256948    0.130032  0.00170619
0.000419678    0.130064  0.00183581
0.000580244    0.130095  0.00195338
0.000741972    0.130127  0.00206899
0.000900624    0.130158  0.00217215
0.00106089   0.130188 0.00226465
0.00121779   0.130216 0.00234446
0.00137375   0.130246 0.00242372
0.00152766   0.130277 0.00250493
0.00167781   0.130307 0.00257709
 0.0018272   0.130338 0.00264133
 0.0019727   0.130367 0.00269334
0.00211512   0.130397 0.00274822
0.00225359   0.130429 0.00280792
0.00238788   0.130459 0.00285826
0.00251686    0.13049 0.00291219
 0.0026418   0.130519 0.00295379
0.00276362   0.130548 0.00298882
0.00288042   0.130577 0.00302194
0.00299391   0.130604 0.00304848
0.00310221    0.13063 0.00307188
0.00320804   0.130654 0.00309061
0.00331139   0.130677 0.00310417
0.00341027   0.130699 0.00311675
0.00350711   0.130719 0.00312559
  0.003599   0.130739 0.00313506
0.00368929   0.130756 0.00314117
0.00377687   0.130772 0.00314517
0.00385994   0.130787 0.00315135
0.00394126     0.1308 0.00315416
0.00401692   0.130813 0.00315972
 0.0040911   0.130824 0.00316178
0.00416307   0.130833 0.00316339
0.00423388   0.130842 0.00317535
0.00430217   0.130848 0.00318141
0.00436882   0.130854 0.00319856
0.00443253   0.130858  0.0032089
0.00449445   0.130861 0.00322203
0.00455329   0.130862 0.00324412
0.00460886   0.130861 0.00325904
0.00465987   0.130859 0.00328491
0.00470726   0.130854 0.00330288
0.00475057   0.130848  0.0033235
0.00478848    0.13084 0.00335402
0.00482273    0.13083 0.00337668
0.00485164   0.130817 0.00340771
0.00487684   0.130801 0.00343034
0.00489679   0.130782 0.00345991
0.00491313    0.13076 0.00348121
  0.004925   0.130738 0.00350237
0.00493116   0.130712 0.00352968
0.00493427   0.130686 0.00354904
0.00493173    0.13066 0.00357596
0.00492651   0.130633  0.0035948
0.00490832   0.130606 0.00361221
 0.0048648    0.13056 0.00365825
0.00482189   0.130517 0.00369691
0.00476349    0.13046 0.00377382
0.00470788   0.130406 0.00384234
0.00465057   0.130349 0.00392794
0.00460964   0.130286 0.00404025
0.00457615   0.130228 0.00414347
0.00455591   0.130157  0.0042834
0.00454215   0.130089 0.00441256
0.00453938   0.130009 0.00455906
0.00454197   0.129934 0.00469354
0.00455146   0.129857 0.00482033
0.00456505   0.129786 0.00493461
0.00458284   0.129717 0.00503111
0.00460281   0.129654 0.00510604
 0.0046372   0.129603 0.00519794
0.00470525   0.129552    0.00524
0.00477621   0.129506 0.00525611
0.00484538   0.129467 0.00523431
0.00489714   0.129425 0.00515103
0.00494821   0.129385 0.00505088
0.00499266    0.12935 0.00492432
 0.0050359   0.129316 0.00478948
0.00507238   0.129285 0.00464067
0.00511017   0.129243 0.00446784
 0.0051444   0.129192 0.00427895
0.00517527   0.129142 0.00408026
0.00520541   0.129095 0.00388983
0.00523129   0.129051 0.00370519
0.00525595   0.129011 0.00353526
0.00527558   0.128977 0.00337655
0.00528979    0.12895 0.00323107
 0.0053027   0.128927 0.00309705
0.00531013    0.12891 0.00297306
0.00531649   0.128897 0.00285642
0.00531807   0.128888 0.00274556
0.00531486   0.128883 0.00263662
0.00531084    0.12888 0.00252999
0.00530229    0.12888 0.00242131
0.00529319   0.128882 0.00231296
0.00528015   0.128886 0.00220285
0.00526322   0.128892 0.00208822
0.00524586     0.1289 0.00197334
0.00522474   0.128909 0.00185372
0.00520327   0.128919  0.0017344
 0.0051784   0.128931 0.00161365
0.00515014   0.128944 0.00149004
0.00512158   0.128958 0.00136739
0.00508978   0.128973 0.00124264
0.00505778   0.128989 0.00111933
 0.00502279    0.129006 0.000996573
 0.00498493    0.129024 0.000873254
 0.00494697    0.129043 0.000751445
 0.00490619    0.129061 0.000629069
 0.00486548    0.129081 0.000508252
 0.00482236      0.1291 0.000388231
 0.00477699     0.12912 0.000269221
  0.0047318     0.12914 0.000151674
 0.00468446     0.12916 3.45166e-05
  0.00463748     0.129179 -8.11796e-05
  0.00458875     0.129198 -0.000195602
 0.00453839    0.129216 -0.00030851
  0.00448853     0.129235 -0.000419942
   0.0044373     0.129252 -0.000530069
 0.00438672    0.129269 -0.00063868
  0.00433508     0.129285 -0.000746001
  0.00428426     0.129299 -0.000852615
  0.00423248     0.129313 -0.000965105
 0.00417991    0.129324 -0.00108372
 0.00412821    0.129335 -0.00120436
 0.00407602    0.129343 -0.00132881
  0.0040249    0.129352 -0.00145245
 0.00397356    0.129358 -0.00157637
 0.00392224    0.129362 -0.00169883
 0.00387215    0.129365 -0.00181829
 0.00382226    0.129366 -0.00193361
 0.00371861    0.129379 -0.00213664
 0.00361143     0.12939 -0.00233313
 0.00350037    0.129396 -0.00252147
 0.00339404    0.129403 -0.00269207
0.00328919   0.129405 -0.0028418
 0.00318963    0.129406 -0.00297312
 0.00309768    0.129401 -0.00291442
 0.00301037    0.129396 -0.00285454
 0.00292944    0.129386 -0.00278441
 0.00285695     0.12937 -0.00271937
 0.00278953    0.129352 -0.00266935
  0.0027303    0.129327 -0.00262791
 0.00267502    0.129301 -0.00260105
  0.0026261    0.129269 -0.00258464
 0.00258333     0.12923 -0.00259384
 0.00254302    0.129191 -0.00262604
0.00250792   0.129143   -0.00268
0.00247449   0.129096 -0.0027488
 0.00244493    0.129045 -0.00282825
 0.00241877    0.128989 -0.00290996
 0.00239357    0.128935 -0.00299178
0.00237113   0.128877 -0.0030646
 0.00234901    0.128822 -0.00313216
 0.00232873    0.128765 -0.00318996
 0.00230841     0.12871 -0.00324131
 0.00228943    0.128653 -0.00327647
  0.0022712    0.128594 -0.00329531
 0.00225259    0.128536 -0.00330833
 0.00223425    0.128475 -0.00330703
 0.00221532    0.128415 -0.00330367
  0.0021947    0.128352 -0.00329331
 0.00222861    0.128282 -0.00316948
 0.00225479    0.128216 -0.00305163
  0.0022734    0.128147 -0.00293502
 0.00228722    0.128082 -0.00283047
 0.00229734    0.128014 -0.00273511
 0.00230419    0.127944 -0.00264752
 0.00230924    0.127877 -0.00256927
0.00231001    0.12781 -0.0024954
0.00230785   0.127746 -0.0024282
 0.00229906    0.127683 -0.00236319
 0.00228539    0.127625 -0.00230275
 0.00226257    0.127567 -0.00223637
 0.00223016     0.12751 -0.00215713
 0.00219312    0.127456 -0.00207605
 0.00214786    0.127403 -0.00198425
0.00209843   0.127354 -0.0018928
  0.0020409    0.127306 -0.00178995
 0.00197702    0.127259 -0.00167737
 0.00192136    0.127214 -0.00156459
 0.00188039    0.127169 -0.00144024
  0.0018482    0.127127 -0.00131851
 0.00182856    0.127086 -0.00119093
 0.00182204    0.127044 -0.00106133
  0.00182159     0.127006 -0.000939783
  0.00183253     0.126969 -0.000819475
  0.00184722     0.126935 -0.000709991
  0.00186951     0.126902 -0.000604825
  0.00189883     0.126872 -0.000505354
  0.00193001     0.126845 -0.000414599
  0.00196623     0.126819 -0.000329113
  0.00200307     0.126796 -0.000251898
   0.002043    0.126775 -0.00017824
   0.0020856     0.126755 -0.000107918
  0.00212836     0.126738 -4.31306e-05
0.00217346   0.126721 1.9675e-05
 0.00221855    0.126706 7.72977e-05
 0.00226568    0.126692 0.000133416
 0.00231467    0.126679 0.000188502
0.00236351   0.126667 0.00023927
 0.00241398    0.126655 0.000289091
0.00246419   0.126644 0.00033391
 0.00251592    0.126633 0.000377611
 0.00256733    0.126623 0.000416692
0.00262011   0.126613 0.00045601
0.00267409   0.126602 0.00049558
 0.00272757    0.126592 0.000531629
 0.00278207    0.126582 0.000567958
 0.00283597    0.126573 0.000600045
 0.00289068    0.126564 0.000633358
 0.00294597    0.126555 0.000667373
  0.0030005    0.126547 0.000697513
 0.00305541    0.126539 0.000728589
  0.0031095    0.126532 0.000754639
   0.003164    0.126526 0.000781388
 0.00321864    0.126518 0.000807638
0.00327237   0.126513 0.00082924
 0.00332606    0.126507 0.000850837
 0.00337882    0.126502 0.000867019
 0.00343162    0.126498 0.000883584
  0.0034842    0.126493 0.000899585
 0.00353576    0.126489 0.000911054
 0.00358693    0.126485 0.000922875
 0.00363733    0.126483 0.000929644
 0.00368743    0.126481 0.000937347
 0.00373696    0.126479 0.000945152
 0.00378539    0.126478 0.000948719
  0.0038331    0.126476 0.000953293
 0.00387971    0.126476 0.000952951
 0.00392564    0.126476 0.000953506
 0.00397079    0.126475 0.000955256
 0.00401501    0.126476 0.000953055
 0.00405826    0.126476 0.000952463
 0.00410045    0.126478 0.000947054
 0.00414189     0.12648 0.000943178
 0.00418239    0.126484 0.000934831
  0.0042219    0.126487 0.000928817
 0.00426039     0.12649 0.000924937
 0.00429792    0.126495 0.000917473
 0.00433437    0.126498 0.000919097
 0.00436959      0.1265 0.000914034
 0.00440383    0.126503 0.000904284
  0.0044369    0.126504 0.000895115
0.00446907   0.126506 0.00088076
 0.00450005    0.126506 0.000868207
 0.00452981    0.126505 0.000857913
  0.0045587    0.126505 0.000843931
0.00458629   0.126503 0.00083347
 0.00461314    0.126502 0.000818687
0.00463898   0.126501 0.00081388
 0.00466405    0.126501 0.000797878
 0.00468802      0.1265 0.000786327
 0.00471089    0.126498 0.000777932
 0.00473324    0.126497 0.000766199
0.00475469   0.126496 0.00075764
 0.00477582    0.126496 0.000744584
 0.00479616    0.126496 0.000735791
 0.00481576    0.126494 0.000730859
 0.00483506    0.126494 0.000721986
 0.00485375    0.126493 0.000715958
 0.00487204    0.126491 0.000713475
 0.00489018    0.126492 0.000706415
 0.00490789    0.126491 0.000703054
 0.00492566    0.126492 0.000694373
 0.00494301    0.126493 0.000688469
 0.00496013    0.126493 0.000685785
 0.00497733    0.126496 0.000678884
 0.00499427    0.126497 0.000675961
 0.00501131    0.126501 0.000667827
 0.00502806    0.126504 0.000662789
 0.00504476    0.126507 0.000661592
 0.00506154    0.126512 0.000656206
 0.00507816    0.126516 0.000655197
 0.00509502    0.126523 0.000649231
0.00511163   0.126528 0.00064823
 0.00512849    0.126536 0.000642418
 0.00514519    0.126544 0.000640743
 0.00516174    0.126552 0.000642784
 0.00517845    0.126561 0.000640745
 0.00519482    0.126569 0.000642799
 0.00521129    0.126579 0.000639098
 0.00522732    0.126587 0.000638005
 0.00524301    0.126593 0.000639955
 0.00525867      0.1266 0.000637145
 0.00527394    0.126605 0.000638684
 0.00528924    0.126612 0.000634956
 0.00530406    0.126617 0.000635065
 0.00531857    0.126621 0.000640064
 0.00533312    0.126627 0.000641042
 0.00534734    0.126632 0.000647729
 0.00536177    0.126638 0.000649413
 0.00537585    0.126645 0.000655296
 0.00538978     0.12665 0.000665833
 0.00540391    0.126658 0.000671775
 0.00541793    0.126665 0.000682749
 0.00543227    0.126673 0.000687817
 0.00544651    0.126682 0.000696376
 0.00546114    0.126692 0.000699128
0.00547589   0.126702 0.00070698
 0.00549083    0.126712 0.000719486
 0.00550615    0.126723 0.000727572
 0.00552159    0.126734 0.000738945
 0.00553749    0.126748 0.000744496
 0.00555369    0.126761 0.000755095
 0.00557022    0.126774 0.000770168
 0.00558716    0.126788 0.000780569
 0.00560429    0.126803 0.000793939
  0.0056218    0.126817 0.000811105
 0.00563971    0.126834 0.000822869
 0.00565797     0.12685 0.000838766
 0.00567666    0.126869 0.000848266
 0.00569552    0.126887 0.000860552
 0.00571475    0.126905 0.000876263
 0.00573434    0.126926 0.000886827
0.00575423   0.126946 0.00090165
  0.0057745    0.126969 0.000910403
 0.00579491    0.126991 0.000922207
 0.00581562    0.127014 0.000937746
 0.00583665    0.127038 0.000948331
 0.00585766    0.127062 0.000962695
 0.00587874    0.127086 0.000970117
 0.00589964    0.127109 0.000979646
  0.0059206    0.127132 0.000982582
 0.0059414   0.127154 0.00098957
0.00596199   0.127173  0.0010008
0.00598255   0.127194 0.00100756
0.00600282   0.127213  0.0010181
0.00602311   0.127234 0.00102321
0.00604319   0.127253 0.00103425
 0.00605656    0.127292 0.000857026
 0.0060701   0.127331 0.00068931
 0.00608339    0.127369 0.000531325
 0.00609695    0.127408 0.000385642
 0.00611045    0.127445 0.000252694
0.00612358   0.127481 0.00014062
   0.006136    0.127516 5.88483e-05
 0.00614662    0.127549 1.44272e-05
  0.00615636     0.127581 -4.02329e-06
 0.00616415    0.127611 4.23509e-06
 0.00617001    0.127637 3.66785e-05
 0.00617513    0.127663 8.14902e-05
 0.00617825    0.127685 0.000139469
 0.00618089    0.127706 0.000202485
 0.00618194    0.127723 0.000269751
0.00618356   0.127721 0.00050786
0.00618482   0.127719 0.00073505
 0.00618338     0.12773 0.000784246
0.00618295   0.127742 0.00081187
 0.00618309    0.127753 0.000817712
 0.00618338    0.127761 0.000817023
 0.00618421    0.127769 0.000819443
 0.00618585    0.127775 0.000820554
  0.0061883    0.127781 0.000828654
 0.00619178    0.127785 0.000840478
 0.00619663    0.127788 0.000858984
  0.0062024    0.127792 0.000882591
0.00620951   0.127794 0.00091067
 0.00621751    0.127796 0.000942062
 0.00622672    0.127797 0.000975244
0.00623704   0.127796  0.0010078
0.00624787   0.127794 0.00103857
0.00625773   0.127794 0.00109595
0.00626778   0.127792 0.00115089
 0.0062784   0.127788 0.00120151
0.00628934   0.127783 0.00125897
0.00629984   0.127775 0.00132246
0.00630911   0.127763 0.00139569
0.00631702   0.127749 0.00147661
0.00632302    0.12773 0.00156509
0.00632804   0.127712 0.00165496
0.00633164   0.127692  0.0017435
0.00633386   0.127671 0.00182805
0.00633548   0.127651  0.0019071
0.00633623   0.127633 0.00197694
0.00633663   0.127616 0.00204044
0.00633695   0.127601 0.00209454
0.00633732   0.127589 0.00214377
0.00633799   0.127578 0.00218487
0.0063392  0.127568 0.0022186
0.00634073    0.12756 0.00224961
0.00634318   0.127553 0.00227602
  0.006346   0.127548 0.00230156
0.00634994   0.127544 0.00232389
0.00635504   0.127541 0.00234343
0.00636053   0.127539 0.00236204
0.00636722   0.127538 0.00237803
0.00637431   0.127539 0.00239326
0.00638264    0.12754 0.00240654
 0.0063921   0.127541 0.00241725
0.00640188   0.127544   0.002427
0.00641272   0.127548 0.00243395
0.00642377   0.127553 0.00244024
0.00643589   0.127559 0.00244432
0.00644893   0.127565 0.00244579
0.00646211   0.127573  0.0024466
0.00647614   0.127581 0.00244519
0.00649023   0.127592 0.00244375
0.00650513   0.127603 0.00244092
0.00652338   0.127622 0.00245765
0.00654145   0.127649 0.00247653
0.00655975   0.127674 0.00249046
0.00657735   0.127698  0.0024977
 0.0065955   0.127722 0.00250222
0.00661299   0.127744 0.00250001
0.00663021   0.127763 0.00248876
0.00665373   0.127779 0.00244971
0.00667648   0.127795 0.00240563
0.00669131   0.127804 0.00237069
0.00670783   0.127816 0.00230892
0.00672657   0.127829 0.00221897
0.00674576    0.12784 0.00212156
0.00676412   0.127851 0.00203155
0.0067829  0.127859 0.0019491
0.00680081   0.127868 0.00188325
0.00681815   0.127874 0.00183308
0.00683455   0.127881 0.00179707
0.00684958   0.127885 0.00177738
0.00686312   0.127887 0.00177201
0.00687572    0.12789 0.00177132
0.00689258   0.127892 0.00175992
0.00690856   0.127894 0.00174673
0.00691661   0.127894  0.0017477
 0.0069261   0.127895 0.00172415
0.00693706   0.127898  0.0016746
0.00694749   0.127902 0.00162302
0.00695797   0.127904 0.00156923
0.00696858   0.127903 0.00151916
0.00697857   0.127902 0.00147953
0.00698757   0.127896 0.00145346
0.00699602    0.12789 0.00143821
0.00700881   0.127881 0.00141458
 0.0070213   0.127873 0.00139667
0.00702669   0.127859 0.00140766
0.00703314   0.127846 0.00140106
 0.0070415   0.127837 0.00137059
0.00704896   0.127826 0.00133939
0.00705581   0.127816 0.00131126
0.00706338   0.127803  0.0012831
0.00706999   0.127788 0.00126026
0.00707994   0.127767 0.00122214
0.00708926   0.127744 0.00118905
0.00709137   0.127713 0.00118505
0.00709486   0.127684 0.00116163
 0.0070989   0.127653 0.00112221
0.00710207   0.127619 0.00108236
0.00710446   0.127585 0.00104635
0.00710634   0.127548 0.00101655
 0.00710749    0.127511 0.000995354
 0.00710736    0.127472 0.000986215
 0.00711035    0.127431 0.000972961
 0.00711294    0.127391 0.000964464
 0.00711426    0.127351 0.000965484
  0.0071112    0.127313 0.000963603
0.00710937   0.127279 0.00094217
 0.00710962    0.127245 0.000894704
 0.00710953    0.127213 0.000850016
 0.00711007    0.127178 0.000806816
 0.00711035    0.127143 0.000777653
 0.00710983    0.127103 0.000767309
 0.00710881    0.127063 0.000770648
 0.00710609    0.127018 0.000794606
  0.0071029    0.126973 0.000824436
 0.00710361    0.126924 0.000844197
  0.0071034    0.126874 0.000870093
 0.00710295    0.126825 0.000892038
 0.00709698    0.126776 0.000907179
 0.00709345    0.126733 0.000891008
 0.00709141     0.12669 0.000845284
 0.00708925    0.126648 0.000800047
 0.00708791    0.126603 0.000753869
 0.00708645    0.126558 0.000721465
 0.00708547    0.126509 0.000699325
 0.00708418    0.126458 0.000691568
 0.00708201    0.126404 0.000703006
 0.00707832    0.126344 0.000733754
 0.00707931    0.126283 0.000751816
0.00707943   0.126219 0.00078031
 0.00707939    0.126157 0.000805993
 0.00707352    0.126094 0.000822463
 0.00706899    0.126032 0.000808632
 0.00706581     0.12597 0.000760332
 0.00706197    0.125907 0.000710771
0.00705814   0.125839 0.00065809
  0.0070537    0.125769 0.000618835
0.00704901   0.125693 0.00058895
 0.00704371    0.125616 0.000573486
 0.00703702    0.125533 0.000577242
 0.00703322    0.125444 0.000580312
 0.00702924    0.125356 0.000590391
0.00702402   0.125266   0.000613
  0.0070191    0.125179 0.000611969
0.00700962   0.125094 0.00061027
  0.0070017    0.125013 0.000579227
 0.00699261    0.124931 0.000531954
 0.00698287    0.124847 0.000487209
 0.00697471    0.124763 0.000451997
 0.00696833    0.124679 0.000429834
 0.00696237    0.124592 0.000423925
 0.00695571    0.124501 0.000442704
 0.00694875    0.124408 0.000472889
 0.00694472     0.12431 0.000504104
 0.00694068    0.124213 0.000538448
 0.00693587    0.124113 0.000578553
  0.0069314    0.124017 0.000592197
 0.00692656    0.123919 0.000583852
 0.00691912    0.123827 0.000563785
 0.00691092    0.123731 0.000525803
 0.00689946    0.123632 0.000477583
  0.0068895    0.123532 0.000436729
 0.00688109    0.123429 0.000406926
 0.00687528    0.123327 0.000389934
 0.00687195    0.123222 0.000388472
  0.0068719    0.123116 0.000380394
 0.00687162    0.123006 0.000400696
 0.00686768    0.122898 0.000401085
 0.00686792    0.122787 0.000419745
0.00686762   0.122674 0.00042962
 0.00686738    0.122562 0.000418427
 0.00686282     0.12245 0.000416087
 0.00685516    0.122337 0.000400357
 0.00684467    0.122219 0.000375696
 0.00683524    0.122101 0.000356556
 0.00682594    0.121979 0.000341071
 0.00681812    0.121856 0.000334329
 0.00681566    0.121728 0.000302597
 0.00681293    0.121598 0.000281057
 0.00680896    0.121466 0.000274611
 0.00680397    0.121331 0.000268872
 0.00679871    0.121198 0.000253651
 0.00679231    0.121064 0.000225483
 0.00678554    0.120931 0.000182764
 0.00677844    0.120797 0.000131612
 0.00677125    0.120662 7.34384e-05
 0.00676406    0.120526 1.49641e-05
  0.00675684     0.120389 -4.19138e-05
  0.00674957     0.120249 -9.20132e-05
  0.00674211      0.12011 -0.000135179
  0.00673402     0.119968 -0.000168008
  0.00672551     0.119826 -0.000194086
 0.00671614    0.119682 -0.00021334
  0.00670554     0.119537 -0.000225383
  0.00669425     0.119391 -0.000236233
   0.0066814     0.119244 -0.000245204
  0.00666778     0.119097 -0.000256203
  0.00665283     0.118948 -0.000269922
 0.00663645    0.118798 -0.00028655
  0.00661915     0.118648 -0.000305948
  0.00660029     0.118497 -0.000328781
  0.00658052     0.118346 -0.000352853
  0.00655942     0.118194 -0.000379392
  0.00653685     0.118041 -0.000406563
  0.00651312     0.117888 -0.000432605
  0.00648725     0.117734 -0.000455469
  0.00646018     0.117581 -0.000475469
 0.00643147    0.117426 -0.00049308
  0.00640202     0.117272 -0.000507849
  0.00637116     0.117116 -0.000518633
  0.00633928      0.11696 -0.000525836
  0.00630665     0.116803 -0.000532783
  0.00627338     0.116643 -0.000540265
  0.00623949     0.116482 -0.000547706
  0.00620484     0.116319 -0.000553953
  0.00616973     0.116153 -0.000559388
  0.00613423     0.115986 -0.000564044
  0.00609877     0.115817 -0.000564911
  0.00606338     0.115649 -0.000561978
  0.00602852     0.115479 -0.000554602
   0.0059944     0.115309 -0.000542372
  0.00596034      0.11514 -0.000527469
  0.00592708      0.11497 -0.000508943
  0.00589391     0.114802 -0.000488893
  0.00586153     0.114633 -0.000467284
  0.00583315     0.114464 -0.000442805
  0.0058073    0.114296 -0.00041698
 0.00578526    0.114128 -0.00038956
  0.00576509      0.11396 -0.000361647
  0.00574749     0.113792 -0.000334243
  0.00573205     0.113623 -0.000306845
  0.00571709     0.113456 -0.000280256
  0.00570312     0.113288 -0.000255108
  0.00568877      0.11312 -0.000230886
  0.00567458     0.112953 -0.000208342
  0.00565985     0.112785 -0.000187917
 0.00564374    0.112618 -0.00016839
  0.00562636     0.112451 -0.000151114
  0.00560702     0.112285 -0.000134069
  0.00558615     0.112118 -0.000119179
  0.00556318     0.111952 -0.000105207
  0.00553764     0.111786 -9.08917e-05
  0.00550959      0.11162 -7.77884e-05
  0.00547854     0.111455 -6.36983e-05
  0.00544526      0.11129 -5.01115e-05
  0.00540912     0.111125 -3.69971e-05
  0.00536966      0.11096 -2.23571e-05
  0.00532735     0.110795 -8.13918e-06
 0.00528154    0.110631 8.45366e-06
0.00523349   0.110467   2.53e-05
 0.00516479    0.110312 -5.6283e-05
  0.00509231     0.110156 -0.000135167
  0.00501704     0.109999 -0.000213362
  0.00493738     0.109837 -0.000275633
  0.00485538     0.109669 -0.000324337
  0.00477084     0.109496 -0.000354647
 0.00468255     0.10932 -0.00036792
   0.0045927     0.109139 -0.000359762
  0.00449926      0.10896 -0.000336056
  0.00440557      0.10878 -0.000297394
 0.00431187    0.108603 -0.00024567
  0.00422109     0.108429 -0.000186205
  0.00415986     0.108259 -0.000131388
  0.00411593     0.108092 -7.93639e-05
  0.00410056     0.107929 -3.81994e-05
   0.0041166      0.10777 -1.27836e-05
 0.00414823    0.107612 4.85363e-06
 0.00421057    0.107455 2.28863e-06
  0.00428552     0.107299 -2.16249e-05
    0.004384     0.107144 -8.35044e-05
  0.00449298     0.106988 -0.000165666
   0.0046253     0.106832 -0.000285036
  0.00477851     0.106674 -0.000437142
 0.00493977    0.106515 -0.00060216
  0.00511793     0.106353 -0.000782462
  0.00530129     0.106191 -0.000961717
 0.00549569    0.106027 -0.00114088
 0.00570012    0.105861 -0.00132042
 0.00590803    0.105694 -0.00150004
 0.00612348    0.105524 -0.00168069
 0.00634114    0.105353 -0.00186257
 0.00653753    0.105181 -0.00204833
 0.00670059    0.105007 -0.00224196
 0.00683857    0.104831 -0.00244464
  0.006941   0.104654 -0.0026572
 0.00702397    0.104474 -0.00287289
 0.00708046    0.104291 -0.00308955
  0.0071237    0.104106 -0.00330278
 0.00714198    0.103917 -0.00351203
 0.00713795    0.103724 -0.00371265
 0.00712395    0.103529 -0.00390818
  0.0070914    0.103329 -0.00409491
 0.00703896    0.103123 -0.00427235
 0.00697729    0.102914 -0.00444711
 0.00689522      0.1027 -0.00461468
 0.00680421    0.102483 -0.00478232
0.00669467   0.102262 -0.0049456
 0.00656516    0.102037 -0.00511913
 0.00642777     0.10181 -0.00530836
 0.00627313     0.10158 -0.00551535
 0.00610207    0.101348 -0.00573833
 0.00592705    0.101114 -0.00597271
 0.00573902    0.100878 -0.00621445
 0.00555062    0.100642 -0.00645775
0.00535327   0.100404 -0.0066985
 0.00515112    0.100164 -0.00692599
 0.00495605   0.0999242 -0.00713991
 0.00476368   0.0996836 -0.00733066
 0.00457802   0.0994431 -0.00750999
 0.00439529   0.0992016 -0.00766774
 0.00421557   0.0989585 -0.00780481
 0.00404203   0.0987147 -0.00793261
 0.00387092    0.098469 -0.00803669
 0.00370518   0.0982223 -0.00812982
 0.00354117   0.0979728 -0.00819772
 0.00337933   0.0977196 -0.00824502
 0.00322276    0.097465 -0.00828534
0.00306898  0.0972069 -0.0083109
 0.00292069   0.0969473 -0.00833355
 0.00277535   0.0966838 -0.00834471
 0.00263344   0.0964159 -0.00834827
   0.002497   0.0961464 -0.00835139
 0.00236412   0.0958731 -0.00834921
 0.00223508   0.0955956 -0.00834381
  0.0021114   0.0953163 -0.00833892
 0.00199177   0.0950322 -0.00833046
 0.00187695   0.0947464 -0.00832005
 0.00176504   0.0944563 -0.00830155
 0.00165648   0.0941618 -0.00827653
 0.00155292   0.0938662 -0.00825213
 0.00145331   0.0935664 -0.00822341
 0.00135881   0.0932652 -0.00819607
 0.00126852   0.0929594 -0.00816512
 0.00118281   0.0926493 -0.00813199
 0.00110204   0.0923372 -0.00810045
 0.00102603   0.0920205 -0.00806745
0.000954699   0.0917026 -0.00803697
0.000887465   0.0913813 -0.00800615
0.000824831   0.0910565 -0.00797593
0.000766457   0.0907313 -0.00794905
 0.00071215   0.0904034 -0.00792345
0.000662245   0.0900731 -0.00790025
0.000616279   0.0897428 -0.00788109
0.000574775     0.08941 -0.00786495
0.000537026   0.0890775 -0.00785319
0.000503196   0.0887428 -0.00784443
0.000473603   0.0884062 -0.00783965
0.000447452   0.0880697 -0.00783919
 0.00042556   0.0877312 -0.00784291
0.000406922   0.0873928   -0.007851
0.000391904   0.0870528 -0.00786301
0.000380905    0.086711  -0.0078795
0.000372848   0.0863694 -0.00790019
0.000368744   0.0860261 -0.00792551
0.000367403   0.0856832 -0.00795497
 0.00036949   0.0853386 -0.00798764
0.000375349   0.0849923 -0.00802414
0.000383726   0.0846464 -0.00806425
0.00039538  0.0842991 -0.0081079
0.000407595    0.083951 -0.00815585
0.000417928    0.083604 -0.00820021
0.000426143   0.0832567 -0.00823932
0.000432692   0.0829107 -0.00827547
0.000437346   0.0825648 -0.00830717
0.000440196    0.082219 -0.00833464
0.000440921   0.0818753 -0.00836074
 0.00044076    0.081531 -0.00838182
0.000439015   0.0811889 -0.00840175
0.000436198   0.0808462 -0.00841733
0.000432019   0.0805041 -0.00842979
0.000426845   0.0801632 -0.00844049
0.000420411   0.0798224  -0.0084478
0.000412814   0.0794814 -0.00845173
0.000404391   0.0791407  -0.0084534
 0.00039488   0.0787997 -0.00845176
0.000384654   0.0784594 -0.00844836
0.000373415   0.0781193 -0.00844226
0.000361216   0.0777796 -0.00843361
0.000348438    0.077441 -0.00842381
0.000334759   0.0771032  -0.0084119
0.000320585   0.0767669  -0.0083993
0.000305569   0.0764318 -0.00838523
0.000289763   0.0760981 -0.00836991
 0.00027357   0.0757659 -0.00835425
 0.00025661   0.0754351 -0.00833764
0.000238963    0.075106 -0.00832041
0.000221023   0.0747784 -0.00830308
0.000202417   0.0744525 -0.00828529
0.000183574   0.0741281 -0.00826753
0.000164058   0.0738053 -0.00824943
0.000143947   0.0734843 -0.00823124
0.000123668   0.0731648 -0.00821317
 0.0001028  0.0728471 -0.0081951
8.18077e-05    0.072531 -0.00817722
6.02076e-05   0.0722167 -0.00815941
3.80819e-05   0.0719044 -0.00814187
1.58845e-05   0.0715937 -0.00812456
-6.83987e-06     0.071285  -0.00810757
-2.96018e-05    0.0709779  -0.00809084
-5.29013e-05    0.0706727  -0.00807434
-7.66872e-05    0.0703696  -0.00805837
-0.000100468    0.0700681  -0.00804264
-0.000124736    0.0697687  -0.00802741
-0.000148972    0.0694708  -0.00801241
-0.000173708     0.069175  -0.00799792
-0.000198897    0.0688812  -0.00798392
-0.000224023    0.0685888  -0.00797012
-0.000249636    0.0682983  -0.00795677
-0.000275654    0.0680099  -0.00794399
-0.000301579    0.0677229  -0.00793136
-0.000327929    0.0674379   -0.0079193
-0.000354179    0.0671536  -0.00790674
-0.000380922    0.0668702  -0.00789373
-0.000408057    0.0665875  -0.00788026
-0.000435072    0.0663051  -0.00786603
-0.000462505    0.0660233  -0.00785123
-0.000489806    0.0657422   -0.0078359
-0.000517605    0.0654621  -0.00782031
-0.000545828     0.065183  -0.00780452
-0.000573903    0.0649049  -0.00778855
-0.00060243    0.064628 -0.00777263
-0.000630793    0.0643524   -0.0077567
-0.000659658    0.0640781  -0.00774106
-0.000688929    0.0638052  -0.00772577
-0.000718019    0.0635336   -0.0077106
-0.000747522    0.0632632  -0.00769589
-0.000775831    0.0629938  -0.00768351
-0.00079269   0.0627243 -0.00769152
-0.000801365    0.0624548  -0.00771294
-0.000797877    0.0621845  -0.00775585
-0.000782531    0.0619134  -0.00782002
-0.000760245    0.0616423   -0.0078959
-0.000727092    0.0613705  -0.00799185
-0.000688067    0.0610989  -0.00809809
-0.000640655    0.0608271   -0.0082207
-0.000588222    0.0605557  -0.00835243
-0.000527372    0.0602842  -0.00850078
-0.000458745    0.0600126  -0.00866499
-0.000386162    0.0597415  -0.00883677
-0.000306829    0.0594706  -0.00902297
-0.000224486    0.0592002   -0.0092152
-0.000142604    0.0589288  -0.00940901
-6.12247e-05    0.0586563  -0.00960425
1.86882e-05   0.0583835 -0.00979767
 9.7609e-05     0.05811 -0.00999176
0.000175032   0.0578362  -0.0101841
0.000251521   0.0575618  -0.0103772
0.000326905   0.0572868   -0.010571
0.000400801   0.0570118  -0.0107633
0.000463222   0.0567351  -0.0109748
0.00050644  0.0564559 -0.0112182
0.000534885   0.0561745  -0.0114833
0.000541211   0.0558892  -0.0117845
0.000535037   0.0556017  -0.0121022
0.00051204  0.0553115 -0.0124254
0.000472479   0.0550186  -0.0127496
0.000425155   0.0547254  -0.0130693
0.000363663   0.0544309  -0.0133884
0.000296185   0.0541371  -0.0137027
0.000217875   0.0538436  -0.0140146
0.00012872   0.053551 -0.0143244
3.46384e-05   0.0532596  -0.0146294
-6.94841e-05    0.0529697   -0.0149323
-0.000177827    0.0526814   -0.0152305
-0.000294581    0.0523949   -0.0155256
-0.00041993   0.0521105  -0.0158183
-0.000548854    0.0518279   -0.0161062
-0.000685807    0.0515475   -0.0163916
-0.000825768    0.0512691   -0.0166722
-0.000972527    0.0509929   -0.0169493
-0.00112602   0.0507196  -0.0172234
-0.00128182   0.0504483  -0.0174926
-0.00144362   0.0501799  -0.0177588
-0.00160716   0.0499138  -0.0180199
-0.00177596   0.0496506  -0.0182773
-0.00194924   0.0493908  -0.0185313
-0.00212361   0.0491333  -0.0187801
-0.00229972   0.0488807  -0.0190661
-0.00247349   0.0486326  -0.0193916
-0.00264789   0.0483899  -0.0197532
-0.00282217   0.0481529  -0.0201439
-0.00299403   0.0479207  -0.0205575
-0.00316547    0.047695  -0.0209837
-0.00333446   0.0474745  -0.0214184
-0.00350321     0.04726  -0.0218487
-0.00367178   0.0470508  -0.0222616
-0.00383835    0.046845  -0.0226589
-0.00400505   0.0466451  -0.0230373
-0.00417003   0.0464482  -0.0234012
-0.00433563   0.0462557  -0.0237491
-0.00450172   0.0460682  -0.0240805
-0.00466669   0.0458819  -0.0243999
-0.00483271   0.0456985  -0.0247048
-0.00499774   0.0455151  -0.0249991
-0.00516384   0.0453332  -0.0252817
-0.00533089   0.0451526  -0.0255532
-0.00549676   0.0449721  -0.0258156
-0.0056633  0.0447928 -0.0260684
-0.00582845   0.0446138  -0.0263129
-0.00599352    0.044436  -0.0265484
-0.00615841   0.0442592  -0.0267759
-0.00632153   0.0440829   -0.026996
-0.00648433   0.0439075  -0.0272095
-0.00664542   0.0437322  -0.0274169
-0.00680532   0.0435578  -0.0276182
-0.00696391   0.0433841  -0.0278139
-0.00712067   0.0432104  -0.0280045
-0.0072762  0.0430372 -0.0281905
-0.00743002   0.0428638  -0.0283722
-0.00758194   0.0426906    -0.02855
-0.00773212   0.0425172  -0.0287245
-0.00788037   0.0423438  -0.0288951
-0.00802711   0.0421701   -0.029063
-0.00817161   0.0419962  -0.0292282
-0.00831454   0.0418221  -0.0293905
-0.00845555   0.0416474  -0.0295506
-0.00859515   0.0414724   -0.029708
-0.00873288   0.0412972  -0.0298636
-0.00886861   0.0411212  -0.0300177
-0.00900302    0.040945  -0.0301694
-0.00913556   0.0407681    -0.03032
-0.00926698   0.0405909  -0.0304683
-0.00939642    0.040413  -0.0306157
-0.00952418   0.0402344  -0.0307621
-0.00965092   0.0400554  -0.0309066
-0.00977623   0.0398757  -0.0310501
-0.00989988   0.0396951  -0.0311929
-0.0100227  0.0395141  -0.031334
-0.0101441  0.0393323 -0.0314741
-0.0102649  0.0391502 -0.0316127
-0.0103846  0.0389673 -0.0317503
-0.0105034  0.0387827 -0.0318873
-0.0106219  0.0385966 -0.0320231
-0.0107398  0.0384081 -0.0321582
-0.0108577  0.0382182  -0.032292
-0.0109751  0.0380263 -0.0324249
-0.0110924  0.0378336 -0.0325566
-0.0112092  0.0376389 -0.0326874
-0.0113258  0.0374428 -0.0328165
-0.0114421  0.0372464 -0.0329443
-0.0115579   0.037049 -0.0330704
-0.0116736  0.0368509 -0.0331949
-0.0117891  0.0366529 -0.0333182
-0.0119045  0.0364545 -0.0334397
-0.0120199  0.0362564   -0.03356
 -0.012135   0.036058 -0.0336781
-0.0122501  0.0358594 -0.0337938
-0.0123651  0.0356612 -0.0339081
-0.0124801  0.0354629 -0.0340203
-0.0125952  0.0352646 -0.0341299
-0.0127103  0.0350665 -0.0342387
-0.0128256  0.0348685 -0.0343448
-0.0129411  0.0346707   -0.03445
-0.0130569   0.034473 -0.0345531
-0.0131734  0.0342755 -0.0346533
-0.0132899  0.0340785 -0.0347528
-0.0134072  0.0338819 -0.0348492
-0.0135246  0.0336858 -0.0349448
-0.0136426  0.0334901 -0.0350373
-0.0137617  0.0332949 -0.0351271
-0.0138808  0.0331002 -0.0352161
 -0.014001  0.0329061 -0.0353022
-0.0141212  0.0327126 -0.0353876
-0.0142424  0.0325195   -0.03547
-0.0143647  0.0323273 -0.0355487
-0.0144869  0.0321357 -0.0356265
-0.0146102  0.0319449  -0.035701
-0.0147347  0.0317548 -0.0357721
-0.0148591  0.0315652 -0.0358424
-0.0149847  0.0313767 -0.0359086
-0.0151101  0.0311888 -0.0359741
-0.0152372  0.0310008 -0.0360365
-0.0153657  0.0308124 -0.0360952
-0.0154942  0.0306232 -0.0361534
-0.0156244  0.0304333 -0.0362077
-0.0157546  0.0302429 -0.0362614
-0.0158861   0.030052 -0.0363118
-0.0160191  0.0298611 -0.0363581
-0.0161517  0.0296704 -0.0364036
-0.0162854    0.02948 -0.0364445
-0.0164187  0.0292902 -0.0364846
 -0.016553  0.0291009 -0.0365211
-0.0166881  0.0289125  -0.036553
-0.0168225  0.0287247 -0.0365841
-0.0169577  0.0285378 -0.0366105
-0.017092 0.0283515 -0.036636
 -0.017227  0.0281659 -0.0366579
-0.0173625  0.0279811 -0.0366753
-0.0174971  0.0277967 -0.0366918
-0.0176321   0.027613 -0.0367037
-0.0177661  0.0274297 -0.0367148
-0.0179005  0.0272469 -0.0367222
-0.0180353  0.0270648 -0.0367251
-0.0181689   0.026883 -0.0367272
-0.0183029  0.0267019 -0.0367254
-0.0184358  0.0265211 -0.0367228
-0.0185687  0.0263409  -0.036716
-0.0187013  0.0261614 -0.0367047
-0.0188327  0.0259823 -0.0366926
-0.0189641  0.0258038 -0.0366765
-0.0190943  0.0256255 -0.0366599
 -0.019224  0.0254477 -0.0366391
-0.0193532  0.0252705 -0.0366139
-0.0194811  0.0250934 -0.0365881
-0.0196088  0.0249168 -0.0365585
-0.0197351  0.0247403 -0.0365284
-0.0198608  0.0245641 -0.0364944
-0.0199856  0.0243883 -0.0364562
 -0.020109  0.0242125 -0.0364174
 -0.020232   0.024037 -0.0363751
 -0.020354  0.0238617 -0.0363291
-0.0204749  0.0236855  -0.036283
-0.0205951  0.0235081 -0.0362332
-0.0207142  0.0233291 -0.0361832
-0.0208329  0.0231489 -0.0361302
-0.0209508  0.0229669 -0.0360741
-0.0210675   0.022784 -0.0360177
-0.0211832  0.0225998 -0.0359577
-0.0212974  0.0224152 -0.0358974
-0.0214108  0.0222299  -0.035834
-0.0215227  0.0220445 -0.0357703
-0.0216332  0.0218584 -0.0357034
-0.0217422  0.0216721  -0.035633
-0.0218495  0.0214855 -0.0355624
-0.0219556  0.0212987 -0.0354888
  -0.02206  0.0211115 -0.0354124
-0.0221627  0.0209241 -0.0353359
-0.0222636  0.0207363 -0.0352562
-0.0223629  0.0205482 -0.0351767
-0.0224609  0.0203597 -0.0350944
 -0.022557  0.0201707 -0.0350096
-0.0226517  0.0199813 -0.0349248
-0.0227444  0.0197915 -0.0348371
-0.0228358  0.0196015 -0.0347496
-0.0229257  0.0194112 -0.0346596
-0.0230143  0.0192206 -0.0345697
-0.0231011  0.0190296 -0.0344774
 -0.023186  0.0188382 -0.0343825
-0.0232696  0.0186466 -0.0342877
-0.0233516  0.0184547 -0.0341904
-0.0234321  0.0182624 -0.0340912
-0.0235114  0.0180699 -0.0339922
-0.0235889   0.017877  -0.033891
-0.0236652  0.0176839 -0.0337901
-0.0237402  0.0174905 -0.0336874
-0.0238135  0.0172967 -0.0335827
-0.0238858  0.0171027 -0.0334782
-0.0239563  0.0169085 -0.0333716
-0.0240257  0.0167141 -0.0332654
-0.0240938  0.0165193 -0.0331575
-0.0241604  0.0163244 -0.0330477
-0.0242262  0.0161284 -0.0329385
-0.0242911  0.0159308 -0.0328278
-0.0243549  0.0157316 -0.0327165
 -0.024418   0.015531 -0.0326059
-0.0244798  0.0153291 -0.0324947
-0.0245408  0.0151262 -0.0323841
-0.0246008  0.0149223 -0.0322728
-0.0246595  0.0147178 -0.0321605
-0.0247173  0.0145127 -0.0320486
 -0.024774  0.0143073 -0.0319355
-0.0248298  0.0141014 -0.0318229
-0.0248841  0.0138952 -0.0317093
-0.0249368  0.0136889 -0.0315945
-0.0249886  0.0134821 -0.0314801
 -0.025039  0.0132752 -0.0313643
-0.0250887  0.0130676 -0.0312492
-0.0251369  0.0128597 -0.0311331
-0.0251833  0.0126517 -0.0310158
-0.0252289  0.0124433 -0.0308987
-0.0252733  0.0122347 -0.0307803
-0.0253169  0.0120258 -0.0306622
-0.0253591  0.0118166 -0.0305433
-0.0253998  0.0116076 -0.0304232
-0.0254397  0.0113982 -0.0303032
-0.0254783  0.0111892 -0.0301818
-0.0255158  0.0109803 -0.0300598
-0.0255526  0.0107712  -0.029938
 -0.025588  0.0105627 -0.0298151
-0.0256228  0.0103541 -0.0296924
-0.0256567  0.0101458 -0.0295691
-0.0256893 0.00993817 -0.0294447
-0.0257213 0.00973052 -0.0293205
-0.0257521  0.0095237 -0.0291953
-0.0257823 0.00931665 -0.0290706
-0.0258116 0.00911026  -0.028945
-0.0258397 0.00890477 -0.0288185
-0.0258673 0.00869929 -0.0286922
-0.0258942 0.00849451 -0.0285652
  -0.02592 0.00829061 -0.0284376
-0.0259453 0.00808672 -0.0283103
-0.0259697 0.00788303 -0.0281831
 -0.025994   0.007678 -0.0280569
-0.0260178 0.00747257 -0.0279307
 -0.026041 0.00726648  -0.027805
-0.0260639 0.00705939 -0.0276802
 -0.026086 0.00685206 -0.0275553
-0.0261078 0.00664409 -0.0274311
 -0.026129 0.00643624 -0.0273069
-0.0261493 0.00622872 -0.0271826
-0.0261691 0.00602014 -0.0270528
-0.0261879 0.00581139 -0.0269172
-0.0262062 0.00560161 -0.0267753
-0.0262235  0.0053918 -0.0266285
-0.0262396 0.00518195  -0.026478
 -0.026255  0.0049711 -0.0263245
-0.0262688 0.00476043 -0.0261698
-0.0262813 0.00454974 -0.0260147
 -0.026293 0.00434118 -0.0258604
-0.0263029  0.0041352 -0.0257087
-0.0263119 0.00393157 -0.0255586
-0.0263195 0.00373043 -0.0254102
-0.0263255 0.00353169 -0.0252657
-0.0263304 0.00333499 -0.0251234
-0.0263335 0.00314049 -0.0249849
-0.0263358 0.00294865 -0.0248488
-0.0263365 0.00275886 -0.0247158
-0.0263354 0.00257104 -0.0245862
-0.0263333 0.00238488  -0.024459
-0.0263292 0.00220049 -0.0243353
-0.0263244 0.00201861  -0.024214
 -0.026318 0.00183838 -0.0240957
-0.0263098 0.00165972 -0.0239802
-0.0263008 0.00148237 -0.0238669
-0.0262904  0.0013064 -0.0237553
-0.0262785 0.00113174 -0.0236468
-0.0262659 0.00095817 -0.0235402
 -0.0262519 0.000786724  -0.0234352
 -0.0262372 0.000616233  -0.0233298
 -0.0262214 0.000446757  -0.0232247
 -0.0262043 0.000278199    -0.02312
 -0.0261871 0.000110154  -0.0230172
  -0.0261692 -5.73817e-05   -0.0229165
  -0.0261508 -0.000224537   -0.0228197
  -0.0261324 -0.000390361   -0.0227256
  -0.0261135 -0.000555948   -0.0226355
  -0.0260944 -0.000721103   -0.0225468
  -0.0260751 -0.000885785   -0.0224608
 -0.0260552 -0.00105003  -0.0223771
 -0.0260352 -0.00121377  -0.0222943
 -0.0260147 -0.00137708  -0.0222136
  -0.025994 -0.00153994  -0.0221332
-0.0259729 -0.0017024 -0.0220536
-0.0259513 -0.0018645 -0.0219757
 -0.0259297 -0.00202629  -0.0218984
 -0.0259075 -0.00218784  -0.0218227
 -0.0258853 -0.00234921  -0.0217474
  -0.025863 -0.00250966  -0.0216738
 -0.0258402 -0.00267013  -0.0216014
 -0.0258175 -0.00283056  -0.0215294
-0.0257943 -0.0029911 -0.0214587
 -0.0257712 -0.00315167  -0.0213882
  -0.025748 -0.00331232  -0.0213186
 -0.0257246 -0.00347316  -0.0212499
 -0.0257013 -0.00363407  -0.0211813
 -0.0256778 -0.00379465  -0.0211142
 -0.0256545 -0.00395536   -0.021047
 -0.0256311 -0.00411628  -0.0209806
 -0.0256076 -0.00427749  -0.0209148
 -0.0255843 -0.00443885  -0.0208492
  -0.025561 -0.00460013  -0.0207849
 -0.0255378 -0.00476162  -0.0207206
 -0.0255147 -0.00492343  -0.0206571
 -0.0254915 -0.00508566  -0.0205944
 -0.0254684 -0.00524814  -0.0205317
 -0.0254455 -0.00541072  -0.0204697
 -0.0254227 -0.00557377  -0.0204089
 -0.0253999 -0.00573715  -0.0203481
 -0.0253773 -0.00590086  -0.0202888
 -0.0253547 -0.00606493  -0.0202293
 -0.0253322 -0.00622951    -0.02017
-0.0253099 -0.0063949 -0.0201138
 -0.0252882 -0.00656065  -0.0200597
 -0.0252668 -0.00672712   -0.020009
 -0.0252458 -0.00689396  -0.0199593
 -0.0252251 -0.00706143   -0.019912
 -0.0252044 -0.00722964  -0.0198668
  -0.025184 -0.00739821  -0.0198215
 -0.0251635 -0.00756747  -0.0197779
 -0.0251429 -0.00773739  -0.0197347
 -0.0251223 -0.00790768  -0.0196906
 -0.0251013 -0.00807867  -0.0196467
 -0.0250801 -0.00825004  -0.0196014
 -0.0250583 -0.00842208  -0.0195556
 -0.0250358 -0.00859482  -0.0195099
 -0.0250132 -0.00876795  -0.0194636
 -0.0249897 -0.00894185  -0.0194177
 -0.0249658 -0.00911611  -0.0193707
 -0.0249412 -0.00929102  -0.0193243
-0.0249156 -0.0094667 -0.0192785
 -0.0248897 -0.00964273  -0.0192321
-0.0248626 -0.0098195 -0.0191863
 -0.0248353 -0.00999661  -0.0191396
-0.0248071 -0.0101743 -0.0190936
-0.0247777 -0.0103527 -0.0190481
-0.0247482 -0.0105315 -0.0190023
-0.0247174  -0.010711 -0.0189572
-0.0246865 -0.0108908 -0.0189115
-0.0246546 -0.0110712 -0.0188659
-0.0246216 -0.0112522 -0.0188216
-0.0245884 -0.0114335 -0.0187768
-0.0245541 -0.0116154 -0.0187331
-0.0245198 -0.0117977 -0.0186892
-0.0244845 -0.0119806 -0.0186457
-0.0244491 -0.0121637 -0.0186018
-0.0244127 -0.0123474 -0.0185594
-0.0243753 -0.0125317 -0.0185181
-0.0243378 -0.0127173 -0.0184761
-0.0242996 -0.0129126 -0.0184301
-0.0242614 -0.0131128 -0.0183813
-0.0242225  -0.013324 -0.0183291
-0.0241838 -0.0135407 -0.0182758
-0.0241447 -0.0137693 -0.0182203
-0.0241052 -0.0140096 -0.0181628
 -0.024066 -0.0142556 -0.0181043
-0.0240265  -0.014513 -0.0180438
-0.0239868 -0.0147716 -0.0179831
-0.0239471 -0.0150253 -0.0179229
-0.0239069 -0.0152774 -0.0178626
-0.0238669 -0.0155254 -0.0178022
-0.0238263 -0.0157721 -0.0177408
-0.0237854 -0.0160182 -0.0176789
-0.0237445 -0.0162611 -0.0176173
-0.0237031 -0.0165036 -0.0175546
-0.0236617 -0.0167434 -0.0174925
-0.0236197 -0.0169835 -0.0174298
-0.0235771 -0.0172245 -0.0173664
-0.0235344 -0.0174633 -0.0173053
 -0.023491 -0.0177032 -0.0172448
-0.0234475 -0.0179412 -0.0171866
-0.0234035 -0.0181804 -0.0171284
-0.0233591 -0.0184213 -0.0170707
-0.0233147  -0.018661 -0.0170154
-0.0232697 -0.0189025 -0.0169644
-0.0232249 -0.0191429  -0.016917
-0.0231798 -0.0193851 -0.0168727
-0.0231347 -0.0196265 -0.0168306
-0.0230894 -0.0198702 -0.0167908
-0.0230439 -0.0201167 -0.0167518
-0.0229983 -0.0203626 -0.0167131
-0.0229525 -0.0206115 -0.0166735
-0.0229068   -0.02086 -0.0166334
-0.0228611 -0.0211111 -0.0165944
-0.0228156  -0.021365 -0.0165584
-0.0227701 -0.0216185 -0.0165257
-0.0227237 -0.0218751 -0.0164943
-0.0226765 -0.0221317 -0.0164652
-0.0226286 -0.0223911 -0.0164359
  -0.02258 -0.0226507 -0.0164072
-0.0225328 -0.0229139 -0.0163782
-0.0224889 -0.0231813 -0.0163492
-0.0224483 -0.0234497 -0.0163236
-0.0224109 -0.0237222 -0.0162987
-0.0223758 -0.0239959 -0.0162764
-0.0223426 -0.0242739 -0.0162531
-0.0223104 -0.0245531 -0.0162311
 -0.022279 -0.0248368 -0.0162074
-0.0222475 -0.0251249 -0.0161809
-0.0222155 -0.0254142 -0.0161545
-0.0221822 -0.0257079 -0.0161245
-0.0221475 -0.0260027 -0.0160946
-0.0221113 -0.0263014 -0.0160619
-0.0220726 -0.0266041 -0.0160256
-0.0220318  -0.026908 -0.0159894
-0.0219882  -0.027216 -0.0159491
 -0.021942 -0.0275252 -0.0159078
-0.0218936 -0.0278385 -0.0158594
-0.0218422  -0.028156 -0.0158032
 -0.021788 -0.0284749  -0.015745
-0.0217305  -0.028798 -0.0156792
-0.0216701 -0.0291253 -0.0156127
-0.0216076 -0.0294663 -0.0155389
-0.0215421 -0.0298136 -0.0154657
 -0.021474 -0.0301754 -0.0153861
-0.0214035 -0.0305513    -0.0153
-0.0213298 -0.0309326 -0.0152155
-0.0212543  -0.031327 -0.0151251
-0.0211756 -0.0317252 -0.0150426
-0.0210962 -0.0321336 -0.0149633
-0.0210243  -0.032551 -0.0148736
 -0.020971 -0.0329695  -0.014782
-0.0209511 -0.0333944 -0.0146743
 -0.020948 -0.0338197  -0.014563
-0.0209724   -0.03425 -0.0144362
-0.0210113 -0.0346798 -0.0143038
-0.0210787 -0.0351148 -0.0141355
-0.0211731 -0.0355549 -0.0139236
-0.0212797 -0.0359948 -0.0136926
-0.0214087 -0.0364371 -0.0134369
-0.0215457 -0.0368772 -0.0131821
-0.0216985 -0.0373184 -0.0129222
-0.0218658 -0.0377595 -0.0126568
-0.0220387 -0.0381985 -0.0123921
-0.0222234 -0.0386368 -0.0121212
 -0.022412  -0.039072 -0.0118503
-0.0226083 -0.0395059 -0.0115744
-0.0228073 -0.0399361 -0.0112976
-0.0230124  -0.040363 -0.0110142
-0.0232191 -0.0407857 -0.0107292
-0.0234209 -0.0412036 -0.0104368
 -0.023581 -0.0416166 -0.0101363
-0.0237123  -0.042025 -0.0098327
 -0.0238059  -0.0424268 -0.00951631
 -0.0238812  -0.0428231 -0.00919378
-0.0239298 -0.0432135 -0.0088604
 -0.0239637   -0.043599 -0.00852337
 -0.0239698  -0.0439773 -0.00817799
 -0.0239506  -0.0443484 -0.00782936
 -0.0239191  -0.0447147 -0.00748334
-0.0238644 -0.0450735 -0.0071409
-0.0237997 -0.0454272  -0.006805
 -0.0237152  -0.0457728 -0.00647695
 -0.0236106  -0.0461095 -0.00615869
 -0.0234976  -0.0464414 -0.00584619
-0.0233655 -0.0467642 -0.0055428
 -0.0232265  -0.0470826 -0.00524345
  -0.023071  -0.0473935 -0.00495125
 -0.0228986  -0.0476956 -0.00466576
 -0.0227207  -0.0479939 -0.00438284
 -0.0225271  -0.0482836 -0.00410596
-0.0223294 -0.0485699 -0.0038317
 -0.0221185  -0.0488493 -0.00356387
 -0.0218947   -0.049121 -0.00330278
 -0.0216684  -0.0493899 -0.00304533
  -0.021431  -0.0496521 -0.00279562
 -0.0211926  -0.0499122 -0.00254484
  -0.020944  -0.0501674 -0.00228184
  -0.020687    -0.05042 -0.00200388
 -0.0204306  -0.0506747 -0.00171104
 -0.0201682  -0.0509277 -0.00140784
 -0.0199016  -0.0511781 -0.00109938
  -0.0196387   -0.0514298 -0.000785758
  -0.0193746   -0.0516787 -0.000474546
  -0.0191157   -0.0519287 -0.000162984
-0.0188565 -0.0521746  0.0001432
 -0.0185996  -0.0524162 0.000438638
 -0.0183483  -0.0526571 0.000730342
-0.0181003 -0.0528918 0.00100762
-0.0178583 -0.0531253 0.00127916
-0.0176191 -0.0533524 0.00153756
-0.0173844 -0.0535724 0.00177925
-0.0171556 -0.0537907 0.00201328
-0.0169321 -0.0540015 0.00222899
 -0.016713 -0.0542054 0.00242971
-0.0165001 -0.0544081 0.00262215
 -0.016293 -0.0546039 0.00279664
 -0.016092 -0.0547992 0.00296283
-0.0158966 -0.0549889  0.0031147
-0.0157078 -0.0551728 0.00325039
-0.0155249 -0.0553567 0.00337847
-0.0153492 -0.0555356 0.00349158
-0.0151793 -0.0557152 0.00359795
-0.0150155 -0.0558907 0.00369329
-0.0148589 -0.0560625 0.00377642
-0.0147075 -0.0562355  0.0038542
-0.0145635 -0.0564056 0.00392193
-0.0144244 -0.0565775 0.00398534
-0.0142917 -0.0567472 0.00404188
-0.0141661 -0.0569152 0.00409181
-0.0140448 -0.0570853 0.00413893
-0.0139304  -0.057254 0.00418123
-0.0138198 -0.0574252 0.00422172
-0.0137152  -0.057595 0.00425983
-0.0136172 -0.0577646 0.00429583
-0.0135222 -0.0579367 0.00433135
-0.0134334 -0.0581085 0.00436652
-0.0133474 -0.0582836 0.00440213
-0.0132667 -0.0584649 0.00444082
-0.0131884 -0.0586538 0.00448181
-0.0131156 -0.0588502 0.00452697
-0.0130479 -0.0590528   0.004577
-0.0129824 -0.0592606 0.00462863
-0.0129222 -0.0594728 0.00468434
-0.0128638  -0.059687 0.00474123
-0.0128098 -0.0599013 0.00480139
-0.0127604 -0.0601146 0.00486516
-0.0127117 -0.0603275 0.00493102
-0.0126669 -0.0605384 0.00500163
-0.0126224  -0.060749 0.00507448
-0.0125813 -0.0609584 0.00515157
-0.0125432 -0.0611673 0.00523367
 -0.012505 -0.0613775 0.00531827
-0.0124692 -0.0615885 0.00540781
 -0.012433 -0.0618021 0.00550029
-0.0123989 -0.0620177 0.00559862
-0.0123665 -0.0622362 0.00570367
-0.0123331 -0.0624572 0.00581205
 -0.012301 -0.0626803 0.00592627
-0.0122697  -0.062906 0.00604728
-0.0122371 -0.0631336 0.00617148
-0.0122047 -0.0633632  0.0063029
-0.0121708  -0.063594 0.00643735
-0.0121376 -0.0638263 0.00657309
-0.0121055 -0.0640604 0.00670569
-0.0120725 -0.0642961  0.0068339
-0.0120402 -0.0645336 0.00695923
-0.0120066 -0.0647724 0.00708035
-0.0119732 -0.0650127 0.00719867
-0.0119394 -0.0652547 0.00731424
-0.0119039 -0.0654983 0.00742599
-0.0118676 -0.0657434 0.00753499
-0.0118301 -0.0659905 0.00764151
-0.0117904 -0.0662392 0.00774452
-0.0117487 -0.0664898 0.00784512
-0.0117047 -0.0667421 0.00794231
-0.0116588 -0.0669959 0.00803697
-0.0116103 -0.0672516 0.00812925
-0.0115591 -0.0675085 0.00821835
-0.0115049 -0.0677669 0.00830501
 -0.011448 -0.0680264 0.00838855
-0.0113884 -0.0682873 0.00846976
-0.0113257 -0.0685505 0.00854961
-0.0112605 -0.0688166  0.0086284
-0.0111927  -0.069086 0.00870579
-0.0111224 -0.0693579 0.00878139
-0.0110489 -0.0696331  0.0088554
-0.0109721 -0.0699118 0.00892782
-0.0108929 -0.0701923 0.00899837
-0.0108102 -0.0704757  0.0090672
-0.0107244 -0.0707612 0.00913437
-0.0106362  -0.071048 0.00919963
-0.0105445 -0.0713368 0.00926299
-0.0104505 -0.0716267 0.00932451
-0.0103533 -0.0719183 0.00938426
-0.0102527 -0.0722115 0.00944226
  -0.01015 -0.0725059 0.00949862
-0.0100437 -0.0728017 0.00955308
-0.00993536  -0.0730981  0.00960584
-0.00982425   -0.073396  0.00965702
-0.00971023  -0.0736954  0.00970687
-0.0095946 -0.0739958 0.00975525
-0.00947626  -0.0742977  0.00980238
-0.00935652  -0.0746004  0.00984831
-0.00923466  -0.0749043  0.00989321
-0.00911045  -0.0752094  0.00993665
-0.00898511  -0.0755151  0.00997902
-0.00885794  -0.0758217   0.0100204
-0.00872903  -0.0761291   0.0100606
-0.00859923  -0.0764371      0.0101
-0.00846787  -0.0767457   0.0101383
-0.00833575  -0.0770548   0.0101757
-0.00820245  -0.0773644   0.0102123
-0.00806853  -0.0776746   0.0102481
-0.00793363  -0.0779851   0.0102831
-0.00779787  -0.0782959   0.0103172
-0.00766171  -0.0786072   0.0103508
-0.00752495  -0.0789186   0.0103836
-0.00738784  -0.0792306   0.0104159
-0.00725039  -0.0795426   0.0104479
-0.00711309  -0.0798554   0.0104793
-0.00697947  -0.0801806   0.0105171
-0.00684606  -0.0805179   0.0105609
-0.00671285  -0.0808577   0.0106054
-0.00658083  -0.0812026   0.0106525
-0.00644926  -0.0815476   0.0106989
-0.00631857   -0.081893   0.0107458
-0.00618823  -0.0822377   0.0107915
-0.00605852  -0.0825815   0.0108373
-0.00592989  -0.0829241   0.0108825
-0.00580115  -0.0832664   0.0109273
-0.00567354  -0.0836083   0.0109716
-0.00554571  -0.0839508   0.0110159
-0.00541925   -0.084294     0.01106
-0.00529358  -0.0846378   0.0111046
-0.00516827  -0.0849833   0.0111487
-0.00504435  -0.0853301   0.0111929
-0.00492071  -0.0856786   0.0112367
-0.00479844  -0.0860279   0.0112811
-0.00467776  -0.0863781   0.0113255
-0.00455711  -0.0867291   0.0113698
-0.00443818  -0.0870803   0.0114138
-0.00431948  -0.0874324   0.0114572
-0.00420264  -0.0877842   0.0115005
-0.00408732  -0.0881353   0.0115435
-0.00397223  -0.0884871   0.0115859
-0.00385787  -0.0888377   0.0116351
-0.00375228  -0.0891855   0.0117048
-0.00365407  -0.0895329   0.0117835
-0.00356685   -0.089878   0.0118776
-0.00348628  -0.0902233   0.0119801
-0.00341469  -0.0905669   0.0120947
-0.00335259   -0.090909    0.012223
-0.00329606  -0.0912516   0.0123589
-0.00324723  -0.0915931   0.0125059
-0.00320313  -0.0919349   0.0126585
-0.00316674  -0.0922759   0.0128233
-0.00313749  -0.0926158   0.0129985
-0.00311212  -0.0929565   0.0131793
-0.00309237  -0.0932964   0.0133689
-0.00307833  -0.0936357   0.0135676
 -0.003072 -0.0939631  0.0137732
-0.00307231  -0.0942795   0.0139841
-0.00307425   -0.094599   0.0141983
-0.00307956  -0.0949199   0.0144191
-0.00308539  -0.0952464   0.0146425
-0.00309379  -0.0955744   0.0148708
-0.00310357  -0.0959078   0.0151034
-0.0031136 -0.0962458  0.0153379
-0.00312285  -0.0965883   0.0155727
-0.00312978  -0.0969334   0.0158043
-0.00313442  -0.0972804   0.0160327
-0.00313668   -0.097629   0.0162578
-0.00313683  -0.0979787   0.0164796
-0.00313457   -0.098329   0.0166975
-0.00313026  -0.0986801   0.0169121
-0.0031235 -0.0990318   0.017123
-0.00311414  -0.0993844   0.0173298
-0.00310281  -0.0997383   0.0175337
-0.00308866   -0.100094   0.0177334
-0.00307259   -0.100451   0.0179306
-0.0030536   -0.10081  0.0181236
-0.00303279   -0.101172   0.0183144
-0.00301064   -0.101536   0.0185189
-0.00298843   -0.101904   0.0187509
-0.00296775   -0.102275   0.0190122
-0.00294645    -0.10265   0.0192947
-0.0029242  -0.103028  0.0195956
-0.00290219    -0.10341   0.0199128
-0.00287771   -0.103795   0.0202373
-0.00285229   -0.104185   0.0205703
-0.00282264   -0.104576   0.0208922
-0.00278812   -0.104971   0.0212007
-0.00275156   -0.105367   0.0215015
-0.00270956   -0.105767   0.0217881
-0.00266588   -0.106168   0.0220684
-0.00261716   -0.106571   0.0223351
-0.00256341   -0.106977   0.0225889
-0.00250871   -0.107384   0.0228379
-0.0024481  -0.107794  0.0230773
-0.00237393   -0.108203   0.0233423
-0.00227355   -0.108612   0.0236444
-0.00214488   -0.109021   0.0239877
-0.00200463   -0.109432   0.0243502
-0.00184165   -0.109845   0.0247375
-0.00165739   -0.110263   0.0251169
-0.00146757   -0.110683    0.025487
-0.00126007   -0.111107   0.0258448
-0.00104973   -0.111535   0.0261924
-0.000824588    -0.111967    0.0265259
-0.000597935    -0.112401    0.0268498
-0.000359675    -0.112839      0.02716
-0.00011068   -0.113281   0.0274566
0.000138572   -0.113724   0.0277448
0.000396715   -0.114172   0.0280203
0.00065407  -0.114621  0.0282881
0.000918755   -0.115073   0.0285436
0.0011898  -0.11553 0.0287873
0.0014589 -0.115989 0.0290236
0.00173321   -0.11645  0.0292455
0.00201128  -0.116914  0.0294481
0.00228646  -0.117379  0.0296424
0.00256401  -0.117847  0.0298192
0.00283787  -0.118316  0.0299906
0.00311331  -0.118788  0.0301491
0.00338448   -0.11926  0.0303047
0.00365535  -0.119734  0.0304492
0.00392477  -0.120211  0.0305847
0.00418919  -0.120688  0.0307181
0.0044511 -0.121166 0.0308445
0.00470765  -0.121646  0.0309704
0.0049614 -0.122127 0.0310907
0.00521106  -0.122609  0.0312065
0.00545503  -0.123092  0.0313215
0.00569496  -0.123575  0.0314326
0.00592901   -0.12406  0.0315433
0.00615733  -0.124546  0.0316498
0.00637936  -0.125032  0.0317528
0.00659537   -0.12552  0.0318547
0.00680547  -0.126008   0.031953
0.00700878  -0.126496  0.0320484
0.00720635  -0.126986  0.0321427
0.00739735  -0.127477  0.0322314
0.00758231  -0.127971  0.0323152
0.00775953  -0.128468  0.0323921
0.00792866  -0.128968  0.0324615
0.00809216   -0.12947  0.0325273
0.00824778  -0.129976  0.0325874
0.00839665  -0.130483  0.0326449
0.0085408 -0.130991 0.0327018
0.00867803  -0.131501  0.0327573
0.0088112 -0.132011 0.0328137
0.0089387 -0.132522 0.0328703
0.00906257  -0.133034  0.0329278
0.00918037  -0.133546  0.0329851
0.00929243  -0.134058  0.0330423
0.00940128  -0.134571  0.0330995
0.00950547  -0.135083  0.0331567
0.00960466  -0.135596   0.033213
0.00970135  -0.136109  0.0332692
0.00979361  -0.136622  0.0333241
0.00988387  -0.137136  0.0333788
0.0099705  -0.13765 0.0334331
0.0100537 -0.138162 0.0334863
0.0101354 -0.138676 0.0335394
0.0102145 -0.139188  0.033592
0.0102909 -0.139699 0.0336434
0.0103664  -0.14021 0.0336946
0.0104398  -0.14072 0.0337441
0.0105125  -0.14123 0.0337931
0.0105837 -0.141738 0.0338406
0.0106538 -0.142245 0.0338862
0.0107236 -0.142751 0.0339312
0.0107927 -0.143256 0.0339746
0.0108619 -0.143761 0.0340174
0.0109305 -0.144264 0.0340574
0.0109993 -0.144765 0.0340942
0.0110681 -0.145266 0.0341301
0.0111373 -0.145765 0.0341635
0.0112071 -0.146262 0.0341936
0.0112772  -0.14676  0.034223
0.0113483 -0.147255 0.0342486
0.0114192 -0.147751 0.0342704
0.0114905 -0.148249 0.0342849
0.0115625 -0.148748 0.0342911
0.0116345 -0.149249 0.0342936
0.0117075 -0.149752 0.0342879
0.0117806 -0.150256 0.0342809
 0.011855 -0.150762 0.0342694
0.0119308 -0.151267 0.0342536
0.0120069 -0.151774 0.0342389
0.0120848 -0.152281 0.0342209
0.0121632 -0.152789 0.0342048
0.0122433 -0.153296  0.034187
0.0123255 -0.153804 0.0341669
 0.012408 -0.154312 0.0341483
0.0124926  -0.15482 0.0341277
0.0125792 -0.155328  0.034104
 0.012666 -0.155838 0.0340812
0.0127549 -0.156347 0.0340545
0.0128438 -0.156858 0.0340288
0.0129346 -0.157369     0.034
0.0130274 -0.157881 0.0339673
  0.01312 -0.158393 0.0339354
0.0132147 -0.158906 0.0339005
 0.013309 -0.159419 0.0338666
 0.013405 -0.159933 0.0338286
0.0135027 -0.160447  0.033786
0.0135999 -0.160961 0.0337439
0.0136988 -0.161476 0.0336983
0.0137971 -0.161991 0.0336535
0.0138967 -0.162506 0.0336039
0.0139976 -0.163021 0.0335494
0.0140977 -0.163537 0.0334949
0.0141991 -0.164052 0.0334368
0.0143016 -0.164567 0.0333738
 0.014403 -0.165083 0.0333112
0.0145053 -0.165599 0.0332435
0.0146065 -0.166115 0.0331763
0.0147084 -0.166632 0.0331053
 0.014811 -0.167148 0.0330323
0.0149122 -0.167665 0.0329609
0.0150129 -0.168183 0.0328879
0.0151112 -0.168705  0.032816
0.0152089  -0.16923 0.0327431
0.0153054 -0.169758 0.0326685
0.0153995  -0.17029 0.0325948
0.0154931 -0.170825 0.0325197
0.0155846 -0.171361 0.0324454
0.0156749 -0.171901 0.0323692
0.0157644 -0.172443 0.0322911
0.0158519 -0.172987 0.0322134
0.0159391 -0.173531 0.0321341
0.0160245 -0.174078 0.0320552
0.0161092 -0.174625 0.0319741
0.0161933 -0.175174 0.0318909
0.0162756 -0.175725 0.0318077
0.0163577 -0.176276 0.0317228
 0.016438 -0.176828 0.0316379
0.0165176 -0.177382 0.0315508
0.0165966 -0.177936 0.0314614
0.0166737 -0.178492  0.031372
0.0167503 -0.179048 0.0312802
0.0168264 -0.179605 0.0311866
0.0169006 -0.180163  0.031093
0.0169743 -0.180721 0.0309971
0.0170461 -0.181279 0.0309013
0.0171176 -0.181837 0.0308036
0.0171883 -0.182395 0.0307037
0.0172572 -0.182953 0.0306037
0.0173256  -0.18351 0.0305018
 0.017392 -0.184068 0.0303999
0.0174576 -0.184625 0.0302956
0.0175222 -0.185181 0.0301891
0.0175848 -0.185737 0.0300824
0.0176468 -0.186291 0.0299738
0.0177077 -0.186845  0.029863
0.0177667 -0.187398 0.0297522
0.0178246  -0.18795  0.029639
0.0178806 -0.188502 0.0295258
0.0179358 -0.189053 0.0294109
0.0179899 -0.189602 0.0292938
0.0180413 -0.190152 0.0291764
0.0180905 -0.190704 0.0290566
0.0181369  -0.19126 0.0289368
0.0181816 -0.191817 0.0288152
0.0182239 -0.192376 0.0286916
0.0182638 -0.192937 0.0285682
0.0183504 -0.193534 0.0286159
0.0184365 -0.194133 0.0286475
0.0185229 -0.194733 0.0286617
0.0186116 -0.195343  0.028622
0.0186992 -0.195954 0.0285118
 0.018718 -0.196526 0.0282186
0.0187335 -0.197101 0.0279127
0.0187463 -0.197679 0.0275923
0.0187611 -0.198255 0.0272755
 0.018778 -0.198829 0.0269699
0.0187986 -0.199399 0.0266751
0.0188216 -0.199967 0.0263928
0.0188492 -0.200532 0.0261273
0.0188815 -0.201092 0.0258804
 0.018915 -0.201651 0.0256438
0.0189513 -0.202207 0.0254208
  0.01899 -0.202759 0.0252114
0.0190282  -0.20331 0.0250085
0.0190674 -0.203859 0.0248162
0.0191051 -0.204407 0.0246279
0.0191426 -0.204953 0.0244457
0.0191781 -0.205499 0.0242656
0.0192123 -0.206043 0.0240895
0.0192446 -0.206585 0.0239156
0.0192746 -0.207127 0.0237425
0.0193028 -0.207668 0.0235703
0.0193287 -0.208207 0.0233998
0.0193533 -0.208747 0.0232377
0.0193765 -0.209285 0.0230827
0.0193985 -0.209824 0.0229354
 0.019419 -0.210361 0.0227943
0.0194378 -0.210898 0.0226597
0.0194552 -0.211435  0.022532
0.0194705 -0.211972 0.0224101
0.0194837 -0.212511 0.0222953
0.0194945 -0.213052 0.0221875
0.0195024 -0.213597 0.0220865
 0.019508 -0.214145 0.0219925
0.0195109 -0.214696 0.0219046
0.0195117  -0.21525 0.0218231
0.0195094 -0.215807 0.0217478
 0.019504 -0.216367 0.0216784
0.0194965  -0.21693 0.0216142
0.0194861 -0.217495 0.0215553
 0.019473 -0.218061 0.0215012
 0.019458 -0.218629 0.0214515
0.0194403 -0.219199 0.0214062
0.0194206 -0.219772  0.021365
0.0193986 -0.220345 0.0213275
0.0193742  -0.22092  0.021294
 0.019348 -0.221498  0.021264
0.0193196 -0.222077 0.0212375
0.0192895 -0.222658 0.0212142
0.0192575 -0.223242 0.0211939
0.0192238 -0.223826 0.0211763
0.0191888 -0.224413 0.0211612
0.0191523    -0.225 0.0211484
0.0191146 -0.225589 0.0211378
0.0190757 -0.226179 0.0211289
0.0190357 -0.226769 0.0211216
0.0189948 -0.227361 0.0211161
 0.018953 -0.227952 0.0211115
0.0189103 -0.228545 0.0211085
0.0188669 -0.229138 0.0211065
 0.018823  -0.22973 0.0211051
0.0187785 -0.230324  0.021105
0.0187336 -0.230917  0.021105
0.0186881 -0.231511  0.021106
0.0186424 -0.232105 0.0211073
0.0185969 -0.232698 0.0211085
0.0185509 -0.233292 0.0211104
0.0185051 -0.233885 0.0211119
0.0184634 -0.234438 0.0210945
0.0184252  -0.23498 0.0210698
0.0184051 -0.235525 0.0210383
0.0184076 -0.236077 0.0209985
0.0184456 -0.236643 0.0209493
0.0185117 -0.237237 0.0208981
0.0186119 -0.237858 0.0208418
0.0187271 -0.238496 0.0207861
0.0188766 -0.239149 0.0207204
0.0190337 -0.239781 0.0206462
0.0192049 -0.240367 0.0205502
0.0193705 -0.240884 0.0204333
0.0195423 -0.241306 0.0202811
0.0196976 -0.241662 0.0201119
0.0198385 -0.241937 0.0199186
0.0199609  -0.24217 0.0197171
0.0200612 -0.242359 0.0195047
0.0201441 -0.242534 0.0192929
0.0202033  -0.24268 0.0190753
  0.02024 -0.242795 0.0188509
0.0202638 -0.242899  0.018627
0.0202733 -0.242978 0.0183969
0.0202746 -0.243047 0.0181674
0.0202638 -0.243088 0.0179299
0.0202442 -0.243102 0.0176845
0.0202201 -0.243108 0.0174406
0.0201915 -0.243095 0.0171918
0.0201605 -0.243079 0.0169458
0.0201258 -0.243044 0.0166956
0.0200881 -0.242997 0.0164434
0.0200481  -0.24295 0.0161956
0.0200047 -0.242893 0.0159413
0.0199585 -0.242834 0.0156908
0.0199082 -0.242764 0.0154309
0.0198544 -0.242691 0.0151758
0.0197953 -0.242607 0.0149124
0.0197302  -0.24251 0.0146425
0.0196616 -0.242413   0.01438
0.0195863 -0.242306 0.0141137
0.0195076 -0.242202 0.0138584
0.0194225 -0.242092 0.0136038
0.0193343 -0.241987 0.0133619
0.0192334 -0.241906 0.0131425
0.0191198 -0.241875 0.0129596
0.0189977 -0.241898 0.0128212
0.0188634 -0.241972 0.0127177
 0.018723 -0.242087 0.0126363
0.0185713 -0.242253 0.0125816
0.0184156 -0.242446 0.0125429
0.0182034 -0.242726 0.0125962
0.0179812 -0.243051 0.0126898
 0.017754 -0.243402 0.0128103
0.0176596 -0.243844 0.0129374
0.0175581 -0.244303 0.0130918
0.0174534  -0.24478 0.0132718
0.0173545 -0.245276 0.0134699
0.0172542 -0.245798 0.0136939
0.0171636 -0.246335 0.0139281
 0.017095 -0.246899  0.014178
0.0170493 -0.247476 0.0144299
0.0169973 -0.248223 0.0149358
0.0169594 -0.249004 0.0154659
0.0169293 -0.249798 0.0160011
0.0169009 -0.250603 0.0165356
0.0168701 -0.251398 0.0170538
0.0168361 -0.252192 0.0175563
0.0167942 -0.252974 0.0180367
0.0167486 -0.253739 0.0184915
0.0166932 -0.254485 0.0189191
 0.016603 -0.255226 0.0193453
0.0165023 -0.255946 0.0197427
0.0163976 -0.256645 0.0201135
0.0162834 -0.257326 0.0204568
0.0161587 -0.257985  0.020772
0.0160303 -0.258623 0.0210627
0.0158915 -0.259236 0.0213262
0.0157488 -0.259831 0.0215679
0.0155969 -0.260404  0.021787
0.0154416 -0.260959 0.0219867
0.0152766  -0.26149 0.0221649
0.0151082 -0.262004 0.0223272
0.0149305 -0.262493 0.0224704
0.0147438 -0.262957  0.022596
 0.014554 -0.263404 0.0227053
0.0143565 -0.263821 0.0227929
0.0141606 -0.264221 0.0228657
0.0139715 -0.264604  0.022926
0.0137896 -0.264979 0.0229807
0.0136141 -0.265337 0.0230274
0.0134453 -0.265676 0.0230654
0.0132827 -0.266008  0.023099
0.0131253 -0.266323 0.0231258
0.0129733  -0.26663 0.0231486
 0.012826 -0.266918 0.0231641
0.0126831 -0.267184 0.0231717
0.0125449 -0.267441 0.0231761
0.0124104 -0.267676 0.0231725
0.0122802 -0.267901 0.0231662
0.0121533 -0.268107 0.0231531
0.0120302 -0.268304 0.0231376
0.0119096 -0.268478 0.0231152
0.0117919 -0.268628 0.0230852
0.0116775  -0.26877 0.0230531
0.0115652 -0.268886 0.0230138
0.0114553 -0.268981 0.0229682
0.0113482 -0.269068 0.0229209
0.0112431 -0.269129 0.0228665
0.0111406 -0.269183 0.0228106
0.0110398 -0.269214 0.0227488
0.0109414 -0.269239 0.0226857
0.0108448 -0.269241 0.0226159
0.0107495 -0.269217 0.0225395
0.0106564 -0.269188 0.0224622
0.0105643 -0.269135 0.0223784
0.0104735 -0.269064 0.0222892
0.0103844 -0.268988 0.0221997
0.0102962 -0.268893 0.0221046
0.0102095 -0.268795 0.0220096
0.0101237  -0.26868 0.0219097
0.0100393 -0.268565 0.0218101
0.00995543  -0.268433  0.0217057
0.00987218  -0.268311  0.0216033
0.00978992  -0.268212  0.0215075
0.00970814  -0.268103  0.0214082
0.00962745  -0.267996  0.0213093
0.00954766  -0.267881   0.021208
0.00946888  -0.267755  0.0211024
0.00939108   -0.26763  0.0209971
0.00931346  -0.267492  0.0208877
0.00923667  -0.267356  0.0207789
0.00916028   -0.26721  0.0206666
0.00908373  -0.267054   0.020551
0.00900785  -0.266902  0.0204363
0.00893221  -0.266741  0.0203183
0.00885715  -0.266584  0.0202015
0.00878218  -0.266421  0.0200823
0.00871169  -0.266254  0.0199559
0.00864791  -0.266092  0.0198264
0.00859708  -0.265928  0.0196851
0.00855223   -0.26577  0.0195415
0.00852049  -0.265611  0.0193864
0.00850123   -0.26545  0.0192205
0.0084864 -0.265297 0.0190535
0.00848145  -0.265144   0.018878
0.00848607  -0.264993  0.0186947
0.00849335  -0.264851  0.0185118
0.00850883  -0.264712  0.0183224
0.00852579  -0.264583  0.0181343
0.00854909  -0.264455  0.0179409
0.00857319  -0.264336  0.0177492
0.00860242   -0.26422  0.0175536
0.0086319 -0.264106 0.0173572
0.00865969     -0.264  0.0171612
0.00868832  -0.263898   0.016961
0.00871481  -0.263805  0.0167621
0.00874106  -0.263716  0.0165606
0.00876638  -0.263632  0.0163579
0.00878854  -0.263557  0.0161579
0.00880863  -0.263489  0.0159583
0.00882493  -0.263431  0.0157626
0.0088383 -0.263379 0.0155686
0.00884852  -0.263309  0.0153721
0.00886028  -0.263227  0.0151674
0.00887081  -0.263152  0.0149605
0.00887901  -0.263088  0.0147563
0.00888488  -0.263024  0.0145518
0.00888687  -0.262973   0.014353
0.00888427  -0.262931  0.0141593
0.00887537  -0.262901  0.0139739
0.0088613 -0.262884 0.0137963
0.00883938  -0.262881  0.0136292
0.00881205  -0.262891  0.0134707
0.0087772 -0.262914 0.0133227
0.00873404  -0.262952  0.0131868
0.0086859 -0.263002  0.013059
0.0086295 -0.263066 0.0129434
0.00856878  -0.263142  0.0128353
0.00849974  -0.263233  0.0126967
0.00842126   -0.26334  0.0124969
0.00833768  -0.263459  0.0122526
0.0082455 -0.263593 0.0119525
0.00814951  -0.263738  0.0116242
0.00805756  -0.263894  0.0112953
0.0079682 -0.264058  0.010971
0.00788058  -0.264232  0.0106524
0.00779283  -0.264416  0.0103445
0.00770594  -0.264607  0.0100446
0.00761745  -0.264807 0.00975889
0.00752968  -0.265013 0.00948074
0.00744068  -0.265229 0.00921516
0.00735243   -0.26545 0.00895591
 0.0072625   -0.26568 0.00870977
0.00717101  -0.265917 0.00847598
0.00708023   -0.26616 0.00824741
0.00698802  -0.266409 0.00803004
0.00689687  -0.266664 0.00781618
0.00680481  -0.266925 0.00761162
0.00671384  -0.267192 0.00740984
0.00662174  -0.267464 0.00721716
 0.0065285  -0.267742 0.00703304
0.00643612  -0.268023  0.0068515
0.00634247   -0.26831 0.00667829
0.00624977    -0.2686 0.00650688
0.00615574  -0.268894 0.00634366
0.00606057  -0.269191 0.00618776
0.00596612  -0.269492 0.00603361
 0.0058702  -0.269794 0.00588703
0.00577517  -0.270099 0.00574131
0.00567849  -0.270406 0.00560318
0.00558264  -0.270714 0.00546568
0.00548538  -0.271025 0.00533545
0.00538672  -0.271337 0.00521196
0.00528881   -0.27165 0.00508912
0.00518933  -0.271964 0.00497301
0.00509084  -0.272279 0.00485665
0.00499077  -0.272595 0.00474716
0.00489173  -0.272912  0.0046372
0.00479124  -0.273229 0.00453302
0.00468927  -0.273544 0.00443456
0.00458822  -0.273861 0.00433563
0.00448554  -0.274175 0.00424236
0.00438412   -0.27449 0.00415207
0.00428076  -0.274805 0.00407506
0.00416928  -0.275118 0.00401497
0.00405605   -0.27543 0.00395954
0.00393606  -0.275741 0.00391867
0.00381557  -0.276052 0.00387925
0.00368858   -0.27636 0.00385254
0.00355535  -0.276664 0.00383771
0.00342264   -0.27697 0.00382283
0.00328452  -0.277271 0.00381912
0.00314723  -0.277574 0.00381446
0.00300655  -0.277875 0.00381968
0.00286414  -0.278172 0.00383335
0.00272387   -0.27847 0.00384492
0.00258206  -0.278763 0.00386423
0.00244289  -0.279058  0.0038789
0.00230275   -0.27935 0.00389952
0.00216173  -0.279638 0.00392481
0.00202341  -0.279926 0.00394448
0.00188422   -0.28021 0.00396811
0.00174805  -0.280494 0.00398432
0.00161104  -0.280774 0.00400467
0.00147343  -0.281048 0.00402741
0.00133845  -0.281322 0.00404384
0.00120254  -0.281589 0.00406347
0.00106948  -0.281856 0.00407575
0.000935455   -0.282116  0.00409207
0.000800699   -0.282371  0.00411088
0.00066856  -0.282625 0.00412334
0.000535436   -0.282873  0.00413919
0.00040516  -0.283121 0.00414768
0.000273718   -0.283361  0.00416013
0.000145084   -0.283602  0.00416539
1.55529e-05   -0.283838  0.00417453
-0.000118311    -0.284068   0.00418054
-0.00025739   -0.284299  0.00416578
-0.000410894    -0.284525   0.00412992
-0.000569007    -0.284752   0.00407385
-0.000739314    -0.284974   0.00400337
-0.000920906    -0.285192   0.00392065
-0.00110399   -0.285412    0.003833
-0.00129521   -0.285625  0.00375488
-0.00148529   -0.285841  0.00367909
-0.00168087   -0.286052   0.0036157
-0.00187415   -0.286265  0.00355443
-0.00207103   -0.286474  0.00350659
-0.00226954   -0.286677  0.00346654
-0.00246471   -0.286882  0.00342508
-0.00265984   -0.287082   0.0033854
-0.00285097   -0.287285  0.00334416
-0.00304203   -0.287485  0.00330449
-0.00323144    -0.28768  0.00326658
-0.00341646   -0.287879  0.00322766
-0.00360002   -0.288074  0.00319042
-0.00377883   -0.288273  0.00315256
-0.00395473   -0.288469  0.00311732
-0.00412684   -0.288661    0.003085
-0.00429399   -0.288857   0.0030528
-0.00445816    -0.28905  0.00302339
-0.00461731   -0.289247   0.0029943
-0.00477226   -0.289442  0.00296868
-0.0049224  -0.289634 0.00294665
-0.00506748   -0.289828  0.00292509
-0.00520754   -0.290019  0.00290692
-0.00534281   -0.290212  0.00288906
-0.00547434   -0.290402  0.00287378
-0.00560138   -0.290594  0.00285866
-0.00572392   -0.290785  0.00284624
-0.00584178   -0.290972  0.00283618
-0.00595543   -0.291163   0.0028262
-0.00606563   -0.291351  0.00281829
-0.00617182   -0.291544  0.00281391
-0.00627366   -0.291736  0.00281797
-0.00637108   -0.291926  0.00282982
-0.00646485   -0.292121  0.00284422
-0.00655464   -0.292314  0.00286485
-0.00664151   -0.292512  0.00288664
-0.00672589    -0.29271  0.00291224
-0.00680746   -0.292909  0.00294134
-0.00688668   -0.293112  0.00297086
-0.00696335   -0.293316  0.00300288
-0.00703798   -0.293524  0.00303463
-0.00711101   -0.293734  0.00306743
-0.00718205   -0.293945  0.00310092
-0.00725124   -0.294161   0.0031336
-0.00731841   -0.294377  0.00316624
-0.0073838  -0.294599 0.00319763
-0.00744771   -0.294822   0.0032282
-0.00750969   -0.295046  0.00325773
-0.00756989   -0.295275  0.00328581
-0.00762795   -0.295504  0.00331252
-0.00768422   -0.295738  0.00333769
-0.0077387  -0.295974 0.00336156
-0.00779138   -0.296213   0.0033839
-0.00784182   -0.296457  0.00340547
-0.00788974   -0.296707  0.00342716
-0.00793585   -0.296961  0.00344734
-0.00797981   -0.297219  0.00346733
-0.00802182   -0.297481  0.00348511
-0.00806122   -0.297748  0.00350215
-0.0080979  -0.298019 0.00351869
-0.00813268   -0.298292  0.00353279
-0.00816456   -0.298567  0.00354629
-0.0081947  -0.298842 0.00355749
-0.00822244   -0.299117  0.00356768
-0.00824871   -0.299393  0.00357551
-0.00827256    -0.29967  0.00358206
-0.00829411   -0.299947   0.0035875
-0.0083145  -0.300224 0.00359061
-0.00833319     -0.3005  0.00359253
-0.00835109   -0.300778  0.00359208
-0.0083675  -0.301055 0.00359052
-0.00838251   -0.301332  0.00358799
-0.00839683    -0.30161  0.00358327
-0.0084098  -0.301887 0.00357774
-0.00842215   -0.302164     0.00357
-0.00843328   -0.302441  0.00355893
-0.00844252   -0.302707  0.00349728
-0.00845124   -0.302974  0.00343452
-0.00847449   -0.303223  0.00328832
-0.00849867   -0.303473  0.00314535
-0.0085375  -0.303711 0.00298485
-0.00857532   -0.303949  0.00283027
-0.00862379   -0.304178  0.00265085
-0.00868086   -0.304405  0.00244839
-0.00873579   -0.304634   0.0022548
-0.00879389   -0.304869  0.00205255
-0.00885032   -0.305106  0.00186202
-0.0089136  -0.305349  0.0016568
-0.00898491   -0.305598  0.00143803
-0.00905409   -0.305848  0.00123315
-0.00913003   -0.306105  0.00101049
-0.00920345   -0.306362 0.000810792
-0.00927849   -0.306628 0.000611074
-0.00935636   -0.306897 0.000388076
-0.00936265   -0.307192 0.000290237
 -0.0093686   -0.307488 0.000189111
-0.00936954   -0.307779 9.99044e-05
-0.00936658   -0.308068 1.08044e-05
 -0.00936047    -0.308346 -8.26687e-05
 -0.00934822    -0.308612 -0.000167096
 -0.00933197    -0.308867 -0.000251594
-0.00930967   -0.309107 -0.00032759
 -0.00928486    -0.309329 -0.000409602
  -0.0092608     -0.30953 -0.000497837
 -0.00923145    -0.309717 -0.000576719
 -0.00920578    -0.309883 -0.000661669
 -0.00917454    -0.310033 -0.000736977
  -0.0091439    -0.310164 -0.000812493
 -0.00911432    -0.310266 -0.000915342
 -0.00908153    -0.310352 -0.000986407
-0.00905037   -0.310407 -0.00113476
-0.00901625   -0.310448 -0.00123069
-0.00898384   -0.310466 -0.00137867
-0.00895612   -0.310459 -0.00159532
-0.00892633   -0.310444 -0.00174776
-0.00890311   -0.310408 -0.00196464
-0.00887996   -0.310363 -0.00209648
-0.00886381   -0.310298 -0.00230727
-0.00885744   -0.310211 -0.00258277
-0.00885064    -0.31012 -0.00279756
-0.00885363   -0.310007 -0.00306641
-0.00885292   -0.309884 -0.00324962
-0.00885862   -0.309743 -0.00344297
-0.00886236   -0.309592  -0.0035507
-0.00887082   -0.309423 -0.00368103
-0.00888507   -0.309235 -0.00381771
-0.00889878   -0.309046 -0.00389019
-0.00891568   -0.308844 -0.00394997
-0.00893269    -0.30864 -0.00390408
-0.00895321   -0.308427 -0.00388115
-0.0089779  -0.308207 -0.0038676
-0.00900121   -0.307992 -0.00378996
-0.00902697   -0.307774 -0.00370219
-0.00905859   -0.307556 -0.00362627
-0.00908658   -0.307343 -0.00350036
-0.00912382   -0.307134 -0.00339446
-0.00915645    -0.30693 -0.00324217
-0.00920063   -0.306733 -0.00311222
-0.00923987    -0.30654 -0.00294782
-0.00929196   -0.306356 -0.00277653
-0.00935272    -0.30618 -0.00259064
-0.00940916   -0.306006 -0.00239158
-0.00949617   -0.305843 -0.00217386
-0.00957809   -0.305678 -0.00195284
-0.00969243   -0.305518 -0.00171986
-0.00988348   -0.305353 -0.00150458
 -0.0100699   -0.305198 -0.00128897
 -0.0104415   -0.305033 -0.00115301
  -0.0107951    -0.304865 -0.000981205
  -0.0112218    -0.304693 -0.000887934
  -0.0116125    -0.304514 -0.000711216
   -0.012064     -0.30433 -0.000621666
  -0.0124808    -0.304138 -0.000427619
  -0.0128839    -0.303922 -0.000222214
 -0.0132488   -0.303698 1.23963e-05
-0.0135732  -0.303443 0.00028168
 -0.0138358   -0.303167 0.000568024
 -0.0140602    -0.30289 0.000852285
-0.0142295  -0.302608 0.00113846
-0.0143732  -0.302334  0.0014116
-0.0144793  -0.302062 0.00167273
-0.0145515  -0.301797 0.00191885
-0.0146112  -0.301541 0.00214388
-0.0146459  -0.301291 0.00234858
-0.0146743  -0.301053 0.00252986
-0.0146863  -0.300828 0.00268809
-0.0146849  -0.300621 0.00282117
-0.0146811  -0.300425 0.00293184
-0.0146674  -0.300245 0.00301808
-0.0146526  -0.300073 0.00308724
-0.0146298  -0.299913 0.00314118
-0.0146063  -0.299759  0.0031819
-0.0145764  -0.299619 0.00320804
-0.0145409  -0.299493 0.00321966
-0.0145052  -0.299373 0.00322042
 -0.014465  -0.299265 0.00320861
-0.0144251  -0.299163  0.0031873
-0.0143814  -0.299071 0.00315508
-0.0143344   -0.29899 0.00311226
-0.0142876  -0.298915 0.00306159
-0.0142379  -0.298849 0.00300145
-0.0141884  -0.298785  0.0029345
-0.0141356  -0.298729   0.002858
-0.0140797  -0.298678 0.00277176
-0.0140236   -0.29863 0.00267984
-0.0139642  -0.298586 0.00257959
-0.0139045  -0.298545 0.00247509
 -0.013842   -0.29851 0.00236377
-0.0137764  -0.298478 0.00224632
-0.0137107  -0.298449 0.00212571
-0.0136422  -0.298423 0.00199962
-0.0135738  -0.298399 0.00187112
-0.0135028  -0.298378 0.00173747
-0.0134295   -0.29836 0.00159928
-0.0133563  -0.298344 0.00145915
-0.0133596  -0.298344 0.00129746
-0.0133577  -0.298345 0.00113556
  -0.013347   -0.298347 0.000970875
 -0.0133358   -0.298344 0.000821452
 -0.0133219   -0.298336 0.000684006
 -0.0133069   -0.298323 0.000560341
 -0.0132943   -0.298304 0.000445898
 -0.0132835   -0.298281 0.000339975
 -0.0132764    -0.29825 0.000242813
 -0.013272  -0.298218 0.00014696
 -0.0132696   -0.298179 5.27686e-05
  -0.0132507    -0.298193 -0.000148449
   -0.013217      -0.2982 -0.000355456
  -0.0131719    -0.298196 -0.000559168
  -0.0131112    -0.298178 -0.000770274
  -0.0130352    -0.298145 -0.000989137
 -0.0129507   -0.298106 -0.00121353
 -0.0128526   -0.298048 -0.00144551
 -0.0127479   -0.297985 -0.00168283
  -0.012632   -0.297909 -0.00192801
 -0.0125047   -0.297815 -0.00217291
  -0.012373   -0.297715 -0.00241967
 -0.0122337   -0.297597 -0.00266366
 -0.0120979   -0.297475 -0.00289864
 -0.0119631   -0.297341 -0.00311843
  -0.011832   -0.297203 -0.00333007
-0.0117022  -0.297049 -0.0035246
 -0.0115736   -0.296876 -0.00370246
  -0.011449   -0.296699 -0.00387164
 -0.011326  -0.296507 -0.0040275
  -0.011207   -0.296314 -0.00417719
 -0.0110897   -0.296106 -0.00431433
 -0.0109741   -0.295882 -0.00443996
 -0.0108625   -0.295659 -0.00456129
 -0.0107527   -0.295421 -0.00467368
 -0.0106468   -0.295186 -0.00478401
 -0.0105429   -0.294941 -0.00488811
  -0.010441   -0.294686 -0.00498726
-0.0103427  -0.294434 -0.0050853
 -0.0102464   -0.294172 -0.00517852
 -0.0101536   -0.293914 -0.00527162
 -0.0100627   -0.293648 -0.00536127
-0.00997514   -0.293386 -0.00545118
-0.00988936   -0.293116 -0.00553824
-0.00980527   -0.292837 -0.00562227
-0.00972425   -0.292561 -0.00570672
-0.00964477   -0.292278 -0.00578908
-0.00956814      -0.292 -0.00587253
-0.00949278   -0.291714 -0.00595428
-0.00941836    -0.29142 -0.00603425
-0.00934659   -0.291129 -0.00611506
-0.00927569    -0.29083 -0.00619407
 -0.0092073   -0.290536 -0.00627454
-0.00913968   -0.290235  -0.0063549
-0.00907265   -0.289927 -0.00643442
-0.00900789   -0.289624 -0.00651519
-0.00894411   -0.289314 -0.00659508
-0.00888067   -0.288997 -0.00667483
-0.00881929   -0.288686 -0.00675579
-0.00873655   -0.288329 -0.00676451
-0.00866454   -0.287981 -0.00677791
 -0.0085987   -0.287629 -0.00679429
-0.00853746   -0.287293 -0.00682101
 -0.0084776   -0.286959 -0.00685642
 -0.0084179    -0.28663 -0.00690206
-0.00835855   -0.286311 -0.00695616
-0.00829801   -0.285991 -0.00701602
-0.00823652   -0.285676 -0.00708054
-0.00817477   -0.285359 -0.00714947
-0.00811279   -0.285036 -0.00721938
-0.00805084   -0.284716  -0.0072912
 -0.0079879   -0.284386 -0.00736209
-0.00795002   -0.284093  -0.0074898
-0.00791213   -0.283792 -0.00761071
-0.00787487   -0.283481 -0.00772391
 -0.0078382   -0.283162 -0.00783087
-0.00780287   -0.282825 -0.00792765
 -0.0077683   -0.282482 -0.00801895
-0.00773453   -0.282122 -0.00810162
-0.00770166   -0.281742 -0.00817483
-0.00766892   -0.281359 -0.00824404
-0.00763633   -0.280955 -0.00830251
-0.00760437   -0.280549 -0.00835575
-0.00757236   -0.280127   -0.008401
-0.00754096   -0.279691 -0.00843799
-0.00751027   -0.279254 -0.00847092
-0.00747956   -0.278803  -0.0084965
-0.0074496  -0.278352 -0.0085193
-0.00741966   -0.277891 -0.00853729
-0.00739044   -0.277432 -0.00855346
-0.00736124   -0.276964 -0.00856571
-0.00733167   -0.276488 -0.00857477
-0.00730236   -0.276014 -0.00858316
-0.00727241   -0.275534 -0.00858968
-0.00724252   -0.275058  -0.0085966
-0.00721251   -0.274578 -0.00860321
-0.00718267   -0.274095 -0.00860888
-0.00715317   -0.273615  -0.0086144
-0.00712374   -0.273132 -0.00861705
-0.00709455   -0.272653 -0.00861944
-0.00706733   -0.272173 -0.00860687
-0.00704148   -0.271697 -0.00859207
-0.00701754    -0.27122 -0.00857159
-0.00699688   -0.270742 -0.00854341
-0.00697742   -0.270269 -0.00851362
-0.00696113   -0.269793 -0.00847622
-0.00694582   -0.269317 -0.00843662
-0.00693294   -0.268838 -0.00839025
-0.00692203   -0.268355 -0.00833833
-0.00691151   -0.267875 -0.00828539
-0.00690243   -0.267391 -0.00822767
 -0.0068935    -0.26691 -0.00816963
-0.00688574   -0.266428 -0.00810767
-0.00687777    -0.26595 -0.00804622
-0.00687088   -0.265472 -0.00798147
-0.00686382   -0.264999 -0.00791735
-0.00685766   -0.264526 -0.00785037
-0.00685228   -0.264055 -0.00778099
-0.00684643   -0.263589 -0.00771296
-0.00684128   -0.263126 -0.00764297
-0.00683572   -0.262668 -0.00757444
-0.00683076   -0.262214  -0.0075047
-0.00682648   -0.261765 -0.00743371
 -0.0068217   -0.261321 -0.00736443
-0.00681777   -0.260881 -0.00729093
-0.00681594   -0.260447  -0.0071966
-0.00682063   -0.260018 -0.00706865
 -0.0068321   -0.259596 -0.00690671
-0.00684481   -0.259179 -0.00673007
-0.00686227   -0.258767 -0.00652948
-0.00687877   -0.258362 -0.00632508
-0.00689763   -0.257961 -0.00610839
-0.00691407   -0.257567 -0.00589544
-0.00693131   -0.257179 -0.00567802
 -0.0069479   -0.256796 -0.00546239
-0.00696072   -0.256418 -0.00525667
-0.00697068   -0.256046 -0.00505685
-0.00697616   -0.255679 -0.00486854
-0.00698468   -0.255318 -0.00467727
-0.00699568   -0.254963 -0.00448521
-0.00709817   -0.254736 -0.00420046
-0.00711204   -0.254393 -0.00401313
-0.00712441   -0.254055 -0.00383261
-0.00713672   -0.253723 -0.00365438
 -0.0071484   -0.253396 -0.00348047
-0.00715943   -0.253072 -0.00331446
-0.00717055    -0.25275 -0.00315506
 -0.0071819   -0.252432 -0.00300324
-0.00719243   -0.252115 -0.00285934
-0.00720239   -0.251801 -0.00272485
-0.00721142   -0.251489 -0.00259646
-0.00721999    -0.25118 -0.00247443
-0.00722791   -0.250875  -0.0023582
-0.00723502   -0.250571 -0.00224512
-0.00724127   -0.250271 -0.00213718
-0.00724676   -0.249972 -0.00203101
-0.00725131   -0.249675 -0.00192864
-0.00725517    -0.24938 -0.00182714
-0.00725798   -0.249088 -0.00172872
-0.00725957   -0.248797 -0.00163399
-0.00726049   -0.248508 -0.00153959
 -0.0072599    -0.24822 -0.00144843
-0.00725749   -0.247933 -0.00136113
-0.00725433   -0.247646 -0.00127376
-0.00724923   -0.247359 -0.00119046
-0.00724345   -0.247072 -0.00110665
-0.00723563   -0.246785 -0.00102688
 -0.00722546    -0.246497 -0.000952076
 -0.00721454    -0.246208 -0.000876853
 -0.00720113    -0.245919 -0.000806924
 -0.00718519    -0.245628 -0.000741791
 -0.00716857    -0.245336 -0.000675779
 -0.00714907    -0.245042 -0.000615632
 -0.00712903    -0.244748 -0.000553837
 -0.00710603    -0.244451 -0.000498244
 -0.00708249    -0.244153 -0.000440858
 -0.00705592    -0.243853 -0.000389277
-0.00702604    -0.24355 -0.00034431
 -0.00699553    -0.243245 -0.000297917
 -0.00696165    -0.242938 -0.000258579
 -0.00692735     -0.24263 -0.000216839
 -0.00688958    -0.242318 -0.000181737
 -0.00684814    -0.242003 -0.000153804
 -0.00680618    -0.241686 -0.000123922
 -0.00676053    -0.241366 -0.000101717
 -0.00671141     -0.24104 -8.73746e-05
 -0.00666195    -0.240711 -7.23691e-05
-0.00660866   -0.240373 -6.6943e-05
 -0.00655524    -0.240032 -5.94578e-05
 -0.00649803    -0.239683 -6.09995e-05
 -0.00643699    -0.239327 -7.08093e-05
 -0.00637564    -0.238968 -7.79661e-05
-0.00631035   -0.238601    -9.3e-05
 -0.00624111    -0.238228 -0.000114222
-0.00617164   -0.237854 -0.00013144
 -0.00609783    -0.237473 -0.000155285
 -0.00602399    -0.237091 -0.000173875
 -0.00594587    -0.236704 -0.000199869
 -0.00586767    -0.236316 -0.000220975
 -0.00578507    -0.235923 -0.000248165
 -0.00569791    -0.235524 -0.000281196
 -0.00561043    -0.235124 -0.000310752
 -0.00551854     -0.23472 -0.000348044
 -0.00542231    -0.234312 -0.000392068
 -0.00532592    -0.233904 -0.000433216
 -0.00522502    -0.233492 -0.000482065
-0.00512428   -0.233081  -0.0005276
 -0.00501938    -0.232668 -0.000582241
 -0.00491275    -0.232251 -0.000639792
-0.00480979   -0.231837 -0.00068727
 -0.00470949     -0.23142 -0.000728881
 -0.00461206    -0.231003 -0.000763123
 -0.00459779    -0.230625 -0.000726554
  -0.0045845    -0.230246 -0.000681544
 -0.00457295     -0.22987 -0.000625828
 -0.00456203    -0.229484 -0.000564457
 -0.00455134     -0.22909 -0.000497527
 -0.00454169    -0.228689 -0.000422544
  -0.0045314    -0.228277 -0.000345842
 -0.00452182    -0.227862 -0.000261271
 -0.00451148    -0.227444 -0.000176122
 -0.00450087    -0.227025 -9.00498e-05
-0.00449118   -0.226611 3.44941e-06
-0.00448069   -0.226202 9.60425e-05
-0.00447118   -0.225801 0.000196086
-0.0044613  -0.225407 0.00029398
 -0.0044502    -0.22502 0.000387604
-0.00443941   -0.224638 0.000484713
-0.00442774    -0.22426 0.000576097
-0.00441629   -0.223885 0.000670525
-0.00440362   -0.223514 0.000757748
-0.00438882   -0.223144 0.000835589
-0.00437402   -0.222775 0.000915524
-0.00435778   -0.222406 0.000987115
-0.00433948   -0.222037  0.00105025
-0.00432125   -0.221669  0.00111653
-0.00430075     -0.2213  0.00117355
-0.00428122   -0.220932  0.00123618
-0.00425971   -0.220564  0.00129114
-0.00423616   -0.220197  0.00133858
-0.00421288   -0.219831  0.00139087
-0.00418193   -0.219464  0.00142365
-0.00414337     -0.2191    0.001443
-0.00407722   -0.218736  0.00144737
-0.00397437   -0.218376  0.00146877
-0.00385552   -0.218018  0.00150912
-0.0037058  -0.217662 0.00156393
-0.00352404    -0.21731  0.00160331
-0.00333113   -0.216959  0.00162851
-0.00310959    -0.21661  0.00161449
-0.00288019   -0.216261  0.00158684
-0.00262929   -0.215914  0.00152657
-0.00235804   -0.215565  0.00143439
-0.00208137   -0.215217  0.00133475
-0.00178763   -0.214868  0.00120932
-0.00149071   -0.214518  0.00108307
-0.00118153   -0.214167 0.000940987
-0.000861368    -0.213814  0.000784992
-0.00053951   -0.213461 0.000629173
-0.000209676    -0.213104  0.000469215
0.000129531   -0.212747 0.000309638
0.000485157   -0.212387 0.000146868
 0.000857315    -0.212023 -2.15363e-05
  0.00123507    -0.211659 -0.000191456
  0.00162139    -0.211289 -0.000366375
 0.00200534   -0.210916 -0.00054125
    0.002382    -0.210536 -0.000718174
  0.00272336    -0.210149 -0.000898206
 0.00303724   -0.209757 -0.00107835
 0.00331602   -0.209357 -0.00126099
 0.00356878   -0.208954 -0.00144454
 0.00378313   -0.208542 -0.00163156
 0.00395861   -0.208122 -0.00182143
 0.00411312   -0.207699 -0.00201176
 0.00423779   -0.207269 -0.00220301
 0.00434679   -0.206837 -0.00239399
 0.00442582   -0.206397 -0.00258551
 0.00447792   -0.205951 -0.00277658
 0.00451815   -0.205503 -0.00296684
 0.00453534   -0.205048 -0.00315519
 0.00454426   -0.204592 -0.00334192
 0.00453529    -0.20413 -0.00352502
 0.00450817   -0.203664 -0.00372137
 0.00447458   -0.203196 -0.00392702
  0.0044245   -0.202723 -0.00414728
 0.00437009    -0.20225 -0.00437268
 0.00430249   -0.201773 -0.00460629
 0.00422243   -0.201292 -0.00484576
 0.00414033   -0.200812 -0.00508564
 0.00404809   -0.200328 -0.00532722
 0.00395565   -0.199846 -0.00556576
 0.00385469   -0.199361 -0.00580171
0.00375171  -0.198875 -0.0060224
 0.00365424   -0.198391 -0.00622937
 0.00355878   -0.197906 -0.00641513
 0.00346842   -0.197423 -0.00658902
 0.00337935    -0.19694 -0.00674297
 0.00329155   -0.196456 -0.00687793
 0.00320832   -0.195974 -0.00700325
 0.00312648    -0.19549 -0.00711184
 0.00304582   -0.195007 -0.00720463
 0.00296941   -0.194525 -0.00728983
0.00289418  -0.194043 -0.0073608
0.00282311  -0.193562 -0.0074256
 0.00275317   -0.193081 -0.00747521
 0.00268708   -0.192599 -0.00751702
 0.00262208   -0.192116 -0.00754415
 0.00255874   -0.191629 -0.00756039
 0.00249941   -0.191143 -0.00757252
 0.00244222   -0.190653 -0.00757758
 0.00238735    -0.19016 -0.00757748
 0.00233658   -0.189668 -0.00757612
 0.00228849   -0.189174 -0.00757296
 0.00224439    -0.18868 -0.00756943
0.00220268  -0.188185 -0.0075619
 0.00216334   -0.187688 -0.00754993
 0.00212758   -0.187192 -0.00753724
  0.0020943   -0.186695 -0.00752109
 0.00206452     -0.1862 -0.00750484
 0.00203709   -0.185703 -0.00748589
 0.00201234   -0.185205 -0.00746509
 0.00199089   -0.184708 -0.00744486
 0.00197219   -0.184211 -0.00742368
 0.00195671   -0.183714 -0.00740353
0.00194377  -0.183217 -0.0073829
 0.00193366   -0.182719 -0.00736264
 0.00192655   -0.182223 -0.00734384
 0.00192209   -0.181726 -0.00732569
0.00192048  -0.181229 -0.0073091
 0.00192166   -0.180734 -0.00729437
 0.00192616    -0.18024 -0.00728255
 0.00193413   -0.179747 -0.00727421
 0.00194593   -0.179256 -0.00727024
 0.00196201   -0.178766 -0.00727164
  0.0019812   -0.178278 -0.00727653
 0.00200465   -0.177791 -0.00728728
 0.00203098   -0.177307 -0.00730144
 0.00206096   -0.176824 -0.00732088
 0.00209491   -0.176343 -0.00734639
 0.00213136   -0.175865 -0.00737511
 0.00217168   -0.175388 -0.00741018
 0.00221427   -0.174914 -0.00744828
 0.00226014   -0.174442 -0.00749203
 0.00230955   -0.173972 -0.00754205
 0.00236086   -0.173505 -0.00759485
 0.00241555   -0.173039 -0.00765341
 0.00247378   -0.172573 -0.00771817
 0.00253395   -0.172108 -0.00778537
  0.0025977   -0.171643 -0.00785894
  0.0026631    -0.17118 -0.00793471
 0.00273148   -0.170717 -0.00801605
 0.00280301   -0.170255 -0.00810341
 0.00287575   -0.169795 -0.00819265
 0.00295145   -0.169336 -0.00828792
 0.00302811   -0.168879 -0.00838487
 0.00310467   -0.168424 -0.00848593
 0.00317737   -0.167972 -0.00858128
 0.00324703   -0.167522 -0.00867135
 0.00331318   -0.167074 -0.00875628
 0.00337663   -0.166629 -0.00883647
 0.00343687   -0.166186 -0.00891232
 0.00349407   -0.165745 -0.00898399
 0.00354896   -0.165307 -0.00905169
 0.00360108    -0.16487 -0.00911555
 0.00365058   -0.164436 -0.00917601
 0.00369815   -0.164005 -0.00923312
 0.00374329   -0.163575 -0.00928716
 0.00378671   -0.163147 -0.00933825
 0.00382791   -0.162722 -0.00938649
0.00386699  -0.162299 -0.0094324
  0.0039046   -0.161878 -0.00947589
 0.00394023    -0.16146 -0.00951728
 0.00397455   -0.161044 -0.00955655
 0.00400701   -0.160631 -0.00959404
  0.0040377    -0.16022 -0.00962986
 0.00406726   -0.159812 -0.00966394
0.00409513  -0.159406 -0.0096965
 0.00412357   -0.159002 -0.00972873
 0.00415288   -0.158601 -0.00976023
 0.00418579   -0.158202 -0.00979264
 0.00421945   -0.157805 -0.00982443
 0.00425647    -0.15741 -0.00985702
 0.00429665   -0.157018 -0.00989072
 0.00433709   -0.156628 -0.00992384
 0.00438118   -0.156244 -0.00995962
  0.0044248   -0.155865 -0.00999596
 0.0044706  -0.155486 -0.0100323
0.00451561  -0.155107  -0.010067
0.00456243  -0.154729 -0.0101022
0.00461044   -0.15435  -0.010137
 0.0046574  -0.153972 -0.0101703
0.00470541  -0.153593 -0.0102034
0.00475431  -0.153214 -0.0102363
0.00480184  -0.152836 -0.0102678
0.00484981  -0.152458 -0.0102992
0.00489622  -0.152082 -0.0103294
0.00494303  -0.151706 -0.0103596
0.00498814  -0.151332 -0.0103887
0.00503328   -0.15096 -0.0104178
0.00507807  -0.150588 -0.0104468
0.00512099  -0.150218 -0.0104746
0.00516366  -0.149848 -0.0105024
0.00520426   -0.14948 -0.0105291
0.00524423  -0.149113 -0.0105556
0.00528316  -0.148747 -0.0105817
0.00531993  -0.148382 -0.0106067
0.00535601  -0.148018 -0.0106316
0.00539073  -0.147654 -0.0106559
0.00542311  -0.147292 -0.0106792
0.00545382  -0.146931  -0.010702
0.00548205  -0.146571 -0.0107237
0.00550901  -0.146211 -0.0107451
 0.0055342  -0.145853 -0.0107661
0.00555688  -0.145497 -0.0107861
0.00557744  -0.145142 -0.0108056
0.00559537  -0.144789 -0.0108241
0.00561154  -0.144436 -0.0108423
0.00562507  -0.144086 -0.0108595
0.00563645  -0.143737 -0.0108763
0.00564536  -0.143389 -0.0108925
0.00565171  -0.143043 -0.0109079
0.00565603  -0.142698 -0.0109228
0.00565773  -0.142355  -0.010937
0.00565711  -0.142013 -0.0109506
 0.0056529  -0.141669 -0.0109619
0.00564608  -0.141322 -0.0109704
0.00563043  -0.140972 -0.0110278
0.00561161  -0.140617 -0.0111345
0.00560103  -0.140263   -0.01125
0.00560239  -0.139907 -0.0113822
0.00561025  -0.139552 -0.0115211
0.00562731  -0.139198 -0.0116731
0.00565366  -0.138843 -0.0118384
0.00568511   -0.13849 -0.0120093
0.00572387  -0.138138 -0.0121908
 0.0057668  -0.137786 -0.0123769
0.00581682  -0.137435 -0.0125739
0.00587336  -0.137084 -0.0127811
0.00593302  -0.136734 -0.0129918
0.00599825  -0.136385 -0.0132117
0.00606581  -0.136036 -0.0134342
0.00613737  -0.135688 -0.0136635
0.00621293  -0.135341 -0.0138999
0.00628995  -0.134994  -0.014138
 0.0063702  -0.134648 -0.0143823
0.00645131  -0.134304 -0.0146276
0.00653418  -0.133961 -0.0148768
0.00661431  -0.133617 -0.0151222
0.00669134  -0.133274 -0.0153622
0.00676542  -0.132932  -0.015598
0.00683639   -0.13259 -0.0158298
0.00690432  -0.132249 -0.0160567
0.00696906  -0.131909 -0.0162795
0.00703082  -0.131569 -0.0164976
0.00708929  -0.131231 -0.0167114
0.00714488  -0.130893  -0.016921
0.00719728  -0.130556 -0.0171265
0.00724638   -0.13022 -0.0173279
0.00729277  -0.129886 -0.0175255
0.00733568  -0.129552 -0.0177188
0.00737591   -0.12922 -0.0179086
0.00741282  -0.128889 -0.0180944
0.00744624  -0.128559 -0.0182761
0.00747716   -0.12823 -0.0184549
0.00750448  -0.127903 -0.0186296
0.00752942  -0.127577 -0.0188016
0.00755074   -0.12725 -0.0189688
0.00756854  -0.126923 -0.0191315
 0.0075842  -0.126596 -0.0192917
0.00759628  -0.126269 -0.0194474
0.00760451  -0.125941 -0.0195983
0.00761072  -0.125615 -0.0197474
0.00758812  -0.125285 -0.0199408
0.00754647  -0.124955 -0.0201651
0.00747665  -0.124624 -0.0204607
0.00739477  -0.124293 -0.0208225
0.00728778  -0.123962 -0.0212531
0.00715697  -0.123632 -0.0217398
0.00701836  -0.123303 -0.0222488
0.00686121  -0.122974 -0.0227517
0.00669873  -0.122647 -0.0232436
0.00651856  -0.122321 -0.0237237
0.00632218  -0.121998 -0.0241882
0.00612237  -0.121678 -0.0246403
0.00590917  -0.121361 -0.0250761
0.00569397  -0.121047    -0.0255
0.00546642  -0.120736  -0.025907
0.00522735  -0.120429 -0.0262972
0.00498747  -0.120125 -0.0266764
0.00473793  -0.119824 -0.0270405
0.00447936  -0.119527 -0.0273897
0.00422114  -0.119233 -0.0277289
0.00395514  -0.118943 -0.0280537
0.00369041  -0.118656  -0.028369
0.00341932  -0.118372 -0.0286714
0.00314333  -0.118092 -0.0289607
0.00286966  -0.117815 -0.0292411
0.00259247  -0.117542 -0.0295089
0.00231847  -0.117271 -0.0297684
0.00204217  -0.117003 -0.0300173
0.00176473  -0.116739 -0.0302553
0.00149111  -0.116476 -0.0304859
0.00121778  -0.116217 -0.0307061
0.000948782   -0.115959  -0.0309193
0.000680819   -0.115705  -0.0311231
0.000414865   -0.115454  -0.0313186
0.000153329   -0.115202  -0.0315081
-0.000105366    -0.114949   -0.0316898
-0.000359458    -0.114697   -0.0318659
-0.000610603    -0.114443   -0.0320355
-0.000857709    -0.114189   -0.0321984
-0.00109992   -0.113934   -0.032356
-0.00133727   -0.113679  -0.0325071
-0.00156969   -0.113424  -0.0326532
-0.00179734   -0.113169  -0.0327938
-0.00201947   -0.112914  -0.0329286
-0.00223666   -0.112659  -0.0330587
-0.00244851   -0.112403  -0.0331841
-0.00265385   -0.112148  -0.0333045
-0.00285472   -0.111892  -0.0334205
-0.00304893   -0.111636   -0.033532
-0.0032388   -0.11138 -0.0336397
-0.00342304   -0.111123  -0.0337437
-0.00360076   -0.110864  -0.0338438
-0.00377449   -0.110606  -0.0339406
-0.00394255   -0.110346  -0.0340342
-0.00410716   -0.110086  -0.0341247
-0.00426548   -0.109825   -0.034212
-0.00441775   -0.109563  -0.0342961
-0.00456684     -0.1093  -0.0343775
-0.00471081   -0.109036  -0.0344566
-0.0048522  -0.108772 -0.0345334
-0.00498814   -0.108507  -0.0346078
-0.00511903   -0.108241  -0.0346799
-0.00524772   -0.107974  -0.0347502
-0.00537201   -0.107706  -0.0348186
-0.00549216   -0.107437  -0.0348855
-0.0056108  -0.107167 -0.0349507
-0.00572577   -0.106897  -0.0350143
-0.00583973   -0.106626  -0.0350765
-0.00595074   -0.106354  -0.0351376
-0.00605886    -0.10608  -0.0351973
-0.00616632   -0.105806  -0.0352559
-0.00627147   -0.105531   -0.035313
-0.00637677   -0.105254  -0.0353697
-0.00648052   -0.104974   -0.035426
-0.00658328   -0.104691  -0.0354816
-0.00668633   -0.104405  -0.0355369
-0.00678886   -0.104116  -0.0355912
-0.00689192   -0.103826  -0.0356449
-0.00699451   -0.103533  -0.0356977
-0.00709714   -0.103237  -0.0357491
-0.00720033   -0.102941  -0.0357996
-0.00730368   -0.102643  -0.0358484
-0.00740777   -0.102345  -0.0358957
-0.00751225   -0.102045    -0.03594
-0.00761754   -0.101743  -0.0359809
-0.00772356   -0.101442  -0.0360203
-0.00783038    -0.10114  -0.0360569
-0.0079385  -0.100837 -0.0360901
-0.00804747   -0.100535  -0.0361222
-0.00815786   -0.100232  -0.0361513
-0.00826921  -0.0999306  -0.0361795
-0.00838216  -0.0996292  -0.0362045
-0.00849707  -0.0993283   -0.036226
-0.00861287  -0.0990288  -0.0362465
-0.00873066    -0.09873  -0.0362639
-0.00885061  -0.0984322  -0.0362779
-0.00897144  -0.0981361  -0.0362911
-0.00909466  -0.0978413  -0.0363006
-0.00921875  -0.0975483  -0.0363093
-0.0093452 -0.0972564 -0.0363148
-0.00947243  -0.0969664  -0.0363196
-0.00960203  -0.0966776  -0.0363207
-0.00973418  -0.0963903  -0.0363178
-0.00986688  -0.0961045  -0.0363142
 -0.010002 -0.0958199  -0.036307
-0.0101396 -0.0955366 -0.0362959
-0.0102775 -0.0952547 -0.0362841
-0.0104179  -0.094974 -0.0362678
-0.0105585 -0.0946947 -0.0362509
-0.0107014 -0.0944164 -0.0362301
-0.0108465 -0.0941393 -0.0362051
-0.0109916 -0.0938634 -0.0361792
-0.0111386 -0.0935886 -0.0361487
-0.0112858  -0.093314 -0.0361178
 -0.011435 -0.0930384 -0.0360832
-0.0115863 -0.0927616 -0.0360444
-0.0117374 -0.0924843  -0.036005
-0.0118903 -0.0922059 -0.0359616
-0.0120447 -0.0919267 -0.0359138
-0.0121985 -0.0916477 -0.0358652
-0.0123534 -0.0913684 -0.0358117
-0.0125073 -0.0910899 -0.0357573
-0.0126622 -0.0908116 -0.0356984
-0.0128176  -0.090534 -0.0356348
-0.0129717 -0.0902574 -0.0355703
-0.0131259 -0.0899814 -0.0355007
-0.0132787 -0.0897065 -0.0354304
-0.0134313 -0.0894322  -0.035355
-0.0135824 -0.0891588 -0.0352789
-0.0137334 -0.0888859 -0.0351989
-0.0138838 -0.0886134 -0.0351144
-0.0140325 -0.0883417 -0.0350292
-0.0141804 -0.0880704 -0.0349394
-0.0143265 -0.0877999  -0.034849
 -0.014472 -0.0875298 -0.0347549
-0.0146165 -0.0872603 -0.0346565
-0.0147591 -0.0869915 -0.0345575
-0.0149008 -0.0867231 -0.0344545
-0.0150413 -0.0864553 -0.0343479
-0.0151797 -0.0861883 -0.0342408
-0.0153166 -0.0859219 -0.0341298
-0.0154513 -0.0856563 -0.0340184
-0.0155848 -0.0853911 -0.0339039
-0.0157164 -0.0851264 -0.0337859
-0.0158459 -0.0848624 -0.0336675
-0.0159733 -0.0845987 -0.0335456
-0.0160986 -0.0843357 -0.0334235
-0.0162223 -0.0840729 -0.0332986
-0.0163437 -0.0838104 -0.0331705
-0.0164631 -0.0835485 -0.0330424
  -0.01658 -0.0832868 -0.0329111
-0.0166949 -0.0830254 -0.0327774
-0.0168079 -0.0827644 -0.0326437
-0.0169187 -0.0825026 -0.0325077
-0.0170279 -0.0822393 -0.0323721
-0.0171349 -0.0819739 -0.0322343
-0.0172402 -0.0817072 -0.0320968
-0.0173438 -0.0814387 -0.0319576
-0.0174451 -0.0811684 -0.0318163
-0.0175447 -0.0808976 -0.0316754
-0.0176419 -0.0806255 -0.0315322
-0.0177373 -0.0803536 -0.0313893
-0.0178305 -0.0800812 -0.0312446
-0.0179212 -0.0798085 -0.0310981
  -0.01801 -0.0795363 -0.0309519
-0.0180959 -0.0792639 -0.0308039
  -0.01818 -0.0789919 -0.0306565
-0.0182617 -0.0787197 -0.0305075
-0.0183407 -0.0784472 -0.0303535
-0.0184179 -0.0781743 -0.0301917
-0.0184923 -0.0779006 -0.0300225
-0.0185649 -0.0776266 -0.0298468
 -0.018635 -0.0773517 -0.0296655
-0.0187025 -0.0770762 -0.0294811
-0.0187682 -0.0768003 -0.0292944
 -0.018831 -0.0765238 -0.0291074
 -0.018892  -0.076247 -0.0289198
-0.0189505 -0.0759698 -0.0287333
-0.0190061 -0.0756922 -0.0285493
-0.0190599 -0.0754146 -0.0283664
-0.0191106 -0.0751367 -0.0281873
-0.0191597  -0.074859 -0.0280094
-0.0192061 -0.0745812 -0.0278346
-0.0192496 -0.0743037 -0.0276634
-0.0192914 -0.0740262 -0.0274936
-0.0193307 -0.0737489 -0.0273261
-0.0193673 -0.0734722 -0.0271622
-0.0194024 -0.0731956 -0.0269995
-0.0194347 -0.0729197 -0.0268401
-0.0194656 -0.0726441 -0.0266816
-0.0194942  -0.072369 -0.0265253
-0.0195204 -0.0720948 -0.0263713
-0.0195453 -0.0718209 -0.0262182
-0.0195686 -0.0715467  -0.026068
-0.0195912  -0.071271 -0.0259203
-0.0196119 -0.0709944 -0.0257771
 -0.019631 -0.0707165 -0.0256382
-0.0196493 -0.0704376  -0.025501
 -0.019666 -0.0701578 -0.0253669
-0.0196819 -0.0698778 -0.0252328
-0.0196965 -0.0695978 -0.0250994
-0.0197097 -0.0693183 -0.0249661
-0.0197221  -0.069039 -0.0248319
-0.0197335 -0.0687605 -0.0246967
-0.0197441 -0.0684825 -0.0245604
-0.0197534 -0.0682055  -0.024424
-0.0197612 -0.0679295 -0.0242876
-0.0197684 -0.0676538 -0.0241509
-0.0197746 -0.0673789 -0.0240141
-0.0197802 -0.0671043 -0.0238771
-0.0197846 -0.0668305 -0.0237411
-0.0197877 -0.0665575  -0.023606
-0.0197903 -0.0662848 -0.0234712
-0.0197921 -0.0660128 -0.0233365
-0.0197929 -0.0657419 -0.0232026
-0.0197932 -0.0654712 -0.0230689
-0.0197924 -0.0652016 -0.0229359
-0.0197912 -0.0649323  -0.022803
-0.0197892 -0.0646639 -0.0226704
-0.0197864 -0.0643969 -0.0225385
-0.0197832 -0.0641301 -0.0224069
-0.0197793 -0.0638644 -0.0222756
-0.0197748    -0.0636 -0.0221452
-0.0197698 -0.0633359 -0.0220153
-0.0197639  -0.063073 -0.0218866
-0.0197575 -0.0628104 -0.0217582
-0.0197505 -0.0625489 -0.0216304
-0.0197431 -0.0622875 -0.0215032
-0.0197349 -0.0620274 -0.0213773
-0.0197259 -0.0617685 -0.0212528
-0.0197164 -0.0615096 -0.0211291
-0.0197063 -0.0612517  -0.021006
-0.0196954 -0.0609949 -0.0208841
-0.0196845 -0.0607374 -0.0207642
 -0.019673 -0.0604789 -0.0206477
-0.0196614 -0.0602187 -0.0205335
-0.0196495 -0.0599575  -0.020422
-0.0196375 -0.0596953 -0.0203133
-0.0196253 -0.0594323 -0.0202052
-0.0196128 -0.0591688 -0.0200987
-0.0195997 -0.0589048 -0.0199918
-0.0195863 -0.0586412 -0.0198846
-0.0195725 -0.0583782 -0.0197769
-0.0195584 -0.0581154 -0.0196683
 -0.019544 -0.0578534 -0.0195586
-0.0195289 -0.0575922 -0.0194486
-0.0195135 -0.0573313 -0.0193382
-0.0194974 -0.0570711 -0.0192281
-0.0194808 -0.0568109 -0.0191179
-0.0194635 -0.0565512 -0.0190079
-0.0194459 -0.0562915 -0.0188981
-0.0194276 -0.0560323   -0.01879
-0.0194085 -0.0557735 -0.0186835
 -0.019389 -0.0555146 -0.0185776
 -0.019369 -0.0552561 -0.0184729
-0.0193483 -0.0549981 -0.0183696
-0.0193272 -0.0547399 -0.0182666
-0.0193056 -0.0544822 -0.0181643
-0.0192837 -0.0542244 -0.0180621
-0.0192611 -0.0539671 -0.0179616
-0.0192378 -0.0537102 -0.0178627
-0.0192142 -0.0534532 -0.0177644
-0.0191901 -0.0531966 -0.0176671
-0.0191654 -0.0529404 -0.0175715
-0.0191405 -0.0526841 -0.0174764
-0.0191152 -0.0524282 -0.0173833
-0.0190897  -0.052172 -0.0172904
-0.0190637 -0.0519161 -0.0171986
-0.0190371 -0.0516605 -0.0171086
-0.0190106 -0.0514046 -0.0170192
-0.0189836 -0.0511488 -0.0169317
-0.0189567 -0.0508928 -0.0168445
-0.0189311 -0.0506318 -0.0167665
-0.0189054 -0.0503654 -0.0166937
-0.0188802 -0.0500965 -0.0166231
-0.0188552 -0.0498258 -0.0165549
-0.0188304 -0.0495543 -0.0164854
-0.0188057 -0.0492806 -0.0164169
-0.0187806 -0.0490063 -0.0163476
-0.0187556 -0.0487319 -0.0162758
-0.0187301 -0.0484574 -0.0162024
-0.0187043 -0.0481831 -0.0161265
-0.0186779 -0.0479085 -0.0160489
-0.0186508 -0.0476339 -0.0159702
-0.0186234 -0.0473591 -0.0158902
-0.0185952 -0.0470837   -0.01581
-0.0185662 -0.0468077 -0.0157296
-0.0185369  -0.046531 -0.0156489
-0.0185067 -0.0462535 -0.0155685
-0.0184763 -0.0459754 -0.0154876
-0.0184451 -0.0456964 -0.0154071
-0.0184131 -0.0454166 -0.0153274
-0.0183809 -0.0451363 -0.0152474
-0.0183479 -0.0448552  -0.015168
-0.0183148 -0.0445737 -0.0150882
-0.0182809 -0.0442917 -0.0150095
-0.0182462 -0.0440091 -0.0149317
-0.0182114 -0.0437259 -0.0148542
-0.0181758 -0.0434423 -0.0147773
-0.0181402 -0.0431583 -0.0147003
-0.0181038 -0.0428738 -0.0146245
-0.0180667 -0.0425888 -0.0145498
-0.0180295 -0.0423032 -0.0144753
-0.0179916  -0.042017 -0.0144016
-0.0179531 -0.0417302 -0.0143288
-0.0179147  -0.041443 -0.0142559
-0.0178755 -0.0411551 -0.0141836
-0.0178365 -0.0408669 -0.0141111
-0.0177969 -0.0405783 -0.0140387
-0.0177574 -0.0402893 -0.0139661
-0.0177174 -0.0399999 -0.0138942
 -0.017677 -0.0397101 -0.0138225
 -0.017635 -0.0394249 -0.0137438
 -0.017593 -0.0391426 -0.0136646
-0.0175515  -0.038858 -0.0135875
-0.0175101 -0.0385709 -0.0135133
 -0.017469 -0.0382809 -0.0134441
-0.0174286 -0.0379878 -0.0133786
-0.0173888 -0.0376907 -0.0133182
-0.0173496 -0.0373912   -0.01326
-0.0173109  -0.037089 -0.0132036
-0.0172728 -0.0367844 -0.0131483
-0.0172351 -0.0364788 -0.0130925
-0.0171978 -0.0361719 -0.0130354
-0.0171608 -0.0358648 -0.0129767
 -0.017124 -0.0355573 -0.0129155
-0.0170875 -0.0352495 -0.0128517
-0.0170511 -0.0349418 -0.0127864
-0.0170149 -0.0346337 -0.0127194
-0.0169788 -0.0343257 -0.0126529
-0.0169427 -0.0340172 -0.0125856
-0.0169068 -0.0337085 -0.0125181
-0.0168711 -0.0333995 -0.0124509
-0.0168354 -0.0330903 -0.0123834
-0.0167999 -0.0327806  -0.012316
-0.0167646 -0.0324707 -0.0122481
-0.0167296 -0.0321605 -0.0121805
-0.0166947 -0.0318503 -0.0121168
-0.0166602 -0.0315403 -0.0120557
 -0.016626 -0.0312305 -0.0119974
 -0.016592 -0.0309208 -0.0119416
-0.0165582 -0.0306113  -0.011887
-0.0165247 -0.0303019  -0.011834
-0.0164915 -0.0299928 -0.0117809
-0.0164587 -0.0296841 -0.0117269
 -0.016428 -0.0293753 -0.0116769
-0.0163997 -0.0290666 -0.0116288
-0.0163734 -0.0287577 -0.0115841
-0.0163491 -0.0284489 -0.0115407
-0.0163268 -0.0281403 -0.0114979
-0.0163057 -0.0278315 -0.0114572
-0.0162859 -0.0275229 -0.0114164
-0.0162683 -0.0272083 -0.0113863
-0.0162519  -0.026887 -0.0113614
 -0.016236  -0.026563 -0.0113394
 -0.016219 -0.0262381 -0.0113196
   -0.0162 -0.0259113 -0.0112996
-0.0161788 -0.0255845 -0.0112804
-0.0161555 -0.0252576 -0.0112599
-0.0161291 -0.0249309 -0.0112343
   -0.0161 -0.0246038 -0.0112061
-0.0160682 -0.0242765 -0.0111719
-0.0160335  -0.023948 -0.0111366
-0.0159954 -0.0236188 -0.0110957
 -0.015954 -0.0232883 -0.0110496
-0.0159094 -0.0229565 -0.0110043
-0.0158614 -0.0226231 -0.0109595
-0.0158102 -0.0222879 -0.0109168
-0.0157568 -0.0219512 -0.0108761
-0.0157005  -0.021613 -0.0108376
 -0.015641 -0.0212733 -0.0108011
 -0.015579 -0.0209324 -0.0107668
-0.0155141 -0.0205901 -0.0107344
 -0.015448  -0.020247 -0.0107037
-0.0153802 -0.0199031 -0.0106752
-0.0153098  -0.019558 -0.0106482
-0.0152488  -0.019213 -0.0106182
-0.0152045 -0.0188676  -0.010585
-0.0151875 -0.0185226 -0.0105453
-0.0152006 -0.0181783 -0.0104982
-0.0152289 -0.0178336 -0.0104477
-0.0152869 -0.0174896  -0.010389
-0.0153577 -0.0171454 -0.0103266
-0.0154513 -0.0168016 -0.0102555
-0.0155676 -0.0164583 -0.0101738
-0.0156932 -0.0161151 -0.0100872
 -0.0158365  -0.0157726 -0.00999123
 -0.0159871  -0.0154309 -0.00989032
 -0.0161548  -0.0150905 -0.00977909
-0.0163375 -0.0147518 -0.0096575
 -0.0165256   -0.014414 -0.00953086
 -0.0167259  -0.0140783 -0.00939396
 -0.0169304  -0.0137499 -0.00925028
 -0.0171428  -0.0134289 -0.00909957
 -0.0173575  -0.0131071 -0.00894398
 -0.0175795  -0.0127861 -0.00877805
 -0.0177931  -0.0124656 -0.00860229
-0.0179799  -0.012143 -0.0084204
  -0.018131  -0.0118192 -0.00822945
 -0.0182551  -0.0114943 -0.00803164
 -0.0183402  -0.0111688 -0.00782181
  -0.018386  -0.0108427 -0.00758078
 -0.0184102  -0.0105161 -0.00730929
 -0.0184045   -0.010189 -0.00700301
 -0.0183845 -0.00986171 -0.00667868
  -0.018345  -0.0095374 -0.00632632
 -0.0182927 -0.00921876 -0.00595717
  -0.018239 -0.00890474 -0.00559098
 -0.0181795 -0.00859446 -0.00524704
 -0.0181147 -0.00828684 -0.00492453
 -0.0180494 -0.00798271 -0.00461946
 -0.0179762  -0.0076798 -0.00433459
 -0.0178999 -0.00737864 -0.00406599
  -0.017813  -0.0070788 -0.00381658
 -0.0177217 -0.00678045 -0.00358232
 -0.0176174 -0.00648223 -0.00336654
 -0.0174986 -0.00618407 -0.00316904
 -0.0173754 -0.00588791 -0.00298487
 -0.0172384 -0.00559247 -0.00281752
  -0.017087 -0.00529787 -0.00266671
  -0.016932 -0.00500638 -0.00252737
-0.0167629 -0.0047159 -0.0024034
  -0.016591 -0.00442756 -0.00228947
 -0.0164068 -0.00414018 -0.00218926
 -0.0162104 -0.00385369 -0.00210223
 -0.0160122 -0.00356887 -0.00202351
  -0.015803 -0.00328466 -0.00195669
 -0.0155934 -0.00300199 -0.00189684
 -0.0153751 -0.00271983 -0.00184725
 -0.0151488 -0.00243801 -0.00180725
 -0.0149232 -0.00215744  -0.0017728
 -0.0146912 -0.00187705 -0.00174672
 -0.0144612 -0.00159785 -0.00172518
 -0.0142265 -0.00131874 -0.00171074
 -0.0139883 -0.00104107 -0.00170237
  -0.0137574 -0.000764903  -0.00169525
  -0.0135359 -0.000488185    -0.001689
  -0.0133238 -0.000211642  -0.00168313
 -0.0131195 6.50971e-05 -0.00167856
 -0.0129231 0.000342883  -0.0016748
 -0.0127341 0.000619876 -0.00167175
 -0.0125517 0.000896969 -0.00166977
 -0.0123756   0.0011742 -0.00166871
 -0.0122058  0.00145072 -0.00166816
 -0.0120416  0.00172741 -0.00166837
 -0.0118832  0.00200344 -0.00166899
 -0.0117299  0.00227859 -0.00167026
 -0.0115816  0.00255308 -0.00167201
-0.0114383 0.00282705  -0.001674
 -0.0112996  0.00310041 -0.00167629
 -0.0111655  0.00337333 -0.00167876
 -0.0110358  0.00364527 -0.00168131
 -0.0109101  0.00391699 -0.00168395
 -0.0107883  0.00418836 -0.00168668
 -0.0106702   0.0044595 -0.00168944
 -0.0105555  0.00473052 -0.00169218
-0.0104444 0.00500091 -0.0016949
 -0.0103363  0.00527132 -0.00169758
 -0.0102312  0.00554155 -0.00170031
 -0.0101289  0.00581175 -0.00170298
  -0.010029  0.00608233 -0.00170565
-0.00993182  0.00635249 -0.00170829
-0.00983676  0.00662296 -0.00171092
-0.00974402  0.00689337 -0.00171359
 -0.0096533  0.00716392 -0.00171618
-0.00956434  0.00743496 -0.00171873
-0.00947734  0.00770596 -0.00172131
-0.00939186  0.00797735 -0.00172385
-0.00930816  0.00824874 -0.00172641
-0.00922581  0.00852063 -0.00172892
 -0.0091447  0.00879991 -0.00172786
-0.00906512  0.00908506 -0.00172381
-0.00898659  0.00938105 -0.00171456
-0.00890937  0.00968322 -0.00170243
-0.00883307  0.00999828 -0.00168423
 -0.0087576   0.0103262 -0.00166002
-0.00868324   0.0106608 -0.00163267
-0.00860959   0.0110069 -0.00159988
-0.00853663   0.0113659 -0.00156119
-0.00846463   0.0117314 -0.00151957
-0.00839325   0.0121094 -0.00147223
-0.00832274   0.0124865 -0.00142554
-0.00825271   0.0128591 -0.00138119
-0.00818321    0.013228 -0.00133893
-0.00811444   0.0135911 -0.00129961
 -0.0080461   0.0139514 -0.00126195
-0.00797841   0.0143068 -0.00122688
-0.00791334   0.0146599 -0.00119242
-0.00785451   0.0150113 -0.00115678
-0.00779728   0.0153586 -0.00112277
-0.00774599    0.015705 -0.00108725
-0.00769584    0.016048 -0.00105321
-0.00765086   0.0163903 -0.00101767
 -0.00761089    0.0167326 -0.000980489
 -0.00757141    0.0170722 -0.000944585
 -0.00753617     0.017412 -0.000907092
 -0.00750094    0.0177498 -0.000870831
 -0.00746958    0.0180885 -0.000832816
  -0.0074416    0.0184285 -0.000793067
 -0.00741313    0.0187672 -0.000754412
 -0.00738745    0.0191074 -0.000714003
 -0.00736087    0.0194466 -0.000674672
-0.00733671   0.0197876 -0.00063364
 -0.00731449    0.0201307 -0.000590979
 -0.00729096    0.0204732 -0.000549304
-0.00726903   0.0208178 -0.00050606
 -0.00724546    0.0211622 -0.000463808
 -0.00722296    0.0215092 -0.000420029
 -0.00720108    0.0218592 -0.000374825
 -0.00717727    0.0222093 -0.000330555
 -0.00715359    0.0225626 -0.000284939
 -0.00712771     0.022916 -0.000240271
 -0.00710194    0.0232723 -0.000194276
 -0.00707592    0.0236321 -0.000147006
 -0.00704786     0.023993 -0.000100383
 -0.00701918    0.0243578 -5.24659e-05
 -0.00698821    0.0247237 -5.22687e-06
-0.00695674   0.0250932 4.33393e-05
-0.00692281   0.0254639 9.12246e-05
 -0.0068877   0.0258389 0.000140256
-0.00685097   0.0262182 0.000190292
-0.00681165   0.0266039 0.000242065
-0.00677028   0.0270101 0.000302399
 -0.0067261    0.027426 0.000366076
-0.00668002   0.0278602 0.000437531
-0.00663149   0.0283126 0.000516246
-0.00658015   0.0287725 0.000597262
-0.0065261  0.0292498 0.00068508
-0.00646931   0.0297336 0.000774659
-0.00641032   0.0302324 0.000870171
-0.00634858   0.0307462 0.000971369
-0.00628425   0.0312651  0.00107378
-0.00621718   0.0317981  0.00118124
-0.00614766   0.0323352  0.00128941
-0.00607592   0.0328839  0.00140191
-0.00600146    0.033444   0.0015183
-0.00592475   0.0340068   0.0016349
-0.00584526   0.0345796  0.00175475
-0.00576359   0.0351539  0.00187439
-0.0056797  0.0357362 0.00199679
-0.00559371   0.0363193  0.00211872
-0.00550368   0.0369082  0.00225553
-0.00540766   0.0374996  0.00244112
-0.00531913   0.0380904  0.00263472
-0.00523941   0.0386851  0.00284146
-0.0051664  0.0392784 0.00305482
-0.0051026  0.0398738 0.00328184
-0.00504785   0.0404701  0.00352157
-0.00499891   0.0410638  0.00376674
-0.00495831    0.041657  0.00402327
-0.00492295   0.0422472  0.00428452
-0.00489419   0.0428365  0.00455454
-0.00487015   0.0434221  0.00482863
-0.00485287   0.0440053  0.00511137
-0.00484196   0.0445861  0.00540233
-0.00483475   0.0451644   0.0056965
-0.00483236   0.0457401  0.00599655
-0.00483323   0.0463127  0.00629921
-0.00483932   0.0468815  0.00660804
-0.0048505  0.0474458 0.00692256
-0.00486455   0.0480067  0.00723931
-0.00488202   0.0485658  0.00756679
-0.0048999  0.0491255 0.00790383
-0.00491627   0.0496838  0.00824889
-0.00493104   0.0502394  0.00860041
-0.00494411   0.0507928  0.00895454
-0.00495544   0.0513414  0.00931119
-0.00496542    0.051882  0.00966812
-0.00497417   0.0524171   0.0100234
-0.0049818  0.0529408  0.0103751
-0.00498843   0.0534573   0.0107228
-0.00499374   0.0539619   0.0110645
-0.00499816   0.0544518   0.0113978
-0.00500179   0.0549337   0.0117256
-0.00501093   0.0554093   0.0121052
-0.00502472   0.0558847   0.0125288
-0.00504313   0.0563566   0.0129959
-0.00506525   0.0568207   0.0134941
-0.00508875   0.0572788   0.0139853
-0.0051121  0.0577247  0.0144641
-0.00513473   0.0581626   0.0149322
-0.00515631   0.0585853   0.0153856
-0.00517583   0.0589915   0.0158213
-0.00519479   0.0593887   0.0162478
-0.00521094   0.0597688   0.0166564
-0.00522483   0.0601413   0.0170606
-0.00521044   0.0604983   0.0175041
-0.00516418   0.0608396   0.0179944
-0.00510155    0.061175   0.0185117
-0.00500807   0.0614985   0.0190639
-0.00490362   0.0618199   0.0196065
-0.00477618   0.0621337   0.0201369
-0.00462635    0.062442   0.0206533
-0.00447046   0.0627526   0.0211564
-0.00429563   0.0630629   0.0216424
-0.00411695   0.0633781   0.0221151
-0.00392333   0.0636939   0.0225701
-0.00372716   0.0640139   0.0230127
-0.00351739   0.0643357   0.0234374
-0.00329512   0.0646598   0.0238442
-0.0030714  0.0649871  0.0242389
-0.002837 0.0653155 0.0246168
-0.0026021  0.0656465  0.0249836
-0.00235766   0.0659795   0.0253337
-0.00210457   0.0663151   0.0256675
-0.00185199   0.0666541    0.025991
-0.00159208   0.0669968   0.0262988
-0.00133352   0.0673436    0.026597
-0.00106909   0.0676944   0.0268809
-0.000799645    0.0680507    0.0271511
-0.000532422    0.0684118    0.0274123
-0.000261524    0.0687794    0.0276601
6.38355e-06   0.0691519   0.0278997
0.00027706  0.0695301  0.0281277
0.000544213   0.0699132    0.028348
0.000812212   0.0703029   0.0285571
0.00108021  0.0706995  0.0287551
0.00134403  0.0711007  0.0289462
0.00160683  0.0715087   0.029127
0.00186514  0.0719209  0.0293016
0.00212202  0.0723388  0.0294672
0.00237423  0.0727607  0.0296272
0.00262384  0.0731891  0.0297788
0.00287001   0.073624  0.0299222
0.00311123  0.0740628  0.0300606
0.0033491 0.0745071 0.0301925
0.00358247  0.0749577  0.0303176
0.00381088  0.0754117  0.0304385
0.0040342 0.0758717 0.0305535
0.00425261  0.0763349  0.0306646
0.00446634  0.0768031  0.0307713
0.00467448  0.0772766  0.0308731
0.00487788  0.0777528   0.030972
0.00507572  0.0782351   0.031066
0.0052685 0.0787228 0.0311563
0.00545474  0.0792182  0.0312421
0.00563412  0.0797216  0.0313233
0.00580882  0.0802292   0.031402
0.0059778 0.0807431 0.0314776
0.00614034  0.0812634  0.0315504
0.00629904  0.0817862  0.0316219
0.00645176  0.0823142  0.0316915
0.00660126  0.0828439  0.0317603
0.00674595  0.0833772  0.0318282
0.00688546   0.083914  0.0318954
0.00702229   0.084452  0.0319623
0.00715436  0.0849929  0.0320287
0.0072842 0.0855349 0.0320949
0.00741018  0.0860791  0.0321612
0.0075321 0.0866255 0.0322276
0.00765216  0.0871726  0.0322942
0.0077686 0.0877214  0.032361
0.00788359  0.0882705  0.0324282
0.00799538  0.0888208  0.0324955
0.00810441  0.0893719  0.0325636
0.00821232  0.0899228  0.0326324
0.00831778   0.090474  0.0327017
0.00842249  0.0910246  0.0327717
0.00852515   0.091575  0.0328424
0.00862606  0.0921245  0.0329137
0.00872647  0.0926733  0.0329858
0.00882553  0.0932207  0.0330581
0.00892441  0.0937673  0.0331312
0.0090222 0.0943125 0.0332046
0.00911933   0.094856   0.033278
0.00921645  0.0953986   0.033352
0.00931322  0.0959394  0.0334258
0.00940982  0.0964782  0.0334994
0.00950666  0.0970161  0.0335733
0.00960377  0.0975518  0.0336465
0.0097013 0.0980867 0.0337199
0.00979936  0.0986194  0.0337924
0.00989814  0.0991499  0.0338639
0.00999681  0.0996813  0.0339344
 0.010096  0.100214 0.0340021
0.0101951  0.100748 0.0340688
0.0102945  0.101284 0.0341324
0.0103948  0.101822 0.0341932
0.0104954  0.102361 0.0342533
0.0105973  0.102902 0.0343102
0.0106997  0.103443 0.0343669
0.0108036  0.103984 0.0344213
0.0109095  0.104526 0.0344729
 0.011016  0.105068 0.0345243
0.0111247  0.105609 0.0345731
0.0112357   0.10615 0.0346192
0.0113473  0.106691 0.0346647
0.0114614  0.107233 0.0347069
0.0115762  0.107775 0.0347485
0.0116932  0.108317 0.0347871
0.0118127  0.108858 0.0348222
0.0119327  0.109401 0.0348565
0.0120552  0.109944  0.034887
 0.012178  0.110488 0.0349169
 0.012303  0.111032 0.0349434
0.0124305  0.111576 0.0349662
0.0125579   0.11212 0.0349881
0.0126876  0.112665 0.0350066
0.0128173   0.11321 0.0350243
0.0129488  0.113755  0.035038
0.0130824    0.1143 0.0350472
0.0132155  0.114846 0.0350554
0.0133503  0.115392 0.0350594
0.0134869  0.115938 0.0350593
 0.013623  0.116484 0.0350581
0.0137606   0.11703 0.0350523
0.0138975  0.117578 0.0350454
0.0140358  0.118125 0.0350346
0.0141753  0.118672 0.0350135
0.0143139   0.11922  0.034987
0.0144536  0.119767 0.0349494
 0.014594  0.120314 0.0349009
0.0147331  0.120861 0.0348487
0.0148719   0.12141 0.0347837
0.0150086  0.121963 0.0347133
 0.015145  0.122519 0.0346328
0.0152803  0.123078 0.0345423
0.0154133  0.123641 0.0344502
0.0155452  0.124207 0.0343508
0.0156748  0.124775 0.0342534
0.0158035  0.125346 0.0341538
 0.015931  0.125919 0.0340531
0.0160562  0.126494 0.0339564
0.0161801  0.127072 0.0338593
0.0163018   0.12765 0.0337663
0.0164222  0.128231 0.0336728
0.0165403  0.128814 0.0335829
0.0166574  0.129398 0.0334927
0.0167731  0.129985 0.0334013
0.0168867  0.130573 0.0333123
0.0169987  0.131164 0.0332214
0.0171085  0.131756  0.033133
0.0172172  0.132351 0.0330434
0.0173244  0.132947 0.0329521
0.0174294  0.133546 0.0328629
0.0175329  0.134146 0.0327717
0.0176343  0.134748 0.0326829
0.0177345  0.135351  0.032593
0.0178327  0.135956 0.0325054
0.0179294  0.136562 0.0324156
0.0180245   0.13717 0.0323235
0.0181177  0.137778 0.0322329
0.0182093  0.138387 0.0321397
0.018299 0.138998 0.032048
0.0183874  0.139609 0.0319542
0.0184745  0.140221 0.0318584
0.0185598  0.140834 0.0317637
0.0186437  0.141447 0.0316666
0.0187259  0.142061 0.0315706
0.0188068  0.142676 0.0314727
0.0188866  0.143291 0.0313728
0.0189647  0.143906 0.0312738
0.0190416  0.144522 0.0311725
 0.019116   0.14514 0.0310686
0.0191889  0.145762 0.0309587
0.0192596  0.146387 0.0308416
0.0193282  0.147016 0.0307217
0.0193943  0.147649 0.0306016
0.0194583  0.148284 0.0304845
0.0195207  0.148922 0.0303686
0.0195815  0.149563 0.0302535
0.0196406  0.150205 0.0301412
0.0196989  0.150848 0.0300298
0.0197557  0.151492 0.0299208
0.0198114  0.152138 0.0298123
0.0198661  0.152784  0.029704
0.0199194  0.153432 0.0295976
0.0199721  0.154081 0.0294914
0.0200239   0.15473  0.029385
0.0200744  0.155381 0.0292804
0.0201241  0.156032 0.0291753
0.0201725  0.156685 0.0290718
0.0202205  0.157338  0.028968
0.0202673  0.157992 0.0288656
0.0203134  0.158646 0.0287626
0.0203587  0.159301  0.028659
0.0204029  0.159956 0.0285566
0.0204468  0.160611 0.0284535
  0.02049  0.161265 0.0283497
0.0205321   0.16192 0.0282469
0.0205735  0.162574 0.0281431
0.0206137  0.163228 0.0280402
0.0206536  0.163881 0.0279363
0.0206929  0.164534 0.0278314
 0.020731  0.165186 0.0277272
0.0207684  0.165836 0.0276217
0.0208046  0.166487 0.0275169
0.0208403  0.167137 0.0274111
0.0208755  0.167785  0.027304
0.0209093  0.168433 0.0271975
0.0209426  0.169079 0.0270897
0.0209745  0.169726 0.0269824
0.0210061   0.17037  0.026874
 0.021036  0.171016 0.0267638
0.0210636  0.171664  0.026654
0.0210893  0.172315 0.0265425
0.0211127  0.172969 0.0264315
0.0211347  0.173625 0.0263192
0.0211549  0.174284 0.0262076
0.0211734  0.174944 0.0260947
0.0211906  0.175606 0.0259806
0.0212063  0.176269 0.0258674
0.0212214  0.176933 0.0257532
0.0212351  0.177597   0.02564
0.0212481  0.178261 0.0255258
0.0212604  0.178925 0.0254106
0.0212715  0.179591 0.0252963
 0.021282  0.180255 0.0251809
0.0212913  0.180921 0.0250664
0.0213001  0.181587 0.0249512
0.0213083  0.182253 0.0248352
0.0213153  0.182919   0.02472
0.0213576  0.183598 0.0248068
0.0213995  0.184279  0.024879
0.0214419   0.18496 0.0249359
0.0214856  0.185646 0.0249632
0.0215296  0.186336 0.0249381
0.0215744  0.187029 0.0248472
0.0216194  0.187724 0.0246951
0.0216643  0.188421 0.0244916
0.0217067  0.189119 0.0242882
0.0217466  0.189817 0.0240862
  0.02173  0.190504 0.0238176
0.0217127  0.191188  0.023551
0.0216941  0.191872  0.023288
0.0216782  0.192551 0.0230376
0.0216641  0.193226 0.0227981
0.0216523  0.193896 0.0225703
0.0216437   0.19456 0.0223582
0.0216362  0.195221 0.0221555
0.0216312  0.195877 0.0219677
0.0216264  0.196531 0.0217872
0.0216227   0.19718 0.0216165
0.0216187  0.197827 0.0214528
0.0216128  0.198476 0.0212907
0.0216052  0.199125 0.0211318
0.0215952  0.199777 0.0209729
0.0215833   0.20043 0.0208145
0.0215689  0.201084 0.0206558
0.0215526  0.201739 0.0204976
0.0215346  0.202395 0.0203397
 0.021515  0.203053 0.0201827
0.0214937  0.203711 0.0200257
0.0214707  0.204369 0.0198689
0.0214466  0.205029 0.0197136
0.0214214  0.205689 0.0195591
0.0213952   0.20635  0.019406
0.0213679  0.207012 0.0192534
0.0213394  0.207676 0.0191012
0.0213102  0.208341 0.0189507
0.0212799  0.209007 0.0188007
0.0212487  0.209676 0.0186523
0.0212166  0.210345 0.0185045
0.0211836  0.211016 0.0183573
0.0211499  0.211689 0.0182128
0.0211163  0.212363 0.0180753
0.0210825  0.213038 0.0179453
0.0210488  0.213714 0.0178218
 0.021015   0.21439 0.0177046
0.0209809  0.215068 0.0175937
0.0209464  0.215746 0.0174882
0.0209114  0.216426 0.0173885
0.0208758  0.217106 0.0172939
0.0208394  0.217786 0.0172043
0.0208023  0.218468 0.0171196
0.0207644   0.21915 0.0170394
0.0207255  0.219833 0.0169637
0.0206857  0.220517  0.016892
0.0206448  0.221201  0.016824
0.0206031  0.221886   0.01676
0.0205603   0.22257 0.0166992
 0.020521  0.223216 0.0166249
0.0204824  0.223852 0.0165471
0.0204603  0.224501   0.01647
0.0204521  0.225168  0.016393
0.0204601  0.225871 0.0163213
0.0204907  0.226619 0.0162559
0.0205325  0.227418 0.0162009
0.0205816  0.228247 0.0161547
0.0206475  0.229096 0.0161097
0.0207222   0.22992 0.0160575
0.0208112  0.230686 0.0159854
0.0209091  0.231361 0.0159108
0.0210303  0.231929 0.0158831
0.0211542  0.232409 0.0158884
 0.021282  0.232778 0.0159373
0.0214025  0.233076 0.0160142
0.0215093  0.233358 0.0160938
0.0215977  0.233619 0.0161642
0.0216593  0.233855 0.0162037
0.0216989  0.234082 0.0162025
0.0217081  0.234281  0.016148
0.0216984  0.234472  0.016052
0.0216631  0.234634 0.0159041
 0.021616  0.234788 0.0157301
 0.021555   0.23492 0.0155292
0.0214889  0.235045 0.0153194
0.0214136  0.235145 0.0150937
0.0213335   0.23522 0.0148647
0.0212526   0.23529 0.0146357
0.0211692  0.235341 0.0143969
0.0210851  0.235388  0.014155
 0.020999  0.235414 0.0139007
0.0209111   0.23544 0.0136403
0.0208207  0.235446 0.0133656
0.0207266  0.235437 0.0130741
  0.02063  0.235429 0.0127749
0.0205287   0.23541 0.0124581
 0.020424  0.235397 0.0121342
 0.020315   0.23538 0.0118007
0.0202059  0.235369 0.0114827
0.0200947  0.235354 0.0111697
 0.019982  0.235338 0.0108653
0.0198636   0.23535 0.0105891
0.0197376  0.235408 0.0103469
0.0195581  0.235576 0.0102824
0.0195407  0.235841 0.0104179
0.0195325  0.236168 0.0105436
0.0195184  0.236542 0.0106656
 0.019496  0.236967 0.0107653
0.0194679  0.237417  0.010854
  0.01943  0.237896 0.0109294
0.0193955   0.23839 0.0110163
0.0193555  0.238916 0.0111356
0.0193235  0.239455 0.0112654
0.0193492  0.240119 0.0120257
0.0193797  0.240815 0.0127925
0.0194167  0.241549 0.0135557
 0.019438  0.242294 0.0142978
0.0194425  0.243054 0.0150164
0.0194267  0.243823 0.0157054
0.0193503  0.244603 0.0164119
0.0192507  0.245381 0.0170812
0.0191406  0.246147 0.0177133
0.0190121  0.246905 0.0183075
 0.018876  0.247648 0.0188649
0.0187208  0.248376 0.0193846
0.0185484  0.249085 0.0198683
0.0183705  0.249776 0.0203198
0.0181775  0.250443 0.0207384
0.0179807   0.25109 0.0211285
0.0177723  0.251715 0.0214904
0.0175528  0.252315 0.0218256
0.0173308  0.252896 0.0221378
 0.017099  0.253449 0.0224256
0.0168658  0.253982 0.0226932
0.0166255   0.25449 0.0229397
0.0163915   0.25498 0.0231673
0.0161677  0.255444 0.0233728
0.0159539  0.255879 0.0235558
0.0157491  0.256297 0.0237188
0.0155521  0.256685 0.0238564
0.0153637  0.257058 0.0239767
0.0151821   0.25741 0.0240767
0.0150078  0.257757 0.0241651
0.0148391  0.258089 0.0242378
 0.014676  0.258406 0.0242951
0.0145185  0.258718 0.0243427
0.0143661  0.259014 0.0243758
0.0142187  0.259304 0.0244005
 0.014075   0.25958 0.0244072
0.0139353  0.259837 0.0243913
0.0137995  0.260088 0.0243598
0.0136666  0.260317 0.0243085
0.0135379  0.260541 0.0242434
0.0134114  0.260746 0.0241659
0.0132888  0.260944 0.0240784
0.0131685   0.26112 0.0239818
0.0130512  0.261272 0.0238798
 0.012937  0.261417 0.0237727
0.0128252  0.261537 0.0236645
0.0127162  0.261652 0.0235524
0.0126099  0.261745 0.0234405
0.0125055  0.261815 0.0233268
0.0124037  0.261879 0.0232113
0.0123043  0.261919 0.0230949
0.0122071  0.261956 0.0229764
0.0121113  0.261972 0.0228579
0.0120176  0.261965 0.0227391
0.0119259  0.261956 0.0226193
0.0118354  0.261927 0.0225002
0.0117467  0.261897 0.0223796
0.0116597  0.261847  0.022259
0.0115736  0.261777 0.0221383
0.0114889  0.261707 0.0220165
0.0114196  0.261621 0.0218854
0.0113585  0.261536 0.0217479
0.0113152  0.261435 0.0215989
0.0112892  0.261318 0.0214379
  0.01127  0.261202 0.0212713
0.0112648  0.261073  0.021095
0.0112649  0.260947 0.0209124
0.0112789  0.260809 0.0207175
0.0113058  0.260659 0.0205099
0.0113363  0.260516 0.0202962
0.0113756  0.260363 0.0200679
0.0114125  0.260216 0.0198303
0.0114505  0.260063 0.0195776
0.0114902  0.259903 0.0193057
0.0115318   0.25975 0.0190156
0.0115807  0.259593 0.0186944
0.0116306  0.259444  0.018357
0.0116855   0.25929 0.0179975
0.0117433  0.259133 0.0176211
 0.011798  0.258984 0.0172421
0.0118523  0.258835 0.0168576
0.0119035  0.258695  0.016485
 0.011954  0.258554 0.0161186
0.0120028  0.258416 0.0157593
0.0120483  0.258287 0.0154112
0.0120916  0.258162 0.0150702
0.0121313  0.258048   0.01474
0.0121688  0.257937 0.0144168
0.0122033  0.257832 0.0141013
0.0122342  0.257739 0.0137959
0.0122618  0.257653 0.0134982
0.0122857  0.257578 0.0132102
0.0123064  0.257511 0.0129295
0.0123231  0.257452 0.0126572
0.0123362  0.257406  0.012394
0.012345 0.257369 0.012139
0.0123501  0.257345 0.0118927
0.0123511   0.25733 0.0116544
0.0123474  0.257327 0.0114244
0.0123402  0.257336 0.0112026
0.0123221  0.257356 0.0109873
0.0122925  0.257389 0.0107773
0.0122459  0.257432 0.0105717
0.0121801  0.257486 0.0103706
0.0121039  0.257553 0.0101752
 0.0120092   0.257632 0.00998527
 0.0119068   0.257722 0.00980459
  0.011791   0.257822 0.00963466
 0.0116692   0.257934 0.00947363
 0.0115341   0.258059 0.00932409
 0.0113868   0.258195 0.00918604
 0.0112349   0.258342 0.00905597
  0.011072   0.258501 0.00893688
 0.0109055    0.25867 0.00882504
   0.01073   0.258849 0.00872283
 0.0105453    0.25904 0.00863087
 0.010358   0.25924 0.0085452
 0.0101623   0.259452 0.00846898
0.00996484   0.259672 0.00839836
0.00976059   0.259903 0.00833594
 0.0095552   0.260141 0.00827849
0.00934361    0.26039 0.00822915
0.00912651   0.260649 0.00818732
0.00890918   0.260916 0.00814965
0.00868753   0.261191 0.00811844
0.00846642   0.261473 0.00809072
0.00824186   0.261764 0.00806919
0.00801473   0.262062 0.00805316
0.00778891   0.262367 0.00803982
0.00756137   0.262679 0.00803118
0.00733577   0.262996 0.00802469
0.00710918   0.263321 0.00802239
0.00688245   0.263651 0.00802358
0.00665827   0.263986 0.00802621
0.00643486   0.264327 0.00803154
0.00621446   0.264671 0.00803785
0.00599511    0.26502 0.00804614
0.0057804  0.265373 0.0080551
0.00557216   0.265729  0.0080644
0.00537094   0.266089  0.0080751
 0.0051756   0.266451 0.00808693
0.00498663   0.266816 0.00809976
0.00480299   0.267184 0.00811295
0.00462477   0.267554 0.00812627
0.00445177   0.267923 0.00813862
0.00428346   0.268295 0.00815015
0.00412003   0.268665  0.0081595
0.00396145   0.269037 0.00816736
0.00380708   0.269381 0.00816941
0.00365624   0.269698 0.00815548
0.00350913   0.270015  0.0081398
0.00336591   0.270319 0.00811807
0.00322596   0.270625 0.00809648
 0.0030896   0.270928 0.00807195
0.00295617   0.271234 0.00804804
0.00282584   0.271539 0.00802312
 0.0026987   0.271847 0.00799847
0.00257386   0.272155  0.0079729
0.00245177   0.272462 0.00794574
0.00233203   0.272771 0.00791859
0.00221484   0.273079 0.00788944
0.00209979   0.273389 0.00786027
0.00198705   0.273698 0.00782946
0.00187656   0.274005 0.00779674
0.00176797   0.274315 0.00776372
0.00166148   0.274623 0.00772819
 0.0015577   0.274933 0.00769219
0.00145828   0.275241 0.00765351
0.00136367   0.275548 0.00761177
0.00127185   0.275857 0.00756917
0.00118461   0.276162 0.00752285
0.00109979    0.27647 0.00747583
0.00101876   0.276775 0.00742585
0.000939843    0.277082  0.00737523
0.000864764    0.277387  0.00732128
0.000793283    0.277687  0.00726381
0.000723538     0.27799  0.00720562
0.00065667    0.27829  0.0071447
0.000592688    0.278587  0.00708089
0.000529991    0.278886  0.00701666
0.000469749    0.279182   0.0069495
0.000410498    0.279479   0.0068822
0.000353124    0.279774  0.00681264
0.000296485    0.280071  0.00674231
0.000241403    0.280366  0.00666808
0.000187625    0.280656  0.00658986
0.000134301    0.280948  0.00651064
8.15433e-05    0.281238  0.00642872
2.9429e-05   0.281524 0.00634345
-2.25522e-05     0.281813   0.00625711
-7.42731e-05     0.282096   0.00616693
 -0.000126   0.282382 0.00607656
-0.000177738     0.282662   0.00598391
-0.000229612     0.282944   0.00589202
-0.000281698     0.283223    0.0057998
-0.000334285     0.283497    0.0057074
-0.000387213     0.283774     0.005616
-0.000440961     0.284045    0.0055245
-0.00049511    0.284318  0.00543386
-0.00055018    0.284589  0.00534334
-0.000606439     0.284856   0.00525258
-0.000663215     0.285125   0.00516228
-0.00072142     0.28539  0.00507144
-0.000780139     0.285657   0.00498099
-0.000840295     0.285922   0.00489024
-0.00090096     0.28619  0.00479996
-0.000963281     0.286455   0.00470964
-0.00102739    0.286717  0.00461924
-0.00109202    0.286982  0.00452951
-0.00115849    0.287244  0.00443993
-0.00122537    0.287509  0.00435117
-0.00129393    0.287772  0.00426298
-0.00136426    0.288033  0.00417563
-0.00143492    0.288298  0.00408915
-0.00150738    0.288561  0.00400344
-0.00158005    0.288828  0.00391857
-0.00165435    0.289094  0.00383492
-0.00173031    0.289359  0.00375223
-0.00180638    0.289628  0.00367034
-0.00188406    0.289895  0.00358938
-0.00196168    0.290167  0.00350915
-0.00204078    0.290438  0.00343028
-0.00212129    0.290709  0.00335247
-0.00220162    0.290984  0.00327538
-0.00228327    0.291257  0.00319934
-0.00236457    0.291536  0.00312395
-0.00244707    0.291814  0.00305004
-0.00253065    0.292093   0.0029773
-0.00261373    0.292375   0.0029052
-0.00269297    0.292628  0.00285931
-0.00277168    0.292859  0.00280745
-0.00285122     0.29309  0.00275746
-0.00293111     0.29331  0.00270474
-0.00301063    0.293536  0.00264714
-0.00309109    0.293761  0.00258083
-0.00317132    0.293993   0.0025066
-0.00325026    0.294228  0.00242028
-0.00332757    0.294471  0.00232902
-0.00340357    0.294717  0.00223262
-0.00347794    0.294968  0.00213318
-0.00355107    0.295227   0.0020359
-0.00362284    0.295489  0.00194105
-0.0036931   0.295758 0.00185117
-0.00376168    0.296031  0.00176643
-0.00382914    0.296308  0.00168889
-0.00389513    0.296591  0.00161536
  -0.00396   0.296877 0.00154776
-0.00402333    0.297168  0.00148212
-0.00408549    0.297462   0.0014195
-0.0041464   0.297759  0.0013592
-0.00420634     0.29806    0.001299
-0.00426497    0.298367  0.00123998
-0.0043221   0.298678 0.00118003
-0.00437802    0.298996  0.00112088
-0.00443307    0.299318  0.00106111
-0.00448692    0.299647  0.00100217
-0.00453959    0.299981 0.000943684
-0.00459148    0.300319 0.000884979
-0.00464172    0.300662 0.000826587
-0.00469126    0.301008 0.000768008
-0.00473986    0.301357 0.000710302
-0.00478695     0.30171 0.000652849
-0.00483346    0.302066 0.000595185
 -0.0048791    0.302423 0.000537847
-0.00492419    0.302782 0.000479995
-0.00496793    0.303144 0.000422085
-0.00501096    0.303507 0.000363935
-0.00505349    0.303871 0.000305141
-0.00509533    0.304236 0.000245818
-0.00513906    0.304629 0.000163569
-0.00518199    0.305046 8.83732e-05
-0.00522477    0.305468 5.67175e-06
  -0.0052668     0.305886 -7.08204e-05
 -0.00530506     0.306298 -0.000111599
-0.00534317    0.306705  -0.0001431
 -0.00537497     0.307096 -0.000161583
-0.00540569    0.307482 -0.00018248
 -0.00543135     0.307848 -0.000185339
 -0.00545356     0.308194 -0.000171833
 -0.00547605     0.308538 -0.000164115
 -0.00549729     0.308861 -0.000151906
  -0.0055183     0.309186 -0.000143595
 -0.00554099       0.3095 -0.000140191
 -0.00556315     0.309816 -0.000140064
 -0.00558794     0.310125 -0.000143174
 -0.00561681     0.310429 -0.000146727
 -0.00564529     0.310736 -0.000152331
-0.00567461    0.311045 -0.00016069
  -0.0057035     0.311356 -0.000170633
 -0.00573369     0.311666 -0.000183068
 -0.00576696     0.311973 -0.000196666
 -0.00580002     0.312281 -0.000211005
-0.00583462    0.312591 -0.00022661
 -0.00587143     0.312898 -0.000243158
 -0.00590684     0.313206 -0.000263501
-0.00594529    0.313509 -0.00028362
-0.00598035    0.313812 -0.00030956
 -0.00601494     0.314116 -0.000340085
-0.00605287    0.314414 -0.00036655
 -0.00608839     0.314711 -0.000396081
 -0.00612886     0.315001 -0.000419069
 -0.00616636      0.31529 -0.000445934
 -0.00620519     0.315577 -0.000471371
 -0.00624677     0.315856 -0.000489659
 -0.00628743     0.316133 -0.000511064
 -0.00632902     0.316402 -0.000528815
 -0.00636984     0.316669 -0.000545831
 -0.00641056     0.316931 -0.000563036
 -0.00645173     0.317185 -0.000579955
  -0.0064922     0.317435 -0.000595905
-0.00653321    0.317672 -0.00061174
 -0.00657356     0.317905 -0.000626644
-0.00661393     0.31813 -0.00064153
 -0.00665585     0.318341 -0.000656278
  -0.0066656     0.318592 -0.000666887
 -0.00667391      0.31883 -0.000661012
 -0.00668278     0.319064 -0.000652662
 -0.00669219     0.319282 -0.000642412
 -0.00670181      0.31949 -0.000631755
 -0.00671231     0.319677 -0.000618976
 -0.00672437     0.319841 -0.000604052
 -0.00673589     0.319996 -0.000587723
 -0.00675083     0.320126 -0.000567925
 -0.00676407     0.320249 -0.000548502
 -0.00677944     0.320353 -0.000527608
 -0.00679605     0.320426 -0.000510263
 -0.00681207     0.320494 -0.000490131
 -0.00682879     0.320537 -0.000473109
 -0.00684487     0.320578 -0.000453147
 -0.00686148     0.320579 -0.000439297
 -0.00687859     0.320539 -0.000430083
 -0.00689516       0.3205 -0.000415555
 -0.00691183     0.320439 -0.000401707
 -0.00692782     0.320384 -0.000382191
 -0.00694415     0.320302 -0.000362856
 -0.00696073     0.320197 -0.000341673
 -0.00697664     0.320099 -0.000314396
 -0.00699271     0.319982 -0.000284342
-0.00700798    0.319875 -0.00024831
 -0.00702296      0.31976 -0.000209082
 -0.00703783     0.319633 -0.000165635
-0.00705189    0.319518 -0.00011751
 -0.00706583     0.319393 -6.52898e-05
 -0.00707889     0.319281 -9.28462e-06
-0.00709145    0.319167   4.986e-05
 -0.0071037    0.319048 0.000112958
-0.00711511    0.318943 0.000178239
-0.00712624    0.318834 0.000246966
-0.00713649    0.318738 0.000316761
-0.00714608    0.318643 0.000388537
-0.00715524    0.318546   0.0004632
-0.00716352    0.318459 0.000537737
-0.00717077    0.318371  0.00061509
-0.00717701    0.318293 0.000691272
-0.00718309    0.318221 0.000768434
-0.00718794    0.318161 0.000842257
-0.00719738    0.318103 0.000918079
-0.00720857    0.318046 0.000996164
-0.00721843       0.318  0.00107117
-0.00723016    0.317955  0.00114798
-0.00724043    0.317918  0.00122083
-0.00725215    0.317888  0.00129281
-0.00726536    0.317858  0.00136591
-0.00727713    0.317833  0.00143436
-0.00729002    0.317813  0.00150148
-0.00730134    0.317796  0.00156265
-0.00731393    0.317776  0.00162307
-0.00732777    0.317755  0.00168397
-0.00734017    0.317735  0.00173998
-0.00735397     0.31771  0.00179412
-0.0073664   0.317682 0.00184482
-0.00738546    0.317652  0.00189245
-0.00740972    0.317626  0.00193763
-0.00743292    0.317596  0.00198036
-0.00752742    0.317549  0.00201866
-0.00761798    0.317494  0.00205497
-0.00774083    0.317429  0.00208911
 -0.007907   0.317342 0.00212694
-0.00805989    0.317248  0.00216253
-0.00824983    0.317134    0.002207
-0.00841648    0.317007   0.0022511
-0.00858853    0.316879  0.00228608
-0.00871643    0.316744  0.00235417
-0.00885003    0.316609  0.00237836
-0.00900726    0.316435  0.00237869
-0.00914211    0.316253  0.00237686
-0.00925785    0.316044  0.00237233
-0.00934966     0.31583  0.00237435
-0.00941908    0.315606  0.00238295
-0.00947143    0.315385  0.00239825
-0.00950116    0.315159  0.00242472
-0.00950995    0.314936   0.0024626
-0.00951009    0.314719  0.00250247
-0.00950175    0.314512  0.00256271
-0.00949226    0.314318  0.00262231
-0.00947881     0.31414  0.00268614
-0.00946606    0.313976  0.00274349
-0.00947729    0.313827  0.00275554
-0.00948746    0.313702  0.00276154
-0.00950012     0.31359  0.00275958
-0.00951296    0.313501  0.00274965
-0.00952885    0.313424  0.00273146
-0.00954522    0.313365  0.00270635
-0.00956302    0.313324  0.00267327
-0.00958292    0.313292  0.00263298
-0.00960403    0.313272  0.00258875
-0.00962575    0.313259  0.00253619
-0.00964643    0.313252  0.00248068
-0.00966711     0.31325    0.002418
-0.00968338    0.313254  0.00234827
-0.00969548     0.31326  0.00227289
-0.00970668     0.31327  0.00219172
-0.00971458     0.31328  0.00210726
-0.00977495    0.313279  0.00211704
-0.00984192    0.313275  0.00214566
-0.00991527    0.313265  0.00219437
-0.00998098    0.313263  0.00222601
 -0.010046   0.313263 0.00226079
-0.0101006   0.313275 0.00227091
-0.0101532   0.313292 0.00228141
-0.0102015   0.313314 0.00228834
-0.0102399   0.313345 0.00227261
 -0.010274    0.31338 0.00225298
-0.0102975   0.313424  0.0022086
-0.0103166   0.313473 0.00215931
-0.0103306   0.313525 0.00210538
-0.0103355   0.313582  0.0020318
-0.0103368   0.313639 0.00195808
-0.0103291   0.313702 0.00186423
-0.0103197    0.31376 0.00177457
-0.0103087   0.313813 0.00169046
-0.0102914   0.313863 0.00159601
-0.0102753   0.313904 0.00151214
-0.0102533   0.313945 0.00141461
-0.0102315   0.313979  0.0013237
-0.0102034   0.314016 0.00121798
-0.0102569   0.314092 0.00107473
 -0.0103041    0.314155 0.000945412
  -0.010339    0.314219 0.000803667
 -0.0103645    0.314263 0.000674869
 -0.0103733    0.314304 0.000527806
 -0.0103717    0.314329 0.000385593
 -0.0103576    0.314335 0.000245917
  -0.0102325     0.314417 -0.000152855
  -0.0101087     0.314482 -0.000533495
  -0.0099885     0.314544 -0.000903907
-0.00986921    0.314567  -0.0012435
-0.00975099    0.314552 -0.00155286
-0.00963615    0.314513 -0.00183921
 -0.0095226     0.31443 -0.00209439
-0.00941272    0.314332 -0.00233232
 -0.0093045    0.314199 -0.00254644
-0.00920007    0.314055  -0.0027471
-0.00909732    0.313877  -0.0029253
-0.00899626    0.313667 -0.00308329
-0.00889906     0.31345 -0.00323152
-0.00880361    0.313205  -0.0033635
-0.00871202    0.312956 -0.00348923
 -0.0086224    0.312687 -0.00360399
-0.00853478    0.312399 -0.00370981
-0.00845089     0.31211 -0.00381198
-0.00836892    0.311802 -0.00390684
-0.00829058    0.311498 -0.00400009
-0.00821421    0.311178 -0.00408884
-0.00813983    0.310847 -0.00417448
-0.00806883     0.31052 -0.00425986
-0.00799956    0.310179 -0.00434269
-0.00793344    0.309845 -0.00442635
-0.00786887      0.3095 -0.00450944
-0.00780489    0.309144 -0.00459122
 -0.0077431    0.308788 -0.00467158
-0.00767881    0.308414 -0.00474556
-0.00761536     0.30804 -0.00481662
 -0.0075503     0.30765 -0.00488223
-0.00748631    0.307261  -0.0049466
-0.00742085    0.306857 -0.00500692
-0.00735506    0.306438 -0.00506338
-0.00729163    0.306023 -0.00512022
-0.00722748    0.305596 -0.00517564
-0.00716592    0.305175 -0.00523333
 -0.0071045    0.304745 -0.00529209
-0.00704417    0.304308 -0.00535141
-0.00698599    0.303877 -0.00541384
-0.00692881    0.303439 -0.00547776
-0.00689376    0.303034 -0.00558695
-0.00686023    0.302625 -0.00569928
-0.00682817    0.302209 -0.00581365
 -0.0067983    0.301792 -0.00592403
-0.00676995     0.30136 -0.00602989
-0.00674325    0.300926 -0.00613127
-0.00671819    0.300478 -0.00622765
-0.00669467    0.300015 -0.00631711
-0.00667306    0.299551 -0.00640254
-0.00665403    0.299072 -0.00648072
-0.00663701    0.298593  -0.0065556
-0.00662235    0.298102 -0.00662519
-0.00660971    0.297601 -0.00669036
-0.00659815    0.297102 -0.00675354
 -0.0065874    0.296591 -0.00681299
-0.00657724    0.296084 -0.00687141
-0.00656708    0.295569 -0.00692864
 -0.0065572    0.295058 -0.00698536
-0.00654744    0.294538 -0.00703613
-0.00653668    0.294009 -0.00708126
-0.00652609    0.293483 -0.00712388
-0.00651569    0.292951 -0.00716191
 -0.0065057    0.292422 -0.00719791
-0.0064962    0.29189 -0.0072298
-0.00648713    0.291353   -0.007258
-0.00647831    0.290818 -0.00728429
-0.00647929    0.290276 -0.00730307
-0.00648452    0.289734 -0.00731789
-0.00646803    0.289175 -0.00732775
-0.00645205    0.288618 -0.00733652
-0.00643749    0.288058 -0.00734299
-0.00643955    0.287498 -0.00734051
-0.00645085    0.286945 -0.00733423
-0.00648952    0.286384 -0.00732139
-0.00653291    0.285831 -0.00730623
-0.00658526    0.285281 -0.00728612
-0.00664571    0.284733  -0.0072611
-0.00670639    0.284191 -0.00723517
-0.00677267    0.283649 -0.00720445
 -0.0068383    0.283112 -0.00717295
-0.00690838    0.282575  -0.0071373
-0.00697853    0.282043 -0.00710052
-0.00705435     0.28151 -0.00705907
-0.00713113    0.280982 -0.00701628
-0.00721486    0.280454 -0.00696826
-0.00730629    0.279925 -0.00691494
-0.00739905    0.279401 -0.00686051
-0.00749954    0.278878 -0.00680132
-0.00760102     0.27836 -0.00674157
-0.00770803    0.277845 -0.00667868
-0.00782011    0.277334 -0.00661343
-0.00793169    0.276829 -0.00654868
-0.00804642    0.276328 -0.00648255
-0.00815945    0.275834 -0.00641781
-0.00827354    0.275346 -0.00635337
-0.00838769    0.274863 -0.00628971
-0.00849931    0.274387 -0.00622808
-0.00860805    0.273916 -0.00616832
 -0.0087119    0.273454 -0.00611136
 -0.0088104    0.272996 -0.00605739
-0.00881119    0.272668 -0.00598002
-0.00889713     0.27222 -0.00588605
-0.00897173     0.27178  -0.0057417
-0.00903781    0.271348 -0.00556709
-0.00909139    0.270924 -0.00535286
-0.00913085    0.270504 -0.00512166
-0.00914826    0.270089 -0.00485801
-0.00914446    0.269678  -0.0045714
-0.00911913    0.269283 -0.00441161
-0.00907904    0.268891 -0.00423383
-0.00902458    0.268504  -0.0040429
-0.00900652    0.268099 -0.00379276
-0.00898426    0.267696 -0.00356363
-0.00896021    0.267292 -0.00335059
-0.00893543    0.266893 -0.00313155
-0.00891407      0.2665 -0.00289102
-0.00889394    0.266115 -0.00264873
-0.00887585     0.26574 -0.00239842
-0.00886073     0.26537 -0.00213233
-0.00884634    0.265011  -0.0018614
-0.00883297    0.264656 -0.00158182
-0.00881804    0.264311 -0.00130599
-0.00879887    0.263974 -0.00104242
 -0.00877656      0.26364 -0.000785249
 -0.00874768      0.26331 -0.000548308
 -0.00871427     0.262982 -0.000322758
 -0.00867243     0.262658 -0.000123819
-0.00862083    0.262337 4.47256e-05
-0.00856466    0.262015 0.000200335
-0.00849967    0.261696 0.000328189
 -0.0084272    0.261377 0.000430546
-0.00835287    0.261058 0.000525541
-0.00827258     0.26074  0.00059841
-0.00819142    0.260422 0.000667399
-0.00810553    0.260106 0.000718097
-0.00801544     0.25979 0.000752885
-0.00792516    0.259476  0.00078549
-0.00783105    0.259163 0.000802962
-0.00773741    0.258851 0.000820544
-0.00764047    0.258541 0.000823918
-0.00754084    0.258232 0.000815896
-0.00744196    0.257925 0.000807976
 -0.0073405    0.257619 0.000787938
 -0.0072402    0.257315 0.000769328
 -0.0071377    0.257013 0.000739987
-0.00703262    0.256709  0.00069742
-0.00692805    0.256403 0.000652376
-0.00682054    0.256094 0.000592103
  -0.006714    0.255782 0.000531095
-0.00660496    0.255467 0.000455906
 -0.0064939    0.255148 0.000368648
-0.00638453    0.254828 0.000282977
-0.00627366    0.254504 0.000186671
-0.00616525     0.25418  9.4772e-05
 -0.00605723     0.253854 -1.16564e-06
 -0.00595024     0.253524 -9.91415e-05
 -0.00584643     0.253193 -0.000190323
 -0.00574314      0.25286 -0.000285273
 -0.00564111     0.252525 -0.000380542
 -0.00554208     0.252189 -0.000468743
 -0.00544402      0.25185 -0.000557702
 -0.00534884     0.251512 -0.000638983
 -0.00525392     0.251171 -0.000723291
  -0.0051595     0.250827 -0.000808168
 -0.00506766     0.250483 -0.000886863
 -0.00497572     0.250137 -0.000968652
-0.00488634    0.249791 -0.00104384
-0.00479738    0.249442  -0.0011196
-0.00471001    0.249091 -0.00119434
-0.00462665     0.24874 -0.00126171
-0.00454433    0.248385 -0.00132584
-0.00446543    0.248031 -0.00138109
-0.00438726    0.247676 -0.00143544
   -0.00431    0.247317 -0.00148755
-0.00423608    0.246959 -0.00153277
-0.00416187    0.246598 -0.00157765
-0.00408469    0.246239 -0.00160668
-0.00399204    0.245878 -0.00160696
-0.00388577    0.245527 -0.00174951
-0.00377652    0.245178 -0.00187492
 -0.0036591    0.244827 -0.00198573
-0.00354167    0.244472 -0.00206436
 -0.0034295    0.244113 -0.00211801
-0.00331307    0.243747 -0.00213972
-0.00319925    0.243378 -0.00214049
-0.00308281    0.243002 -0.00212093
-0.00296601    0.242619 -0.00208295
-0.00285347    0.242235 -0.00203776
-0.00274253    0.241846 -0.00198509
-0.00263705    0.241458 -0.00193056
-0.00253387     0.24107 -0.00187633
 -0.0024367    0.240685 -0.00182269
-0.00234378    0.240301 -0.00177255
-0.00225594    0.239918  -0.0017288
-0.00217443    0.239537 -0.00168714
-0.00209724    0.239156 -0.00165163
-0.00202563    0.238775 -0.00162214
-0.00196024    0.238395 -0.00159395
-0.00190037    0.238013 -0.00157161
-0.00184653    0.237631 -0.00154892
-0.00179681    0.237248 -0.00152859
-0.00175167    0.236861 -0.00150538
-0.00171182    0.236475 -0.00147636
-0.00167576    0.236086 -0.00144082
-0.00164488    0.235697 -0.00139839
-0.00161688    0.235308 -0.00134897
-0.00159231    0.234917 -0.00129186
-0.00157295    0.234528 -0.00122843
-0.00156403    0.234138  -0.0011643
-0.00157284    0.233752 -0.00110182
-0.00159377    0.233366 -0.00104713
 -0.00157836     0.232978 -0.000999113
 -0.00154466     0.232591 -0.000950095
 -0.00147777     0.232203 -0.000908948
 -0.00139741     0.231815 -0.000882427
 -0.00129287     0.231426 -0.000889695
 -0.00116542     0.231036 -0.000928241
 -0.00102755     0.230646 -0.000978901
-0.000869891     0.230254  -0.00105612
-0.000703993     0.229863  -0.00113799
-0.000523246     0.229469  -0.00123463
-0.00033565    0.229076 -0.00133046
-0.000134542     0.228681  -0.00142812
7.83499e-05    0.228282 -0.00152757
 0.00029693    0.227884 -0.00162739
0.000525444    0.227481 -0.00172984
0.000758618    0.227076 -0.00183342
0.000999069    0.226665  -0.0019396
 0.00124642    0.226248 -0.00204948
 0.00149749    0.225828 -0.00216173
 0.00175345    0.225402 -0.00227758
 0.00201775     0.22497 -0.00239896
 0.00229141    0.224536 -0.00252651
 0.00253189    0.224098 -0.00266627
 0.00274867     0.22366 -0.00281627
 0.00293248    0.223218 -0.00297799
0.00308186   0.222772 -0.0031495
0.00321207   0.222324 -0.0033235
 0.00331552    0.221872 -0.00349825
 0.00339182    0.221416 -0.00367042
 0.00345645    0.220957 -0.00383847
 0.00349755    0.220493 -0.00399914
 0.00352988    0.220027 -0.00415392
 0.00354302    0.219554 -0.00430067
 0.00353619    0.219077 -0.00445452
 0.00352088      0.2186 -0.00461981
 0.00348602     0.21812 -0.00480308
  0.0034443    0.217642 -0.00499826
 0.00338641    0.217164 -0.00520886
 0.00331306    0.216686 -0.00543355
0.00323621   0.216211  -0.005663
 0.00314698    0.215735 -0.00589876
 0.00305733    0.215262 -0.00613189
 0.00295986    0.214789 -0.00636158
 0.00286317    0.214317 -0.00656903
 0.00277095    0.213846 -0.00676331
 0.0026795   0.213375 -0.0069365
 0.00259231    0.212905 -0.00709827
 0.00250524    0.212436 -0.00724011
 0.00241839    0.211966 -0.00736298
 0.00233554    0.211497 -0.00747685
 0.00225229    0.211027 -0.00756372
 0.00216847    0.210557 -0.00762294
 0.00208798    0.210088 -0.00766947
 0.00200788    0.209618 -0.00769578
 0.00193191    0.209148 -0.00771637
 0.00185695    0.208675 -0.00772267
 0.00178375    0.208199 -0.00771991
 0.00171502    0.207722 -0.00771604
 0.00164847    0.207241 -0.00770672
 0.00158434    0.206757 -0.00769411
 0.00152459    0.206273 -0.00768228
 0.00146754    0.205785 -0.00766997
0.00141471   0.205298  -0.007659
 0.00136473    0.204808 -0.00764924
 0.00131877    0.204318 -0.00764095
 0.00127535    0.203826 -0.00763272
 0.00123488    0.203332 -0.00762686
 0.00119815    0.202839 -0.00762241
 0.00116391    0.202344 -0.00761672
 0.00113201    0.201847 -0.00760747
 0.00110338     0.20135 -0.00759789
0.00107717   0.200852 -0.0075856
 0.00105415    0.200354 -0.00757352
 0.00103336    0.199854 -0.00755937
 0.00101515    0.199353 -0.00754399
 0.00099998    0.198853 -0.00752943
0.000987255    0.198351 -0.00751413
0.000977519    0.197851 -0.00750011
0.000970409    0.197349 -0.00748641
 0.00096615    0.196847 -0.00747369
0.000964703    0.196345 -0.00746269
0.000965918    0.195843 -0.00745289
0.000970855    0.195341 -0.00744661
0.000979291    0.194841 -0.00744383
0.000992258     0.19434 -0.00744637
 0.00100856    0.193842 -0.00745251
 0.00102896    0.193343 -0.00746352
 0.00105367    0.192845 -0.00748036
 0.00108136     0.19235 -0.00750072
 0.00111343    0.191854 -0.00752733
 0.00114825    0.191361 -0.00755735
 0.00118681    0.190869 -0.00759295
 0.00122948    0.190377 -0.00763493
0.00127454   0.189888 -0.0076801
 0.00132346    0.189399 -0.00773116
 0.00137493    0.188909 -0.00778521
 0.00143044     0.18842 -0.00784557
 0.00149015    0.187929 -0.00791255
 0.00155197    0.187439 -0.00798222
0.00161737   0.186948 -0.0080577
 0.00168457    0.186458 -0.00813561
 0.00175528    0.185969 -0.00821972
 0.00182953    0.185479 -0.00831016
 0.00190515    0.184992 -0.00840273
 0.00198377    0.184505 -0.00850089
 0.00206542    0.184019 -0.00860504
 0.00214812    0.183535 -0.00871105
 0.00222942    0.183052 -0.00881928
 0.00230734    0.182572 -0.00892153
 0.00238142    0.182093 -0.00901794
 0.00245185    0.181616 -0.00910879
  0.0025194    0.181141 -0.00919462
  0.0025836    0.180667 -0.00927551
 0.00264524    0.180196 -0.00935192
 0.00270386    0.179726 -0.00942401
 0.00275962    0.179258 -0.00949198
 0.00281321    0.178793 -0.00955621
 0.00286418    0.178328 -0.00961675
 0.00291322    0.177866 -0.00967399
  0.0029599    0.177407 -0.00972818
 0.00300429    0.176949 -0.00977943
 0.00304705    0.176494 -0.00982799
0.00308768    0.17604  -0.009874
 0.00312684    0.175589 -0.00991765
 0.00316403    0.175141 -0.00995917
 0.00319931    0.174694 -0.00999865
0.00323336    0.17425 -0.0100362
0.00326561   0.173808 -0.0100719
0.00329617   0.173369 -0.0101061
0.00332567   0.172931 -0.0101387
0.00335356   0.172496   -0.01017
0.00338051   0.172064 -0.0101999
 0.0034059   0.171633 -0.0102285
0.00342982   0.171205 -0.0102562
0.00345293   0.170778 -0.0102825
 0.0034746   0.170352 -0.0103071
0.00349555   0.169925 -0.0103301
0.00351511     0.1695 -0.0103517
0.00353332   0.169074 -0.0103718
0.00355093   0.168649 -0.0103906
0.00356724   0.168224  -0.010408
0.00358303   0.167801 -0.0104244
0.00359755   0.167379 -0.0104398
0.00361284   0.166957  -0.010455
0.00362857   0.166538 -0.0104698
 0.0036474   0.166119 -0.0104853
 0.0036666   0.165702 -0.0105005
0.00368894   0.165286 -0.0105168
0.0037141  0.164872 -0.010534
0.00373929   0.164458 -0.0105507
0.00376699   0.164046 -0.0105683
0.00379434   0.163635 -0.0105855
0.00382411   0.163225 -0.0106036
0.00385583   0.162816 -0.0106225
0.00388691   0.162408  -0.010641
0.00391976   0.162002 -0.0106603
0.00395166   0.161596 -0.0106791
0.00398511   0.161193 -0.0106988
0.00401971    0.16079 -0.0107191
0.00405315   0.160389 -0.0107391
0.00408733    0.15999 -0.0107596
0.00412003   0.159592 -0.0107797
0.00415365   0.159196 -0.0108006
0.00418752   0.158801 -0.0108221
0.00421973   0.158408 -0.0108431
0.00425226   0.158017 -0.0108647
0.00428288   0.157627 -0.0108857
0.00431345   0.157239 -0.0109072
0.00434352   0.156853  -0.010929
0.00437159   0.156468 -0.0109502
0.00439884   0.156085 -0.0109717
0.00442387   0.155704 -0.0109925
0.00444848   0.155324 -0.0110138
0.00447192   0.154946 -0.0110351
0.00449281   0.154569 -0.0110554
0.00451164   0.154191 -0.0110777
0.00452222   0.153811 -0.0111416
0.00453041   0.153428 -0.0112486
0.00455053   0.153043 -0.0113739
0.00457726   0.152658 -0.0115074
0.00461324   0.152272 -0.0116551
0.00465878   0.151886  -0.011818
0.00470913     0.1515  -0.011987
0.00476771   0.151114 -0.0121694
0.00483012   0.150729 -0.0123568
0.00489875   0.150344 -0.0125549
0.00497368   0.149959 -0.0127638
0.00505138   0.149576 -0.0129766
0.00513452   0.149192 -0.0131993
0.00521969    0.14881 -0.0134249
0.00530876   0.148429  -0.013658
0.00540171   0.148047 -0.0138987
0.00549585   0.147667 -0.0141413
0.00559265   0.147287 -0.0143896
0.00569005   0.146908  -0.014639
0.00578983    0.14653 -0.0148938
 0.0058915   0.146152 -0.0151534
0.00599108   0.145775 -0.0154097
0.00608719   0.145398 -0.0156617
0.0061797  0.145021 -0.015909
0.00626856   0.144645 -0.0161509
0.00635366   0.144269  -0.016388
0.00643521   0.143894 -0.0166199
0.00651293   0.143519 -0.0168469
0.00658722   0.143145 -0.0170691
0.00665774   0.142772 -0.0172866
0.00672438     0.1424 -0.0174992
0.00678784   0.142029 -0.0177075
0.00684731   0.141658 -0.0179108
0.00690289   0.141288 -0.0181092
0.00695545    0.14092 -0.0183039
0.00700405   0.140552 -0.0184937
0.00704972   0.140186 -0.0186801
 0.0070913   0.139822 -0.0188615
 0.0071289   0.139457 -0.0190379
0.00716398   0.139093 -0.0192111
0.00719502   0.138727 -0.0193788
0.00722216   0.138361 -0.0195414
0.00724692   0.137995 -0.0197013
0.00726768   0.137628 -0.0198561
0.00728609   0.137262 -0.0200085
0.00730031   0.136896 -0.0201558
 0.0072995    0.13653 -0.0203195
 0.0072797   0.136163 -0.0205139
0.00722456   0.135793 -0.0207632
0.00715192   0.135422 -0.0210167
 0.0070529    0.13505 -0.0213132
0.00692881   0.134679 -0.0216767
0.00679636   0.134309 -0.0220979
0.00664189    0.13394 -0.0225689
0.00648176   0.133573 -0.0230696
0.00630497   0.133207 -0.0235624
0.00612434   0.132844 -0.0240439
0.00592767   0.132483 -0.0245118
0.00571639   0.132125 -0.0249628
0.00550279    0.13177 -0.0254009
0.00527694   0.131418  -0.025822
0.00503976   0.131071 -0.0262249
0.00480178   0.130728 -0.0266161
0.00455352   0.130389 -0.0269897
0.00430538   0.130053 -0.0273523
0.00404857   0.129721 -0.0276996
0.00378394   0.129393 -0.0280313
0.00352043   0.129069  -0.028353
 0.0032504   0.128749 -0.0286596
0.00298236   0.128432 -0.0289567
0.00270932   0.128119 -0.0292405
0.00243893   0.127808 -0.0295152
0.00216496   0.127502 -0.0297769
0.00188847     0.1272 -0.0300259
0.00161555     0.1269 -0.0302667
0.00134099   0.126603 -0.0304967
0.00106657    0.12631 -0.0307156
0.00079648   0.126019 -0.0309271
0.000527311     0.12573  -0.0311289
0.000262534    0.125441  -0.0313244
-8.22716e-07     0.125152   -0.0315115
-0.00026177    0.124863  -0.0316909
-0.000517894     0.124574   -0.0318643
-0.000770538     0.124285     -0.03203
-0.0010181   0.123996   -0.03219
-0.00126214    0.123707  -0.0323433
-0.00150107    0.123418  -0.0324898
-0.0017347    0.12313 -0.0326309
-0.00196257    0.122842  -0.0327654
-0.00218522    0.122555  -0.0328948
-0.00240262    0.122267   -0.033019
-0.00261498     0.12198  -0.0331387
-0.00282082    0.121693  -0.0332531
-0.00301989    0.121406  -0.0333626
-0.00321406    0.121119   -0.033468
-0.00340247    0.120831  -0.0335694
-0.00358395    0.120542  -0.0336669
-0.0037612   0.120254 -0.0337608
-0.00393171    0.119965  -0.0338508
-0.00409836    0.119676  -0.0339375
-0.00425884    0.119386  -0.0340206
-0.00441291    0.119095  -0.0341008
-0.00456346    0.118805  -0.0341782
-0.00470777    0.118513   -0.034253
-0.00484907    0.118222  -0.0343253
-0.00498487     0.11793  -0.0343958
-0.00511507    0.117637  -0.0344643
-0.00524276    0.117344  -0.0345308
-0.00536575     0.11705   -0.034596
-0.00548673    0.116756  -0.0346594
-0.00560285    0.116461  -0.0347215
-0.00571462    0.116165  -0.0347822
-0.00582486    0.115869  -0.0348416
-0.00593154    0.115571  -0.0349001
-0.00603727    0.115274  -0.0349575
-0.00613953    0.114974  -0.0350137
-0.00623901    0.114674  -0.0350694
-0.00633783    0.114373  -0.0351242
-0.00643486     0.11407  -0.0351791
-0.00653024    0.113763  -0.0352338
-0.00662592    0.113454  -0.0352884
-0.00672075    0.113142  -0.0353428
-0.00681617    0.112828  -0.0353969
-0.00691121     0.11251  -0.0354504
-0.00700691    0.112191  -0.0355033
-0.00710227    0.111869  -0.0355555
-0.0071978   0.111545 -0.0356064
-0.00729401    0.111221  -0.0356566
-0.00739027    0.110895  -0.0357052
-0.00748727    0.110568  -0.0357523
-0.00758509     0.11024  -0.0357986
-0.00768394    0.109911  -0.0358429
-0.00778377    0.109582  -0.0358862
-0.00788458    0.109251  -0.0359278
-0.00798688     0.10892   -0.035967
-0.0080902   0.108588 -0.0360053
-0.00819506    0.108255  -0.0360412
-0.00830103    0.107923  -0.0360762
-0.00840877     0.10759  -0.0361084
-0.00851867    0.107256  -0.0361373
-0.00862955    0.106922  -0.0361651
-0.00874237    0.106589  -0.0361896
-0.00885621    0.106256   -0.036213
-0.00897251    0.105923  -0.0362331
-0.00909144    0.105591  -0.0362488
-0.00921126    0.105259   -0.036263
-0.0093336   0.104928  -0.036273
-0.00945679    0.104598  -0.0362816
-0.00958248     0.10427  -0.0362856
-0.00971085    0.103942  -0.0362847
-0.00983982    0.103616  -0.0362825
-0.00997114    0.103291  -0.0362758
-0.0101052   0.102968 -0.0362647
-0.0102396   0.102647 -0.0362525
-0.0103766   0.102329 -0.0362356
 -0.010514   0.102012 -0.0362177
-0.0106535   0.101698 -0.0361954
-0.0107955   0.101386  -0.036169
-0.0109378   0.101075  -0.036142
-0.0110828   0.100764 -0.0361114
-0.0112279   0.100452 -0.0360803
-0.0113753   0.100141 -0.0360452
-0.0115248  0.0998304 -0.0360058
 -0.011674    0.09952 -0.0359656
-0.0118251  0.0992099 -0.0359207
-0.0119755   0.098901 -0.0358749
-0.0121275  0.0985932 -0.0358251
-0.0122807  0.0982866 -0.0357707
-0.0124331  0.0979815 -0.0357154
-0.0125862  0.0976778 -0.0356552
-0.0127382  0.0973755 -0.0355943
 -0.012891  0.0970745 -0.0355295
-0.0130441  0.0967748 -0.0354603
-0.0131958  0.0964762 -0.0353904
-0.0133476  0.0961787 -0.0353159
-0.0134978  0.0958821 -0.0352409
 -0.013648  0.0955863 -0.0351618
-0.0137978  0.0952912 -0.0350788
 -0.013946   0.094997 -0.0349951
-0.0140936  0.0947035 -0.0349071
-0.0142394  0.0944107 -0.0348186
-0.0143848  0.0941186 -0.0347266
-0.0145292  0.0938271 -0.0346305
-0.0146717  0.0935363 -0.0345338
-0.0148131   0.093246  -0.034433
-0.0149525  0.0929564 -0.0343319
-0.0150909  0.0926673 -0.0342275
-0.0152277  0.0923786 -0.0341194
-0.0153626  0.0920905 -0.0340111
-0.0154962  0.0918026 -0.0338995
-0.0156277  0.0915152 -0.0337877
-0.0157573  0.0912281 -0.0336727
-0.0158848  0.0909411 -0.0335541
-0.0160101  0.0906546 -0.0334353
 -0.016133  0.0903681 -0.0333131
-0.0162538  0.0900819 -0.0331907
-0.0163728  0.0897959 -0.0330657
-0.0164893  0.0895098 -0.0329376
-0.0166042  0.0892229   -0.03281
-0.0167169  0.0889337 -0.0326797
-0.0168279  0.0886428 -0.0325497
-0.0169373  0.0883498 -0.0324179
-0.0170447  0.0880542 -0.0322839
-0.0171503  0.0877576 -0.0321501
-0.0172542  0.0874594 -0.0320141
-0.0173562   0.087161 -0.0318784
-0.0174558  0.0868614 -0.0317405
-0.0175527  0.0865608 -0.0316003
-0.0176477  0.0862604 -0.0314602
-0.0177397  0.0859594 -0.0313179
-0.0178298  0.0856587 -0.0311758
-0.0179176  0.0853574 -0.0310319
-0.0180025  0.0850558 -0.0308863
-0.0180855  0.0847543 -0.0307412
-0.0181655  0.0844521 -0.0305932
-0.0182437  0.0841495 -0.0304376
-0.0183194  0.0838459 -0.0302745
-0.0183923  0.0835412 -0.0301045
-0.0184634  0.0832361 -0.0299291
-0.0185322    0.08293 -0.0297491
-0.0185992  0.0826236  -0.029566
-0.0186633  0.0823163 -0.0293818
-0.0187244  0.0820082 -0.0291978
-0.0187838  0.0816998 -0.0290136
-0.0188406  0.0813907 -0.0288303
-0.0188957  0.0810815 -0.0286475
-0.0189478  0.0807719 -0.0284681
-0.0189967  0.0804619 -0.0282922
 -0.019044   0.080152 -0.0281178
-0.0190885  0.0798417 -0.0279455
-0.0191302  0.0795314  -0.027777
-0.0191703  0.0792213 -0.0276096
-0.0192074  0.0789113 -0.0274457
-0.0192429  0.0786016 -0.0272824
-0.0192761  0.0782921 -0.0271214
-0.0193066   0.077983 -0.0269627
-0.0193357  0.0776742 -0.0268046
-0.0193621  0.0773659 -0.0266489
-0.0193877   0.077057 -0.0264951
-0.0194116  0.0767466  -0.026345
-0.0194336  0.0764348  -0.026199
-0.019455 0.0761216 -0.026055
-0.0194746   0.075807 -0.0259147
-0.0194934  0.0754918 -0.0257748
-0.0195109   0.075176 -0.0256362
-0.0195268  0.0748601 -0.0254982
 -0.019542  0.0745443 -0.0253593
-0.0195559  0.0742288 -0.0252196
-0.0195691  0.0739139 -0.0250786
-0.0195807  0.0735997 -0.0249374
-0.0195908  0.0732863 -0.0247958
-0.0196001  0.0729735 -0.0246537
-0.0196078  0.0726615 -0.0245117
-0.0196147  0.0723499 -0.0243694
-0.0196205   0.072039 -0.0242273
 -0.019625   0.071729 -0.0240857
-0.0196289  0.0714192 -0.0239441
-0.0196315    0.07111 -0.0238036
-0.0196335  0.0708013  -0.023663
-0.0196346  0.0704931 -0.0235232
-0.0196347   0.070186 -0.0233837
-0.0196343  0.0698791 -0.0232446
-0.0196332   0.069573 -0.0231055
-0.0196312  0.0692682 -0.0229671
-0.0196288  0.0689636 -0.0228289
-0.0196254  0.0686602 -0.0226917
-0.0196215  0.0683573 -0.0225545
-0.0196169  0.0680553 -0.0224176
-0.0196115  0.0677545 -0.0222819
-0.0196057  0.0674541 -0.0221465
-0.0195994  0.0671548 -0.0220116
-0.0195925  0.0668559 -0.0218769
-0.0195849   0.066558 -0.0217437
-0.0195765  0.0662613 -0.0216118
-0.0195676  0.0659648 -0.0214806
-0.0195579  0.0656694 -0.0213509
-0.0195476  0.0653742 -0.0212215
-0.0195368    0.06508 -0.0210929
-0.0195255  0.0647859 -0.0209667
-0.0195142  0.0644901 -0.0208427
-0.0195027  0.0641932 -0.0207213
 -0.019491  0.0638948 -0.0206014
-0.0194791  0.0635956 -0.0204846
-0.0194668  0.0632956 -0.0203701
-0.0194542  0.0629948  -0.020256
-0.0194412  0.0626942  -0.020142
-0.0194278  0.0623939 -0.0200282
-0.0194139  0.0620938 -0.0199133
-0.0193992  0.0617943 -0.0197984
-0.0193839  0.0614951 -0.0196824
 -0.019368  0.0611968 -0.0195656
-0.0193513  0.0608994 -0.0194488
-0.0193342  0.0606021 -0.0193316
-0.0193161  0.0603055 -0.0192151
-0.0192975  0.0600089 -0.0190986
-0.0192783   0.059713 -0.0189827
-0.0192581  0.0594177 -0.0188679
-0.0192375  0.0591222 -0.0187535
-0.0192163  0.0588272 -0.0186397
-0.0191946  0.0585322 -0.0185262
-0.0191721  0.0582377 -0.0184144
-0.0191487  0.0579437 -0.0183044
-0.019125 0.0576496 -0.018195
-0.0191006   0.057356 -0.0180865
-0.0190753  0.0570628 -0.0179799
-0.0190498  0.0567697 -0.0178735
-0.0190234   0.056477 -0.0177691
-0.0189966  0.0561843 -0.0176649
-0.0189693  0.0558921 -0.0175621
-0.0189411  0.0556003 -0.0174609
-0.0189131  0.0553082 -0.0173603
-0.0188842  0.0550164 -0.0172618
-0.0188552  0.0547245 -0.0171634
-0.0188258  0.0544327 -0.0170667
 -0.018796  0.0541409 -0.0169719
-0.0187661  0.0538489 -0.0168775
-0.0187359  0.0535568 -0.0167842
-0.0187053  0.0532647 -0.0166929
-0.0186752  0.0529712 -0.0166033
-0.0186451  0.0526754 -0.0165178
-0.0186152  0.0523774 -0.0164339
-0.0185854  0.0520772  -0.016353
-0.0185557  0.0517747 -0.0162755
-0.0185262  0.0514707  -0.016198
-0.0184966  0.0511647 -0.0161225
-0.0184669   0.050858 -0.0160455
-0.0184369  0.0505501 -0.0159683
-0.0184065  0.0502412 -0.0158909
-0.0183759   0.049932 -0.0158116
-0.0183446  0.0496221 -0.0157319
 -0.018313   0.049312 -0.0156504
-0.0182807  0.0490012 -0.0155683
-0.0182475  0.0486898 -0.0154862
-0.0182141   0.048378  -0.015403
-0.0181796  0.0480656 -0.0153202
-0.0181448  0.0477525 -0.0152366
-0.0181091  0.0474388 -0.0151532
-0.0180724  0.0471244 -0.0150704
-0.0180355  0.0468093 -0.0149873
-0.0179976  0.0464934 -0.0149052
-0.0179594  0.0461771 -0.0148223
-0.0179204  0.0458603 -0.0147401
-0.0178805  0.0455427 -0.0146587
-0.0178404  0.0452247 -0.0145771
-0.0177994  0.0449061 -0.0144965
-0.0177582  0.0445872 -0.0144154
-0.0177164  0.0442678 -0.0143353
-0.0176737  0.0439478 -0.0142562
 -0.017631  0.0436276 -0.0141769
-0.0175875   0.043307 -0.0140982
-0.0175441  0.0429861 -0.0140193
-0.0174999  0.0426648 -0.0139416
-0.0174551  0.0423429  -0.013865
-0.0174103  0.0420208 -0.0137885
 -0.017365   0.041698 -0.0137127
-0.0173192  0.0413748 -0.0136378
-0.0172736  0.0410513 -0.0135627
-0.0172275  0.0407274 -0.0134883
-0.0171819  0.0404022 -0.0134153
-0.0171365  0.0400745 -0.0133445
-0.0170917  0.0397446 -0.0132756
-0.0170471  0.0394124 -0.0132093
-0.0170028  0.0390775 -0.0131455
-0.0169589  0.0387413 -0.0130823
-0.0169153  0.0384034 -0.0130194
-0.0168719  0.0380641 -0.0129563
-0.0168288  0.0377244 -0.0128921
-0.0167858  0.0373838 -0.0128265
 -0.016743  0.0370433 -0.0127595
-0.0167002  0.0367022 -0.0126905
-0.0166575  0.0363609 -0.0126199
 -0.016615  0.0360195 -0.0125483
-0.0165724  0.0356778 -0.0124754
-0.0165299   0.035336 -0.0124019
-0.0164874  0.0349938 -0.0123285
 -0.016445  0.0346514 -0.0122557
-0.0164027  0.0343088  -0.012184
-0.0163604  0.0339659 -0.0121126
-0.0163182  0.0336231 -0.0120419
-0.0162761    0.03328 -0.0119708
-0.0162341  0.0329369 -0.0118995
-0.0161923  0.0325939 -0.0118285
-0.0161505  0.0322511  -0.011759
-0.0161089  0.0319089 -0.0116934
-0.0160676   0.031567 -0.0116309
-0.0160265  0.0312258 -0.0115707
-0.0159855  0.0308849 -0.0115132
-0.0159448  0.0305446 -0.0114569
-0.0159043  0.0302046 -0.0114022
 -0.015864  0.0298652 -0.0113472
-0.0158244  0.0295264 -0.0112921
 -0.015787  0.0291874 -0.0112407
 -0.015752  0.0288487 -0.0111913
-0.0157189  0.0285098  -0.011145
 -0.015688  0.0281711 -0.0111002
-0.0156589  0.0278327  -0.011056
-0.0156312  0.0274942 -0.0110139
-0.0156049  0.0271563 -0.0109717
-0.0155799  0.0268178 -0.0109309
-0.0155556  0.0264775 -0.0108937
-0.0155312  0.0261356 -0.0108581
-0.0155053  0.0257919 -0.0108262
-0.0154779   0.025447 -0.0107955
-0.0154483  0.0251006 -0.0107658
-0.0154164  0.0247527 -0.0107361
-0.0153817  0.0244038 -0.0107026
-0.0153444  0.0240537 -0.0106691
-0.0153048  0.0237027 -0.0106322
-0.0152623  0.0233508 -0.0105921
-0.0152168  0.0229981 -0.0105529
-0.0151683  0.0226443 -0.0105107
-0.0151168  0.0222896 -0.0104709
-0.0150629  0.0219339  -0.010432
-0.0150063   0.021577 -0.0103953
-0.0149466  0.0212189 -0.0103606
-0.0148844  0.0208595 -0.0103281
-0.0148191  0.0204988 -0.0102974
-0.0147526  0.0201367 -0.0102685
-0.0146846  0.0197732 -0.0102414
-0.0146135  0.0194083 -0.0102159
 -0.014542   0.019042 -0.0101918
-0.0144679  0.0186741 -0.0101691
-0.0144063  0.0183063 -0.0101434
-0.0143752  0.0179401 -0.0101106
-0.0143605   0.017574 -0.0100745
-0.0143724  0.0172091 -0.0100319
 -0.0143987   0.0168444 -0.00998582
-0.0144534  0.0164814  -0.009932
 -0.0145356     0.01612 -0.00986936
-0.0146292  0.0157585 -0.0098014
 -0.0147466   0.0153982 -0.00972238
 -0.0148728    0.015038 -0.00963813
  -0.015017   0.0146788 -0.00954428
 -0.0151786   0.0143211 -0.00943998
 -0.0153466    0.013964 -0.00933044
 -0.0155295   0.0136089 -0.00921043
 -0.0157171   0.0132548 -0.00908526
 -0.015915  0.0129027 -0.0089514
 -0.0161164   0.0125514 -0.00881274
-0.0163268  0.0122011 -0.0086643
 -0.0165445   0.0118521 -0.00850632
 -0.0167643   0.0115031 -0.00834308
 -0.0169716   0.0111548 -0.00817157
 -0.0171518   0.0108066 -0.00799397
 -0.0172917   0.0104591 -0.00780595
 -0.0173899   0.0101131 -0.00760567
 -0.0174626  0.00976746 -0.00739836
 -0.0175016  0.00942233 -0.00715282
 -0.0175212  0.00907707 -0.00688046
-0.0175067 0.00873513 -0.0065691
 -0.0174698  0.00840019 -0.00622873
 -0.0174268  0.00807144 -0.00587513
 -0.0173727  0.00774816 -0.00551263
 -0.0173126  0.00742896 -0.00517293
 -0.0172529  0.00711367 -0.00485148
  -0.017187   0.0068007 -0.00455064
 -0.0171196  0.00649034 -0.00426652
 -0.0170431  0.00618091 -0.00400176
 -0.0169631   0.0058734 -0.00375262
 -0.0168718  0.00556608 -0.00352209
 -0.0167669  0.00525838 -0.00331001
 -0.0166576  0.00495264 -0.00311178
 -0.0165348  0.00464721 -0.00293079
 -0.0163972  0.00434194 -0.00276678
 -0.0162555  0.00403891 -0.00261482
  -0.016099  0.00373631 -0.00247882
  -0.015939  0.00343583 -0.00235348
 -0.0157661  0.00313619 -0.00224255
   -0.01558  0.00283741 -0.00214557
-0.0153915  0.0025404 -0.0020575
 -0.0151906  0.00224367 -0.00198207
-0.0149887 0.00194885 -0.0019143
  -0.014777  0.00165421 -0.00185745
 -0.0145652  0.00136123 -0.00180717
 -0.0143444  0.00106818 -0.00176675
  -0.014116 0.000775263 -0.00173549
 -0.0138885  0.00048351 -0.00170935
  -0.013655  0.00019193 -0.00169112
  -0.0134168 -9.96889e-05  -0.00167995
  -0.0131814 -0.000389552  -0.00167205
   -0.012955 -0.000679452  -0.00166538
  -0.0127382 -0.000968814  -0.00165915
 -0.0125303 -0.00125867 -0.00165379
  -0.012331 -0.00154823 -0.00164882
 -0.0121392 -0.00183797 -0.00164508
 -0.0119548 -0.00212858 -0.00164216
 -0.0117772 -0.00241838 -0.00163989
 -0.0116059 -0.00270823 -0.00163864
 -0.0114407 -0.00299748 -0.00163791
 -0.0112812 -0.00328728 -0.00163797
 -0.0111269 -0.00357761 -0.00163871
 -0.0109781 -0.00386659  -0.0016399
  -0.010834 -0.00415605  -0.0016416
  -0.010695  -0.0044443 -0.00164359
 -0.0105605 -0.00473222 -0.00164598
 -0.0104301  -0.0050208 -0.00164864
 -0.0103041 -0.00530835 -0.00165143
 -0.0101821 -0.00559562 -0.00165442
 -0.0100637 -0.00588296 -0.00165746
-0.00994898 -0.00617027 -0.00166058
-0.00983756 -0.00645779  -0.0016637
 -0.0097297 -0.00674431 -0.00166678
-0.00962503 -0.00703099 -0.00166964
-0.00952337 -0.00731833 -0.00167225
-0.00942421 -0.00760557   -0.001675
-0.00932739 -0.00789276 -0.00167788
-0.00923303 -0.00817943 -0.00168087
-0.00914073 -0.00846604 -0.00168395
-0.00905038 -0.00875269  -0.0016871
-0.00896213 -0.00903893 -0.00169035
 -0.0088756  -0.0093253 -0.00169364
-0.00879097 -0.00961132 -0.00169701
-0.00870783 -0.00989743 -0.00170041
-0.00862611  -0.0101837 -0.00170383
-0.00854599  -0.0104697  -0.0017073
 -0.0084671   -0.010756 -0.00171078
-0.00838935  -0.0110424 -0.00171423
-0.00831296  -0.0113286 -0.00171774
-0.00823756  -0.0116153 -0.00172122
 -0.0081634   -0.011902 -0.00172476
-0.00809006  -0.0121892 -0.00172827
-0.00801783  -0.0124764 -0.00173183
-0.00794636  -0.0127642 -0.00173535
-0.00787562  -0.0130527 -0.00173883
-0.00780581  -0.0133413 -0.00174236
-0.00773664  -0.0136305 -0.00174584
-0.00766832  -0.0139198 -0.00174937
-0.00760048  -0.0142096 -0.00175283
-0.00753312  -0.0145001 -0.00175623
-0.00746647  -0.0147906 -0.00175968
-0.00740028  -0.0150823 -0.00176297
-0.00733471  -0.0153741 -0.00176629
-0.00726939  -0.0156664 -0.00176954
-0.00720432  -0.0159593  -0.0017727
-0.00713976  -0.0162524  -0.0017759
-0.00707569  -0.0165475 -0.00177759
-0.00701267  -0.0168449 -0.00177822
-0.00694987  -0.0171466 -0.00177681
-0.00688714  -0.0174502  -0.0017747
-0.00682453  -0.0177587 -0.00177036
-0.00676386  -0.0180727 -0.00176343
-0.00670456  -0.0183888 -0.00175522
-0.00665039  -0.0187093 -0.00174284
-0.00659729  -0.0190318  -0.0017292
 -0.0065493  -0.0193592 -0.00171122
-0.00650604  -0.0197117 -0.00167933
-0.00646332  -0.0200754 -0.00164202
-0.00642456  -0.0204605 -0.00159301
-0.0063858 -0.0208553 -0.0015395
-0.00635072  -0.0212725 -0.00147398
-0.00631892  -0.0217119 -0.00139667
-0.00628678  -0.0221597 -0.00131562
-0.00625755  -0.0226268 -0.00122425
-0.00622772  -0.0231009 -0.00112991
-0.00620052  -0.0235944 -0.00102536
 -0.00617563   -0.0241064 -0.000911206
 -0.00614988   -0.0246242 -0.000794842
-0.00612627  -0.0251576 -0.00067016
 -0.00610469    -0.025707 -0.000537329
 -0.00608232   -0.0262617 -0.000402669
 -0.00606164   -0.0268317 -0.000260391
 -0.00603974   -0.0274055 -0.000117017
-0.00601927  -0.0279924 3.29707e-05
-0.00599967  -0.0285919  0.00018896
-0.00597847  -0.0291938  0.00034526
-0.00595775  -0.0298069 0.000506516
-0.00593508  -0.0304212 0.000667384
-0.00591253  -0.0310444 0.000832315
-0.00588951  -0.0316756  0.00100038
-0.0058642 -0.0323068 0.00116733
-0.00583809  -0.0329441  0.00133669
-0.00581072  -0.0335864  0.00150744
-0.00578072  -0.0342273  0.00167632
-0.00574899  -0.0348714  0.00184548
-0.00571442  -0.0355132  0.00201228
-0.00567762  -0.0361564  0.00217833
-0.0056379 -0.0367968 0.00234167
-0.00559611  -0.0374376  0.00250407
-0.00555145   -0.038077  0.00266433
-0.00550395  -0.0387129  0.00282148
-0.00545343  -0.0393459  0.00297557
-0.00539991  -0.0399746  0.00312631
-0.00534376   -0.040604  0.00327526
-0.0052842 -0.0412367 0.00342243
-0.0052217 -0.0418694 0.00356745
-0.00515545  -0.0425028  0.00370977
-0.00508622  -0.0431325  0.00384883
-0.00501365  -0.0437576  0.00398325
-0.00493605  -0.0443742  0.00413047
-0.00485463  -0.0449788  0.00432308
-0.00478703  -0.0455702  0.00453016
-0.00472856  -0.0461511  0.00474499
-0.00468289  -0.0467164  0.00497241
-0.00464482  -0.0472715  0.00520535
-0.00461669  -0.0478131   0.0054472
-0.00459896  -0.0483398  0.00569841
-0.00458754  -0.0488588  0.00595435
-0.00458428  -0.0493661  0.00621755
-0.00458955  -0.0498622  0.00648853
-0.00459941  -0.0503545   0.0067634
-0.0046168 -0.0508377 0.00704547
-0.00463819  -0.0513176    0.007331
-0.00466519  -0.0517894  0.00762132
-0.0046983 -0.0522527 0.00791692
-0.00473329  -0.0527114   0.0082126
-0.00476761  -0.0531603  0.00850211
-0.00480135  -0.0535982  0.00878524
-0.0048337 -0.0540307 0.00906318
-0.00486513  -0.0544518   0.0093344
-0.00489509  -0.0548679  0.00960092
-0.00492291  -0.0552791  0.00987265
-0.00494869  -0.0556851   0.0101496
-0.00497238  -0.0560913   0.0104316
-0.00499396  -0.0564921   0.0107174
-0.00501371  -0.0568916   0.0110057
-0.00503125  -0.0572848   0.0112944
-0.00504721  -0.0576751   0.0115834
-0.00506664  -0.0580598    0.011925
-0.00509041  -0.0584386    0.012321
-0.00511843  -0.0588158    0.012765
-0.0051494 -0.0591852  0.0132453
-0.00518132   -0.059549   0.0137209
-0.00521228  -0.0599023   0.0141857
-0.0052412 -0.0602449  0.0146369
 -0.005269 -0.0605831  0.0150789
-0.00529386   -0.060912   0.0155053
-0.0053176 -0.0612372  0.0159228
-0.00533794  -0.0615534   0.0163245
-0.00534156  -0.0618599   0.0167387
-0.00532891  -0.0621623   0.0171795
-0.00528348  -0.0624547   0.0176675
-0.00522263  -0.0627443   0.0181788
-0.00513435  -0.0630269   0.0187195
-0.00501901  -0.0633028    0.019251
-0.00489417  -0.0635788   0.0197707
-0.00474585  -0.0638515   0.0202755
-0.00459145  -0.0641258   0.0207668
-0.00441884   -0.064399   0.0212407
-0.00422923  -0.0646742   0.0216952
-0.00403622  -0.0649552   0.0221356
-0.00382932  -0.0652402   0.0225572
-0.00362066  -0.0655315   0.0229654
-0.00339961  -0.0658289   0.0233548
-0.00316719  -0.0661337   0.0237251
-0.00293411  -0.0664444   0.0240836
-0.0026916 -0.0667612  0.0244254
-0.00244928  -0.0670836   0.0247566
-0.00219831  -0.0674138   0.0250717
-0.00193964  -0.0677522   0.0253714
-0.00168202  -0.0680961   0.0256612
-0.00141804  -0.0684474   0.0259374
-0.00114861  -0.0688076   0.0261998
-0.000881205   -0.0691733    0.0264534
-0.00060941  -0.0695471   0.0266948
-0.000340409   -0.0699266    0.0269281
-6.84093e-05   -0.0703153    0.0271492
0.000205405  -0.0707138   0.0273588
0.000475593  -0.0711178    0.027561
0.000746291  -0.0715315   0.0277528
0.00101284 -0.0719502  0.0279381
0.00127934 -0.0723772  0.0281146
0.00154442 -0.0728134  0.0282825
0.00180495 -0.0732539  0.0284447
0.00206316 -0.0737031   0.028599
0.00231654 -0.0741561  0.0287483
0.00256746 -0.0746163  0.0288912
 0.0028147 -0.0750841  0.0290276
0.00305694 -0.0755551  0.0291597
0.00329472 -0.0760332   0.029286
0.00352743  -0.076514  0.0294086
0.00375594 -0.0770007  0.0295267
0.00397897 -0.0774935  0.0296402
0.00419699 -0.0779885  0.0297506
0.00440924 -0.0784889  0.0298571
0.00461657 -0.0789912  0.0299607
0.00481867 -0.0794979  0.0300617
0.00501444 -0.0800093  0.0301597
0.00520556 -0.0805219  0.0302555
0.00539065 -0.0810395  0.0303483
0.00557079 -0.0815609  0.0304383
0.00574403 -0.0820883  0.0305255
0.00591012 -0.0826218  0.0306098
0.00607177 -0.0831578  0.0306924
0.00622663 -0.0836989   0.030773
0.00637768 -0.0842414  0.0308525
0.00652304 -0.0847873  0.0309315
0.00666255  -0.085336    0.03101
0.00679897 -0.0858847  0.0310883
0.00692995 -0.0864352  0.0311666
0.00705835 -0.0869855  0.0312449
0.00718221 -0.0875368   0.031324
0.00730148 -0.0880887  0.0314035
0.00741859 -0.0886402   0.031483
0.00753156 -0.0891916  0.0315634
0.00764281 -0.0897426  0.0316438
0.00775053 -0.0902934  0.0317253
0.00785484 -0.0908437  0.0318073
0.00795782  -0.091393  0.0318899
0.00805801 -0.0919416  0.0319731
0.00815539 -0.0924889  0.0320571
0.0082519 -0.093035 0.0321418
0.00834618  -0.093579  0.0322271
0.00843995 -0.0941215  0.0323131
0.00853204  -0.094662  0.0323997
0.00862258 -0.0951998  0.0324869
0.00871284 -0.0957361  0.0325746
0.00880206 -0.0962695  0.0326624
 0.0088913 -0.0968014  0.0327506
0.00897989 -0.0973306  0.0328386
0.00906805 -0.0978567  0.0329264
 0.0091564 -0.0983814  0.0330144
0.00924479 -0.0989029  0.0331016
0.00933357 -0.0994231  0.0331889
0.00942241 -0.0999404  0.0332749
0.00951176  -0.100457   0.033361
0.00960186   -0.10097  0.0334459
0.00969289   -0.10148  0.0335292
0.00978438  -0.101989  0.0336122
0.00987631  -0.102497  0.0336925
0.00996883  -0.103005  0.0337698
0.0100613 -0.103515 0.0338457
0.0101544 -0.104026 0.0339176
0.0102478 -0.104539 0.0339884
 0.010342 -0.105053 0.0340557
0.0104378 -0.105567 0.0341197
0.0105341 -0.106082  0.034183
0.0106322 -0.106597 0.0342427
0.0107311 -0.107113 0.0343018
0.0108319 -0.107628  0.034358
0.0109352 -0.108143 0.0344107
0.0110392 -0.108659 0.0344626
0.0111457 -0.109175 0.0345106
0.0112548  -0.10969 0.0345553
0.0113643 -0.110207 0.0345991
0.0114765 -0.110724 0.0346387
0.0115892 -0.111242 0.0346774
0.0117043 -0.111761 0.0347124
0.0118219  -0.11228 0.0347432
0.0119398   -0.1128  0.034773
  0.01206 -0.113322 0.0347983
0.0121803 -0.113844 0.0348226
0.0123027 -0.114368  0.034843
0.0124274 -0.114891  0.034859
0.0125519 -0.115416  0.034874
0.0126786 -0.115942 0.0348849
0.0128049 -0.116468 0.0348947
 0.012933 -0.116996    0.0349
0.0130629 -0.117524 0.0349003
0.0131922 -0.118053 0.0348994
 0.013323 -0.118583 0.0348943
0.0134554 -0.119114 0.0348844
 0.013587 -0.119646 0.0348732
  0.01372 -0.120179 0.0348571
 0.013852 -0.120714 0.0348398
0.0139852 -0.121249 0.0348184
0.0141195 -0.121786 0.0347922
0.0142526 -0.122323 0.0347649
0.0143863 -0.122862 0.0347312
0.0145199 -0.123402 0.0346817
0.0146514 -0.123946 0.0346224
0.0147823 -0.124494  0.034546
0.0149109 -0.125045 0.0344628
0.0150389   -0.1256 0.0343685
0.0151659 -0.126158 0.0342641
0.0152907 -0.126719 0.0341589
 0.015415 -0.127282 0.0340494
0.0155371 -0.127846 0.0339428
 0.015658 -0.128413 0.0338342
0.0157777 -0.128982 0.0337252
 0.015895 -0.129553 0.0336198
0.0160115 -0.130125  0.033515
0.0161264 -0.130699 0.0334109
 0.016239 -0.131275 0.0333104
0.0163499 -0.131853   0.03321
0.0164585 -0.132433 0.0331129
0.0165656 -0.133014 0.0330159
 0.016671 -0.133598 0.0329185
0.0167741 -0.134184 0.0328238
0.0168758 -0.134771 0.0327287
0.0169756  -0.13536 0.0326331
0.0170732 -0.135951 0.0325399
0.0171687 -0.136543 0.0324456
 0.017262 -0.137137 0.0323537
0.0173538 -0.137731 0.0322611
0.0174437 -0.138327 0.0321676
0.0175315 -0.138924 0.0320757
0.0176173 -0.139522 0.0319822
 0.017701 -0.140121 0.0318904
0.0177832  -0.14072 0.0317974
0.0178637 -0.141321 0.0317027
0.0179422 -0.141921 0.0316091
0.0180195 -0.142523 0.0315141
0.0180951 -0.143124 0.0314174
0.0181688 -0.143726 0.0313215
0.0182408 -0.144329 0.0312237
 0.018311 -0.144931 0.0311268
0.0183799 -0.145534 0.0310286
0.0184473 -0.146137 0.0309287
0.0185123 -0.146741 0.0308265
0.0185751 -0.147349 0.0307187
0.0186358 -0.147959 0.0306055
0.0186943 -0.148571 0.0304898
0.0187506 -0.149187 0.0303689
0.0188049 -0.149805 0.0302478
0.0188579 -0.150424 0.0301248
0.0189091 -0.151046 0.0300007
0.0189587 -0.151668 0.0298785
0.0190068 -0.152291 0.0297566
0.0190534 -0.152914 0.0296371
0.0190992 -0.153538 0.0295184
0.0191438 -0.154162 0.0294005
0.0191871 -0.154787 0.0292841
0.0192293 -0.155411  0.029168
0.0192702 -0.156037 0.0290529
0.0193104 -0.156662 0.0289375
0.0193497 -0.157288 0.0288218
0.0193878 -0.157914 0.0287079
0.0194253  -0.15854 0.0285945
0.0194616 -0.159167 0.0284831
0.0194971 -0.159793  0.028372
0.0195318 -0.160419 0.0282608
0.0195652 -0.161044 0.0281513
0.0195982 -0.161669 0.0280417
0.0196304 -0.162293 0.0279319
0.0196614 -0.162917 0.0278234
0.0196916  -0.16354 0.0277143
0.0197207 -0.164163 0.0276064
0.0197492 -0.164784  0.027498
 0.019777 -0.165404 0.0273886
0.0198036 -0.166023 0.0272804
0.0198299 -0.166642 0.0271713
 0.019855 -0.167259 0.0270632
0.0198794 -0.167876  0.026954
 0.019903  -0.16849 0.0268436
0.0199254 -0.169105  0.026734
 0.019947 -0.169717  0.026623
0.0199674 -0.170329 0.0265127
0.0199873  -0.17094 0.0264014
0.0200057  -0.17155 0.0262882
0.0200221 -0.172163 0.0261756
0.0200371 -0.172778 0.0260617
0.0200501 -0.173395 0.0259484
0.0200614 -0.174014 0.0258337
0.0200709 -0.174635 0.0257174
 0.020079 -0.175257 0.0256019
0.0200862  -0.17588 0.0254854
0.0200921 -0.176503 0.0253697
0.0200971 -0.177127 0.0252529
0.0201013  -0.17775 0.0251351
0.0201044 -0.178375  0.025018
0.0201072 -0.178998 0.0249001
 0.020109 -0.179622 0.0247829
0.0201102 -0.180246 0.0246647
0.0201108 -0.180869 0.0245454
0.0201104 -0.181493 0.0244269
0.0201094 -0.182117 0.0243073
0.0201073 -0.182741 0.0241885
0.0201048 -0.183365 0.0240689
0.0201017 -0.183988 0.0239485
0.0200976 -0.184612 0.0238289
0.0200932 -0.185235 0.0237086
0.0200881 -0.185858 0.0235876
 0.020082  -0.18648 0.0234674
0.0200753 -0.187102 0.0233464
0.0200674 -0.187723 0.0232262
0.0200591 -0.188344 0.0231053
0.0200496 -0.188964 0.0229851
0.0200394 -0.189583 0.0228642
0.0200285 -0.190201 0.0227423
0.0200165 -0.190819 0.0226212
0.0200039 -0.191435 0.0224994
0.0199906 -0.192049 0.0223768
 0.019976 -0.192664 0.0222539
0.0199603 -0.193277 0.0221208
 0.019943  -0.19389 0.0219799
0.0199248 -0.194501 0.0218305
0.0199055 -0.195112  0.021675
0.0198856 -0.195721 0.0215127
0.0198646 -0.196331 0.0213422
 0.019842 -0.196943 0.0211659
0.0198187 -0.197556 0.0209835
0.0197941 -0.198173 0.0207971
0.0197691 -0.198791 0.0206065
0.0197438 -0.199411 0.0204134
0.0197183 -0.200033 0.0202199
0.0196931 -0.200655 0.0200262
0.0196688 -0.201278 0.0198341
0.0196445 -0.201901 0.0196436
0.0196213 -0.202525 0.0194561
 0.019598 -0.203149 0.0192706
0.0195755 -0.203774 0.0190874
0.0195537 -0.204398 0.0189073
0.0195316 -0.205023 0.0187292
  0.01951 -0.205649 0.0185536
0.0194878 -0.206275 0.0183796
0.0194658 -0.206902 0.0182083
0.0194438 -0.207529 0.0180396
0.0194211 -0.208158 0.0178729
0.0193982 -0.208787 0.0177084
0.0193751 -0.209416 0.0175477
0.0193519 -0.210046  0.017395
0.0193288 -0.210676 0.0172494
0.0193053 -0.211306 0.0171111
0.0192816 -0.211936 0.0169794
0.0192574 -0.212566 0.0168537
0.0192324 -0.213197 0.0167344
0.0192067 -0.213827 0.0166205
0.0191799 -0.214457 0.0165124
0.0191519 -0.215087 0.0164096
0.0191224 -0.215716 0.0163116
0.0190917 -0.216347 0.0162188
0.0190593 -0.216976 0.0161304
0.0190255 -0.217606 0.0160466
  0.01899 -0.218235  0.015967
0.0189525 -0.218863 0.0158911
0.0189187 -0.219454 0.0158031
0.0188843 -0.220036 0.0157125
0.0188535 -0.220651 0.0156324
0.0188459 -0.221402    0.0156
0.0188515  -0.22219 0.0155728
0.0188772 -0.223078 0.0155722
0.0189058    -0.224 0.0155795
 0.018948  -0.22498 0.0155991
0.0189987 -0.225954 0.0156138
0.0190653 -0.226908 0.0156168
0.0191418 -0.227791 0.0155952
0.0192364 -0.228581 0.0155385
0.0193471 -0.229242 0.0154363
0.0194545 -0.229813 0.0153065
0.0195662 -0.230246 0.0151987
0.0196733 -0.230637 0.0151249
 0.019775 -0.230982 0.0150933
0.0198638 -0.231307 0.0150642
 0.019937 -0.231597 0.0150352
0.0199882 -0.231845  0.014988
0.0200219 -0.232077  0.014915
0.0200316 -0.232265  0.014807
0.0200265  -0.23244 0.0146733
0.0200043 -0.232581 0.0145143
0.0199656 -0.232686  0.014329
0.0199195 -0.232781 0.0141349
 0.019864 -0.232847 0.0139321
 0.019805 -0.232907  0.013728
0.0197384 -0.232939 0.0135179
0.0196661 -0.232945 0.0133056
0.0195788 -0.232978 0.0133855
  0.01949 -0.233002 0.0134849
0.0194403 -0.233041 0.0136075
0.0193915 -0.233053 0.0137472
0.0193464  -0.23304 0.0138983
0.0193111 -0.233015 0.0140598
0.0193088 -0.232965 0.0142398
0.0193177 -0.232976 0.0150913
0.0193382 -0.232978 0.0160138
 0.019367 -0.232985 0.0169388
0.0193837 -0.232976 0.0178565
0.0193901 -0.232962 0.0187468
0.0193743 -0.232961 0.0196144
0.0193432 -0.233007 0.0204283
0.0192878 -0.233085 0.0211846
0.0192011 -0.233221 0.0218718
0.0190978 -0.233414 0.0224419
0.0189572 -0.233674 0.0228485
 0.018798 -0.233977 0.0232261
0.0186042 -0.234323 0.0235785
0.0183953 -0.234693 0.0239114
0.0181535 -0.235098 0.0242197
0.0178847 -0.235526 0.0245029
0.0176091 -0.235962 0.0247672
0.0173273 -0.236405 0.0250013
0.0170528 -0.236848 0.0252116
0.0167747 -0.237289 0.0253925
0.0164941 -0.237721 0.0255467
0.0162252 -0.238145  0.025683
0.0159677 -0.238553 0.0258007
0.0157223 -0.238949 0.0259047
0.0154872 -0.239331 0.0259935
 0.015263 -0.239701 0.0260707
0.0150484  -0.24005 0.0261341
0.0148425 -0.240378 0.0261844
0.0146463 -0.240692 0.0262259
0.0144578  -0.24099 0.0262567
0.0142778 -0.241275 0.0262796
0.0141047 -0.241541 0.0262922
0.0139383 -0.241785 0.0262946
0.0137789 -0.242019 0.0262912
0.0136253 -0.242237 0.0262793
0.0134778 -0.242447 0.0262621
0.0133351  -0.24264 0.0262363
0.0131971 -0.242814 0.0262019
0.0130643 -0.242981 0.0261634
 0.012935  -0.24313 0.0261167
0.0128102 -0.243274 0.0260664
0.0126884 -0.243406 0.0260094
0.0125693 -0.243524 0.0259448
0.0124544 -0.243639 0.0258774
0.0123416 -0.243739 0.0258027
0.0122321  -0.24384 0.0257254
 0.012124 -0.243933 0.0256405
0.0120184 -0.244029 0.0255519
0.0119135 -0.244122 0.0254553
0.0118108 -0.244219 0.0253553
0.0117087 -0.244314 0.0252471
0.0116072 -0.244407 0.0251312
0.0115075 -0.244504  0.025013
0.0114083 -0.244599 0.0248891
0.0113112 -0.244697 0.0247622
0.0112296 -0.244794 0.0246171
0.0111612 -0.244891 0.0244456
0.0110972 -0.244992 0.0242544
0.0110454 -0.245091 0.0240331
0.0109975 -0.245195 0.0237956
0.0109601 -0.245295 0.0235369
0.0109349 -0.245391  0.023258
0.0109137 -0.245488 0.0229701
0.0109056 -0.245579 0.0226685
 0.010898 -0.245671 0.0223595
0.0108936 -0.245756 0.0220384
0.0108898  -0.24584 0.0217253
0.0108906 -0.245914 0.0214145
0.0108993 -0.245974 0.0210957
0.0109134 -0.246034 0.0207719
0.0109394 -0.246079 0.0204266
0.0109697 -0.246123 0.0200773
0.0110083 -0.246153 0.0197159
0.0110522 -0.246172 0.0193544
0.0110953 -0.246192 0.0190022
0.0111411 -0.246201 0.0186513
 0.011185 -0.246212   0.01831
0.0112304 -0.246213 0.0179712
0.0112758 -0.246205 0.0176344
 0.011312 -0.246199 0.0173028
0.0113356 -0.246185 0.0169669
0.0113493 -0.246173  0.016636
0.0113523 -0.246154 0.0163028
0.0113425 -0.246128 0.0159672
0.0113241 -0.246106  0.015638
 0.011298 -0.246049 0.0153053
0.0112648 -0.245973 0.0149743
0.0112233 -0.245892   0.01465
0.0111758 -0.245821 0.0143377
0.0111199 -0.245736 0.0140305
0.0110549 -0.245649 0.0137311
0.0109844 -0.245572  0.013443
0.0109047 -0.245495 0.0131633
0.0108199 -0.245429 0.0128948
0.0107278 -0.245365 0.0126343
0.0106274 -0.245304 0.0123824
0.0105227 -0.245255 0.0121409
0.0104098 -0.245209 0.0119079
 0.010293 -0.245175 0.0116847
0.0101695 -0.245145 0.0114692
0.0100386 -0.245121 0.0112621
0.00990437  -0.245108  0.0110641
0.00976309  -0.245102  0.0108742
0.00961908  -0.245108  0.0106928
0.00946932  -0.245119  0.0105186
0.00931341  -0.245139  0.0103523
0.00915541   -0.24517  0.0101938
0.00899173  -0.245209  0.0100429
0.00882656   -0.24526 0.00989916
0.00865686  -0.245318 0.00976209
0.00848612  -0.245388  0.0096318
0.00831101  -0.245466 0.00950848
0.00813189  -0.245554 0.00939195
 0.0079523  -0.245654 0.00928149
0.00776966  -0.245761 0.00917691
0.00758424  -0.245878  0.0090787
0.00739902  -0.246006 0.00898587
0.00721157  -0.246144 0.00889892
0.00702478  -0.246293 0.00881692
0.00683645   -0.24645 0.00873996
0.0066491 -0.246618 0.0086675
0.00646068  -0.246796 0.00860027
0.00627159  -0.246984 0.00853793
0.00608386  -0.247181 0.00847949
0.00589588  -0.247387 0.00842519
0.00570809  -0.247603  0.0083753
0.00552205  -0.247829 0.00832875
0.00533659  -0.248065 0.00828613
0.00515312  -0.248309 0.00824653
0.00497045  -0.248562  0.0082102
0.00479004  -0.248824 0.00817653
0.00461103  -0.249095 0.00814588
0.00443374  -0.249373 0.00811775
0.00425872   -0.24966 0.00809176
0.00408571  -0.249953 0.00806775
0.00391502  -0.250254 0.00804552
0.00374625  -0.250563 0.00802501
0.00358015  -0.250877 0.00800627
0.00341641  -0.251199  0.0079888
0.00325523  -0.251526 0.00797228
0.00309674   -0.25186 0.00795728
0.00294065    -0.2522 0.00794327
0.00278764  -0.252546 0.00793028
0.00263695  -0.252897 0.00791805
0.00248916  -0.253252 0.00790606
0.00234365  -0.253614 0.00789469
0.00220078   -0.25398 0.00788348
0.00206083   -0.25435 0.00787246
0.00192305  -0.254725 0.00786178
0.00178811  -0.255104 0.00785068
0.00165522  -0.255487 0.00783979
0.00152492  -0.255874 0.00782844
0.00139658  -0.256265 0.00781708
0.00127093  -0.256658 0.00780496
0.00114768  -0.257054 0.00779129
0.00102625  -0.257453 0.00777744
0.000907446   -0.257854   0.0077622
0.000790357   -0.258257  0.00774663
0.000675549   -0.258663  0.00772982
0.000562727   -0.259069  0.00771067
0.000451473   -0.259479  0.00769095
0.000342462   -0.259887   0.0076691
0.000235008   -0.260299  0.00764669
0.000129307   -0.260711  0.00762209
2.58328e-05   -0.261122   0.0075956
-7.61562e-05    -0.261536   0.00756849
-0.00017605   -0.261947  0.00753893
-0.000274518    -0.262361   0.00750869
-0.000371382    -0.262773   0.00747623
-0.000466915    -0.263187   0.00744306
-0.000560537    -0.263598   0.00740756
-0.000652229    -0.264006   0.00736944
-0.000742805    -0.264416   0.00733054
-0.000831797    -0.264823   0.00728912
-0.000919824    -0.265231    0.0072467
-0.00100661   -0.265637  0.00720129
-0.00109202   -0.266038  0.00715292
-0.00117667   -0.266441  0.00710364
-0.00126003   -0.266839  0.00705145
-0.00134282   -0.267239  0.00699763
-0.0014249  -0.267635 0.00694048
-0.00150642   -0.268027  0.00687946
-0.0015875  -0.268421 0.00681704
-0.00166832   -0.268809  0.00675115
-0.00174859   -0.269199  0.00668454
-0.00182838   -0.269584  0.00661585
-0.0019078  -0.269965 0.00654532
-0.00198671   -0.270347  0.00647454
-0.0020654  -0.270723 0.00640216
-0.00214363   -0.271101  0.00632975
-0.00222183   -0.271474  0.00625633
-0.00229971   -0.271848  0.00618292
-0.00237778   -0.272218  0.00610854
-0.00245624   -0.272583  0.00603306
-0.00253459   -0.272949  0.00595758
-0.00261358   -0.273311   0.0058813
-0.00269252   -0.273675  0.00580503
-0.00277235   -0.274035  0.00572794
-0.00285325   -0.274391  0.00564988
-0.00293421   -0.274748  0.00557189
-0.00301608   -0.275102   0.0054934
-0.00309797   -0.275459  0.00541507
-0.00318117   -0.275812  0.00533619
-0.00326581   -0.276162   0.0052566
-0.00335047   -0.276514  0.00517723
-0.00343624   -0.276863  0.00509778
-0.00352183   -0.277214  0.00501886
-0.00360888   -0.277563  0.00493961
-0.00369707   -0.277907  0.00486047
-0.00378511   -0.278253  0.00478166
-0.00387425   -0.278595  0.00470281
-0.00396286    -0.27894  0.00462477
-0.00405262   -0.279283  0.00454691
-0.00414332   -0.279622  0.00446917
-0.00423364   -0.279964   0.0043919
-0.00432359   -0.280305  0.00431422
-0.00441151   -0.280649  0.00423625
-0.00449782   -0.280992  0.00415762
-0.00458254   -0.281333  0.00407821
-0.00466611   -0.281677    0.003999
-0.00474817   -0.282019  0.00391907
-0.00482916   -0.282366  0.00383946
-0.00490875   -0.282712   0.0037597
-0.00498696   -0.283057   0.0036796
-0.00506422   -0.283407   0.0035999
-0.00514014   -0.283755   0.0035199
-0.00521443   -0.284108  0.00343999
-0.00528753   -0.284461  0.00336031
-0.00535944   -0.284814  0.00328065
-0.00543059   -0.285171  0.00320151
-0.00550064   -0.285529  0.00312255
-0.00556997   -0.285891  0.00304414
-0.00563821   -0.286254  0.00296604
-0.00570537   -0.286616  0.00288812
-0.00577186   -0.286983  0.00281074
-0.0058373   -0.28735 0.00273354
-0.0059021  -0.287721  0.0026569
-0.00596515   -0.288094  0.00258042
-0.00602726   -0.288466  0.00250431
-0.00608883   -0.288844  0.00242875
-0.00614951   -0.289222  0.00235363
-0.00620967   -0.289605  0.00227906
-0.00626895   -0.289988  0.00220503
-0.00632734   -0.290372  0.00213138
-0.00638523    -0.29076  0.00205822
-0.00644229   -0.291149  0.00198553
-0.00649883   -0.291542   0.0019136
-0.00655372   -0.291935  0.00184192
-0.00660776   -0.292326  0.00177088
-0.00666136    -0.29272  0.00170032
-0.0067141  -0.293112 0.00163025
-0.00676641   -0.293507  0.00156048
-0.00681791   -0.293902  0.00149131
-0.00686858   -0.294296  0.00142232
-0.00691885   -0.294693  0.00135342
-0.00696749   -0.295089  0.00128402
-0.00701578   -0.295488  0.00121466
-0.00706336   -0.295887  0.00114536
-0.00711022   -0.296286  0.00107611
-0.00715674   -0.296688  0.00100689
-0.00720253   -0.297088 0.000937526
-0.00724798   -0.297493  0.00086823
 -0.0072919   -0.297897 0.000798606
-0.00733516   -0.298301 0.000729207
-0.00737814   -0.298708 0.000659917
-0.00742044   -0.299114 0.000590682
-0.00746246   -0.299523 0.000521577
-0.00750382   -0.299931 0.000452715
-0.00754368    -0.30034 0.000383727
-0.00758328   -0.300751 0.000314849
-0.00762228   -0.301161 0.000246104
-0.00766102   -0.301574 0.000177451
-0.00769916   -0.301986 0.000109287
-0.00773703   -0.302402  4.1659e-05
 -0.00777341    -0.302816 -2.54414e-05
 -0.00780923    -0.303229 -9.18326e-05
 -0.00784479    -0.303645 -0.000157966
 -0.00787976     -0.30406 -0.000223522
 -0.00791443    -0.304478 -0.000289148
 -0.00794758    -0.304895 -0.000354885
 -0.00798011    -0.305309 -0.000420693
 -0.00801236    -0.305726 -0.000486797
 -0.00804397    -0.306142 -0.000552829
 -0.00807527     -0.30656 -0.000619217
 -0.00810504    -0.306977 -0.000686028
 -0.00813418    -0.307391 -0.000753024
 -0.00816297    -0.307807 -0.000819495
 -0.0081911   -0.308219 -0.00088521
   -0.008218    -0.308632 -0.000951081
-0.00824426   -0.309041 -0.00101611
-0.00826982   -0.309445 -0.00108063
-0.00829503   -0.309849 -0.00114571
-0.00831871   -0.310251 -0.00121141
-0.00834175   -0.310648 -0.00127767
-0.00836442   -0.311046 -0.00134524
 -0.0083856    -0.31144 -0.00141461
-0.00840647   -0.311835 -0.00148539
-0.00842597   -0.312227 -0.00155753
-0.00844524   -0.312621 -0.00163075
-0.00846321   -0.313012 -0.00170518
-0.00848093   -0.313399 -0.00178027
-0.00849848   -0.313788 -0.00185588
-0.00851498   -0.314174 -0.00193181
-0.00853137   -0.314562 -0.00200791
-0.00854683   -0.314948 -0.00208402
-0.00856148   -0.315331 -0.00216013
-0.00857611   -0.315715 -0.00223633
 -0.0085901   -0.316097 -0.00231219
-0.00860446   -0.316477 -0.00238709
-0.00861875    -0.31686 -0.00246214
-0.00863336   -0.317239 -0.00253651
-0.00864782   -0.317621 -0.00261115
-0.00866253   -0.318001 -0.00268498
-0.00867745    -0.31838   -0.002758
-0.00869214    -0.31876 -0.00283128
-0.00870688   -0.319138 -0.00290397
-0.00871994   -0.319519  -0.0029769
-0.00873136   -0.319898 -0.00304899
-0.00874116   -0.320276 -0.00312014
-0.00874875   -0.320656 -0.00319135
-0.00875417   -0.321034 -0.00326228
-0.00875797   -0.321415  -0.0033332
-0.00876037   -0.321794 -0.00340357
-0.00876071   -0.322171 -0.00347373
 -0.0087597   -0.322551 -0.00354401
-0.00875674   -0.322929 -0.00361439
-0.00875264   -0.323308 -0.00368407
-0.00874748   -0.323683 -0.00375276
-0.00874071   -0.324059 -0.00382145
-0.00873297   -0.324431 -0.00388903
-0.00872426   -0.324796 -0.00395585
-0.00871564   -0.325162 -0.00402346
 -0.0087074   -0.325525 -0.00409168
-0.00869965    -0.32589 -0.00416153
-0.00869275   -0.326255 -0.00423179
-0.00868671   -0.326622 -0.00430344
-0.00868112   -0.326989 -0.00437685
-0.00867642   -0.327357 -0.00445205
-0.00867215   -0.327726 -0.00452902
-0.00866878   -0.328095 -0.00460741
-0.00866636   -0.328464 -0.00468717
 -0.0086638   -0.328835 -0.00476841
-0.00866226   -0.329205 -0.00485079
-0.00866119   -0.329576 -0.00493401
-0.00866108   -0.329947 -0.00501769
-0.00866477   -0.330317 -0.00508981
-0.00867317   -0.330687 -0.00514878
-0.00869125   -0.331055 -0.00518257
-0.00871378   -0.331425  -0.0052048
-0.00874457   -0.331792 -0.00520592
-0.00877857    -0.33216 -0.00519858
 -0.0088201   -0.332527 -0.00517128
-0.00886663   -0.332891 -0.00512479
-0.00891501   -0.333257 -0.00507309
-0.00893953   -0.333611 -0.00505152
-0.00896435   -0.333966 -0.00502873
-0.00897135   -0.334312 -0.00503156
-0.00896707   -0.334648 -0.00510744
-0.00896606   -0.334988 -0.00518057
-0.00895469   -0.335317 -0.00524112
-0.00895184   -0.335654 -0.00530023
-0.00894811   -0.335987 -0.00534521
-0.00895694    -0.33633 -0.00539288
-0.00895994   -0.336668 -0.00541846
-0.00896066   -0.337009 -0.00542335
-0.00896949   -0.337359 -0.00542966
-0.00898552   -0.337712 -0.00542677
-0.00900799   -0.338073 -0.00542002
-0.00904127   -0.338442 -0.00540817
-0.00908418   -0.338814 -0.00539166
 -0.0091309   -0.339192 -0.00537246
-0.00918513    -0.33957 -0.00534982
-0.00924105   -0.339954 -0.00532523
-0.00930325   -0.340344 -0.00529754
-0.00936882   -0.340733 -0.00526969
 -0.0094341   -0.341126 -0.00523906
-0.00949964   -0.341514  -0.0052123
-0.00956385   -0.341906 -0.00518227
-0.00962878   -0.342301 -0.00515226
-0.00969188   -0.342691 -0.00512656
-0.00975215   -0.343083 -0.00509803
-0.00981109   -0.343475 -0.00507008
-0.00986681   -0.343867 -0.00503946
-0.00991809   -0.344253 -0.00501445
 -0.0100239   -0.344676 -0.00505247
 -0.0101208   -0.345096 -0.00507983
 -0.0102084   -0.345514 -0.00509688
 -0.0102876   -0.345921 -0.00510361
 -0.0103493   -0.346312 -0.00505149
 -0.0103984   -0.346689 -0.00490901
-0.0104314  -0.347052 -0.0046821
 -0.0104576    -0.34739 -0.00443504
 -0.0104784   -0.347715 -0.00414052
 -0.0104955    -0.34802 -0.00383501
  -0.010511   -0.348301 -0.00354914
 -0.0105334   -0.348571 -0.00325443
 -0.0105496   -0.348818 -0.00299109
  -0.010574   -0.349056 -0.00272205
 -0.0105978   -0.349279 -0.00246865
 -0.0106151   -0.349481 -0.00224412
 -0.0106397   -0.349677 -0.00201377
 -0.0106948    -0.34988 -0.00176427
 -0.0107538   -0.350076 -0.00151799
   -0.01081    -0.35026 -0.00128481
 -0.0108566   -0.350424 -0.00106917
   -0.010901    -0.350576 -0.000863529
  -0.0109349    -0.350707 -0.000675764
  -0.0109676    -0.350824 -0.000495639
  -0.0109932     -0.35092 -0.000325515
  -0.0110049    -0.350992 -0.000158514
 -0.0110159   -0.351052 5.39448e-06
 -0.0110123   -0.351087 0.000168926
 -0.0110095   -0.351111 0.000331314
 -0.0109985   -0.351116 0.000491111
-0.0109756  -0.351099 0.00064699
 -0.0109547   -0.351072 0.000803946
 -0.0109298   -0.351027 0.000947131
-0.0109079  -0.350972 0.00109278
-0.0108781  -0.350897 0.00121111
-0.0108388  -0.350802 0.00128079
-0.0108032    -0.3507 0.00136905
-0.0107633  -0.350582 0.00143739
-0.0107302  -0.350456 0.00153347
-0.0106854  -0.350314 0.00158903
-0.0106281  -0.350154 0.00160728
-0.0105775   -0.34999 0.00165101
-0.0105186  -0.349812 0.00167744
-0.0104385  -0.349615  0.0016593
-0.0103696  -0.349416 0.00167134
-0.0102778  -0.349199 0.00164913
 -0.010203  -0.348979 0.00165792
-0.0101141  -0.348745 0.00164664
-0.0100059  -0.348493 0.00161953
-0.0099155  -0.348241 0.00161928
-0.00980389   -0.347972  0.00159632
-0.00971591   -0.347702  0.00161453
-0.00961673   -0.347421  0.00162218
-0.0095006  -0.347128 0.00160717
-0.0094068  -0.346835  0.0016348
-0.0092929  -0.346532 0.00163355
-0.00920368    -0.34623  0.00167766
-0.00910551   -0.345921  0.00171221
-0.00899204   -0.345606  0.00172579
-0.00889741   -0.345294  0.00177015
-0.00878292   -0.344977  0.00178546
-0.0086664   -0.34468 0.00179663
-0.00853533     -0.3444  0.00178727
-0.00838649   -0.344114  0.00175651
-0.00826003   -0.343827  0.00175709
-0.00811791   -0.343539  0.00173752
-0.0080053  -0.343251   0.001759
-0.00789165   -0.342961  0.00178296
-0.0078027  -0.342671 0.00183763
-0.00770122   -0.342378  0.00186654
-0.00758722   -0.342082  0.00187475
-0.00748524   -0.341789  0.00189476
-0.00738232   -0.341496  0.00191617
-0.00729081   -0.341204  0.00194716
-0.0071974  -0.340911 0.00197552
-0.00710523   -0.340615  0.00200335
-0.00702703   -0.340321  0.00204021
-0.00694866   -0.340026   0.0020743
-0.00691126    -0.33971  0.00212084
-0.00686629   -0.339384  0.00216136
-0.0068152  -0.339047 0.00221914
-0.00676736   -0.338715  0.00227447
-0.00671698   -0.338378  0.00233959
-0.0066679   -0.33805 0.00239807
-0.00661282    -0.33772  0.00246899
-0.00655384   -0.337389  0.00255183
-0.00649613   -0.337069  0.00262698
-0.00644315   -0.336757  0.00269573
-0.0063916  -0.336463 0.00274921
-0.00636708   -0.336161  0.00280628
-0.00636856   -0.335857  0.00286783
-0.00636722    -0.33557  0.00291911
-0.00638869   -0.335287  0.00297371
-0.00639473   -0.335029  0.00306719
-0.00643037   -0.334792  0.00318951
-0.00650274    -0.33457  0.00335388
-0.00657405   -0.334369  0.00351685
-0.00668041   -0.334184  0.00371723
-0.00678427   -0.334018  0.00391665
-0.00689616   -0.333872   0.0041166
-0.00700808   -0.333742  0.00432051
-0.00715148   -0.333608  0.00457111
-0.00728824   -0.333484   0.0048185
-0.00741626   -0.333369  0.00505568
-0.00753287   -0.333269  0.00527643
-0.00764218   -0.333179  0.00548445
-0.00773248   -0.333106  0.00568914
-0.00780257   -0.333051  0.00589315
-0.00786069   -0.333003    0.006098
-0.00790261    -0.33297  0.00629729
-0.00793666   -0.332941  0.00649245
-0.00795999   -0.332923  0.00667689
-0.00797371   -0.332916  0.00684704
-0.00798266    -0.33291  0.00700892
-0.00798416   -0.332911  0.00715241
-0.00798223   -0.332913  0.00728613
-0.00797395   -0.332921   0.0073995
-0.00796272   -0.332928  0.00750287
-0.00794481   -0.332938  0.00758984
-0.0079195  -0.332947 0.00765987
-0.00789148   -0.332956  0.00772032
-0.00788356   -0.332948     0.00773
-0.00787228   -0.332941  0.00773275
-0.00785359   -0.332934  0.00772228
-0.00782734   -0.332927  0.00769776
-0.00779821   -0.332921  0.00766629
-0.00776092   -0.332916  0.00762102
-0.00772129   -0.332911    0.007569
-0.00767558   -0.332906  0.00750602
-0.00762354   -0.332898  0.00743141
-0.00756934    -0.33289  0.00735061
-0.00758257    -0.33289  0.00716152
-0.0075906  -0.332889 0.00696845
-0.00758558   -0.332886  0.00677424
-0.0075697  -0.332878 0.00658642
-0.00753511   -0.332862  0.00640623
-0.00748183   -0.332835  0.00623324
-0.00741984   -0.332802  0.00606355
-0.0073408  -0.332761 0.00590048
-0.00725538   -0.332716  0.00573776
-0.00715344   -0.332662  0.00557351
-0.00703695   -0.332596  0.00540444
-0.00691735   -0.332522  0.00523189
-0.00678567   -0.332431  0.00505527
-0.00665274   -0.332334  0.00487481
-0.00650977   -0.332224  0.00469024
-0.00635818   -0.332098  0.00450207
-0.00620655   -0.331967  0.00431022
-0.00604779   -0.331819  0.00411518
-0.00589025   -0.331667  0.00391638
-0.00572677   -0.331503  0.00371429
-0.00555856   -0.331324  0.00350896
-0.0053925  -0.331142 0.00330033
-0.00522286   -0.330948  0.00308872
-0.00505656   -0.330753  0.00286902
-0.00488864   -0.330543  0.00263534
-0.00472025   -0.330319  0.00238946
-0.00455595   -0.330094  0.00213147
-0.00439225   -0.329854  0.00186379
-0.00423281   -0.329614  0.00158656
-0.00407383   -0.329362   0.0013027
-0.00391891   -0.329111   0.0010108
-0.00376502   -0.328848 0.000712813
-0.00361326   -0.328569 0.000410793
-0.00346549   -0.328292 0.000103036
 -0.00331984    -0.328003 -0.000207362
 -0.00317845    -0.327715 -0.000522022
 -0.00297081    -0.327378 -0.000405303
 -0.00283845    -0.327065 -0.000744724
-0.00271046   -0.326754 -0.00108567
-0.00259093   -0.326438 -0.00144601
-0.00247578   -0.326124 -0.00180517
-0.00236508   -0.325798  -0.0021524
-0.00225993   -0.325461 -0.00248721
-0.00215765   -0.325126 -0.00281143
-0.00206183   -0.324776 -0.00312176
-0.00187667     -0.3244 -0.00336381
-0.00179489    -0.32404 -0.00365459
-0.00172017   -0.323668  -0.0039327
-0.00164847   -0.323296 -0.00420179
-0.00158497    -0.32291 -0.00445761
-0.00152495   -0.322522  -0.0047041
-0.00147307   -0.322117 -0.00493559
-0.00143046   -0.321697 -0.00515267
-0.00139128   -0.321274 -0.00535939
-0.00136252   -0.320831 -0.00555008
-0.00133698   -0.320387 -0.00573214
-0.00132092   -0.319928 -0.00590116
-0.00131576   -0.319451 -0.00605714
-0.00131346   -0.318975 -0.00620648
-0.00132251    -0.31848 -0.00634332
-0.00133391   -0.317988 -0.00647504
-0.00135532   -0.317482 -0.00659669
-0.00138741   -0.316961 -0.00670896
-0.00142124   -0.316442 -0.00681736
-0.00146616   -0.315908 -0.00691657
-0.00151237   -0.315375 -0.00701287
-0.00156802    -0.31483 -0.00710091
-0.00163295   -0.314271 -0.00718059
-0.0016965  -0.313714 -0.0072592
-0.00175518   -0.313143 -0.00733591
-0.00180699   -0.312576  -0.0074147
-0.00185682   -0.311999 -0.00749228
-0.00190484   -0.311411 -0.00756777
-0.0019502  -0.310827 -0.0076432
-0.00199318   -0.310235 -0.00771782
-0.00203466   -0.309636 -0.00779183
-0.00207466   -0.309041 -0.00786612
-0.00211773   -0.308437 -0.00793338
-0.00216097   -0.307839 -0.00799616
 -0.0022076   -0.307233 -0.00804827
-0.00225742   -0.306621 -0.00809008
-0.00230717   -0.306013 -0.00812808
-0.00236029   -0.305397 -0.00815521
-0.00241341   -0.304785 -0.00817837
-0.00247126   -0.304168 -0.00818838
-0.00253554   -0.303545 -0.00816799
-0.00260103   -0.302926 -0.00812963
-0.00267345   -0.302298 -0.00805235
-0.00274615   -0.301675 -0.00796233
-0.00282337   -0.301048 -0.00784568
-0.00290107   -0.300398 -0.00771322
-0.00297476   -0.299734 -0.00757766
-0.00304903    -0.29906 -0.00743063
-0.00312007   -0.298387 -0.00728783
-0.00319025   -0.297705 -0.00713908
-0.00325891    -0.29702 -0.00698938
-0.00332453   -0.296339 -0.00684511
 -0.0033883    -0.29566 -0.00670224
-0.00344905   -0.294985 -0.00656575
-0.00350783   -0.294313 -0.00643108
-0.00356355   -0.293646 -0.00630281
-0.00361695    -0.29298  -0.0061777
-0.00366759   -0.292316 -0.00605649
-0.00371508   -0.291655 -0.00594148
-0.00375988   -0.290994 -0.00582976
 -0.0038016   -0.290336 -0.00572385
-0.00384044   -0.289677 -0.00562168
-0.00387613   -0.289018 -0.00552371
-0.00390977   -0.288361 -0.00542942
-0.00394266   -0.287704 -0.00533372
-0.00397434    -0.28705 -0.00523921
-0.00400543   -0.286396 -0.00514306
-0.00403582   -0.285743  -0.0050455
-0.00406514   -0.285092 -0.00494929
-0.00409377   -0.284443 -0.00485228
-0.00412177   -0.283796 -0.00475457
-0.00414869   -0.283151 -0.00465804
-0.00417482   -0.282507 -0.00456165
 -0.0041999   -0.281866 -0.00446549
-0.0042241  -0.281226 -0.0043703
-0.00424746   -0.280587 -0.00427585
 -0.0042697   -0.279951 -0.00418217
-0.00429072   -0.279315 -0.00409076
-0.00431067   -0.278682 -0.00399996
-0.00432955   -0.278051 -0.00391121
-0.00434722   -0.277421 -0.00382493
-0.00436393   -0.276793   -0.003739
-0.00437953   -0.276166 -0.00365563
-0.00439404   -0.275542 -0.00357436
-0.00440773   -0.274921 -0.00349306
-0.00442095   -0.274311 -0.00341001
  -0.004434   -0.273711 -0.00332474
-0.00444572    -0.27311 -0.00324389
-0.00445617   -0.272509 -0.00316692
-0.00446552   -0.271907 -0.00309239
-0.00447312     -0.2713 -0.00302464
-0.00447979   -0.270691 -0.00295833
-0.00448484    -0.27008 -0.00289829
-0.00448838   -0.269466 -0.00284343
 -0.0044913   -0.268853 -0.00278817
-0.00449292   -0.268238 -0.00273727
-0.00449418   -0.267625 -0.00268432
-0.00449421   -0.267012 -0.00263489
-0.00449294     -0.2664  -0.0025893
-0.00449142   -0.265789 -0.00254116
-0.00448869   -0.265179 -0.00249673
-0.00448486   -0.264569 -0.00245516
 -0.0044809    -0.26396 -0.00241039
-0.00447559   -0.263351 -0.00236854
-0.00447029   -0.262743 -0.00232344
-0.00446364   -0.262134 -0.00228028
-0.00445574   -0.261522 -0.00223836
-0.00444784   -0.260913 -0.00219337
-0.00443849     -0.2603 -0.00215039
-0.00442932    -0.25969 -0.00210363
-0.00440479   -0.259077 -0.00209134
-0.00437192   -0.258467 -0.00209535
-0.00432083   -0.257855 -0.00214123
-0.00425139   -0.257241 -0.00222916
  -0.004176   -0.256629 -0.00233924
-0.00409369   -0.256017  -0.0024856
-0.00403016   -0.255409 -0.00263051
-0.00398151   -0.254806 -0.00276055
-0.00394699   -0.254207 -0.00288537
-0.00391891   -0.253613 -0.00299178
-0.00389533   -0.253021 -0.00309272
 -0.0038762    -0.25243 -0.00318443
-0.00386064   -0.251841 -0.00326191
-0.00384706   -0.251251 -0.00333331
 -0.0038355   -0.250661 -0.00339312
-0.00382356   -0.250071 -0.00345262
-0.00381027   -0.249475 -0.00351188
-0.00379771   -0.248878 -0.00356566
-0.00378315   -0.248276 -0.00362217
-0.00376929   -0.247673 -0.00367382
-0.00375294   -0.247064 -0.00372537
 -0.0037339   -0.246449 -0.00377617
-0.00371556   -0.245833 -0.00382265
-0.00369483   -0.245212 -0.00387044
-0.00367131   -0.244592 -0.00392014
-0.00363978    -0.24397 -0.00398056
-0.00359989   -0.243347 -0.00406471
-0.00355781   -0.242724 -0.00415646
-0.00351107     -0.2421 -0.00425775
-0.00345562   -0.241473  -0.0043495
-0.00339588   -0.240846   -0.004415
 -0.0033255   -0.240216 -0.00444637
-0.00325311   -0.239586 -0.00444807
-0.00317496   -0.238953 -0.00442359
-0.00309355   -0.238317 -0.00437606
-0.00301418   -0.237682 -0.00432313
-0.00293564   -0.237044 -0.00427082
-0.00286147   -0.236407 -0.00422948
-0.00279016   -0.235768 -0.00420587
-0.00272346   -0.235129 -0.00420812
-0.00266124   -0.234491 -0.00422421
 -0.0026038   -0.233853 -0.00426625
 -0.0025498   -0.233216 -0.00431308
 -0.0024986    -0.23258 -0.00437121
-0.00245027   -0.231942 -0.00443718
-0.00240391   -0.231307 -0.00449762
-0.00235961   -0.230671 -0.00455882
-0.00231659   -0.230036 -0.00461047
-0.00227472   -0.229401 -0.00465886
-0.00223432   -0.228765 -0.00470432
-0.00219526   -0.228131 -0.00474516
-0.00215769   -0.227496 -0.00478715
 -0.0021215   -0.226863 -0.00482753
-0.00208689   -0.226229 -0.00487261
-0.00205396   -0.225595 -0.00492519
-0.00202284   -0.224961 -0.00498116
 -0.0019936   -0.224324 -0.00504659
-0.00196635   -0.223683 -0.00512184
-0.00194048   -0.223043 -0.00519822
-0.00191643   -0.222398 -0.00528279
-0.00189324   -0.221755 -0.00536398
-0.00187125   -0.221109 -0.00544795
-0.00185024   -0.220461 -0.00553238
-0.00182974   -0.219815   -0.005612
-0.00181003   -0.219168 -0.00569233
-0.00179056   -0.218523 -0.00576746
-0.00177165   -0.217878 -0.00584357
-0.00175307   -0.217232 -0.00592051
-0.00173467   -0.216589 -0.00599491
-0.00171661   -0.215945 -0.00607177
-0.00169845   -0.215303 -0.00614732
-0.00168047   -0.214661 -0.00622218
-0.00166265   -0.214019 -0.00629651
-0.00164465   -0.213379 -0.00637004
-0.00162628   -0.212738 -0.00644257
-0.00160697   -0.212099 -0.00651328
-0.00158666   -0.211461 -0.00658212
-0.00156511   -0.210822 -0.00664921
-0.00154263   -0.210186 -0.00671506
-0.00151897   -0.209549 -0.00677935
-0.00149409   -0.208913 -0.00684297
-0.00146827    -0.20828 -0.00690592
-0.00144107   -0.207646 -0.00696836
 -0.0014129   -0.207016 -0.00703048
-0.00138342   -0.206385 -0.00709195
-0.00135261   -0.205756 -0.00715394
-0.00132086   -0.205129 -0.00721595
-0.00128762   -0.204503 -0.00727839
-0.00125343   -0.203879 -0.00734111
  -0.001218   -0.203256 -0.00740445
-0.00118104   -0.202635 -0.00746854
-0.00114318   -0.202015 -0.00753312
-0.00110374   -0.201397 -0.00759869
-0.00106342   -0.200781 -0.00766494
-0.00102183   -0.200166 -0.00773238
-0.000978587    -0.199552  -0.00780088
-0.000933222    -0.198938  -0.00787118
-0.000884209    -0.198323   -0.0079455
-0.000831406    -0.197708  -0.00802476
-0.000776216    -0.197094  -0.00810696
-0.000717268     -0.19648    -0.008194
-0.000656259    -0.195867  -0.00828403
-0.000592187    -0.195256  -0.00837807
-0.000525096    -0.194646   -0.0084772
-0.000456226    -0.194038  -0.00857856
-0.000384382    -0.193431  -0.00868458
-0.000310961    -0.192827  -0.00879266
-0.000235261    -0.192225   -0.0089045
-0.000156999    -0.191625  -0.00902062
-7.74246e-05    -0.191027  -0.00913865
4.90102e-07   -0.190431 -0.00925606
7.49979e-05   -0.189838 -0.00936712
0.000145918   -0.189247  -0.0094719
0.000213467   -0.188659 -0.00957099
0.000278139   -0.188073 -0.00966478
0.000339773    -0.18749 -0.00975345
0.000398855    -0.18691 -0.00983741
0.000455208   -0.186332 -0.00991665
0.000509014   -0.185757 -0.00999182
0.000560685   -0.185185  -0.0100631
0.000610079   -0.184616  -0.0101307
0.000657579    -0.18405  -0.0101948
0.000703008   -0.183487  -0.0102557
0.000746507   -0.182928  -0.0103136
0.000788422   -0.182371  -0.0103687
0.000828593   -0.181817  -0.0104211
0.000867353   -0.181266   -0.010471
0.000904492   -0.180719  -0.0105186
0.00094012  -0.180174 -0.0105641
0.000974569   -0.179633  -0.0106076
0.00100759  -0.179094 -0.0106491
0.00103956  -0.178559 -0.0106888
0.00107029  -0.178026  -0.010727
0.00109982  -0.177497 -0.0107638
0.00112848  -0.176971 -0.0107991
0.00115587  -0.176442 -0.0108313
0.00118216  -0.175909 -0.0108597
0.00120771  -0.175377 -0.0108861
0.00123214  -0.174846 -0.0109109
0.00125592  -0.174317 -0.0109345
0.00127872   -0.17379 -0.0109563
0.00130055  -0.173264  -0.010977
0.00132187  -0.172742 -0.0109967
0.00134225  -0.172222 -0.0110156
0.00136178  -0.171706 -0.0110337
0.00138092  -0.171191 -0.0110512
0.00139927   -0.17068 -0.0110679
0.00141731  -0.170171  -0.011084
0.00143455  -0.169664 -0.0110994
0.00145107  -0.169158 -0.0111141
0.00146735  -0.168655 -0.0111282
0.00148288  -0.168153 -0.0111415
 0.0014982  -0.167653 -0.0111544
0.00151289  -0.167155 -0.0111667
0.00152693  -0.166658 -0.0111786
0.00154081  -0.166164 -0.0111901
0.00155402  -0.165672 -0.0112012
0.00156661  -0.165182  -0.011212
0.00157911  -0.164694 -0.0112227
0.00159101  -0.164209 -0.0112332
0.00160283  -0.163726 -0.0112436
0.00161404  -0.163245 -0.0112539
 0.0016247  -0.162767 -0.0112641
0.00163533   -0.16229 -0.0112742
0.00164537  -0.161816 -0.0112842
0.00165541  -0.161344 -0.0112941
0.00166496  -0.160875  -0.011304
  0.001674  -0.160407 -0.0113138
0.00168307  -0.159941 -0.0113236
0.00169156  -0.159477 -0.0113332
0.00170009  -0.159016 -0.0113429
0.00170816  -0.158556 -0.0113526
0.00171574  -0.158098 -0.0113622
0.00172338  -0.157643 -0.0113718
0.00173051  -0.157189 -0.0113814
0.00173771  -0.156738 -0.0113911
0.00174435  -0.156287 -0.0114004
0.00175295  -0.155835 -0.0114165
0.00176976  -0.155384 -0.0114462
0.00179922  -0.154931  -0.011498
0.00183626  -0.154478 -0.0115624
0.00188372  -0.154024 -0.0116454
0.00193772   -0.15357 -0.0117397
0.00200227  -0.153115  -0.011853
0.00207686  -0.152659 -0.0119847
0.00215665  -0.152205 -0.0121258
0.00224533   -0.15175 -0.0122838
0.00233825  -0.151296 -0.0124498
0.00243792  -0.150842 -0.0126294
0.00254455  -0.150388 -0.0128228
0.00265437  -0.149936 -0.0130227
0.00276952  -0.149483 -0.0132337
 0.0028871  -0.149031 -0.0134499
 0.0030098  -0.148579 -0.0136771
0.00313711  -0.148128 -0.0139142
0.00326597  -0.147677 -0.0141553
0.00339798  -0.147227 -0.0144039
0.00353206  -0.146776 -0.0146582
0.00366297  -0.146326 -0.0149083
0.00379125  -0.145875 -0.0151561
0.00391626  -0.145425 -0.0153997
0.00403837  -0.144974 -0.0156402
0.00415745  -0.144524 -0.0158777
0.00427336  -0.144074 -0.0161114
0.00438618  -0.143624 -0.0163417
0.00449588  -0.143176 -0.0165684
0.00460234  -0.142728 -0.0167915
0.00470554   -0.14228  -0.017011
0.00480577  -0.141833 -0.0172271
0.00490268  -0.141387 -0.0174395
0.00499666  -0.140942 -0.0176488
0.00508712  -0.140498  -0.017854
0.00517405  -0.140055 -0.0180552
 0.0052582  -0.139613 -0.0182536
0.00533875  -0.139172 -0.0184481
0.00541657  -0.138733 -0.0186399
0.00549067  -0.138295 -0.0188273
0.00556116  -0.137855 -0.0190101
0.00562919  -0.137415 -0.0191902
0.00568959  -0.136974 -0.0193729
0.00573179  -0.136532 -0.0195838
0.00574294  -0.136086 -0.0198428
0.00572214  -0.135637 -0.0201376
0.00568554  -0.135186 -0.0204328
0.00562112  -0.134734 -0.0207325
0.00554578  -0.134282 -0.0210296
0.00544926  -0.133829 -0.0213264
0.00533488  -0.133378 -0.0216704
0.00521601   -0.13293 -0.0220669
0.00508234  -0.132483 -0.0225098
0.00494596  -0.132041 -0.0229924
0.00479762  -0.131602  -0.023498
0.00463792  -0.131165 -0.0240026
0.00447648  -0.130731 -0.0244938
0.00430442  -0.130301 -0.0249665
0.00413129  -0.129874  -0.025424
0.00394901  -0.129451 -0.0258623
0.00376621  -0.129033 -0.0262863
0.00357469  -0.128618 -0.0266905
0.00337494  -0.128209 -0.0270751
0.00317539  -0.127803 -0.0274468
0.00296854  -0.127401 -0.0278017
0.00276244  -0.127003 -0.0281447
0.00255013   -0.12661 -0.0284709
0.00233216  -0.126221 -0.0287808
0.00211578  -0.125835 -0.0290799
0.00189474  -0.125454  -0.029364
0.00167585  -0.125075 -0.0296382
0.00145348  -0.124701 -0.0298997
0.00122864   -0.12433 -0.0301483
0.00100667  -0.123962 -0.0303881
0.000783016   -0.123597  -0.0306168
0.000562791   -0.123235  -0.0308374
0.000342541   -0.122876  -0.0310469
0.000123085   -0.122521  -0.0312459
-9.23233e-05    -0.122168   -0.0314375
-0.000307034    -0.121816    -0.031621
 -0.000518  -0.121464 -0.0317983
-0.000726791    -0.121113   -0.0319675
-0.000932957    -0.120762   -0.0321292
-0.00113495    -0.12041  -0.0322851
-0.00133412   -0.120059  -0.0324347
-0.00152944   -0.119708  -0.0325775
-0.00172043   -0.119357  -0.0327151
-0.00190692   -0.119006  -0.0328465
-0.00208905   -0.118656  -0.0329732
-0.00226675   -0.118307  -0.0330946
-0.00243918   -0.117958  -0.0332109
-0.00260733    -0.11761  -0.0333228
-0.00277064   -0.117261  -0.0334305
-0.00292993   -0.116914  -0.0335343
-0.0030834  -0.116566 -0.0336339
-0.00323097   -0.116218  -0.0337296
-0.00337464   -0.115871  -0.0338219
-0.00351315   -0.115522  -0.0339114
-0.00364577   -0.115173  -0.0339982
-0.00377519   -0.114825  -0.0340822
-0.00389898   -0.114475  -0.0341638
-0.00402007   -0.114126  -0.0342427
-0.00413639   -0.113775  -0.0343197
-0.00424808   -0.113423   -0.034395
-0.0043575  -0.113072 -0.0344681
-0.00446258    -0.11272  -0.0345395
-0.00456589   -0.112368  -0.0346088
-0.00466538   -0.112015   -0.034677
-0.00476127   -0.111662  -0.0347437
-0.00485575   -0.111308  -0.0348086
-0.0049472  -0.110954 -0.0348723
-0.00503771   -0.110601  -0.0349344
-0.00512526   -0.110246  -0.0349953
-0.00521066   -0.109891  -0.0350547
-0.00529537   -0.109536  -0.0351125
-0.00537794    -0.10918   -0.035169
-0.00545911   -0.108824  -0.0352243
-0.00554003   -0.108468  -0.0352783
-0.00561984   -0.108112   -0.035331
-0.0057003  -0.107756 -0.0353828
-0.0057801  -0.107396 -0.0354344
  -0.00586  -0.107034 -0.0354853
-0.00594056    -0.10667  -0.0355353
-0.0060212  -0.106304 -0.0355846
-0.0061021  -0.105935 -0.0356329
-0.00618367   -0.105566    -0.03568
-0.00626583   -0.105196  -0.0357253
-0.00634876   -0.104826  -0.0357693
-0.0064321  -0.104454 -0.0358116
-0.00651635   -0.104082  -0.0358516
-0.00660135   -0.103712  -0.0358903
-0.00668729    -0.10334  -0.0359269
-0.00677409    -0.10297  -0.0359625
-0.00686207   -0.102599  -0.0359953
-0.00695166   -0.102228  -0.0360254
-0.00704208   -0.101858  -0.0360543
-0.00713411   -0.101488  -0.0360807
-0.00722799   -0.101117  -0.0361042
-0.00732278   -0.100748  -0.0361267
-0.00741979   -0.100379   -0.036146
-0.00751773   -0.100011  -0.0361641
-0.00761782  -0.0996438  -0.0361794
-0.00772027  -0.0992768  -0.0361913
-0.00782357  -0.0989114   -0.036202
-0.00792918  -0.0985468  -0.0362096
-0.00803559   -0.098184   -0.036216
-0.00814445  -0.0978224  -0.0362186
-0.00825603  -0.0974622  -0.0362172
-0.00836821  -0.0971041  -0.0362145
-0.00848319  -0.0967476  -0.0362074
-0.00859873  -0.0963931  -0.0361992
-0.00871671  -0.0960402  -0.0361874
-0.00883741   -0.095689  -0.0361714
-0.00895848    -0.09534  -0.0361542
-0.00908206  -0.0949925  -0.0361333
-0.00920585  -0.0946472  -0.0361112
-0.00933207  -0.0943039  -0.0360848
-0.00946075  -0.0939627  -0.0360539
-0.00958934  -0.0936237  -0.0360215
-0.00972034  -0.0932854   -0.035985
-0.00985366  -0.0929471  -0.0359445
-0.00998677  -0.0926086  -0.0359027
-0.0101219 -0.0922698 -0.0358566
-0.0102565 -0.0919315 -0.0358093
-0.0103926 -0.0915935 -0.0357584
  -0.01053 -0.0912563 -0.0357031
-0.0106665 -0.0909208 -0.0356464
-0.0108039 -0.0905872  -0.035585
-0.0109402 -0.0902558 -0.0355222
-0.0110772 -0.0899267 -0.0354555
-0.0112147 -0.0896002 -0.0353844
-0.0113511 -0.0892762 -0.0353122
-0.0114879 -0.0889544 -0.0352363
-0.0116248 -0.0886352 -0.0351566
-0.0117604 -0.0883181 -0.0350761
-0.0118959 -0.0880034 -0.0349917
-0.0120301 -0.0876907 -0.0349066
-0.0121644 -0.0873797 -0.0348184
-0.0122983 -0.0870707 -0.0347269
-0.0124308 -0.0867634 -0.0346349
-0.0125628 -0.0864579 -0.0345393
-0.0126934 -0.0861541 -0.0344431
-0.0128235 -0.0858518 -0.0343439
 -0.012953 -0.0855513 -0.0342418
 -0.013081 -0.0852523 -0.0341391
-0.0132081 -0.0849548 -0.0340334
-0.0133337 -0.0846589 -0.0339272
-0.0134585 -0.0843642 -0.0338187
-0.0135824 -0.0840709 -0.0337072
-0.0137046 -0.0837788 -0.0335955
-0.0138256 -0.0834879 -0.0334808
 -0.013945 -0.0831981 -0.0333659
-0.0140634 -0.0829093 -0.0332488
-0.0141806 -0.0826212 -0.0331291
 -0.014296 -0.0823342 -0.0330093
-0.0144104 -0.0820479 -0.0328873
-0.0145232 -0.0817622 -0.0327631
-0.0146341 -0.0814775 -0.0326389
 -0.014744  -0.081192 -0.0325128
-0.0148521 -0.0809048 -0.0323872
-0.0149586 -0.0806156 -0.0322601
-0.0150631 -0.0803239  -0.032132
-0.0151656 -0.0800314  -0.032004
-0.0152656 -0.0797367 -0.0318746
-0.0153636  -0.079442 -0.0317452
-0.0154596 -0.0791464 -0.0316141
-0.0155538 -0.0788513  -0.031483
-0.0156453 -0.0785559 -0.0313502
-0.0157341 -0.0782603 -0.0312156
-0.0158211 -0.0779656 -0.0310811
 -0.015906 -0.0776709 -0.0309451
-0.0159893 -0.0773769 -0.0308095
  -0.01607  -0.077083 -0.0306727
-0.0161484 -0.0767891 -0.0305348
-0.0162252 -0.0764958 -0.0303973
   -0.0163 -0.0762023  -0.030259
-0.0163735 -0.0759093 -0.0301213
-0.0164448 -0.0756161 -0.0299829
 -0.016514 -0.0753227 -0.0298437
-0.0165818 -0.0750297 -0.0297028
-0.0166478 -0.0747362 -0.0295549
-0.0167118 -0.0744423 -0.0294008
-0.0167746 -0.0741487 -0.0292408
-0.0168354 -0.0738548  -0.029076
 -0.016895 -0.0735613 -0.0289077
-0.0169527 -0.0732674 -0.0287365
-0.0170085 -0.0729736 -0.0285649
-0.0170631 -0.0726801 -0.0283929
-0.0171157 -0.0723866 -0.0282223
-0.0171671 -0.0720936 -0.0280525
-0.0172167 -0.0718006 -0.0278844
-0.0172644 -0.0715078 -0.0277195
-0.0173108 -0.0712155 -0.0275562
-0.0173552 -0.0709235 -0.0273962
-0.0173983 -0.0706322 -0.0272376
-0.0174398 -0.0703414 -0.0270817
-0.0174795 -0.0700513 -0.0269282
-0.0175181 -0.0697619 -0.0267762
-0.0175546 -0.0694746 -0.0266249
-0.0175905 -0.0691884 -0.0264753
-0.0176247 -0.0689013 -0.0263302
-0.0176573  -0.068613 -0.0261894
-0.0176886 -0.0683232  -0.026053
-0.0177179 -0.0680318 -0.0259222
 -0.017746 -0.0677394 -0.0257941
-0.0177725 -0.0674462 -0.0256692
 -0.017797 -0.0671525 -0.0255464
-0.0178207 -0.0668592 -0.0254236
-0.0178428 -0.0665663 -0.0253003
-0.0178643 -0.0662743 -0.0251758
-0.0178841 -0.0659834 -0.0250509
-0.0179025 -0.0656939  -0.024925
-0.0179203 -0.0654055 -0.0247985
-0.0179369 -0.0651183 -0.0246711
-0.0179531 -0.0648321 -0.0245436
-0.0179682 -0.0645473 -0.0244166
-0.0179822 -0.0642638 -0.0242902
-0.0179957 -0.0639811 -0.0241643
-0.0180086 -0.0636994 -0.0240388
 -0.018021 -0.0634184 -0.0239138
-0.0180327 -0.0631384 -0.0237902
-0.0180437 -0.0628597 -0.0236674
-0.0180543 -0.0625818 -0.0235449
-0.0180645 -0.0623049 -0.0234231
-0.0180741 -0.0620293 -0.0233016
-0.0180835 -0.0617545 -0.0231803
-0.0180923 -0.0614812 -0.0230591
-0.0181009 -0.0612087 -0.0229383
-0.0181091 -0.0609376 -0.0228178
 -0.018117  -0.060668 -0.0226976
-0.0181246 -0.0603991 -0.0225779
-0.0181321 -0.0601315 -0.0224585
-0.0181392 -0.0598647 -0.0223395
-0.0181462 -0.0595993 -0.0222217
-0.0181528 -0.0593354 -0.0221046
-0.0181592 -0.0590721 -0.0219883
-0.0181654 -0.0588101 -0.0218726
-0.0181714 -0.0585495 -0.0217576
-0.0181772 -0.0582895 -0.0216432
-0.0181834 -0.0580295 -0.0215306
-0.0181893 -0.0577678 -0.0214212
-0.0181952 -0.0575049 -0.0213152
-0.0182009 -0.0572404 -0.0212134
-0.0182064 -0.0569745 -0.0211136
-0.0182117 -0.0567075 -0.0210156
-0.0182168   -0.05644 -0.0209178
-0.0182215  -0.056172 -0.0208212
-0.0182258  -0.055904 -0.0207245
-0.0182298 -0.0556362 -0.0206268
-0.0182334 -0.0553689 -0.0205277
-0.0182366 -0.0551022 -0.0204273
-0.0182394 -0.0548363  -0.020326
-0.0182416 -0.0545711 -0.0202241
-0.0182435 -0.0543064 -0.0201216
-0.0182446 -0.0540422 -0.0200192
-0.0182455 -0.0537782 -0.0199167
 -0.018246 -0.0535147 -0.0198144
-0.0182458 -0.0532515 -0.0197128
-0.0182455 -0.0529882 -0.0196115
-0.0182448 -0.0527253 -0.0195105
-0.0182434 -0.0524626 -0.0194105
-0.0182419 -0.0521999 -0.0193108
-0.0182399 -0.0519375 -0.0192119
-0.0182378 -0.0516753 -0.0191131
-0.0182353 -0.0514134 -0.0190147
-0.0182321 -0.0511519 -0.0189174
-0.0182288 -0.0508906 -0.0188204
 -0.018225 -0.0506297 -0.0187247
-0.0182211 -0.0503689 -0.0186292
-0.0182169 -0.0501085 -0.0185345
-0.0182123 -0.0498486 -0.0184412
-0.0182078 -0.0495887 -0.0183485
-0.0182028 -0.0493292 -0.0182575
-0.0181978 -0.0490697 -0.0181669
-0.0181925 -0.0488104 -0.0180776
-0.0181869 -0.0485514 -0.0179895
-0.0181813 -0.0482924  -0.017902
-0.0181753 -0.0480335 -0.0178159
-0.0181695 -0.0477746   -0.01773
-0.0181638 -0.0475147 -0.0176468
-0.0181583 -0.0472525 -0.0175669
-0.0181533 -0.0469877 -0.0174899
-0.0181485 -0.0467204 -0.0174157
-0.0181441 -0.0464511 -0.0173427
-0.0181399 -0.0461794 -0.0172723
-0.0181357 -0.0459064 -0.0172034
-0.0181316 -0.0456327 -0.0171339
-0.0181273 -0.0453583 -0.0170634
-0.0181229 -0.0450836 -0.0169909
-0.0181181  -0.044808 -0.0169175
-0.0181127 -0.0445316 -0.0168424
-0.0181071  -0.044255  -0.016766
-0.0181009 -0.0439778 -0.0166884
-0.0180937 -0.0436999 -0.0166096
-0.0180862 -0.0434219   -0.01653
-0.0180776 -0.0431431 -0.0164499
-0.0180686 -0.0428643 -0.0163692
-0.0180588 -0.0425849 -0.0162885
-0.0180482 -0.0423049 -0.0162079
-0.0180373 -0.0420247 -0.0161271
-0.0180254  -0.041744 -0.0160463
-0.0180125 -0.0414627 -0.0159659
-0.0179993 -0.0411812 -0.0158853
-0.0179854 -0.0408989 -0.0158052
-0.0179711 -0.0406164 -0.0157248
 -0.017956 -0.0403333 -0.0156446
-0.0179409 -0.0400499 -0.0155643
-0.0179248 -0.0397658 -0.0154848
-0.0179085 -0.0394815 -0.0154053
-0.0178914 -0.0391963 -0.0153265
-0.0178733 -0.0389106  -0.015248
-0.0178551 -0.0386245 -0.0151698
-0.0178361 -0.0383377 -0.0150921
 -0.017817 -0.0380506 -0.0150143
-0.0177972 -0.0377631 -0.0149367
-0.0177768 -0.0374751 -0.0148591
-0.0177563 -0.0371868 -0.0147815
-0.0177352 -0.0368982 -0.0147038
 -0.017714 -0.0366094  -0.014626
-0.0176929 -0.0363198 -0.0145497
-0.0176721 -0.0360284 -0.0144755
 -0.017652  -0.035735 -0.0144038
-0.0176326 -0.0354396 -0.0143348
-0.0176138 -0.0351421 -0.0142672
-0.0175956  -0.034843 -0.0142005
-0.017578 -0.034542 -0.014134
-0.0175608 -0.0342398 -0.0140669
-0.0175439 -0.0339359 -0.0139984
-0.0175273 -0.0336309 -0.0139288
-0.0175108 -0.0333251 -0.0138573
-0.0174944 -0.0330187 -0.0137837
-0.0174779 -0.0327116 -0.0137089
-0.0174613  -0.032404 -0.0136319
-0.0174446 -0.0320955 -0.0135543
-0.0174277 -0.0317866 -0.0134749
-0.0174106 -0.0314775  -0.013394
-0.0173934 -0.0311675 -0.0133129
-0.0173757 -0.0308575 -0.0132303
-0.0173579 -0.0305466 -0.0131478
-0.0173399 -0.0302356  -0.013064
-0.0173217 -0.0299246 -0.0129793
-0.0173032 -0.0296126 -0.0128919
-0.0172843 -0.0293001 -0.0127997
 -0.017265 -0.0289866 -0.0127077
 -0.017245 -0.0286731 -0.0126165
-0.0172246 -0.0283586 -0.0125264
-0.0172034 -0.0280475  -0.012438
-0.0171816 -0.0277422 -0.0123519
-0.0171592 -0.0274424 -0.0122687
-0.0171362 -0.0271478 -0.0121875
-0.0171128 -0.0268579 -0.0121091
-0.0170886 -0.0265726  -0.012033
 -0.017064 -0.0262913  -0.011959
-0.0170391 -0.0260142 -0.0118882
-0.0170142 -0.0257406 -0.0118196
-0.0169893 -0.0254704 -0.0117536
-0.0169641 -0.0252035 -0.0116896
 -0.016939 -0.0249393 -0.0116271
-0.0169139 -0.0246757 -0.0115706
-0.0168896 -0.0244131  -0.011516
-0.0168663 -0.0241523 -0.0114637
-0.0168438 -0.0238927 -0.0114133
 -0.016824 -0.0236333 -0.0113654
-0.0168072 -0.0233745 -0.0113215
-0.0167939 -0.0231153 -0.0112806
-0.0167831 -0.0228566 -0.0112431
-0.0167749 -0.0225976 -0.0112082
-0.0167688 -0.0223381 -0.0111757
-0.0167635 -0.0220788 -0.0111459
-0.0167594 -0.0218187  -0.011118
-0.0167566 -0.0215586 -0.0110924
-0.0167557 -0.0212978 -0.0110682
-0.0167569 -0.0210362 -0.0110451
-0.0167588 -0.0207743 -0.0110238
-0.0167627 -0.0205117 -0.0110032
-0.0167673 -0.0202487 -0.0109842
-0.0167734 -0.0199845 -0.0109655
-0.0167818 -0.0197192  -0.010947
-0.0167906 -0.0194534 -0.0109295
-0.0168018 -0.0191865 -0.0109119
-0.0168138 -0.0189187 -0.0108948
-0.0168285   -0.01865 -0.0108773
-0.0168443 -0.0183806   -0.01086
-0.0168628   -0.01811 -0.0108419
-0.0168838 -0.0178381 -0.0108229
-0.0169057 -0.0175655  -0.010804
-0.0169299 -0.0172917 -0.0107841
-0.0169564 -0.0170166 -0.0107631
-0.0169834 -0.0167406  -0.010742
-0.0170126 -0.0164633 -0.0107196
-0.0170421 -0.0161851 -0.0106969
 -0.017073 -0.0159054  -0.010673
-0.0171041 -0.0156248 -0.0106487
-0.0171369 -0.0153428 -0.0106228
-0.0171796 -0.0150615 -0.0105928
-0.0172494 -0.0147814 -0.0105519
-0.0173475  -0.014503 -0.0104998
-0.0174577 -0.0142249 -0.0104426
-0.0175901 -0.0139473 -0.0103762
-0.0177317 -0.0136692 -0.0103045
-0.0178951 -0.0133914 -0.0102197
-0.0180787 -0.0131137 -0.0101219
-0.0182686 -0.0128355 -0.0100183
 -0.0184724  -0.0125574 -0.00990192
 -0.0186475  -0.0122795 -0.00977928
 -0.0187847  -0.0120024 -0.00964514
 -0.0188779  -0.0117255 -0.00949535
 -0.0189445    -0.01144 -0.00933587
 -0.0189722  -0.0111386 -0.00915932
  -0.018982  -0.0108284 -0.00897731
 -0.0189655  -0.0105025 -0.00876708
 -0.0189242  -0.0101596 -0.00852861
 -0.0188724 -0.00980856 -0.00827777
 -0.0188026 -0.00944063 -0.00801189
 -0.0187278 -0.00906529 -0.00774298
  -0.018642 -0.00867483 -0.00747072
 -0.0185535 -0.00827774 -0.00719929
 -0.0184562 -0.00786539 -0.00693107
 -0.0183515 -0.00744849 -0.00667229
 -0.0182439 -0.00703897 -0.00641159
 -0.0181283 -0.00663629 -0.00615689
  -0.018009 -0.00624199  -0.0058993
 -0.0178813 -0.00585482 -0.00564661
 -0.0177441 -0.00547345 -0.00539827
 -0.0176036 -0.00510039 -0.00514838
 -0.0174537 -0.00473244 -0.00490411
 -0.0173004 -0.00437123 -0.00465825
 -0.0171399 -0.00401525 -0.00443023
 -0.0169798 -0.00366274 -0.00421789
  -0.016826 -0.00331436 -0.00401764
 -0.0166738 -0.00296929 -0.00383146
 -0.0165234 -0.00262603 -0.00365845
 -0.0163766 -0.00228645 -0.00349592
 -0.0162289 -0.00194951 -0.00334594
  -0.016082 -0.00161616 -0.00320572
 -0.0159305 -0.00128483 -0.00307738
   -0.015773 -0.000955671  -0.00296057
  -0.0156146 -0.000629976  -0.00285232
  -0.0154495 -0.000306265  -0.00275469
 -0.0152842 1.45019e-05 -0.00266456
 -0.0151128 0.000333264 -0.00258404
 -0.0149356 0.000650103  -0.0025126
 -0.0147591 0.000964336 -0.00244735
 -0.0145782  0.00127685 -0.00239012
 -0.0143991  0.00158702 -0.00233812
  -0.014217  0.00189469 -0.00229326
-0.0140329 0.00220107 -0.0022547
 -0.0138511  0.00250557 -0.00222032
 -0.0136679  0.00280898 -0.00219142
 -0.0134841  0.00311624 -0.00216428
-0.0133031 0.00342914 -0.0021375
 -0.0131218  0.00375497 -0.00210786
 -0.0129435  0.00408585 -0.00207782
 -0.0127668  0.00442781 -0.00204424
 -0.0125948  0.00478159 -0.00200632
 -0.0124284  0.00513952 -0.00196702
 -0.0122668  0.00550838 -0.00192348
 -0.0121105  0.00588063 -0.00187873
 -0.0119586  0.00626218 -0.00183031
 -0.0118113  0.00665312 -0.00177806
 -0.0116685   0.0070468 -0.00172473
 -0.0115299  0.00744928 -0.00166769
 -0.0113962  0.00785398 -0.00160941
-0.0112662  0.0082662 -0.0015479
 -0.0111399   0.0086858 -0.00148319
-0.0110179 0.00910679 -0.0014175
  -0.010899  0.00953341 -0.00134952
  -0.010784  0.00996033 -0.00128119
  -0.010672   0.0103922 -0.00121083
 -0.0105634   0.0108282 -0.00113835
  -0.010458   0.0112638 -0.00106586
  -0.0103553    0.0117027 -0.000991887
  -0.0102554    0.0121442 -0.000916521
  -0.0101579    0.0125848 -0.000841652
  -0.0100628    0.0130274 -0.000765894
  -0.0099701    0.0134686 -0.000690695
 -0.00987941    0.0139112 -0.000614884
 -0.00979079    0.0143543 -0.000538713
-0.00970413    0.014797 -0.00046311
 -0.00962204    0.0152423 -0.000385487
 -0.00954279    0.0156879 -0.000307588
 -0.00946983    0.0161351 -0.000227461
 -0.00940338    0.0165842 -0.000145075
 -0.00933922    0.0170326 -6.28606e-05
-0.00928128   0.0174816 2.11522e-05
-0.00922499   0.0179291 0.000104576
 -0.0091739   0.0183762 0.000189233
-0.00912794   0.0188221 0.000274806
-0.00908295   0.0192661 0.000359448
-0.00904249   0.0197082 0.000444615
 -0.0090024   0.0201485 0.000528668
-0.00896602   0.0205872 0.000613077
-0.00893313   0.0210237 0.000697515
-0.00890005   0.0214585 0.000780742
  -0.00887  0.0218913 0.00086377
-0.00883937   0.0223227 0.000945512
-0.00881122   0.0227521  0.00102702
-0.00878217   0.0231801  0.00110716
-0.00875521   0.0236058  0.00118663
-0.00872997    0.024029  0.00126521
-0.00870345   0.0244507  0.00134227
-0.00867816   0.0248695  0.00141815
-0.00865403   0.0252855  0.00149291
-0.00862826   0.0257001  0.00156607
-0.00860302   0.0261116  0.00163763
-0.00857583   0.0265216  0.00170752
-0.00854902   0.0269286  0.00177593
-0.00852211   0.0273323  0.00184244
-0.00849301   0.0277347  0.00190727
-0.00846337   0.0281337     0.00197
-0.00843132   0.0285317  0.00203108
-0.00839872   0.0289266   0.0020903
-0.00836508   0.0293186  0.00214728
-0.00832889   0.0297096  0.00220264
-0.00829125   0.0300976  0.00225562
-0.00825095   0.0304851  0.00230705
-0.00820938   0.0308697  0.00235642
-0.00816604   0.0312514  0.00240337
-0.00812035    0.031634  0.00244923
-0.00807289   0.0320164   0.0024936
-0.00802299   0.0324011  0.00253755
-0.00797174   0.0327859  0.00258031
-0.00791852   0.0331713  0.00262178
-0.00786284   0.0335583  0.00266266
-0.00780501   0.0339454  0.00270202
-0.0077446  0.0343334 0.00274064
-0.00768242   0.0347206  0.00277779
-0.00761787   0.0351071   0.0028132
-0.00755077   0.0354944  0.00284781
-0.00748109   0.0358809  0.00288065
-0.00740884   0.0362683  0.00291281
-0.00733439   0.0366552  0.00294355
-0.00725727   0.0370417  0.00297276
-0.00717771   0.0374293  0.00300149
-0.00709592   0.0378168  0.00302907
-0.00701173   0.0382058  0.00305632
-0.00692506   0.0385949  0.00308241
-0.00683581   0.0389846  0.00310746
-0.00674434   0.0393757   0.0031325
-0.00665089   0.0397672  0.00315619
-0.00655533   0.0401602  0.00317999
-0.00645793   0.0405533  0.00320331
-0.0063568   0.040946 0.00323635
-0.00625307   0.0413379  0.00330468
-0.00616148   0.0417298  0.00339016
-0.00607807   0.0421228  0.00348572
-0.00600462   0.0425154  0.00359555
-0.00593823   0.0429089  0.00371461
-0.00588197   0.0433021  0.00384879
-0.00583518    0.043695  0.00399695
-0.00579419   0.0440886  0.00415284
-0.00576062   0.0444816  0.00431955
-0.0057347  0.0448743 0.00449761
-0.00571341   0.0452677  0.00468191
-0.00569897   0.0456611  0.00487668
-0.00568844   0.0460553  0.00507689
-0.00568279    0.046453  0.00529389
-0.00568003    0.046856  0.00552527
-0.00568141   0.0472665  0.00577817
-0.0056864  0.0476854 0.00605153
-0.00569323   0.0481102  0.00633629
-0.00570322   0.0485412   0.0066377
-0.00571511   0.0489743  0.00694649
-0.00572777   0.0494091  0.00726273
-0.00573891   0.0498434  0.00757999
-0.00574856   0.0502757  0.00789129
-0.00575675   0.0507047  0.00819611
-0.00576355   0.0511296  0.00849385
-0.00576873   0.0515499  0.00878439
-0.00577253   0.0519666  0.00906834
-0.00577472   0.0523783  0.00934508
-0.00577549   0.0527869  0.00961569
-0.00577444   0.0531908  0.00987915
-0.00577147   0.0535905   0.0101355
-0.00576705   0.0539881   0.0103865
-0.00576052   0.0543825   0.0106306
-0.00575255   0.0547755   0.0108699
-0.00574393    0.055167   0.0111197
-0.00573779   0.0555589   0.0114108
-0.00573479   0.0559524   0.0117409
-0.00573324   0.0563467   0.0121045
-0.0057331  0.0567419  0.0124984
-0.00573236   0.0571367   0.0129007
-0.0057294  0.0575309  0.0132926
-0.00572491   0.0579253   0.0136761
-0.00571632   0.0583201   0.0140463
-0.0057061  0.0587155   0.014408
-0.00569145    0.059112   0.0147565
-0.00567194   0.0595102   0.0150915
-0.00565128    0.059909   0.0154197
-0.00561486   0.0603082     0.01576
-0.00556378   0.0607063   0.0161257
-0.00548361   0.0611035   0.0165346
-0.00537396   0.0615001   0.0169859
-0.00525189   0.0618965   0.0174561
-0.00510427   0.0622934   0.0179309
-0.00494896   0.0626912   0.0183954
-0.00477486   0.0630907   0.0188482
-0.00457883    0.063475   0.0192972
-0.00437927   0.0638437    0.019735
-0.00416568   0.0642144   0.0201575
-0.00395076    0.064593   0.0205662
-0.0037234  0.0649749  0.0209593
-0.00348591   0.0653682   0.0213338
-0.00324831   0.0657702   0.0216955
-0.00300235    0.066186   0.0220391
-0.00275724   0.0666094   0.0223717
-0.00250466   0.0670421   0.0226897
-0.00225326   0.0674796   0.0229988
-0.00199589   0.0679259   0.0232946
-0.00173328   0.0683792   0.0235783
-0.00147243   0.0688352   0.0238545
-0.00120722   0.0692963     0.02412
-0.000944245    0.0697589    0.0243787
-0.000677998    0.0702258    0.0246276
-0.000409211    0.0706971     0.024867
-0.000143315    0.0711705    0.0250998
0.000124434   0.0716485   0.0253237
0.000388705   0.0721293   0.0255413
0.000653202   0.0726158   0.0257503
0.000913711   0.0731053   0.0259535
0.00117331  0.0736009  0.0261486
0.00143119  0.0741028  0.0263363
0.00168462  0.0746075   0.026519
0.00193539   0.075118  0.0266952
0.00218152  0.0756305  0.0268672
0.00242497  0.0761476  0.0270337
0.00266443  0.0766689  0.0271953
0.0028991 0.0771915 0.0273532
0.00312903  0.0777179  0.0275065
0.00335412   0.078245  0.0276565
0.00357475   0.078775  0.0278025
0.00378995  0.0793075  0.0279445
0.0040003 0.0798407 0.0280835
0.00420477  0.0803763  0.0282188
0.00440458  0.0809122  0.0283516
0.00459901    0.08145  0.0284816
0.00478724  0.0819896  0.0286087
0.0049709 0.0825297 0.0287336
0.00514767  0.0830729  0.0288553
0.00531959  0.0836192  0.0289744
0.00548511  0.0841698  0.0290909
0.00564355  0.0847251  0.0292046
0.00579765  0.0852829  0.0293164
0.00594576  0.0858442  0.0294263
0.0060873 0.0864087 0.0295346
0.00622534  0.0869742   0.029642
0.00635737  0.0875419  0.0297482
0.00648658  0.0881098   0.029854
0.00661086  0.0886786  0.0299593
0.00673027   0.089248  0.0300645
0.00684741  0.0898174  0.0301694
0.00696017  0.0903872   0.030274
0.00707116   0.090957  0.0303785
0.00717845  0.0915272  0.0304829
0.00728229  0.0920978  0.0305871
0.00738472  0.0926685  0.0306913
0.0074843 0.0932392 0.0307956
0.00758287    0.09381  0.0308998
0.00767867  0.0943809  0.0310042
0.00777218  0.0949518  0.0311084
0.00786493  0.0955225  0.0312127
0.00795579  0.0960927  0.0313172
0.00804512  0.0966623  0.0314215
0.00813413  0.0972314  0.0315261
0.00822211  0.0977997  0.0316304
0.00831009  0.0983674  0.0317348
0.0083973 0.0989341  0.031839
0.0084842 0.0994996 0.0319425
0.00857129   0.100065  0.0320461
0.00865837   0.100628  0.0321488
0.00874584   0.101192  0.0322515
0.00883356   0.101754  0.0323531
0.00892201   0.102315  0.0324531
0.00901091   0.102876  0.0325528
0.0091007  0.103436 0.0326511
0.00919165   0.103995  0.0327475
0.00928313   0.104554  0.0328436
0.0093761  0.105112 0.0329374
0.00946926   0.105671  0.0330299
0.00956236   0.106232  0.0331194
 0.009656  0.106796 0.0332056
0.00974899   0.107363  0.0332908
0.00984232   0.107932  0.0333722
0.00993544   0.108504  0.0334528
0.0100293  0.109077 0.0335304
0.0101243  0.109653 0.0336047
0.0102195  0.110229 0.0336782
0.0103164  0.110807 0.0337482
0.0104139  0.111386 0.0338176
0.0105133  0.111966 0.0338838
0.0106153  0.112547 0.0339468
 0.010718  0.113129 0.0340093
0.0108236  0.113712 0.0340682
0.0109298  0.114296 0.0341266
0.0110386  0.114882  0.034182
0.0111504  0.115468 0.0342338
0.0112627  0.116057 0.0342849
0.0113779  0.116647 0.0343322
0.0114935  0.117238 0.0343789
0.0116116   0.11783 0.0344223
0.0117325  0.118424 0.0344619
0.0118534  0.119018 0.0345007
0.0119769  0.119614  0.034536
0.0121003   0.12021 0.0345706
0.0122258  0.120807 0.0346007
0.0123537  0.121405 0.0346266
0.0124812  0.122005 0.0346516
 0.012611  0.122605 0.0346719
0.0127402  0.123206 0.0346914
0.0128714  0.123808 0.0347071
0.0130045   0.12441 0.0347182
 0.013137  0.125013 0.0347284
0.0132712  0.125617 0.0347338
0.0134045  0.126222 0.0347383
0.0135395  0.126828 0.0347389
0.0136751  0.127434 0.0347306
0.0138097   0.12804 0.0347178
0.0139371  0.128671 0.0346534
0.0140611  0.129326 0.0345715
0.0141843  0.129983 0.0344775
0.0143052  0.130647 0.0343732
0.0144245  0.131307 0.0342824
0.0145436  0.131964 0.0341984
0.0146615  0.132615 0.0341319
0.0147793  0.133261  0.034076
0.0148972  0.133901 0.0340307
0.0150138  0.134538 0.0339935
0.0151302  0.135173 0.0339587
0.0152449  0.135809 0.0339253
0.0153594  0.136445 0.0338881
0.0154719  0.137083 0.0338498
0.0155837  0.137723 0.0338051
0.0156947  0.138367  0.033753
0.0158038  0.139012 0.0337013
0.0159123  0.139658 0.0336464
  0.01602  0.140306 0.0335888
0.0161258  0.140954 0.0335351
0.0162307  0.141602   0.03348
0.0163338  0.142249 0.0334293
0.0164364  0.142894 0.0333782
0.0165379  0.143538 0.0333259
0.0166377  0.144181 0.0332757
0.0167364  0.144821 0.0332217
0.0168334  0.145461 0.0331687
0.0169295  0.146099  0.033112
0.0170246  0.146736 0.0330496
0.0171181  0.147372 0.0329872
0.0172109  0.148007 0.0329204
 0.017302  0.148642 0.0328541
0.0173922  0.149276 0.0327824
0.0174816  0.149909 0.0327052
0.0175694  0.150542 0.0326286
0.0176567  0.151174 0.0325486
0.0177433  0.151805 0.0324646
0.0178284  0.152436 0.0323818
0.0179134  0.153065 0.0322938
 0.017997  0.153695 0.0322074
0.0180875  0.154301  0.032152
0.018179 0.154885 0.032104
0.0182681  0.155466 0.0320593
0.0183566  0.156036 0.0320121
0.0184412  0.156609 0.0319551
0.0185231   0.15718 0.0318846
0.0186009  0.157757 0.0318003
0.0186744  0.158337 0.0316962
0.0187435  0.158922 0.0315709
0.0188093  0.159511 0.0314374
0.0188713  0.160104 0.0312887
0.0189309    0.1607 0.0311392
0.0189885  0.161297 0.0309847
0.0190443  0.161895 0.0308341
0.0190983  0.162493 0.0306816
0.0191507  0.163091 0.0305295
 0.019202  0.163689 0.0303816
0.0192525  0.164286 0.0302352
0.0193021  0.164883 0.0300924
0.0193508  0.165479 0.0299493
0.0193989  0.166075 0.0298048
0.0194461  0.166671 0.0296616
 0.019493  0.167267 0.0295167
0.0195394  0.167865 0.0293687
 0.019585  0.168464 0.0292215
0.0196301  0.169064 0.0290736
0.0196743  0.169666 0.0289284
0.0197181  0.170269 0.0287838
0.0197612  0.170873 0.0286417
0.0198041  0.171479 0.0285002
0.0198469  0.172087  0.028359
0.0198891  0.172696 0.0282198
0.0199313  0.173306 0.0280809
0.0199729  0.173918 0.0279437
0.0200146  0.174531 0.0278062
0.0200564  0.175146 0.0276682
0.0200976  0.175762 0.0275317
0.0201391  0.176379 0.0273947
0.0201809  0.176998 0.0272571
0.0202221  0.177619 0.0271208
0.0202636  0.178242 0.0269835
0.0203039  0.178868 0.0268471
0.0203419  0.179499 0.0267099
0.0203779  0.180137  0.026572
0.0204109  0.180779 0.0264353
0.0204408  0.181428 0.0262978
0.0204809  0.182079 0.0263789
0.0205197  0.182736 0.0264439
0.0205575  0.183399 0.0264926
0.0205959   0.18407  0.026516
0.0206353   0.18475 0.0265002
0.0206753  0.185435 0.0264296
0.0207171  0.186126 0.0262897
0.0207612  0.186823 0.0260791
 0.020805  0.187523 0.0258599
0.0208484  0.188228 0.0256428
0.0208918  0.188936 0.0254315
0.0209359  0.189647 0.0252249
0.0209812  0.190361 0.0250238
0.0210265  0.191078  0.024828
0.0210727  0.191797 0.0246377
0.0211194  0.192519  0.024452
0.0211658  0.193242 0.0242709
0.0212124  0.193967 0.0240942
0.0212584  0.194693 0.0239214
0.0213044   0.19542 0.0237521
  0.02135  0.196149 0.0235864
0.0213947  0.196879 0.0234242
0.0214388   0.19761 0.0232651
 0.021482  0.198341 0.0231091
0.0215245  0.199072 0.0229558
0.0215661  0.199805  0.022805
0.0216068  0.200538  0.022657
0.0216464  0.201272 0.0225112
 0.021685  0.202006 0.0223679
0.0217226  0.202739 0.0222263
0.0217592  0.203474 0.0220865
0.0217947  0.204208 0.0219489
0.0218291  0.204943 0.0218127
0.0218626  0.205677 0.0216786
0.0218951  0.206412 0.0215456
0.0219257  0.207149 0.0214133
0.0219528  0.207888 0.0212829
0.0219758  0.208631 0.0211478
 0.021995  0.209377 0.0210044
0.0220101  0.210125 0.0208505
0.0220205  0.210875 0.0206863
0.0220285  0.211627 0.0205174
0.0220331  0.212381 0.0203414
0.0220366  0.213135  0.020164
0.0220387  0.213889 0.0199833
0.0220407  0.214643 0.0198034
0.0220418  0.215397 0.0196227
0.0220429  0.216152 0.0194431
0.0220444  0.216906 0.0192659
0.0220464   0.21766 0.0190909
0.022049 0.218415 0.018919
0.0220521  0.219169 0.0187503
0.0220559  0.219924 0.0185852
  0.02206   0.22068 0.0184233
0.0220646  0.221435 0.0182644
0.0220694  0.222191 0.0181084
0.0220742  0.222947 0.0179552
 0.022079  0.223704 0.0178047
0.0220836   0.22446 0.0176567
0.0220881  0.225216 0.0175106
 0.022092  0.225972 0.0173658
0.0220956  0.226729 0.0172234
0.0220986  0.227485 0.0170819
0.0221011  0.228241 0.0169427
0.0221031  0.228996 0.0168043
0.0221042  0.229751  0.016666
0.0221049  0.230505 0.0165299
0.0221046   0.23126 0.0163936
 0.022104  0.232014 0.0162596
0.0221027  0.232768 0.0161258
 0.022101  0.233521 0.0159941
0.0220983  0.234274 0.0158617
0.0221078  0.234986 0.0157539
0.0221348  0.235692 0.0156504
0.0221989  0.236432 0.0155348
0.0223245  0.237218 0.0154261
0.0225295  0.238035 0.0153313
 0.022801  0.238902 0.0152707
0.0231495  0.239829 0.0152588
0.0235853  0.240808 0.0153026
0.0240558  0.241797 0.0153715
0.0245687   0.24277 0.0154462
0.0249728   0.24369 0.0156057
0.0253429  0.244545  0.015813
0.0256258  0.245318 0.0160757
0.0258341  0.246001 0.0164118
0.0260465  0.246644 0.0167795
0.0261636  0.247203 0.0173077
0.0262198  0.247727 0.0179973
 0.026163  0.248149 0.0185072
0.0261006  0.248529 0.0190825
0.0260452  0.248898 0.0196829
0.0259945  0.249232 0.0202803
0.0259527  0.249555 0.0208627
0.0259167  0.249856 0.0214208
0.0258988  0.250138 0.0219653
0.0258903  0.250413 0.0224843
0.0258923  0.250671  0.022987
0.0258923   0.25092 0.0234981
0.0258834   0.25115 0.0240436
0.0258632  0.251369 0.0245855
0.0258219  0.251568 0.0251401
0.0257496  0.251742 0.0256765
0.0256591  0.251902 0.0261646
0.0255353  0.252036  0.026606
0.0253927  0.252155 0.0269962
0.0252066  0.252246 0.0273463
0.0249758  0.252305  0.027655
0.0247292  0.252349 0.0279331
0.0244552  0.252361 0.0281838
0.0241788   0.25236 0.0284108
0.0238858  0.252332 0.0286131
0.0235779  0.252276 0.0287876
0.0232709  0.252205 0.0289395
0.0229521  0.252102 0.0290606
0.0226317   0.25201 0.0291562
0.0222979  0.251946 0.0292155
0.0219507  0.251901 0.0292143
0.0216073  0.251884 0.0291022
0.0212616  0.251878 0.0288562
0.0209234  0.251887  0.028599
0.0205808  0.251896 0.0283214
0.020246 0.251908 0.028042
0.0199064   0.25191 0.0277472
0.0195747   0.25191 0.0274547
0.0192467  0.251891 0.0271552
 0.018933  0.251849 0.0268567
0.0186342  0.251802 0.0265654
0.0183481  0.251728 0.0262737
0.0180748  0.251649 0.0259861
0.0178128  0.251549 0.0256974
0.0175622  0.251444 0.0254135
0.0173217  0.251316 0.0251322
0.0170908  0.251165 0.0248544
0.0168696   0.25101 0.0245819
0.0166566  0.250832 0.0243129
0.0164521  0.250653 0.0240478
0.0162549  0.250457 0.0237844
0.0160642  0.250245  0.023523
0.0158807  0.250032  0.023265
0.0157031  0.249801 0.0230086
0.0155317  0.249572 0.0227551
0.0153651  0.249326 0.0225029
 0.015204  0.249083 0.0222531
 0.015047  0.248828 0.0220037
0.0148939  0.248561 0.0217552
0.0147455  0.248297 0.0215095
0.0146002   0.24802 0.0212651
 0.014459  0.247746 0.0210233
0.0143204  0.247465 0.0207828
0.0141843  0.247174 0.0205436
0.0140515  0.246887  0.020307
0.0139207  0.246591 0.0200717
0.0137927  0.246299 0.0198368
0.0136662  0.246002 0.0196034
0.0135411  0.245699 0.0193703
 0.013418  0.245403 0.0191361
0.0132958  0.245102  0.018902
0.0131755  0.244809 0.0186671
0.0130558  0.244517 0.0184329
0.0129378  0.244232  0.018199
0.0128204   0.24395 0.0179668
0.0127037  0.243672 0.0177345
0.0125879    0.2434 0.0174982
0.0124716  0.243131 0.0172604
0.0123571  0.242868 0.0170309
0.0122442  0.242608 0.0168094
0.012133 0.242351 0.016595
0.0120237    0.2421 0.0163886
0.0119156  0.241854 0.0161888
0.0118091  0.241614 0.0159965
0.0117036   0.24138 0.0158103
0.0115991  0.241152 0.0156301
0.0114959  0.240932 0.0154565
0.0113933  0.240718 0.0152884
0.0112919  0.240511 0.0151262
0.0111927  0.240311 0.0149664
0.0110939  0.240119 0.0148115
0.0109949  0.239934 0.0146622
0.0108957  0.239755 0.0145181
0.0107968  0.239584 0.0143792
0.0106977   0.23942  0.014245
0.0105989  0.239263 0.0141155
0.0104997  0.239112 0.0139901
0.0104008  0.238968 0.0138691
0.0103015  0.238832  0.013752
0.0102018  0.238701 0.0136384
0.0101021  0.238579 0.0135287
0.010002 0.238462 0.013422
0.00990128   0.238352  0.0133186
0.00980064   0.238249  0.0132185
0.00969939   0.238153   0.013121
0.00959816   0.238063  0.0130267
0.00949633   0.237979  0.0129346
0.00939545   0.237902  0.0128449
0.00930246   0.237832   0.012754
0.00921956   0.237769  0.0126607
0.00913921   0.237713  0.0125688
0.00906807   0.237662  0.0124743
0.0090062  0.237619 0.0123774
0.00894599   0.237583  0.0122819
0.00889438   0.237553  0.0121837
0.00884364   0.237531   0.012087
0.00880069   0.237514  0.0119877
0.00875804   0.237505  0.0118898
0.00872195   0.237502  0.0117899
0.00869183   0.237505  0.0116879
0.00866123   0.237514  0.0115873
0.0086356   0.23753 0.0114848
0.00860875   0.237552  0.0113839
0.00858593   0.237579  0.0112816
0.00856624   0.237613  0.0111779
0.0085446  0.237653 0.0110759
0.00852526   0.237697  0.0109727
0.00850444   0.237748  0.0108704
0.00848648   0.237803  0.0107661
0.00847022   0.237865  0.0106604
0.00845151   0.237931  0.0105559
0.00843341   0.238002  0.0104504
0.00841176   0.238078  0.0103469
0.00838884   0.238159  0.0102435
0.0083632  0.238246 0.0101408
0.00833308   0.238337  0.0100404
0.00829883   0.238433  0.0099413
 0.0082596   0.238535 0.00984508
0.00821642   0.238642 0.00975114
0.00816769   0.238754 0.00966008
0.00811377   0.238871 0.00957194
0.00805348   0.238992  0.0094869
0.00798798   0.239118 0.00940471
0.00791705   0.239248 0.00932515
0.00784105   0.239382 0.00924831
0.00775834    0.23952 0.00917465
0.00766854   0.239662 0.00910414
0.00757395   0.239806 0.00903611
0.00747221   0.239954 0.00897108
0.00736609   0.240105 0.00890829
0.00725408   0.240258 0.00884808
0.00713552   0.240413 0.00879056
0.00701303   0.240571 0.00873496
0.00688414   0.240731 0.00868188
0.00675177   0.240894 0.00863047
0.00661423   0.241058 0.00858118
0.00647104   0.241223   0.008534
0.00632485    0.24139  0.0084883
 0.0061732   0.241557 0.00844466
0.00601909   0.241727 0.00840218
0.00586074   0.241896 0.00836117
 0.0057004   0.242067 0.00832107
0.00553568   0.242238 0.00828249
0.00536634   0.242408 0.00824679
0.00519514    0.24258  0.0082133
0.00502066    0.24275 0.00818163
0.00484545   0.242922 0.00815105
0.00466779   0.243093 0.00812137
0.00448814   0.243262 0.00809194
0.00430861   0.243433 0.00806267
0.00412587   0.243601 0.00802901
0.00394204   0.243771 0.00799218
0.00375474   0.243939 0.00794879
0.00356952   0.244105 0.00789544
0.00338825   0.244272 0.00783708
0.00321058   0.244438  0.0077708
0.00303619   0.244605   0.007702
0.00286645    0.24477 0.00763051
0.00270076   0.244934 0.00755683
0.00253802   0.245099  0.0074829
0.00237855   0.245262 0.00740728
0.00229402   0.245445 0.00728868
 0.0022102   0.245626 0.00717016
0.00212723   0.245805 0.00705115
0.00204346   0.245988 0.00693498
0.00195937    0.24617 0.00681991
0.00187431   0.246355 0.00670766
0.00178817   0.246541 0.00659758
0.00170119    0.24673 0.00648979
0.00161336   0.246919 0.00638334
0.00152501    0.24711 0.00627845
0.00143591     0.2473 0.00617442
0.00134639   0.247486 0.00607054
0.00125662   0.247676 0.00596764
0.00116659   0.247861 0.00586446
0.00107632   0.248048 0.00576226
0.000985425    0.248232   0.0056605
0.000894192    0.248413  0.00555858
0.00080275   0.248596 0.00545751
0.000710756    0.248776  0.00535669
0.000618482    0.248959  0.00525687
0.000525606    0.249139  0.00515732
0.000432181    0.249315  0.00505788
0.000338586    0.249494  0.00495931
0.000244395    0.249669  0.00486095
0.000149983    0.249847   0.0047636
5.44964e-05    0.250023  0.00466742
-4.17596e-05     0.250197   0.00457181
-0.000138115     0.250374    0.0044771
-0.000235406     0.250549   0.00438336
-0.000332759     0.250727   0.00429054
-0.000431442     0.250904   0.00419884
-0.000531539     0.251078   0.00410811
-0.000631868     0.251256    0.0040183
-0.000733621     0.251431   0.00392949
-0.000835588     0.251611   0.00384162
-0.000939404     0.251789    0.0037557
-0.00104471    0.251965  0.00367106
-0.00115006    0.252146  0.00358723
 -0.001257   0.252325 0.00350509
-0.00136388    0.252509   0.0034237
-0.00147233    0.252692  0.00334387
-0.00158215    0.252874  0.00326528
-0.00169168     0.25306  0.00318723
-0.00180256    0.253245  0.00311039
-0.00191307    0.253434  0.00303408
-0.00202503    0.253623  0.00295946
-0.00213851    0.253812   0.0028866
-0.0022514   0.254005 0.00281398
-0.00236533    0.254196  0.00274229
-0.00247837    0.254392  0.00267045
-0.00259262    0.254587  0.00260003
-0.00270592    0.254786  0.00252949
-0.00282022    0.254984   0.0024601
-0.00293525    0.255181  0.00239156
-0.00304923    0.255382  0.00232284
-0.00316549    0.255583  0.00225627
-0.00328162    0.255787  0.00219033
   -0.0034   0.255991 0.00212701
-0.00352065    0.256194  0.00206621
-0.00364088    0.256402  0.00200579
-0.00376312     0.25661  0.00194747
-0.0038847   0.256822 0.00188927
-0.00400825    0.257035  0.00183365
-0.00413345    0.257248  0.00177987
-0.00425772    0.257465  0.00172599
-0.00438346    0.257682  0.00167372
-0.00450808    0.257904  0.00162111
-0.00463425    0.258127  0.00157075
-0.00476164    0.258351   0.0015219
-0.0048877    0.25858  0.0014726
-0.00502526    0.258809  0.00142222
-0.0051686   0.259042 0.00136939
-0.00532699    0.259276  0.00131468
-0.00549963     0.25951  0.00125841
-0.00567628    0.259748  0.00120116
-0.00585144    0.259987  0.00113876
-0.00602175    0.260231  0.00107481
-0.00618698    0.260477  0.00100815
 -0.0063472    0.260725 0.000940263
-0.00650277    0.260978 0.000872277
 -0.0066536    0.261233 0.000804019
-0.00680049    0.261494 0.000736343
-0.00694292    0.261757 0.000668935
-0.00708093    0.262023 0.000602413
-0.00721547    0.262294 0.000536363
-0.00734582    0.262567 0.000470908
-0.00747296    0.262844 0.000405769
-0.00759614    0.263123 0.000340903
-0.00771638    0.263405  0.00027562
  -0.007833    0.263689 0.000210427
-0.00794602    0.263973   0.0001445
-0.00805644     0.26426 7.79545e-05
-0.00816329    0.264546  1.1126e-05
 -0.00826767     0.264836 -5.58165e-05
 -0.00836916     0.265125 -0.000122517
 -0.00846838     0.265418 -0.000189281
 -0.00856446     0.265711 -0.000255727
 -0.00865785     0.266003 -0.000321786
 -0.00874926     0.266298 -0.000387909
 -0.00883789     0.266593 -0.000453773
 -0.00892472     0.266891 -0.000519657
 -0.00900911      0.26719 -0.000585054
 -0.00909185     0.267492 -0.000650467
 -0.00917256     0.267793 -0.000715459
 -0.00925118     0.268094 -0.000780092
-0.00932834    0.268397 -0.00084479
 -0.0094037      0.2687 -0.00090908
-0.00947768    0.269006 -0.00097341
-0.00955002    0.269312  -0.0010373
-0.00962108    0.269621 -0.00110123
-0.00969057    0.269929 -0.00116466
-0.00975852    0.270237 -0.00122772
-0.00982529    0.270548 -0.00129088
-0.00989065    0.270859 -0.00135365
-0.00995489    0.271172 -0.00141651
 -0.0100174    0.271486 -0.00147913
 -0.0100785    0.271798 -0.00154147
 -0.0101384    0.272113 -0.00160403
-0.0101966   0.272428 -0.0016665
 -0.0102533    0.272742 -0.00172867
 -0.0103085     0.27306 -0.00179135
 -0.0103608    0.273376 -0.00185497
 -0.0104105    0.273696 -0.00191817
 -0.0104579    0.274015 -0.00198089
  -0.010503    0.274337 -0.00204327
 -0.0105466    0.274658 -0.00209975
-0.0105947   0.274977 -0.0021351
 -0.0106442    0.275299 -0.00216068
 -0.0106986    0.275617 -0.00217392
 -0.0107539    0.275935 -0.00218532
 -0.0108126    0.276251 -0.00218845
 -0.0108745    0.276564 -0.00218387
 -0.0109364    0.276877 -0.00217933
 -0.0110009    0.277186 -0.00216841
 -0.0110649    0.277497 -0.00215857
  -0.011131    0.277804 -0.00214337
 -0.0111986    0.278109 -0.00212379
 -0.0112654    0.278415 -0.00210609
-0.0113335   0.278718 -0.0020843
 -0.0114006    0.279023 -0.00206449
  -0.011469    0.279325 -0.00204058
  -0.011538    0.279624 -0.00201363
 -0.0116059    0.279926 -0.00198867
 -0.0116745    0.280224 -0.00196065
 -0.0117417    0.280525 -0.00193499
 -0.0118096    0.280824 -0.00190603
  -0.011876    0.281125 -0.00187946
 -0.0119428    0.281424 -0.00185032
-0.0120097    0.28172 -0.0018187
 -0.0120752    0.282018 -0.00178927
 -0.0121409    0.282315 -0.00175718
 -0.0122066     0.28261 -0.00172285
 -0.0122708    0.282907 -0.00169078
-0.0123348   0.283202 -0.0016566
-0.0123972   0.283499 -0.0016249
 -0.0124596    0.283794 -0.00159067
 -0.0125215    0.284088 -0.00155483
-0.0125819   0.284384 -0.0015212
 -0.0126418    0.284678 -0.00148583
 -0.0126999    0.284975 -0.00145283
 -0.0127579    0.285269 -0.00141769
 -0.0128141    0.285567 -0.00138484
 -0.0128698    0.285863 -0.00135043
 -0.0129249    0.286156 -0.00131451
 -0.0129783    0.286452 -0.00128058
 -0.0130313    0.286746 -0.00124485
 -0.0130826    0.287042 -0.00121128
 -0.0131331    0.287336 -0.00117646
 -0.0131832    0.287625 -0.00113957
 -0.0132317    0.287914 -0.00110462
 -0.0132788    0.288196 -0.00106905
-0.0133238    0.28848 -0.0010359
 -0.0133673    0.288759 -0.00100212
  -0.0134095     0.289033 -0.000967965
  -0.0134498     0.289307 -0.000936045
  -0.0134888     0.289577 -0.000903656
   -0.013526     0.289848 -0.000873664
  -0.0135617     0.290114 -0.000843747
  -0.0135959     0.290374 -0.000814129
  -0.0136285     0.290636 -0.000786633
 -0.0136598    0.290893 -0.00075919
  -0.0136894     0.291152 -0.000733936
  -0.0137176     0.291406 -0.000709242
  -0.0137444     0.291655 -0.000685269
  -0.0137696     0.291906 -0.000663167
  -0.0137934     0.292151 -0.000641888
  -0.0138158     0.292399 -0.000622455
  -0.0138366     0.292643 -0.000603688
   -0.013856     0.292883 -0.000585755
  -0.0138742     0.293125 -0.000569349
   -0.013891     0.293364 -0.000553511
  -0.0139066     0.293605 -0.000539139
  -0.0139213     0.293848 -0.000524236
  -0.0139352     0.294093 -0.000509053
  -0.0139478      0.29434 -0.000495149
  -0.0139599     0.294588 -0.000480699
  -0.0139709     0.294838 -0.000467458
  -0.0139815     0.295089 -0.000453569
  -0.0139911     0.295341 -0.000440768
  -0.0140003     0.295595 -0.000427333
   -0.014009     0.295848 -0.000413282
 -0.0140169    0.296103 -0.00040014
  -0.0140245     0.296357 -0.000386417
  -0.0140312     0.296612 -0.000373576
 -0.0140377    0.296867 -0.00036089
  -0.0140441     0.297121 -0.000348336
   -0.01405    0.297375 -0.00033735
  -0.0140557     0.297628 -0.000326575
 -0.0140613    0.297878 -0.00031654
  -0.0140669     0.298125 -0.000305837
  -0.0140725      0.29837 -0.000295772
  -0.0140779     0.298611 -0.000285355
  -0.0140814     0.298846 -0.000278961
  -0.0140847      0.29908 -0.000273224
  -0.0140711       0.2993 -0.000311227
  -0.0140573     0.299518 -0.000349024
  -0.0140327     0.299725 -0.000413974
 -0.0139913    0.299915 -0.00052112
  -0.0139512     0.300104 -0.000623882
  -0.0138942     0.300276 -0.000769043
  -0.0138403     0.300447 -0.000904697
   -0.01378    0.300613 -0.00105529
  -0.013724    0.300779 -0.00119374
 -0.0136565    0.300941 -0.00136028
 -0.0135789    0.301104 -0.00156512
-0.0135057   0.301265 -0.0017528
  -0.013431    0.301431 -0.00194293
 -0.0133629    0.301595 -0.00210783
 -0.0132882    0.301759 -0.00229757
 -0.0132071    0.301922 -0.00251047
 -0.0131317    0.302083 -0.00270007
 -0.0130564    0.302246 -0.00288253
 -0.0129886    0.302404 -0.00303572
 -0.0129138    0.302557 -0.00320737
 -0.0128313    0.302705 -0.00339948
 -0.0127548    0.302849 -0.00356755
 -0.0126707    0.302986 -0.00375524
 -0.0125944    0.303118 -0.00391679
 -0.0125191    0.303247 -0.00407504
 -0.0124516    0.303369 -0.00421326
 -0.0123777    0.303484 -0.00436554
 -0.0122967    0.303588 -0.00453282
 -0.0122224    0.303687 -0.00468193
 -0.0121496     0.30378 -0.00482684
 -0.0120709    0.303862 -0.00498347
 -0.0119998    0.303937 -0.00512067
 -0.0119215       0.304 -0.00527197
-0.0118515   0.304054 -0.0054029
 -0.0117835    0.304098 -0.00552821
 -0.0117104    0.304126 -0.00566298
 -0.0116457    0.304144 -0.00577749
 -0.0115731    0.304145 -0.00590679
 -0.0115095    0.304138 -0.00601447
 -0.0114461    0.304118 -0.00612267
  -0.011374    0.304081 -0.00624997
 -0.0113109    0.304037 -0.00635458
-0.0112373   0.303975 -0.0064809
  -0.011174    0.303906 -0.00658233
-0.0111103   0.303825  -0.006684
-0.0110491   0.303726 -0.0068176
  -0.010987     0.30362 -0.00690948
 -0.0109354    0.303493 -0.00703025
 -0.0108827     0.30336 -0.00713005
 -0.0108386    0.303211 -0.00722996
 -0.0108048    0.303042 -0.00731767
   -0.01077    0.302869 -0.00739503
 -0.0107448    0.302676 -0.00742875
 -0.0107179    0.302483 -0.00745503
 -0.0107106    0.302277 -0.00745254
-0.0107308   0.302055  -0.007411
 -0.0107494    0.301836 -0.00736175
 -0.0107934    0.301602 -0.00727444
  -0.010835    0.301375 -0.00718084
 -0.0108945    0.301135 -0.00705772
 -0.0109526    0.300901 -0.00692787
  -0.011035    0.300654 -0.00676047
 -0.0111375    0.300393 -0.00655911
 -0.0112387     0.30014 -0.00635026
 -0.0113525    0.299882 -0.00611606
 -0.0114641    0.299632 -0.00587768
-0.0115926   0.299373 -0.0056096
 -0.0117372    0.299109 -0.00531082
 -0.0118783    0.298853 -0.00500959
  -0.012031    0.298594 -0.00468356
 -0.0121783    0.298344 -0.00435903
  -0.012327    0.298097 -0.00402463
 -0.0124698    0.297858 -0.00369518
 -0.0126151    0.297621 -0.00335594
 -0.0127615    0.297383 -0.00300769
 -0.0129003     0.29715 -0.00266656
 -0.0130368    0.296917 -0.00232329
 -0.0131777    0.296682 -0.00196768
-0.0133111   0.296451 -0.0016201
 -0.0134569    0.296221 -0.00125238
  -0.0135975     0.295994 -0.000891902
  -0.0137454     0.295768 -0.000520669
  -0.0138993     0.295542 -0.000159397
 -0.0141571    0.295281 0.000236486
 -0.0144632    0.294984 0.000672475
-0.0147466   0.294696 0.00109872
-0.0150631   0.294379 0.00156246
-0.0153534    0.29408 0.00201083
-0.0156523   0.293795 0.00247335
-0.0159318   0.293532 0.00299182
 -0.016249   0.293276 0.00368139
-0.0165421   0.293049 0.00439344
-0.0167926    0.29285 0.00512893
-0.0169782   0.292682 0.00590696
 -0.017126   0.292539 0.00667853
-0.0172203    0.29242 0.00742072
-0.0172846   0.292318 0.00813771
-0.0172985   0.292241 0.00881215
-0.0172679   0.292185 0.00943392
-0.0172246    0.29213  0.0100242
-0.0171428   0.292087   0.010568
-0.0170238   0.292054  0.0110623
-0.0168917   0.292023  0.0115279
-0.0167283   0.291998  0.0119443
-0.0165573   0.291972  0.0123339
-0.0163629   0.291947  0.0126805
-0.0161464   0.291922  0.0129824
-0.015926  0.291894 0.0132602
-0.0156866   0.291863  0.0134954
-0.0154457   0.291827   0.013709
-0.015188  0.291785 0.0138832
 -0.01493   0.29174 0.0140378
-0.0146581    0.29169  0.0141598
-0.0143739   0.291634  0.0142482
-0.0140917    0.29157  0.0143199
-0.0137991   0.291497  0.0143605
-0.0135098   0.291417  0.0143863
-0.0132119   0.291329  0.0143866
-0.0129068   0.291234  0.0143611
-0.0126058   0.291134  0.0143229
-0.0122991   0.291026  0.0142608
-0.0119976   0.290914  0.0141875
-0.0116917   0.290799  0.0140947
-0.0113832   0.290679  0.0139817
-0.011081  0.290557  0.013859
-0.0107782   0.290429  0.0137176
-0.0105087   0.290305  0.0135349
-0.010238  0.290178 0.0133397
-0.00996824    0.290049   0.0131312
-0.00970537     0.28992   0.0129175
-0.00944548    0.289786   0.0126916
-0.00919331    0.289654    0.012461
-0.00894423    0.289519    0.012221
-0.00870052    0.289382   0.0119714
-0.00846496    0.289245   0.0117178
-0.00823634    0.289105   0.0114554
-0.00801629    0.288967    0.011189
-0.0078027   0.288827  0.0109149
-0.00766864    0.288713   0.0105631
-0.00753853    0.288595   0.0102083
-0.00741415    0.288472  0.00985047
-0.00729059    0.288345  0.00949338
-0.0071688    0.28821 0.00913567
-0.00704834    0.288072  0.00877076
-0.00692803    0.287928  0.00838892
-0.0068088   0.287774 0.00798879
-0.00669179    0.287619  0.00757617
-0.00657673    0.287455  0.00715241
-0.00646465     0.28729  0.00672473
-0.00635463    0.287118  0.00629502
-0.00624805    0.286947  0.00586797
-0.00614461    0.286769  0.00544805
-0.00604524    0.286582  0.00503892
-0.00595009    0.286394  0.00463446
-0.00586026    0.286191  0.00424003
-0.00577497    0.285985   0.0038485
-0.00569459    0.285767   0.0034673
-0.0056205   0.285535 0.00309933
-0.00555078      0.2853  0.00273696
-0.00548786     0.28505   0.0023917
-0.00542907    0.284801  0.00205366
-0.00537622    0.284541  0.00173143
-0.00532989     0.28427  0.00142978
-0.00528721       0.284  0.00113529
-0.00525125    0.283719 0.000860429
-0.00521849    0.283439 0.000590676
-0.00519147     0.28315  0.00033499
-0.00517051     0.28285 9.56092e-05
 -0.0051522    0.282552 -0.00014111
 -0.00513995     0.282241 -0.000363486
 -0.00512989     0.281932 -0.000585126
 -0.00512492     0.281613 -0.000796859
 -0.00512497     0.281283 -0.000995982
-0.00512686    0.280955 -0.00119956
-0.00513392    0.280615 -0.00139839
-0.00514227    0.280278 -0.00160188
-0.00515482    0.279932 -0.00180225
-0.00516804    0.279589 -0.00200518
 -0.0051849    0.279237 -0.00219899
-0.00520507    0.278874 -0.00238301
-0.00522516    0.278514 -0.00256731
-0.00524806    0.278143 -0.00274024
-0.00527034    0.277775 -0.00291423
-0.00529468    0.277399 -0.00307901
-0.00532087    0.277014 -0.00323366
-0.00534604    0.276631 -0.00338965
-0.00537277     0.27624 -0.00353984
-0.00531405    0.275751 -0.00365012
-0.00534422    0.275358 -0.00379466
-0.00537547    0.274954 -0.00393428
-0.00540497    0.274554  -0.0040742
 -0.0054354    0.274142 -0.00420848
-0.00546394    0.273733 -0.00434275
-0.00549398    0.273313  -0.0044748
-0.00552549    0.272882 -0.00460366
-0.00555577    0.272447 -0.00473427
 -0.0055877       0.272 -0.00486256
-0.00561826    0.271552 -0.00499458
-0.00565044    0.271095 -0.00512712
-0.00568379    0.270629 -0.00525328
-0.00571546    0.270164 -0.00538005
-0.00574838    0.269689 -0.00550146
-0.00577954    0.269216 -0.00562345
-0.00581209    0.268738 -0.00574392
-0.00584581    0.268252  -0.0058634
-0.00587762    0.267768 -0.00598246
-0.00591061    0.267279 -0.00610135
-0.00594434    0.266783 -0.00621634
-0.00597591    0.266289 -0.00632888
 -0.0060082    0.265787 -0.00643565
-0.00603822    0.265287 -0.00653863
-0.00606928    0.264782 -0.00663786
-0.00610097    0.264269 -0.00672982
-0.00613057    0.263759 -0.00681741
  -0.006161    0.263242 -0.00689706
-0.00619251     0.26272 -0.00697133
-0.0062221   0.262201  -0.007041
-0.00625273    0.261676 -0.00710296
-0.00628146    0.261153 -0.00716009
-0.00631164    0.260626 -0.00721207
  -0.006343    0.260094 -0.00725633
-0.00637276    0.259564 -0.00729611
-0.00640394    0.259029 -0.00732827
-0.00643361    0.258496 -0.00735602
-0.00646503    0.257959  -0.0073787
-0.00649804    0.257418 -0.00739466
-0.00652976    0.256878  -0.0074065
-0.00656327    0.256332 -0.00741175
-0.00659545    0.255789 -0.00741279
-0.00662957    0.255242 -0.00740869
-0.00666468     0.25469 -0.00739598
-0.00670148    0.254139 -0.00737515
-0.00674256    0.253585 -0.00733909
-0.00678619    0.253031 -0.00729379
-0.00683292     0.25247 -0.00723561
-0.00688228    0.251901 -0.00716555
-0.00693314     0.25133   -0.007089
-0.00698633    0.250754  -0.0070021
  -0.007041    0.250178 -0.00690942
-0.00709777    0.249597  -0.0068073
-0.00715644    0.249013 -0.00669687
-0.00721628    0.248431 -0.00658147
-0.00727792    0.247849  -0.0064589
-0.00734057    0.247269 -0.00633202
-0.00740474     0.24669 -0.00619885
-0.00746979    0.246113 -0.00606197
-0.00753596    0.245538 -0.00591967
-0.00760293    0.244963 -0.00577265
-0.00767043     0.24439 -0.00562276
 -0.0077383    0.243817 -0.00546919
-0.00780636    0.243246 -0.00531333
-0.00787476    0.242676 -0.00515477
-0.00794298    0.242107  -0.0049941
 -0.0080111    0.241539 -0.00483192
-0.00807857    0.240972 -0.00466918
-0.00814559    0.240406 -0.00450606
-0.00821202    0.239841 -0.00434283
 -0.0082773    0.239276 -0.00417896
-0.00834212    0.238713 -0.00401574
-0.00840578    0.238151 -0.00385202
-0.00846882    0.237591 -0.00368936
-0.00853056    0.237031 -0.00352709
-0.00859057    0.236472 -0.00336542
-0.00864995    0.235915 -0.00320499
-0.00870767    0.235358 -0.00304521
-0.00876476    0.234803 -0.00288697
-0.00882009    0.234249 -0.00273053
-0.00887326    0.233695 -0.00257585
-0.00892571    0.233143 -0.00242298
-0.00897611    0.232591 -0.00227189
-0.00902436     0.23204 -0.00212381
 -0.0090718    0.231492 -0.00197747
-0.00911673    0.230943 -0.00183376
-0.00916074    0.230396  -0.0016915
-0.00920223    0.229846 -0.00155072
-0.00924085    0.229293 -0.00141147
-0.00927843     0.22874 -0.00127266
-0.00931327    0.228183 -0.00113518
 -0.00934713     0.227628 -0.000999334
 -0.00937584      0.22707 -0.000853338
 -0.00939765     0.226512 -0.000690883
 -0.00941694     0.225957 -0.000521279
 -0.00942995     0.225401 -0.000338357
 -0.00943586     0.224846 -0.000140206
-0.00943886    0.224294 6.11192e-05
-0.00941377    0.223742 0.000264279
-0.00937602    0.223193 0.000463837
-0.00931238    0.222643 0.000662626
-0.00922071    0.222092 0.000858595
-0.00911807    0.221541  0.00104871
-0.00899226    0.220989  0.00123246
-0.00885816    0.220437  0.00139983
-0.00870057    0.219883    0.001541
-0.00852146    0.219327  0.00163835
-0.00833576    0.218771  0.00170843
-0.0081334   0.218213 0.00172997
-0.00791443    0.217653  0.00170489
-0.00769095    0.217095  0.00166304
-0.00745328    0.216535  0.00158473
-0.00721272    0.215978  0.00150114
-0.00696763     0.21542  0.00139633
-0.00673185    0.214863  0.00127411
-0.00650943     0.21431  0.00115145
-0.00629881    0.213756  0.00101652
-0.00610053    0.213204 0.000886343
-0.00591087    0.212651 0.000753389
-0.00573115    0.212097 0.000622905
-0.00556099    0.211543 0.000501404
-0.00539911    0.210986 0.000383476
-0.00524489    0.210429 0.000274089
-0.00509649    0.209868 0.000167267
-0.00495423    0.209304 6.43524e-05
  -0.0048187     0.208739 -3.43712e-05
 -0.00468995     0.208168 -0.000133174
 -0.00456864     0.207594 -0.000231567
 -0.00445379     0.207014 -0.000331104
 -0.00434691     0.206427 -0.000434146
 -0.00424721     0.205837 -0.000538293
 -0.00415514     0.205243 -0.000645068
 -0.00406514     0.204649 -0.000756672
 -0.00397543     0.204051 -0.000877303
-0.00388655    0.203452 -0.00102357
-0.00379922    0.202854 -0.00118154
-0.00371389    0.202254 -0.00134746
 -0.0036309    0.201652 -0.00151274
-0.00355038    0.201049 -0.00166574
-0.00347433    0.200443 -0.00180217
-0.00340207    0.199835 -0.00192045
-0.00333632    0.199225  -0.0020197
-0.00327936     0.19861 -0.00210063
-0.00322781    0.197996 -0.00217568
-0.00318715    0.197379 -0.00224446
-0.00315238    0.196764 -0.00231781
-0.00312813    0.196147 -0.00239569
-0.00311535    0.195529 -0.00248379
 -0.0031078    0.194913 -0.00258627
-0.00311012    0.194297 -0.00271212
-0.00311592    0.193684 -0.00284882
-0.00313061    0.193071 -0.00300267
-0.00315264    0.192458 -0.00316687
-0.00317587    0.191847 -0.00332939
 -0.0032038    0.191236 -0.00349119
-0.00323095    0.190627 -0.00364375
-0.00326144    0.190019 -0.00378931
-0.00329405     0.18941 -0.00392514
-0.00332537    0.188803 -0.00405424
-0.00335834    0.188196 -0.00417875
-0.00339214    0.187589 -0.00429751
-0.00342431    0.186983 -0.00441422
-0.00345689    0.186377 -0.00452958
 -0.0034875    0.185773 -0.00464399
-0.00351846    0.185168 -0.00475999
-0.00354893    0.184563 -0.00487567
-0.00357771    0.183958 -0.00499242
  -0.003606     0.18335 -0.00511211
-0.00363226     0.18274 -0.00523127
-0.00365799    0.182128 -0.00535195
-0.00368265    0.181512 -0.00547294
-0.00370508    0.180897 -0.00559058
-0.00372642    0.180279 -0.00570718
-0.00374585    0.179659 -0.00581971
-0.00376281    0.179041 -0.00592694
-0.00377755    0.178421 -0.00603059
-0.00378969    0.177804 -0.00612845
-0.00379979    0.177186 -0.00622347
-0.00380731    0.176567 -0.00631612
-0.00381251     0.17595 -0.00640482
-0.00381503    0.175332 -0.00649313
-0.00381521    0.174716 -0.00657741
-0.00381297    0.174099 -0.00666136
-0.00380791    0.173482 -0.00674586
-0.00380077    0.172866 -0.00682722
-0.00379121    0.172249 -0.00690978
-0.00377864    0.171633 -0.00699266
-0.00376417    0.171018 -0.00707237
-0.00374674    0.170403 -0.00715405
-0.00372751     0.16979 -0.00723197
-0.00370562    0.169177 -0.00731102
-0.00368083    0.168564 -0.00739253
-0.00365458    0.167954 -0.00747157
  -0.003626    0.167344 -0.00755057
-0.00359485    0.166735 -0.00762633
-0.00356251    0.166129 -0.00769998
-0.00352783    0.165523  -0.0077715
-0.00349208    0.164919 -0.00784141
-0.00345436    0.164315 -0.00790958
-0.00341435    0.163713 -0.00797637
-0.00337361    0.163112 -0.00804231
-0.00333085    0.162512  -0.0081083
-0.00328745    0.161914 -0.00817399
-0.00324205    0.161316 -0.00823959
-0.00319473     0.16072 -0.00830631
  -0.003147    0.160127 -0.00837351
-0.00309798    0.159533 -0.00844378
-0.00304923     0.15894 -0.00851594
-0.00299916    0.158347  -0.0085904
-0.00294807    0.157753  -0.0086686
-0.00289725     0.15716 -0.00874865
-0.00284248    0.156568 -0.00883313
-0.00278333    0.155978 -0.00892306
-0.00272172    0.155389 -0.00901476
-0.00265591    0.154803 -0.00911216
-0.00258796     0.15422 -0.00921126
-0.00251645    0.153638 -0.00931535
 -0.0024414     0.15306 -0.00942486
 -0.0023646    0.152484 -0.00953599
-0.00228438    0.151911 -0.00965268
-0.00220266    0.151341 -0.00977084
-0.00211815    0.150774 -0.00989375
-0.00203409     0.15021  -0.0100191
-0.00195384     0.14965   -0.010137
-0.00187768    0.149093  -0.0102481
-0.00180493     0.14854  -0.0103525
-0.00173587     0.14799   -0.010451
-0.0016703   0.147444 -0.0105438
-0.00160721    0.146902  -0.0106313
-0.00154457    0.146362  -0.0107149
-0.00148241    0.145826  -0.0107944
-0.00141978    0.145294  -0.0108708
-0.00135692    0.144765  -0.0109444
-0.00129485     0.14424  -0.0110144
-0.00123268    0.143718  -0.0110816
-0.00117086      0.1432  -0.0111464
-0.00111027    0.142685   -0.011208
-0.00105028    0.142173  -0.0112673
-0.000991763     0.141665   -0.0113236
-0.00093429     0.14116  -0.0113779
-0.000878278      0.14066     -0.01143
-0.00082398    0.140162  -0.0114796
-0.000771147     0.139668   -0.0115272
-0.000720101     0.139177   -0.0115731
-0.000670936      0.13869   -0.0116165
-0.000623905     0.138206   -0.0116582
-0.000579055     0.137724   -0.0116973
-0.000536275     0.137243   -0.0117341
-0.000496142     0.136764   -0.0117684
-0.000458199     0.136287      -0.0118
-0.000423179     0.135811   -0.0118292
-0.000390277     0.135336   -0.0118559
-0.000359703     0.134863   -0.0118806
-0.000331961     0.134392   -0.0119034
-0.000306189     0.133923   -0.0119242
-0.00028329    0.133456  -0.0119431
-0.000262264     0.132992   -0.0119602
-0.00024343    0.132529   -0.011976
-0.000227206     0.132069   -0.0119901
-0.000212704     0.131611   -0.0120026
-0.000200763     0.131154   -0.0120137
-0.000190452       0.1307   -0.0120232
-0.00018203    0.130247  -0.0120316
-0.000175811     0.129796   -0.0120387
-0.000171058     0.129347   -0.0120444
-0.000168446     0.128899   -0.0120489
-0.000167226     0.128454   -0.0120523
-0.000167655     0.128009   -0.0120546
-0.000169381     0.127567   -0.0120559
-0.000172737     0.127126   -0.0120563
-0.00017777    0.126687  -0.0120559
-0.000183898      0.12625   -0.0120545
-0.00019118    0.125815  -0.0120526
-0.000199547     0.125381   -0.0120498
-0.000209068     0.124949   -0.0120466
-0.000219876     0.124519    -0.012043
-0.000230121     0.124091   -0.0120394
-0.000240199     0.123664   -0.0120358
-0.000249533     0.123239   -0.0120322
-0.000258705     0.122816   -0.0120286
-0.000267769     0.122394   -0.0120251
-0.000276172     0.121974   -0.0120217
-0.000284567     0.121556   -0.0120182
-0.00029293    0.121139  -0.0120147
-0.00030071    0.120724  -0.0120114
-0.000308529     0.120311   -0.0120081
-0.000310868     0.119898    -0.012017
-0.000301352     0.119484   -0.0120455
-0.000279151     0.119068   -0.0120952
-0.000248917     0.118652   -0.0121574
-0.000208117     0.118234   -0.0122377
-0.0001562   0.117815  -0.012337
-9.78805e-05     0.117396   -0.0124467
-2.95195e-05     0.116976   -0.0125742
4.41702e-05    0.116557  -0.0127107
0.000126664    0.116137  -0.0128635
0.000213635    0.115718  -0.0130242
0.000307246    0.115299  -0.0131977
0.000407689     0.11488  -0.0133846
0.000511546    0.114463  -0.0135778
0.000620628    0.114045  -0.0137815
0.000734963    0.113627   -0.013996
0.000851699     0.11321  -0.0142154
0.000972876    0.112794  -0.0144442
 0.0010958   0.112378 -0.0146769
0.00122174   0.111963 -0.0149166
0.00135064   0.111547 -0.0151632
 0.0014798   0.111133 -0.0154113
0.00160582   0.110719  -0.015656
 0.0017285   0.110304 -0.0158962
0.00184774    0.10989 -0.0161323
0.00196344   0.109475 -0.0163643
0.00207592   0.109061 -0.0165921
0.00218473   0.108647 -0.0168156
0.00229041   0.108234 -0.0170351
0.00239233   0.107821   -0.01725
0.00249049   0.107408 -0.0174603
0.00258574   0.106997 -0.0176671
0.00267715   0.106586 -0.0178693
0.00276573   0.106176 -0.0180682
0.00285036   0.105767 -0.0182623
0.00293104   0.105359 -0.0184514
 0.0030091   0.104952 -0.0186379
0.00308311   0.104547 -0.0188194
0.00315457   0.104143 -0.0189986
0.00322184    0.10374 -0.0191726
0.00326068   0.103334 -0.0193882
0.00327991   0.102927 -0.0196339
 0.0032675   0.102515 -0.0199247
 0.0032236     0.1021 -0.0202215
0.00316454   0.101683 -0.0205179
0.00307728   0.101263 -0.0208177
0.00297926   0.100843 -0.0211146
0.00285954   0.100423 -0.0214107
0.00273164   0.100003 -0.0217029
0.00258337  0.0995844 -0.0219937
0.00241692  0.0991662  -0.022282
0.00224465  0.0987502 -0.0225657
0.00205763  0.0983356 -0.0228451
0.00186671  0.0979236 -0.0231194
0.00166273   0.097514 -0.0233892
0.00144715  0.0971071 -0.0236541
 0.0012293  0.0967031 -0.0239134
0.00100165  0.0963019 -0.0241668
0.000772819   0.0959038  -0.0244144
0.000536018   0.0955094   -0.024656
0.000292352   0.0951188  -0.0248913
5.17024e-05   0.0947339  -0.0251686
-0.000192313    0.0943545   -0.0254779
-0.000438027    0.0939813   -0.0258169
-0.000680033    0.0936135   -0.0261857
-0.000923197    0.0932516   -0.0265684
-0.00116259    0.092895  -0.0269662
-0.00140295   0.0925435  -0.0273548
-0.00164337    0.092198  -0.0277242
-0.00187982   0.0918572  -0.0280779
-0.00211596    0.091523  -0.0284104
-0.00234801   0.0911932   -0.028728
-0.00258005   0.0908688  -0.0290273
-0.00281091   0.0905501  -0.0293074
-0.00303765   0.0902352  -0.0295747
-0.00326289   0.0899255  -0.0298244
 -0.003484  0.0896191 -0.0300625
-0.00370373   0.0893166  -0.0302867
-0.00392115   0.0890181  -0.0304965
-0.00413438   0.0887222  -0.0306964
-0.00434586   0.0884282  -0.0308853
-0.00455356   0.0881342  -0.0310658
-0.00475839   0.0878411  -0.0312353
-0.00496004   0.0875481  -0.0313948
-0.00515769   0.0872552  -0.0315468
-0.00535226   0.0869623  -0.0316905
-0.00554234   0.0866695  -0.0318254
-0.00572842    0.086377   -0.031954
-0.00590961   0.0860844  -0.0320749
-0.00608676   0.0857925  -0.0321898
-0.00625923   0.0855001  -0.0322985
-0.00642645   0.0852073  -0.0324017
-0.00658978   0.0849149  -0.0324999
-0.00674762   0.0846216  -0.0325931
-0.00690195   0.0843282   -0.032682
-0.00705127   0.0840337  -0.0327671
-0.00719514   0.0837376  -0.0328484
-0.00733583   0.0834411  -0.0329262
-0.00747172    0.083143  -0.0330009
-0.00760479   0.0828447  -0.0330722
-0.00773265   0.0825443   -0.033141
-0.00785549   0.0822419  -0.0332071
-0.00797584   0.0819392  -0.0332706
-0.00809175   0.0816344   -0.033331
-0.00820333   0.0813277   -0.033389
-0.00831306    0.081021  -0.0334436
-0.00841879   0.0807124   -0.033496
-0.0085231  0.0804043 -0.0335456
-0.00862393   0.0800948  -0.0335935
-0.00872147   0.0797842  -0.0336399
-0.00881791   0.0794746  -0.0336841
-0.00891163   0.0791641  -0.0337271
-0.00900466   0.0788549  -0.0337683
-0.00909505   0.0785452  -0.0338088
-0.00918329   0.0782352  -0.0338485
-0.00927112   0.0779266  -0.0338868
-0.00935726   0.0776177  -0.0339245
-0.00944191   0.0773088   -0.033962
-0.00952655   0.0770013  -0.0339984
-0.00961023   0.0766939  -0.0340345
-0.00969459   0.0763866  -0.0340701
-0.00977831   0.0760771  -0.0341056
-0.00986221   0.0757652  -0.0341415
-0.00994675   0.0754528  -0.0341771
-0.0100316  0.0751378 -0.0342128
-0.0101172  0.0748227 -0.0342479
-0.0102027  0.0745059 -0.0342824
-0.0102889  0.0741876 -0.0343165
-0.0103758  0.0738703 -0.0343499
-0.0104632  0.0735521 -0.0343824
-0.0105512  0.0732334 -0.0344139
-0.0106401  0.0729161 -0.0344445
-0.0107299  0.0725984 -0.0344736
-0.0108206  0.0722821 -0.0345021
-0.0109124  0.0719656  -0.034529
 -0.011005  0.0716503 -0.0345553
-0.0110988  0.0713349   -0.03458
-0.0111943  0.0710194 -0.0346026
-0.0112905  0.0707052 -0.0346245
-0.0113883  0.0703909 -0.0346444
 -0.011487   0.070078 -0.0346635
-0.0115873  0.0697652 -0.0346802
-0.0116897  0.0694526 -0.0346943
-0.0117928  0.0691417 -0.0347073
-0.0118978  0.0688311 -0.0347177
-0.0120035  0.0685221 -0.0347271
-0.0121112  0.0682138 -0.0347336
-0.0122212  0.0679064 -0.0347366
-0.0123316  0.0676009 -0.0347385
-0.0124441  0.0672961 -0.0347372
-0.0125571  0.0669931 -0.0347349
 -0.012672  0.0666913 -0.0347291
 -0.012789  0.0663908 -0.0347194
-0.0129062  0.0660922 -0.0347085
-0.0130253  0.0657947 -0.0346941
-0.0131445   0.065499 -0.0346784
-0.0132656  0.0652047 -0.0346589
-0.0133885  0.0649121 -0.0346351
-0.0135112  0.0646215 -0.0346099
-0.0136357  0.0643323  -0.034581
-0.0137601  0.0640439 -0.0345512
 -0.013886  0.0637552 -0.0345178
-0.0140133  0.0634661 -0.0344804
 -0.01414  0.063177 -0.034442
-0.0142676  0.0628874 -0.0343998
-0.0143944  0.0625984 -0.0343564
-0.0145219  0.0623095 -0.0343094
-0.0146499  0.0620214 -0.0342582
-0.0147769  0.0617348 -0.0342056
-0.0149041  0.0614496 -0.0341484
-0.0150302  0.0611662   -0.03409
-0.0151565  0.0608844 -0.0340278
-0.0152828  0.0606044 -0.0339613
-0.0154078  0.0603263 -0.0338937
-0.0155328  0.0600498 -0.0338226
-0.0156564   0.059775 -0.0337505
-0.0157795   0.059502 -0.0336748
-0.0159019  0.0592308 -0.0335951
-0.0160229  0.0589612 -0.0335146
 -0.016143  0.0586935 -0.0334302
-0.0162615  0.0584273  -0.033345
-0.0163795  0.0581625 -0.0332568
-0.0164967  0.0578996  -0.033165
-0.0166123  0.0576382 -0.0330725
-0.0167273  0.0573783 -0.0329769
-0.0168407    0.05712 -0.0328806
-0.0169531  0.0568634 -0.0327812
-0.0170643  0.0566087 -0.0326784
-0.0171739  0.0563555 -0.0325751
-0.0172822  0.0561041 -0.0324686
-0.0173889  0.0558541 -0.0323616
-0.0174947  0.0556055 -0.0322523
-0.0175991  0.0553585 -0.0321403
-0.0177019  0.0551128 -0.0320279
-0.0178038  0.0548684 -0.0319132
 -0.017904  0.0546251 -0.0317983
-0.0180029  0.0543832 -0.0316812
-0.0181001  0.0541428 -0.0315616
-0.0181957  0.0539035 -0.0314418
  -0.01829  0.0536653 -0.0313203
-0.0183831  0.0534274  -0.031197
-0.0184743  0.0531881 -0.0310742
-0.0185637  0.0529477   -0.03095
-0.0186513   0.052706 -0.0308262
-0.0187371  0.0524631 -0.0307016
-0.0188204   0.052219 -0.0305758
 -0.018902  0.0519747 -0.0304501
-0.0189815    0.05173 -0.0303231
-0.0190586  0.0514854 -0.0301949
-0.0191339  0.0512414 -0.0300667
-0.0192066  0.0509979 -0.0299369
-0.0192778  0.0507551 -0.0298074
-0.0193468   0.050513 -0.0296767
-0.0194144  0.0502716 -0.0295464
-0.0194796  0.0500308 -0.0294153
-0.0195425  0.0497906 -0.0292833
-0.0196039  0.0495509 -0.0291519
-0.0196635  0.0493116 -0.0290199
-0.0197209  0.0490727 -0.0288875
-0.0197771  0.0488341 -0.0287559
-0.0198311  0.0485959 -0.0286238
-0.0198841  0.0483581 -0.0284925
-0.0199353  0.0481206 -0.0283605
-0.0199846  0.0478832  -0.028224
-0.0200329  0.0476458 -0.0280809
-0.0200792  0.0474085 -0.0279319
-0.0201246  0.0471713 -0.0277776
-0.0201682   0.046934 -0.0276189
-0.0202101  0.0466971 -0.0274583
 -0.020251  0.0464601 -0.0272959
 -0.02029 0.0462234 -0.027134
 -0.020328  0.0459867 -0.0269719
-0.0203643  0.0457502 -0.0268116
-0.0203988  0.0455141 -0.0266538
-0.0204322  0.0452781 -0.0264974
-0.0204641  0.0450424 -0.0263433
-0.0204941  0.0448073 -0.0261928
-0.0205232  0.0445724  -0.026044
-0.0205502  0.0443384 -0.0258987
-0.0205763  0.0441047 -0.0257548
-0.0206011  0.0438708 -0.0256153
-0.0206241  0.0436357 -0.0254814
 -0.020646  0.0433991 -0.0253517
-0.0206659  0.0431611 -0.0252282
-0.0206848   0.042922 -0.0251072
-0.0207019  0.0426822   -0.02499
-0.0207172  0.0424421 -0.0248756
-0.0207315   0.042202 -0.0247612
-0.0207443  0.0419624  -0.024647
-0.0207554  0.0417236 -0.0245328
-0.0207658  0.0414856 -0.0244174
-0.0207746  0.0412488 -0.0243016
-0.0207828  0.0410128 -0.0241848
-0.0207898  0.0407779 -0.0240674
-0.0207956  0.0405445 -0.0239504
-0.0208009  0.0403117 -0.0238335
-0.0208051  0.0400802 -0.0237174
-0.0208089  0.0398492 -0.0236018
-0.0208119  0.0396193 -0.0234869
-0.0208141  0.0393906 -0.0233734
 -0.020816  0.0391623 -0.0232605
-0.0208172  0.0389353 -0.0231488
 -0.020818  0.0387087 -0.0230375
-0.0208184  0.0384834  -0.022927
-0.0208183  0.0382595  -0.022817
 -0.020818   0.038036 -0.0227076
-0.0208174  0.0378138 -0.0225982
-0.0208167  0.0375923 -0.0224892
-0.0208156  0.0373722 -0.0223812
-0.0208142  0.0371538 -0.0222738
-0.0208127  0.0369358 -0.0221672
 -0.020811  0.0367193 -0.0220607
-0.0208092  0.0365034 -0.0219547
-0.0208072  0.0362889 -0.0218498
-0.0208049  0.0360761 -0.0217456
-0.0208026   0.035864  -0.021642
-0.0208002   0.035653 -0.0215385
-0.0207977  0.0354436 -0.0214361
-0.0207952  0.0352347 -0.0213342
-0.0207926  0.0350274 -0.0212328
-0.0207902  0.0348196 -0.0211337
-0.0207881  0.0346109 -0.0210379
-0.0207862  0.0344014 -0.0209452
-0.0207843  0.0341903 -0.0208552
-0.0207826  0.0339783 -0.0207671
-0.0207809  0.0337655 -0.0206812
-0.0207793   0.033552 -0.0205959
-0.0207775  0.0333386 -0.0205109
-0.0207756   0.033125 -0.0204251
-0.0207737  0.0329123 -0.0203379
-0.0207716  0.0327004 -0.0202496
-0.0207694  0.0324889 -0.0201603
 -0.020767  0.0322784 -0.0200699
-0.0207645   0.032068 -0.0199792
-0.0207617  0.0318586 -0.0198872
-0.0207588  0.0316501 -0.0197955
-0.0207558  0.0314414 -0.0197041
-0.0207526  0.0312335  -0.019613
-0.0207491  0.0310261 -0.0195224
-0.0207456  0.0308187 -0.0194321
-0.0207418  0.0306117 -0.0193423
-0.0207378  0.0304047 -0.0192528
-0.0207336  0.0301982 -0.0191634
-0.0207292  0.0299922 -0.0190749
-0.0207246  0.0297862 -0.0189866
-0.0207198   0.029581 -0.0188989
 -0.020715  0.0293758 -0.0188115
  -0.02071  0.0291713 -0.0187243
-0.0207046  0.0289674 -0.0186383
-0.0206993  0.0287636 -0.0185528
-0.0206936  0.0285604 -0.0184684
 -0.020688  0.0283572 -0.0183845
-0.0206823  0.0281546 -0.0183016
-0.0206764  0.0279526 -0.0182195
-0.0206705  0.0277504 -0.0181381
-0.0206646  0.0275488 -0.0180573
-0.0206586  0.0273471  -0.017977
-0.0206526  0.0271458  -0.017898
-0.0206464  0.0269448   -0.01782
-0.0206401  0.0267437 -0.0177431
-0.0206341  0.0265418 -0.0176688
-0.0206287  0.0263374 -0.0175972
-0.0206238  0.0261309 -0.0175288
-0.0206193  0.0259218 -0.0174636
-0.0206155  0.0257107 -0.0173998
-0.0206119  0.0254977  -0.017337
-0.0206087  0.0252829 -0.0172748
-0.0206057  0.0250672 -0.0172117
-0.0206026  0.0248504 -0.0171477
-0.0205994  0.0246333 -0.0170819
-0.020596 0.0244158 -0.017014
-0.0205922  0.0241982 -0.0169443
-0.0205882  0.0239804 -0.0168734
-0.0205835  0.0237625 -0.0168012
-0.0205786  0.0235443 -0.0167281
 -0.020573  0.0233258 -0.0166547
-0.0205666  0.0231069 -0.0165809
-0.0205599  0.0228872  -0.016507
-0.0205522  0.0226668 -0.0164332
-0.0205443  0.0224456 -0.0163594
-0.0205356  0.0222235 -0.0162859
 -0.020526  0.0220006 -0.0162126
-0.0205162  0.0217769 -0.0161392
-0.0205054  0.0215523 -0.0160659
-0.0204945  0.0213269 -0.0159923
-0.0204827  0.0211008 -0.0159184
-0.0204702   0.020874 -0.0158447
-0.0204576  0.0206465 -0.0157709
 -0.020444  0.0204184 -0.0156971
-0.0204304  0.0201895 -0.0156233
-0.0204161  0.0199601 -0.0155492
-0.0204011  0.0197299 -0.0154755
 -0.020386  0.0194992 -0.0154018
-0.0203702  0.0192677 -0.0153283
-0.0203544  0.0190356 -0.0152547
-0.0203379  0.0188029 -0.0151808
 -0.020321  0.0185695 -0.0151071
 -0.020304  0.0183355 -0.0150333
-0.0202864  0.0181008 -0.0149593
-0.0202689  0.0178655 -0.0148851
-0.0202516  0.0176288 -0.0148127
-0.0202346  0.0173895 -0.0147425
-0.0202185  0.0171473  -0.014675
-0.0202031  0.0169019 -0.0146103
-0.0201883  0.0166541  -0.014547
-0.0201742  0.0164039 -0.0144846
-0.0201608  0.0161513 -0.0144228
-0.0201478  0.0158972 -0.0143604
-0.0201352  0.0156416 -0.0142968
-0.0201228  0.0153851 -0.0142319
-0.0201106  0.0151276  -0.014165
-0.0200984  0.0148692 -0.0140957
-0.0200862  0.0146101  -0.014025
-0.020074 0.0143502 -0.013952
-0.0200616  0.0140892 -0.0138769
-0.020049 0.0138274 -0.013801
-0.0200361  0.0135644 -0.0137231
-0.0200229  0.0133005 -0.0136445
-0.0200096  0.0130354  -0.013564
-0.0199959  0.0127692 -0.0134819
-0.019982 0.0125019 -0.013398
-0.0199677  0.0122334 -0.0133109
-0.0199532   0.011964 -0.0132221
-0.0199384  0.0116938 -0.0131306
-0.0199233  0.0114228 -0.0130362
-0.0199078  0.0111512 -0.0129422
-0.0198918  0.0108792 -0.0128493
-0.0198756  0.0106068 -0.0127583
-0.0198591  0.0103342 -0.0126687
-0.0198424  0.0100617 -0.0125804
-0.0198254 0.00978916 -0.0124951
-0.0198084 0.00951681 -0.0124121
-0.0198008 0.00924512  -0.012331
-0.0198012 0.00897375 -0.0122524
-0.0198102 0.00870337  -0.012174
-0.0198266 0.00843352 -0.0120968
-0.0198513 0.00816482 -0.0120175
-0.0198805 0.00789723 -0.0119368
-0.0199101 0.00763089 -0.0118589
-0.0199407 0.00736667  -0.011783
-0.0199713 0.00710437 -0.0117104
-0.0200025 0.00684359 -0.0116395
-0.0200342  0.0065842   -0.01157
-0.0200654 0.00632667 -0.0115033
-0.0200966 0.00607037  -0.011438
-0.0201278  0.0058151 -0.0113736
 -0.020158 0.00556173 -0.0113116
-0.0201878 0.00530924   -0.01125
-0.0202164 0.00505862 -0.0111906
-0.0202448 0.00480885 -0.0111316
-0.0202727 0.00456062  -0.011073
-0.0202995  0.0043134 -0.0110158
-0.0203262 0.00406688 -0.0109586
-0.0203515 0.00382203 -0.0109028
-0.0203768 0.00357768 -0.0108468
-0.0204023 0.00333374 -0.0107903
-0.0204265 0.00309055 -0.0107343
-0.0204507 0.00284863 -0.0106776
-0.0204736 0.00260738 -0.0106211
 -0.020497 0.00236645 -0.0105633
-0.0205211 0.00212653 -0.0105045
-0.0205449 0.00188728 -0.0104455
-0.0205698 0.00164822  -0.010385
-0.0205943 0.00140987 -0.0103245
-0.0206199 0.00117177 -0.0102629
 -0.0206465 0.000933856  -0.0102002
 -0.0206726 0.000696502  -0.0101374
 -0.0206996 0.000459297  -0.0100736
 -0.0207276 0.000222159  -0.0100089
  -0.0207583 -1.47258e-05  -0.00994245
  -0.0208135 -0.000247823   -0.0098672
  -0.0208798 -0.000478614  -0.00978792
 -0.0209672 -0.00070705  -0.0097007
  -0.0210781 -0.000931859  -0.00960475
  -0.021198 -0.00115458 -0.00950431
 -0.0213351 -0.00137431  -0.0093941
 -0.0214668  -0.0015923 -0.00927823
 -0.0215558 -0.00180612 -0.00915004
 -0.0216005 -0.00201616 -0.00900648
 -0.0216174 -0.00222407   -0.008855
 -0.0215952 -0.00242809 -0.00869091
 -0.0215568 -0.00263117 -0.00852433
  -0.021494 -0.00283203 -0.00835212
 -0.0214096 -0.00303125 -0.00816121
 -0.0213174 -0.00322889 -0.00795767
 -0.0212114 -0.00342592 -0.00773903
 -0.0211034 -0.00362289  -0.0075177
  -0.020989 -0.00381984 -0.00729458
 -0.0208751  -0.0040171 -0.00707451
 -0.0207581 -0.00421606 -0.00686161
 -0.0206399 -0.00441741 -0.00666158
 -0.0205224 -0.00461946 -0.00646579
 -0.0204032 -0.00482371 -0.00628117
 -0.0202839 -0.00502787 -0.00609964
 -0.0201626 -0.00523453 -0.00593196
 -0.0200386 -0.00544378 -0.00577721
 -0.0199135 -0.00565295 -0.00562433
 -0.0197841 -0.00586375 -0.00547993
 -0.0196526 -0.00607518 -0.00533499
 -0.0195161 -0.00628876  -0.0051989
 -0.0193741 -0.00650333 -0.00506915
 -0.0192306 -0.00671738 -0.00493832
 -0.0190817 -0.00693222 -0.00481229
 -0.0189274 -0.00714792 -0.00469206
 -0.0187722 -0.00736321 -0.00457168
 -0.0186122 -0.00757951 -0.00445821
 -0.0184519 -0.00779545 -0.00434538
 -0.0182876 -0.00801234 -0.00423926
 -0.0181249 -0.00822924 -0.00413946
 -0.0179694 -0.00844454 -0.00403962
 -0.0178212 -0.00865916 -0.00394069
 -0.0176791 -0.00887223 -0.00383829
 -0.0175412 -0.00908506 -0.00373897
 -0.0174082 -0.00929828 -0.00364674
  -0.017279 -0.00951197 -0.00356177
 -0.0171528 -0.00972766 -0.00349194
 -0.0170287 -0.00994469  -0.0034331
 -0.0169045  -0.0101642 -0.00338994
-0.0167812  -0.010385 -0.0033555
 -0.0166565  -0.0106083 -0.00333537
 -0.0165299  -0.0108342 -0.00332759
  -0.016404  -0.0110608 -0.00332354
 -0.0162757   -0.011289 -0.00332479
 -0.0161478  -0.0115173 -0.00332447
 -0.0160175  -0.0117459 -0.00332384
-0.0158851 -0.0119751 -0.0033197
 -0.0157532  -0.0122041 -0.00331237
 -0.0156196  -0.0124331 -0.00330181
 -0.0154872  -0.0126621 -0.00328958
 -0.0153539  -0.0128917 -0.00327436
 -0.0152203  -0.0131221 -0.00325704
 -0.0150884  -0.0133524 -0.00324059
 -0.0149572  -0.0135837 -0.00322398
 -0.0148281  -0.0138155 -0.00320952
 -0.0147002  -0.0140479 -0.00319681
 -0.0145744  -0.0142804 -0.00318696
  -0.014451  -0.0145198 -0.00317714
 -0.0143299  -0.0147853 -0.00315963
 -0.0142113  -0.0150637 -0.00313882
 -0.0140951   -0.015366 -0.00311095
 -0.0139824  -0.0156799 -0.00308862
 -0.0138741  -0.0160186 -0.00307203
 -0.0137706  -0.0163815 -0.00305922
-0.0136697 -0.0167543 -0.0030488
 -0.0135724  -0.0171477 -0.00303831
 -0.0134786  -0.0175623 -0.00302546
 -0.0133862  -0.0179843 -0.00301014
 -0.0132965  -0.0184256 -0.00298779
 -0.0132076  -0.0188728 -0.00296031
 -0.0131207   -0.019336 -0.00292433
 -0.0130357   -0.019815 -0.00287637
-0.0129509 -0.0202981 -0.0028212
 -0.0128678  -0.0207943 -0.00275416
 -0.0127847  -0.0212958 -0.00267814
 -0.0127033  -0.0218202 -0.00258414
 -0.0126234  -0.0223665 -0.00247046
 -0.0125437  -0.0229203 -0.00234609
 -0.0124656  -0.0234878 -0.00220702
 -0.0123893  -0.0240662 -0.00205064
 -0.0123127  -0.0246422 -0.00188482
  -0.012238  -0.0252223 -0.00170331
 -0.0121637  -0.0257976 -0.00151508
  -0.012092  -0.0263741 -0.00131556
  -0.012023  -0.0269489 -0.00110425
  -0.0119545   -0.0275182 -0.000887336
  -0.0118889   -0.0280853 -0.000659179
  -0.0118237   -0.0286476 -0.000425802
  -0.0117614   -0.0292093 -0.000183863
 -0.0116996  -0.0297673 5.98079e-05
 -0.0116424  -0.0303251 0.000300008
 -0.0115896  -0.0308826 0.000536761
  -0.011538  -0.0314371 0.000767704
 -0.0114899  -0.0319913 0.000995338
-0.0114422 -0.0325422 0.00121718
-0.0113977 -0.0330911 0.00143509
-0.0113556 -0.0336372 0.00164853
-0.0113131 -0.0341787   0.001856
-0.0112724 -0.0347155 0.00205829
-0.0112305 -0.0352469 0.00225443
-0.0111898  -0.035773 0.00244537
-0.0111476 -0.0362932 0.00263016
-0.0111057 -0.0368063 0.00280889
-0.0110637 -0.0373113 0.00298103
-0.0110197 -0.0378104  0.0031472
 -0.010975 -0.0383008 0.00330649
-0.0109282 -0.0387855    0.00346
-0.0108801 -0.0392612 0.00360645
-0.0108297 -0.0397314 0.00374735
-0.0107782 -0.0401936 0.00388191
-0.0107249 -0.0406465  0.0040093
 -0.010669 -0.0410941 0.00413144
-0.0106115 -0.0415331 0.00424706
-0.0105512 -0.0419671 0.00435764
-0.0104888 -0.0423915 0.00446103
 -0.010424 -0.0428061 0.00455709
-0.0103568 -0.0432162  0.0046486
-0.0102872 -0.0436165 0.00473291
-0.0102151 -0.0440125 0.00481297
-0.0101411 -0.0443997 0.00488664
-0.0100647 -0.0447773 0.00495337
-0.00998598  -0.0451518  0.00501658
-0.0099049 -0.0455187 0.00507359
-0.00982136   -0.045885  0.00513106
-0.00973582  -0.0462493  0.00519657
-0.00964782   -0.046612  0.00526995
-0.00955752  -0.0469766  0.00535026
-0.00946461   -0.047338  0.00543639
-0.00936946  -0.0476989  0.00552605
-0.0092723 -0.0480546 0.00561834
-0.00917272  -0.0484032  0.00571088
-0.00907112  -0.0487492  0.00580299
-0.00896765  -0.0490872  0.00589282
-0.00886203  -0.0494157  0.00597828
-0.0087545 -0.0497405  0.0060606
-0.00864475  -0.0500549  0.00613652
-0.00853313  -0.0503655   0.0062084
-0.00841978  -0.0506664  0.00627352
-0.00830454  -0.0509639   0.0063335
-0.0081877 -0.0512513 0.00638485
-0.0080691 -0.0515289 0.00642778
-0.00794897  -0.0518039  0.00646595
-0.00782717  -0.0520698   0.0064967
-0.00770421   -0.052334   0.0065232
-0.00758025  -0.0525909   0.0065436
-0.00745538  -0.0528409  0.00655762
-0.00732945  -0.0530902  0.00656943
-0.00720737  -0.0533314  0.00661829
-0.00709485  -0.0535724  0.00667726
-0.00699497  -0.0538084  0.00674947
-0.00690789    -0.05404  0.00683642
-0.0068287 -0.0542723 0.00693133
-0.00675982  -0.0545012  0.00703807
-0.00669745  -0.0547315  0.00715165
-0.0066448 -0.0549594 0.00727728
-0.00660119  -0.0551861  0.00741446
-0.00656262  -0.0554149   0.0075572
-0.00653105  -0.0556432  0.00770888
-0.00650356  -0.0558741  0.00786528
-0.00648265  -0.0561057    0.008031
-0.00646762  -0.0563389  0.00820555
-0.00645524  -0.0565765  0.00838375
-0.00644685  -0.0568185  0.00856879
-0.00644207  -0.0570663  0.00876088
-0.00643893  -0.0573205  0.00895613
-0.00643855  -0.0575817  0.00915779
-0.00643941  -0.0578488  0.00936201
-0.00643935  -0.0581211  0.00956574
-0.00643763  -0.0583996  0.00976833
-0.00643403  -0.0586826  0.00996817
-0.00642854  -0.0589718   0.0101667
-0.00642119  -0.0592652   0.0103627
-0.00641181  -0.0595638   0.0105567
-0.00640022  -0.0598688   0.0107492
-0.00638679  -0.0601779   0.0109393
-0.00637101  -0.0604939   0.0111279
-0.00635342  -0.0608141   0.0113144
-0.0063334 -0.0611405  0.0114989
-0.00631089  -0.0614743   0.0116818
-0.00628669  -0.0618121    0.011863
-0.00625993  -0.0621565   0.0120421
-0.00623468  -0.0625065   0.0122501
-0.00621081  -0.0628659   0.0124923
-0.00618826  -0.0632347   0.0127677
-0.00616725  -0.0636087   0.0130721
-0.00614519    -0.06399   0.0133976
-0.00612145  -0.0643791   0.0137411
-0.00609685  -0.0647719   0.0140947
-0.00606871  -0.0651717   0.0144388
-0.00603882  -0.0655744   0.0147754
-0.00600428  -0.0659835   0.0151005
-0.00596484  -0.0663992   0.0154138
-0.00592388  -0.0668175   0.0157206
-0.00587803  -0.0672422   0.0160159
-0.00583122   -0.067669   0.0163058
  -0.00578 -0.0681009  0.0165849
-0.00572462  -0.0685382    0.016854
-0.00566892  -0.0689769    0.017119
-0.00560415  -0.0694198   0.0173859
-0.00552626  -0.0698618   0.0176796
-0.00542345  -0.0703049   0.0180117
-0.00529408  -0.0707501   0.0183856
-0.00515383  -0.0711973   0.0187785
-0.00499002  -0.0716489    0.019197
-0.00482005  -0.0721031   0.0196078
-0.00463326   -0.072562     0.02001
-0.00443072  -0.0730263   0.0204019
-0.00422514  -0.0734929   0.0207845
-0.00400707  -0.0739638   0.0211558
-0.0037875 -0.0744361  0.0215182
-0.0035569 -0.0749125  0.0218689
-0.00331649  -0.0753927   0.0222078
-0.00307572  -0.0758739   0.0225388
-0.00282672   -0.076358   0.0228589
-0.00257056  -0.0768452   0.0231683
-0.00231515  -0.0773333   0.0234707
-0.00205371  -0.0778245   0.0237629
-0.00179381  -0.0783166   0.0240486
-0.00152895  -0.0788112    0.024325
-0.00126621  -0.0793068   0.0245954
-0.000999988   -0.0798051    0.0248568
-0.000731201   -0.0803058    0.0251096
-0.000465381   -0.0808072    0.0253567
-0.000198252   -0.0813108    0.0255957
6.53608e-05  -0.0818148   0.0258296
0.00032959 -0.0823205   0.026056
0.000589943  -0.0828264   0.0262776
0.000849668  -0.0833336    0.026492
 0.0011051 -0.0838409  0.0267017
0.00135855 -0.0843493  0.0269047
 0.0016094 -0.0848584   0.027101
0.00185553 -0.0853676   0.027293
0.00209894 -0.0858771   0.027479
 0.0023384 -0.0863872  0.0276592
0.00257302 -0.0868974  0.0278355
0.00280315 -0.0874077  0.0280064
0.00302837 -0.0879181  0.0281737
0.00324917 -0.0884287  0.0283362
0.00346473  -0.088939   0.028494
0.00367532 -0.0894494  0.0286485
0.00388093 -0.0899596  0.0287986
0.00408122 -0.0904713  0.0289449
0.00427454  -0.090986  0.0290858
0.00446053 -0.0915044  0.0292214
0.00464102 -0.0920262  0.0293533
0.00481493 -0.0925514  0.0294809
0.00498158   -0.09308  0.0296041
0.00514362 -0.0936107  0.0297248
0.00529878 -0.0941439   0.029842
0.00545005 -0.0946782  0.0299574
0.00559569 -0.0952134  0.0300704
0.00573556 -0.0957495  0.0301811
0.00587219 -0.0962862  0.0302905
0.00600407 -0.0968233  0.0303981
0.00613324  -0.097361  0.0305046
0.00625745 -0.0978995  0.0306094
0.00637706 -0.0984387  0.0307124
0.0064943 -0.098979 0.0308143
0.00660783 -0.0995198  0.0309152
0.00671938  -0.100062  0.0310152
0.00682712  -0.100605   0.031114
0.0069314 -0.101149 0.0312114
0.00703408  -0.101694  0.0313084
0.00713398   -0.10224  0.0314044
0.00723272  -0.102787  0.0315002
0.00732871  -0.103335  0.0315949
0.0074225 -0.103882 0.0316888
0.0075154 -0.104431 0.0317824
0.00760656   -0.10498  0.0318752
0.00769609  -0.105529  0.0319668
0.00778517  -0.106079  0.0320583
0.00787323  -0.106628  0.0321486
0.00796112  -0.107179  0.0322389
0.00804807  -0.107729  0.0323276
0.00813486   -0.10828  0.0324154
0.00822167  -0.108831   0.032503
0.00830853  -0.109382  0.0325894
0.00839564  -0.109934  0.0326744
 0.008483 -0.110487 0.0327592
 0.008571  -0.11104 0.0328421
0.00865933  -0.111593  0.0329249
0.00874799  -0.112149   0.033005
0.00883621  -0.112708  0.0330824
0.00892333  -0.113271  0.0331586
0.00900994  -0.113838  0.0332314
0.00909583  -0.114409  0.0333035
0.00918142  -0.114983  0.0333726
0.00926732   -0.11556  0.0334391
0.00935313   -0.11614  0.0335052
0.00943993  -0.116723   0.033569
0.00952714  -0.117306  0.0336327
0.00961573  -0.117892  0.0336939
0.00970637  -0.118481  0.0337523
0.0097976  -0.11907 0.0338105
0.00989136  -0.119662  0.0338659
0.00998589  -0.120256  0.0339212
0.0100829 -0.120851 0.0339742
0.0101828 -0.121449 0.0340246
0.0102833 -0.122048 0.0340748
0.0103867  -0.12265 0.0341227
0.0104906 -0.123253 0.0341706
0.0105972 -0.123858 0.0342156
0.0107067 -0.124465 0.0342529
0.0108165 -0.125073 0.0342883
0.0109287 -0.125683 0.0343157
0.0110434 -0.126293 0.0343344
0.0111581 -0.126905 0.0343526
0.0112753 -0.127518 0.0343629
0.0113921 -0.128132 0.0343747
 0.011511 -0.128746 0.0343816
0.0116319 -0.129361 0.0343835
0.0117522 -0.129976 0.0343874
0.0118743 -0.130592 0.0343877
0.0119956 -0.131209  0.034391
0.0121183 -0.131826 0.0343899
0.0122422 -0.132445  0.034384
0.0123651 -0.133063 0.0343803
 0.012489 -0.133682 0.0343727
0.0126138 -0.134302 0.0343612
0.0127374 -0.134922 0.0343523
0.0128616 -0.135543 0.0343385
0.0129839 -0.136166  0.034325
0.0131057  -0.13679  0.034307
0.0132269 -0.137414 0.0342848
0.0133457 -0.138037  0.034266
0.0134632  -0.13866 0.0342427
0.0135783 -0.139283 0.0342224
0.0136926 -0.139906  0.034198
0.0138056 -0.140529 0.0341678
0.0139162 -0.141153 0.0341381
0.0140255 -0.141779 0.0341005
0.0141327 -0.142406 0.0340636
0.0142392 -0.143034 0.0340209
0.0143445 -0.143665 0.0339719
0.0144479 -0.144296 0.0339245
0.0145504 -0.144929 0.0338713
 0.014651 -0.145563 0.0338215
0.0147511 -0.146197 0.0337692
0.0148504 -0.146832 0.0337138
 0.014948 -0.147467 0.0336616
0.0150452 -0.148102 0.0336075
0.0151416 -0.148736 0.0335504
0.0152362 -0.149371 0.0334957
0.0153301 -0.150005 0.0334366
0.0154222 -0.150639 0.0333795
0.0155137 -0.151272 0.0333188
0.0156044 -0.151905 0.0332531
0.0156934 -0.152539 0.0331886
0.0157816 -0.153172  0.033118
 0.015868 -0.153805  0.033049
0.0159538 -0.154438 0.0329756
0.0160391 -0.155071 0.0328974
0.0161228 -0.155704 0.0328204
0.0162059 -0.156338  0.032738
0.0162874 -0.156971 0.0326573
0.0163686 -0.157604  0.032573
0.0164493 -0.158237  0.032484
0.0165285  -0.15887 0.0323963
0.0166075 -0.159502 0.0323051
 0.016686 -0.160134 0.0322092
 0.016763 -0.160766 0.0321145
0.0168389   -0.1614 0.0320117
0.0169123 -0.162034 0.0319108
0.0169843 -0.162666 0.0318082
0.0170545 -0.163295 0.0317032
0.0171224 -0.163923 0.0316013
0.0171887 -0.164549 0.0314972
0.0172529 -0.165174  0.031389
0.0173149 -0.165799 0.0312806
0.0173749 -0.166425  0.031165
 0.017433 -0.167052 0.0310482
0.0174898 -0.167681 0.0309251
0.0175448 -0.168312 0.0308015
0.0175984 -0.168945 0.0306723
0.0176505 -0.169581  0.030543
0.0177011 -0.170218  0.030416
0.0177509 -0.170856 0.0302893
0.0177998 -0.171496 0.0301631
0.0178479 -0.172136  0.030039
0.0178951 -0.172777  0.029915
0.0179416 -0.173417 0.0297928
0.0179876 -0.174058 0.0296705
0.0180411 -0.174713 0.0296986
0.0180937 -0.175367 0.0297244
 0.018146 -0.176021 0.0297345
0.0181981 -0.176675 0.0297132
0.0182504 -0.177331 0.0296445
0.0183032 -0.177987 0.0295253
0.0183558 -0.178645 0.0293824
0.0184089 -0.179303 0.0292098
0.0184613 -0.179963 0.0290371
 0.018513 -0.180624 0.0288676
0.0185643 -0.181285 0.0286998
0.0186154 -0.181947 0.0285354
0.0186665 -0.182609  0.028373
0.0187178 -0.183271 0.0282126
0.0187686 -0.183934 0.0280551
0.0188193 -0.184598 0.0278991
0.0188694 -0.185261 0.0277455
0.0189193 -0.185925 0.0275929
0.0189689  -0.18659 0.0274412
0.0190169 -0.187257 0.0272913
0.0190622 -0.187927 0.0271421
 0.019104 -0.188601 0.0269949
0.0191425  -0.18928 0.0268481
0.0191767 -0.189964 0.0267017
0.0192081 -0.190651 0.0265571
0.0192356 -0.191342 0.0264128
0.0192611 -0.192036 0.0262703
0.0192842 -0.192732 0.0261281
 0.019305 -0.193432 0.0259864
0.0193247 -0.194134 0.0258463
0.0193427 -0.194838 0.0257067
0.0193601 -0.195545 0.0255687
0.0193768 -0.196253 0.0254313
0.0193929 -0.196965 0.0252945
0.0194087 -0.197678 0.0251594
0.0194242 -0.198395 0.0250249
0.0194396 -0.199114 0.0248911
0.0194549 -0.199835 0.0247591
0.0194701  -0.20056 0.0246278
0.0194852 -0.201285  0.024498
0.0195003 -0.202013 0.0243689
0.0195154 -0.202743 0.0242404
0.0195302 -0.203475 0.0241134
0.0195447  -0.20421 0.0239868
0.0195588 -0.204945 0.0238615
 0.019573 -0.205682 0.0237366
0.0195868 -0.206422 0.0236118
0.0196001 -0.207162 0.0234883
0.0196129 -0.207905 0.0233578
 0.019625 -0.208647 0.0232208
0.0196366 -0.209392  0.023074
0.0196476 -0.210136 0.0229221
0.0196585 -0.210882 0.0227617
0.0196694  -0.21163 0.0225938
0.0196803 -0.212378 0.0224238
0.0196919 -0.213127 0.0222492
0.0197044 -0.213877 0.0220712
0.0197175 -0.214627 0.0218935
0.0197319 -0.215377 0.0217141
0.0197459  -0.21613 0.0215333
0.0197586 -0.216885 0.0213482
0.0197697 -0.217645 0.0211591
0.0197789 -0.218408 0.0209689
 0.019786 -0.219175 0.0207758
0.0197917 -0.219944 0.0205836
0.0197963 -0.220715 0.0203907
0.0197997 -0.221488 0.0201977
0.0198026 -0.222263 0.0200073
0.0198051 -0.223039 0.0198183
0.0198076 -0.223816 0.0196312
0.0198102 -0.224593 0.0194476
0.0198132 -0.225372 0.0192669
0.0198163 -0.226151   0.01909
0.0198198 -0.226931 0.0189161
0.0198235 -0.227711 0.0187464
0.0198283 -0.228492 0.0185849
 0.019834 -0.229275 0.0184316
0.0198401 -0.230057 0.0182859
0.0198466 -0.230841 0.0181475
0.0198531 -0.231625 0.0180159
0.0198596 -0.232409 0.0178906
0.0198659 -0.233195 0.0177719
0.0198716  -0.23398  0.017659
0.0198765 -0.234766 0.0175519
0.0198805 -0.235551 0.0174501
0.0198835 -0.236337 0.0173533
0.0198852 -0.237123 0.0172615
0.0198858 -0.237908 0.0171742
0.0198846 -0.238693 0.0170913
0.0198824 -0.239478 0.0170124
0.0198785 -0.240262 0.0169374
0.0198727 -0.241046 0.0168661
0.0198657 -0.241829 0.0167982
0.0198567 -0.242612 0.0167336
0.0198464 -0.243394 0.0166721
0.0198344 -0.244175 0.0166133
0.0198295 -0.244915 0.0165383
0.0198394 -0.245648 0.0164557
0.0198868 -0.246418  0.016373
0.0199952 -0.247226 0.0162828
0.0201737  -0.24808 0.0161834
0.0204217 -0.248991 0.0160776
0.0207189 -0.249951 0.0159725
0.0210899 -0.250968 0.0158616
0.0215356 -0.252014 0.0157745
0.0219997 -0.253037 0.0157116
0.0224883    -0.254 0.0156767
0.0229508 -0.254863 0.0156409
 0.023413 -0.255618 0.0156083
0.0238368  -0.25628 0.0155537
0.0242292 -0.256828 0.0154668
0.0245685 -0.257314 0.0153166
0.0248646 -0.257781 0.0151284
0.0251037 -0.258226 0.0148735
0.0253075  -0.25866 0.0145894
0.0254751 -0.259074 0.0143122
0.0255997 -0.259464 0.0140421
0.0257007 -0.259844 0.0137813
0.0257669 -0.260197 0.0135251
0.0254968 -0.260559 0.0138289
0.0251707 -0.260956 0.0142603
0.0249278 -0.261431 0.0149751
0.0246632 -0.261902 0.0157495
0.0243667 -0.262374 0.0166699
0.0240808 -0.262834 0.0175971
0.0238067 -0.263257 0.0185202
 0.023549 -0.263663  0.019421
0.0233063  -0.26403 0.0203026
0.0230772 -0.264382  0.021164
0.0228548 -0.264698 0.0220095
0.0226445    -0.265 0.0228253
0.0224371 -0.265271 0.0236115
0.0222295 -0.265515 0.0243621
0.0220305 -0.265743 0.0250658
0.0217901 -0.265908 0.0253113
0.0215579  -0.26606 0.0255304
0.0213192 -0.266186 0.0257281
 0.021072 -0.266277 0.0259144
0.0208303 -0.266341 0.0260892
0.0205714 -0.266393 0.0262571
0.0203066 -0.266475 0.0264187
0.0200149 -0.266567 0.0265576
 0.019715 -0.266678  0.026674
0.0193916 -0.266794 0.0267616
0.0190441 -0.266914 0.0268173
0.0187093 -0.267039 0.0268486
0.0183731 -0.267158 0.0268413
 0.018049 -0.267274 0.0268181
0.0177236 -0.267377   0.02677
0.0174092 -0.267474 0.0267119
0.0170919 -0.267552 0.0266333
0.0167844 -0.267624 0.0265481
0.0164739 -0.267671 0.0264472
0.0161775 -0.267693 0.0263375
0.0158965 -0.267707 0.0262264
0.0156286 -0.267695 0.0261095
0.0153742 -0.267678 0.0259919
0.0151312 -0.267641 0.0258702
0.0148989 -0.267581 0.0257441
0.0146776 -0.267517 0.0256175
0.0144655 -0.267429 0.0254863
0.0142631 -0.267338 0.0253546
0.0140685 -0.267231 0.0252191
0.0138824 -0.267121 0.0250832
0.0137031 -0.266992 0.0249413
0.0135299 -0.266844 0.0247905
0.0133635 -0.266693 0.0246363
0.0132022 -0.266524 0.0244733
0.0130468 -0.266354 0.0243071
0.0128958  -0.26617 0.0241336
0.0127486 -0.265971 0.0239525
0.0126065 -0.265772 0.0237693
0.0124676 -0.265558 0.0235797
0.0123331 -0.265344 0.0233886
0.0122013  -0.26512 0.0231925
0.0120734 -0.264897 0.0229955
0.0119478 -0.264661 0.0227939
0.0118242 -0.264413 0.0225883
0.0117037 -0.264166 0.0223826
0.0115847 -0.263907 0.0221721
0.0114683 -0.263653 0.0219593
0.0113528 -0.263393 0.0217418
0.0112395 -0.263138 0.0215226
 0.011127 -0.262879 0.0212988
0.0110153 -0.262616 0.0210715
0.0109055 -0.262359 0.0208443
0.0107964 -0.262101 0.0206162
0.0106889 -0.261848 0.0203866
0.0105818 -0.261595 0.0201546
0.0104751  -0.26134 0.0199134
0.0103694 -0.261088 0.0196658
0.0102642 -0.260836 0.0194162
0.0101612 -0.260587 0.0191756
0.0100597 -0.260337  0.018942
0.00995963  -0.260085  0.0187149
0.00986161  -0.259836  0.0184951
0.00976483  -0.259588  0.0182788
0.00966928  -0.259346  0.0180707
0.00957411  -0.259106  0.0178698
0.00947932  -0.258868  0.0176754
0.00938554  -0.258637  0.0174883
0.00929203  -0.258409  0.0173074
0.00919943  -0.258189  0.0171332
0.00910703  -0.257973  0.0169651
0.00901483  -0.257761  0.0168025
0.00892337  -0.257556  0.0166459
 0.008832 -0.257357 0.0164944
0.00874127  -0.257165  0.0163484
0.00865056  -0.256978  0.0162073
0.00855978  -0.256796  0.0160707
0.00846952  -0.256622  0.0159389
0.0083791 -0.256452 0.0158111
0.00829018   -0.25629  0.0156851
0.00820829  -0.256133  0.0155559
0.00813512   -0.25598  0.0154217
0.00806532  -0.255835  0.0152885
0.0080029 -0.255695 0.0151511
0.00794309  -0.255562  0.0150151
0.00789037  -0.255433   0.014875
0.00784423   -0.25531  0.0147309
0.00779966  -0.255193  0.0145889
0.00776075  -0.255082  0.0144435
0.00772275  -0.254978  0.0143004
0.00768905   -0.25488  0.0141552
0.00765958  -0.254787  0.0140078
0.00763028  -0.254702  0.0138629
0.00760424  -0.254622  0.0137162
0.00757786  -0.254549  0.0135722
0.00755423  -0.254482   0.013427
0.00753296   -0.25442  0.0132806
0.0075108 -0.254364 0.0131368
0.00749024  -0.254313  0.0129922
0.00747083  -0.254267  0.0128472
0.00744999  -0.254226   0.012705
0.00742988   -0.25419  0.0125623
0.00740799  -0.254159  0.0124225
0.00738625  -0.254132  0.0122826
0.00736419  -0.254109  0.0121431
0.00734005  -0.254092  0.0120064
0.00731526  -0.254077    0.01187
0.00728719  -0.254068   0.011737
0.00725677  -0.254061  0.0116053
0.00722301  -0.254058  0.0114769
0.00718691  -0.254058  0.0113499
0.00714825  -0.254061  0.0112244
0.00710651  -0.254068  0.0111017
0.0070621 -0.254078 0.0109806
0.00701458  -0.254093  0.0108625
0.00696411   -0.25411  0.0107463
0.00691054  -0.254131   0.010632
0.00685394  -0.254156  0.0105206
0.00679409  -0.254184  0.0104112
0.00673125  -0.254216  0.0103047
0.00666524  -0.254252  0.0102001
0.0065963 -0.254292 0.0100984
0.00652387  -0.254336 0.00999966
 0.0064484  -0.254384 0.00990222
0.00637135  -0.254437 0.00980384
0.00629218  -0.254493 0.00970442
0.00621139  -0.254553 0.00960454
0.00612797  -0.254617 0.00950469
0.00604252  -0.254686 0.00940556
0.00595398  -0.254758 0.00930746
0.00586199  -0.254833 0.00921131
 0.0057676  -0.254913 0.00911716
0.00566933  -0.254995 0.00902606
0.00556857  -0.255083 0.00893749
  0.005464  -0.255173 0.00885249
0.00535531  -0.255267 0.00877162
0.00524427  -0.255365 0.00869341
0.00512926  -0.255466 0.00861909
0.00501218  -0.255571  0.0085472
0.00489133  -0.255678 0.00847896
0.00476867  -0.255789 0.00841289
0.00464258  -0.255902 0.00835052
0.00451326  -0.256018 0.00829118
0.00438256  -0.256137 0.00823361
0.00424893  -0.256257 0.00817858
0.00411424   -0.25638 0.00812493
0.00397696  -0.256506  0.0080739
0.00383732  -0.256632 0.00802478
  0.003697  -0.256761 0.00797665
0.00355461  -0.256891 0.00792995
0.00341181  -0.257024 0.00788397
0.00326729  -0.257157 0.00783931
0.00312255  -0.257293  0.0077952
0.00297612   -0.25743 0.00775232
 0.0028283  -0.257567 0.00771009
0.00268057  -0.257707  0.0076681
0.00253167  -0.257846 0.00762687
0.00238302  -0.257989 0.00758576
 0.0022269  -0.258131 0.00754243
0.00205886  -0.258273 0.00749458
0.00188612  -0.258417 0.00744476
0.00170209   -0.25856 0.00739099
0.00151493  -0.258705 0.00733683
0.00131949  -0.258851 0.00728164
 0.0011161  -0.258996 0.00722537
0.000911572   -0.259145  0.00717026
0.000700933   -0.259293  0.00711512
0.000490673   -0.259444  0.00706175
0.000277765   -0.259595  0.00700859
7.0006e-05  -0.259746 0.00695367
-0.000132667      -0.2599   0.00689937
-0.000330446    -0.260052   0.00684356
-0.000523514    -0.260207   0.00678872
-0.00071199   -0.260361  0.00673324
-0.000895969    -0.260514    0.0066767
-0.0010758   -0.26067 0.00662083
-0.0012515  -0.260825 0.00656396
-0.00142338   -0.260983  0.00650781
-0.00159135   -0.261141  0.00645066
-0.00175554   -0.261296  0.00639217
-0.00191637   -0.261455  0.00633411
-0.00207375   -0.261614  0.00627495
-0.00222805   -0.261776   0.0062164
-0.0023791  -0.261937 0.00615677
-0.00252699   -0.262098  0.00609581
-0.00267218   -0.262262  0.00603527
-0.00281444   -0.262426  0.00597331
-0.00295421   -0.262593  0.00591201
-0.00309134   -0.262761  0.00584966
-0.00322586   -0.262928  0.00578667
-0.00335818     -0.2631  0.00572422
-0.00348809   -0.263272  0.00566065
-0.00361596   -0.263448  0.00559779
-0.00374165   -0.263624  0.00553406
-0.00386518   -0.263802  0.00546982
-0.00398691   -0.263984  0.00540612
-0.00410663   -0.264166  0.00534141
-0.00422469   -0.264353  0.00527736
-0.00434092   -0.264541  0.00521263
-0.00445535    -0.26473  0.00514738
-0.00456829   -0.264923  0.00508264
-0.00467956   -0.265118  0.00501693
-0.00478944   -0.265316  0.00495184
-0.00489778   -0.265517  0.00488614
-0.0050046  -0.265718 0.00481998
-0.00511017   -0.265924   0.0047543
-0.00521431   -0.266131  0.00468758
-0.00531731   -0.266342  0.00462102
 -0.005419  -0.266552 0.00455348
-0.00551937   -0.266764  0.00448501
-0.0056187  -0.266979 0.00441664
-0.00571675   -0.267194  0.00434693
-0.00581382   -0.267412  0.00427756
-0.00590968   -0.267631  0.00420744
-0.00600463   -0.267854  0.00413776
-0.00609838   -0.268077  0.00406738
-0.00619096   -0.268301  0.00399609
-0.00628269   -0.268528  0.00392516
-0.00637332   -0.268756  0.00385382
-0.00646283   -0.268985  0.00378215
-0.00655155   -0.269218  0.00371097
-0.0066392  -0.269451 0.00363913
-0.00672609   -0.269688  0.00356787
-0.00681196   -0.269926  0.00349634
-0.0068971  -0.270168 0.00342538
-0.00698123   -0.270411  0.00335411
-0.00706435   -0.270654  0.00328224
-0.0071468  -0.270901 0.00321074
-0.00722825   -0.271149  0.00313854
-0.00730905     -0.2714  0.00306683
-0.00738889   -0.271652  0.00299528
-0.00746779   -0.271906  0.00292324
-0.00754607   -0.272163  0.00285162
-0.00762304    -0.27242  0.00277914
-0.00769942   -0.272682  0.00270713
-0.00777494   -0.272944  0.00263483
-0.00784956   -0.273207  0.00256248
-0.00792363   -0.273474  0.00249049
-0.00799684   -0.273741  0.00241796
-0.00806949   -0.274011  0.00234584
-0.00814091   -0.274284  0.00227372
-0.00821152   -0.274557  0.00220116
-0.00828163   -0.274833  0.00212891
-0.00835092   -0.275109  0.00205603
-0.0084197  -0.275389  0.0019835
-0.00848767    -0.27567  0.00191115
-0.00855448    -0.27595  0.00183793
-0.00862084   -0.276233  0.00176441
-0.00868646   -0.276514  0.00168967
-0.00875162   -0.276797  0.00161471
-0.00881589   -0.277079  0.00154014
-0.00887884   -0.277359  0.00146527
-0.00894134   -0.277641  0.00139048
-0.00900291   -0.277921  0.00131553
-0.00906403   -0.278203  0.00124065
-0.00912427   -0.278484  0.00116626
-0.0091836  -0.278763 0.00109182
-0.0092425  -0.279045 0.00101736
-0.00930014   -0.279324 0.000942516
-0.00935738   -0.279605 0.000867627
-0.00941379   -0.279886  0.00079319
-0.00946934   -0.280165 0.000718652
-0.00952451   -0.280446 0.000644018
-0.00957881   -0.280725 0.000569187
-0.00963273   -0.281007 0.000494248
-0.00968553   -0.281287 0.000419261
-0.00973752   -0.281566  0.00034445
-0.00978915   -0.281848 0.000269511
-0.00983998   -0.282127 0.000194486
-0.00989045    -0.28241 0.000119328
-0.00993988   -0.282691 4.41987e-05
 -0.00998896    -0.282975 -3.10517e-05
  -0.0100373    -0.283258 -0.000106061
  -0.0100849    -0.283539 -0.000181072
 -0.0101321   -0.283823 -0.00025626
  -0.0101784    -0.284104 -0.000331588
  -0.0102243    -0.284389 -0.000407068
  -0.0102695    -0.284673 -0.000481939
   -0.010314    -0.284956 -0.000556665
  -0.010358   -0.285241 -0.00063167
  -0.0104014    -0.285526 -0.000706335
  -0.0104443    -0.285813 -0.000781197
  -0.0104867      -0.2861 -0.000855645
  -0.0105282    -0.286386 -0.000929994
 -0.0105694   -0.286674 -0.00100459
  -0.01061  -0.286961 -0.0010788
 -0.0106502   -0.287251 -0.00115346
 -0.0106898   -0.287538 -0.00122823
 -0.0107287   -0.287821 -0.00130334
-0.0107672  -0.288105 -0.0013793
 -0.0108051   -0.288387 -0.00145541
 -0.0108427    -0.28867 -0.00153218
 -0.0108797    -0.28895 -0.00160896
-0.0109161  -0.289226 -0.0016859
 -0.0109521   -0.289504 -0.00176337
 -0.010988  -0.289778 -0.0018408
  -0.011027   -0.290053 -0.00191751
 -0.0110747   -0.290327 -0.00199035
 -0.0111319   -0.290597 -0.00205892
 -0.0111934    -0.29087 -0.00212298
  -0.011266    -0.29114 -0.00217896
 -0.0113419   -0.291413 -0.00223098
  -0.011427   -0.291683 -0.00227591
 -0.0115206   -0.291952 -0.00231417
 -0.0116154   -0.292224 -0.00234998
 -0.0117169   -0.292494 -0.00238042
 -0.0118179   -0.292767 -0.00240955
 -0.0119237   -0.293038 -0.00243456
 -0.0120279   -0.293312 -0.00245907
 -0.0121353   -0.293587 -0.00248034
 -0.0122444    -0.29386 -0.00249923
  -0.012351   -0.294136 -0.00251845
 -0.012458  -0.294411 -0.0025362
 -0.0125618    -0.29469 -0.00255482
 -0.0126655   -0.294968 -0.00257233
  -0.012768   -0.295246 -0.00258925
 -0.0128667   -0.295528 -0.00260742
 -0.0129633   -0.295808 -0.00262564
 -0.0130559   -0.296091 -0.00264533
 -0.0131467   -0.296375 -0.00266503
 -0.0132346   -0.296658 -0.00268508
 -0.0133185   -0.296944 -0.00270669
 -0.0133991   -0.297228 -0.00272906
 -0.0134755   -0.297516 -0.00275301
 -0.0135493   -0.297804 -0.00277749
 -0.0136191   -0.298094 -0.00280356
-0.0136855  -0.298382 -0.0028305
 -0.0137482   -0.298667 -0.00285875
 -0.0138074   -0.298952 -0.00288881
 -0.0138638   -0.299233 -0.00291984
 -0.0139167   -0.299516 -0.00295254
 -0.0139663   -0.299793 -0.00298643
 -0.0140124   -0.300066 -0.00302172
  -0.014055   -0.300339 -0.00305858
 -0.0140941   -0.300607 -0.00309686
 -0.0141299   -0.300876 -0.00313657
 -0.0141629   -0.301141 -0.00317715
-0.0141925  -0.301402 -0.0032189
 -0.0142191   -0.301664 -0.00326194
 -0.0142431   -0.301922 -0.00330584
 -0.0142642   -0.302181 -0.00335091
 -0.0142818   -0.302436 -0.00339651
 -0.0142954   -0.302686 -0.00344206
 -0.0143058   -0.302937 -0.00348793
 -0.0143124   -0.303182 -0.00353388
 -0.0143164   -0.303428 -0.00358013
 -0.0143175    -0.30367 -0.00362659
-0.0143158  -0.303908 -0.0036737
-0.0143121  -0.304147 -0.0037218
  -0.014306   -0.304385 -0.00377052
 -0.0142984   -0.304626 -0.00382017
 -0.0142896   -0.304866 -0.00387054
 -0.0142798   -0.305108 -0.00392191
 -0.0142688    -0.30535 -0.00397421
  -0.014257   -0.305592 -0.00402789
 -0.0142445   -0.305834 -0.00408266
 -0.0142318   -0.306076 -0.00413874
 -0.0142186   -0.306317 -0.00419591
 -0.0142051   -0.306558 -0.00425449
 -0.0141913   -0.306797 -0.00431481
  -0.014177   -0.307036 -0.00437621
 -0.0141625   -0.307273 -0.00443948
 -0.0141476    -0.30751 -0.00450377
 -0.0141326   -0.307746 -0.00456943
 -0.0141172   -0.307979 -0.00463687
 -0.0141013   -0.308212 -0.00470528
 -0.0140855   -0.308442 -0.00477545
 -0.0140679   -0.308668 -0.00482317
  -0.014047    -0.30889 -0.00482727
 -0.0140226   -0.309104 -0.00478711
  -0.013996   -0.309315 -0.00471941
 -0.0139668   -0.309517 -0.00464716
 -0.0139371   -0.309717 -0.00456051
 -0.0139065   -0.309902 -0.00452906
 -0.0138815    -0.31007 -0.00457638
 -0.0138571   -0.310237 -0.00461376
 -0.0138386   -0.310385 -0.00471781
 -0.0138197   -0.310532 -0.00480659
 -0.0138035    -0.31067 -0.00490419
 -0.0137877   -0.310801 -0.00499724
 -0.0137716   -0.310931 -0.00508784
 -0.0137554   -0.311058 -0.00517444
 -0.0137383   -0.311185 -0.00525886
 -0.0137221   -0.311315 -0.00534031
 -0.0137053   -0.311443 -0.00541849
 -0.0136875    -0.31157 -0.00549465
-0.0136688  -0.311697  -0.005568
-0.0136489   -0.31182 -0.0056396
 -0.0136292   -0.311945 -0.00570931
 -0.0136085   -0.312067 -0.00577673
 -0.0135865   -0.312185 -0.00584251
 -0.0135633   -0.312298 -0.00590635
 -0.0135389   -0.312407 -0.00596878
 -0.0135145   -0.312514 -0.00603001
  -0.013489   -0.312613 -0.00608944
-0.0134623  -0.312708 -0.0061475
 -0.0134351   -0.312793 -0.00620309
 -0.0134068   -0.312871 -0.00625753
 -0.013379  -0.312945 -0.0063106
 -0.0133484   -0.313011 -0.00634082
  -0.013319   -0.313067 -0.00639262
 -0.0132894    -0.31311 -0.00644187
 -0.0132586   -0.313147 -0.00648963
-0.0132285  -0.313177 -0.0065359
  -0.013195     -0.3132 -0.00655556
 -0.0131631    -0.31321 -0.00660059
  -0.013131   -0.313205 -0.00664273
 -0.0130979   -0.313191 -0.00668324
 -0.0130658   -0.313165 -0.00672182
 -0.0130295    -0.31313 -0.00672775
-0.0129959  -0.313076 -0.0067651
-0.0129616     -0.313 -0.0068003
 -0.0129265   -0.312917 -0.00683291
 -0.0128917   -0.312818 -0.00686372
 -0.0128567   -0.312698 -0.00689151
 -0.0128209   -0.312572 -0.00691667
 -0.0127853   -0.312423 -0.00693957
 -0.0127488   -0.312268 -0.00695929
 -0.0127132   -0.312097 -0.00697753
 -0.0126774   -0.311902 -0.00699587
 -0.0126414   -0.311704 -0.00700716
 -0.0126054   -0.311484 -0.00702011
 -0.0125697   -0.311263 -0.00702477
 -0.0125349   -0.311026 -0.00702662
 -0.0125038   -0.310771 -0.00702244
 -0.0124713   -0.310517 -0.00701273
 -0.0124431    -0.31025 -0.00699592
 -0.0124135   -0.309986 -0.00697422
 -0.0123855   -0.309711 -0.00694703
 -0.0123494   -0.309423 -0.00685767
 -0.0123158   -0.309142 -0.00676293
-0.0123118  -0.308847 -0.0066296
 -0.0123105   -0.308559 -0.00648999
 -0.0123271   -0.308263 -0.00632445
 -0.0123671   -0.307959 -0.00612565
 -0.0124087   -0.307662 -0.00592229
 -0.0124726   -0.307358 -0.00568574
-0.0125368  -0.307061  -0.005447
  -0.012615   -0.306761 -0.00518575
  -0.012712   -0.306458 -0.00489513
 -0.0128079   -0.306163 -0.00460492
 -0.0129216   -0.305866 -0.00428611
  -0.013036   -0.305578 -0.00397027
 -0.0131609   -0.305292 -0.00363729
 -0.0132834   -0.305013 -0.00330984
 -0.0134179   -0.304737 -0.00296481
 -0.0135551   -0.304465 -0.00261316
-0.0136861  -0.304199   -0.00227
 -0.0138237   -0.303936 -0.00191374
 -0.0139558   -0.303678 -0.00156699
 -0.0140916   -0.303423 -0.00121402
  -0.0143642    -0.303132 -0.000823577
  -0.0146232    -0.302848 -0.000440518
  -0.0149166    -0.302551 -3.31597e-05
 -0.0151901   -0.302264 0.000362504
 -0.0155037   -0.301949 0.000801213
-0.0158522  -0.301608 0.00128427
 -0.016172   -0.30128 0.00175413
-0.0165365   -0.30094 0.00226371
-0.0168496  -0.300626 0.00281431
-0.0171671  -0.300344 0.00332817
-0.0174531   -0.30009 0.00381801
-0.0177189  -0.299866 0.00431467
-0.0179674  -0.299664  0.0048922
 -0.018173  -0.299492 0.00551161
-0.0183135  -0.299353  0.0061848
-0.0184155  -0.299231 0.00686796
-0.0184561  -0.299138 0.00753686
-0.0184689  -0.299056 0.00818313
-0.0184363  -0.298991 0.00879799
-0.0183592  -0.298943 0.00936724
-0.0182663  -0.298898 0.00990496
-0.0181404  -0.298863  0.0103921
-0.0180064  -0.298827  0.0108497
-0.0178492  -0.298796  0.0112628
-0.0176704  -0.298768  0.0116293
-0.0174878  -0.298738  0.0119694
-0.0172864  -0.298703  0.0122655
-0.0170836  -0.298665  0.0125379
-0.0168653  -0.298622  0.0127733
-0.0166466  -0.298575  0.0129873
-0.0164132  -0.298522  0.0131642
-0.0161661  -0.298463  0.0133054
-0.0159197  -0.298401  0.0134281
-0.0156614  -0.298334   0.013521
-0.015405 -0.298265 0.0135976
-0.0151383  -0.298189  0.0136442
-0.0148626  -0.298105  0.0136626
-0.0145906  -0.298013  0.0136673
-0.0143114  -0.297914  0.0136487
-0.0140368   -0.29781  0.0136181
-0.0137562  -0.297698  0.0135645
-0.0134711  -0.297577   0.013489
-0.0131914  -0.297452  0.0134031
-0.0129084  -0.297319  0.0132972
-0.0126688  -0.297195  0.0131413
-0.0124247  -0.297068  0.0129722
-0.0121854  -0.296941  0.0127976
-0.0119438  -0.296812  0.0126091
-0.0117012  -0.296679  0.0124075
-0.0114644  -0.296546  0.0122009
-0.0112271  -0.296413  0.0119842
-0.0109916  -0.296277  0.0117565
-0.0107645  -0.296141  0.0115228
-0.0105435  -0.296003  0.0112763
-0.010332 -0.295866 0.0110241
-0.0102079  -0.295761  0.0106759
-0.0100823   -0.29565  0.0103242
-0.00995934   -0.295538  0.00997151
-0.00983075   -0.295415   0.0096172
-0.00970006   -0.295286  0.00926384
-0.0095641  -0.295149 0.00889559
-0.00942284   -0.295002  0.00851238
-0.00928116   -0.294851  0.00811338
-0.00913566   -0.294689  0.00769479
-0.00899122   -0.294524  0.00726798
-0.00884448   -0.294348  0.00683062
-0.00869991   -0.294171  0.00639316
-0.00855396   -0.293988  0.00595673
-0.0084083  -0.293796 0.00552505
-0.00826598   -0.293603   0.0050995
-0.0081255  -0.293401  0.0046839
-0.00798923     -0.2932  0.00427667
-0.00785529    -0.29299  0.00387958
-0.00772498   -0.292773  0.00349748
-0.00759934   -0.292557   0.0031229
-0.00747899   -0.292328   0.0027606
-0.00736423   -0.292096  0.00240057
-0.00725473    -0.29185  0.00204657
-0.00715189    -0.29159  0.00170175
-0.00705458   -0.291326  0.00135957
-0.0069649  -0.291046 0.00102903
-0.00688063   -0.290766 0.000703605
-0.00680309   -0.290474 0.000390542
-0.00673062   -0.290183 8.43376e-05
 -0.00666567    -0.289879 -0.000204449
  -0.0066088    -0.289563 -0.000475156
 -0.00655654    -0.289248 -0.000739672
-0.00651125   -0.288923 -0.00099019
-0.00647011   -0.288601 -0.00123664
-0.00643635   -0.288267 -0.00146664
-0.00641036   -0.287922 -0.00168456
-0.00638813   -0.287578 -0.00190633
-0.00637363   -0.287222 -0.00212377
-0.00636228   -0.286869  -0.0023462
-0.00635722   -0.286506 -0.00256612
-0.00635447   -0.286146  -0.0027892
-0.00635768   -0.285775 -0.00300445
-0.00636662   -0.285393  -0.0032111
-0.00637692   -0.285015 -0.00341832
-0.00639173   -0.284627  -0.0036189
 -0.0064108   -0.284231 -0.00380774
-0.00643032   -0.283837 -0.00399725
-0.00645371   -0.283434 -0.00417508
-0.00647703   -0.283034 -0.00435473
-0.00650379   -0.282624  -0.0045228
-0.00653348   -0.282207 -0.00468688
-0.00656269   -0.281793 -0.00485248
-0.00659467    -0.28137 -0.00501464
-0.00662581    -0.28095 -0.00517789
-0.00665943   -0.280523 -0.00533885
-0.00828224   -0.280101 -0.00490984
 -0.0100028   -0.279774 -0.00453985
-0.0117263  -0.279434 -0.0041903
 -0.0134355   -0.279083 -0.00389346
-0.0151326  -0.278709 -0.0036435
 -0.0168134    -0.27832 -0.00343966
 -0.0184763   -0.277899 -0.00326308
 -0.0201144   -0.277443 -0.00311296
 -0.0217334    -0.27697 -0.00298208
  -0.023327   -0.276472 -0.00288232
 -0.0248896   -0.275949 -0.00281813
 -0.0264326   -0.275418 -0.00278109
 -0.0279479    -0.27487 -0.00277385
 -0.0294465   -0.274319 -0.00278942
 -0.030916  -0.273753 -0.0028337
 -0.0323573   -0.273174 -0.00290125
 -0.0337862   -0.272595 -0.00298621
-0.0351934  -0.272007  -0.003086
  -0.036579   -0.271413 -0.00319932
 -0.0379568    -0.27082 -0.00332777
 -0.0393157   -0.270221 -0.00346583
 -0.0406692   -0.269625 -0.00361233
 -0.0420079   -0.269025 -0.00376531
 -0.0433323    -0.26842 -0.00392331
 -0.0446529   -0.267819 -0.00408784
 -0.0459605   -0.267214 -0.00425731
 -0.0472653   -0.266614 -0.00443307
  -0.048559   -0.266012 -0.00461352
 -0.0498419   -0.265409 -0.00479818
 -0.0511226   -0.264811 -0.00498859
 -0.0523944   -0.264213 -0.00520703
 -0.0536575   -0.263617 -0.00545172
 -0.0549194   -0.263026 -0.00572307
 -0.0561729   -0.262436 -0.00601609
 -0.0574249   -0.261853 -0.00632798
 -0.0586684   -0.261269 -0.00665306
 -0.0599038   -0.260688 -0.00698626
 -0.0611375   -0.260113 -0.00732882
 -0.0623634   -0.259539 -0.00767207
 -0.0635878    -0.25897 -0.00802121
 -0.0648055   -0.258403 -0.00836968
  -0.066022    -0.25784 -0.00872241
 -0.0672325   -0.257278 -0.00906838
 -0.0684375   -0.256715 -0.00940612
 -0.0696419   -0.256156 -0.00974527
-0.0708425  -0.255593 -0.0100828
-0.0720436   -0.25503 -0.0104291
-0.0732419  -0.254462 -0.0107747
-0.0744382  -0.253888 -0.0111211
 -0.075635  -0.253314 -0.0114735
-0.0768298  -0.252736 -0.0118258
-0.0780256  -0.252159 -0.0121808
-0.0792195  -0.251583 -0.0125222
 -0.080414  -0.251009 -0.0128499
-0.0816076  -0.250437 -0.0131652
-0.0828011  -0.249868 -0.0134687
-0.0839961  -0.249301   -0.01376
-0.0851918  -0.248737 -0.0140403
-0.0863897  -0.248177 -0.0143098
-0.0875898  -0.247619 -0.0145684
-0.0887926  -0.247064 -0.0148164
-0.0899978  -0.246511  -0.015054
-0.0912061   -0.24596 -0.0152819
 -0.092417  -0.245411 -0.0155001
-0.0936357  -0.244864 -0.0157081
-0.0948713  -0.244321 -0.0159047
-0.0961174   -0.24378 -0.0160914
-0.0973776  -0.243241  -0.016268
-0.0986514  -0.242707 -0.0164352
-0.0999293  -0.242174 -0.0165957
 -0.101214  -0.241645 -0.0167495
 -0.102497  -0.241117 -0.0168987
 -0.103781  -0.240591 -0.0170433
 -0.105061  -0.240069 -0.0171842
 -0.106336  -0.239547 -0.0173219
-0.107604 -0.239026 -0.017457
 -0.108866  -0.238505 -0.0175895
 -0.110121  -0.237986 -0.0177195
 -0.111368  -0.237468 -0.0178467
 -0.112609  -0.236949 -0.0179711
 -0.113844   -0.23643 -0.0180894
 -0.115074   -0.23591 -0.0182051
 -0.116298   -0.23539 -0.0183153
-0.117516 -0.234869  -0.01842
  -0.11873  -0.234348 -0.0185226
 -0.119939  -0.233825 -0.0186194
 -0.121145  -0.233299 -0.0187128
 -0.122348  -0.232772 -0.0188002
 -0.123547  -0.232241 -0.0188815
 -0.124744  -0.231709 -0.0189604
 -0.125937  -0.231174 -0.0190343
 -0.127127   -0.23064 -0.0191069
 -0.128312  -0.230103 -0.0191759
 -0.129492  -0.229565 -0.0192417
 -0.130668  -0.229027 -0.0193069
 -0.131838  -0.228487 -0.0193697
 -0.133004  -0.227949 -0.0194326
 -0.134166   -0.22741 -0.0194938
 -0.135321  -0.226871 -0.0195529
 -0.136473  -0.226332 -0.0196123
  -0.13762  -0.225792 -0.0196695
 -0.138763  -0.225253 -0.0197272
 -0.139901  -0.224713 -0.0197833
 -0.141028  -0.224173 -0.0198406
 -0.142147  -0.223636 -0.0199016
 -0.143253  -0.223098 -0.0199657
 -0.144346  -0.222562 -0.0200344
 -0.145431  -0.222028 -0.0201055
 -0.146504  -0.221492 -0.0201775
 -0.147572  -0.220955 -0.0202483
 -0.148633  -0.220416 -0.0203163
 -0.149686  -0.219875 -0.0203805
 -0.150735  -0.219336 -0.0204417
  -0.15178  -0.218794 -0.0204981
 -0.152824  -0.218254 -0.0205527
-0.153866 -0.217711 -0.020604
 -0.154905  -0.217169 -0.0206526
 -0.155945  -0.216629 -0.0207015
 -0.156982  -0.216088 -0.0207888
 -0.158024  -0.215546 -0.0209726
-0.159074 -0.215002 -0.021267
  -0.16013  -0.214452 -0.0216702
 -0.161187    -0.2139 -0.0220834
 -0.162242  -0.213342 -0.0225065
 -0.163295  -0.212783 -0.0229398
 -0.164344  -0.212225 -0.0233732
 -0.165386  -0.211662 -0.0238104
 -0.166424  -0.211101 -0.0242449
 -0.167457  -0.210537 -0.0246788
 -0.168481  -0.209974 -0.0251119
   -0.1695  -0.209411 -0.0255425
 -0.170511  -0.208848 -0.0259729
 -0.171516  -0.208287 -0.0264009
-0.172514 -0.207728 -0.026828
 -0.173504  -0.207169 -0.0272549
 -0.174489  -0.206613 -0.0276796
 -0.175468  -0.206056 -0.0281034
 -0.176443  -0.205503 -0.0285246
  -0.17741   -0.20495 -0.0289454
 -0.178368  -0.204396 -0.0293658
 -0.179323  -0.203845 -0.0297836
 -0.180271  -0.203293 -0.0302042
 -0.181213  -0.202741 -0.0306349
 -0.182151  -0.202191 -0.0310661
 -0.183082   -0.20164 -0.0315084
  -0.18401   -0.20109 -0.0319493
 -0.184932  -0.200539 -0.0323983
 -0.185848  -0.199989 -0.0328555
-0.186762 -0.199441  -0.03331
  -0.18767  -0.198893 -0.0337729
 -0.188575  -0.198347 -0.0342309
 -0.189476    -0.1978 -0.0346948
 -0.190373  -0.197254 -0.0351646
 -0.191267  -0.196711 -0.0356286
 -0.192157  -0.196167 -0.0360992
 -0.193045  -0.195625 -0.0365624
  -0.19393  -0.195084 -0.0370296
  -0.19481  -0.194537 -0.0375257
 -0.195689  -0.193994 -0.0380458
 -0.196567  -0.193451 -0.0386667
 -0.197444  -0.192913 -0.0392999
 -0.198322  -0.192377 -0.0400055
-0.199199 -0.191843 -0.040759
 -0.200077  -0.191314 -0.0414843
 -0.200956  -0.190785 -0.0422159
 -0.201837  -0.190261 -0.0428858
 -0.202719  -0.189735 -0.0435497
 -0.203603  -0.189208 -0.0441942
  -0.20449  -0.188684 -0.0447949
  -0.20538  -0.188157 -0.0453884
 -0.206272  -0.187628 -0.0459761
-0.207168 -0.187101 -0.046531
 -0.208066   -0.18657 -0.0470949
 -0.208968  -0.186042 -0.0476235
 -0.209873  -0.185511 -0.0481662
 -0.210781  -0.184977 -0.0487217
 -0.211691  -0.184443 -0.0492539
 -0.212605  -0.183908 -0.0497976
 -0.213522  -0.183369 -0.0503525
 -0.214442  -0.182832 -0.0508776
 -0.215365  -0.182292 -0.0514068
  -0.21629  -0.181754 -0.0519044
 -0.21722 -0.181214 -0.052391
 -0.218149  -0.180673 -0.0528611
-0.219084 -0.180131 -0.053309
 -0.220023  -0.179585 -0.0537355
 -0.220962   -0.17904 -0.0541489
 -0.221906  -0.178491 -0.0545439
 -0.222853  -0.177939 -0.0549217
 -0.223802  -0.177387 -0.0552894
 -0.224754  -0.176832 -0.0556419
 -0.225706  -0.176277 -0.0559859
 -0.226662  -0.175719 -0.0563165
-0.227621 -0.175158 -0.056635
 -0.22858 -0.174597 -0.056947
 -0.229542  -0.174034 -0.0572481
 -0.230504   -0.17347 -0.0575439
 -0.231469  -0.172905 -0.0578298
 -0.232435  -0.172337 -0.0581074
 -0.233402   -0.17177 -0.0583812
 -0.234369  -0.171201 -0.0586475
 -0.235337  -0.170631 -0.0589108
 -0.236306  -0.170061 -0.0591674
 -0.237275  -0.169489 -0.0594182
 -0.238245  -0.168917 -0.0596673
 -0.239215  -0.168342 -0.0599122
 -0.240186  -0.167765 -0.0601544
 -0.241157  -0.167187 -0.0603967
 -0.242127  -0.166607 -0.0606369
 -0.243098  -0.166026 -0.0608775
 -0.244069  -0.165444 -0.0611154
  -0.24504   -0.16486 -0.0613518
-0.246012 -0.164277 -0.061589
 -0.246984  -0.163693 -0.0618241
 -0.247957  -0.163111 -0.0620603
  -0.24893   -0.16253 -0.0622956
 -0.249902   -0.16195 -0.0625301
 -0.250877  -0.161372 -0.0627661
  -0.25185  -0.160797 -0.0630013
-0.252826 -0.160225 -0.063238
 -0.253803  -0.159658 -0.0634732
  -0.25478  -0.159096 -0.0637081
  -0.25576  -0.158538 -0.0639455
 -0.256737  -0.157982 -0.0641821
 -0.257713  -0.157425 -0.0644204
 -0.258686  -0.156869 -0.0646584
-0.259654 -0.156313 -0.064896
 -0.260622  -0.155758 -0.0651355
 -0.261585  -0.155204 -0.0653736
 -0.262548  -0.154651 -0.0656137
 -0.263508    -0.1541 -0.0658537
 -0.264463   -0.15355 -0.0660935
 -0.265418  -0.153003 -0.0663355
  -0.26637  -0.152457 -0.0665763
 -0.267318  -0.151913 -0.0668173
 -0.268266  -0.151372 -0.0670605
  -0.26921  -0.150833 -0.0673039
 -0.270154  -0.150296 -0.0675496
 -0.271092  -0.149759 -0.0678285
 -0.272015  -0.149222 -0.0682357
 -0.272934  -0.148684 -0.0686898
 -0.273841  -0.148148 -0.0692495
 -0.274736  -0.147614 -0.0699036
 -0.275631  -0.147084 -0.0705489
 -0.276516  -0.146559 -0.0712411
 -0.277405  -0.146039 -0.0718698
 -0.278287  -0.145522 -0.0724948
 -0.279166   -0.14501 -0.0730967
 -0.280049  -0.144501 -0.0736402
 -0.280928  -0.143998 -0.0741679
 -0.281811  -0.143497 -0.0746417
 -0.282694  -0.143003 -0.0751124
 -0.283574  -0.142511 -0.0755891
 -0.284459  -0.142022 -0.0760445
 -0.285342  -0.141533 -0.0765157
 -0.286223  -0.141045 -0.0770148
 -0.287107  -0.140558 -0.0774966
 -0.287989  -0.140072 -0.0780137
 -0.288874  -0.139589 -0.0785005
 -0.289757  -0.139106 -0.0790061
 -0.290638  -0.138625 -0.0795292
 -0.291522  -0.138146 -0.0800249
 -0.292404  -0.137667 -0.0805281
 -0.293291  -0.137192 -0.0809932
-0.294177 -0.136721 -0.081477
 -0.295062  -0.136252 -0.0819788
  -0.29595  -0.135786 -0.0824578
 -0.296838  -0.135322 -0.0829482
 -0.297726   -0.13486 -0.0834573
 -0.298618    -0.1344 -0.0839391
 -0.299511  -0.133943 -0.0844438
 -0.300408  -0.133489 -0.0849123
-0.301307 -0.133038 -0.085393
 -0.302207   -0.13259 -0.0858877
 -0.303111  -0.132145 -0.0863564
 -0.304016  -0.131703 -0.0868482
-0.304926 -0.131263 -0.087306
 -0.305837  -0.130826 -0.0877779
  -0.30675  -0.130392 -0.0882662
 -0.307667   -0.12996 -0.0887295
 -0.308586  -0.129531 -0.0892025
-0.309509 -0.129104 -0.089641
 -0.310433   -0.12868 -0.0901033
 -0.311358  -0.128258 -0.0905871
 -0.312287  -0.127839 -0.0910484
 -0.313217   -0.12742 -0.0915223
 -0.314149  -0.127002 -0.0920155
 -0.315085  -0.126585 -0.0924802
 -0.316022  -0.126167 -0.0929667
 -0.316962  -0.125751 -0.0934145
 -0.317904  -0.125335 -0.0938721
 -0.318847   -0.12492 -0.0943405
 -0.319793  -0.124506 -0.0947803
  -0.32074  -0.124093 -0.0952259
 -0.321687  -0.123682 -0.0956859
 -0.322637  -0.123271 -0.0961171
 -0.323587  -0.122863 -0.0965693
  -0.32454  -0.122455 -0.0969853
 -0.325493  -0.122049 -0.0974124
 -0.326446  -0.121645 -0.0978556
 -0.327402  -0.121242 -0.0982727
 -0.328356  -0.120839 -0.0987136
 -0.329313  -0.120439 -0.0991193
  -0.33027  -0.120039 -0.0995374
 -0.331225  -0.119641 -0.0999721
-0.332184 -0.119244  -0.10038
 -0.33314 -0.118849 -0.100811
-0.334099 -0.118455 -0.101205
-0.335057 -0.118063 -0.101612
-0.336013 -0.117672 -0.102033
-0.336972 -0.117284 -0.102426
-0.337928 -0.116896 -0.102842
-0.338887 -0.116511 -0.103222
-0.339845 -0.116128 -0.103614
  -0.3408 -0.115746 -0.104022
-0.341758 -0.115366 -0.104402
-0.342713 -0.114988 -0.104806
 -0.34367 -0.114612 -0.105174
-0.344626 -0.114237 -0.105556
-0.345579 -0.113865 -0.105952
-0.346535 -0.113495 -0.106322
-0.347487 -0.113126 -0.106715
-0.348437  -0.11276 -0.107116
 -0.34939 -0.112396 -0.107486
-0.350341 -0.112034  -0.10787
-0.351296 -0.111673 -0.108217
-0.352248 -0.111313 -0.108576
-0.353196 -0.110953 -0.108949
-0.354145 -0.110593 -0.109298
 -0.35509 -0.110233 -0.109662
-0.356037 -0.109873 -0.109993
 -0.35698 -0.109513 -0.110329
 -0.35792 -0.109151  -0.11067
-0.358861 -0.108789 -0.110986
-0.359799 -0.108427 -0.111304
-0.360733 -0.108064 -0.111631
 -0.36167 -0.107701 -0.111937
-0.362603 -0.107338 -0.112259
-0.363539 -0.106975 -0.112556
-0.364475 -0.106615 -0.112863
-0.365412 -0.106262 -0.113183
-0.366352 -0.105911 -0.113488
-0.367291 -0.105563   -0.1138
-0.368233 -0.105216  -0.11409
-0.369174 -0.104872   -0.1144
-0.370111 -0.104529 -0.114729
 -0.37105 -0.104186 -0.115044
-0.371987 -0.103845 -0.115367
-0.372926 -0.103503 -0.115663
-0.373862 -0.103162 -0.115979
-0.374794 -0.102822 -0.116309
-0.375727 -0.102481 -0.116622
-0.376657 -0.102141 -0.116953
-0.377589 -0.101802 -0.117258
-0.378516 -0.101462 -0.117568
-0.379442 -0.101123  -0.11789
-0.380369 -0.100784 -0.118192
-0.381293 -0.100446  -0.11851
 -0.38222 -0.100107 -0.118803
-0.383144 -0.099769 -0.119105
 -0.384064 -0.0994315  -0.119418
 -0.384988 -0.0990938  -0.119713
 -0.385906 -0.0987569  -0.120027
 -0.386829 -0.0984201  -0.120316
 -0.387749 -0.0980839  -0.120615
 -0.388667 -0.0977474  -0.120927
 -0.389595 -0.0974094  -0.121222
 -0.390506 -0.0970686  -0.121526
 -0.391405 -0.0967251  -0.121814
 -0.392287 -0.0963794  -0.122119
 -0.393144 -0.0960309  -0.122441
 -0.393989 -0.0956803  -0.122755
 -0.394811 -0.0953267  -0.123083
 -0.395629 -0.0949715  -0.123395
 -0.396434 -0.0946139  -0.123708
 -0.397241 -0.0942544  -0.124003
 -0.398038 -0.0938918   -0.12431
 -0.398831 -0.0935264  -0.124626
 -0.399628 -0.0931588  -0.124935
 -0.400425 -0.0927882  -0.125256
 -0.401231 -0.0924156  -0.125568
  -0.40204 -0.0920405  -0.125884
 -0.402855 -0.0916628  -0.126213
  -0.40368 -0.0912837  -0.126535
 -0.404511 -0.0909031  -0.126873
 -0.405353 -0.0905219    -0.1272
 -0.406199 -0.0901403   -0.12753
-0.407049 -0.089759 -0.127873
 -0.407908 -0.0893786  -0.128209
 -0.408768 -0.0889997  -0.128559
 -0.409635 -0.0886222  -0.128898
 -0.410503 -0.0882464  -0.129241
 -0.411372 -0.0878722  -0.129594
 -0.412246 -0.0874996  -0.129941
-0.413121 -0.087129 -0.130301
 -0.414002 -0.0867599  -0.130655
 -0.414881 -0.0863925  -0.131015
 -0.415759 -0.0860269   -0.13139
 -0.416643 -0.0856627  -0.131762
 -0.417525 -0.0853005   -0.13215
 -0.416066 -0.0849429  -0.132517
 -0.414608 -0.0845893   -0.13289
 -0.413153 -0.0842399  -0.133271
-0.411768 -0.083888 -0.133638
 -0.410447 -0.0835336  -0.134004
   -0.4092 -0.0831878  -0.134512
 -0.408053 -0.0828664  -0.135152
 -0.407016 -0.0825629  -0.135943
 -0.406058 -0.0822801  -0.136808
 -0.405213 -0.0820128  -0.137738
 -0.404426 -0.0817594   -0.13866
 -0.403719 -0.0815133  -0.139533
 -0.403091 -0.0812711  -0.140349
 -0.402489 -0.0810331  -0.141093
 -0.401939 -0.0807901  -0.141763
 -0.401392 -0.0805451  -0.142397
  -0.40086 -0.0802908  -0.143002
 -0.400327 -0.0800239  -0.143575
 -0.399781 -0.0797544  -0.144207
 -0.399215 -0.0794691  -0.144847
 -0.398625 -0.0791858  -0.145574
-0.398009 -0.078895 -0.146326
 -0.397354 -0.0786001   -0.14714
 -0.396678 -0.0783135   -0.14798
 -0.395963 -0.0780312  -0.148851
 -0.395229 -0.0777579  -0.149728
-0.394462 -0.077492 -0.150602
 -0.393666 -0.0772366  -0.151442
-0.392846 -0.076985 -0.152302
-0.391998 -0.076741 -0.153129
 -0.391128 -0.0764979  -0.153991
 -0.390234 -0.0762591  -0.154838
 -0.389301 -0.0760231  -0.155704
 -0.388358 -0.0757844   -0.15659
 -0.387379 -0.0755468  -0.157492
 -0.386376 -0.0753068  -0.158407
 -0.385345 -0.0750611  -0.159369
 -0.384289 -0.0748109  -0.160338
 -0.383205 -0.0745535  -0.161356
 -0.382098 -0.0742902  -0.162368
 -0.380943 -0.0740181  -0.163394
 -0.379782 -0.0737377  -0.164435
 -0.378572 -0.0734464  -0.165468
 -0.377353 -0.0731449  -0.166471
 -0.376094 -0.0728299  -0.167584
 -0.374887 -0.0724811  -0.168595
 -0.373752 -0.0720658  -0.169557
 -0.372681 -0.0715748  -0.170407
 -0.371719 -0.0709628  -0.171083
 -0.370832 -0.0702712  -0.171726
-0.370059 -0.069479 -0.172248
 -0.369347 -0.0686482  -0.172822
 -0.368721 -0.0677774  -0.173373
 -0.368184 -0.0668821  -0.173939
 -0.367691 -0.0659962  -0.174566
 -0.367282 -0.0651141  -0.175204
  -0.36691 -0.0642539  -0.175889
 -0.366612 -0.0634044  -0.176547
 -0.366394 -0.0625662  -0.177164
 -0.366213 -0.0617405  -0.177765
 -0.366106 -0.0609144  -0.178295
 -0.366031 -0.0600901  -0.178802
-0.366037 -0.059259 -0.179216
 -0.366129 -0.0584162  -0.179511
 -0.366251 -0.0575733   -0.17977
  -0.36644 -0.0567197  -0.179956
 -0.366694 -0.0558579  -0.180075
 -0.366959 -0.0550023  -0.180189
 -0.367268 -0.0541461  -0.180273
 -0.367574 -0.0533035  -0.180364
 -0.367917 -0.0524708  -0.180412
 -0.368288 -0.0516619  -0.180423
 -0.368647 -0.0508812  -0.180426
 -0.369024 -0.0501289  -0.180389
 -0.369386 -0.0494033  -0.180345
 -0.369763 -0.0486975  -0.180289
 -0.370153 -0.0480074  -0.180203
 -0.370528 -0.0473318  -0.180106
 -0.370918 -0.0466646  -0.179962
 -0.371296 -0.0460057  -0.179802
 -0.371691 -0.0453477  -0.179616
 -0.372102 -0.0446894  -0.179388
 -0.372501 -0.0440377  -0.179136
 -0.372914 -0.0433861  -0.178826
 -0.373326 -0.0427305  -0.178472
 -0.373765 -0.0420586  -0.178059
-0.374228 -0.041371 -0.177571
-0.374687 -0.040679 -0.177053
 -0.375165 -0.0399798  -0.176465
  -0.37563 -0.0392869  -0.175868
 -0.376108 -0.0385987  -0.175235
 -0.376591 -0.0379222  -0.174571
 -0.377055 -0.0372631  -0.173915
 -0.377522 -0.0366206  -0.173245
 -0.377969 -0.0359969  -0.172588
 -0.378414 -0.0353917  -0.171916
 -0.378855 -0.0348033  -0.171222
 -0.379276 -0.0342234  -0.170522
 -0.379693 -0.0336481  -0.169778
 -0.380091 -0.0330796  -0.169021
 -0.380489 -0.0325147  -0.168222
 -0.380867 -0.0319577  -0.167407
  -0.38124 -0.0314071  -0.166543
 -0.381604 -0.0308658  -0.165628
 -0.381945 -0.0303348  -0.164699
 -0.382278 -0.0298142  -0.163728
 -0.382595 -0.0293066  -0.162714
 -0.382886 -0.0288113  -0.161688
 -0.383156 -0.0283901  -0.160606
 -0.383399 -0.0280399  -0.159501
 -0.383623 -0.0277638  -0.158349
-0.383822 -0.027546 -0.157151
 -0.383994 -0.0273608  -0.155939
 -0.384135 -0.0271977   -0.15469
 -0.384248 -0.0270322  -0.153436
 -0.384336 -0.0268597  -0.152161
  -0.38443 -0.0266989  -0.150863
 -0.384568 -0.0265816  -0.149564
 -0.384735 -0.0265072   -0.14824
 -0.384941 -0.0264815  -0.146912
 -0.385175 -0.0264955  -0.145564
 -0.385445 -0.0265458  -0.144211
 -0.385737 -0.0266202  -0.142837
 -0.386049 -0.0267186  -0.141439
 -0.386417 -0.0268604  -0.140015
 -0.386763 -0.0270032  -0.138542
-0.387065 -0.027118 -0.137038
 -0.387298 -0.0271906   -0.13549
-0.387446 -0.027221 -0.133889
 -0.387542 -0.0272166  -0.132273
 -0.387549 -0.0271866  -0.130616
 -0.387519 -0.0271498  -0.128909
 -0.387429 -0.0271167   -0.12713
 -0.387268 -0.0271034  -0.125277
 -0.387083 -0.0271124  -0.123361
 -0.386842 -0.0271618  -0.121423
 -0.386544 -0.0272523  -0.119482
 -0.386229 -0.0273694  -0.117536
 -0.385863 -0.0275251  -0.115629
 -0.385487 -0.0276919  -0.113726
 -0.385071 -0.0278764  -0.111878
  -0.38465 -0.0280551  -0.110035
 -0.384189 -0.0282427  -0.108253
 -0.383691 -0.0284309   -0.10653
 -0.383188 -0.0286058   -0.10481
 -0.382653 -0.0287798  -0.103133
 -0.382086 -0.0289462  -0.101496
 -0.381518 -0.0290994 -0.0998483
 -0.380917 -0.0292525 -0.0982383
 -0.380317 -0.0293947 -0.0966077
  -0.37969 -0.0295415 -0.0950062
 -0.379033 -0.0296964 -0.0934341
 -0.378377 -0.0298478 -0.0918574
  -0.37769 -0.0300105 -0.0903235
 -0.377007 -0.0301651 -0.0887828
 -0.376299 -0.0303262 -0.0872779
 -0.375566 -0.0304923 -0.0858154
 -0.374837 -0.0306479 -0.0843572
 -0.374086 -0.0308066 -0.0829328
 -0.373316 -0.0309624 -0.0814669
 -0.372548 -0.0311051 -0.0799294
 -0.371762 -0.0312465 -0.0783334
 -0.370981 -0.0313695 -0.0766822
 -0.370188 -0.0314911 -0.0749883
 -0.369402 -0.0315887 -0.0733607
 -0.368641 -0.0316489 -0.0718121
 -0.367891 -0.0316853 -0.0703427
 -0.367167 -0.0316861 -0.0689437
 -0.366449 -0.0316733 -0.0676153
 -0.365737 -0.0316511 -0.0663529
 -0.365044 -0.0316103   -0.06515
 -0.364352 -0.0315678 -0.0640046
 -0.363677 -0.0315035 -0.0629098
 -0.362998 -0.0314345 -0.0618656
 -0.362313 -0.0313579 -0.0608703
 -0.361639 -0.0312578 -0.0599197
 -0.360956 -0.0311387 -0.0590169
 -0.360264 -0.0309891 -0.0581638
 -0.359581 -0.0308078 -0.0573522
 -0.358886 -0.0305947 -0.0565881
 -0.358196 -0.0303474 -0.0558622
 -0.357493 -0.0300634 -0.0551815
 -0.356788 -0.0297409 -0.0545495
 -0.356101 -0.0294317 -0.0539503
 -0.355416 -0.0291458 -0.0533914
 -0.354749 -0.0288714  -0.052862
 -0.354083 -0.0286184 -0.0523695
 -0.353417 -0.0283867 -0.0519132
 -0.352766 -0.0281639 -0.0514822
 -0.352113 -0.0279614 -0.0510852
 -0.351474 -0.0277658 -0.0507107
 -0.350833 -0.0275879 -0.0503666
 -0.350189 -0.0274275 -0.0500522
 -0.349557 -0.0272713 -0.0497568
 -0.348921 -0.0271309 -0.0494889
 -0.348272 -0.0270091 -0.0491672
 -0.347622 -0.0268967 -0.0487865
 -0.346953 -0.0268063   -0.04835
 -0.346285 -0.0267227 -0.0478665
 -0.345606 -0.0266585 -0.0473637
 -0.344918  -0.026612 -0.0468535
 -0.344245 -0.0265677 -0.0463453
 -0.343579 -0.0265371 -0.0458646
 -0.342933 -0.0265067 -0.0454062
 -0.342296 -0.0264858 -0.0449743
  -0.34167 -0.0264708 -0.0445712
 -0.341064 -0.0264498 -0.0441868
 -0.340467 -0.0264316  -0.043831
 -0.339884 -0.0264065  -0.043493
   -0.3393  -0.026382 -0.0431785
 -0.338716 -0.0263574 -0.0428952
 -0.338143 -0.0263269  -0.042624
 -0.337565 -0.0263004  -0.042378
 -0.336993 -0.0262689 -0.0421455
 -0.336416 -0.0262414 -0.0419421
 -0.335809  -0.026221 -0.0417346
 -0.335192 -0.0261972 -0.0415067
 -0.334545 -0.0261824 -0.0412616
 -0.333869 -0.0261728 -0.0410022
 -0.333188 -0.0261582 -0.0407378
 -0.332485  -0.026148 -0.0404682
 -0.331787 -0.0261316 -0.0402044
 -0.331078 -0.0261194 -0.0399468
 -0.330381 -0.0261003 -0.0397011
 -0.329685 -0.0260835 -0.0394707
 -0.328996 -0.0260675 -0.0392615
 -0.328324 -0.0260447 -0.0390652
 -0.327665 -0.0260223 -0.0388871
 -0.327026 -0.0259923 -0.0387211
-0.326408 -0.025961 -0.038577
 -0.325812 -0.0259274 -0.0384552
 -0.325237 -0.0258862 -0.0383433
 -0.324681 -0.0258448 -0.0382478
 -0.324149 -0.0258035 -0.0381719
 -0.323636 -0.0257551 -0.0381039
 -0.323144 -0.0257062 -0.0380549
 -0.322668 -0.0256517 -0.0380229
 -0.322208  -0.025599 -0.0380215
 -0.321767 -0.0255488 -0.0380568
 -0.321338 -0.0254935 -0.0381048
 -0.320924 -0.0254414 -0.0381853
  -0.32052 -0.0253928 -0.0382843
 -0.320125 -0.0253397  -0.038389
 -0.319738 -0.0252906 -0.0385124
 -0.319359 -0.0252368 -0.0386398
 -0.318986 -0.0251849 -0.0387793
  -0.31862 -0.0251349 -0.0389324
  -0.31826 -0.0250784 -0.0390863
 -0.317905 -0.0250234 -0.0392514
 -0.317555 -0.0249621 -0.0394142
 -0.317208 -0.0249029 -0.0395804
 -0.316863 -0.0248456 -0.0397499
 -0.316522 -0.0247848 -0.0399127
 -0.316183 -0.0247293 -0.0400696
 -0.315846 -0.0246767  -0.040213
 -0.315508 -0.0246371 -0.0403494
 -0.315169 -0.0246139 -0.0404826
 -0.314833 -0.0246039 -0.0406119
 -0.314497 -0.0246079 -0.0407444
 -0.314164 -0.0246229 -0.0408752
  -0.31383 -0.0246497 -0.0410097
 -0.313491  -0.024686 -0.0411513
 -0.313152 -0.0247296 -0.0412941
 -0.312809 -0.0247815 -0.0414431
 -0.312466 -0.0248392 -0.0415927
 -0.312119 -0.0249031 -0.0417488
 -0.311768 -0.0249722 -0.0419118
 -0.311418 -0.0250453 -0.0420743
 -0.311063 -0.0251228 -0.0422416
 -0.310709 -0.0252033 -0.0424077
 -0.310351 -0.0252866 -0.0425787
 -0.309991 -0.0253716 -0.0427553
 -0.309634 -0.0254565 -0.0429177
 -0.309296 -0.0255442 -0.0428996
 -0.308978 -0.0256335 -0.0427757
 -0.308686 -0.0257241 -0.0424879
 -0.308417 -0.0258143 -0.0420748
  -0.30816 -0.0259035 -0.0416283
 -0.307916  -0.025979 -0.0411453
 -0.307673  -0.026041 -0.0407105
 -0.307439 -0.0260838  -0.040292
 -0.307207 -0.0261165 -0.0399334
 -0.306964 -0.0261097 -0.0396518
  -0.30674 -0.0260544 -0.0394157
 -0.306532  -0.025981 -0.0391929
 -0.306344 -0.0258917 -0.0389737
 -0.306183 -0.0257742 -0.0387516
 -0.306042 -0.0256283 -0.0385303
 -0.305925 -0.0254484 -0.0383033
 -0.305821 -0.0252313 -0.0380858
 -0.305731 -0.0249663 -0.0378642
 -0.305648 -0.0246566 -0.0376561
 -0.305578  -0.024299 -0.0374384
 -0.305511 -0.0239122   -0.03723
 -0.305451  -0.023497 -0.0370065
 -0.305393 -0.0230643 -0.0367654
 -0.305337 -0.0226339 -0.0365237
  -0.30528 -0.0222221 -0.0362666
 -0.305221 -0.0218318 -0.0359903
 -0.305162 -0.0214563 -0.0357187
 -0.305099 -0.0210983 -0.0354292
 -0.305035 -0.0207455 -0.0351534
 -0.304966  -0.020396 -0.0348697
 -0.304893 -0.0200481 -0.0345818
 -0.304819 -0.0196959 -0.0343064
 -0.304741 -0.0193405 -0.0340346
 -0.304659 -0.0189806 -0.0337594
 -0.304579 -0.0186181 -0.0334964
 -0.304496 -0.0182555 -0.0332262
 -0.304415 -0.0178937 -0.0329679
 -0.304332 -0.0175344  -0.032709
  -0.30425 -0.0171783 -0.0324397
 -0.304171 -0.0168255 -0.0321756
 -0.304095 -0.0164776 -0.0318959
 -0.304021 -0.0161316 -0.0316234
 -0.303949 -0.0157869 -0.0313471
  -0.30388 -0.0154419 -0.0310793
 -0.303816  -0.015097 -0.0307951
 -0.303757  -0.014752 -0.0304951
 -0.303701 -0.0144061 -0.0301984
 -0.303649 -0.0140581  -0.029901
 -0.303603 -0.0137077 -0.0295913
  -0.30356 -0.0133563 -0.0292904
 -0.303524 -0.0129899   -0.02897
 -0.303491 -0.0126156 -0.0286567
 -0.303463 -0.0122255 -0.0283416
 -0.303445 -0.0118134 -0.0280119
 -0.303434 -0.0113859 -0.0276862
 -0.303434 -0.0109343 -0.0273402
  -0.30344 -0.0104701 -0.0269972
  -0.303457 -0.00998161  -0.0266453
  -0.303486 -0.00947013  -0.0262767
   -0.30352 -0.00894953  -0.0259092
  -0.303563 -0.00841107  -0.0255366
 -0.303617 -0.0078564 -0.0251414
  -0.303675 -0.00729896  -0.0247463
  -0.303743 -0.00673107  -0.0243257
  -0.303813 -0.00616387  -0.0239076
  -0.303877 -0.00558865  -0.0234857
  -0.303864 -0.00501303  -0.0230419
  -0.303857 -0.00443817  -0.0226019
  -0.303858 -0.00386392  -0.0221415
  -0.303865 -0.00328957  -0.0216871
  -0.303879 -0.00270888  -0.0212352
  -0.303902 -0.00212421  -0.0207684
  -0.303929 -0.00153871  -0.0203054
   -0.303965 -0.000950618   -0.0198228
  -0.304006 -0.00036345   -0.019342
  -0.304054 0.000230368  -0.0188596
  -0.304111 0.000825644  -0.0183621
 -0.304172 0.00141933 -0.0178651
 -0.304239 0.00201711 -0.0173702
  -0.30431 0.00261108 -0.0168754
  -0.30439 0.00320508 -0.0163614
 -0.304479 0.00379662  -0.015827
  -0.30457  0.0043846 -0.0152883
 -0.304669 0.00497536 -0.0147551
  -0.30477 0.00556201 -0.0142237
 -0.304879 0.00614823 -0.0136781
 -0.304998 0.00673186 -0.0131187
-0.305159 0.0073122 -0.012559
 -0.305387 0.00789569 -0.0120125
 -0.305633 0.00847614 -0.0114561
 -0.305873 0.00904756 -0.0109002
 -0.306116 0.00961267 -0.0103313
  -0.306356   0.0101678 -0.00976105
  -0.306596   0.0107182 -0.00919866
 -0.306837  0.0112588 -0.0086319
  -0.307074   0.0117884 -0.00806631
  -0.307313   0.0123075 -0.00749538
  -0.307547   0.0128148 -0.00692333
   -0.30778   0.0133124 -0.00636781
  -0.308016   0.0138003 -0.00580717
  -0.308248   0.0142835 -0.00524856
  -0.308482   0.0147569 -0.00468492
  -0.308712   0.0152264 -0.00411986
  -0.308943    0.015688 -0.00357122
  -0.309171   0.0161456 -0.00302266
  -0.309401   0.0165944 -0.00247145
  -0.309634    0.017034 -0.00191732
  -0.309865   0.0174695 -0.00136164
   -0.310093    0.0179006 -0.000824571
   -0.310321    0.0183321 -0.000285774
  -0.310541   0.0187688 0.000251199
   -0.31076   0.0192171 0.000793805
 -0.310978  0.0196713 0.00134482
-0.311198 0.0201336 0.0018851
 -0.311421  0.0205974 0.00243116
-0.311644 0.0210594 0.0029812
  -0.31187  0.0215196 0.00353836
 -0.312096  0.0219746 0.00410466
 -0.312325  0.0224319 0.00466179
 -0.312557  0.0229021 0.00521851
 -0.312785  0.0233678 0.00577894
 -0.313009  0.0238296 0.00632558
 -0.313229   0.024285 0.00687656
 -0.313448  0.0247362 0.00742792
-0.313665 0.0251841 0.0079782
 -0.313878  0.0256263 0.00853207
 -0.314087  0.0260691 0.00907924
 -0.314289  0.0264889 0.00963444
-0.314484 0.0269169 0.0101732
-0.314671 0.0273613 0.0107027
 -0.31485 0.0278166 0.0112338
-0.315022 0.0282871 0.0117453
-0.315188  0.028768 0.0122625
-0.315369 0.0292455 0.0127819
-0.315563 0.0297033 0.0133007
-0.315771 0.0301351 0.0138276
-0.315996 0.0305478 0.0143377
-0.316244 0.0309314 0.0148374
-0.316503 0.0313014  0.015329
-0.316777 0.0316633 0.0157868
-0.317057  0.032027 0.0162378
-0.317352 0.0323915  0.016662
-0.317658 0.0327671 0.0170573
-0.317966 0.0331536 0.0174494
-0.318278 0.0335565 0.0178086
 -0.31859 0.0339701  0.018178
-0.318906 0.0343989 0.0185348
-0.319221 0.0348411 0.0188851
-0.319535 0.0352884   0.01925
-0.319845 0.0357439 0.0196083
-0.320153 0.0361991 0.0199872
-0.320457 0.0366574 0.0203548
-0.320756 0.0371187 0.0207179
 -0.32105 0.0375806 0.0210913
-0.321339 0.0380473 0.0214469
-0.321624   0.03852  0.021798
-0.321905 0.0389968 0.0221595
-0.322181 0.0394842   0.02251
-0.322454 0.0399773 0.0228776
-0.322723 0.0404817 0.0232311
-0.322986 0.0410004 0.0235746
-0.323247 0.0415261 0.0239299
  -0.3235 0.0420644 0.0242681
-0.323748 0.0426162 0.0246031
-0.323993 0.0431723 0.0249538
-0.324229 0.0437381 0.0252934
-0.324464 0.0443049 0.0256549
-0.324688 0.0448794 0.0259973
-0.324904 0.0454621 0.0263344
-0.325116 0.0460467  0.026683
-0.325317 0.0466417 0.0270154
-0.325514 0.0472387 0.0273654
-0.325699 0.0478469 0.0276894
-0.325874 0.0484685 0.0280003
-0.326048 0.0490954 0.0283191
-0.326212 0.0497357 0.0286169
-0.326374 0.0503807 0.0289316
-0.326527 0.0510417   0.02923
-0.326667 0.0517196 0.0295099
-0.326806 0.0524025 0.0298007
-0.326932 0.0531003 0.0300704
-0.327056  0.053802 0.0303592
-0.327168 0.0545203 0.0306328
-0.327264 0.0552561 0.0308891
-0.327359  0.055996 0.0311573
-0.327437 0.0567539 0.0314023
-0.327513 0.0575152 0.0316665
-0.327577 0.0582919 0.0319165
-0.327624 0.0590857 0.0321506
-0.327671 0.0598832 0.0323968
  -0.3277 0.0606986 0.0326199
 -0.32773 0.0615167 0.0328612
-0.327746 0.0623498 0.0330884
-0.327747 0.0631994 0.0332982
-0.327747 0.0640517 0.0335187
-0.327733 0.0649183 0.0337203
-0.327721 0.0657864 0.0339385
-0.327695 0.0666696 0.0341392
-0.327654 0.0675677 0.0343183
-0.327615 0.0684671 0.0345054
-0.327563 0.0693791 0.0346725
-0.327515 0.0702912 0.0348552
-0.327454 0.0712161 0.0350191
-0.327381 0.0721533 0.0351608
-0.327312 0.0730904 0.0353106
-0.327232 0.0740377 0.0354413
-0.327142 0.0749949 0.0355582
-0.327056 0.0759509  0.035686
-0.326961 0.0769161 0.0357916
-0.326871 0.0778791 0.0359131
-0.326774  0.078849 0.0360237
-0.326667 0.0798259 0.0361149
-0.326567 0.0808016 0.0362114
 -0.32645 0.0817859 0.0362871
-0.326331 0.0827699 0.0363724
-0.326198 0.0837615 0.0364351
 -0.32604  0.084768 0.0364709
-0.325883 0.0857739 0.0365113
-0.325701 0.0867968 0.0365242
-0.325522 0.0878168 0.0365513
-0.325329 0.0888465 0.0365724
-0.325123 0.0898819 0.0365791
-0.324924 0.0909123 0.0365951
-0.324715  0.091945 0.0365987
-0.324516 0.0929715 0.0366118
-0.324311 0.0939976 0.0366069
-0.324102 0.0950216 0.0365758
-0.323902 0.0960387 0.0365442
-0.323699 0.0970509 0.0364806
-0.323497 0.0980564 0.0364081
-0.323305 0.0990543 0.0363384
-0.323113  0.100044 0.0362461
-0.322932  0.101025 0.0361611
 -0.32275  0.101998 0.0360602
-0.322569  0.102961 0.0359442
  -0.3224  0.103914 0.0358309
 -0.32223  0.104857 0.0356914
-0.322071   0.10579 0.0355563
-0.321914  0.106711 0.0354116
-0.321756  0.107621 0.0352436
 -0.32161  0.108522 0.0350773
-0.321462  0.109413 0.0348935
-0.321315  0.110292 0.0346914
-0.321179  0.111161 0.0344909
-0.321043  0.112019 0.0342637
-0.320918  0.112867 0.0340415
-0.320794  0.113704  0.033804
-0.320681  0.114531  0.033573
-0.320571  0.115345  0.033324
-0.320463  0.116145 0.0330516
-0.320366  0.116935 0.0327797
-0.320272   0.11771 0.0325006
 -0.32019  0.118477 0.0322238
-0.320108  0.119229 0.0319198
-0.320026  0.119964 0.0315856
-0.319952  0.120691 0.0312484
-0.319284  0.121711 0.0317669
-0.318614  0.122715   0.03225
-0.317953  0.123704 0.0327281
-0.317164  0.124616 0.0332204
-0.316283  0.125474  0.033828
-0.315278  0.126258  0.034409
-0.314157  0.126986 0.0350103
-0.31288 0.127703 0.035559
-0.311533  0.128423 0.0358946
-0.310168  0.129175 0.0360626
-0.308771  0.129962 0.0361067
-0.307376  0.130788 0.0360992
-0.305942  0.131669 0.0360532
-0.304487  0.132591 0.0360124
-0.303061  0.133529 0.0359759
-0.301669  0.134478 0.0360225
-0.300381  0.135472 0.0360885
-0.299142  0.136523 0.0362191
-0.297963  0.137579 0.0364099
-0.296835  0.138628 0.0365809
 -0.29577  0.139627 0.0367912
-0.294748  0.140591 0.0369502
-0.293791  0.141476 0.0371458
-0.292877  0.142176 0.0373181
-0.291984  0.142721 0.0374214
-0.291135  0.143095 0.0374647
-0.290284  0.143318 0.0374115
-0.289444  0.143391 0.0373586
-0.288629  0.143407 0.0372511
-0.287942  0.143369 0.0369303
 -0.28747  0.143344 0.0363905
-0.287086  0.143326 0.0357195
-0.286859  0.143288 0.0349364
-0.286799  0.143226 0.0340225
-0.286829  0.143157 0.0331124
-0.287038  0.143055   0.03217
-0.287326   0.14294 0.0312804
-0.287735   0.14278 0.0304471
-0.288283  0.142567 0.0296452
-0.288879  0.142335 0.0288973
 -0.28958  0.142043 0.0281577
-0.290363   0.14169 0.0274484
-0.291174  0.141314 0.0267409
-0.292043  0.140869 0.0260012
-0.292909  0.140403 0.0252562
-0.293812   0.13987 0.0244845
-0.294703  0.139317 0.0237143
-0.295616  0.138698 0.0228975
-0.296537  0.138012  0.022026
-0.297441  0.137308 0.0211678
 -0.29835  0.136541 0.0202898
-0.299266  0.135709 0.0194084
-0.300176   0.13486 0.0185545
-0.301086  0.133948 0.0176964
 -0.30198  0.133021 0.0168764
-0.302872  0.132037 0.0160716
-0.303747  0.130992 0.0152729
 -0.3046 0.129937 0.014517
-0.305424  0.128826 0.0137594
-0.306222  0.127708 0.0130445
-0.306988  0.126544 0.0123416
-0.307708  0.125343  0.011639
-0.308395   0.12414 0.0109803
-0.309027  0.122898 0.0103173
 -0.309626   0.121658 0.00970177
 -0.310174   0.120396 0.00909271
 -0.310657   0.119112 0.00848369
 -0.311105   0.117839 0.00791408
 -0.311478   0.116549 0.00733651
 -0.311814   0.115271 0.00680314
 -0.312078   0.113971 0.00627706
 -0.312259   0.112646 0.00575207
 -0.312403   0.111324 0.00526401
 -0.312477   0.109971 0.00479979
  -0.31252   0.108623 0.00437255
 -0.312545   0.107256 0.00390626
 -0.312494   0.105901 0.00342841
  -0.31241   0.104568 0.00296426
 -0.312257    0.10324 0.00247282
 -0.312074   0.101931 0.00200999
 -0.311824   0.100626 0.00153751
 -0.311548  0.0993413 0.00109624
 -0.311194  0.0980681 0.00063438
  -0.310756   0.0968096 0.000139185
-0.316406 0.0926714 0.0241896
-0.315933 0.0914438 0.0235182
-0.315443 0.0902437 0.0228571
-0.314849 0.0890568 0.0221124
-0.314171 0.0879408 0.0213527
 -0.31325 0.0870291 0.0204732
-0.312057 0.0864684 0.0194353
 -0.31047 0.0865878  0.018107
-0.308591 0.0870266 0.0163368
 -0.30626 0.0877092 0.0140793
-0.303783 0.0885134 0.0118843
  -0.30104  0.0895785 0.00979668
 -0.298151  0.0908139 0.00790952
 -0.295411  0.0920295 0.00621933
 -0.292796  0.0932048 0.00478105
 -0.290427  0.0942103 0.00358931
 -0.288288  0.0950761 0.00267755
 -0.286356  0.0958049 0.00191511
 -0.284617  0.0963939 0.00131598
  -0.283038   0.0968787 0.000748243
  -0.281634    0.097171 0.000114126
   -0.280405    0.0972751 -0.000460705
  -0.279283   0.0972876 -0.00101974
  -0.278275   0.0971957 -0.00154504
   -0.27736   0.0970536 -0.00208795
  -0.276549   0.0968442 -0.00264724
  -0.275834   0.0965882 -0.00326266
  -0.275189   0.0963081 -0.00392579
  -0.274631   0.0960036 -0.00467187
  -0.274136    0.095687 -0.00545784
  -0.273706   0.0953648 -0.00628891
   -0.27333   0.0950391 -0.00714437
  -0.273021   0.0947258 -0.00804607
  -0.272778   0.0944332 -0.00897464
  -0.272572   0.0941528 -0.00990269
 -0.272414  0.0939007 -0.0108147
 -0.272288  0.0936659 -0.0116966
-0.272211 0.0934669 -0.012542
-0.272175 0.0933058 -0.013344
 -0.272156  0.0931613 -0.0141158
 -0.272164  0.0930542 -0.0148446
 -0.272175  0.0929615 -0.0155525
 -0.272199  0.0929009 -0.0162307
  -0.27223  0.0928753 -0.0168808
 -0.272256  0.0928626 -0.0175134
 -0.272285  0.0928875 -0.0181206
  -0.27232  0.0929296 -0.0187119
 -0.272387  0.0930057 -0.0192843
-0.272441 0.0930831 -0.019839
 -0.272486  0.0931804 -0.0203658
 -0.272523  0.0932977 -0.0208634
 -0.272546  0.0934163 -0.0213399
 -0.272563  0.0935549 -0.0217869
 -0.272569  0.0936939 -0.0222125
-0.272573 0.0938499 -0.022614
 -0.272568  0.0940054 -0.0229956
 -0.272562  0.0941782 -0.0233418
 -0.272553  0.0943671 -0.0236552
 -0.272534  0.0945541 -0.0239482
 -0.272512  0.0947561 -0.0242116
 -0.272481   0.094955 -0.0244554
 -0.272448  0.0951667 -0.0246794
 -0.272412   0.095391 -0.0248754
 -0.272367  0.0956121 -0.0250535
 -0.272318  0.0958458 -0.0252024
 -0.27226 0.0960757  -0.02533
 -0.272201  0.0963176 -0.0254395
  -0.27214  0.0965712 -0.0255186
-0.272071 0.0968215  -0.02558
 -0.271982  0.0970879 -0.0256489
-0.271891 0.0973493 -0.025687
 -0.271805  0.0976238 -0.0257084
 -0.271718  0.0979007 -0.0257001
 -0.271635  0.0981964 -0.0256641
 -0.271559  0.0985111 -0.0255944
 -0.271482  0.0988278 -0.0255048
 -0.271412  0.0991614 -0.0253982
  -0.27134  0.0994955 -0.0252749
 -0.271276   0.099846 -0.0251285
-0.271219  0.100211  -0.02496
 -0.271158   0.100576 -0.0247799
 -0.271104   0.100954 -0.0245832
-0.271047   0.10133 -0.024375
-0.270996  0.101719  -0.02416
 -0.270952   0.102119 -0.0239303
 -0.270904   0.102517 -0.0236913
 -0.270862   0.102926 -0.0234366
 -0.270818   0.103332 -0.0231673
  -0.27078    0.10375 -0.0228896
  -0.27075    0.10418 -0.0225946
 -0.270716   0.104611 -0.0222886
 -0.270688   0.105057 -0.0219664
-0.270658  0.105501  -0.02163
-0.270635  0.105958 -0.021287
-0.270618  0.106426 -0.020931
 -0.270598   0.106892 -0.0205666
 -0.270583   0.107368 -0.0201917
 -0.270565    0.10784 -0.0198051
 -0.270552   0.108319 -0.0194182
 -0.270537   0.108794 -0.0190204
 -0.270526   0.109275 -0.0186161
 -0.270519   0.109761 -0.0182053
-0.270508  0.110241 -0.017787
 -0.270501   0.110724 -0.0173647
 -0.270491     0.1112 -0.0169311
 -0.270484   0.111677 -0.0165013
 -0.270481   0.112153 -0.0160646
 -0.270474   0.112623 -0.0156212
 -0.270469   0.113091 -0.0151745
 -0.270461   0.113553 -0.0147168
-0.270455  0.114013 -0.014265
 -0.270451   0.114471 -0.0138128
 -0.270443   0.114923 -0.0133585
 -0.270436   0.115374 -0.0129089
 -0.270425   0.115818 -0.0124517
 -0.270415    0.11626 -0.0120034
 -0.270403   0.116696 -0.0115464
 -0.270389   0.117129 -0.0110972
 -0.270374   0.117558 -0.0106533
 -0.270355    0.11798 -0.0102047
  -0.270335    0.118399 -0.00976653
  -0.270313    0.118809 -0.00932903
  -0.270287    0.119213 -0.00888335
  -0.270258    0.119607 -0.00844125
  -0.270227    0.119994 -0.00798676
  -0.270192     0.12037 -0.00754405
 -0.270155   0.120739 -0.0070914
  -0.270113    0.121096 -0.00664705
  -0.270072    0.121451 -0.00621359
-0.270026  0.121798 -0.005782
 -0.269975   0.122134 -0.0053731
  -0.269921    0.122462 -0.00496027
   -0.26986    0.122778 -0.00456609
  -0.269792    0.123082 -0.00418833
   -0.26972    0.123378 -0.00380613
   -0.26964    0.123663 -0.00343944
 -0.269557   0.123939 -0.0030596
  -0.269467    0.124205 -0.00269173
   -0.26937    0.124459 -0.00233215
  -0.269269    0.124707 -0.00196592
   -0.26916    0.124945 -0.00161368
   -0.26905    0.125176 -0.00125122
    -0.26893     0.125398 -0.000908769
  -0.268805    0.125612 -0.00057933
   -0.268678     0.125822 -0.000247619
  -0.268545    0.126024 6.57107e-05
  -0.268412    0.126221 0.000387506
  -0.268273    0.126413 0.000689205
  -0.268136    0.126601 0.000999028
 -0.268014   0.126776 0.00134545
 -0.267886   0.126947 0.00166929
 -0.267757   0.127115 0.00199027
 -0.267624   0.127281 0.00227723
  -0.26749   0.127447 0.00255231
 -0.267348   0.127613 0.00278859
 -0.267198   0.127779 0.00298814
 -0.267049   0.127945 0.00318154
 -0.266891   0.128113 0.00334362
 -0.266736   0.128281 0.00351723
 -0.266575   0.128449 0.00367418
  -0.26641   0.128619 0.00382588
 -0.266247   0.128789 0.00398944
 -0.266081   0.128962 0.00414364
 -0.265918   0.129136 0.00431237
 -0.265751   0.129313 0.00446777
 -0.265589   0.129491 0.00463259
 -0.265422   0.129675 0.00478001
 -0.265253   0.129867 0.00490571
 -0.265086    0.13006 0.00503028
 -0.264915   0.130262 0.00512728
 -0.264749   0.130466 0.00523056
  -0.26458   0.130678 0.00531755
  -0.26441   0.130898 0.00538674
 -0.264244   0.131122 0.00546185
 -0.264075   0.131355 0.00551739
 -0.263913    0.13159 0.00558511
  -0.26375   0.131834 0.00564269
 -0.263586   0.132089 0.00568716
 -0.263427   0.132346 0.00573799
 -0.263266   0.132614 0.00576979
 -0.263112   0.132885 0.00581141
 -0.262957   0.133167 0.00584176
 -0.262808   0.133451 0.00588204
 -0.262658   0.133747 0.00590163
-0.262505  0.134056 0.0059009
 -0.262359   0.134367 0.00590225
  -0.26221   0.134689 0.00588899
 -0.262061   0.135024 0.00586414
 -0.261919   0.135361 0.00584859
-0.261774   0.13571 0.0058163
 -0.261636   0.136062 0.00579583
 -0.261495   0.136425 0.00576245
 -0.261361   0.136789 0.00574039
 -0.261225   0.137166 0.00570381
 -0.261086   0.137557 0.00565101
 -0.260953   0.137948 0.00560297
 -0.260817   0.138351 0.00554259
 -0.260688   0.138754 0.00549459
 -0.260557   0.139168 0.00543481
 -0.260424   0.139595 0.00536291
 -0.260297   0.140022 0.00529928
 -0.260169    0.14046 0.00522713
 -0.260046   0.140896 0.00516946
 -0.259923   0.141344 0.00510293
-0.259799  0.141802 0.0050261
 -0.259681   0.142259 0.00495748
 -0.259561   0.142725 0.00487484
 -0.25944    0.1432 0.0047901
 -0.259325   0.143674 0.00471557
  -0.25921   0.144156 0.00463223
 -0.259101   0.144636 0.00456374
 -0.258991   0.145124 0.00448695
 -0.258888   0.145608 0.00442373
 -0.258784     0.1461 0.00435058
 -0.258679   0.146599 0.00426514
 -0.258579   0.147095 0.00418568
 -0.258478   0.147597 0.00409036
 -0.258382   0.148096 0.00400766
 -0.258286     0.1486 0.00391912
 -0.258189   0.149108 0.00382299
 -0.258097   0.149612 0.00373772
 -0.258004    0.15012 0.00364585
-0.257918  0.150623 0.0035693
 -0.257831    0.15113 0.00348669
 -0.257744   0.151638 0.00339621
 -0.257662   0.152142 0.00331454
 -0.257578   0.152648 0.00322076
 -0.257501   0.153148 0.00314055
 -0.257423    0.15365 0.00305516
 -0.257343   0.154153 0.00295901
 -0.257267    0.15465 0.00286927
 -0.257189   0.155149 0.00276473
 -0.257116   0.155641 0.00267258
 -0.257041   0.156134 0.00257377
 -0.256964   0.156625 0.00246751
 -0.256892    0.15711 0.00237196
 -0.256818   0.157594 0.00226664
 -0.256749   0.158071 0.00217716
 -0.256678   0.158547 0.00207924
 -0.256613   0.159016 0.00199695
 -0.256547   0.159482 0.00190817
 -0.256479   0.159946 0.00181149
 -0.256416   0.160403 0.00172295
 -0.256351   0.160859 0.00162407
-0.256286   0.16131 0.0015212
 -0.256225   0.161755 0.00142876
 -0.256164   0.162197 0.00132825
 -0.256109   0.162632 0.00124333
 -0.256052   0.163063 0.00114935
 -0.255997   0.163491 0.00105373
  -0.255945    0.163912 0.000967482
  -0.255894    0.164329 0.000872601
  -0.255847     0.16474 0.000791079
    -0.2558    0.165148 0.000698281
  -0.255753    0.165551 0.000601919
   -0.25571    0.165949 0.000513697
  -0.255668    0.166342 0.000415912
  -0.25563    0.16673 0.00033149
  -0.255592    0.167114 0.000235869
  -0.255554    0.167494 0.000137568
  -0.255521    0.167869 4.80566e-05
   -0.255488      0.16824 -4.97599e-05
   -0.255461     0.168606 -0.000133715
   -0.255432     0.168968 -0.000228326
   -0.255406     0.169328 -0.000325071
   -0.255383     0.169682 -0.000413205
   -0.255361     0.170034 -0.000509541
   -0.255344     0.170381 -0.000592408
   -0.255326     0.170726 -0.000686185
   -0.255309     0.171068 -0.000786347
   -0.255295     0.171407 -0.000882217
  -0.255279    0.171745 -0.00099032
  -0.255268    0.172078 -0.00108683
  -0.255256    0.172411 -0.00119561
  -0.255244    0.172741 -0.00130739
  -0.255235    0.173068 -0.00140957
  -0.255227    0.173394 -0.00151849
  -0.255223    0.173717 -0.00161176
  -0.255219    0.174039 -0.00171365
  -0.255217    0.174361 -0.00181565
  -0.255218     0.17468 -0.00190838
   -0.25522       0.175 -0.00200824
  -0.255227    0.175317 -0.00209472
  -0.255233    0.175635 -0.00219211
  -0.255244    0.175952 -0.00227674
  -0.255256     0.17627 -0.00236919
   -0.25527    0.176589 -0.00246609
  -0.255287    0.176907 -0.00255621
  -0.255308    0.177226 -0.00263397
  -0.255336    0.177545 -0.00268693
  -0.255368    0.177864 -0.00273048
  -0.255405    0.178185 -0.00275852
  -0.255444    0.178505 -0.00278786
  -0.255485    0.178829 -0.00281953
  -0.255529    0.179155 -0.00285171
  -0.255574    0.179483 -0.00289451
  -0.255619    0.179815 -0.00294672
  -0.255665    0.180148 -0.00300912
   -0.25571    0.180485 -0.00308152
  -0.255757    0.180826 -0.00315569
  -0.255805    0.181168 -0.00323287
  -0.255853    0.181514 -0.00330888
  -0.255902    0.181861 -0.00338392
  -0.255951    0.182212 -0.00345764
  -0.256002    0.182564 -0.00352992
 -0.256054    0.18292 -0.0035931
  -0.256107    0.183281 -0.00365033
   -0.25616    0.183643 -0.00370811
  -0.256213    0.184011 -0.00376311
  -0.256266     0.18438 -0.00382618
  -0.256318    0.184754 -0.00389091
  -0.256368    0.185135 -0.00396066
  -0.256417    0.185517 -0.00403584
  -0.256465    0.185904 -0.00411402
  -0.256514    0.186292 -0.00419421
  -0.256562    0.186684 -0.00427006
  -0.256609    0.187082 -0.00434227
  -0.256658    0.187481 -0.00441371
 -0.256706   0.187884 -0.0044803
  -0.256755    0.188288 -0.00454711
  -0.256805    0.188696 -0.00460803
  -0.256855    0.189109 -0.00466632
  -0.256906    0.189523 -0.00472699
  -0.256957    0.189942 -0.00478708
  -0.25701   0.190362 -0.0048509
  -0.257062    0.190786 -0.00491748
  -0.257115    0.191216 -0.00497999
  -0.257168    0.191645 -0.00504533
  -0.257223    0.192079 -0.00510883
  -0.257279    0.192512 -0.00517435
  -0.257335     0.19295 -0.00524098
  -0.257392    0.193391 -0.00530101
  -0.257451    0.193832 -0.00536275
   -0.25751    0.194277 -0.00542107
  -0.257571    0.194721 -0.00548144
 -0.257632   0.195169 -0.0055394
  -0.257696    0.195616 -0.00559967
  -0.25776   0.196067 -0.0056558
  -0.257826    0.196521 -0.00571096
  -0.257892    0.196974 -0.00576839
  -0.257959     0.19743 -0.00582502
  -0.258028    0.197884 -0.00588399
  -0.258097    0.198341 -0.00594453
  -0.258169    0.198802 -0.00599855
  -0.258241    0.199261 -0.00605421
  -0.258316    0.199722 -0.00610636
  -0.258391    0.200182 -0.00616024
  -0.258468    0.200644 -0.00621489
  -0.258546    0.201103 -0.00627163
  -0.258624    0.201565 -0.00632727
  -0.258703    0.202029 -0.00638541
  -0.258781    0.202491 -0.00644857
  -0.258859    0.202954 -0.00651643
  -0.258937    0.203417 -0.00658128
  -0.259017    0.203879 -0.00664785
  -0.259096     0.20434 -0.00671126
  -0.259178    0.204799 -0.00677447
  -0.259259    0.205258 -0.00683662
  -0.259343    0.205714 -0.00689881
  -0.259428    0.206171 -0.00695312
  -0.259514    0.206627 -0.00700348
  -0.259602    0.207081 -0.00705541
  -0.259691    0.207535 -0.00710633
  -0.259782    0.207986 -0.00716115
  -0.259874    0.208438 -0.00721411
 -0.259967    0.20889 -0.0072688
  -0.260061    0.209339 -0.00732722
  -0.260155    0.209788 -0.00738742
 -0.260251   0.210234 -0.0074507
 -0.260348    0.21068 -0.0075118
  -0.260446    0.211126 -0.00757298
 -0.260545   0.211568 -0.0076361
 -0.260645    0.21201 -0.0076989
  -0.260745     0.21245 -0.00776368
  -0.260846    0.212888 -0.00783056
 -0.260948   0.213324 -0.0078993
  -0.261051    0.213759 -0.00796322
  -0.261154    0.214193 -0.00802543
  -0.261258    0.214624 -0.00808937
  -0.261362    0.215055 -0.00815583
  -0.261466    0.215483 -0.00822501
  -0.261572     0.21591 -0.00828985
  -0.261678    0.216336 -0.00835364
  -0.261784     0.21676 -0.00841946
  -0.261891    0.217183 -0.00848493
  -0.261999    0.217604 -0.00855308
  -0.262107    0.218024 -0.00861835
  -0.262216    0.218443 -0.00868372
 -0.262326   0.218861 -0.0087517
  -0.262434    0.219277 -0.00882555
  -0.262541    0.219693 -0.00890758
  -0.262648    0.220108 -0.00899093
  -0.262753    0.220521 -0.00907906
  -0.262858    0.220932 -0.00917006
  -0.262962    0.221341 -0.00926241
  -0.263066    0.221748 -0.00935503
  -0.263171    0.222154 -0.00944281
  -0.263275    0.222558 -0.00952727
   -0.26338     0.22296 -0.00961178
  -0.263485    0.223361 -0.00969377
 -0.263753   0.226694 -0.0195093
 -0.263867   0.227106 -0.0195096
 -0.263981   0.227514 -0.0195115
 -0.264097   0.227924 -0.0195126
 -0.264211    0.22833 -0.0195167
 -0.264328   0.228739 -0.0195195
-0.264443  0.229144 -0.019525
 -0.264557   0.229546 -0.0195322
-0.264673   0.22995 -0.019538
 -0.264788   0.230351 -0.0195457
 -0.264905   0.230755 -0.0195511
 -0.265022   0.231156 -0.0195576
 -0.265137   0.231556 -0.0195653
 -0.265254   0.231958 -0.0195713
  -0.26537   0.232358 -0.0195794
 -0.265489   0.232761 -0.0195856
 -0.265606   0.233162 -0.0195933
-0.265723  0.233563 -0.019603
 -0.265842   0.233966 -0.0196116
  -0.26596   0.234367 -0.0196226
 -0.266082   0.234772 -0.0196322
 -0.266203   0.235176 -0.0196441
 -0.266322   0.235579 -0.0196588
 -0.266445   0.235985 -0.0196728
 -0.266566   0.236391 -0.0196898
 -0.266687   0.236796 -0.0197093
-0.266812  0.237204 -0.019728
 -0.266936   0.237613 -0.0197501
-0.267063  0.238025 -0.019771
 -0.267187   0.238436 -0.0198023
 -0.267311   0.238853 -0.0198408
 -0.267433   0.239268 -0.0198827
 -0.267552   0.239684 -0.0199277
 -0.267673     0.2401 -0.0199687
 -0.267794   0.240515 -0.0200053
 -0.267917    0.24093 -0.0200352
 -0.26804  0.241343 -0.020059
 -0.268162   0.241749 -0.0200756
 -0.268286   0.242155 -0.0200899
 -0.268408   0.242554 -0.0201018
 -0.268531    0.24295 -0.0201153
 -0.268652    0.24334 -0.0201318
 -0.268771   0.243722 -0.0201553
  -0.26889   0.244103 -0.0201826
 -0.269005   0.244475 -0.0202197
 -0.269122   0.244847 -0.0202595
 -0.269234   0.245211 -0.0203071
 -0.269348   0.245575 -0.0203552
 -0.269466   0.245935 -0.0203173
  -0.26961   0.246309 -0.0199169
 -0.269755   0.246682 -0.0195432
  -0.26991   0.247082 -0.0192389
 -0.270054   0.247472 -0.0189546
 -0.270219   0.247887 -0.0187301
-0.270355  0.248295 -0.018556
 -0.270479   0.248688 -0.0183931
 -0.270555   0.249057 -0.0182714
 -0.270612   0.249392 -0.0181477
 -0.270609   0.249701 -0.0180607
 -0.270556   0.249945 -0.0179704
 -0.270492   0.250167 -0.0178703
 -0.270396   0.250342 -0.0177536
 -0.270288   0.250482 -0.0176157
 -0.270142   0.250594 -0.0174835
  -0.26997   0.250648 -0.0173217
-0.269791  0.250683  -0.01715
 -0.269595   0.250667 -0.0169498
 -0.269393   0.250634 -0.0167408
 -0.269167   0.250584 -0.0165394
 -0.268931   0.250499 -0.0163201
 -0.268687   0.250418 -0.0161064
 -0.268419    0.25033 -0.0159006
 -0.268142   0.250249 -0.0156993
 -0.267859   0.250147 -0.0154823
 -0.267589   0.250002 -0.0152138
 -0.267321   0.249865 -0.0149519
 -0.267042   0.249713 -0.0146834
 -0.266754   0.249557 -0.0144293
 -0.266472   0.249374 -0.0141426
-0.266195  0.249157 -0.013817
 -0.265914   0.248947 -0.0135128
 -0.265618   0.248733 -0.0132117
 -0.265307   0.248523 -0.0129398
 -0.264997   0.248285 -0.0126343
 -0.264685   0.248013 -0.0122886
 -0.264367   0.247754 -0.0119744
 -0.264033   0.247496 -0.0116649
-0.263685  0.247251 -0.011396
 -0.263337   0.246981 -0.0110905
 -0.262994   0.246679 -0.0107385
 -0.262652   0.246396 -0.0104245
 -0.262347   0.246099 -0.0100644
   -0.26203    0.245837 -0.00976834
  -0.261716    0.245593 -0.00947676
  -0.261439    0.245334 -0.00914432
  -0.261149    0.245113 -0.00887394
  -0.260873    0.244894 -0.00859205
  -0.260633    0.244654 -0.00825698
  -0.260359    0.244445 -0.00798592
  -0.260103    0.244183 -0.00764461
 -0.259781   0.243945 -0.0073813
 -0.259422   0.243682 -0.0071023
  -0.259027    0.243365 -0.00677157
  -0.258562    0.243081 -0.00652033
  -0.258016    0.242795 -0.00629344
  -0.257386    0.242545 -0.00616032
  -0.256632    0.242323 -0.00614572
  -0.255811    0.242131 -0.00621087
  -0.254876    0.241971 -0.00640568
 -0.253853   0.241843 -0.0067175
  -0.252812    0.241737 -0.00706606
   -0.25174    0.241668 -0.00750082
  -0.250703    0.241626 -0.00794443
  -0.249685    0.241618 -0.00835631
  -0.248725    0.241641 -0.00863377
  -0.247821    0.241706 -0.00882325
  -0.247007    0.241817 -0.00889869
 -0.246255   0.241949 -0.0089262
  -0.245617    0.242121 -0.00890328
  -0.245045    0.242312 -0.00889949
  -0.244565    0.242524 -0.00889134
  -0.244191    0.242762 -0.00893313
  -0.243859    0.243003 -0.00904342
 -0.243626    0.24326 -0.0092377
  -0.243427     0.24351 -0.00953876
  -0.243309    0.243764 -0.00989729
 -0.243261   0.244017 -0.0103248
 -0.243251   0.244264 -0.0108309
 -0.243297    0.24451 -0.0113486
 -0.243374    0.24475 -0.0118661
 -0.243502   0.244989 -0.0123528
 -0.243694   0.245234 -0.0128051
 -0.243891   0.245469 -0.0132264
 -0.244137   0.245709 -0.0136178
 -0.244416   0.245955 -0.0139862
 -0.244706   0.246195 -0.0143283
 -0.245016   0.246439 -0.0146529
 -0.245332   0.246682 -0.0149556
 -0.245625   0.246928 -0.0152528
   -0.2459   0.247202 -0.0155472
 -0.246126   0.247457 -0.0158314
 -0.246331    0.24774 -0.0161172
 -0.246493   0.247995 -0.0163919
 -0.246644    0.24827 -0.0166665
 -0.246769   0.248545 -0.0169441
 -0.246881   0.248805 -0.0172094
 -0.246973   0.249061 -0.0174781
  -0.24706   0.249304 -0.0177334
 -0.247134   0.249544 -0.0179893
   -0.2472   0.249787 -0.0182443
 -0.247254   0.250011 -0.0184887
  -0.24728   0.250208 -0.0187311
  -0.24728    0.25034 -0.0189286
 -0.247246    0.25042 -0.0190916
 -0.247166   0.250439 -0.0192162
  -0.24706   0.250415 -0.0193106
  -0.24691   0.250361 -0.0193872
 -0.246713   0.250283 -0.0194531
 -0.246491   0.250194 -0.0195131
 -0.246224   0.250092 -0.0197666
 -0.245944   0.249985 -0.0201224
 -0.245627   0.249871 -0.0206734
 -0.245304   0.249749 -0.0212478
  -0.24496   0.249619 -0.0218774
 -0.244604   0.249479 -0.0225435
 -0.244242   0.249317 -0.0231624
 -0.243878   0.249144 -0.0237714
-0.243516  0.248959 -0.024331
 -0.243154   0.248753 -0.0248325
 -0.242796   0.248539 -0.0253048
 -0.242433   0.248309 -0.0257386
  -0.24207   0.248074 -0.0261677
 -0.241703   0.247837 -0.0266156
-0.241328  0.247591 -0.027062
 -0.240946   0.247346 -0.0275534
 -0.240555   0.247091 -0.0280411
 -0.240156   0.246839 -0.0285568
 -0.239749   0.246587 -0.0291056
 -0.239334   0.246325 -0.0296384
 -0.238912   0.246062 -0.0301829
 -0.238484   0.245787 -0.0306948
  -0.23805   0.245512 -0.0312198
 -0.237611   0.245234 -0.0317544
-0.237167  0.244946 -0.032266
 -0.236717   0.244654 -0.0327818
 -0.236261   0.244359 -0.0333062
   -0.2358   0.244054 -0.0338085
 -0.235333   0.243745 -0.0343291
 -0.234858   0.243425 -0.0348253
 -0.234379     0.2431 -0.0353346
 -0.233894   0.242771 -0.0358601
 -0.233405   0.242431 -0.0363693
 -0.232912   0.242083 -0.0368902
 -0.232416   0.241721 -0.0373875
 -0.231918   0.241352 -0.0379048
  -0.23142   0.240975 -0.0384418
  -0.23092   0.240586 -0.0389623
 -0.230419   0.240188 -0.0394931
 -0.229916   0.239779 -0.0399963
 -0.229413   0.239362 -0.0405155
 -0.228913   0.238939 -0.0410489
  -0.22841   0.238506 -0.0415631
 -0.227911   0.238067 -0.0420947
 -0.227409   0.237617 -0.0425983
  -0.22691   0.237161 -0.0431091
 -0.226412   0.236698 -0.0436293
-0.225913  0.236224 -0.044128
-0.225524  0.235966 -0.045058
 -0.225137   0.235706 -0.0459435
-0.224729  0.235417 -0.046805
 -0.224337   0.235106 -0.0476078
 -0.223939   0.234771 -0.0483512
 -0.223535     0.2344 -0.0490463
 -0.223127   0.234007 -0.0496955
-0.222713  0.233576 -0.050286
-0.222291  0.233109  -0.05083
 -0.221866   0.232626 -0.0513535
 -0.221433   0.232112 -0.0518596
 -0.220997   0.231588 -0.0523614
 -0.220555   0.231041 -0.0528662
 -0.220109   0.230473 -0.0533773
-0.219661  0.229901 -0.053883
 -0.219209   0.229312 -0.0543927
 -0.218758   0.228721 -0.0548864
 -0.218306   0.228117 -0.0553785
 -0.217854   0.227505 -0.0558607
 -0.217404   0.226893 -0.0563233
 -0.216955   0.226274 -0.0567731
 -0.216509   0.225656 -0.0572003
 -0.216065   0.225033 -0.0576195
 -0.215625   0.224406 -0.0580283
 -0.215187   0.223779 -0.0584245
 -0.214752   0.223146 -0.0588167
 -0.214319   0.222513 -0.0591963
 -0.213889   0.221873 -0.0595768
-0.213462  0.221228 -0.059956
 -0.213038   0.220584 -0.0603254
 -0.212617   0.219936 -0.0606939
 -0.212198    0.21929 -0.0610486
 -0.211783   0.218643 -0.0614008
 -0.211372   0.217995 -0.0617486
 -0.210962    0.21735 -0.0620843
 -0.210556   0.216705 -0.0624167
 -0.210154   0.216059 -0.0627426
-0.209753  0.215414 -0.063055
 -0.209356   0.214769 -0.0633627
 -0.208959   0.214126 -0.0636552
 -0.208565   0.213484 -0.0639429
 -0.208173   0.212844 -0.0642261
 -0.207783   0.212207 -0.0644972
 -0.207393   0.211574 -0.0647653
 -0.207003   0.210944 -0.0650193
 -0.206615   0.210318 -0.0652695
 -0.206227   0.209698 -0.0655164
 -0.205839   0.209082 -0.0657516
  -0.20545   0.208473 -0.0659851
 -0.205061   0.207869 -0.0662048
 -0.204672   0.207271 -0.0664216
 -0.204281   0.206682 -0.0666356
  -0.20389   0.206097 -0.0668384
 -0.203496   0.205521 -0.0670409
 -0.203101    0.20495 -0.0672305
 -0.202704   0.204387 -0.0674184
-0.202303  0.203832 -0.067605
 -0.201902   0.203283 -0.0677813
 -0.201496   0.202743 -0.0679586
 -0.201089   0.202208 -0.0681238
 -0.200678   0.201681 -0.0682882
 -0.200263   0.201162 -0.0684523
 -0.199837   0.200649 -0.0686322
 -0.199406   0.200144 -0.0688145
 -0.198973   0.199634 -0.0689894
 -0.198535   0.199122 -0.0691617
 -0.198092   0.198616 -0.0693313
 -0.197649   0.198114 -0.0694845
-0.197202  0.197617 -0.069629
 -0.196751   0.197127 -0.0697654
 -0.196301   0.196642 -0.0698887
 -0.195844   0.196163 -0.0700096
 -0.195388   0.195689 -0.0701211
 -0.194926   0.195221 -0.0702322
-0.194458   0.19476 -0.070347
  -0.19399   0.194301 -0.0704577
-0.193514  0.193848 -0.070576
 -0.193038   0.193396 -0.0706889
 -0.192556    0.19295 -0.0708043
 -0.192068   0.192508 -0.0709237
  -0.19158   0.192068 -0.0710372
 -0.191086   0.191632 -0.0711552
 -0.190592   0.191197 -0.0712655
 -0.190094   0.190768 -0.0713746
 -0.189591   0.190342 -0.0714848
 -0.189088   0.189918 -0.0715891
 -0.188579   0.189498 -0.0716968
 -0.188071   0.189081 -0.0717989
  -0.18756   0.188667 -0.0719004
 -0.187043   0.188258 -0.0720047
 -0.186527    0.18785 -0.0721053
 -0.186007   0.187446 -0.0722109
 -0.185482   0.187046 -0.0723154
  -0.18496   0.186648 -0.0724168
 -0.184433   0.186252 -0.0725214
 -0.183908   0.185859 -0.0726226
  -0.18338   0.185469 -0.0727229
 -0.182848   0.185081 -0.0728266
 -0.182319   0.184695 -0.0729274
 -0.181787    0.18431 -0.0730314
 -0.181257   0.183926 -0.0731325
 -0.180725   0.183543 -0.0732309
  -0.18019   0.183162 -0.0733304
-0.179658  0.182783 -0.073427
 -0.179124   0.182407 -0.0735205
-0.178593  0.182032 -0.073612
  -0.17806   0.181656 -0.0737048
 -0.177525   0.181281 -0.0737998
 -0.176993   0.180906 -0.0738933
 -0.176461   0.180532 -0.0739824
 -0.175927    0.18016 -0.0740729
 -0.175397   0.179791 -0.0741607
 -0.174866   0.179425 -0.0742496
 -0.174339   0.179063 -0.0743365
-0.173813  0.178704 -0.074419
 -0.173286   0.178351 -0.0745015
 -0.172763   0.178002 -0.0745824
 -0.172241   0.177657 -0.0746646
 -0.171722   0.177317 -0.0747468
 -0.171203   0.176981 -0.0748248
 -0.170685   0.176651 -0.0749053
 -0.170171   0.176324 -0.0749857
 -0.169658   0.176003 -0.0750682
 -0.169148   0.175685 -0.0751517
  -0.16864   0.175372 -0.0752319
 -0.168132   0.175064 -0.0753128
 -0.167629   0.174759 -0.0753937
 -0.167127    0.17446 -0.0754755
 -0.166627   0.174165 -0.0755538
-0.166131  0.173874 -0.075633
 -0.165637   0.173588 -0.0757123
 -0.165146   0.173306 -0.0757938
 -0.164657   0.173028 -0.0758711
 -0.164171   0.172755 -0.0759505
 -0.163688   0.172486 -0.0760309
 -0.163207   0.172223 -0.0761119
  -0.16273   0.171962 -0.0761949
 -0.162256   0.171706 -0.0762736
 -0.161785   0.171456 -0.0763512
 -0.161317   0.171209 -0.0764293
-0.160852  0.170967 -0.076506
  -0.16039   0.170727 -0.0765849
 -0.159932   0.170493 -0.0766586
 -0.159476   0.170263 -0.0767309
 -0.158975   0.170023 -0.0768033
 -0.158502   0.169793 -0.0768749
-0.158006  0.169554 -0.076949
 -0.157552   0.169328 -0.0770192
 -0.157119   0.169109 -0.0770884
  -0.15669    0.16889 -0.0771589
 -0.156263   0.168672 -0.0772261
  -0.15584   0.168456 -0.0772953
  -0.15542   0.168244 -0.0773574
 -0.155003   0.168035 -0.0774145
 -0.154589   0.167828 -0.0774715
 -0.154178   0.167626 -0.0775225
 -0.153771   0.167428 -0.0775668
 -0.153366   0.167232 -0.0776128
 -0.152964   0.167041 -0.0776542
 -0.152566   0.166851 -0.0776999
 -0.152169   0.166665 -0.0777394
 -0.151775   0.166481 -0.0777826
 -0.151385   0.166301 -0.0778213
 -0.150996   0.166126 -0.0778549
 -0.150611   0.165952 -0.0778892
 -0.150229   0.165782 -0.0779151
 -0.149849   0.165613 -0.0779434
 -0.149473   0.165449 -0.0779649
 -0.149099    0.16529 -0.0779794
 -0.148729   0.165132 -0.0779949
 -0.148361   0.164979 -0.0780023
 -0.147996   0.164827 -0.0780136
 -0.147634   0.164679 -0.0780183
 -0.147275   0.164537 -0.0780168
-0.146919  0.164395 -0.078017
 -0.146566   0.164258 -0.0780092
 -0.146216   0.164125 -0.0779953
 -0.145869   0.163993 -0.0779837
 -0.145525   0.163865 -0.0779658
 -0.145184   0.163738 -0.0779528
 -0.144845   0.163615 -0.0779327
 -0.144509   0.163493 -0.0779166
 -0.144176   0.163374 -0.0778933
 -0.143846    0.16326 -0.0778614
  -0.14352   0.163146 -0.0778296
 -0.143196   0.163033 -0.0777888
 -0.142886   0.162921 -0.0777379
 -0.142589   0.162806 -0.0776857
 -0.142307    0.16269 -0.0776207
 -0.142037   0.162573 -0.0775578
 -0.141781   0.162456 -0.0774858
 -0.141539   0.162341 -0.0774052
 -0.141304   0.162227 -0.0773268
  -0.14108   0.162115 -0.0772399
  -0.14086   0.162005 -0.0771576
 -0.140646   0.161897 -0.0770705
  -0.14044   0.161793 -0.0769766
-0.140236   0.16169 -0.076883
 -0.140038    0.16159 -0.0767821
 -0.139846   0.161491 -0.0766712
 -0.139657   0.161393 -0.0765579
-0.139474  0.161296  -0.07643
-0.139295  0.161199   -0.0763
 -0.139122   0.161103 -0.0761596
 -0.138955   0.161008 -0.0760071
  -0.13879   0.160913 -0.0758518
 -0.138632   0.160818 -0.0756823
 -0.138475   0.160724 -0.0755116
 -0.138322   0.160631 -0.0753322
 -0.138174   0.160539 -0.0751437
 -0.138028   0.160448 -0.0749529
 -0.137885   0.160358 -0.0747499
 -0.137743   0.160268 -0.0745448
 -0.137604   0.160179 -0.0743333
 -0.137469   0.160092 -0.0741106
 -0.137334   0.160004 -0.0738845
 -0.137202   0.159917 -0.0736509
 -0.137074    0.15983 -0.0734061
 -0.136946   0.159743 -0.0731571
  -0.13682   0.159656 -0.0728942
 -0.136694   0.159569 -0.0726274
 -0.136571   0.159481 -0.0723544
  -0.13645   0.159394 -0.0720702
 -0.136328   0.159306 -0.0717826
 -0.136207   0.159217 -0.0714829
 -0.136085   0.159126 -0.0711808
-0.135964  0.159031 -0.070875
 -0.135843   0.158931 -0.0705603
 -0.135719   0.158827 -0.0702423
 -0.135596   0.158717 -0.0699193
 -0.135471   0.158606 -0.0695913
 -0.135346   0.158489 -0.0692521
  -0.13522   0.158369 -0.0688989
 -0.135093   0.158247 -0.0685389
 -0.134966   0.158122 -0.0681651
 -0.134838   0.157996 -0.0677864
 -0.134709   0.157869 -0.0674032
  -0.13458    0.15774 -0.0670107
 -0.134449    0.15761 -0.0666143
 -0.134317   0.157478 -0.0662148
 -0.134184   0.157344 -0.0658078
  -0.13405   0.157209 -0.0653975
 -0.133915   0.157071 -0.0649782
 -0.133779   0.156932 -0.0645547
 -0.133641    0.15679 -0.0641293
 -0.133502   0.156646 -0.0636968
 -0.133362     0.1565 -0.0632618
 -0.133229   0.156352 -0.0628214
 -0.133136   0.156209 -0.0623889
-0.133082  0.156069 -0.061967
 -0.133065    0.15593 -0.0615492
 -0.133084   0.155796 -0.0611362
 -0.133137   0.155661 -0.0607275
 -0.133224    0.15553 -0.0603178
 -0.133344   0.155397 -0.0599024
 -0.133499   0.155262 -0.0594759
 -0.133684   0.155127 -0.0590422
 -0.133902   0.154986 -0.0586023
-0.134151  0.154841 -0.058149
 -0.134412   0.154694 -0.0576841
  -0.13463   0.154538 -0.0571865
 -0.134817   0.154377 -0.0566647
 -0.134959    0.15421 -0.0561186
-0.135048  0.154032 -0.055542
 -0.135108   0.153849 -0.0549495
 -0.135116   0.153656 -0.0543368
-0.135095  0.153457 -0.053716
 -0.135029   0.153247 -0.0530953
 -0.134915   0.153026 -0.0524729
  -0.13478   0.152801 -0.0518463
 -0.134603   0.152567 -0.0512206
 -0.134414   0.152331 -0.0505858
-0.134193  0.152088 -0.049955
 -0.133944   0.151841 -0.0493223
 -0.133689   0.151594 -0.0486817
  -0.13341   0.151341 -0.0480403
 -0.133128   0.151089 -0.0473903
 -0.132827   0.150833 -0.0467457
 -0.132508   0.150571 -0.0461036
 -0.132187   0.150308 -0.0454611
  -0.13185    0.15004 -0.0448271
 -0.131512   0.149772 -0.0441938
 -0.131159   0.149497 -0.0435697
 -0.130791   0.149214 -0.0429554
 -0.130424    0.14893 -0.0423448
 -0.130043    0.14864 -0.0417394
 -0.129662    0.14835 -0.0411233
  -0.12927   0.148053 -0.0405075
 -0.128869   0.147748 -0.0398916
 -0.128469   0.147444 -0.0392707
 -0.128061   0.147134 -0.0386539
 -0.127648   0.146818 -0.0380406
  -0.12724   0.146502 -0.0374264
 -0.126828   0.146181 -0.0368203
 -0.126423    0.14586 -0.0362143
 -0.126015   0.145534 -0.0356186
 -0.125609   0.145203 -0.0350327
  -0.12521   0.144873 -0.0344501
 -0.124814   0.144538 -0.0338794
-0.124426  0.144204 -0.033311
 -0.124042   0.143865 -0.0327629
-0.123666  0.143526 -0.032242
 -0.123297   0.143182 -0.0317468
 -0.122935   0.142834 -0.0312753
 -0.122582   0.142485 -0.0308268
 -0.122237   0.142131 -0.0303987
 -0.121896   0.141773 -0.0299894
 -0.121561   0.141407 -0.0295962
 -0.121233   0.141031 -0.0292177
 -0.120909   0.140652 -0.0288544
 -0.120592   0.140265 -0.0285045
 -0.120281   0.139871 -0.0281673
 -0.119977   0.139476 -0.0278441
  -0.11968   0.139077 -0.0275332
  -0.11939   0.138678 -0.0272355
 -0.119109   0.138275 -0.0269489
 -0.118838   0.137869 -0.0266728
 -0.118573   0.137464 -0.0264084
 -0.118317   0.137056 -0.0261535
 -0.118067    0.13665 -0.0259095
 -0.117825   0.136241 -0.0256748
 -0.117591    0.13583 -0.0254486
 -0.117362    0.13542 -0.0252318
 -0.117141   0.135007 -0.0250225
 -0.116927   0.134593 -0.0248211
 -0.116716    0.13418 -0.0246278
 -0.116513   0.133765 -0.0244412
 -0.116313   0.133352 -0.0242621
 -0.116119   0.132937 -0.0240891
 -0.115931   0.132521 -0.0239217
 -0.115746   0.132107 -0.0237612
 -0.115568   0.131691 -0.0236055
 -0.115391   0.131279 -0.0234563
 -0.115219   0.130865 -0.0233115
 -0.115053   0.130449 -0.0231701
 -0.114888   0.130036 -0.0230337
 -0.114727   0.129621 -0.0229001
 -0.114568   0.129208 -0.0227713
 -0.114412   0.128795 -0.0226459
  -0.11426   0.128381 -0.0225234
 -0.114108    0.12797 -0.0224051
 -0.113959   0.127559 -0.0222898
  -0.11381    0.12715 -0.0221786
 -0.113663   0.126744 -0.0220701
 -0.113517   0.126339 -0.0219642
 -0.113369   0.125937 -0.0218614
  -0.11322   0.125533 -0.0217606
 -0.113069   0.125129 -0.0216612
 -0.112915   0.124725 -0.0215641
 -0.112757   0.124319 -0.0214682
 -0.112597   0.123913 -0.0213748
 -0.112434   0.123508 -0.0212833
 -0.112268   0.123104 -0.0211936
   -0.1121   0.122702 -0.0211066
  -0.11193   0.122303 -0.0209834
 -0.111757   0.121909 -0.0207487
 -0.111582   0.121522 -0.0203887
 -0.111405   0.121142 -0.0198832
 -0.111228   0.120768 -0.0193164
 -0.111051   0.120399 -0.0186962
 -0.110873   0.120033 -0.0180763
-0.110694   0.11967 -0.017463
 -0.110512    0.11931 -0.0168735
-0.110328  0.118952 -0.016309
  -0.11014   0.118596 -0.0157808
 -0.109952   0.118241 -0.0152678
 -0.109761   0.117889 -0.0147798
  -0.10957   0.117538 -0.0143063
 -0.109379    0.11719 -0.0138278
 -0.109188   0.116844 -0.0133508
 -0.108999   0.116501 -0.0128621
 -0.108811    0.11616 -0.0123581
 -0.108625    0.11582 -0.0118394
  -0.10844   0.115483 -0.0113069
 -0.108256   0.115147 -0.0107685
-0.108073  0.114813 -0.010224
  -0.107889    0.114481 -0.00967728
  -0.107706    0.114148 -0.00913206
  -0.107522    0.113817 -0.00858707
  -0.107338    0.113487 -0.00804936
 -0.107153   0.113157 -0.0075212
  -0.106969    0.112828 -0.00699671
  -0.106783    0.112499 -0.00648266
  -0.106597    0.112171 -0.00598335
 -0.106408   0.111844 -0.0055056
  -0.106217    0.111515 -0.00504689
  -0.106025    0.111183 -0.00459879
   -0.10583    0.110849 -0.00416468
  -0.105633    0.110512 -0.00373459
 -0.105434   0.110173 -0.0033137
  -0.105231    0.109831 -0.00289812
  -0.105026    0.109488 -0.00248537
  -0.104816    0.109143 -0.00208041
  -0.104603    0.108798 -0.00167784
  -0.104383    0.108452 -0.00127979
   -0.104152     0.108104 -0.000887964
   -0.103917     0.107756 -0.000501313
   -0.103674     0.107407 -9.70223e-05
  -0.103427    0.107058 0.000330443
   -0.10317    0.106707 0.000798685
   -0.1029   0.106356 0.00130263
 -0.102626   0.106002 0.00181947
 -0.102341   0.105647 0.00234591
 -0.102045   0.105289 0.00287878
 -0.101745    0.10493 0.00340179
 -0.101438   0.104567 0.00391405
 -0.101131   0.104203 0.00441385
 -0.100825   0.103837 0.00489868
 -0.100523   0.103467 0.00536926
 -0.100227   0.103098 0.00583625
 -0.099943   0.102725 0.00629383
-0.0996695   0.102354 0.00675677
-0.0994118   0.101981 0.00722049
-0.0991732   0.101605 0.00768483
-0.0989458   0.101231 0.00815533
-0.0987375   0.100855 0.00862576
-0.0985462   0.100482 0.00909995
-0.0983641    0.10011 0.00957717
-0.0981977  0.0997395  0.0100519
-0.098038 0.0993697 0.0105283
-0.0978901  0.0990025  0.0110005
-0.0977472  0.0986367  0.0114738
-0.0976154  0.0982741   0.011943
-0.0974925  0.0979146  0.0124068
-0.0973733  0.0975563  0.0128721
-0.0972607  0.0972009  0.0133335
-0.0971522  0.0968457  0.0137987
-0.0970516  0.0964929  0.0142623
-0.0969578  0.0961426  0.0147239
-0.0968671  0.0957922  0.0151899
-0.0967826  0.0954422  0.0156552
-0.0967051  0.0950888  0.0161213
-0.0966293  0.0947356  0.0165931
-0.0965565  0.0943841  0.0170645
-0.0964844  0.0940337  0.0175431
-0.0964143  0.0936859  0.0180241
-0.0963444   0.093341  0.0185048
-0.0962742   0.092997   0.018991
-0.096203 0.0926561 0.0194757
-0.0961303   0.092319  0.0199609
-0.0960566   0.091983  0.0204516
-0.0959796  0.0916508  0.0209396
-0.0959015    0.09132  0.0214344
 -0.09582 0.0909929 0.0219265
-0.0957345  0.0906703  0.0224188
-0.0956475  0.0903486  0.0229167
-0.0955551  0.0900311  0.0234128
-0.0954602  0.0897145  0.0239294
-0.0953596   0.089402  0.0244598
-0.0952516  0.0890936  0.0250017
-0.0951415  0.0887855   0.025559
-0.0950238  0.0884813   0.026122
-0.0949104  0.0881792  0.0266639
-0.0948044  0.0878756  0.0271925
-0.0947009  0.0875738  0.0276953
-0.0946051  0.0872708  0.0281897
-0.0945124  0.0869695  0.0286644
-0.0944233  0.0866705  0.0291235
-0.0943417    0.08637  0.0295801
-0.0942631  0.0860714  0.0300232
-0.0941924  0.0857716   0.030468
-0.0941257  0.0854738  0.0309062
-0.094062  0.085178 0.0313359
-0.0940049  0.0848806  0.0317669
-0.0939494  0.0845852  0.0321872
-0.0938996  0.0842878  0.0326082
-0.0938524  0.0839913  0.0330227
-0.0938061  0.0836937   0.033428
-0.0937654  0.0833917   0.033836
-0.0937249  0.0830878  0.0342342
-0.0936898  0.0827798  0.0346359
-0.0936541  0.0824702  0.0350266
-0.0936184  0.0821588  0.0354108
-0.0935874  0.0818438  0.0357976
-0.0935547  0.0815273  0.0361741
-0.093527 0.0812079 0.0365549
-0.0934977  0.0808875   0.036927
-0.0934672  0.0805658  0.0372908
-0.093442 0.0802404 0.0376608
-0.0934153  0.0799136  0.0380207
-0.0933946  0.0795836   0.038389
-0.0933734  0.0792528  0.0387512
-0.0933521  0.0789337  0.0390976
-0.0933378  0.0786238  0.0394442
-0.0933232  0.0783269   0.039777
-0.0933081  0.0780421  0.0400971
-0.0932993  0.0777669  0.0404207
-0.0932886  0.0775022  0.0407295
-0.0932844   0.077246  0.0410441
-0.0932782  0.0769992  0.0413434
-0.0932403  0.0767646  0.0417155
-0.0931882  0.0765388  0.0421489
-0.0931025  0.0763243  0.0426516
-0.0930021  0.0761172  0.0432046
-0.0928663  0.0759193  0.0437785
-0.0926961  0.0757297  0.0443502
-0.0925143  0.0755444   0.044915
-0.0923036  0.0753663  0.0454589
-0.0920634  0.0751948  0.0459744
-0.0918153   0.075026  0.0464787
-0.0915407  0.0748731  0.0469509
-0.091262 0.0747336 0.0474191
-0.0909624  0.0746152  0.0478676
-0.0906434  0.0745186  0.0483008
-0.0903231  0.0744293  0.0487359
-0.0899863  0.0743529  0.0491574
-0.0896536  0.0742833  0.0495788
-0.0893098   0.074188  0.0499937
-0.0889587  0.0740602   0.050394
-0.088612 0.0739076 0.0507906
-0.0882608  0.0737229  0.0511695
-0.0879147    0.07352  0.0515478
-0.0875651  0.0732938  0.0519169
-0.0872133  0.0730422  0.0522754
-0.0868673  0.0727766  0.0526357
-0.0865205  0.0724859  0.0529863
-0.0861835  0.0721735  0.0533409
-0.0858715  0.0718487   0.053709
-0.0855882  0.0714989  0.0540901
-0.0853283  0.0711348  0.0544853
-0.0850937  0.0707366  0.0548882
-0.0848734  0.0703161  0.0552966
-0.0846636  0.0698632  0.0557031
-0.0844608  0.0693754  0.0560987
-0.0842619  0.0688713  0.0564892
-0.0840621  0.0683375  0.0568634
-0.0838629  0.0677935  0.0572374
-0.0836593  0.0672298  0.0576036
-0.083457 0.0666608  0.057978
-0.0832509  0.0660756  0.0583548
-0.0830413  0.0654769   0.058737
-0.0828354  0.0648764    0.05913
-0.082628 0.0642667 0.0595269
-0.0824254  0.0636567  0.0599336
-0.0822225  0.0630397  0.0603475
-0.0820202  0.0624166  0.0607626
-0.0818222  0.0617944  0.0611801
-0.0816236  0.0611672  0.0615893
-0.0814257   0.060537  0.0619927
-0.0812313  0.0599084  0.0623931
-0.081037 0.0592775 0.0627808
-0.0808461  0.0586487  0.0631668
-0.0806554  0.0580189  0.0635435
-0.0804651   0.057389  0.0639087
-0.080279 0.0567599 0.0642753
-0.0800948  0.0561248  0.0646329
-0.0798962  0.0555007  0.0649968
-0.0796812  0.0548969  0.0653597
-0.0794672  0.0542997  0.0657158
-0.079263 0.0536898 0.0660739
-0.079062 0.0530643 0.0664232
-0.0788746  0.0524221  0.0667791
-0.0787021  0.0517642  0.0671404
-0.0785476   0.051087  0.0675057
-0.0784058  0.0504026  0.0678797
-0.0782794   0.049709  0.0682543
-0.0781608  0.0490177  0.0686368
-0.0780508  0.0483289  0.0690203
-0.0779474  0.0476476  0.0694018
-0.0778468  0.0469748   0.069788
-0.0777484  0.0463134  0.0701681
-0.0776502  0.0456607  0.0705527
-0.0775519  0.0450181  0.0709334
-0.0774519  0.0443858  0.0713078
-0.0773516  0.0437511  0.0716832
-0.0772491  0.0431088  0.0720474
-0.0771476  0.0424667  0.0724151
-0.0770473  0.0418259  0.0727772
-0.0769469  0.0411933  0.0731304
-0.0768475  0.0405719  0.0734834
-0.0767485  0.0399597  0.0738256
-0.0766507  0.0393565  0.0741615
-0.0765546  0.0387627  0.0744983
-0.0764597  0.0381769  0.0748266
-0.076367 0.0375995 0.0751579
-0.0762757  0.0370296  0.0754785
-0.0761867  0.0364671  0.0758018
-0.0760998  0.0359115  0.0761178
-0.0760146  0.0353627  0.0764246
-0.0759318  0.0348202  0.0767319
-0.0758503   0.034284  0.0770266
-0.0757713  0.0337532   0.077324
-0.0756946  0.0332277  0.0776151
-0.0756197  0.0327074  0.0778967
-0.0755474  0.0321913  0.0781793
-0.075476 0.0316798 0.0784483
-0.0754068  0.0311721  0.0787111
-0.0753649  0.0306729  0.0789846
-0.0753239  0.0301829  0.0792534
-0.0752852  0.0297121  0.0795313
-0.0752498  0.0292841  0.0798042
-0.0752122  0.0288875  0.0800789
-0.0751712  0.0285339  0.0803356
-0.0751227  0.0282219  0.0805675
-0.0750715  0.0279242  0.0807914
-0.0750131  0.0276531  0.0809859
-0.0749544  0.0273824   0.081176
-0.0748922  0.0271239  0.0813427
-0.0748322  0.0268614  0.0815096
-0.0747716  0.0266081  0.0816599
-0.0747119  0.0263624  0.0817924
-0.0746564  0.0261156  0.0819266
-0.0746038  0.0258808  0.0820433
-0.0745565  0.0256493  0.0821654
-0.0745133  0.0254347  0.0822795
-0.0744743  0.0252397  0.0823795
-0.0744398  0.0250502  0.0824805
-0.0744086  0.0248812  0.0825609
-0.074381 0.0247161 0.0826406
-0.0743559  0.0245676  0.0827069
-0.0743324  0.0244341  0.0827514
-0.0743115  0.0242995  0.0827921
-0.0742914  0.0241745  0.0828115
-0.0742714  0.0240561   0.082814
-0.0742537   0.023932  0.0828133
-0.0742354    0.02381  0.0827909
-0.0742196  0.0236799  0.0827682
-0.0742033  0.0235502  0.0827285
-0.0741865   0.023418  0.0826775
-0.0741721  0.0232769   0.082626
-0.0741567  0.0231311  0.0825577
-0.0741438   0.022976  0.0824902
-0.0741401  0.0228168  0.0824419
-0.0741353  0.0226503  0.0823776
-0.0741336  0.0224682  0.0823027
-0.0741798  0.0222803  0.0822313
-0.0742248  0.0220792  0.0821503
-0.0742662   0.021865  0.0820491
-0.0743063  0.0216353  0.0819257
-0.0743376  0.0213918  0.0817942
-0.0743585  0.0211329  0.0816427
-0.0745177  0.0208887  0.0813946
-0.0746618  0.0206274   0.081131
-0.0748305   0.020347   0.080824
-0.0749723  0.0200484  0.0805557
-0.0750861  0.0197213  0.0802986
-0.0751686  0.0193748  0.0800937
-0.0752126  0.0190009  0.0799256
-0.0752163  0.0185972  0.0798174
-0.0752014   0.018176  0.0797346
-0.0751559  0.0177284   0.079664
-0.075097 0.0172645 0.0795793
-0.0750066  0.0167724   0.079486
-0.0750098  0.0162745  0.0792069
-0.0750053   0.015765   0.078903
-0.0749847  0.0152305  0.0785675
-0.074953 0.0146818 0.0782644
-0.0749359  0.0141082  0.0779519
-0.0749082   0.013505   0.077672
-0.0748759  0.0128891  0.0774337
-0.0748245  0.0122437  0.0772458
-0.0747654  0.0115822   0.077096
-0.0746887  0.0108885  0.0769812
-0.0745909  0.0101608  0.0768895
-0.0744866 0.00941902  0.0768016
-0.0743647  0.0086513  0.0767099
-0.0743581 0.00791683  0.0764528
-0.0743375 0.00716202   0.076188
-0.0743452 0.00639136  0.0758777
-0.0743402 0.00560799   0.075604
-0.0743259 0.00479453  0.0753467
-0.0742964 0.00396729   0.075146
-0.0742495 0.00311301  0.0749963
-0.0741814 0.00226689   0.074906
-0.0741045 0.00143464  0.0748386
 -0.0740022 0.000605171   0.0747974
   -0.074015 -0.000240481    0.0746373
 -0.0740074 -0.00108766   0.0744654
 -0.0740168 -0.00194257   0.0742366
-0.0740038 -0.0027862   0.074014
 -0.0739663 -0.00361799   0.0737717
 -0.0740403 -0.00443926   0.0734789
 -0.0740859 -0.00524304   0.0732034
 -0.0741162 -0.00602872   0.0729499
 -0.0741333 -0.00679775   0.0727206
 -0.0741112 -0.00754978   0.0725223
 -0.0741906 -0.00829238   0.0722777
 -0.0742285 -0.00902074   0.0720511
 -0.0742438 -0.00973677   0.0718245
-0.0742354 -0.0104407  0.0716109
-0.074306 -0.011139 0.0713304
-0.0743467 -0.0118267   0.071055
-0.0743444 -0.0125049  0.0707738
-0.0743016 -0.0131724  0.0705118
-0.0742368  -0.013831  0.0702556
-0.0742461 -0.0144867  0.0699398
-0.0742324 -0.0151548  0.0696308
-0.0742089 -0.0158484  0.0693107
-0.0741537 -0.0165576  0.0690132
-0.0740667 -0.0172946  0.0687388
-0.0740534 -0.0180345  0.0684135
 -0.074019 -0.0187854   0.068103
-0.0739832 -0.0195639  0.0677935
-0.0739221  -0.020364  0.0675135
-0.0738312 -0.0211997  0.0672554
-0.0738194 -0.0220434  0.0669682
 -0.073789 -0.0229023  0.0666984
-0.0737603 -0.0237883  0.0664367
-0.0737063 -0.0246876  0.0662035
-0.0736265 -0.0256129  0.0659907
-0.0736385 -0.0265168  0.0657348
-0.0736215 -0.0274415  0.0655059
-0.0735993 -0.0283783  0.0652533
-0.0735497   -0.02932   0.065027
-0.0734688 -0.0302662  0.0648235
-0.0733487 -0.0312115  0.0646367
-0.0731919 -0.0321738  0.0644791
-0.0731123 -0.0331185  0.0642595
-0.0730328 -0.0340621  0.0640415
-0.0729743 -0.0350076  0.0638065
-0.0729124 -0.0359531  0.0635878
-0.0728514 -0.0369038  0.0633785
-0.0728896 -0.0378255  0.0631315
-0.0729246 -0.0387489  0.0629069
-0.0729832 -0.0396686  0.0626872
-0.0730231 -0.0405877     0.0625
-0.0730491  -0.041509  0.0623362
-0.0730542 -0.0424292  0.0621977
-0.0731382 -0.0433254   0.062015
-0.0731993 -0.0442213  0.0618526
-0.0732488 -0.0451143  0.0616871
-0.0732923 -0.0460039  0.0615238
-0.0733165 -0.0468918  0.0613683
-0.0733264 -0.0477799  0.0612137
-0.0734066 -0.0486427  0.0610105
-0.0734743  -0.049501   0.060811
-0.0735507 -0.0503514  0.0605979
-0.0736074    -0.0512  0.0604057
-0.0736486 -0.0520463  0.0602197
-0.0737578  -0.052865  0.0600058
-0.0738515 -0.0536792  0.0598084
-0.0739504 -0.0544837  0.0596141
-0.0740267 -0.0552871  0.0594446
-0.0740846 -0.0560873  0.0592834
-0.0741238 -0.0568866  0.0591385
-0.0742252 -0.0576581  0.0589574
-0.0743059 -0.0584228  0.0587843
-0.0743778 -0.0591841  0.0586083
-0.0744501 -0.0599376  0.0584248
-0.0745087 -0.0606895  0.0582497
-0.0746367 -0.0614132  0.0580281
-0.0747469   -0.06213  0.0578132
-0.0748568 -0.0628434  0.0576314
-0.0749623 -0.0635483  0.0574573
-0.0750528 -0.0642669  0.0572944
-0.0751319 -0.0649932   0.057134
-0.0752938 -0.0656963  0.0569467
-0.0754376 -0.0663952  0.0567649
-0.0755907 -0.0670863   0.056574
  -0.07572 -0.0677775  0.0563971
-0.0758286 -0.0684631  0.0562179
-0.0759163 -0.0691476  0.0560522
-0.0760547 -0.0698075  0.0558349
-0.0761791 -0.0704643  0.0556288
-0.0762849 -0.0711138  0.0554281
-0.0763828 -0.0717543  0.0552281
-0.0764653 -0.0723944  0.0550425
-0.0765355 -0.0730275  0.0548685
-0.0766624 -0.0736433  0.0546231
-0.0767778 -0.0742519  0.0543783
-0.0769017  -0.074851  0.0541115
-0.0770098 -0.0754506  0.0538727
-0.0771058 -0.0760441  0.0536497
-0.0771905 -0.0766376   0.053462
-0.0772632 -0.0772251  0.0532906
-0.0773876 -0.0777972   0.053018
-0.0774985 -0.0783618  0.0527571
-0.0776159 -0.0789155  0.0524682
-0.0777217 -0.0794691  0.0522073
-0.0778169 -0.0800156  0.0519514
-0.0779025 -0.0805621  0.0517242
-0.0779769 -0.0811026  0.0515134
-0.0780895  -0.081623  0.0512141
-0.0781961 -0.0821416  0.0509239
 -0.078307 -0.0826508   0.050611
-0.0784086 -0.0831607  0.0503255
-0.0785009 -0.0836656  0.0500528
 -0.078579 -0.0841657  0.0498036
-0.0788119 -0.0845575  0.0500218
-0.0790744 -0.0849448  0.0501404
-0.0793204 -0.0853338  0.0502633
-0.0794596 -0.0857139  0.0504733
-0.0795064 -0.0860813  0.0507169
 -0.079459 -0.0864392  0.0510033
-0.0792975 -0.0867839  0.0513201
-0.0790877 -0.0871191  0.0516001
-0.0787398 -0.0874488  0.0519249
-0.0782762 -0.0877806    0.05228
-0.0777509 -0.0881236   0.052638
-0.0771291 -0.0884552  0.0530244
-0.0764991 -0.0887821  0.0533561
-0.0758309 -0.0890998  0.0537107
-0.0751527 -0.0894225  0.0540511
-0.0744567 -0.0897317  0.0543873
-0.0737535 -0.0900176  0.0547109
-0.0730848 -0.0902825  0.0549765
-0.0724412 -0.0905526  0.0552272
-0.0718199  -0.090829  0.0554641
-0.0712536  -0.091107  0.0557069
-0.0707451 -0.0913846  0.0559271
-0.0702918 -0.0916611  0.0561009
-0.0699159 -0.0919338  0.0562689
-0.0695805 -0.0922078  0.0564403
-0.0693315 -0.0924764  0.0566226
-0.0691653  -0.092741  0.0567953
-0.0690567 -0.0929976  0.0569457
-0.0690244 -0.0932434  0.0570763
-0.0690165 -0.0934855  0.0572095
-0.0690778 -0.0937155  0.0573442
-0.0692002 -0.0939318  0.0574603
-0.0693162 -0.0941407   0.057552
-0.0694589 -0.0943327  0.0576069
-0.0695965 -0.0945194  0.0576654
-0.0697612 -0.0946889  0.0577101
 -0.069948 -0.0948383  0.0577213
-0.0701158 -0.0949805  0.0577099
-0.0703024 -0.0950999  0.0576531
-0.0704819 -0.0952124  0.0575963
-0.0706788 -0.0953037  0.0575205
-0.0708892 -0.0953713  0.0574011
-0.0710751 -0.0954329  0.0572751
-0.0712618 -0.0954707  0.0571217
-0.0714385 -0.0955013  0.0569767
-0.0716153 -0.0955092  0.0568338
-0.0717894 -0.0954929  0.0566653
-0.071947 -0.095472  0.056492
-0.0720975 -0.0954275  0.0562841
-0.0722346 -0.0953791  0.0560846
-0.0723725 -0.0953073  0.0558642
-0.0725526 -0.0952068  0.0555866
-0.0727503 -0.0950986   0.055291
-0.0729906 -0.0949636   0.054928
-0.0732549 -0.0948193    0.05453
-0.0735216  -0.094642  0.0541522
-0.0737824  -0.094431  0.0538087
-0.0740359 -0.0942132  0.0535118
-0.0742849 -0.0939646  0.0532525
-0.0745251 -0.0936897  0.0530127
-0.0747534  -0.093411  0.0527975
-0.0749651 -0.0931078  0.0525742
-0.0751616 -0.0927993  0.0523623
-0.0753412 -0.0924705  0.0521416
-0.0755058 -0.0921411  0.0519295
-0.0756489 -0.0917927  0.0516904
-0.0757669 -0.0914238  0.0514142
-0.0758716 -0.0910561  0.0511459
-0.075952 -0.090673 0.0508422
-0.0760232 -0.0902931  0.0505572
-0.0760778 -0.0898994  0.0502629
-0.0761139 -0.0894968    0.04995
-0.0761423 -0.0890986  0.0496568
-0.0761549 -0.0886933  0.0493551
-0.0761604 -0.0882914  0.0490739
-0.0761473 -0.0878854  0.0487715
-0.0761139 -0.0874771  0.0484433
 -0.076073 -0.0870763  0.0481262
-0.0760144 -0.0866728  0.0477931
-0.0759357 -0.0862719  0.0474364
-0.0758507 -0.0858801  0.0470931
-0.0757442 -0.0854934  0.0467211
-0.0756321 -0.0851152  0.0463647
-0.0754979 -0.0847447  0.0459786
-0.0753589 -0.0843853  0.0456085
-0.0752026 -0.0840339  0.0452248
-0.0750252 -0.0836938  0.0448178
-0.0748366 -0.0833735  0.0444216
-0.0746258 -0.0830736  0.0440173
-0.0744078 -0.0827934  0.0436314
-0.0741643 -0.0825373  0.0432309
-0.0738947 -0.0823044   0.042813
-0.0736194 -0.0820868  0.0424107
-0.0733241 -0.0818875  0.0420008
-0.0730269 -0.0816996  0.0416107
-0.0727099  -0.081529  0.0412084
-0.0723744 -0.0813749  0.0407929
-0.0720377 -0.0812293  0.0403913
-0.0716838 -0.0810972  0.0399727
-0.0713313 -0.0809718  0.0395697
 -0.070965 -0.0808584  0.0391562
-0.0705847 -0.0807569  0.0387285
-0.0702062 -0.0806605  0.0383128
 -0.069815 -0.0805748  0.0378836
-0.0694266 -0.0804939  0.0374677
-0.0690263 -0.0804242  0.0370381
-0.0685969 -0.0803612  0.0366397
-0.0681624 -0.0803009  0.0362711
-0.0676936 -0.0802463  0.0359458
-0.0672219 -0.0801945  0.0356435
-0.0667214 -0.0801488  0.0353534
-0.0662211 -0.0801071  0.0350656
-0.0656955 -0.0800732   0.034778
-0.0651479 -0.0800486  0.0344783
-0.0646036 -0.0800292  0.0341724
-0.0640415 -0.0800209  0.0338469
-0.0634873 -0.0800183  0.0335134
-0.0647655 -0.0794027  0.0439319
-0.0641857 -0.0794298  0.0434424
 -0.063617 -0.0794628  0.0429506
-0.0630241 -0.0794793   0.042385
-0.0624223 -0.0795016  0.0417473
-0.0617888 -0.0796149  0.0408849
-0.0611556 -0.0798847  0.0396881
-0.0606608 -0.0802653  0.0386101
-0.0600994 -0.0808567  0.0377643
-0.0594461  -0.081563  0.0371432
-0.0587233 -0.0822641  0.0364823
-0.0578542 -0.0829533  0.0355025
-0.0568361  -0.083755  0.0343811
-0.0557897 -0.0847513  0.0334276
-0.0546227 -0.0860718  0.0327822
-0.0535237 -0.0871555   0.032374
-0.0524658 -0.0880172   0.032225
-0.0514888 -0.0886793  0.0322091
-0.0505652 -0.0891932  0.0320813
 -0.049696 -0.0896069  0.0318162
-0.0488885 -0.0899314  0.0313281
-0.0481016 -0.0901854   0.030619
 -0.047321 -0.0904293   0.029861
-0.0465285 -0.0906919  0.0290031
-0.0457521 -0.0909893  0.0281017
-0.0449791 -0.0913326  0.0271358
-0.0442356 -0.0917109  0.0261766
-0.0435167 -0.0921357  0.0251998
-0.0428358 -0.0926003  0.0242483
-0.0421889 -0.0930842  0.0233576
-0.0415883 -0.0935914  0.0225381
-0.0410194 -0.0941071  0.0217943
-0.0404888 -0.0946344  0.0211195
-0.0400022 -0.0951683  0.0205286
-0.0395431 -0.0957019  0.0199723
-0.0391336 -0.0962366  0.0194733
-0.0387579 -0.0967671  0.0190027
-0.0384369 -0.0972929  0.0185993
 -0.038178 -0.0978116   0.018247
-0.0379555 -0.0983246  0.0179035
-0.0378012 -0.0988278  0.0175653
-0.0376443 -0.0993302  0.0172056
-0.0375009  -0.099835  0.0168207
-0.0373694  -0.100344  0.0164191
-0.0372324  -0.100855  0.0160151
-0.037107 -0.101368 0.0156088
-0.0369772  -0.101882  0.0152185
-0.0368633  -0.102398  0.0148421
-0.036749 -0.102913 0.0145004
-0.0366535  -0.103426  0.0142003
-0.0365803  -0.103936  0.0139503
-0.0365072  -0.104447  0.0137333
-0.0364566  -0.104952  0.0135601
-0.0364039  -0.105458  0.0134075
-0.0363679  -0.105959  0.0132683
-0.0363278  -0.106458  0.0131386
-0.0363058  -0.106952  0.0130241
-0.0362796  -0.107445  0.0129174
-0.0362703  -0.107929  0.0128245
-0.0362697  -0.108404  0.0127644
-0.036264 -0.108875 0.0127169
-0.0362677  -0.109335  0.0127002
-0.0362664  -0.109791  0.0126946
-0.036272 -0.110236 0.0127109
-0.0362866  -0.110668   0.012754
-0.0362965  -0.111095  0.0128051
-0.0363161  -0.111506  0.0128821
-0.0363313  -0.111914  0.0129671
-0.0363539  -0.112306  0.0130692
-0.0363935   -0.11268  0.0131949
-0.0364439  -0.113045  0.0133277
-0.0365307  -0.113384  0.0134856
-0.0366284  -0.113715  0.0136521
-0.0367544  -0.114022   0.013838
-0.036905 -0.114303 0.0140564
-0.0370572  -0.114577  0.0142897
-0.0372302  -0.114824  0.0145509
-0.0374028  -0.115065  0.0148223
-0.0375893  -0.115283  0.0151103
-0.0377736  -0.115497  0.0154046
-0.0380054  -0.115693  0.0156423
-0.0382901  -0.115873  0.0158189
-0.038587 -0.116054 0.0159782
-0.0389304   -0.11622  0.0161068
-0.0392815  -0.116386  0.0162478
-0.0396722  -0.116538  0.0163792
-0.0400677  -0.116691  0.0165394
-0.0404996   -0.11683  0.0167118
-0.0409632  -0.116955  0.0169114
-0.0414262  -0.117082  0.0171394
-0.0419141  -0.117199  0.0173828
-0.0424222  -0.117307  0.0176505
-0.0429239  -0.117419  0.0179397
-0.0434389  -0.117523  0.0182442
-0.0439443   -0.11763  0.0185697
-0.044459 -0.117731 0.0188929
-0.044978 -0.117825 0.0192221
-0.0454843  -0.117924  0.0195649
-0.0459893  -0.118017  0.0199092
-0.0464803  -0.118115  0.0202761
-0.0469658  -0.118209  0.0206402
-0.0474366  -0.118308  0.0210282
-0.047902 -0.118404 0.0214089
-0.0483566  -0.118498  0.0217918
-0.0487947  -0.118598   0.022193
-0.0492173  -0.118698   0.022593
-0.0496229  -0.118805  0.0230199
-0.0500136  -0.118913  0.0234386
-0.0503867  -0.119029  0.0238835
-0.050739 -0.119148 0.0243243
-0.0510676  -0.119272   0.024762
-0.0513772  -0.119405  0.0252161
 -0.05166 -0.119543 0.0256592
-0.0519251  -0.119691  0.0261254
-0.0521662  -0.119846  0.0265757
-0.0523797   -0.12001  0.0270202
-0.0525758  -0.120185  0.0274804
-0.0527422   -0.12037  0.0279287
-0.0528932  -0.120565  0.0284006
-0.0530381  -0.120771  0.0288099
-0.0531677  -0.120987  0.0292423
-0.0532672  -0.121214  0.0296582
-0.053329 -0.121469 0.0300642
-0.0533696  -0.121748  0.0304864
-0.0533688  -0.122059  0.0309096
-0.0533481  -0.122395  0.0313747
-0.0532915  -0.122759  0.0318438
-0.0531967  -0.123156  0.0323241
-0.0530869  -0.123574  0.0328286
-0.0529522  -0.124024  0.0333049
-0.0528231  -0.124494  0.0337708
-0.0526794  -0.124994  0.0341798
-0.0525425  -0.125512  0.0345833
-0.0523963  -0.126052  0.0349452
-0.0522422  -0.126616  0.0352717
-0.0520964  -0.127194  0.0355996
-0.0519437  -0.127792  0.0358965
-0.0518026  -0.128402  0.0362056
-0.0516589  -0.129028  0.0364964
-0.0515123   -0.12967  0.0367689
-0.0513749   -0.13032  0.0370485
-0.0512324  -0.130983  0.0373044
-0.0510994  -0.131654   0.037569
-0.0509623  -0.132335  0.0378133
-0.0508195  -0.133025  0.0380331
-0.0506836   -0.13372  0.0382556
-0.0505398  -0.134421  0.0384477
-0.050404 -0.135126 0.0386463
-0.0502613  -0.135836  0.0388187
-0.0501126   -0.13655  0.0389669
-0.0499706  -0.137266  0.0391196
-0.049821 -0.137983 0.0392437
 -0.04968 -0.138702  0.039378
-0.0495325  -0.139422   0.039491
-0.0493767  -0.140141  0.0395824
-0.0492277   -0.14086  0.0396817
-0.0490692  -0.141576  0.0397554
-0.0489194  -0.142291  0.0398406
-0.0487621  -0.143004  0.0399053
-0.0485976  -0.143712  0.0399476
-0.0484405  -0.144418  0.0399974
-0.0482751  -0.145118  0.0400207
-0.0481188  -0.145816  0.0400555
-0.0479551  -0.146509  0.0400669
-0.0478007    -0.1472  0.0400903
-0.0476404  -0.147888  0.0400896
-0.0474738  -0.148571   0.040064
-0.047314 -0.149253 0.0400446
-0.0471468   -0.14993  0.0400012
-0.0469739  -0.150603  0.0399358
-0.0467985  -0.151273  0.0399057
-0.0465992  -0.151934  0.0398936
-0.0463966  -0.152593  0.0399284
-0.0461719  -0.153245  0.0399758
-0.0459266  -0.153889  0.0400373
-0.0456841  -0.154531  0.0401158
-0.0454336  -0.155164  0.0401747
-0.0451896  -0.155797  0.0402356
-0.0449411  -0.156423    0.04026
-0.0446883  -0.157041  0.0402486
-0.0444419  -0.157659  0.0402371
-0.0441907  -0.158269  0.0401879
-0.0439459  -0.158879  0.0401522
-0.043696 -0.159482 0.0400929
-0.043442 -0.160075 0.0400184
-0.0431941   -0.16067  0.0399571
-0.0429416  -0.161255  0.0398771
-0.0426956   -0.16184  0.0398148
-0.0424457  -0.162419  0.0397361
-0.0421923  -0.162989  0.0396437
-0.0419438   -0.16356  0.0395591
-0.0416909  -0.164123  0.0394513
-0.0414434  -0.164687  0.0393539
-0.0411924  -0.165244  0.0392384
-0.0409468  -0.165804  0.0391332
-0.0406972  -0.166356  0.0390025
-0.0404442    -0.1669  0.0388468
-0.040196 -0.167447 0.0386952
-0.0399457  -0.167988  0.0385256
-0.0396938  -0.168523  0.0383403
-0.0394477  -0.169061  0.0381658
-0.0392004  -0.169593  0.0379745
-0.0389594  -0.170128   0.037799
-0.0387173  -0.170657  0.0376053
-0.0384813  -0.171191  0.0374259
-0.0382451  -0.171721  0.0372356
-0.0380089  -0.172247  0.0370313
-0.0377774  -0.172778  0.0368321
-0.0375451  -0.173306  0.0366114
-0.0373175  -0.173837  0.0363994
-0.0370886  -0.174366  0.0361713
-0.0368591  -0.174892  0.0359301
-0.036634 -0.175423 0.0356966
-0.0364088   -0.17595  0.0354474
-0.0361889  -0.176482  0.0352117
-0.0359698  -0.177013  0.0349654
-0.0357562  -0.177548  0.0347331
-0.035544 -0.178081 0.0344891
-0.0353339  -0.178614  0.0342329
-0.0351286  -0.179151  0.0339838
-0.0349256  -0.179688  0.0337246
-0.0347278  -0.180229  0.0334779
-0.0345328  -0.180771  0.0332201
-0.034341 -0.181314 0.0329514
-0.0341539  -0.181861   0.032691
-0.0339701   -0.18241   0.032423
-0.0337913  -0.182964   0.032169
-0.0336164  -0.183519  0.0319068
-0.0334455  -0.184076  0.0316368
-0.033279 -0.184639 0.0313759
-0.0331166  -0.185204  0.0311092
-0.0329615  -0.185771  0.0308374
-0.0328167  -0.186343  0.0305743
-0.0326871  -0.186917     0.0303
-0.0325681  -0.187496  0.0300384
-0.0324625  -0.188077  0.0297688
-0.0323661  -0.188663  0.0295132
-0.0322837  -0.189251  0.0292501
-0.0322149  -0.189841  0.0289806
-0.0321529  -0.190437  0.0287213
-0.0321016  -0.191034  0.0284582
-0.032056 -0.191637 0.0282119
-0.0320204  -0.192242  0.0279605
-0.0319947   -0.19285  0.0277102
-0.0319733  -0.193462  0.0274731
-0.0319606  -0.194077  0.0272342
-0.0319518  -0.194696  0.0270136
-0.0319501  -0.195317  0.0267889
-0.0319566  -0.195941  0.0265584
-0.0319658  -0.196568  0.0263367
-0.0319821  -0.197197  0.0261034
-0.0320006  -0.197828  0.0258872
-0.0320256  -0.198462  0.0256642
-0.0320562  -0.199096  0.0254374
-0.032088 -0.199733 0.0252262
-0.0321244  -0.200371   0.025011
-0.0321613  -0.201011  0.0248185
-0.0322023  -0.201652  0.0246243
-0.0322467  -0.202292   0.024432
-0.0322909  -0.202936  0.0242571
-0.0323382   -0.20358  0.0240799
-0.032385 -0.204227 0.0239255
-0.0324338  -0.204874  0.0237708
-0.0324834  -0.205519  0.0236163
-0.0325317  -0.206167  0.0234788
-0.0325814  -0.206814   0.023337
-0.0326298  -0.207464  0.0232185
-0.0326785  -0.208114  0.0230988
-0.0327268  -0.208762  0.0229793
-0.0327734  -0.209411  0.0228783
-0.0328197   -0.21006  0.0227737
-0.0328644   -0.21071  0.0226944
-0.0329084  -0.211359  0.0226147
-0.032951 -0.212006 0.0225356
-0.0329918  -0.212655  0.0224753
-0.0330304    -0.2133  0.0224109
-0.0330675  -0.213948  0.0223714
-0.0331026  -0.214592  0.0223242
-0.0331363  -0.215239  0.0223017
-0.0331685  -0.215883  0.0222732
-0.033199 -0.216525 0.0222424
-0.033228 -0.217169 0.0222286
-0.0332559  -0.217812  0.0222094
-0.0332826  -0.218457  0.0222146
-0.033307 -0.219098 0.0222156
-0.0333291  -0.219737  0.0222131
-0.0333498  -0.220377  0.0222274
-0.0333668  -0.221013  0.0222309
-0.0333822  -0.221651  0.0222553
-0.0333949  -0.222285  0.0222709
-0.0334043  -0.222916  0.0222799
-0.0334122  -0.223547  0.0223043
-0.033416 -0.224172 0.0223183
-0.0334188  -0.224798  0.0223557
-0.033419 -0.225421 0.0223842
-0.033416 -0.226039  0.022411
-0.0334122  -0.226658  0.0224543
-0.0334051  -0.227272   0.022489
-0.0333978  -0.227887  0.0225455
-0.0333879  -0.228499   0.022595
-0.0333749  -0.229106  0.0226372
-0.0333615  -0.229714  0.0226928
-0.0333451  -0.230318  0.0227331
-0.0333287  -0.230924  0.0227925
-0.0333097  -0.231526   0.022841
-0.0332877  -0.232123  0.0228784
-0.0332656  -0.232721  0.0229288
-0.0332405  -0.233316  0.0229628
-0.0332157  -0.233911  0.0230165
-0.0331883  -0.234503  0.0230574
-0.0331579  -0.235091  0.0230904
-0.0331281   -0.23568  0.0231332
-0.0330954  -0.236265  0.0231617
-0.0330638  -0.236851  0.0232048
-0.0330295  -0.237434  0.0232358
-0.0329964  -0.238018  0.0232811
-0.0329601  -0.238598  0.0233118
-0.0329211  -0.239174  0.0233273
-0.0328827  -0.239752  0.0233495
-0.0328416  -0.240326   0.023359
-0.0327983  -0.240898  0.0233576
-0.032756  -0.24147 0.0233671
-0.0327112  -0.242039   0.023363
-0.032668  -0.24261 0.0233755
-0.0326224  -0.243178  0.0233777
-0.0325785  -0.243747  0.0233954
-0.0325323  -0.244314  0.0234002
-0.032483 -0.244877  0.023388
-0.0324342  -0.245442  0.0233798
-0.0323826  -0.246005  0.0233556
-0.0323279  -0.246563  0.0233163
-0.0322739  -0.247121  0.0232855
-0.032217 -0.247675 0.0232381
-0.0321637  -0.248229  0.0232062
-0.0321109  -0.248778  0.0231562
-0.0320599  -0.249323   0.023102
-0.0320123   -0.24987  0.0230584
-0.0319655  -0.250412  0.0230045
-0.0319224  -0.250956  0.0229662
-0.0318801  -0.251498  0.0229177
-0.0318412  -0.252041  0.0228834
-0.0318024  -0.252582  0.0228353
-0.0317634  -0.253119   0.022772
-0.0317268  -0.253658   0.022715
-0.0316902  -0.254195  0.0226448
-0.0316565  -0.254735  0.0225882
-0.0316221  -0.255271  0.0225154
-0.0315875  -0.255806  0.0224312
-0.0315553  -0.256342  0.0223569
-0.0315229  -0.256876  0.0222747
-0.0314936  -0.257413  0.0222097
-0.0314638  -0.257947  0.0221347
-0.0314336  -0.258479  0.0220497
-0.0314058  -0.259013  0.0219751
-0.0313771  -0.259544  0.0218869
-0.0313513  -0.260078  0.0218147
-0.0313257  -0.260611  0.0217347
-0.0312999  -0.261143   0.021646
-0.0312764  -0.261678  0.0215687
-0.0312523   -0.26221  0.0214784
-0.0312309  -0.262746  0.0214044
-0.0312092   -0.26328  0.0213205
-0.0311904  -0.263818  0.0212531
-0.0311709  -0.264355  0.0211743
-0.0311508   -0.26489  0.0210838
-0.0311329  -0.265428  0.0210026
-0.0311146  -0.265966   0.020912
-0.0310986  -0.266507  0.0208349
-0.0310815  -0.267048  0.0207444
-0.0310637  -0.267585  0.0206392
-0.0310485  -0.268125  0.0205424
-0.0310327   -0.26866  0.0204293
-0.0310203  -0.269197  0.0203332
-0.0310082  -0.269731  0.0202278
-0.0309969  -0.270262  0.0201176
-0.0309882  -0.270794  0.0200218
-0.0309797  -0.271323   0.019917
-0.0309743  -0.271854  0.0198314
-0.030969 -0.272383 0.0197387
-0.0309672  -0.272918  0.0196639
-0.0309648   -0.27345  0.0195791
-0.0309613   -0.27398  0.0194826
-0.0309591  -0.274512  0.0193955
-0.0309557  -0.275042  0.0192987
-0.0309542  -0.275574  0.0192183
-0.0309514  -0.276104  0.0191265
-0.0309473  -0.276633  0.0190239
-0.030945 -0.277164 0.0189332
-0.030942 -0.277695 0.0188354
-0.0309384  -0.278225  0.0187325
-0.030937 -0.278758  0.018645
-0.0309347  -0.279289   0.018549
-0.0309343  -0.279822  0.0184728
-0.0309332  -0.280353  0.0183899
-0.030934 -0.280885 0.0183253
-0.0309338  -0.281417  0.0182507
-0.0309355  -0.281949  0.0181907
-0.0309355   -0.28248  0.0181137
-0.0309337  -0.283008  0.0180208
-0.0309332  -0.283537  0.0179363
-0.0309309  -0.284063  0.0178352
-0.0309305   -0.28459  0.0177529
-0.0309293  -0.285116  0.0176649
-0.0309274   -0.28564   0.017572
-0.0309277  -0.286166  0.0174953
-0.0309269  -0.286688  0.0174101
-0.0309287  -0.287213  0.0173451
-0.0309292  -0.287736  0.0172727
-0.0309282  -0.288258  0.0171909
-0.0309292  -0.288779  0.0171173
-0.0309285  -0.289301  0.0170289
-0.0309306  -0.289822  0.0169542
-0.0309324  -0.290345  0.0168702
-0.0309372  -0.290867  0.0168021
-0.0309406  -0.291388   0.016719
-0.030879 -0.291884 0.0166536
-0.0308205  -0.292382  0.0165988
-0.0307619  -0.292879  0.0165384
-0.0307055  -0.293371   0.016492
-0.0306474  -0.293856  0.0164399
-0.0305871  -0.294332  0.0163823
-0.0305285  -0.294802   0.016332
-0.0304672  -0.295262  0.0162708
-0.0304084  -0.295718   0.016219
-0.0303475  -0.296167  0.0161579
-0.030284 -0.296609 0.0160884
-0.0302225  -0.297048  0.0160254
-0.0301637  -0.297486  0.0159707
-0.030105 -0.297916 0.0159002
-0.030079  -0.29834 0.0159173
-0.0300552  -0.298764  0.0159414
-0.030059 -0.299186 0.0160609
-0.0300562  -0.299608  0.0161611
-0.0300458  -0.300032  0.0162801
-0.0300247  -0.300467  0.0164243
-0.0299927  -0.300902  0.0165199
-0.0299336  -0.301355  0.0166295
-0.0298622  -0.301808  0.0166704
-0.0297605  -0.302279  0.0167104
-0.029649 -0.302747 0.0166878
-0.0295091  -0.303229  0.0166668
-0.0293463  -0.303726  0.0166775
-0.0291794  -0.304217  0.0166701
-0.0290043  -0.304721  0.0167957
-0.0288272  -0.305214  0.0168837
-0.0286369  -0.305708  0.0170317
-0.028438 -0.306191 0.0172027
-0.0282357  -0.306659  0.0173154
-0.0280217  -0.307118  0.0174425
-0.0278024  -0.307556  0.0174774
-0.0275789  -0.307989    0.01759
-0.0273422  -0.308401   0.017677
-0.0271024  -0.308791  0.0177089
-0.026849 -0.309161 0.0177199
-0.0265903  -0.309511  0.0176564
-0.0263268  -0.309852   0.017663
-0.0260513  -0.310176  0.0176711
-0.0257733  -0.310482  0.0176516
-0.0254798  -0.310759   0.017649
-0.0251854  -0.311031   0.017599
-0.0248821   -0.31128  0.0176254
-0.0245639  -0.311494  0.0176571
-0.0242452  -0.311703  0.0176724
-0.0239164  -0.311885  0.0177296
-0.0235714  -0.312025  0.0177883
-0.0232245  -0.312164  0.0178209
-0.022871 -0.312269 0.0178022
-0.0225108  -0.312368  0.0177769
-0.0221509  -0.312448  0.0177521
-0.0217824  -0.312521  0.0177383
-0.0214106  -0.312566  0.0177186
-0.0210261  -0.312578  0.0177262
-0.0206411  -0.312589  0.0177626
-0.0202514   -0.31258  0.0178512
-0.0137981   -0.31239  0.0144349
-0.0134021  -0.312417  0.0146529
-0.0129989  -0.312416  0.0149129
-0.0123794  -0.311266  0.0140156
-0.0117569  -0.310218  0.0131058
-0.011126 -0.309158 0.0122681
-0.0105376    -0.3082  0.0115248
-0.0099656  -0.307177  0.0108396
-0.00941943   -0.306275   0.0105669
-0.0089041  -0.305498  0.0107275
-0.00840831   -0.304838   0.0112334
-0.00795475   -0.304332   0.0121999
-0.00754246   -0.303974   0.0135619
-0.0071413  -0.303689  0.0149375
-0.00677986   -0.303513   0.0164561
-0.00641656   -0.303358     0.01773
-0.00609374   -0.303288   0.0188446
-0.00574727   -0.303205   0.0196501
-0.00537175   -0.303159   0.0203504
-0.00492417   -0.303185   0.0212676
-0.00446986   -0.303182   0.0220571
-0.00387936   -0.303374   0.0232456
-0.00326178   -0.303461   0.0242663
-0.00252506   -0.303729   0.0253534
-0.00179201   -0.303837   0.0261653
-0.00105501   -0.303942   0.0268732
-0.000317425     -0.30389     0.027224
0.000398041   -0.303756   0.0273914
0.00110953  -0.303485  0.0272423
0.00180269  -0.303168  0.0270349
0.00248743  -0.302791  0.0267047
0.00315351  -0.302413   0.026445
0.00380458  -0.301977   0.026178
0.00444969  -0.301528  0.0260294
0.00508559  -0.301044  0.0259592
0.00569012  -0.300546  0.0260037
0.00627565  -0.300049  0.0261011
0.00682232  -0.299547  0.0262391
0.00732153  -0.299042  0.0263984
0.00780055   -0.29854  0.0265341
0.00823308  -0.298031  0.0266538
0.00864865  -0.297524  0.0267261
0.00902043  -0.297015  0.0267399
0.00937804   -0.29651  0.0267147
0.00969066  -0.296006  0.0266364
0.00995979  -0.295505  0.0265134
 0.010217  -0.29501 0.0263809
0.0104359  -0.29452 0.0262294
 0.010646 -0.294037 0.0260942
0.0108182 -0.293558 0.0259578
0.0109362 -0.293123 0.0257542
 0.011052  -0.29269 0.0255683
  0.01114 -0.292256 0.0253902
0.0112258  -0.29182 0.0252375
0.0112839 -0.291385 0.0250876
0.0113401 -0.290949 0.0249588
0.0113707 -0.290512 0.0248331
0.0113775 -0.290073 0.0246965
0.0113865 -0.289631 0.0245632
0.0113773 -0.289188 0.0244002
0.0113755 -0.288744 0.0242568
0.0113621 -0.288303 0.0240893
0.0113445 -0.287865 0.0239243
0.0113397 -0.287427 0.0237948
 0.011338 -0.286993 0.0236831
 0.011352 -0.286562 0.0236209
0.0113694 -0.286141 0.0235707
0.0114035 -0.285728 0.0235655
0.0114499 -0.285307 0.0235761
0.0115107 -0.284879  0.023597
0.0115871 -0.284448 0.0236425
0.0116778 -0.284009 0.0236809
0.0117816 -0.283569 0.0237479
 0.011895 -0.283124 0.0237974
  0.01202 -0.282679 0.0238796
0.0121569 -0.282227 0.0239527
0.0123064  -0.28177 0.0240214
0.0124669 -0.281312 0.0241208
0.0126406 -0.280847 0.0242156
0.0128243 -0.280384 0.0243551
0.0130189 -0.279918 0.0244902
0.0132278 -0.279445 0.0246343
 0.013447 -0.278972 0.0248048
 0.013681  -0.27849 0.0249642
0.0139241 -0.278009 0.0251518
0.0141802 -0.277523 0.0253247
0.0144452 -0.277037 0.0255239
0.0147256 -0.276546 0.0257064
0.0150228 -0.276047 0.0258721
0.0153281 -0.275551 0.0260545
0.0156472 -0.275054 0.0262243
0.0159743 -0.274559  0.026422
0.0163048 -0.274054  0.026602
0.0166358 -0.273543  0.026766
0.0169634 -0.273034 0.0269445
0.0172929 -0.272515 0.0271005
0.0176174 -0.271996 0.0272819
 0.017941 -0.271467 0.0274492
0.0182583 -0.270938 0.0276461
0.0185743 -0.270399 0.0278371
0.0188874 -0.269849 0.0280286
0.0191948   -0.2693 0.0282418
0.0194987 -0.268747 0.0284554
0.0197959 -0.268201 0.0286954
0.0200901 -0.267649 0.0289316
 0.020381 -0.267094 0.0291661
0.0206672 -0.266545 0.0294166
0.0209513 -0.265996 0.0296621
0.0212305 -0.265454 0.0299274
0.0215083  -0.26491 0.0301833
0.0217848 -0.264363 0.0304276
0.0220574 -0.263823 0.0306856
0.0223294 -0.263279 0.0309281
 0.022597 -0.262741  0.031192
0.0228728 -0.262203   0.03145
0.0232013 -0.261654 0.0317111
0.0235565 -0.261106 0.0319975
 0.023968 -0.260547 0.0322831
0.0244025 -0.259991 0.0325937
0.0248825 -0.259431 0.0328995
0.0254095 -0.258863 0.0331934
0.0259521 -0.258302 0.0334956
0.0265359 -0.257734 0.0337701
0.0271284 -0.257174 0.0340531
0.0277512 -0.256612 0.0343118
 0.028402 -0.256047 0.0345451
0.0290452 -0.255452 0.0347914
0.0297226 -0.254893 0.0350002
0.0304002  -0.25434 0.0352231
0.0310957 -0.253784  0.035428
 0.031807 -0.253225 0.0356158
0.0325166  -0.25267 0.0358127
 0.033239 -0.252114 0.0359963
0.0339602 -0.251564 0.0361841
0.0346925 -0.251012 0.0363595
0.0354319 -0.250442 0.0365099
0.0361674 -0.249856 0.0366633
0.0369105 -0.249262 0.0368098
0.0376594 -0.248662 0.0369406
 0.038403 -0.248065 0.0370731
0.0391518 -0.247468 0.0371968
0.0398941 -0.246877 0.0373229
0.0406311 -0.246287 0.0375211
0.0413568 -0.245698 0.0378345
0.0420752 -0.245114 0.0381446
0.0427793 -0.244527  0.038566
0.0434781 -0.243943 0.0389246
0.0441669 -0.243353 0.0393374
0.0448517 -0.242764 0.0396508
0.0455236  -0.24217  0.040011
0.0461821 -0.241568 0.0403953
0.0468359 -0.240967 0.0407007
0.0474807 -0.240363 0.0410229
0.0481141 -0.239755  0.041355
0.0487441  -0.23915 0.0415984
0.0493617 -0.238544 0.0418673
0.0499774 -0.237943 0.0420304
0.0505847 -0.237343 0.0422213
0.0511903 -0.236749  0.042317
0.0517851  -0.23616  0.042466
0.0523687 -0.235574  0.042666
0.0529494 -0.234997 0.0428116
0.0535229 -0.234423 0.0429995
0.0540958 -0.233856 0.0430951
0.0546586 -0.233295  0.043248
0.0552117 -0.232734 0.0434443
0.0557632 -0.232182 0.0435717
0.0563053 -0.231628 0.0437502
0.0568473 -0.231083 0.0438244
0.0573842 -0.230536 0.0439303
0.0579145 -0.229991 0.0440615
0.0584446 -0.229452 0.0441164
0.0589669 -0.228916 0.0442176
0.0594903 -0.228385 0.0442204
0.0600095 -0.227857 0.0442581
0.0605232 -0.227334 0.0443311
0.0610372 -0.226815  0.044334
0.0615441 -0.226295 0.0443932
0.0620536 -0.225774 0.0443584
0.0625588 -0.225254 0.0443661
0.0630615 -0.224733 0.0443794
 0.063566 -0.224214 0.0443276
0.0640727 -0.223696 0.0442436
0.0645825  -0.22318 0.0440786
0.0650967 -0.222669 0.0438844
0.0656161 -0.222163 0.0436473
0.0661368 -0.221663 0.0433792
0.0666618 -0.221171 0.0430958
0.0671872 -0.220684 0.0428013
0.0677161 -0.220206 0.0425157
0.0682471 -0.219736 0.0422494
0.0687773 -0.219272 0.0419912
0.0693089 -0.218812 0.0417495
0.0698396 -0.218361 0.0415348
0.0703691 -0.217912 0.0413217
0.0708973 -0.217465  0.041129
0.0714247 -0.217018 0.0409293
0.0719517 -0.216569 0.0407351
0.0724764 -0.216121 0.0405475
0.0729999 -0.215672 0.0403531
0.0735211 -0.215222 0.0401595
0.0740413 -0.214771 0.0399596
0.0745579  -0.21432 0.0397729
0.0750703 -0.213868 0.0396005
0.0755813 -0.213415 0.0394294
0.0760886  -0.21296 0.0392655
0.0765914 -0.212504  0.039119
0.0770933 -0.212048 0.0389711
0.0775904 -0.211589 0.0388405
0.0780872 -0.211128 0.0387057
0.0785802 -0.210666 0.0385779
0.0790694 -0.210201 0.0384658
 0.079559 -0.209734  0.038353
0.0800445 -0.209263 0.0382568
0.0805313 -0.208791 0.0381574
0.0810147 -0.208316 0.0380648
0.0814946 -0.207836 0.0379852
0.0819753 -0.207352 0.0379026
0.0824521 -0.206862 0.0378342
0.0829301 -0.206367 0.0377617
0.0834048 -0.205868 0.0376978
0.0838756 -0.205363 0.0376466
0.0843472 -0.204856 0.0375945
0.0848146 -0.204344 0.0375586
0.0852831 -0.203831 0.0375202
0.0857481 -0.203316 0.0374924
0.0862095 -0.202798 0.0374782
0.0866717  -0.20228 0.0374623
0.0871308 -0.201759 0.0374531
0.0875869 -0.201235 0.0374582
0.0880442 -0.200712 0.0374596
0.0884985 -0.200185  0.037475
0.0889546 -0.199658 0.0374842
0.0894089 -0.199128 0.0374985
0.0898651 -0.198599 0.0375062
0.0903195 -0.198066 0.0375278
0.0907721  -0.19753 0.0375619
 0.091224 -0.196994 0.0375935
0.0916745 -0.196456 0.0376299
0.0921242 -0.195914 0.0376786
0.0925738 -0.195373 0.0377211
0.0930234 -0.194829  0.037775
0.0934735 -0.194286   0.03782
0.0939249  -0.19374 0.0378706
 0.094378  -0.19319 0.0379287
0.0948316 -0.192642 0.0379804
0.0952876 -0.192089 0.0380423
0.0957404 -0.191539 0.0380894
0.0961867  -0.19099 0.0381283
0.0966247 -0.190442  0.038158
0.0970574 -0.189898 0.0381705
0.0974929 -0.189347 0.0381735
0.0979323 -0.188794 0.0381632
0.0983801 -0.188228 0.0381546
0.0988403 -0.187651  0.038151
0.0993078 -0.187071 0.0381422
0.0997914 -0.186481 0.0381361
 0.100294 -0.185878 0.0381407
 0.100807  -0.18527 0.0381355
 0.101341 -0.184648 0.0381414
 0.101884 -0.184023 0.0381321
 0.102445 -0.183386 0.0381272
 0.103026  -0.18274 0.0381316
 0.103614 -0.182092 0.0381223
 0.104218 -0.181435 0.0381232
 0.104826 -0.180779  0.038104
 0.105447 -0.180116 0.0380898
  0.10608 -0.179448 0.0380783
 0.106714 -0.178781 0.0380492
 0.107357 -0.178109 0.0380195
 0.108007 -0.177432 0.0379925
 0.108657 -0.176758 0.0379455
 0.109334 -0.176077 0.0379055
 0.110033 -0.175394 0.0378438
 0.110758 -0.174706 0.0377879
 0.111506 -0.174012 0.0377343
 0.112283 -0.173317 0.0376594
 0.113105 -0.172615 0.0375824
  0.11396 -0.171913 0.0374727
 0.114853 -0.171205 0.0373563
 0.115769 -0.170497 0.0372096
 0.116406 -0.169784 0.0357604
 0.117065 -0.169074 0.0343534
 0.117734 -0.168373 0.0329927
   0.1184 -0.167674  0.031746
  0.11906 -0.166982 0.0306105
 0.119715 -0.166292  0.029576
 0.120363 -0.165604  0.028656
 0.121008 -0.164919 0.0278168
0.121609 -0.16423 0.027064
 0.122163 -0.163546 0.0263642
 0.122649 -0.162859 0.0257157
 0.123056 -0.162164 0.0251092
 0.123419 -0.161472  0.024537
 0.123705 -0.160772 0.0239969
 0.123956 -0.160073   0.02349
  0.12415 -0.159364 0.0230122
 0.124284 -0.158644 0.0225637
 0.124392 -0.157922  0.022144
 0.124448 -0.157186  0.021751
 0.124486 -0.156448 0.0213839
 0.124485 -0.155702 0.0210407
 0.124447 -0.154943 0.0207193
 0.124396 -0.154183  0.020418
 0.124312 -0.153411 0.0201343
 0.124218  -0.15264 0.0198684
 0.124098 -0.151859 0.0196184
 0.123953 -0.151071 0.0193814
 0.123802 -0.150282 0.0191599
 0.123629 -0.149488 0.0189515
 0.123452 -0.148693 0.0187584
 0.123255 -0.147894 0.0185763
 0.123042 -0.147088 0.0184036
 0.122825 -0.146281 0.0182448
 0.122595 -0.145473 0.0180962
 0.122362 -0.144669 0.0179612
 0.122118 -0.143866 0.0178334
 0.121863 -0.143062 0.0176091
  0.12161 -0.142264 0.0174026
 0.121351 -0.141462 0.0172027
 0.121094 -0.140666  0.017024
 0.120834  -0.13987 0.0168574
 0.120574 -0.139078  0.016701
 0.120318 -0.138291 0.0165621
 0.120064 -0.137509 0.0164305
 0.119814 -0.136732 0.0163144
  0.11957  -0.13596 0.0162047
 0.119332 -0.135192 0.0160984
0.119099 -0.13443 0.016004
 0.118875 -0.133672 0.0159119
 0.118656 -0.132921 0.0158298
 0.118448 -0.132174 0.0157462
 0.118252 -0.131433 0.0156587
 0.118062 -0.130698 0.0155784
 0.117883 -0.129967 0.0154944
 0.117711 -0.129242 0.0154163
 0.117552 -0.128522 0.0153302
 0.117407 -0.127806 0.0152346
 0.117268 -0.127093 0.0151426
 0.117142 -0.126384  0.015042
 0.117022 -0.125679 0.0149443
 0.116916 -0.124978 0.0148351
 0.116825 -0.124283 0.0147132
 0.116739 -0.123591 0.0145925
 0.116667 -0.122905 0.0144607
 0.116599 -0.122224 0.0143296
 0.116545 -0.121549 0.0141847
 0.116505 -0.120881  0.014025
 0.116468 -0.120218 0.0138649
 0.116445  -0.11956 0.0136921
 0.116434 -0.118909 0.0135047
 0.116425 -0.118263 0.0133163
 0.116428 -0.117624 0.0131123
 0.116432 -0.116989 0.0129071
 0.116447 -0.116361 0.0126888
 0.116471  -0.11574 0.0124556
 0.116496 -0.115123 0.0122206
 0.116529 -0.114513   0.01197
 0.116569 -0.113911 0.0116794
 0.116607 -0.113315 0.0113623
  0.11665 -0.112727 0.0109932
 0.116691 -0.112145 0.0106026
 0.116736 -0.111571 0.0101732
  0.116779  -0.111003 0.00973164
  0.116825  -0.110444 0.00925813
  0.116873  -0.109895 0.00875908
  0.116918  -0.109353 0.00825681
  0.116966   -0.10882 0.00773949
  0.117014  -0.108297 0.00721358
  0.117059  -0.107781 0.00671118
  0.117103  -0.107275 0.00622695
 0.117144 -0.106776 0.0057642
  0.117184  -0.106286 0.00531778
  0.117222  -0.105806 0.00488751
  0.117254  -0.105331 0.00447614
  0.117282  -0.104865 0.00407993
  0.117303  -0.104403 0.00370183
  0.11732 -0.103947 0.0033383
   0.11733  -0.103497 0.00298956
  0.117334   -0.10305 0.00265721
  0.117329  -0.102608 0.00233896
  0.117317  -0.102167 0.00203588
  0.117298  -0.101732 0.00174521
   0.11727  -0.101301 0.00146742
  0.117235  -0.100873 0.00120296
   0.117191   -0.100447 0.000949917
   0.117141   -0.100024 0.000709214
    0.11708  -0.0996027 0.000479574
   0.117007  -0.0991832 0.000261227
   0.116928  -0.0987646 5.38139e-05
    0.116836   -0.0983475 -0.000142714
    0.116738   -0.0979309 -0.000329095
    0.116629   -0.0975157 -0.000506011
    0.116509   -0.0971011 -0.000672756
    0.116383   -0.0966872 -0.000830532
    0.116244   -0.0962736 -0.000978495
    0.1161 -0.0958606 -0.0011182
   0.115947  -0.0954482 -0.00124955
   0.115781   -0.095036 -0.00137187
   0.115611   -0.094625 -0.00148693
    0.11543  -0.0942142 -0.00159339
   0.115245  -0.0938041 -0.00169336
  0.115051 -0.0933945 -0.0017862
   0.114846   -0.092985 -0.00187136
   0.114639   -0.092577 -0.00195095
   0.114423  -0.0921692 -0.00202404
   0.114205  -0.0917629 -0.00209217
   0.113979  -0.0913567 -0.00215381
   0.113745  -0.0909513 -0.00220911
   0.113509  -0.0905472 -0.00226033
   0.113267  -0.0901433 -0.00230612
   0.113018  -0.0897401 -0.00234656
   0.112768  -0.0893387 -0.00238376
   0.112513   -0.088938 -0.00241599
   0.112257  -0.0885391 -0.00244551
  0.111997 -0.0881411 -0.0024711
   0.111733   -0.087743 -0.00249235
   0.111469  -0.0873453 -0.00251076
   0.111202  -0.0869467 -0.00252482
   0.110933  -0.0865466 -0.00260014
   0.110656  -0.0861415 -0.00278734
   0.110372  -0.0857312 -0.00309383
   0.110088  -0.0853189 -0.00345007
   0.109802  -0.0849017 -0.00382375
   0.109518  -0.0844849 -0.00419837
   0.109236  -0.0840667 -0.00457737
   0.108955  -0.0836484 -0.00495769
   0.108678  -0.0832323 -0.00533442
   0.108405  -0.0828172 -0.00570811
   0.108136  -0.0824047 -0.00607742
   0.107871  -0.0819936 -0.00644295
   0.107611  -0.0815843 -0.00680343
   0.107356  -0.0811778 -0.00715938
   0.107105  -0.0807734 -0.00750982
   0.106858   -0.080372 -0.00785573
   0.106617  -0.0799727 -0.00819707
   0.10638 -0.0795758 -0.0085328
   0.106147  -0.0791822 -0.00886383
    0.10592  -0.0787913 -0.00918895
   0.105695  -0.0784038 -0.00950935
   0.105475  -0.0780189 -0.00982502
   0.10526  -0.077637 -0.0101349
  0.105048 -0.0772586 -0.0104403
   0.10484 -0.0768828 -0.0107412
  0.104636 -0.0765103 -0.0110365
  0.104436 -0.0761412 -0.0113275
  0.104238 -0.0757755 -0.0116131
  0.104044  -0.075413 -0.0118947
  0.103853 -0.0750535 -0.0121724
  0.103665 -0.0746971 -0.0124454
  0.103479  -0.074344 -0.0127147
  0.103295 -0.0739944 -0.0129793
  0.103114  -0.073648 -0.0132405
  0.102935 -0.0733043 -0.0134984
  0.102758 -0.0729639 -0.0137523
  0.102583 -0.0726266 -0.0140031
  0.102409 -0.0722908 -0.0142508
  0.102235 -0.0719564 -0.0144968
  0.102063 -0.0716224 -0.0147416
  0.101891 -0.0712888 -0.0149848
  0.101719 -0.0709565 -0.0152264
  0.101549 -0.0706246 -0.0154668
  0.101378 -0.0702936 -0.0157051
  0.101208 -0.0699643 -0.0159412
  0.101038 -0.0696359 -0.0161746
  0.100868 -0.0693095 -0.0164054
  0.100698 -0.0689844  -0.016634
  0.100528 -0.0686609 -0.0168594
  0.100358 -0.0683393 -0.0170825
  0.100188 -0.0680192 -0.0173026
  0.100017 -0.0677002 -0.0175208
  0.099845 -0.0673823 -0.0177366
 0.0996725 -0.0670656 -0.0179498
 0.0994997 -0.0667506 -0.0181612
 0.0993254 -0.0664367 -0.0183698
 0.0991507 -0.0661245 -0.0185767
 0.0989745 -0.0658133 -0.0187814
 0.0987979 -0.0655037 -0.0189843
 0.0986194 -0.0651954 -0.0191843
 0.0984384 -0.0648883 -0.0193813
 0.0982569  -0.064583 -0.0195764
 0.0980726 -0.0642791 -0.0197684
 0.0978877  -0.063977 -0.0199588
 0.0977006 -0.0636761 -0.0201468
 0.0975129 -0.0633762 -0.0203333
 0.0973223 -0.0630777 -0.0205171
 0.0971285 -0.0627806 -0.0206979
 0.0969342 -0.0624853 -0.0208765
 0.0967371 -0.0621913 -0.0210519
 0.0965396 -0.0618991 -0.0212245
 0.0963392 -0.0616085 -0.0213935
 0.0961356 -0.0613197 -0.0215591
 0.0959316 -0.0610332  -0.021722
 0.0957239 -0.0607488 -0.0218815
 0.0955161 -0.0604669 -0.0220387
 0.0953062 -0.0601884 -0.0221901
  0.095093 -0.0599122   -0.02234
 0.0948796 -0.0596366 -0.0224893
 0.0946624 -0.0593617 -0.0226375
 0.0944452 -0.0590871 -0.0227858
 0.0942251 -0.0588127 -0.0229339
 0.0940025 -0.0585381 -0.0230822
 0.0937801 -0.0582649 -0.0232295
 0.0935551 -0.0579924 -0.0233757
 0.0933306 -0.0577218 -0.0235199
 0.0931041 -0.0574525 -0.0236619
  0.092876  -0.057185 -0.0238012
 0.0926486 -0.0569197 -0.0239386
 0.0924197 -0.0566564  -0.024073
 0.0921918 -0.0563951 -0.0242056
 0.0919633 -0.0561353 -0.0243361
  0.091734 -0.0558769 -0.0244642
 0.0915059 -0.0556202 -0.0245911
 0.0912774 -0.0553644 -0.0247162
 0.0910487 -0.0551094 -0.0248393
 0.0908214 -0.0548558 -0.0249614
 0.0905938 -0.0546029 -0.0250814
 0.0903676 -0.0543514 -0.0252003
 0.0901411 -0.0541004 -0.0253173
 0.0899146 -0.0538498 -0.0254321
 0.0896895 -0.0536007 -0.0255456
 0.0894641 -0.0533521 -0.0256568
 0.0892401 -0.0531048 -0.0257667
 0.0890159 -0.0528579 -0.0258747
 0.0887919 -0.0526114 -0.0259804
 0.0885691 -0.0523662  -0.026085
 0.0883464 -0.0521213 -0.0261873
  0.088125 -0.0518775 -0.0262886
 0.0879037 -0.0516338  -0.026388
 0.0876824 -0.0513902 -0.0264853
 0.0874625 -0.0511477 -0.0265816
 0.0872424 -0.0509051 -0.0266759
 0.0870226 -0.0506623 -0.0267681
 0.0868045 -0.0504207 -0.0268596
 0.0865865 -0.0501791 -0.0269487
 0.0863697 -0.0499376 -0.0270384
0.0861531 -0.049694 -0.027128
 0.0859364 -0.0494476 -0.0272171
 0.0857208 -0.0492005 -0.0273059
 0.0855053 -0.0489508 -0.0273938
 0.0852909 -0.0487012 -0.0274806
 0.0850765   -0.04845 -0.0275654
 0.0848626 -0.0481978 -0.0276479
 0.0846499 -0.0479467  -0.027729
 0.0844376 -0.0476952 -0.0278076
 0.0842265  -0.047445 -0.0278848
 0.0840164 -0.0471948 -0.0279594
 0.0838071 -0.0469446 -0.0280312
 0.0835992 -0.0466959 -0.0281019
  0.083392  -0.046447 -0.0281705
 0.0831862 -0.0461994 -0.0282384
 0.0829814 -0.0459517 -0.0283041
 0.0827774  -0.045704 -0.0283676
 0.0825747 -0.0454576 -0.0284303
 0.0823724  -0.045211 -0.0284912
 0.0821708 -0.0449645 -0.0285499
 0.0819702 -0.0447193 -0.0286078
 0.0817699 -0.0444744 -0.0286634
 0.0815704 -0.0442308 -0.0287181
 0.0813709 -0.0439876 -0.0287707
 0.0811716 -0.0437447 -0.0288212
  0.080973 -0.0435034  -0.028871
 0.0807742 -0.0432627 -0.0289184
 0.0805762 -0.0430235 -0.0289651
 0.0803779 -0.0427848 -0.0290098
 0.0801793 -0.0425467 -0.0290526
 0.0799814 -0.0423102 -0.0290947
 0.0797829 -0.0420744 -0.0291345
  0.079585 -0.0418401 -0.0291736
 0.0793863 -0.0416063 -0.0292107
  0.079187 -0.0413733 -0.0292458
 0.0789883 -0.0411425   -0.02928
 0.0787886 -0.0409126 -0.0293119
 0.0785894 -0.0406842 -0.0293432
 0.0783894 -0.0404564 -0.0293722
 0.0781884 -0.0402297 -0.0293994
 0.0779878 -0.0400033 -0.0294263
 0.0777858 -0.0397757 -0.0294522
 0.0775842 -0.0395478 -0.0294786
 0.0773815 -0.0393184 -0.0295044
 0.0771776 -0.0390872 -0.0295295
  0.076974 -0.0388566 -0.0295543
 0.0767693 -0.0386253 -0.0295776
 0.0765649  -0.038395 -0.0296001
 0.0763596 -0.0381645 -0.0296205
 0.0761534 -0.0379352  -0.029638
 0.0759477 -0.0377074 -0.0296543
 0.0757411 -0.0374804 -0.0296676
 0.0755339 -0.0372546 -0.0296782
 0.0753274 -0.0370305 -0.0296879
 0.0751205 -0.0368079 -0.0296947
 0.0749143  -0.036587 -0.0297007
 0.0747078 -0.0363672 -0.0297045
 0.0745009 -0.0361488 -0.0297057
 0.0742948 -0.0359319 -0.0297064
 0.0740883 -0.0357164 -0.0297044
 0.0738824 -0.0355024 -0.0297017
 0.0736761 -0.0352895  -0.029697
 0.0734692 -0.0350781 -0.0296896
 0.0732629 -0.0348682 -0.0296814
 0.0730557 -0.0346597 -0.0296708
  0.072849 -0.0344528 -0.0296595
 0.0726415 -0.0342475 -0.0296456
 0.0724331 -0.0340439 -0.0296288
 0.0722252  -0.033842 -0.0296113
 0.0720162 -0.0336418 -0.0295911
 0.0718078 -0.0334431 -0.0295702
 0.0715984 -0.0332459 -0.0295472
  0.071388 -0.0330502 -0.0295218
 0.0711782 -0.0328561 -0.0294957
 0.0709672 -0.0326634 -0.0294674
 0.0707568 -0.0324721 -0.0294386
 0.0705454 -0.0322823 -0.0294074
  0.070333 -0.0320942 -0.0293735
 0.0701211 -0.0319076  -0.029339
 0.0699082 -0.0317223 -0.0293019
 0.0696942 -0.0315377 -0.0292629
 0.0694806 -0.0313522 -0.0292244
 0.0692658  -0.031166 -0.0291845
 0.0690515 -0.0309791  -0.029145
 0.0688361 -0.0307915 -0.0291041
 0.0686199 -0.0306031  -0.029062
 0.0684041 -0.0304152 -0.0290196
 0.0681875 -0.0302275 -0.0289748
 0.0679715 -0.0300408 -0.0289292
 0.0677547 -0.0298549 -0.0288812
 0.0675373 -0.0296703   -0.02883
 0.0673205 -0.0294871 -0.0287778
 0.0671032 -0.0293052 -0.0287228
 0.0668868 -0.0291246  -0.028667
 0.0666701 -0.0289454 -0.0286084
 0.0664533 -0.0287676 -0.0285467
 0.0662376  -0.028591 -0.0284845
 0.0660219 -0.0284158 -0.0284195
 0.0658072 -0.0282417  -0.028354
 0.0655925 -0.0280686 -0.0282864
 0.0653777 -0.0278967 -0.0282162
  0.065164  -0.027726 -0.0281455
   0.06495 -0.0275565 -0.0280725
  0.064736 -0.0273883 -0.0279971
 0.0645229 -0.0272212 -0.0279211
 0.0643096 -0.0270557 -0.0278424
 0.0640972 -0.0268915 -0.0277632
 0.0638844 -0.0267285 -0.0276814
 0.0636715 -0.0265671 -0.0275973
 0.0634594 -0.0264069 -0.0275128
 0.0632472 -0.0262483 -0.0274257
 0.0630358 -0.0260908 -0.0273384
 0.0628241 -0.0259346  -0.027249
 0.0626122   -0.02578 -0.0271572
 0.0624011 -0.0256264 -0.0270651
 0.0621899 -0.0254745 -0.0269705
 0.0619795 -0.0253236 -0.0268756
 0.0617688 -0.0251739 -0.0267788
 0.0615578 -0.0250258 -0.0266796
 0.0613477 -0.0248788 -0.0265801
  0.061137  -0.024732 -0.0264789
  0.060927  -0.024584 -0.0263786
 0.0607167 -0.0244352 -0.0262772
 0.0605062 -0.0242852  -0.026175
 0.0602964 -0.0241346 -0.0260734
 0.0600863 -0.0239833 -0.0259705
 0.0598759 -0.0238317 -0.0258663
 0.0596664 -0.0236805  -0.025762
 0.0594568 -0.0235298 -0.0256555
  0.059248   -0.02338 -0.0255484
 0.0590391 -0.0232311 -0.0254393
 0.0588304 -0.0230836 -0.0253273
 0.0586227 -0.0229371  -0.025215
 0.0584151 -0.0227918 -0.0251004
  0.058208 -0.0226478 -0.0249835
 0.0580021 -0.0225046 -0.0248665
 0.0577968 -0.0223627 -0.0247471
 0.0575928 -0.0222215 -0.0246278
 0.0573892 -0.0220812 -0.0245064
 0.0571864 -0.0219419 -0.0243832
 0.0569847 -0.0218034 -0.0242602
 0.0567837 -0.0216659  -0.024135
 0.0565838 -0.0215293   -0.02401
 0.0563843 -0.0213937 -0.0238834
 0.0561851 -0.0212593 -0.0237561
 0.0559864 -0.0211264 -0.0236487
 0.0557875 -0.0209952  -0.023558
 0.0555891 -0.0208654 -0.0234852
 0.0553772 -0.0207382 -0.0234281
 0.0551496 -0.0206142 -0.0233839
 0.0549083 -0.0204927 -0.0233525
 0.0546529 -0.0203744 -0.0233291
 0.0543841 -0.0202596 -0.0233092
 0.0541032 -0.0201479 -0.0232938
 0.0538098 -0.0200402  -0.023274
 0.0535053 -0.0199356 -0.0232542
 0.0531889  -0.019835 -0.0232275
 0.0528609 -0.0197388 -0.0231888
 0.0525234 -0.0196456 -0.0231454
 0.0521788 -0.0195581 -0.0230706
 0.0518312 -0.0194737 -0.0229717
 0.0514799 -0.0193919 -0.0228454
 0.0511271  -0.019311 -0.0226984
 0.0507704 -0.0192322 -0.0225245
 0.0504105 -0.0191544 -0.0223248
 0.0500493 -0.0190778 -0.0221075
 0.0496854 -0.0190023 -0.0218664
 0.0493203 -0.0189283 -0.0216095
 0.0489532 -0.0188559  -0.021333
 0.0485839 -0.0187851 -0.0210366
 0.0482139  -0.018716 -0.0207274
 0.0478428 -0.0186486 -0.0204028
 0.0474756 -0.0185817 -0.0200747
 0.0471317 -0.0185089 -0.0197732
 0.0468081 -0.0184286 -0.0194923
 0.0464936 -0.0183429 -0.0192159
 0.0461925 -0.0182496 -0.0189495
 0.0459051 -0.0181528 -0.0186729
 0.0456579 -0.0180514  -0.018345
 0.0454506 -0.0179463 -0.0179691
 0.0452618 -0.0178399 -0.0175712
 0.0451038 -0.0177302 -0.0171451
 0.0449761 -0.0176167 -0.0167029
 0.0448582 -0.0175014 -0.0162742
 0.0447648 -0.0173821 -0.0158648
 0.0446769  -0.017261 -0.0154713
 0.0446072 -0.0171361 -0.0150979
 0.0445414 -0.0170098 -0.0147394
 0.0444925 -0.0168794 -0.0144039
 0.0444589  -0.016745 -0.0140916
 0.0444282 -0.0166098 -0.0137926
 0.0444103 -0.0164706 -0.0135129
 0.0444053 -0.0163282  -0.013254
 0.0444022 -0.0161852 -0.0130064
 0.0444107 -0.0160396 -0.0127763
 0.0444304 -0.0158916 -0.0125642
 0.0444506 -0.0157425 -0.0123616
  0.044481 -0.0155911 -0.0121758
 0.0445115 -0.0154399 -0.0119984
 0.0445508 -0.0152871 -0.0118347
 0.0445893 -0.0151339 -0.0116795
 0.0446348 -0.0149759 -0.0115391
 0.0446867 -0.0148145 -0.0114129
 0.0447371 -0.0146515 -0.0112947
  0.044792 -0.0144843 -0.0111881
 0.0448508  -0.014314 -0.0110935
 0.0449069 -0.0141435 -0.0110049
 0.0449647 -0.0139698 -0.0109263
 0.0450191 -0.0137964 -0.0108525
 0.0450748 -0.0136222 -0.0107863
 0.0451303 -0.0134477 -0.0107273
 0.0451813 -0.0132723 -0.0106722
 0.0452308  -0.013097 -0.0106233
0.0452755 -0.012921 -0.010578
 0.0453185 -0.0127448 -0.0105375
 0.0453584 -0.0125688 -0.0105018
 0.0453933  -0.012392 -0.0104691
 0.0454239 -0.0122153 -0.0104403
   0.04545 -0.0120395 -0.0104143
 0.0454713 -0.0118623 -0.0103907
 0.0454869 -0.0116856 -0.0103695
 0.0454973 -0.0115083 -0.0103502
 0.0455011 -0.0113319 -0.0103322
 0.0454997 -0.0111552 -0.0103156
 0.0454922 -0.0109796 -0.0102995
 0.0454773 -0.0108053 -0.0102832
 0.0454573 -0.0106308 -0.0102679
 0.0454304 -0.0104578 -0.0102517
 0.0453988 -0.0102848 -0.0102363
 0.0453593 -0.0101136 -0.0102195
  0.0453116 -0.00994428  -0.0102005
  0.0452596 -0.00977501  -0.0101818
  0.0452001 -0.00960756  -0.0101606
  0.0451368 -0.00944013  -0.0101395
   0.045065 -0.00927379  -0.0101151
  0.0449852 -0.00910971   -0.010087
  0.0449021 -0.00894576  -0.0100585
  0.0448119 -0.00878392  -0.0100263
  0.0447199 -0.00862443 -0.00999357
  0.0446204   -0.008467 -0.00995652
 0.0445134 -0.0083103 -0.0099154
  0.0444041 -0.00815081 -0.00987474
  0.0442876 -0.00799027 -0.00982979
  0.0441695 -0.00782672   -0.009785
  0.0440449 -0.00766214 -0.00973611
  0.0439141  -0.0074964 -0.00968248
  0.0437823 -0.00732879 -0.00962803
  0.0436449 -0.00716111 -0.00956854
  0.0435024 -0.00699354 -0.00950338
  0.0433597 -0.00682495 -0.00943678
  0.0432128 -0.00665699 -0.00936372
  0.0430665 -0.00648809 -0.00928909
  0.0429166 -0.00632024 -0.00920867
  0.0427638 -0.00615411 -0.00912234
  0.0426124 -0.00598945 -0.00903529
  0.0424591 -0.00582621 -0.00894197
  0.0423078 -0.00566415 -0.00884796
  0.0421551 -0.00550333 -0.00873973
  0.0420023 -0.00534366 -0.00861092
   0.041852 -0.00518504 -0.00847248
  0.0417024 -0.00502736 -0.00831363
  0.0415555 -0.00487057 -0.00814841
  0.0414088 -0.00471463 -0.00796814
  0.0412632 -0.00455945  -0.0077748
  0.0411206   -0.004405 -0.00757888
  0.0409788 -0.00425125 -0.00737411
    0.04084 -0.00409814 -0.00716966
  0.0407032  -0.0039456 -0.00695879
  0.0405688 -0.00379357 -0.00674331
  0.0404379 -0.00364217 -0.00652903
  0.0403101  -0.0034912 -0.00631156
  0.0401861 -0.00334078 -0.00609506
  0.0400649 -0.00319084 -0.00587157
  0.0399477 -0.00304131 -0.00564172
  0.0398345 -0.00289223 -0.00541067
  0.0397259 -0.00274345 -0.00517436
  0.0396212 -0.00259504 -0.00493881
  0.0395205 -0.00244688 -0.00470008
  0.0394246 -0.00229889 -0.00445925
  0.0393326 -0.00215118 -0.00422052
  0.0392455 -0.00200334 -0.00398368
   0.039162 -0.00185544 -0.00375403
  0.0390828 -0.00170733  -0.0035284
  0.0390086 -0.00155883 -0.00330871
   0.038938 -0.00141024 -0.00309505
  0.0388719 -0.00126132 -0.00288496
  0.0388111 -0.00111198 -0.00267899
   0.0387536 -0.000962481  -0.00248435
   0.0387017 -0.000812453  -0.00230104
   0.0386529 -0.000662294  -0.00212798
    0.038609 -0.000511444  -0.00196509
   0.0385683 -0.000360447  -0.00181152
   0.0385332 -0.000208694  -0.00166755
   0.0385042 -5.63689e-05  -0.00153283
  0.0384785 9.61458e-05 -0.00140622
   0.038459 0.000249565 -0.00128825
  0.0384428 0.000403268 -0.00117763
  0.0384321 0.000557693 -0.00107468
   0.0384273  0.000713186 -0.000979353
   0.0384256  0.000869063 -0.000890408
     0.03843   0.00102609 -0.000808505
   0.0384371   0.00118352 -0.000732302
   0.0384487   0.00134257 -0.000662077
   0.0384645   0.00150423 -0.000597425
   0.0384818   0.00166789 -0.000537268
   0.0385032   0.00183438 -0.000482266
   0.0385259   0.00200275 -0.000431384
   0.0385517   0.00217372 -0.000385058
   0.0385787   0.00234645 -0.000342612
   0.0386094   0.00252182 -0.000304765
   0.0386439   0.00269984 -0.000271493
   0.0386802   0.00287946 -0.000241896
   0.0387202   0.00306106 -0.000216481
   0.0387624   0.00324466 -0.000194648
   0.0388095   0.00343023 -0.000177229
   0.0388595   0.00361721 -0.000163345
   0.0389154   0.00380667 -0.000153894
   0.0389778   0.00399802 -0.000148882
  0.0390436  0.00419064 -0.00014725
   0.0391164   0.00438509 -0.000149866
   0.0391922   0.00458146 -0.000155516
   0.0392731   0.00477948 -0.000164441
   0.0393569   0.00497871 -0.000176224
   0.0394467   0.00517963 -0.000191456
   0.0395419   0.00538227 -0.000209813
   0.0396401   0.00558618 -0.000230763
   0.0397444   0.00578969 -0.000254909
    0.039853   0.00599078 -0.000282174
  0.0399669  0.00618794 -0.00031221
   0.0400858   0.00638049 -0.000344667
  0.0402076  0.00657502 -0.00037644
   0.0403326   0.00677874 -0.000402049
 0.0404584 0.00697687 -0.0004307
   0.0405835   0.00717139 -0.000459233
   0.0407061   0.00736314 -0.000486788
    0.040827   0.00755094 -0.000515753
   0.0409412   0.00773669 -0.000542569
   0.0410465    0.0079217 -0.000565713
   0.0411467   0.00810334 -0.000589489
   0.0412343   0.00828526 -0.000607842
  0.0413152  0.00846541 -0.00062621
    0.041382    0.0086458 -0.000639251
 0.0414326 0.00882651 -0.0006465
   0.0414768   0.00900786 -0.000651766
  0.0415063  0.00918932 -0.00065178
   0.0415307   0.00937096 -0.000650296
   0.0415403   0.00955286 -0.000643619
   0.0415365   0.00973559 -0.000632049
  0.0415294   0.0099186 -0.00061951
   0.0415116    0.0101031 -0.000601929
   0.0414925    0.0102875 -0.000584778
   0.0414639    0.0104753 -0.000561891
   0.0414275    0.0106667 -0.000534345
   0.0413911    0.0108585 -0.000507067
   0.0413481    0.0110535 -0.000475623
   0.0413063    0.0112491 -0.000444564
   0.0412595    0.0114484 -0.000409808
   0.0412087    0.0116514 -0.000371774
   0.0411596    0.0118554 -0.000334119
   0.0411069    0.0120625 -0.000293435
   0.0410562     0.012271 -0.000253176
   0.0410026    0.0124836 -0.000209852
   0.0409474    0.0127041 -0.000161998
   0.0408946    0.0129384 -0.000108621
   0.0408402     0.013195 -4.40095e-05
  0.0407891   0.0134639 2.50715e-05
  0.0407382   0.0137554 0.000104848
  0.0406887   0.0140691 0.000194827
  0.0406431   0.0143938 0.000288354
  0.0405998     0.01474 0.000391144
  0.0405607   0.0150956 0.000496617
  0.0405237   0.0154696 0.000610051
  0.0404901   0.0158624 0.000730963
  0.0404606   0.0162631 0.000853727
   0.040434   0.0166802 0.000982827
 0.0404114  0.0171133 0.00111766
  0.040393  0.0175524 0.00125341
 0.0403792  0.0180062 0.00139366
 0.0403697  0.0184646 0.00153414
 0.0403641  0.0189353 0.00167832
 0.0403633  0.0194226 0.00182629
 0.0403665   0.019921 0.00197569
 0.0403751  0.0204417 0.00212977
0.0403876 0.0209707 0.0022844
 0.0404049   0.021514 0.00244158
 0.0404278  0.0220682 0.00259962
 0.0404545  0.0226215 0.00275538
 0.0404871  0.0231782 0.00290932
 0.0405231  0.0237288 0.00305935
 0.0405641  0.0242777 0.00320645
 0.0406108  0.0248214 0.00334901
 0.0406608   0.025358 0.00348726
 0.0407165  0.0258884 0.00362056
 0.0407751  0.0264128 0.00374992
 0.0408385  0.0269339 0.00387545
 0.0409071  0.0274507 0.00399642
0.0409782 0.0279635 0.0041141
 0.0410535  0.0284738 0.00422818
0.0411308 0.0289808 0.0043393
 0.0412121  0.0294842 0.00444593
 0.0412969  0.0299851 0.00454955
 0.0413855  0.0304836 0.00473641
0.0414817 0.0309776 0.0050517
  0.041582  0.0314676 0.00546027
 0.041688 0.0319525 0.0059671
 0.0417966  0.0324331 0.00652926
 0.0419092  0.0329068 0.00714366
0.0420242 0.0333726  0.007774
 0.0421392  0.0338338 0.00839839
 0.0422556  0.0342877 0.00901312
 0.0423727  0.0347332 0.00960879
0.0424899 0.0351743 0.0101856
0.0426076 0.0356066 0.0107362
0.0427254 0.0360348 0.0112682
0.0428438 0.0364551 0.0117776
0.0429626 0.0368665 0.0122641
0.0430813 0.0372737 0.0127332
0.0432001 0.0376734 0.0131844
0.0433186 0.0380725 0.0136268
0.0434369 0.0384675 0.0140614
0.0435548 0.0388572 0.0144901
0.0436722 0.0392449 0.0149134
 0.043789 0.0396247 0.0153345
0.0439053 0.0400001 0.0157517
0.0440213  0.040366 0.0161682
0.0441381 0.0407203 0.0165849
0.0442562 0.0410683 0.0169968
0.0443752 0.0414028 0.0173996
0.0444957 0.0417305 0.0177907
0.0446169 0.0420452 0.0181712
0.0447387 0.0423456 0.0185404
0.0448616 0.0426395 0.0188987
0.0449846 0.0429191 0.0192461
0.0451084  0.043193 0.0195831
0.0452319 0.0434544 0.0199099
0.0453545 0.0437031 0.0202264
0.0454775 0.0439473 0.0205338
 0.045599 0.0441798 0.0208317
0.0457203 0.0444091 0.0211213
0.0458397 0.0446286  0.021402
 0.045958 0.0448472 0.0216755
0.0460728 0.0450593  0.021942
0.0461835 0.0452658 0.0222017
0.0462927 0.0454734 0.0224557
0.0463972 0.0456771 0.0227039
0.0465004 0.0458821 0.0229469
0.0465989 0.0460836 0.0231843
0.0466962 0.0462867  0.023417
0.0467888 0.0464872 0.0236452
0.0468766  0.046686  0.023869
0.0469632 0.0468867 0.0240888
0.0470453 0.0470861 0.0243043
0.0471232 0.0472851 0.0245165
0.0472002 0.0474867 0.0247253
 0.047273 0.0476891 0.0249313
0.0473453 0.0478945 0.0251344
0.0474141  0.048101 0.0253348
0.0474795 0.0483096 0.0255331
0.0475446 0.0485216 0.0257291
0.0476065 0.0487366 0.0259235
0.0476658 0.0489542 0.0261159
0.0477254 0.0491755 0.0263065
0.0477827 0.0494004  0.026496
0.0478407  0.049629 0.0266841
0.0478875 0.0498601  0.026874
0.0479192 0.0500946 0.0270688
0.0479434 0.0503327 0.0272673
 0.047955 0.0505752 0.0274699
0.0479631 0.0508215 0.0276723
0.0479648  0.051072 0.0278732
0.0479667 0.0513263 0.0280703
0.0479649 0.0515859 0.0282637
0.0479629 0.0518516 0.0284513
0.0479635  0.052121 0.0286347
0.0479669 0.0523956  0.028813
0.0479745 0.0526737 0.0289888
0.0479867 0.0529578 0.0291614
0.0480048 0.0532481 0.0293325
0.0480269 0.0535417 0.0295037
0.0480543 0.0538404 0.0296756
 0.048085 0.0541436 0.0298488
0.0481201 0.0544552 0.0300247
0.0481595 0.0547757 0.0302038
0.0482007 0.0551017 0.0303846
0.0482451 0.0554358 0.0305674
0.0482928 0.0557786 0.0307522
0.0483421 0.0561259 0.0309372
0.0483945 0.0564817 0.0311227
0.0484483 0.0568411 0.0313076
 0.048505 0.0572073 0.0314915
0.0485648 0.0575805 0.0316748
0.0486259 0.0579568 0.0318573
0.0486899 0.0583393 0.0320389
 0.048755 0.0587246   0.03222
0.0488227 0.0591163 0.0324007
0.0488928 0.0595145  0.032581
0.0489638 0.0599154 0.0327612
 0.049037 0.0603218 0.0329411
0.0491123 0.0607341  0.033121
0.0491883 0.0611487 0.0333009
 0.049266  0.061569 0.0334808
0.0493444 0.0619913 0.0336604
0.0494246 0.0624183 0.0338395
0.0495064 0.0628498 0.0340182
0.0495886  0.063283 0.0341964
0.0496722 0.0637204 0.0343739
 0.049756  0.064159 0.0345508
0.0498412  0.064601 0.0347267
0.0499274 0.0650462 0.0349016
0.0500137 0.0654923 0.0350759
0.0501008 0.0659414 0.0352491
0.0501877 0.0663911 0.0354217
0.0502755 0.0668432 0.0355932
0.0503636 0.0672975 0.0357634
0.0504516 0.0677523  0.035933
0.0505397  0.068209 0.0361013
0.0506276 0.0686662 0.0362689
0.0507157 0.0691248 0.0364352
0.0508036 0.0695848 0.0366001
0.0508911 0.0700451 0.0367642
0.0509779 0.0705078 0.0369265
0.0510626 0.0709744 0.0370876
 0.051145 0.0714445 0.0372483
0.0512245 0.0719194 0.0374077
0.0513021 0.0723971 0.0375666
0.0513773 0.0728783 0.0377244
0.0514497 0.0733631 0.0378807
0.0515207 0.0738492 0.0380363
0.0515899 0.0743372 0.0381904
0.0516583 0.0748258 0.0383438
0.0517247 0.0753158 0.0384956
0.0517894 0.0758071 0.0386459
0.0518536 0.0762987 0.0387955
0.0519163 0.0767914 0.0389437
0.0519787 0.0772846 0.0390915
0.0520403 0.0777788 0.0392382
0.0521008 0.0782741  0.039384
0.0521612 0.0787701 0.0395295
 0.052221 0.0792671 0.0396741
0.0522808 0.0797649 0.0398184
0.0523397 0.0802635  0.039962
0.0523978 0.0807632 0.0401048
 0.052456 0.0812634 0.0402472
0.0525137  0.081764 0.0403887
0.0525709 0.0822651 0.0405293
0.0526282 0.0827665 0.0406695
 0.052685 0.0832681 0.0408087
0.0527421   0.08377 0.0409474
0.0527988 0.0842719  0.041085
0.0528553 0.0847738 0.0412216
0.0529121 0.0852759 0.0413578
0.0529685 0.0857782 0.0414928
0.0530254 0.0862809 0.0416274
0.0530819 0.0867834 0.0417605
0.0531385 0.0872861 0.0418928
0.0531956 0.0877893 0.0420246
0.0532528 0.0882925 0.0421551
0.0533105 0.0887962 0.0422851
0.0533682 0.0893001  0.042414
0.0534259 0.0898043 0.0425416
0.0534835 0.0903105 0.0426683
0.0535398 0.0908199 0.0427937
0.0535946 0.0913328  0.042918
0.0536484 0.0918494 0.0430418
0.0537004 0.0923703 0.0431645
0.0537519 0.0928941 0.0432868
0.0538023 0.0934208 0.0434078
0.0538517 0.0939504 0.0435276
0.0539011 0.0944819 0.0436469
0.0539499  0.095016 0.0437649
0.0539993 0.0955514 0.0438823
0.0540487 0.0960886 0.0439986
0.0540985 0.0966279 0.0441137
 0.054149 0.0971686 0.0442283
0.0542001 0.0977117 0.0443419
 0.054252 0.0982564 0.0444551
0.0543047 0.0988032 0.0445673
0.0543584 0.0993525 0.0446787
 0.054413 0.0999035 0.0447898
0.0544685  0.100457    0.0449
0.0545248  0.101013 0.0450098
0.0545821   0.10157 0.0451187
0.0546406   0.10213 0.0452267
0.0546998  0.102691 0.0453342
0.0547602  0.103254 0.0454405
0.0548213  0.103818 0.0455463
0.0548835  0.104384  0.045651
0.0549466  0.104952 0.0457543
0.0550104  0.105522 0.0458569
0.0550753  0.106092 0.0459581
0.0551409  0.106664 0.0460585
0.0552074  0.107237 0.0461575
0.0552751  0.107812 0.0462549
0.0553432  0.108389 0.0463515
0.0554124  0.108967 0.0464464
0.0554821  0.109546 0.0465404
 0.055553  0.110126 0.0466329
 0.055625  0.110708 0.0467236
0.0556974  0.111291 0.0468135
 0.055771  0.111875 0.0469016
0.0558449  0.112462 0.0469875
0.0559178  0.113052 0.0470726
  0.05599  0.113647 0.0471557
0.0560612  0.114244 0.0472378
0.0561318  0.114845 0.0473182
0.0562015   0.11545 0.0473964
0.0562704  0.116057 0.0474737
0.0563391  0.116667 0.0475489
0.0564075  0.117279  0.047622
0.0564754  0.117893 0.0476941
0.0565432   0.11851 0.0477639
0.0566109  0.119127 0.0478327
 0.056679  0.119746 0.0478994
0.0567474  0.120368 0.0479642
0.0568158  0.120991 0.0480281
0.0568845  0.121616 0.0480899
0.0569532  0.122242 0.0481509
0.0570225   0.12287 0.0482102
0.0570924  0.123499 0.0482676
0.0571621   0.12413 0.0483241
0.0572323  0.124763 0.0483785
0.0573024  0.125396 0.0484321
0.0573727   0.12603 0.0484835
0.0574438  0.126666  0.048533
0.0575146  0.127303 0.0485816
0.0575859   0.12794 0.0486278
0.0576569  0.128578  0.048673
0.0577285  0.129216  0.048716
0.0578004  0.129855 0.0487567
 0.057872  0.130494 0.0487962
0.0579438  0.131133 0.0488332
0.0580152  0.131773 0.0488691
 0.058087  0.132413 0.0489028
0.0581583  0.133053 0.0489354
0.0582298  0.133693 0.0489653
0.0583015  0.134334 0.0489925
0.0583725  0.134975 0.0490186
0.0584439  0.135615 0.0490423
0.0585154  0.136256 0.0490633
0.0585863  0.136897  0.049083
0.0586566  0.137539 0.0490995
 0.058726  0.138181 0.0491155
0.0587956  0.138818 0.0491288
 0.058865  0.139453 0.0491394
0.0589337  0.140083 0.0491485
0.0590023  0.140711 0.0491547
0.0590703  0.141336 0.0491576
0.0591371   0.14196 0.0491586
0.0592029  0.142584 0.0491557
0.0592672  0.143209 0.0491509
0.0593307  0.143834 0.0491426
0.0593926  0.144462 0.0491304
0.0594532   0.14509 0.0491167
0.0595123   0.14572 0.0490991
0.0595703  0.146351 0.0490803
0.0596273  0.146981 0.0490583
0.0596832  0.147612 0.0490332
0.0597381  0.148242 0.0490069
0.0597919  0.148872 0.0489772
0.0598447  0.149501 0.0489463
0.0598969  0.150128 0.0489123
0.0599482  0.150754 0.0488749
0.0599986   0.15138 0.0488362
 0.060048  0.152004 0.0487938
0.0600965  0.152628   0.04875
0.0601446  0.153251 0.0487028
0.0601917  0.153873 0.0486544
0.0602381  0.154496 0.0486024
0.0602837  0.155118 0.0485468
0.0603285   0.15574   0.04849
0.0603729  0.156362 0.0484301
0.0604169  0.156984 0.0483669
0.0604601  0.157607 0.0483028
0.0605028   0.15823 0.0482353
0.0605446  0.158853 0.0481669
0.0605865  0.159476 0.0480955
 0.060628    0.1601 0.0480209
0.0606687  0.160725 0.0479454
0.0607091   0.16135 0.0478666
0.0607487  0.161976 0.0477869
0.0607876  0.162603  0.047704
0.0608246  0.163234 0.0476182
0.0608591  0.163865 0.0475317
0.0608921  0.164497 0.0474424
0.0609228   0.16513 0.0473524
 0.060951  0.165765 0.0472594
0.0609765  0.166403 0.0471632
0.0609999  0.167043 0.0470661
0.0610209  0.167686 0.0469656
0.0610403  0.168331 0.0468644
0.0610583   0.16898 0.0467604
 0.061075  0.169632 0.0466533
0.061096 0.170263 0.046543
0.0611157    0.1709 0.0464298
0.0611347  0.171541 0.0463146
0.0611527  0.172185 0.0461993
0.0611699  0.172833 0.0460819
0.0611863  0.173484 0.0459647
0.0612019  0.174139 0.0458455
0.0612167  0.174795 0.0457264
 0.061231  0.175455 0.0456056
0.0612446  0.176119 0.0454828
0.0612572  0.176786   0.04536
0.0612695  0.177455 0.0452353
 0.061281  0.178127 0.0451086
0.0612917  0.178802  0.044982
0.0613015   0.17948  0.044853
0.0613104  0.180159 0.0447243
 0.061319  0.180841 0.0445938
 0.061327  0.181527 0.0444613
 0.061334  0.182214 0.0443292
0.0613403  0.182904 0.0441949
0.0613458  0.183596 0.0440611
 0.061351   0.18429 0.0439257
0.0613558  0.184987 0.0437884
0.0613596  0.185685 0.0436515
0.0613633  0.186385  0.043513
 0.061366  0.187086 0.0433749
0.0613683   0.18779 0.0432349
0.0613701  0.188496 0.0430928
  0.06137  0.189206 0.0429506
0.0613669   0.18992  0.042807
0.0613602   0.19064 0.0426614
0.0613497  0.191364 0.0425164
0.0613358  0.192093 0.0423698
0.0613187  0.192824 0.0422239
0.0612977   0.19356 0.0420761
0.0612728  0.194302 0.0419265
0.0612454  0.195045 0.0417775
0.0612159  0.195791  0.041627
0.0611847  0.196538 0.0414773
0.0611516  0.197288  0.041326
0.0611169  0.198042 0.0411732
 0.061081  0.198797 0.0410214
0.0610445  0.199554 0.0408686
0.0610072  0.200311  0.040717
0.0609693  0.201072 0.0405646
0.0609309  0.201836 0.0404112
0.0608916    0.2026 0.0402591
0.0608523  0.203367 0.0401063
0.0608126  0.204136 0.0399528
 0.060772  0.204906 0.0398006
0.0607309  0.205686 0.0396465
0.0606888  0.206466 0.0394936
0.0606464  0.207254 0.0393391
0.0606036  0.208046 0.0391832
0.0605597  0.208837 0.0390285
0.0605157  0.209629 0.0388728
0.0604705  0.210418 0.0387184
0.0604249  0.211209 0.0385627
0.0603785     0.212 0.0384055
 0.060331   0.21279 0.0382494
0.0602832   0.21358 0.0380921
0.0602342  0.214368 0.0379359
0.0601846  0.215157 0.0377781
0.0601344  0.215945 0.0376186
0.0600829  0.216732 0.0374601
0.0600308  0.217519 0.0372996
0.0599776  0.218305 0.0371402
0.059924 0.219089 0.036979
0.0598694  0.219875 0.0368157
0.0598107  0.220663 0.0366535
 0.059749  0.221453 0.0364897
0.0596832  0.222244  0.036327
0.0596138  0.223038 0.0361624
0.0595409  0.223832 0.0359988
0.0594641  0.224629 0.0358331
0.0593835  0.225426  0.035665
0.0593006  0.226223 0.0354981
0.0592157  0.227019 0.0353294
0.0591288  0.227815 0.0351587
0.0590405   0.22861 0.0349892
0.0589508  0.229404 0.0348178
0.0588601  0.230197 0.0346477
0.0587688  0.230989 0.0344763
0.0586771  0.231781 0.0343035
0.0585846  0.232572 0.0341323
0.0584924  0.233362 0.0339488
0.0584009   0.23415 0.0337397
0.0583107  0.234936 0.0335019
0.0582235  0.235745 0.0331516
0.0581362   0.23655 0.0327859
0.0580494  0.237351 0.0324073
0.0579615  0.238149 0.0320375
0.0578731  0.238942 0.0316793
0.0577838   0.23973 0.0313397
0.0576931  0.240516 0.0310154
0.0576006  0.241297 0.0307143
0.0575066  0.242075 0.0304253
0.0574107  0.242848  0.030153
0.0573126  0.243619 0.0298963
 0.057213  0.244387 0.0296463
0.0571107  0.245153 0.0294078
0.0570138  0.245876 0.0292079
0.0569399  0.246591 0.0289916
0.0569207  0.247345  0.028684
0.0569808   0.24817 0.0283126
0.0571239    0.2491 0.0278565
0.0573456  0.250144 0.0273615
0.0576685  0.251327 0.0268324
0.0580487   0.25259 0.0262957
0.0584987  0.253924 0.0257614
0.0589597  0.255251 0.0252432
0.0594501  0.256566 0.0247515
0.0599003  0.257785 0.0243012
0.0603401  0.258918 0.0238828
0.0607285  0.259956 0.0234862
0.0610677  0.260879 0.0230828
 0.061338  0.261707 0.0226375
0.061555 0.262499 0.022157
0.0617003  0.263283 0.0216484
 0.061804  0.264068 0.0211745
0.0618588   0.26486 0.0207367
0.0618823  0.265657 0.0203295
0.0618571  0.266474 0.0199589
 0.061789  0.267317 0.0196233
0.0616976  0.268177 0.0193156
0.0615774   0.26905 0.0190342
0.0614409  0.269923 0.0187727
0.0612758  0.270796 0.0185323
0.0610836  0.271656 0.0183178
 0.060877  0.272503 0.0181201
0.0604952  0.273361 0.0180309
0.0600685  0.274219 0.0179946
0.0594462   0.27511 0.0184284
0.0587928  0.275972 0.0189144
0.0581339  0.276817 0.0194373
0.0574791  0.277642 0.0199739
0.0568387  0.278468 0.0205239
0.0562163  0.279281 0.0211058
0.0556115  0.280083 0.0216887
0.0550198  0.280879 0.0222533
0.0544436  0.281658 0.0228078
0.0538796  0.282429 0.0233348
0.0533225  0.283182 0.0238389
0.0527748  0.283924 0.0243131
0.0522311  0.284643 0.0247626
0.0516876  0.285338 0.0251862
0.0511516   0.28602 0.0255814
0.0506133  0.286673 0.0259489
0.0500821  0.287315 0.0262881
0.0495491   0.28793 0.0265989
0.0490244  0.288534 0.0268822
0.0484988   0.28911 0.0271369
0.0479727  0.289655 0.0273631
0.0474563  0.290188 0.0275647
0.0469412  0.290689 0.0277388
0.0464366  0.291177 0.0278904
0.0459343  0.291638 0.0280167
0.0454355  0.292067 0.0281181
0.0449469  0.292484 0.0282001
0.0444623  0.292868 0.0282594
0.0439861  0.293241 0.0283041
0.0435116  0.293585 0.0283353
0.0430476  0.293918 0.0283578
 0.042589   0.29422 0.0283717
0.0421407  0.294513 0.0283784
0.0416983  0.294773 0.0283775
0.0412626     0.295 0.0283695
0.0408359  0.295219 0.0283557
0.0404162  0.295405 0.0283353
0.0400047  0.295583 0.0283097
 0.039599  0.295735 0.0282786
0.0392003  0.295858 0.0282415
 0.038809  0.295974 0.0282003
0.0384252  0.296061 0.0281533
0.0380484  0.296143 0.0281026
0.0376781    0.2962  0.028047
0.0373158  0.296233  0.027986
  0.03696  0.296261 0.0279221
0.0366125  0.296265 0.0278528
0.0362711  0.296266 0.0277809
0.0359374  0.296246 0.0277046
0.0356143  0.296205 0.0276224
0.0352989  0.296164 0.0275378
0.0349965  0.296101  0.027448
0.0347011   0.29604 0.0273557
0.0344171  0.295962  0.027258
0.0341385  0.295886 0.0271583
0.0338717  0.295794 0.0270526
 0.033616  0.295686 0.0269409
0.0333647  0.295583 0.0268275
0.0331232  0.295466 0.0267084
0.0328903  0.295339 0.0265844
0.0326599  0.295217 0.0264595
0.0324376  0.295085 0.0263296
0.0322165   0.29496 0.0261991
0.0320028  0.294827 0.0260646
0.0317897  0.294701 0.0259298
0.0315837  0.294569 0.0257905
0.0313841  0.294432 0.0256466
0.0311849  0.294303 0.0255027
0.0309921   0.29417 0.0253541
0.0307994  0.294046 0.0252054
0.0306135  0.293921 0.0250528
0.0304343  0.293794  0.024896
0.0302554  0.293677  0.024739
0.0300834   0.29356 0.0245776
0.0299115  0.293453 0.0244162
0.0297469  0.293348 0.0242509
0.0295891  0.293246 0.0240814
0.0294315  0.293153  0.023912
0.0292807  0.293064 0.0237383
0.0291297  0.292985 0.0235647
0.0289855  0.292911 0.0233875
0.0288476  0.292842 0.0232063
0.0287093  0.292784 0.0230253
0.0285771  0.292731  0.022841
0.028444  0.29269 0.022657
0.0283163  0.292656   0.02247
0.0281931  0.292633 0.0222814
0.0280684  0.292624 0.0220945
0.0279477  0.292625  0.021906
0.0278252  0.292639  0.021719
 0.027707  0.292661 0.0215307
0.0275919  0.292692 0.0213395
0.0274737  0.292731 0.0211397
0.0273575  0.292774 0.0209236
 0.027238  0.292824 0.0206971
0.0271205  0.292877 0.0204561
0.0270051  0.292933  0.020204
0.0268876  0.292993 0.0199467
0.0267734  0.293055 0.0196834
0.0266624  0.293119 0.0194154
0.0265499  0.293187 0.0191461
0.0264409  0.293256 0.0188759
0.0263301  0.293328 0.0186052
0.0262226  0.293401 0.0183362
 0.026113  0.293478 0.0180674
 0.026006  0.293557 0.0177999
0.0259009  0.293638 0.0175353
0.0257931  0.293721 0.0172715
0.0256865  0.293808 0.0170104
0.0255765  0.293898 0.0167497
0.0254661  0.293991  0.016492
0.0253546  0.294085 0.0162376
0.0252392  0.294183  0.015984
0.0251222  0.294284 0.0157331
0.0250008  0.294389 0.0154826
0.0248764  0.294496 0.0152348
0.0247481  0.294607 0.0149901
0.0246151   0.29472 0.0147462
0.0244776  0.294836 0.0145059
0.0243352  0.294955 0.0142662
0.0241876  0.295077 0.0140304
0.024035 0.295202 0.013795
0.0238768   0.29533 0.0135594
0.0237119   0.29546  0.013324
0.0235423  0.295594 0.0130897
0.0233658  0.295729 0.0128567
 0.023185  0.295868 0.0126253
0.0229981  0.296008 0.0123957
0.0228073  0.296152 0.0121694
0.0226108  0.296299 0.0119518
0.0224083  0.296446 0.0117424
0.0222031  0.296597 0.0115408
0.0219924   0.29675 0.0113468
0.0217791  0.296906 0.0111601
0.0215598  0.297064 0.0109808
0.0213342  0.297225 0.0108087
0.021106 0.297388 0.010643
0.0208714  0.297553 0.0104841
0.0206346  0.297721 0.0103311
0.0203914  0.297891 0.0101846
0.0201458  0.298064  0.010044
 0.0198945   0.298241 0.00991025
 0.0196373    0.29842 0.00978288
 0.0193781   0.298603 0.00966064
 0.0191135   0.298788 0.00954422
 0.0188476   0.298977 0.00943236
  0.018577   0.299168 0.00932588
 0.0183058   0.299363 0.00922336
 0.0180303   0.299559 0.00912504
 0.0177546   0.299757 0.00903011
 0.0174753   0.299957 0.00893944
 0.0171922   0.300158 0.00884736
 0.0169084    0.30036 0.00875129
 0.0166208   0.300563 0.00865104
 0.0163303   0.300766 0.00854738
 0.0160404   0.300971 0.00844207
 0.0157491   0.301178 0.00833698
 0.0154596   0.301387 0.00823312
 0.0151696   0.301599 0.00813204
 0.0148803   0.301812 0.00803487
 0.0145937   0.302028 0.00794009
 0.0143087   0.302244 0.00784963
 0.0140267   0.302463 0.00776162
0.0137461  0.302681 0.0076777
 0.0134679     0.3029 0.00759814
 0.0131927   0.303121 0.00752044
 0.0129201   0.303339 0.00744606
 0.0126506    0.30356 0.00737299
  0.012383   0.303779 0.00730235
 0.0121184      0.304 0.00723257
 0.0118565   0.304217 0.00716485
 0.0115974   0.304431 0.00709822
0.0113413  0.304646 0.0070319
 0.0110881   0.304856 0.00696592
  0.010838   0.305067 0.00689999
 0.0105901   0.305275 0.00683463
 0.0103451   0.305478 0.00676877
 0.0101031    0.30568 0.00670233
0.00986426   0.305876 0.00663466
 0.0096283   0.306071 0.00656638
0.00939542   0.306261 0.00650061
0.00916635    0.30645 0.00643987
0.00894258   0.306633    0.00639
0.00872439   0.306807 0.00635137
0.00850969   0.306981  0.0063169
0.00829998   0.307147 0.00629219
0.00809266   0.307313 0.00626921
0.00788836   0.307473  0.0062522
0.00768711   0.307626 0.00624042
0.00748742   0.307779 0.00622844
0.00729016   0.307924 0.00622003
0.00709392    0.30807 0.00621021
0.00689894   0.308211  0.0062021
 0.0067053   0.308345 0.00619519
0.00651254   0.308479 0.00618651
0.00632104   0.308606  0.0061787
0.00613031   0.308734 0.00616887
0.00594026   0.308858  0.0061594
0.00575118   0.308975 0.00615024
0.00556294   0.309093 0.00613914
0.00537579   0.309204  0.0061284
0.00518947   0.309316 0.00611558
0.00500377   0.309424 0.00610279
0.00481901   0.309526 0.00609007
0.00463518    0.30963 0.00607522
0.00445241   0.309727 0.00606048
0.00427055   0.309825 0.00604344
0.00408935   0.309919 0.00602613
0.00390907   0.310008 0.00600849
0.00372977   0.310098 0.00598847
0.00355155   0.310183 0.00596822
0.00337431    0.31027 0.00594546
0.00319775   0.310352 0.00592214
 0.0030222   0.310437 0.00589627
0.00284773   0.310517 0.00586987
0.00267447   0.310592 0.00584305
0.00250245   0.310668 0.00581382
0.00233136   0.310739 0.00578404
0.00216152   0.310812 0.00575174
0.00199295   0.310879 0.00571899
0.00182598    0.31094 0.00568587
0.00166032   0.311003 0.00565033
 0.0014964   0.311059 0.00561461
 0.0013337   0.311117 0.00557633
0.00117219   0.311171 0.00553771
 0.0010122    0.31122 0.00549878
0.000853435    0.311271  0.00545731
0.000696268    0.311317  0.00541566
0.000540232    0.311366   0.0053713
0.000385279     0.31141  0.00532656
0.000231614    0.311452  0.00528133
7.90957e-05    0.311496  0.00523343
-7.20397e-05     0.311536   0.00518525
-0.000222071      0.31158   0.00513429
-0.000371202     0.311621   0.00508283
-0.000519229     0.311666   0.00502861
-0.000666084     0.311708   0.00497398
-0.000811692     0.311748   0.00491907
-0.000956097      0.31179   0.00486173
-0.00109924     0.31183   0.0048045
-0.00124121    0.311874  0.00474502
-0.00138239    0.311916  0.00468565
-0.00152252    0.311957  0.00462611
-0.00166138    0.312002   0.0045642
-0.00179906    0.312044  0.00450204
-0.00193544    0.312091  0.00443727
-0.00207093    0.312138  0.00437177
-0.00220519    0.312183  0.00430519
-0.00233789    0.312232  0.00423536
-0.0024692    0.31228 0.00416494
-0.00259891    0.312333  0.00409151
-0.00272758    0.312385  0.00401762
-0.00285489    0.312437  0.00394349
-0.00298053    0.312493  0.00386705
-0.00310463    0.312548  0.00379119
 -0.003227   0.312608 0.00371322
-0.00334828    0.312667  0.00363573
-0.00346787    0.312729  0.00355666
-0.0035861   0.312791 0.00347876
-0.00370292     0.31285  0.00340241
-0.00381811    0.312911   0.0033248
-0.00393191    0.312971  0.00324898
-0.0040442   0.313034 0.00317172
-0.00415561    0.313096   0.0030955
 -0.004266   0.313157 0.00302067
-0.00437496    0.313222  0.00294451
-0.00448292    0.313284  0.00286992
-0.00458951    0.313351  0.00279391
-0.00469554    0.313416    0.002719
-0.00480084    0.313482   0.0026452
-0.00490477    0.313551  0.00257016
-0.00500796     0.31362  0.00249662
-0.00510978    0.313692  0.00242183
-0.00521121    0.313764  0.00234816
-0.00531126    0.313839  0.00227338
-0.00541073    0.313915  0.00220004
-0.00550995     0.31399  0.00212749
-0.00560801    0.314069  0.00205346
-0.00570581    0.314146  0.00198049
-0.00580238    0.314228  0.00190615
-0.00589895     0.31431  0.00183222
-0.00599525    0.314391  0.00175941
-0.00609014    0.314476  0.00168562
-0.00618453     0.31456  0.00161336
-0.00627737    0.314648  0.00154024
-0.00636997    0.314737  0.00146793
-0.00646196    0.314825  0.00139721
-0.00655228    0.314916  0.00132589
-0.00664179    0.315007  0.00125649
-0.00672953    0.315102  0.00118655
-0.00681672    0.315196  0.00111812
-0.00690313     0.31529  0.00105112
 -0.0069877    0.315388 0.000983723
-0.00707128    0.315484 0.000918339
-0.00715287    0.315584  0.00085255
-0.00723378    0.315685 0.000787861
-0.00731361    0.315784 0.000725156
-0.00739129    0.315884 0.000662872
-0.00746759    0.315981 0.000603409
 -0.0075417    0.316079 0.000544308
-0.00761506    0.316175   0.0004875
 -0.0076863    0.316272 0.000430857
-0.00775646    0.316366 0.000376253
-0.00782535    0.316457 0.000323998
-0.00789218    0.316549 0.000271748
-0.00795838    0.316639  0.00022056
-0.00802239     0.31673 0.000169479
-0.00808593    0.316818 0.000118706
-0.00814889    0.316903 6.84329e-05
-0.00820967    0.316989  1.8305e-05
 -0.00826987     0.317071 -3.14163e-05
  -0.0083278     0.317156 -8.10075e-05
 -0.00838547     0.317238 -0.000130879
 -0.00844253     0.317318 -0.000180331
 -0.00849735     0.317399 -0.000229647
 -0.00855148     0.317477 -0.000278529
 -0.00860518     0.317553 -0.000327586
 -0.00865654     0.317632 -0.000376426
 -0.00870738     0.317708 -0.000424879
 -0.00875565     0.317786 -0.000472994
 -0.00880409     0.317861 -0.000521851
-0.00884963    0.317939 -0.00056983
 -0.00889567     0.318014 -0.000619244
 -0.00894195     0.318087 -0.000669472
 -0.00898537     0.318163 -0.000718727
-0.00902905    0.318236 -0.00076879
  -0.0090696     0.318312 -0.000817597
-0.00911023    0.318386 -0.00086728
 -0.00915083     0.318457 -0.000917524
 -0.00918841      0.31853 -0.000966478
-0.00922395    0.318605 -0.00101151
-0.00925627    0.318683 -0.00105525
-0.00928634    0.318764 -0.00109437
-0.00931341     0.31885 -0.00112768
-0.00933758    0.318938 -0.00116067
-0.00935906    0.319028 -0.00119043
-0.00937842     0.31912 -0.00122336
-0.00939648     0.31921 -0.00125733
  -0.009413    0.319299 -0.00129221
-0.00942752    0.319387  -0.0013299
-0.00944042    0.319471 -0.00136821
-0.00945132    0.319555 -0.00140914
-0.00946074    0.319635 -0.00145043
-0.00946815    0.319714 -0.00149416
-0.00947457    0.319789  -0.0015384
-0.00947978    0.319861 -0.00158286
  -0.009483    0.319932 -0.00162951
 -0.0094854    0.319998 -0.00167649
-0.00948579    0.320064 -0.00172552
-0.00948501    0.320127 -0.00177452
-0.00948392    0.320181 -0.00182704
-0.00948089    0.320235 -0.00188128
-0.00948069    0.320276  -0.0019476
-0.00947856    0.320316 -0.00201501
-0.00948062    0.320341  -0.0020961
-0.00948034    0.320366 -0.00217743
-0.00948276    0.320378 -0.00226725
-0.00948892    0.320379 -0.00238172
-0.00949323     0.32038 -0.00249132
-0.00949731    0.320378 -0.00263166
-0.00949971    0.320376 -0.00276404
-0.00950144    0.320377 -0.00290739
-0.00950293    0.320379  -0.0030736
-0.00950278     0.32038 -0.00322882
-0.00950236    0.320381 -0.00340569
-0.00950015     0.32038 -0.00356779
-0.00949697    0.320382 -0.00373425
 -0.0094901     0.32038 -0.00388286
-0.00948436    0.320376 -0.00405351
-0.0094789   0.320368 -0.0042458
-0.00946781    0.320355 -0.00441975
-0.00945434    0.320342 -0.00459274
-0.00943304    0.320322 -0.00474361
-0.00941195    0.320296  -0.0049099
-0.00939093    0.320261 -0.00509101
 -0.0093636    0.320219 -0.00525059
-0.00933398    0.320172 -0.00540561
-0.00929668    0.320114 -0.00553585
-0.00925961    0.320044 -0.00567816
-0.0092235   0.319957 -0.0058343
-0.00918156    0.319862 -0.00596765
-0.00913804    0.319756 -0.00609418
-0.00908758    0.319641 -0.00619664
-0.0090389    0.31951 -0.0063103
-0.00899282    0.319363 -0.00643666
-0.00894196    0.319207  -0.0065421
-0.00889488    0.319037  -0.0066621
-0.00884183    0.318857 -0.00675874
-0.00879065    0.318668 -0.00685422
-0.00873604    0.318464 -0.00692319
-0.00867562    0.318253  -0.0069689
-0.00861104    0.318027 -0.00697737
-0.00854136    0.317792  -0.0069651
-0.00847348    0.317547 -0.00691948
-0.00840313    0.317293 -0.00686072
-0.00833817     0.31702 -0.00676886
  -0.008281     0.31672 -0.00664503
-0.00822384    0.316413 -0.00650961
-0.00817788    0.316084 -0.00636096
-0.00813331    0.315746 -0.00620126
-0.00809875    0.315396 -0.00602969
-0.00807585    0.315028 -0.00585124
-0.00805349    0.314657 -0.00565854
-0.00804047    0.314276 -0.00546479
-0.00802059    0.313882 -0.00525724
-0.00800664    0.313488 -0.00504094
-0.00798042    0.313081 -0.00480389
-0.00795892    0.312677 -0.00456173
-0.00792936    0.312263 -0.00430003
-0.00789634    0.311835 -0.00400425
-0.00786287    0.311412 -0.00370942
-0.00782718    0.310976 -0.00337716
-0.00777192    0.310567 -0.00306401
-0.00771667    0.310149 -0.00272521
-0.00766254    0.309736  -0.0023918
-0.00761097    0.309307 -0.00202213
-0.00756298    0.308864 -0.00161438
-0.00751654    0.308423   -0.001214
 -0.00747179     0.307973 -0.000793464
  -0.0074416     0.307493 -0.000348115
-0.00740801     0.30702 9.08605e-05
-0.00737315    0.306512 0.000585381
-0.00733122    0.306013  0.00107029
-0.00728058    0.305502  0.00158573
-0.00721805    0.304972  0.00215206
-0.00714377    0.304458   0.0027054
 -0.007053   0.303926 0.00331339
-0.00693775     0.30342  0.00397557
-0.00680204    0.302917  0.00465668
-0.00665238    0.302442    0.005309
-0.00647989    0.301964  0.00599784
-0.00627768    0.301495  0.00672186
-0.00606094    0.301053  0.00741384
-0.00582338    0.300652    0.008102
-0.00557366    0.300279  0.00875155
-0.00530997    0.299927  0.00936509
-0.00503762      0.2996  0.00993762
-0.00475813    0.299299    0.010457
-0.00447664    0.299028   0.0109177
-0.00419197    0.298777    0.011337
-0.00391184    0.298551   0.0116983
-0.0036328   0.298336  0.0120219
-0.00336707    0.298133   0.0122969
-0.00311162    0.297948   0.0125172
-0.00285942    0.297773   0.0127002
-0.00261899    0.297612   0.0128301
-0.00239829    0.297457   0.0129283
-0.00221171    0.297311   0.0129858
-0.0020619   0.297176  0.0130253
-0.00193148    0.297044   0.0130787
-0.00183758     0.29692   0.0131295
-0.00176364      0.2968   0.0131868
-0.00172987    0.296687   0.0132276
-0.00171426    0.296576   0.0132648
-0.00172901    0.296473   0.0132903
-0.00191027    0.296381   0.0131152
-0.00209159    0.296289   0.0129268
-0.00228189    0.296199   0.0127108
-0.0024636   0.296104  0.0124933
-0.00264397     0.29601   0.0122714
-0.00283829    0.295911   0.0120306
-0.00302609    0.295813   0.0117875
-0.00320359    0.295716   0.0115432
-0.0033688   0.295616  0.0113013
-0.00352284     0.29552   0.0110612
-0.00366475    0.295422   0.0108224
-0.00379289    0.295328   0.0105806
-0.00390565    0.295238   0.0103321
-0.00400701    0.295147   0.0100817
-0.00409203    0.295058  0.00982184
-0.00416667    0.294969  0.00955904
-0.00422639    0.294883  0.00929035
-0.00426978    0.294799   0.0090111
-0.00430401    0.294712  0.00872845
-0.00432392    0.294622   0.0084408
-0.00432817    0.294528  0.00814679
-0.00432492    0.294429  0.00785052
-0.00430641    0.294323  0.00754796
-0.00428171    0.294213  0.00724572
-0.00424215    0.294098  0.00693969
-0.00419729     0.29398  0.00663624
-0.00413992    0.293859  0.00633342
-0.00406966    0.293734  0.00603253
-0.00399517    0.293607  0.00573553
-0.00390885    0.293476  0.00544027
-0.00381965    0.293344  0.00514993
-0.00372077    0.293208  0.00486235
-0.00361247    0.293068  0.00457537
-0.00350252    0.292928  0.00428912
-0.00338475    0.292782  0.00399746
-0.00326658    0.292636  0.00370813
-0.00314217    0.292486  0.00341735
-0.00301247     0.29233  0.00312557
-0.00288326    0.292174  0.00283789
-0.00275002    0.292011   0.0025513
-0.00261829    0.291849  0.00227127
-0.00248413    0.291679   0.0019929
-0.00234837    0.291501  0.00171763
-0.0022151   0.291318 0.00144453
-0.00208193    0.291124  0.00117487
-0.00195202    0.290928 0.000909432
-0.00182297    0.290721  0.00064961
 -0.0016974    0.290515 0.000396157
-0.00157414    0.290298 0.000153259
 -0.00145455      0.29007 -7.76222e-05
 -0.00133854     0.289842 -0.000301976
 -0.00122609     0.289605 -0.000515966
 -0.00111742      0.28937 -0.000723993
  -0.0010133     0.289125 -0.000919077
-0.00091475     0.28887 -0.00110178
-0.000819902     0.288616  -0.00128081
-0.000731202     0.288351  -0.00144857
-0.000646164     0.288087   -0.0016146
-0.000566436     0.287814  -0.00177156
-0.000493081      0.28753  -0.00191968
-0.000423058     0.287249  -0.00206743
-0.000359784     0.286955  -0.00220619
-0.000299637     0.286665  -0.00234557
-0.000245395     0.286364  -0.00247867
-0.000197601     0.286055  -0.00260194
-0.000152485     0.285748  -0.00272608
-0.000114096     0.285431  -0.00284067
-7.80379e-05     0.285117  -0.00295705
-4.78304e-05     0.284795  -0.00306695
-1.95664e-05     0.284475  -0.00317909
2.68627e-06    0.284147 -0.00328149
1.86638e-05    0.283809 -0.00337472
3.32013e-05    0.283474 -0.00347009
4.22936e-05     0.28313 -0.00355981
5.04383e-05    0.282789 -0.00365303
5.32304e-05     0.28244 -0.00373649
5.05717e-05    0.282081 -0.00381099
4.74999e-05    0.281726 -0.00388833
3.97242e-05    0.281362 -0.00395998
3.21886e-05    0.281001 -0.00403429
  2.043e-05    0.280632 -0.00409502
4.05501e-06     0.28025 -0.00414536
-1.21164e-05     0.279866  -0.00420138
-3.27022e-05     0.279467  -0.00425063
-5.26329e-05     0.279066  -0.00431102
-7.71229e-05     0.278652  -0.00438294
-0.000105915     0.278224  -0.00445922
-0.000133417     0.277798  -0.00454552
-0.000164383     0.277359  -0.00462857
-0.000192669     0.276922  -0.00471845
-0.000223276     0.276479  -0.00481368
-0.000250341     0.276039  -0.00491503
-0.000278845     0.275591  -0.00502224
-0.000303337     0.275146  -0.00513272
-0.000328528     0.274693  -0.00524401
-0.000354607     0.274231  -0.00535293
-0.000388059     0.273773  -0.00545911
-0.000433412     0.273306  -0.00555764
-0.000485077     0.272842  -0.00565185
-0.000547322     0.272372  -0.00574012
-0.000619276     0.271895  -0.00581715
-0.000695977     0.271421  -0.00588699
-0.000781036     0.270939  -0.00594241
-0.000869837      0.27046  -0.00598895
-0.000965952     0.269975   -0.0060242
 -0.0010684    0.269484 -0.00604243
-0.00117317    0.268996 -0.00604853
-0.00128195    0.268501 -0.00602808
-0.00139168    0.268009 -0.00599018
-0.00150437    0.267509 -0.00592733
   -0.00162    0.267004 -0.00584037
-0.00173263    0.266477 -0.00572647
-0.00185232    0.265968 -0.00560451
-0.00197204    0.265461 -0.00547087
-0.00209324     0.26495 -0.00531967
-0.00222174    0.264434 -0.00513876
 -0.0023529    0.263921 -0.00494205
-0.00249127    0.263405 -0.00471713
-0.00263184    0.262892 -0.00447865
-0.00277744    0.262379 -0.00421915
-0.00292853    0.261866 -0.00393819
-0.00308031    0.261354 -0.00364743
-0.00323575    0.260837 -0.00333852
-0.00339096    0.260319 -0.00302172
-0.00354685    0.259798 -0.00269418
-0.00370162    0.259276 -0.00236132
-0.00385675     0.25875  -0.0020188
-0.00400293     0.25822 -0.00168234
-0.00413355    0.257688 -0.00136492
-0.00424535    0.257149 -0.00106934
 -0.00434792     0.256609 -0.000782335
 -0.00443604     0.256062 -0.000511045
 -0.00451122     0.255516 -0.000233999
-0.00455494    0.254969 7.38904e-05
-0.00456696     0.25442 0.000416181
-0.00456399    0.253873 0.000777294
-0.00453698    0.253325  0.00115882
-0.00450031    0.252779   0.0015455
-0.00444152    0.252232  0.00192826
-0.00436335    0.251683  0.00229141
-0.00427901    0.251136  0.00264021
-0.00417726    0.250587  0.00296548
-0.00407044     0.25004  0.00327679
-0.0039475   0.249492 0.00356658
-0.0038079   0.248943 0.00383407
-0.00366318    0.248396  0.00409058
-0.00350152    0.247848  0.00432685
-0.00333502    0.247303  0.00455443
-0.00315243    0.246759  0.00476543
-0.00295346    0.246214  0.00496029
-0.00275067    0.245672  0.00514773
-0.00253261     0.24513  0.00531969
-0.00231208    0.244592   0.0054847
-0.00207818    0.244054  0.00563539
-0.00183182    0.243516  0.00577153
-0.00158476    0.242982  0.00590071
-0.00132722    0.242447  0.00601535
-0.00107045    0.241914  0.00612342
-0.000804969     0.241382   0.00621782
-0.000532154     0.240851   0.00629917
-0.000261487     0.240322   0.00637445
1.38662e-05    0.239791  0.00643588
0.000285364    0.239258  0.00649096
0.000560502    0.238722   0.0065332
0.000837782    0.238182  0.00656265
 0.0011103   0.237641 0.00658639
0.00138347   0.237097 0.00658557
0.00165115   0.236553 0.00657202
 0.0019195   0.236009 0.00653181
0.00218697   0.235465 0.00646838
0.00244832   0.234922 0.00639759
0.00270709   0.234379 0.00630875
0.00295914   0.233837 0.00621906
0.00320854   0.233296 0.00611978
0.00345342   0.232754 0.00601299
0.00369106   0.232213 0.00590889
0.00392293   0.231671 0.00580024
 0.0041472   0.231129 0.00569648
0.00436546   0.230586 0.00559069
0.00457576   0.230043 0.00549212
0.00477829   0.229498 0.00539634
0.00497195   0.228951 0.00530306
 0.0051575   0.228403 0.00521615
0.00533495   0.227854 0.00513074
0.00550459   0.227304 0.00505116
0.00566465   0.226751 0.00497387
0.00581658   0.226193  0.0048994
0.00596431   0.225635 0.00483157
0.00610619   0.225073 0.00476691
0.00624105   0.224508 0.00470603
0.00637162   0.223944 0.00465129
0.00649413   0.223376 0.00459917
0.00661211   0.222808 0.00455348
0.00672241    0.22224  0.0045118
0.00682382   0.221669 0.00447301
0.00692029     0.2211 0.00443994
0.00700736   0.220529 0.00440903
0.00708973    0.21996 0.00438394
0.00716375    0.21939 0.00436231
0.00722875    0.21882 0.00434292
0.00728905   0.218251 0.00432855
0.00734017    0.21768   0.004314
0.00738353   0.217106 0.00430064
0.00742244   0.216531 0.00429062
0.00745326   0.215953 0.00428006
0.00748025   0.215375 0.00427402
0.00750058   0.214794 0.00426837
0.00751451   0.214212 0.00426478
0.00752522   0.213631 0.00426692
0.00753056    0.21305 0.00427062
0.00753337   0.212471  0.0042812
0.00753243   0.211893 0.00429432
0.00752817   0.211314 0.00430984
0.00752211   0.210739 0.00433213
0.00751406   0.210164  0.0043562
0.00750477   0.209593 0.00438749
0.00749435   0.209023 0.00442079
0.00748401   0.208453 0.00445466
 0.0074729   0.207885 0.00449467
0.00746286   0.207318 0.00453378
0.00745246   0.206753 0.00457949
0.00742865   0.206192 0.00461238
0.00738973   0.205635 0.00462852
0.00733959   0.205082 0.00463268
0.00727829   0.204533   0.004596
0.00721393   0.203987 0.00452613
0.00714998   0.203444 0.00444744
0.00710665   0.202901 0.00434671
 0.0070853   0.202359 0.00425412
0.00709481   0.201815 0.00415553
0.00713257   0.201269 0.00405969
 0.0071883   0.200724 0.00397546
 0.0072686   0.200175 0.00389508
0.00736523   0.199627 0.00382502
0.00748354   0.199075 0.00375443
0.00762355    0.19852 0.00368349
0.00777845   0.197964 0.00361595
0.00795406   0.197404 0.00354129
 0.0081435   0.196844 0.00346785
0.00835195   0.196281 0.00338511
0.00857975   0.195713 0.00328918
0.00882011   0.195144 0.00318894
0.00909072   0.194568 0.00306795
 0.0093833   0.193991 0.00294569
0.00970758   0.193409 0.00281867
 0.0100589   0.192821 0.00268759
 0.0104227   0.192231 0.00255649
 0.0108032   0.191634 0.00242325
 0.0111859   0.191036 0.00229259
  0.011574   0.190431 0.00216274
 0.0119633    0.18982 0.00203357
 0.0123507   0.189207 0.00190609
 0.0127384   0.188589 0.00177839
 0.0131257    0.18797 0.00165001
 0.0135142   0.187346 0.00151786
 0.0139056   0.186718 0.00137993
 0.0142857   0.186091 0.00123654
 0.0146197   0.185464 0.00108201
  0.0148999    0.184837 0.000910123
  0.0151454    0.184214 0.000727165
  0.0153378     0.18359 0.000527928
  0.0155043     0.18297 0.000323289
  0.0156315    0.182348 0.000111649
   0.0157408     0.181728 -9.99624e-05
   0.0158135     0.181108 -0.000315591
    0.015855     0.180487 -0.000531041
 0.0158845   0.179869 -0.0007443
   0.015889    0.179251 -0.00095457
   0.015886    0.178636 -0.00116242
  0.0158643    0.178022 -0.00136717
  0.0158245    0.177411 -0.00156873
  0.0157791    0.176804 -0.00176951
  0.0157175      0.1762 -0.00196778
 0.0156514   0.175601 -0.0021657
  0.0155714    0.175006 -0.00236088
  0.0154774    0.174414 -0.00255335
  0.0153803    0.173827 -0.00274472
  0.0152705    0.173243 -0.00293237
  0.0151587    0.172664 -0.00311822
  0.0150361    0.172088 -0.00329943
  0.0149032    0.171516 -0.00347567
 0.0147691   0.170947 -0.0036498
  0.0146255    0.170378 -0.00381829
  0.0144738     0.16981 -0.00398131
  0.0143224    0.169244 -0.00414173
  0.0141642    0.168679 -0.00429654
  0.0140077    0.168117 -0.00444903
   0.013846    0.167556 -0.00459642
  0.0136808    0.166997 -0.00473855
  0.0135188    0.166441 -0.00487737
  0.0133549    0.165887 -0.00501857
  0.0131951    0.165336 -0.00516403
  0.0130343    0.164787 -0.00531166
  0.0128785    0.164241 -0.00546108
  0.0127246    0.163698 -0.00560759
  0.0125741    0.163158 -0.00574994
  0.0124298    0.162621 -0.00589072
  0.0122893    0.162086 -0.00602724
  0.0121546    0.161555 -0.00615653
  0.0120266    0.161026 -0.00628269
  0.0119055      0.1605 -0.00640058
  0.0117912    0.159976 -0.00651523
  0.0116833    0.159456 -0.00662362
   0.011583    0.158938 -0.00672482
  0.0114893    0.158423 -0.00682302
  0.0114023     0.15791 -0.00691668
 0.0113214   0.157399 -0.0070079
  0.0112487    0.156892 -0.00709305
  0.0111843    0.156387 -0.00717363
  0.0111256    0.155884 -0.00725232
 0.0110741   0.155383 -0.0073292
  0.0110307    0.154885 -0.00740344
  0.0109923    0.154389 -0.00747705
   0.010962    0.153894 -0.00755006
  0.0109361    0.153402 -0.00762309
   0.010917    0.152911 -0.00769747
  0.0109056    0.152422 -0.00777274
  0.0108978    0.151935 -0.00784871
  0.0108973    0.151449 -0.00792735
  0.0108999    0.150965 -0.00800714
  0.0109088    0.150482 -0.00809005
  0.0109237        0.15 -0.00817887
  0.0109404    0.149517 -0.00827133
  0.0109619    0.149032 -0.00837057
  0.0109848    0.148548 -0.00847326
  0.0110128    0.148062 -0.00858284
  0.0110453    0.147576 -0.00870013
  0.011079    0.14709 -0.0088199
   0.011117    0.146603 -0.00894708
  0.0111561    0.146117 -0.00907587
 0.0111995   0.145631 -0.0092101
   0.011247    0.145145 -0.00935056
  0.011295    0.14466 -0.0094924
  0.0113466    0.144175 -0.00964088
  0.0113982    0.143692 -0.00979061
 0.0114532   0.143208 -0.0099456
0.0115108  0.142724 -0.010107
 0.0115679   0.142242 -0.0102697
 0.0116277   0.141759 -0.0104339
 0.0116876   0.141278 -0.0105906
 0.0117507   0.140798 -0.0107415
 0.0118163   0.140318 -0.0108867
 0.0118813    0.13984 -0.0110252
 0.0119477   0.139362 -0.0111583
 0.0120152   0.138886 -0.0112863
 0.0120809   0.138411 -0.0114083
 0.0121464   0.137937 -0.0115252
 0.0122094   0.137465 -0.0116363
 0.0122716   0.136993 -0.0117427
 0.0123322   0.136523 -0.0118442
 0.0123896   0.136054 -0.0119406
 0.0124444   0.135587 -0.0120323
 0.0124957   0.135121 -0.0121191
 0.0125444   0.134656 -0.0122016
 0.0125892   0.134193 -0.0122795
0.0126302  0.133732 -0.012353
0.0126667  0.133271 -0.012422
 0.0126991   0.132812 -0.0124868
 0.0127275   0.132355 -0.0125477
 0.0127508   0.131899 -0.0126043
 0.0127699   0.131445 -0.0126572
 0.0127832   0.130991 -0.0127055
 0.0127918   0.130537 -0.0127494
 0.0127953   0.130084 -0.0127889
 0.0127927    0.12963 -0.0128236
 0.0127856   0.129176 -0.0128545
 0.0127721   0.128722 -0.0128808
 0.0127542    0.12827 -0.0129036
 0.0127309   0.127818 -0.0129226
 0.0127015   0.127366 -0.0129377
 0.0126681   0.126917 -0.0129499
 0.0126285   0.126468 -0.0129585
 0.0125852   0.126021 -0.0129646
 0.0125368   0.125576 -0.0129677
 0.0124827   0.125132 -0.0129676
 0.0124256    0.12469 -0.0129656
 0.0123635   0.124249 -0.0129609
 0.0122985   0.123811 -0.0129546
 0.0122294   0.123375 -0.0129462
  0.012156    0.12294 -0.0129357
 0.0120802   0.122507 -0.0129237
 0.0120003   0.122077 -0.0129098
 0.0119172   0.121648 -0.0128945
0.0118318  0.121222 -0.012878
0.0117431  0.120798  -0.01286
 0.0116524   0.120377 -0.0128411
 0.0115588   0.119957 -0.0128212
 0.0114626    0.11954 -0.0128002
 0.0113647   0.119125 -0.0127786
 0.0112643   0.118712 -0.0127562
 0.0111625   0.118302 -0.0127333
0.0110589  0.117893  -0.01271
 0.0109533   0.117487 -0.0126863
 0.0108466   0.117083 -0.0126623
0.0107385  0.116681 -0.012638
 0.0106291    0.11628 -0.0126137
 0.0105189   0.115882 -0.0125892
 0.0104075   0.115485 -0.0125646
 0.0102955   0.115091 -0.0125399
  0.010183   0.114698 -0.0125154
   0.01007   0.114307 -0.0124913
0.00995633   0.113917 -0.0124667
0.00983775   0.113525 -0.0124765
0.00971291   0.113131 -0.0125285
0.00959106   0.112734  -0.012616
 0.0094842   0.112337 -0.0127183
0.00938695    0.11194 -0.0128262
0.00930308   0.111542 -0.0129475
0.00922724   0.111146 -0.0130731
0.00916195   0.110749  -0.013209
0.00910721   0.110353 -0.0133556
0.00905895   0.109959 -0.0135057
0.00902023   0.109564 -0.0136659
0.00898696   0.109171 -0.0138289
0.00896142   0.108779 -0.0139999
0.00894363   0.108386 -0.0141793
0.00893014   0.107995 -0.0143608
0.00892292   0.107604 -0.0145489
0.00892199   0.107213 -0.0147439
0.00892424   0.106823 -0.0149401
0.00893197   0.106433 -0.0151425
0.00894216   0.106045 -0.0153455
0.00895487   0.105656 -0.0155501
0.00896747   0.105266  -0.015752
0.00897884   0.104877 -0.0159488
0.00898969   0.104487 -0.0161426
0.00899989   0.104096 -0.0163334
0.00900866   0.103705 -0.0165195
0.00901658   0.103315 -0.0167026
0.00902299   0.102925 -0.0168813
0.00902826   0.102534 -0.0170568
0.00903237   0.102143 -0.0172291
0.00903493   0.101754 -0.0173974
0.00903617   0.101363 -0.0175625
0.00903579   0.100974  -0.017724
0.00903378   0.100585 -0.0178821
 0.0090302   0.100196 -0.0180366
 0.009025 0.0998079 -0.018188
0.00901798    0.09942  -0.018336
0.00901252  0.0990349 -0.0185112
0.00901021  0.0986534 -0.0187287
0.00901158  0.0982745 -0.0189919
0.00901608  0.0978973 -0.0192964
0.00902131  0.0975189 -0.0196105
0.00902671  0.0971398 -0.0199208
0.00903068  0.0967593 -0.0202238
0.00903201   0.096378 -0.0205177
0.00903216  0.0959972  -0.020806
  0.009029  0.0956164 -0.0210843
0.00902481  0.0952365 -0.0213578
0.00901705  0.0948571 -0.0216212
0.00900549  0.0944785 -0.0218742
0.00899331  0.0941009 -0.0221235
0.00897752   0.093724 -0.0223629
0.00894026  0.0933457 -0.0226327
0.00888809  0.0929664 -0.0229323
0.00880489  0.0925844 -0.0232823
0.00870829  0.0922016 -0.0236534
0.00858716  0.0918164 -0.0240228
0.00844163  0.0914296 -0.0243894
0.00828821  0.0910435 -0.0247502
0.00811327  0.0906571 -0.0251041
0.00793313  0.0902722 -0.0254511
0.00773601   0.089888 -0.0257885
0.00752305  0.0895053 -0.0261151
0.00730705  0.0891246 -0.0264346
0.00707704   0.088746 -0.0267427
 0.0068456  0.0883697 -0.0270436
0.00660293  0.0879959 -0.0273335
0.00634979  0.0876248  -0.027612
0.00609655  0.0872563 -0.0278836
0.00583438  0.0868911 -0.0281436
 0.0055732  0.0865285 -0.0283969
0.00530488  0.0861691 -0.0286396
0.00503042  0.0858131  -0.028871
0.00475797    0.08546 -0.0290954
 0.0044808  0.0851102 -0.0293091
0.00419995  0.0847642 -0.0295117
0.00392225  0.0844212 -0.0297073
0.00364229  0.0840822 -0.0298921
0.00336624  0.0837463 -0.0300703
0.00308852   0.083413 -0.0302395
0.00281048   0.083082 -0.0303991
0.00253671   0.082752  -0.030553
0.00226304  0.0824239 -0.0306988
0.00199126  0.0820975 -0.0308361
0.00172451   0.081773 -0.0309681
0.00146083  0.0814509 -0.0310917
0.00120258  0.0811312 -0.0312102
0.000947407   0.0808142  -0.0313214
0.00069701  0.0805003 -0.0314252
0.000452287    0.080189  -0.0315242
0.000213093    0.079881  -0.0316162
-2.03944e-05    0.0795754   -0.0317039
-0.000248756    0.0792724   -0.0317859
-0.000470903    0.0789721   -0.0318621
-0.000687437    0.0786739   -0.0319346
-0.000897283    0.0783779   -0.0320017
-0.00110176   0.0780837  -0.0320655
-0.00130023   0.0777912  -0.0321252
-0.00149188   0.0775002  -0.0321805
-0.00167845   0.0772107  -0.0322329
-0.00185903   0.0769225  -0.0322817
-0.00203268   0.0766353  -0.0323269
-0.00220168   0.0763496  -0.0323696
-0.00236383   0.0760647  -0.0324089
-0.00252176   0.0757811   -0.032446
-0.00267301   0.0754982  -0.0324801
-0.0028204  0.0752163 -0.0325124
-0.00296204    0.074935  -0.0325427
-0.00309763   0.0746539  -0.0325708
-0.00322979   0.0743737  -0.0325974
-0.00335614   0.0740936  -0.0326221
-0.00347951   0.0738141  -0.0326455
-0.00359788   0.0735346  -0.0326677
-0.00371116   0.0732547  -0.0326884
-0.00382191   0.0729755   -0.032708
-0.00392793   0.0726958  -0.0327263
-0.00403188   0.0724167  -0.0327437
-0.00413176   0.0721371  -0.0327604
-0.00422772   0.0718569  -0.0327759
-0.00432233   0.0715762  -0.0327912
-0.00441357   0.0712927  -0.0328058
-0.00450365   0.0710077  -0.0328202
-0.00459096   0.0707199  -0.0328346
-0.00467551    0.070429  -0.0328486
-0.00475915   0.0701374  -0.0328623
-0.00484049   0.0698437  -0.0328755
-0.00491949   0.0695479   -0.032888
-0.00499789   0.0692524  -0.0329001
-0.00507437   0.0689556   -0.032911
-0.00515052   0.0686594  -0.0329215
-0.00522519   0.0683624  -0.0329314
-0.00529865   0.0680646    -0.03294
-0.00537204   0.0677676  -0.0329484
-0.00544469     0.06747  -0.0329555
-0.00551754    0.067173  -0.0329626
-0.00558992   0.0668754  -0.0329688
-0.00566232   0.0665771  -0.0329738
-0.00573506   0.0662796  -0.0329787
-0.00580813   0.0659815  -0.0329822
-0.00588171   0.0656843  -0.0329854
-0.00595573   0.0653867  -0.0329875
-0.00603061   0.0650889  -0.0329879
-0.00610605   0.0647922  -0.0329881
-0.00618253   0.0644954  -0.0329865
-0.00625966   0.0641997  -0.0329847
-0.00633797   0.0639043  -0.0329809
-0.00641776   0.0636094   -0.032975
-0.00649817   0.0633159  -0.0329686
-0.00658012   0.0630227  -0.0329601
-0.00666377   0.0627303  -0.0329494
-0.00674803   0.0624393  -0.0329383
-0.00683419   0.0621491  -0.0329245
-0.00692092   0.0618604  -0.0329103
-0.00700953   0.0615724  -0.0328937
-0.00709863    0.061286  -0.0328766
-0.00718963   0.0610006  -0.0328568
-0.00728263   0.0607166  -0.0328341
-0.00737594   0.0604342  -0.0328108
-0.00747118    0.060153  -0.0327847
-0.00756699   0.0598722  -0.0327584
-0.00766465   0.0595908  -0.0327295
-0.00776427   0.0593089   -0.032698
-0.00786387   0.0590266  -0.0326661
-0.00796512   0.0587438  -0.0326317
-0.00806617   0.0584614  -0.0325968
-0.00816849    0.058179   -0.032559
-0.00827196   0.0578972   -0.032518
 -0.008375  0.0576167 -0.0324761
-0.00847897   0.0573376  -0.0324306
-0.00858236   0.0570601  -0.0323844
-0.0086866  0.0567843 -0.0323352
-0.00879151   0.0565105  -0.0322826
-0.0088957  0.0562384 -0.0322293
-0.00900037   0.0559684  -0.0321726
-0.00910423      0.0557  -0.0321154
-0.00920861   0.0554333  -0.0320555
-0.0093133  0.0551686 -0.0319925
-0.0094171  0.0549053  -0.031929
-0.00952132   0.0546437  -0.0318627
-0.00962559   0.0543841  -0.0317936
-0.00972882   0.0541259   -0.031724
-0.00983192   0.0538698  -0.0316513
-0.0099339  0.0536151 -0.0315781
-0.0100358  0.0533623  -0.031502
-0.0101375  0.0531117 -0.0314235
-0.0102379  0.0528626 -0.0313444
-0.0103379  0.0526157 -0.0312626
-0.0104366  0.0523703 -0.0311805
 -0.010535  0.0521267 -0.0310961
-0.0106328  0.0518853 -0.0310093
-0.0107293  0.0516453 -0.0309221
-0.0108249  0.0514073 -0.0308324
-0.0109192  0.0511706 -0.0307425
-0.0110128  0.0509356 -0.0306506
-0.0111056  0.0507025 -0.0305566
-0.0111969  0.0504706 -0.0304623
-0.0112876  0.0502403 -0.0303661
-0.0113768  0.0500111 -0.0302697
-0.0114649  0.0497837 -0.0301716
 -0.011552   0.049557 -0.0300719
-0.0116376  0.0493291 -0.0299725
-0.0117221  0.0491006  -0.029872
-0.0118051  0.0488711 -0.0297707
-0.0118866  0.0486408 -0.0296697
-0.0119661  0.0484098 -0.0295676
-0.0120441  0.0481787 -0.0294656
-0.0121204  0.0479476 -0.0293622
-0.0121948  0.0477169 -0.0292577
-0.0122677  0.0474868 -0.0291532
-0.0123385  0.0472576 -0.0290474
-0.0124079   0.047029 -0.0289418
-0.0124755  0.0468015 -0.0288352
-0.0125411   0.046575 -0.0287276
-0.0126054  0.0463491 -0.0286203
-0.0126676  0.0461242 -0.0285122
-0.0127285  0.0458996 -0.0284047
-0.0127879  0.0456757 -0.0282966
-0.0128453  0.0454525  -0.028188
-0.0129016  0.0452295   -0.02808
-0.0129564   0.045007 -0.0279714
-0.0130102  0.0447849 -0.0278634
-0.0130622  0.0445632 -0.0277551
-0.0131125  0.0443422 -0.0276464
-0.0131618  0.0441215 -0.0275382
-0.0132098  0.0439015 -0.0274296
-0.0132569  0.0436817 -0.0273215
-0.0133025  0.0434627 -0.0272132
-0.0133466  0.0432443 -0.0271046
-0.0133899  0.0430263 -0.0269966
 -0.013432  0.0428089 -0.0268883
-0.0134729  0.0425922 -0.0267799
 -0.013513  0.0423757 -0.0266722
-0.0135519  0.0421598 -0.0265643
-0.0135903  0.0419442  -0.026457
-0.0136276  0.0417291 -0.0263498
 -0.013664  0.0415145 -0.0262423
-0.0136999  0.0413001 -0.0261355
-0.0137347  0.0410864 -0.0260286
-0.0137691  0.0408729 -0.0259223
-0.0138032  0.0406587 -0.0258164
-0.0138365  0.0404429 -0.0257108
-0.0138694  0.0402249 -0.0256063
-0.0139018  0.0400052 -0.0255022
-0.0139333  0.0397834 -0.0253986
-0.0139645  0.0395604 -0.0252959
-0.0139947   0.039336 -0.0251933
-0.0140245  0.0391113 -0.0250912
-0.0140536  0.0388862 -0.0249889
-0.0140817  0.0386611 -0.0248864
-0.0141096  0.0384362 -0.0247843
-0.0141365  0.0382118 -0.0246818
 -0.014163  0.0379877 -0.0245799
 -0.014189   0.037764 -0.0244778
-0.0142141  0.0375409 -0.0243755
-0.014239 0.0373179 -0.024274
-0.0142634  0.0370954 -0.0241722
-0.0142872  0.0368731 -0.0240706
-0.0143108  0.0366509 -0.0239697
-0.0143338  0.0364291 -0.0238688
-0.0143566  0.0362074 -0.0237686
-0.0143789  0.0359855 -0.0236625
-0.0144008  0.0357636  -0.023551
-0.0144225  0.0355414 -0.0234337
-0.0144438  0.0353193 -0.0233118
-0.0144648  0.0350969 -0.0231861
-0.0144854  0.0348746 -0.0230577
-0.0145055  0.0346526 -0.0229278
-0.0145254  0.0344304 -0.0227973
-0.0145446  0.0342086 -0.0226675
-0.0145635  0.0339866 -0.0225383
-0.0145818  0.0337649 -0.0224107
-0.0145995  0.0335438 -0.0222855
-0.0146168  0.0333226 -0.0221619
-0.0146334   0.033102 -0.0220402
-0.0146494   0.032882 -0.0219215
 -0.014665  0.0326621 -0.0218046
-0.0146797  0.0324431 -0.0216904
-0.0146941  0.0322243 -0.0215778
-0.0147077  0.0320064 -0.0214668
-0.0147214  0.0317877 -0.0213589
-0.0147346  0.0315678 -0.0212558
-0.0147473  0.0313467 -0.0211574
-0.0147599  0.0311239 -0.0210627
-0.0147722  0.0308999 -0.0209712
-0.0147841  0.0306749 -0.0208823
-0.0147958  0.0304493 -0.0207944
-0.0148071  0.0302235  -0.020707
-0.0148181  0.0299978 -0.0206193
-0.0148289  0.0297726 -0.0205308
-0.0148394  0.0295483 -0.0204407
-0.0148497  0.0293244   -0.02035
-0.0148597  0.0291014 -0.0202577
-0.0148695  0.0288788 -0.0201655
-0.0148791  0.0286571 -0.0200724
-0.0148883  0.0284364 -0.0199786
-0.0148974  0.0282157 -0.0198856
-0.0149063  0.0279958 -0.0197921
 -0.014915  0.0277764 -0.0196988
-0.0149236  0.0275571 -0.0196063
-0.0149319  0.0273383 -0.0195137
-0.0149401  0.0271195  -0.019422
-0.0149482  0.0269013 -0.0193299
-0.0149563  0.0266837 -0.0192377
-0.0149643  0.0264661 -0.0191463
-0.0149722  0.0262493 -0.0190545
-0.0149801  0.0260326 -0.0189635
-0.0149881  0.0258165 -0.0188726
 -0.014996  0.0256013 -0.0187813
-0.0150039  0.0253861 -0.0186911
-0.0150119  0.0251716 -0.0186006
-0.0150198  0.0249572 -0.0185111
-0.0150278  0.0247433 -0.0184215
 -0.015036    0.02453 -0.0183321
-0.0150442  0.0243166 -0.0182437
-0.0150526  0.0241037 -0.0181552
-0.0150609  0.0238907 -0.0180677
-0.0150693   0.023678 -0.0179799
-0.0150779  0.0234658 -0.0178919
-0.0150865  0.0232535 -0.0178047
-0.0150956  0.0230404 -0.0177186
 -0.015105  0.0228249 -0.0176354
-0.0151149  0.0226072 -0.0175544
-0.0151253  0.0223871 -0.0174755
-0.0151358  0.0221651 -0.0173987
-0.0151467  0.0219414 -0.0173235
-0.0151576  0.0217167 -0.0172485
-0.0151685   0.021491 -0.0171732
-0.0151793  0.0212647 -0.0170965
-0.0151897  0.0210377 -0.0170187
-0.0151999  0.0208104  -0.016939
-0.0152097  0.0205827 -0.0168575
 -0.015219  0.0203542 -0.0167753
-0.0152276  0.0201252 -0.0166914
-0.0152357  0.0198952 -0.0166072
-0.0152431  0.0196643 -0.0165219
-0.0152497  0.0194323  -0.016436
-0.0152558  0.0191991 -0.0163501
 -0.015261  0.0189646 -0.0162635
-0.0152656  0.0187288 -0.0161768
-0.0152694  0.0184918 -0.0160897
-0.0152723  0.0182535 -0.0160015
-0.0152747   0.018014 -0.0159131
-0.0152761  0.0177733 -0.0158236
 -0.015277  0.0175315 -0.0157336
 -0.015277  0.0172887 -0.0156429
-0.0152762  0.0170448  -0.015551
-0.0152748  0.0168001 -0.0154588
-0.0152727  0.0165544 -0.0153655
-0.0152697  0.0163077 -0.0152715
-0.0152662  0.0160601 -0.0151772
-0.0152617  0.0158116 -0.0150822
-0.0152568  0.0155623  -0.014987
-0.0152511  0.0153121  -0.014891
-0.0152445   0.015061 -0.0147946
-0.0152375  0.0148091  -0.014698
-0.0152295  0.0145562 -0.0146003
-0.0152212  0.0143024 -0.0145013
-0.0152121  0.0140477 -0.0144002
-0.0152023  0.0137921 -0.0142975
-0.0151926  0.0135348 -0.0141961
-0.0151828  0.0132748 -0.0140962
-0.0151734  0.0130119 -0.0139989
-0.0151638   0.012746 -0.0139039
-0.0151543  0.0124768 -0.0138114
-0.0151447  0.0122055 -0.0137199
-0.0151351   0.011932 -0.0136287
-0.0151254  0.0116569 -0.0135377
-0.0151154  0.0113808 -0.0134459
 -0.015105  0.0111033 -0.0133529
-0.0150941  0.0108248 -0.0132587
-0.0150851  0.0105453  -0.013163
-0.0150843  0.0102646 -0.0130657
-0.0150911 0.00998315 -0.0129678
-0.0151052 0.00970064 -0.0128682
-0.0151263 0.00941749 -0.0127674
-0.0151545 0.00913353 -0.0126636
-0.0151897 0.00884883 -0.0125556
-0.0152313 0.00856363  -0.012444
-0.0152796 0.00827794 -0.0123268
-0.0153349 0.00799186 -0.0122032
-0.0153955 0.00770552 -0.0120807
-0.0154624 0.00741925 -0.0119571
 -0.015534 0.00713418 -0.0118348
 -0.015611 0.00685332 -0.0117133
-0.0156933 0.00657654 -0.0115916
-0.0157794 0.00630375 -0.0114712
-0.0158704 0.00603465 -0.0113495
-0.0159648 0.00576914 -0.0112286
-0.0160638 0.00550688  -0.011107
-0.0161676 0.00524776 -0.0109837
-0.0162746 0.00499169 -0.0108608
-0.0163854 0.00473839 -0.0107361
 -0.016499 0.00448784 -0.0106113
-0.0166163 0.00423984 -0.0104835
 -0.016737 0.00399425 -0.0103522
-0.0168599 0.00375102   -0.01022
-0.0169842 0.00350974 -0.0100852
 -0.0171008  0.00326923 -0.00995201
-0.0172097 0.00302915  -0.009818
  -0.017311  0.00278932 -0.00968318
 -0.0174052  0.00254995 -0.00955007
 -0.017492 0.00231076 -0.0094165
 -0.0175711  0.00207135 -0.00928193
 -0.0176428  0.00183226 -0.00914848
-0.0177066 0.00159303 -0.0090143
 -0.0177633    0.001354 -0.00888127
 -0.0178128  0.00111455 -0.00874812
 -0.0178547 0.000874812 -0.00861488
 -0.0178901 0.000635202 -0.00848281
 -0.0179186  0.00039497 -0.00835058
  -0.017941 0.000154823 -0.00821959
  -0.0179576 -8.56287e-05  -0.00808929
  -0.0179634 -0.000326631  -0.00796007
  -0.0179526 -0.000567957   -0.0078332
  -0.0179077 -0.000810282  -0.00770997
  -0.017846  -0.0010527 -0.00758948
 -0.0177554 -0.00129616 -0.00747233
 -0.0176507 -0.00153881 -0.00734481
 -0.0175156 -0.00178113 -0.00719847
  -0.017352 -0.00202329 -0.00703663
  -0.017178 -0.00226498 -0.00686675
 -0.0169834 -0.00250683 -0.00669058
 -0.0167831 -0.00274809 -0.00650777
 -0.0165538 -0.00298322 -0.00630246
 -0.0163139 -0.00321442 -0.00608907
 -0.0160422 -0.00344097 -0.00587365
 -0.0157732 -0.00366387 -0.00567418
 -0.0155098 -0.00388564 -0.00549295
 -0.0152481  -0.0041057 -0.00533361
 -0.0149924 -0.00432547 -0.00519021
 -0.0147376 -0.00454384 -0.00506747
  -0.014489 -0.00476224 -0.00495835
 -0.0142419 -0.00498005 -0.00486747
 -0.0139976   -0.005198 -0.00479288
 -0.0137593 -0.00541629 -0.00472884
 -0.0135245 -0.00563541 -0.00467834
 -0.0132957 -0.00585512 -0.00463654
 -0.0130713 -0.00607584 -0.00460538
 -0.0128511 -0.00629786 -0.00458419
 -0.0126364 -0.00652057    -0.00457
 -0.0124262 -0.00674465 -0.00456384
 -0.0122219 -0.00697009 -0.00456262
 -0.0120235 -0.00719608 -0.00456506
 -0.0118311  -0.0074236 -0.00457069
 -0.0116441 -0.00765308 -0.00457909
 -0.0114649 -0.00788438 -0.00459308
 -0.0113003 -0.00811708 -0.00462578
 -0.0111438 -0.00834984 -0.00466671
 -0.0110016 -0.00858391 -0.00472505
 -0.0108659 -0.00881787 -0.00478858
 -0.0107411  -0.0090526 -0.00486293
-0.0106273 -0.0092881 -0.0049477
 -0.0105183  -0.0095233 -0.00503402
  -0.010419  -0.0097591 -0.00512731
  -0.010323 -0.00999448 -0.00521937
 -0.0102347  -0.0102302 -0.00531436
 -0.0101539  -0.0104662 -0.00541096
 -0.0100755  -0.0107017 -0.00550491
 -0.0100041  -0.0109376 -0.00559878
-0.00993439   -0.011173 -0.00568871
-0.00987067  -0.0114085 -0.00577647
 -0.0098082  -0.0116435 -0.00585833
-0.00975147  -0.0118784 -0.00593291
-0.00970021  -0.0121134 -0.00599994
-0.00964992  -0.0123479 -0.00606146
-0.00960493  -0.0125825 -0.00611559
-0.00956051  -0.0128167 -0.00616448
-0.00952093   -0.013051 -0.00620688
-0.00948166   -0.013285  -0.0062443
-0.00944689   -0.013519 -0.00627492
-0.0094163 -0.0137534 -0.0062988
-0.00938566  -0.0139874 -0.00631809
-0.00936151   -0.014221 -0.00633056
-0.00934371  -0.0144528 -0.00633639
-0.00933927  -0.0146828 -0.00633201
-0.00934644  -0.0149142 -0.00630956
-0.00935705   -0.015146 -0.00627294
-0.00937614  -0.0153813 -0.00621835
-0.00939565  -0.0156182 -0.00615938
-0.00942029  -0.0158597 -0.00609651
-0.00944841  -0.0161161 -0.00603028
-0.00947573  -0.0163856 -0.00596389
-0.00950413  -0.0166811 -0.00589337
-0.00953085  -0.0169888 -0.00582833
-0.00955818  -0.0173194 -0.00576735
-0.00958385  -0.0176746 -0.00569879
 -0.0096061    -0.01804 -0.00562505
-0.00962554  -0.0184262  -0.0055413
-0.00964069  -0.0188209 -0.00545097
-0.00965146  -0.0192366 -0.00534875
-0.00965677   -0.019672  -0.0052336
-0.00965746  -0.0201142 -0.00510952
-0.00965193  -0.0205743 -0.00496608
 -0.0096419  -0.0210397 -0.00481248
-0.00962685  -0.0215202 -0.00464378
-0.00960602  -0.0220155 -0.00445866
-0.00958127  -0.0225146 -0.00426534
-0.00955083  -0.0230267 -0.00405648
-0.00951695  -0.0235412 -0.00384032
-0.00947881  -0.0240666 -0.00361244
-0.00943583  -0.0246021 -0.00337108
-0.00938984  -0.0251456 -0.00312072
-0.00933991  -0.0257062 -0.00285662
-0.00928729  -0.0262735 -0.00258368
-0.00923043  -0.0268563 -0.00229554
-0.00916935    -0.02745 -0.00199359
-0.00910566  -0.0280425 -0.00168453
-0.00903822  -0.0286378 -0.00136464
-0.00896675   -0.029232 -0.00103305
 -0.00889502   -0.0298194 -0.000713471
-0.00882197  -0.0304022 -0.00040478
 -0.00874896   -0.0309769 -0.000107571
-0.00867486  -0.0315468 0.000179652
-0.00859942  -0.0321104 0.000456443
-0.00852343  -0.0326676 0.000723156
-0.00844565  -0.0332194 0.000980042
-0.00836707  -0.0337664  0.00122791
-0.00828689  -0.0343103  0.00146743
-0.00820592  -0.0348502  0.00169881
-0.00820592  -0.0348502  0.00169881
