0.0137942,-0.0490007,-6.66577e-05,0,0,0.0137891,-0.0102824
0.0137942,-0.0510194,-6.84943e-05,-6.66577e-07,0,0.0137774,-0.010137
0.0137942,-0.051798,-6.89684e-05,-2.02728e-06,0,0.0137638,-0.0104279
0.0137942,-0.0522133,-6.9017e-05,-3.40428e-06,0,0.0137497,-0.0105931
0.0137942,-0.0530258,-6.94502e-05,-4.78437e-06,0,0.0137352,-0.0109229
0.0137942,-0.0532176,-6.91866e-05,-6.17121e-06,0,0.0137203,-0.0109993
0.0137942,-0.051871,-6.72557e-05,-7.55626e-06,0,0.013705,-0.0104715
0.0137942,-0.0497045,-6.4429e-05,-8.91103e-06,0,0.0136893,-0.00964049
0.0137942,-0.046905,-6.09109e-05,-1.02137e-05,0,0.013673,-0.00856999
0.0137942,-0.0433769,-5.66054e-05,-1.14496e-05,0,0.013656,-0.007219
0.0137942,-0.0396647,-5.2097e-05,-1.26032e-05,0,0.0136382,-0.00580658
0.0137942,-0.0359371,-4.75687e-05,-1.36677e-05,0,0.0136196,-0.00439179
0.0137942,-0.032532,-4.33822e-05,-1.46417e-05,0,0.0136,-0.00310704
0.0137942,-0.027235,-3.7188e-05,-1.55303e-05,0,0.0135794,-0.00106305
0.0137942,-0.0219287,-3.09967e-05,-1.6305e-05,0,0.0135576,0.000954406
0.0137942,-0.0159397,-2.40969e-05,-1.69559e-05,0,0.0135344,0.00324293
0.0137942,-0.00917139,-1.63929e-05,-1.74723e-05,0,0.0135098,0.00583069
0.0137942,-0.00321793,-9.58465e-06,-1.78387e-05,0,0.0134837,0.00807947
0.0137942,0.00319525,-2.31899e-06,-1.80644e-05,0,0.0134558,0.0105225
0.0137942,0.0103492,5.69683e-06,-1.81471e-05,0,0.0134261,0.0132523
0.0137942,0.0152972,1.13272e-05,-1.80733e-05,0,0.0133943,0.0150877
0.0137942,0.0202723,1.695e-05,-1.78749e-05,0,0.0133603,0.0169653
0.0137942,0.0240438,2.12559e-05,-1.7564e-05,0,0.0133239,0.0183592
0.0137942,0.0284641,2.62152e-05,-1.71604e-05,0,0.0132849,0.0200278
0.0137942,0.0319078,3.00977e-05,-1.66609e-05,0,0.0132431,0.0212934
0.0137942,0.0355134,3.41149e-05,-1.60784e-05,0,0.0131982,0.0226351
0.0137942,0.0369542,3.57948e-05,-1.54162e-05,0,0.01315,0.0231062
0.0137942,0.037181,3.6156e-05,-1.47087e-05,0,0.0130982,0.0231215
0.0137942,0.0380143,3.71373e-05,-1.39873e-05,0,0.0130426,0.0233931
0.0137942,0.0373039,3.64537e-05,-1.32495e-05,0,0.0129828,0.0230341
0.0137942,0.0361859,3.53192e-05,-1.2517e-05,0,0.0129185,0.0225308
0.0137942,0.0350009,3.40989e-05,-1.1805e-05,0,0.0128494,0.0220012
0.0137942,0.0332403,3.22542e-05,-1.11169e-05,0,0.012775,0.0212367
0.0137942,0.0309422,2.98302e-05,-1.04626e-05,0,0.012695,0.0202599
0.0137942,0.028579,2.73323e-05,-9.85385e-06,0,0.0126089,0.0192583
0.0137942,0.0260505,2.46568e-05,-9.29471e-06,0,0.0125161,0.0181845
0.0137942,0.0237154,2.2187e-05,-8.7882e-06,0,0.0124163,0.0171828
0.0137942,0.0216762,2.00327e-05,-8.33211e-06,0,0.0123089,0.0162884
0.0137942,0.019675,1.79206e-05,-7.92069e-06,0,0.0121932,0.0153966
0.0137942,0.0175528,1.5683e-05,-7.55171e-06,0,0.0120686,0.0144478
0.0137942,0.0155483,1.35755e-05,-7.22687e-06,0,0.0119344,0.0135399
0.0137942,0.0143595,1.23399e-05,-6.94482e-06,0,0.0117899,0.012948
0.0137942,0.0132282,1.11685e-05,-6.69184e-06,0,0.0116343,0.0123592
0.0137942,0.0117394,9.62131e-06,-6.46262e-06,0,0.0114667,0.0116198
0.0137942,0.0110058,8.88207e-06,-6.26245e-06,0,0.0112861,0.0111813
0.0137942,0.0107149,8.61616e-06,-6.08112e-06,0,0.0110917,0.0109026
0.0137942,0.0102062,8.12062e-06,-5.90746e-06,0,0.0108822,0.0105259
0.0137942,0.0100121,7.96173e-06,-5.74257e-06,0,0.0106568,0.0102749
0.0137942,0.00979455,7.77923e-06,-5.58254e-06,0,0.0104147,0.0100076
0.0137942,0.00937791,7.38683e-06,-5.42605e-06,0,0.0101566,0.00966
0.0135252,0.00925029,7.30367e-06,-5.27635e-06,0,0.00988917,0.00943067
0.0132494,0.00921631,7.32097e-06,-5.12986e-06,0,0.00961965,0.00923469
0.0129735,0.0092164,7.37496e-06,-4.98353e-06,0,0.00935014,0.00905149
0.0126976,0.00942665,7.65225e-06,-4.8363e-06,0,0.0090812,0.00895235
0.0124217,0.00955458,7.84115e-06,-4.68464e-06,0,0.00881302,0.00881785
0.0121458,0.00972333,8.07253e-06,-4.52876e-06,0,0.00854567,0.00870169
0.0118699,0.00999932,8.41645e-06,-4.36847e-06,0,0.00827921,0.00862853
0.0115941,0.0103115,8.79671e-06,-4.20186e-06,0,0.0080137,0.00856906
0.0113182,0.0105818,9.13001e-06,-4.02782e-06,0,0.00774918,0.00849326
0.0110423,0.0104486,9.03226e-06,-3.84689e-06,0,0.00748573,0.00825797
0.0107664,0.0103922,9.01511e-06,-3.66576e-06,0,0.00722341,0.0080606
0.0104905,0.0102621,8.91833e-06,-3.48537e-06,0,0.0069623,0.00783377
0.0102146,0.00999034,8.67e-06,-3.30652e-06,0,0.00670248,0.00755271
0.00993874,0.0096678,8.3673e-06,-3.13188e-06,0,0.00644403,0.00725487
0.00966286,0.00875948,7.4425e-06,-2.96302e-06,0,0.00618706,0.00672532
0.00938698,0.00792336,6.59707e-06,-2.80954e-06,0,0.00593167,0.00623509
0.00911109,0.00757348,6.27062e-06,-2.67337e-06,0,0.00567797,0.00593959
0.00883521,0.00717436,5.89258e-06,-2.54633e-06,0,0.00542609,0.00561876
0.00855932,0.00711003,5.87096e-06,-2.42659e-06,0,0.00517615,0.00543433
0.00828344,0.00693368,5.72982e-06,-2.30906e-06,0,0.0049283,0.00520214
0.00800755,0.00670049,5.52817e-06,-2.19376e-06,0,0.00468269,0.00495127
0.00773167,0.00587717,4.7e-06,-2.08219e-06,0,0.0044395,0.00446811
0.00745578,0.00507985,3.90231e-06,-1.98405e-06,0,0.0041989,0.0040071
0.0071799,0.00442069,3.25435e-06,-1.90201e-06,0,0.0039611,0.00360385
0.00690401,0.00446324,3.35402e-06,-1.83368e-06,0,0.00372629,0.00348193
0.00662813,0.00443332,3.37615e-06,-1.7671e-06,0,0.00349471,0.00332388
0.00635224,0.0039757,2.94372e-06,-1.69969e-06,0,0.0032666,0.00300002
0.00607636,0.00292415,1.88215e-06,-1.63865e-06,0,0.00304223,0.00244976
0.00580047,0.00225572,1.23171e-06,-1.5957e-06,0,0.00282189,0.00206618
0.00552459,0.00137041,3.53913e-07,-1.56782e-06,0,0.00260588,0.00159511
0.00524871,0.000406042,-6.03695e-07,-1.55635e-06,0,0.00239453,0.0011012
0.00497282,-0.000529249,-1.52567e-06,-1.56363e-06,0,0.00218821,0.00062593
0.00469694,-0.000637139,-1.56426e-06,-1.58954e-06,0,0.00198729,0.000486867
0.00442105,-0.000504543,-1.34637e-06,-1.62063e-06,0,0.00179221,0.000437833
0.00414517,-0.000449899,-1.21142e-06,-1.64865e-06,0,0.0016034,0.000361063
0.00386928,-0.00142956,-2.17474e-06,-1.67355e-06,0,0.00142135,-0.000120087
0.0035934,-0.00277504,-3.52184e-06,-1.71223e-06,0,0.00124658,-0.000723699
0.00331751,-0.00445229,-5.21448e-06,-1.77593e-06,0,0.00107965,-0.00144615
0.00304163,-0.0053807,-6.10325e-06,-1.87176e-06,0,0.000921175,-0.00185626
0.00276574,-0.00553727,-6.1667e-06,-1.98938e-06,0,0.000771799,-0.00196133
0.00248986,-0.00552596,-6.04958e-06,-2.11239e-06,0,0.000632228,-0.00200295
0.00221397,-0.00535916,-5.76602e-06,-2.23397e-06,0,0.00050322,-0.00197701
0.00193809,-0.00588806,-6.22078e-06,-2.35071e-06,0,0.000385591,-0.00222357
0.00166221,-0.00674703,-7.02258e-06,-2.47285e-06,0,0.000280221,-0.00258413
0.00138632,-0.0076412,-7.85669e-06,-2.60929e-06,0,0.000188055,-0.00294722
0.00111044,-0.00855443,-8.70551e-06,-2.76226e-06,0,0.000110106,-0.00331178
0.000834551,-0.00924159,-9.30841e-06,-2.93212e-06,0,4.74361e-05,-0.00358115
0.000558666,-0.0100515,-1.00364e-05,-3.11528e-06,0,1.08887e-06,-0.00389942
0.000282782,-0.0109071,-1.08071e-05,-3.31237e-06,0,-2.82072e-05,-0.00423156
6.89712e-06,-0.0112201,-1.09953e-05,-3.52465e-06,0,-4.11739e-05,-0.00434482
0,-0.0114847,-1.1128e-05,-3.74362e-06,0,-4.43435e-05,-0.00444646
0,-0.0115507,-1.1046e-05,-3.96552e-06,0,-4.50037e-05,-0.00446948
0,-0.0113336,-1.06605e-05,-4.18685e-06,0,-4.52003e-05,-0.00438263
0,-0.0116016,-1.07888e-05,-4.40198e-06,0,-4.54689e-05,-0.00449401
0,-0.0123208,-1.13927e-05,-4.61712e-06,0,-4.59512e-05,-0.00477833
0,-0.0131167,-1.20726e-05,-4.84195e-06,0,-4.66863e-05,-0.0050866
0,-0.0141959,-1.3047e-05,-5.08e-06,0,-4.76873e-05,-0.00550701
0,-0.0172842,-1.61468e-05,-5.33607e-06,0,-4.89615e-05,-0.00672563
0,-0.0175299,-1.62106e-05,-5.64351e-06,0,-5.05159e-05,-0.00677857
0,-0.0168632,-1.53002e-05,-5.9674e-06,0,-5.23586e-05,-0.00651099
0,-0.0166086,-1.48261e-05,-6.27796e-06,0,-5.4499e-05,-0.0064222
0,-0.0152282,-1.31545e-05,-6.57685e-06,0,-5.69484e-05,-0.00587785
0,-0.0150331,-1.27448e-05,-6.8483e-06,0,-5.97199e-05,-0.0058244
0,-0.00985824,-7.04681e-06,-7.10524e-06,0,-6.28283e-05,-0.00376459
0,-0.00614264,-2.92137e-06,-7.27467e-06,0,-6.62904e-05,-0.00236418
0,-0.00348837,5.80525e-08,-7.35372e-06,0,-7.0125e-05,-0.00136564
0,-0.00265676,1.08618e-06,-7.36746e-06,0,-7.43529e-05,-0.00107914
0,0.00517054,9.53284e-06,-7.35088e-06,0,-7.89974e-05,0.00202837
0,0.0108157,1.56196e-05,-7.20245e-06,0,-8.40835e-05,0.00415681
0,0.00970083,1.44924e-05,-6.9205e-06,0,-8.96385e-05,0.00361866
0,0.00641636,1.10549e-05,-6.62501e-06,0,-9.56924e-05,0.00231711
0,0.000216228,4.52668e-06,-6.38673e-06,0,-0.000102279,-0.000116134
0,-0.00848211,-4.63287e-06,-6.26355e-06,0,-0.000109433,-0.00350296
0,-0.0162931,-1.28135e-05,-6.31041e-06,0,-0.000117197,-0.00649784
0,-0.0258402,-2.27998e-05,-6.52578e-06,0,-0.000125612,-0.0102002
0,-0.0315736,-2.86869e-05,-6.93184e-06,0,-0.000134726,-0.0123538
0,-0.0337085,-3.0717e-05,-7.47615e-06,0,-0.000144589,-0.0131295
0,-0.0333381,-3.00653e-05,-8.08033e-06,0,-0.000155257,-0.0129604
0,-0.0324506,-2.88542e-05,-8.6849e-06,0,-0.000166787,-0.0126237
0,-0.032506,-2.86373e-05,-9.26804e-06,0,-0.000179246,-0.0126721
0,-0.0336338,-2.95485e-05,-9.84187e-06,0,-0.000192702,-0.0131345
0,-0.0346062,-3.02795e-05,-1.04283e-05,0,-0.000207229,-0.0135187
0,-0.0359527,-3.13932e-05,-1.10302e-05,0,-0.000222909,-0.0140547
0,-0.0372056,-3.23912e-05,-1.16525e-05,0,-0.000239824,-0.0145476
0,-0.0369931,-3.18175e-05,-1.22953e-05,0,-0.000258058,-0.0144564
0,-0.0374497,-3.19451e-05,-1.29346e-05,0,-0.00027767,-0.0146543
0,-0.0393121,-3.35539e-05,-1.35728e-05,0,-0.0002986,-0.0154028
-1.67064e-05,-0.0422246,-3.62594e-05,-1.42359e-05,0,-0.00032033,-0.0165482
-5.18776e-05,-0.0455282,-3.93567e-05,-1.49475e-05,0,-0.000341902,-0.0178326
-8.70489e-05,-0.0472566,-4.07552e-05,-1.57192e-05,0,-0.000362637,-0.018481
-0.00012222,-0.0454371,-3.8367e-05,-1.65273e-05,0,-0.000382296,-0.0177357
-0.000157391,-0.0387039,-3.0759e-05,-1.73066e-05,0,-0.000400752,-0.0150814
-0.000192563,-0.0285894,-1.95838e-05,-1.79598e-05,0,-0.000417901,-0.0111509
-0.000227734,-0.0221987,-1.24057e-05,-1.84073e-05,0,-0.000433641,-0.00875816
-0.000262905,-0.0219457,-1.17754e-05,-1.86913e-05,0,-0.000447862,-0.00875816
0,-0.0392847,-2.96367e-05,-1.89395e-05,0,-2.99151e-05,-0.0153628
0,-0.0427935,-3.29334e-05,-1.97572e-05,0,-2.83004e-05,-0.0165004
0,-0.0447778,-3.45988e-05,-2.01195e-05,0,-2.63865e-05,-0.017238
0,-0.0477964,-3.73479e-05,-2.07339e-05,0,-2.45028e-05,-0.0184121
0,-0.0465156,-3.551e-05,-2.14671e-05,0,-2.27279e-05,-0.0178536
0,-0.0418602,-3.00867e-05,-2.21865e-05,0,-2.10748e-05,-0.0160134
0,-0.0372007,-2.46743e-05,-2.28154e-05,0,-1.95402e-05,-0.0142233
0,-0.0371983,-2.42246e-05,-2.33359e-05,0,-1.8117e-05,-0.0142931
0,-0.0327053,-1.90059e-05,-2.38227e-05,0,-1.67973e-05,-0.0124983
0,-0.0310953,-1.68692e-05,-2.42289e-05,0,-1.55738e-05,-0.0119236
0,-0.0310255,-1.63772e-05,-2.45769e-05,0,-1.44394e-05,-0.0119198
0,-0.0271818,-1.18819e-05,-2.49069e-05,0,-1.33877e-05,-0.0103855
0,-0.0223187,-6.32617e-06,-2.51671e-05,0,-1.24126e-05,-0.00850199
0,-0.0182281,-1.61966e-06,-2.53214e-05,0,-1.15086e-05,-0.00694255
0,-0.0124731,4.82579e-06,-2.53773e-05,0,-1.06704e-05,-0.00470668
0,-0.00813621,9.72718e-06,-2.5313e-05,0,-9.89327e-06,-0.00306265
0,-0.00514319,1.31673e-05,-2.5143e-05,0,-9.17279e-06,-0.00193355
0,-0.00380613,1.4819e-05,-2.48968e-05,0,-8.50479e-06,-0.00144515
0,-0.0052605,1.34838e-05,-2.46087e-05,0,-7.88546e-06,-0.00204611
0,-0.00701249,1.18224e-05,-2.43323e-05,0,-7.31124e-06,-0.00272317
0,-0.00896442,9.94128e-06,-2.40876e-05,0,-6.77886e-06,-0.00347554
0,-0.00941399,9.65012e-06,-2.38794e-05,0,-6.28526e-06,-0.00362493
0,-0.0111481,7.98425e-06,-2.36849e-05,0,-5.82761e-06,-0.00431029
0,-0.0131475,6.03254e-06,-2.35169e-05,0,-5.4033e-06,-0.00508195
0,-0.01467,4.58558e-06,-2.33865e-05,0,-5.0099e-06,-0.00565911
0,-0.0170223,2.25517e-06,-2.32875e-05,0,-4.64515e-06,-0.00657494
0,-0.0194817,-1.86401e-07,-2.32308e-05,0,-4.30696e-06,-0.00752084
0,-0.0214163,-2.06629e-06,-2.32223e-05,0,-3.99341e-06,-0.00825558
0,-0.0223776,-2.90923e-06,-2.32542e-05,0,-3.7027e-06,-0.00860968
0,-0.0236783,-4.11257e-06,-2.33082e-05,0,-3.43315e-06,-0.00911423
0,-0.0235257,-3.77072e-06,-2.33844e-05,0,-3.18324e-06,-0.00903323
0,-0.025763,-5.97043e-06,-2.34615e-05,0,-2.95152e-06,-0.00992888
0,-0.0282902,-8.47051e-06,-2.357e-05,0,-2.73668e-06,-0.0109037
0,-0.0307632,-1.09031e-05,-2.37269e-05,0,-2.53749e-06,-0.0118524
0,-0.0348741,-1.50635e-05,-2.39328e-05,0,-2.3528e-06,-0.013456
0,-0.0376551,-1.77916e-05,-2.42132e-05,0,-2.18155e-06,-0.0145035
0,-0.0409663,-2.10667e-05,-2.45554e-05,0,-2.02278e-06,-0.0157831
0,-0.0383133,-1.79898e-05,-2.49604e-05,0,-1.87556e-06,-0.0146729
0,-0.0383788,-1.78067e-05,-2.53356e-05,0,-1.73907e-06,-0.0147396
0,-0.0425334,-2.19612e-05,-2.56926e-05,0,-1.61251e-06,-0.0163976
0,-0.0440795,-2.33228e-05,-2.61111e-05,0,-1.49517e-06,-0.0169513
0,-0.0384752,-1.70802e-05,-2.65707e-05,0,-1.38636e-06,-0.0146896
0,-0.0290649,-6.81839e-06,-2.69435e-05,0,-1.28548e-06,-0.0110176
0,-0.0194593,3.60738e-06,-2.71312e-05,0,-1.19195e-06,-0.00732596
0,-0.019091,4.17611e-06,-2.71112e-05,0,-1.10522e-06,-0.00732596
0.000966071,-0.0362385,-1.57944e-05,-2.7039e-05,0,0.0021463,-0.0132268
0.000710673,-0.0424053,-2.2048e-05,-2.74869e-05,0,0.00198613,-0.0154668
0.000632943,-0.0449992,-2.44827e-05,-2.76872e-05,0,0.0018169,-0.0164857
0.0005219,-0.0474045,-2.67033e-05,-2.80422e-05,0,0.00165714,-0.0174747
0.000373843,-0.0465654,-2.5461e-05,-2.85652e-05,0,0.00151239,-0.0171618
0.000225787,-0.04169,-1.99302e-05,-2.90806e-05,0,0.00138446,-0.0152811
7.77298e-05,-0.0358237,-1.33647e-05,-2.95069e-05,0,0.00127326,-0.0130616
0,-0.0353136,-1.25116e-05,-2.9807e-05,0,0.00117645,-0.0129922
0,-0.0295814,-6.11714e-06,-3.00615e-05,0,0.00108977,-0.0107518
0,-0.0267783,-2.86164e-06,-3.02158e-05,0,0.00101022,-0.00975807
0,-0.0227541,1.672e-06,-3.02893e-05,0,0.000936666,-0.00822913
0,-0.0178499,7.11427e-06,-3.02786e-05,0,0.000868521,-0.00636489
0,-0.0121835,1.33335e-05,-3.01635e-05,0,0.000805349,-0.00420739
0,-0.00643093,1.96054e-05,-2.99279e-05,0,0.000746777,-0.00202501
0,-0.00174954,2.46982e-05,-2.95672e-05,0,0.000692468,-0.000269636
0,0.00147337,2.82029e-05,-2.90987e-05,0,0.00064211,0.000921617
0,0.00116879,2.79278e-05,-2.85521e-05,0,0.000595416,0.000728337
0,-0.000322092,2.63746e-05,-2.79922e-05,0,0.000552119,0.000116993
0,-0.00414462,2.23336e-05,-2.74569e-05,0,0.000511972,-0.00140576
0,-0.00881365,1.73945e-05,-2.69901e-05,0,0.000474746,-0.00322944
0,-0.0113206,1.47583e-05,-2.66175e-05,0,0.000440227,-0.00417548
0,-0.0128757,1.31325e-05,-2.63091e-05,0,0.000408219,-0.00477336
0,-0.013509,1.24825e-05,-2.60384e-05,0,0.00037854,-0.0050166
0,-0.014256,1.17056e-05,-2.57855e-05,0,0.000351019,-0.0053183
0,-0.0148305,1.11067e-05,-2.55475e-05,0,0.0003255,-0.00554846
0,-0.0158773,1.00012e-05,-2.53223e-05,0,0.000301837,-0.00596897
0,-0.0174279,8.35848e-06,-2.51168e-05,0,0.000279895,-0.00658259
0,-0.0187199,6.99115e-06,-2.49414e-05,0,0.000259549,-0.00708448
0,-0.020166,5.46095e-06,-2.47947e-05,0,0.000240683,-0.00765116
0,-0.0201234,5.51356e-06,-2.46779e-05,0,0.000223188,-0.00762036
0,-0.0201032,5.53857e-06,-2.45679e-05,0,0.000206966,-0.00762066
0,-0.0217206,3.82106e-06,-2.44572e-05,0,0.000191923,-0.00827404
0,-0.023758,1.70732e-06,-2.43722e-05,0,0.000129248,-0.00957718
0,-0.0270465,-1.72692e-06,-2.43275e-05,0,4.68033e-06,-0.0109491
0,-0.0308959,-5.74175e-06,-2.43449e-05,0,-0.000136098,-0.0125234
0,-0.0346295,-9.61442e-06,-2.44396e-05,0,-0.000281583,-0.0140392
0,-0.0375098,-1.25605e-05,-2.46125e-05,0,-0.000428797,-0.0152113
-5.89961e-05,-0.0359063,-1.07279e-05,-2.4849e-05,0,-0.000575378,-0.0146009
-0.00019781,-0.0318414,-6.28422e-06,-2.50727e-05,0,-0.00071769,-0.0130706
-0.000336625,-0.029228,-3.39726e-06,-2.52206e-05,0,-0.000853187,-0.0121519
-0.000475439,-0.0301055,-4.22776e-06,-2.5303e-05,0,-0.000981185,-0.0125992
-0.000614253,-0.0279985,-1.88535e-06,-2.53834e-05,0,-0.00110145,-0.0117954
-0.000753068,-0.0231182,3.39133e-06,-2.54328e-05,0,-0.00121385,-0.00992417
-0.000891882,-0.0192374,7.58198e-06,-2.53914e-05,0,-0.00131823,-0.00848905
-0.0010307,-0.016287,1.07619e-05,-2.52607e-05,0,-0.00141439,-0.0074049
0.000912704,-0.0407034,-1.4304e-05,-2.51091e-05,0,0.000580107,-0.0157754
0.000728775,-0.0427775,-1.64574e-05,-2.53787e-05,0,0.000501552,-0.0162636
0.000635076,-0.0435068,-1.7168e-05,-2.55901e-05,0,0.000432139,-0.0165477
0.000496261,-0.0439323,-1.75433e-05,-2.59299e-05,0,0.000371686,-0.0167238
0.000357447,-0.0418569,-1.52519e-05,-2.62789e-05,0,0.000320923,-0.0159029
0.000218633,-0.0372752,-1.03006e-05,-2.65954e-05,0,0.000280265,-0.014117
7.98183e-05,-0.0327964,-5.47322e-06,-2.68262e-05,0,0.00024966,-0.0124088
0,-0.0332428,-5.89201e-06,-2.69598e-05,0,0.000227353,-0.0126644
0,-0.03063,-3.05872e-06,-2.70755e-05,0,0.000209748,-0.0116222
0,-0.0294421,-1.74878e-06,-2.71509e-05,0,0.00019423,-0.0111951
0,-0.0277888,5.01226e-08,-2.71924e-05,0,0.000180051,-0.0105598
0,-0.0239279,4.18457e-06,-2.72004e-05,0,0.000166957,-0.00904965
0,-0.0207349,7.59015e-06,-2.71374e-05,0,0.000154828,-0.0078395
0,-0.0170379,1.1512e-05,-2.70026e-05,0,0.000143585,-0.00641748
0,-0.0133677,1.53825e-05,-2.6792e-05,0,0.00013316,-0.00501349
0,-0.0135454,1.51431e-05,-2.65037e-05,0,0.000123492,-0.0051453
0,-0.015521,1.29873e-05,-2.61996e-05,0,0.000114526,-0.00593574
0,-0.0191263,9.10261e-06,-2.59291e-05,0,0.000106212,-0.00734916
0,-0.0236495,4.2543e-06,-2.57276e-05,0,9.8501e-05,-0.00910382
0,-0.0276116,1.90879e-08,-2.56183e-05,0,9.13506e-05,-0.0106201
0,-0.0299735,-2.49975e-06,-2.55967e-05,0,8.47194e-05,-0.0115058
0,-0.028319,-7.42358e-07,-2.56341e-05,0,7.85698e-05,-0.0108118
0,-0.0257042,2.02815e-06,-2.56577e-05,0,7.28668e-05,-0.00979576
0,-0.0226195,5.28562e-06,-2.5631e-05,0,6.7578e-05,-0.00860655
0,-0.0199206,8.11789e-06,-2.55416e-05,0,6.26732e-05,-0.00757838
0,-0.0169322,1.12419e-05,-2.53934e-05,0,5.81246e-05,-0.00642856
0,-0.0157315,1.24497e-05,-2.51842e-05,0,5.39063e-05,-0.00599688
0,-0.0144779,1.37027e-05,-2.49412e-05,0,4.99942e-05,-0.00551653
0,-0.0140381,1.40797e-05,-2.46735e-05,0,4.63662e-05,-0.00536185
0,-0.0119503,1.61983e-05,-2.43937e-05,0,4.30016e-05,-0.00453646
0,-0.012983,1.49874e-05,-2.40804e-05,0,3.98813e-05,-0.00498235
0,-0.012561,1.53192e-05,-2.37746e-05,0,3.69875e-05,-0.00479939
0,-0.0145025,1.31624e-05,-2.34698e-05,0,3.36772e-06,-0.00590519
0,-0.0188589,8.44529e-06,-2.31958e-05,0,-6.99967e-05,-0.00766958
0,-0.025353,1.47529e-06,-2.30033e-05,0,-0.000154072,-0.0102493
0,-0.0312834,-4.86662e-06,-2.2939e-05,0,-0.000241529,-0.0125691
0,-0.0350325,-8.86226e-06,-2.30046e-05,0,-0.000330475,-0.0140236
-3.31738e-05,-0.0355773,-9.43291e-06,-2.31619e-05,0,-0.000419475,-0.014229
-0.000121637,-0.0294535,-2.9142e-06,-2.33477e-05,0,-0.000506197,-0.011817
-0.0002101,-0.0235094,3.39057e-06,-2.34385e-05,0,-0.000588909,-0.00957541
-0.000298564,-0.0219601,5.0034e-06,-2.34022e-05,0,-0.000667133,-0.00908245
-0.000387027,-0.0193744,7.70847e-06,-2.33102e-05,0,-0.000740698,-0.00810476
-0.000475491,-0.0160719,1.11605e-05,-2.31696e-05,0,-0.000809494,-0.00685322
-0.000563954,-0.0144356,1.28248e-05,-2.29637e-05,0,-0.000873406,-0.00627456
-0.000652417,-0.0151665,1.19632e-05,-2.27155e-05,0,-0.0009323,-0.00661243
0.00058607,-0.0470897,-2.41791e-05,-2.2459e-05,0,0.000340937,-0.0184799
0.000466644,-0.0507961,-2.80138e-05,-2.29268e-05,0,0.000292896,-0.0194515
0.000409143,-0.0513019,-2.84259e-05,-2.32718e-05,0,0.000250508,-0.0196117
0.00032068,-0.0515386,-2.85349e-05,-2.38383e-05,0,0.000213641,-0.0197087
0.000232216,-0.050319,-2.70821e-05,-2.44084e-05,0,0.000182789,-0.0192264
0.000143753,-0.0444915,-2.07291e-05,-2.49573e-05,0,0.000158236,-0.0169249
5.52896e-05,-0.0399376,-1.57438e-05,-2.54037e-05,0,0.000139981,-0.0152015
0,-0.040285,-1.59753e-05,-2.57435e-05,0,0.000127012,-0.0154149
0,-0.0367706,-1.20992e-05,-2.60618e-05,0,0.000117055,-0.0140106
0,-0.0327133,-7.65769e-06,-2.63232e-05,0,0.000108363,-0.0124483
0,-0.0293078,-3.9243e-06,-2.64985e-05,0,0.000100445,-0.0111543
0,-0.0234507,2.3966e-06,-2.65957e-05,0,9.31389e-05,-0.00887107
0,-0.0173888,8.90577e-06,-2.65794e-05,0,8.63733e-05,-0.00654332
0,-0.0116407,1.50482e-05,-2.64338e-05,0,8.01017e-05,-0.0043438
0,-0.00574133,2.1316e-05,-2.61635e-05,0,7.42863e-05,-0.00207886
0,-0.00218762,2.50545e-05,-2.57686e-05,0,6.88934e-05,-0.000752715
0,-0.0020757,2.51084e-05,-2.52862e-05,0,6.38922e-05,-0.000764848
0,-0.00450374,2.24505e-05,-2.47843e-05,0,5.92543e-05,-0.00173836
0,-0.00994891,1.65869e-05,-2.4322e-05,0,5.49532e-05,-0.00387762
0,-0.0159632,1.01332e-05,-2.39609e-05,0,5.09645e-05,-0.00619779
0,-0.019419,6.41636e-06,-2.3726e-05,0,4.72654e-05,-0.00748739
0,-0.0203561,5.38517e-06,-2.35791e-05,0,4.3835e-05,-0.0078103
0,-0.0190638,6.72245e-06,-2.34662e-05,0,4.06536e-05,-0.00728142
0,-0.0179739,7.8361e-06,-2.33385e-05,0,3.77032e-05,-0.00686741
0,-0.0173423,8.45487e-06,-2.31873e-05,0,3.49671e-05,-0.00663321
0,-0.0174477,8.28469e-06,-2.30213e-05,0,3.24296e-05,-0.00668617
0,-0.018962,6.61552e-06,-2.28548e-05,0,3.00764e-05,-0.00729036
0,-0.0198517,5.61333e-06,-2.27141e-05,0,2.7894e-05,-0.0076235
0,-0.0201633,5.22672e-06,-2.25968e-05,0,2.587e-05,-0.00773529
0,-0.0201863,5.14621e-06,-2.24903e-05,0,2.39929e-05,-0.0077406
0,-0.019697,5.60819e-06,-2.2387e-05,0,2.22522e-05,-0.00754568
0,-0.0191402,6.13794e-06,-2.22772e-05,0,2.06377e-05,-0.0073316
0,-0.0191706,6.0702e-06,-2.21571e-05,0,-1.31912e-05,-0.0076908
0,-0.0212117,3.86631e-06,-2.20353e-05,0,-8.86531e-05,-0.00856192
0,-0.0240189,8.57366e-07,-2.1947e-05,0,-0.000175399,-0.00970693
0,-0.0276355,-2.99777e-06,-2.19148e-05,0,-0.000265771,-0.0111612
0,-0.0297712,-5.26187e-06,-2.19555e-05,0,-0.000357808,-0.0120088
-3.01609e-05,-0.0294146,-4.86672e-06,-2.20494e-05,0,-0.000450101,-0.0118808
-0.000122964,-0.0244535,4.19306e-07,-2.21487e-05,0,-0.00054021,-0.00994864
-0.000215766,-0.0199319,5.21797e-06,-2.21667e-05,0,-0.000626224,-0.0082589
-0.000308569,-0.0210855,3.96994e-06,-2.20864e-05,0,-0.000707611,-0.00882494
-0.000401372,-0.021182,3.84782e-06,-2.20007e-05,0,-0.000784183,-0.0088782
-0.000494175,-0.0172593,7.99177e-06,-2.19232e-05,0,-0.000855819,-0.00733908
-0.000586978,-0.0134763,1.19671e-05,-2.1784e-05,0,-0.000922396,-0.00591371
-0.00067978,-0.0093509,1.6284e-05,-2.15646e-05,0,-0.000983769,-0.00434606
0.000619459,-0.0349634,-8.22381e-06,-2.13252e-05,0,0.000352275,-0.0136502
0.000496495,-0.0371375,-1.06388e-05,-2.14422e-05,0,0.000302149,-0.0141807
0.000433853,-0.039008,-1.27137e-05,-2.15738e-05,0,0.000257894,-0.0149097
0.00034105,-0.0431267,-1.71558e-05,-2.18177e-05,0,0.000219401,-0.0165363
0.000248247,-0.0445974,-1.87555e-05,-2.21386e-05,0,0.000187175,-0.0170692
0.000155445,-0.0420697,-1.60897e-05,-2.25057e-05,0,0.000161515,-0.0160443
6.26419e-05,-0.0396606,-1.35488e-05,-2.28408e-05,0,0.000142448,-0.0151269
0,-0.0399184,-1.38394e-05,-2.31245e-05,0,0.000129012,-0.0152718
0,-0.0365647,-1.02846e-05,-2.33998e-05,0,0.000118834,-0.0139331
0,-0.0334137,-6.95165e-06,-2.36233e-05,0,0.000109993,-0.0127304
0,-0.0308995,-4.30261e-06,-2.3779e-05,0,0.000101951,-0.0117785
0,-0.0257196,1.16993e-06,-2.38783e-05,0,9.45336e-05,-0.00975202
0,-0.0225585,4.47772e-06,-2.38822e-05,0,8.76661e-05,-0.00857237
0,-0.0206907,6.39809e-06,-2.38092e-05,0,8.13004e-05,-0.00787797
0,-0.0186866,8.45338e-06,-2.36909e-05,0,7.53977e-05,-0.00710908
0,-0.0189307,8.11015e-06,-2.35321e-05,0,6.9924e-05,-0.00723988
0,-0.0207098,6.13571e-06,-2.33682e-05,0,6.48479e-05,-0.00794899
0,-0.0239027,2.66635e-06,-2.32356e-05,0,6.01404e-05,-0.009199
0,-0.0284288,-2.20428e-06,-2.31649e-05,0,5.57749e-05,-0.0109596
0,-0.0310302,-5.00907e-06,-2.31846e-05,0,5.17264e-05,-0.011931
0,-0.0339564,-8.14292e-06,-2.32708e-05,0,4.79719e-05,-0.0130614
0,-0.0331693,-7.31591e-06,-2.3418e-05,0,4.44901e-05,-0.012704
0,-0.0318812,-5.95489e-06,-2.35684e-05,0,4.12611e-05,-0.0122032
0,-0.0290919,-3.00108e-06,-2.36943e-05,0,3.82665e-05,-0.0111105
0,-0.0260876,1.71752e-07,-2.37691e-05,0,3.54894e-05,-0.00995486
0,-0.0227279,3.70987e-06,-2.37815e-05,0,3.2914e-05,-0.00866051
0,-0.0205956,5.92949e-06,-2.3725e-05,0,3.05255e-05,-0.00786164
0,-0.0185351,8.06166e-06,-2.36175e-05,0,2.83104e-05,-0.00707251
0,-0.0180596,8.49887e-06,-2.3467e-05,0,2.62562e-05,-0.00691518
0,-0.0155086,1.11341e-05,-2.32992e-05,0,2.4351e-05,-0.00590473
0,-0.0156535,1.08917e-05,-2.30897e-05,0,2.25842e-05,-0.0060025
0,-0.0179424,8.36923e-06,-2.28706e-05,0,2.09457e-05,-0.00691506
0,-0.0196983,6.4589e-06,-2.26906e-05,0,-2.24932e-05,-0.00802054
0,-0.024049,1.80002e-06,-2.25519e-05,0,-0.000119942,-0.00980428
0,-0.0288996,-3.36995e-06,-2.24926e-05,0,-0.000232052,-0.0117464
0,-0.0333423,-8.08214e-06,-2.25342e-05,0,-0.000348902,-0.013515
0,-0.037036,-1.1974e-05,-2.26722e-05,0,-0.000467979,-0.0149872
-3.32138e-05,-0.0360586,-1.08829e-05,-2.28923e-05,0,-0.00058758,-0.0146015
-0.000153991,-0.0302086,-4.61584e-06,-2.31154e-05,0,-0.000704542,-0.012337
-0.000274769,-0.0240127,1.99656e-06,-2.3239e-05,0,-0.000816259,-0.0100043
-0.000395546,-0.0234078,2.64585e-06,-2.32322e-05,0,-0.000922007,-0.00990464
-0.000516324,-0.0216184,4.54903e-06,-2.31825e-05,0,-0.00102153,-0.00924157
-0.000637102,-0.019648,6.63454e-06,-2.3101e-05,0,-0.00111467,-0.00851962
-0.000757879,-0.0189102,7.39963e-06,-2.29788e-05,0,-0.00120127,-0.00828804
-0.000878657,-0.0193215,6.93795e-06,-2.28346e-05,0,-0.00128113,-0.00849196
0.000812229,-0.0488103,-2.67443e-05,-2.26866e-05,0,0.000457631,-0.0190657
0.00064616,-0.048996,-2.67985e-05,-2.32514e-05,0,0.000392388,-0.0186701
0.000570674,-0.0485588,-2.61837e-05,-2.35861e-05,0,0.000334761,-0.0185132
0.000449896,-0.0473439,-2.4732e-05,-2.41128e-05,0,0.000284533,-0.0180486
0.000329119,-0.0449211,-2.19915e-05,-2.46147e-05,0,0.000242408,-0.0171109
0.000208341,-0.0387068,-1.52262e-05,-2.50682e-05,0,0.000208796,-0.0146757
8.75637e-05,-0.0339841,-1.00654e-05,-2.54066e-05,0,0.000183768,-0.0128926
0,-0.0350143,-1.103e-05,-2.56337e-05,0,0.000166204,-0.0133829
0,-0.0328961,-8.64448e-06,-2.58495e-05,0,0.00015303,-0.012527
0,-0.0292552,-4.64961e-06,-2.60343e-05,0,0.000141629,-0.0111109
0,-0.0252588,-2.93557e-07,-2.61473e-05,0,0.000131269,-0.00957567
0,-0.0197281,5.67143e-06,-2.61749e-05,0,0.000121718,-0.00743288
0,-0.012433,1.34799e-05,-2.60913e-05,0,0.000112875,-0.0046087
0,-0.00530764,2.10668e-05,-2.58608e-05,0,0.000104679,-0.00187903
0,0.0033941,3.02829e-05,-2.54774e-05,0,9.7079e-05,0.00148303
0,0.00939622,3.65772e-05,-2.49178e-05,0,9.00312e-05,0.00374317
0,0.0126229,3.9878e-05,-2.42177e-05,0,8.34954e-05,0.00493663
0,0.0136116,4.07667e-05,-2.34366e-05,0,7.74343e-05,0.00527912
0,0.0125354,3.94369e-05,-2.26258e-05,0,7.18134e-05,0.00483153
0,0.0110103,3.76147e-05,-2.18304e-05,0,6.66007e-05,0.00423651
0,0.0125339,3.90171e-05,-2.1069e-05,0,6.17666e-05,0.00486597
0,0.0171301,4.36563e-05,-2.02956e-05,0,5.72835e-05,0.00667586
0,0.024018,5.06882e-05,-1.94457e-05,0,5.31259e-05,0.009354
0,0.0316158,5.84205e-05,-1.84671e-05,0,4.92703e-05,0.0122806
0,0.0377408,6.45286e-05,-1.73081e-05,0,4.56946e-05,0.0146084
0,0.0403448,6.68134e-05,-1.5177e-05,0,4.23785e-05,0.0155529
0,0.0374971,6.32918e-05,-1.44869e-05,0,3.93032e-05,0.0143743
0,0.0357823,6.09686e-05,-1.34882e-05,0,3.64512e-05,0.0137318
0,0.0400378,6.49668e-05,-1.22572e-05,0,3.38062e-05,0.0154562
0,0.0374393,6.15451e-05,-1.09779e-05,0,0.000140861,0.0154791
0,0.0336785,5.68766e-05,-9.72988e-06,0,0.000389457,0.0141996
0,0.00720371,2.80886e-05,-8.56901e-06,0,0.000676697,0.00386284
0,-0.00310585,1.65729e-05,-7.86329e-06,0,0.000976369,0.000321055
0,-0.0163001,2.0418e-06,-7.47426e-06,0,0.0012809,-0.00463021
0.000264082,-0.0217004,-4.14674e-06,-7.36077e-06,0,0.00158203,-0.00643608
0.000565891,-0.0166234,8.26083e-07,-7.41276e-06,0,0.00187143,-0.0041894
0.00129023,-0.00351753,1.43133e-05,-7.39797e-06,0,0.00214739,0.00107329
0.00156186,0.00630031,2.42587e-05,-7.20777e-06,0,0.00240854,0.00490277
0.00177312,0.0123808,3.0198e-05,-6.91787e-06,0,0.00265232,0.00728274
0.00207493,0.0215362,3.93719e-05,-6.34361e-06,0,0.00287802,0.0109301
-0.00215038,0.0327948,5.55376e-05,-5.60204e-06,0,-0.00144194,0.0122949
-0.00184858,0.0343662,5.65278e-05,-4.57212e-06,0,-0.00125383,0.012743
-0.00154677,0.0300459,5.12398e-05,-3.44651e-06,0,-0.00108542,0.0110465
-0.00124496,0.0231484,4.32216e-05,-2.39528e-06,0,-0.000937413,0.00840235
-0.000943151,0.0169949,3.60151e-05,-1.49075e-06,0,-0.000810625,0.00608741
-0.000641343,0.0118478,2.99004e-05,-7.34418e-07,0,-0.000705873,0.00415686
-0.000339534,0.0105876,2.79349e-05,-1.05836e-07,0,-0.000623691,0.00375825
-3.7726e-05,0.0113814,2.81569e-05,4.62689e-07,0,-0.000563175,0.00411667
0,0.0106607,2.67692e-05,1.02472e-06,0,-0.000517571,0.00383642
0,0.0110447,2.65598e-05,1.56704e-06,0,-0.00047874,0.00401879
0,0.00697373,2.16213e-05,2.09928e-06,0,-0.000443638,0.00240386
0,0.000607702,1.42689e-05,2.5564e-06,0,-0.000411323,-6.0513e-05
0,-0.00477658,7.99518e-06,2.87854e-06,0,-0.00038142,-0.00209882
0,-0.0114566,3.81089e-07,3.06981e-06,0,-0.000353706,-0.00467064
0,-0.014415,-3.23704e-06,3.11551e-06,0,-0.000328011,-0.00573741
0,-0.0144044,-3.67273e-06,3.06886e-06,0,-0.000304184,-0.00567649
0,-0.0111109,-6.057e-07,2.99758e-06,0,-0.000282089,-0.00435091
0,-0.00604133,4.348e-06,2.97013e-06,0,-0.0002616,-0.00236716
0,-0.0055691,4.411e-06,3.03232e-06,0,-0.0002426,-0.00224718
0,-0.00764752,1.77561e-06,3.12023e-06,0,-0.00022498,-0.00307597
0,-0.012097,-3.35542e-06,3.16892e-06,0,-0.000208641,-0.00481312
0,-0.0180469,-1.00453e-05,3.12746e-06,0,-0.000193489,-0.00711369
0,-0.0233518,-1.60064e-05,2.96001e-06,0,-0.000179437,-0.00913422
0,-0.0282074,-2.14468e-05,2.66968e-06,0,-0.000166407,-0.0109857
0,-0.0302551,-2.38621e-05,2.26795e-06,0,-0.000154323,-0.0117233
0,-0.031221,-2.50961e-05,1.80279e-06,0,-0.000143118,-0.0120723
0,-0.0342551,-2.84981e-05,1.30703e-06,0,-0.000132726,-0.0132641
0,-0.0391673,-3.38562e-05,7.54081e-07,0,-0.000123089,-0.0151746
0,-0.0471754,-4.24534e-05,1.03747e-07,0,-0.000114152,-0.0182929
0,-0.0539421,-4.96675e-05,-7.02335e-07,0,-0.000105865,-0.0208684
0,-0.0589971,-5.50019e-05,-1.65961e-06,0,-9.81789e-05,-0.0227797
0,-0.0619664,-5.80649e-05,-2.73298e-06,0,-9.10515e-05,-0.0238846
0,-0.0634261,-5.94768e-05,-3.87896e-06,0,-8.44417e-05,-0.0244188
0,-0.057918,-5.32982e-05,-5.06144e-06,0,-0.000246486,-0.0239201
0,-0.0576444,-5.26684e-05,-6.1583e-06,0,-0.000626066,-0.0241729
0,-0.0482994,-4.23784e-05,-7.21481e-06,0,-0.00106513,-0.0207156
0,-0.050546,-4.4412e-05,-8.11383e-06,0,-0.00152335,-0.0220134
0,-0.0642449,-5.85716e-05,-8.9919e-06,0,-0.00198884,-0.0276916
-0.00044866,-0.0802769,-7.51201e-05,-1.00925e-05,0,-0.00244801,-0.0341088
-0.000908824,-0.0792143,-7.34143e-05,-1.15122e-05,0,-0.002888,-0.0336456
-0.00136899,-0.0721608,-6.53182e-05,-1.2989e-05,0,-0.00330512,-0.0310333
-0.00182915,-0.0610247,-5.28894e-05,-1.43359e-05,0,-0.0036982,-0.0268639
-0.00228932,-0.042795,-3.29568e-05,-1.54558e-05,0,-0.00406666,-0.0199059
-0.00274948,-0.0267768,-1.54421e-05,-1.62146e-05,0,-0.00440994,-0.0139217
-0.00320964,-0.0187909,-6.52599e-06,-1.6611e-05,0,-0.00472738,-0.0110938
0.00323265,-0.0331289,-2.86808e-05,-1.67861e-05,0,0.00188425,-0.0123691
0.00263444,-0.0465551,-4.24381e-05,-1.7421e-05,0,0.00162228,-0.0174759
0.00231232,-0.060806,-5.70103e-05,-1.79464e-05,0,0.0013892,-0.0230422
0.00185216,-0.0792153,-7.59176e-05,-1.90137e-05,0,0.0011846,-0.0302328
0.001392,-0.0869948,-8.3433e-05,-2.04375e-05,0,0.00101084,-0.0331044
0.000931832,-0.0824086,-7.77562e-05,-2.20686e-05,0,0.00086953,-0.0311924
0.000471668,-0.0747148,-6.87725e-05,-2.36521e-05,0,0.000761593,-0.0282223
1.15041e-05,-0.0704397,-6.34301e-05,-2.50725e-05,0,0.000685502,-0.0266601
0,-0.0698655,-6.20179e-05,-2.63678e-05,0,0.000630056,-0.0265202
0,-0.0656672,-5.67451e-05,-2.76152e-05,0,0.000582812,-0.0248744
0,-0.065484,-5.57409e-05,-2.87765e-05,0,0.000540095,-0.0248857
0,-0.0637799,-5.3112e-05,-2.98963e-05,0,0.000500767,-0.0242268
0,-0.056449,-4.45073e-05,-3.09717e-05,0,0.000464372,-0.0213429
0,-0.0463357,-3.2976e-05,-3.19049e-05,0,0.000430641,-0.0174327
0,-0.0319396,-1.69435e-05,-3.26221e-05,0,0.000399366,-0.0118538
0,-0.0205176,-4.14181e-06,-3.30411e-05,0,0.000370365,-0.00752709
0,-0.0100839,7.54369e-06,-3.31879e-05,0,0.000343471,-0.00354845
0,-0.00171356,1.697e-05,-3.30955e-05,0,0.000318531,-0.000377691
0,0.000831016,2.01471e-05,-3.28032e-05,0,0.000295402,0.000499165
0,-0.000109607,1.9584e-05,-3.24162e-05,0,0.000273954,7.43296e-05
0,-0.00601183,1.37294e-05,-3.20217e-05,0,0.000254064,-0.00227767
0,-0.0121655,7.60936e-06,-3.17178e-05,0,0.000235619,-0.00465339
0,-0.0168429,3.06319e-06,-3.1535e-05,0,0.000218513,-0.00643512
0,-0.0207159,-6.25495e-07,-3.1451e-05,0,0.00020265,-0.0079176
0,-0.0228292,-2.44369e-06,-3.14451e-05,0,0.000187939,-0.00870922
0,-0.0235631,-2.80107e-06,-3.14849e-05,0,0.000174296,-0.00897641
0,-0.0264645,-5.46891e-06,-3.15391e-05,0,0.000161644,-0.0101298
0,-0.029318,-8.08387e-06,-3.16351e-05,0,0.000149912,-0.0112304
0,-0.031936,-1.04455e-05,-3.17838e-05,0,0.000139031,-0.0122374
0,-0.0332312,-1.13987e-05,-3.19809e-05,0,0.00012894,-0.0127193
0,-0.0326426,-1.03529e-05,-3.22041e-05,0,0.000119582,-0.0124689
0,-0.0302304,-7.38059e-06,-3.24163e-05,0,0.000110903,-0.0115188
0,-0.0268894,-3.44089e-06,-3.25788e-05,0,0.000102855,-0.0102254
0,-0.0224506,1.67177e-06,-3.26673e-05,0,5.98067e-05,-0.00887386
0,-0.0221425,2.36747e-06,-3.26595e-05,0,-2.86349e-05,-0.00888177
0,-0.0235474,1.23052e-06,-3.26156e-05,0,-0.000129078,-0.00950864
0,-0.0259873,-1.01086e-06,-3.25853e-05,0,-0.000233044,-0.0105196
0,-0.0311461,-6.13877e-06,-3.25943e-05,0,-0.00033811,-0.0125971
-8.58125e-05,-0.0355228,-1.04215e-05,-3.26914e-05,0,-0.000441631,-0.0143168
-0.000183884,-0.0345086,-8.96685e-06,-3.28785e-05,0,-0.000540923,-0.0138917
-0.000281955,-0.0356484,-9.80896e-06,-3.30651e-05,0,-0.000635041,-0.0144051
-0.000380027,-0.0332114,-6.85399e-06,-3.3257e-05,0,-0.000723716,-0.0134531
-0.000478098,-0.0249652,2.25155e-06,-3.34089e-05,0,-0.000806837,-0.010232
-0.00057617,-0.0198131,8.02527e-06,-3.34094e-05,0,-0.000884306,-0.00833146
-0.000674241,-0.0163103,1.20114e-05,-3.32778e-05,0,-0.00095601,-0.00703831
0.000698759,-0.0377234,-1.20486e-05,-3.30575e-05,0,0.000449266,-0.0146702
0.000571266,-0.0401691,-1.43115e-05,-3.32504e-05,0,0.000389811,-0.0153131
0.000502616,-0.041746,-1.56458e-05,-3.34395e-05,0,0.000336704,-0.0159243
0.000404545,-0.0453751,-1.9153e-05,-3.37457e-05,0,0.000289868,-0.0173631
0.000306473,-0.0455636,-1.89909e-05,-3.41112e-05,0,0.000249772,-0.0173942
0.000208402,-0.0433056,-1.62295e-05,-3.44919e-05,0,0.000216739,-0.0164991
0.00011033,-0.0401083,-1.24814e-05,-3.48303e-05,0,0.000190962,-0.0152648
1.22589e-05,-0.0376307,-9.51405e-06,-3.50986e-05,0,0.000172156,-0.0143312
0,-0.0360306,-7.49338e-06,-3.53037e-05,0,0.000158132,-0.0137362
0,-0.0307676,-1.59609e-06,-3.54637e-05,0,0.000146251,-0.0116646
0,-0.0294313,1.01256e-07,-3.55251e-05,0,0.000135527,-0.0112167
0,-0.026161,3.83697e-06,-3.55316e-05,0,0.00012566,-0.00993594
0,-0.0217959,8.7102e-06,-3.54735e-05,0,0.000116529,-0.00824728
0,-0.0174624,1.35179e-05,-3.53237e-05,0,0.000108067,-0.00658772
0,-0.0144693,1.68685e-05,-3.50774e-05,0,0.000100221,-0.00546262
0,-0.0106118,2.11074e-05,-3.47568e-05,0,9.29449e-05,-0.00397153
0,-0.00932785,2.25789e-05,-3.43558e-05,0,8.61976e-05,-0.00352112
0,-0.0095092,2.24706e-05,-3.39116e-05,0,7.99404e-05,-0.0036162
0,-0.0118196,2.00847e-05,-3.34616e-05,0,7.41376e-05,-0.00453878
0,-0.0145056,1.72937e-05,-3.3048e-05,0,6.87562e-05,-0.00557858
0,-0.0169495,1.47572e-05,-3.26882e-05,0,6.37657e-05,-0.00651571
0,-0.0202871,1.12701e-05,-3.23803e-05,0,5.91375e-05,-0.00781329
0,-0.0208583,1.07246e-05,-3.21375e-05,0,5.48455e-05,-0.00799228
0,-0.0213095,1.02993e-05,-3.19203e-05,0,5.0865e-05,-0.00816565
0,-0.0221383,9.46655e-06,-3.17122e-05,0,4.71736e-05,-0.00849142
0,-0.0230199,8.57308e-06,-3.15187e-05,0,4.37503e-05,-0.00883241
0,-0.0246542,6.8769e-06,-3.13428e-05,0,4.05754e-05,-0.00947306
0,-0.0266776,4.76846e-06,-3.11967e-05,0,3.76311e-05,-0.0102574
0,-0.0274922,3.94728e-06,-3.10908e-05,0,3.49005e-05,-0.010553
0,-0.0263395,5.2141e-06,-3.10078e-05,0,3.23682e-05,-0.0100814
0,-0.0263293,5.2581e-06,-3.09098e-05,0,3.00197e-05,-0.0100962
0,-0.0269844,4.59105e-06,-3.08049e-05,0,2.78417e-05,-0.010359
0,-0.028746,2.74805e-06,-3.07097e-05,0,2.58218e-05,-0.0110533
0,-0.0277936,3.87198e-06,-3.06455e-05,0,-6.42217e-05,-0.0115604
0,-0.0288879,2.81619e-06,-3.05737e-05,0,-0.000267954,-0.0121627
0,-0.0301846,1.54785e-06,-3.05121e-05,0,-0.000502571,-0.0128107
0,-0.0316309,1.24518e-07,-3.04748e-05,0,-0.000747071,-0.013509
0,-0.0314531,4.30551e-07,-3.04652e-05,0,-0.000995694,-0.0135485
-0.000154675,-0.0286632,3.5076e-06,-3.04581e-05,0,-0.00124305,-0.0125609
-0.000402156,-0.0190244,1.38406e-05,-3.04034e-05,0,-0.00148245,-0.00886882
-0.000649636,-0.0147865,1.83891e-05,-3.01782e-05,0,-0.00171023,-0.00742841
-0.000897117,-0.0130393,2.02636e-05,-2.98332e-05,0,-0.00192535,-0.00688988
-0.0011446,-0.0105836,2.28704e-05,-2.94373e-05,0,-0.00212739,-0.00602038
-0.00139208,-0.00967672,2.38088e-05,-2.89929e-05,0,-0.00231605,-0.00577044
-0.00163956,-0.00919369,2.42794e-05,-2.85214e-05,0,-0.00249099,-0.00565661
0.00182517,-0.0327106,-4.6877e-06,-2.80382e-05,0,0.0010604,-0.0125986
0.0014787,-0.0325144,-4.41755e-06,-2.80246e-05,0,0.000914893,-0.0121416
0.00133021,-0.0320078,-3.81791e-06,-2.8079e-05,0,0.000784686,-0.0119906
0.00108273,-0.0295809,-1.18035e-06,-2.81583e-05,0,0.000669508,-0.0110622
0.000835246,-0.0283363,1.91173e-07,-2.81951e-05,0,0.000570625,-0.0106295
0.000587766,-0.0256349,3.10301e-06,-2.81982e-05,0,0.000488908,-0.00959192
0.000340286,-0.0236903,5.19692e-06,-2.81507e-05,0,0.00042495,-0.00887501
9.28052e-05,-0.0246302,4.21617e-06,-2.80572e-05,0,0.000378393,-0.00929545
0,-0.0299165,-1.3782e-06,-2.7968e-05,0,0.000345068,-0.0114053
0,-0.0318027,-3.34034e-06,-2.79676e-05,0,0.000318478,-0.0120896
0,-0.0321751,-3.68621e-06,-2.80246e-05,0,0.000294949,-0.0122204
0,-0.0301401,-1.47359e-06,-2.80965e-05,0,0.000273426,-0.0114123
0,-0.0246015,4.44992e-06,-2.81371e-05,0,0.000253544,-0.00924125
0,-0.0179939,1.14812e-05,-2.80777e-05,0,0.000235126,-0.00669628
0,-0.0137753,1.59406e-05,-2.78832e-05,0,0.000218052,-0.00512106
0,-0.00895674,2.10096e-05,-2.75867e-05,0,0.000202219,-0.00326907
0,-0.00853942,2.13734e-05,-2.71919e-05,0,0.000187537,-0.00318325
0,-0.010128,1.95941e-05,-2.67662e-05,0,0.000173921,-0.00383051
0,-0.0144335,1.4927e-05,-2.63654e-05,0,0.000161295,-0.00553149
0,-0.0189177,1.00813e-05,-2.60436e-05,0,0.000149586,-0.00726181
0,-0.0221531,6.57613e-06,-2.58177e-05,0,0.000138727,-0.00849027
0,-0.0229622,5.65844e-06,-2.56687e-05,0,0.000128656,-0.00876861
0,-0.0228666,5.70285e-06,-2.55509e-05,0,0.000119317,-0.0087225
0,-0.0238015,4.65093e-06,-2.54371e-05,0,0.000110657,-0.00910145
0,-0.0257545,2.52098e-06,-2.53388e-05,0,0.000102625,-0.00987085
0,-0.0286007,-5.48931e-07,-2.52777e-05,0,9.51764e-05,-0.0109811
0,-0.0299972,-2.06575e-06,-2.52734e-05,0,8.82688e-05,-0.0114984
0,-0.0319854,-4.20246e-06,-2.53071e-05,0,8.18627e-05,-0.012274
0,-0.0323071,-4.55782e-06,-2.53804e-05,0,7.59218e-05,-0.0123748
0,-0.0308255,-2.99364e-06,-2.54698e-05,0,7.04122e-05,-0.0117809
0,-0.0285241,-5.6285e-07,-2.55375e-05,0,6.53027e-05,-0.010887
0,-0.0261604,1.92542e-06,-2.55609e-05,0,6.05641e-05,-0.00998064
0,-0.0248906,3.24198e-06,-2.55349e-05,0,5.61695e-05,-0.00951188
0,-0.023746,4.46705e-06,-2.54766e-05,0,3.73092e-07,-0.0096136
0,-0.0252366,2.88844e-06,-2.53934e-05,0,-0.000121899,-0.0103166
0,-0.0263492,1.7173e-06,-2.53277e-05,0,-0.000262094,-0.010826
0,-0.0287715,-8.39387e-07,-2.52875e-05,0,-0.000407928,-0.0118605
0,-0.0280762,-7.42478e-08,-2.52915e-05,0,-0.000556115,-0.0116253
-7.67817e-05,-0.0260497,2.10206e-06,-2.52968e-05,0,-0.000703798,-0.010901
-0.000223033,-0.0239125,4.38673e-06,-2.52657e-05,0,-0.000847072,-0.0101472
-0.000369284,-0.0191683,9.42829e-06,-2.51894e-05,0,-0.000983501,-0.00834817
-0.000515534,-0.0209142,7.55419e-06,-2.5026e-05,0,-0.0011124,-0.00917484
-0.000661785,-0.0190812,9.4838e-06,-2.48656e-05,0,-0.00123352,-0.00846698
-0.000808036,-0.0151721,1.36051e-05,-2.46855e-05,0,-0.00134668,-0.00697911
-0.000954287,-0.0126827,1.61953e-05,-2.4434e-05,0,-0.00145169,-0.00608438
0.00109323,-0.0308668,-5.51128e-06,-2.41231e-05,0,0.000645445,-0.0119332
0.000899443,-0.0315627,-6.22934e-06,-2.41606e-05,0,0.0005578,-0.0119235
0.000800724,-0.0319981,-6.66524e-06,-2.42411e-05,0,0.000479194,-0.0121151
0.000654473,-0.0353341,-1.01747e-05,-2.43722e-05,0,0.000409568,-0.0134607
0.000508222,-0.038816,-1.38193e-05,-2.45582e-05,0,0.000349594,-0.0148166
0.000361971,-0.0379812,-1.28585e-05,-2.48163e-05,0,0.000299767,-0.0144435
0.00021572,-0.0367441,-1.14675e-05,-2.50783e-05,0,0.000260447,-0.0139735
6.94692e-05,-0.0358767,-1.04689e-05,-2.53146e-05,0,0.000231494,-0.0136555
0,-0.036678,-1.12408e-05,-2.5529e-05,0,0.000210757,-0.0139969
0,-0.0324783,-6.69476e-06,-2.57499e-05,0,0.000194424,-0.0123149
0,-0.028655,-2.56397e-06,-2.59066e-05,0,0.000180037,-0.0108593
0,-0.0249943,1.37788e-06,-2.59785e-05,0,0.000166894,-0.00946225
0,-0.020709,5.96506e-06,-2.59707e-05,0,0.000154758,-0.00781286
0,-0.0165281,1.04184e-05,-2.58743e-05,0,0.000143516,-0.00621433
0,-0.0161989,1.07578e-05,-2.56882e-05,0,0.000133095,-0.0061519
0,-0.0159122,1.10438e-05,-2.54747e-05,0,0.000123432,-0.00604707
0,-0.0164437,1.04532e-05,-2.52553e-05,0,0.000114471,-0.00626799
0,-0.0192576,7.43553e-06,-2.50433e-05,0,0.000106161,-0.00738749
0,-0.0226366,3.82564e-06,-2.48795e-05,0,9.84547e-05,-0.00869739
0,-0.0247953,1.52359e-06,-2.47849e-05,0,9.13079e-05,-0.00951106
0,-0.0258743,3.76194e-07,-2.47429e-05,0,8.46802e-05,-0.00991202
0,-0.0288302,-2.75956e-06,-2.47297e-05,0,7.85337e-05,-0.0110788
0,-0.0284276,-2.31555e-06,-2.47692e-05,0,7.28336e-05,-0.0108755
0,-0.0275072,-1.32232e-06,-2.48177e-05,0,6.75475e-05,-0.0105166
0,-0.0266619,-4.12258e-07,-2.48491e-05,0,6.26451e-05,-0.0101955
0,-0.025648,6.73193e-07,-2.48619e-05,0,5.80988e-05,-0.00980575
0,-0.0241877,2.22766e-06,-2.48539e-05,0,5.38825e-05,-0.00924017
0,-0.0235583,2.89239e-06,-2.48171e-05,0,4.99724e-05,-0.00901306
0,-0.0223819,4.1334e-06,-2.47626e-05,0,4.63461e-05,-0.00855468
0,-0.0214193,5.14018e-06,-2.46861e-05,0,4.29831e-05,-0.00818988
0,-0.0190101,7.67576e-06,-2.45883e-05,0,3.98643e-05,-0.00724408
0,-0.0191032,7.54036e-06,-2.44475e-05,0,3.69719e-05,-0.00731954
0,-0.0183801,8.26806e-06,-2.4296e-05,0,3.42894e-05,-0.00703064
0,-0.0180873,8.56746e-06,-2.41343e-05,0,-6.47088e-06,-0.00732529
0,-0.0205237,5.96421e-06,-2.39644e-05,0,-9.64617e-05,-0.00836976
0,-0.0235431,2.75013e-06,-2.38321e-05,0,-0.000199759,-0.0096037
0,-0.0271578,-1.08362e-06,-2.37611e-05,0,-0.000307294,-0.0110637
0,-0.0291683,-3.19729e-06,-2.37636e-05,0,-0.000416717,-0.0118706
-4.10409e-05,-0.0276666,-1.57108e-06,-2.3817e-05,0,-0.000526252,-0.0112958
-0.000150483,-0.0193878,7.24513e-06,-2.38565e-05,0,-0.00063301,-0.00806432
-0.000259926,-0.0110377,1.60981e-05,-2.37557e-05,0,-0.000734847,-0.0049038
-0.000369368,-0.00862103,1.86073e-05,-2.3478e-05,0,-0.000831167,-0.00410933
-0.000478811,-0.00543022,2.19186e-05,-2.31184e-05,0,-0.000921755,-0.00291047
-0.000588253,-0.00302204,2.43741e-05,-2.26966e-05,0,-0.00100647,-0.00203166
-0.000697696,-0.00228059,2.50377e-05,-2.22214e-05,0,-0.00108518,-0.00180222
-0.000807138,-0.00349009,2.36147e-05,-2.17239e-05,0,-0.0011577,-0.00232229
0.000725056,-0.034947,-1.29173e-05,-2.12232e-05,0,0.000417795,-0.0137947
0.000725056,-0.0388403,-1.70053e-05,-2.12232e-05,0,0.00035739,-0.0148525
0.000506171,-0.0398337,-1.79871e-05,-2.15828e-05,0,0.000303688,-0.0151957
0.000396729,-0.0410033,-1.91419e-05,-2.19376e-05,0,0.000258106,-0.01566
0.000287287,-0.0407176,-1.87365e-05,-2.23147e-05,0,0.000220277,-0.0155381
0.000177844,-0.0377328,-1.54573e-05,-2.26915e-05,0,0.000190297,-0.0143589
6.84015e-05,-0.0348178,-1.22577e-05,-2.3017e-05,0,0.000168103,-0.0132475
0,-0.037187,-1.46755e-05,-2.32781e-05,0,0.000152425,-0.0142442
0,-0.0353066,-1.25649e-05,-2.35596e-05,0,0.000140448,-0.0134623
0,-0.032899,-9.89749e-06,-2.38214e-05,0,0.000130012,-0.0125345
0,-0.0311224,-7.907e-06,-2.40327e-05,0,0.00012051,-0.0118665
0,-0.026127,-2.50456e-06,-2.42008e-05,0,0.000111744,-0.00990308
0,-0.0206068,3.43279e-06,-2.42779e-05,0,0.000103627,-0.00777913
0,-0.0156964,8.69505e-06,-2.42389e-05,0,9.61026e-05,-0.00590644
0,-0.0115054,1.31658e-05,-2.40913e-05,0,8.91256e-05,-0.00431139
0,-0.0096032,1.51797e-05,-2.38504e-05,0,8.26556e-05,-0.00361909
0,-0.0100864,1.46431e-05,-2.35569e-05,0,7.66555e-05,-0.00384404
0,-0.0130781,1.14362e-05,-2.32613e-05,0,7.10912e-05,-0.00503396
0,-0.0185103,5.64393e-06,-2.30166e-05,0,6.5931e-05,-0.00715982
0,-0.0245556,-7.79666e-07,-2.28747e-05,0,6.11455e-05,-0.00949294
0,-0.0275191,-3.9055e-06,-2.28582e-05,0,5.67075e-05,-0.0105858
0,-0.0275476,-3.90107e-06,-2.29207e-05,0,5.25918e-05,-0.0105538
0,-0.0254102,-1.59538e-06,-2.29987e-05,0,4.8775e-05,-0.00970167
0,-0.0242407,-3.26342e-07,-2.30421e-05,0,4.52353e-05,-0.00926911
0,-0.0237996,1.63943e-07,-2.3055e-05,0,4.19526e-05,-0.00911243
0,-0.0235425,4.56206e-07,-2.30542e-05,0,3.89082e-05,-0.00901797
0,-0.0245788,-6.26805e-07,-2.30465e-05,0,3.60849e-05,-0.0094371
0,-0.0246867,-7.19861e-07,-2.30537e-05,0,3.34665e-05,-0.00946554
0,-0.0235541,5.0424e-07,-2.30676e-05,0,3.10383e-05,-0.0090128
0,-0.0232687,8.23218e-07,-2.30636e-05,0,2.87863e-05,-0.00891725
0,-0.0219887,2.19591e-06,-2.30488e-05,0,2.66977e-05,-0.00841148
0,-0.0203565,3.9353e-06,-2.30117e-05,0,2.47608e-05,-0.00778023
0,-0.020525,3.78861e-06,-2.29417e-05,0,-1.48878e-05,-0.00826831
0,-0.0225778,1.64005e-06,-2.28652e-05,0,-0.000103274,-0.00915148
0,-0.0246657,-5.3804e-07,-2.28216e-05,0,-0.000204866,-0.0100183
0,-0.0287703,-4.84802e-06,-2.28215e-05,0,-0.00031069,-0.0116873
0,-0.0312839,-7.44902e-06,-2.28969e-05,0,-0.000418421,-0.0126867
-4.05902e-05,-0.0304583,-6.49041e-06,-2.30329e-05,0,-0.000526297,-0.0123733
-0.000148831,-0.0293667,-5.25012e-06,-2.31675e-05,0,-0.00063146,-0.0120008
-0.000257071,-0.0265684,-2.20047e-06,-2.32787e-05,0,-0.000731787,-0.0109464
-0.000365312,-0.0297033,-5.46208e-06,-2.3338e-05,0,-0.000826686,-0.0122832
-0.000473553,-0.0293297,-4.98355e-06,-2.34309e-05,0,-0.000915942,-0.0121237
-0.000581793,-0.0244503,2.78641e-07,-2.3533e-05,0,-0.000999417,-0.0102144
-0.000690034,-0.020315,4.72823e-06,-2.35537e-05,0,-0.00107697,-0.00866705
-0.000798274,-0.0155904,9.78165e-06,-2.34814e-05,0,-0.00114843,-0.00686906
0.000717094,-0.0399751,-1.2952e-05,-2.33868e-05,0,0.000410018,-0.0155292
0.000576381,-0.0401937,-1.32156e-05,-2.36352e-05,0,0.000351701,-0.0153055
0.000500613,-0.0422346,-1.54053e-05,-2.38189e-05,0,0.000300253,-0.0161348
0.000392372,-0.0466778,-2.01257e-05,-2.4116e-05,0,0.000255581,-0.0178901
0.000284132,-0.0480674,-2.15716e-05,-2.44949e-05,0,0.00021825,-0.018387
0.000175891,-0.0449806,-1.82455e-05,-2.49191e-05,0,0.000188597,-0.0171413
6.76504e-05,-0.041327,-1.43195e-05,-2.53007e-05,0,0.000166625,-0.0157364
0,-0.0396297,-1.24775e-05,-2.56067e-05,0,0.000151094,-0.0151205
0,-0.0344557,-6.944e-06,-2.58655e-05,0,0.000139224,-0.0130857
0,-0.0302218,-2.42656e-06,-2.6032e-05,0,0.000128879,-0.011479
0,-0.027763,1.89608e-07,-2.61031e-05,0,0.000119459,-0.0105665
0,-0.0226717,5.59046e-06,-2.61124e-05,0,0.000110769,-0.00857521
0,-0.0193583,9.07897e-06,-2.60276e-05,0,0.000102723,-0.00733394
0,-0.0182624,1.01944e-05,-2.58635e-05,0,9.52635e-05,-0.00695063
0,-0.016699,1.17966e-05,-2.56652e-05,0,8.83471e-05,-0.00634641
0,-0.0175199,1.08548e-05,-2.54372e-05,0,8.19332e-05,-0.00670124
0,-0.0195868,8.58874e-06,-2.52154e-05,0,7.59852e-05,-0.00751686
0,-0.0239763,3.86197e-06,-2.50323e-05,0,7.04693e-05,-0.00924068
0,-0.0272211,3.68372e-07,-2.49315e-05,0,6.53539e-05,-0.0104716
0,-0.0281095,-6.08485e-07,-2.49066e-05,0,6.06101e-05,-0.0107789
0,-0.0320188,-4.78736e-06,-2.49139e-05,0,5.62108e-05,-0.0123285
0,-0.0318732,-4.64082e-06,-2.49888e-05,0,5.21309e-05,-0.0122124
0,-0.0293239,-1.93933e-06,-2.50823e-05,0,4.83473e-05,-0.0111985
0,-0.0248244,2.82361e-06,-2.51346e-05,0,4.48384e-05,-0.00944242
0,-0.019356,8.59524e-06,-2.51019e-05,0,4.15844e-05,-0.00732921
0,-0.0156042,1.2517e-05,-2.49589e-05,0,3.85666e-05,-0.00591625
0,-0.0130082,1.51899e-05,-2.47282e-05,0,3.57679e-05,-0.00493838
0,-0.0113168,1.68841e-05,-2.44377e-05,0,3.31724e-05,-0.00430398
0,-0.0112396,1.68496e-05,-2.41085e-05,0,3.07653e-05,-0.00430021
0,-0.00950037,1.85719e-05,-2.37714e-05,0,2.8533e-05,-0.00360794
0,-0.011747,1.6047e-05,-2.34085e-05,0,2.64627e-05,-0.00453269
0,-0.0136904,1.38471e-05,-2.3075e-05,0,2.45428e-05,-0.00527525
0,-0.0166064,1.06599e-05,-2.2787e-05,0,-2.21606e-05,-0.00688016
0,-0.0214666,5.41858e-06,-2.25579e-05,0,-0.000126732,-0.00885469
0,-0.0266064,-9.87279e-08,-2.24233e-05,0,-0.000247002,-0.0109094
0,-0.0309492,-4.7448e-06,-2.23977e-05,0,-0.000372328,-0.0126384
0,-0.0343904,-8.40973e-06,-2.24694e-05,0,-0.000499986,-0.0140158
-4.19065e-05,-0.0364418,-1.05774e-05,-2.26192e-05,0,-0.000628015,-0.0148475
-0.00017085,-0.0324917,-6.35661e-06,-2.28199e-05,0,-0.000753025,-0.013299
-0.000299793,-0.0281544,-1.73664e-06,-2.29682e-05,0,-0.000872358,-0.0116828
-0.000428736,-0.0286654,-2.28038e-06,-2.3026e-05,0,-0.000985276,-0.0120035
-0.000557679,-0.0268626,-3.62845e-07,-2.30689e-05,0,-0.00109152,-0.0113207
-0.000686622,-0.0247241,1.90455e-06,-2.30857e-05,0,-0.00119091,-0.0105342
-0.000815566,-0.0247451,1.86987e-06,-2.3059e-05,0,-0.00128328,-0.0106103
-0.000944509,-0.0241949,2.44145e-06,-2.30214e-05,0,-0.00136843,-0.0104205
0.000860696,-0.0502704,-2.67448e-05,-2.2984e-05,0,0.000488022,-0.0195498
0.000683399,-0.0484696,-2.47255e-05,-2.35764e-05,0,0.000418542,-0.0184271
0.000602809,-0.0470549,-2.31162e-05,-2.38956e-05,0,0.000357225,-0.0179117
0.000473866,-0.0464442,-2.23541e-05,-2.4366e-05,0,0.000303844,-0.0177041
0.000344923,-0.0440763,-1.97173e-05,-2.48169e-05,0,0.000259146,-0.0167799
0.00021598,-0.0391935,-1.44109e-05,-2.52244e-05,0,0.00022356,-0.0148761
8.70366e-05,-0.0361848,-1.11086e-05,-2.55391e-05,0,0.00019713,-0.0137576
0,-0.0371822,-1.20681e-05,-2.57778e-05,0,0.000178519,-0.014209
0,-0.0346283,-9.24792e-06,-2.60144e-05,0,0.000164431,-0.0131801
0,-0.0329406,-7.35528e-06,-2.62134e-05,0,0.000152196,-0.0125509
0,-0.0324236,-6.71088e-06,-2.637e-05,0,0.000141068,-0.0123756
0,-0.0296223,-3.642e-06,-2.65075e-05,0,0.000130805,-0.0112698
0,-0.0237629,2.66148e-06,-2.65956e-05,0,0.000121302,-0.00897746
0,-0.0168901,1.00122e-05,-2.65739e-05,0,0.000112494,-0.00632691
0,-0.00728556,2.02262e-05,-2.64104e-05,0,0.000104327,-0.00260076
0,0.000175989,2.81111e-05,-2.6057e-05,0,9.67526e-05,0.000228096
0,0.00499166,3.31383e-05,-2.55342e-05,0,8.97288e-05,0.00203347
0,0.00643014,3.45405e-05,-2.48966e-05,0,8.32151e-05,0.00253101
0,0.00516632,3.30487e-05,-2.42128e-05,0,7.71745e-05,0.00200142
0,0.00188237,2.94002e-05,-2.35443e-05,0,7.15727e-05,0.000706732
0,-0.000920407,2.62618e-05,-2.29381e-05,0,6.63776e-05,-0.000364667
0,-0.00271875,2.41892e-05,-2.23972e-05,0,6.15598e-05,-0.00104216
0,-0.00479667,2.18164e-05,-2.1903e-05,0,5.70919e-05,-0.00184651
0,-0.00778118,1.84806e-05,-2.14548e-05,0,5.29483e-05,-0.00300845
0,-0.0114156,1.44604e-05,-2.10685e-05,0,4.91057e-05,-0.00441591
0,-0.014604,1.09244e-05,-2.07592e-05,0,4.55421e-05,-0.00563515
0,-0.0190165,6.09984e-06,-2.0523e-05,0,4.22372e-05,-0.00734991
0,-0.022859,1.89934e-06,-2.03769e-05,0,3.91722e-05,-0.00881818
0,-0.0261185,-1.66349e-06,-2.03179e-05,0,3.63298e-05,-0.0100623
0,-0.0286094,-4.39217e-06,-2.03334e-05,0,3.36937e-05,-0.0110083
0,-0.0295412,-5.44942e-06,-2.04076e-05,0,3.1249e-05,-0.0113434
0,-0.0292618,-5.21091e-06,-2.05113e-05,0,2.89817e-05,-0.0112186
0,-0.0293673,-5.32721e-06,-2.06167e-05,0,-2.58643e-05,-0.0118171
0,-0.0305695,-6.60156e-06,-2.07227e-05,0,-0.000148652,-0.0123877
0,-0.0310512,-7.09945e-06,-2.08483e-05,0,-0.00028987,-0.0126516
0,-0.0329369,-9.07972e-06,-2.09878e-05,0,-0.000437025,-0.0134837
0,-0.0334185,-9.55426e-06,-2.11595e-05,0,-0.000586915,-0.0137289
-4.92021e-05,-0.0316774,-7.66006e-06,-2.13482e-05,0,-0.000737242,-0.0131029
-0.000200593,-0.0299336,-5.76512e-06,-2.15109e-05,0,-0.000884022,-0.0125041
-0.000351984,-0.0280478,-3.72279e-06,-2.16357e-05,0,-0.00102414,-0.0118427
-0.000503376,-0.0302846,-6.06277e-06,-2.17203e-05,0,-0.00115672,-0.0128236
-0.000654767,-0.0271831,-2.72189e-06,-2.18299e-05,0,-0.00128146,-0.0116036
-0.000806158,-0.0201713,4.75888e-06,-2.1901e-05,0,-0.00139816,-0.00889798
-0.000957549,-0.0137336,1.15975e-05,-2.18433e-05,0,-0.00150662,-0.0064757
-0.00110894,-0.00729832,1.83996e-05,-2.16455e-05,0,-0.0016066,-0.00404001
0.00101054,-0.0279771,5.98381e-07,-2.14136e-05,0,0.000573041,-0.0107909
0.000802373,-0.0306024,-2.37857e-06,-2.13421e-05,0,0.00049146,-0.0116063
0.000707754,-0.0329568,-5.04905e-06,-2.1357e-05,0,0.000419465,-0.0125319
0.000556362,-0.0378357,-1.03805e-05,-2.14446e-05,0,0.000356787,-0.0144614
0.000404971,-0.0406453,-1.34823e-05,-2.16255e-05,0,0.000304304,-0.0155226
0.00025358,-0.0387159,-1.15277e-05,-2.18797e-05,0,0.00026252,-0.0147206
0.000102189,-0.0362207,-8.96917e-06,-2.212e-05,0,0.000231486,-0.0137633
0,-0.0360246,-8.85261e-06,-2.23122e-05,0,0.000209632,-0.0137314
0,-0.031769,-4.41771e-06,-2.24898e-05,0,0.000193089,-0.0120424
0,-0.0272802,2.5327e-07,-2.26003e-05,0,0.000178722,-0.0103217
0,-0.0250035,2.56017e-06,-2.26186e-05,0,0.000165654,-0.00948756
0,-0.0200939,7.6551e-06,-2.2579e-05,0,0.000153602,-0.00756765
0,-0.0176538,1.01068e-05,-2.24513e-05,0,0.000142444,-0.00667378
0,-0.016383,1.13049e-05,-2.22615e-05,0,0.0001321,-0.00620866
0,-0.0155331,1.20485e-05,-2.20414e-05,0,0.000122509,-0.00589331
0,-0.0173142,9.99249e-06,-2.18041e-05,0,0.000113615,-0.00662182
0,-0.0205019,6.44941e-06,-2.1594e-05,0,0.000105367,-0.00787141
0,-0.0238787,2.71996e-06,-2.14473e-05,0,9.77183e-05,-0.00917465
0,-0.0279671,-1.74805e-06,-2.13742e-05,0,9.06249e-05,-0.0107589
0,-0.0302437,-4.26994e-06,-2.13868e-05,0,8.40467e-05,-0.0116086
0,-0.0337215,-8.05122e-06,-2.14596e-05,0,7.79463e-05,-0.0129654
0,-0.0333123,-7.68274e-06,-2.16018e-05,0,7.22888e-05,-0.0127514
0,-0.0330024,-7.41383e-06,-2.17573e-05,0,6.70421e-05,-0.0126364
0,-0.0314342,-5.80325e-06,-2.19069e-05,0,6.21765e-05,-0.0120172
0,-0.0298411,-4.16695e-06,-2.2031e-05,0,5.76641e-05,-0.0114073
0,-0.0274301,-1.66418e-06,-2.21225e-05,0,5.34794e-05,-0.0104709
0,-0.0253788,4.4991e-07,-2.21683e-05,0,4.95985e-05,-0.00969054
0,-0.0237653,2.09255e-06,-2.21699e-05,0,4.59994e-05,-0.00907937
0,-0.0217253,4.1823e-06,-2.21362e-05,0,4.26615e-05,-0.00829106
0,-0.0202153,5.70072e-06,-2.2063e-05,0,3.9566e-05,-0.00772079
0,-0.0178836,8.08427e-06,-2.19566e-05,0,3.66952e-05,-0.00681419
0,-0.0191136,6.67445e-06,-2.18069e-05,0,3.40328e-05,-0.00734234
0,-0.0213593,4.19036e-06,-2.16663e-05,0,3.15637e-05,-0.00822144
0,-0.0231112,2.30281e-06,-2.15701e-05,0,-4.04186e-05,-0.00960189
0,-0.0273065,-2.16944e-06,-2.15146e-05,0,-0.000202197,-0.0113672
0,-0.0324889,-7.66771e-06,-2.15356e-05,0,-0.000388289,-0.013486
0,-0.0366184,-1.20191e-05,-2.16615e-05,0,-0.000581973,-0.0151638
-4.74969e-06,-0.0383103,-1.37563e-05,-2.18801e-05,0,-0.00077822,-0.0158778
-0.000194737,-0.0361456,-1.13825e-05,-2.21466e-05,0,-0.000971322,-0.0150818
-0.000384725,-0.0294095,-4.1573e-06,-2.23861e-05,0,-0.00115607,-0.0125117
-0.000574712,-0.0270495,-1.60404e-06,-2.25053e-05,0,-0.00133108,-0.0117513
-0.000764699,-0.0247678,8.57209e-07,-2.25502e-05,0,-0.0014959,-0.0109474
-0.000954687,-0.0219835,3.84204e-06,-2.25454e-05,0,-0.00165033,-0.00993382
-0.00114467,-0.0205535,5.37513e-06,-2.24834e-05,0,-0.00179415,-0.00946123
-0.00133466,-0.0206098,5.32116e-06,-2.23836e-05,0,-0.00192709,-0.00955416
0.00132516,-0.0483674,-2.71717e-05,-2.22769e-05,0,0.000800962,-0.0187506
0.00104968,-0.0478709,-2.64877e-05,-2.29024e-05,0,0.000691586,-0.0181106
0.000935688,-0.0474766,-2.59081e-05,-2.32237e-05,0,0.000594498,-0.0179964
0.0007552,-0.046327,-2.45163e-05,-2.37188e-05,0,0.000509057,-0.0175685
0.000565213,-0.0432556,-2.10779e-05,-2.42161e-05,0,0.00043631,-0.0163797
0.000375225,-0.0367332,-1.39795e-05,-2.46549e-05,0,0.000377055,-0.0138387
0.000185238,-0.0322641,-9.08413e-06,-2.497e-05,0,0.000331674,-0.0121678
0,-0.0336184,-1.03887e-05,-2.51761e-05,0,0.000299411,-0.0127888
0,-0.0350793,-1.17981e-05,-2.53774e-05,0,0.000275524,-0.0133619
0,-0.0324165,-8.81977e-06,-2.56063e-05,0,0.000254953,-0.0122858
0,-0.0291683,-5.2299e-06,-2.57976e-05,0,0.00023629,-0.0110383
0,-0.0248438,-5.11735e-07,-2.59201e-05,0,0.000219091,-0.00936935
0,-0.0189413,5.86004e-06,-2.59539e-05,0,0.000203171,-0.00708618
0,-0.0124554,1.28195e-05,-2.58686e-05,0,0.000188414,-0.00459364
0,-0.00368313,2.21685e-05,-2.5647e-05,0,0.000174732,-0.00119653
0,0.00427988,3.0606e-05,-2.52504e-05,0,0.000162044,0.00184288
0,0.00708775,3.35173e-05,-2.46805e-05,0,0.000150278,0.00283654
0,0.00674396,3.30508e-05,-2.40247e-05,0,0.000139367,0.00265103
0,0.00267903,2.86161e-05,-2.33613e-05,0,0.000129248,0.00102823
0,-0.00349149,2.19476e-05,-2.27668e-05,0,0.000119865,-0.00137803
0,-0.00858129,1.64412e-05,-2.22945e-05,0,0.000111163,-0.00332016
0,-0.0116323,1.31129e-05,-2.19382e-05,0,0.000103093,-0.00446438
0,-0.0134735,1.10759e-05,-2.16593e-05,0,9.56087e-05,-0.00515649
0,-0.0155935,8.74598e-06,-2.14276e-05,0,8.86684e-05,-0.00597814
0,-0.0178819,6.24281e-06,-2.1241e-05,0,8.22321e-05,-0.00686257
0,-0.021148,2.70949e-06,-2.11036e-05,0,7.62632e-05,-0.00813459
0,-0.0248073,-1.22742e-06,-2.10318e-05,0,7.07278e-05,-0.00954848
0,-0.0284294,-5.10692e-06,-2.10366e-05,0,6.55944e-05,-0.0109413
0,-0.0296034,-6.3677e-06,-2.11194e-05,0,6.08337e-05,-0.0113569
0,-0.0302902,-7.10155e-06,-2.12404e-05,0,5.64188e-05,-0.0116153
0,-0.0290883,-5.8222e-06,-2.13788e-05,0,5.23243e-05,-0.0111267
0,-0.027448,-4.07867e-06,-2.15016e-05,0,4.85272e-05,-0.010492
0,-0.0267055,-3.29227e-06,-2.15919e-05,0,4.50058e-05,-0.0102223
0,-0.0251641,-1.60205e-06,-2.16617e-05,0,-2.01496e-05,-0.0102583
0,-0.0260118,-2.45299e-06,-2.17022e-05,0,-0.000164963,-0.0107261
0,-0.0278853,-4.38725e-06,-2.1747e-05,0,-0.000331312,-0.0115643
0,-0.0305586,-7.15941e-06,-2.18251e-05,0,-0.000504427,-0.0127014
0,-0.0315524,-8.13285e-06,-2.19544e-05,0,-0.000680139,-0.01315
-0.000133156,-0.0292091,-5.55454e-06,-2.21122e-05,0,-0.000854148,-0.0122853
-0.000304971,-0.0214747,2.74025e-06,-2.22362e-05,0,-0.00102176,-0.00931204
-0.000476786,-0.0149139,9.75374e-06,-2.22228e-05,0,-0.00118094,-0.00688308
-0.000648601,-0.0119952,1.28665e-05,-2.20628e-05,0,-0.0013311,-0.00588348
-0.000820416,-0.00859025,1.64754e-05,-2.18211e-05,0,-0.00147199,-0.00462699
-0.00099223,-0.00541549,1.9816e-05,-2.15096e-05,0,-0.00160341,-0.00346306
-0.00116405,-0.00345315,2.18447e-05,-2.113e-05,0,-0.00172514,-0.00277317
0.00124136,-0.0243584,-3.16148e-06,-2.07032e-05,0,0.000740327,-0.00944577
0.001018,-0.0266221,-5.53671e-06,-2.06604e-05,0,0.00063927,-0.0100181
0.000897732,-0.0275513,-6.48331e-06,-2.0726e-05,0,0.000548982,-0.0103864
0.000725917,-0.0299142,-8.94478e-06,-2.0851e-05,0,0.000469401,-0.0113386
0.000554103,-0.0311205,-1.01636e-05,-2.10176e-05,0,0.000401326,-0.0118029
0.000382288,-0.028937,-7.7733e-06,-2.12147e-05,0,0.000345336,-0.0109279
0.000210473,-0.0263279,-4.93713e-06,-2.13822e-05,0,0.000301803,-0.00993223
3.86583e-05,-0.0260073,-4.54e-06,-2.14951e-05,0,0.000270334,-0.00985496
0,-0.0274742,-6.04062e-06,-2.15879e-05,0,0.000247478,-0.0104551
0,-0.0241031,-2.39626e-06,-2.17012e-05,0,0.000228661,-0.00909507
0,-0.0223999,-5.37154e-07,-2.17673e-05,0,0.000211835,-0.00847454
0,-0.0193426,2.75152e-06,-2.17874e-05,0,0.000196394,-0.00728708
0,-0.0156436,6.70557e-06,-2.17488e-05,0,0.000182118,-0.00586364
0,-0.0144172,8.01396e-06,-2.16344e-05,0,0.00016889,-0.00543686
0,-0.0139607,8.49427e-06,-2.14807e-05,0,0.000156626,-0.00527925
0,-0.0142821,8.14143e-06,-2.13132e-05,0,0.000145253,-0.00542
0,-0.0141657,8.24975e-06,-2.11486e-05,0,0.000134707,-0.00537363
0,-0.0172331,4.97241e-06,-2.09842e-05,0,0.000124927,-0.00660497
0,-0.0190864,2.99425e-06,-2.08683e-05,0,0.000115858,-0.00730237
0,-0.0212552,6.87144e-07,-2.07985e-05,0,0.000107447,-0.00814407
0,-0.0233903,-1.57536e-06,-2.07733e-05,0,9.96471e-05,-0.00896717
0,-0.0239265,-2.1305e-06,-2.07935e-05,0,9.24137e-05,-0.00915205
0,-0.0216727,2.79796e-07,-2.08333e-05,0,8.57056e-05,-0.00824702
0,-0.020684,1.33687e-06,-2.08398e-05,0,7.94846e-05,-0.00788971
0,-0.0199164,2.15403e-06,-2.08183e-05,0,7.37154e-05,-0.00760109
0,-0.0187746,3.36381e-06,-2.07793e-05,0,6.83652e-05,-0.00715947
0,-0.0183304,3.82616e-06,-2.07181e-05,0,6.34034e-05,-0.00700193
0,-0.0185415,3.58871e-06,-2.06439e-05,0,5.8802e-05,-0.00709522
0,-0.0185926,3.52001e-06,-2.05709e-05,0,5.45346e-05,-0.00711445
0,-0.0208757,1.08001e-06,-2.05002e-05,0,5.05771e-05,-0.00802726
0,-0.0209579,9.86045e-07,-2.04664e-05,0,4.69069e-05,-0.00802685
0,-0.0240389,-2.29179e-06,-2.04462e-05,0,4.35032e-05,-0.00925753
0,-0.0288237,-7.36402e-06,-2.04756e-05,0,4.03466e-05,-0.0111225
0,-0.0311333,-9.6606e-06,-2.05975e-05,0,-9.56992e-05,-0.013356
0,-0.0364765,-1.51617e-05,-2.07793e-05,0,-0.000403387,-0.015683
0,-0.0412827,-2.00609e-05,-2.1055e-05,0,-0.000757716,-0.0177438
0,-0.0444107,-2.31471e-05,-2.14317e-05,0,-0.00112703,-0.0191332
0,-0.0462964,-2.48891e-05,-2.18792e-05,0,-0.00150283,-0.0200404
-0.00019762,-0.0419922,-2.00394e-05,-2.23683e-05,0,-0.00187775,-0.0184815
-0.000574038,-0.0332069,-1.04421e-05,-2.27933e-05,0,-0.0022417,-0.0152135
-0.000950456,-0.0280994,-4.78456e-06,-2.30502e-05,0,-0.00258837,-0.0134678
-0.00132687,-0.0252505,-1.54787e-06,-2.31741e-05,0,-0.002916,-0.0125526
-0.00170329,-0.020417,3.78054e-06,-2.32213e-05,0,-0.00322389,-0.0107952
-0.00207971,-0.0170624,7.512e-06,-2.31723e-05,0,-0.00351158,-0.00964398
-0.00245613,-0.0158089,8.99014e-06,-2.30407e-05,0,-0.00377854,-0.00929473
0.00281373,-0.0458744,-2.87922e-05,-2.28683e-05,0,0.00162208,-0.0175846
0.00230556,-0.0471509,-2.9844e-05,-2.34568e-05,0,0.00139941,-0.0176083
0.00206089,-0.0473289,-2.97197e-05,-2.38395e-05,0,0.00119981,-0.0177323
0.00168447,-0.0472535,-2.9315e-05,-2.44345e-05,0,0.00102306,-0.0177503
0.00130805,-0.0448096,-2.63862e-05,-2.50229e-05,0,0.00087096,-0.0168172
0.000931635,-0.03915,-2.00461e-05,-2.55652e-05,0,0.000744808,-0.0146286
0.000555217,-0.0333431,-1.357e-05,-2.59978e-05,0,0.000645544,-0.0124243
0.000178799,-0.0305551,-1.03238e-05,-2.63016e-05,0,0.000572824,-0.0114233
0,-0.0341245,-1.38411e-05,-2.65243e-05,0,0.000521118,-0.0129115
0,-0.0311194,-1.03627e-05,-2.67836e-05,0,0.000480627,-0.011675
0,-0.0270942,-5.8162e-06,-2.70082e-05,0,0.000445031,-0.0101303
0,-0.0230309,-1.2507e-06,-2.71473e-05,0,0.000412533,-0.00858486
0,-0.0184582,3.83163e-06,-2.71951e-05,0,0.00038253,-0.00683537
0,-0.0142512,8.49671e-06,-2.71439e-05,0,0.000354742,-0.00523872
0,-0.00936394,1.38545e-05,-2.69973e-05,0,0.000328982,-0.00336386
0,-0.00479597,1.88383e-05,-2.6747e-05,0,0.000305095,-0.00162601
0,-0.00294879,2.08975e-05,-2.63951e-05,0,0.000282944,-0.000968936
0,-0.00357207,2.0309e-05,-2.59875e-05,0,0.000262402,-0.00125593
0,-0.00643782,1.73263e-05,-2.55784e-05,0,0.000243353,-0.00239985
0,-0.0127824,1.06485e-05,-2.52169e-05,0,0.000225686,-0.00489794
0,-0.0184512,4.70543e-06,-2.49706e-05,0,0.000209303,-0.00707229
0,-0.0218321,1.20937e-06,-2.48467e-05,0,0.00019411,-0.00834278
0,-0.0230573,1.21734e-08,-2.48051e-05,0,0.00018002,-0.00878699
0,-0.0229798,1.99863e-07,-2.47988e-05,0,0.000166954,-0.0087435
0,-0.0232966,-3.50122e-08,-2.47958e-05,0,0.000154836,-0.00887699
0,-0.0245341,-1.2493e-06,-2.47953e-05,0,0.000143598,-0.00937166
0,-0.026386,-3.11318e-06,-2.48142e-05,0,0.000133177,-0.0100972
0,-0.0290025,-5.78239e-06,-2.48672e-05,0,0.000123512,-0.0111183
0,-0.0294485,-6.13598e-06,-2.49695e-05,0,0.000114548,-0.0112606
0,-0.029217,-5.76827e-06,-2.50904e-05,0,0.000106236,-0.0111653
0,-0.0281178,-4.48039e-06,-2.52076e-05,0,9.8527e-05,-0.0107336
0,-0.0263677,-2.50694e-06,-2.53037e-05,0,9.13777e-05,-0.0100549
0,-0.0250161,-9.65969e-07,-2.53637e-05,0,8.47474e-05,-0.00954519
0,-0.0252954,-1.12027e-06,-2.53907e-05,0,3.04218e-05,-0.0101816
0,-0.027575,-3.39913e-06,-2.54123e-05,0,-8.56536e-05,-0.0111729
0,-0.0290978,-4.86555e-06,-2.54689e-05,0,-0.000218269,-0.0118293
0,-0.0309381,-6.66273e-06,-2.55589e-05,0,-0.000356004,-0.0126204
0,-0.0316341,-7.23659e-06,-2.56832e-05,0,-0.000495842,-0.0129455
-6.49499e-05,-0.0297618,-5.07995e-06,-2.5825e-05,0,-0.000635275,-0.0122575
-0.000201687,-0.0255213,-4.17585e-07,-2.59374e-05,0,-0.000770675,-0.0106578
-0.000338423,-0.0225676,2.85708e-06,-2.59691e-05,0,-0.000899641,-0.00960269
-0.00047516,-0.0252366,1.44552e-07,-2.59283e-05,0,-0.00102151,-0.0107675
-0.000611896,-0.023323,2.30508e-06,-2.59119e-05,0,-0.00113603,-0.0100108
-0.000748633,-0.0193661,6.62215e-06,-2.58766e-05,0,-0.00124305,-0.00850283
-0.00088537,-0.0136988,1.27311e-05,-2.57657e-05,0,-0.00134241,-0.00633787
-0.00102211,-0.0134002,1.31056e-05,-2.55416e-05,0,-0.00143388,-0.00633787
0.000892207,-0.0313207,-7.74537e-06,-2.5287e-05,0,0.000617969,-0.0120934
0.000700775,-0.031414,-7.72073e-06,-2.54015e-05,0,0.000537269,-0.0118504
0.000618733,-0.0332979,-9.59715e-06,-2.54943e-05,0,0.000466023,-0.0126278
0.000481997,-0.0378082,-1.42514e-05,-2.56768e-05,0,0.000403804,-0.0144184
0.00034526,-0.0371745,-1.34202e-05,-2.59386e-05,0,0.000351362,-0.0141117
0.000208523,-0.0344517,-1.03697e-05,-2.62111e-05,0,0.000309095,-0.0130471
7.17867e-05,-0.0302576,-5.7663e-06,-2.64338e-05,0,0.000276902,-0.011425
0,-0.0289138,-4.20753e-06,-2.65721e-05,0,0.000252896,-0.0109624
0,-0.0235943,1.5653e-06,-2.66641e-05,0,0.000233507,-0.00886759
0,-0.0192976,6.22516e-06,-2.66616e-05,0,0.000216279,-0.0072414
0,-0.0160254,9.77226e-06,-2.65604e-05,0,0.000200501,-0.00600801
0,-0.0120463,1.40474e-05,-2.63827e-05,0,0.00018592,-0.00447613
0,-0.00871954,1.76023e-05,-2.61231e-05,0,0.000172412,-0.00321508
0,-0.00567144,2.08352e-05,-2.57889e-05,0,0.00015989,-0.00205483
0,-0.00352066,2.30889e-05,-2.53883e-05,0,0.000148278,-0.0012482
0,-0.00227613,2.43571e-05,-2.49378e-05,0,0.00013751,-0.000789315
0,-0.00220357,2.43612e-05,-2.4457e-05,0,0.000127524,-0.000784174
0,-0.00444791,2.18914e-05,-2.39698e-05,0,0.000118264,-0.00168593
0,-0.00838863,1.7618e-05,-2.35196e-05,0,0.000109677,-0.00322929
0,-0.00977975,1.60591e-05,-2.31459e-05,0,0.000101714,-0.00372823
0,-0.0123185,1.32794e-05,-2.28169e-05,0,9.43286e-05,-0.00472424
0,-0.0131127,1.23565e-05,-2.25375e-05,0,8.748e-05,-0.00500576
0,-0.011572,1.39102e-05,-2.22857e-05,0,8.11289e-05,-0.00438139
0,-0.0107434,1.46949e-05,-2.20153e-05,0,7.52392e-05,-0.00407692
0,-0.00962243,1.57799e-05,-2.17253e-05,0,6.97772e-05,-0.00364459
0,-0.00960584,1.56807e-05,-2.14151e-05,0,6.47119e-05,-0.00365755
0,-0.0111464,1.39217e-05,-2.1101e-05,0,6.00145e-05,-0.00427522
0,-0.0124805,1.23829e-05,-2.08138e-05,0,5.56582e-05,-0.00478646
0,-0.0135113,1.11676e-05,-2.05584e-05,0,5.16183e-05,-0.00517958
0,-0.0144787,1.00204e-05,-2.0329e-05,0,4.78717e-05,-0.00555188
0,-0.0169,7.3309e-06,-2.01229e-05,0,4.43973e-05,-0.0065056
0,-0.0191102,4.87459e-06,-1.99628e-05,0,4.11751e-05,-0.00735267
0,-0.0222408,1.5056e-06,-1.9853e-05,0,-2.06424e-05,-0.00918328
0,-0.0287925,-5.47977e-06,-1.98061e-05,0,-0.000158192,-0.011854
0,-0.0347007,-1.17477e-05,-1.98807e-05,0,-0.000316249,-0.014213
0,-0.0405317,-1.78993e-05,-2.00844e-05,0,-0.000480853,-0.0165468
0,-0.0445691,-2.21098e-05,-2.04116e-05,0,-0.00064835,-0.0181605
-7.12283e-05,-0.0429059,-2.0237e-05,-2.08327e-05,0,-0.000815827,-0.0175193
-0.000238824,-0.0359624,-1.27533e-05,-2.12468e-05,0,-0.000978839,-0.0148504
-0.00040642,-0.0312824,-7.6951e-06,-2.15393e-05,0,-0.00113426,-0.0131597
-0.000574016,-0.0301054,-6.3718e-06,-2.17185e-05,0,-0.00128123,-0.0128263
-0.000741612,-0.025675,-1.59636e-06,-2.18526e-05,0,-0.00141941,-0.0111334
-0.000909208,-0.0211456,3.26567e-06,-2.19084e-05,0,-0.00154861,-0.00944421
-0.0010768,-0.0188218,5.76412e-06,-2.18674e-05,0,-0.00166858,-0.00863086
-0.0012444,-0.0163314,8.42568e-06,-2.17646e-05,0,-0.00177909,-0.00771103
0.00110194,-0.0477689,-2.50523e-05,-2.16493e-05,0,0.00063414,-0.0185966
0.00110194,-0.0475798,-2.47879e-05,-2.16493e-05,0,0.000542199,-0.0180828
0.000766752,-0.046779,-2.38484e-05,-2.24954e-05,0,0.000460537,-0.0177751
0.000599156,-0.0450417,-2.19045e-05,-2.29771e-05,0,0.000391353,-0.0171124
0.00043156,-0.0422482,-1.88345e-05,-2.34249e-05,0,0.000334068,-0.0160389
0.000263964,-0.0350308,-1.10698e-05,-2.3817e-05,0,0.000288816,-0.0132121
9.63677e-05,-0.0294399,-5.05753e-06,-2.40772e-05,0,0.000255454,-0.0111006
0,-0.0305161,-6.1458e-06,-2.42084e-05,0,0.000231859,-0.011625
0,-0.0268317,-2.17275e-06,-2.43259e-05,0,0.000213702,-0.0101453
0,-0.0226488,2.31386e-06,-2.43892e-05,0,0.000197838,-0.00853884
0,-0.0206625,4.44819e-06,-2.43653e-05,0,0.000183383,-0.00781656
0,-0.0172843,8.04832e-06,-2.42871e-05,0,0.000170044,-0.00650434
0,-0.013619,1.19334e-05,-2.41441e-05,0,0.000157692,-0.00509836
0,-0.00711383,1.88108e-05,-2.39248e-05,0,0.000146241,-0.00256227
0,-0.000650495,2.56053e-05,-2.3583e-05,0,0.000135624,-8.60098e-05
0,0.0052126,3.17207e-05,-2.31049e-05,0,0.000125778,0.00215157
0,0.00756823,3.40704e-05,-2.2501e-05,0,0.000116647,0.00299806
0,0.00678068,3.30554e-05,-2.18314e-05,0,0.00010818,0.00264345
0,0.0025191,2.83391e-05,-2.11652e-05,0,0.000100327,0.000949999
0,-0.00365827,2.15938e-05,-2.05748e-05,0,9.30446e-05,-0.00145499
0,-0.0086336,1.61421e-05,-2.01092e-05,0,8.62911e-05,-0.00335037
0,-0.0114124,1.3038e-05,-1.97591e-05,0,8.00281e-05,-0.00438679
0,-0.0129854,1.12219e-05,-1.94829e-05,0,7.42198e-05,-0.00497515
0,-0.0135186,1.05138e-05,-1.92493e-05,0,6.88333e-05,-0.00516652
0,-0.0148053,9.00558e-06,-1.90355e-05,0,6.38379e-05,-0.00567458
0,-0.0169275,6.61446e-06,-1.88479e-05,0,5.92052e-05,-0.00650452
0,-0.0195019,3.7523e-06,-1.87036e-05,0,5.49089e-05,-0.00750207
0,-0.0218597,1.13254e-06,-1.86143e-05,0,5.09245e-05,-0.00840608
0,-0.0241241,-1.37506e-06,-1.85785e-05,0,4.72293e-05,-0.00927597
0,-0.0250423,-2.43953e-06,-1.85935e-05,0,4.38024e-05,-0.00960956
0,-0.0246779,-2.13381e-06,-1.86369e-05,0,4.06243e-05,-0.00945151
0,-0.0238362,-1.3186e-06,-1.86812e-05,0,3.76769e-05,-0.00912238
0,-0.0229149,-3.80567e-07,-1.87116e-05,0,-5.98232e-06,-0.00919568
0,-0.0244313,-2.03122e-06,-1.87239e-05,0,-0.00010228,-0.0098871
0,-0.0261131,-3.84673e-06,-1.87563e-05,0,-0.000212801,-0.0106055
0,-0.028698,-6.60894e-06,-1.88241e-05,0,-0.000327848,-0.0116792
0,-0.0300931,-8.09088e-06,-1.89425e-05,0,-0.000444912,-0.0122603
-4.3886e-05,-0.0308303,-8.86164e-06,-1.90969e-05,0,-0.000562091,-0.0125928
-0.000160915,-0.0267271,-4.4837e-06,-1.92703e-05,0,-0.000676296,-0.0109981
-0.000277945,-0.0239391,-1.51555e-06,-1.93818e-05,0,-0.000785236,-0.00999794
-0.000394974,-0.026849,-4.60678e-06,-1.9427e-05,0,-0.000888273,-0.0112483
-0.000512004,-0.0259372,-3.62455e-06,-1.95037e-05,0,-0.000985178,-0.0108806
-0.000629033,-0.0215774,1.01753e-06,-1.95811e-05,0,-0.0010758,-0.0091899
-0.000746062,-0.015662,7.29252e-06,-1.95839e-05,0,-0.00116,-0.00692636
-0.000863092,-0.00974164,1.35441e-05,-1.94695e-05,0,-0.00123758,-0.00468033
0.00077532,-0.0341242,-8.17131e-06,-1.93236e-05,0,0.00044711,-0.0132523
0.000620256,-0.0350383,-9.29144e-06,-1.94628e-05,0,0.000383811,-0.0133237
0.000541261,-0.0366477,-1.11362e-05,-1.95827e-05,0,0.000327965,-0.0139718
0.000424232,-0.0405383,-1.53839e-05,-1.97962e-05,0,0.000279433,-0.0155142
0.000307202,-0.0418901,-1.69054e-05,-2.00826e-05,0,0.000238848,-0.0160054
0.000190173,-0.039057,-1.39636e-05,-2.04131e-05,0,0.000206581,-0.0148623
7.31434e-05,-0.0359327,-1.07125e-05,-2.07071e-05,0,0.000182631,-0.0136656
0,-0.0345637,-9.32845e-06,-2.09376e-05,0,0.000165659,-0.0131732
0,-0.0297454,-4.27911e-06,-2.11311e-05,0,0.000152659,-0.0112759
0,-0.0257307,-9.76663e-08,-2.12419e-05,0,0.000141319,-0.00975186
0,-0.0231741,2.52207e-06,-2.12648e-05,0,0.000130991,-0.00879733
0,-0.0177971,8.12722e-06,-2.12274e-05,0,0.000121463,-0.00669385
0,-0.014629,1.1363e-05,-2.10929e-05,0,0.00011264,-0.00551534
0,-0.0124189,1.35654e-05,-2.08818e-05,0,0.000104461,-0.0046852
0,-0.0111998,1.47022e-05,-2.06215e-05,0,9.68768e-05,-0.00423586
0,-0.0115042,1.42118e-05,-2.03332e-05,0,8.98438e-05,-0.00437947
0,-0.0129718,1.2484e-05,-2.00465e-05,0,8.33217e-05,-0.00496394
0,-0.0157921,9.32331e-06,-1.97882e-05,0,7.72733e-05,-0.0060706
0,-0.0187397,6.0386e-06,-1.95859e-05,0,7.16642e-05,-0.00720713
0,-0.0202059,4.34021e-06,-1.94487e-05,0,6.64624e-05,-0.00774992
0,-0.0237823,4.09234e-07,-1.93534e-05,0,6.16384e-05,-0.00915795
0,-0.0230105,1.11393e-06,-1.93256e-05,0,5.71647e-05,-0.00879709
0,-0.0224717,1.57122e-06,-1.93068e-05,0,5.30158e-05,-0.00859573
0,-0.0212689,2.73413e-06,-1.92777e-05,0,4.91682e-05,-0.0081255
0,-0.0190971,4.92276e-06,-1.92288e-05,0,4.56e-05,-0.0072784
0,-0.0174094,6.58919e-06,-1.91413e-05,0,4.22909e-05,-0.0066393
0,-0.0168381,7.06317e-06,-1.90178e-05,0,3.9222e-05,-0.00643848
0,-0.0160082,7.80905e-06,-1.88789e-05,0,3.63759e-05,-0.00611719
0,-0.0159607,7.72022e-06,-1.87265e-05,0,3.37364e-05,-0.00611217
0,-0.0156307,7.93052e-06,-1.85716e-05,0,3.12886e-05,-0.0059823
0,-0.018992,4.21984e-06,-1.84141e-05,0,2.90184e-05,-0.0073307
0,-0.0230755,-2.41686e-07,-1.83111e-05,0,2.69131e-05,-0.00891085
0,-0.0261795,-3.57538e-06,-1.82937e-05,0,-4.59042e-05,-0.0108302
0,-0.0301768,-7.83798e-06,-1.83485e-05,0,-0.00021007,-0.0125026
0,-0.0342175,-1.21213e-05,-1.8484e-05,0,-0.000399063,-0.0141759
0,-0.0373008,-1.53609e-05,-1.8705e-05,0,-0.000596106,-0.0154615
0,-0.0390999,-1.72125e-05,-1.8996e-05,0,-0.00079695,-0.0162428
-5.61481e-05,-0.038145,-1.6121e-05,-1.9331e-05,0,-0.000998714,-0.0159371
-0.000260323,-0.032299,-9.83028e-06,-1.96589e-05,0,-0.00119605,-0.0137128
-0.000464498,-0.0270355,-4.17641e-06,-1.98869e-05,0,-0.00138454,-0.0117879
-0.000668673,-0.0266994,-3.77356e-06,-1.99987e-05,0,-0.00156297,-0.0118136
-0.000872848,-0.0244484,-1.33661e-06,-2.00762e-05,0,-0.0017309,-0.0109911
-0.00107702,-0.0211133,2.24262e-06,-2.01151e-05,0,-0.00188807,-0.00975699
-0.0012812,-0.0196285,3.84185e-06,-2.00882e-05,0,-0.00203419,-0.00927058
-0.00148537,-0.0185699,4.98013e-06,-2.00193e-05,0,-0.00216895,-0.00891847
0.00137308,-0.0420661,-2.21194e-05,-1.99425e-05,0,0.000770668,-0.0162691
0.00108213,-0.0388646,-1.8618e-05,-2.04431e-05,0,0.000660688,-0.0146261
0.000954518,-0.0369708,-1.6513e-05,-2.06933e-05,0,0.000563716,-0.0139535
0.000760552,-0.0348736,-1.4192e-05,-2.10176e-05,0,0.000479163,-0.013169
0.000556377,-0.0336752,-1.28271e-05,-2.1313e-05,0,0.000408135,-0.0127415
0.000352202,-0.0292562,-8.04194e-06,-2.15764e-05,0,0.000351447,-0.0110107
0.000148027,-0.0276255,-6.2329e-06,-2.17612e-05,0,0.000309252,-0.0104401
0,-0.0311716,-9.92486e-06,-2.18949e-05,0,0.000279663,-0.0118921
0,-0.0329026,-1.16705e-05,-2.20749e-05,0,0.000257487,-0.0125387
0,-0.0309699,-9.51438e-06,-2.22996e-05,0,0.0002383,-0.0117494
0,-0.0300508,-8.4391e-06,-2.25006e-05,0,0.000220869,-0.0114202
0,-0.0276264,-5.76701e-06,-2.26748e-05,0,0.000204798,-0.0104738
0,-0.0237933,-1.60856e-06,-2.28035e-05,0,0.00018992,-0.00898739
0,-0.0180681,4.54107e-06,-2.28565e-05,0,0.000176129,-0.00676648
0,-0.0106769,1.24305e-05,-2.27964e-05,0,0.000163341,-0.0039088
0,-0.00593799,1.74637e-05,-2.25872e-05,0,0.000151482,-0.00213529
0,-0.00317398,2.03688e-05,-2.22631e-05,0,0.000140485,-0.0011094
0,-0.00305038,2.04465e-05,-2.18703e-05,0,0.000130287,-0.00110725
0,-0.00705506,1.61288e-05,-2.14617e-05,0,0.00012083,-0.00271283
0,-0.0107743,1.21221e-05,-2.11176e-05,0,0.000112059,-0.00414089
0,-0.0146262,7.98393e-06,-2.08551e-05,0,0.000103925,-0.00562595
0,-0.0167072,5.73817e-06,-2.06747e-05,0,9.63819e-05,-0.00640153
0,-0.0186628,3.6316e-06,-2.05487e-05,0,8.93866e-05,-0.00715391
0,-0.0201172,2.0638e-06,-2.04656e-05,0,8.28992e-05,-0.00770786
0,-0.0232033,-1.23077e-06,-2.04164e-05,0,7.68829e-05,-0.0089208
0,-0.0266829,-4.92892e-06,-2.04246e-05,0,7.13034e-05,-0.0102657
0,-0.0311002,-9.60455e-06,-2.05047e-05,0,6.6129e-05,-0.0119788
0,-0.0354785,-1.42146e-05,-2.06734e-05,0,6.13303e-05,-0.0136618
0,-0.0372564,-1.60371e-05,-2.09346e-05,0,5.688e-05,-0.0143068
0,-0.037567,-1.62859e-05,-2.12463e-05,0,5.27527e-05,-0.0144056
0,-0.0365226,-1.50864e-05,-2.15707e-05,0,4.89251e-05,-0.0139856
0,-0.0357206,-1.41414e-05,-2.18785e-05,0,4.53754e-05,-0.013683
0,-0.034397,-1.25904e-05,-2.2166e-05,0,-1.01809e-05,-0.0137152
0,-0.0353685,-1.34758e-05,-2.24256e-05,0,-0.000132974,-0.0142155
0,-0.0360354,-1.40275e-05,-2.26907e-05,0,-0.000273954,-0.0145569
0,-0.0363738,-1.42214e-05,-2.29685e-05,0,-0.000420754,-0.0147682
0,-0.0369088,-1.46169e-05,-2.32519e-05,0,-0.000570251,-0.0150585
-4.14104e-05,-0.0346715,-1.20612e-05,-2.35423e-05,0,-0.000720326,-0.0142336
-0.000191994,-0.0316715,-8.7013e-06,-2.37963e-05,0,-0.000867041,-0.0131409
-0.000342577,-0.0283206,-4.97986e-06,-2.39871e-05,0,-0.00100715,-0.0119138
-0.00049316,-0.0296512,-6.24373e-06,-2.41053e-05,0,-0.00113976,-0.0125555
-0.000643744,-0.0275845,-3.89475e-06,-2.42239e-05,0,-0.00126456,-0.0117627
-0.000794327,-0.0206377,3.62516e-06,-2.43135e-05,0,-0.00138134,-0.00906739
-0.00094491,-0.0140995,1.0676e-05,-2.42786e-05,0,-0.00148991,-0.00660418
-0.00109549,-0.00735469,1.7909e-05,-2.41003e-05,0,-0.00159005,-0.00404663
0.00101267,-0.0275581,1.04204e-06,-2.38868e-05,0,0.000577278,-0.0106161
0.000805621,-0.0286297,-2.03634e-07,-2.381e-05,0,0.000495448,-0.0108234
0.000711506,-0.0301135,-1.87834e-06,-2.38063e-05,0,0.000423147,-0.0114254
0.000560923,-0.0333457,-5.39813e-06,-2.38355e-05,0,0.000360106,-0.0127108
0.000410339,-0.032972,-5.0692e-06,-2.39259e-05,0,0.000307197,-0.0125262
0.000259756,-0.0310201,-3.06028e-06,-2.40289e-05,0,0.000264929,-0.0117641
0.000109173,-0.0277216,3.7467e-07,-2.41001e-05,0,0.000233391,-0.0104865
0,-0.0270399,1.02e-06,-2.41098e-05,0,0.000211183,-0.0102731
0,-0.0228472,5.39222e-06,-2.40927e-05,0,0.000194471,-0.00861662
0,-0.0166645,1.18591e-05,-2.40067e-05,0,0.000179989,-0.00621867
0,-0.0136398,1.49429e-05,-2.38018e-05,0,0.000166826,-0.00511179
0,-0.00891898,1.98092e-05,-2.35184e-05,0,0.000154689,-0.00327877
0,-0.0050722,2.37198e-05,-2.31465e-05,0,0.000143451,-0.00182032
0,-0.00269468,2.60444e-05,-2.26917e-05,0,0.000133035,-0.000934819
0,-0.00218723,2.6363e-05,-2.21824e-05,0,0.000123377,-0.000773211
0,-0.0023491,2.59586e-05,-2.16568e-05,0,0.00011442,-0.0008499
0,-0.00204889,2.60359e-05,-2.11356e-05,0,0.000106114,-0.000731504
0,-0.00404958,2.36597e-05,-2.06152e-05,0,9.84111e-05,-0.00153871
0,-0.00553458,2.18319e-05,-2.01302e-05,0,9.12677e-05,-0.00210447
0,-0.00787179,1.90992e-05,-1.96844e-05,0,8.46431e-05,-0.0030182
0,-0.00885568,1.78087e-05,-1.92887e-05,0,7.84996e-05,-0.00337822
0,-0.0109126,1.53794e-05,-1.89261e-05,0,7.28022e-05,-0.00418724
0,-0.0110258,1.50201e-05,-1.86064e-05,0,6.75185e-05,-0.00420348
0,-0.0112367,1.45556e-05,-1.83042e-05,0,6.26184e-05,-0.00428829
0,-0.0103865,1.52168e-05,-1.80107e-05,0,5.80742e-05,-0.00394774
0,-0.009128,1.63059e-05,-1.77097e-05,0,5.38599e-05,-0.00346021
0,-0.00909012,1.60912e-05,-1.7389e-05,0,4.99515e-05,-0.00346623
0,-0.00954618,1.53497e-05,-1.70661e-05,0,4.63269e-05,-0.00365066
0,-0.0103824,1.42049e-05,-1.67554e-05,0,4.29655e-05,-0.0039792
0,-0.0104775,1.38494e-05,-1.64656e-05,0,3.9848e-05,-0.00400587
0,-0.0123278,1.16302e-05,-1.61868e-05,0,3.69569e-05,-0.00474466
0,-0.0135801,1.00542e-05,-1.59431e-05,0,3.42756e-05,-0.00521766
0,-0.0169771,6.20799e-06,-1.57342e-05,0,3.1789e-05,-0.00655618
0,-0.017832,5.14103e-06,-1.55908e-05,0,-3.99128e-05,-0.0075589
0,-0.0213071,1.30045e-06,-1.54826e-05,0,-0.000201028,-0.00905023
0,-0.0249868,-2.73615e-06,-1.54374e-05,0,-0.000386364,-0.0105799
0,-0.0269649,-4.94233e-06,-1.5472e-05,0,-0.000579302,-0.0114216
0,-0.0277185,-5.83107e-06,-1.55598e-05,0,-0.00077496,-0.0117938
-0.000185136,-0.0257964,-3.86693e-06,-1.5672e-05,0,-0.000967749,-0.0111092
-0.00037502,-0.0198374,2.3822e-06,-1.57591e-05,0,-0.00115238,-0.00884582
-0.000564903,-0.019757,2.36801e-06,-1.57427e-05,0,-0.00132736,-0.00898398
-0.000754786,-0.0193838,2.66765e-06,-1.56953e-05,0,-0.00149221,-0.00890737
-0.000944669,-0.017316,4.76762e-06,-1.56434e-05,0,-0.0016467,-0.00815086
-0.00113455,-0.0179213,4.02222e-06,-1.55586e-05,0,-0.00179063,-0.00848022
-0.00132444,-0.0178814,3.96594e-06,-1.54744e-05,0,-0.00192373,-0.00850378
0.00133393,-0.0432572,-2.60967e-05,-1.53948e-05,0,0.000802552,-0.0167517
0.00108233,-0.042748,-2.55092e-05,-1.59361e-05,0,0.000692681,-0.0161457
0.000954164,-0.0423863,-2.50695e-05,-1.62834e-05,0,0.000594875,-0.0160437
0.00076428,-0.0419539,-2.45408e-05,-1.6787e-05,0,0.000508894,-0.0159011
0.000574397,-0.0416779,-2.41652e-05,-1.72804e-05,0,0.000435742,-0.0158176
0.000384514,-0.0392043,-2.14435e-05,-1.77656e-05,0,0.000376082,-0.0148506
0.00019463,-0.0373727,-1.94022e-05,-1.82081e-05,0,0.00033029,-0.0141709
4.74708e-06,-0.0401717,-2.22746e-05,-1.86063e-05,0,0.00029773,-0.0153284
0,-0.0437426,-2.5943e-05,-1.90375e-05,0,0.000273773,-0.0167219
0,-0.0413047,-2.32033e-05,-1.9538e-05,0,0.000253279,-0.0157031
0,-0.0401235,-2.17973e-05,-2.00157e-05,0,0.000234724,-0.0152776
0,-0.0362819,-1.75617e-05,-2.04587e-05,0,0.000217636,-0.0137698
0,-0.0323419,-1.32309e-05,-2.08311e-05,0,0.000201821,-0.0122628
0,-0.0271603,-7.59405e-06,-2.11174e-05,0,0.000187162,-0.010261
0,-0.021361,-1.32204e-06,-2.12975e-05,0,0.000173571,-0.00803106
0,-0.0171686,3.217e-06,-2.13553e-05,0,0.000160968,-0.00645179
0,-0.014849,5.74532e-06,-2.13136e-05,0,0.00014928,-0.00559533
0,-0.0139249,6.77652e-06,-2.12114e-05,0,0.000138441,-0.00526702
0,-0.0184768,1.98391e-06,-2.1081e-05,0,0.00012839,-0.00710366
0,-0.0224066,-2.132e-06,-2.10173e-05,0,0.000119069,-0.00860766
0,-0.0246698,-4.46247e-06,-2.10394e-05,0,0.000110425,-0.00945532
0,-0.026288,-6.09819e-06,-2.1117e-05,0,0.000102408,-0.0100707
0,-0.0254188,-5.08489e-06,-2.12308e-05,0,9.49744e-05,-0.00970234
0,-0.0252012,-4.76659e-06,-2.13375e-05,0,8.80802e-05,-0.00963208
0,-0.027259,-6.8645e-06,-2.14345e-05,0,8.16867e-05,-0.0104602
0,-0.0293127,-8.94787e-06,-2.15613e-05,0,7.57576e-05,-0.0112516
0,-0.0301466,-9.72478e-06,-2.17298e-05,0,7.0259e-05,-0.0115558
0,-0.0305098,-9.99547e-06,-2.19204e-05,0,6.51597e-05,-0.0116904
0,-0.0298749,-9.20207e-06,-2.2119e-05,0,6.04306e-05,-0.0114336
0,-0.0288781,-8.02489e-06,-2.2307e-05,0,5.6045e-05,-0.0110474
0,-0.0274233,-6.36403e-06,-2.24734e-05,0,5.19778e-05,-0.0104836
0,-0.0274537,-6.28565e-06,-2.2609e-05,0,4.82058e-05,-0.0105199
0,-0.0265219,-5.18504e-06,-2.27351e-05,0,4.47078e-05,-0.010149
0,-0.025696,-4.14732e-06,-2.28443e-05,0,-1.75517e-05,-0.0104431
0,-0.0274723,-5.87601e-06,-2.29324e-05,0,-0.00015576,-0.0112658
0,-0.0279909,-6.26112e-06,-2.30413e-05,0,-0.00031449,-0.0115436
0,-0.028796,-6.94757e-06,-2.31646e-05,0,-0.00047965,-0.0119506
0,-0.0276834,-5.59374e-06,-2.33001e-05,0,-0.00064722,-0.011582
-0.000134673,-0.0263265,-3.98536e-06,-2.34187e-05,0,-0.000812938,-0.0111391
-0.000297914,-0.0254025,-2.84362e-06,-2.35065e-05,0,-0.000972321,-0.0108663
-0.000461154,-0.0303107,-7.89976e-06,-2.35691e-05,0,-0.0011236,-0.0129091
-0.000624395,-0.0346804,-1.23624e-05,-2.37018e-05,0,-0.00126626,-0.0146409
-0.000787635,-0.0327251,-1.00882e-05,-2.39267e-05,0,-0.00140008,-0.0138486
-0.000950875,-0.0288466,-5.77926e-06,-2.41399e-05,0,-0.00152486,-0.0123787
-0.00111412,-0.0223927,1.24641e-06,-2.4277e-05,0,-0.00164038,-0.00990359
0.00117125,-0.041051,-2.10219e-05,-2.42872e-05,0,0.000702203,-0.0158327
0.000950875,-0.036268,-1.57005e-05,-2.47434e-05,0,0.00060649,-0.0136252
0.000844769,-0.0350345,-1.41682e-05,-2.49741e-05,0,0.00052107,-0.0132368
0.000681529,-0.0376394,-1.67136e-05,-2.52652e-05,0,0.00044576,-0.0143175
0.000518288,-0.0400406,-1.90277e-05,-2.55867e-05,0,0.000381398,-0.0152542
0.000355048,-0.0379482,-1.65557e-05,-2.59557e-05,0,0.000328552,-0.0143964
0.000191807,-0.0341659,-1.22953e-05,-2.62992e-05,0,0.00028757,-0.0129303
2.85671e-05,-0.0308473,-8.54243e-06,-2.65664e-05,0,0.000258038,-0.0116732
0,-0.0281374,-5.45146e-06,-2.6756e-05,0,0.0002365,-0.010651
0,-0.0201841,3.19196e-06,-2.68805e-05,0,0.000218591,-0.00752478
0,-0.0158599,7.94085e-06,-2.68599e-05,0,0.000202525,-0.00592739
0,-0.011412,1.27925e-05,-2.67248e-05,0,0.000187768,-0.00422449
0,-0.00702073,1.75528e-05,-2.64932e-05,0,0.00017412,-0.0025456
0,-0.00566425,1.90579e-05,-2.61659e-05,0,0.000161473,-0.00207722
0,-0.00515825,1.96395e-05,-2.57923e-05,0,0.000149748,-0.00190154
0,-0.00598368,1.87907e-05,-2.54024e-05,0,0.000138875,-0.0022441
0,-0.0064281,1.83364e-05,-2.50224e-05,0,0.000128792,-0.00241374
0,-0.00903012,1.55804e-05,-2.46534e-05,0,0.000119441,-0.00345045
0,-0.0104285,1.41024e-05,-2.4328e-05,0,0.00011077,-0.00397312
0,-0.0113332,1.31446e-05,-2.40385e-05,0,0.000102728,-0.00431682
0,-0.0103274,1.42101e-05,-2.37709e-05,0,9.52708e-05,-0.00390488
0,-0.0117231,1.27122e-05,-2.3492e-05,0,8.8355e-05,-0.00448094
0,-0.0111478,1.33048e-05,-2.32303e-05,0,8.19415e-05,-0.00423291
0,-0.0112592,1.31577e-05,-2.29671e-05,0,7.59937e-05,-0.00428901
0,-0.0121804,1.21433e-05,-2.27032e-05,0,7.04778e-05,-0.00465783
0,-0.0116429,1.26746e-05,-2.24553e-05,0,6.53625e-05,-0.00443152
0,-0.0118532,1.24025e-05,-2.22045e-05,0,6.06186e-05,-0.004526
0,-0.0128936,1.12433e-05,-2.1955e-05,0,5.62193e-05,-0.00494034
0,-0.0127518,1.13379e-05,-2.17244e-05,0,5.21393e-05,-0.00486971
0,-0.0129148,1.11025e-05,-2.14981e-05,0,4.83556e-05,-0.00493879
0,-0.0138969,9.99279e-06,-2.12749e-05,0,4.48466e-05,-0.00533014
0,-0.0169082,6.72834e-06,-2.10695e-05,0,4.15923e-05,-0.00651913
0,-0.0211573,2.15986e-06,-2.09186e-05,0,3.85743e-05,-0.00817124
0,-0.023504,-2.74692e-07,-2.08525e-05,0,-6.82688e-05,-0.0101241
0,-0.0283279,-5.32714e-06,-2.08459e-05,0,-0.000309228,-0.012193
0,-0.0329019,-1.0089e-05,-2.09271e-05,0,-0.000586599,-0.0141198
0,-0.0362869,-1.35622e-05,-2.11051e-05,0,-0.000875624,-0.0155682
0,-0.0372228,-1.44126e-05,-2.1359e-05,0,-0.00116959,-0.0160476
-0.000168542,-0.0353911,-1.23127e-05,-2.1643e-05,0,-0.00146242,-0.0154488
-0.000461659,-0.0277965,-4.09596e-06,-2.18997e-05,0,-0.00174624,-0.0125797
-0.000754777,-0.0233116,7.88025e-07,-2.20227e-05,0,-0.00201644,-0.011029
-0.00104789,-0.0232866,9.15897e-07,-2.20314e-05,0,-0.0022717,-0.0111999
-0.00134101,-0.0199147,4.5952e-06,-2.20137e-05,0,-0.0025115,-0.00995411
-0.00163413,-0.0181227,6.5785e-06,-2.19402e-05,0,-0.0027355,-0.00937898
-0.00192725,-0.0183746,6.37882e-06,-2.18186e-05,0,-0.00294328,-0.00958463
0.00217639,-0.0441569,-2.55987e-05,-2.169e-05,0,0.00126237,-0.0169675
0.00176603,-0.0420308,-2.313e-05,-2.22469e-05,0,0.00108934,-0.0157021
0.00159016,-0.0402788,-2.10637e-05,-2.25368e-05,0,0.00093438,-0.0150926
0.00129704,-0.0379558,-1.83904e-05,-2.29684e-05,0,0.000797185,-0.0142312
0.00100393,-0.0365434,-1.66873e-05,-2.33496e-05,0,0.000679237,-0.0137351
0.000710809,-0.031745,-1.13902e-05,-2.36918e-05,0,0.000581568,-0.011867
0.000417692,-0.028504,-7.76498e-06,-2.39461e-05,0,0.000504895,-0.010668
0.000124575,-0.0276693,-6.7085e-06,-2.41195e-05,0,0.000448873,-0.0104026
0,-0.0326105,-1.17885e-05,-2.4259e-05,0,0.000408879,-0.0124043
0,-0.0305279,-9.38824e-06,-2.44694e-05,0,0.000377249,-0.0115112
0,-0.0277814,-6.29142e-06,-2.46691e-05,0,0.000349346,-0.0104595
0,-0.0261148,-4.35406e-06,-2.48104e-05,0,0.000323845,-0.00984813
0,-0.0214565,7.50269e-07,-2.49072e-05,0,0.000300294,-0.0080247
0,-0.0159312,6.75012e-06,-2.49177e-05,0,0.000278481,-0.0059001
0,-0.00854335,1.46958e-05,-2.48127e-05,0,0.000258258,-0.00304421
0,-0.00136161,2.23789e-05,-2.45585e-05,0,0.000239507,-0.000298475
0,0.00384308,2.79164e-05,-2.41494e-05,0,0.000222117,0.00166158
0,0.00654695,3.07581e-05,-2.36187e-05,0,0.000205992,0.00265388
0,0.00535959,2.94377e-05,-2.30178e-05,0,0.000191037,0.00213118
0,0.0010505,2.47901e-05,-2.24224e-05,0,0.000177169,0.000422009
0,-0.00363757,1.97439e-05,-2.19034e-05,0,0.000164308,-0.0013902
0,-0.00798912,1.50635e-05,-2.14833e-05,0,0.000152381,-0.00306177
0,-0.0110004,1.18161e-05,-2.11586e-05,0,0.00014132,-0.00420287
0,-0.0139209,8.67135e-06,-2.0906e-05,0,0.000131062,-0.00532786
0,-0.0163194,6.08858e-06,-2.07169e-05,0,0.000121549,-0.00624547
0,-0.0199764,2.17682e-06,-2.05822e-05,0,0.000112728,-0.00767329
0,-0.0239507,-2.05695e-06,-2.05191e-05,0,0.000104546,-0.00920819
0,-0.0274414,-5.75897e-06,-2.05391e-05,0,9.69589e-05,-0.0105449
0,-0.0303129,-8.78526e-06,-2.06357e-05,0,8.99226e-05,-0.0116414
0,-0.0315413,-1.00499e-05,-2.07963e-05,0,8.33971e-05,-0.0120911
0,-0.0314661,-9.91997e-06,-2.0991e-05,0,7.73454e-05,-0.0120452
0,-0.0309719,-9.34028e-06,-2.119e-05,0,7.1733e-05,-0.0118516
0,-0.0303738,-8.64794e-06,-2.13797e-05,0,6.65281e-05,-0.0116228
0,-0.030281,-8.4349e-06,-2.15562e-05,0,1.96066e-06,-0.0122197
0,-0.0313788,-9.48195e-06,-2.17259e-05,0,-0.000139382,-0.0127643
0,-0.0317274,-9.72422e-06,-2.19103e-05,0,-0.000301428,-0.012989
0,-0.0327031,-1.06264e-05,-2.21036e-05,0,-0.000470012,-0.0134713
0,-0.0323846,-1.01458e-05,-2.23116e-05,0,-0.000641429,-0.0134219
-7.23315e-05,-0.03036,-7.85133e-06,-2.25169e-05,0,-0.00081273,-0.0127051
-0.000242523,-0.0260108,-3.09496e-06,-2.26854e-05,0,-0.000979408,-0.0110795
-0.000412715,-0.0265506,-3.5483e-06,-2.27711e-05,0,-0.0011383,-0.011435
-0.000582907,-0.0310734,-8.2284e-06,-2.28398e-05,0,-0.00128852,-0.0132992
-0.000753098,-0.0301019,-7.05383e-06,-2.2981e-05,0,-0.00142975,-0.0129016
-0.00092329,-0.0259484,-2.50398e-06,-2.31279e-05,0,-0.00156179,-0.0113107
-0.00109348,-0.0206177,3.27647e-06,-2.32008e-05,0,-0.00168441,-0.00929194
-0.00126367,-0.0137624,1.06481e-05,-2.31641e-05,0,-0.00179735,-0.0066761
0.00111901,-0.0359714,-8.5214e-06,-2.30986e-05,0,0.000652577,-0.013851
0.000884997,-0.0360018,-8.62277e-06,-2.3274e-05,0,0.000560611,-0.0136114
0.000778627,-0.0388445,-1.17032e-05,-2.33812e-05,0,0.000479563,-0.0147751
0.000608435,-0.0438341,-1.70408e-05,-2.35999e-05,0,0.000409126,-0.0167436
0.000438244,-0.0471818,-2.06013e-05,-2.3914e-05,0,0.000350282,-0.01802
0.000268052,-0.0449547,-1.82147e-05,-2.43082e-05,0,0.000303574,-0.0170925
9.78602e-05,-0.041091,-1.40879e-05,-2.46845e-05,0,0.000268961,-0.0155947
0,-0.0396177,-1.25061e-05,-2.49869e-05,0,0.000244311,-0.0150751
0,-0.0325375,-4.96947e-06,-2.52449e-05,0,0.000225229,-0.0122788
0,-0.0258247,2.15064e-06,-2.5382e-05,0,0.000208524,-0.00971454
0,-0.0228925,5.22808e-06,-2.53746e-05,0,0.000193291,-0.00865369
0,-0.0179705,1.04038e-05,-2.52854e-05,0,0.000179233,-0.00673981
0,-0.0150841,1.33927e-05,-2.51032e-05,0,0.000166213,-0.00566882
0,-0.013795,1.46675e-05,-2.48503e-05,0,0.000154144,-0.00520401
0,-0.0128234,1.55932e-05,-2.45633e-05,0,0.000142953,-0.00484115
0,-0.0127257,1.55803e-05,-2.42561e-05,0,0.000132575,-0.00482197
0,-0.0143058,1.37792e-05,-2.39444e-05,0,0.000122951,-0.00545902
0,-0.0162319,1.16121e-05,-2.36598e-05,0,0.000114026,-0.00620823
0,-0.0184403,9.14984e-06,-2.34167e-05,0,0.000105749,-0.00706452
0,-0.0196536,7.7509e-06,-2.32214e-05,0,9.80732e-05,-0.0075189
0,-0.023608,3.44549e-06,-2.30594e-05,0,9.09548e-05,-0.00908279
0,-0.0237549,3.20014e-06,-2.2969e-05,0,8.43533e-05,-0.00908404
0,-0.0251255,1.65725e-06,-2.29037e-05,0,7.82312e-05,-0.009632
0,-0.0258978,7.56987e-07,-2.28629e-05,0,7.25536e-05,-0.00992215
0,-0.0248768,1.76629e-06,-2.28432e-05,0,6.72882e-05,-0.00950509
0,-0.0234996,3.15082e-06,-2.2813e-05,0,6.24052e-05,-0.00897312
0,-0.0217493,4.92635e-06,-2.27569e-05,0,5.78767e-05,-0.00829743
0,-0.0202942,6.38069e-06,-2.26672e-05,0,5.36769e-05,-0.0077452
0,-0.0189962,7.66099e-06,-2.25469e-05,0,4.97821e-05,-0.00725104
0,-0.0162542,1.04673e-05,-2.24001e-05,0,4.617e-05,-0.00617767
0,-0.0162928,1.03064e-05,-2.22047e-05,0,4.28201e-05,-0.00623671
0,-0.0165103,9.95298e-06,-2.19978e-05,0,3.97134e-05,-0.00632445
0,-0.0178625,8.43229e-06,-2.1797e-05,0,-5.02089e-06,-0.00729913
0,-0.0210909,4.92416e-06,-2.16207e-05,0,-0.00010358,-0.00864099
0,-0.0255569,1.16391e-07,-2.15047e-05,0,-0.00021668,-0.0104467
0,-0.028996,-3.57881e-06,-2.14783e-05,0,-0.000334402,-0.0118203
0,-0.0296832,-4.33278e-06,-2.15314e-05,0,-0.000454182,-0.0121071
-4.48805e-05,-0.0279077,-2.46425e-06,-2.16143e-05,0,-0.000574075,-0.0114485
-0.000164562,-0.0183049,7.71062e-06,-2.1673e-05,0,-0.000690923,-0.00769735
-0.000284243,-0.00884048,1.76954e-05,-2.15696e-05,0,-0.000802382,-0.00411659
-0.000403924,-0.00650071,2.00679e-05,-2.12656e-05,0,-0.000907801,-0.00337395
-0.000523606,-0.00372806,2.28813e-05,-2.08761e-05,0,-0.00100695,-0.0023445
-0.000643287,-0.00232807,2.42156e-05,-2.04326e-05,0,-0.00109967,-0.0018651
-0.000762968,-0.00348581,2.2818e-05,-1.99549e-05,0,-0.0011858,-0.00238144
-0.00088265,-0.00466452,2.13938e-05,-1.94916e-05,0,-0.00126518,-0.00286255
0.000792889,-0.0345917,-1.36767e-05,-1.90352e-05,0,0.000457654,-0.0136223
0.000628327,-0.0353255,-1.44415e-05,-1.92289e-05,0,0.000392949,-0.0134272
0.000553526,-0.035132,-1.42127e-05,-1.94056e-05,0,0.00033588,-0.0133591
0.000433845,-0.036003,-1.51058e-05,-1.9691e-05,0,0.000286233,-0.0137236
0.000314163,-0.0361569,-1.52244e-05,-1.99886e-05,0,0.0002447,-0.0137829
0.000194482,-0.0314189,-1.01398e-05,-2.02925e-05,0,0.000211671,-0.0118978
7.48008e-05,-0.028756,-7.27272e-06,-2.05207e-05,0,0.000187149,-0.0109147
0,-0.0308669,-9.48118e-06,-2.06805e-05,0,0.000169765,-0.011805
0,-0.0294051,-7.88233e-06,-2.08591e-05,0,0.000156444,-0.0111948
0,-0.0274764,-5.78999e-06,-2.10247e-05,0,0.000144824,-0.0104525
0,-0.0282629,-6.58587e-06,-2.1151e-05,0,0.000134241,-0.0108011
0,-0.0272295,-5.44294e-06,-2.12787e-05,0,0.000124476,-0.0103811
0,-0.0220685,8.01488e-08,-2.13933e-05,0,0.000115434,-0.00834028
0,-0.0161271,6.40895e-06,-2.14193e-05,0,0.000107052,-0.0060508
0,-0.00796144,1.50698e-05,-2.13228e-05,0,9.92798e-05,-0.00288475
0,-0.00245853,2.08599e-05,-2.10647e-05,0,9.20724e-05,-0.000815822
0,2.33186e-05,2.34075e-05,-2.06764e-05,0,8.53885e-05,8.77604e-05
0,-0.000554365,2.26838e-05,-2.0221e-05,0,7.91901e-05,-0.000183902
0,-0.00378212,1.91374e-05,-1.97637e-05,0,7.34419e-05,-0.00146672
0,-0.00967499,1.27659e-05,-1.93633e-05,0,6.81111e-05,-0.00377301
0,-0.0151402,6.86816e-06,-1.90761e-05,0,6.31674e-05,-0.0058675
0,-0.0176658,4.1127e-06,-1.89092e-05,0,5.85827e-05,-0.0067945
0,-0.0194405,2.16463e-06,-1.88132e-05,0,5.4331e-05,-0.00746654
0,-0.0206229,8.53543e-07,-1.87602e-05,0,5.03879e-05,-0.0079134
0,-0.0228795,-1.59177e-06,-1.87365e-05,0,4.67312e-05,-0.00879815
0,-0.0256317,-4.55113e-06,-1.87561e-05,0,4.334e-05,-0.00986422
0,-0.0298665,-9.06884e-06,-1.88324e-05,0,4.0195e-05,-0.0115146
0,-0.0330644,-1.24613e-05,-1.89912e-05,0,3.72783e-05,-0.0127282
0,-0.034531,-1.39939e-05,-1.92234e-05,0,3.45733e-05,-0.0132661
0,-0.035672,-1.51661e-05,-1.94956e-05,0,3.20648e-05,-0.0137005
0,-0.0343957,-1.37582e-05,-1.97931e-05,0,2.97383e-05,-0.0131745
0,-0.0323996,-1.15838e-05,-2.00753e-05,0,2.75807e-05,-0.0123979
0,-0.0306689,-9.64373e-06,-2.03179e-05,0,-2.75242e-05,-0.0122932
0,-0.0300915,-8.93002e-06,-2.05204e-05,0,-0.000151043,-0.0121818
0,-0.0297041,-8.41567e-06,-2.07026e-05,0,-0.000293127,-0.0121266
0,-0.0311059,-9.7983e-06,-2.08735e-05,0,-0.000441195,-0.0127792
0,-0.0320084,-1.06402e-05,-2.10625e-05,0,-0.000592025,-0.0132005
-4.95385e-05,-0.0314773,-9.95143e-06,-2.12711e-05,0,-0.000743299,-0.0130517
-0.000201964,-0.02733,-5.42138e-06,-2.14736e-05,0,-0.000891009,-0.011475
-0.000354391,-0.0222237,1.10315e-07,-2.16047e-05,0,-0.00103201,-0.00956479
-0.000506817,-0.0220203,4.12949e-07,-2.16301e-05,0,-0.00116544,-0.00962099
-0.000659243,-0.0204257,2.18972e-06,-2.16234e-05,0,-0.00129097,-0.00904045
-0.000811669,-0.0152209,7.78942e-06,-2.15885e-05,0,-0.00140842,-0.0070336
-0.000964095,-0.0108283,1.24983e-05,-2.14607e-05,0,-0.00151757,-0.00540059
-0.00111652,-0.00554423,1.81263e-05,-2.12343e-05,0,-0.00161819,-0.00339348
0.00101744,-0.027375,-2.04951e-06,-2.09843e-05,0,0.000576401,-0.0105941
0.000807858,-0.0284332,-3.26652e-06,-2.09679e-05,0,0.000494303,-0.0107483
0.000712592,-0.0305607,-5.60925e-06,-2.10027e-05,0,0.000421854,-0.0116075
0.000560166,-0.0350785,-1.04739e-05,-2.11031e-05,0,0.000358782,-0.0133963
0.00040774,-0.0377187,-1.33168e-05,-2.12883e-05,0,0.000305972,-0.0143955
0.000255314,-0.0363234,-1.18537e-05,-2.15404e-05,0,0.000263933,-0.0138094
0.000102888,-0.0343239,-9.74595e-06,-2.17848e-05,0,0.000232714,-0.013042
0,-0.0340797,-9.50281e-06,-2.19903e-05,0,0.000210736,-0.0129833
0,-0.0294231,-4.56878e-06,-2.21815e-05,0,0.000194104,-0.0111349
0,-0.0245171,6.1419e-07,-2.22976e-05,0,0.000179661,-0.00925387
0,-0.0226287,2.57379e-06,-2.23112e-05,0,0.000166524,-0.00858114
0,-0.0186332,6.76245e-06,-2.22695e-05,0,0.000154409,-0.00702037
0,-0.0154558,1.00635e-05,-2.21552e-05,0,0.000143192,-0.00581808
0,-0.0158747,9.52889e-06,-2.19705e-05,0,0.000132794,-0.00603902
0,-0.0152737,1.00756e-05,-2.17772e-05,0,0.000123153,-0.00579721
0,-0.0159457,9.2647e-06,-2.15784e-05,0,0.000114212,-0.00607901
0,-0.0183013,6.66609e-06,-2.13891e-05,0,0.00010592,-0.00701336
0,-0.019962,4.81399e-06,-2.12428e-05,0,9.82314e-05,-0.0076441
0,-0.0225734,1.95923e-06,-2.11372e-05,0,9.11008e-05,-0.00866487
0,-0.0235611,8.40674e-07,-2.10838e-05,0,8.4488e-05,-0.00902244
0,-0.0271233,-3.00522e-06,-2.10614e-05,0,7.83555e-05,-0.0104327
0,-0.0275602,-3.51403e-06,-2.11022e-05,0,7.26683e-05,-0.0105553
0,-0.0277477,-3.75223e-06,-2.117e-05,0,6.73941e-05,-0.010626
0,-0.0281244,-4.18671e-06,-2.12438e-05,0,6.25029e-05,-0.0107759
0,-0.0275321,-3.58669e-06,-2.13254e-05,0,5.79668e-05,-0.0105358
0,-0.025849,-1.82768e-06,-2.14001e-05,0,5.37601e-05,-0.00987478
0,-0.0248695,-8.20336e-07,-2.14455e-05,0,4.98589e-05,-0.00951127
0,-0.0241517,-9.31702e-08,-2.14669e-05,0,4.62408e-05,-0.00924134
0,-0.0248596,-8.81425e-07,-2.14724e-05,0,4.28855e-05,-0.00953663
0,-0.024749,-7.9588e-07,-2.14861e-05,0,3.97737e-05,-0.00948311
0,-0.0246525,-7.24094e-07,-2.15025e-05,0,3.68878e-05,-0.00944764
0,-0.0265394,-2.75695e-06,-2.15173e-05,0,3.42115e-05,-0.0102039
0,-0.0275568,-3.8039e-06,-2.15623e-05,0,-2.35893e-05,-0.0111613
0,-0.0305087,-6.89681e-06,-2.16331e-05,0,-0.000152629,-0.0124214
0,-0.0345853,-1.11661e-05,-2.17556e-05,0,-0.000300986,-0.014099
0,-0.0383121,-1.50395e-05,-2.19576e-05,0,-0.000455566,-0.0156158
0,-0.0412415,-1.80415e-05,-2.2239e-05,0,-0.000613058,-0.0168148
-4.38305e-05,-0.0392733,-1.58214e-05,-2.25848e-05,0,-0.000771217,-0.0160648
-0.000203214,-0.0323494,-8.34011e-06,-2.29123e-05,0,-0.000925869,-0.0134049
-0.000362598,-0.0234195,1.24497e-06,-2.31165e-05,0,-0.00107358,-0.0100136
-0.000521982,-0.0197841,5.16889e-06,-2.31396e-05,0,-0.00121339,-0.00876082
-0.000681366,-0.0159375,9.29744e-06,-2.30558e-05,0,-0.00134497,-0.00733628
-0.00084075,-0.0123743,1.31024e-05,-2.28905e-05,0,-0.0014681,-0.00602189
-0.00100013,-0.0102091,1.53996e-05,-2.26475e-05,0,-0.00158259,-0.0052553
-0.00115952,-0.0096024,1.60237e-05,-2.2351e-05,0,-0.00168817,-0.00508375
0.00107186,-0.0376749,-1.57259e-05,-2.2043e-05,0,0.000606202,-0.0147078
0.000852703,-0.0400263,-1.8133e-05,-2.23198e-05,0,0.000519938,-0.0152107
0.000753088,-0.0413097,-1.93912e-05,-2.25344e-05,0,0.000443735,-0.0157143
0.000593705,-0.0415393,-1.95151e-05,-2.2916e-05,0,0.00037731,-0.0158046
0.000434321,-0.0398535,-1.75952e-05,-2.33057e-05,0,0.000321587,-0.0151428
0.000274937,-0.0347871,-1.20853e-05,-2.36672e-05,0,0.000277108,-0.0131577
0.000115553,-0.0298402,-6.71922e-06,-2.39364e-05,0,0.000243967,-0.01127
0,-0.0318916,-8.80275e-06,-2.40976e-05,0,0.000220683,-0.0121736
0,-0.030808,-7.54645e-06,-2.42633e-05,0,0.0002032,-0.0117171
0,-0.0297424,-6.31201e-06,-2.44205e-05,0,0.000188063,-0.0113152
0,-0.0293457,-5.79121e-06,-2.45529e-05,0,0.000174308,-0.0111797
0,-0.0261933,-2.34564e-06,-2.46713e-05,0,0.000161625,-0.00993297
0,-0.0218853,2.3122e-06,-2.47355e-05,0,0.000149884,-0.00826655
0,-0.0161788,8.43269e-06,-2.47125e-05,0,0.000139,-0.00605899
0,-0.00729692,1.78932e-05,-2.45745e-05,0,0.000128908,-0.00260445
0,-0.00131034,2.423e-05,-2.42639e-05,0,0.00011955,-0.000354375
0,0.00101195,2.66359e-05,-2.3811e-05,0,0.000110871,0.000477128
0,0.000790996,2.63163e-05,-2.32903e-05,0,0.000102823,0.000349479
0,-0.00292122,2.2276e-05,-2.27624e-05,0,9.53592e-05,-0.00113309
0,-0.00931424,1.53933e-05,-2.22966e-05,0,8.84375e-05,-0.00363243
0,-0.013906,1.04423e-05,-2.19544e-05,0,8.20184e-05,-0.00537118
0,-0.0164436,7.68677e-06,-2.17208e-05,0,7.60655e-05,-0.00631702
0,-0.0176283,6.3751e-06,-2.15533e-05,0,7.05448e-05,-0.00675386
0,-0.0188375,5.03994e-06,-2.14192e-05,0,6.5425e-05,-0.00722101
0,-0.0207484,2.96312e-06,-2.13117e-05,0,6.0677e-05,-0.00796783
0,-0.0229332,6.031e-07,-2.12421e-05,0,5.62737e-05,-0.0088131
0,-0.0264893,-3.20278e-06,-2.12182e-05,0,5.21901e-05,-0.0102016
0,-0.0300383,-6.98319e-06,-2.12632e-05,0,4.8403e-05,-0.0115662
0,-0.0324051,-9.48854e-06,-2.1384e-05,0,4.48908e-05,-0.0124586
0,-0.0339197,-1.10732e-05,-2.15612e-05,0,4.16336e-05,-0.0130287
0,-0.0347685,-1.19379e-05,-2.17748e-05,0,3.86128e-05,-0.0133459
0,-0.0338922,-1.09607e-05,-2.20092e-05,0,3.58114e-05,-0.0129844
0,-0.0337564,-1.07111e-05,-2.22333e-05,0,-2.66399e-05,-0.013571
0,-0.0357176,-1.26824e-05,-2.24488e-05,0,-0.000166177,-0.0144612
0,-0.0372347,-1.41668e-05,-2.26926e-05,0,-0.000326619,-0.0151396
0,-0.038416,-1.52808e-05,-2.29685e-05,0,-0.0004938,-0.0156865
0,-0.0390564,-1.58081e-05,-2.32685e-05,0,-0.000664138,-0.0160175
-4.74234e-05,-0.0365275,-1.29604e-05,-2.35821e-05,0,-0.000835201,-0.0150853
-0.000219872,-0.0310362,-6.97296e-06,-2.38555e-05,0,-0.00100247,-0.0130121
-0.000392321,-0.0242255,3.93446e-07,-2.40249e-05,0,-0.00116224,-0.0104507
-0.000564769,-0.0246243,7.38613e-08,-2.40539e-05,0,-0.00131346,-0.0107815
-0.000737218,-0.023777,1.07668e-06,-2.40508e-05,0,-0.00145578,-0.0104974
-0.000909667,-0.0190827,6.15719e-06,-2.40343e-05,0,-0.00158897,-0.00868947
-0.00108212,-0.0145272,1.10644e-05,-2.39365e-05,0,-0.0017128,-0.00698925
-0.00125456,-0.00960277,1.63355e-05,-2.37398e-05,0,-0.001827,-0.00513319
0.00115972,-0.0334009,-6.5917e-06,-2.35185e-05,0,0.000655473,-0.0129203
0.000931223,-0.0325569,-5.73745e-06,-2.36049e-05,0,0.000562085,-0.0122784
0.00081482,-0.0335487,-6.83103e-06,-2.36866e-05,0,0.000479562,-0.012716
0.000642371,-0.0381317,-1.17269e-05,-2.38178e-05,0,0.000407704,-0.0145507
0.000469923,-0.0411958,-1.49819e-05,-2.40278e-05,0,0.000347444,-0.0157202
0.000297474,-0.0401716,-1.38732e-05,-2.43112e-05,0,0.000299354,-0.0152774
0.000125025,-0.0381185,-1.16674e-05,-2.45942e-05,0,0.000263529,-0.0144842
0,-0.0382029,-1.17321e-05,-2.48386e-05,0,0.000238368,-0.0145586
0,-0.0343181,-7.57526e-06,-2.50729e-05,0,0.000219481,-0.0130143
0,-0.0289499,-1.85534e-06,-2.52452e-05,0,0.000203131,-0.0109378
0,-0.0268359,3.88136e-07,-2.53109e-05,0,0.000188274,-0.0101829
0,-0.022442,5.04343e-06,-2.53143e-05,0,0.000174575,-0.00846722
0,-0.0198205,7.79583e-06,-2.52368e-05,0,0.000161893,-0.00749374
0,-0.0183562,9.3046e-06,-2.50946e-05,0,0.000150137,-0.0069548
0,-0.0189726,8.59372e-06,-2.4916e-05,0,0.000139237,-0.00722856
0,-0.0204992,6.91515e-06,-2.47406e-05,0,0.000129128,-0.00783358
0,-0.0233538,3.8304e-06,-2.45939e-05,0,0.000119754,-0.00895459
0,-0.0261671,8.00671e-07,-2.45019e-05,0,0.000111061,-0.0100384
0,-0.0285752,-1.78611e-06,-2.44707e-05,0,0.000103,-0.0109608
0,-0.0312264,-4.61881e-06,-2.44935e-05,0,9.55233e-05,-0.0119862
0,-0.0334931,-7.02852e-06,-2.45717e-05,0,8.85899e-05,-0.012854
0,-0.0330347,-6.53066e-06,-2.47003e-05,0,8.216e-05,-0.0126393
0,-0.032987,-6.4666e-06,-2.48334e-05,0,7.6197e-05,-0.0126301
0,-0.031348,-4.70929e-06,-2.4963e-05,0,7.0667e-05,-0.011979
0,-0.0298013,-3.05408e-06,-2.5066e-05,0,6.55386e-05,-0.0113889
0,-0.027525,-6.29015e-07,-2.51353e-05,0,6.07825e-05,-0.0105059
0,-0.0255097,1.50973e-06,-2.516e-05,0,5.63717e-05,-0.00973813
0,-0.0231372,4.01841e-06,-2.51405e-05,0,5.22811e-05,-0.00882356
0,-0.0214654,5.77105e-06,-2.50727e-05,0,4.84876e-05,-0.00819412
0,-0.0212479,5.96961e-06,-2.49661e-05,0,4.49694e-05,-0.00813456
0,-0.0205547,6.66946e-06,-2.48477e-05,0,4.17066e-05,-0.00786262
0,-0.0224979,4.56413e-06,-2.47178e-05,0,3.86807e-05,-0.00865065
0,-0.0242472,2.72648e-06,-2.4616e-05,0,-2.2882e-05,-0.00993644
0,-0.0281075,-1.34528e-06,-2.45522e-05,0,-0.0001601,-0.0115545
0,-0.031955,-5.385e-06,-2.45588e-05,0,-0.000317827,-0.013133
0,-0.0368846,-1.05534e-05,-2.46463e-05,0,-0.00048217,-0.0151397
0,-0.0399227,-1.36863e-05,-2.48315e-05,0,-0.00064966,-0.0163695
-3.82346e-05,-0.0389315,-1.25206e-05,-2.50896e-05,0,-0.000818087,-0.0160135
-0.000208166,-0.031553,-4.57135e-06,-2.53458e-05,0,-0.000983025,-0.0131623
-0.000378098,-0.0247687,2.71734e-06,-2.5477e-05,0,-0.00114064,-0.0106394
-0.00054803,-0.0220545,5.65327e-06,-2.54591e-05,0,-0.00128988,-0.00972599
-0.000717962,-0.0181116,9.87802e-06,-2.53607e-05,0,-0.00143037,-0.00825281
-0.000887893,-0.014068,1.41865e-05,-2.51843e-05,0,-0.00156189,-0.00675155
-0.00105783,-0.0125296,1.58094e-05,-2.49221e-05,0,-0.00168421,-0.00624568
-0.00122776,-0.0119891,1.63568e-05,-2.4614e-05,0,-0.00179707,-0.00609369
0.00115129,-0.0411499,-1.73475e-05,-2.42896e-05,0,0.000648814,-0.0160558
0.000926128,-0.0439646,-2.02254e-05,-2.45808e-05,0,0.000556401,-0.0167177
0.000811424,-0.0441236,-2.02659e-05,-2.48394e-05,0,0.000474663,-0.0167665
0.000641492,-0.0444322,-2.04548e-05,-2.52446e-05,0,0.000403398,-0.0169069
0.000471561,-0.0438096,-1.96444e-05,-2.56527e-05,0,0.00034353,-0.0166696
0.000301629,-0.0387486,-1.41157e-05,-2.60497e-05,0,0.000295629,-0.0146711
0.000131697,-0.03455,-9.51894e-06,-2.63596e-05,0,0.000259837,-0.0130828
0,-0.0356945,-1.06104e-05,-2.6573e-05,0,0.000234757,-0.0136134
0,-0.0336201,-8.27644e-06,-2.67797e-05,0,0.000216084,-0.0127757
0,-0.0302706,-4.59597e-06,-2.69569e-05,0,0.000199968,-0.0114774
0,-0.0269439,-9.54518e-07,-2.70672e-05,0,0.000185337,-0.0102072
0,-0.0228523,3.48247e-06,-2.71045e-05,0,0.000171851,-0.00863071
0,-0.0183891,8.29167e-06,-2.70571e-05,0,0.000159366,-0.00691707
0,-0.0132373,1.38056e-05,-2.69153e-05,0,0.000147794,-0.00493373
0,-0.00651244,2.09576e-05,-2.66668e-05,0,0.000137064,-0.00233235
0,-0.00131725,2.64433e-05,-2.62834e-05,0,0.000127114,-0.000365535
0,0.00108192,2.89221e-05,-2.57819e-05,0,0.000117886,0.000508527
0,7.62989e-05,2.77591e-05,-2.52159e-05,0,0.000109329,6.61179e-05
0,-0.0048838,2.23863e-05,-2.46549e-05,0,0.000101393,-0.00190296
0,-0.0121157,1.46106e-05,-2.41803e-05,0,9.40334e-05,-0.00471838
0,-0.0180836,8.20037e-06,-2.38492e-05,0,8.72083e-05,-0.006994
0,-0.0208204,5.24232e-06,-2.36531e-05,0,8.08788e-05,-0.00799848
0,-0.0219805,3.96784e-06,-2.35335e-05,0,7.50089e-05,-0.00842263
0,-0.0216929,4.23403e-06,-2.34478e-05,0,6.95653e-05,-0.00829262
0,-0.0221816,3.67341e-06,-2.33644e-05,0,6.45168e-05,-0.00849457
0,-0.023317,2.42716e-06,-2.32882e-05,0,5.9835e-05,-0.00894272
0,-0.0261171,-5.81985e-07,-2.32334e-05,0,5.5493e-05,-0.0100455
0,-0.0292978,-3.98197e-06,-2.323e-05,0,5.14663e-05,-0.0112747
0,-0.0317485,-6.5903e-06,-2.32926e-05,0,4.77319e-05,-0.0122064
0,-0.0337063,-8.66043e-06,-2.34114e-05,0,4.42686e-05,-0.0129523
0,-0.0348854,-9.89008e-06,-2.35742e-05,0,4.10567e-05,-0.0133947
0,-0.0335496,-8.43881e-06,-2.37659e-05,0,3.8078e-05,-0.0128447
0,-0.0326376,-7.39077e-06,-2.39419e-05,0,-1.50931e-05,-0.0130305
0,-0.0351121,-9.93765e-06,-2.4095e-05,0,-0.000133145,-0.0141214
0,-0.0375198,-1.23973e-05,-2.4281e-05,0,-0.000268768,-0.0151319
0,-0.0406021,-1.55562e-05,-2.45166e-05,0,-0.000410046,-0.0164093
0,-0.0434955,-1.84932e-05,-2.4812e-05,0,-0.000554002,-0.0175967
-3.28025e-05,-0.0442045,-1.90897e-05,-2.51672e-05,0,-0.000698744,-0.0179097
-0.000178591,-0.0422289,-1.68238e-05,-2.5546e-05,0,-0.000840474,-0.0171787
-0.00032438,-0.0375664,-1.17064e-05,-2.58938e-05,0,-0.000975907,-0.01541
-0.000470169,-0.0369925,-1.09458e-05,-2.61535e-05,0,-0.00110414,-0.0153094
-0.000615958,-0.0365797,-1.03551e-05,-2.63762e-05,0,-0.00122485,-0.0152047
-0.000761746,-0.0317554,-5.07984e-06,-2.65863e-05,0,-0.00133785,-0.0133302
-0.000907535,-0.0277491,-6.93872e-07,-2.67142e-05,0,-0.00144295,-0.0118443
-0.00105332,-0.0239311,3.47236e-06,-2.675e-05,0,-0.00153992,-0.0104156
0.000987719,-0.0494693,-2.5872e-05,-2.67014e-05,0,0.000558339,-0.0192216
0.000801838,-0.0481923,-2.42905e-05,-2.72144e-05,0,0.000478861,-0.018308
0.000696141,-0.0480283,-2.38912e-05,-2.75746e-05,0,0.000408535,-0.0182859
0.000550353,-0.0500701,-2.58255e-05,-2.80544e-05,0,0.000347276,-0.0191207
0.000404564,-0.0506475,-2.61867e-05,-2.85612e-05,0,0.000295821,-0.0193337
0.000258775,-0.0480351,-2.31495e-05,-2.90831e-05,0,0.000254645,-0.0182929
0.000112986,-0.0446584,-1.93047e-05,-2.95613e-05,0,0.000223864,-0.0169938
0,-0.0442996,-1.86733e-05,-2.99666e-05,0,0.000202279,-0.0169101
0,-0.039441,-1.32618e-05,-3.03433e-05,0,0.000186195,-0.0149825
0,-0.0318636,-4.98324e-06,-3.06356e-05,0,0.00017231,-0.0120376
0,-0.027343,1.40883e-08,-3.07766e-05,0,0.000159703,-0.0103544
0,-0.0217618,6.11231e-06,-3.08013e-05,0,0.000148083,-0.0082005
0,-0.0194782,8.67652e-06,-3.07096e-05,0,0.000137325,-0.00737922
0,-0.0165914,1.18612e-05,-3.05489e-05,0,0.000127354,-0.0062662
0,-0.0162139,1.23579e-05,-3.03276e-05,0,0.000118108,-0.00616407
0,-0.0173784,1.12044e-05,-3.00829e-05,0,0.000109534,-0.00663899
0,-0.0205927,7.86915e-06,-2.9853e-05,0,0.000101582,-0.0079085
0,-0.0244821,3.82274e-06,-2.9679e-05,0,9.42085e-05,-0.00941588
0,-0.0279851,1.97198e-07,-2.95823e-05,0,8.73702e-05,-0.0107584
0,-0.0315753,-3.50948e-06,-2.95602e-05,0,8.10286e-05,-0.0121414
0,-0.0338,-5.75279e-06,-2.96119e-05,0,7.51474e-05,-0.0129777
0,-0.0339627,-5.79758e-06,-2.97157e-05,0,6.96934e-05,-0.0130111
0,-0.0348338,-6.59424e-06,-2.98314e-05,0,6.46353e-05,-0.0133589
0,-0.0344041,-6.00604e-06,-2.99593e-05,0,5.99445e-05,-0.0131762
0,-0.0336656,-5.09203e-06,-3.00824e-05,0,5.55944e-05,-0.01289
0,-0.0317557,-2.93833e-06,-3.01888e-05,0,5.156e-05,-0.0121405
0,-0.0300031,-9.61786e-07,-3.02583e-05,0,4.78186e-05,-0.0114717
0,-0.0280933,1.17115e-06,-3.02875e-05,0,4.43488e-05,-0.0107376
0,-0.0247528,4.81094e-06,-3.02747e-05,0,4.11309e-05,-0.00943444
0,-0.0238215,5.87267e-06,-3.01967e-05,0,3.81466e-05,-0.00911513
0,-0.0202731,9.70263e-06,-3.00845e-05,0,3.53789e-05,-0.00771378
0,-0.0204059,9.60106e-06,-2.99096e-05,0,3.28121e-05,-0.00782236
0,-0.022679,7.21979e-06,-2.97171e-05,0,3.04317e-05,-0.00872919
0,-0.0230451,6.93538e-06,-2.95608e-05,0,-4.7859e-05,-0.00962352
0,-0.0261798,3.70777e-06,-2.94207e-05,0,-0.000224204,-0.0109979
0,-0.0292713,5.36014e-07,-2.93304e-05,0,-0.00042713,-0.0123091
0,-0.0309701,-1.1457e-06,-2.93038e-05,0,-0.000638429,-0.0130589
0,-0.031724,-1.81811e-06,-2.93183e-05,0,-0.000852803,-0.0134458
-0.000193262,-0.0265539,3.80123e-06,-2.93513e-05,0,-0.00106433,-0.0114736
-0.000402195,-0.0187663,1.21732e-05,-2.93034e-05,0,-0.00126721,-0.00853856
-0.000611127,-0.0172613,1.38329e-05,-2.91018e-05,0,-0.00145959,-0.00814385
-0.000820059,-0.0155573,1.56877e-05,-2.88334e-05,0,-0.00164091,-0.00756495
-0.00102899,-0.0135759,1.78193e-05,-2.85289e-05,0,-0.00181089,-0.00686984
-0.00123792,-0.013406,1.80077e-05,-2.81832e-05,0,-0.00196929,-0.00689411
-0.00144686,-0.0135624,1.78377e-05,-2.7824e-05,0,-0.00211584,-0.00701292
0.0014782,-0.0397482,-1.33054e-05,-2.74664e-05,0,0.000883801,-0.0153923
0.00118569,-0.0410445,-1.4561e-05,-2.76832e-05,0,0.000762832,-0.0154921
0.00106033,-0.0412278,-1.46267e-05,-2.78517e-05,0,0.000655111,-0.015585
