-0.102494 -0.102494 -0.102494 -0.102494 -0.102494 -0.102494 -0.102494 -0.102494 -0.102494 -0.102494 -0.102494 -0.102494 -0.102494 -0.102494 -0.102494 -0.102494 -0.102494 -0.102494 -0.102494 -0.102494 -0.102494 -0.102494 -0.102494 -0.102494 -0.102494 -0.102494 -0.102494 -0.102494 -0.102494 -0.102494 -0.102494 -0.102494 -0.102494 -0.102494 -0.102494 -0.102494 -0.102494 -0.102494 -0.102494 -0.102494 -0.102494 -0.102494 -0.102494 -0.102494 -0.102494 -0.102494 -0.102494 -0.102494 -0.102494 -0.102494 -0.102494 -0.102494 -0.102494 -0.102494 -0.102494 -0.102494 -0.102494 -0.102494 -0.102494 -0.102494 -0.102494 -0.102494 -0.102494 -0.102494 -0.102494 -0.102494 -0.102494 -0.102494 -0.102494 -0.102494 -0.102494 -0.102494 -0.102494 -0.102494 -0.102494 -0.102494 -0.102494 -0.102494 -0.102494 -0.102494 -0.102494 -0.102494 -0.102494 -0.102494 -0.102494 -0.102494 -0.102494 -0.102494 -0.102494 -0.102494 -0.102494 -0.102494 -0.102494 -0.102494 -0.102494 -0.102494 -0.102494 -0.102494 -0.102494 -0.102494
-0.102494 -0.102494 -0.102494 -0.102494 -0.102494 -0.102494 -0.102494 -0.102494 -0.102494 -0.102494 -0.102494 -0.102494 -0.102494 -0.102494 -0.102494 -0.102494 -0.102494 -0.102494 -0.102494 -0.102494 -0.102494 -0.102494 -0.102494 -0.102494 -0.102494 -0.102494 -0.102494 -0.102494 -0.102494 -0.102494 -0.102494 -0.102494 -0.102494 -0.102494 -0.102494 -0.102494 -0.102494 -0.102494 -0.102494 -0.102494 -0.102494 -0.102494 -0.102494 -0.102494 -0.102494 -0.102494 -0.102494 -0.102494 -0.102494 -0.102494 -0.102494 -0.102494 -0.102494 -0.102494 -0.102494 -0.102494 -0.102494 -0.102494 -0.102494 -0.102494 -0.102494 -0.102494 -0.102494 -0.102494 -0.102494 -0.102494 -0.102494 -0.102494 -0.102494 -0.102494 -0.102494 -0.102494 -0.102494 -0.102494 -0.102494 -0.102494 -0.102494 -0.102494 -0.102494 -0.102494 -0.102494 -0.102494 -0.102494 -0.102494 -0.102494 -0.102494 -0.102494 -0.102494 -0.102494 -0.102494 -0.102494 -0.102494 -0.102494 -0.102494 -0.102494 -0.102494 -0.102494 -0.102494 -0.102494         0
-0.102494 -0.102494 -0.102494 -0.102494 -0.102494 -0.102494 -0.102494 -0.102494 -0.102494 -0.102494 -0.102494 -0.102494 -0.102494 -0.102494 -0.102494 -0.102494 -0.102494 -0.102494 -0.102494 -0.102494 -0.102494 -0.102494 -0.102494 -0.102494 -0.102494 -0.102494 -0.102494 -0.102494 -0.102494 -0.102494 -0.102494 -0.102494 -0.102494 -0.102494 -0.102494 -0.102494 -0.102494 -0.102494 -0.102494 -0.102494 -0.102494 -0.102494 -0.102494 -0.102494 -0.102494 -0.102494 -0.102494 -0.102494 -0.102494 -0.102494 -0.102494 -0.102494 -0.102494 -0.102494 -0.102494 -0.102494 -0.102494 -0.102494 -0.102494 -0.102494 -0.102494 -0.102494 -0.102494 -0.102494 -0.102494 -0.102494 -0.102494 -0.102494 -0.102494 -0.102494 -0.102494 -0.102494 -0.102494 -0.102494 -0.102494 -0.102494 -0.102494 -0.102494 -0.102494 -0.102494 -0.102494 -0.102494 -0.102494 -0.102494 -0.102494 -0.102494 -0.102494 -0.102494 -0.102494 -0.102494 -0.102494 -0.102494 -0.102494 -0.102494 -0.102494 -0.102494 -0.102494 -0.102494         0         0
-0.102494 -0.102494 -0.102494 -0.102494 -0.102494 -0.102494 -0.102494 -0.102494 -0.102494 -0.102494 -0.102494 -0.102494 -0.102494 -0.102494 -0.102494 -0.102494 -0.102494 -0.102494 -0.102494 -0.102494 -0.102494 -0.102494 -0.102494 -0.102494 -0.102494 -0.102494 -0.102494 -0.102494 -0.102494 -0.102494 -0.102494 -0.102494 -0.102494 -0.102494 -0.102494 -0.102494 -0.102494 -0.102494 -0.102494 -0.102494 -0.102494 -0.102494 -0.102494 -0.102494 -0.102494 -0.102494 -0.102494 -0.102494 -0.102494 -0.102494 -0.102494 -0.102494 -0.102494 -0.102494 -0.102494 -0.102494 -0.102494 -0.102494 -0.102494 -0.102494 -0.102494 -0.102494 -0.102494 -0.102494 -0.102494 -0.102494 -0.102494 -0.102494 -0.102494 -0.102494 -0.102494 -0.102494 -0.102494 -0.102494 -0.102494 -0.102494 -0.102494 -0.102494 -0.102494 -0.102494 -0.102494 -0.102494 -0.102494 -0.102494 -0.102494 -0.102494 -0.102494 -0.102494 -0.102494 -0.102494 -0.102494 -0.102494 -0.102494 -0.102494 -0.102494 -0.102494 -0.102494         0         0         0
-0.102494 -0.102494 -0.102494 -0.102494 -0.102494 -0.102494 -0.102494 -0.102494 -0.102494 -0.102494 -0.102494 -0.102494 -0.102494 -0.102494 -0.102494 -0.102494 -0.102494 -0.102494 -0.102494 -0.102494 -0.102494 -0.102494 -0.102494 -0.102494 -0.102494 -0.102494 -0.102494 -0.102494 -0.102494 -0.102494 -0.102494 -0.102494 -0.102494 -0.102494 -0.102494 -0.102494 -0.102494 -0.102494 -0.102494 -0.102494 -0.102494 -0.102494 -0.102494 -0.102494 -0.102494 -0.102494 -0.102494 -0.102494 -0.102494 -0.102494 -0.102494 -0.102494 -0.102494 -0.102494 -0.102494 -0.102494 -0.102494 -0.102494 -0.102494 -0.102494 -0.102494 -0.102494 -0.102494 -0.102494 -0.102494 -0.102494 -0.102494 -0.102494 -0.102494 -0.102494 -0.102494 -0.102494 -0.102494 -0.102494 -0.102494 -0.102494 -0.102494 -0.102494 -0.102494 -0.102494 -0.102494 -0.102494 -0.102494 -0.102494 -0.102494 -0.102494 -0.102494 -0.102494 -0.102494 -0.102494 -0.102494 -0.102494 -0.102494 -0.102494 -0.102494 -0.102494         0         0         0         0
-0.102494 -0.102494 -0.102494 -0.102494 -0.102494 -0.102494 -0.102494 -0.102494 -0.102494 -0.102494 -0.102494 -0.102494 -0.102494 -0.102494 -0.102494 -0.102494 -0.102494 -0.102494 -0.102494 -0.102494 -0.102494 -0.102494 -0.102494 -0.102494 -0.102494 -0.102494 -0.102494 -0.102494 -0.102494 -0.102494 -0.102494 -0.102494 -0.102494 -0.102494 -0.102494 -0.102494 -0.102494 -0.102494 -0.102494 -0.102494 -0.102494 -0.102494 -0.102494 -0.102494 -0.102494 -0.102494 -0.102494 -0.102494 -0.102494 -0.102494 -0.102494 -0.102494 -0.102494 -0.102494 -0.102494 -0.102494 -0.102494 -0.102494 -0.102494 -0.102494 -0.102494 -0.102494 -0.102494 -0.102494 -0.102494 -0.102494 -0.102494 -0.102494 -0.102494 -0.102494 -0.102494 -0.102494 -0.102494 -0.102494 -0.102494 -0.102494 -0.102494 -0.102494 -0.102494 -0.102494 -0.102494 -0.102494 -0.102494 -0.102494 -0.102494 -0.102494 -0.102494 -0.102494 -0.102494 -0.102494 -0.102494 -0.102494 -0.102494 -0.102494 -0.102494         0         0         0         0         0
-0.102494 -0.102494 -0.102494 -0.102494 -0.102494 -0.102494 -0.102494 -0.102494 -0.102494 -0.102494 -0.102494 -0.102494 -0.102494 -0.102494 -0.102494 -0.102494 -0.102494 -0.102494 -0.102494 -0.102494 -0.102494 -0.102494 -0.102494 -0.102494 -0.102494 -0.102494 -0.102494 -0.102494 -0.102494 -0.102494 -0.102494 -0.102494 -0.102494 -0.102494 -0.102494 -0.102494 -0.102494 -0.102494 -0.102494 -0.102494 -0.102494 -0.102494 -0.102494 -0.102494 -0.102494 -0.102494 -0.102494 -0.102494 -0.102494 -0.102494 -0.102494 -0.102494 -0.102494 -0.102494 -0.102494 -0.102494 -0.102494 -0.102494 -0.102494 -0.102494 -0.102494 -0.102494 -0.102494 -0.102494 -0.102494 -0.102494 -0.102494 -0.102494 -0.102494 -0.102494 -0.102494 -0.102494 -0.102494 -0.102494 -0.102494 -0.102494 -0.102494 -0.102494 -0.102494 -0.102494 -0.102494 -0.102494 -0.102494 -0.102494 -0.102494 -0.102494 -0.102494 -0.102494 -0.102494 -0.102494 -0.102494 -0.102494 -0.102494 -0.102494         0         0         0         0         0         0
-0.102494 -0.102494 -0.102494 -0.102494 -0.102494 -0.102494 -0.102494 -0.102494 -0.102494 -0.102494 -0.102494 -0.102494 -0.102494 -0.102494 -0.102494 -0.102494 -0.102494 -0.102494 -0.102494 -0.102494 -0.102494 -0.102494 -0.102494 -0.102494 -0.102494 -0.102494 -0.102494 -0.102494 -0.102494 -0.102494 -0.102494 -0.102494 -0.102494 -0.102494 -0.102494 -0.102494 -0.102494 -0.102494 -0.102494 -0.102494 -0.102494 -0.102494 -0.102494 -0.102494 -0.102494 -0.102494 -0.102494 -0.102494 -0.102494 -0.102494 -0.102494 -0.102494 -0.102494 -0.102494 -0.102494 -0.102494 -0.102494 -0.102494 -0.102494 -0.102494 -0.102494 -0.102494 -0.102494 -0.102494 -0.102494 -0.102494 -0.102494 -0.102494 -0.102494 -0.102494 -0.102494 -0.102494 -0.102494 -0.102494 -0.102494 -0.102494 -0.102494 -0.102494 -0.102494 -0.102494 -0.102494 -0.102494 -0.102494 -0.102494 -0.102494 -0.102494 -0.102494 -0.102494 -0.102494 -0.102494 -0.102494 -0.102494 -0.102494         0         0         0         0         0         0         0
-0.102494 -0.102494 -0.102494 -0.102494 -0.102494 -0.102494 -0.102494 -0.102494 -0.102494 -0.102494 -0.102494 -0.102494 -0.102494 -0.102494 -0.102494 -0.102494 -0.102494 -0.102494 -0.102494 -0.102494 -0.102494 -0.102494 -0.102494 -0.102494 -0.102494 -0.102494 -0.102494 -0.102494 -0.102494 -0.102494 -0.102494 -0.102494 -0.102494 -0.102494 -0.102494 -0.102494 -0.102494 -0.102494 -0.102494 -0.102494 -0.102494 -0.102494 -0.102494 -0.102494 -0.102494 -0.102494 -0.102494 -0.102494 -0.102494 -0.102494 -0.102494 -0.102494 -0.102494 -0.102494 -0.102494 -0.102494 -0.102494 -0.102494 -0.102494 -0.102494 -0.102494 -0.102494 -0.102494 -0.102494 -0.102494 -0.102494 -0.102494 -0.102494 -0.102494 -0.102494 -0.102494 -0.102494 -0.102494 -0.102494 -0.102494 -0.102494 -0.102494 -0.102494 -0.102494 -0.102494 -0.102494 -0.102494 -0.102494 -0.102494 -0.102494 -0.102494 -0.102494 -0.102494 -0.102494 -0.102494 -0.102494 -0.102494         0         0         0         0         0         0         0         0
-0.102494 -0.102494 -0.102494 -0.102494 -0.102494 -0.102494 -0.102494 -0.102494 -0.102494 -0.102494 -0.102494 -0.102494 -0.102494 -0.102494 -0.102494 -0.102494 -0.102494 -0.102494 -0.102494 -0.102494 -0.102494 -0.102494 -0.102494 -0.102494 -0.102494 -0.102494 -0.102494 -0.102494 -0.102494 -0.102494 -0.102494 -0.102494 -0.102494 -0.102494 -0.102494 -0.102494 -0.102494 -0.102494 -0.102494 -0.102494 -0.102494 -0.102494 -0.102494 -0.102494 -0.102494 -0.102494 -0.102494 -0.102494 -0.102494 -0.102494 -0.102494 -0.102494 -0.102494 -0.102494 -0.102494 -0.102494 -0.102494 -0.102494 -0.102494 -0.102494 -0.102494 -0.102494 -0.102494 -0.102494 -0.102494 -0.102494 -0.102494 -0.102494 -0.102494 -0.102494 -0.102494 -0.102494 -0.102494 -0.102494 -0.102494 -0.102494 -0.102494 -0.102494 -0.102494 -0.102494 -0.102494 -0.102494 -0.102494 -0.102494 -0.102494 -0.102494 -0.102494 -0.102494 -0.102494 -0.102494 -0.102494         0         0         0         0         0         0         0         0         0
-0.102494 -0.102494 -0.102494 -0.102494 -0.102494 -0.102494 -0.102494 -0.102494 -0.102494 -0.102494 -0.102494 -0.102494 -0.102494 -0.102494 -0.102494 -0.102494 -0.102494 -0.102494 -0.102494 -0.102494 -0.102494 -0.102494 -0.102494 -0.102494 -0.102494 -0.102494 -0.102494 -0.102494 -0.102494 -0.102494 -0.102494 -0.102494 -0.102494 -0.102494 -0.102494 -0.102494 -0.102494 -0.102494 -0.102494 -0.102494 -0.102494 -0.102494 -0.102494 -0.102494 -0.102494 -0.102494 -0.102494 -0.102494 -0.102494 -0.102494 -0.102494 -0.102494 -0.102494 -0.102494 -0.102494 -0.102494 -0.102494 -0.102494 -0.102494 -0.102494 -0.102494 -0.102494 -0.102494 -0.102494 -0.102494 -0.102494 -0.102494 -0.102494 -0.102494 -0.102494 -0.102494 -0.102494 -0.102494 -0.102494 -0.102494 -0.102494 -0.102494 -0.102494 -0.102494 -0.102494 -0.102494 -0.102494 -0.102494 -0.102494 -0.102494 -0.102494 -0.102494 -0.102494 -0.102494 -0.102494         0         0         0         0         0         0         0         0         0         0
-0.102494 -0.102494 -0.102494 -0.102494 -0.102494 -0.102494 -0.102494 -0.102494 -0.102494 -0.102494 -0.102494 -0.102494 -0.102494 -0.102494 -0.102494 -0.102494 -0.102494 -0.102494 -0.102494 -0.102494 -0.102494 -0.102494 -0.102494 -0.102494 -0.102494 -0.102494 -0.102494 -0.102494 -0.102494 -0.102494 -0.102494 -0.102494 -0.102494 -0.102494 -0.102494 -0.102494 -0.102494 -0.102494 -0.102494 -0.102494 -0.102494 -0.102494 -0.102494 -0.102494 -0.102494 -0.102494 -0.102494 -0.102494 -0.102494 -0.102494 -0.102494 -0.102494 -0.102494 -0.102494 -0.102494 -0.102494 -0.102494 -0.102494 -0.102494 -0.102494 -0.102494 -0.102494 -0.102494 -0.102494 -0.102494 -0.102494 -0.102494 -0.102494 -0.102494 -0.102494 -0.102494 -0.102494 -0.102494 -0.102494 -0.102494 -0.102494 -0.102494 -0.102494 -0.102494 -0.102494 -0.102494 -0.102494 -0.102494 -0.102494 -0.102494 -0.102494 -0.102494 -0.102494 -0.102494         0         0         0         0         0         0         0         0         0         0         0
-0.102494 -0.102494 -0.102494 -0.102494 -0.102494 -0.102494 -0.102494 -0.102494 -0.102494 -0.102494 -0.102494 -0.102494 -0.102494 -0.102494 -0.102494 -0.102494 -0.102494 -0.102494 -0.102494 -0.102494 -0.102494 -0.102494 -0.102494 -0.102494 -0.102494 -0.102494 -0.102494 -0.102494 -0.102494 -0.102494 -0.102494 -0.102494 -0.102494 -0.102494 -0.102494 -0.102494 -0.102494 -0.102494 -0.102494 -0.102494 -0.102494 -0.102494 -0.102494 -0.102494 -0.102494 -0.102494 -0.102494 -0.102494 -0.102494 -0.102494 -0.102494 -0.102494 -0.102494 -0.102494 -0.102494 -0.102494 -0.102494 -0.102494 -0.102494 -0.102494 -0.102494 -0.102494 -0.102494 -0.102494 -0.102494 -0.102494 -0.102494 -0.102494 -0.102494 -0.102494 -0.102494 -0.102494 -0.102494 -0.102494 -0.102494 -0.102494 -0.102494 -0.102494 -0.102494 -0.102494 -0.102494 -0.102494 -0.102494 -0.102494 -0.102494 -0.102494 -0.102494 -0.102494         0         0         0         0         0         0         0         0         0         0         0         0
-0.102494 -0.102494 -0.102494 -0.102494 -0.102494 -0.102494 -0.102494 -0.102494 -0.102494 -0.102494 -0.102494 -0.102494 -0.102494 -0.102494 -0.102494 -0.102494 -0.102494 -0.102494 -0.102494 -0.102494 -0.102494 -0.102494 -0.102494 -0.102494 -0.102494 -0.102494 -0.102494 -0.102494 -0.102494 -0.102494 -0.102494 -0.102494 -0.102494 -0.102494 -0.102494 -0.102494 -0.102494 -0.102494 -0.102494 -0.102494 -0.102494 -0.102494 -0.102494 -0.102494 -0.102494 -0.102494 -0.102494 -0.102494 -0.102494 -0.102494 -0.102494 -0.102494 -0.102494 -0.102494 -0.102494 -0.102494 -0.102494 -0.102494 -0.102494 -0.102494 -0.102494 -0.102494 -0.102494 -0.102494 -0.102494 -0.102494 -0.102494 -0.102494 -0.102494 -0.102494 -0.102494 -0.102494 -0.102494 -0.102494 -0.102494 -0.102494 -0.102494 -0.102494 -0.102494 -0.102494 -0.102494 -0.102494 -0.102494 -0.102494 -0.102494 -0.102494 -0.102494         0         0         0         0         0         0         0         0         0         0         0         0         0
-0.102494 -0.102494 -0.102494 -0.102494 -0.102494 -0.102494 -0.102494 -0.102494 -0.102494 -0.102494 -0.102494 -0.102494 -0.102494 -0.102494 -0.102494 -0.102494 -0.102494 -0.102494 -0.102494 -0.102494 -0.102494 -0.102494 -0.102494 -0.102494 -0.102494 -0.102494 -0.102494 -0.102494 -0.102494 -0.102494 -0.102494 -0.102494 -0.102494 -0.102494 -0.102494 -0.102494 -0.102494 -0.102494 -0.102494 -0.102494 -0.102494 -0.102494 -0.102494 -0.102494 -0.102494 -0.102494 -0.102494 -0.102494 -0.102494 -0.102494 -0.102494 -0.102494 -0.102494 -0.102494 -0.102494 -0.102494 -0.102494 -0.102494 -0.102494 -0.102494 -0.102494 -0.102494 -0.102494 -0.102494 -0.102494 -0.102494 -0.102494 -0.102494 -0.102494 -0.102494 -0.102494 -0.102494 -0.102494 -0.102494 -0.102494 -0.102494 -0.102494 -0.102494 -0.102494 -0.102494 -0.102494 -0.102494 -0.102494 -0.102494 -0.102494 -0.102494         0         0         0         0         0         0         0         0         0         0         0         0         0         0
-0.102494 -0.102494 -0.102494 -0.102494 -0.102494 -0.102494 -0.102494 -0.102494 -0.102494 -0.102494 -0.102494 -0.102494 -0.102494 -0.102494 -0.102494 -0.102494 -0.102494 -0.102494 -0.102494 -0.102494 -0.102494 -0.102494 -0.102494 -0.102494 -0.102494 -0.102494 -0.102494 -0.102494 -0.102494 -0.102494 -0.102494 -0.102494 -0.102494 -0.102494 -0.102494 -0.102494 -0.102494 -0.102494 -0.102494 -0.102494 -0.102494 -0.102494 -0.102494 -0.102494 -0.102494 -0.102494 -0.102494 -0.102494 -0.102494 -0.102494 -0.102494 -0.102494 -0.102494 -0.102494 -0.102494 -0.102494 -0.102494 -0.102494 -0.102494 -0.102494 -0.102494 -0.102494 -0.102494 -0.102494 -0.102494 -0.102494 -0.102494 -0.102494 -0.102494 -0.102494 -0.102494 -0.102494 -0.102494 -0.102494 -0.102494 -0.102494 -0.102494 -0.102494 -0.102494 -0.102494 -0.102494 -0.102494 -0.102494 -0.102494 -0.102494         0         0         0         0         0         0         0         0         0         0         0         0         0         0         0
-0.102494 -0.102494 -0.102494 -0.102494 -0.102494 -0.102494 -0.102494 -0.102494 -0.102494 -0.102494 -0.102494 -0.102494 -0.102494 -0.102494 -0.102494 -0.102494 -0.102494 -0.102494 -0.102494 -0.102494 -0.102494 -0.102494 -0.102494 -0.102494 -0.102494 -0.102494 -0.102494 -0.102494 -0.102494 -0.102494 -0.102494 -0.102494 -0.102494 -0.102494 -0.102494 -0.102494 -0.102494 -0.102494 -0.102494 -0.102494 -0.102494 -0.102494 -0.102494 -0.102494 -0.102494 -0.102494 -0.102494 -0.102494 -0.102494 -0.102494 -0.102494 -0.102494 -0.102494 -0.102494 -0.102494 -0.102494 -0.102494 -0.102494 -0.102494 -0.102494 -0.102494 -0.102494 -0.102494 -0.102494 -0.102494 -0.102494 -0.102494 -0.102494 -0.102494 -0.102494 -0.102494 -0.102494 -0.102494 -0.102494 -0.102494 -0.102494 -0.102494 -0.102494 -0.102494 -0.102494 -0.102494 -0.102494 -0.102494 -0.102494         0         0         0         0         0         0         0         0         0         0         0         0         0         0         0         0
-0.102494 -0.102494 -0.102494 -0.102494 -0.102494 -0.102494 -0.102494 -0.102494 -0.102494 -0.102494 -0.102494 -0.102494 -0.102494 -0.102494 -0.102494 -0.102494 -0.102494 -0.102494 -0.102494 -0.102494 -0.102494 -0.102494 -0.102494 -0.102494 -0.102494 -0.102494 -0.102494 -0.102494 -0.102494 -0.102494 -0.102494 -0.102494 -0.102494 -0.102494 -0.102494 -0.102494 -0.102494 -0.102494 -0.102494 -0.102494 -0.102494 -0.102494 -0.102494 -0.102494 -0.102494 -0.102494 -0.102494 -0.102494 -0.102494 -0.102494 -0.102494 -0.102494 -0.102494 -0.102494 -0.102494 -0.102494 -0.102494 -0.102494 -0.102494 -0.102494 -0.102494 -0.102494 -0.102494 -0.102494 -0.102494 -0.102494 -0.102494 -0.102494 -0.102494 -0.102494 -0.102494 -0.102494 -0.102494 -0.102494 -0.102494 -0.102494 -0.102494 -0.102494 -0.102494 -0.102494 -0.102494 -0.102494 -0.102494         0         0         0         0         0         0         0         0         0         0         0         0         0         0         0         0         0
-0.102494 -0.102494 -0.102494 -0.102494 -0.102494 -0.102494 -0.102494 -0.102494 -0.102494 -0.102494 -0.102494 -0.102494 -0.102494 -0.102494 -0.102494 -0.102494 -0.102494 -0.102494 -0.102494 -0.102494 -0.102494 -0.102494 -0.102494 -0.102494 -0.102494 -0.102494 -0.102494 -0.102494 -0.102494 -0.102494 -0.102494 -0.102494 -0.102494 -0.102494 -0.102494 -0.102494 -0.102494 -0.102494 -0.102494 -0.102494 -0.102494 -0.102494 -0.102494 -0.102494 -0.102494 -0.102494 -0.102494 -0.102494 -0.102494 -0.102494 -0.102494 -0.102494 -0.102494 -0.102494 -0.102494 -0.102494 -0.102494 -0.102494 -0.102494 -0.102494 -0.102494 -0.102494 -0.102494 -0.102494 -0.102494 -0.102494 -0.102494 -0.102494 -0.102494 -0.102494 -0.102494 -0.102494 -0.102494 -0.102494 -0.102494 -0.102494 -0.102494 -0.102494 -0.102494 -0.102494 -0.102494 -0.102494         0         0         0         0         0         0         0         0         0         0         0         0         0         0         0         0         0         0
-0.102494 -0.102494 -0.102494 -0.102494 -0.102494 -0.102494 -0.102494 -0.102494 -0.102494 -0.102494 -0.102494 -0.102494 -0.102494 -0.102494 -0.102494 -0.102494 -0.102494 -0.102494 -0.102494 -0.102494 -0.102494 -0.102494 -0.102494 -0.102494 -0.102494 -0.102494 -0.102494 -0.102494 -0.102494 -0.102494 -0.102494 -0.102494 -0.102494 -0.102494 -0.102494 -0.102494 -0.102494 -0.102494 -0.102494 -0.102494 -0.102494 -0.102494 -0.102494 -0.102494 -0.102494 -0.102494 -0.102494 -0.102494 -0.102494 -0.102494 -0.102494 -0.102494 -0.102494 -0.102494 -0.102494 -0.102494 -0.102494 -0.102494 -0.102494 -0.102494 -0.102494 -0.102494 -0.102494 -0.102494 -0.102494 -0.102494 -0.102494 -0.102494 -0.102494 -0.102494 -0.102494 -0.102494 -0.102494 -0.102494 -0.102494 -0.102494 -0.102494 -0.102494 -0.102494 -0.102494 -0.102494         0         0         0         0         0         0         0         0         0         0         0         0         0         0         0         0         0         0         0
-0.102494 -0.102494 -0.102494 -0.102494 -0.102494 -0.102494 -0.102494 -0.102494 -0.102494 -0.102494 -0.102494 -0.102494 -0.102494 -0.102494 -0.102494 -0.102494 -0.102494 -0.102494 -0.102494 -0.102494 -0.102494 -0.102494 -0.102494 -0.102494 -0.102494 -0.102494 -0.102494 -0.102494 -0.102494 -0.102494 -0.102494 -0.102494 -0.102494 -0.102494 -0.102494 -0.102494 -0.102494 -0.102494 -0.102494 -0.102494 -0.102494 -0.102494 -0.102494 -0.102494 -0.102494 -0.102494 -0.102494 -0.102494 -0.102494 -0.102494 -0.102494 -0.102494 -0.102494 -0.102494 -0.102494 -0.102494 -0.102494 -0.102494 -0.102494 -0.102494 -0.102494 -0.102494 -0.102494 -0.102494 -0.102494 -0.102494 -0.102494 -0.102494 -0.102494 -0.102494 -0.102494 -0.102494 -0.102494 -0.102494 -0.102494 -0.102494 -0.102494 -0.102494 -0.102494 -0.102494         0         0         0         0         0         0         0         0         0         0         0         0         0         0         0         0         0         0         0         0
-0.102494 -0.102494 -0.102494 -0.102494 -0.102494 -0.102494 -0.102494 -0.102494 -0.102494 -0.102494 -0.102494 -0.102494 -0.102494 -0.102494 -0.102494 -0.102494 -0.102494 -0.102494 -0.102494 -0.102494 -0.102494 -0.102494 -0.102494 -0.102494 -0.102494 -0.102494 -0.102494 -0.102494 -0.102494 -0.102494 -0.102494 -0.102494 -0.102494 -0.102494 -0.102494 -0.102494 -0.102494 -0.102494 -0.102494 -0.102494 -0.102494 -0.102494 -0.102494 -0.102494 -0.102494 -0.102494 -0.102494 -0.102494 -0.102494 -0.102494 -0.102494 -0.102494 -0.102494 -0.102494 -0.102494 -0.102494 -0.102494 -0.102494 -0.102494 -0.102494 -0.102494 -0.102494 -0.102494 -0.102494 -0.102494 -0.102494 -0.102494 -0.102494 -0.102494 -0.102494 -0.102494 -0.102494 -0.102494 -0.102494 -0.102494 -0.102494 -0.102494 -0.102494 -0.102494         0         0         0         0         0         0         0         0         0         0         0         0         0         0         0         0         0         0         0         0         0
-0.102494 -0.102494 -0.102494 -0.102494 -0.102494 -0.102494 -0.102494 -0.102494 -0.102494 -0.102494 -0.102494 -0.102494 -0.102494 -0.102494 -0.102494 -0.102494 -0.102494 -0.102494 -0.102494 -0.102494 -0.102494 -0.102494 -0.102494 -0.102494 -0.102494 -0.102494 -0.102494 -0.102494 -0.102494 -0.102494 -0.102494 -0.102494 -0.102494 -0.102494 -0.102494 -0.102494 -0.102494 -0.102494 -0.102494 -0.102494 -0.102494 -0.102494 -0.102494 -0.102494 -0.102494 -0.102494 -0.102494 -0.102494 -0.102494 -0.102494 -0.102494 -0.102494 -0.102494 -0.102494 -0.102494 -0.102494 -0.102494 -0.102494 -0.102494 -0.102494 -0.102494 -0.102494 -0.102494 -0.102494 -0.102494 -0.102494 -0.102494 -0.102494 -0.102494 -0.102494 -0.102494 -0.102494 -0.102494 -0.102494 -0.102494 -0.102494 -0.102494 -0.102494         0         0         0         0         0         0         0         0         0         0         0         0         0         0         0         0         0         0         0         0         0         0
-0.102494 -0.102494 -0.102494 -0.102494 -0.102494 -0.102494 -0.102494 -0.102494 -0.102494 -0.102494 -0.102494 -0.102494 -0.102494 -0.102494 -0.102494 -0.102494 -0.102494 -0.102494 -0.102494 -0.102494 -0.102494 -0.102494 -0.102494 -0.102494 -0.102494 -0.102494 -0.102494 -0.102494 -0.102494 -0.102494 -0.102494 -0.102494 -0.102494 -0.102494 -0.102494 -0.102494 -0.102494 -0.102494 -0.102494 -0.102494 -0.102494 -0.102494 -0.102494 -0.102494 -0.102494 -0.102494 -0.102494 -0.102494 -0.102494 -0.102494 -0.102494 -0.102494 -0.102494 -0.102494 -0.102494 -0.102494 -0.102494 -0.102494 -0.102494 -0.102494 -0.102494 -0.102494 -0.102494 -0.102494 -0.102494 -0.102494 -0.102494 -0.102494 -0.102494 -0.102494 -0.102494 -0.102494 -0.102494 -0.102494 -0.102494 -0.102494 -0.102494         0         0         0         0         0         0         0         0         0         0         0         0         0         0         0         0         0         0         0         0         0         0         0
-0.102494 -0.102494 -0.102494 -0.102494 -0.102494 -0.102494 -0.102494 -0.102494 -0.102494 -0.102494 -0.102494 -0.102494 -0.102494 -0.102494 -0.102494 -0.102494 -0.102494 -0.102494 -0.102494 -0.102494 -0.102494 -0.102494 -0.102494 -0.102494 -0.102494 -0.102494 -0.102494 -0.102494 -0.102494 -0.102494 -0.102494 -0.102494 -0.102494 -0.102494 -0.102494 -0.102494 -0.102494 -0.102494 -0.102494 -0.102494 -0.102494 -0.102494 -0.102494 -0.102494 -0.102494 -0.102494 -0.102494 -0.102494 -0.102494 -0.102494 -0.102494 -0.102494 -0.102494 -0.102494 -0.102494 -0.102494 -0.102494 -0.102494 -0.102494 -0.102494 -0.102494 -0.102494 -0.102494 -0.102494 -0.102494 -0.102494 -0.102494 -0.102494 -0.102494 -0.102494 -0.102494 -0.102494 -0.102494 -0.102494 -0.102494 -0.102494         0         0         0         0         0         0         0         0         0         0         0         0         0         0         0         0         0         0         0         0         0         0         0         0
-0.102494 -0.102494 -0.102494 -0.102494 -0.102494 -0.102494 -0.102494 -0.102494 -0.102494 -0.102494 -0.102494 -0.102494 -0.102494 -0.102494 -0.102494 -0.102494 -0.102494 -0.102494 -0.102494 -0.102494 -0.102494 -0.102494 -0.102494 -0.102494 -0.102494 -0.102494 -0.102494 -0.102494 -0.102494 -0.102494 -0.102494 -0.102494 -0.102494 -0.102494 -0.102494 -0.102494 -0.102494 -0.102494 -0.102494 -0.102494 -0.102494 -0.102494 -0.102494 -0.102494 -0.102494 -0.102494 -0.102494 -0.102494 -0.102494 -0.102494 -0.102494 -0.102494 -0.102494 -0.102494 -0.102494 -0.102494 -0.102494 -0.102494 -0.102494 -0.102494 -0.102494 -0.102494 -0.102494 -0.102494 -0.102494 -0.102494 -0.102494 -0.102494 -0.102494 -0.102494 -0.102494 -0.102494 -0.102494 -0.102494 -0.102494         0         0         0         0         0         0         0         0         0         0         0         0         0         0         0         0         0         0         0         0         0         0         0         0         0
-0.102494 -0.102494 -0.102494 -0.102494 -0.102494 -0.102494 -0.102494 -0.102494 -0.102494 -0.102494 -0.102494 -0.102494 -0.102494 -0.102494 -0.102494 -0.102494 -0.102494 -0.102494 -0.102494 -0.102494 -0.102494 -0.102494 -0.102494 -0.102494 -0.102494 -0.102494 -0.102494 -0.102494 -0.102494 -0.102494 -0.102494 -0.102494 -0.102494 -0.102494 -0.102494 -0.102494 -0.102494 -0.102494 -0.102494 -0.102494 -0.102494 -0.102494 -0.102494 -0.102494 -0.102494 -0.102494 -0.102494 -0.102494 -0.102494 -0.102494 -0.102494 -0.102494 -0.102494 -0.102494 -0.102494 -0.102494 -0.102494 -0.102494 -0.102494 -0.102494 -0.102494 -0.102494 -0.102494 -0.102494 -0.102494 -0.102494 -0.102494 -0.102494 -0.102494 -0.102494 -0.102494 -0.102494 -0.102494 -0.102494         0         0         0         0         0         0         0         0         0         0         0         0         0         0         0         0         0         0         0         0         0         0         0         0         0         0
-0.102494 -0.102494 -0.102494 -0.102494 -0.102494 -0.102494 -0.102494 -0.102494 -0.102494 -0.102494 -0.102494 -0.102494 -0.102494 -0.102494 -0.102494 -0.102494 -0.102494 -0.102494 -0.102494 -0.102494 -0.102494 -0.102494 -0.102494 -0.102494 -0.102494 -0.102494 -0.102494 -0.102494 -0.102494 -0.102494 -0.102494 -0.102494 -0.102494 -0.102494 -0.102494 -0.102494 -0.102494 -0.102494 -0.102494 -0.102494 -0.102494 -0.102494 -0.102494 -0.102494 -0.102494 -0.102494 -0.102494 -0.102494 -0.102494 -0.102494 -0.102494 -0.102494 -0.102494 -0.102494 -0.102494 -0.102494 -0.102494 -0.102494 -0.102494 -0.102494 -0.102494 -0.102494 -0.102494 -0.102494 -0.102494 -0.102494 -0.102494 -0.102494 -0.102494 -0.102494 -0.102494 -0.102494 -0.102494         0         0         0         0         0         0         0         0         0         0         0         0         0         0         0         0         0         0         0         0         0         0         0         0         0         0         0
-0.102494 -0.102494 -0.102494 -0.102494 -0.102494 -0.102494 -0.102494 -0.102494 -0.102494 -0.102494 -0.102494 -0.102494 -0.102494 -0.102494 -0.102494 -0.102494 -0.102494 -0.102494 -0.102494 -0.102494 -0.102494 -0.102494 -0.102494 -0.102494 -0.102494 -0.102494 -0.102494 -0.102494 -0.102494 -0.102494 -0.102494 -0.102494 -0.102494 -0.102494 -0.102494 -0.102494 -0.102494 -0.102494 -0.102494 -0.102494 -0.102494 -0.102494 -0.102494 -0.102494 -0.102494 -0.102494 -0.102494 -0.102494 -0.102494 -0.102494 -0.102494 -0.102494 -0.102494 -0.102494 -0.102494 -0.102494 -0.102494 -0.102494 -0.102494 -0.102494 -0.102494 -0.102494 -0.102494 -0.102494 -0.102494 -0.102494 -0.102494 -0.102494 -0.102494 -0.102494 -0.102494 -0.102494         0         0         0         0         0         0         0         0         0         0         0         0         0         0         0         0         0         0         0         0         0         0         0         0         0         0         0         0
-0.102494 -0.102494 -0.102494 -0.102494 -0.102494 -0.102494 -0.102494 -0.102494 -0.102494 -0.102494 -0.102494 -0.102494 -0.102494 -0.102494 -0.102494 -0.102494 -0.102494 -0.102494 -0.102494 -0.102494 -0.102494 -0.102494 -0.102494 -0.102494 -0.102494 -0.102494 -0.102494 -0.102494 -0.102494 -0.102494 -0.102494 -0.102494 -0.102494 -0.102494 -0.102494 -0.102494 -0.102494 -0.102494 -0.102494 -0.102494 -0.102494 -0.102494 -0.102494 -0.102494 -0.102494 -0.102494 -0.102494 -0.102494 -0.102494 -0.102494 -0.102494 -0.102494 -0.102494 -0.102494 -0.102494 -0.102494 -0.102494 -0.102494 -0.102494 -0.102494 -0.102494 -0.102494 -0.102494 -0.102494 -0.102494 -0.102494 -0.102494 -0.102494 -0.102494 -0.102494 -0.102494         0         0         0         0         0         0         0         0         0         0         0         0         0         0         0         0         0         0         0         0         0         0         0         0         0         0         0         0         0
-0.102494 -0.102494 -0.102494 -0.102494 -0.102494 -0.102494 -0.102494 -0.102494 -0.102494 -0.102494 -0.102494 -0.102494 -0.102494 -0.102494 -0.102494 -0.102494 -0.102494 -0.102494 -0.102494 -0.102494 -0.102494 -0.102494 -0.102494 -0.102494 -0.102494 -0.102494 -0.102494 -0.102494 -0.102494 -0.102494 -0.102494 -0.102494 -0.102494 -0.102494 -0.102494 -0.102494 -0.102494 -0.102494 -0.102494 -0.102494 -0.102494 -0.102494 -0.102494 -0.102494 -0.102494 -0.102494 -0.102494 -0.102494 -0.102494 -0.102494 -0.102494 -0.102494 -0.102494 -0.102494 -0.102494 -0.102494 -0.102494 -0.102494 -0.102494 -0.102494 -0.102494 -0.102494 -0.102494 -0.102494 -0.102494 -0.102494 -0.102494 -0.102494 -0.102494 -0.102494         0         0         0         0         0         0         0         0         0         0         0         0         0         0         0         0         0         0         0         0         0         0         0         0         0         0         0         0         0         0
-0.102494 -0.102494 -0.102494 -0.102494 -0.102494 -0.102494 -0.102494 -0.102494 -0.102494 -0.102494 -0.102494 -0.102494 -0.102494 -0.102494 -0.102494 -0.102494 -0.102494 -0.102494 -0.102494 -0.102494 -0.102494 -0.102494 -0.102494 -0.102494 -0.102494 -0.102494 -0.102494 -0.102494 -0.102494 -0.102494 -0.102494 -0.102494 -0.102494 -0.102494 -0.102494 -0.102494 -0.102494 -0.102494 -0.102494 -0.102494 -0.102494 -0.102494 -0.102494 -0.102494 -0.102494 -0.102494 -0.102494 -0.102494 -0.102494 -0.102494 -0.102494 -0.102494 -0.102494 -0.102494 -0.102494 -0.102494 -0.102494 -0.102494 -0.102494 -0.102494 -0.102494 -0.102494 -0.102494 -0.102494 -0.102494 -0.102494 -0.102494 -0.102494 -0.102494         0         0         0         0         0         0         0         0         0         0         0         0         0         0         0         0         0         0         0         0         0         0         0         0         0         0         0         0         0         0    -0.215
-0.102494 -0.102494 -0.102494 -0.102494 -0.102494 -0.102494 -0.102494 -0.102494 -0.102494 -0.102494 -0.102494 -0.102494 -0.102494 -0.102494 -0.102494 -0.102494 -0.102494 -0.102494 -0.102494 -0.102494 -0.102494 -0.102494 -0.102494 -0.102494 -0.102494 -0.102494 -0.102494 -0.102494 -0.102494 -0.102494 -0.102494 -0.102494 -0.102494 -0.102494 -0.102494 -0.102494 -0.102494 -0.102494 -0.102494 -0.102494 -0.102494 -0.102494 -0.102494 -0.102494 -0.102494 -0.102494 -0.102494 -0.102494 -0.102494 -0.102494 -0.102494 -0.102494 -0.102494 -0.102494 -0.102494 -0.102494 -0.102494 -0.102494 -0.102494 -0.102494 -0.102494 -0.102494 -0.102494 -0.102494 -0.102494 -0.102494 -0.102494 -0.102494         0         0         0         0         0         0         0         0         0         0         0         0         0         0         0         0         0         0         0         0         0         0         0         0         0         0         0         0         0         0    -0.215    -0.215
-0.102494 -0.102494 -0.102494 -0.102494 -0.102494 -0.102494 -0.102494 -0.102494 -0.102494 -0.102494 -0.102494 -0.102494 -0.102494 -0.102494 -0.102494 -0.102494 -0.102494 -0.102494 -0.102494 -0.102494 -0.102494 -0.102494 -0.102494 -0.102494 -0.102494 -0.102494 -0.102494 -0.102494 -0.102494 -0.102494 -0.102494 -0.102494 -0.102494 -0.102494 -0.102494 -0.102494 -0.102494 -0.102494 -0.102494 -0.102494 -0.102494 -0.102494 -0.102494 -0.102494 -0.102494 -0.102494 -0.102494 -0.102494 -0.102494 -0.102494 -0.102494 -0.102494 -0.102494 -0.102494 -0.102494 -0.102494 -0.102494 -0.102494 -0.102494 -0.102494 -0.102494 -0.102494 -0.102494 -0.102494 -0.102494 -0.102494 -0.102494         0         0         0         0         0         0         0         0         0         0         0         0         0         0         0         0         0         0         0         0         0         0         0         0         0         0         0         0         0         0    -0.215    -0.215    -0.215
-0.102494 -0.102494 -0.102494 -0.102494 -0.102494 -0.102494 -0.102494 -0.102494 -0.102494 -0.102494 -0.102494 -0.102494 -0.102494 -0.102494 -0.102494 -0.102494 -0.102494 -0.102494 -0.102494 -0.102494 -0.102494 -0.102494 -0.102494 -0.102494 -0.102494 -0.102494 -0.102494 -0.102494 -0.102494 -0.102494 -0.102494 -0.102494 -0.102494 -0.102494 -0.102494 -0.102494 -0.102494 -0.102494 -0.102494 -0.102494 -0.102494 -0.102494 -0.102494 -0.102494 -0.102494 -0.102494 -0.102494 -0.102494 -0.102494 -0.102494 -0.102494 -0.102494 -0.102494 -0.102494 -0.102494 -0.102494 -0.102494 -0.102494 -0.102494 -0.102494 -0.102494 -0.102494 -0.102494 -0.102494 -0.102494 -0.102494         0         0         0         0         0         0         0         0         0         0         0         0         0         0         0         0         0         0         0         0         0         0         0         0         0         0         0         0         0         0    -0.215    -0.215    -0.215    -0.215
-0.102494 -0.102494 -0.102494 -0.102494 -0.102494 -0.102494 -0.102494 -0.102494 -0.102494 -0.102494 -0.102494 -0.102494 -0.102494 -0.102494 -0.102494 -0.102494 -0.102494 -0.102494 -0.102494 -0.102494 -0.102494 -0.102494 -0.102494 -0.102494 -0.102494 -0.102494 -0.102494 -0.102494 -0.102494 -0.102494 -0.102494 -0.102494 -0.102494 -0.102494 -0.102494 -0.102494 -0.102494 -0.102494 -0.102494 -0.102494 -0.102494 -0.102494 -0.102494 -0.102494 -0.102494 -0.102494 -0.102494 -0.102494 -0.102494 -0.102494 -0.102494 -0.102494 -0.102494 -0.102494 -0.102494 -0.102494 -0.102494 -0.102494 -0.102494 -0.102494 -0.102494 -0.102494 -0.102494 -0.102494 -0.102494         0         0         0         0         0         0         0         0         0         0         0         0         0         0         0         0         0         0         0         0         0         0         0         0         0         0         0         0         0         0    -0.215    -0.215    -0.215    -0.215    -0.215
-0.102494 -0.102494 -0.102494 -0.102494 -0.102494 -0.102494 -0.102494 -0.102494 -0.102494 -0.102494 -0.102494 -0.102494 -0.102494 -0.102494 -0.102494 -0.102494 -0.102494 -0.102494 -0.102494 -0.102494 -0.102494 -0.102494 -0.102494 -0.102494 -0.102494 -0.102494 -0.102494 -0.102494 -0.102494 -0.102494 -0.102494 -0.102494 -0.102494 -0.102494 -0.102494 -0.102494 -0.102494 -0.102494 -0.102494 -0.102494 -0.102494 -0.102494 -0.102494 -0.102494 -0.102494 -0.102494 -0.102494 -0.102494 -0.102494 -0.102494 -0.102494 -0.102494 -0.102494 -0.102494 -0.102494 -0.102494 -0.102494 -0.102494 -0.102494 -0.102494 -0.102494 -0.102494 -0.102494 -0.102494         0         0         0         0         0         0         0         0         0         0         0         0         0         0         0         0         0         0         0         0         0         0         0         0         0         0         0         0         0         0    -0.215    -0.215    -0.215    -0.215    -0.215    -0.215
-0.102494 -0.102494 -0.102494 -0.102494 -0.102494 -0.102494 -0.102494 -0.102494 -0.102494 -0.102494 -0.102494 -0.102494 -0.102494 -0.102494 -0.102494 -0.102494 -0.102494 -0.102494 -0.102494 -0.102494 -0.102494 -0.102494 -0.102494 -0.102494 -0.102494 -0.102494 -0.102494 -0.102494 -0.102494 -0.102494 -0.102494 -0.102494 -0.102494 -0.102494 -0.102494 -0.102494 -0.102494 -0.102494 -0.102494 -0.102494 -0.102494 -0.102494 -0.102494 -0.102494 -0.102494 -0.102494 -0.102494 -0.102494 -0.102494 -0.102494 -0.102494 -0.102494 -0.102494 -0.102494 -0.102494 -0.102494 -0.102494 -0.102494 -0.102494 -0.102494 -0.102494 -0.102494 -0.102494         0         0         0         0         0         0         0         0         0         0         0         0         0         0         0         0         0         0         0         0         0         0         0         0         0         0         0         0         0         0    -0.215    -0.215    -0.215    -0.215    -0.215    -0.215    -0.215
-0.102494 -0.102494 -0.102494 -0.102494 -0.102494 -0.102494 -0.102494 -0.102494 -0.102494 -0.102494 -0.102494 -0.102494 -0.102494 -0.102494 -0.102494 -0.102494 -0.102494 -0.102494 -0.102494 -0.102494 -0.102494 -0.102494 -0.102494 -0.102494 -0.102494 -0.102494 -0.102494 -0.102494 -0.102494 -0.102494 -0.102494 -0.102494 -0.102494 -0.102494 -0.102494 -0.102494 -0.102494 -0.102494 -0.102494 -0.102494 -0.102494 -0.102494 -0.102494 -0.102494 -0.102494 -0.102494 -0.102494 -0.102494 -0.102494 -0.102494 -0.102494 -0.102494 -0.102494 -0.102494 -0.102494 -0.102494 -0.102494 -0.102494 -0.102494 -0.102494 -0.102494 -0.102494         0         0         0         0         0         0         0         0         0         0         0         0         0         0         0         0         0         0         0         0         0         0         0         0         0         0         0         0         0         0    -0.215    -0.215    -0.215    -0.215    -0.215    -0.215    -0.215    -0.215
-0.102494 -0.102494 -0.102494 -0.102494 -0.102494 -0.102494 -0.102494 -0.102494 -0.102494 -0.102494 -0.102494 -0.102494 -0.102494 -0.102494 -0.102494 -0.102494 -0.102494 -0.102494 -0.102494 -0.102494 -0.102494 -0.102494 -0.102494 -0.102494 -0.102494 -0.102494 -0.102494 -0.102494 -0.102494 -0.102494 -0.102494 -0.102494 -0.102494 -0.102494 -0.102494 -0.102494 -0.102494 -0.102494 -0.102494 -0.102494 -0.102494 -0.102494 -0.102494 -0.102494 -0.102494 -0.102494 -0.102494 -0.102494 -0.102494 -0.102494 -0.102494 -0.102494 -0.102494 -0.102494 -0.102494 -0.102494 -0.102494 -0.102494 -0.102494 -0.102494 -0.102494         0         0         0         0         0         0         0         0         0         0         0         0         0         0         0         0         0         0         0         0         0         0         0         0         0         0         0         0         0         0    -0.215    -0.215    -0.215    -0.215    -0.215    -0.215    -0.215    -0.215    -0.215
-0.102494 -0.102494 -0.102494 -0.102494 -0.102494 -0.102494 -0.102494 -0.102494 -0.102494 -0.102494 -0.102494 -0.102494 -0.102494 -0.102494 -0.102494 -0.102494 -0.102494 -0.102494 -0.102494 -0.102494 -0.102494 -0.102494 -0.102494 -0.102494 -0.102494 -0.102494 -0.102494 -0.102494 -0.102494 -0.102494 -0.102494 -0.102494 -0.102494 -0.102494 -0.102494 -0.102494 -0.102494 -0.102494 -0.102494 -0.102494 -0.102494 -0.102494 -0.102494 -0.102494 -0.102494 -0.102494 -0.102494 -0.102494 -0.102494 -0.102494 -0.102494 -0.102494 -0.102494 -0.102494 -0.102494 -0.102494 -0.102494 -0.102494 -0.102494 -0.102494         0         0         0         0         0         0         0         0         0         0         0         0         0         0         0         0         0         0         0         0         0         0         0         0         0         0         0         0         0         0    -0.215    -0.215    -0.215    -0.215    -0.215    -0.215    -0.215    -0.215    -0.215    -0.215
-0.102494 -0.102494 -0.102494 -0.102494 -0.102494 -0.102494 -0.102494 -0.102494 -0.102494 -0.102494 -0.102494 -0.102494 -0.102494 -0.102494 -0.102494 -0.102494 -0.102494 -0.102494 -0.102494 -0.102494 -0.102494 -0.102494 -0.102494 -0.102494 -0.102494 -0.102494 -0.102494 -0.102494 -0.102494 -0.102494 -0.102494 -0.102494 -0.102494 -0.102494 -0.102494 -0.102494 -0.102494 -0.102494 -0.102494 -0.102494 -0.102494 -0.102494 -0.102494 -0.102494 -0.102494 -0.102494 -0.102494 -0.102494 -0.102494 -0.102494 -0.102494 -0.102494 -0.102494 -0.102494 -0.102494 -0.102494 -0.102494 -0.102494 -0.102494         0         0         0         0         0         0         0         0         0         0         0         0         0         0         0         0         0         0         0         0         0         0         0         0         0         0         0         0         0         0    -0.215    -0.215    -0.215    -0.215    -0.215    -0.215    -0.215    -0.215    -0.215    -0.215    -0.215
-0.102494 -0.102494 -0.102494 -0.102494 -0.102494 -0.102494 -0.102494 -0.102494 -0.102494 -0.102494 -0.102494 -0.102494 -0.102494 -0.102494 -0.102494 -0.102494 -0.102494 -0.102494 -0.102494 -0.102494 -0.102494 -0.102494 -0.102494 -0.102494 -0.102494 -0.102494 -0.102494 -0.102494 -0.102494 -0.102494 -0.102494 -0.102494 -0.102494 -0.102494 -0.102494 -0.102494 -0.102494 -0.102494 -0.102494 -0.102494 -0.102494 -0.102494 -0.102494 -0.102494 -0.102494 -0.102494 -0.102494 -0.102494 -0.102494 -0.102494 -0.102494 -0.102494 -0.102494 -0.102494 -0.102494 -0.102494 -0.102494 -0.102494         0         0         0         0         0         0         0         0         0         0         0         0         0         0         0         0         0         0         0         0         0         0         0         0         0         0         0         0         0         0    -0.215    -0.215    -0.215    -0.215    -0.215    -0.215    -0.215    -0.215    -0.215    -0.215    -0.215    -0.215
-0.102494 -0.102494 -0.102494 -0.102494 -0.102494 -0.102494 -0.102494 -0.102494 -0.102494 -0.102494 -0.102494 -0.102494 -0.102494 -0.102494 -0.102494 -0.102494 -0.102494 -0.102494 -0.102494 -0.102494 -0.102494 -0.102494 -0.102494 -0.102494 -0.102494 -0.102494 -0.102494 -0.102494 -0.102494 -0.102494 -0.102494 -0.102494 -0.102494 -0.102494 -0.102494 -0.102494 -0.102494 -0.102494 -0.102494 -0.102494 -0.102494 -0.102494 -0.102494 -0.102494 -0.102494 -0.102494 -0.102494 -0.102494 -0.102494 -0.102494 -0.102494 -0.102494 -0.102494 -0.102494 -0.102494 -0.102494 -0.102494         0         0         0         0         0         0         0         0         0         0         0         0         0         0         0         0         0         0         0         0         0         0         0         0         0         0         0         0         0         0    -0.215    -0.215    -0.215    -0.215    -0.215    -0.215    -0.215    -0.215    -0.215    -0.215    -0.215    -0.215    -0.215
-0.102494 -0.102494 -0.102494 -0.102494 -0.102494 -0.102494 -0.102494 -0.102494 -0.102494 -0.102494 -0.102494 -0.102494 -0.102494 -0.102494 -0.102494 -0.102494 -0.102494 -0.102494 -0.102494 -0.102494 -0.102494 -0.102494 -0.102494 -0.102494 -0.102494 -0.102494 -0.102494 -0.102494 -0.102494 -0.102494 -0.102494 -0.102494 -0.102494 -0.102494 -0.102494 -0.102494 -0.102494 -0.102494 -0.102494 -0.102494 -0.102494 -0.102494 -0.102494 -0.102494 -0.102494 -0.102494 -0.102494 -0.102494 -0.102494 -0.102494 -0.102494 -0.102494 -0.102494 -0.102494 -0.102494 -0.102494         0         0         0         0         0         0         0         0         0         0         0         0         0         0         0         0         0         0         0         0         0         0         0         0         0         0         0         0         0         0    -0.215    -0.215    -0.215    -0.215    -0.215    -0.215    -0.215    -0.215    -0.215    -0.215    -0.215    -0.215    -0.215    -0.215
-0.102494 -0.102494 -0.102494 -0.102494 -0.102494 -0.102494 -0.102494 -0.102494 -0.102494 -0.102494 -0.102494 -0.102494 -0.102494 -0.102494 -0.102494 -0.102494 -0.102494 -0.102494 -0.102494 -0.102494 -0.102494 -0.102494 -0.102494 -0.102494 -0.102494 -0.102494 -0.102494 -0.102494 -0.102494 -0.102494 -0.102494 -0.102494 -0.102494 -0.102494 -0.102494 -0.102494 -0.102494 -0.102494 -0.102494 -0.102494 -0.102494 -0.102494 -0.102494 -0.102494 -0.102494 -0.102494 -0.102494 -0.102494 -0.102494 -0.102494 -0.102494 -0.102494 -0.102494 -0.102494 -0.102494         0         0         0         0         0         0         0         0         0         0         0         0         0         0         0         0         0         0         0         0         0         0         0         0         0         0         0         0         0         0    -0.215    -0.215    -0.215    -0.215    -0.215    -0.215    -0.215    -0.215    -0.215    -0.215    -0.215    -0.215    -0.215    -0.215    -0.215
-0.102494 -0.102494 -0.102494 -0.102494 -0.102494 -0.102494 -0.102494 -0.102494 -0.102494 -0.102494 -0.102494 -0.102494 -0.102494 -0.102494 -0.102494 -0.102494 -0.102494 -0.102494 -0.102494 -0.102494 -0.102494 -0.102494 -0.102494 -0.102494 -0.102494 -0.102494 -0.102494 -0.102494 -0.102494 -0.102494 -0.102494 -0.102494 -0.102494 -0.102494 -0.102494 -0.102494 -0.102494 -0.102494 -0.102494 -0.102494 -0.102494 -0.102494 -0.102494 -0.102494 -0.102494 -0.102494 -0.102494 -0.102494 -0.102494 -0.102494 -0.102494 -0.102494 -0.102494 -0.102494         0         0         0         0         0         0         0         0         0         0         0         0         0         0         0         0         0         0         0         0         0         0         0         0         0         0         0         0         0         0    -0.215    -0.215    -0.215    -0.215    -0.215    -0.215    -0.215    -0.215    -0.215    -0.215    -0.215    -0.215    -0.215    -0.215    -0.215    -0.215
-0.102494 -0.102494 -0.102494 -0.102494 -0.102494 -0.102494 -0.102494 -0.102494 -0.102494 -0.102494 -0.102494 -0.102494 -0.102494 -0.102494 -0.102494 -0.102494 -0.102494 -0.102494 -0.102494 -0.102494 -0.102494 -0.102494 -0.102494 -0.102494 -0.102494 -0.102494 -0.102494 -0.102494 -0.102494 -0.102494 -0.102494 -0.102494 -0.102494 -0.102494 -0.102494 -0.102494 -0.102494 -0.102494 -0.102494 -0.102494 -0.102494 -0.102494 -0.102494 -0.102494 -0.102494 -0.102494 -0.102494 -0.102494 -0.102494 -0.102494 -0.102494 -0.102494 -0.102494         0         0         0         0         0         0         0         0         0         0         0         0         0         0         0         0         0         0         0         0         0         0         0         0         0         0         0         0         0         0    -0.215    -0.215    -0.215    -0.215    -0.215    -0.215    -0.215    -0.215    -0.215    -0.215    -0.215    -0.215    -0.215    -0.215    -0.215    -0.215    -0.215
-0.102494 -0.102494 -0.102494 -0.102494 -0.102494 -0.102494 -0.102494 -0.102494 -0.102494 -0.102494 -0.102494 -0.102494 -0.102494 -0.102494 -0.102494 -0.102494 -0.102494 -0.102494 -0.102494 -0.102494 -0.102494 -0.102494 -0.102494 -0.102494 -0.102494 -0.102494 -0.102494 -0.102494 -0.102494 -0.102494 -0.102494 -0.102494 -0.102494 -0.102494 -0.102494 -0.102494 -0.102494 -0.102494 -0.102494 -0.102494 -0.102494 -0.102494 -0.102494 -0.102494 -0.102494 -0.102494 -0.102494 -0.102494 -0.102494 -0.102494 -0.102494 -0.102494         0         0         0         0         0         0         0         0         0         0         0         0         0         0         0         0         0         0         0         0         0         0         0         0         0         0         0         0         0         0    -0.215    -0.215    -0.215    -0.215    -0.215    -0.215    -0.215    -0.215    -0.215    -0.215    -0.215    -0.215    -0.215    -0.215    -0.215    -0.215    -0.215    -0.215
-0.102494 -0.102494 -0.102494 -0.102494 -0.102494 -0.102494 -0.102494 -0.102494 -0.102494 -0.102494 -0.102494 -0.102494 -0.102494 -0.102494 -0.102494 -0.102494 -0.102494 -0.102494 -0.102494 -0.102494 -0.102494 -0.102494 -0.102494 -0.102494 -0.102494 -0.102494 -0.102494 -0.102494 -0.102494 -0.102494 -0.102494 -0.102494 -0.102494 -0.102494 -0.102494 -0.102494 -0.102494 -0.102494 -0.102494 -0.102494 -0.102494 -0.102494 -0.102494 -0.102494 -0.102494 -0.102494 -0.102494 -0.102494 -0.102494 -0.102494 -0.102494         0         0         0         0         0         0         0         0         0         0         0         0         0         0         0         0         0         0         0         0         0         0         0         0         0         0         0         0         0         0    -0.215    -0.215    -0.215    -0.215    -0.215    -0.215    -0.215    -0.215    -0.215    -0.215    -0.215    -0.215    -0.215    -0.215    -0.215    -0.215    -0.215    -0.215    -0.215
-0.102494 -0.102494 -0.102494 -0.102494 -0.102494 -0.102494 -0.102494 -0.102494 -0.102494 -0.102494 -0.102494 -0.102494 -0.102494 -0.102494 -0.102494 -0.102494 -0.102494 -0.102494 -0.102494 -0.102494 -0.102494 -0.102494 -0.102494 -0.102494 -0.102494 -0.102494 -0.102494 -0.102494 -0.102494 -0.102494 -0.102494 -0.102494 -0.102494 -0.102494 -0.102494 -0.102494 -0.102494 -0.102494 -0.102494 -0.102494 -0.102494 -0.102494 -0.102494 -0.102494 -0.102494 -0.102494 -0.102494 -0.102494 -0.102494 -0.102494         0         0         0         0         0         0         0         0         0         0         0         0         0         0         0         0         0         0         0         0         0         0         0         0         0         0         0         0         0         0    -0.215    -0.215    -0.215    -0.215    -0.215    -0.215    -0.215    -0.215    -0.215    -0.215    -0.215    -0.215    -0.215    -0.215    -0.215    -0.215    -0.215    -0.215    -0.215    -0.215
-0.102494 -0.102494 -0.102494 -0.102494 -0.102494 -0.102494 -0.102494 -0.102494 -0.102494 -0.102494 -0.102494 -0.102494 -0.102494 -0.102494 -0.102494 -0.102494 -0.102494 -0.102494 -0.102494 -0.102494 -0.102494 -0.102494 -0.102494 -0.102494 -0.102494 -0.102494 -0.102494 -0.102494 -0.102494 -0.102494 -0.102494 -0.102494 -0.102494 -0.102494 -0.102494 -0.102494 -0.102494 -0.102494 -0.102494 -0.102494 -0.102494 -0.102494 -0.102494 -0.102494 -0.102494 -0.102494 -0.102494 -0.102494 -0.102494         0         0         0         0         0         0         0         0         0         0         0         0         0         0         0         0         0         0         0         0         0         0         0         0         0         0         0         0         0         0    -0.215    -0.215    -0.215    -0.215    -0.215    -0.215    -0.215    -0.215    -0.215    -0.215    -0.215    -0.215    -0.215    -0.215    -0.215    -0.215    -0.215    -0.215    -0.215    -0.215    -0.215
-0.102494 -0.102494 -0.102494 -0.102494 -0.102494 -0.102494 -0.102494 -0.102494 -0.102494 -0.102494 -0.102494 -0.102494 -0.102494 -0.102494 -0.102494 -0.102494 -0.102494 -0.102494 -0.102494 -0.102494 -0.102494 -0.102494 -0.102494 -0.102494 -0.102494 -0.102494 -0.102494 -0.102494 -0.102494 -0.102494 -0.102494 -0.102494 -0.102494 -0.102494 -0.102494 -0.102494 -0.102494 -0.102494 -0.102494 -0.102494 -0.102494 -0.102494 -0.102494 -0.102494 -0.102494 -0.102494 -0.102494 -0.102494         0         0         0         0         0         0         0         0         0         0         0         0         0         0         0         0         0         0         0         0         0         0         0         0         0         0         0         0         0         0    -0.215    -0.215    -0.215    -0.215    -0.215    -0.215    -0.215    -0.215    -0.215    -0.215    -0.215    -0.215    -0.215    -0.215    -0.215    -0.215    -0.215    -0.215    -0.215    -0.215    -0.215    -0.215
-0.102494 -0.102494 -0.102494 -0.102494 -0.102494 -0.102494 -0.102494 -0.102494 -0.102494 -0.102494 -0.102494 -0.102494 -0.102494 -0.102494 -0.102494 -0.102494 -0.102494 -0.102494 -0.102494 -0.102494 -0.102494 -0.102494 -0.102494 -0.102494 -0.102494 -0.102494 -0.102494 -0.102494 -0.102494 -0.102494 -0.102494 -0.102494 -0.102494 -0.102494 -0.102494 -0.102494 -0.102494 -0.102494 -0.102494 -0.102494 -0.102494 -0.102494 -0.102494 -0.102494 -0.102494 -0.102494 -0.102494         0         0         0         0         0         0         0         0         0         0         0         0         0         0         0         0         0         0         0         0         0         0         0         0         0         0         0         0         0         0    -0.215    -0.215    -0.215    -0.215    -0.215    -0.215    -0.215    -0.215    -0.215    -0.215    -0.215    -0.215    -0.215    -0.215    -0.215    -0.215    -0.215    -0.215    -0.215    -0.215    -0.215    -0.215    -0.215
-0.102494 -0.102494 -0.102494 -0.102494 -0.102494 -0.102494 -0.102494 -0.102494 -0.102494 -0.102494 -0.102494 -0.102494 -0.102494 -0.102494 -0.102494 -0.102494 -0.102494 -0.102494 -0.102494 -0.102494 -0.102494 -0.102494 -0.102494 -0.102494 -0.102494 -0.102494 -0.102494 -0.102494 -0.102494 -0.102494 -0.102494 -0.102494 -0.102494 -0.102494 -0.102494 -0.102494 -0.102494 -0.102494 -0.102494 -0.102494 -0.102494 -0.102494 -0.102494 -0.102494 -0.102494 -0.102494         0         0         0         0         0         0         0         0         0         0         0         0         0         0         0         0         0         0         0         0         0         0         0         0         0         0         0         0         0         0    -0.215    -0.215    -0.215    -0.215    -0.215    -0.215    -0.215    -0.215    -0.215    -0.215    -0.215    -0.215    -0.215    -0.215    -0.215    -0.215    -0.215    -0.215    -0.215    -0.215    -0.215    -0.215    -0.215    -0.215
-0.102494 -0.102494 -0.102494 -0.102494 -0.102494 -0.102494 -0.102494 -0.102494 -0.102494 -0.102494 -0.102494 -0.102494 -0.102494 -0.102494 -0.102494 -0.102494 -0.102494 -0.102494 -0.102494 -0.102494 -0.102494 -0.102494 -0.102494 -0.102494 -0.102494 -0.102494 -0.102494 -0.102494 -0.102494 -0.102494 -0.102494 -0.102494 -0.102494 -0.102494 -0.102494 -0.102494 -0.102494 -0.102494 -0.102494 -0.102494 -0.102494 -0.102494 -0.102494 -0.102494 -0.102494         0         0         0         0         0         0         0         0         0         0         0         0         0         0         0         0         0         0         0         0         0         0         0         0         0         0         0         0         0         0    -0.215    -0.215    -0.215    -0.215    -0.215    -0.215    -0.215    -0.215    -0.215    -0.215    -0.215    -0.215    -0.215    -0.215    -0.215    -0.215    -0.215    -0.215    -0.215    -0.215    -0.215    -0.215    -0.215    -0.215    -0.215
-0.102494 -0.102494 -0.102494 -0.102494 -0.102494 -0.102494 -0.102494 -0.102494 -0.102494 -0.102494 -0.102494 -0.102494 -0.102494 -0.102494 -0.102494 -0.102494 -0.102494 -0.102494 -0.102494 -0.102494 -0.102494 -0.102494 -0.102494 -0.102494 -0.102494 -0.102494 -0.102494 -0.102494 -0.102494 -0.102494 -0.102494 -0.102494 -0.102494 -0.102494 -0.102494 -0.102494 -0.102494 -0.102494 -0.102494 -0.102494 -0.102494 -0.102494 -0.102494 -0.102494         0         0         0         0         0         0         0         0         0         0         0         0         0         0         0         0         0         0         0         0         0         0         0         0         0         0         0         0         0         0    -0.215    -0.215    -0.215    -0.215    -0.215    -0.215    -0.215    -0.215    -0.215    -0.215    -0.215    -0.215    -0.215    -0.215    -0.215    -0.215    -0.215    -0.215    -0.215    -0.215    -0.215    -0.215    -0.215    -0.215    -0.215    -0.215
-0.102494 -0.102494 -0.102494 -0.102494 -0.102494 -0.102494 -0.102494 -0.102494 -0.102494 -0.102494 -0.102494 -0.102494 -0.102494 -0.102494 -0.102494 -0.102494 -0.102494 -0.102494 -0.102494 -0.102494 -0.102494 -0.102494 -0.102494 -0.102494 -0.102494 -0.102494 -0.102494 -0.102494 -0.102494 -0.102494 -0.102494 -0.102494 -0.102494 -0.102494 -0.102494 -0.102494 -0.102494 -0.102494 -0.102494 -0.102494 -0.102494 -0.102494 -0.102494         0         0         0         0         0         0         0         0         0         0         0         0         0         0         0         0         0         0         0         0         0         0         0         0         0         0         0         0         0         0    -0.215    -0.215    -0.215    -0.215    -0.215    -0.215    -0.215    -0.215    -0.215    -0.215    -0.215    -0.215    -0.215    -0.215    -0.215    -0.215    -0.215    -0.215    -0.215    -0.215    -0.215    -0.215    -0.215    -0.215    -0.215    -0.215    -0.215
-0.102494 -0.102494 -0.102494 -0.102494 -0.102494 -0.102494 -0.102494 -0.102494 -0.102494 -0.102494 -0.102494 -0.102494 -0.102494 -0.102494 -0.102494 -0.102494 -0.102494 -0.102494 -0.102494 -0.102494 -0.102494 -0.102494 -0.102494 -0.102494 -0.102494 -0.102494 -0.102494 -0.102494 -0.102494 -0.102494 -0.102494 -0.102494 -0.102494 -0.102494 -0.102494 -0.102494 -0.102494 -0.102494 -0.102494 -0.102494 -0.102494 -0.102494         0         0         0         0         0         0         0         0         0         0         0         0         0         0         0         0         0         0         0         0         0         0         0         0         0         0         0         0         0         0    -0.215    -0.215    -0.215    -0.215    -0.215    -0.215    -0.215    -0.215    -0.215    -0.215    -0.215    -0.215    -0.215    -0.215    -0.215    -0.215    -0.215    -0.215    -0.215    -0.215    -0.215    -0.215    -0.215    -0.215    -0.215    -0.215    -0.215    -0.215
-0.102494 -0.102494 -0.102494 -0.102494 -0.102494 -0.102494 -0.102494 -0.102494 -0.102494 -0.102494 -0.102494 -0.102494 -0.102494 -0.102494 -0.102494 -0.102494 -0.102494 -0.102494 -0.102494 -0.102494 -0.102494 -0.102494 -0.102494 -0.102494 -0.102494 -0.102494 -0.102494 -0.102494 -0.102494 -0.102494 -0.102494 -0.102494 -0.102494 -0.102494 -0.102494 -0.102494 -0.102494 -0.102494 -0.102494 -0.102494 -0.102494         0         0         0         0         0         0         0         0         0         0         0         0         0         0         0         0         0         0         0         0         0         0         0         0         0         0         0         0         0         0    -0.215    -0.215    -0.215    -0.215    -0.215    -0.215    -0.215    -0.215    -0.215    -0.215    -0.215    -0.215    -0.215    -0.215    -0.215    -0.215    -0.215    -0.215    -0.215    -0.215    -0.215    -0.215    -0.215    -0.215    -0.215    -0.215    -0.215    -0.215    -0.215
-0.102494 -0.102494 -0.102494 -0.102494 -0.102494 -0.102494 -0.102494 -0.102494 -0.102494 -0.102494 -0.102494 -0.102494 -0.102494 -0.102494 -0.102494 -0.102494 -0.102494 -0.102494 -0.102494 -0.102494 -0.102494 -0.102494 -0.102494 -0.102494 -0.102494 -0.102494 -0.102494 -0.102494 -0.102494 -0.102494 -0.102494 -0.102494 -0.102494 -0.102494 -0.102494 -0.102494 -0.102494 -0.102494 -0.102494 -0.102494         0         0         0         0         0         0         0         0         0         0         0         0         0         0         0         0         0         0         0         0         0         0         0         0         0         0         0         0         0         0    -0.215    -0.215    -0.215    -0.215    -0.215    -0.215    -0.215    -0.215    -0.215    -0.215    -0.215    -0.215    -0.215    -0.215    -0.215    -0.215    -0.215    -0.215    -0.215    -0.215    -0.215    -0.215    -0.215    -0.215    -0.215    -0.215    -0.215    -0.215    -0.215    -0.215
-0.102494 -0.102494 -0.102494 -0.102494 -0.102494 -0.102494 -0.102494 -0.102494 -0.102494 -0.102494 -0.102494 -0.102494 -0.102494 -0.102494 -0.102494 -0.102494 -0.102494 -0.102494 -0.102494 -0.102494 -0.102494 -0.102494 -0.102494 -0.102494 -0.102494 -0.102494 -0.102494 -0.102494 -0.102494 -0.102494 -0.102494 -0.102494 -0.102494 -0.102494 -0.102494 -0.102494 -0.102494 -0.102494 -0.102494         0         0         0         0         0         0         0         0         0         0         0         0         0         0         0         0         0         0         0         0         0         0         0         0         0         0         0         0         0         0    -0.215    -0.215    -0.215    -0.215    -0.215    -0.215    -0.215    -0.215    -0.215    -0.215    -0.215    -0.215    -0.215    -0.215    -0.215    -0.215    -0.215    -0.215    -0.215    -0.215    -0.215    -0.215    -0.215    -0.215    -0.215    -0.215    -0.215    -0.215    -0.215    -0.215      0.02
-0.102494 -0.102494 -0.102494 -0.102494 -0.102494 -0.102494 -0.102494 -0.102494 -0.102494 -0.102494 -0.102494 -0.102494 -0.102494 -0.102494 -0.102494 -0.102494 -0.102494 -0.102494 -0.102494 -0.102494 -0.102494 -0.102494 -0.102494 -0.102494 -0.102494 -0.102494 -0.102494 -0.102494 -0.102494 -0.102494 -0.102494 -0.102494 -0.102494 -0.102494 -0.102494 -0.102494 -0.102494 -0.102494         0         0         0         0         0         0         0         0         0         0         0         0         0         0         0         0         0         0         0         0         0         0         0         0         0         0         0         0         0         0    -0.215    -0.215    -0.215    -0.215    -0.215    -0.215    -0.215    -0.215    -0.215    -0.215    -0.215    -0.215    -0.215    -0.215    -0.215    -0.215    -0.215    -0.215    -0.215    -0.215    -0.215    -0.215    -0.215    -0.215    -0.215    -0.215    -0.215    -0.215    -0.215    -0.215      0.02      0.02
-0.102494 -0.102494 -0.102494 -0.102494 -0.102494 -0.102494 -0.102494 -0.102494 -0.102494 -0.102494 -0.102494 -0.102494 -0.102494 -0.102494 -0.102494 -0.102494 -0.102494 -0.102494 -0.102494 -0.102494 -0.102494 -0.102494 -0.102494 -0.102494 -0.102494 -0.102494 -0.102494 -0.102494 -0.102494 -0.102494 -0.102494 -0.102494 -0.102494 -0.102494 -0.102494 -0.102494 -0.102494         0         0         0         0         0         0         0         0         0         0         0         0         0         0         0         0         0         0         0         0         0         0         0         0         0         0         0         0         0         0    -0.215    -0.215    -0.215    -0.215    -0.215    -0.215    -0.215    -0.215    -0.215    -0.215    -0.215    -0.215    -0.215    -0.215    -0.215    -0.215    -0.215    -0.215    -0.215    -0.215    -0.215    -0.215    -0.215    -0.215    -0.215    -0.215    -0.215    -0.215    -0.215    -0.215      0.02      0.02      0.02
-0.102494 -0.102494 -0.102494 -0.102494 -0.102494 -0.102494 -0.102494 -0.102494 -0.102494 -0.102494 -0.102494 -0.102494 -0.102494 -0.102494 -0.102494 -0.102494 -0.102494 -0.102494 -0.102494 -0.102494 -0.102494 -0.102494 -0.102494 -0.102494 -0.102494 -0.102494 -0.102494 -0.102494 -0.102494 -0.102494 -0.102494 -0.102494 -0.102494 -0.102494 -0.102494 -0.102494         0         0         0         0         0         0         0         0         0         0         0         0         0         0         0         0         0         0         0         0         0         0         0         0         0         0         0         0         0         0    -0.215    -0.215    -0.215    -0.215    -0.215    -0.215    -0.215    -0.215    -0.215    -0.215    -0.215    -0.215    -0.215    -0.215    -0.215    -0.215    -0.215    -0.215    -0.215    -0.215    -0.215    -0.215    -0.215    -0.215    -0.215    -0.215    -0.215    -0.215    -0.215    -0.215      0.02      0.02      0.02      0.02
-0.102494 -0.102494 -0.102494 -0.102494 -0.102494 -0.102494 -0.102494 -0.102494 -0.102494 -0.102494 -0.102494 -0.102494 -0.102494 -0.102494 -0.102494 -0.102494 -0.102494 -0.102494 -0.102494 -0.102494 -0.102494 -0.102494 -0.102494 -0.102494 -0.102494 -0.102494 -0.102494 -0.102494 -0.102494 -0.102494 -0.102494 -0.102494 -0.102494 -0.102494 -0.102494         0         0         0         0         0         0         0         0         0         0         0         0         0         0         0         0         0         0         0         0         0         0         0         0         0         0         0         0         0         0    -0.215    -0.215    -0.215    -0.215    -0.215    -0.215    -0.215    -0.215    -0.215    -0.215    -0.215    -0.215    -0.215    -0.215    -0.215    -0.215    -0.215    -0.215    -0.215    -0.215    -0.215    -0.215    -0.215    -0.215    -0.215    -0.215    -0.215    -0.215    -0.215    -0.215      0.02      0.02      0.02      0.02      0.02
-0.102494 -0.102494 -0.102494 -0.102494 -0.102494 -0.102494 -0.102494 -0.102494 -0.102494 -0.102494 -0.102494 -0.102494 -0.102494 -0.102494 -0.102494 -0.102494 -0.102494 -0.102494 -0.102494 -0.102494 -0.102494 -0.102494 -0.102494 -0.102494 -0.102494 -0.102494 -0.102494 -0.102494 -0.102494 -0.102494 -0.102494 -0.102494 -0.102494 -0.102494         0         0         0         0         0         0         0         0         0         0         0         0         0         0         0         0         0         0         0         0         0         0         0         0         0         0         0         0         0         0    -0.215    -0.215    -0.215    -0.215    -0.215    -0.215    -0.215    -0.215    -0.215    -0.215    -0.215    -0.215    -0.215    -0.215    -0.215    -0.215    -0.215    -0.215    -0.215    -0.215    -0.215    -0.215    -0.215    -0.215    -0.215    -0.215    -0.215    -0.215    -0.215    -0.215      0.02      0.02      0.02      0.02      0.02      0.02
-0.102494 -0.102494 -0.102494 -0.102494 -0.102494 -0.102494 -0.102494 -0.102494 -0.102494 -0.102494 -0.102494 -0.102494 -0.102494 -0.102494 -0.102494 -0.102494 -0.102494 -0.102494 -0.102494 -0.102494 -0.102494 -0.102494 -0.102494 -0.102494 -0.102494 -0.102494 -0.102494 -0.102494 -0.102494 -0.102494 -0.102494 -0.102494 -0.102494         0         0         0         0         0         0         0         0         0         0         0         0         0         0         0         0         0         0         0         0         0         0         0         0         0         0         0         0         0         0    -0.215    -0.215    -0.215    -0.215    -0.215    -0.215    -0.215    -0.215    -0.215    -0.215    -0.215    -0.215    -0.215    -0.215    -0.215    -0.215    -0.215    -0.215    -0.215    -0.215    -0.215    -0.215    -0.215    -0.215    -0.215    -0.215    -0.215    -0.215    -0.215    -0.215      0.02      0.02      0.02      0.02      0.02      0.02      0.02
-0.102494 -0.102494 -0.102494 -0.102494 -0.102494 -0.102494 -0.102494 -0.102494 -0.102494 -0.102494 -0.102494 -0.102494 -0.102494 -0.102494 -0.102494 -0.102494 -0.102494 -0.102494 -0.102494 -0.102494 -0.102494 -0.102494 -0.102494 -0.102494 -0.102494 -0.102494 -0.102494 -0.102494 -0.102494 -0.102494 -0.102494 -0.102494         0         0         0         0         0         0         0         0         0         0         0         0         0         0         0         0         0         0         0         0         0         0         0         0         0         0         0         0         0         0    -0.215    -0.215    -0.215    -0.215    -0.215    -0.215    -0.215    -0.215    -0.215    -0.215    -0.215    -0.215    -0.215    -0.215    -0.215    -0.215    -0.215    -0.215    -0.215    -0.215    -0.215    -0.215    -0.215    -0.215    -0.215    -0.215    -0.215    -0.215    -0.215    -0.215      0.02      0.02      0.02      0.02      0.02      0.02      0.02      0.02
-0.102494 -0.102494 -0.102494 -0.102494 -0.102494 -0.102494 -0.102494 -0.102494 -0.102494 -0.102494 -0.102494 -0.102494 -0.102494 -0.102494 -0.102494 -0.102494 -0.102494 -0.102494 -0.102494 -0.102494 -0.102494 -0.102494 -0.102494 -0.102494 -0.102494 -0.102494 -0.102494 -0.102494 -0.102494 -0.102494 -0.102494         0         0         0         0         0         0         0         0         0         0         0         0         0         0         0         0         0         0         0         0         0         0         0         0         0         0         0         0         0         0    -0.215    -0.215    -0.215    -0.215    -0.215    -0.215    -0.215    -0.215    -0.215    -0.215    -0.215    -0.215    -0.215    -0.215    -0.215    -0.215    -0.215    -0.215    -0.215    -0.215    -0.215    -0.215    -0.215    -0.215    -0.215    -0.215    -0.215    -0.215    -0.215    -0.215      0.02      0.02      0.02      0.02      0.02      0.02      0.02      0.02      0.02
-0.102494 -0.102494 -0.102494 -0.102494 -0.102494 -0.102494 -0.102494 -0.102494 -0.102494 -0.102494 -0.102494 -0.102494 -0.102494 -0.102494 -0.102494 -0.102494 -0.102494 -0.102494 -0.102494 -0.102494 -0.102494 -0.102494 -0.102494 -0.102494 -0.102494 -0.102494 -0.102494 -0.102494 -0.102494 -0.102494         0         0         0         0         0         0         0         0         0         0         0         0         0         0         0         0         0         0         0         0         0         0         0         0         0         0         0         0         0         0    -0.215    -0.215    -0.215    -0.215    -0.215    -0.215    -0.215    -0.215    -0.215    -0.215    -0.215    -0.215    -0.215    -0.215    -0.215    -0.215    -0.215    -0.215    -0.215    -0.215    -0.215    -0.215    -0.215    -0.215    -0.215    -0.215    -0.215    -0.215    -0.215    -0.215      0.02      0.02      0.02      0.02      0.02      0.02      0.02      0.02      0.02      0.02
-0.102494 -0.102494 -0.102494 -0.102494 -0.102494 -0.102494 -0.102494 -0.102494 -0.102494 -0.102494 -0.102494 -0.102494 -0.102494 -0.102494 -0.102494 -0.102494 -0.102494 -0.102494 -0.102494 -0.102494 -0.102494 -0.102494 -0.102494 -0.102494 -0.102494 -0.102494 -0.102494 -0.102494 -0.102494         0         0         0         0         0         0         0         0         0         0         0         0         0         0         0         0         0         0         0         0         0         0         0         0         0         0         0         0         0         0    -0.215    -0.215    -0.215    -0.215    -0.215    -0.215    -0.215    -0.215    -0.215    -0.215    -0.215    -0.215    -0.215    -0.215    -0.215    -0.215    -0.215    -0.215    -0.215    -0.215    -0.215    -0.215    -0.215    -0.215    -0.215    -0.215    -0.215    -0.215    -0.215    -0.215      0.02      0.02      0.02      0.02      0.02      0.02      0.02      0.02      0.02      0.02      0.02
-0.102494 -0.102494 -0.102494 -0.102494 -0.102494 -0.102494 -0.102494 -0.102494 -0.102494 -0.102494 -0.102494 -0.102494 -0.102494 -0.102494 -0.102494 -0.102494 -0.102494 -0.102494 -0.102494 -0.102494 -0.102494 -0.102494 -0.102494 -0.102494 -0.102494 -0.102494 -0.102494 -0.102494         0         0         0         0         0         0         0         0         0         0         0         0         0         0         0         0         0         0         0         0         0         0         0         0         0         0         0         0         0         0    -0.215    -0.215    -0.215    -0.215    -0.215    -0.215    -0.215    -0.215    -0.215    -0.215    -0.215    -0.215    -0.215    -0.215    -0.215    -0.215    -0.215    -0.215    -0.215    -0.215    -0.215    -0.215    -0.215    -0.215    -0.215    -0.215    -0.215    -0.215    -0.215    -0.215      0.02      0.02      0.02      0.02      0.02      0.02      0.02      0.02      0.02      0.02      0.02      0.02
-0.102494 -0.102494 -0.102494 -0.102494 -0.102494 -0.102494 -0.102494 -0.102494 -0.102494 -0.102494 -0.102494 -0.102494 -0.102494 -0.102494 -0.102494 -0.102494 -0.102494 -0.102494 -0.102494 -0.102494 -0.102494 -0.102494 -0.102494 -0.102494 -0.102494 -0.102494 -0.102494         0         0         0         0         0         0         0         0         0         0         0         0         0         0         0         0         0         0         0         0         0         0         0         0         0         0         0         0         0         0    -0.215    -0.215    -0.215    -0.215    -0.215    -0.215    -0.215    -0.215    -0.215    -0.215    -0.215    -0.215    -0.215    -0.215    -0.215    -0.215    -0.215    -0.215    -0.215    -0.215    -0.215    -0.215    -0.215    -0.215    -0.215    -0.215    -0.215    -0.215    -0.215    -0.215      0.02      0.02      0.02      0.02      0.02      0.02      0.02      0.02      0.02      0.02      0.02      0.02      0.02
-0.102494 -0.102494 -0.102494 -0.102494 -0.102494 -0.102494 -0.102494 -0.102494 -0.102494 -0.102494 -0.102494 -0.102494 -0.102494 -0.102494 -0.102494 -0.102494 -0.102494 -0.102494 -0.102494 -0.102494 -0.102494 -0.102494 -0.102494 -0.102494 -0.102494 -0.102494         0         0         0         0         0         0         0         0         0         0         0         0         0         0         0         0         0         0         0         0         0         0         0         0         0         0         0         0         0         0    -0.215    -0.215    -0.215    -0.215    -0.215    -0.215    -0.215    -0.215    -0.215    -0.215    -0.215    -0.215    -0.215    -0.215    -0.215    -0.215    -0.215    -0.215    -0.215    -0.215    -0.215    -0.215    -0.215    -0.215    -0.215    -0.215    -0.215    -0.215    -0.215    -0.215      0.02      0.02      0.02      0.02      0.02      0.02      0.02      0.02      0.02      0.02      0.02      0.02      0.02      0.02
-0.102494 -0.102494 -0.102494 -0.102494 -0.102494 -0.102494 -0.102494 -0.102494 -0.102494 -0.102494 -0.102494 -0.102494 -0.102494 -0.102494 -0.102494 -0.102494 -0.102494 -0.102494 -0.102494 -0.102494 -0.102494 -0.102494 -0.102494 -0.102494 -0.102494         0         0         0         0         0         0         0         0         0         0         0         0         0         0         0         0         0         0         0         0         0         0         0         0         0         0         0         0         0         0    -0.215    -0.215    -0.215    -0.215    -0.215    -0.215    -0.215    -0.215    -0.215    -0.215    -0.215    -0.215    -0.215    -0.215    -0.215    -0.215    -0.215    -0.215    -0.215    -0.215    -0.215    -0.215    -0.215    -0.215    -0.215    -0.215    -0.215    -0.215    -0.215    -0.215      0.02      0.02      0.02      0.02      0.02      0.02      0.02      0.02      0.02      0.02      0.02      0.02      0.02      0.02      0.02
-0.102494 -0.102494 -0.102494 -0.102494 -0.102494 -0.102494 -0.102494 -0.102494 -0.102494 -0.102494 -0.102494 -0.102494 -0.102494 -0.102494 -0.102494 -0.102494 -0.102494 -0.102494 -0.102494 -0.102494 -0.102494 -0.102494 -0.102494 -0.102494         0         0         0         0         0         0         0         0         0         0         0         0         0         0         0         0         0         0         0         0         0         0         0         0         0         0         0         0         0         0    -0.215    -0.215    -0.215    -0.215    -0.215    -0.215    -0.215    -0.215    -0.215    -0.215    -0.215    -0.215    -0.215    -0.215    -0.215    -0.215    -0.215    -0.215    -0.215    -0.215    -0.215    -0.215    -0.215    -0.215    -0.215    -0.215    -0.215    -0.215    -0.215    -0.215      0.02      0.02      0.02      0.02      0.02      0.02      0.02      0.02      0.02      0.02      0.02      0.02      0.02      0.02      0.02      0.02
-0.102494 -0.102494 -0.102494 -0.102494 -0.102494 -0.102494 -0.102494 -0.102494 -0.102494 -0.102494 -0.102494 -0.102494 -0.102494 -0.102494 -0.102494 -0.102494 -0.102494 -0.102494 -0.102494 -0.102494 -0.102494 -0.102494 -0.102494         0         0         0         0         0         0         0         0         0         0         0         0         0         0         0         0         0         0         0         0         0         0         0         0         0         0         0         0         0         0    -0.215    -0.215    -0.215    -0.215    -0.215    -0.215    -0.215    -0.215    -0.215    -0.215    -0.215    -0.215    -0.215    -0.215    -0.215    -0.215    -0.215    -0.215    -0.215    -0.215    -0.215    -0.215    -0.215    -0.215    -0.215    -0.215    -0.215    -0.215    -0.215    -0.215      0.02      0.02      0.02      0.02      0.02      0.02      0.02      0.02      0.02      0.02      0.02      0.02      0.02      0.02      0.02      0.02      0.02
-0.102494 -0.102494 -0.102494 -0.102494 -0.102494 -0.102494 -0.102494 -0.102494 -0.102494 -0.102494 -0.102494 -0.102494 -0.102494 -0.102494 -0.102494 -0.102494 -0.102494 -0.102494 -0.102494 -0.102494 -0.102494 -0.102494         0         0         0         0         0         0         0         0         0         0         0         0         0         0         0         0         0         0         0         0         0         0         0         0         0         0         0         0         0         0    -0.215    -0.215    -0.215    -0.215    -0.215    -0.215    -0.215    -0.215    -0.215    -0.215    -0.215    -0.215    -0.215    -0.215    -0.215    -0.215    -0.215    -0.215    -0.215    -0.215    -0.215    -0.215    -0.215    -0.215    -0.215    -0.215    -0.215    -0.215    -0.215    -0.215      0.02      0.02      0.02      0.02      0.02      0.02      0.02      0.02      0.02      0.02      0.02      0.02      0.02      0.02      0.02      0.02      0.02      0.02
-0.102494 -0.102494 -0.102494 -0.102494 -0.102494 -0.102494 -0.102494 -0.102494 -0.102494 -0.102494 -0.102494 -0.102494 -0.102494 -0.102494 -0.102494 -0.102494 -0.102494 -0.102494 -0.102494 -0.102494 -0.102494         0         0         0         0         0         0         0         0         0         0         0         0         0         0         0         0         0         0         0         0         0         0         0         0         0         0         0         0         0         0    -0.215    -0.215    -0.215    -0.215    -0.215    -0.215    -0.215    -0.215    -0.215    -0.215    -0.215    -0.215    -0.215    -0.215    -0.215    -0.215    -0.215    -0.215    -0.215    -0.215    -0.215    -0.215    -0.215    -0.215    -0.215    -0.215    -0.215    -0.215    -0.215    -0.215      0.02      0.02      0.02      0.02      0.02      0.02      0.02      0.02      0.02      0.02      0.02      0.02      0.02      0.02      0.02      0.02      0.02      0.02      0.02
-0.102494 -0.102494 -0.102494 -0.102494 -0.102494 -0.102494 -0.102494 -0.102494 -0.102494 -0.102494 -0.102494 -0.102494 -0.102494 -0.102494 -0.102494 -0.102494 -0.102494 -0.102494 -0.102494 -0.102494         0         0         0         0         0         0         0         0         0         0         0         0         0         0         0         0         0         0         0         0         0         0         0         0         0         0         0         0         0         0    -0.215    -0.215    -0.215    -0.215    -0.215    -0.215    -0.215    -0.215    -0.215    -0.215    -0.215    -0.215    -0.215    -0.215    -0.215    -0.215    -0.215    -0.215    -0.215    -0.215    -0.215    -0.215    -0.215    -0.215    -0.215    -0.215    -0.215    -0.215    -0.215    -0.215      0.02      0.02      0.02      0.02      0.02      0.02      0.02      0.02      0.02      0.02      0.02      0.02      0.02      0.02      0.02      0.02      0.02      0.02      0.02      0.02
-0.102494 -0.102494 -0.102494 -0.102494 -0.102494 -0.102494 -0.102494 -0.102494 -0.102494 -0.102494 -0.102494 -0.102494 -0.102494 -0.102494 -0.102494 -0.102494 -0.102494 -0.102494 -0.102494         0         0         0         0         0         0         0         0         0         0         0         0         0         0         0         0         0         0         0         0         0         0         0         0         0         0         0         0         0         0    -0.215    -0.215    -0.215    -0.215    -0.215    -0.215    -0.215    -0.215    -0.215    -0.215    -0.215    -0.215    -0.215    -0.215    -0.215    -0.215    -0.215    -0.215    -0.215    -0.215    -0.215    -0.215    -0.215    -0.215    -0.215    -0.215    -0.215    -0.215    -0.215    -0.215      0.02      0.02      0.02      0.02      0.02      0.02      0.02      0.02      0.02      0.02      0.02      0.02      0.02      0.02      0.02      0.02      0.02      0.02      0.02      0.02      0.02
-0.102494 -0.102494 -0.102494 -0.102494 -0.102494 -0.102494 -0.102494 -0.102494 -0.102494 -0.102494 -0.102494 -0.102494 -0.102494 -0.102494 -0.102494 -0.102494 -0.102494 -0.102494         0         0         0         0         0         0         0         0         0         0         0         0         0         0         0         0         0         0         0         0         0         0         0         0         0         0         0         0         0         0    -0.215    -0.215    -0.215    -0.215    -0.215    -0.215    -0.215    -0.215    -0.215    -0.215    -0.215    -0.215    -0.215    -0.215    -0.215    -0.215    -0.215    -0.215    -0.215    -0.215    -0.215    -0.215    -0.215    -0.215    -0.215    -0.215    -0.215    -0.215    -0.215    -0.215      0.02      0.02      0.02      0.02      0.02      0.02      0.02      0.02      0.02      0.02      0.02      0.02      0.02      0.02      0.02      0.02      0.02      0.02      0.02      0.02      0.02      0.02
-0.102494 -0.102494 -0.102494 -0.102494 -0.102494 -0.102494 -0.102494 -0.102494 -0.102494 -0.102494 -0.102494 -0.102494 -0.102494 -0.102494 -0.102494 -0.102494 -0.102494         0         0         0         0         0         0         0         0         0         0         0         0         0         0         0         0         0         0         0         0         0         0         0         0         0         0         0         0         0         0    -0.215    -0.215    -0.215    -0.215    -0.215    -0.215    -0.215    -0.215    -0.215    -0.215    -0.215    -0.215    -0.215    -0.215    -0.215    -0.215    -0.215    -0.215    -0.215    -0.215    -0.215    -0.215    -0.215    -0.215    -0.215    -0.215    -0.215    -0.215    -0.215    -0.215      0.02      0.02      0.02      0.02      0.02      0.02      0.02      0.02      0.02      0.02      0.02      0.02      0.02      0.02      0.02      0.02      0.02      0.02      0.02      0.02      0.02      0.02      0.02
-0.102494 -0.102494 -0.102494 -0.102494 -0.102494 -0.102494 -0.102494 -0.102494 -0.102494 -0.102494 -0.102494 -0.102494 -0.102494 -0.102494 -0.102494 -0.102494         0         0         0         0         0         0         0         0         0         0         0         0         0         0         0         0         0         0         0         0         0         0         0         0         0         0         0         0         0         0    -0.215    -0.215    -0.215    -0.215    -0.215    -0.215    -0.215    -0.215    -0.215    -0.215    -0.215    -0.215    -0.215    -0.215    -0.215    -0.215    -0.215    -0.215    -0.215    -0.215    -0.215    -0.215    -0.215    -0.215    -0.215    -0.215    -0.215    -0.215    -0.215    -0.215      0.02      0.02      0.02      0.02      0.02      0.02      0.02      0.02      0.02      0.02      0.02      0.02      0.02      0.02      0.02      0.02      0.02      0.02      0.02      0.02      0.02      0.02      0.02      0.02
-0.102494 -0.102494 -0.102494 -0.102494 -0.102494 -0.102494 -0.102494 -0.102494 -0.102494 -0.102494 -0.102494 -0.102494 -0.102494 -0.102494 -0.102494         0         0         0         0         0         0         0         0         0         0         0         0         0         0         0         0         0         0         0         0         0         0         0         0         0         0         0         0         0         0    -0.215    -0.215    -0.215    -0.215    -0.215    -0.215    -0.215    -0.215    -0.215    -0.215    -0.215    -0.215    -0.215    -0.215    -0.215    -0.215    -0.215    -0.215    -0.215    -0.215    -0.215    -0.215    -0.215    -0.215    -0.215    -0.215    -0.215    -0.215    -0.215    -0.215      0.02      0.02      0.02      0.02      0.02      0.02      0.02      0.02      0.02      0.02      0.02      0.02      0.02      0.02      0.02      0.02      0.02      0.02      0.02      0.02      0.02      0.02      0.02      0.02      0.02
-0.102494 -0.102494 -0.102494 -0.102494 -0.102494 -0.102494 -0.102494 -0.102494 -0.102494 -0.102494 -0.102494 -0.102494 -0.102494 -0.102494         0         0         0         0         0         0         0         0         0         0         0         0         0         0         0         0         0         0         0         0         0         0         0         0         0         0         0         0         0         0    -0.215    -0.215    -0.215    -0.215    -0.215    -0.215    -0.215    -0.215    -0.215    -0.215    -0.215    -0.215    -0.215    -0.215    -0.215    -0.215    -0.215    -0.215    -0.215    -0.215    -0.215    -0.215    -0.215    -0.215    -0.215    -0.215    -0.215    -0.215    -0.215    -0.215      0.02      0.02      0.02      0.02      0.02      0.02      0.02      0.02      0.02      0.02      0.02      0.02      0.02      0.02      0.02      0.02      0.02      0.02      0.02      0.02      0.02      0.02      0.02      0.02      0.02      0.02
-0.102494 -0.102494 -0.102494 -0.102494 -0.102494 -0.102494 -0.102494 -0.102494 -0.102494 -0.102494 -0.102494 -0.102494 -0.102494         0         0         0         0         0         0         0         0         0         0         0         0         0         0         0         0         0         0         0         0         0         0         0         0         0         0         0         0         0         0    -0.215    -0.215    -0.215    -0.215    -0.215    -0.215    -0.215    -0.215    -0.215    -0.215    -0.215    -0.215    -0.215    -0.215    -0.215    -0.215    -0.215    -0.215    -0.215    -0.215    -0.215    -0.215    -0.215    -0.215    -0.215    -0.215    -0.215    -0.215    -0.215    -0.215      0.02      0.02      0.02      0.02      0.02      0.02      0.02      0.02      0.02      0.02      0.02      0.02      0.02      0.02      0.02      0.02      0.02      0.02      0.02      0.02      0.02      0.02      0.02      0.02      0.02      0.02      0.02
-0.102494 -0.102494 -0.102494 -0.102494 -0.102494 -0.102494 -0.102494 -0.102494 -0.102494 -0.102494 -0.102494 -0.102494         0         0         0         0         0         0         0         0         0         0         0         0         0         0         0         0         0         0         0         0         0         0         0         0         0         0         0         0         0         0    -0.215    -0.215    -0.215    -0.215    -0.215    -0.215    -0.215    -0.215    -0.215    -0.215    -0.215    -0.215    -0.215    -0.215    -0.215    -0.215    -0.215    -0.215    -0.215    -0.215    -0.215    -0.215    -0.215    -0.215    -0.215    -0.215    -0.215    -0.215    -0.215    -0.215      0.02      0.02      0.02      0.02      0.02      0.02      0.02      0.02      0.02      0.02      0.02      0.02      0.02      0.02      0.02      0.02      0.02      0.02      0.02      0.02      0.02      0.02      0.02      0.02      0.02      0.02      0.02      0.02
-0.102494 -0.102494 -0.102494 -0.102494 -0.102494 -0.102494 -0.102494 -0.102494 -0.102494 -0.102494 -0.102494         0         0         0         0         0         0         0         0         0         0         0         0         0         0         0         0         0         0         0         0         0         0         0         0         0         0         0         0         0         0    -0.215    -0.215    -0.215    -0.215    -0.215    -0.215    -0.215    -0.215    -0.215    -0.215    -0.215    -0.215    -0.215    -0.215    -0.215    -0.215    -0.215    -0.215    -0.215    -0.215    -0.215    -0.215    -0.215    -0.215    -0.215    -0.215    -0.215    -0.215    -0.215    -0.215      0.02      0.02      0.02      0.02      0.02      0.02      0.02      0.02      0.02      0.02      0.02      0.02      0.02      0.02      0.02      0.02      0.02      0.02      0.02      0.02      0.02      0.02      0.02      0.02      0.02      0.02      0.02      0.02      0.02
-0.102494 -0.102494 -0.102494 -0.102494 -0.102494 -0.102494 -0.102494 -0.102494 -0.102494 -0.102494         0         0         0         0         0         0         0         0         0         0         0         0         0         0         0         0         0         0         0         0         0         0         0         0         0         0         0         0         0         0    -0.215    -0.215    -0.215    -0.215    -0.215    -0.215    -0.215    -0.215    -0.215    -0.215    -0.215    -0.215    -0.215    -0.215    -0.215    -0.215    -0.215    -0.215    -0.215    -0.215    -0.215    -0.215    -0.215    -0.215    -0.215    -0.215    -0.215    -0.215    -0.215    -0.215      0.02      0.02      0.02      0.02      0.02      0.02      0.02      0.02      0.02      0.02      0.02      0.02      0.02      0.02      0.02      0.02      0.02      0.02      0.02      0.02      0.02      0.02      0.02      0.02      0.02      0.02      0.02      0.02      0.02      0.02
-0.102494 -0.102494 -0.102494 -0.102494 -0.102494 -0.102494 -0.102494 -0.102494 -0.102494         0         0         0         0         0         0         0         0         0         0         0         0         0         0         0         0         0         0         0         0         0         0         0         0         0         0         0         0         0         0    -0.215    -0.215    -0.215    -0.215    -0.215    -0.215    -0.215    -0.215    -0.215    -0.215    -0.215    -0.215    -0.215    -0.215    -0.215    -0.215    -0.215    -0.215    -0.215    -0.215    -0.215    -0.215    -0.215    -0.215    -0.215    -0.215    -0.215    -0.215    -0.215    -0.215      0.02      0.02      0.02      0.02      0.02      0.02      0.02      0.02      0.02      0.02      0.02      0.02      0.02      0.02      0.02      0.02      0.02      0.02      0.02      0.02      0.02      0.02      0.02      0.02      0.02      0.02      0.02      0.02      0.02      0.02    -0.225
-0.102494 -0.102494 -0.102494 -0.102494 -0.102494 -0.102494 -0.102494 -0.102494         0         0         0         0         0         0         0         0         0         0         0         0         0         0         0         0         0         0         0         0         0         0         0         0         0         0         0         0         0         0    -0.215    -0.215    -0.215    -0.215    -0.215    -0.215    -0.215    -0.215    -0.215    -0.215    -0.215    -0.215    -0.215    -0.215    -0.215    -0.215    -0.215    -0.215    -0.215    -0.215    -0.215    -0.215    -0.215    -0.215    -0.215    -0.215    -0.215    -0.215    -0.215    -0.215      0.02      0.02      0.02      0.02      0.02      0.02      0.02      0.02      0.02      0.02      0.02      0.02      0.02      0.02      0.02      0.02      0.02      0.02      0.02      0.02      0.02      0.02      0.02      0.02      0.02      0.02      0.02      0.02      0.02      0.02    -0.225    -0.225
-0.102494 -0.102494 -0.102494 -0.102494 -0.102494 -0.102494 -0.102494         0         0         0         0         0         0         0         0         0         0         0         0         0         0         0         0         0         0         0         0         0         0         0         0         0         0         0         0         0         0    -0.215    -0.215    -0.215    -0.215    -0.215    -0.215    -0.215    -0.215    -0.215    -0.215    -0.215    -0.215    -0.215    -0.215    -0.215    -0.215    -0.215    -0.215    -0.215    -0.215    -0.215    -0.215    -0.215    -0.215    -0.215    -0.215    -0.215    -0.215    -0.215    -0.215      0.02      0.02      0.02      0.02      0.02      0.02      0.02      0.02      0.02      0.02      0.02      0.02      0.02      0.02      0.02      0.02      0.02      0.02      0.02      0.02      0.02      0.02      0.02      0.02      0.02      0.02      0.02      0.02      0.02      0.02    -0.225    -0.225    -0.225
-0.102494 -0.102494 -0.102494 -0.102494 -0.102494 -0.102494         0         0         0         0         0         0         0         0         0         0         0         0         0         0         0         0         0         0         0         0         0         0         0         0         0         0         0         0         0         0    -0.215    -0.215    -0.215    -0.215    -0.215    -0.215    -0.215    -0.215    -0.215    -0.215    -0.215    -0.215    -0.215    -0.215    -0.215    -0.215    -0.215    -0.215    -0.215    -0.215    -0.215    -0.215    -0.215    -0.215    -0.215    -0.215    -0.215    -0.215    -0.215    -0.215      0.02      0.02      0.02      0.02      0.02      0.02      0.02      0.02      0.02      0.02      0.02      0.02      0.02      0.02      0.02      0.02      0.02      0.02      0.02      0.02      0.02      0.02      0.02      0.02      0.02      0.02      0.02      0.02      0.02      0.02    -0.225    -0.225    -0.225    -0.225
-0.102494 -0.102494 -0.102494 -0.102494 -0.102494         0         0         0         0         0         0         0         0         0         0         0         0         0         0         0         0         0         0         0         0         0         0         0         0         0         0         0         0         0         0    -0.215    -0.215    -0.215    -0.215    -0.215    -0.215    -0.215    -0.215    -0.215    -0.215    -0.215    -0.215    -0.215    -0.215    -0.215    -0.215    -0.215    -0.215    -0.215    -0.215    -0.215    -0.215    -0.215    -0.215    -0.215    -0.215    -0.215    -0.215    -0.215    -0.215      0.02      0.02      0.02      0.02      0.02      0.02      0.02      0.02      0.02      0.02      0.02      0.02      0.02      0.02      0.02      0.02      0.02      0.02      0.02      0.02      0.02      0.02      0.02      0.02      0.02      0.02      0.02      0.02      0.02      0.02    -0.225    -0.225    -0.225    -0.225    -0.225
-0.102494 -0.102494 -0.102494 -0.102494         0         0         0         0         0         0         0         0         0         0         0         0         0         0         0         0         0         0         0         0         0         0         0         0         0         0         0         0         0         0    -0.215    -0.215    -0.215    -0.215    -0.215    -0.215    -0.215    -0.215    -0.215    -0.215    -0.215    -0.215    -0.215    -0.215    -0.215    -0.215    -0.215    -0.215    -0.215    -0.215    -0.215    -0.215    -0.215    -0.215    -0.215    -0.215    -0.215    -0.215    -0.215    -0.215      0.02      0.02      0.02      0.02      0.02      0.02      0.02      0.02      0.02      0.02      0.02      0.02      0.02      0.02      0.02      0.02      0.02      0.02      0.02      0.02      0.02      0.02      0.02      0.02      0.02      0.02      0.02      0.02      0.02      0.02    -0.225    -0.225    -0.225    -0.225    -0.225    -0.225
-0.102494 -0.102494 -0.102494         0         0         0         0         0         0         0         0         0         0         0         0         0         0         0         0         0         0         0         0         0         0         0         0         0         0         0         0         0         0    -0.215    -0.215    -0.215    -0.215    -0.215    -0.215    -0.215    -0.215    -0.215    -0.215    -0.215    -0.215    -0.215    -0.215    -0.215    -0.215    -0.215    -0.215    -0.215    -0.215    -0.215    -0.215    -0.215    -0.215    -0.215    -0.215    -0.215    -0.215    -0.215    -0.215      0.02      0.02      0.02      0.02      0.02      0.02      0.02      0.02      0.02      0.02      0.02      0.02      0.02      0.02      0.02      0.02      0.02      0.02      0.02      0.02      0.02      0.02      0.02      0.02      0.02      0.02      0.02      0.02      0.02      0.02    -0.225    -0.225    -0.225    -0.225    -0.225    -0.225    -0.225
-0.102494 -0.102494         0         0         0         0         0         0         0         0         0         0         0         0         0         0         0         0         0         0         0         0         0         0         0         0         0         0         0         0         0         0    -0.215    -0.215    -0.215    -0.215    -0.215    -0.215    -0.215    -0.215    -0.215    -0.215    -0.215    -0.215    -0.215    -0.215    -0.215    -0.215    -0.215    -0.215    -0.215    -0.215    -0.215    -0.215    -0.215    -0.215    -0.215    -0.215    -0.215    -0.215    -0.215    -0.215      0.02      0.02      0.02      0.02      0.02      0.02      0.02      0.02      0.02      0.02      0.02      0.02      0.02      0.02      0.02      0.02      0.02      0.02      0.02      0.02      0.02      0.02      0.02      0.02      0.02      0.02      0.02      0.02      0.02      0.02    -0.225    -0.225    -0.225    -0.225    -0.225    -0.225    -0.225    -0.225
-0.102494         0         0         0         0         0         0         0         0         0         0         0         0         0         0         0         0         0         0         0         0         0         0         0         0         0         0         0         0         0         0    -0.215    -0.215    -0.215    -0.215    -0.215    -0.215    -0.215    -0.215    -0.215    -0.215    -0.215    -0.215    -0.215    -0.215    -0.215    -0.215    -0.215    -0.215    -0.215    -0.215    -0.215    -0.215    -0.215    -0.215    -0.215    -0.215    -0.215    -0.215    -0.215    -0.215      0.02      0.02      0.02      0.02      0.02      0.02      0.02      0.02      0.02      0.02      0.02      0.02      0.02      0.02      0.02      0.02      0.02      0.02      0.02      0.02      0.02      0.02      0.02      0.02      0.02      0.02      0.02      0.02      0.02      0.02    -0.225    -0.225    -0.225    -0.225    -0.225    -0.225    -0.225    -0.225    -0.225
     0      0      0      0      0      0      0      0      0      0      0      0      0      0      0      0      0      0      0      0      0      0      0      0      0      0      0      0      0      0 -0.215 -0.215 -0.215 -0.215 -0.215 -0.215 -0.215 -0.215 -0.215 -0.215 -0.215 -0.215 -0.215 -0.215 -0.215 -0.215 -0.215 -0.215 -0.215 -0.215 -0.215 -0.215 -0.215 -0.215 -0.215 -0.215 -0.215 -0.215 -0.215 -0.215   0.02   0.02   0.02   0.02   0.02   0.02   0.02   0.02   0.02   0.02   0.02   0.02   0.02   0.02   0.02   0.02   0.02   0.02   0.02   0.02   0.02   0.02   0.02   0.02   0.02   0.02   0.02   0.02   0.02   0.02 -0.225 -0.225 -0.225 -0.225 -0.225 -0.225 -0.225 -0.225 -0.225 -0.225
     0      0      0      0      0      0      0      0      0      0      0      0      0      0      0      0      0      0      0      0      0      0      0      0      0      0      0      0      0 -0.215 -0.215 -0.215 -0.215 -0.215 -0.215 -0.215 -0.215 -0.215 -0.215 -0.215 -0.215 -0.215 -0.215 -0.215 -0.215 -0.215 -0.215 -0.215 -0.215 -0.215 -0.215 -0.215 -0.215 -0.215 -0.215 -0.215 -0.215 -0.215 -0.215   0.02   0.02   0.02   0.02   0.02   0.02   0.02   0.02   0.02   0.02   0.02   0.02   0.02   0.02   0.02   0.02   0.02   0.02   0.02   0.02   0.02   0.02   0.02   0.02   0.02   0.02   0.02   0.02   0.02   0.02 -0.225 -0.225 -0.225 -0.225 -0.225 -0.225 -0.225 -0.225 -0.225 -0.225 -0.225
     0      0      0      0      0      0      0      0      0      0      0      0      0      0      0      0      0      0      0      0      0      0      0      0      0      0      0      0 -0.215 -0.215 -0.215 -0.215 -0.215 -0.215 -0.215 -0.215 -0.215 -0.215 -0.215 -0.215 -0.215 -0.215 -0.215 -0.215 -0.215 -0.215 -0.215 -0.215 -0.215 -0.215 -0.215 -0.215 -0.215 -0.215 -0.215 -0.215 -0.215 -0.215   0.02   0.02   0.02   0.02   0.02   0.02   0.02   0.02   0.02   0.02   0.02   0.02   0.02   0.02   0.02   0.02   0.02   0.02   0.02   0.02   0.02   0.02   0.02   0.02   0.02   0.02   0.02   0.02   0.02   0.02 -0.225 -0.225 -0.225 -0.225 -0.225 -0.225 -0.225 -0.225 -0.225 -0.225 -0.225 -0.225
     0      0      0      0      0      0      0      0      0      0      0      0      0      0      0      0      0      0      0      0      0      0      0      0      0      0      0 -0.215 -0.215 -0.215 -0.215 -0.215 -0.215 -0.215 -0.215 -0.215 -0.215 -0.215 -0.215 -0.215 -0.215 -0.215 -0.215 -0.215 -0.215 -0.215 -0.215 -0.215 -0.215 -0.215 -0.215 -0.215 -0.215 -0.215 -0.215 -0.215 -0.215   0.02   0.02   0.02   0.02   0.02   0.02   0.02   0.02   0.02   0.02   0.02   0.02   0.02   0.02   0.02   0.02   0.02   0.02   0.02   0.02   0.02   0.02   0.02   0.02   0.02   0.02   0.02   0.02   0.02   0.02 -0.225 -0.225 -0.225 -0.225 -0.225 -0.225 -0.225 -0.225 -0.225 -0.225 -0.225 -0.225 -0.225
     0      0      0      0      0      0      0      0      0      0      0      0      0      0      0      0      0      0      0      0      0      0      0      0      0      0 -0.215 -0.215 -0.215 -0.215 -0.215 -0.215 -0.215 -0.215 -0.215 -0.215 -0.215 -0.215 -0.215 -0.215 -0.215 -0.215 -0.215 -0.215 -0.215 -0.215 -0.215 -0.215 -0.215 -0.215 -0.215 -0.215 -0.215 -0.215 -0.215 -0.215   0.02   0.02   0.02   0.02   0.02   0.02   0.02   0.02   0.02   0.02   0.02   0.02   0.02   0.02   0.02   0.02   0.02   0.02   0.02   0.02   0.02   0.02   0.02   0.02   0.02   0.02   0.02   0.02   0.02   0.02 -0.225 -0.225 -0.225 -0.225 -0.225 -0.225 -0.225 -0.225 -0.225 -0.225 -0.225 -0.225 -0.225 -0.225
     0      0      0      0      0      0      0      0      0      0      0      0      0      0      0      0      0      0      0      0      0      0      0      0      0 -0.215 -0.215 -0.215 -0.215 -0.215 -0.215 -0.215 -0.215 -0.215 -0.215 -0.215 -0.215 -0.215 -0.215 -0.215 -0.215 -0.215 -0.215 -0.215 -0.215 -0.215 -0.215 -0.215 -0.215 -0.215 -0.215 -0.215 -0.215 -0.215 -0.215   0.02   0.02   0.02   0.02   0.02   0.02   0.02   0.02   0.02   0.02   0.02   0.02   0.02   0.02   0.02   0.02   0.02   0.02   0.02   0.02   0.02   0.02   0.02   0.02   0.02   0.02   0.02   0.02   0.02   0.02 -0.225 -0.225 -0.225 -0.225 -0.225 -0.225 -0.225 -0.225 -0.225 -0.225 -0.225 -0.225 -0.225 -0.225 -0.225
     0      0      0      0      0      0      0      0      0      0      0      0      0      0      0      0      0      0      0      0      0      0      0      0 -0.215 -0.215 -0.215 -0.215 -0.215 -0.215 -0.215 -0.215 -0.215 -0.215 -0.215 -0.215 -0.215 -0.215 -0.215 -0.215 -0.215 -0.215 -0.215 -0.215 -0.215 -0.215 -0.215 -0.215 -0.215 -0.215 -0.215 -0.215 -0.215 -0.215   0.02   0.02   0.02   0.02   0.02   0.02   0.02   0.02   0.02   0.02   0.02   0.02   0.02   0.02   0.02   0.02   0.02   0.02   0.02   0.02   0.02   0.02   0.02   0.02   0.02   0.02   0.02   0.02   0.02   0.02 -0.225 -0.225 -0.225 -0.225 -0.225 -0.225 -0.225 -0.225 -0.225 -0.225 -0.225 -0.225 -0.225 -0.225 -0.225 -0.225
     0      0      0      0      0      0      0      0      0      0      0      0      0      0      0      0      0      0      0      0      0      0      0 -0.215 -0.215 -0.215 -0.215 -0.215 -0.215 -0.215 -0.215 -0.215 -0.215 -0.215 -0.215 -0.215 -0.215 -0.215 -0.215 -0.215 -0.215 -0.215 -0.215 -0.215 -0.215 -0.215 -0.215 -0.215 -0.215 -0.215 -0.215 -0.215 -0.215   0.02   0.02   0.02   0.02   0.02   0.02   0.02   0.02   0.02   0.02   0.02   0.02   0.02   0.02   0.02   0.02   0.02   0.02   0.02   0.02   0.02   0.02   0.02   0.02   0.02   0.02   0.02   0.02   0.02   0.02 -0.225 -0.225 -0.225 -0.225 -0.225 -0.225 -0.225 -0.225 -0.225 -0.225 -0.225 -0.225 -0.225 -0.225 -0.225 -0.225 -0.225
     0      0      0      0      0      0      0      0      0      0      0      0      0      0      0      0      0      0      0      0      0      0 -0.215 -0.215 -0.215 -0.215 -0.215 -0.215 -0.215 -0.215 -0.215 -0.215 -0.215 -0.215 -0.215 -0.215 -0.215 -0.215 -0.215 -0.215 -0.215 -0.215 -0.215 -0.215 -0.215 -0.215 -0.215 -0.215 -0.215 -0.215 -0.215 -0.215   0.02   0.02   0.02   0.02   0.02   0.02   0.02   0.02   0.02   0.02   0.02   0.02   0.02   0.02   0.02   0.02   0.02   0.02   0.02   0.02   0.02   0.02   0.02   0.02   0.02   0.02   0.02   0.02   0.02   0.02 -0.225 -0.225 -0.225 -0.225 -0.225 -0.225 -0.225 -0.225 -0.225 -0.225 -0.225 -0.225 -0.225 -0.225 -0.225 -0.225 -0.225 -0.225
     0      0      0      0      0      0      0      0      0      0      0      0      0      0      0      0      0      0      0      0      0 -0.215 -0.215 -0.215 -0.215 -0.215 -0.215 -0.215 -0.215 -0.215 -0.215 -0.215 -0.215 -0.215 -0.215 -0.215 -0.215 -0.215 -0.215 -0.215 -0.215 -0.215 -0.215 -0.215 -0.215 -0.215 -0.215 -0.215 -0.215 -0.215 -0.215   0.02   0.02   0.02   0.02   0.02   0.02   0.02   0.02   0.02   0.02   0.02   0.02   0.02   0.02   0.02   0.02   0.02   0.02   0.02   0.02   0.02   0.02   0.02   0.02   0.02   0.02   0.02   0.02   0.02   0.02 -0.225 -0.225 -0.225 -0.225 -0.225 -0.225 -0.225 -0.225 -0.225 -0.225 -0.225 -0.225 -0.225 -0.225 -0.225 -0.225 -0.225 -0.225 -0.225
     0      0      0      0      0      0      0      0      0      0      0      0      0      0      0      0      0      0      0      0 -0.215 -0.215 -0.215 -0.215 -0.215 -0.215 -0.215 -0.215 -0.215 -0.215 -0.215 -0.215 -0.215 -0.215 -0.215 -0.215 -0.215 -0.215 -0.215 -0.215 -0.215 -0.215 -0.215 -0.215 -0.215 -0.215 -0.215 -0.215 -0.215 -0.215   0.02   0.02   0.02   0.02   0.02   0.02   0.02   0.02   0.02   0.02   0.02   0.02   0.02   0.02   0.02   0.02   0.02   0.02   0.02   0.02   0.02   0.02   0.02   0.02   0.02   0.02   0.02   0.02   0.02   0.02 -0.225 -0.225 -0.225 -0.225 -0.225 -0.225 -0.225 -0.225 -0.225 -0.225 -0.225 -0.225 -0.225 -0.225 -0.225 -0.225 -0.225 -0.225 -0.225 -0.225
     0      0      0      0      0      0      0      0      0      0      0      0      0      0      0      0      0      0      0 -0.215 -0.215 -0.215 -0.215 -0.215 -0.215 -0.215 -0.215 -0.215 -0.215 -0.215 -0.215 -0.215 -0.215 -0.215 -0.215 -0.215 -0.215 -0.215 -0.215 -0.215 -0.215 -0.215 -0.215 -0.215 -0.215 -0.215 -0.215 -0.215 -0.215   0.02   0.02   0.02   0.02   0.02   0.02   0.02   0.02   0.02   0.02   0.02   0.02   0.02   0.02   0.02   0.02   0.02   0.02   0.02   0.02   0.02   0.02   0.02   0.02   0.02   0.02   0.02   0.02   0.02   0.02 -0.225 -0.225 -0.225 -0.225 -0.225 -0.225 -0.225 -0.225 -0.225 -0.225 -0.225 -0.225 -0.225 -0.225 -0.225 -0.225 -0.225 -0.225 -0.225 -0.225 -0.225
     0      0      0      0      0      0      0      0      0      0      0      0      0      0      0      0      0      0 -0.215 -0.215 -0.215 -0.215 -0.215 -0.215 -0.215 -0.215 -0.215 -0.215 -0.215 -0.215 -0.215 -0.215 -0.215 -0.215 -0.215 -0.215 -0.215 -0.215 -0.215 -0.215 -0.215 -0.215 -0.215 -0.215 -0.215 -0.215 -0.215 -0.215   0.02   0.02   0.02   0.02   0.02   0.02   0.02   0.02   0.02   0.02   0.02   0.02   0.02   0.02   0.02   0.02   0.02   0.02   0.02   0.02   0.02   0.02   0.02   0.02   0.02   0.02   0.02   0.02   0.02   0.02 -0.225 -0.225 -0.225 -0.225 -0.225 -0.225 -0.225 -0.225 -0.225 -0.225 -0.225 -0.225 -0.225 -0.225 -0.225 -0.225 -0.225 -0.225 -0.225 -0.225 -0.225 -0.225
     0      0      0      0      0      0      0      0      0      0      0      0      0      0      0      0      0 -0.215 -0.215 -0.215 -0.215 -0.215 -0.215 -0.215 -0.215 -0.215 -0.215 -0.215 -0.215 -0.215 -0.215 -0.215 -0.215 -0.215 -0.215 -0.215 -0.215 -0.215 -0.215 -0.215 -0.215 -0.215 -0.215 -0.215 -0.215 -0.215 -0.215   0.02   0.02   0.02   0.02   0.02   0.02   0.02   0.02   0.02   0.02   0.02   0.02   0.02   0.02   0.02   0.02   0.02   0.02   0.02   0.02   0.02   0.02   0.02   0.02   0.02   0.02   0.02   0.02   0.02   0.02 -0.225 -0.225 -0.225 -0.225 -0.225 -0.225 -0.225 -0.225 -0.225 -0.225 -0.225 -0.225 -0.225 -0.225 -0.225 -0.225 -0.225 -0.225 -0.225 -0.225 -0.225 -0.225 -0.225
     0      0      0      0      0      0      0      0      0      0      0      0      0      0      0      0 -0.215 -0.215 -0.215 -0.215 -0.215 -0.215 -0.215 -0.215 -0.215 -0.215 -0.215 -0.215 -0.215 -0.215 -0.215 -0.215 -0.215 -0.215 -0.215 -0.215 -0.215 -0.215 -0.215 -0.215 -0.215 -0.215 -0.215 -0.215 -0.215 -0.215   0.02   0.02   0.02   0.02   0.02   0.02   0.02   0.02   0.02   0.02   0.02   0.02   0.02   0.02   0.02   0.02   0.02   0.02   0.02   0.02   0.02   0.02   0.02   0.02   0.02   0.02   0.02   0.02   0.02   0.02 -0.225 -0.225 -0.225 -0.225 -0.225 -0.225 -0.225 -0.225 -0.225 -0.225 -0.225 -0.225 -0.225 -0.225 -0.225 -0.225 -0.225 -0.225 -0.225 -0.225 -0.225 -0.225 -0.225 -0.225
     0      0      0      0      0      0      0      0      0      0      0      0      0      0      0 -0.215 -0.215 -0.215 -0.215 -0.215 -0.215 -0.215 -0.215 -0.215 -0.215 -0.215 -0.215 -0.215 -0.215 -0.215 -0.215 -0.215 -0.215 -0.215 -0.215 -0.215 -0.215 -0.215 -0.215 -0.215 -0.215 -0.215 -0.215 -0.215 -0.215   0.02   0.02   0.02   0.02   0.02   0.02   0.02   0.02   0.02   0.02   0.02   0.02   0.02   0.02   0.02   0.02   0.02   0.02   0.02   0.02   0.02   0.02   0.02   0.02   0.02   0.02   0.02   0.02   0.02   0.02 -0.225 -0.225 -0.225 -0.225 -0.225 -0.225 -0.225 -0.225 -0.225 -0.225 -0.225 -0.225 -0.225 -0.225 -0.225 -0.225 -0.225 -0.225 -0.225 -0.225 -0.225 -0.225 -0.225 -0.225 -0.225
     0      0      0      0      0      0      0      0      0      0      0      0      0      0 -0.215 -0.215 -0.215 -0.215 -0.215 -0.215 -0.215 -0.215 -0.215 -0.215 -0.215 -0.215 -0.215 -0.215 -0.215 -0.215 -0.215 -0.215 -0.215 -0.215 -0.215 -0.215 -0.215 -0.215 -0.215 -0.215 -0.215 -0.215 -0.215 -0.215   0.02   0.02   0.02   0.02   0.02   0.02   0.02   0.02   0.02   0.02   0.02   0.02   0.02   0.02   0.02   0.02   0.02   0.02   0.02   0.02   0.02   0.02   0.02   0.02   0.02   0.02   0.02   0.02   0.02   0.02 -0.225 -0.225 -0.225 -0.225 -0.225 -0.225 -0.225 -0.225 -0.225 -0.225 -0.225 -0.225 -0.225 -0.225 -0.225 -0.225 -0.225 -0.225 -0.225 -0.225 -0.225 -0.225 -0.225 -0.225 -0.225 -0.225
     0      0      0      0      0      0      0      0      0      0      0      0      0 -0.215 -0.215 -0.215 -0.215 -0.215 -0.215 -0.215 -0.215 -0.215 -0.215 -0.215 -0.215 -0.215 -0.215 -0.215 -0.215 -0.215 -0.215 -0.215 -0.215 -0.215 -0.215 -0.215 -0.215 -0.215 -0.215 -0.215 -0.215 -0.215 -0.215   0.02   0.02   0.02   0.02   0.02   0.02   0.02   0.02   0.02   0.02   0.02   0.02   0.02   0.02   0.02   0.02   0.02   0.02   0.02   0.02   0.02   0.02   0.02   0.02   0.02   0.02   0.02   0.02   0.02   0.02 -0.225 -0.225 -0.225 -0.225 -0.225 -0.225 -0.225 -0.225 -0.225 -0.225 -0.225 -0.225 -0.225 -0.225 -0.225 -0.225 -0.225 -0.225 -0.225 -0.225 -0.225 -0.225 -0.225 -0.225 -0.225 -0.225 -0.225
     0      0      0      0      0      0      0      0      0      0      0      0 -0.215 -0.215 -0.215 -0.215 -0.215 -0.215 -0.215 -0.215 -0.215 -0.215 -0.215 -0.215 -0.215 -0.215 -0.215 -0.215 -0.215 -0.215 -0.215 -0.215 -0.215 -0.215 -0.215 -0.215 -0.215 -0.215 -0.215 -0.215 -0.215 -0.215   0.02   0.02   0.02   0.02   0.02   0.02   0.02   0.02   0.02   0.02   0.02   0.02   0.02   0.02   0.02   0.02   0.02   0.02   0.02   0.02   0.02   0.02   0.02   0.02   0.02   0.02   0.02   0.02   0.02   0.02 -0.225 -0.225 -0.225 -0.225 -0.225 -0.225 -0.225 -0.225 -0.225 -0.225 -0.225 -0.225 -0.225 -0.225 -0.225 -0.225 -0.225 -0.225 -0.225 -0.225 -0.225 -0.225 -0.225 -0.225 -0.225 -0.225 -0.225 -0.225
     0      0      0      0      0      0      0      0      0      0      0 -0.215 -0.215 -0.215 -0.215 -0.215 -0.215 -0.215 -0.215 -0.215 -0.215 -0.215 -0.215 -0.215 -0.215 -0.215 -0.215 -0.215 -0.215 -0.215 -0.215 -0.215 -0.215 -0.215 -0.215 -0.215 -0.215 -0.215 -0.215 -0.215 -0.215   0.02   0.02   0.02   0.02   0.02   0.02   0.02   0.02   0.02   0.02   0.02   0.02   0.02   0.02   0.02   0.02   0.02   0.02   0.02   0.02   0.02   0.02   0.02   0.02   0.02   0.02   0.02   0.02   0.02   0.02 -0.225 -0.225 -0.225 -0.225 -0.225 -0.225 -0.225 -0.225 -0.225 -0.225 -0.225 -0.225 -0.225 -0.225 -0.225 -0.225 -0.225 -0.225 -0.225 -0.225 -0.225 -0.225 -0.225 -0.225 -0.225 -0.225 -0.225 -0.225 -0.225
     0      0      0      0      0      0      0      0      0      0 -0.215 -0.215 -0.215 -0.215 -0.215 -0.215 -0.215 -0.215 -0.215 -0.215 -0.215 -0.215 -0.215 -0.215 -0.215 -0.215 -0.215 -0.215 -0.215 -0.215 -0.215 -0.215 -0.215 -0.215 -0.215 -0.215 -0.215 -0.215 -0.215 -0.215   0.02   0.02   0.02   0.02   0.02   0.02   0.02   0.02   0.02   0.02   0.02   0.02   0.02   0.02   0.02   0.02   0.02   0.02   0.02   0.02   0.02   0.02   0.02   0.02   0.02   0.02   0.02   0.02   0.02   0.02 -0.225 -0.225 -0.225 -0.225 -0.225 -0.225 -0.225 -0.225 -0.225 -0.225 -0.225 -0.225 -0.225 -0.225 -0.225 -0.225 -0.225 -0.225 -0.225 -0.225 -0.225 -0.225 -0.225 -0.225 -0.225 -0.225 -0.225 -0.225 -0.225 -0.225
     0      0      0      0      0      0      0      0      0 -0.215 -0.215 -0.215 -0.215 -0.215 -0.215 -0.215 -0.215 -0.215 -0.215 -0.215 -0.215 -0.215 -0.215 -0.215 -0.215 -0.215 -0.215 -0.215 -0.215 -0.215 -0.215 -0.215 -0.215 -0.215 -0.215 -0.215 -0.215 -0.215 -0.215   0.02   0.02   0.02   0.02   0.02   0.02   0.02   0.02   0.02   0.02   0.02   0.02   0.02   0.02   0.02   0.02   0.02   0.02   0.02   0.02   0.02   0.02   0.02   0.02   0.02   0.02   0.02   0.02   0.02   0.02 -0.225 -0.225 -0.225 -0.225 -0.225 -0.225 -0.225 -0.225 -0.225 -0.225 -0.225 -0.225 -0.225 -0.225 -0.225 -0.225 -0.225 -0.225 -0.225 -0.225 -0.225 -0.225 -0.225 -0.225 -0.225 -0.225 -0.225 -0.225 -0.225 -0.225   0.02
     0      0      0      0      0      0      0      0 -0.215 -0.215 -0.215 -0.215 -0.215 -0.215 -0.215 -0.215 -0.215 -0.215 -0.215 -0.215 -0.215 -0.215 -0.215 -0.215 -0.215 -0.215 -0.215 -0.215 -0.215 -0.215 -0.215 -0.215 -0.215 -0.215 -0.215 -0.215 -0.215 -0.215   0.02   0.02   0.02   0.02   0.02   0.02   0.02   0.02   0.02   0.02   0.02   0.02   0.02   0.02   0.02   0.02   0.02   0.02   0.02   0.02   0.02   0.02   0.02   0.02   0.02   0.02   0.02   0.02   0.02   0.02 -0.225 -0.225 -0.225 -0.225 -0.225 -0.225 -0.225 -0.225 -0.225 -0.225 -0.225 -0.225 -0.225 -0.225 -0.225 -0.225 -0.225 -0.225 -0.225 -0.225 -0.225 -0.225 -0.225 -0.225 -0.225 -0.225 -0.225 -0.225 -0.225 -0.225   0.02   0.02
     0      0      0      0      0      0      0 -0.215 -0.215 -0.215 -0.215 -0.215 -0.215 -0.215 -0.215 -0.215 -0.215 -0.215 -0.215 -0.215 -0.215 -0.215 -0.215 -0.215 -0.215 -0.215 -0.215 -0.215 -0.215 -0.215 -0.215 -0.215 -0.215 -0.215 -0.215 -0.215 -0.215   0.02   0.02   0.02   0.02   0.02   0.02   0.02   0.02   0.02   0.02   0.02   0.02   0.02   0.02   0.02   0.02   0.02   0.02   0.02   0.02   0.02   0.02   0.02   0.02   0.02   0.02   0.02   0.02   0.02   0.02 -0.225 -0.225 -0.225 -0.225 -0.225 -0.225 -0.225 -0.225 -0.225 -0.225 -0.225 -0.225 -0.225 -0.225 -0.225 -0.225 -0.225 -0.225 -0.225 -0.225 -0.225 -0.225 -0.225 -0.225 -0.225 -0.225 -0.225 -0.225 -0.225 -0.225   0.02   0.02   0.02
     0      0      0      0      0      0 -0.215 -0.215 -0.215 -0.215 -0.215 -0.215 -0.215 -0.215 -0.215 -0.215 -0.215 -0.215 -0.215 -0.215 -0.215 -0.215 -0.215 -0.215 -0.215 -0.215 -0.215 -0.215 -0.215 -0.215 -0.215 -0.215 -0.215 -0.215 -0.215 -0.215   0.02   0.02   0.02   0.02   0.02   0.02   0.02   0.02   0.02   0.02   0.02   0.02   0.02   0.02   0.02   0.02   0.02   0.02   0.02   0.02   0.02   0.02   0.02   0.02   0.02   0.02   0.02   0.02   0.02   0.02 -0.225 -0.225 -0.225 -0.225 -0.225 -0.225 -0.225 -0.225 -0.225 -0.225 -0.225 -0.225 -0.225 -0.225 -0.225 -0.225 -0.225 -0.225 -0.225 -0.225 -0.225 -0.225 -0.225 -0.225 -0.225 -0.225 -0.225 -0.225 -0.225 -0.225   0.02   0.02   0.02   0.02
     0      0      0      0      0 -0.215 -0.215 -0.215 -0.215 -0.215 -0.215 -0.215 -0.215 -0.215 -0.215 -0.215 -0.215 -0.215 -0.215 -0.215 -0.215 -0.215 -0.215 -0.215 -0.215 -0.215 -0.215 -0.215 -0.215 -0.215 -0.215 -0.215 -0.215 -0.215 -0.215   0.02   0.02   0.02   0.02   0.02   0.02   0.02   0.02   0.02   0.02   0.02   0.02   0.02   0.02   0.02   0.02   0.02   0.02   0.02   0.02   0.02   0.02   0.02   0.02   0.02   0.02   0.02   0.02   0.02   0.02 -0.225 -0.225 -0.225 -0.225 -0.225 -0.225 -0.225 -0.225 -0.225 -0.225 -0.225 -0.225 -0.225 -0.225 -0.225 -0.225 -0.225 -0.225 -0.225 -0.225 -0.225 -0.225 -0.225 -0.225 -0.225 -0.225 -0.225 -0.225 -0.225 -0.225   0.02   0.02   0.02   0.02   0.02
     0      0      0      0 -0.215 -0.215 -0.215 -0.215 -0.215 -0.215 -0.215 -0.215 -0.215 -0.215 -0.215 -0.215 -0.215 -0.215 -0.215 -0.215 -0.215 -0.215 -0.215 -0.215 -0.215 -0.215 -0.215 -0.215 -0.215 -0.215 -0.215 -0.215 -0.215 -0.215   0.02   0.02   0.02   0.02   0.02   0.02   0.02   0.02   0.02   0.02   0.02   0.02   0.02   0.02   0.02   0.02   0.02   0.02   0.02   0.02   0.02   0.02   0.02   0.02   0.02   0.02   0.02   0.02   0.02   0.02 -0.225 -0.225 -0.225 -0.225 -0.225 -0.225 -0.225 -0.225 -0.225 -0.225 -0.225 -0.225 -0.225 -0.225 -0.225 -0.225 -0.225 -0.225 -0.225 -0.225 -0.225 -0.225 -0.225 -0.225 -0.225 -0.225 -0.225 -0.225 -0.225 -0.225   0.02   0.02   0.02   0.02   0.02   0.02
     0      0      0 -0.215 -0.215 -0.215 -0.215 -0.215 -0.215 -0.215 -0.215 -0.215 -0.215 -0.215 -0.215 -0.215 -0.215 -0.215 -0.215 -0.215 -0.215 -0.215 -0.215 -0.215 -0.215 -0.215 -0.215 -0.215 -0.215 -0.215 -0.215 -0.215 -0.215   0.02   0.02   0.02   0.02   0.02   0.02   0.02   0.02   0.02   0.02   0.02   0.02   0.02   0.02   0.02   0.02   0.02   0.02   0.02   0.02   0.02   0.02   0.02   0.02   0.02   0.02   0.02   0.02   0.02   0.02 -0.225 -0.225 -0.225 -0.225 -0.225 -0.225 -0.225 -0.225 -0.225 -0.225 -0.225 -0.225 -0.225 -0.225 -0.225 -0.225 -0.225 -0.225 -0.225 -0.225 -0.225 -0.225 -0.225 -0.225 -0.225 -0.225 -0.225 -0.225 -0.225 -0.225   0.02   0.02   0.02   0.02   0.02   0.02   0.02
     0      0 -0.215 -0.215 -0.215 -0.215 -0.215 -0.215 -0.215 -0.215 -0.215 -0.215 -0.215 -0.215 -0.215 -0.215 -0.215 -0.215 -0.215 -0.215 -0.215 -0.215 -0.215 -0.215 -0.215 -0.215 -0.215 -0.215 -0.215 -0.215 -0.215 -0.215   0.02   0.02   0.02   0.02   0.02   0.02   0.02   0.02   0.02   0.02   0.02   0.02   0.02   0.02   0.02   0.02   0.02   0.02   0.02   0.02   0.02   0.02   0.02   0.02   0.02   0.02   0.02   0.02   0.02   0.02 -0.225 -0.225 -0.225 -0.225 -0.225 -0.225 -0.225 -0.225 -0.225 -0.225 -0.225 -0.225 -0.225 -0.225 -0.225 -0.225 -0.225 -0.225 -0.225 -0.225 -0.225 -0.225 -0.225 -0.225 -0.225 -0.225 -0.225 -0.225 -0.225 -0.225   0.02   0.02   0.02   0.02   0.02   0.02   0.02   0.02
     0 -0.215 -0.215 -0.215 -0.215 -0.215 -0.215 -0.215 -0.215 -0.215 -0.215 -0.215 -0.215 -0.215 -0.215 -0.215 -0.215 -0.215 -0.215 -0.215 -0.215 -0.215 -0.215 -0.215 -0.215 -0.215 -0.215 -0.215 -0.215 -0.215 -0.215   0.02   0.02   0.02   0.02   0.02   0.02   0.02   0.02   0.02   0.02   0.02   0.02   0.02   0.02   0.02   0.02   0.02   0.02   0.02   0.02   0.02   0.02   0.02   0.02   0.02   0.02   0.02   0.02   0.02   0.02 -0.225 -0.225 -0.225 -0.225 -0.225 -0.225 -0.225 -0.225 -0.225 -0.225 -0.225 -0.225 -0.225 -0.225 -0.225 -0.225 -0.225 -0.225 -0.225 -0.225 -0.225 -0.225 -0.225 -0.225 -0.225 -0.225 -0.225 -0.225 -0.225 -0.225   0.02   0.02   0.02   0.02   0.02   0.02   0.02   0.02   0.02
    0     0     0     0     0     0     0     0     0     0     0     0     0     0     0     0     0     0     0     0     0     0     0     0     0     0     0     0     0     0 0.235 0.235 0.235 0.235 0.235 0.235 0.235 0.235 0.235 0.235 0.235 0.235 0.235 0.235 0.235 0.235 0.235 0.235 0.235 0.235 0.235 0.235 0.235 0.235 0.235 0.235 0.235 0.235 0.235 0.235 -0.01 -0.01 -0.01 -0.01 -0.01 -0.01 -0.01 -0.01 -0.01 -0.01 -0.01 -0.01 -0.01 -0.01 -0.01 -0.01 -0.01 -0.01 -0.01 -0.01 -0.01 -0.01 -0.01 -0.01 -0.01 -0.01 -0.01 -0.01 -0.01 -0.01 0.235 0.235 0.235 0.235 0.235 0.235 0.235 0.235 0.235 0.235
          0           0           0           0           0           0           0           0           0           0           0           0           0           0           0           0           0           0           0           0           0           0           0           0           0           0           0           0           0    0.235252    0.235252    0.235252    0.235252    0.235252    0.235252    0.235252    0.235252    0.235252    0.235252    0.235252    0.235252    0.235252    0.235252    0.235252    0.235252    0.235252    0.235252    0.235252    0.235252    0.235252    0.235252    0.235252    0.235252    0.235252    0.235252    0.235252    0.235252    0.235252    0.235252 -0.00974836 -0.00974836 -0.00974836 -0.00974836 -0.00974836 -0.00974836 -0.00974836 -0.00974836 -0.00974836 -0.00974836 -0.00974836 -0.00974836 -0.00974836 -0.00974836 -0.00974836 -0.00974836 -0.00974836 -0.00974836 -0.00974836 -0.00974836 -0.00974836 -0.00974836 -0.00974836 -0.00974836 -0.00974836 -0.00974836 -0.00974836 -0.00974836 -0.00974836 -0.00974836    0.235252    0.235252    0.235252    0.235252    0.235252    0.235252    0.235252    0.235252    0.235252    0.235252    0.235252
         0          0          0          0          0          0          0          0          0          0          0          0          0          0          0          0          0          0          0          0          0          0          0          0          0          0          0          0   0.235293   0.235293   0.235293   0.235293   0.235293   0.235293   0.235293   0.235293   0.235293   0.235293   0.235293   0.235293   0.235293   0.235293   0.235293   0.235293   0.235293   0.235293   0.235293   0.235293   0.235293   0.235293   0.235293   0.235293   0.235293   0.235293   0.235293   0.235293   0.235293   0.235293 -0.0097071 -0.0097071 -0.0097071 -0.0097071 -0.0097071 -0.0097071 -0.0097071 -0.0097071 -0.0097071 -0.0097071 -0.0097071 -0.0097071 -0.0097071 -0.0097071 -0.0097071 -0.0097071 -0.0097071 -0.0097071 -0.0097071 -0.0097071 -0.0097071 -0.0097071 -0.0097071 -0.0097071 -0.0097071 -0.0097071 -0.0097071 -0.0097071 -0.0097071 -0.0097071   0.235293   0.235293   0.235293   0.235293   0.235293   0.235293   0.235293   0.235293   0.235293   0.235293   0.235293   0.235293
         0          0          0          0          0          0          0          0          0          0          0          0          0          0          0          0          0          0          0          0          0          0          0          0          0          0          0   0.235275   0.235275   0.235275   0.235275   0.235275   0.235275   0.235275   0.235275   0.235275   0.235275   0.235275   0.235275   0.235275   0.235275   0.235275   0.235275   0.235275   0.235275   0.235275   0.235275   0.235275   0.235275   0.235275   0.235275   0.235275   0.235275   0.235275   0.235275   0.235275   0.235275 -0.0097249 -0.0097249 -0.0097249 -0.0097249 -0.0097249 -0.0097249 -0.0097249 -0.0097249 -0.0097249 -0.0097249 -0.0097249 -0.0097249 -0.0097249 -0.0097249 -0.0097249 -0.0097249 -0.0097249 -0.0097249 -0.0097249 -0.0097249 -0.0097249 -0.0097249 -0.0097249 -0.0097249 -0.0097249 -0.0097249 -0.0097249 -0.0097249 -0.0097249 -0.0097249   0.235275   0.235275   0.235275   0.235275   0.235275   0.235275   0.235275   0.235275   0.235275   0.235275   0.235275   0.235275   0.235275
          0           0           0           0           0           0           0           0           0           0           0           0           0           0           0           0           0           0           0           0           0           0           0           0           0           0    0.235255    0.235255    0.235255    0.235255    0.235255    0.235255    0.235255    0.235255    0.235255    0.235255    0.235255    0.235255    0.235255    0.235255    0.235255    0.235255    0.235255    0.235255    0.235255    0.235255    0.235255    0.235255    0.235255    0.235255    0.235255    0.235255    0.235255    0.235255    0.235255    0.235255 -0.00974478 -0.00974478 -0.00974478 -0.00974478 -0.00974478 -0.00974478 -0.00974478 -0.00974478 -0.00974478 -0.00974478 -0.00974478 -0.00974478 -0.00974478 -0.00974478 -0.00974478 -0.00974478 -0.00974478 -0.00974478 -0.00974478 -0.00974478 -0.00974478 -0.00974478 -0.00974478 -0.00974478 -0.00974478 -0.00974478 -0.00974478 -0.00974478 -0.00974478 -0.00974478    0.235255    0.235255    0.235255    0.235255    0.235255    0.235255    0.235255    0.235255    0.235255    0.235255    0.235255    0.235255    0.235255    0.235255
          0           0           0           0           0           0           0           0           0           0           0           0           0           0           0           0           0           0           0           0           0           0           0           0           0    0.235242    0.235242    0.235242    0.235242    0.235242    0.235242    0.235242    0.235242    0.235242    0.235242    0.235242    0.235242    0.235242    0.235242    0.235242    0.235242    0.235242    0.235242    0.235242    0.235242    0.235242    0.235242    0.235242    0.235242    0.235242    0.235242    0.235242    0.235242    0.235242    0.235242 -0.00975823 -0.00975823 -0.00975823 -0.00975823 -0.00975823 -0.00975823 -0.00975823 -0.00975823 -0.00975823 -0.00975823 -0.00975823 -0.00975823 -0.00975823 -0.00975823 -0.00975823 -0.00975823 -0.00975823 -0.00975823 -0.00975823 -0.00975823 -0.00975823 -0.00975823 -0.00975823 -0.00975823 -0.00975823 -0.00975823 -0.00975823 -0.00975823 -0.00975823 -0.00975823    0.235242    0.235242    0.235242    0.235242    0.235242    0.235242    0.235242    0.235242    0.235242    0.235242    0.235242    0.235242    0.235242    0.235242    0.235242
          0           0           0           0           0           0           0           0           0           0           0           0           0           0           0           0           0           0           0           0           0           0           0           0    0.235239    0.235239    0.235239    0.235239    0.235239    0.235239    0.235239    0.235239    0.235239    0.235239    0.235239    0.235239    0.235239    0.235239    0.235239    0.235239    0.235239    0.235239    0.235239    0.235239    0.235239    0.235239    0.235239    0.235239    0.235239    0.235239    0.235239    0.235239    0.235239    0.235239 -0.00976085 -0.00976085 -0.00976085 -0.00976085 -0.00976085 -0.00976085 -0.00976085 -0.00976085 -0.00976085 -0.00976085 -0.00976085 -0.00976085 -0.00976085 -0.00976085 -0.00976085 -0.00976085 -0.00976085 -0.00976085 -0.00976085 -0.00976085 -0.00976085 -0.00976085 -0.00976085 -0.00976085 -0.00976085 -0.00976085 -0.00976085 -0.00976085 -0.00976085 -0.00976085    0.235239    0.235239    0.235239    0.235239    0.235239    0.235239    0.235239    0.235239    0.235239    0.235239    0.235239    0.235239    0.235239    0.235239    0.235239    0.235239
          0           0           0           0           0           0           0           0           0           0           0           0           0           0           0           0           0           0           0           0           0           0           0    0.235248    0.235248    0.235248    0.235248    0.235248    0.235248    0.235248    0.235248    0.235248    0.235248    0.235248    0.235248    0.235248    0.235248    0.235248    0.235248    0.235248    0.235248    0.235248    0.235248    0.235248    0.235248    0.235248    0.235248    0.235248    0.235248    0.235248    0.235248    0.235248    0.235248 -0.00975154 -0.00975154 -0.00975154 -0.00975154 -0.00975154 -0.00975154 -0.00975154 -0.00975154 -0.00975154 -0.00975154 -0.00975154 -0.00975154 -0.00975154 -0.00975154 -0.00975154 -0.00975154 -0.00975154 -0.00975154 -0.00975154 -0.00975154 -0.00975154 -0.00975154 -0.00975154 -0.00975154 -0.00975154 -0.00975154 -0.00975154 -0.00975154 -0.00975154 -0.00975154    0.235248    0.235248    0.235248    0.235248    0.235248    0.235248    0.235248    0.235248    0.235248    0.235248    0.235248    0.235248    0.235248    0.235248    0.235248    0.235248    0.235248
          0           0           0           0           0           0           0           0           0           0           0           0           0           0           0           0           0           0           0           0           0           0    0.235275    0.235275    0.235275    0.235275    0.235275    0.235275    0.235275    0.235275    0.235275    0.235275    0.235275    0.235275    0.235275    0.235275    0.235275    0.235275    0.235275    0.235275    0.235275    0.235275    0.235275    0.235275    0.235275    0.235275    0.235275    0.235275    0.235275    0.235275    0.235275    0.235275 -0.00972525 -0.00972525 -0.00972525 -0.00972525 -0.00972525 -0.00972525 -0.00972525 -0.00972525 -0.00972525 -0.00972525 -0.00972525 -0.00972525 -0.00972525 -0.00972525 -0.00972525 -0.00972525 -0.00972525 -0.00972525 -0.00972525 -0.00972525 -0.00972525 -0.00972525 -0.00972525 -0.00972525 -0.00972525 -0.00972525 -0.00972525 -0.00972525 -0.00972525 -0.00972525    0.235275    0.235275    0.235275    0.235275    0.235275    0.235275    0.235275    0.235275    0.235275    0.235275    0.235275    0.235275    0.235275    0.235275    0.235275    0.235275    0.235275    0.235275
          0           0           0           0           0           0           0           0           0           0           0           0           0           0           0           0           0           0           0           0           0    0.235319    0.235319    0.235319    0.235319    0.235319    0.235319    0.235319    0.235319    0.235319    0.235319    0.235319    0.235319    0.235319    0.235319    0.235319    0.235319    0.235319    0.235319    0.235319    0.235319    0.235319    0.235319    0.235319    0.235319    0.235319    0.235319    0.235319    0.235319    0.235319    0.235319 -0.00968136 -0.00968136 -0.00968136 -0.00968136 -0.00968136 -0.00968136 -0.00968136 -0.00968136 -0.00968136 -0.00968136 -0.00968136 -0.00968136 -0.00968136 -0.00968136 -0.00968136 -0.00968136 -0.00968136 -0.00968136 -0.00968136 -0.00968136 -0.00968136 -0.00968136 -0.00968136 -0.00968136 -0.00968136 -0.00968136 -0.00968136 -0.00968136 -0.00968136 -0.00968136    0.235319    0.235319    0.235319    0.235319    0.235319    0.235319    0.235319    0.235319    0.235319    0.235319    0.235319    0.235319    0.235319    0.235319    0.235319    0.235319    0.235319    0.235319    0.235319
          0           0           0           0           0           0           0           0           0           0           0           0           0           0           0           0           0           0           0           0    0.235376    0.235376    0.235376    0.235376    0.235376    0.235376    0.235376    0.235376    0.235376    0.235376    0.235376    0.235376    0.235376    0.235376    0.235376    0.235376    0.235376    0.235376    0.235376    0.235376    0.235376    0.235376    0.235376    0.235376    0.235376    0.235376    0.235376    0.235376    0.235376    0.235376 -0.00962404 -0.00962404 -0.00962404 -0.00962404 -0.00962404 -0.00962404 -0.00962404 -0.00962404 -0.00962404 -0.00962404 -0.00962404 -0.00962404 -0.00962404 -0.00962404 -0.00962404 -0.00962404 -0.00962404 -0.00962404 -0.00962404 -0.00962404 -0.00962404 -0.00962404 -0.00962404 -0.00962404 -0.00962404 -0.00962404 -0.00962404 -0.00962404 -0.00962404 -0.00962404    0.235376    0.235376    0.235376    0.235376    0.235376    0.235376    0.235376    0.235376    0.235376    0.235376    0.235376    0.235376    0.235376    0.235376    0.235376    0.235376    0.235376    0.235376    0.235376    0.235376
          0           0           0           0           0           0           0           0           0           0           0           0           0           0           0           0           0           0           0    0.235438    0.235438    0.235438    0.235438    0.235438    0.235438    0.235438    0.235438    0.235438    0.235438    0.235438    0.235438    0.235438    0.235438    0.235438    0.235438    0.235438    0.235438    0.235438    0.235438    0.235438    0.235438    0.235438    0.235438    0.235438    0.235438    0.235438    0.235438    0.235438    0.235438 -0.00956228 -0.00956228 -0.00956228 -0.00956228 -0.00956228 -0.00956228 -0.00956228 -0.00956228 -0.00956228 -0.00956228 -0.00956228 -0.00956228 -0.00956228 -0.00956228 -0.00956228 -0.00956228 -0.00956228 -0.00956228 -0.00956228 -0.00956228 -0.00956228 -0.00956228 -0.00956228 -0.00956228 -0.00956228 -0.00956228 -0.00956228 -0.00956228 -0.00956228 -0.00956228    0.235438    0.235438    0.235438    0.235438    0.235438    0.235438    0.235438    0.235438    0.235438    0.235438    0.235438    0.235438    0.235438    0.235438    0.235438    0.235438    0.235438    0.235438    0.235438    0.235438    0.235438
          0           0           0           0           0           0           0           0           0           0           0           0           0           0           0           0           0           0    0.235495    0.235495    0.235495    0.235495    0.235495    0.235495    0.235495    0.235495    0.235495    0.235495    0.235495    0.235495    0.235495    0.235495    0.235495    0.235495    0.235495    0.235495    0.235495    0.235495    0.235495    0.235495    0.235495    0.235495    0.235495    0.235495    0.235495    0.235495    0.235495    0.235495 -0.00950547 -0.00950547 -0.00950547 -0.00950547 -0.00950547 -0.00950547 -0.00950547 -0.00950547 -0.00950547 -0.00950547 -0.00950547 -0.00950547 -0.00950547 -0.00950547 -0.00950547 -0.00950547 -0.00950547 -0.00950547 -0.00950547 -0.00950547 -0.00950547 -0.00950547 -0.00950547 -0.00950547 -0.00950547 -0.00950547 -0.00950547 -0.00950547 -0.00950547 -0.00950547    0.235495    0.235495    0.235495    0.235495    0.235495    0.235495    0.235495    0.235495    0.235495    0.235495    0.235495    0.235495    0.235495    0.235495    0.235495    0.235495    0.235495    0.235495    0.235495    0.235495    0.235495    0.235495
          0           0           0           0           0           0           0           0           0           0           0           0           0           0           0           0           0    0.235532    0.235532    0.235532    0.235532    0.235532    0.235532    0.235532    0.235532    0.235532    0.235532    0.235532    0.235532    0.235532    0.235532    0.235532    0.235532    0.235532    0.235532    0.235532    0.235532    0.235532    0.235532    0.235532    0.235532    0.235532    0.235532    0.235532    0.235532    0.235532    0.235532 -0.00946819 -0.00946819 -0.00946819 -0.00946819 -0.00946819 -0.00946819 -0.00946819 -0.00946819 -0.00946819 -0.00946819 -0.00946819 -0.00946819 -0.00946819 -0.00946819 -0.00946819 -0.00946819 -0.00946819 -0.00946819 -0.00946819 -0.00946819 -0.00946819 -0.00946819 -0.00946819 -0.00946819 -0.00946819 -0.00946819 -0.00946819 -0.00946819 -0.00946819 -0.00946819    0.235532    0.235532    0.235532    0.235532    0.235532    0.235532    0.235532    0.235532    0.235532    0.235532    0.235532    0.235532    0.235532    0.235532    0.235532    0.235532    0.235532    0.235532    0.235532    0.235532    0.235532    0.235532    0.235532
         0          0          0          0          0          0          0          0          0          0          0          0          0          0          0          0   0.235549   0.235549   0.235549   0.235549   0.235549   0.235549   0.235549   0.235549   0.235549   0.235549   0.235549   0.235549   0.235549   0.235549   0.235549   0.235549   0.235549   0.235549   0.235549   0.235549   0.235549   0.235549   0.235549   0.235549   0.235549   0.235549   0.235549   0.235549   0.235549   0.235549 -0.0094511 -0.0094511 -0.0094511 -0.0094511 -0.0094511 -0.0094511 -0.0094511 -0.0094511 -0.0094511 -0.0094511 -0.0094511 -0.0094511 -0.0094511 -0.0094511 -0.0094511 -0.0094511 -0.0094511 -0.0094511 -0.0094511 -0.0094511 -0.0094511 -0.0094511 -0.0094511 -0.0094511 -0.0094511 -0.0094511 -0.0094511 -0.0094511 -0.0094511 -0.0094511   0.235549   0.235549   0.235549   0.235549   0.235549   0.235549   0.235549   0.235549   0.235549   0.235549   0.235549   0.235549   0.235549   0.235549   0.235549   0.235549   0.235549   0.235549   0.235549   0.235549   0.235549   0.235549   0.235549   0.235549
          0           0           0           0           0           0           0           0           0           0           0           0           0           0           0    0.235541    0.235541    0.235541    0.235541    0.235541    0.235541    0.235541    0.235541    0.235541    0.235541    0.235541    0.235541    0.235541    0.235541    0.235541    0.235541    0.235541    0.235541    0.235541    0.235541    0.235541    0.235541    0.235541    0.235541    0.235541    0.235541    0.235541    0.235541    0.235541    0.235541 -0.00945949 -0.00945949 -0.00945949 -0.00945949 -0.00945949 -0.00945949 -0.00945949 -0.00945949 -0.00945949 -0.00945949 -0.00945949 -0.00945949 -0.00945949 -0.00945949 -0.00945949 -0.00945949 -0.00945949 -0.00945949 -0.00945949 -0.00945949 -0.00945949 -0.00945949 -0.00945949 -0.00945949 -0.00945949 -0.00945949 -0.00945949 -0.00945949 -0.00945949 -0.00945949    0.235541    0.235541    0.235541    0.235541    0.235541    0.235541    0.235541    0.235541    0.235541    0.235541    0.235541    0.235541    0.235541    0.235541    0.235541    0.235541    0.235541    0.235541    0.235541    0.235541    0.235541    0.235541    0.235541    0.235541    0.235541
          0           0           0           0           0           0           0           0           0           0           0           0           0           0    0.235505    0.235505    0.235505    0.235505    0.235505    0.235505    0.235505    0.235505    0.235505    0.235505    0.235505    0.235505    0.235505    0.235505    0.235505    0.235505    0.235505    0.235505    0.235505    0.235505    0.235505    0.235505    0.235505    0.235505    0.235505    0.235505    0.235505    0.235505    0.235505    0.235505 -0.00949451 -0.00949451 -0.00949451 -0.00949451 -0.00949451 -0.00949451 -0.00949451 -0.00949451 -0.00949451 -0.00949451 -0.00949451 -0.00949451 -0.00949451 -0.00949451 -0.00949451 -0.00949451 -0.00949451 -0.00949451 -0.00949451 -0.00949451 -0.00949451 -0.00949451 -0.00949451 -0.00949451 -0.00949451 -0.00949451 -0.00949451 -0.00949451 -0.00949451 -0.00949451    0.235505    0.235505    0.235505    0.235505    0.235505    0.235505    0.235505    0.235505    0.235505    0.235505    0.235505    0.235505    0.235505    0.235505    0.235505    0.235505    0.235505    0.235505    0.235505    0.235505    0.235505    0.235505    0.235505    0.235505    0.235505    0.235505
         0          0          0          0          0          0          0          0          0          0          0          0          0   0.235449   0.235449   0.235449   0.235449   0.235449   0.235449   0.235449   0.235449   0.235449   0.235449   0.235449   0.235449   0.235449   0.235449   0.235449   0.235449   0.235449   0.235449   0.235449   0.235449   0.235449   0.235449   0.235449   0.235449   0.235449   0.235449   0.235449   0.235449   0.235449   0.235449 -0.0095506 -0.0095506 -0.0095506 -0.0095506 -0.0095506 -0.0095506 -0.0095506 -0.0095506 -0.0095506 -0.0095506 -0.0095506 -0.0095506 -0.0095506 -0.0095506 -0.0095506 -0.0095506 -0.0095506 -0.0095506 -0.0095506 -0.0095506 -0.0095506 -0.0095506 -0.0095506 -0.0095506 -0.0095506 -0.0095506 -0.0095506 -0.0095506 -0.0095506 -0.0095506   0.235449   0.235449   0.235449   0.235449   0.235449   0.235449   0.235449   0.235449   0.235449   0.235449   0.235449   0.235449   0.235449   0.235449   0.235449   0.235449   0.235449   0.235449   0.235449   0.235449   0.235449   0.235449   0.235449   0.235449   0.235449   0.235449   0.235449
          0           0           0           0           0           0           0           0           0           0           0           0    0.235352    0.235352    0.235352    0.235352    0.235352    0.235352    0.235352    0.235352    0.235352    0.235352    0.235352    0.235352    0.235352    0.235352    0.235352    0.235352    0.235352    0.235352    0.235352    0.235352    0.235352    0.235352    0.235352    0.235352    0.235352    0.235352    0.235352    0.235352    0.235352    0.235352 -0.00964825 -0.00964825 -0.00964825 -0.00964825 -0.00964825 -0.00964825 -0.00964825 -0.00964825 -0.00964825 -0.00964825 -0.00964825 -0.00964825 -0.00964825 -0.00964825 -0.00964825 -0.00964825 -0.00964825 -0.00964825 -0.00964825 -0.00964825 -0.00964825 -0.00964825 -0.00964825 -0.00964825 -0.00964825 -0.00964825 -0.00964825 -0.00964825 -0.00964825 -0.00964825    0.235352    0.235352    0.235352    0.235352    0.235352    0.235352    0.235352    0.235352    0.235352    0.235352    0.235352    0.235352    0.235352    0.235352    0.235352    0.235352    0.235352    0.235352    0.235352    0.235352    0.235352    0.235352    0.235352    0.235352    0.235352    0.235352    0.235352    0.235352
         0          0          0          0          0          0          0          0          0          0          0   0.235195   0.235195   0.235195   0.235195   0.235195   0.235195   0.235195   0.235195   0.235195   0.235195   0.235195   0.235195   0.235195   0.235195   0.235195   0.235195   0.235195   0.235195   0.235195   0.235195   0.235195   0.235195   0.235195   0.235195   0.235195   0.235195   0.235195   0.235195   0.235195   0.235195 -0.0098052 -0.0098052 -0.0098052 -0.0098052 -0.0098052 -0.0098052 -0.0098052 -0.0098052 -0.0098052 -0.0098052 -0.0098052 -0.0098052 -0.0098052 -0.0098052 -0.0098052 -0.0098052 -0.0098052 -0.0098052 -0.0098052 -0.0098052 -0.0098052 -0.0098052 -0.0098052 -0.0098052 -0.0098052 -0.0098052 -0.0098052 -0.0098052 -0.0098052 -0.0098052   0.235195   0.235195   0.235195   0.235195   0.235195   0.235195   0.235195   0.235195   0.235195   0.235195   0.235195   0.235195   0.235195   0.235195   0.235195   0.235195   0.235195   0.235195   0.235195   0.235195   0.235195   0.235195   0.235195   0.235195   0.235195   0.235195   0.235195   0.235195   0.235195
         0          0          0          0          0          0          0          0          0          0   0.234983   0.234983   0.234983   0.234983   0.234983   0.234983   0.234983   0.234983   0.234983   0.234983   0.234983   0.234983   0.234983   0.234983   0.234983   0.234983   0.234983   0.234983   0.234983   0.234983   0.234983   0.234983   0.234983   0.234983   0.234983   0.234983   0.234983   0.234983   0.234983   0.234983 -0.0100171 -0.0100171 -0.0100171 -0.0100171 -0.0100171 -0.0100171 -0.0100171 -0.0100171 -0.0100171 -0.0100171 -0.0100171 -0.0100171 -0.0100171 -0.0100171 -0.0100171 -0.0100171 -0.0100171 -0.0100171 -0.0100171 -0.0100171 -0.0100171 -0.0100171 -0.0100171 -0.0100171 -0.0100171 -0.0100171 -0.0100171 -0.0100171 -0.0100171 -0.0100171   0.234983   0.234983   0.234983   0.234983   0.234983   0.234983   0.234983   0.234983   0.234983   0.234983   0.234983   0.234983   0.234983   0.234983   0.234983   0.234983   0.234983   0.234983   0.234983   0.234983   0.234983   0.234983   0.234983   0.234983   0.234983   0.234983   0.234983   0.234983   0.234983   0.234983
         0          0          0          0          0          0          0          0          0   0.234697   0.234697   0.234697   0.234697   0.234697   0.234697   0.234697   0.234697   0.234697   0.234697   0.234697   0.234697   0.234697   0.234697   0.234697   0.234697   0.234697   0.234697   0.234697   0.234697   0.234697   0.234697   0.234697   0.234697   0.234697   0.234697   0.234697   0.234697   0.234697   0.234697 -0.0103033 -0.0103033 -0.0103033 -0.0103033 -0.0103033 -0.0103033 -0.0103033 -0.0103033 -0.0103033 -0.0103033 -0.0103033 -0.0103033 -0.0103033 -0.0103033 -0.0103033 -0.0103033 -0.0103033 -0.0103033 -0.0103033 -0.0103033 -0.0103033 -0.0103033 -0.0103033 -0.0103033 -0.0103033 -0.0103033 -0.0103033 -0.0103033 -0.0103033 -0.0103033   0.234697   0.234697   0.234697   0.234697   0.234697   0.234697   0.234697   0.234697   0.234697   0.234697   0.234697   0.234697   0.234697   0.234697   0.234697   0.234697   0.234697   0.234697   0.234697   0.234697   0.234697   0.234697   0.234697   0.234697   0.234697   0.234697   0.234697   0.234697   0.234697   0.234697 -0.0103033
         0          0          0          0          0          0          0          0    0.23424    0.23424    0.23424    0.23424    0.23424    0.23424    0.23424    0.23424    0.23424    0.23424    0.23424    0.23424    0.23424    0.23424    0.23424    0.23424    0.23424    0.23424    0.23424    0.23424    0.23424    0.23424    0.23424    0.23424    0.23424    0.23424    0.23424    0.23424    0.23424    0.23424 -0.0107605 -0.0107605 -0.0107605 -0.0107605 -0.0107605 -0.0107605 -0.0107605 -0.0107605 -0.0107605 -0.0107605 -0.0107605 -0.0107605 -0.0107605 -0.0107605 -0.0107605 -0.0107605 -0.0107605 -0.0107605 -0.0107605 -0.0107605 -0.0107605 -0.0107605 -0.0107605 -0.0107605 -0.0107605 -0.0107605 -0.0107605 -0.0107605 -0.0107605 -0.0107605    0.23424    0.23424    0.23424    0.23424    0.23424    0.23424    0.23424    0.23424    0.23424    0.23424    0.23424    0.23424    0.23424    0.23424    0.23424    0.23424    0.23424    0.23424    0.23424    0.23424    0.23424    0.23424    0.23424    0.23424    0.23424    0.23424    0.23424    0.23424    0.23424    0.23424 -0.0107605 -0.0107605
         0          0          0          0          0          0          0   0.233447   0.233447   0.233447   0.233447   0.233447   0.233447   0.233447   0.233447   0.233447   0.233447   0.233447   0.233447   0.233447   0.233447   0.233447   0.233447   0.233447   0.233447   0.233447   0.233447   0.233447   0.233447   0.233447   0.233447   0.233447   0.233447   0.233447   0.233447   0.233447   0.233447 -0.0115531 -0.0115531 -0.0115531 -0.0115531 -0.0115531 -0.0115531 -0.0115531 -0.0115531 -0.0115531 -0.0115531 -0.0115531 -0.0115531 -0.0115531 -0.0115531 -0.0115531 -0.0115531 -0.0115531 -0.0115531 -0.0115531 -0.0115531 -0.0115531 -0.0115531 -0.0115531 -0.0115531 -0.0115531 -0.0115531 -0.0115531 -0.0115531 -0.0115531 -0.0115531   0.233447   0.233447   0.233447   0.233447   0.233447   0.233447   0.233447   0.233447   0.233447   0.233447   0.233447   0.233447   0.233447   0.233447   0.233447   0.233447   0.233447   0.233447   0.233447   0.233447   0.233447   0.233447   0.233447   0.233447   0.233447   0.233447   0.233447   0.233447   0.233447   0.233447 -0.0115531 -0.0115531 -0.0115531
         0          0          0          0          0          0   0.232269   0.232269   0.232269   0.232269   0.232269   0.232269   0.232269   0.232269   0.232269   0.232269   0.232269   0.232269   0.232269   0.232269   0.232269   0.232269   0.232269   0.232269   0.232269   0.232269   0.232269   0.232269   0.232269   0.232269   0.232269   0.232269   0.232269   0.232269   0.232269   0.232269 -0.0127313 -0.0127313 -0.0127313 -0.0127313 -0.0127313 -0.0127313 -0.0127313 -0.0127313 -0.0127313 -0.0127313 -0.0127313 -0.0127313 -0.0127313 -0.0127313 -0.0127313 -0.0127313 -0.0127313 -0.0127313 -0.0127313 -0.0127313 -0.0127313 -0.0127313 -0.0127313 -0.0127313 -0.0127313 -0.0127313 -0.0127313 -0.0127313 -0.0127313 -0.0127313   0.232269   0.232269   0.232269   0.232269   0.232269   0.232269   0.232269   0.232269   0.232269   0.232269   0.232269   0.232269   0.232269   0.232269   0.232269   0.232269   0.232269   0.232269   0.232269   0.232269   0.232269   0.232269   0.232269   0.232269   0.232269   0.232269   0.232269   0.232269   0.232269   0.232269 -0.0127313 -0.0127313 -0.0127313 -0.0127313
         0          0          0          0          0   0.230419   0.230419   0.230419   0.230419   0.230419   0.230419   0.230419   0.230419   0.230419   0.230419   0.230419   0.230419   0.230419   0.230419   0.230419   0.230419   0.230419   0.230419   0.230419   0.230419   0.230419   0.230419   0.230419   0.230419   0.230419   0.230419   0.230419   0.230419   0.230419   0.230419 -0.0145813 -0.0145813 -0.0145813 -0.0145813 -0.0145813 -0.0145813 -0.0145813 -0.0145813 -0.0145813 -0.0145813 -0.0145813 -0.0145813 -0.0145813 -0.0145813 -0.0145813 -0.0145813 -0.0145813 -0.0145813 -0.0145813 -0.0145813 -0.0145813 -0.0145813 -0.0145813 -0.0145813 -0.0145813 -0.0145813 -0.0145813 -0.0145813 -0.0145813 -0.0145813   0.230419   0.230419   0.230419   0.230419   0.230419   0.230419   0.230419   0.230419   0.230419   0.230419   0.230419   0.230419   0.230419   0.230419   0.230419   0.230419   0.230419   0.230419   0.230419   0.230419   0.230419   0.230419   0.230419   0.230419   0.230419   0.230419   0.230419   0.230419   0.230419   0.230419 -0.0145813 -0.0145813 -0.0145813 -0.0145813 -0.0145813
         0          0          0          0   0.227461   0.227461   0.227461   0.227461   0.227461   0.227461   0.227461   0.227461   0.227461   0.227461   0.227461   0.227461   0.227461   0.227461   0.227461   0.227461   0.227461   0.227461   0.227461   0.227461   0.227461   0.227461   0.227461   0.227461   0.227461   0.227461   0.227461   0.227461   0.227461   0.227461 -0.0175389 -0.0175389 -0.0175389 -0.0175389 -0.0175389 -0.0175389 -0.0175389 -0.0175389 -0.0175389 -0.0175389 -0.0175389 -0.0175389 -0.0175389 -0.0175389 -0.0175389 -0.0175389 -0.0175389 -0.0175389 -0.0175389 -0.0175389 -0.0175389 -0.0175389 -0.0175389 -0.0175389 -0.0175389 -0.0175389 -0.0175389 -0.0175389 -0.0175389 -0.0175389   0.227461   0.227461   0.227461   0.227461   0.227461   0.227461   0.227461   0.227461   0.227461   0.227461   0.227461   0.227461   0.227461   0.227461   0.227461   0.227461   0.227461   0.227461   0.227461   0.227461   0.227461   0.227461   0.227461   0.227461   0.227461   0.227461   0.227461   0.227461   0.227461   0.227461 -0.0175389 -0.0175389 -0.0175389 -0.0175389 -0.0175389 -0.0175389
         0          0          0   0.223143   0.223143   0.223143   0.223143   0.223143   0.223143   0.223143   0.223143   0.223143   0.223143   0.223143   0.223143   0.223143   0.223143   0.223143   0.223143   0.223143   0.223143   0.223143   0.223143   0.223143   0.223143   0.223143   0.223143   0.223143   0.223143   0.223143   0.223143   0.223143   0.223143 -0.0218569 -0.0218569 -0.0218569 -0.0218569 -0.0218569 -0.0218569 -0.0218569 -0.0218569 -0.0218569 -0.0218569 -0.0218569 -0.0218569 -0.0218569 -0.0218569 -0.0218569 -0.0218569 -0.0218569 -0.0218569 -0.0218569 -0.0218569 -0.0218569 -0.0218569 -0.0218569 -0.0218569 -0.0218569 -0.0218569 -0.0218569 -0.0218569 -0.0218569 -0.0218569   0.223143   0.223143   0.223143   0.223143   0.223143   0.223143   0.223143   0.223143   0.223143   0.223143   0.223143   0.223143   0.223143   0.223143   0.223143   0.223143   0.223143   0.223143   0.223143   0.223143   0.223143   0.223143   0.223143   0.223143   0.223143   0.223143   0.223143   0.223143   0.223143   0.223143 -0.0218569 -0.0218569 -0.0218569 -0.0218569 -0.0218569 -0.0218569 -0.0218569
         0          0   0.216792   0.216792   0.216792   0.216792   0.216792   0.216792   0.216792   0.216792   0.216792   0.216792   0.216792   0.216792   0.216792   0.216792   0.216792   0.216792   0.216792   0.216792   0.216792   0.216792   0.216792   0.216792   0.216792   0.216792   0.216792   0.216792   0.216792   0.216792   0.216792   0.216792 -0.0282084 -0.0282084 -0.0282084 -0.0282084 -0.0282084 -0.0282084 -0.0282084 -0.0282084 -0.0282084 -0.0282084 -0.0282084 -0.0282084 -0.0282084 -0.0282084 -0.0282084 -0.0282084 -0.0282084 -0.0282084 -0.0282084 -0.0282084 -0.0282084 -0.0282084 -0.0282084 -0.0282084 -0.0282084 -0.0282084 -0.0282084 -0.0282084 -0.0282084 -0.0282084   0.216792   0.216792   0.216792   0.216792   0.216792   0.216792   0.216792   0.216792   0.216792   0.216792   0.216792   0.216792   0.216792   0.216792   0.216792   0.216792   0.216792   0.216792   0.216792   0.216792   0.216792   0.216792   0.216792   0.216792   0.216792   0.216792   0.216792   0.216792   0.216792   0.216792 -0.0282084 -0.0282084 -0.0282084 -0.0282084 -0.0282084 -0.0282084 -0.0282084 -0.0282084
         0    0.20862    0.20862    0.20862    0.20862    0.20862    0.20862    0.20862    0.20862    0.20862    0.20862    0.20862    0.20862    0.20862    0.20862    0.20862    0.20862    0.20862    0.20862    0.20862    0.20862    0.20862    0.20862    0.20862    0.20862    0.20862    0.20862    0.20862    0.20862    0.20862    0.20862 -0.0363805 -0.0363805 -0.0363805 -0.0363805 -0.0363805 -0.0363805 -0.0363805 -0.0363805 -0.0363805 -0.0363805 -0.0363805 -0.0363805 -0.0363805 -0.0363805 -0.0363805 -0.0363805 -0.0363805 -0.0363805 -0.0363805 -0.0363805 -0.0363805 -0.0363805 -0.0363805 -0.0363805 -0.0363805 -0.0363805 -0.0363805 -0.0363805 -0.0363805 -0.0363805    0.20862    0.20862    0.20862    0.20862    0.20862    0.20862    0.20862    0.20862    0.20862    0.20862    0.20862    0.20862    0.20862    0.20862    0.20862    0.20862    0.20862    0.20862    0.20862    0.20862    0.20862    0.20862    0.20862    0.20862    0.20862    0.20862    0.20862    0.20862    0.20862    0.20862 -0.0363805 -0.0363805 -0.0363805 -0.0363805 -0.0363805 -0.0363805 -0.0363805 -0.0363805 -0.0363805
         0          0          0          0          0          0          0          0          0          0          0          0          0          0          0          0          0          0          0          0          0          0          0          0          0          0          0          0          0          0  -0.272548  -0.272548  -0.272548  -0.272548  -0.272548  -0.272548  -0.272548  -0.272548  -0.272548  -0.272548  -0.272548  -0.272548  -0.272548  -0.272548  -0.272548  -0.272548  -0.272548  -0.272548  -0.272548  -0.272548  -0.272548  -0.272548  -0.272548  -0.272548  -0.272548  -0.272548  -0.272548  -0.272548  -0.272548  -0.272548 -0.0275476 -0.0275476 -0.0275476 -0.0275476 -0.0275476 -0.0275476 -0.0275476 -0.0275476 -0.0275476 -0.0275476 -0.0275476 -0.0275476 -0.0275476 -0.0275476 -0.0275476 -0.0275476 -0.0275476 -0.0275476 -0.0275476 -0.0275476 -0.0275476 -0.0275476 -0.0275476 -0.0275476 -0.0275476 -0.0275476 -0.0275476 -0.0275476 -0.0275476 -0.0275476  -0.272548  -0.272548  -0.272548  -0.272548  -0.272548  -0.272548  -0.272548  -0.272548  -0.272548  -0.272548
          0           0           0           0           0           0           0           0           0           0           0           0           0           0           0           0           0           0           0           0           0           0           0           0           0           0           0           0           0   -0.248443   -0.248443   -0.248443   -0.248443   -0.248443   -0.248443   -0.248443   -0.248443   -0.248443   -0.248443   -0.248443   -0.248443   -0.248443   -0.248443   -0.248443   -0.248443   -0.248443   -0.248443   -0.248443   -0.248443   -0.248443   -0.248443   -0.248443   -0.248443   -0.248443   -0.248443   -0.248443   -0.248443   -0.248443   -0.248443 -0.00344345 -0.00344345 -0.00344345 -0.00344345 -0.00344345 -0.00344345 -0.00344345 -0.00344345 -0.00344345 -0.00344345 -0.00344345 -0.00344345 -0.00344345 -0.00344345 -0.00344345 -0.00344345 -0.00344345 -0.00344345 -0.00344345 -0.00344345 -0.00344345 -0.00344345 -0.00344345 -0.00344345 -0.00344345 -0.00344345 -0.00344345 -0.00344345 -0.00344345 -0.00344345   -0.248443   -0.248443   -0.248443   -0.248443   -0.248443   -0.248443   -0.248443   -0.248443   -0.248443   -0.248443   -0.248443
     0      0      0      0      0      0      0      0      0      0      0      0      0      0      0      0      0      0      0      0      0      0      0      0      0      0      0      0 -0.245 -0.245 -0.245 -0.245 -0.245 -0.245 -0.245 -0.245 -0.245 -0.245 -0.245 -0.245 -0.245 -0.245 -0.245 -0.245 -0.245 -0.245 -0.245 -0.245 -0.245 -0.245 -0.245 -0.245 -0.245 -0.245 -0.245 -0.245 -0.245 -0.245      0      0      0      0      0      0      0      0      0      0      0      0      0      0      0      0      0      0      0      0      0      0      0      0      0      0      0      0      0      0 -0.245 -0.245 -0.245 -0.245 -0.245 -0.245 -0.245 -0.245 -0.245 -0.245 -0.245 -0.245
     0      0      0      0      0      0      0      0      0      0      0      0      0      0      0      0      0      0      0      0      0      0      0      0      0      0      0 -0.245 -0.245 -0.245 -0.245 -0.245 -0.245 -0.245 -0.245 -0.245 -0.245 -0.245 -0.245 -0.245 -0.245 -0.245 -0.245 -0.245 -0.245 -0.245 -0.245 -0.245 -0.245 -0.245 -0.245 -0.245 -0.245 -0.245 -0.245 -0.245 -0.245      0      0      0      0      0      0      0      0      0      0      0      0      0      0      0      0      0      0      0      0      0      0      0      0      0      0      0      0      0      0 -0.245 -0.245 -0.245 -0.245 -0.245 -0.245 -0.245 -0.245 -0.245 -0.245 -0.245 -0.245 -0.245
     0      0      0      0      0      0      0      0      0      0      0      0      0      0      0      0      0      0      0      0      0      0      0      0      0      0 -0.245 -0.245 -0.245 -0.245 -0.245 -0.245 -0.245 -0.245 -0.245 -0.245 -0.245 -0.245 -0.245 -0.245 -0.245 -0.245 -0.245 -0.245 -0.245 -0.245 -0.245 -0.245 -0.245 -0.245 -0.245 -0.245 -0.245 -0.245 -0.245 -0.245      0      0      0      0      0      0      0      0      0      0      0      0      0      0      0      0      0      0      0      0      0      0      0      0      0      0      0      0      0      0 -0.245 -0.245 -0.245 -0.245 -0.245 -0.245 -0.245 -0.245 -0.245 -0.245 -0.245 -0.245 -0.245 -0.245
     0      0      0      0      0      0      0      0      0      0      0      0      0      0      0      0      0      0      0      0      0      0      0      0      0 -0.245 -0.245 -0.245 -0.245 -0.245 -0.245 -0.245 -0.245 -0.245 -0.245 -0.245 -0.245 -0.245 -0.245 -0.245 -0.245 -0.245 -0.245 -0.245 -0.245 -0.245 -0.245 -0.245 -0.245 -0.245 -0.245 -0.245 -0.245 -0.245 -0.245      0      0      0      0      0      0      0      0      0      0      0      0      0      0      0      0      0      0      0      0      0      0      0      0      0      0      0      0      0      0 -0.245 -0.245 -0.245 -0.245 -0.245 -0.245 -0.245 -0.245 -0.245 -0.245 -0.245 -0.245 -0.245 -0.245 -0.245
     0      0      0      0      0      0      0      0      0      0      0      0      0      0      0      0      0      0      0      0      0      0      0      0 -0.245 -0.245 -0.245 -0.245 -0.245 -0.245 -0.245 -0.245 -0.245 -0.245 -0.245 -0.245 -0.245 -0.245 -0.245 -0.245 -0.245 -0.245 -0.245 -0.245 -0.245 -0.245 -0.245 -0.245 -0.245 -0.245 -0.245 -0.245 -0.245 -0.245      0      0      0      0      0      0      0      0      0      0      0      0      0      0      0      0      0      0      0      0      0      0      0      0      0      0      0      0      0      0 -0.245 -0.245 -0.245 -0.245 -0.245 -0.245 -0.245 -0.245 -0.245 -0.245 -0.245 -0.245 -0.245 -0.245 -0.245 -0.245
     0      0      0      0      0      0      0      0      0      0      0      0      0      0      0      0      0      0      0      0      0      0      0 -0.245 -0.245 -0.245 -0.245 -0.245 -0.245 -0.245 -0.245 -0.245 -0.245 -0.245 -0.245 -0.245 -0.245 -0.245 -0.245 -0.245 -0.245 -0.245 -0.245 -0.245 -0.245 -0.245 -0.245 -0.245 -0.245 -0.245 -0.245 -0.245 -0.245      0      0      0      0      0      0      0      0      0      0      0      0      0      0      0      0      0      0      0      0      0      0      0      0      0      0      0      0      0      0 -0.245 -0.245 -0.245 -0.245 -0.245 -0.245 -0.245 -0.245 -0.245 -0.245 -0.245 -0.245 -0.245 -0.245 -0.245 -0.245 -0.245
     0      0      0      0      0      0      0      0      0      0      0      0      0      0      0      0      0      0      0      0      0      0 -0.245 -0.245 -0.245 -0.245 -0.245 -0.245 -0.245 -0.245 -0.245 -0.245 -0.245 -0.245 -0.245 -0.245 -0.245 -0.245 -0.245 -0.245 -0.245 -0.245 -0.245 -0.245 -0.245 -0.245 -0.245 -0.245 -0.245 -0.245 -0.245 -0.245      0      0      0      0      0      0      0      0      0      0      0      0      0      0      0      0      0      0      0      0      0      0      0      0      0      0      0      0      0      0 -0.245 -0.245 -0.245 -0.245 -0.245 -0.245 -0.245 -0.245 -0.245 -0.245 -0.245 -0.245 -0.245 -0.245 -0.245 -0.245 -0.245 -0.245
     0      0      0      0      0      0      0      0      0      0      0      0      0      0      0      0      0      0      0      0      0 -0.245 -0.245 -0.245 -0.245 -0.245 -0.245 -0.245 -0.245 -0.245 -0.245 -0.245 -0.245 -0.245 -0.245 -0.245 -0.245 -0.245 -0.245 -0.245 -0.245 -0.245 -0.245 -0.245 -0.245 -0.245 -0.245 -0.245 -0.245 -0.245 -0.245      0      0      0      0      0      0      0      0      0      0      0      0      0      0      0      0      0      0      0      0      0      0      0      0      0      0      0      0      0      0 -0.245 -0.245 -0.245 -0.245 -0.245 -0.245 -0.245 -0.245 -0.245 -0.245 -0.245 -0.245 -0.245 -0.245 -0.245 -0.245 -0.245 -0.245 -0.245
     0      0      0      0      0      0      0      0      0      0      0      0      0      0      0      0      0      0      0      0 -0.245 -0.245 -0.245 -0.245 -0.245 -0.245 -0.245 -0.245 -0.245 -0.245 -0.245 -0.245 -0.245 -0.245 -0.245 -0.245 -0.245 -0.245 -0.245 -0.245 -0.245 -0.245 -0.245 -0.245 -0.245 -0.245 -0.245 -0.245 -0.245 -0.245      0      0      0      0      0      0      0      0      0      0      0      0      0      0      0      0      0      0      0      0      0      0      0      0      0      0      0      0      0      0 -0.245 -0.245 -0.245 -0.245 -0.245 -0.245 -0.245 -0.245 -0.245 -0.245 -0.245 -0.245 -0.245 -0.245 -0.245 -0.245 -0.245 -0.245 -0.245 -0.245
     0      0      0      0      0      0      0      0      0      0      0      0      0      0      0      0      0      0      0 -0.245 -0.245 -0.245 -0.245 -0.245 -0.245 -0.245 -0.245 -0.245 -0.245 -0.245 -0.245 -0.245 -0.245 -0.245 -0.245 -0.245 -0.245 -0.245 -0.245 -0.245 -0.245 -0.245 -0.245 -0.245 -0.245 -0.245 -0.245 -0.245 -0.245      0      0      0      0      0      0      0      0      0      0      0      0      0      0      0      0      0      0      0      0      0      0      0      0      0      0      0      0      0      0 -0.245 -0.245 -0.245 -0.245 -0.245 -0.245 -0.245 -0.245 -0.245 -0.245 -0.245 -0.245 -0.245 -0.245 -0.245 -0.245 -0.245 -0.245 -0.245 -0.245 -0.245
     0      0      0      0      0      0      0      0      0      0      0      0      0      0      0      0      0      0 -0.245 -0.245 -0.245 -0.245 -0.245 -0.245 -0.245 -0.245 -0.245 -0.245 -0.245 -0.245 -0.245 -0.245 -0.245 -0.245 -0.245 -0.245 -0.245 -0.245 -0.245 -0.245 -0.245 -0.245 -0.245 -0.245 -0.245 -0.245 -0.245 -0.245      0      0      0      0      0      0      0      0      0      0      0      0      0      0      0      0      0      0      0      0      0      0      0      0      0      0      0      0      0      0 -0.245 -0.245 -0.245 -0.245 -0.245 -0.245 -0.245 -0.245 -0.245 -0.245 -0.245 -0.245 -0.245 -0.245 -0.245 -0.245 -0.245 -0.245 -0.245 -0.245 -0.245 -0.245
     0      0      0      0      0      0      0      0      0      0      0      0      0      0      0      0      0 -0.245 -0.245 -0.245 -0.245 -0.245 -0.245 -0.245 -0.245 -0.245 -0.245 -0.245 -0.245 -0.245 -0.245 -0.245 -0.245 -0.245 -0.245 -0.245 -0.245 -0.245 -0.245 -0.245 -0.245 -0.245 -0.245 -0.245 -0.245 -0.245 -0.245      0      0      0      0      0      0      0      0      0      0      0      0      0      0      0      0      0      0      0      0      0      0      0      0      0      0      0      0      0      0 -0.245 -0.245 -0.245 -0.245 -0.245 -0.245 -0.245 -0.245 -0.245 -0.245 -0.245 -0.245 -0.245 -0.245 -0.245 -0.245 -0.245 -0.245 -0.245 -0.245 -0.245 -0.245 -0.245
     0      0      0      0      0      0      0      0      0      0      0      0      0      0      0      0 -0.245 -0.245 -0.245 -0.245 -0.245 -0.245 -0.245 -0.245 -0.245 -0.245 -0.245 -0.245 -0.245 -0.245 -0.245 -0.245 -0.245 -0.245 -0.245 -0.245 -0.245 -0.245 -0.245 -0.245 -0.245 -0.245 -0.245 -0.245 -0.245 -0.245      0      0      0      0      0      0      0      0      0      0      0      0      0      0      0      0      0      0      0      0      0      0      0      0      0      0      0      0      0      0 -0.245 -0.245 -0.245 -0.245 -0.245 -0.245 -0.245 -0.245 -0.245 -0.245 -0.245 -0.245 -0.245 -0.245 -0.245 -0.245 -0.245 -0.245 -0.245 -0.245 -0.245 -0.245 -0.245 -0.245
     0      0      0      0      0      0      0      0      0      0      0      0      0      0      0 -0.245 -0.245 -0.245 -0.245 -0.245 -0.245 -0.245 -0.245 -0.245 -0.245 -0.245 -0.245 -0.245 -0.245 -0.245 -0.245 -0.245 -0.245 -0.245 -0.245 -0.245 -0.245 -0.245 -0.245 -0.245 -0.245 -0.245 -0.245 -0.245 -0.245      0      0      0      0      0      0      0      0      0      0      0      0      0      0      0      0      0      0      0      0      0      0      0      0      0      0      0      0      0      0 -0.245 -0.245 -0.245 -0.245 -0.245 -0.245 -0.245 -0.245 -0.245 -0.245 -0.245 -0.245 -0.245 -0.245 -0.245 -0.245 -0.245 -0.245 -0.245 -0.245 -0.245 -0.245 -0.245 -0.245 -0.245
     0      0      0      0      0      0      0      0      0      0      0      0      0      0 -0.245 -0.245 -0.245 -0.245 -0.245 -0.245 -0.245 -0.245 -0.245 -0.245 -0.245 -0.245 -0.245 -0.245 -0.245 -0.245 -0.245 -0.245 -0.245 -0.245 -0.245 -0.245 -0.245 -0.245 -0.245 -0.245 -0.245 -0.245 -0.245 -0.245      0      0      0      0      0      0      0      0      0      0      0      0      0      0      0      0      0      0      0      0      0      0      0      0      0      0      0      0      0      0 -0.245 -0.245 -0.245 -0.245 -0.245 -0.245 -0.245 -0.245 -0.245 -0.245 -0.245 -0.245 -0.245 -0.245 -0.245 -0.245 -0.245 -0.245 -0.245 -0.245 -0.245 -0.245 -0.245 -0.245 -0.245 -0.245
     0      0      0      0      0      0      0      0      0      0      0      0      0 -0.245 -0.245 -0.245 -0.245 -0.245 -0.245 -0.245 -0.245 -0.245 -0.245 -0.245 -0.245 -0.245 -0.245 -0.245 -0.245 -0.245 -0.245 -0.245 -0.245 -0.245 -0.245 -0.245 -0.245 -0.245 -0.245 -0.245 -0.245 -0.245 -0.245      0      0      0      0      0      0      0      0      0      0      0      0      0      0      0      0      0      0      0      0      0      0      0      0      0      0      0      0      0      0 -0.245 -0.245 -0.245 -0.245 -0.245 -0.245 -0.245 -0.245 -0.245 -0.245 -0.245 -0.245 -0.245 -0.245 -0.245 -0.245 -0.245 -0.245 -0.245 -0.245 -0.245 -0.245 -0.245 -0.245 -0.245 -0.245 -0.245
     0      0      0      0      0      0      0      0      0      0      0      0 -0.245 -0.245 -0.245 -0.245 -0.245 -0.245 -0.245 -0.245 -0.245 -0.245 -0.245 -0.245 -0.245 -0.245 -0.245 -0.245 -0.245 -0.245 -0.245 -0.245 -0.245 -0.245 -0.245 -0.245 -0.245 -0.245 -0.245 -0.245 -0.245 -0.245      0      0      0      0      0      0      0      0      0      0      0      0      0      0      0      0      0      0      0      0      0      0      0      0      0      0      0      0      0      0 -0.245 -0.245 -0.245 -0.245 -0.245 -0.245 -0.245 -0.245 -0.245 -0.245 -0.245 -0.245 -0.245 -0.245 -0.245 -0.245 -0.245 -0.245 -0.245 -0.245 -0.245 -0.245 -0.245 -0.245 -0.245 -0.245 -0.245 -0.245
     0      0      0      0      0      0      0      0      0      0      0 -0.245 -0.245 -0.245 -0.245 -0.245 -0.245 -0.245 -0.245 -0.245 -0.245 -0.245 -0.245 -0.245 -0.245 -0.245 -0.245 -0.245 -0.245 -0.245 -0.245 -0.245 -0.245 -0.245 -0.245 -0.245 -0.245 -0.245 -0.245 -0.245 -0.245      0      0      0      0      0      0      0      0      0      0      0      0      0      0      0      0      0      0      0      0      0      0      0      0      0      0      0      0      0      0 -0.245 -0.245 -0.245 -0.245 -0.245 -0.245 -0.245 -0.245 -0.245 -0.245 -0.245 -0.245 -0.245 -0.245 -0.245 -0.245 -0.245 -0.245 -0.245 -0.245 -0.245 -0.245 -0.245 -0.245 -0.245 -0.245 -0.245 -0.245 -0.245
     0      0      0      0      0      0      0      0      0      0 -0.245 -0.245 -0.245 -0.245 -0.245 -0.245 -0.245 -0.245 -0.245 -0.245 -0.245 -0.245 -0.245 -0.245 -0.245 -0.245 -0.245 -0.245 -0.245 -0.245 -0.245 -0.245 -0.245 -0.245 -0.245 -0.245 -0.245 -0.245 -0.245 -0.245      0      0      0      0      0      0      0      0      0      0      0      0      0      0      0      0      0      0      0      0      0      0      0      0      0      0      0      0      0      0 -0.245 -0.245 -0.245 -0.245 -0.245 -0.245 -0.245 -0.245 -0.245 -0.245 -0.245 -0.245 -0.245 -0.245 -0.245 -0.245 -0.245 -0.245 -0.245 -0.245 -0.245 -0.245 -0.245 -0.245 -0.245 -0.245 -0.245 -0.245 -0.245 -0.245
     0      0      0      0      0      0      0      0      0 -0.245 -0.245 -0.245 -0.245 -0.245 -0.245 -0.245 -0.245 -0.245 -0.245 -0.245 -0.245 -0.245 -0.245 -0.245 -0.245 -0.245 -0.245 -0.245 -0.245 -0.245 -0.245 -0.245 -0.245 -0.245 -0.245 -0.245 -0.245 -0.245 -0.245      0      0      0      0      0      0      0      0      0      0      0      0      0      0      0      0      0      0      0      0      0      0      0      0      0      0      0      0      0      0 -0.245 -0.245 -0.245 -0.245 -0.245 -0.245 -0.245 -0.245 -0.245 -0.245 -0.245 -0.245 -0.245 -0.245 -0.245 -0.245 -0.245 -0.245 -0.245 -0.245 -0.245 -0.245 -0.245 -0.245 -0.245 -0.245 -0.245 -0.245 -0.245 -0.245      0
     0      0      0      0      0      0      0      0 -0.245 -0.245 -0.245 -0.245 -0.245 -0.245 -0.245 -0.245 -0.245 -0.245 -0.245 -0.245 -0.245 -0.245 -0.245 -0.245 -0.245 -0.245 -0.245 -0.245 -0.245 -0.245 -0.245 -0.245 -0.245 -0.245 -0.245 -0.245 -0.245 -0.245      0      0      0      0      0      0      0      0      0      0      0      0      0      0      0      0      0      0      0      0      0      0      0      0      0      0      0      0      0      0 -0.245 -0.245 -0.245 -0.245 -0.245 -0.245 -0.245 -0.245 -0.245 -0.245 -0.245 -0.245 -0.245 -0.245 -0.245 -0.245 -0.245 -0.245 -0.245 -0.245 -0.245 -0.245 -0.245 -0.245 -0.245 -0.245 -0.245 -0.245 -0.245 -0.245      0      0
     0      0      0      0      0      0      0 -0.245 -0.245 -0.245 -0.245 -0.245 -0.245 -0.245 -0.245 -0.245 -0.245 -0.245 -0.245 -0.245 -0.245 -0.245 -0.245 -0.245 -0.245 -0.245 -0.245 -0.245 -0.245 -0.245 -0.245 -0.245 -0.245 -0.245 -0.245 -0.245 -0.245      0      0      0      0      0      0      0      0      0      0      0      0      0      0      0      0      0      0      0      0      0      0      0      0      0      0      0      0      0      0 -0.245 -0.245 -0.245 -0.245 -0.245 -0.245 -0.245 -0.245 -0.245 -0.245 -0.245 -0.245 -0.245 -0.245 -0.245 -0.245 -0.245 -0.245 -0.245 -0.245 -0.245 -0.245 -0.245 -0.245 -0.245 -0.245 -0.245 -0.245 -0.245 -0.245      0      0      0
     0      0      0      0      0      0 -0.245 -0.245 -0.245 -0.245 -0.245 -0.245 -0.245 -0.245 -0.245 -0.245 -0.245 -0.245 -0.245 -0.245 -0.245 -0.245 -0.245 -0.245 -0.245 -0.245 -0.245 -0.245 -0.245 -0.245 -0.245 -0.245 -0.245 -0.245 -0.245 -0.245      0      0      0      0      0      0      0      0      0      0      0      0      0      0      0      0      0      0      0      0      0      0      0      0      0      0      0      0      0      0 -0.245 -0.245 -0.245 -0.245 -0.245 -0.245 -0.245 -0.245 -0.245 -0.245 -0.245 -0.245 -0.245 -0.245 -0.245 -0.245 -0.245 -0.245 -0.245 -0.245 -0.245 -0.245 -0.245 -0.245 -0.245 -0.245 -0.245 -0.245 -0.245 -0.245      0      0      0      0
     0      0      0      0      0 -0.245 -0.245 -0.245 -0.245 -0.245 -0.245 -0.245 -0.245 -0.245 -0.245 -0.245 -0.245 -0.245 -0.245 -0.245 -0.245 -0.245 -0.245 -0.245 -0.245 -0.245 -0.245 -0.245 -0.245 -0.245 -0.245 -0.245 -0.245 -0.245 -0.245      0      0      0      0      0      0      0      0      0      0      0      0      0      0      0      0      0      0      0      0      0      0      0      0      0      0      0      0      0      0 -0.245 -0.245 -0.245 -0.245 -0.245 -0.245 -0.245 -0.245 -0.245 -0.245 -0.245 -0.245 -0.245 -0.245 -0.245 -0.245 -0.245 -0.245 -0.245 -0.245 -0.245 -0.245 -0.245 -0.245 -0.245 -0.245 -0.245 -0.245 -0.245 -0.245      0      0      0      0      0
     0      0      0      0 -0.245 -0.245 -0.245 -0.245 -0.245 -0.245 -0.245 -0.245 -0.245 -0.245 -0.245 -0.245 -0.245 -0.245 -0.245 -0.245 -0.245 -0.245 -0.245 -0.245 -0.245 -0.245 -0.245 -0.245 -0.245 -0.245 -0.245 -0.245 -0.245 -0.245      0      0      0      0      0      0      0      0      0      0      0      0      0      0      0      0      0      0      0      0      0      0      0      0      0      0      0      0      0      0 -0.245 -0.245 -0.245 -0.245 -0.245 -0.245 -0.245 -0.245 -0.245 -0.245 -0.245 -0.245 -0.245 -0.245 -0.245 -0.245 -0.245 -0.245 -0.245 -0.245 -0.245 -0.245 -0.245 -0.245 -0.245 -0.245 -0.245 -0.245 -0.245 -0.245      0      0      0      0      0      0
     0      0      0 -0.245 -0.245 -0.245 -0.245 -0.245 -0.245 -0.245 -0.245 -0.245 -0.245 -0.245 -0.245 -0.245 -0.245 -0.245 -0.245 -0.245 -0.245 -0.245 -0.245 -0.245 -0.245 -0.245 -0.245 -0.245 -0.245 -0.245 -0.245 -0.245 -0.245      0      0      0      0      0      0      0      0      0      0      0      0      0      0      0      0      0      0      0      0      0      0      0      0      0      0      0      0      0      0 -0.245 -0.245 -0.245 -0.245 -0.245 -0.245 -0.245 -0.245 -0.245 -0.245 -0.245 -0.245 -0.245 -0.245 -0.245 -0.245 -0.245 -0.245 -0.245 -0.245 -0.245 -0.245 -0.245 -0.245 -0.245 -0.245 -0.245 -0.245 -0.245 -0.245      0      0      0      0      0      0      0
     0      0 -0.245 -0.245 -0.245 -0.245 -0.245 -0.245 -0.245 -0.245 -0.245 -0.245 -0.245 -0.245 -0.245 -0.245 -0.245 -0.245 -0.245 -0.245 -0.245 -0.245 -0.245 -0.245 -0.245 -0.245 -0.245 -0.245 -0.245 -0.245 -0.245 -0.245      0      0      0      0      0      0      0      0      0      0      0      0      0      0      0      0      0      0      0      0      0      0      0      0      0      0      0      0      0      0 -0.245 -0.245 -0.245 -0.245 -0.245 -0.245 -0.245 -0.245 -0.245 -0.245 -0.245 -0.245 -0.245 -0.245 -0.245 -0.245 -0.245 -0.245 -0.245 -0.245 -0.245 -0.245 -0.245 -0.245 -0.245 -0.245 -0.245 -0.245 -0.245 -0.245      0      0      0      0      0      0      0      0
     0 -0.245 -0.245 -0.245 -0.245 -0.245 -0.245 -0.245 -0.245 -0.245 -0.245 -0.245 -0.245 -0.245 -0.245 -0.245 -0.245 -0.245 -0.245 -0.245 -0.245 -0.245 -0.245 -0.245 -0.245 -0.245 -0.245 -0.245 -0.245 -0.245 -0.245      0      0      0      0      0      0      0      0      0      0      0      0      0      0      0      0      0      0      0      0      0      0      0      0      0      0      0      0      0      0 -0.245 -0.245 -0.245 -0.245 -0.245 -0.245 -0.245 -0.245 -0.245 -0.245 -0.245 -0.245 -0.245 -0.245 -0.245 -0.245 -0.245 -0.245 -0.245 -0.245 -0.245 -0.245 -0.245 -0.245 -0.245 -0.245 -0.245 -0.245 -0.245 -0.245      0      0      0      0      0      0      0      0      0
    0     0     0     0     0     0     0     0     0     0     0     0     0     0     0     0     0     0     0     0     0     0     0     0     0     0     0     0     0     0 0.245 0.245 0.245 0.245 0.245 0.245 0.245 0.245 0.245 0.245 0.245 0.245 0.245 0.245 0.245 0.245 0.245 0.245 0.245 0.245 0.245 0.245 0.245 0.245 0.245 0.245 0.245 0.245 0.245 0.245     0     0     0     0     0     0     0     0     0     0     0     0     0     0     0     0     0     0     0     0     0     0     0     0     0     0     0     0     0     0 0.245 0.245 0.245 0.245 0.245 0.245 0.245 0.245 0.245 0.245
          0           0           0           0           0           0           0           0           0           0           0           0           0           0           0           0           0           0           0           0           0           0           0           0           0           0           0           0           0    0.245277    0.245277    0.245277    0.245277    0.245277    0.245277    0.245277    0.245277    0.245277    0.245277    0.245277    0.245277    0.245277    0.245277    0.245277    0.245277    0.245277    0.245277    0.245277    0.245277    0.245277    0.245277    0.245277    0.245277    0.245277    0.245277    0.245277    0.245277    0.245277    0.245277 0.000277056 0.000277056 0.000277056 0.000277056 0.000277056 0.000277056 0.000277056 0.000277056 0.000277056 0.000277056 0.000277056 0.000277056 0.000277056 0.000277056 0.000277056 0.000277056 0.000277056 0.000277056 0.000277056 0.000277056 0.000277056 0.000277056 0.000277056 0.000277056 0.000277056 0.000277056 0.000277056 0.000277056 0.000277056 0.000277056    0.245277    0.245277    0.245277    0.245277    0.245277    0.245277    0.245277    0.245277    0.245277    0.245277    0.245277
          0           0           0           0           0           0           0           0           0           0           0           0           0           0           0           0           0           0           0           0           0           0           0           0           0           0           0           0    0.245362    0.245362    0.245362    0.245362    0.245362    0.245362    0.245362    0.245362    0.245362    0.245362    0.245362    0.245362    0.245362    0.245362    0.245362    0.245362    0.245362    0.245362    0.245362    0.245362    0.245362    0.245362    0.245362    0.245362    0.245362    0.245362    0.245362    0.245362    0.245362    0.245362 0.000362097 0.000362097 0.000362097 0.000362097 0.000362097 0.000362097 0.000362097 0.000362097 0.000362097 0.000362097 0.000362097 0.000362097 0.000362097 0.000362097 0.000362097 0.000362097 0.000362097 0.000362097 0.000362097 0.000362097 0.000362097 0.000362097 0.000362097 0.000362097 0.000362097 0.000362097 0.000362097 0.000362097 0.000362097 0.000362097    0.245362    0.245362    0.245362    0.245362    0.245362    0.245362    0.245362    0.245362    0.245362    0.245362    0.245362    0.245362
          0           0           0           0           0           0           0           0           0           0           0           0           0           0           0           0           0           0           0           0           0           0           0           0           0           0           0    0.245365    0.245365    0.245365    0.245365    0.245365    0.245365    0.245365    0.245365    0.245365    0.245365    0.245365    0.245365    0.245365    0.245365    0.245365    0.245365    0.245365    0.245365    0.245365    0.245365    0.245365    0.245365    0.245365    0.245365    0.245365    0.245365    0.245365    0.245365    0.245365    0.245365 0.000364861 0.000364861 0.000364861 0.000364861 0.000364861 0.000364861 0.000364861 0.000364861 0.000364861 0.000364861 0.000364861 0.000364861 0.000364861 0.000364861 0.000364861 0.000364861 0.000364861 0.000364861 0.000364861 0.000364861 0.000364861 0.000364861 0.000364861 0.000364861 0.000364861 0.000364861 0.000364861 0.000364861 0.000364861 0.000364861    0.245365    0.245365    0.245365    0.245365    0.245365    0.245365    0.245365    0.245365    0.245365    0.245365    0.245365    0.245365    0.245365
          0           0           0           0           0           0           0           0           0           0           0           0           0           0           0           0           0           0           0           0           0           0           0           0           0           0    0.245357    0.245357    0.245357    0.245357    0.245357    0.245357    0.245357    0.245357    0.245357    0.245357    0.245357    0.245357    0.245357    0.245357    0.245357    0.245357    0.245357    0.245357    0.245357    0.245357    0.245357    0.245357    0.245357    0.245357    0.245357    0.245357    0.245357    0.245357    0.245357    0.245357 0.000356571 0.000356571 0.000356571 0.000356571 0.000356571 0.000356571 0.000356571 0.000356571 0.000356571 0.000356571 0.000356571 0.000356571 0.000356571 0.000356571 0.000356571 0.000356571 0.000356571 0.000356571 0.000356571 0.000356571 0.000356571 0.000356571 0.000356571 0.000356571 0.000356571 0.000356571 0.000356571 0.000356571 0.000356571 0.000356571    0.245357    0.245357    0.245357    0.245357    0.245357    0.245357    0.245357    0.245357    0.245357    0.245357    0.245357    0.245357    0.245357    0.245357
          0           0           0           0           0           0           0           0           0           0           0           0           0           0           0           0           0           0           0           0           0           0           0           0           0    0.245351    0.245351    0.245351    0.245351    0.245351    0.245351    0.245351    0.245351    0.245351    0.245351    0.245351    0.245351    0.245351    0.245351    0.245351    0.245351    0.245351    0.245351    0.245351    0.245351    0.245351    0.245351    0.245351    0.245351    0.245351    0.245351    0.245351    0.245351    0.245351    0.245351 0.000350681 0.000350681 0.000350681 0.000350681 0.000350681 0.000350681 0.000350681 0.000350681 0.000350681 0.000350681 0.000350681 0.000350681 0.000350681 0.000350681 0.000350681 0.000350681 0.000350681 0.000350681 0.000350681 0.000350681 0.000350681 0.000350681 0.000350681 0.000350681 0.000350681 0.000350681 0.000350681 0.000350681 0.000350681 0.000350681    0.245351    0.245351    0.245351    0.245351    0.245351    0.245351    0.245351    0.245351    0.245351    0.245351    0.245351    0.245351    0.245351    0.245351    0.245351
         0          0          0          0          0          0          0          0          0          0          0          0          0          0          0          0          0          0          0          0          0          0          0          0   0.245348   0.245348   0.245348   0.245348   0.245348   0.245348   0.245348   0.245348   0.245348   0.245348   0.245348   0.245348   0.245348   0.245348   0.245348   0.245348   0.245348   0.245348   0.245348   0.245348   0.245348   0.245348   0.245348   0.245348   0.245348   0.245348   0.245348   0.245348   0.245348   0.245348 0.00034775 0.00034775 0.00034775 0.00034775 0.00034775 0.00034775 0.00034775 0.00034775 0.00034775 0.00034775 0.00034775 0.00034775 0.00034775 0.00034775 0.00034775 0.00034775 0.00034775 0.00034775 0.00034775 0.00034775 0.00034775 0.00034775 0.00034775 0.00034775 0.00034775 0.00034775 0.00034775 0.00034775 0.00034775 0.00034775   0.245348   0.245348   0.245348   0.245348   0.245348   0.245348   0.245348   0.245348   0.245348   0.245348   0.245348   0.245348   0.245348   0.245348   0.245348   0.245348
          0           0           0           0           0           0           0           0           0           0           0           0           0           0           0           0           0           0           0           0           0           0           0    0.245353    0.245353    0.245353    0.245353    0.245353    0.245353    0.245353    0.245353    0.245353    0.245353    0.245353    0.245353    0.245353    0.245353    0.245353    0.245353    0.245353    0.245353    0.245353    0.245353    0.245353    0.245353    0.245353    0.245353    0.245353    0.245353    0.245353    0.245353    0.245353    0.245353 0.000352874 0.000352874 0.000352874 0.000352874 0.000352874 0.000352874 0.000352874 0.000352874 0.000352874 0.000352874 0.000352874 0.000352874 0.000352874 0.000352874 0.000352874 0.000352874 0.000352874 0.000352874 0.000352874 0.000352874 0.000352874 0.000352874 0.000352874 0.000352874 0.000352874 0.000352874 0.000352874 0.000352874 0.000352874 0.000352874    0.245353    0.245353    0.245353    0.245353    0.245353    0.245353    0.245353    0.245353    0.245353    0.245353    0.245353    0.245353    0.245353    0.245353    0.245353    0.245353    0.245353
          0           0           0           0           0           0           0           0           0           0           0           0           0           0           0           0           0           0           0           0           0           0    0.245372    0.245372    0.245372    0.245372    0.245372    0.245372    0.245372    0.245372    0.245372    0.245372    0.245372    0.245372    0.245372    0.245372    0.245372    0.245372    0.245372    0.245372    0.245372    0.245372    0.245372    0.245372    0.245372    0.245372    0.245372    0.245372    0.245372    0.245372    0.245372    0.245372 0.000372379 0.000372379 0.000372379 0.000372379 0.000372379 0.000372379 0.000372379 0.000372379 0.000372379 0.000372379 0.000372379 0.000372379 0.000372379 0.000372379 0.000372379 0.000372379 0.000372379 0.000372379 0.000372379 0.000372379 0.000372379 0.000372379 0.000372379 0.000372379 0.000372379 0.000372379 0.000372379 0.000372379 0.000372379 0.000372379    0.245372    0.245372    0.245372    0.245372    0.245372    0.245372    0.245372    0.245372    0.245372    0.245372    0.245372    0.245372    0.245372    0.245372    0.245372    0.245372    0.245372    0.245372
          0           0           0           0           0           0           0           0           0           0           0           0           0           0           0           0           0           0           0           0           0    0.245412    0.245412    0.245412    0.245412    0.245412    0.245412    0.245412    0.245412    0.245412    0.245412    0.245412    0.245412    0.245412    0.245412    0.245412    0.245412    0.245412    0.245412    0.245412    0.245412    0.245412    0.245412    0.245412    0.245412    0.245412    0.245412    0.245412    0.245412    0.245412    0.245412 0.000412218 0.000412218 0.000412218 0.000412218 0.000412218 0.000412218 0.000412218 0.000412218 0.000412218 0.000412218 0.000412218 0.000412218 0.000412218 0.000412218 0.000412218 0.000412218 0.000412218 0.000412218 0.000412218 0.000412218 0.000412218 0.000412218 0.000412218 0.000412218 0.000412218 0.000412218 0.000412218 0.000412218 0.000412218 0.000412218    0.245412    0.245412    0.245412    0.245412    0.245412    0.245412    0.245412    0.245412    0.245412    0.245412    0.245412    0.245412    0.245412    0.245412    0.245412    0.245412    0.245412    0.245412    0.245412
          0           0           0           0           0           0           0           0           0           0           0           0           0           0           0           0           0           0           0           0    0.245468    0.245468    0.245468    0.245468    0.245468    0.245468    0.245468    0.245468    0.245468    0.245468    0.245468    0.245468    0.245468    0.245468    0.245468    0.245468    0.245468    0.245468    0.245468    0.245468    0.245468    0.245468    0.245468    0.245468    0.245468    0.245468    0.245468    0.245468    0.245468    0.245468 0.000468134 0.000468134 0.000468134 0.000468134 0.000468134 0.000468134 0.000468134 0.000468134 0.000468134 0.000468134 0.000468134 0.000468134 0.000468134 0.000468134 0.000468134 0.000468134 0.000468134 0.000468134 0.000468134 0.000468134 0.000468134 0.000468134 0.000468134 0.000468134 0.000468134 0.000468134 0.000468134 0.000468134 0.000468134 0.000468134    0.245468    0.245468    0.245468    0.245468    0.245468    0.245468    0.245468    0.245468    0.245468    0.245468    0.245468    0.245468    0.245468    0.245468    0.245468    0.245468    0.245468    0.245468    0.245468    0.245468
          0           0           0           0           0           0           0           0           0           0           0           0           0           0           0           0           0           0           0    0.245531    0.245531    0.245531    0.245531    0.245531    0.245531    0.245531    0.245531    0.245531    0.245531    0.245531    0.245531    0.245531    0.245531    0.245531    0.245531    0.245531    0.245531    0.245531    0.245531    0.245531    0.245531    0.245531    0.245531    0.245531    0.245531    0.245531    0.245531    0.245531    0.245531 0.000530689 0.000530689 0.000530689 0.000530689 0.000530689 0.000530689 0.000530689 0.000530689 0.000530689 0.000530689 0.000530689 0.000530689 0.000530689 0.000530689 0.000530689 0.000530689 0.000530689 0.000530689 0.000530689 0.000530689 0.000530689 0.000530689 0.000530689 0.000530689 0.000530689 0.000530689 0.000530689 0.000530689 0.000530689 0.000530689    0.245531    0.245531    0.245531    0.245531    0.245531    0.245531    0.245531    0.245531    0.245531    0.245531    0.245531    0.245531    0.245531    0.245531    0.245531    0.245531    0.245531    0.245531    0.245531    0.245531    0.245531
          0           0           0           0           0           0           0           0           0           0           0           0           0           0           0           0           0           0    0.245586    0.245586    0.245586    0.245586    0.245586    0.245586    0.245586    0.245586    0.245586    0.245586    0.245586    0.245586    0.245586    0.245586    0.245586    0.245586    0.245586    0.245586    0.245586    0.245586    0.245586    0.245586    0.245586    0.245586    0.245586    0.245586    0.245586    0.245586    0.245586    0.245586 0.000585634 0.000585634 0.000585634 0.000585634 0.000585634 0.000585634 0.000585634 0.000585634 0.000585634 0.000585634 0.000585634 0.000585634 0.000585634 0.000585634 0.000585634 0.000585634 0.000585634 0.000585634 0.000585634 0.000585634 0.000585634 0.000585634 0.000585634 0.000585634 0.000585634 0.000585634 0.000585634 0.000585634 0.000585634 0.000585634    0.245586    0.245586    0.245586    0.245586    0.245586    0.245586    0.245586    0.245586    0.245586    0.245586    0.245586    0.245586    0.245586    0.245586    0.245586    0.245586    0.245586    0.245586    0.245586    0.245586    0.245586    0.245586
          0           0           0           0           0           0           0           0           0           0           0           0           0           0           0           0           0    0.245619    0.245619    0.245619    0.245619    0.245619    0.245619    0.245619    0.245619    0.245619    0.245619    0.245619    0.245619    0.245619    0.245619    0.245619    0.245619    0.245619    0.245619    0.245619    0.245619    0.245619    0.245619    0.245619    0.245619    0.245619    0.245619    0.245619    0.245619    0.245619    0.245619 0.000618996 0.000618996 0.000618996 0.000618996 0.000618996 0.000618996 0.000618996 0.000618996 0.000618996 0.000618996 0.000618996 0.000618996 0.000618996 0.000618996 0.000618996 0.000618996 0.000618996 0.000618996 0.000618996 0.000618996 0.000618996 0.000618996 0.000618996 0.000618996 0.000618996 0.000618996 0.000618996 0.000618996 0.000618996 0.000618996    0.245619    0.245619    0.245619    0.245619    0.245619    0.245619    0.245619    0.245619    0.245619    0.245619    0.245619    0.245619    0.245619    0.245619    0.245619    0.245619    0.245619    0.245619    0.245619    0.245619    0.245619    0.245619    0.245619
          0           0           0           0           0           0           0           0           0           0           0           0           0           0           0           0     0.24562     0.24562     0.24562     0.24562     0.24562     0.24562     0.24562     0.24562     0.24562     0.24562     0.24562     0.24562     0.24562     0.24562     0.24562     0.24562     0.24562     0.24562     0.24562     0.24562     0.24562     0.24562     0.24562     0.24562     0.24562     0.24562     0.24562     0.24562     0.24562     0.24562 0.000620447 0.000620447 0.000620447 0.000620447 0.000620447 0.000620447 0.000620447 0.000620447 0.000620447 0.000620447 0.000620447 0.000620447 0.000620447 0.000620447 0.000620447 0.000620447 0.000620447 0.000620447 0.000620447 0.000620447 0.000620447 0.000620447 0.000620447 0.000620447 0.000620447 0.000620447 0.000620447 0.000620447 0.000620447 0.000620447     0.24562     0.24562     0.24562     0.24562     0.24562     0.24562     0.24562     0.24562     0.24562     0.24562     0.24562     0.24562     0.24562     0.24562     0.24562     0.24562     0.24562     0.24562     0.24562     0.24562     0.24562     0.24562     0.24562     0.24562
          0           0           0           0           0           0           0           0           0           0           0           0           0           0           0    0.245584    0.245584    0.245584    0.245584    0.245584    0.245584    0.245584    0.245584    0.245584    0.245584    0.245584    0.245584    0.245584    0.245584    0.245584    0.245584    0.245584    0.245584    0.245584    0.245584    0.245584    0.245584    0.245584    0.245584    0.245584    0.245584    0.245584    0.245584    0.245584    0.245584 0.000583527 0.000583527 0.000583527 0.000583527 0.000583527 0.000583527 0.000583527 0.000583527 0.000583527 0.000583527 0.000583527 0.000583527 0.000583527 0.000583527 0.000583527 0.000583527 0.000583527 0.000583527 0.000583527 0.000583527 0.000583527 0.000583527 0.000583527 0.000583527 0.000583527 0.000583527 0.000583527 0.000583527 0.000583527 0.000583527    0.245584    0.245584    0.245584    0.245584    0.245584    0.245584    0.245584    0.245584    0.245584    0.245584    0.245584    0.245584    0.245584    0.245584    0.245584    0.245584    0.245584    0.245584    0.245584    0.245584    0.245584    0.245584    0.245584    0.245584    0.245584
          0           0           0           0           0           0           0           0           0           0           0           0           0           0    0.245509    0.245509    0.245509    0.245509    0.245509    0.245509    0.245509    0.245509    0.245509    0.245509    0.245509    0.245509    0.245509    0.245509    0.245509    0.245509    0.245509    0.245509    0.245509    0.245509    0.245509    0.245509    0.245509    0.245509    0.245509    0.245509    0.245509    0.245509    0.245509    0.245509 0.000508561 0.000508561 0.000508561 0.000508561 0.000508561 0.000508561 0.000508561 0.000508561 0.000508561 0.000508561 0.000508561 0.000508561 0.000508561 0.000508561 0.000508561 0.000508561 0.000508561 0.000508561 0.000508561 0.000508561 0.000508561 0.000508561 0.000508561 0.000508561 0.000508561 0.000508561 0.000508561 0.000508561 0.000508561 0.000508561    0.245509    0.245509    0.245509    0.245509    0.245509    0.245509    0.245509    0.245509    0.245509    0.245509    0.245509    0.245509    0.245509    0.245509    0.245509    0.245509    0.245509    0.245509    0.245509    0.245509    0.245509    0.245509    0.245509    0.245509    0.245509    0.245509
          0           0           0           0           0           0           0           0           0           0           0           0           0    0.245402    0.245402    0.245402    0.245402    0.245402    0.245402    0.245402    0.245402    0.245402    0.245402    0.245402    0.245402    0.245402    0.245402    0.245402    0.245402    0.245402    0.245402    0.245402    0.245402    0.245402    0.245402    0.245402    0.245402    0.245402    0.245402    0.245402    0.245402    0.245402    0.245402 0.000401688 0.000401688 0.000401688 0.000401688 0.000401688 0.000401688 0.000401688 0.000401688 0.000401688 0.000401688 0.000401688 0.000401688 0.000401688 0.000401688 0.000401688 0.000401688 0.000401688 0.000401688 0.000401688 0.000401688 0.000401688 0.000401688 0.000401688 0.000401688 0.000401688 0.000401688 0.000401688 0.000401688 0.000401688 0.000401688    0.245402    0.245402    0.245402    0.245402    0.245402    0.245402    0.245402    0.245402    0.245402    0.245402    0.245402    0.245402    0.245402    0.245402    0.245402    0.245402    0.245402    0.245402    0.245402    0.245402    0.245402    0.245402    0.245402    0.245402    0.245402    0.245402    0.245402
          0           0           0           0           0           0           0           0           0           0           0           0    0.245269    0.245269    0.245269    0.245269    0.245269    0.245269    0.245269    0.245269    0.245269    0.245269    0.245269    0.245269    0.245269    0.245269    0.245269    0.245269    0.245269    0.245269    0.245269    0.245269    0.245269    0.245269    0.245269    0.245269    0.245269    0.245269    0.245269    0.245269    0.245269    0.245269 0.000268977 0.000268977 0.000268977 0.000268977 0.000268977 0.000268977 0.000268977 0.000268977 0.000268977 0.000268977 0.000268977 0.000268977 0.000268977 0.000268977 0.000268977 0.000268977 0.000268977 0.000268977 0.000268977 0.000268977 0.000268977 0.000268977 0.000268977 0.000268977 0.000268977 0.000268977 0.000268977 0.000268977 0.000268977 0.000268977    0.245269    0.245269    0.245269    0.245269    0.245269    0.245269    0.245269    0.245269    0.245269    0.245269    0.245269    0.245269    0.245269    0.245269    0.245269    0.245269    0.245269    0.245269    0.245269    0.245269    0.245269    0.245269    0.245269    0.245269    0.245269    0.245269    0.245269    0.245269
          0           0           0           0           0           0           0           0           0           0           0    0.245106    0.245106    0.245106    0.245106    0.245106    0.245106    0.245106    0.245106    0.245106    0.245106    0.245106    0.245106    0.245106    0.245106    0.245106    0.245106    0.245106    0.245106    0.245106    0.245106    0.245106    0.245106    0.245106    0.245106    0.245106    0.245106    0.245106    0.245106    0.245106    0.245106 0.000106219 0.000106219 0.000106219 0.000106219 0.000106219 0.000106219 0.000106219 0.000106219 0.000106219 0.000106219 0.000106219 0.000106219 0.000106219 0.000106219 0.000106219 0.000106219 0.000106219 0.000106219 0.000106219 0.000106219 0.000106219 0.000106219 0.000106219 0.000106219 0.000106219 0.000106219 0.000106219 0.000106219 0.000106219 0.000106219    0.245106    0.245106    0.245106    0.245106    0.245106    0.245106    0.245106    0.245106    0.245106    0.245106    0.245106    0.245106    0.245106    0.245106    0.245106    0.245106    0.245106    0.245106    0.245106    0.245106    0.245106    0.245106    0.245106    0.245106    0.245106    0.245106    0.245106    0.245106    0.245106
           0            0            0            0            0            0            0            0            0            0     0.244866     0.244866     0.244866     0.244866     0.244866     0.244866     0.244866     0.244866     0.244866     0.244866     0.244866     0.244866     0.244866     0.244866     0.244866     0.244866     0.244866     0.244866     0.244866     0.244866     0.244866     0.244866     0.244866     0.244866     0.244866     0.244866     0.244866     0.244866     0.244866     0.244866 -0.000133522 -0.000133522 -0.000133522 -0.000133522 -0.000133522 -0.000133522 -0.000133522 -0.000133522 -0.000133522 -0.000133522 -0.000133522 -0.000133522 -0.000133522 -0.000133522 -0.000133522 -0.000133522 -0.000133522 -0.000133522 -0.000133522 -0.000133522 -0.000133522 -0.000133522 -0.000133522 -0.000133522 -0.000133522 -0.000133522 -0.000133522 -0.000133522 -0.000133522 -0.000133522     0.244866     0.244866     0.244866     0.244866     0.244866     0.244866     0.244866     0.244866     0.244866     0.244866     0.244866     0.244866     0.244866     0.244866     0.244866     0.244866     0.244866     0.244866     0.244866     0.244866     0.244866     0.244866     0.244866     0.244866     0.244866     0.244866     0.244866     0.244866     0.244866     0.244866
           0            0            0            0            0            0            0            0            0     0.244566     0.244566     0.244566     0.244566     0.244566     0.244566     0.244566     0.244566     0.244566     0.244566     0.244566     0.244566     0.244566     0.244566     0.244566     0.244566     0.244566     0.244566     0.244566     0.244566     0.244566     0.244566     0.244566     0.244566     0.244566     0.244566     0.244566     0.244566     0.244566     0.244566 -0.000433997 -0.000433997 -0.000433997 -0.000433997 -0.000433997 -0.000433997 -0.000433997 -0.000433997 -0.000433997 -0.000433997 -0.000433997 -0.000433997 -0.000433997 -0.000433997 -0.000433997 -0.000433997 -0.000433997 -0.000433997 -0.000433997 -0.000433997 -0.000433997 -0.000433997 -0.000433997 -0.000433997 -0.000433997 -0.000433997 -0.000433997 -0.000433997 -0.000433997 -0.000433997     0.244566     0.244566     0.244566     0.244566     0.244566     0.244566     0.244566     0.244566     0.244566     0.244566     0.244566     0.244566     0.244566     0.244566     0.244566     0.244566     0.244566     0.244566     0.244566     0.244566     0.244566     0.244566     0.244566     0.244566     0.244566     0.244566     0.244566     0.244566     0.244566     0.244566 -0.000433997
          0           0           0           0           0           0           0           0    0.243958    0.243958    0.243958    0.243958    0.243958    0.243958    0.243958    0.243958    0.243958    0.243958    0.243958    0.243958    0.243958    0.243958    0.243958    0.243958    0.243958    0.243958    0.243958    0.243958    0.243958    0.243958    0.243958    0.243958    0.243958    0.243958    0.243958    0.243958    0.243958    0.243958 -0.00104221 -0.00104221 -0.00104221 -0.00104221 -0.00104221 -0.00104221 -0.00104221 -0.00104221 -0.00104221 -0.00104221 -0.00104221 -0.00104221 -0.00104221 -0.00104221 -0.00104221 -0.00104221 -0.00104221 -0.00104221 -0.00104221 -0.00104221 -0.00104221 -0.00104221 -0.00104221 -0.00104221 -0.00104221 -0.00104221 -0.00104221 -0.00104221 -0.00104221 -0.00104221    0.243958    0.243958    0.243958    0.243958    0.243958    0.243958    0.243958    0.243958    0.243958    0.243958    0.243958    0.243958    0.243958    0.243958    0.243958    0.243958    0.243958    0.243958    0.243958    0.243958    0.243958    0.243958    0.243958    0.243958    0.243958    0.243958    0.243958    0.243958    0.243958    0.243958 -0.00104221 -0.00104221
          0           0           0           0           0           0           0    0.243029    0.243029    0.243029    0.243029    0.243029    0.243029    0.243029    0.243029    0.243029    0.243029    0.243029    0.243029    0.243029    0.243029    0.243029    0.243029    0.243029    0.243029    0.243029    0.243029    0.243029    0.243029    0.243029    0.243029    0.243029    0.243029    0.243029    0.243029    0.243029    0.243029 -0.00197124 -0.00197124 -0.00197124 -0.00197124 -0.00197124 -0.00197124 -0.00197124 -0.00197124 -0.00197124 -0.00197124 -0.00197124 -0.00197124 -0.00197124 -0.00197124 -0.00197124 -0.00197124 -0.00197124 -0.00197124 -0.00197124 -0.00197124 -0.00197124 -0.00197124 -0.00197124 -0.00197124 -0.00197124 -0.00197124 -0.00197124 -0.00197124 -0.00197124 -0.00197124    0.243029    0.243029    0.243029    0.243029    0.243029    0.243029    0.243029    0.243029    0.243029    0.243029    0.243029    0.243029    0.243029    0.243029    0.243029    0.243029    0.243029    0.243029    0.243029    0.243029    0.243029    0.243029    0.243029    0.243029    0.243029    0.243029    0.243029    0.243029    0.243029    0.243029 -0.00197124 -0.00197124 -0.00197124
          0           0           0           0           0           0    0.241651    0.241651    0.241651    0.241651    0.241651    0.241651    0.241651    0.241651    0.241651    0.241651    0.241651    0.241651    0.241651    0.241651    0.241651    0.241651    0.241651    0.241651    0.241651    0.241651    0.241651    0.241651    0.241651    0.241651    0.241651    0.241651    0.241651    0.241651    0.241651    0.241651 -0.00334911 -0.00334911 -0.00334911 -0.00334911 -0.00334911 -0.00334911 -0.00334911 -0.00334911 -0.00334911 -0.00334911 -0.00334911 -0.00334911 -0.00334911 -0.00334911 -0.00334911 -0.00334911 -0.00334911 -0.00334911 -0.00334911 -0.00334911 -0.00334911 -0.00334911 -0.00334911 -0.00334911 -0.00334911 -0.00334911 -0.00334911 -0.00334911 -0.00334911 -0.00334911    0.241651    0.241651    0.241651    0.241651    0.241651    0.241651    0.241651    0.241651    0.241651    0.241651    0.241651    0.241651    0.241651    0.241651    0.241651    0.241651    0.241651    0.241651    0.241651    0.241651    0.241651    0.241651    0.241651    0.241651    0.241651    0.241651    0.241651    0.241651    0.241651    0.241651 -0.00334911 -0.00334911 -0.00334911 -0.00334911
          0           0           0           0           0    0.239451    0.239451    0.239451    0.239451    0.239451    0.239451    0.239451    0.239451    0.239451    0.239451    0.239451    0.239451    0.239451    0.239451    0.239451    0.239451    0.239451    0.239451    0.239451    0.239451    0.239451    0.239451    0.239451    0.239451    0.239451    0.239451    0.239451    0.239451    0.239451    0.239451 -0.00554905 -0.00554905 -0.00554905 -0.00554905 -0.00554905 -0.00554905 -0.00554905 -0.00554905 -0.00554905 -0.00554905 -0.00554905 -0.00554905 -0.00554905 -0.00554905 -0.00554905 -0.00554905 -0.00554905 -0.00554905 -0.00554905 -0.00554905 -0.00554905 -0.00554905 -0.00554905 -0.00554905 -0.00554905 -0.00554905 -0.00554905 -0.00554905 -0.00554905 -0.00554905    0.239451    0.239451    0.239451    0.239451    0.239451    0.239451    0.239451    0.239451    0.239451    0.239451    0.239451    0.239451    0.239451    0.239451    0.239451    0.239451    0.239451    0.239451    0.239451    0.239451    0.239451    0.239451    0.239451    0.239451    0.239451    0.239451    0.239451    0.239451    0.239451    0.239451 -0.00554905 -0.00554905 -0.00554905 -0.00554905 -0.00554905
          0           0           0           0    0.236191    0.236191    0.236191    0.236191    0.236191    0.236191    0.236191    0.236191    0.236191    0.236191    0.236191    0.236191    0.236191    0.236191    0.236191    0.236191    0.236191    0.236191    0.236191    0.236191    0.236191    0.236191    0.236191    0.236191    0.236191    0.236191    0.236191    0.236191    0.236191    0.236191 -0.00880902 -0.00880902 -0.00880902 -0.00880902 -0.00880902 -0.00880902 -0.00880902 -0.00880902 -0.00880902 -0.00880902 -0.00880902 -0.00880902 -0.00880902 -0.00880902 -0.00880902 -0.00880902 -0.00880902 -0.00880902 -0.00880902 -0.00880902 -0.00880902 -0.00880902 -0.00880902 -0.00880902 -0.00880902 -0.00880902 -0.00880902 -0.00880902 -0.00880902 -0.00880902    0.236191    0.236191    0.236191    0.236191    0.236191    0.236191    0.236191    0.236191    0.236191    0.236191    0.236191    0.236191    0.236191    0.236191    0.236191    0.236191    0.236191    0.236191    0.236191    0.236191    0.236191    0.236191    0.236191    0.236191    0.236191    0.236191    0.236191    0.236191    0.236191    0.236191 -0.00880902 -0.00880902 -0.00880902 -0.00880902 -0.00880902 -0.00880902
         0          0          0   0.231558   0.231558   0.231558   0.231558   0.231558   0.231558   0.231558   0.231558   0.231558   0.231558   0.231558   0.231558   0.231558   0.231558   0.231558   0.231558   0.231558   0.231558   0.231558   0.231558   0.231558   0.231558   0.231558   0.231558   0.231558   0.231558   0.231558   0.231558   0.231558   0.231558 -0.0134417 -0.0134417 -0.0134417 -0.0134417 -0.0134417 -0.0134417 -0.0134417 -0.0134417 -0.0134417 -0.0134417 -0.0134417 -0.0134417 -0.0134417 -0.0134417 -0.0134417 -0.0134417 -0.0134417 -0.0134417 -0.0134417 -0.0134417 -0.0134417 -0.0134417 -0.0134417 -0.0134417 -0.0134417 -0.0134417 -0.0134417 -0.0134417 -0.0134417 -0.0134417   0.231558   0.231558   0.231558   0.231558   0.231558   0.231558   0.231558   0.231558   0.231558   0.231558   0.231558   0.231558   0.231558   0.231558   0.231558   0.231558   0.231558   0.231558   0.231558   0.231558   0.231558   0.231558   0.231558   0.231558   0.231558   0.231558   0.231558   0.231558   0.231558   0.231558 -0.0134417 -0.0134417 -0.0134417 -0.0134417 -0.0134417 -0.0134417 -0.0134417
         0          0   0.224738   0.224738   0.224738   0.224738   0.224738   0.224738   0.224738   0.224738   0.224738   0.224738   0.224738   0.224738   0.224738   0.224738   0.224738   0.224738   0.224738   0.224738   0.224738   0.224738   0.224738   0.224738   0.224738   0.224738   0.224738   0.224738   0.224738   0.224738   0.224738   0.224738 -0.0202619 -0.0202619 -0.0202619 -0.0202619 -0.0202619 -0.0202619 -0.0202619 -0.0202619 -0.0202619 -0.0202619 -0.0202619 -0.0202619 -0.0202619 -0.0202619 -0.0202619 -0.0202619 -0.0202619 -0.0202619 -0.0202619 -0.0202619 -0.0202619 -0.0202619 -0.0202619 -0.0202619 -0.0202619 -0.0202619 -0.0202619 -0.0202619 -0.0202619 -0.0202619   0.224738   0.224738   0.224738   0.224738   0.224738   0.224738   0.224738   0.224738   0.224738   0.224738   0.224738   0.224738   0.224738   0.224738   0.224738   0.224738   0.224738   0.224738   0.224738   0.224738   0.224738   0.224738   0.224738   0.224738   0.224738   0.224738   0.224738   0.224738   0.224738   0.224738 -0.0202619 -0.0202619 -0.0202619 -0.0202619 -0.0202619 -0.0202619 -0.0202619 -0.0202619
         0   0.217998   0.217998   0.217998   0.217998   0.217998   0.217998   0.217998   0.217998   0.217998   0.217998   0.217998   0.217998   0.217998   0.217998   0.217998   0.217998   0.217998   0.217998   0.217998   0.217998   0.217998   0.217998   0.217998   0.217998   0.217998   0.217998   0.217998   0.217998   0.217998   0.217998 -0.0270023 -0.0270023 -0.0270023 -0.0270023 -0.0270023 -0.0270023 -0.0270023 -0.0270023 -0.0270023 -0.0270023 -0.0270023 -0.0270023 -0.0270023 -0.0270023 -0.0270023 -0.0270023 -0.0270023 -0.0270023 -0.0270023 -0.0270023 -0.0270023 -0.0270023 -0.0270023 -0.0270023 -0.0270023 -0.0270023 -0.0270023 -0.0270023 -0.0270023 -0.0270023   0.217998   0.217998   0.217998   0.217998   0.217998   0.217998   0.217998   0.217998   0.217998   0.217998   0.217998   0.217998   0.217998   0.217998   0.217998   0.217998   0.217998   0.217998   0.217998   0.217998   0.217998   0.217998   0.217998   0.217998   0.217998   0.217998   0.217998   0.217998   0.217998   0.217998 -0.0270023 -0.0270023 -0.0270023 -0.0270023 -0.0270023 -0.0270023 -0.0270023 -0.0270023 -0.0270023
        0         0         0         0         0         0         0         0         0         0         0         0         0         0         0         0         0         0         0         0         0         0         0         0         0         0         0         0         0         0 -0.272812 -0.272812 -0.272812 -0.272812 -0.272812 -0.272812 -0.272812 -0.272812 -0.272812 -0.272812 -0.272812 -0.272812 -0.272812 -0.272812 -0.272812 -0.272812 -0.272812 -0.272812 -0.272812 -0.272812 -0.272812 -0.272812 -0.272812 -0.272812 -0.272812 -0.272812 -0.272812 -0.272812 -0.272812 -0.272812 -0.027812 -0.027812 -0.027812 -0.027812 -0.027812 -0.027812 -0.027812 -0.027812 -0.027812 -0.027812 -0.027812 -0.027812 -0.027812 -0.027812 -0.027812 -0.027812 -0.027812 -0.027812 -0.027812 -0.027812 -0.027812 -0.027812 -0.027812 -0.027812 -0.027812 -0.027812 -0.027812 -0.027812 -0.027812 -0.027812 -0.272812 -0.272812 -0.272812 -0.272812 -0.272812 -0.272812 -0.272812 -0.272812 -0.272812 -0.272812
         0          0          0          0          0          0          0          0          0          0          0          0          0          0          0          0          0          0          0          0          0          0          0          0          0          0          0          0          0  -0.248477  -0.248477  -0.248477  -0.248477  -0.248477  -0.248477  -0.248477  -0.248477  -0.248477  -0.248477  -0.248477  -0.248477  -0.248477  -0.248477  -0.248477  -0.248477  -0.248477  -0.248477  -0.248477  -0.248477  -0.248477  -0.248477  -0.248477  -0.248477  -0.248477  -0.248477  -0.248477  -0.248477  -0.248477  -0.248477 -0.0034765 -0.0034765 -0.0034765 -0.0034765 -0.0034765 -0.0034765 -0.0034765 -0.0034765 -0.0034765 -0.0034765 -0.0034765 -0.0034765 -0.0034765 -0.0034765 -0.0034765 -0.0034765 -0.0034765 -0.0034765 -0.0034765 -0.0034765 -0.0034765 -0.0034765 -0.0034765 -0.0034765 -0.0034765 -0.0034765 -0.0034765 -0.0034765 -0.0034765 -0.0034765  -0.248477  -0.248477  -0.248477  -0.248477  -0.248477  -0.248477  -0.248477  -0.248477  -0.248477  -0.248477  -0.248477
     0      0      0      0      0      0      0      0      0      0      0      0      0      0      0      0      0      0      0      0      0      0      0      0      0      0      0      0 -0.245 -0.245 -0.245 -0.245 -0.245 -0.245 -0.245 -0.245 -0.245 -0.245 -0.245 -0.245 -0.245 -0.245 -0.245 -0.245 -0.245 -0.245 -0.245 -0.245 -0.245 -0.245 -0.245 -0.245 -0.245 -0.245 -0.245 -0.245 -0.245 -0.245      0      0      0      0      0      0      0      0      0      0      0      0      0      0      0      0      0      0      0      0      0      0      0      0      0      0      0      0      0      0 -0.245 -0.245 -0.245 -0.245 -0.245 -0.245 -0.245 -0.245 -0.245 -0.245 -0.245 -0.245
     0      0      0      0      0      0      0      0      0      0      0      0      0      0      0      0      0      0      0      0      0      0      0      0      0      0      0 -0.245 -0.245 -0.245 -0.245 -0.245 -0.245 -0.245 -0.245 -0.245 -0.245 -0.245 -0.245 -0.245 -0.245 -0.245 -0.245 -0.245 -0.245 -0.245 -0.245 -0.245 -0.245 -0.245 -0.245 -0.245 -0.245 -0.245 -0.245 -0.245 -0.245      0      0      0      0      0      0      0      0      0      0      0      0      0      0      0      0      0      0      0      0      0      0      0      0      0      0      0      0      0      0 -0.245 -0.245 -0.245 -0.245 -0.245 -0.245 -0.245 -0.245 -0.245 -0.245 -0.245 -0.245 -0.245
     0      0      0      0      0      0      0      0      0      0      0      0      0      0      0      0      0      0      0      0      0      0      0      0      0      0 -0.245 -0.245 -0.245 -0.245 -0.245 -0.245 -0.245 -0.245 -0.245 -0.245 -0.245 -0.245 -0.245 -0.245 -0.245 -0.245 -0.245 -0.245 -0.245 -0.245 -0.245 -0.245 -0.245 -0.245 -0.245 -0.245 -0.245 -0.245 -0.245 -0.245      0      0      0      0      0      0      0      0      0      0      0      0      0      0      0      0      0      0      0      0      0      0      0      0      0      0      0      0      0      0 -0.245 -0.245 -0.245 -0.245 -0.245 -0.245 -0.245 -0.245 -0.245 -0.245 -0.245 -0.245 -0.245 -0.245
     0      0      0      0      0      0      0      0      0      0      0      0      0      0      0      0      0      0      0      0      0      0      0      0      0 -0.245 -0.245 -0.245 -0.245 -0.245 -0.245 -0.245 -0.245 -0.245 -0.245 -0.245 -0.245 -0.245 -0.245 -0.245 -0.245 -0.245 -0.245 -0.245 -0.245 -0.245 -0.245 -0.245 -0.245 -0.245 -0.245 -0.245 -0.245 -0.245 -0.245      0      0      0      0      0      0      0      0      0      0      0      0      0      0      0      0      0      0      0      0      0      0      0      0      0      0      0      0      0      0 -0.245 -0.245 -0.245 -0.245 -0.245 -0.245 -0.245 -0.245 -0.245 -0.245 -0.245 -0.245 -0.245 -0.245 -0.245
     0      0      0      0      0      0      0      0      0      0      0      0      0      0      0      0      0      0      0      0      0      0      0      0 -0.245 -0.245 -0.245 -0.245 -0.245 -0.245 -0.245 -0.245 -0.245 -0.245 -0.245 -0.245 -0.245 -0.245 -0.245 -0.245 -0.245 -0.245 -0.245 -0.245 -0.245 -0.245 -0.245 -0.245 -0.245 -0.245 -0.245 -0.245 -0.245 -0.245      0      0      0      0      0      0      0      0      0      0      0      0      0      0      0      0      0      0      0      0      0      0      0      0      0      0      0      0      0      0 -0.245 -0.245 -0.245 -0.245 -0.245 -0.245 -0.245 -0.245 -0.245 -0.245 -0.245 -0.245 -0.245 -0.245 -0.245 -0.245
     0      0      0      0      0      0      0      0      0      0      0      0      0      0      0      0      0      0      0      0      0      0      0 -0.245 -0.245 -0.245 -0.245 -0.245 -0.245 -0.245 -0.245 -0.245 -0.245 -0.245 -0.245 -0.245 -0.245 -0.245 -0.245 -0.245 -0.245 -0.245 -0.245 -0.245 -0.245 -0.245 -0.245 -0.245 -0.245 -0.245 -0.245 -0.245 -0.245      0      0      0      0      0      0      0      0      0      0      0      0      0      0      0      0      0      0      0      0      0      0      0      0      0      0      0      0      0      0 -0.245 -0.245 -0.245 -0.245 -0.245 -0.245 -0.245 -0.245 -0.245 -0.245 -0.245 -0.245 -0.245 -0.245 -0.245 -0.245 -0.245
     0      0      0      0      0      0      0      0      0      0      0      0      0      0      0      0      0      0      0      0      0      0 -0.245 -0.245 -0.245 -0.245 -0.245 -0.245 -0.245 -0.245 -0.245 -0.245 -0.245 -0.245 -0.245 -0.245 -0.245 -0.245 -0.245 -0.245 -0.245 -0.245 -0.245 -0.245 -0.245 -0.245 -0.245 -0.245 -0.245 -0.245 -0.245 -0.245      0      0      0      0      0      0      0      0      0      0      0      0      0      0      0      0      0      0      0      0      0      0      0      0      0      0      0      0      0      0 -0.245 -0.245 -0.245 -0.245 -0.245 -0.245 -0.245 -0.245 -0.245 -0.245 -0.245 -0.245 -0.245 -0.245 -0.245 -0.245 -0.245 -0.245
     0      0      0      0      0      0      0      0      0      0      0      0      0      0      0      0      0      0      0      0      0 -0.245 -0.245 -0.245 -0.245 -0.245 -0.245 -0.245 -0.245 -0.245 -0.245 -0.245 -0.245 -0.245 -0.245 -0.245 -0.245 -0.245 -0.245 -0.245 -0.245 -0.245 -0.245 -0.245 -0.245 -0.245 -0.245 -0.245 -0.245 -0.245 -0.245      0      0      0      0      0      0      0      0      0      0      0      0      0      0      0      0      0      0      0      0      0      0      0      0      0      0      0      0      0      0 -0.245 -0.245 -0.245 -0.245 -0.245 -0.245 -0.245 -0.245 -0.245 -0.245 -0.245 -0.245 -0.245 -0.245 -0.245 -0.245 -0.245 -0.245 -0.245
     0      0      0      0      0      0      0      0      0      0      0      0      0      0      0      0      0      0      0      0 -0.245 -0.245 -0.245 -0.245 -0.245 -0.245 -0.245 -0.245 -0.245 -0.245 -0.245 -0.245 -0.245 -0.245 -0.245 -0.245 -0.245 -0.245 -0.245 -0.245 -0.245 -0.245 -0.245 -0.245 -0.245 -0.245 -0.245 -0.245 -0.245 -0.245      0      0      0      0      0      0      0      0      0      0      0      0      0      0      0      0      0      0      0      0      0      0      0      0      0      0      0      0      0      0 -0.245 -0.245 -0.245 -0.245 -0.245 -0.245 -0.245 -0.245 -0.245 -0.245 -0.245 -0.245 -0.245 -0.245 -0.245 -0.245 -0.245 -0.245 -0.245 -0.245
     0      0      0      0      0      0      0      0      0      0      0      0      0      0      0      0      0      0      0 -0.245 -0.245 -0.245 -0.245 -0.245 -0.245 -0.245 -0.245 -0.245 -0.245 -0.245 -0.245 -0.245 -0.245 -0.245 -0.245 -0.245 -0.245 -0.245 -0.245 -0.245 -0.245 -0.245 -0.245 -0.245 -0.245 -0.245 -0.245 -0.245 -0.245      0      0      0      0      0      0      0      0      0      0      0      0      0      0      0      0      0      0      0      0      0      0      0      0      0      0      0      0      0      0 -0.245 -0.245 -0.245 -0.245 -0.245 -0.245 -0.245 -0.245 -0.245 -0.245 -0.245 -0.245 -0.245 -0.245 -0.245 -0.245 -0.245 -0.245 -0.245 -0.245 -0.245
     0      0      0      0      0      0      0      0      0      0      0      0      0      0      0      0      0      0 -0.245 -0.245 -0.245 -0.245 -0.245 -0.245 -0.245 -0.245 -0.245 -0.245 -0.245 -0.245 -0.245 -0.245 -0.245 -0.245 -0.245 -0.245 -0.245 -0.245 -0.245 -0.245 -0.245 -0.245 -0.245 -0.245 -0.245 -0.245 -0.245 -0.245      0      0      0      0      0      0      0      0      0      0      0      0      0      0      0      0      0      0      0      0      0      0      0      0      0      0      0      0      0      0 -0.245 -0.245 -0.245 -0.245 -0.245 -0.245 -0.245 -0.245 -0.245 -0.245 -0.245 -0.245 -0.245 -0.245 -0.245 -0.245 -0.245 -0.245 -0.245 -0.245 -0.245 -0.245
     0      0      0      0      0      0      0      0      0      0      0      0      0      0      0      0      0 -0.245 -0.245 -0.245 -0.245 -0.245 -0.245 -0.245 -0.245 -0.245 -0.245 -0.245 -0.245 -0.245 -0.245 -0.245 -0.245 -0.245 -0.245 -0.245 -0.245 -0.245 -0.245 -0.245 -0.245 -0.245 -0.245 -0.245 -0.245 -0.245 -0.245      0      0      0      0      0      0      0      0      0      0      0      0      0      0      0      0      0      0      0      0      0      0      0      0      0      0      0      0      0      0 -0.245 -0.245 -0.245 -0.245 -0.245 -0.245 -0.245 -0.245 -0.245 -0.245 -0.245 -0.245 -0.245 -0.245 -0.245 -0.245 -0.245 -0.245 -0.245 -0.245 -0.245 -0.245 -0.245
     0      0      0      0      0      0      0      0      0      0      0      0      0      0      0      0 -0.245 -0.245 -0.245 -0.245 -0.245 -0.245 -0.245 -0.245 -0.245 -0.245 -0.245 -0.245 -0.245 -0.245 -0.245 -0.245 -0.245 -0.245 -0.245 -0.245 -0.245 -0.245 -0.245 -0.245 -0.245 -0.245 -0.245 -0.245 -0.245 -0.245      0      0      0      0      0      0      0      0      0      0      0      0      0      0      0      0      0      0      0      0      0      0      0      0      0      0      0      0      0      0 -0.245 -0.245 -0.245 -0.245 -0.245 -0.245 -0.245 -0.245 -0.245 -0.245 -0.245 -0.245 -0.245 -0.245 -0.245 -0.245 -0.245 -0.245 -0.245 -0.245 -0.245 -0.245 -0.245 -0.245
     0      0      0      0      0      0      0      0      0      0      0      0      0      0      0 -0.245 -0.245 -0.245 -0.245 -0.245 -0.245 -0.245 -0.245 -0.245 -0.245 -0.245 -0.245 -0.245 -0.245 -0.245 -0.245 -0.245 -0.245 -0.245 -0.245 -0.245 -0.245 -0.245 -0.245 -0.245 -0.245 -0.245 -0.245 -0.245 -0.245      0      0      0      0      0      0      0      0      0      0      0      0      0      0      0      0      0      0      0      0      0      0      0      0      0      0      0      0      0      0 -0.245 -0.245 -0.245 -0.245 -0.245 -0.245 -0.245 -0.245 -0.245 -0.245 -0.245 -0.245 -0.245 -0.245 -0.245 -0.245 -0.245 -0.245 -0.245 -0.245 -0.245 -0.245 -0.245 -0.245 -0.245
     0      0      0      0      0      0      0      0      0      0      0      0      0      0 -0.245 -0.245 -0.245 -0.245 -0.245 -0.245 -0.245 -0.245 -0.245 -0.245 -0.245 -0.245 -0.245 -0.245 -0.245 -0.245 -0.245 -0.245 -0.245 -0.245 -0.245 -0.245 -0.245 -0.245 -0.245 -0.245 -0.245 -0.245 -0.245 -0.245      0      0      0      0      0      0      0      0      0      0      0      0      0      0      0      0      0      0      0      0      0      0      0      0      0      0      0      0      0      0 -0.245 -0.245 -0.245 -0.245 -0.245 -0.245 -0.245 -0.245 -0.245 -0.245 -0.245 -0.245 -0.245 -0.245 -0.245 -0.245 -0.245 -0.245 -0.245 -0.245 -0.245 -0.245 -0.245 -0.245 -0.245 -0.245
     0      0      0      0      0      0      0      0      0      0      0      0      0 -0.245 -0.245 -0.245 -0.245 -0.245 -0.245 -0.245 -0.245 -0.245 -0.245 -0.245 -0.245 -0.245 -0.245 -0.245 -0.245 -0.245 -0.245 -0.245 -0.245 -0.245 -0.245 -0.245 -0.245 -0.245 -0.245 -0.245 -0.245 -0.245 -0.245      0      0      0      0      0      0      0      0      0      0      0      0      0      0      0      0      0      0      0      0      0      0      0      0      0      0      0      0      0      0 -0.245 -0.245 -0.245 -0.245 -0.245 -0.245 -0.245 -0.245 -0.245 -0.245 -0.245 -0.245 -0.245 -0.245 -0.245 -0.245 -0.245 -0.245 -0.245 -0.245 -0.245 -0.245 -0.245 -0.245 -0.245 -0.245 -0.245
     0      0      0      0      0      0      0      0      0      0      0      0 -0.245 -0.245 -0.245 -0.245 -0.245 -0.245 -0.245 -0.245 -0.245 -0.245 -0.245 -0.245 -0.245 -0.245 -0.245 -0.245 -0.245 -0.245 -0.245 -0.245 -0.245 -0.245 -0.245 -0.245 -0.245 -0.245 -0.245 -0.245 -0.245 -0.245      0      0      0      0      0      0      0      0      0      0      0      0      0      0      0      0      0      0      0      0      0      0      0      0      0      0      0      0      0      0 -0.245 -0.245 -0.245 -0.245 -0.245 -0.245 -0.245 -0.245 -0.245 -0.245 -0.245 -0.245 -0.245 -0.245 -0.245 -0.245 -0.245 -0.245 -0.245 -0.245 -0.245 -0.245 -0.245 -0.245 -0.245 -0.245 -0.245 -0.245
     0      0      0      0      0      0      0      0      0      0      0 -0.245 -0.245 -0.245 -0.245 -0.245 -0.245 -0.245 -0.245 -0.245 -0.245 -0.245 -0.245 -0.245 -0.245 -0.245 -0.245 -0.245 -0.245 -0.245 -0.245 -0.245 -0.245 -0.245 -0.245 -0.245 -0.245 -0.245 -0.245 -0.245 -0.245      0      0      0      0      0      0      0      0      0      0      0      0      0      0      0      0      0      0      0      0      0      0      0      0      0      0      0      0      0      0 -0.245 -0.245 -0.245 -0.245 -0.245 -0.245 -0.245 -0.245 -0.245 -0.245 -0.245 -0.245 -0.245 -0.245 -0.245 -0.245 -0.245 -0.245 -0.245 -0.245 -0.245 -0.245 -0.245 -0.245 -0.245 -0.245 -0.245 -0.245 -0.245
     0      0      0      0      0      0      0      0      0      0 -0.245 -0.245 -0.245 -0.245 -0.245 -0.245 -0.245 -0.245 -0.245 -0.245 -0.245 -0.245 -0.245 -0.245 -0.245 -0.245 -0.245 -0.245 -0.245 -0.245 -0.245 -0.245 -0.245 -0.245 -0.245 -0.245 -0.245 -0.245 -0.245 -0.245      0      0      0      0      0      0      0      0      0      0      0      0      0      0      0      0      0      0      0      0      0      0      0      0      0      0      0      0      0      0 -0.245 -0.245 -0.245 -0.245 -0.245 -0.245 -0.245 -0.245 -0.245 -0.245 -0.245 -0.245 -0.245 -0.245 -0.245 -0.245 -0.245 -0.245 -0.245 -0.245 -0.245 -0.245 -0.245 -0.245 -0.245 -0.245 -0.245 -0.245 -0.245 -0.245
     0      0      0      0      0      0      0      0      0 -0.245 -0.245 -0.245 -0.245 -0.245 -0.245 -0.245 -0.245 -0.245 -0.245 -0.245 -0.245 -0.245 -0.245 -0.245 -0.245 -0.245 -0.245 -0.245 -0.245 -0.245 -0.245 -0.245 -0.245 -0.245 -0.245 -0.245 -0.245 -0.245 -0.245      0      0      0      0      0      0      0      0      0      0      0      0      0      0      0      0      0      0      0      0      0      0      0      0      0      0      0      0      0      0 -0.245 -0.245 -0.245 -0.245 -0.245 -0.245 -0.245 -0.245 -0.245 -0.245 -0.245 -0.245 -0.245 -0.245 -0.245 -0.245 -0.245 -0.245 -0.245 -0.245 -0.245 -0.245 -0.245 -0.245 -0.245 -0.245 -0.245 -0.245 -0.245 -0.245      0
     0      0      0      0      0      0      0      0 -0.245 -0.245 -0.245 -0.245 -0.245 -0.245 -0.245 -0.245 -0.245 -0.245 -0.245 -0.245 -0.245 -0.245 -0.245 -0.245 -0.245 -0.245 -0.245 -0.245 -0.245 -0.245 -0.245 -0.245 -0.245 -0.245 -0.245 -0.245 -0.245 -0.245      0      0      0      0      0      0      0      0      0      0      0      0      0      0      0      0      0      0      0      0      0      0      0      0      0      0      0      0      0      0 -0.245 -0.245 -0.245 -0.245 -0.245 -0.245 -0.245 -0.245 -0.245 -0.245 -0.245 -0.245 -0.245 -0.245 -0.245 -0.245 -0.245 -0.245 -0.245 -0.245 -0.245 -0.245 -0.245 -0.245 -0.245 -0.245 -0.245 -0.245 -0.245 -0.245      0      0
     0      0      0      0      0      0      0 -0.245 -0.245 -0.245 -0.245 -0.245 -0.245 -0.245 -0.245 -0.245 -0.245 -0.245 -0.245 -0.245 -0.245 -0.245 -0.245 -0.245 -0.245 -0.245 -0.245 -0.245 -0.245 -0.245 -0.245 -0.245 -0.245 -0.245 -0.245 -0.245 -0.245      0      0      0      0      0      0      0      0      0      0      0      0      0      0      0      0      0      0      0      0      0      0      0      0      0      0      0      0      0      0 -0.245 -0.245 -0.245 -0.245 -0.245 -0.245 -0.245 -0.245 -0.245 -0.245 -0.245 -0.245 -0.245 -0.245 -0.245 -0.245 -0.245 -0.245 -0.245 -0.245 -0.245 -0.245 -0.245 -0.245 -0.245 -0.245 -0.245 -0.245 -0.245 -0.245      0      0      0
     0      0      0      0      0      0 -0.245 -0.245 -0.245 -0.245 -0.245 -0.245 -0.245 -0.245 -0.245 -0.245 -0.245 -0.245 -0.245 -0.245 -0.245 -0.245 -0.245 -0.245 -0.245 -0.245 -0.245 -0.245 -0.245 -0.245 -0.245 -0.245 -0.245 -0.245 -0.245 -0.245      0      0      0      0      0      0      0      0      0      0      0      0      0      0      0      0      0      0      0      0      0      0      0      0      0      0      0      0      0      0 -0.245 -0.245 -0.245 -0.245 -0.245 -0.245 -0.245 -0.245 -0.245 -0.245 -0.245 -0.245 -0.245 -0.245 -0.245 -0.245 -0.245 -0.245 -0.245 -0.245 -0.245 -0.245 -0.245 -0.245 -0.245 -0.245 -0.245 -0.245 -0.245 -0.245      0      0      0      0
     0      0      0      0      0 -0.245 -0.245 -0.245 -0.245 -0.245 -0.245 -0.245 -0.245 -0.245 -0.245 -0.245 -0.245 -0.245 -0.245 -0.245 -0.245 -0.245 -0.245 -0.245 -0.245 -0.245 -0.245 -0.245 -0.245 -0.245 -0.245 -0.245 -0.245 -0.245 -0.245      0      0      0      0      0      0      0      0      0      0      0      0      0      0      0      0      0      0      0      0      0      0      0      0      0      0      0      0      0      0 -0.245 -0.245 -0.245 -0.245 -0.245 -0.245 -0.245 -0.245 -0.245 -0.245 -0.245 -0.245 -0.245 -0.245 -0.245 -0.245 -0.245 -0.245 -0.245 -0.245 -0.245 -0.245 -0.245 -0.245 -0.245 -0.245 -0.245 -0.245 -0.245 -0.245      0      0      0      0      0
     0      0      0      0 -0.245 -0.245 -0.245 -0.245 -0.245 -0.245 -0.245 -0.245 -0.245 -0.245 -0.245 -0.245 -0.245 -0.245 -0.245 -0.245 -0.245 -0.245 -0.245 -0.245 -0.245 -0.245 -0.245 -0.245 -0.245 -0.245 -0.245 -0.245 -0.245 -0.245      0      0      0      0      0      0      0      0      0      0      0      0      0      0      0      0      0      0      0      0      0      0      0      0      0      0      0      0      0      0 -0.245 -0.245 -0.245 -0.245 -0.245 -0.245 -0.245 -0.245 -0.245 -0.245 -0.245 -0.245 -0.245 -0.245 -0.245 -0.245 -0.245 -0.245 -0.245 -0.245 -0.245 -0.245 -0.245 -0.245 -0.245 -0.245 -0.245 -0.245 -0.245 -0.245      0      0      0      0      0      0
     0      0      0 -0.245 -0.245 -0.245 -0.245 -0.245 -0.245 -0.245 -0.245 -0.245 -0.245 -0.245 -0.245 -0.245 -0.245 -0.245 -0.245 -0.245 -0.245 -0.245 -0.245 -0.245 -0.245 -0.245 -0.245 -0.245 -0.245 -0.245 -0.245 -0.245 -0.245      0      0      0      0      0      0      0      0      0      0      0      0      0      0      0      0      0      0      0      0      0      0      0      0      0      0      0      0      0      0 -0.245 -0.245 -0.245 -0.245 -0.245 -0.245 -0.245 -0.245 -0.245 -0.245 -0.245 -0.245 -0.245 -0.245 -0.245 -0.245 -0.245 -0.245 -0.245 -0.245 -0.245 -0.245 -0.245 -0.245 -0.245 -0.245 -0.245 -0.245 -0.245 -0.245      0      0      0      0      0      0      0
     0      0 -0.245 -0.245 -0.245 -0.245 -0.245 -0.245 -0.245 -0.245 -0.245 -0.245 -0.245 -0.245 -0.245 -0.245 -0.245 -0.245 -0.245 -0.245 -0.245 -0.245 -0.245 -0.245 -0.245 -0.245 -0.245 -0.245 -0.245 -0.245 -0.245 -0.245      0      0      0      0      0      0      0      0      0      0      0      0      0      0      0      0      0      0      0      0      0      0      0      0      0      0      0      0      0      0 -0.245 -0.245 -0.245 -0.245 -0.245 -0.245 -0.245 -0.245 -0.245 -0.245 -0.245 -0.245 -0.245 -0.245 -0.245 -0.245 -0.245 -0.245 -0.245 -0.245 -0.245 -0.245 -0.245 -0.245 -0.245 -0.245 -0.245 -0.245 -0.245 -0.245      0      0      0      0      0      0      0      0
     0 -0.245 -0.245 -0.245 -0.245 -0.245 -0.245 -0.245 -0.245 -0.245 -0.245 -0.245 -0.245 -0.245 -0.245 -0.245 -0.245 -0.245 -0.245 -0.245 -0.245 -0.245 -0.245 -0.245 -0.245 -0.245 -0.245 -0.245 -0.245 -0.245 -0.245      0      0      0      0      0      0      0      0      0      0      0      0      0      0      0      0      0      0      0      0      0      0      0      0      0      0      0      0      0      0 -0.245 -0.245 -0.245 -0.245 -0.245 -0.245 -0.245 -0.245 -0.245 -0.245 -0.245 -0.245 -0.245 -0.245 -0.245 -0.245 -0.245 -0.245 -0.245 -0.245 -0.245 -0.245 -0.245 -0.245 -0.245 -0.245 -0.245 -0.245 -0.245 -0.245      0      0      0      0      0      0      0      0      0
    0     0     0     0     0     0     0     0     0     0     0     0     0     0     0     0     0     0     0     0     0     0     0     0     0     0     0     0     0     0 0.245 0.245 0.245 0.245 0.245 0.245 0.245 0.245 0.245 0.245 0.245 0.245 0.245 0.245 0.245 0.245 0.245 0.245 0.245 0.245 0.245 0.245 0.245 0.245 0.245 0.245 0.245 0.245 0.245 0.245     0     0     0     0     0     0     0     0     0     0     0     0     0     0     0     0     0     0     0     0     0     0     0     0     0     0     0     0     0     0 0.245 0.245 0.245 0.245 0.245 0.245 0.245 0.245 0.245 0.245
          0           0           0           0           0           0           0           0           0           0           0           0           0           0           0           0           0           0           0           0           0           0           0           0           0           0           0           0           0    0.245283    0.245283    0.245283    0.245283    0.245283    0.245283    0.245283    0.245283    0.245283    0.245283    0.245283    0.245283    0.245283    0.245283    0.245283    0.245283    0.245283    0.245283    0.245283    0.245283    0.245283    0.245283    0.245283    0.245283    0.245283    0.245283    0.245283    0.245283    0.245283    0.245283 0.000282546 0.000282546 0.000282546 0.000282546 0.000282546 0.000282546 0.000282546 0.000282546 0.000282546 0.000282546 0.000282546 0.000282546 0.000282546 0.000282546 0.000282546 0.000282546 0.000282546 0.000282546 0.000282546 0.000282546 0.000282546 0.000282546 0.000282546 0.000282546 0.000282546 0.000282546 0.000282546 0.000282546 0.000282546 0.000282546    0.245283    0.245283    0.245283    0.245283    0.245283    0.245283    0.245283    0.245283    0.245283    0.245283    0.245283
          0           0           0           0           0           0           0           0           0           0           0           0           0           0           0           0           0           0           0           0           0           0           0           0           0           0           0           0    0.245334    0.245334    0.245334    0.245334    0.245334    0.245334    0.245334    0.245334    0.245334    0.245334    0.245334    0.245334    0.245334    0.245334    0.245334    0.245334    0.245334    0.245334    0.245334    0.245334    0.245334    0.245334    0.245334    0.245334    0.245334    0.245334    0.245334    0.245334    0.245334    0.245334 0.000334082 0.000334082 0.000334082 0.000334082 0.000334082 0.000334082 0.000334082 0.000334082 0.000334082 0.000334082 0.000334082 0.000334082 0.000334082 0.000334082 0.000334082 0.000334082 0.000334082 0.000334082 0.000334082 0.000334082 0.000334082 0.000334082 0.000334082 0.000334082 0.000334082 0.000334082 0.000334082 0.000334082 0.000334082 0.000334082    0.245334    0.245334    0.245334    0.245334    0.245334    0.245334    0.245334    0.245334    0.245334    0.245334    0.245334    0.245334
          0           0           0           0           0           0           0           0           0           0           0           0           0           0           0           0           0           0           0           0           0           0           0           0           0           0           0    0.245328    0.245328    0.245328    0.245328    0.245328    0.245328    0.245328    0.245328    0.245328    0.245328    0.245328    0.245328    0.245328    0.245328    0.245328    0.245328    0.245328    0.245328    0.245328    0.245328    0.245328    0.245328    0.245328    0.245328    0.245328    0.245328    0.245328    0.245328    0.245328    0.245328 0.000327797 0.000327797 0.000327797 0.000327797 0.000327797 0.000327797 0.000327797 0.000327797 0.000327797 0.000327797 0.000327797 0.000327797 0.000327797 0.000327797 0.000327797 0.000327797 0.000327797 0.000327797 0.000327797 0.000327797 0.000327797 0.000327797 0.000327797 0.000327797 0.000327797 0.000327797 0.000327797 0.000327797 0.000327797 0.000327797    0.245328    0.245328    0.245328    0.245328    0.245328    0.245328    0.245328    0.245328    0.245328    0.245328    0.245328    0.245328    0.245328
          0           0           0           0           0           0           0           0           0           0           0           0           0           0           0           0           0           0           0           0           0           0           0           0           0           0    0.245313    0.245313    0.245313    0.245313    0.245313    0.245313    0.245313    0.245313    0.245313    0.245313    0.245313    0.245313    0.245313    0.245313    0.245313    0.245313    0.245313    0.245313    0.245313    0.245313    0.245313    0.245313    0.245313    0.245313    0.245313    0.245313    0.245313    0.245313    0.245313    0.245313 0.000313394 0.000313394 0.000313394 0.000313394 0.000313394 0.000313394 0.000313394 0.000313394 0.000313394 0.000313394 0.000313394 0.000313394 0.000313394 0.000313394 0.000313394 0.000313394 0.000313394 0.000313394 0.000313394 0.000313394 0.000313394 0.000313394 0.000313394 0.000313394 0.000313394 0.000313394 0.000313394 0.000313394 0.000313394 0.000313394    0.245313    0.245313    0.245313    0.245313    0.245313    0.245313    0.245313    0.245313    0.245313    0.245313    0.245313    0.245313    0.245313    0.245313
          0           0           0           0           0           0           0           0           0           0           0           0           0           0           0           0           0           0           0           0           0           0           0           0           0      0.2453      0.2453      0.2453      0.2453      0.2453      0.2453      0.2453      0.2453      0.2453      0.2453      0.2453      0.2453      0.2453      0.2453      0.2453      0.2453      0.2453      0.2453      0.2453      0.2453      0.2453      0.2453      0.2453      0.2453      0.2453      0.2453      0.2453      0.2453      0.2453      0.2453 0.000300185 0.000300185 0.000300185 0.000300185 0.000300185 0.000300185 0.000300185 0.000300185 0.000300185 0.000300185 0.000300185 0.000300185 0.000300185 0.000300185 0.000300185 0.000300185 0.000300185 0.000300185 0.000300185 0.000300185 0.000300185 0.000300185 0.000300185 0.000300185 0.000300185 0.000300185 0.000300185 0.000300185 0.000300185 0.000300185      0.2453      0.2453      0.2453      0.2453      0.2453      0.2453      0.2453      0.2453      0.2453      0.2453      0.2453      0.2453      0.2453      0.2453      0.2453
          0           0           0           0           0           0           0           0           0           0           0           0           0           0           0           0           0           0           0           0           0           0           0           0    0.245285    0.245285    0.245285    0.245285    0.245285    0.245285    0.245285    0.245285    0.245285    0.245285    0.245285    0.245285    0.245285    0.245285    0.245285    0.245285    0.245285    0.245285    0.245285    0.245285    0.245285    0.245285    0.245285    0.245285    0.245285    0.245285    0.245285    0.245285    0.245285    0.245285 0.000285413 0.000285413 0.000285413 0.000285413 0.000285413 0.000285413 0.000285413 0.000285413 0.000285413 0.000285413 0.000285413 0.000285413 0.000285413 0.000285413 0.000285413 0.000285413 0.000285413 0.000285413 0.000285413 0.000285413 0.000285413 0.000285413 0.000285413 0.000285413 0.000285413 0.000285413 0.000285413 0.000285413 0.000285413 0.000285413    0.245285    0.245285    0.245285    0.245285    0.245285    0.245285    0.245285    0.245285    0.245285    0.245285    0.245285    0.245285    0.245285    0.245285    0.245285    0.245285
          0           0           0           0           0           0           0           0           0           0           0           0           0           0           0           0           0           0           0           0           0           0           0    0.245274    0.245274    0.245274    0.245274    0.245274    0.245274    0.245274    0.245274    0.245274    0.245274    0.245274    0.245274    0.245274    0.245274    0.245274    0.245274    0.245274    0.245274    0.245274    0.245274    0.245274    0.245274    0.245274    0.245274    0.245274    0.245274    0.245274    0.245274    0.245274    0.245274 0.000273714 0.000273714 0.000273714 0.000273714 0.000273714 0.000273714 0.000273714 0.000273714 0.000273714 0.000273714 0.000273714 0.000273714 0.000273714 0.000273714 0.000273714 0.000273714 0.000273714 0.000273714 0.000273714 0.000273714 0.000273714 0.000273714 0.000273714 0.000273714 0.000273714 0.000273714 0.000273714 0.000273714 0.000273714 0.000273714    0.245274    0.245274    0.245274    0.245274    0.245274    0.245274    0.245274    0.245274    0.245274    0.245274    0.245274    0.245274    0.245274    0.245274    0.245274    0.245274    0.245274
          0           0           0           0           0           0           0           0           0           0           0           0           0           0           0           0           0           0           0           0           0           0     0.24527     0.24527     0.24527     0.24527     0.24527     0.24527     0.24527     0.24527     0.24527     0.24527     0.24527     0.24527     0.24527     0.24527     0.24527     0.24527     0.24527     0.24527     0.24527     0.24527     0.24527     0.24527     0.24527     0.24527     0.24527     0.24527     0.24527     0.24527     0.24527     0.24527 0.000270407 0.000270407 0.000270407 0.000270407 0.000270407 0.000270407 0.000270407 0.000270407 0.000270407 0.000270407 0.000270407 0.000270407 0.000270407 0.000270407 0.000270407 0.000270407 0.000270407 0.000270407 0.000270407 0.000270407 0.000270407 0.000270407 0.000270407 0.000270407 0.000270407 0.000270407 0.000270407 0.000270407 0.000270407 0.000270407     0.24527     0.24527     0.24527     0.24527     0.24527     0.24527     0.24527     0.24527     0.24527     0.24527     0.24527     0.24527     0.24527     0.24527     0.24527     0.24527     0.24527     0.24527
          0           0           0           0           0           0           0           0           0           0           0           0           0           0           0           0           0           0           0           0           0    0.245273    0.245273    0.245273    0.245273    0.245273    0.245273    0.245273    0.245273    0.245273    0.245273    0.245273    0.245273    0.245273    0.245273    0.245273    0.245273    0.245273    0.245273    0.245273    0.245273    0.245273    0.245273    0.245273    0.245273    0.245273    0.245273    0.245273    0.245273    0.245273    0.245273 0.000273408 0.000273408 0.000273408 0.000273408 0.000273408 0.000273408 0.000273408 0.000273408 0.000273408 0.000273408 0.000273408 0.000273408 0.000273408 0.000273408 0.000273408 0.000273408 0.000273408 0.000273408 0.000273408 0.000273408 0.000273408 0.000273408 0.000273408 0.000273408 0.000273408 0.000273408 0.000273408 0.000273408 0.000273408 0.000273408    0.245273    0.245273    0.245273    0.245273    0.245273    0.245273    0.245273    0.245273    0.245273    0.245273    0.245273    0.245273    0.245273    0.245273    0.245273    0.245273    0.245273    0.245273    0.245273
          0           0           0           0           0           0           0           0           0           0           0           0           0           0           0           0           0           0           0           0    0.245273    0.245273    0.245273    0.245273    0.245273    0.245273    0.245273    0.245273    0.245273    0.245273    0.245273    0.245273    0.245273    0.245273    0.245273    0.245273    0.245273    0.245273    0.245273    0.245273    0.245273    0.245273    0.245273    0.245273    0.245273    0.245273    0.245273    0.245273    0.245273    0.245273 0.000273439 0.000273439 0.000273439 0.000273439 0.000273439 0.000273439 0.000273439 0.000273439 0.000273439 0.000273439 0.000273439 0.000273439 0.000273439 0.000273439 0.000273439 0.000273439 0.000273439 0.000273439 0.000273439 0.000273439 0.000273439 0.000273439 0.000273439 0.000273439 0.000273439 0.000273439 0.000273439 0.000273439 0.000273439 0.000273439    0.245273    0.245273    0.245273    0.245273    0.245273    0.245273    0.245273    0.245273    0.245273    0.245273    0.245273    0.245273    0.245273    0.245273    0.245273    0.245273    0.245273    0.245273    0.245273    0.245273
          0           0           0           0           0           0           0           0           0           0           0           0           0           0           0           0           0           0           0    0.245276    0.245276    0.245276    0.245276    0.245276    0.245276    0.245276    0.245276    0.245276    0.245276    0.245276    0.245276    0.245276    0.245276    0.245276    0.245276    0.245276    0.245276    0.245276    0.245276    0.245276    0.245276    0.245276    0.245276    0.245276    0.245276    0.245276    0.245276    0.245276    0.245276 0.000275945 0.000275945 0.000275945 0.000275945 0.000275945 0.000275945 0.000275945 0.000275945 0.000275945 0.000275945 0.000275945 0.000275945 0.000275945 0.000275945 0.000275945 0.000275945 0.000275945 0.000275945 0.000275945 0.000275945 0.000275945 0.000275945 0.000275945 0.000275945 0.000275945 0.000275945 0.000275945 0.000275945 0.000275945 0.000275945    0.245276    0.245276    0.245276    0.245276    0.245276    0.245276    0.245276    0.245276    0.245276    0.245276    0.245276    0.245276    0.245276    0.245276    0.245276    0.245276    0.245276    0.245276    0.245276    0.245276    0.245276
          0           0           0           0           0           0           0           0           0           0           0           0           0           0           0           0           0           0      0.2451      0.2451      0.2451      0.2451      0.2451      0.2451      0.2451      0.2451      0.2451      0.2451      0.2451      0.2451      0.2451      0.2451      0.2451      0.2451      0.2451      0.2451      0.2451      0.2451      0.2451      0.2451      0.2451      0.2451      0.2451      0.2451      0.2451      0.2451      0.2451      0.2451 9.96554e-05 9.96554e-05 9.96554e-05 9.96554e-05 9.96554e-05 9.96554e-05 9.96554e-05 9.96554e-05 9.96554e-05 9.96554e-05 9.96554e-05 9.96554e-05 9.96554e-05 9.96554e-05 9.96554e-05 9.96554e-05 9.96554e-05 9.96554e-05 9.96554e-05 9.96554e-05 9.96554e-05 9.96554e-05 9.96554e-05 9.96554e-05 9.96554e-05 9.96554e-05 9.96554e-05 9.96554e-05 9.96554e-05 9.96554e-05      0.2451      0.2451      0.2451      0.2451      0.2451      0.2451      0.2451      0.2451      0.2451      0.2451      0.2451      0.2451      0.2451      0.2451      0.2451      0.2451      0.2451      0.2451      0.2451      0.2451      0.2451      0.2451
           0            0            0            0            0            0            0            0            0            0            0            0            0            0            0            0            0     0.244847     0.244847     0.244847     0.244847     0.244847     0.244847     0.244847     0.244847     0.244847     0.244847     0.244847     0.244847     0.244847     0.244847     0.244847     0.244847     0.244847     0.244847     0.244847     0.244847     0.244847     0.244847     0.244847     0.244847     0.244847     0.244847     0.244847     0.244847     0.244847     0.244847 -0.000152506 -0.000152506 -0.000152506 -0.000152506 -0.000152506 -0.000152506 -0.000152506 -0.000152506 -0.000152506 -0.000152506 -0.000152506 -0.000152506 -0.000152506 -0.000152506 -0.000152506 -0.000152506 -0.000152506 -0.000152506 -0.000152506 -0.000152506 -0.000152506 -0.000152506 -0.000152506 -0.000152506 -0.000152506 -0.000152506 -0.000152506 -0.000152506 -0.000152506 -0.000152506     0.244847     0.244847     0.244847     0.244847     0.244847     0.244847     0.244847     0.244847     0.244847     0.244847     0.244847     0.244847     0.244847     0.244847     0.244847     0.244847     0.244847     0.244847     0.244847     0.244847     0.244847     0.244847     0.244847
           0            0            0            0            0            0            0            0            0            0            0            0            0            0            0            0     0.244531     0.244531     0.244531     0.244531     0.244531     0.244531     0.244531     0.244531     0.244531     0.244531     0.244531     0.244531     0.244531     0.244531     0.244531     0.244531     0.244531     0.244531     0.244531     0.244531     0.244531     0.244531     0.244531     0.244531     0.244531     0.244531     0.244531     0.244531     0.244531     0.244531 -0.000469468 -0.000469468 -0.000469468 -0.000469468 -0.000469468 -0.000469468 -0.000469468 -0.000469468 -0.000469468 -0.000469468 -0.000469468 -0.000469468 -0.000469468 -0.000469468 -0.000469468 -0.000469468 -0.000469468 -0.000469468 -0.000469468 -0.000469468 -0.000469468 -0.000469468 -0.000469468 -0.000469468 -0.000469468 -0.000469468 -0.000469468 -0.000469468 -0.000469468 -0.000469468     0.244531     0.244531     0.244531     0.244531     0.244531     0.244531     0.244531     0.244531     0.244531     0.244531     0.244531     0.244531     0.244531     0.244531     0.244531     0.244531     0.244531     0.244531     0.244531     0.244531     0.244531     0.244531     0.244531     0.244531
           0            0            0            0            0            0            0            0            0            0            0            0            0            0            0     0.244122     0.244122     0.244122     0.244122     0.244122     0.244122     0.244122     0.244122     0.244122     0.244122     0.244122     0.244122     0.244122     0.244122     0.244122     0.244122     0.244122     0.244122     0.244122     0.244122     0.244122     0.244122     0.244122     0.244122     0.244122     0.244122     0.244122     0.244122     0.244122     0.244122 -0.000878492 -0.000878492 -0.000878492 -0.000878492 -0.000878492 -0.000878492 -0.000878492 -0.000878492 -0.000878492 -0.000878492 -0.000878492 -0.000878492 -0.000878492 -0.000878492 -0.000878492 -0.000878492 -0.000878492 -0.000878492 -0.000878492 -0.000878492 -0.000878492 -0.000878492 -0.000878492 -0.000878492 -0.000878492 -0.000878492 -0.000878492 -0.000878492 -0.000878492 -0.000878492     0.244122     0.244122     0.244122     0.244122     0.244122     0.244122     0.244122     0.244122     0.244122     0.244122     0.244122     0.244122     0.244122     0.244122     0.244122     0.244122     0.244122     0.244122     0.244122     0.244122     0.244122     0.244122     0.244122     0.244122     0.244122
          0           0           0           0           0           0           0           0           0           0           0           0           0           0    0.243598    0.243598    0.243598    0.243598    0.243598    0.243598    0.243598    0.243598    0.243598    0.243598    0.243598    0.243598    0.243598    0.243598    0.243598    0.243598    0.243598    0.243598    0.243598    0.243598    0.243598    0.243598    0.243598    0.243598    0.243598    0.243598    0.243598    0.243598    0.243598    0.243598 -0.00140223 -0.00140223 -0.00140223 -0.00140223 -0.00140223 -0.00140223 -0.00140223 -0.00140223 -0.00140223 -0.00140223 -0.00140223 -0.00140223 -0.00140223 -0.00140223 -0.00140223 -0.00140223 -0.00140223 -0.00140223 -0.00140223 -0.00140223 -0.00140223 -0.00140223 -0.00140223 -0.00140223 -0.00140223 -0.00140223 -0.00140223 -0.00140223 -0.00140223 -0.00140223    0.243598    0.243598    0.243598    0.243598    0.243598    0.243598    0.243598    0.243598    0.243598    0.243598    0.243598    0.243598    0.243598    0.243598    0.243598    0.243598    0.243598    0.243598    0.243598    0.243598    0.243598    0.243598    0.243598    0.243598    0.243598    0.243598
          0           0           0           0           0           0           0           0           0           0           0           0           0    0.242909    0.242909    0.242909    0.242909    0.242909    0.242909    0.242909    0.242909    0.242909    0.242909    0.242909    0.242909    0.242909    0.242909    0.242909    0.242909    0.242909    0.242909    0.242909    0.242909    0.242909    0.242909    0.242909    0.242909    0.242909    0.242909    0.242909    0.242909    0.242909    0.242909 -0.00209059 -0.00209059 -0.00209059 -0.00209059 -0.00209059 -0.00209059 -0.00209059 -0.00209059 -0.00209059 -0.00209059 -0.00209059 -0.00209059 -0.00209059 -0.00209059 -0.00209059 -0.00209059 -0.00209059 -0.00209059 -0.00209059 -0.00209059 -0.00209059 -0.00209059 -0.00209059 -0.00209059 -0.00209059 -0.00209059 -0.00209059 -0.00209059 -0.00209059 -0.00209059    0.242909    0.242909    0.242909    0.242909    0.242909    0.242909    0.242909    0.242909    0.242909    0.242909    0.242909    0.242909    0.242909    0.242909    0.242909    0.242909    0.242909    0.242909    0.242909    0.242909    0.242909    0.242909    0.242909    0.242909    0.242909    0.242909    0.242909
          0           0           0           0           0           0           0           0           0           0           0           0    0.242101    0.242101    0.242101    0.242101    0.242101    0.242101    0.242101    0.242101    0.242101    0.242101    0.242101    0.242101    0.242101    0.242101    0.242101    0.242101    0.242101    0.242101    0.242101    0.242101    0.242101    0.242101    0.242101    0.242101    0.242101    0.242101    0.242101    0.242101    0.242101    0.242101 -0.00289941 -0.00289941 -0.00289941 -0.00289941 -0.00289941 -0.00289941 -0.00289941 -0.00289941 -0.00289941 -0.00289941 -0.00289941 -0.00289941 -0.00289941 -0.00289941 -0.00289941 -0.00289941 -0.00289941 -0.00289941 -0.00289941 -0.00289941 -0.00289941 -0.00289941 -0.00289941 -0.00289941 -0.00289941 -0.00289941 -0.00289941 -0.00289941 -0.00289941 -0.00289941    0.242101    0.242101    0.242101    0.242101    0.242101    0.242101    0.242101    0.242101    0.242101    0.242101    0.242101    0.242101    0.242101    0.242101    0.242101    0.242101    0.242101    0.242101    0.242101    0.242101    0.242101    0.242101    0.242101    0.242101    0.242101    0.242101    0.242101    0.242101
          0           0           0           0           0           0           0           0           0           0           0    0.241013    0.241013    0.241013    0.241013    0.241013    0.241013    0.241013    0.241013    0.241013    0.241013    0.241013    0.241013    0.241013    0.241013    0.241013    0.241013    0.241013    0.241013    0.241013    0.241013    0.241013    0.241013    0.241013    0.241013    0.241013    0.241013    0.241013    0.241013    0.241013    0.241013 -0.00398668 -0.00398668 -0.00398668 -0.00398668 -0.00398668 -0.00398668 -0.00398668 -0.00398668 -0.00398668 -0.00398668 -0.00398668 -0.00398668 -0.00398668 -0.00398668 -0.00398668 -0.00398668 -0.00398668 -0.00398668 -0.00398668 -0.00398668 -0.00398668 -0.00398668 -0.00398668 -0.00398668 -0.00398668 -0.00398668 -0.00398668 -0.00398668 -0.00398668 -0.00398668    0.241013    0.241013    0.241013    0.241013    0.241013    0.241013    0.241013    0.241013    0.241013    0.241013    0.241013    0.241013    0.241013    0.241013    0.241013    0.241013    0.241013    0.241013    0.241013    0.241013    0.241013    0.241013    0.241013    0.241013    0.241013    0.241013    0.241013    0.241013    0.241013
         0          0          0          0          0          0          0          0          0          0   0.239697   0.239697   0.239697   0.239697   0.239697   0.239697   0.239697   0.239697   0.239697   0.239697   0.239697   0.239697   0.239697   0.239697   0.239697   0.239697   0.239697   0.239697   0.239697   0.239697   0.239697   0.239697   0.239697   0.239697   0.239697   0.239697   0.239697   0.239697   0.239697   0.239697 -0.0053032 -0.0053032 -0.0053032 -0.0053032 -0.0053032 -0.0053032 -0.0053032 -0.0053032 -0.0053032 -0.0053032 -0.0053032 -0.0053032 -0.0053032 -0.0053032 -0.0053032 -0.0053032 -0.0053032 -0.0053032 -0.0053032 -0.0053032 -0.0053032 -0.0053032 -0.0053032 -0.0053032 -0.0053032 -0.0053032 -0.0053032 -0.0053032 -0.0053032 -0.0053032   0.239697   0.239697   0.239697   0.239697   0.239697   0.239697   0.239697   0.239697   0.239697   0.239697   0.239697   0.239697   0.239697   0.239697   0.239697   0.239697   0.239697   0.239697   0.239697   0.239697   0.239697   0.239697   0.239697   0.239697   0.239697   0.239697   0.239697   0.239697   0.239697   0.239697
          0           0           0           0           0           0           0           0           0    0.237921    0.237921    0.237921    0.237921    0.237921    0.237921    0.237921    0.237921    0.237921    0.237921    0.237921    0.237921    0.237921    0.237921    0.237921    0.237921    0.237921    0.237921    0.237921    0.237921    0.237921    0.237921    0.237921    0.237921    0.237921    0.237921    0.237921    0.237921    0.237921    0.237921 -0.00707949 -0.00707949 -0.00707949 -0.00707949 -0.00707949 -0.00707949 -0.00707949 -0.00707949 -0.00707949 -0.00707949 -0.00707949 -0.00707949 -0.00707949 -0.00707949 -0.00707949 -0.00707949 -0.00707949 -0.00707949 -0.00707949 -0.00707949 -0.00707949 -0.00707949 -0.00707949 -0.00707949 -0.00707949 -0.00707949 -0.00707949 -0.00707949 -0.00707949 -0.00707949    0.237921    0.237921    0.237921    0.237921    0.237921    0.237921    0.237921    0.237921    0.237921    0.237921    0.237921    0.237921    0.237921    0.237921    0.237921    0.237921    0.237921    0.237921    0.237921    0.237921    0.237921    0.237921    0.237921    0.237921    0.237921    0.237921    0.237921    0.237921    0.237921    0.237921 -0.00707949
         0          0          0          0          0          0          0          0   0.233324   0.233324   0.233324   0.233324   0.233324   0.233324   0.233324   0.233324   0.233324   0.233324   0.233324   0.233324   0.233324   0.233324   0.233324   0.233324   0.233324   0.233324   0.233324   0.233324   0.233324   0.233324   0.233324   0.233324   0.233324   0.233324   0.233324   0.233324   0.233324   0.233324 -0.0116756 -0.0116756 -0.0116756 -0.0116756 -0.0116756 -0.0116756 -0.0116756 -0.0116756 -0.0116756 -0.0116756 -0.0116756 -0.0116756 -0.0116756 -0.0116756 -0.0116756 -0.0116756 -0.0116756 -0.0116756 -0.0116756 -0.0116756 -0.0116756 -0.0116756 -0.0116756 -0.0116756 -0.0116756 -0.0116756 -0.0116756 -0.0116756 -0.0116756 -0.0116756   0.233324   0.233324   0.233324   0.233324   0.233324   0.233324   0.233324   0.233324   0.233324   0.233324   0.233324   0.233324   0.233324   0.233324   0.233324   0.233324   0.233324   0.233324   0.233324   0.233324   0.233324   0.233324   0.233324   0.233324   0.233324   0.233324   0.233324   0.233324   0.233324   0.233324 -0.0116756 -0.0116756
         0          0          0          0          0          0          0   0.230262   0.230262   0.230262   0.230262   0.230262   0.230262   0.230262   0.230262   0.230262   0.230262   0.230262   0.230262   0.230262   0.230262   0.230262   0.230262   0.230262   0.230262   0.230262   0.230262   0.230262   0.230262   0.230262   0.230262   0.230262   0.230262   0.230262   0.230262   0.230262   0.230262 -0.0147385 -0.0147385 -0.0147385 -0.0147385 -0.0147385 -0.0147385 -0.0147385 -0.0147385 -0.0147385 -0.0147385 -0.0147385 -0.0147385 -0.0147385 -0.0147385 -0.0147385 -0.0147385 -0.0147385 -0.0147385 -0.0147385 -0.0147385 -0.0147385 -0.0147385 -0.0147385 -0.0147385 -0.0147385 -0.0147385 -0.0147385 -0.0147385 -0.0147385 -0.0147385   0.230262   0.230262   0.230262   0.230262   0.230262   0.230262   0.230262   0.230262   0.230262   0.230262   0.230262   0.230262   0.230262   0.230262   0.230262   0.230262   0.230262   0.230262   0.230262   0.230262   0.230262   0.230262   0.230262   0.230262   0.230262   0.230262   0.230262   0.230262   0.230262   0.230262 -0.0147385 -0.0147385 -0.0147385
         0          0          0          0          0          0   0.227895   0.227895   0.227895   0.227895   0.227895   0.227895   0.227895   0.227895   0.227895   0.227895   0.227895   0.227895   0.227895   0.227895   0.227895   0.227895   0.227895   0.227895   0.227895   0.227895   0.227895   0.227895   0.227895   0.227895   0.227895   0.227895   0.227895   0.227895   0.227895   0.227895 -0.0171053 -0.0171053 -0.0171053 -0.0171053 -0.0171053 -0.0171053 -0.0171053 -0.0171053 -0.0171053 -0.0171053 -0.0171053 -0.0171053 -0.0171053 -0.0171053 -0.0171053 -0.0171053 -0.0171053 -0.0171053 -0.0171053 -0.0171053 -0.0171053 -0.0171053 -0.0171053 -0.0171053 -0.0171053 -0.0171053 -0.0171053 -0.0171053 -0.0171053 -0.0171053   0.227895   0.227895   0.227895   0.227895   0.227895   0.227895   0.227895   0.227895   0.227895   0.227895   0.227895   0.227895   0.227895   0.227895   0.227895   0.227895   0.227895   0.227895   0.227895   0.227895   0.227895   0.227895   0.227895   0.227895   0.227895   0.227895   0.227895   0.227895   0.227895   0.227895 -0.0171053 -0.0171053 -0.0171053 -0.0171053
         0          0          0          0          0   0.224836   0.224836   0.224836   0.224836   0.224836   0.224836   0.224836   0.224836   0.224836   0.224836   0.224836   0.224836   0.224836   0.224836   0.224836   0.224836   0.224836   0.224836   0.224836   0.224836   0.224836   0.224836   0.224836   0.224836   0.224836   0.224836   0.224836   0.224836   0.224836   0.224836 -0.0201638 -0.0201638 -0.0201638 -0.0201638 -0.0201638 -0.0201638 -0.0201638 -0.0201638 -0.0201638 -0.0201638 -0.0201638 -0.0201638 -0.0201638 -0.0201638 -0.0201638 -0.0201638 -0.0201638 -0.0201638 -0.0201638 -0.0201638 -0.0201638 -0.0201638 -0.0201638 -0.0201638 -0.0201638 -0.0201638 -0.0201638 -0.0201638 -0.0201638 -0.0201638   0.224836   0.224836   0.224836   0.224836   0.224836   0.224836   0.224836   0.224836   0.224836   0.224836   0.224836   0.224836   0.224836   0.224836   0.224836   0.224836   0.224836   0.224836   0.224836   0.224836   0.224836   0.224836   0.224836   0.224836   0.224836   0.224836   0.224836   0.224836   0.224836   0.224836 -0.0201638 -0.0201638 -0.0201638 -0.0201638 -0.0201638
         0          0          0          0   0.221027   0.221027   0.221027   0.221027   0.221027   0.221027   0.221027   0.221027   0.221027   0.221027   0.221027   0.221027   0.221027   0.221027   0.221027   0.221027   0.221027   0.221027   0.221027   0.221027   0.221027   0.221027   0.221027   0.221027   0.221027   0.221027   0.221027   0.221027   0.221027   0.221027 -0.0239726 -0.0239726 -0.0239726 -0.0239726 -0.0239726 -0.0239726 -0.0239726 -0.0239726 -0.0239726 -0.0239726 -0.0239726 -0.0239726 -0.0239726 -0.0239726 -0.0239726 -0.0239726 -0.0239726 -0.0239726 -0.0239726 -0.0239726 -0.0239726 -0.0239726 -0.0239726 -0.0239726 -0.0239726 -0.0239726 -0.0239726 -0.0239726 -0.0239726 -0.0239726   0.221027   0.221027   0.221027   0.221027   0.221027   0.221027   0.221027   0.221027   0.221027   0.221027   0.221027   0.221027   0.221027   0.221027   0.221027   0.221027   0.221027   0.221027   0.221027   0.221027   0.221027   0.221027   0.221027   0.221027   0.221027   0.221027   0.221027   0.221027   0.221027   0.221027 -0.0239726 -0.0239726 -0.0239726 -0.0239726 -0.0239726 -0.0239726
         0          0          0   0.217145   0.217145   0.217145   0.217145   0.217145   0.217145   0.217145   0.217145   0.217145   0.217145   0.217145   0.217145   0.217145   0.217145   0.217145   0.217145   0.217145   0.217145   0.217145   0.217145   0.217145   0.217145   0.217145   0.217145   0.217145   0.217145   0.217145   0.217145   0.217145   0.217145 -0.0278547 -0.0278547 -0.0278547 -0.0278547 -0.0278547 -0.0278547 -0.0278547 -0.0278547 -0.0278547 -0.0278547 -0.0278547 -0.0278547 -0.0278547 -0.0278547 -0.0278547 -0.0278547 -0.0278547 -0.0278547 -0.0278547 -0.0278547 -0.0278547 -0.0278547 -0.0278547 -0.0278547 -0.0278547 -0.0278547 -0.0278547 -0.0278547 -0.0278547 -0.0278547   0.217145   0.217145   0.217145   0.217145   0.217145   0.217145   0.217145   0.217145   0.217145   0.217145   0.217145   0.217145   0.217145   0.217145   0.217145   0.217145   0.217145   0.217145   0.217145   0.217145   0.217145   0.217145   0.217145   0.217145   0.217145   0.217145   0.217145   0.217145   0.217145   0.217145 -0.0278547 -0.0278547 -0.0278547 -0.0278547 -0.0278547 -0.0278547 -0.0278547
         0          0   0.215235   0.215235   0.215235   0.215235   0.215235   0.215235   0.215235   0.215235   0.215235   0.215235   0.215235   0.215235   0.215235   0.215235   0.215235   0.215235   0.215235   0.215235   0.215235   0.215235   0.215235   0.215235   0.215235   0.215235   0.215235   0.215235   0.215235   0.215235   0.215235   0.215235 -0.0297654 -0.0297654 -0.0297654 -0.0297654 -0.0297654 -0.0297654 -0.0297654 -0.0297654 -0.0297654 -0.0297654 -0.0297654 -0.0297654 -0.0297654 -0.0297654 -0.0297654 -0.0297654 -0.0297654 -0.0297654 -0.0297654 -0.0297654 -0.0297654 -0.0297654 -0.0297654 -0.0297654 -0.0297654 -0.0297654 -0.0297654 -0.0297654 -0.0297654 -0.0297654   0.215235   0.215235   0.215235   0.215235   0.215235   0.215235   0.215235   0.215235   0.215235   0.215235   0.215235   0.215235   0.215235   0.215235   0.215235   0.215235   0.215235   0.215235   0.215235   0.215235   0.215235   0.215235   0.215235   0.215235   0.215235   0.215235   0.215235   0.215235   0.215235   0.215235 -0.0297654 -0.0297654 -0.0297654 -0.0297654 -0.0297654 -0.0297654 -0.0297654 -0.0297654
    0 0.215 0.215 0.215 0.215 0.215 0.215 0.215 0.215 0.215 0.215 0.215 0.215 0.215 0.215 0.215 0.215 0.215 0.215 0.215 0.215 0.215 0.215 0.215 0.215 0.215 0.215 0.215 0.215 0.215 0.215 -0.03 -0.03 -0.03 -0.03 -0.03 -0.03 -0.03 -0.03 -0.03 -0.03 -0.03 -0.03 -0.03 -0.03 -0.03 -0.03 -0.03 -0.03 -0.03 -0.03 -0.03 -0.03 -0.03 -0.03 -0.03 -0.03 -0.03 -0.03 -0.03 -0.03 0.215 0.215 0.215 0.215 0.215 0.215 0.215 0.215 0.215 0.215 0.215 0.215 0.215 0.215 0.215 0.215 0.215 0.215 0.215 0.215 0.215 0.215 0.215 0.215 0.215 0.215 0.215 0.215 0.215 0.215 -0.03 -0.03 -0.03 -0.03 -0.03 -0.03 -0.03 -0.03 -0.03
     0      0      0      0      0      0      0      0      0      0      0      0      0      0      0      0      0      0      0      0      0      0      0      0      0      0      0      0      0      0 -0.275 -0.275 -0.275 -0.275 -0.275 -0.275 -0.275 -0.275 -0.275 -0.275 -0.275 -0.275 -0.275 -0.275 -0.275 -0.275 -0.275 -0.275 -0.275 -0.275 -0.275 -0.275 -0.275 -0.275 -0.275 -0.275 -0.275 -0.275 -0.275 -0.275  -0.03  -0.03  -0.03  -0.03  -0.03  -0.03  -0.03  -0.03  -0.03  -0.03  -0.03  -0.03  -0.03  -0.03  -0.03  -0.03  -0.03  -0.03  -0.03  -0.03  -0.03  -0.03  -0.03  -0.03  -0.03  -0.03  -0.03  -0.03  -0.03  -0.03 -0.275 -0.275 -0.275 -0.275 -0.275 -0.275 -0.275 -0.275 -0.275 -0.275
       0        0        0        0        0        0        0        0        0        0        0        0        0        0        0        0        0        0        0        0        0        0        0        0        0        0        0        0        0 -0.24875 -0.24875 -0.24875 -0.24875 -0.24875 -0.24875 -0.24875 -0.24875 -0.24875 -0.24875 -0.24875 -0.24875 -0.24875 -0.24875 -0.24875 -0.24875 -0.24875 -0.24875 -0.24875 -0.24875 -0.24875 -0.24875 -0.24875 -0.24875 -0.24875 -0.24875 -0.24875 -0.24875 -0.24875 -0.24875 -0.00375 -0.00375 -0.00375 -0.00375 -0.00375 -0.00375 -0.00375 -0.00375 -0.00375 -0.00375 -0.00375 -0.00375 -0.00375 -0.00375 -0.00375 -0.00375 -0.00375 -0.00375 -0.00375 -0.00375 -0.00375 -0.00375 -0.00375 -0.00375 -0.00375 -0.00375 -0.00375 -0.00375 -0.00375 -0.00375 -0.24875 -0.24875 -0.24875 -0.24875 -0.24875 -0.24875 -0.24875 -0.24875 -0.24875 -0.24875 -0.24875
     0      0      0      0      0      0      0      0      0      0      0      0      0      0      0      0      0      0      0      0      0      0      0      0      0      0      0      0 -0.245 -0.245 -0.245 -0.245 -0.245 -0.245 -0.245 -0.245 -0.245 -0.245 -0.245 -0.245 -0.245 -0.245 -0.245 -0.245 -0.245 -0.245 -0.245 -0.245 -0.245 -0.245 -0.245 -0.245 -0.245 -0.245 -0.245 -0.245 -0.245 -0.245      0      0      0      0      0      0      0      0      0      0      0      0      0      0      0      0      0      0      0      0      0      0      0      0      0      0      0      0      0      0 -0.245 -0.245 -0.245 -0.245 -0.245 -0.245 -0.245 -0.245 -0.245 -0.245 -0.245 -0.245
     0      0      0      0      0      0      0      0      0      0      0      0      0      0      0      0      0      0      0      0      0      0      0      0      0      0      0 -0.245 -0.245 -0.245 -0.245 -0.245 -0.245 -0.245 -0.245 -0.245 -0.245 -0.245 -0.245 -0.245 -0.245 -0.245 -0.245 -0.245 -0.245 -0.245 -0.245 -0.245 -0.245 -0.245 -0.245 -0.245 -0.245 -0.245 -0.245 -0.245 -0.245      0      0      0      0      0      0      0      0      0      0      0      0      0      0      0      0      0      0      0      0      0      0      0      0      0      0      0      0      0      0 -0.245 -0.245 -0.245 -0.245 -0.245 -0.245 -0.245 -0.245 -0.245 -0.245 -0.245 -0.245 -0.245
     0      0      0      0      0      0      0      0      0      0      0      0      0      0      0      0      0      0      0      0      0      0      0      0      0      0 -0.245 -0.245 -0.245 -0.245 -0.245 -0.245 -0.245 -0.245 -0.245 -0.245 -0.245 -0.245 -0.245 -0.245 -0.245 -0.245 -0.245 -0.245 -0.245 -0.245 -0.245 -0.245 -0.245 -0.245 -0.245 -0.245 -0.245 -0.245 -0.245 -0.245      0      0      0      0      0      0      0      0      0      0      0      0      0      0      0      0      0      0      0      0      0      0      0      0      0      0      0      0      0      0 -0.245 -0.245 -0.245 -0.245 -0.245 -0.245 -0.245 -0.245 -0.245 -0.245 -0.245 -0.245 -0.245 -0.245
     0      0      0      0      0      0      0      0      0      0      0      0      0      0      0      0      0      0      0      0      0      0      0      0      0 -0.245 -0.245 -0.245 -0.245 -0.245 -0.245 -0.245 -0.245 -0.245 -0.245 -0.245 -0.245 -0.245 -0.245 -0.245 -0.245 -0.245 -0.245 -0.245 -0.245 -0.245 -0.245 -0.245 -0.245 -0.245 -0.245 -0.245 -0.245 -0.245 -0.245      0      0      0      0      0      0      0      0      0      0      0      0      0      0      0      0      0      0      0      0      0      0      0      0      0      0      0      0      0      0 -0.245 -0.245 -0.245 -0.245 -0.245 -0.245 -0.245 -0.245 -0.245 -0.245 -0.245 -0.245 -0.245 -0.245 -0.245
     0      0      0      0      0      0      0      0      0      0      0      0      0      0      0      0      0      0      0      0      0      0      0      0 -0.245 -0.245 -0.245 -0.245 -0.245 -0.245 -0.245 -0.245 -0.245 -0.245 -0.245 -0.245 -0.245 -0.245 -0.245 -0.245 -0.245 -0.245 -0.245 -0.245 -0.245 -0.245 -0.245 -0.245 -0.245 -0.245 -0.245 -0.245 -0.245 -0.245      0      0      0      0      0      0      0      0      0      0      0      0      0      0      0      0      0      0      0      0      0      0      0      0      0      0      0      0      0      0 -0.245 -0.245 -0.245 -0.245 -0.245 -0.245 -0.245 -0.245 -0.245 -0.245 -0.245 -0.245 -0.245 -0.245 -0.245 -0.245
     0      0      0      0      0      0      0      0      0      0      0      0      0      0      0      0      0      0      0      0      0      0      0 -0.245 -0.245 -0.245 -0.245 -0.245 -0.245 -0.245 -0.245 -0.245 -0.245 -0.245 -0.245 -0.245 -0.245 -0.245 -0.245 -0.245 -0.245 -0.245 -0.245 -0.245 -0.245 -0.245 -0.245 -0.245 -0.245 -0.245 -0.245 -0.245 -0.245      0      0      0      0      0      0      0      0      0      0      0      0      0      0      0      0      0      0      0      0      0      0      0      0      0      0      0      0      0      0 -0.245 -0.245 -0.245 -0.245 -0.245 -0.245 -0.245 -0.245 -0.245 -0.245 -0.245 -0.245 -0.245 -0.245 -0.245 -0.245 -0.245
     0      0      0      0      0      0      0      0      0      0      0      0      0      0      0      0      0      0      0      0      0      0 -0.245 -0.245 -0.245 -0.245 -0.245 -0.245 -0.245 -0.245 -0.245 -0.245 -0.245 -0.245 -0.245 -0.245 -0.245 -0.245 -0.245 -0.245 -0.245 -0.245 -0.245 -0.245 -0.245 -0.245 -0.245 -0.245 -0.245 -0.245 -0.245 -0.245      0      0      0      0      0      0      0      0      0      0      0      0      0      0      0      0      0      0      0      0      0      0      0      0      0      0      0      0      0      0 -0.245 -0.245 -0.245 -0.245 -0.245 -0.245 -0.245 -0.245 -0.245 -0.245 -0.245 -0.245 -0.245 -0.245 -0.245 -0.245 -0.245 -0.245
     0      0      0      0      0      0      0      0      0      0      0      0      0      0      0      0      0      0      0      0      0 -0.245 -0.245 -0.245 -0.245 -0.245 -0.245 -0.245 -0.245 -0.245 -0.245 -0.245 -0.245 -0.245 -0.245 -0.245 -0.245 -0.245 -0.245 -0.245 -0.245 -0.245 -0.245 -0.245 -0.245 -0.245 -0.245 -0.245 -0.245 -0.245 -0.245      0      0      0      0      0      0      0      0      0      0      0      0      0      0      0      0      0      0      0      0      0      0      0      0      0      0      0      0      0      0 -0.245 -0.245 -0.245 -0.245 -0.245 -0.245 -0.245 -0.245 -0.245 -0.245 -0.245 -0.245 -0.245 -0.245 -0.245 -0.245 -0.245 -0.245 -0.245
     0      0      0      0      0      0      0      0      0      0      0      0      0      0      0      0      0      0      0      0 -0.245 -0.245 -0.245 -0.245 -0.245 -0.245 -0.245 -0.245 -0.245 -0.245 -0.245 -0.245 -0.245 -0.245 -0.245 -0.245 -0.245 -0.245 -0.245 -0.245 -0.245 -0.245 -0.245 -0.245 -0.245 -0.245 -0.245 -0.245 -0.245 -0.245      0      0      0      0      0      0      0      0      0      0      0      0      0      0      0      0      0      0      0      0      0      0      0      0      0      0      0      0      0      0 -0.245 -0.245 -0.245 -0.245 -0.245 -0.245 -0.245 -0.245 -0.245 -0.245 -0.245 -0.245 -0.245 -0.245 -0.245 -0.245 -0.245 -0.245 -0.245 -0.245
     0      0      0      0      0      0      0      0      0      0      0      0      0      0      0      0      0      0      0 -0.245 -0.245 -0.245 -0.245 -0.245 -0.245 -0.245 -0.245 -0.245 -0.245 -0.245 -0.245 -0.245 -0.245 -0.245 -0.245 -0.245 -0.245 -0.245 -0.245 -0.245 -0.245 -0.245 -0.245 -0.245 -0.245 -0.245 -0.245 -0.245 -0.245      0      0      0      0      0      0      0      0      0      0      0      0      0      0      0      0      0      0      0      0      0      0      0      0      0      0      0      0      0      0 -0.245 -0.245 -0.245 -0.245 -0.245 -0.245 -0.245 -0.245 -0.245 -0.245 -0.245 -0.245 -0.245 -0.245 -0.245 -0.245 -0.245 -0.245 -0.245 -0.245 -0.245
     0      0      0      0      0      0      0      0      0      0      0      0      0      0      0      0      0      0 -0.245 -0.245 -0.245 -0.245 -0.245 -0.245 -0.245 -0.245 -0.245 -0.245 -0.245 -0.245 -0.245 -0.245 -0.245 -0.245 -0.245 -0.245 -0.245 -0.245 -0.245 -0.245 -0.245 -0.245 -0.245 -0.245 -0.245 -0.245 -0.245 -0.245      0      0      0      0      0      0      0      0      0      0      0      0      0      0      0      0      0      0      0      0      0      0      0      0      0      0      0      0      0      0 -0.245 -0.245 -0.245 -0.245 -0.245 -0.245 -0.245 -0.245 -0.245 -0.245 -0.245 -0.245 -0.245 -0.245 -0.245 -0.245 -0.245 -0.245 -0.245 -0.245 -0.245 -0.245
     0      0      0      0      0      0      0      0      0      0      0      0      0      0      0      0      0 -0.245 -0.245 -0.245 -0.245 -0.245 -0.245 -0.245 -0.245 -0.245 -0.245 -0.245 -0.245 -0.245 -0.245 -0.245 -0.245 -0.245 -0.245 -0.245 -0.245 -0.245 -0.245 -0.245 -0.245 -0.245 -0.245 -0.245 -0.245 -0.245 -0.245      0      0      0      0      0      0      0      0      0      0      0      0      0      0      0      0      0      0      0      0      0      0      0      0      0      0      0      0      0      0 -0.245 -0.245 -0.245 -0.245 -0.245 -0.245 -0.245 -0.245 -0.245 -0.245 -0.245 -0.245 -0.245 -0.245 -0.245 -0.245 -0.245 -0.245 -0.245 -0.245 -0.245 -0.245 -0.245
     0      0      0      0      0      0      0      0      0      0      0      0      0      0      0      0 -0.245 -0.245 -0.245 -0.245 -0.245 -0.245 -0.245 -0.245 -0.245 -0.245 -0.245 -0.245 -0.245 -0.245 -0.245 -0.245 -0.245 -0.245 -0.245 -0.245 -0.245 -0.245 -0.245 -0.245 -0.245 -0.245 -0.245 -0.245 -0.245 -0.245      0      0      0      0      0      0      0      0      0      0      0      0      0      0      0      0      0      0      0      0      0      0      0      0      0      0      0      0      0      0 -0.245 -0.245 -0.245 -0.245 -0.245 -0.245 -0.245 -0.245 -0.245 -0.245 -0.245 -0.245 -0.245 -0.245 -0.245 -0.245 -0.245 -0.245 -0.245 -0.245 -0.245 -0.245 -0.245 -0.245
     0      0      0      0      0      0      0      0      0      0      0      0      0      0      0 -0.245 -0.245 -0.245 -0.245 -0.245 -0.245 -0.245 -0.245 -0.245 -0.245 -0.245 -0.245 -0.245 -0.245 -0.245 -0.245 -0.245 -0.245 -0.245 -0.245 -0.245 -0.245 -0.245 -0.245 -0.245 -0.245 -0.245 -0.245 -0.245 -0.245      0      0      0      0      0      0      0      0      0      0      0      0      0      0      0      0      0      0      0      0      0      0      0      0      0      0      0      0      0      0 -0.245 -0.245 -0.245 -0.245 -0.245 -0.245 -0.245 -0.245 -0.245 -0.245 -0.245 -0.245 -0.245 -0.245 -0.245 -0.245 -0.245 -0.245 -0.245 -0.245 -0.245 -0.245 -0.245 -0.245 -0.245
     0      0      0      0      0      0      0      0      0      0      0      0      0      0 -0.245 -0.245 -0.245 -0.245 -0.245 -0.245 -0.245 -0.245 -0.245 -0.245 -0.245 -0.245 -0.245 -0.245 -0.245 -0.245 -0.245 -0.245 -0.245 -0.245 -0.245 -0.245 -0.245 -0.245 -0.245 -0.245 -0.245 -0.245 -0.245 -0.245      0      0      0      0      0      0      0      0      0      0      0      0      0      0      0      0      0      0      0      0      0      0      0      0      0      0      0      0      0      0 -0.245 -0.245 -0.245 -0.245 -0.245 -0.245 -0.245 -0.245 -0.245 -0.245 -0.245 -0.245 -0.245 -0.245 -0.245 -0.245 -0.245 -0.245 -0.245 -0.245 -0.245 -0.245 -0.245 -0.245 -0.245 -0.245
     0      0      0      0      0      0      0      0      0      0      0      0      0 -0.245 -0.245 -0.245 -0.245 -0.245 -0.245 -0.245 -0.245 -0.245 -0.245 -0.245 -0.245 -0.245 -0.245 -0.245 -0.245 -0.245 -0.245 -0.245 -0.245 -0.245 -0.245 -0.245 -0.245 -0.245 -0.245 -0.245 -0.245 -0.245 -0.245      0      0      0      0      0      0      0      0      0      0      0      0      0      0      0      0      0      0      0      0      0      0      0      0      0      0      0      0      0      0 -0.245 -0.245 -0.245 -0.245 -0.245 -0.245 -0.245 -0.245 -0.245 -0.245 -0.245 -0.245 -0.245 -0.245 -0.245 -0.245 -0.245 -0.245 -0.245 -0.245 -0.245 -0.245 -0.245 -0.245 -0.245 -0.245 -0.245
     0      0      0      0      0      0      0      0      0      0      0      0 -0.245 -0.245 -0.245 -0.245 -0.245 -0.245 -0.245 -0.245 -0.245 -0.245 -0.245 -0.245 -0.245 -0.245 -0.245 -0.245 -0.245 -0.245 -0.245 -0.245 -0.245 -0.245 -0.245 -0.245 -0.245 -0.245 -0.245 -0.245 -0.245 -0.245      0      0      0      0      0      0      0      0      0      0      0      0      0      0      0      0      0      0      0      0      0      0      0      0      0      0      0      0      0      0 -0.245 -0.245 -0.245 -0.245 -0.245 -0.245 -0.245 -0.245 -0.245 -0.245 -0.245 -0.245 -0.245 -0.245 -0.245 -0.245 -0.245 -0.245 -0.245 -0.245 -0.245 -0.245 -0.245 -0.245 -0.245 -0.245 -0.245 -0.245
     0      0      0      0      0      0      0      0      0      0      0 -0.245 -0.245 -0.245 -0.245 -0.245 -0.245 -0.245 -0.245 -0.245 -0.245 -0.245 -0.245 -0.245 -0.245 -0.245 -0.245 -0.245 -0.245 -0.245 -0.245 -0.245 -0.245 -0.245 -0.245 -0.245 -0.245 -0.245 -0.245 -0.245 -0.245      0      0      0      0      0      0      0      0      0      0      0      0      0      0      0      0      0      0      0      0      0      0      0      0      0      0      0      0      0      0 -0.245 -0.245 -0.245 -0.245 -0.245 -0.245 -0.245 -0.245 -0.245 -0.245 -0.245 -0.245 -0.245 -0.245 -0.245 -0.245 -0.245 -0.245 -0.245 -0.245 -0.245 -0.245 -0.245 -0.245 -0.245 -0.245 -0.245 -0.245 -0.245
     0      0      0      0      0      0      0      0      0      0 -0.245 -0.245 -0.245 -0.245 -0.245 -0.245 -0.245 -0.245 -0.245 -0.245 -0.245 -0.245 -0.245 -0.245 -0.245 -0.245 -0.245 -0.245 -0.245 -0.245 -0.245 -0.245 -0.245 -0.245 -0.245 -0.245 -0.245 -0.245 -0.245 -0.245      0      0      0      0      0      0      0      0      0      0      0      0      0      0      0      0      0      0      0      0      0      0      0      0      0      0      0      0      0      0 -0.245 -0.245 -0.245 -0.245 -0.245 -0.245 -0.245 -0.245 -0.245 -0.245 -0.245 -0.245 -0.245 -0.245 -0.245 -0.245 -0.245 -0.245 -0.245 -0.245 -0.245 -0.245 -0.245 -0.245 -0.245 -0.245 -0.245 -0.245 -0.245 -0.245
     0      0      0      0      0      0      0      0      0 -0.245 -0.245 -0.245 -0.245 -0.245 -0.245 -0.245 -0.245 -0.245 -0.245 -0.245 -0.245 -0.245 -0.245 -0.245 -0.245 -0.245 -0.245 -0.245 -0.245 -0.245 -0.245 -0.245 -0.245 -0.245 -0.245 -0.245 -0.245 -0.245 -0.245      0      0      0      0      0      0      0      0      0      0      0      0      0      0      0      0      0      0      0      0      0      0      0      0      0      0      0      0      0      0 -0.245 -0.245 -0.245 -0.245 -0.245 -0.245 -0.245 -0.245 -0.245 -0.245 -0.245 -0.245 -0.245 -0.245 -0.245 -0.245 -0.245 -0.245 -0.245 -0.245 -0.245 -0.245 -0.245 -0.245 -0.245 -0.245 -0.245 -0.245 -0.245 -0.245      0
     0      0      0      0      0      0      0      0 -0.245 -0.245 -0.245 -0.245 -0.245 -0.245 -0.245 -0.245 -0.245 -0.245 -0.245 -0.245 -0.245 -0.245 -0.245 -0.245 -0.245 -0.245 -0.245 -0.245 -0.245 -0.245 -0.245 -0.245 -0.245 -0.245 -0.245 -0.245 -0.245 -0.245      0      0      0      0      0      0      0      0      0      0      0      0      0      0      0      0      0      0      0      0      0      0      0      0      0      0      0      0      0      0 -0.245 -0.245 -0.245 -0.245 -0.245 -0.245 -0.245 -0.245 -0.245 -0.245 -0.245 -0.245 -0.245 -0.245 -0.245 -0.245 -0.245 -0.245 -0.245 -0.245 -0.245 -0.245 -0.245 -0.245 -0.245 -0.245 -0.245 -0.245 -0.245 -0.245      0      0
     0      0      0      0      0      0      0 -0.245 -0.245 -0.245 -0.245 -0.245 -0.245 -0.245 -0.245 -0.245 -0.245 -0.245 -0.245 -0.245 -0.245 -0.245 -0.245 -0.245 -0.245 -0.245 -0.245 -0.245 -0.245 -0.245 -0.245 -0.245 -0.245 -0.245 -0.245 -0.245 -0.245      0      0      0      0      0      0      0      0      0      0      0      0      0      0      0      0      0      0      0      0      0      0      0      0      0      0      0      0      0      0 -0.245 -0.245 -0.245 -0.245 -0.245 -0.245 -0.245 -0.245 -0.245 -0.245 -0.245 -0.245 -0.245 -0.245 -0.245 -0.245 -0.245 -0.245 -0.245 -0.245 -0.245 -0.245 -0.245 -0.245 -0.245 -0.245 -0.245 -0.245 -0.245 -0.245      0      0      0
     0      0      0      0      0      0 -0.245 -0.245 -0.245 -0.245 -0.245 -0.245 -0.245 -0.245 -0.245 -0.245 -0.245 -0.245 -0.245 -0.245 -0.245 -0.245 -0.245 -0.245 -0.245 -0.245 -0.245 -0.245 -0.245 -0.245 -0.245 -0.245 -0.245 -0.245 -0.245 -0.245      0      0      0      0      0      0      0      0      0      0      0      0      0      0      0      0      0      0      0      0      0      0      0      0      0      0      0      0      0      0 -0.245 -0.245 -0.245 -0.245 -0.245 -0.245 -0.245 -0.245 -0.245 -0.245 -0.245 -0.245 -0.245 -0.245 -0.245 -0.245 -0.245 -0.245 -0.245 -0.245 -0.245 -0.245 -0.245 -0.245 -0.245 -0.245 -0.245 -0.245 -0.245 -0.245      0      0      0      0
     0      0      0      0      0 -0.245 -0.245 -0.245 -0.245 -0.245 -0.245 -0.245 -0.245 -0.245 -0.245 -0.245 -0.245 -0.245 -0.245 -0.245 -0.245 -0.245 -0.245 -0.245 -0.245 -0.245 -0.245 -0.245 -0.245 -0.245 -0.245 -0.245 -0.245 -0.245 -0.245      0      0      0      0      0      0      0      0      0      0      0      0      0      0      0      0      0      0      0      0      0      0      0      0      0      0      0      0      0      0 -0.245 -0.245 -0.245 -0.245 -0.245 -0.245 -0.245 -0.245 -0.245 -0.245 -0.245 -0.245 -0.245 -0.245 -0.245 -0.245 -0.245 -0.245 -0.245 -0.245 -0.245 -0.245 -0.245 -0.245 -0.245 -0.245 -0.245 -0.245 -0.245 -0.245      0      0      0      0      0
     0      0      0      0 -0.245 -0.245 -0.245 -0.245 -0.245 -0.245 -0.245 -0.245 -0.245 -0.245 -0.245 -0.245 -0.245 -0.245 -0.245 -0.245 -0.245 -0.245 -0.245 -0.245 -0.245 -0.245 -0.245 -0.245 -0.245 -0.245 -0.245 -0.245 -0.245 -0.245      0      0      0      0      0      0      0      0      0      0      0      0      0      0      0      0      0      0      0      0      0      0      0      0      0      0      0      0      0      0 -0.245 -0.245 -0.245 -0.245 -0.245 -0.245 -0.245 -0.245 -0.245 -0.245 -0.245 -0.245 -0.245 -0.245 -0.245 -0.245 -0.245 -0.245 -0.245 -0.245 -0.245 -0.245 -0.245 -0.245 -0.245 -0.245 -0.245 -0.245 -0.245 -0.245      0      0      0      0      0      0
     0      0      0 -0.245 -0.245 -0.245 -0.245 -0.245 -0.245 -0.245 -0.245 -0.245 -0.245 -0.245 -0.245 -0.245 -0.245 -0.245 -0.245 -0.245 -0.245 -0.245 -0.245 -0.245 -0.245 -0.245 -0.245 -0.245 -0.245 -0.245 -0.245 -0.245 -0.245      0      0      0      0      0      0      0      0      0      0      0      0      0      0      0      0      0      0      0      0      0      0      0      0      0      0      0      0      0      0 -0.245 -0.245 -0.245 -0.245 -0.245 -0.245 -0.245 -0.245 -0.245 -0.245 -0.245 -0.245 -0.245 -0.245 -0.245 -0.245 -0.245 -0.245 -0.245 -0.245 -0.245 -0.245 -0.245 -0.245 -0.245 -0.245 -0.245 -0.245 -0.245 -0.245      0      0      0      0      0      0      0
     0      0 -0.245 -0.245 -0.245 -0.245 -0.245 -0.245 -0.245 -0.245 -0.245 -0.245 -0.245 -0.245 -0.245 -0.245 -0.245 -0.245 -0.245 -0.245 -0.245 -0.245 -0.245 -0.245 -0.245 -0.245 -0.245 -0.245 -0.245 -0.245 -0.245 -0.245      0      0      0      0      0      0      0      0      0      0      0      0      0      0      0      0      0      0      0      0      0      0      0      0      0      0      0      0      0      0 -0.245 -0.245 -0.245 -0.245 -0.245 -0.245 -0.245 -0.245 -0.245 -0.245 -0.245 -0.245 -0.245 -0.245 -0.245 -0.245 -0.245 -0.245 -0.245 -0.245 -0.245 -0.245 -0.245 -0.245 -0.245 -0.245 -0.245 -0.245 -0.245 -0.245      0      0      0      0      0      0      0      0
     0 -0.245 -0.245 -0.245 -0.245 -0.245 -0.245 -0.245 -0.245 -0.245 -0.245 -0.245 -0.245 -0.245 -0.245 -0.245 -0.245 -0.245 -0.245 -0.245 -0.245 -0.245 -0.245 -0.245 -0.245 -0.245 -0.245 -0.245 -0.245 -0.245 -0.245      0      0      0      0      0      0      0      0      0      0      0      0      0      0      0      0      0      0      0      0      0      0      0      0      0      0      0      0      0      0 -0.245 -0.245 -0.245 -0.245 -0.245 -0.245 -0.245 -0.245 -0.245 -0.245 -0.245 -0.245 -0.245 -0.245 -0.245 -0.245 -0.245 -0.245 -0.245 -0.245 -0.245 -0.245 -0.245 -0.245 -0.245 -0.245 -0.245 -0.245 -0.245 -0.245      0      0      0      0      0      0      0      0      0
    0     0     0     0     0     0     0     0     0     0     0     0     0     0     0     0     0     0     0     0     0     0     0     0     0     0     0     0     0     0 0.245 0.245 0.245 0.245 0.245 0.245 0.245 0.245 0.245 0.245 0.245 0.245 0.245 0.245 0.245 0.245 0.245 0.245 0.245 0.245 0.245 0.245 0.245 0.245 0.245 0.245 0.245 0.245 0.245 0.245     0     0     0     0     0     0     0     0     0     0     0     0     0     0     0     0     0     0     0     0     0     0     0     0     0     0     0     0     0     0 0.245 0.245 0.245 0.245 0.245 0.245 0.245 0.245 0.245 0.245
          0           0           0           0           0           0           0           0           0           0           0           0           0           0           0           0           0           0           0           0           0           0           0           0           0           0           0           0           0    0.245298    0.245298    0.245298    0.245298    0.245298    0.245298    0.245298    0.245298    0.245298    0.245298    0.245298    0.245298    0.245298    0.245298    0.245298    0.245298    0.245298    0.245298    0.245298    0.245298    0.245298    0.245298    0.245298    0.245298    0.245298    0.245298    0.245298    0.245298    0.245298    0.245298 0.000298119 0.000298119 0.000298119 0.000298119 0.000298119 0.000298119 0.000298119 0.000298119 0.000298119 0.000298119 0.000298119 0.000298119 0.000298119 0.000298119 0.000298119 0.000298119 0.000298119 0.000298119 0.000298119 0.000298119 0.000298119 0.000298119 0.000298119 0.000298119 0.000298119 0.000298119 0.000298119 0.000298119 0.000298119 0.000298119    0.245298    0.245298    0.245298    0.245298    0.245298    0.245298    0.245298    0.245298    0.245298    0.245298    0.245298
          0           0           0           0           0           0           0           0           0           0           0           0           0           0           0           0           0           0           0           0           0           0           0           0           0           0           0           0    0.245371    0.245371    0.245371    0.245371    0.245371    0.245371    0.245371    0.245371    0.245371    0.245371    0.245371    0.245371    0.245371    0.245371    0.245371    0.245371    0.245371    0.245371    0.245371    0.245371    0.245371    0.245371    0.245371    0.245371    0.245371    0.245371    0.245371    0.245371    0.245371    0.245371 0.000371066 0.000371066 0.000371066 0.000371066 0.000371066 0.000371066 0.000371066 0.000371066 0.000371066 0.000371066 0.000371066 0.000371066 0.000371066 0.000371066 0.000371066 0.000371066 0.000371066 0.000371066 0.000371066 0.000371066 0.000371066 0.000371066 0.000371066 0.000371066 0.000371066 0.000371066 0.000371066 0.000371066 0.000371066 0.000371066    0.245371    0.245371    0.245371    0.245371    0.245371    0.245371    0.245371    0.245371    0.245371    0.245371    0.245371    0.245371
          0           0           0           0           0           0           0           0           0           0           0           0           0           0           0           0           0           0           0           0           0           0           0           0           0           0           0    0.245378    0.245378    0.245378    0.245378    0.245378    0.245378    0.245378    0.245378    0.245378    0.245378    0.245378    0.245378    0.245378    0.245378    0.245378    0.245378    0.245378    0.245378    0.245378    0.245378    0.245378    0.245378    0.245378    0.245378    0.245378    0.245378    0.245378    0.245378    0.245378    0.245378 0.000378048 0.000378048 0.000378048 0.000378048 0.000378048 0.000378048 0.000378048 0.000378048 0.000378048 0.000378048 0.000378048 0.000378048 0.000378048 0.000378048 0.000378048 0.000378048 0.000378048 0.000378048 0.000378048 0.000378048 0.000378048 0.000378048 0.000378048 0.000378048 0.000378048 0.000378048 0.000378048 0.000378048 0.000378048 0.000378048    0.245378    0.245378    0.245378    0.245378    0.245378    0.245378    0.245378    0.245378    0.245378    0.245378    0.245378    0.245378    0.245378
          0           0           0           0           0           0           0           0           0           0           0           0           0           0           0           0           0           0           0           0           0           0           0           0           0           0    0.245381    0.245381    0.245381    0.245381    0.245381    0.245381    0.245381    0.245381    0.245381    0.245381    0.245381    0.245381    0.245381    0.245381    0.245381    0.245381    0.245381    0.245381    0.245381    0.245381    0.245381    0.245381    0.245381    0.245381    0.245381    0.245381    0.245381    0.245381    0.245381    0.245381 0.000381338 0.000381338 0.000381338 0.000381338 0.000381338 0.000381338 0.000381338 0.000381338 0.000381338 0.000381338 0.000381338 0.000381338 0.000381338 0.000381338 0.000381338 0.000381338 0.000381338 0.000381338 0.000381338 0.000381338 0.000381338 0.000381338 0.000381338 0.000381338 0.000381338 0.000381338 0.000381338 0.000381338 0.000381338 0.000381338    0.245381    0.245381    0.245381    0.245381    0.245381    0.245381    0.245381    0.245381    0.245381    0.245381    0.245381    0.245381    0.245381    0.245381
          0           0           0           0           0           0           0           0           0           0           0           0           0           0           0           0           0           0           0           0           0           0           0           0           0    0.245389    0.245389    0.245389    0.245389    0.245389    0.245389    0.245389    0.245389    0.245389    0.245389    0.245389    0.245389    0.245389    0.245389    0.245389    0.245389    0.245389    0.245389    0.245389    0.245389    0.245389    0.245389    0.245389    0.245389    0.245389    0.245389    0.245389    0.245389    0.245389    0.245389 0.000389018 0.000389018 0.000389018 0.000389018 0.000389018 0.000389018 0.000389018 0.000389018 0.000389018 0.000389018 0.000389018 0.000389018 0.000389018 0.000389018 0.000389018 0.000389018 0.000389018 0.000389018 0.000389018 0.000389018 0.000389018 0.000389018 0.000389018 0.000389018 0.000389018 0.000389018 0.000389018 0.000389018 0.000389018 0.000389018    0.245389    0.245389    0.245389    0.245389    0.245389    0.245389    0.245389    0.245389    0.245389    0.245389    0.245389    0.245389    0.245389    0.245389    0.245389
          0           0           0           0           0           0           0           0           0           0           0           0           0           0           0           0           0           0           0           0           0           0           0           0    0.245399    0.245399    0.245399    0.245399    0.245399    0.245399    0.245399    0.245399    0.245399    0.245399    0.245399    0.245399    0.245399    0.245399    0.245399    0.245399    0.245399    0.245399    0.245399    0.245399    0.245399    0.245399    0.245399    0.245399    0.245399    0.245399    0.245399    0.245399    0.245399    0.245399 0.000398646 0.000398646 0.000398646 0.000398646 0.000398646 0.000398646 0.000398646 0.000398646 0.000398646 0.000398646 0.000398646 0.000398646 0.000398646 0.000398646 0.000398646 0.000398646 0.000398646 0.000398646 0.000398646 0.000398646 0.000398646 0.000398646 0.000398646 0.000398646 0.000398646 0.000398646 0.000398646 0.000398646 0.000398646 0.000398646    0.245399    0.245399    0.245399    0.245399    0.245399    0.245399    0.245399    0.245399    0.245399    0.245399    0.245399    0.245399    0.245399    0.245399    0.245399    0.245399
          0           0           0           0           0           0           0           0           0           0           0           0           0           0           0           0           0           0           0           0           0           0           0     0.24541     0.24541     0.24541     0.24541     0.24541     0.24541     0.24541     0.24541     0.24541     0.24541     0.24541     0.24541     0.24541     0.24541     0.24541     0.24541     0.24541     0.24541     0.24541     0.24541     0.24541     0.24541     0.24541     0.24541     0.24541     0.24541     0.24541     0.24541     0.24541     0.24541 0.000410346 0.000410346 0.000410346 0.000410346 0.000410346 0.000410346 0.000410346 0.000410346 0.000410346 0.000410346 0.000410346 0.000410346 0.000410346 0.000410346 0.000410346 0.000410346 0.000410346 0.000410346 0.000410346 0.000410346 0.000410346 0.000410346 0.000410346 0.000410346 0.000410346 0.000410346 0.000410346 0.000410346 0.000410346 0.000410346     0.24541     0.24541     0.24541     0.24541     0.24541     0.24541     0.24541     0.24541     0.24541     0.24541     0.24541     0.24541     0.24541     0.24541     0.24541     0.24541     0.24541
          0           0           0           0           0           0           0           0           0           0           0           0           0           0           0           0           0           0           0           0           0           0    0.245433    0.245433    0.245433    0.245433    0.245433    0.245433    0.245433    0.245433    0.245433    0.245433    0.245433    0.245433    0.245433    0.245433    0.245433    0.245433    0.245433    0.245433    0.245433    0.245433    0.245433    0.245433    0.245433    0.245433    0.245433    0.245433    0.245433    0.245433    0.245433    0.245433 0.000432804 0.000432804 0.000432804 0.000432804 0.000432804 0.000432804 0.000432804 0.000432804 0.000432804 0.000432804 0.000432804 0.000432804 0.000432804 0.000432804 0.000432804 0.000432804 0.000432804 0.000432804 0.000432804 0.000432804 0.000432804 0.000432804 0.000432804 0.000432804 0.000432804 0.000432804 0.000432804 0.000432804 0.000432804 0.000432804    0.245433    0.245433    0.245433    0.245433    0.245433    0.245433    0.245433    0.245433    0.245433    0.245433    0.245433    0.245433    0.245433    0.245433    0.245433    0.245433    0.245433    0.245433
         0          0          0          0          0          0          0          0          0          0          0          0          0          0          0          0          0          0          0          0          0   0.245473   0.245473   0.245473   0.245473   0.245473   0.245473   0.245473   0.245473   0.245473   0.245473   0.245473   0.245473   0.245473   0.245473   0.245473   0.245473   0.245473   0.245473   0.245473   0.245473   0.245473   0.245473   0.245473   0.245473   0.245473   0.245473   0.245473   0.245473   0.245473   0.245473 0.00047285 0.00047285 0.00047285 0.00047285 0.00047285 0.00047285 0.00047285 0.00047285 0.00047285 0.00047285 0.00047285 0.00047285 0.00047285 0.00047285 0.00047285 0.00047285 0.00047285 0.00047285 0.00047285 0.00047285 0.00047285 0.00047285 0.00047285 0.00047285 0.00047285 0.00047285 0.00047285 0.00047285 0.00047285 0.00047285   0.245473   0.245473   0.245473   0.245473   0.245473   0.245473   0.245473   0.245473   0.245473   0.245473   0.245473   0.245473   0.245473   0.245473   0.245473   0.245473   0.245473   0.245473   0.245473
          0           0           0           0           0           0           0           0           0           0           0           0           0           0           0           0           0           0           0           0    0.245529    0.245529    0.245529    0.245529    0.245529    0.245529    0.245529    0.245529    0.245529    0.245529    0.245529    0.245529    0.245529    0.245529    0.245529    0.245529    0.245529    0.245529    0.245529    0.245529    0.245529    0.245529    0.245529    0.245529    0.245529    0.245529    0.245529    0.245529    0.245529    0.245529 0.000528869 0.000528869 0.000528869 0.000528869 0.000528869 0.000528869 0.000528869 0.000528869 0.000528869 0.000528869 0.000528869 0.000528869 0.000528869 0.000528869 0.000528869 0.000528869 0.000528869 0.000528869 0.000528869 0.000528869 0.000528869 0.000528869 0.000528869 0.000528869 0.000528869 0.000528869 0.000528869 0.000528869 0.000528869 0.000528869    0.245529    0.245529    0.245529    0.245529    0.245529    0.245529    0.245529    0.245529    0.245529    0.245529    0.245529    0.245529    0.245529    0.245529    0.245529    0.245529    0.245529    0.245529    0.245529    0.245529
          0           0           0           0           0           0           0           0           0           0           0           0           0           0           0           0           0           0           0     0.24559     0.24559     0.24559     0.24559     0.24559     0.24559     0.24559     0.24559     0.24559     0.24559     0.24559     0.24559     0.24559     0.24559     0.24559     0.24559     0.24559     0.24559     0.24559     0.24559     0.24559     0.24559     0.24559     0.24559     0.24559     0.24559     0.24559     0.24559     0.24559     0.24559 0.000589941 0.000589941 0.000589941 0.000589941 0.000589941 0.000589941 0.000589941 0.000589941 0.000589941 0.000589941 0.000589941 0.000589941 0.000589941 0.000589941 0.000589941 0.000589941 0.000589941 0.000589941 0.000589941 0.000589941 0.000589941 0.000589941 0.000589941 0.000589941 0.000589941 0.000589941 0.000589941 0.000589941 0.000589941 0.000589941     0.24559     0.24559     0.24559     0.24559     0.24559     0.24559     0.24559     0.24559     0.24559     0.24559     0.24559     0.24559     0.24559     0.24559     0.24559     0.24559     0.24559     0.24559     0.24559     0.24559     0.24559
          0           0           0           0           0           0           0           0           0           0           0           0           0           0           0           0           0           0    0.245641    0.245641    0.245641    0.245641    0.245641    0.245641    0.245641    0.245641    0.245641    0.245641    0.245641    0.245641    0.245641    0.245641    0.245641    0.245641    0.245641    0.245641    0.245641    0.245641    0.245641    0.245641    0.245641    0.245641    0.245641    0.245641    0.245641    0.245641    0.245641    0.245641 0.000640808 0.000640808 0.000640808 0.000640808 0.000640808 0.000640808 0.000640808 0.000640808 0.000640808 0.000640808 0.000640808 0.000640808 0.000640808 0.000640808 0.000640808 0.000640808 0.000640808 0.000640808 0.000640808 0.000640808 0.000640808 0.000640808 0.000640808 0.000640808 0.000640808 0.000640808 0.000640808 0.000640808 0.000640808 0.000640808    0.245641    0.245641    0.245641    0.245641    0.245641    0.245641    0.245641    0.245641    0.245641    0.245641    0.245641    0.245641    0.245641    0.245641    0.245641    0.245641    0.245641    0.245641    0.245641    0.245641    0.245641    0.245641
          0           0           0           0           0           0           0           0           0           0           0           0           0           0           0           0           0     0.24567     0.24567     0.24567     0.24567     0.24567     0.24567     0.24567     0.24567     0.24567     0.24567     0.24567     0.24567     0.24567     0.24567     0.24567     0.24567     0.24567     0.24567     0.24567     0.24567     0.24567     0.24567     0.24567     0.24567     0.24567     0.24567     0.24567     0.24567     0.24567     0.24567 0.000670247 0.000670247 0.000670247 0.000670247 0.000670247 0.000670247 0.000670247 0.000670247 0.000670247 0.000670247 0.000670247 0.000670247 0.000670247 0.000670247 0.000670247 0.000670247 0.000670247 0.000670247 0.000670247 0.000670247 0.000670247 0.000670247 0.000670247 0.000670247 0.000670247 0.000670247 0.000670247 0.000670247 0.000670247 0.000670247     0.24567     0.24567     0.24567     0.24567     0.24567     0.24567     0.24567     0.24567     0.24567     0.24567     0.24567     0.24567     0.24567     0.24567     0.24567     0.24567     0.24567     0.24567     0.24567     0.24567     0.24567     0.24567     0.24567
          0           0           0           0           0           0           0           0           0           0           0           0           0           0           0           0    0.245662    0.245662    0.245662    0.245662    0.245662    0.245662    0.245662    0.245662    0.245662    0.245662    0.245662    0.245662    0.245662    0.245662    0.245662    0.245662    0.245662    0.245662    0.245662    0.245662    0.245662    0.245662    0.245662    0.245662    0.245662    0.245662    0.245662    0.245662    0.245662    0.245662 0.000661545 0.000661545 0.000661545 0.000661545 0.000661545 0.000661545 0.000661545 0.000661545 0.000661545 0.000661545 0.000661545 0.000661545 0.000661545 0.000661545 0.000661545 0.000661545 0.000661545 0.000661545 0.000661545 0.000661545 0.000661545 0.000661545 0.000661545 0.000661545 0.000661545 0.000661545 0.000661545 0.000661545 0.000661545 0.000661545    0.245662    0.245662    0.245662    0.245662    0.245662    0.245662    0.245662    0.245662    0.245662    0.245662    0.245662    0.245662    0.245662    0.245662    0.245662    0.245662    0.245662    0.245662    0.245662    0.245662    0.245662    0.245662    0.245662    0.245662
          0           0           0           0           0           0           0           0           0           0           0           0           0           0           0    0.245619    0.245619    0.245619    0.245619    0.245619    0.245619    0.245619    0.245619    0.245619    0.245619    0.245619    0.245619    0.245619    0.245619    0.245619    0.245619    0.245619    0.245619    0.245619    0.245619    0.245619    0.245619    0.245619    0.245619    0.245619    0.245619    0.245619    0.245619    0.245619    0.245619 0.000618678 0.000618678 0.000618678 0.000618678 0.000618678 0.000618678 0.000618678 0.000618678 0.000618678 0.000618678 0.000618678 0.000618678 0.000618678 0.000618678 0.000618678 0.000618678 0.000618678 0.000618678 0.000618678 0.000618678 0.000618678 0.000618678 0.000618678 0.000618678 0.000618678 0.000618678 0.000618678 0.000618678 0.000618678 0.000618678    0.245619    0.245619    0.245619    0.245619    0.245619    0.245619    0.245619    0.245619    0.245619    0.245619    0.245619    0.245619    0.245619    0.245619    0.245619    0.245619    0.245619    0.245619    0.245619    0.245619    0.245619    0.245619    0.245619    0.245619    0.245619
          0           0           0           0           0           0           0           0           0           0           0           0           0           0    0.245554    0.245554    0.245554    0.245554    0.245554    0.245554    0.245554    0.245554    0.245554    0.245554    0.245554    0.245554    0.245554    0.245554    0.245554    0.245554    0.245554    0.245554    0.245554    0.245554    0.245554    0.245554    0.245554    0.245554    0.245554    0.245554    0.245554    0.245554    0.245554    0.245554 0.000554445 0.000554445 0.000554445 0.000554445 0.000554445 0.000554445 0.000554445 0.000554445 0.000554445 0.000554445 0.000554445 0.000554445 0.000554445 0.000554445 0.000554445 0.000554445 0.000554445 0.000554445 0.000554445 0.000554445 0.000554445 0.000554445 0.000554445 0.000554445 0.000554445 0.000554445 0.000554445 0.000554445 0.000554445 0.000554445    0.245554    0.245554    0.245554    0.245554    0.245554    0.245554    0.245554    0.245554    0.245554    0.245554    0.245554    0.245554    0.245554    0.245554    0.245554    0.245554    0.245554    0.245554    0.245554    0.245554    0.245554    0.245554    0.245554    0.245554    0.245554    0.245554
          0           0           0           0           0           0           0           0           0           0           0           0           0    0.245458    0.245458    0.245458    0.245458    0.245458    0.245458    0.245458    0.245458    0.245458    0.245458    0.245458    0.245458    0.245458    0.245458    0.245458    0.245458    0.245458    0.245458    0.245458    0.245458    0.245458    0.245458    0.245458    0.245458    0.245458    0.245458    0.245458    0.245458    0.245458    0.245458 0.000457948 0.000457948 0.000457948 0.000457948 0.000457948 0.000457948 0.000457948 0.000457948 0.000457948 0.000457948 0.000457948 0.000457948 0.000457948 0.000457948 0.000457948 0.000457948 0.000457948 0.000457948 0.000457948 0.000457948 0.000457948 0.000457948 0.000457948 0.000457948 0.000457948 0.000457948 0.000457948 0.000457948 0.000457948 0.000457948    0.245458    0.245458    0.245458    0.245458    0.245458    0.245458    0.245458    0.245458    0.245458    0.245458    0.245458    0.245458    0.245458    0.245458    0.245458    0.245458    0.245458    0.245458    0.245458    0.245458    0.245458    0.245458    0.245458    0.245458    0.245458    0.245458    0.245458
          0           0           0           0           0           0           0           0           0           0           0           0    0.245327    0.245327    0.245327    0.245327    0.245327    0.245327    0.245327    0.245327    0.245327    0.245327    0.245327    0.245327    0.245327    0.245327    0.245327    0.245327    0.245327    0.245327    0.245327    0.245327    0.245327    0.245327    0.245327    0.245327    0.245327    0.245327    0.245327    0.245327    0.245327    0.245327 0.000326612 0.000326612 0.000326612 0.000326612 0.000326612 0.000326612 0.000326612 0.000326612 0.000326612 0.000326612 0.000326612 0.000326612 0.000326612 0.000326612 0.000326612 0.000326612 0.000326612 0.000326612 0.000326612 0.000326612 0.000326612 0.000326612 0.000326612 0.000326612 0.000326612 0.000326612 0.000326612 0.000326612 0.000326612 0.000326612    0.245327    0.245327    0.245327    0.245327    0.245327    0.245327    0.245327    0.245327    0.245327    0.245327    0.245327    0.245327    0.245327    0.245327    0.245327    0.245327    0.245327    0.245327    0.245327    0.245327    0.245327    0.245327    0.245327    0.245327    0.245327    0.245327    0.245327    0.245327
         0          0          0          0          0          0          0          0          0          0          0   0.245125   0.245125   0.245125   0.245125   0.245125   0.245125   0.245125   0.245125   0.245125   0.245125   0.245125   0.245125   0.245125   0.245125   0.245125   0.245125   0.245125   0.245125   0.245125   0.245125   0.245125   0.245125   0.245125   0.245125   0.245125   0.245125   0.245125   0.245125   0.245125   0.245125 0.00012531 0.00012531 0.00012531 0.00012531 0.00012531 0.00012531 0.00012531 0.00012531 0.00012531 0.00012531 0.00012531 0.00012531 0.00012531 0.00012531 0.00012531 0.00012531 0.00012531 0.00012531 0.00012531 0.00012531 0.00012531 0.00012531 0.00012531 0.00012531 0.00012531 0.00012531 0.00012531 0.00012531 0.00012531 0.00012531   0.245125   0.245125   0.245125   0.245125   0.245125   0.245125   0.245125   0.245125   0.245125   0.245125   0.245125   0.245125   0.245125   0.245125   0.245125   0.245125   0.245125   0.245125   0.245125   0.245125   0.245125   0.245125   0.245125   0.245125   0.245125   0.245125   0.245125   0.245125   0.245125
          0           0           0           0           0           0           0           0           0           0    0.244803    0.244803    0.244803    0.244803    0.244803    0.244803    0.244803    0.244803    0.244803    0.244803    0.244803    0.244803    0.244803    0.244803    0.244803    0.244803    0.244803    0.244803    0.244803    0.244803    0.244803    0.244803    0.244803    0.244803    0.244803    0.244803    0.244803    0.244803    0.244803    0.244803 -0.00019703 -0.00019703 -0.00019703 -0.00019703 -0.00019703 -0.00019703 -0.00019703 -0.00019703 -0.00019703 -0.00019703 -0.00019703 -0.00019703 -0.00019703 -0.00019703 -0.00019703 -0.00019703 -0.00019703 -0.00019703 -0.00019703 -0.00019703 -0.00019703 -0.00019703 -0.00019703 -0.00019703 -0.00019703 -0.00019703 -0.00019703 -0.00019703 -0.00019703 -0.00019703    0.244803    0.244803    0.244803    0.244803    0.244803    0.244803    0.244803    0.244803    0.244803    0.244803    0.244803    0.244803    0.244803    0.244803    0.244803    0.244803    0.244803    0.244803    0.244803    0.244803    0.244803    0.244803    0.244803    0.244803    0.244803    0.244803    0.244803    0.244803    0.244803    0.244803
           0            0            0            0            0            0            0            0            0     0.244301     0.244301     0.244301     0.244301     0.244301     0.244301     0.244301     0.244301     0.244301     0.244301     0.244301     0.244301     0.244301     0.244301     0.244301     0.244301     0.244301     0.244301     0.244301     0.244301     0.244301     0.244301     0.244301     0.244301     0.244301     0.244301     0.244301     0.244301     0.244301     0.244301 -0.000699081 -0.000699081 -0.000699081 -0.000699081 -0.000699081 -0.000699081 -0.000699081 -0.000699081 -0.000699081 -0.000699081 -0.000699081 -0.000699081 -0.000699081 -0.000699081 -0.000699081 -0.000699081 -0.000699081 -0.000699081 -0.000699081 -0.000699081 -0.000699081 -0.000699081 -0.000699081 -0.000699081 -0.000699081 -0.000699081 -0.000699081 -0.000699081 -0.000699081 -0.000699081     0.244301     0.244301     0.244301     0.244301     0.244301     0.244301     0.244301     0.244301     0.244301     0.244301     0.244301     0.244301     0.244301     0.244301     0.244301     0.244301     0.244301     0.244301     0.244301     0.244301     0.244301     0.244301     0.244301     0.244301     0.244301     0.244301     0.244301     0.244301     0.244301     0.244301 -0.000699081
          0           0           0           0           0           0           0           0    0.243539    0.243539    0.243539    0.243539    0.243539    0.243539    0.243539    0.243539    0.243539    0.243539    0.243539    0.243539    0.243539    0.243539    0.243539    0.243539    0.243539    0.243539    0.243539    0.243539    0.243539    0.243539    0.243539    0.243539    0.243539    0.243539    0.243539    0.243539    0.243539    0.243539 -0.00146142 -0.00146142 -0.00146142 -0.00146142 -0.00146142 -0.00146142 -0.00146142 -0.00146142 -0.00146142 -0.00146142 -0.00146142 -0.00146142 -0.00146142 -0.00146142 -0.00146142 -0.00146142 -0.00146142 -0.00146142 -0.00146142 -0.00146142 -0.00146142 -0.00146142 -0.00146142 -0.00146142 -0.00146142 -0.00146142 -0.00146142 -0.00146142 -0.00146142 -0.00146142    0.243539    0.243539    0.243539    0.243539    0.243539    0.243539    0.243539    0.243539    0.243539    0.243539    0.243539    0.243539    0.243539    0.243539    0.243539    0.243539    0.243539    0.243539    0.243539    0.243539    0.243539    0.243539    0.243539    0.243539    0.243539    0.243539    0.243539    0.243539    0.243539    0.243539 -0.00146142 -0.00146142
          0           0           0           0           0           0           0    0.242514    0.242514    0.242514    0.242514    0.242514    0.242514    0.242514    0.242514    0.242514    0.242514    0.242514    0.242514    0.242514    0.242514    0.242514    0.242514    0.242514    0.242514    0.242514    0.242514    0.242514    0.242514    0.242514    0.242514    0.242514    0.242514    0.242514    0.242514    0.242514    0.242514 -0.00248597 -0.00248597 -0.00248597 -0.00248597 -0.00248597 -0.00248597 -0.00248597 -0.00248597 -0.00248597 -0.00248597 -0.00248597 -0.00248597 -0.00248597 -0.00248597 -0.00248597 -0.00248597 -0.00248597 -0.00248597 -0.00248597 -0.00248597 -0.00248597 -0.00248597 -0.00248597 -0.00248597 -0.00248597 -0.00248597 -0.00248597 -0.00248597 -0.00248597 -0.00248597    0.242514    0.242514    0.242514    0.242514    0.242514    0.242514    0.242514    0.242514    0.242514    0.242514    0.242514    0.242514    0.242514    0.242514    0.242514    0.242514    0.242514    0.242514    0.242514    0.242514    0.242514    0.242514    0.242514    0.242514    0.242514    0.242514    0.242514    0.242514    0.242514    0.242514 -0.00248597 -0.00248597 -0.00248597
          0           0           0           0           0           0    0.240939    0.240939    0.240939    0.240939    0.240939    0.240939    0.240939    0.240939    0.240939    0.240939    0.240939    0.240939    0.240939    0.240939    0.240939    0.240939    0.240939    0.240939    0.240939    0.240939    0.240939    0.240939    0.240939    0.240939    0.240939    0.240939    0.240939    0.240939    0.240939    0.240939 -0.00406099 -0.00406099 -0.00406099 -0.00406099 -0.00406099 -0.00406099 -0.00406099 -0.00406099 -0.00406099 -0.00406099 -0.00406099 -0.00406099 -0.00406099 -0.00406099 -0.00406099 -0.00406099 -0.00406099 -0.00406099 -0.00406099 -0.00406099 -0.00406099 -0.00406099 -0.00406099 -0.00406099 -0.00406099 -0.00406099 -0.00406099 -0.00406099 -0.00406099 -0.00406099    0.240939    0.240939    0.240939    0.240939    0.240939    0.240939    0.240939    0.240939    0.240939    0.240939    0.240939    0.240939    0.240939    0.240939    0.240939    0.240939    0.240939    0.240939    0.240939    0.240939    0.240939    0.240939    0.240939    0.240939    0.240939    0.240939    0.240939    0.240939    0.240939    0.240939 -0.00406099 -0.00406099 -0.00406099 -0.00406099
          0           0           0           0           0    0.238612    0.238612    0.238612    0.238612    0.238612    0.238612    0.238612    0.238612    0.238612    0.238612    0.238612    0.238612    0.238612    0.238612    0.238612    0.238612    0.238612    0.238612    0.238612    0.238612    0.238612    0.238612    0.238612    0.238612    0.238612    0.238612    0.238612    0.238612    0.238612    0.238612 -0.00638783 -0.00638783 -0.00638783 -0.00638783 -0.00638783 -0.00638783 -0.00638783 -0.00638783 -0.00638783 -0.00638783 -0.00638783 -0.00638783 -0.00638783 -0.00638783 -0.00638783 -0.00638783 -0.00638783 -0.00638783 -0.00638783 -0.00638783 -0.00638783 -0.00638783 -0.00638783 -0.00638783 -0.00638783 -0.00638783 -0.00638783 -0.00638783 -0.00638783 -0.00638783    0.238612    0.238612    0.238612    0.238612    0.238612    0.238612    0.238612    0.238612    0.238612    0.238612    0.238612    0.238612    0.238612    0.238612    0.238612    0.238612    0.238612    0.238612    0.238612    0.238612    0.238612    0.238612    0.238612    0.238612    0.238612    0.238612    0.238612    0.238612    0.238612    0.238612 -0.00638783 -0.00638783 -0.00638783 -0.00638783 -0.00638783
          0           0           0           0    0.235196    0.235196    0.235196    0.235196    0.235196    0.235196    0.235196    0.235196    0.235196    0.235196    0.235196    0.235196    0.235196    0.235196    0.235196    0.235196    0.235196    0.235196    0.235196    0.235196    0.235196    0.235196    0.235196    0.235196    0.235196    0.235196    0.235196    0.235196    0.235196    0.235196 -0.00980362 -0.00980362 -0.00980362 -0.00980362 -0.00980362 -0.00980362 -0.00980362 -0.00980362 -0.00980362 -0.00980362 -0.00980362 -0.00980362 -0.00980362 -0.00980362 -0.00980362 -0.00980362 -0.00980362 -0.00980362 -0.00980362 -0.00980362 -0.00980362 -0.00980362 -0.00980362 -0.00980362 -0.00980362 -0.00980362 -0.00980362 -0.00980362 -0.00980362 -0.00980362    0.235196    0.235196    0.235196    0.235196    0.235196    0.235196    0.235196    0.235196    0.235196    0.235196    0.235196    0.235196    0.235196    0.235196    0.235196    0.235196    0.235196    0.235196    0.235196    0.235196    0.235196    0.235196    0.235196    0.235196    0.235196    0.235196    0.235196    0.235196    0.235196    0.235196 -0.00980362 -0.00980362 -0.00980362 -0.00980362 -0.00980362 -0.00980362
         0          0          0   0.229752   0.229752   0.229752   0.229752   0.229752   0.229752   0.229752   0.229752   0.229752   0.229752   0.229752   0.229752   0.229752   0.229752   0.229752   0.229752   0.229752   0.229752   0.229752   0.229752   0.229752   0.229752   0.229752   0.229752   0.229752   0.229752   0.229752   0.229752   0.229752   0.229752 -0.0152478 -0.0152478 -0.0152478 -0.0152478 -0.0152478 -0.0152478 -0.0152478 -0.0152478 -0.0152478 -0.0152478 -0.0152478 -0.0152478 -0.0152478 -0.0152478 -0.0152478 -0.0152478 -0.0152478 -0.0152478 -0.0152478 -0.0152478 -0.0152478 -0.0152478 -0.0152478 -0.0152478 -0.0152478 -0.0152478 -0.0152478 -0.0152478 -0.0152478 -0.0152478   0.229752   0.229752   0.229752   0.229752   0.229752   0.229752   0.229752   0.229752   0.229752   0.229752   0.229752   0.229752   0.229752   0.229752   0.229752   0.229752   0.229752   0.229752   0.229752   0.229752   0.229752   0.229752   0.229752   0.229752   0.229752   0.229752   0.229752   0.229752   0.229752   0.229752 -0.0152478 -0.0152478 -0.0152478 -0.0152478 -0.0152478 -0.0152478 -0.0152478
         0          0     0.2234     0.2234     0.2234     0.2234     0.2234     0.2234     0.2234     0.2234     0.2234     0.2234     0.2234     0.2234     0.2234     0.2234     0.2234     0.2234     0.2234     0.2234     0.2234     0.2234     0.2234     0.2234     0.2234     0.2234     0.2234     0.2234     0.2234     0.2234     0.2234     0.2234 -0.0216003 -0.0216003 -0.0216003 -0.0216003 -0.0216003 -0.0216003 -0.0216003 -0.0216003 -0.0216003 -0.0216003 -0.0216003 -0.0216003 -0.0216003 -0.0216003 -0.0216003 -0.0216003 -0.0216003 -0.0216003 -0.0216003 -0.0216003 -0.0216003 -0.0216003 -0.0216003 -0.0216003 -0.0216003 -0.0216003 -0.0216003 -0.0216003 -0.0216003 -0.0216003     0.2234     0.2234     0.2234     0.2234     0.2234     0.2234     0.2234     0.2234     0.2234     0.2234     0.2234     0.2234     0.2234     0.2234     0.2234     0.2234     0.2234     0.2234     0.2234     0.2234     0.2234     0.2234     0.2234     0.2234     0.2234     0.2234     0.2234     0.2234     0.2234     0.2234 -0.0216003 -0.0216003 -0.0216003 -0.0216003 -0.0216003 -0.0216003 -0.0216003 -0.0216003
         0   0.218295   0.218295   0.218295   0.218295   0.218295   0.218295   0.218295   0.218295   0.218295   0.218295   0.218295   0.218295   0.218295   0.218295   0.218295   0.218295   0.218295   0.218295   0.218295   0.218295   0.218295   0.218295   0.218295   0.218295   0.218295   0.218295   0.218295   0.218295   0.218295   0.218295 -0.0267052 -0.0267052 -0.0267052 -0.0267052 -0.0267052 -0.0267052 -0.0267052 -0.0267052 -0.0267052 -0.0267052 -0.0267052 -0.0267052 -0.0267052 -0.0267052 -0.0267052 -0.0267052 -0.0267052 -0.0267052 -0.0267052 -0.0267052 -0.0267052 -0.0267052 -0.0267052 -0.0267052 -0.0267052 -0.0267052 -0.0267052 -0.0267052 -0.0267052 -0.0267052   0.218295   0.218295   0.218295   0.218295   0.218295   0.218295   0.218295   0.218295   0.218295   0.218295   0.218295   0.218295   0.218295   0.218295   0.218295   0.218295   0.218295   0.218295   0.218295   0.218295   0.218295   0.218295   0.218295   0.218295   0.218295   0.218295   0.218295   0.218295   0.218295   0.218295 -0.0267052 -0.0267052 -0.0267052 -0.0267052 -0.0267052 -0.0267052 -0.0267052 -0.0267052 -0.0267052
        0         0         0         0         0         0         0         0         0         0         0         0         0         0         0         0         0         0         0         0         0         0         0         0         0         0         0         0         0         0 -0.272658 -0.272658 -0.272658 -0.272658 -0.272658 -0.272658 -0.272658 -0.272658 -0.272658 -0.272658 -0.272658 -0.272658 -0.272658 -0.272658 -0.272658 -0.272658 -0.272658 -0.272658 -0.272658 -0.272658 -0.272658 -0.272658 -0.272658 -0.272658 -0.272658 -0.272658 -0.272658 -0.272658 -0.272658 -0.272658 -0.027658 -0.027658 -0.027658 -0.027658 -0.027658 -0.027658 -0.027658 -0.027658 -0.027658 -0.027658 -0.027658 -0.027658 -0.027658 -0.027658 -0.027658 -0.027658 -0.027658 -0.027658 -0.027658 -0.027658 -0.027658 -0.027658 -0.027658 -0.027658 -0.027658 -0.027658 -0.027658 -0.027658 -0.027658 -0.027658 -0.272658 -0.272658 -0.272658 -0.272658 -0.272658 -0.272658 -0.272658 -0.272658 -0.272658 -0.272658
          0           0           0           0           0           0           0           0           0           0           0           0           0           0           0           0           0           0           0           0           0           0           0           0           0           0           0           0           0   -0.250532   -0.250532   -0.250532   -0.250532   -0.250532   -0.250532   -0.250532   -0.250532   -0.250532   -0.250532   -0.250532   -0.250532   -0.250532   -0.250532   -0.250532   -0.250532   -0.250532   -0.250532   -0.250532   -0.250532   -0.250532   -0.250532   -0.250532   -0.250532   -0.250532   -0.250532   -0.250532   -0.250532   -0.250532   -0.250532 -0.00553161 -0.00553161 -0.00553161 -0.00553161 -0.00553161 -0.00553161 -0.00553161 -0.00553161 -0.00553161 -0.00553161 -0.00553161 -0.00553161 -0.00553161 -0.00553161 -0.00553161 -0.00553161 -0.00553161 -0.00553161 -0.00553161 -0.00553161 -0.00553161 -0.00553161 -0.00553161 -0.00553161 -0.00553161 -0.00553161 -0.00553161 -0.00553161 -0.00553161 -0.00553161   -0.250532   -0.250532   -0.250532   -0.250532   -0.250532   -0.250532   -0.250532   -0.250532   -0.250532   -0.250532   -0.250532
     0      0      0      0      0      0      0      0      0      0      0      0      0      0      0      0      0      0      0      0      0      0      0      0      0      0      0      0 -0.245 -0.245 -0.245 -0.245 -0.245 -0.245 -0.245 -0.245 -0.245 -0.245 -0.245 -0.245 -0.245 -0.245 -0.245 -0.245 -0.245 -0.245 -0.245 -0.245 -0.245 -0.245 -0.245 -0.245 -0.245 -0.245 -0.245 -0.245 -0.245 -0.245      0      0      0      0      0      0      0      0      0      0      0      0      0      0      0      0      0      0      0      0      0      0      0      0      0      0      0      0      0      0 -0.245 -0.245 -0.245 -0.245 -0.245 -0.245 -0.245 -0.245 -0.245 -0.245 -0.245 -0.245
     0      0      0      0      0      0      0      0      0      0      0      0      0      0      0      0      0      0      0      0      0      0      0      0      0      0      0 -0.245 -0.245 -0.245 -0.245 -0.245 -0.245 -0.245 -0.245 -0.245 -0.245 -0.245 -0.245 -0.245 -0.245 -0.245 -0.245 -0.245 -0.245 -0.245 -0.245 -0.245 -0.245 -0.245 -0.245 -0.245 -0.245 -0.245 -0.245 -0.245 -0.245      0      0      0      0      0      0      0      0      0      0      0      0      0      0      0      0      0      0      0      0      0      0      0      0      0      0      0      0      0      0 -0.245 -0.245 -0.245 -0.245 -0.245 -0.245 -0.245 -0.245 -0.245 -0.245 -0.245 -0.245 -0.245
     0      0      0      0      0      0      0      0      0      0      0      0      0      0      0      0      0      0      0      0      0      0      0      0      0      0 -0.245 -0.245 -0.245 -0.245 -0.245 -0.245 -0.245 -0.245 -0.245 -0.245 -0.245 -0.245 -0.245 -0.245 -0.245 -0.245 -0.245 -0.245 -0.245 -0.245 -0.245 -0.245 -0.245 -0.245 -0.245 -0.245 -0.245 -0.245 -0.245 -0.245      0      0      0      0      0      0      0      0      0      0      0      0      0      0      0      0      0      0      0      0      0      0      0      0      0      0      0      0      0      0 -0.245 -0.245 -0.245 -0.245 -0.245 -0.245 -0.245 -0.245 -0.245 -0.245 -0.245 -0.245 -0.245 -0.245
     0      0      0      0      0      0      0      0      0      0      0      0      0      0      0      0      0      0      0      0      0      0      0      0      0 -0.245 -0.245 -0.245 -0.245 -0.245 -0.245 -0.245 -0.245 -0.245 -0.245 -0.245 -0.245 -0.245 -0.245 -0.245 -0.245 -0.245 -0.245 -0.245 -0.245 -0.245 -0.245 -0.245 -0.245 -0.245 -0.245 -0.245 -0.245 -0.245 -0.245      0      0      0      0      0      0      0      0      0      0      0      0      0      0      0      0      0      0      0      0      0      0      0      0      0      0      0      0      0      0 -0.245 -0.245 -0.245 -0.245 -0.245 -0.245 -0.245 -0.245 -0.245 -0.245 -0.245 -0.245 -0.245 -0.245 -0.245
     0      0      0      0      0      0      0      0      0      0      0      0      0      0      0      0      0      0      0      0      0      0      0      0 -0.245 -0.245 -0.245 -0.245 -0.245 -0.245 -0.245 -0.245 -0.245 -0.245 -0.245 -0.245 -0.245 -0.245 -0.245 -0.245 -0.245 -0.245 -0.245 -0.245 -0.245 -0.245 -0.245 -0.245 -0.245 -0.245 -0.245 -0.245 -0.245 -0.245      0      0      0      0      0      0      0      0      0      0      0      0      0      0      0      0      0      0      0      0      0      0      0      0      0      0      0      0      0      0 -0.245 -0.245 -0.245 -0.245 -0.245 -0.245 -0.245 -0.245 -0.245 -0.245 -0.245 -0.245 -0.245 -0.245 -0.245 -0.245
     0      0      0      0      0      0      0      0      0      0      0      0      0      0      0      0      0      0      0      0      0      0      0 -0.245 -0.245 -0.245 -0.245 -0.245 -0.245 -0.245 -0.245 -0.245 -0.245 -0.245 -0.245 -0.245 -0.245 -0.245 -0.245 -0.245 -0.245 -0.245 -0.245 -0.245 -0.245 -0.245 -0.245 -0.245 -0.245 -0.245 -0.245 -0.245 -0.245      0      0      0      0      0      0      0      0      0      0      0      0      0      0      0      0      0      0      0      0      0      0      0      0      0      0      0      0      0      0 -0.245 -0.245 -0.245 -0.245 -0.245 -0.245 -0.245 -0.245 -0.245 -0.245 -0.245 -0.245 -0.245 -0.245 -0.245 -0.245 -0.245
     0      0      0      0      0      0      0      0      0      0      0      0      0      0      0      0      0      0      0      0      0      0 -0.245 -0.245 -0.245 -0.245 -0.245 -0.245 -0.245 -0.245 -0.245 -0.245 -0.245 -0.245 -0.245 -0.245 -0.245 -0.245 -0.245 -0.245 -0.245 -0.245 -0.245 -0.245 -0.245 -0.245 -0.245 -0.245 -0.245 -0.245 -0.245 -0.245      0      0      0      0      0      0      0      0      0      0      0      0      0      0      0      0      0      0      0      0      0      0      0      0      0      0      0      0      0      0 -0.245 -0.245 -0.245 -0.245 -0.245 -0.245 -0.245 -0.245 -0.245 -0.245 -0.245 -0.245 -0.245 -0.245 -0.245 -0.245 -0.245 -0.245
     0      0      0      0      0      0      0      0      0      0      0      0      0      0      0      0      0      0      0      0      0 -0.245 -0.245 -0.245 -0.245 -0.245 -0.245 -0.245 -0.245 -0.245 -0.245 -0.245 -0.245 -0.245 -0.245 -0.245 -0.245 -0.245 -0.245 -0.245 -0.245 -0.245 -0.245 -0.245 -0.245 -0.245 -0.245 -0.245 -0.245 -0.245 -0.245      0      0      0      0      0      0      0      0      0      0      0      0      0      0      0      0      0      0      0      0      0      0      0      0      0      0      0      0      0      0 -0.245 -0.245 -0.245 -0.245 -0.245 -0.245 -0.245 -0.245 -0.245 -0.245 -0.245 -0.245 -0.245 -0.245 -0.245 -0.245 -0.245 -0.245 -0.245
     0      0      0      0      0      0      0      0      0      0      0      0      0      0      0      0      0      0      0      0 -0.245 -0.245 -0.245 -0.245 -0.245 -0.245 -0.245 -0.245 -0.245 -0.245 -0.245 -0.245 -0.245 -0.245 -0.245 -0.245 -0.245 -0.245 -0.245 -0.245 -0.245 -0.245 -0.245 -0.245 -0.245 -0.245 -0.245 -0.245 -0.245 -0.245      0      0      0      0      0      0      0      0      0      0      0      0      0      0      0      0      0      0      0      0      0      0      0      0      0      0      0      0      0      0 -0.245 -0.245 -0.245 -0.245 -0.245 -0.245 -0.245 -0.245 -0.245 -0.245 -0.245 -0.245 -0.245 -0.245 -0.245 -0.245 -0.245 -0.245 -0.245 -0.245
     0      0      0      0      0      0      0      0      0      0      0      0      0      0      0      0      0      0      0 -0.245 -0.245 -0.245 -0.245 -0.245 -0.245 -0.245 -0.245 -0.245 -0.245 -0.245 -0.245 -0.245 -0.245 -0.245 -0.245 -0.245 -0.245 -0.245 -0.245 -0.245 -0.245 -0.245 -0.245 -0.245 -0.245 -0.245 -0.245 -0.245 -0.245      0      0      0      0      0      0      0      0      0      0      0      0      0      0      0      0      0      0      0      0      0      0      0      0      0      0      0      0      0      0 -0.245 -0.245 -0.245 -0.245 -0.245 -0.245 -0.245 -0.245 -0.245 -0.245 -0.245 -0.245 -0.245 -0.245 -0.245 -0.245 -0.245 -0.245 -0.245 -0.245 -0.245
     0      0      0      0      0      0      0      0      0      0      0      0      0      0      0      0      0      0 -0.245 -0.245 -0.245 -0.245 -0.245 -0.245 -0.245 -0.245 -0.245 -0.245 -0.245 -0.245 -0.245 -0.245 -0.245 -0.245 -0.245 -0.245 -0.245 -0.245 -0.245 -0.245 -0.245 -0.245 -0.245 -0.245 -0.245 -0.245 -0.245 -0.245      0      0      0      0      0      0      0      0      0      0      0      0      0      0      0      0      0      0      0      0      0      0      0      0      0      0      0      0      0      0 -0.245 -0.245 -0.245 -0.245 -0.245 -0.245 -0.245 -0.245 -0.245 -0.245 -0.245 -0.245 -0.245 -0.245 -0.245 -0.245 -0.245 -0.245 -0.245 -0.245 -0.245 -0.245
     0      0      0      0      0      0      0      0      0      0      0      0      0      0      0      0      0 -0.245 -0.245 -0.245 -0.245 -0.245 -0.245 -0.245 -0.245 -0.245 -0.245 -0.245 -0.245 -0.245 -0.245 -0.245 -0.245 -0.245 -0.245 -0.245 -0.245 -0.245 -0.245 -0.245 -0.245 -0.245 -0.245 -0.245 -0.245 -0.245 -0.245      0      0      0      0      0      0      0      0      0      0      0      0      0      0      0      0      0      0      0      0      0      0      0      0      0      0      0      0      0      0 -0.245 -0.245 -0.245 -0.245 -0.245 -0.245 -0.245 -0.245 -0.245 -0.245 -0.245 -0.245 -0.245 -0.245 -0.245 -0.245 -0.245 -0.245 -0.245 -0.245 -0.245 -0.245 -0.245
     0      0      0      0      0      0      0      0      0      0      0      0      0      0      0      0 -0.245 -0.245 -0.245 -0.245 -0.245 -0.245 -0.245 -0.245 -0.245 -0.245 -0.245 -0.245 -0.245 -0.245 -0.245 -0.245 -0.245 -0.245 -0.245 -0.245 -0.245 -0.245 -0.245 -0.245 -0.245 -0.245 -0.245 -0.245 -0.245 -0.245      0      0      0      0      0      0      0      0      0      0      0      0      0      0      0      0      0      0      0      0      0      0      0      0      0      0      0      0      0      0 -0.245 -0.245 -0.245 -0.245 -0.245 -0.245 -0.245 -0.245 -0.245 -0.245 -0.245 -0.245 -0.245 -0.245 -0.245 -0.245 -0.245 -0.245 -0.245 -0.245 -0.245 -0.245 -0.245 -0.245
     0      0      0      0      0      0      0      0      0      0      0      0      0      0      0 -0.245 -0.245 -0.245 -0.245 -0.245 -0.245 -0.245 -0.245 -0.245 -0.245 -0.245 -0.245 -0.245 -0.245 -0.245 -0.245 -0.245 -0.245 -0.245 -0.245 -0.245 -0.245 -0.245 -0.245 -0.245 -0.245 -0.245 -0.245 -0.245 -0.245      0      0      0      0      0      0      0      0      0      0      0      0      0      0      0      0      0      0      0      0      0      0      0      0      0      0      0      0      0      0 -0.245 -0.245 -0.245 -0.245 -0.245 -0.245 -0.245 -0.245 -0.245 -0.245 -0.245 -0.245 -0.245 -0.245 -0.245 -0.245 -0.245 -0.245 -0.245 -0.245 -0.245 -0.245 -0.245 -0.245 -0.245
     0      0      0      0      0      0      0      0      0      0      0      0      0      0 -0.245 -0.245 -0.245 -0.245 -0.245 -0.245 -0.245 -0.245 -0.245 -0.245 -0.245 -0.245 -0.245 -0.245 -0.245 -0.245 -0.245 -0.245 -0.245 -0.245 -0.245 -0.245 -0.245 -0.245 -0.245 -0.245 -0.245 -0.245 -0.245 -0.245      0      0      0      0      0      0      0      0      0      0      0      0      0      0      0      0      0      0      0      0      0      0      0      0      0      0      0      0      0      0 -0.245 -0.245 -0.245 -0.245 -0.245 -0.245 -0.245 -0.245 -0.245 -0.245 -0.245 -0.245 -0.245 -0.245 -0.245 -0.245 -0.245 -0.245 -0.245 -0.245 -0.245 -0.245 -0.245 -0.245 -0.245 -0.245
     0      0      0      0      0      0      0      0      0      0      0      0      0 -0.245 -0.245 -0.245 -0.245 -0.245 -0.245 -0.245 -0.245 -0.245 -0.245 -0.245 -0.245 -0.245 -0.245 -0.245 -0.245 -0.245 -0.245 -0.245 -0.245 -0.245 -0.245 -0.245 -0.245 -0.245 -0.245 -0.245 -0.245 -0.245 -0.245      0      0      0      0      0      0      0      0      0      0      0      0      0      0      0      0      0      0      0      0      0      0      0      0      0      0      0      0      0      0 -0.245 -0.245 -0.245 -0.245 -0.245 -0.245 -0.245 -0.245 -0.245 -0.245 -0.245 -0.245 -0.245 -0.245 -0.245 -0.245 -0.245 -0.245 -0.245 -0.245 -0.245 -0.245 -0.245 -0.245 -0.245 -0.245 -0.245
     0      0      0      0      0      0      0      0      0      0      0      0 -0.245 -0.245 -0.245 -0.245 -0.245 -0.245 -0.245 -0.245 -0.245 -0.245 -0.245 -0.245 -0.245 -0.245 -0.245 -0.245 -0.245 -0.245 -0.245 -0.245 -0.245 -0.245 -0.245 -0.245 -0.245 -0.245 -0.245 -0.245 -0.245 -0.245      0      0      0      0      0      0      0      0      0      0      0      0      0      0      0      0      0      0      0      0      0      0      0      0      0      0      0      0      0      0 -0.245 -0.245 -0.245 -0.245 -0.245 -0.245 -0.245 -0.245 -0.245 -0.245 -0.245 -0.245 -0.245 -0.245 -0.245 -0.245 -0.245 -0.245 -0.245 -0.245 -0.245 -0.245 -0.245 -0.245 -0.245 -0.245 -0.245 -0.245
     0      0      0      0      0      0      0      0      0      0      0 -0.245 -0.245 -0.245 -0.245 -0.245 -0.245 -0.245 -0.245 -0.245 -0.245 -0.245 -0.245 -0.245 -0.245 -0.245 -0.245 -0.245 -0.245 -0.245 -0.245 -0.245 -0.245 -0.245 -0.245 -0.245 -0.245 -0.245 -0.245 -0.245 -0.245      0      0      0      0      0      0      0      0      0      0      0      0      0      0      0      0      0      0      0      0      0      0      0      0      0      0      0      0      0      0 -0.245 -0.245 -0.245 -0.245 -0.245 -0.245 -0.245 -0.245 -0.245 -0.245 -0.245 -0.245 -0.245 -0.245 -0.245 -0.245 -0.245 -0.245 -0.245 -0.245 -0.245 -0.245 -0.245 -0.245 -0.245 -0.245 -0.245 -0.245 -0.245
     0      0      0      0      0      0      0      0      0      0 -0.245 -0.245 -0.245 -0.245 -0.245 -0.245 -0.245 -0.245 -0.245 -0.245 -0.245 -0.245 -0.245 -0.245 -0.245 -0.245 -0.245 -0.245 -0.245 -0.245 -0.245 -0.245 -0.245 -0.245 -0.245 -0.245 -0.245 -0.245 -0.245 -0.245      0      0      0      0      0      0      0      0      0      0      0      0      0      0      0      0      0      0      0      0      0      0      0      0      0      0      0      0      0      0 -0.245 -0.245 -0.245 -0.245 -0.245 -0.245 -0.245 -0.245 -0.245 -0.245 -0.245 -0.245 -0.245 -0.245 -0.245 -0.245 -0.245 -0.245 -0.245 -0.245 -0.245 -0.245 -0.245 -0.245 -0.245 -0.245 -0.245 -0.245 -0.245 -0.245
     0      0      0      0      0      0      0      0      0 -0.245 -0.245 -0.245 -0.245 -0.245 -0.245 -0.245 -0.245 -0.245 -0.245 -0.245 -0.245 -0.245 -0.245 -0.245 -0.245 -0.245 -0.245 -0.245 -0.245 -0.245 -0.245 -0.245 -0.245 -0.245 -0.245 -0.245 -0.245 -0.245 -0.245      0      0      0      0      0      0      0      0      0      0      0      0      0      0      0      0      0      0      0      0      0      0      0      0      0      0      0      0      0      0 -0.245 -0.245 -0.245 -0.245 -0.245 -0.245 -0.245 -0.245 -0.245 -0.245 -0.245 -0.245 -0.245 -0.245 -0.245 -0.245 -0.245 -0.245 -0.245 -0.245 -0.245 -0.245 -0.245 -0.245 -0.245 -0.245 -0.245 -0.245 -0.245 -0.245      0
     0      0      0      0      0      0      0      0 -0.245 -0.245 -0.245 -0.245 -0.245 -0.245 -0.245 -0.245 -0.245 -0.245 -0.245 -0.245 -0.245 -0.245 -0.245 -0.245 -0.245 -0.245 -0.245 -0.245 -0.245 -0.245 -0.245 -0.245 -0.245 -0.245 -0.245 -0.245 -0.245 -0.245      0      0      0      0      0      0      0      0      0      0      0      0      0      0      0      0      0      0      0      0      0      0      0      0      0      0      0      0      0      0 -0.245 -0.245 -0.245 -0.245 -0.245 -0.245 -0.245 -0.245 -0.245 -0.245 -0.245 -0.245 -0.245 -0.245 -0.245 -0.245 -0.245 -0.245 -0.245 -0.245 -0.245 -0.245 -0.245 -0.245 -0.245 -0.245 -0.245 -0.245 -0.245 -0.245      0      0
     0      0      0      0      0      0      0 -0.245 -0.245 -0.245 -0.245 -0.245 -0.245 -0.245 -0.245 -0.245 -0.245 -0.245 -0.245 -0.245 -0.245 -0.245 -0.245 -0.245 -0.245 -0.245 -0.245 -0.245 -0.245 -0.245 -0.245 -0.245 -0.245 -0.245 -0.245 -0.245 -0.245      0      0      0      0      0      0      0      0      0      0      0      0      0      0      0      0      0      0      0      0      0      0      0      0      0      0      0      0      0      0 -0.245 -0.245 -0.245 -0.245 -0.245 -0.245 -0.245 -0.245 -0.245 -0.245 -0.245 -0.245 -0.245 -0.245 -0.245 -0.245 -0.245 -0.245 -0.245 -0.245 -0.245 -0.245 -0.245 -0.245 -0.245 -0.245 -0.245 -0.245 -0.245 -0.245      0      0      0
     0      0      0      0      0      0 -0.245 -0.245 -0.245 -0.245 -0.245 -0.245 -0.245 -0.245 -0.245 -0.245 -0.245 -0.245 -0.245 -0.245 -0.245 -0.245 -0.245 -0.245 -0.245 -0.245 -0.245 -0.245 -0.245 -0.245 -0.245 -0.245 -0.245 -0.245 -0.245 -0.245      0      0      0      0      0      0      0      0      0      0      0      0      0      0      0      0      0      0      0      0      0      0      0      0      0      0      0      0      0      0 -0.245 -0.245 -0.245 -0.245 -0.245 -0.245 -0.245 -0.245 -0.245 -0.245 -0.245 -0.245 -0.245 -0.245 -0.245 -0.245 -0.245 -0.245 -0.245 -0.245 -0.245 -0.245 -0.245 -0.245 -0.245 -0.245 -0.245 -0.245 -0.245 -0.245      0      0      0      0
     0      0      0      0      0 -0.245 -0.245 -0.245 -0.245 -0.245 -0.245 -0.245 -0.245 -0.245 -0.245 -0.245 -0.245 -0.245 -0.245 -0.245 -0.245 -0.245 -0.245 -0.245 -0.245 -0.245 -0.245 -0.245 -0.245 -0.245 -0.245 -0.245 -0.245 -0.245 -0.245      0      0      0      0      0      0      0      0      0      0      0      0      0      0      0      0      0      0      0      0      0      0      0      0      0      0      0      0      0      0 -0.245 -0.245 -0.245 -0.245 -0.245 -0.245 -0.245 -0.245 -0.245 -0.245 -0.245 -0.245 -0.245 -0.245 -0.245 -0.245 -0.245 -0.245 -0.245 -0.245 -0.245 -0.245 -0.245 -0.245 -0.245 -0.245 -0.245 -0.245 -0.245 -0.245      0      0      0      0      0
     0      0      0      0 -0.245 -0.245 -0.245 -0.245 -0.245 -0.245 -0.245 -0.245 -0.245 -0.245 -0.245 -0.245 -0.245 -0.245 -0.245 -0.245 -0.245 -0.245 -0.245 -0.245 -0.245 -0.245 -0.245 -0.245 -0.245 -0.245 -0.245 -0.245 -0.245 -0.245      0      0      0      0      0      0      0      0      0      0      0      0      0      0      0      0      0      0      0      0      0      0      0      0      0      0      0      0      0      0 -0.245 -0.245 -0.245 -0.245 -0.245 -0.245 -0.245 -0.245 -0.245 -0.245 -0.245 -0.245 -0.245 -0.245 -0.245 -0.245 -0.245 -0.245 -0.245 -0.245 -0.245 -0.245 -0.245 -0.245 -0.245 -0.245 -0.245 -0.245 -0.245 -0.245      0      0      0      0      0      0
     0      0      0 -0.245 -0.245 -0.245 -0.245 -0.245 -0.245 -0.245 -0.245 -0.245 -0.245 -0.245 -0.245 -0.245 -0.245 -0.245 -0.245 -0.245 -0.245 -0.245 -0.245 -0.245 -0.245 -0.245 -0.245 -0.245 -0.245 -0.245 -0.245 -0.245 -0.245      0      0      0      0      0      0      0      0      0      0      0      0      0      0      0      0      0      0      0      0      0      0      0      0      0      0      0      0      0      0 -0.245 -0.245 -0.245 -0.245 -0.245 -0.245 -0.245 -0.245 -0.245 -0.245 -0.245 -0.245 -0.245 -0.245 -0.245 -0.245 -0.245 -0.245 -0.245 -0.245 -0.245 -0.245 -0.245 -0.245 -0.245 -0.245 -0.245 -0.245 -0.245 -0.245      0      0      0      0      0      0      0
     0      0 -0.245 -0.245 -0.245 -0.245 -0.245 -0.245 -0.245 -0.245 -0.245 -0.245 -0.245 -0.245 -0.245 -0.245 -0.245 -0.245 -0.245 -0.245 -0.245 -0.245 -0.245 -0.245 -0.245 -0.245 -0.245 -0.245 -0.245 -0.245 -0.245 -0.245      0      0      0      0      0      0      0      0      0      0      0      0      0      0      0      0      0      0      0      0      0      0      0      0      0      0      0      0      0      0 -0.245 -0.245 -0.245 -0.245 -0.245 -0.245 -0.245 -0.245 -0.245 -0.245 -0.245 -0.245 -0.245 -0.245 -0.245 -0.245 -0.245 -0.245 -0.245 -0.245 -0.245 -0.245 -0.245 -0.245 -0.245 -0.245 -0.245 -0.245 -0.245 -0.245      0      0      0      0      0      0      0      0
     0 -0.245 -0.245 -0.245 -0.245 -0.245 -0.245 -0.245 -0.245 -0.245 -0.245 -0.245 -0.245 -0.245 -0.245 -0.245 -0.245 -0.245 -0.245 -0.245 -0.245 -0.245 -0.245 -0.245 -0.245 -0.245 -0.245 -0.245 -0.245 -0.245 -0.245      0      0      0      0      0      0      0      0      0      0      0      0      0      0      0      0      0      0      0      0      0      0      0      0      0      0      0      0      0      0 -0.245 -0.245 -0.245 -0.245 -0.245 -0.245 -0.245 -0.245 -0.245 -0.245 -0.245 -0.245 -0.245 -0.245 -0.245 -0.245 -0.245 -0.245 -0.245 -0.245 -0.245 -0.245 -0.245 -0.245 -0.245 -0.245 -0.245 -0.245 -0.245 -0.245      0      0      0      0      0      0      0      0      0
    0     0     0     0     0     0     0     0     0     0     0     0     0     0     0     0     0     0     0     0     0     0     0     0     0     0     0     0     0     0 0.245 0.245 0.245 0.245 0.245 0.245 0.245 0.245 0.245 0.245 0.245 0.245 0.245 0.245 0.245 0.245 0.245 0.245 0.245 0.245 0.245 0.245 0.245 0.245 0.245 0.245 0.245 0.245 0.245 0.245     0     0     0     0     0     0     0     0     0     0     0     0     0     0     0     0     0     0     0     0     0     0     0     0     0     0     0     0     0     0 0.245 0.245 0.245 0.245 0.245 0.245 0.245 0.245 0.245 0.245
          0           0           0           0           0           0           0           0           0           0           0           0           0           0           0           0           0           0           0           0           0           0           0           0           0           0           0           0           0    0.245287    0.245287    0.245287    0.245287    0.245287    0.245287    0.245287    0.245287    0.245287    0.245287    0.245287    0.245287    0.245287    0.245287    0.245287    0.245287    0.245287    0.245287    0.245287    0.245287    0.245287    0.245287    0.245287    0.245287    0.245287    0.245287    0.245287    0.245287    0.245287    0.245287 0.000286693 0.000286693 0.000286693 0.000286693 0.000286693 0.000286693 0.000286693 0.000286693 0.000286693 0.000286693 0.000286693 0.000286693 0.000286693 0.000286693 0.000286693 0.000286693 0.000286693 0.000286693 0.000286693 0.000286693 0.000286693 0.000286693 0.000286693 0.000286693 0.000286693 0.000286693 0.000286693 0.000286693 0.000286693 0.000286693    0.245287    0.245287    0.245287    0.245287    0.245287    0.245287    0.245287    0.245287    0.245287    0.245287    0.245287
          0           0           0           0           0           0           0           0           0           0           0           0           0           0           0           0           0           0           0           0           0           0           0           0           0           0           0           0    0.245341    0.245341    0.245341    0.245341    0.245341    0.245341    0.245341    0.245341    0.245341    0.245341    0.245341    0.245341    0.245341    0.245341    0.245341    0.245341    0.245341    0.245341    0.245341    0.245341    0.245341    0.245341    0.245341    0.245341    0.245341    0.245341    0.245341    0.245341    0.245341    0.245341 0.000340545 0.000340545 0.000340545 0.000340545 0.000340545 0.000340545 0.000340545 0.000340545 0.000340545 0.000340545 0.000340545 0.000340545 0.000340545 0.000340545 0.000340545 0.000340545 0.000340545 0.000340545 0.000340545 0.000340545 0.000340545 0.000340545 0.000340545 0.000340545 0.000340545 0.000340545 0.000340545 0.000340545 0.000340545 0.000340545    0.245341    0.245341    0.245341    0.245341    0.245341    0.245341    0.245341    0.245341    0.245341    0.245341    0.245341    0.245341
         0          0          0          0          0          0          0          0          0          0          0          0          0          0          0          0          0          0          0          0          0          0          0          0          0          0          0   0.245335   0.245335   0.245335   0.245335   0.245335   0.245335   0.245335   0.245335   0.245335   0.245335   0.245335   0.245335   0.245335   0.245335   0.245335   0.245335   0.245335   0.245335   0.245335   0.245335   0.245335   0.245335   0.245335   0.245335   0.245335   0.245335   0.245335   0.245335   0.245335   0.245335 0.00033508 0.00033508 0.00033508 0.00033508 0.00033508 0.00033508 0.00033508 0.00033508 0.00033508 0.00033508 0.00033508 0.00033508 0.00033508 0.00033508 0.00033508 0.00033508 0.00033508 0.00033508 0.00033508 0.00033508 0.00033508 0.00033508 0.00033508 0.00033508 0.00033508 0.00033508 0.00033508 0.00033508 0.00033508 0.00033508   0.245335   0.245335   0.245335   0.245335   0.245335   0.245335   0.245335   0.245335   0.245335   0.245335   0.245335   0.245335   0.245335
          0           0           0           0           0           0           0           0           0           0           0           0           0           0           0           0           0           0           0           0           0           0           0           0           0           0    0.245324    0.245324    0.245324    0.245324    0.245324    0.245324    0.245324    0.245324    0.245324    0.245324    0.245324    0.245324    0.245324    0.245324    0.245324    0.245324    0.245324    0.245324    0.245324    0.245324    0.245324    0.245324    0.245324    0.245324    0.245324    0.245324    0.245324    0.245324    0.245324    0.245324 0.000323972 0.000323972 0.000323972 0.000323972 0.000323972 0.000323972 0.000323972 0.000323972 0.000323972 0.000323972 0.000323972 0.000323972 0.000323972 0.000323972 0.000323972 0.000323972 0.000323972 0.000323972 0.000323972 0.000323972 0.000323972 0.000323972 0.000323972 0.000323972 0.000323972 0.000323972 0.000323972 0.000323972 0.000323972 0.000323972    0.245324    0.245324    0.245324    0.245324    0.245324    0.245324    0.245324    0.245324    0.245324    0.245324    0.245324    0.245324    0.245324    0.245324
          0           0           0           0           0           0           0           0           0           0           0           0           0           0           0           0           0           0           0           0           0           0           0           0           0    0.245317    0.245317    0.245317    0.245317    0.245317    0.245317    0.245317    0.245317    0.245317    0.245317    0.245317    0.245317    0.245317    0.245317    0.245317    0.245317    0.245317    0.245317    0.245317    0.245317    0.245317    0.245317    0.245317    0.245317    0.245317    0.245317    0.245317    0.245317    0.245317    0.245317 0.000316872 0.000316872 0.000316872 0.000316872 0.000316872 0.000316872 0.000316872 0.000316872 0.000316872 0.000316872 0.000316872 0.000316872 0.000316872 0.000316872 0.000316872 0.000316872 0.000316872 0.000316872 0.000316872 0.000316872 0.000316872 0.000316872 0.000316872 0.000316872 0.000316872 0.000316872 0.000316872 0.000316872 0.000316872 0.000316872    0.245317    0.245317    0.245317    0.245317    0.245317    0.245317    0.245317    0.245317    0.245317    0.245317    0.245317    0.245317    0.245317    0.245317    0.245317
          0           0           0           0           0           0           0           0           0           0           0           0           0           0           0           0           0           0           0           0           0           0           0           0    0.245315    0.245315    0.245315    0.245315    0.245315    0.245315    0.245315    0.245315    0.245315    0.245315    0.245315    0.245315    0.245315    0.245315    0.245315    0.245315    0.245315    0.245315    0.245315    0.245315    0.245315    0.245315    0.245315    0.245315    0.245315    0.245315    0.245315    0.245315    0.245315    0.245315 0.000315459 0.000315459 0.000315459 0.000315459 0.000315459 0.000315459 0.000315459 0.000315459 0.000315459 0.000315459 0.000315459 0.000315459 0.000315459 0.000315459 0.000315459 0.000315459 0.000315459 0.000315459 0.000315459 0.000315459 0.000315459 0.000315459 0.000315459 0.000315459 0.000315459 0.000315459 0.000315459 0.000315459 0.000315459 0.000315459    0.245315    0.245315    0.245315    0.245315    0.245315    0.245315    0.245315    0.245315    0.245315    0.245315    0.245315    0.245315    0.245315    0.245315    0.245315    0.245315
          0           0           0           0           0           0           0           0           0           0           0           0           0           0           0           0           0           0           0           0           0           0           0    0.245325    0.245325    0.245325    0.245325    0.245325    0.245325    0.245325    0.245325    0.245325    0.245325    0.245325    0.245325    0.245325    0.245325    0.245325    0.245325    0.245325    0.245325    0.245325    0.245325    0.245325    0.245325    0.245325    0.245325    0.245325    0.245325    0.245325    0.245325    0.245325    0.245325 0.000325481 0.000325481 0.000325481 0.000325481 0.000325481 0.000325481 0.000325481 0.000325481 0.000325481 0.000325481 0.000325481 0.000325481 0.000325481 0.000325481 0.000325481 0.000325481 0.000325481 0.000325481 0.000325481 0.000325481 0.000325481 0.000325481 0.000325481 0.000325481 0.000325481 0.000325481 0.000325481 0.000325481 0.000325481 0.000325481    0.245325    0.245325    0.245325    0.245325    0.245325    0.245325    0.245325    0.245325    0.245325    0.245325    0.245325    0.245325    0.245325    0.245325    0.245325    0.245325    0.245325
          0           0           0           0           0           0           0           0           0           0           0           0           0           0           0           0           0           0           0           0           0           0    0.245353    0.245353    0.245353    0.245353    0.245353    0.245353    0.245353    0.245353    0.245353    0.245353    0.245353    0.245353    0.245353    0.245353    0.245353    0.245353    0.245353    0.245353    0.245353    0.245353    0.245353    0.245353    0.245353    0.245353    0.245353    0.245353    0.245353    0.245353    0.245353    0.245353 0.000353446 0.000353446 0.000353446 0.000353446 0.000353446 0.000353446 0.000353446 0.000353446 0.000353446 0.000353446 0.000353446 0.000353446 0.000353446 0.000353446 0.000353446 0.000353446 0.000353446 0.000353446 0.000353446 0.000353446 0.000353446 0.000353446 0.000353446 0.000353446 0.000353446 0.000353446 0.000353446 0.000353446 0.000353446 0.000353446    0.245353    0.245353    0.245353    0.245353    0.245353    0.245353    0.245353    0.245353    0.245353    0.245353    0.245353    0.245353    0.245353    0.245353    0.245353    0.245353    0.245353    0.245353
          0           0           0           0           0           0           0           0           0           0           0           0           0           0           0           0           0           0           0           0           0      0.2454      0.2454      0.2454      0.2454      0.2454      0.2454      0.2454      0.2454      0.2454      0.2454      0.2454      0.2454      0.2454      0.2454      0.2454      0.2454      0.2454      0.2454      0.2454      0.2454      0.2454      0.2454      0.2454      0.2454      0.2454      0.2454      0.2454      0.2454      0.2454      0.2454 0.000400261 0.000400261 0.000400261 0.000400261 0.000400261 0.000400261 0.000400261 0.000400261 0.000400261 0.000400261 0.000400261 0.000400261 0.000400261 0.000400261 0.000400261 0.000400261 0.000400261 0.000400261 0.000400261 0.000400261 0.000400261 0.000400261 0.000400261 0.000400261 0.000400261 0.000400261 0.000400261 0.000400261 0.000400261 0.000400261      0.2454      0.2454      0.2454      0.2454      0.2454      0.2454      0.2454      0.2454      0.2454      0.2454      0.2454      0.2454      0.2454      0.2454      0.2454      0.2454      0.2454      0.2454      0.2454
          0           0           0           0           0           0           0           0           0           0           0           0           0           0           0           0           0           0           0           0    0.245465    0.245465    0.245465    0.245465    0.245465    0.245465    0.245465    0.245465    0.245465    0.245465    0.245465    0.245465    0.245465    0.245465    0.245465    0.245465    0.245465    0.245465    0.245465    0.245465    0.245465    0.245465    0.245465    0.245465    0.245465    0.245465    0.245465    0.245465    0.245465    0.245465 0.000464835 0.000464835 0.000464835 0.000464835 0.000464835 0.000464835 0.000464835 0.000464835 0.000464835 0.000464835 0.000464835 0.000464835 0.000464835 0.000464835 0.000464835 0.000464835 0.000464835 0.000464835 0.000464835 0.000464835 0.000464835 0.000464835 0.000464835 0.000464835 0.000464835 0.000464835 0.000464835 0.000464835 0.000464835 0.000464835    0.245465    0.245465    0.245465    0.245465    0.245465    0.245465    0.245465    0.245465    0.245465    0.245465    0.245465    0.245465    0.245465    0.245465    0.245465    0.245465    0.245465    0.245465    0.245465    0.245465
          0           0           0           0           0           0           0           0           0           0           0           0           0           0           0           0           0           0           0    0.245532    0.245532    0.245532    0.245532    0.245532    0.245532    0.245532    0.245532    0.245532    0.245532    0.245532    0.245532    0.245532    0.245532    0.245532    0.245532    0.245532    0.245532    0.245532    0.245532    0.245532    0.245532    0.245532    0.245532    0.245532    0.245532    0.245532    0.245532    0.245532    0.245532 0.000532233 0.000532233 0.000532233 0.000532233 0.000532233 0.000532233 0.000532233 0.000532233 0.000532233 0.000532233 0.000532233 0.000532233 0.000532233 0.000532233 0.000532233 0.000532233 0.000532233 0.000532233 0.000532233 0.000532233 0.000532233 0.000532233 0.000532233 0.000532233 0.000532233 0.000532233 0.000532233 0.000532233 0.000532233 0.000532233    0.245532    0.245532    0.245532    0.245532    0.245532    0.245532    0.245532    0.245532    0.245532    0.245532    0.245532    0.245532    0.245532    0.245532    0.245532    0.245532    0.245532    0.245532    0.245532    0.245532    0.245532
          0           0           0           0           0           0           0           0           0           0           0           0           0           0           0           0           0           0     0.24559     0.24559     0.24559     0.24559     0.24559     0.24559     0.24559     0.24559     0.24559     0.24559     0.24559     0.24559     0.24559     0.24559     0.24559     0.24559     0.24559     0.24559     0.24559     0.24559     0.24559     0.24559     0.24559     0.24559     0.24559     0.24559     0.24559     0.24559     0.24559     0.24559 0.000589729 0.000589729 0.000589729 0.000589729 0.000589729 0.000589729 0.000589729 0.000589729 0.000589729 0.000589729 0.000589729 0.000589729 0.000589729 0.000589729 0.000589729 0.000589729 0.000589729 0.000589729 0.000589729 0.000589729 0.000589729 0.000589729 0.000589729 0.000589729 0.000589729 0.000589729 0.000589729 0.000589729 0.000589729 0.000589729     0.24559     0.24559     0.24559     0.24559     0.24559     0.24559     0.24559     0.24559     0.24559     0.24559     0.24559     0.24559     0.24559     0.24559     0.24559     0.24559     0.24559     0.24559     0.24559     0.24559     0.24559     0.24559
          0           0           0           0           0           0           0           0           0           0           0           0           0           0           0           0           0    0.245624    0.245624    0.245624    0.245624    0.245624    0.245624    0.245624    0.245624    0.245624    0.245624    0.245624    0.245624    0.245624    0.245624    0.245624    0.245624    0.245624    0.245624    0.245624    0.245624    0.245624    0.245624    0.245624    0.245624    0.245624    0.245624    0.245624    0.245624    0.245624    0.245624 0.000624372 0.000624372 0.000624372 0.000624372 0.000624372 0.000624372 0.000624372 0.000624372 0.000624372 0.000624372 0.000624372 0.000624372 0.000624372 0.000624372 0.000624372 0.000624372 0.000624372 0.000624372 0.000624372 0.000624372 0.000624372 0.000624372 0.000624372 0.000624372 0.000624372 0.000624372 0.000624372 0.000624372 0.000624372 0.000624372    0.245624    0.245624    0.245624    0.245624    0.245624    0.245624    0.245624    0.245624    0.245624    0.245624    0.245624    0.245624    0.245624    0.245624    0.245624    0.245624    0.245624    0.245624    0.245624    0.245624    0.245624    0.245624    0.245624
          0           0           0           0           0           0           0           0           0           0           0           0           0           0           0           0    0.245627    0.245627    0.245627    0.245627    0.245627    0.245627    0.245627    0.245627    0.245627    0.245627    0.245627    0.245627    0.245627    0.245627    0.245627    0.245627    0.245627    0.245627    0.245627    0.245627    0.245627    0.245627    0.245627    0.245627    0.245627    0.245627    0.245627    0.245627    0.245627    0.245627 0.000626801 0.000626801 0.000626801 0.000626801 0.000626801 0.000626801 0.000626801 0.000626801 0.000626801 0.000626801 0.000626801 0.000626801 0.000626801 0.000626801 0.000626801 0.000626801 0.000626801 0.000626801 0.000626801 0.000626801 0.000626801 0.000626801 0.000626801 0.000626801 0.000626801 0.000626801 0.000626801 0.000626801 0.000626801 0.000626801    0.245627    0.245627    0.245627    0.245627    0.245627    0.245627    0.245627    0.245627    0.245627    0.245627    0.245627    0.245627    0.245627    0.245627    0.245627    0.245627    0.245627    0.245627    0.245627    0.245627    0.245627    0.245627    0.245627    0.245627
          0           0           0           0           0           0           0           0           0           0           0           0           0           0           0    0.245592    0.245592    0.245592    0.245592    0.245592    0.245592    0.245592    0.245592    0.245592    0.245592    0.245592    0.245592    0.245592    0.245592    0.245592    0.245592    0.245592    0.245592    0.245592    0.245592    0.245592    0.245592    0.245592    0.245592    0.245592    0.245592    0.245592    0.245592    0.245592    0.245592 0.000591884 0.000591884 0.000591884 0.000591884 0.000591884 0.000591884 0.000591884 0.000591884 0.000591884 0.000591884 0.000591884 0.000591884 0.000591884 0.000591884 0.000591884 0.000591884 0.000591884 0.000591884 0.000591884 0.000591884 0.000591884 0.000591884 0.000591884 0.000591884 0.000591884 0.000591884 0.000591884 0.000591884 0.000591884 0.000591884    0.245592    0.245592    0.245592    0.245592    0.245592    0.245592    0.245592    0.245592    0.245592    0.245592    0.245592    0.245592    0.245592    0.245592    0.245592    0.245592    0.245592    0.245592    0.245592    0.245592    0.245592    0.245592    0.245592    0.245592    0.245592
          0           0           0           0           0           0           0           0           0           0           0           0           0           0    0.245521    0.245521    0.245521    0.245521    0.245521    0.245521    0.245521    0.245521    0.245521    0.245521    0.245521    0.245521    0.245521    0.245521    0.245521    0.245521    0.245521    0.245521    0.245521    0.245521    0.245521    0.245521    0.245521    0.245521    0.245521    0.245521    0.245521    0.245521    0.245521    0.245521 0.000521217 0.000521217 0.000521217 0.000521217 0.000521217 0.000521217 0.000521217 0.000521217 0.000521217 0.000521217 0.000521217 0.000521217 0.000521217 0.000521217 0.000521217 0.000521217 0.000521217 0.000521217 0.000521217 0.000521217 0.000521217 0.000521217 0.000521217 0.000521217 0.000521217 0.000521217 0.000521217 0.000521217 0.000521217 0.000521217    0.245521    0.245521    0.245521    0.245521    0.245521    0.245521    0.245521    0.245521    0.245521    0.245521    0.245521    0.245521    0.245521    0.245521    0.245521    0.245521    0.245521    0.245521    0.245521    0.245521    0.245521    0.245521    0.245521    0.245521    0.245521    0.245521
          0           0           0           0           0           0           0           0           0           0           0           0           0    0.245422    0.245422    0.245422    0.245422    0.245422    0.245422    0.245422    0.245422    0.245422    0.245422    0.245422    0.245422    0.245422    0.245422    0.245422    0.245422    0.245422    0.245422    0.245422    0.245422    0.245422    0.245422    0.245422    0.245422    0.245422    0.245422    0.245422    0.245422    0.245422    0.245422 0.000421734 0.000421734 0.000421734 0.000421734 0.000421734 0.000421734 0.000421734 0.000421734 0.000421734 0.000421734 0.000421734 0.000421734 0.000421734 0.000421734 0.000421734 0.000421734 0.000421734 0.000421734 0.000421734 0.000421734 0.000421734 0.000421734 0.000421734 0.000421734 0.000421734 0.000421734 0.000421734 0.000421734 0.000421734 0.000421734    0.245422    0.245422    0.245422    0.245422    0.245422    0.245422    0.245422    0.245422    0.245422    0.245422    0.245422    0.245422    0.245422    0.245422    0.245422    0.245422    0.245422    0.245422    0.245422    0.245422    0.245422    0.245422    0.245422    0.245422    0.245422    0.245422    0.245422
          0           0           0           0           0           0           0           0           0           0           0           0    0.245299    0.245299    0.245299    0.245299    0.245299    0.245299    0.245299    0.245299    0.245299    0.245299    0.245299    0.245299    0.245299    0.245299    0.245299    0.245299    0.245299    0.245299    0.245299    0.245299    0.245299    0.245299    0.245299    0.245299    0.245299    0.245299    0.245299    0.245299    0.245299    0.245299 0.000299422 0.000299422 0.000299422 0.000299422 0.000299422 0.000299422 0.000299422 0.000299422 0.000299422 0.000299422 0.000299422 0.000299422 0.000299422 0.000299422 0.000299422 0.000299422 0.000299422 0.000299422 0.000299422 0.000299422 0.000299422 0.000299422 0.000299422 0.000299422 0.000299422 0.000299422 0.000299422 0.000299422 0.000299422 0.000299422    0.245299    0.245299    0.245299    0.245299    0.245299    0.245299    0.245299    0.245299    0.245299    0.245299    0.245299    0.245299    0.245299    0.245299    0.245299    0.245299    0.245299    0.245299    0.245299    0.245299    0.245299    0.245299    0.245299    0.245299    0.245299    0.245299    0.245299    0.245299
          0           0           0           0           0           0           0           0           0           0           0    0.245143    0.245143    0.245143    0.245143    0.245143    0.245143    0.245143    0.245143    0.245143    0.245143    0.245143    0.245143    0.245143    0.245143    0.245143    0.245143    0.245143    0.245143    0.245143    0.245143    0.245143    0.245143    0.245143    0.245143    0.245143    0.245143    0.245143    0.245143    0.245143    0.245143 0.000142641 0.000142641 0.000142641 0.000142641 0.000142641 0.000142641 0.000142641 0.000142641 0.000142641 0.000142641 0.000142641 0.000142641 0.000142641 0.000142641 0.000142641 0.000142641 0.000142641 0.000142641 0.000142641 0.000142641 0.000142641 0.000142641 0.000142641 0.000142641 0.000142641 0.000142641 0.000142641 0.000142641 0.000142641 0.000142641    0.245143    0.245143    0.245143    0.245143    0.245143    0.245143    0.245143    0.245143    0.245143    0.245143    0.245143    0.245143    0.245143    0.245143    0.245143    0.245143    0.245143    0.245143    0.245143    0.245143    0.245143    0.245143    0.245143    0.245143    0.245143    0.245143    0.245143    0.245143    0.245143
           0            0            0            0            0            0            0            0            0            0      0.24492      0.24492      0.24492      0.24492      0.24492      0.24492      0.24492      0.24492      0.24492      0.24492      0.24492      0.24492      0.24492      0.24492      0.24492      0.24492      0.24492      0.24492      0.24492      0.24492      0.24492      0.24492      0.24492      0.24492      0.24492      0.24492      0.24492      0.24492      0.24492      0.24492 -7.98786e-05 -7.98786e-05 -7.98786e-05 -7.98786e-05 -7.98786e-05 -7.98786e-05 -7.98786e-05 -7.98786e-05 -7.98786e-05 -7.98786e-05 -7.98786e-05 -7.98786e-05 -7.98786e-05 -7.98786e-05 -7.98786e-05 -7.98786e-05 -7.98786e-05 -7.98786e-05 -7.98786e-05 -7.98786e-05 -7.98786e-05 -7.98786e-05 -7.98786e-05 -7.98786e-05 -7.98786e-05 -7.98786e-05 -7.98786e-05 -7.98786e-05 -7.98786e-05 -7.98786e-05      0.24492      0.24492      0.24492      0.24492      0.24492      0.24492      0.24492      0.24492      0.24492      0.24492      0.24492      0.24492      0.24492      0.24492      0.24492      0.24492      0.24492      0.24492      0.24492      0.24492      0.24492      0.24492      0.24492      0.24492      0.24492      0.24492      0.24492      0.24492      0.24492      0.24492
           0            0            0            0            0            0            0            0            0     0.244621     0.244621     0.244621     0.244621     0.244621     0.244621     0.244621     0.244621     0.244621     0.244621     0.244621     0.244621     0.244621     0.244621     0.244621     0.244621     0.244621     0.244621     0.244621     0.244621     0.244621     0.244621     0.244621     0.244621     0.244621     0.244621     0.244621     0.244621     0.244621     0.244621 -0.000378511 -0.000378511 -0.000378511 -0.000378511 -0.000378511 -0.000378511 -0.000378511 -0.000378511 -0.000378511 -0.000378511 -0.000378511 -0.000378511 -0.000378511 -0.000378511 -0.000378511 -0.000378511 -0.000378511 -0.000378511 -0.000378511 -0.000378511 -0.000378511 -0.000378511 -0.000378511 -0.000378511 -0.000378511 -0.000378511 -0.000378511 -0.000378511 -0.000378511 -0.000378511     0.244621     0.244621     0.244621     0.244621     0.244621     0.244621     0.244621     0.244621     0.244621     0.244621     0.244621     0.244621     0.244621     0.244621     0.244621     0.244621     0.244621     0.244621     0.244621     0.244621     0.244621     0.244621     0.244621     0.244621     0.244621     0.244621     0.244621     0.244621     0.244621     0.244621 -0.000378511
           0            0            0            0            0            0            0            0     0.244046     0.244046     0.244046     0.244046     0.244046     0.244046     0.244046     0.244046     0.244046     0.244046     0.244046     0.244046     0.244046     0.244046     0.244046     0.244046     0.244046     0.244046     0.244046     0.244046     0.244046     0.244046     0.244046     0.244046     0.244046     0.244046     0.244046     0.244046     0.244046     0.244046 -0.000954018 -0.000954018 -0.000954018 -0.000954018 -0.000954018 -0.000954018 -0.000954018 -0.000954018 -0.000954018 -0.000954018 -0.000954018 -0.000954018 -0.000954018 -0.000954018 -0.000954018 -0.000954018 -0.000954018 -0.000954018 -0.000954018 -0.000954018 -0.000954018 -0.000954018 -0.000954018 -0.000954018 -0.000954018 -0.000954018 -0.000954018 -0.000954018 -0.000954018 -0.000954018     0.244046     0.244046     0.244046     0.244046     0.244046     0.244046     0.244046     0.244046     0.244046     0.244046     0.244046     0.244046     0.244046     0.244046     0.244046     0.244046     0.244046     0.244046     0.244046     0.244046     0.244046     0.244046     0.244046     0.244046     0.244046     0.244046     0.244046     0.244046     0.244046     0.244046 -0.000954018 -0.000954018
         0          0          0          0          0          0          0   0.243179   0.243179   0.243179   0.243179   0.243179   0.243179   0.243179   0.243179   0.243179   0.243179   0.243179   0.243179   0.243179   0.243179   0.243179   0.243179   0.243179   0.243179   0.243179   0.243179   0.243179   0.243179   0.243179   0.243179   0.243179   0.243179   0.243179   0.243179   0.243179   0.243179 -0.0018213 -0.0018213 -0.0018213 -0.0018213 -0.0018213 -0.0018213 -0.0018213 -0.0018213 -0.0018213 -0.0018213 -0.0018213 -0.0018213 -0.0018213 -0.0018213 -0.0018213 -0.0018213 -0.0018213 -0.0018213 -0.0018213 -0.0018213 -0.0018213 -0.0018213 -0.0018213 -0.0018213 -0.0018213 -0.0018213 -0.0018213 -0.0018213 -0.0018213 -0.0018213   0.243179   0.243179   0.243179   0.243179   0.243179   0.243179   0.243179   0.243179   0.243179   0.243179   0.243179   0.243179   0.243179   0.243179   0.243179   0.243179   0.243179   0.243179   0.243179   0.243179   0.243179   0.243179   0.243179   0.243179   0.243179   0.243179   0.243179   0.243179   0.243179   0.243179 -0.0018213 -0.0018213 -0.0018213
         0          0          0          0          0          0   0.241795   0.241795   0.241795   0.241795   0.241795   0.241795   0.241795   0.241795   0.241795   0.241795   0.241795   0.241795   0.241795   0.241795   0.241795   0.241795   0.241795   0.241795   0.241795   0.241795   0.241795   0.241795   0.241795   0.241795   0.241795   0.241795   0.241795   0.241795   0.241795   0.241795 -0.0032052 -0.0032052 -0.0032052 -0.0032052 -0.0032052 -0.0032052 -0.0032052 -0.0032052 -0.0032052 -0.0032052 -0.0032052 -0.0032052 -0.0032052 -0.0032052 -0.0032052 -0.0032052 -0.0032052 -0.0032052 -0.0032052 -0.0032052 -0.0032052 -0.0032052 -0.0032052 -0.0032052 -0.0032052 -0.0032052 -0.0032052 -0.0032052 -0.0032052 -0.0032052   0.241795   0.241795   0.241795   0.241795   0.241795   0.241795   0.241795   0.241795   0.241795   0.241795   0.241795   0.241795   0.241795   0.241795   0.241795   0.241795   0.241795   0.241795   0.241795   0.241795   0.241795   0.241795   0.241795   0.241795   0.241795   0.241795   0.241795   0.241795   0.241795   0.241795 -0.0032052 -0.0032052 -0.0032052 -0.0032052
         0          0          0          0          0   0.239761   0.239761   0.239761   0.239761   0.239761   0.239761   0.239761   0.239761   0.239761   0.239761   0.239761   0.239761   0.239761   0.239761   0.239761   0.239761   0.239761   0.239761   0.239761   0.239761   0.239761   0.239761   0.239761   0.239761   0.239761   0.239761   0.239761   0.239761   0.239761   0.239761 -0.0052387 -0.0052387 -0.0052387 -0.0052387 -0.0052387 -0.0052387 -0.0052387 -0.0052387 -0.0052387 -0.0052387 -0.0052387 -0.0052387 -0.0052387 -0.0052387 -0.0052387 -0.0052387 -0.0052387 -0.0052387 -0.0052387 -0.0052387 -0.0052387 -0.0052387 -0.0052387 -0.0052387 -0.0052387 -0.0052387 -0.0052387 -0.0052387 -0.0052387 -0.0052387   0.239761   0.239761   0.239761   0.239761   0.239761   0.239761   0.239761   0.239761   0.239761   0.239761   0.239761   0.239761   0.239761   0.239761   0.239761   0.239761   0.239761   0.239761   0.239761   0.239761   0.239761   0.239761   0.239761   0.239761   0.239761   0.239761   0.239761   0.239761   0.239761   0.239761 -0.0052387 -0.0052387 -0.0052387 -0.0052387 -0.0052387
          0           0           0           0    0.236647    0.236647    0.236647    0.236647    0.236647    0.236647    0.236647    0.236647    0.236647    0.236647    0.236647    0.236647    0.236647    0.236647    0.236647    0.236647    0.236647    0.236647    0.236647    0.236647    0.236647    0.236647    0.236647    0.236647    0.236647    0.236647    0.236647    0.236647    0.236647    0.236647 -0.00835296 -0.00835296 -0.00835296 -0.00835296 -0.00835296 -0.00835296 -0.00835296 -0.00835296 -0.00835296 -0.00835296 -0.00835296 -0.00835296 -0.00835296 -0.00835296 -0.00835296 -0.00835296 -0.00835296 -0.00835296 -0.00835296 -0.00835296 -0.00835296 -0.00835296 -0.00835296 -0.00835296 -0.00835296 -0.00835296 -0.00835296 -0.00835296 -0.00835296 -0.00835296    0.236647    0.236647    0.236647    0.236647    0.236647    0.236647    0.236647    0.236647    0.236647    0.236647    0.236647    0.236647    0.236647    0.236647    0.236647    0.236647    0.236647    0.236647    0.236647    0.236647    0.236647    0.236647    0.236647    0.236647    0.236647    0.236647    0.236647    0.236647    0.236647    0.236647 -0.00835296 -0.00835296 -0.00835296 -0.00835296 -0.00835296 -0.00835296
         0          0          0   0.232091   0.232091   0.232091   0.232091   0.232091   0.232091   0.232091   0.232091   0.232091   0.232091   0.232091   0.232091   0.232091   0.232091   0.232091   0.232091   0.232091   0.232091   0.232091   0.232091   0.232091   0.232091   0.232091   0.232091   0.232091   0.232091   0.232091   0.232091   0.232091   0.232091 -0.0129092 -0.0129092 -0.0129092 -0.0129092 -0.0129092 -0.0129092 -0.0129092 -0.0129092 -0.0129092 -0.0129092 -0.0129092 -0.0129092 -0.0129092 -0.0129092 -0.0129092 -0.0129092 -0.0129092 -0.0129092 -0.0129092 -0.0129092 -0.0129092 -0.0129092 -0.0129092 -0.0129092 -0.0129092 -0.0129092 -0.0129092 -0.0129092 -0.0129092 -0.0129092   0.232091   0.232091   0.232091   0.232091   0.232091   0.232091   0.232091   0.232091   0.232091   0.232091   0.232091   0.232091   0.232091   0.232091   0.232091   0.232091   0.232091   0.232091   0.232091   0.232091   0.232091   0.232091   0.232091   0.232091   0.232091   0.232091   0.232091   0.232091   0.232091   0.232091 -0.0129092 -0.0129092 -0.0129092 -0.0129092 -0.0129092 -0.0129092 -0.0129092
        0         0  0.225564  0.225564  0.225564  0.225564  0.225564  0.225564  0.225564  0.225564  0.225564  0.225564  0.225564  0.225564  0.225564  0.225564  0.225564  0.225564  0.225564  0.225564  0.225564  0.225564  0.225564  0.225564  0.225564  0.225564  0.225564  0.225564  0.225564  0.225564  0.225564  0.225564 -0.019436 -0.019436 -0.019436 -0.019436 -0.019436 -0.019436 -0.019436 -0.019436 -0.019436 -0.019436 -0.019436 -0.019436 -0.019436 -0.019436 -0.019436 -0.019436 -0.019436 -0.019436 -0.019436 -0.019436 -0.019436 -0.019436 -0.019436 -0.019436 -0.019436 -0.019436 -0.019436 -0.019436 -0.019436 -0.019436  0.225564  0.225564  0.225564  0.225564  0.225564  0.225564  0.225564  0.225564  0.225564  0.225564  0.225564  0.225564  0.225564  0.225564  0.225564  0.225564  0.225564  0.225564  0.225564  0.225564  0.225564  0.225564  0.225564  0.225564  0.225564  0.225564  0.225564  0.225564  0.225564  0.225564 -0.019436 -0.019436 -0.019436 -0.019436 -0.019436 -0.019436 -0.019436 -0.019436
         0   0.218788   0.218788   0.218788   0.218788   0.218788   0.218788   0.218788   0.218788   0.218788   0.218788   0.218788   0.218788   0.218788   0.218788   0.218788   0.218788   0.218788   0.218788   0.218788   0.218788   0.218788   0.218788   0.218788   0.218788   0.218788   0.218788   0.218788   0.218788   0.218788   0.218788 -0.0262117 -0.0262117 -0.0262117 -0.0262117 -0.0262117 -0.0262117 -0.0262117 -0.0262117 -0.0262117 -0.0262117 -0.0262117 -0.0262117 -0.0262117 -0.0262117 -0.0262117 -0.0262117 -0.0262117 -0.0262117 -0.0262117 -0.0262117 -0.0262117 -0.0262117 -0.0262117 -0.0262117 -0.0262117 -0.0262117 -0.0262117 -0.0262117 -0.0262117 -0.0262117   0.218788   0.218788   0.218788   0.218788   0.218788   0.218788   0.218788   0.218788   0.218788   0.218788   0.218788   0.218788   0.218788   0.218788   0.218788   0.218788   0.218788   0.218788   0.218788   0.218788   0.218788   0.218788   0.218788   0.218788   0.218788   0.218788   0.218788   0.218788   0.218788   0.218788 -0.0262117 -0.0262117 -0.0262117 -0.0262117 -0.0262117 -0.0262117 -0.0262117 -0.0262117 -0.0262117
         0          0          0          0          0          0          0          0          0          0          0          0          0          0          0          0          0          0          0          0          0          0          0          0          0          0          0          0          0          0  -0.272039  -0.272039  -0.272039  -0.272039  -0.272039  -0.272039  -0.272039  -0.272039  -0.272039  -0.272039  -0.272039  -0.272039  -0.272039  -0.272039  -0.272039  -0.272039  -0.272039  -0.272039  -0.272039  -0.272039  -0.272039  -0.272039  -0.272039  -0.272039  -0.272039  -0.272039  -0.272039  -0.272039  -0.272039  -0.272039 -0.0270395 -0.0270395 -0.0270395 -0.0270395 -0.0270395 -0.0270395 -0.0270395 -0.0270395 -0.0270395 -0.0270395 -0.0270395 -0.0270395 -0.0270395 -0.0270395 -0.0270395 -0.0270395 -0.0270395 -0.0270395 -0.0270395 -0.0270395 -0.0270395 -0.0270395 -0.0270395 -0.0270395 -0.0270395 -0.0270395 -0.0270395 -0.0270395 -0.0270395 -0.0270395  -0.272039  -0.272039  -0.272039  -0.272039  -0.272039  -0.272039  -0.272039  -0.272039  -0.272039  -0.272039
          0           0           0           0           0           0           0           0           0           0           0           0           0           0           0           0           0           0           0           0           0           0           0           0           0           0           0           0           0    -0.24838    -0.24838    -0.24838    -0.24838    -0.24838    -0.24838    -0.24838    -0.24838    -0.24838    -0.24838    -0.24838    -0.24838    -0.24838    -0.24838    -0.24838    -0.24838    -0.24838    -0.24838    -0.24838    -0.24838    -0.24838    -0.24838    -0.24838    -0.24838    -0.24838    -0.24838    -0.24838    -0.24838    -0.24838    -0.24838 -0.00337994 -0.00337994 -0.00337994 -0.00337994 -0.00337994 -0.00337994 -0.00337994 -0.00337994 -0.00337994 -0.00337994 -0.00337994 -0.00337994 -0.00337994 -0.00337994 -0.00337994 -0.00337994 -0.00337994 -0.00337994 -0.00337994 -0.00337994 -0.00337994 -0.00337994 -0.00337994 -0.00337994 -0.00337994 -0.00337994 -0.00337994 -0.00337994 -0.00337994 -0.00337994    -0.24838    -0.24838    -0.24838    -0.24838    -0.24838    -0.24838    -0.24838    -0.24838    -0.24838    -0.24838    -0.24838
     0      0      0      0      0      0      0      0      0      0      0      0      0      0      0      0      0      0      0      0      0      0      0      0      0      0      0      0 -0.245 -0.245 -0.245 -0.245 -0.245 -0.245 -0.245 -0.245 -0.245 -0.245 -0.245 -0.245 -0.245 -0.245 -0.245 -0.245 -0.245 -0.245 -0.245 -0.245 -0.245 -0.245 -0.245 -0.245 -0.245 -0.245 -0.245 -0.245 -0.245 -0.245      0      0      0      0      0      0      0      0      0      0      0      0      0      0      0      0      0      0      0      0      0      0      0      0      0      0      0      0      0      0 -0.245 -0.245 -0.245 -0.245 -0.245 -0.245 -0.245 -0.245 -0.245 -0.245 -0.245 -0.245
     0      0      0      0      0      0      0      0      0      0      0      0      0      0      0      0      0      0      0      0      0      0      0      0      0      0      0 -0.245 -0.245 -0.245 -0.245 -0.245 -0.245 -0.245 -0.245 -0.245 -0.245 -0.245 -0.245 -0.245 -0.245 -0.245 -0.245 -0.245 -0.245 -0.245 -0.245 -0.245 -0.245 -0.245 -0.245 -0.245 -0.245 -0.245 -0.245 -0.245 -0.245      0      0      0      0      0      0      0      0      0      0      0      0      0      0      0      0      0      0      0      0      0      0      0      0      0      0      0      0      0      0 -0.245 -0.245 -0.245 -0.245 -0.245 -0.245 -0.245 -0.245 -0.245 -0.245 -0.245 -0.245 -0.245
     0      0      0      0      0      0      0      0      0      0      0      0      0      0      0      0      0      0      0      0      0      0      0      0      0      0 -0.245 -0.245 -0.245 -0.245 -0.245 -0.245 -0.245 -0.245 -0.245 -0.245 -0.245 -0.245 -0.245 -0.245 -0.245 -0.245 -0.245 -0.245 -0.245 -0.245 -0.245 -0.245 -0.245 -0.245 -0.245 -0.245 -0.245 -0.245 -0.245 -0.245      0      0      0      0      0      0      0      0      0      0      0      0      0      0      0      0      0      0      0      0      0      0      0      0      0      0      0      0      0      0 -0.245 -0.245 -0.245 -0.245 -0.245 -0.245 -0.245 -0.245 -0.245 -0.245 -0.245 -0.245 -0.245 -0.245
     0      0      0      0      0      0      0      0      0      0      0      0      0      0      0      0      0      0      0      0      0      0      0      0      0 -0.245 -0.245 -0.245 -0.245 -0.245 -0.245 -0.245 -0.245 -0.245 -0.245 -0.245 -0.245 -0.245 -0.245 -0.245 -0.245 -0.245 -0.245 -0.245 -0.245 -0.245 -0.245 -0.245 -0.245 -0.245 -0.245 -0.245 -0.245 -0.245 -0.245      0      0      0      0      0      0      0      0      0      0      0      0      0      0      0      0      0      0      0      0      0      0      0      0      0      0      0      0      0      0 -0.245 -0.245 -0.245 -0.245 -0.245 -0.245 -0.245 -0.245 -0.245 -0.245 -0.245 -0.245 -0.245 -0.245 -0.245
     0      0      0      0      0      0      0      0      0      0      0      0      0      0      0      0      0      0      0      0      0      0      0      0 -0.245 -0.245 -0.245 -0.245 -0.245 -0.245 -0.245 -0.245 -0.245 -0.245 -0.245 -0.245 -0.245 -0.245 -0.245 -0.245 -0.245 -0.245 -0.245 -0.245 -0.245 -0.245 -0.245 -0.245 -0.245 -0.245 -0.245 -0.245 -0.245 -0.245      0      0      0      0      0      0      0      0      0      0      0      0      0      0      0      0      0      0      0      0      0      0      0      0      0      0      0      0      0      0 -0.245 -0.245 -0.245 -0.245 -0.245 -0.245 -0.245 -0.245 -0.245 -0.245 -0.245 -0.245 -0.245 -0.245 -0.245 -0.245
     0      0      0      0      0      0      0      0      0      0      0      0      0      0      0      0      0      0      0      0      0      0      0 -0.245 -0.245 -0.245 -0.245 -0.245 -0.245 -0.245 -0.245 -0.245 -0.245 -0.245 -0.245 -0.245 -0.245 -0.245 -0.245 -0.245 -0.245 -0.245 -0.245 -0.245 -0.245 -0.245 -0.245 -0.245 -0.245 -0.245 -0.245 -0.245 -0.245      0      0      0      0      0      0      0      0      0      0      0      0      0      0      0      0      0      0      0      0      0      0      0      0      0      0      0      0      0      0 -0.245 -0.245 -0.245 -0.245 -0.245 -0.245 -0.245 -0.245 -0.245 -0.245 -0.245 -0.245 -0.245 -0.245 -0.245 -0.245 -0.245
     0      0      0      0      0      0      0      0      0      0      0      0      0      0      0      0      0      0      0      0      0      0 -0.245 -0.245 -0.245 -0.245 -0.245 -0.245 -0.245 -0.245 -0.245 -0.245 -0.245 -0.245 -0.245 -0.245 -0.245 -0.245 -0.245 -0.245 -0.245 -0.245 -0.245 -0.245 -0.245 -0.245 -0.245 -0.245 -0.245 -0.245 -0.245 -0.245      0      0      0      0      0      0      0      0      0      0      0      0      0      0      0      0      0      0      0      0      0      0      0      0      0      0      0      0      0      0 -0.245 -0.245 -0.245 -0.245 -0.245 -0.245 -0.245 -0.245 -0.245 -0.245 -0.245 -0.245 -0.245 -0.245 -0.245 -0.245 -0.245 -0.245
     0      0      0      0      0      0      0      0      0      0      0      0      0      0      0      0      0      0      0      0      0 -0.245 -0.245 -0.245 -0.245 -0.245 -0.245 -0.245 -0.245 -0.245 -0.245 -0.245 -0.245 -0.245 -0.245 -0.245 -0.245 -0.245 -0.245 -0.245 -0.245 -0.245 -0.245 -0.245 -0.245 -0.245 -0.245 -0.245 -0.245 -0.245 -0.245      0      0      0      0      0      0      0      0      0      0      0      0      0      0      0      0      0      0      0      0      0      0      0      0      0      0      0      0      0      0 -0.245 -0.245 -0.245 -0.245 -0.245 -0.245 -0.245 -0.245 -0.245 -0.245 -0.245 -0.245 -0.245 -0.245 -0.245 -0.245 -0.245 -0.245 -0.245
     0      0      0      0      0      0      0      0      0      0      0      0      0      0      0      0      0      0      0      0 -0.245 -0.245 -0.245 -0.245 -0.245 -0.245 -0.245 -0.245 -0.245 -0.245 -0.245 -0.245 -0.245 -0.245 -0.245 -0.245 -0.245 -0.245 -0.245 -0.245 -0.245 -0.245 -0.245 -0.245 -0.245 -0.245 -0.245 -0.245 -0.245 -0.245      0      0      0      0      0      0      0      0      0      0      0      0      0      0      0      0      0      0      0      0      0      0      0      0      0      0      0      0      0      0 -0.245 -0.245 -0.245 -0.245 -0.245 -0.245 -0.245 -0.245 -0.245 -0.245 -0.245 -0.245 -0.245 -0.245 -0.245 -0.245 -0.245 -0.245 -0.245 -0.245
     0      0      0      0      0      0      0      0      0      0      0      0      0      0      0      0      0      0      0 -0.245 -0.245 -0.245 -0.245 -0.245 -0.245 -0.245 -0.245 -0.245 -0.245 -0.245 -0.245 -0.245 -0.245 -0.245 -0.245 -0.245 -0.245 -0.245 -0.245 -0.245 -0.245 -0.245 -0.245 -0.245 -0.245 -0.245 -0.245 -0.245 -0.245      0      0      0      0      0      0      0      0      0      0      0      0      0      0      0      0      0      0      0      0      0      0      0      0      0      0      0      0      0      0 -0.245 -0.245 -0.245 -0.245 -0.245 -0.245 -0.245 -0.245 -0.245 -0.245 -0.245 -0.245 -0.245 -0.245 -0.245 -0.245 -0.245 -0.245 -0.245 -0.245 -0.245
     0      0      0      0      0      0      0      0      0      0      0      0      0      0      0      0      0      0 -0.245 -0.245 -0.245 -0.245 -0.245 -0.245 -0.245 -0.245 -0.245 -0.245 -0.245 -0.245 -0.245 -0.245 -0.245 -0.245 -0.245 -0.245 -0.245 -0.245 -0.245 -0.245 -0.245 -0.245 -0.245 -0.245 -0.245 -0.245 -0.245 -0.245      0      0      0      0      0      0      0      0      0      0      0      0      0      0      0      0      0      0      0      0      0      0      0      0      0      0      0      0      0      0 -0.245 -0.245 -0.245 -0.245 -0.245 -0.245 -0.245 -0.245 -0.245 -0.245 -0.245 -0.245 -0.245 -0.245 -0.245 -0.245 -0.245 -0.245 -0.245 -0.245 -0.245 -0.245
     0      0      0      0      0      0      0      0      0      0      0      0      0      0      0      0      0 -0.245 -0.245 -0.245 -0.245 -0.245 -0.245 -0.245 -0.245 -0.245 -0.245 -0.245 -0.245 -0.245 -0.245 -0.245 -0.245 -0.245 -0.245 -0.245 -0.245 -0.245 -0.245 -0.245 -0.245 -0.245 -0.245 -0.245 -0.245 -0.245 -0.245      0      0      0      0      0      0      0      0      0      0      0      0      0      0      0      0      0      0      0      0      0      0      0      0      0      0      0      0      0      0 -0.245 -0.245 -0.245 -0.245 -0.245 -0.245 -0.245 -0.245 -0.245 -0.245 -0.245 -0.245 -0.245 -0.245 -0.245 -0.245 -0.245 -0.245 -0.245 -0.245 -0.245 -0.245 -0.245
     0      0      0      0      0      0      0      0      0      0      0      0      0      0      0      0 -0.245 -0.245 -0.245 -0.245 -0.245 -0.245 -0.245 -0.245 -0.245 -0.245 -0.245 -0.245 -0.245 -0.245 -0.245 -0.245 -0.245 -0.245 -0.245 -0.245 -0.245 -0.245 -0.245 -0.245 -0.245 -0.245 -0.245 -0.245 -0.245 -0.245      0      0      0      0      0      0      0      0      0      0      0      0      0      0      0      0      0      0      0      0      0      0      0      0      0      0      0      0      0      0 -0.245 -0.245 -0.245 -0.245 -0.245 -0.245 -0.245 -0.245 -0.245 -0.245 -0.245 -0.245 -0.245 -0.245 -0.245 -0.245 -0.245 -0.245 -0.245 -0.245 -0.245 -0.245 -0.245 -0.245
     0      0      0      0      0      0      0      0      0      0      0      0      0      0      0 -0.245 -0.245 -0.245 -0.245 -0.245 -0.245 -0.245 -0.245 -0.245 -0.245 -0.245 -0.245 -0.245 -0.245 -0.245 -0.245 -0.245 -0.245 -0.245 -0.245 -0.245 -0.245 -0.245 -0.245 -0.245 -0.245 -0.245 -0.245 -0.245 -0.245      0      0      0      0      0      0      0      0      0      0      0      0      0      0      0      0      0      0      0      0      0      0      0      0      0      0      0      0      0      0 -0.245 -0.245 -0.245 -0.245 -0.245 -0.245 -0.245 -0.245 -0.245 -0.245 -0.245 -0.245 -0.245 -0.245 -0.245 -0.245 -0.245 -0.245 -0.245 -0.245 -0.245 -0.245 -0.245 -0.245 -0.245
     0      0      0      0      0      0      0      0      0      0      0      0      0      0 -0.245 -0.245 -0.245 -0.245 -0.245 -0.245 -0.245 -0.245 -0.245 -0.245 -0.245 -0.245 -0.245 -0.245 -0.245 -0.245 -0.245 -0.245 -0.245 -0.245 -0.245 -0.245 -0.245 -0.245 -0.245 -0.245 -0.245 -0.245 -0.245 -0.245      0      0      0      0      0      0      0      0      0      0      0      0      0      0      0      0      0      0      0      0      0      0      0      0      0      0      0      0      0      0 -0.245 -0.245 -0.245 -0.245 -0.245 -0.245 -0.245 -0.245 -0.245 -0.245 -0.245 -0.245 -0.245 -0.245 -0.245 -0.245 -0.245 -0.245 -0.245 -0.245 -0.245 -0.245 -0.245 -0.245 -0.245 -0.245
     0      0      0      0      0      0      0      0      0      0      0      0      0 -0.245 -0.245 -0.245 -0.245 -0.245 -0.245 -0.245 -0.245 -0.245 -0.245 -0.245 -0.245 -0.245 -0.245 -0.245 -0.245 -0.245 -0.245 -0.245 -0.245 -0.245 -0.245 -0.245 -0.245 -0.245 -0.245 -0.245 -0.245 -0.245 -0.245      0      0      0      0      0      0      0      0      0      0      0      0      0      0      0      0      0      0      0      0      0      0      0      0      0      0      0      0      0      0 -0.245 -0.245 -0.245 -0.245 -0.245 -0.245 -0.245 -0.245 -0.245 -0.245 -0.245 -0.245 -0.245 -0.245 -0.245 -0.245 -0.245 -0.245 -0.245 -0.245 -0.245 -0.245 -0.245 -0.245 -0.245 -0.245 -0.245
     0      0      0      0      0      0      0      0      0      0      0      0 -0.245 -0.245 -0.245 -0.245 -0.245 -0.245 -0.245 -0.245 -0.245 -0.245 -0.245 -0.245 -0.245 -0.245 -0.245 -0.245 -0.245 -0.245 -0.245 -0.245 -0.245 -0.245 -0.245 -0.245 -0.245 -0.245 -0.245 -0.245 -0.245 -0.245      0      0      0      0      0      0      0      0      0      0      0      0      0      0      0      0      0      0      0      0      0      0      0      0      0      0      0      0      0      0 -0.245 -0.245 -0.245 -0.245 -0.245 -0.245 -0.245 -0.245 -0.245 -0.245 -0.245 -0.245 -0.245 -0.245 -0.245 -0.245 -0.245 -0.245 -0.245 -0.245 -0.245 -0.245 -0.245 -0.245 -0.245 -0.245 -0.245 -0.245
     0      0      0      0      0      0      0      0      0      0      0 -0.245 -0.245 -0.245 -0.245 -0.245 -0.245 -0.245 -0.245 -0.245 -0.245 -0.245 -0.245 -0.245 -0.245 -0.245 -0.245 -0.245 -0.245 -0.245 -0.245 -0.245 -0.245 -0.245 -0.245 -0.245 -0.245 -0.245 -0.245 -0.245 -0.245      0      0      0      0      0      0      0      0      0      0      0      0      0      0      0      0      0      0      0      0      0      0      0      0      0      0      0      0      0      0 -0.245 -0.245 -0.245 -0.245 -0.245 -0.245 -0.245 -0.245 -0.245 -0.245 -0.245 -0.245 -0.245 -0.245 -0.245 -0.245 -0.245 -0.245 -0.245 -0.245 -0.245 -0.245 -0.245 -0.245 -0.245 -0.245 -0.245 -0.245 -0.245
     0      0      0      0      0      0      0      0      0      0 -0.245 -0.245 -0.245 -0.245 -0.245 -0.245 -0.245 -0.245 -0.245 -0.245 -0.245 -0.245 -0.245 -0.245 -0.245 -0.245 -0.245 -0.245 -0.245 -0.245 -0.245 -0.245 -0.245 -0.245 -0.245 -0.245 -0.245 -0.245 -0.245 -0.245      0      0      0      0      0      0      0      0      0      0      0      0      0      0      0      0      0      0      0      0      0      0      0      0      0      0      0      0      0      0 -0.245 -0.245 -0.245 -0.245 -0.245 -0.245 -0.245 -0.245 -0.245 -0.245 -0.245 -0.245 -0.245 -0.245 -0.245 -0.245 -0.245 -0.245 -0.245 -0.245 -0.245 -0.245 -0.245 -0.245 -0.245 -0.245 -0.245 -0.245 -0.245 -0.245
     0      0      0      0      0      0      0      0      0 -0.245 -0.245 -0.245 -0.245 -0.245 -0.245 -0.245 -0.245 -0.245 -0.245 -0.245 -0.245 -0.245 -0.245 -0.245 -0.245 -0.245 -0.245 -0.245 -0.245 -0.245 -0.245 -0.245 -0.245 -0.245 -0.245 -0.245 -0.245 -0.245 -0.245      0      0      0      0      0      0      0      0      0      0      0      0      0      0      0      0      0      0      0      0      0      0      0      0      0      0      0      0      0      0 -0.245 -0.245 -0.245 -0.245 -0.245 -0.245 -0.245 -0.245 -0.245 -0.245 -0.245 -0.245 -0.245 -0.245 -0.245 -0.245 -0.245 -0.245 -0.245 -0.245 -0.245 -0.245 -0.245 -0.245 -0.245 -0.245 -0.245 -0.245 -0.245 -0.245      0
     0      0      0      0      0      0      0      0 -0.245 -0.245 -0.245 -0.245 -0.245 -0.245 -0.245 -0.245 -0.245 -0.245 -0.245 -0.245 -0.245 -0.245 -0.245 -0.245 -0.245 -0.245 -0.245 -0.245 -0.245 -0.245 -0.245 -0.245 -0.245 -0.245 -0.245 -0.245 -0.245 -0.245      0      0      0      0      0      0      0      0      0      0      0      0      0      0      0      0      0      0      0      0      0      0      0      0      0      0      0      0      0      0 -0.245 -0.245 -0.245 -0.245 -0.245 -0.245 -0.245 -0.245 -0.245 -0.245 -0.245 -0.245 -0.245 -0.245 -0.245 -0.245 -0.245 -0.245 -0.245 -0.245 -0.245 -0.245 -0.245 -0.245 -0.245 -0.245 -0.245 -0.245 -0.245 -0.245      0      0
     0      0      0      0      0      0      0 -0.245 -0.245 -0.245 -0.245 -0.245 -0.245 -0.245 -0.245 -0.245 -0.245 -0.245 -0.245 -0.245 -0.245 -0.245 -0.245 -0.245 -0.245 -0.245 -0.245 -0.245 -0.245 -0.245 -0.245 -0.245 -0.245 -0.245 -0.245 -0.245 -0.245      0      0      0      0      0      0      0      0      0      0      0      0      0      0      0      0      0      0      0      0      0      0      0      0      0      0      0      0      0      0 -0.245 -0.245 -0.245 -0.245 -0.245 -0.245 -0.245 -0.245 -0.245 -0.245 -0.245 -0.245 -0.245 -0.245 -0.245 -0.245 -0.245 -0.245 -0.245 -0.245 -0.245 -0.245 -0.245 -0.245 -0.245 -0.245 -0.245 -0.245 -0.245 -0.245      0      0      0
     0      0      0      0      0      0 -0.245 -0.245 -0.245 -0.245 -0.245 -0.245 -0.245 -0.245 -0.245 -0.245 -0.245 -0.245 -0.245 -0.245 -0.245 -0.245 -0.245 -0.245 -0.245 -0.245 -0.245 -0.245 -0.245 -0.245 -0.245 -0.245 -0.245 -0.245 -0.245 -0.245      0      0      0      0      0      0      0      0      0      0      0      0      0      0      0      0      0      0      0      0      0      0      0      0      0      0      0      0      0      0 -0.245 -0.245 -0.245 -0.245 -0.245 -0.245 -0.245 -0.245 -0.245 -0.245 -0.245 -0.245 -0.245 -0.245 -0.245 -0.245 -0.245 -0.245 -0.245 -0.245 -0.245 -0.245 -0.245 -0.245 -0.245 -0.245 -0.245 -0.245 -0.245 -0.245      0      0      0      0
     0      0      0      0      0 -0.245 -0.245 -0.245 -0.245 -0.245 -0.245 -0.245 -0.245 -0.245 -0.245 -0.245 -0.245 -0.245 -0.245 -0.245 -0.245 -0.245 -0.245 -0.245 -0.245 -0.245 -0.245 -0.245 -0.245 -0.245 -0.245 -0.245 -0.245 -0.245 -0.245      0      0      0      0      0      0      0      0      0      0      0      0      0      0      0      0      0      0      0      0      0      0      0      0      0      0      0      0      0      0 -0.245 -0.245 -0.245 -0.245 -0.245 -0.245 -0.245 -0.245 -0.245 -0.245 -0.245 -0.245 -0.245 -0.245 -0.245 -0.245 -0.245 -0.245 -0.245 -0.245 -0.245 -0.245 -0.245 -0.245 -0.245 -0.245 -0.245 -0.245 -0.245 -0.245      0      0      0      0      0
     0      0      0      0 -0.245 -0.245 -0.245 -0.245 -0.245 -0.245 -0.245 -0.245 -0.245 -0.245 -0.245 -0.245 -0.245 -0.245 -0.245 -0.245 -0.245 -0.245 -0.245 -0.245 -0.245 -0.245 -0.245 -0.245 -0.245 -0.245 -0.245 -0.245 -0.245 -0.245      0      0      0      0      0      0      0      0      0      0      0      0      0      0      0      0      0      0      0      0      0      0      0      0      0      0      0      0      0      0 -0.245 -0.245 -0.245 -0.245 -0.245 -0.245 -0.245 -0.245 -0.245 -0.245 -0.245 -0.245 -0.245 -0.245 -0.245 -0.245 -0.245 -0.245 -0.245 -0.245 -0.245 -0.245 -0.245 -0.245 -0.245 -0.245 -0.245 -0.245 -0.245 -0.245      0      0      0      0      0      0
     0      0      0 -0.245 -0.245 -0.245 -0.245 -0.245 -0.245 -0.245 -0.245 -0.245 -0.245 -0.245 -0.245 -0.245 -0.245 -0.245 -0.245 -0.245 -0.245 -0.245 -0.245 -0.245 -0.245 -0.245 -0.245 -0.245 -0.245 -0.245 -0.245 -0.245 -0.245      0      0      0      0      0      0      0      0      0      0      0      0      0      0      0      0      0      0      0      0      0      0      0      0      0      0      0      0      0      0 -0.245 -0.245 -0.245 -0.245 -0.245 -0.245 -0.245 -0.245 -0.245 -0.245 -0.245 -0.245 -0.245 -0.245 -0.245 -0.245 -0.245 -0.245 -0.245 -0.245 -0.245 -0.245 -0.245 -0.245 -0.245 -0.245 -0.245 -0.245 -0.245 -0.245      0      0      0      0      0      0      0
     0      0 -0.245 -0.245 -0.245 -0.245 -0.245 -0.245 -0.245 -0.245 -0.245 -0.245 -0.245 -0.245 -0.245 -0.245 -0.245 -0.245 -0.245 -0.245 -0.245 -0.245 -0.245 -0.245 -0.245 -0.245 -0.245 -0.245 -0.245 -0.245 -0.245 -0.245      0      0      0      0      0      0      0      0      0      0      0      0      0      0      0      0      0      0      0      0      0      0      0      0      0      0      0      0      0      0 -0.245 -0.245 -0.245 -0.245 -0.245 -0.245 -0.245 -0.245 -0.245 -0.245 -0.245 -0.245 -0.245 -0.245 -0.245 -0.245 -0.245 -0.245 -0.245 -0.245 -0.245 -0.245 -0.245 -0.245 -0.245 -0.245 -0.245 -0.245 -0.245 -0.245      0      0      0      0      0      0      0      0
     0 -0.245 -0.245 -0.245 -0.245 -0.245 -0.245 -0.245 -0.245 -0.245 -0.245 -0.245 -0.245 -0.245 -0.245 -0.245 -0.245 -0.245 -0.245 -0.245 -0.245 -0.245 -0.245 -0.245 -0.245 -0.245 -0.245 -0.245 -0.245 -0.245 -0.245      0      0      0      0      0      0      0      0      0      0      0      0      0      0      0      0      0      0      0      0      0      0      0      0      0      0      0      0      0      0 -0.245 -0.245 -0.245 -0.245 -0.245 -0.245 -0.245 -0.245 -0.245 -0.245 -0.245 -0.245 -0.245 -0.245 -0.245 -0.245 -0.245 -0.245 -0.245 -0.245 -0.245 -0.245 -0.245 -0.245 -0.245 -0.245 -0.245 -0.245 -0.245 -0.245      0      0      0      0      0      0      0      0      0
    0     0     0     0     0     0     0     0     0     0     0     0     0     0     0     0     0     0     0     0     0     0     0     0     0     0     0     0     0     0 0.245 0.245 0.245 0.245 0.245 0.245 0.245 0.245 0.245 0.245 0.245 0.245 0.245 0.245 0.245 0.245 0.245 0.245 0.245 0.245 0.245 0.245 0.245 0.245 0.245 0.245 0.245 0.245 0.245 0.245     0     0     0     0     0     0     0     0     0     0     0     0     0     0     0     0     0     0     0     0     0     0     0     0     0     0     0     0     0     0 0.245 0.245 0.245 0.245 0.245 0.245 0.245 0.245 0.245 0.245
          0           0           0           0           0           0           0           0           0           0           0           0           0           0           0           0           0           0           0           0           0           0           0           0           0           0           0           0           0    0.245288    0.245288    0.245288    0.245288    0.245288    0.245288    0.245288    0.245288    0.245288    0.245288    0.245288    0.245288    0.245288    0.245288    0.245288    0.245288    0.245288    0.245288    0.245288    0.245288    0.245288    0.245288    0.245288    0.245288    0.245288    0.245288    0.245288    0.245288    0.245288    0.245288 0.000288035 0.000288035 0.000288035 0.000288035 0.000288035 0.000288035 0.000288035 0.000288035 0.000288035 0.000288035 0.000288035 0.000288035 0.000288035 0.000288035 0.000288035 0.000288035 0.000288035 0.000288035 0.000288035 0.000288035 0.000288035 0.000288035 0.000288035 0.000288035 0.000288035 0.000288035 0.000288035 0.000288035 0.000288035 0.000288035    0.245288    0.245288    0.245288    0.245288    0.245288    0.245288    0.245288    0.245288    0.245288    0.245288    0.245288
          0           0           0           0           0           0           0           0           0           0           0           0           0           0           0           0           0           0           0           0           0           0           0           0           0           0           0           0    0.245355    0.245355    0.245355    0.245355    0.245355    0.245355    0.245355    0.245355    0.245355    0.245355    0.245355    0.245355    0.245355    0.245355    0.245355    0.245355    0.245355    0.245355    0.245355    0.245355    0.245355    0.245355    0.245355    0.245355    0.245355    0.245355    0.245355    0.245355    0.245355    0.245355 0.000355046 0.000355046 0.000355046 0.000355046 0.000355046 0.000355046 0.000355046 0.000355046 0.000355046 0.000355046 0.000355046 0.000355046 0.000355046 0.000355046 0.000355046 0.000355046 0.000355046 0.000355046 0.000355046 0.000355046 0.000355046 0.000355046 0.000355046 0.000355046 0.000355046 0.000355046 0.000355046 0.000355046 0.000355046 0.000355046    0.245355    0.245355    0.245355    0.245355    0.245355    0.245355    0.245355    0.245355    0.245355    0.245355    0.245355    0.245355
          0           0           0           0           0           0           0           0           0           0           0           0           0           0           0           0           0           0           0           0           0           0           0           0           0           0           0    0.245356    0.245356    0.245356    0.245356    0.245356    0.245356    0.245356    0.245356    0.245356    0.245356    0.245356    0.245356    0.245356    0.245356    0.245356    0.245356    0.245356    0.245356    0.245356    0.245356    0.245356    0.245356    0.245356    0.245356    0.245356    0.245356    0.245356    0.245356    0.245356    0.245356 0.000355915 0.000355915 0.000355915 0.000355915 0.000355915 0.000355915 0.000355915 0.000355915 0.000355915 0.000355915 0.000355915 0.000355915 0.000355915 0.000355915 0.000355915 0.000355915 0.000355915 0.000355915 0.000355915 0.000355915 0.000355915 0.000355915 0.000355915 0.000355915 0.000355915 0.000355915 0.000355915 0.000355915 0.000355915 0.000355915    0.245356    0.245356    0.245356    0.245356    0.245356    0.245356    0.245356    0.245356    0.245356    0.245356    0.245356    0.245356    0.245356
          0           0           0           0           0           0           0           0           0           0           0           0           0           0           0           0           0           0           0           0           0           0           0           0           0           0    0.245348    0.245348    0.245348    0.245348    0.245348    0.245348    0.245348    0.245348    0.245348    0.245348    0.245348    0.245348    0.245348    0.245348    0.245348    0.245348    0.245348    0.245348    0.245348    0.245348    0.245348    0.245348    0.245348    0.245348    0.245348    0.245348    0.245348    0.245348    0.245348    0.245348 0.000347944 0.000347944 0.000347944 0.000347944 0.000347944 0.000347944 0.000347944 0.000347944 0.000347944 0.000347944 0.000347944 0.000347944 0.000347944 0.000347944 0.000347944 0.000347944 0.000347944 0.000347944 0.000347944 0.000347944 0.000347944 0.000347944 0.000347944 0.000347944 0.000347944 0.000347944 0.000347944 0.000347944 0.000347944 0.000347944    0.245348    0.245348    0.245348    0.245348    0.245348    0.245348    0.245348    0.245348    0.245348    0.245348    0.245348    0.245348    0.245348    0.245348
          0           0           0           0           0           0           0           0           0           0           0           0           0           0           0           0           0           0           0           0           0           0           0           0           0    0.245342    0.245342    0.245342    0.245342    0.245342    0.245342    0.245342    0.245342    0.245342    0.245342    0.245342    0.245342    0.245342    0.245342    0.245342    0.245342    0.245342    0.245342    0.245342    0.245342    0.245342    0.245342    0.245342    0.245342    0.245342    0.245342    0.245342    0.245342    0.245342    0.245342 0.000342087 0.000342087 0.000342087 0.000342087 0.000342087 0.000342087 0.000342087 0.000342087 0.000342087 0.000342087 0.000342087 0.000342087 0.000342087 0.000342087 0.000342087 0.000342087 0.000342087 0.000342087 0.000342087 0.000342087 0.000342087 0.000342087 0.000342087 0.000342087 0.000342087 0.000342087 0.000342087 0.000342087 0.000342087 0.000342087    0.245342    0.245342    0.245342    0.245342    0.245342    0.245342    0.245342    0.245342    0.245342    0.245342    0.245342    0.245342    0.245342    0.245342    0.245342
          0           0           0           0           0           0           0           0           0           0           0           0           0           0           0           0           0           0           0           0           0           0           0           0     0.24534     0.24534     0.24534     0.24534     0.24534     0.24534     0.24534     0.24534     0.24534     0.24534     0.24534     0.24534     0.24534     0.24534     0.24534     0.24534     0.24534     0.24534     0.24534     0.24534     0.24534     0.24534     0.24534     0.24534     0.24534     0.24534     0.24534     0.24534     0.24534     0.24534 0.000339795 0.000339795 0.000339795 0.000339795 0.000339795 0.000339795 0.000339795 0.000339795 0.000339795 0.000339795 0.000339795 0.000339795 0.000339795 0.000339795 0.000339795 0.000339795 0.000339795 0.000339795 0.000339795 0.000339795 0.000339795 0.000339795 0.000339795 0.000339795 0.000339795 0.000339795 0.000339795 0.000339795 0.000339795 0.000339795     0.24534     0.24534     0.24534     0.24534     0.24534     0.24534     0.24534     0.24534     0.24534     0.24534     0.24534     0.24534     0.24534     0.24534     0.24534     0.24534
          0           0           0           0           0           0           0           0           0           0           0           0           0           0           0           0           0           0           0           0           0           0           0    0.245346    0.245346    0.245346    0.245346    0.245346    0.245346    0.245346    0.245346    0.245346    0.245346    0.245346    0.245346    0.245346    0.245346    0.245346    0.245346    0.245346    0.245346    0.245346    0.245346    0.245346    0.245346    0.245346    0.245346    0.245346    0.245346    0.245346    0.245346    0.245346    0.245346 0.000346281 0.000346281 0.000346281 0.000346281 0.000346281 0.000346281 0.000346281 0.000346281 0.000346281 0.000346281 0.000346281 0.000346281 0.000346281 0.000346281 0.000346281 0.000346281 0.000346281 0.000346281 0.000346281 0.000346281 0.000346281 0.000346281 0.000346281 0.000346281 0.000346281 0.000346281 0.000346281 0.000346281 0.000346281 0.000346281    0.245346    0.245346    0.245346    0.245346    0.245346    0.245346    0.245346    0.245346    0.245346    0.245346    0.245346    0.245346    0.245346    0.245346    0.245346    0.245346    0.245346
          0           0           0           0           0           0           0           0           0           0           0           0           0           0           0           0           0           0           0           0           0           0    0.245369    0.245369    0.245369    0.245369    0.245369    0.245369    0.245369    0.245369    0.245369    0.245369    0.245369    0.245369    0.245369    0.245369    0.245369    0.245369    0.245369    0.245369    0.245369    0.245369    0.245369    0.245369    0.245369    0.245369    0.245369    0.245369    0.245369    0.245369    0.245369    0.245369 0.000368908 0.000368908 0.000368908 0.000368908 0.000368908 0.000368908 0.000368908 0.000368908 0.000368908 0.000368908 0.000368908 0.000368908 0.000368908 0.000368908 0.000368908 0.000368908 0.000368908 0.000368908 0.000368908 0.000368908 0.000368908 0.000368908 0.000368908 0.000368908 0.000368908 0.000368908 0.000368908 0.000368908 0.000368908 0.000368908    0.245369    0.245369    0.245369    0.245369    0.245369    0.245369    0.245369    0.245369    0.245369    0.245369    0.245369    0.245369    0.245369    0.245369    0.245369    0.245369    0.245369    0.245369
          0           0           0           0           0           0           0           0           0           0           0           0           0           0           0           0           0           0           0           0           0    0.245412    0.245412    0.245412    0.245412    0.245412    0.245412    0.245412    0.245412    0.245412    0.245412    0.245412    0.245412    0.245412    0.245412    0.245412    0.245412    0.245412    0.245412    0.245412    0.245412    0.245412    0.245412    0.245412    0.245412    0.245412    0.245412    0.245412    0.245412    0.245412    0.245412 0.000411769 0.000411769 0.000411769 0.000411769 0.000411769 0.000411769 0.000411769 0.000411769 0.000411769 0.000411769 0.000411769 0.000411769 0.000411769 0.000411769 0.000411769 0.000411769 0.000411769 0.000411769 0.000411769 0.000411769 0.000411769 0.000411769 0.000411769 0.000411769 0.000411769 0.000411769 0.000411769 0.000411769 0.000411769 0.000411769    0.245412    0.245412    0.245412    0.245412    0.245412    0.245412    0.245412    0.245412    0.245412    0.245412    0.245412    0.245412    0.245412    0.245412    0.245412    0.245412    0.245412    0.245412    0.245412
          0           0           0           0           0           0           0           0           0           0           0           0           0           0           0           0           0           0           0           0    0.245472    0.245472    0.245472    0.245472    0.245472    0.245472    0.245472    0.245472    0.245472    0.245472    0.245472    0.245472    0.245472    0.245472    0.245472    0.245472    0.245472    0.245472    0.245472    0.245472    0.245472    0.245472    0.245472    0.245472    0.245472    0.245472    0.245472    0.245472    0.245472    0.245472 0.000471838 0.000471838 0.000471838 0.000471838 0.000471838 0.000471838 0.000471838 0.000471838 0.000471838 0.000471838 0.000471838 0.000471838 0.000471838 0.000471838 0.000471838 0.000471838 0.000471838 0.000471838 0.000471838 0.000471838 0.000471838 0.000471838 0.000471838 0.000471838 0.000471838 0.000471838 0.000471838 0.000471838 0.000471838 0.000471838    0.245472    0.245472    0.245472    0.245472    0.245472    0.245472    0.245472    0.245472    0.245472    0.245472    0.245472    0.245472    0.245472    0.245472    0.245472    0.245472    0.245472    0.245472    0.245472    0.245472
          0           0           0           0           0           0           0           0           0           0           0           0           0           0           0           0           0           0           0    0.245539    0.245539    0.245539    0.245539    0.245539    0.245539    0.245539    0.245539    0.245539    0.245539    0.245539    0.245539    0.245539    0.245539    0.245539    0.245539    0.245539    0.245539    0.245539    0.245539    0.245539    0.245539    0.245539    0.245539    0.245539    0.245539    0.245539    0.245539    0.245539    0.245539 0.000538885 0.000538885 0.000538885 0.000538885 0.000538885 0.000538885 0.000538885 0.000538885 0.000538885 0.000538885 0.000538885 0.000538885 0.000538885 0.000538885 0.000538885 0.000538885 0.000538885 0.000538885 0.000538885 0.000538885 0.000538885 0.000538885 0.000538885 0.000538885 0.000538885 0.000538885 0.000538885 0.000538885 0.000538885 0.000538885    0.245539    0.245539    0.245539    0.245539    0.245539    0.245539    0.245539    0.245539    0.245539    0.245539    0.245539    0.245539    0.245539    0.245539    0.245539    0.245539    0.245539    0.245539    0.245539    0.245539    0.245539
         0          0          0          0          0          0          0          0          0          0          0          0          0          0          0          0          0          0   0.245598   0.245598   0.245598   0.245598   0.245598   0.245598   0.245598   0.245598   0.245598   0.245598   0.245598   0.245598   0.245598   0.245598   0.245598   0.245598   0.245598   0.245598   0.245598   0.245598   0.245598   0.245598   0.245598   0.245598   0.245598   0.245598   0.245598   0.245598   0.245598   0.245598 0.00059843 0.00059843 0.00059843 0.00059843 0.00059843 0.00059843 0.00059843 0.00059843 0.00059843 0.00059843 0.00059843 0.00059843 0.00059843 0.00059843 0.00059843 0.00059843 0.00059843 0.00059843 0.00059843 0.00059843 0.00059843 0.00059843 0.00059843 0.00059843 0.00059843 0.00059843 0.00059843 0.00059843 0.00059843 0.00059843   0.245598   0.245598   0.245598   0.245598   0.245598   0.245598   0.245598   0.245598   0.245598   0.245598   0.245598   0.245598   0.245598   0.245598   0.245598   0.245598   0.245598   0.245598   0.245598   0.245598   0.245598   0.245598
          0           0           0           0           0           0           0           0           0           0           0           0           0           0           0           0           0    0.245636    0.245636    0.245636    0.245636    0.245636    0.245636    0.245636    0.245636    0.245636    0.245636    0.245636    0.245636    0.245636    0.245636    0.245636    0.245636    0.245636    0.245636    0.245636    0.245636    0.245636    0.245636    0.245636    0.245636    0.245636    0.245636    0.245636    0.245636    0.245636    0.245636 0.000636133 0.000636133 0.000636133 0.000636133 0.000636133 0.000636133 0.000636133 0.000636133 0.000636133 0.000636133 0.000636133 0.000636133 0.000636133 0.000636133 0.000636133 0.000636133 0.000636133 0.000636133 0.000636133 0.000636133 0.000636133 0.000636133 0.000636133 0.000636133 0.000636133 0.000636133 0.000636133 0.000636133 0.000636133 0.000636133    0.245636    0.245636    0.245636    0.245636    0.245636    0.245636    0.245636    0.245636    0.245636    0.245636    0.245636    0.245636    0.245636    0.245636    0.245636    0.245636    0.245636    0.245636    0.245636    0.245636    0.245636    0.245636    0.245636
          0           0           0           0           0           0           0           0           0           0           0           0           0           0           0           0    0.245641    0.245641    0.245641    0.245641    0.245641    0.245641    0.245641    0.245641    0.245641    0.245641    0.245641    0.245641    0.245641    0.245641    0.245641    0.245641    0.245641    0.245641    0.245641    0.245641    0.245641    0.245641    0.245641    0.245641    0.245641    0.245641    0.245641    0.245641    0.245641    0.245641 0.000641119 0.000641119 0.000641119 0.000641119 0.000641119 0.000641119 0.000641119 0.000641119 0.000641119 0.000641119 0.000641119 0.000641119 0.000641119 0.000641119 0.000641119 0.000641119 0.000641119 0.000641119 0.000641119 0.000641119 0.000641119 0.000641119 0.000641119 0.000641119 0.000641119 0.000641119 0.000641119 0.000641119 0.000641119 0.000641119    0.245641    0.245641    0.245641    0.245641    0.245641    0.245641    0.245641    0.245641    0.245641    0.245641    0.245641    0.245641    0.245641    0.245641    0.245641    0.245641    0.245641    0.245641    0.245641    0.245641    0.245641    0.245641    0.245641    0.245641
          0           0           0           0           0           0           0           0           0           0           0           0           0           0           0    0.245607    0.245607    0.245607    0.245607    0.245607    0.245607    0.245607    0.245607    0.245607    0.245607    0.245607    0.245607    0.245607    0.245607    0.245607    0.245607    0.245607    0.245607    0.245607    0.245607    0.245607    0.245607    0.245607    0.245607    0.245607    0.245607    0.245607    0.245607    0.245607    0.245607 0.000606805 0.000606805 0.000606805 0.000606805 0.000606805 0.000606805 0.000606805 0.000606805 0.000606805 0.000606805 0.000606805 0.000606805 0.000606805 0.000606805 0.000606805 0.000606805 0.000606805 0.000606805 0.000606805 0.000606805 0.000606805 0.000606805 0.000606805 0.000606805 0.000606805 0.000606805 0.000606805 0.000606805 0.000606805 0.000606805    0.245607    0.245607    0.245607    0.245607    0.245607    0.245607    0.245607    0.245607    0.245607    0.245607    0.245607    0.245607    0.245607    0.245607    0.245607    0.245607    0.245607    0.245607    0.245607    0.245607    0.245607    0.245607    0.245607    0.245607    0.245607
          0           0           0           0           0           0           0           0           0           0           0           0           0           0    0.245534    0.245534    0.245534    0.245534    0.245534    0.245534    0.245534    0.245534    0.245534    0.245534    0.245534    0.245534    0.245534    0.245534    0.245534    0.245534    0.245534    0.245534    0.245534    0.245534    0.245534    0.245534    0.245534    0.245534    0.245534    0.245534    0.245534    0.245534    0.245534    0.245534 0.000533542 0.000533542 0.000533542 0.000533542 0.000533542 0.000533542 0.000533542 0.000533542 0.000533542 0.000533542 0.000533542 0.000533542 0.000533542 0.000533542 0.000533542 0.000533542 0.000533542 0.000533542 0.000533542 0.000533542 0.000533542 0.000533542 0.000533542 0.000533542 0.000533542 0.000533542 0.000533542 0.000533542 0.000533542 0.000533542    0.245534    0.245534    0.245534    0.245534    0.245534    0.245534    0.245534    0.245534    0.245534    0.245534    0.245534    0.245534    0.245534    0.245534    0.245534    0.245534    0.245534    0.245534    0.245534    0.245534    0.245534    0.245534    0.245534    0.245534    0.245534    0.245534
          0           0           0           0           0           0           0           0           0           0           0           0           0    0.245428    0.245428    0.245428    0.245428    0.245428    0.245428    0.245428    0.245428    0.245428    0.245428    0.245428    0.245428    0.245428    0.245428    0.245428    0.245428    0.245428    0.245428    0.245428    0.245428    0.245428    0.245428    0.245428    0.245428    0.245428    0.245428    0.245428    0.245428    0.245428    0.245428 0.000428322 0.000428322 0.000428322 0.000428322 0.000428322 0.000428322 0.000428322 0.000428322 0.000428322 0.000428322 0.000428322 0.000428322 0.000428322 0.000428322 0.000428322 0.000428322 0.000428322 0.000428322 0.000428322 0.000428322 0.000428322 0.000428322 0.000428322 0.000428322 0.000428322 0.000428322 0.000428322 0.000428322 0.000428322 0.000428322    0.245428    0.245428    0.245428    0.245428    0.245428    0.245428    0.245428    0.245428    0.245428    0.245428    0.245428    0.245428    0.245428    0.245428    0.245428    0.245428    0.245428    0.245428    0.245428    0.245428    0.245428    0.245428    0.245428    0.245428    0.245428    0.245428    0.245428
          0           0           0           0           0           0           0           0           0           0           0           0    0.245299    0.245299    0.245299    0.245299    0.245299    0.245299    0.245299    0.245299    0.245299    0.245299    0.245299    0.245299    0.245299    0.245299    0.245299    0.245299    0.245299    0.245299    0.245299    0.245299    0.245299    0.245299    0.245299    0.245299    0.245299    0.245299    0.245299    0.245299    0.245299    0.245299 0.000298533 0.000298533 0.000298533 0.000298533 0.000298533 0.000298533 0.000298533 0.000298533 0.000298533 0.000298533 0.000298533 0.000298533 0.000298533 0.000298533 0.000298533 0.000298533 0.000298533 0.000298533 0.000298533 0.000298533 0.000298533 0.000298533 0.000298533 0.000298533 0.000298533 0.000298533 0.000298533 0.000298533 0.000298533 0.000298533    0.245299    0.245299    0.245299    0.245299    0.245299    0.245299    0.245299    0.245299    0.245299    0.245299    0.245299    0.245299    0.245299    0.245299    0.245299    0.245299    0.245299    0.245299    0.245299    0.245299    0.245299    0.245299    0.245299    0.245299    0.245299    0.245299    0.245299    0.245299
          0           0           0           0           0           0           0           0           0           0           0    0.245131    0.245131    0.245131    0.245131    0.245131    0.245131    0.245131    0.245131    0.245131    0.245131    0.245131    0.245131    0.245131    0.245131    0.245131    0.245131    0.245131    0.245131    0.245131    0.245131    0.245131    0.245131    0.245131    0.245131    0.245131    0.245131    0.245131    0.245131    0.245131    0.245131 0.000131419 0.000131419 0.000131419 0.000131419 0.000131419 0.000131419 0.000131419 0.000131419 0.000131419 0.000131419 0.000131419 0.000131419 0.000131419 0.000131419 0.000131419 0.000131419 0.000131419 0.000131419 0.000131419 0.000131419 0.000131419 0.000131419 0.000131419 0.000131419 0.000131419 0.000131419 0.000131419 0.000131419 0.000131419 0.000131419    0.245131    0.245131    0.245131    0.245131    0.245131    0.245131    0.245131    0.245131    0.245131    0.245131    0.245131    0.245131    0.245131    0.245131    0.245131    0.245131    0.245131    0.245131    0.245131    0.245131    0.245131    0.245131    0.245131    0.245131    0.245131    0.245131    0.245131    0.245131    0.245131
           0            0            0            0            0            0            0            0            0            0     0.244909     0.244909     0.244909     0.244909     0.244909     0.244909     0.244909     0.244909     0.244909     0.244909     0.244909     0.244909     0.244909     0.244909     0.244909     0.244909     0.244909     0.244909     0.244909     0.244909     0.244909     0.244909     0.244909     0.244909     0.244909     0.244909     0.244909     0.244909     0.244909     0.244909 -9.12019e-05 -9.12019e-05 -9.12019e-05 -9.12019e-05 -9.12019e-05 -9.12019e-05 -9.12019e-05 -9.12019e-05 -9.12019e-05 -9.12019e-05 -9.12019e-05 -9.12019e-05 -9.12019e-05 -9.12019e-05 -9.12019e-05 -9.12019e-05 -9.12019e-05 -9.12019e-05 -9.12019e-05 -9.12019e-05 -9.12019e-05 -9.12019e-05 -9.12019e-05 -9.12019e-05 -9.12019e-05 -9.12019e-05 -9.12019e-05 -9.12019e-05 -9.12019e-05 -9.12019e-05     0.244909     0.244909     0.244909     0.244909     0.244909     0.244909     0.244909     0.244909     0.244909     0.244909     0.244909     0.244909     0.244909     0.244909     0.244909     0.244909     0.244909     0.244909     0.244909     0.244909     0.244909     0.244909     0.244909     0.244909     0.244909     0.244909     0.244909     0.244909     0.244909     0.244909
           0            0            0            0            0            0            0            0            0     0.244607     0.244607     0.244607     0.244607     0.244607     0.244607     0.244607     0.244607     0.244607     0.244607     0.244607     0.244607     0.244607     0.244607     0.244607     0.244607     0.244607     0.244607     0.244607     0.244607     0.244607     0.244607     0.244607     0.244607     0.244607     0.244607     0.244607     0.244607     0.244607     0.244607 -0.000392677 -0.000392677 -0.000392677 -0.000392677 -0.000392677 -0.000392677 -0.000392677 -0.000392677 -0.000392677 -0.000392677 -0.000392677 -0.000392677 -0.000392677 -0.000392677 -0.000392677 -0.000392677 -0.000392677 -0.000392677 -0.000392677 -0.000392677 -0.000392677 -0.000392677 -0.000392677 -0.000392677 -0.000392677 -0.000392677 -0.000392677 -0.000392677 -0.000392677 -0.000392677     0.244607     0.244607     0.244607     0.244607     0.244607     0.244607     0.244607     0.244607     0.244607     0.244607     0.244607     0.244607     0.244607     0.244607     0.244607     0.244607     0.244607     0.244607     0.244607     0.244607     0.244607     0.244607     0.244607     0.244607     0.244607     0.244607     0.244607     0.244607     0.244607     0.244607 -0.000392677
           0            0            0            0            0            0            0            0     0.244039     0.244039     0.244039     0.244039     0.244039     0.244039     0.244039     0.244039     0.244039     0.244039     0.244039     0.244039     0.244039     0.244039     0.244039     0.244039     0.244039     0.244039     0.244039     0.244039     0.244039     0.244039     0.244039     0.244039     0.244039     0.244039     0.244039     0.244039     0.244039     0.244039 -0.000960553 -0.000960553 -0.000960553 -0.000960553 -0.000960553 -0.000960553 -0.000960553 -0.000960553 -0.000960553 -0.000960553 -0.000960553 -0.000960553 -0.000960553 -0.000960553 -0.000960553 -0.000960553 -0.000960553 -0.000960553 -0.000960553 -0.000960553 -0.000960553 -0.000960553 -0.000960553 -0.000960553 -0.000960553 -0.000960553 -0.000960553 -0.000960553 -0.000960553 -0.000960553     0.244039     0.244039     0.244039     0.244039     0.244039     0.244039     0.244039     0.244039     0.244039     0.244039     0.244039     0.244039     0.244039     0.244039     0.244039     0.244039     0.244039     0.244039     0.244039     0.244039     0.244039     0.244039     0.244039     0.244039     0.244039     0.244039     0.244039     0.244039     0.244039     0.244039 -0.000960553 -0.000960553
          0           0           0           0           0           0           0    0.243159    0.243159    0.243159    0.243159    0.243159    0.243159    0.243159    0.243159    0.243159    0.243159    0.243159    0.243159    0.243159    0.243159    0.243159    0.243159    0.243159    0.243159    0.243159    0.243159    0.243159    0.243159    0.243159    0.243159    0.243159    0.243159    0.243159    0.243159    0.243159    0.243159 -0.00184068 -0.00184068 -0.00184068 -0.00184068 -0.00184068 -0.00184068 -0.00184068 -0.00184068 -0.00184068 -0.00184068 -0.00184068 -0.00184068 -0.00184068 -0.00184068 -0.00184068 -0.00184068 -0.00184068 -0.00184068 -0.00184068 -0.00184068 -0.00184068 -0.00184068 -0.00184068 -0.00184068 -0.00184068 -0.00184068 -0.00184068 -0.00184068 -0.00184068 -0.00184068    0.243159    0.243159    0.243159    0.243159    0.243159    0.243159    0.243159    0.243159    0.243159    0.243159    0.243159    0.243159    0.243159    0.243159    0.243159    0.243159    0.243159    0.243159    0.243159    0.243159    0.243159    0.243159    0.243159    0.243159    0.243159    0.243159    0.243159    0.243159    0.243159    0.243159 -0.00184068 -0.00184068 -0.00184068
          0           0           0           0           0           0    0.241814    0.241814    0.241814    0.241814    0.241814    0.241814    0.241814    0.241814    0.241814    0.241814    0.241814    0.241814    0.241814    0.241814    0.241814    0.241814    0.241814    0.241814    0.241814    0.241814    0.241814    0.241814    0.241814    0.241814    0.241814    0.241814    0.241814    0.241814    0.241814    0.241814 -0.00318615 -0.00318615 -0.00318615 -0.00318615 -0.00318615 -0.00318615 -0.00318615 -0.00318615 -0.00318615 -0.00318615 -0.00318615 -0.00318615 -0.00318615 -0.00318615 -0.00318615 -0.00318615 -0.00318615 -0.00318615 -0.00318615 -0.00318615 -0.00318615 -0.00318615 -0.00318615 -0.00318615 -0.00318615 -0.00318615 -0.00318615 -0.00318615 -0.00318615 -0.00318615    0.241814    0.241814    0.241814    0.241814    0.241814    0.241814    0.241814    0.241814    0.241814    0.241814    0.241814    0.241814    0.241814    0.241814    0.241814    0.241814    0.241814    0.241814    0.241814    0.241814    0.241814    0.241814    0.241814    0.241814    0.241814    0.241814    0.241814    0.241814    0.241814    0.241814 -0.00318615 -0.00318615 -0.00318615 -0.00318615
          0           0           0           0           0    0.239746    0.239746    0.239746    0.239746    0.239746    0.239746    0.239746    0.239746    0.239746    0.239746    0.239746    0.239746    0.239746    0.239746    0.239746    0.239746    0.239746    0.239746    0.239746    0.239746    0.239746    0.239746    0.239746    0.239746    0.239746    0.239746    0.239746    0.239746    0.239746    0.239746 -0.00525436 -0.00525436 -0.00525436 -0.00525436 -0.00525436 -0.00525436 -0.00525436 -0.00525436 -0.00525436 -0.00525436 -0.00525436 -0.00525436 -0.00525436 -0.00525436 -0.00525436 -0.00525436 -0.00525436 -0.00525436 -0.00525436 -0.00525436 -0.00525436 -0.00525436 -0.00525436 -0.00525436 -0.00525436 -0.00525436 -0.00525436 -0.00525436 -0.00525436 -0.00525436    0.239746    0.239746    0.239746    0.239746    0.239746    0.239746    0.239746    0.239746    0.239746    0.239746    0.239746    0.239746    0.239746    0.239746    0.239746    0.239746    0.239746    0.239746    0.239746    0.239746    0.239746    0.239746    0.239746    0.239746    0.239746    0.239746    0.239746    0.239746    0.239746    0.239746 -0.00525436 -0.00525436 -0.00525436 -0.00525436 -0.00525436
          0           0           0           0    0.236612    0.236612    0.236612    0.236612    0.236612    0.236612    0.236612    0.236612    0.236612    0.236612    0.236612    0.236612    0.236612    0.236612    0.236612    0.236612    0.236612    0.236612    0.236612    0.236612    0.236612    0.236612    0.236612    0.236612    0.236612    0.236612    0.236612    0.236612    0.236612    0.236612 -0.00838762 -0.00838762 -0.00838762 -0.00838762 -0.00838762 -0.00838762 -0.00838762 -0.00838762 -0.00838762 -0.00838762 -0.00838762 -0.00838762 -0.00838762 -0.00838762 -0.00838762 -0.00838762 -0.00838762 -0.00838762 -0.00838762 -0.00838762 -0.00838762 -0.00838762 -0.00838762 -0.00838762 -0.00838762 -0.00838762 -0.00838762 -0.00838762 -0.00838762 -0.00838762    0.236612    0.236612    0.236612    0.236612    0.236612    0.236612    0.236612    0.236612    0.236612    0.236612    0.236612    0.236612    0.236612    0.236612    0.236612    0.236612    0.236612    0.236612    0.236612    0.236612    0.236612    0.236612    0.236612    0.236612    0.236612    0.236612    0.236612    0.236612    0.236612    0.236612 -0.00838762 -0.00838762 -0.00838762 -0.00838762 -0.00838762 -0.00838762
         0          0          0   0.232028   0.232028   0.232028   0.232028   0.232028   0.232028   0.232028   0.232028   0.232028   0.232028   0.232028   0.232028   0.232028   0.232028   0.232028   0.232028   0.232028   0.232028   0.232028   0.232028   0.232028   0.232028   0.232028   0.232028   0.232028   0.232028   0.232028   0.232028   0.232028   0.232028 -0.0129721 -0.0129721 -0.0129721 -0.0129721 -0.0129721 -0.0129721 -0.0129721 -0.0129721 -0.0129721 -0.0129721 -0.0129721 -0.0129721 -0.0129721 -0.0129721 -0.0129721 -0.0129721 -0.0129721 -0.0129721 -0.0129721 -0.0129721 -0.0129721 -0.0129721 -0.0129721 -0.0129721 -0.0129721 -0.0129721 -0.0129721 -0.0129721 -0.0129721 -0.0129721   0.232028   0.232028   0.232028   0.232028   0.232028   0.232028   0.232028   0.232028   0.232028   0.232028   0.232028   0.232028   0.232028   0.232028   0.232028   0.232028   0.232028   0.232028   0.232028   0.232028   0.232028   0.232028   0.232028   0.232028   0.232028   0.232028   0.232028   0.232028   0.232028   0.232028 -0.0129721 -0.0129721 -0.0129721 -0.0129721 -0.0129721 -0.0129721 -0.0129721
        0         0  0.225684  0.225684  0.225684  0.225684  0.225684  0.225684  0.225684  0.225684  0.225684  0.225684  0.225684  0.225684  0.225684  0.225684  0.225684  0.225684  0.225684  0.225684  0.225684  0.225684  0.225684  0.225684  0.225684  0.225684  0.225684  0.225684  0.225684  0.225684  0.225684  0.225684 -0.019316 -0.019316 -0.019316 -0.019316 -0.019316 -0.019316 -0.019316 -0.019316 -0.019316 -0.019316 -0.019316 -0.019316 -0.019316 -0.019316 -0.019316 -0.019316 -0.019316 -0.019316 -0.019316 -0.019316 -0.019316 -0.019316 -0.019316 -0.019316 -0.019316 -0.019316 -0.019316 -0.019316 -0.019316 -0.019316  0.225684  0.225684  0.225684  0.225684  0.225684  0.225684  0.225684  0.225684  0.225684  0.225684  0.225684  0.225684  0.225684  0.225684  0.225684  0.225684  0.225684  0.225684  0.225684  0.225684  0.225684  0.225684  0.225684  0.225684  0.225684  0.225684  0.225684  0.225684  0.225684  0.225684 -0.019316 -0.019316 -0.019316 -0.019316 -0.019316 -0.019316 -0.019316 -0.019316
         0   0.219097   0.219097   0.219097   0.219097   0.219097   0.219097   0.219097   0.219097   0.219097   0.219097   0.219097   0.219097   0.219097   0.219097   0.219097   0.219097   0.219097   0.219097   0.219097   0.219097   0.219097   0.219097   0.219097   0.219097   0.219097   0.219097   0.219097   0.219097   0.219097   0.219097 -0.0259026 -0.0259026 -0.0259026 -0.0259026 -0.0259026 -0.0259026 -0.0259026 -0.0259026 -0.0259026 -0.0259026 -0.0259026 -0.0259026 -0.0259026 -0.0259026 -0.0259026 -0.0259026 -0.0259026 -0.0259026 -0.0259026 -0.0259026 -0.0259026 -0.0259026 -0.0259026 -0.0259026 -0.0259026 -0.0259026 -0.0259026 -0.0259026 -0.0259026 -0.0259026   0.219097   0.219097   0.219097   0.219097   0.219097   0.219097   0.219097   0.219097   0.219097   0.219097   0.219097   0.219097   0.219097   0.219097   0.219097   0.219097   0.219097   0.219097   0.219097   0.219097   0.219097   0.219097   0.219097   0.219097   0.219097   0.219097   0.219097   0.219097   0.219097   0.219097 -0.0259026 -0.0259026 -0.0259026 -0.0259026 -0.0259026 -0.0259026 -0.0259026 -0.0259026 -0.0259026
         0          0          0          0          0          0          0          0          0          0          0          0          0          0          0          0          0          0          0          0          0          0          0          0          0          0          0          0          0          0   -0.27189   -0.27189   -0.27189   -0.27189   -0.27189   -0.27189   -0.27189   -0.27189   -0.27189   -0.27189   -0.27189   -0.27189   -0.27189   -0.27189   -0.27189   -0.27189   -0.27189   -0.27189   -0.27189   -0.27189   -0.27189   -0.27189   -0.27189   -0.27189   -0.27189   -0.27189   -0.27189   -0.27189   -0.27189   -0.27189 -0.0268899 -0.0268899 -0.0268899 -0.0268899 -0.0268899 -0.0268899 -0.0268899 -0.0268899 -0.0268899 -0.0268899 -0.0268899 -0.0268899 -0.0268899 -0.0268899 -0.0268899 -0.0268899 -0.0268899 -0.0268899 -0.0268899 -0.0268899 -0.0268899 -0.0268899 -0.0268899 -0.0268899 -0.0268899 -0.0268899 -0.0268899 -0.0268899 -0.0268899 -0.0268899   -0.27189   -0.27189   -0.27189   -0.27189   -0.27189   -0.27189   -0.27189   -0.27189   -0.27189   -0.27189
          0           0           0           0           0           0           0           0           0           0           0           0           0           0           0           0           0           0           0           0           0           0           0           0           0           0           0           0           0   -0.248361   -0.248361   -0.248361   -0.248361   -0.248361   -0.248361   -0.248361   -0.248361   -0.248361   -0.248361   -0.248361   -0.248361   -0.248361   -0.248361   -0.248361   -0.248361   -0.248361   -0.248361   -0.248361   -0.248361   -0.248361   -0.248361   -0.248361   -0.248361   -0.248361   -0.248361   -0.248361   -0.248361   -0.248361   -0.248361 -0.00336124 -0.00336124 -0.00336124 -0.00336124 -0.00336124 -0.00336124 -0.00336124 -0.00336124 -0.00336124 -0.00336124 -0.00336124 -0.00336124 -0.00336124 -0.00336124 -0.00336124 -0.00336124 -0.00336124 -0.00336124 -0.00336124 -0.00336124 -0.00336124 -0.00336124 -0.00336124 -0.00336124 -0.00336124 -0.00336124 -0.00336124 -0.00336124 -0.00336124 -0.00336124   -0.248361   -0.248361   -0.248361   -0.248361   -0.248361   -0.248361   -0.248361   -0.248361   -0.248361   -0.248361   -0.248361
     0      0      0      0      0      0      0      0      0      0      0      0      0      0      0      0      0      0      0      0      0      0      0      0      0      0      0      0 -0.245 -0.245 -0.245 -0.245 -0.245 -0.245 -0.245 -0.245 -0.245 -0.245 -0.245 -0.245 -0.245 -0.245 -0.245 -0.245 -0.245 -0.245 -0.245 -0.245 -0.245 -0.245 -0.245 -0.245 -0.245 -0.245 -0.245 -0.245 -0.245 -0.245      0      0      0      0      0      0      0      0      0      0      0      0      0      0      0      0      0      0      0      0      0      0      0      0      0      0      0      0      0      0 -0.245 -0.245 -0.245 -0.245 -0.245 -0.245 -0.245 -0.245 -0.245 -0.245 -0.245 -0.245
     0      0      0      0      0      0      0      0      0      0      0      0      0      0      0      0      0      0      0      0      0      0      0      0      0      0      0 -0.245 -0.245 -0.245 -0.245 -0.245 -0.245 -0.245 -0.245 -0.245 -0.245 -0.245 -0.245 -0.245 -0.245 -0.245 -0.245 -0.245 -0.245 -0.245 -0.245 -0.245 -0.245 -0.245 -0.245 -0.245 -0.245 -0.245 -0.245 -0.245 -0.245      0      0      0      0      0      0      0      0      0      0      0      0      0      0      0      0      0      0      0      0      0      0      0      0      0      0      0      0      0      0 -0.245 -0.245 -0.245 -0.245 -0.245 -0.245 -0.245 -0.245 -0.245 -0.245 -0.245 -0.245 -0.245
     0      0      0      0      0      0      0      0      0      0      0      0      0      0      0      0      0      0      0      0      0      0      0      0      0      0 -0.245 -0.245 -0.245 -0.245 -0.245 -0.245 -0.245 -0.245 -0.245 -0.245 -0.245 -0.245 -0.245 -0.245 -0.245 -0.245 -0.245 -0.245 -0.245 -0.245 -0.245 -0.245 -0.245 -0.245 -0.245 -0.245 -0.245 -0.245 -0.245 -0.245      0      0      0      0      0      0      0      0      0      0      0      0      0      0      0      0      0      0      0      0      0      0      0      0      0      0      0      0      0      0 -0.245 -0.245 -0.245 -0.245 -0.245 -0.245 -0.245 -0.245 -0.245 -0.245 -0.245 -0.245 -0.245 -0.245
     0      0      0      0      0      0      0      0      0      0      0      0      0      0      0      0      0      0      0      0      0      0      0      0      0 -0.245 -0.245 -0.245 -0.245 -0.245 -0.245 -0.245 -0.245 -0.245 -0.245 -0.245 -0.245 -0.245 -0.245 -0.245 -0.245 -0.245 -0.245 -0.245 -0.245 -0.245 -0.245 -0.245 -0.245 -0.245 -0.245 -0.245 -0.245 -0.245 -0.245      0      0      0      0      0      0      0      0      0      0      0      0      0      0      0      0      0      0      0      0      0      0      0      0      0      0      0      0      0      0 -0.245 -0.245 -0.245 -0.245 -0.245 -0.245 -0.245 -0.245 -0.245 -0.245 -0.245 -0.245 -0.245 -0.245 -0.245
     0      0      0      0      0      0      0      0      0      0      0      0      0      0      0      0      0      0      0      0      0      0      0      0 -0.245 -0.245 -0.245 -0.245 -0.245 -0.245 -0.245 -0.245 -0.245 -0.245 -0.245 -0.245 -0.245 -0.245 -0.245 -0.245 -0.245 -0.245 -0.245 -0.245 -0.245 -0.245 -0.245 -0.245 -0.245 -0.245 -0.245 -0.245 -0.245 -0.245      0      0      0      0      0      0      0      0      0      0      0      0      0      0      0      0      0      0      0      0      0      0      0      0      0      0      0      0      0      0 -0.245 -0.245 -0.245 -0.245 -0.245 -0.245 -0.245 -0.245 -0.245 -0.245 -0.245 -0.245 -0.245 -0.245 -0.245 -0.245
     0      0      0      0      0      0      0      0      0      0      0      0      0      0      0      0      0      0      0      0      0      0      0 -0.245 -0.245 -0.245 -0.245 -0.245 -0.245 -0.245 -0.245 -0.245 -0.245 -0.245 -0.245 -0.245 -0.245 -0.245 -0.245 -0.245 -0.245 -0.245 -0.245 -0.245 -0.245 -0.245 -0.245 -0.245 -0.245 -0.245 -0.245 -0.245 -0.245      0      0      0      0      0      0      0      0      0      0      0      0      0      0      0      0      0      0      0      0      0      0      0      0      0      0      0      0      0      0 -0.245 -0.245 -0.245 -0.245 -0.245 -0.245 -0.245 -0.245 -0.245 -0.245 -0.245 -0.245 -0.245 -0.245 -0.245 -0.245 -0.245
     0      0      0      0      0      0      0      0      0      0      0      0      0      0      0      0      0      0      0      0      0      0 -0.245 -0.245 -0.245 -0.245 -0.245 -0.245 -0.245 -0.245 -0.245 -0.245 -0.245 -0.245 -0.245 -0.245 -0.245 -0.245 -0.245 -0.245 -0.245 -0.245 -0.245 -0.245 -0.245 -0.245 -0.245 -0.245 -0.245 -0.245 -0.245 -0.245      0      0      0      0      0      0      0      0      0      0      0      0      0      0      0      0      0      0      0      0      0      0      0      0      0      0      0      0      0      0 -0.245 -0.245 -0.245 -0.245 -0.245 -0.245 -0.245 -0.245 -0.245 -0.245 -0.245 -0.245 -0.245 -0.245 -0.245 -0.245 -0.245 -0.245
     0      0      0      0      0      0      0      0      0      0      0      0      0      0      0      0      0      0      0      0      0 -0.245 -0.245 -0.245 -0.245 -0.245 -0.245 -0.245 -0.245 -0.245 -0.245 -0.245 -0.245 -0.245 -0.245 -0.245 -0.245 -0.245 -0.245 -0.245 -0.245 -0.245 -0.245 -0.245 -0.245 -0.245 -0.245 -0.245 -0.245 -0.245 -0.245      0      0      0      0      0      0      0      0      0      0      0      0      0      0      0      0      0      0      0      0      0      0      0      0      0      0      0      0      0      0 -0.245 -0.245 -0.245 -0.245 -0.245 -0.245 -0.245 -0.245 -0.245 -0.245 -0.245 -0.245 -0.245 -0.245 -0.245 -0.245 -0.245 -0.245 -0.245
     0      0      0      0      0      0      0      0      0      0      0      0      0      0      0      0      0      0      0      0 -0.245 -0.245 -0.245 -0.245 -0.245 -0.245 -0.245 -0.245 -0.245 -0.245 -0.245 -0.245 -0.245 -0.245 -0.245 -0.245 -0.245 -0.245 -0.245 -0.245 -0.245 -0.245 -0.245 -0.245 -0.245 -0.245 -0.245 -0.245 -0.245 -0.245      0      0      0      0      0      0      0      0      0      0      0      0      0      0      0      0      0      0      0      0      0      0      0      0      0      0      0      0      0      0 -0.245 -0.245 -0.245 -0.245 -0.245 -0.245 -0.245 -0.245 -0.245 -0.245 -0.245 -0.245 -0.245 -0.245 -0.245 -0.245 -0.245 -0.245 -0.245 -0.245
     0      0      0      0      0      0      0      0      0      0      0      0      0      0      0      0      0      0      0 -0.245 -0.245 -0.245 -0.245 -0.245 -0.245 -0.245 -0.245 -0.245 -0.245 -0.245 -0.245 -0.245 -0.245 -0.245 -0.245 -0.245 -0.245 -0.245 -0.245 -0.245 -0.245 -0.245 -0.245 -0.245 -0.245 -0.245 -0.245 -0.245 -0.245      0      0      0      0      0      0      0      0      0      0      0      0      0      0      0      0      0      0      0      0      0      0      0      0      0      0      0      0      0      0 -0.245 -0.245 -0.245 -0.245 -0.245 -0.245 -0.245 -0.245 -0.245 -0.245 -0.245 -0.245 -0.245 -0.245 -0.245 -0.245 -0.245 -0.245 -0.245 -0.245 -0.245
     0      0      0      0      0      0      0      0      0      0      0      0      0      0      0      0      0      0 -0.245 -0.245 -0.245 -0.245 -0.245 -0.245 -0.245 -0.245 -0.245 -0.245 -0.245 -0.245 -0.245 -0.245 -0.245 -0.245 -0.245 -0.245 -0.245 -0.245 -0.245 -0.245 -0.245 -0.245 -0.245 -0.245 -0.245 -0.245 -0.245 -0.245      0      0      0      0      0      0      0      0      0      0      0      0      0      0      0      0      0      0      0      0      0      0      0      0      0      0      0      0      0      0 -0.245 -0.245 -0.245 -0.245 -0.245 -0.245 -0.245 -0.245 -0.245 -0.245 -0.245 -0.245 -0.245 -0.245 -0.245 -0.245 -0.245 -0.245 -0.245 -0.245 -0.245 -0.245
     0      0      0      0      0      0      0      0      0      0      0      0      0      0      0      0      0 -0.245 -0.245 -0.245 -0.245 -0.245 -0.245 -0.245 -0.245 -0.245 -0.245 -0.245 -0.245 -0.245 -0.245 -0.245 -0.245 -0.245 -0.245 -0.245 -0.245 -0.245 -0.245 -0.245 -0.245 -0.245 -0.245 -0.245 -0.245 -0.245 -0.245      0      0      0      0      0      0      0      0      0      0      0      0      0      0      0      0      0      0      0      0      0      0      0      0      0      0      0      0      0      0 -0.245 -0.245 -0.245 -0.245 -0.245 -0.245 -0.245 -0.245 -0.245 -0.245 -0.245 -0.245 -0.245 -0.245 -0.245 -0.245 -0.245 -0.245 -0.245 -0.245 -0.245 -0.245 -0.245
     0      0      0      0      0      0      0      0      0      0      0      0      0      0      0      0 -0.245 -0.245 -0.245 -0.245 -0.245 -0.245 -0.245 -0.245 -0.245 -0.245 -0.245 -0.245 -0.245 -0.245 -0.245 -0.245 -0.245 -0.245 -0.245 -0.245 -0.245 -0.245 -0.245 -0.245 -0.245 -0.245 -0.245 -0.245 -0.245 -0.245      0      0      0      0      0      0      0      0      0      0      0      0      0      0      0      0      0      0      0      0      0      0      0      0      0      0      0      0      0      0 -0.245 -0.245 -0.245 -0.245 -0.245 -0.245 -0.245 -0.245 -0.245 -0.245 -0.245 -0.245 -0.245 -0.245 -0.245 -0.245 -0.245 -0.245 -0.245 -0.245 -0.245 -0.245 -0.245 -0.245
     0      0      0      0      0      0      0      0      0      0      0      0      0      0      0 -0.245 -0.245 -0.245 -0.245 -0.245 -0.245 -0.245 -0.245 -0.245 -0.245 -0.245 -0.245 -0.245 -0.245 -0.245 -0.245 -0.245 -0.245 -0.245 -0.245 -0.245 -0.245 -0.245 -0.245 -0.245 -0.245 -0.245 -0.245 -0.245 -0.245      0      0      0      0      0      0      0      0      0      0      0      0      0      0      0      0      0      0      0      0      0      0      0      0      0      0      0      0      0      0 -0.245 -0.245 -0.245 -0.245 -0.245 -0.245 -0.245 -0.245 -0.245 -0.245 -0.245 -0.245 -0.245 -0.245 -0.245 -0.245 -0.245 -0.245 -0.245 -0.245 -0.245 -0.245 -0.245 -0.245 -0.245
     0      0      0      0      0      0      0      0      0      0      0      0      0      0 -0.245 -0.245 -0.245 -0.245 -0.245 -0.245 -0.245 -0.245 -0.245 -0.245 -0.245 -0.245 -0.245 -0.245 -0.245 -0.245 -0.245 -0.245 -0.245 -0.245 -0.245 -0.245 -0.245 -0.245 -0.245 -0.245 -0.245 -0.245 -0.245 -0.245      0      0      0      0      0      0      0      0      0      0      0      0      0      0      0      0      0      0      0      0      0      0      0      0      0      0      0      0      0      0 -0.245 -0.245 -0.245 -0.245 -0.245 -0.245 -0.245 -0.245 -0.245 -0.245 -0.245 -0.245 -0.245 -0.245 -0.245 -0.245 -0.245 -0.245 -0.245 -0.245 -0.245 -0.245 -0.245 -0.245 -0.245 -0.245
     0      0      0      0      0      0      0      0      0      0      0      0      0 -0.245 -0.245 -0.245 -0.245 -0.245 -0.245 -0.245 -0.245 -0.245 -0.245 -0.245 -0.245 -0.245 -0.245 -0.245 -0.245 -0.245 -0.245 -0.245 -0.245 -0.245 -0.245 -0.245 -0.245 -0.245 -0.245 -0.245 -0.245 -0.245 -0.245      0      0      0      0      0      0      0      0      0      0      0      0      0      0      0      0      0      0      0      0      0      0      0      0      0      0      0      0      0      0 -0.245 -0.245 -0.245 -0.245 -0.245 -0.245 -0.245 -0.245 -0.245 -0.245 -0.245 -0.245 -0.245 -0.245 -0.245 -0.245 -0.245 -0.245 -0.245 -0.245 -0.245 -0.245 -0.245 -0.245 -0.245 -0.245 -0.245
     0      0      0      0      0      0      0      0      0      0      0      0 -0.245 -0.245 -0.245 -0.245 -0.245 -0.245 -0.245 -0.245 -0.245 -0.245 -0.245 -0.245 -0.245 -0.245 -0.245 -0.245 -0.245 -0.245 -0.245 -0.245 -0.245 -0.245 -0.245 -0.245 -0.245 -0.245 -0.245 -0.245 -0.245 -0.245      0      0      0      0      0      0      0      0      0      0      0      0      0      0      0      0      0      0      0      0      0      0      0      0      0      0      0      0      0      0 -0.245 -0.245 -0.245 -0.245 -0.245 -0.245 -0.245 -0.245 -0.245 -0.245 -0.245 -0.245 -0.245 -0.245 -0.245 -0.245 -0.245 -0.245 -0.245 -0.245 -0.245 -0.245 -0.245 -0.245 -0.245 -0.245 -0.245 -0.245
     0      0      0      0      0      0      0      0      0      0      0 -0.245 -0.245 -0.245 -0.245 -0.245 -0.245 -0.245 -0.245 -0.245 -0.245 -0.245 -0.245 -0.245 -0.245 -0.245 -0.245 -0.245 -0.245 -0.245 -0.245 -0.245 -0.245 -0.245 -0.245 -0.245 -0.245 -0.245 -0.245 -0.245 -0.245      0      0      0      0      0      0      0      0      0      0      0      0      0      0      0      0      0      0      0      0      0      0      0      0      0      0      0      0      0      0 -0.245 -0.245 -0.245 -0.245 -0.245 -0.245 -0.245 -0.245 -0.245 -0.245 -0.245 -0.245 -0.245 -0.245 -0.245 -0.245 -0.245 -0.245 -0.245 -0.245 -0.245 -0.245 -0.245 -0.245 -0.245 -0.245 -0.245 -0.245 -0.245
     0      0      0      0      0      0      0      0      0      0 -0.245 -0.245 -0.245 -0.245 -0.245 -0.245 -0.245 -0.245 -0.245 -0.245 -0.245 -0.245 -0.245 -0.245 -0.245 -0.245 -0.245 -0.245 -0.245 -0.245 -0.245 -0.245 -0.245 -0.245 -0.245 -0.245 -0.245 -0.245 -0.245 -0.245      0      0      0      0      0      0      0      0      0      0      0      0      0      0      0      0      0      0      0      0      0      0      0      0      0      0      0      0      0      0 -0.245 -0.245 -0.245 -0.245 -0.245 -0.245 -0.245 -0.245 -0.245 -0.245 -0.245 -0.245 -0.245 -0.245 -0.245 -0.245 -0.245 -0.245 -0.245 -0.245 -0.245 -0.245 -0.245 -0.245 -0.245 -0.245 -0.245 -0.245 -0.245 -0.245
     0      0      0      0      0      0      0      0      0 -0.245 -0.245 -0.245 -0.245 -0.245 -0.245 -0.245 -0.245 -0.245 -0.245 -0.245 -0.245 -0.245 -0.245 -0.245 -0.245 -0.245 -0.245 -0.245 -0.245 -0.245 -0.245 -0.245 -0.245 -0.245 -0.245 -0.245 -0.245 -0.245 -0.245      0      0      0      0      0      0      0      0      0      0      0      0      0      0      0      0      0      0      0      0      0      0      0      0      0      0      0      0      0      0 -0.245 -0.245 -0.245 -0.245 -0.245 -0.245 -0.245 -0.245 -0.245 -0.245 -0.245 -0.245 -0.245 -0.245 -0.245 -0.245 -0.245 -0.245 -0.245 -0.245 -0.245 -0.245 -0.245 -0.245 -0.245 -0.245 -0.245 -0.245 -0.245 -0.245      0
     0      0      0      0      0      0      0      0 -0.245 -0.245 -0.245 -0.245 -0.245 -0.245 -0.245 -0.245 -0.245 -0.245 -0.245 -0.245 -0.245 -0.245 -0.245 -0.245 -0.245 -0.245 -0.245 -0.245 -0.245 -0.245 -0.245 -0.245 -0.245 -0.245 -0.245 -0.245 -0.245 -0.245      0      0      0      0      0      0      0      0      0      0      0      0      0      0      0      0      0      0      0      0      0      0      0      0      0      0      0      0      0      0 -0.245 -0.245 -0.245 -0.245 -0.245 -0.245 -0.245 -0.245 -0.245 -0.245 -0.245 -0.245 -0.245 -0.245 -0.245 -0.245 -0.245 -0.245 -0.245 -0.245 -0.245 -0.245 -0.245 -0.245 -0.245 -0.245 -0.245 -0.245 -0.245 -0.245      0      0
     0      0      0      0      0      0      0 -0.245 -0.245 -0.245 -0.245 -0.245 -0.245 -0.245 -0.245 -0.245 -0.245 -0.245 -0.245 -0.245 -0.245 -0.245 -0.245 -0.245 -0.245 -0.245 -0.245 -0.245 -0.245 -0.245 -0.245 -0.245 -0.245 -0.245 -0.245 -0.245 -0.245      0      0      0      0      0      0      0      0      0      0      0      0      0      0      0      0      0      0      0      0      0      0      0      0      0      0      0      0      0      0 -0.245 -0.245 -0.245 -0.245 -0.245 -0.245 -0.245 -0.245 -0.245 -0.245 -0.245 -0.245 -0.245 -0.245 -0.245 -0.245 -0.245 -0.245 -0.245 -0.245 -0.245 -0.245 -0.245 -0.245 -0.245 -0.245 -0.245 -0.245 -0.245 -0.245      0      0      0
     0      0      0      0      0      0 -0.245 -0.245 -0.245 -0.245 -0.245 -0.245 -0.245 -0.245 -0.245 -0.245 -0.245 -0.245 -0.245 -0.245 -0.245 -0.245 -0.245 -0.245 -0.245 -0.245 -0.245 -0.245 -0.245 -0.245 -0.245 -0.245 -0.245 -0.245 -0.245 -0.245      0      0      0      0      0      0      0      0      0      0      0      0      0      0      0      0      0      0      0      0      0      0      0      0      0      0      0      0      0      0 -0.245 -0.245 -0.245 -0.245 -0.245 -0.245 -0.245 -0.245 -0.245 -0.245 -0.245 -0.245 -0.245 -0.245 -0.245 -0.245 -0.245 -0.245 -0.245 -0.245 -0.245 -0.245 -0.245 -0.245 -0.245 -0.245 -0.245 -0.245 -0.245 -0.245      0      0      0      0
     0      0      0      0      0 -0.245 -0.245 -0.245 -0.245 -0.245 -0.245 -0.245 -0.245 -0.245 -0.245 -0.245 -0.245 -0.245 -0.245 -0.245 -0.245 -0.245 -0.245 -0.245 -0.245 -0.245 -0.245 -0.245 -0.245 -0.245 -0.245 -0.245 -0.245 -0.245 -0.245      0      0      0      0      0      0      0      0      0      0      0      0      0      0      0      0      0      0      0      0      0      0      0      0      0      0      0      0      0      0 -0.245 -0.245 -0.245 -0.245 -0.245 -0.245 -0.245 -0.245 -0.245 -0.245 -0.245 -0.245 -0.245 -0.245 -0.245 -0.245 -0.245 -0.245 -0.245 -0.245 -0.245 -0.245 -0.245 -0.245 -0.245 -0.245 -0.245 -0.245 -0.245 -0.245      0      0      0      0      0
     0      0      0      0 -0.245 -0.245 -0.245 -0.245 -0.245 -0.245 -0.245 -0.245 -0.245 -0.245 -0.245 -0.245 -0.245 -0.245 -0.245 -0.245 -0.245 -0.245 -0.245 -0.245 -0.245 -0.245 -0.245 -0.245 -0.245 -0.245 -0.245 -0.245 -0.245 -0.245      0      0      0      0      0      0      0      0      0      0      0      0      0      0      0      0      0      0      0      0      0      0      0      0      0      0      0      0      0      0 -0.245 -0.245 -0.245 -0.245 -0.245 -0.245 -0.245 -0.245 -0.245 -0.245 -0.245 -0.245 -0.245 -0.245 -0.245 -0.245 -0.245 -0.245 -0.245 -0.245 -0.245 -0.245 -0.245 -0.245 -0.245 -0.245 -0.245 -0.245 -0.245 -0.245      0      0      0      0      0      0
     0      0      0 -0.245 -0.245 -0.245 -0.245 -0.245 -0.245 -0.245 -0.245 -0.245 -0.245 -0.245 -0.245 -0.245 -0.245 -0.245 -0.245 -0.245 -0.245 -0.245 -0.245 -0.245 -0.245 -0.245 -0.245 -0.245 -0.245 -0.245 -0.245 -0.245 -0.245      0      0      0      0      0      0      0      0      0      0      0      0      0      0      0      0      0      0      0      0      0      0      0      0      0      0      0      0      0      0 -0.245 -0.245 -0.245 -0.245 -0.245 -0.245 -0.245 -0.245 -0.245 -0.245 -0.245 -0.245 -0.245 -0.245 -0.245 -0.245 -0.245 -0.245 -0.245 -0.245 -0.245 -0.245 -0.245 -0.245 -0.245 -0.245 -0.245 -0.245 -0.245 -0.245      0      0      0      0      0      0      0
     0      0 -0.245 -0.245 -0.245 -0.245 -0.245 -0.245 -0.245 -0.245 -0.245 -0.245 -0.245 -0.245 -0.245 -0.245 -0.245 -0.245 -0.245 -0.245 -0.245 -0.245 -0.245 -0.245 -0.245 -0.245 -0.245 -0.245 -0.245 -0.245 -0.245 -0.245      0      0      0      0      0      0      0      0      0      0      0      0      0      0      0      0      0      0      0      0      0      0      0      0      0      0      0      0      0      0 -0.245 -0.245 -0.245 -0.245 -0.245 -0.245 -0.245 -0.245 -0.245 -0.245 -0.245 -0.245 -0.245 -0.245 -0.245 -0.245 -0.245 -0.245 -0.245 -0.245 -0.245 -0.245 -0.245 -0.245 -0.245 -0.245 -0.245 -0.245 -0.245 -0.245      0      0      0      0      0      0      0      0
     0 -0.245 -0.245 -0.245 -0.245 -0.245 -0.245 -0.245 -0.245 -0.245 -0.245 -0.245 -0.245 -0.245 -0.245 -0.245 -0.245 -0.245 -0.245 -0.245 -0.245 -0.245 -0.245 -0.245 -0.245 -0.245 -0.245 -0.245 -0.245 -0.245 -0.245      0      0      0      0      0      0      0      0      0      0      0      0      0      0      0      0      0      0      0      0      0      0      0      0      0      0      0      0      0      0 -0.245 -0.245 -0.245 -0.245 -0.245 -0.245 -0.245 -0.245 -0.245 -0.245 -0.245 -0.245 -0.245 -0.245 -0.245 -0.245 -0.245 -0.245 -0.245 -0.245 -0.245 -0.245 -0.245 -0.245 -0.245 -0.245 -0.245 -0.245 -0.245 -0.245      0      0      0      0      0      0      0      0      0
    0     0     0     0     0     0     0     0     0     0     0     0     0     0     0     0     0     0     0     0     0     0     0     0     0     0     0     0     0     0 0.245 0.245 0.245 0.245 0.245 0.245 0.245 0.245 0.245 0.245 0.245 0.245 0.245 0.245 0.245 0.245 0.245 0.245 0.245 0.245 0.245 0.245 0.245 0.245 0.245 0.245 0.245 0.245 0.245 0.245     0     0     0     0     0     0     0     0     0     0     0     0     0     0     0     0     0     0     0     0     0     0     0     0     0     0     0     0     0     0 0.245 0.245 0.245 0.245 0.245 0.245 0.245 0.245 0.245 0.245
          0           0           0           0           0           0           0           0           0           0           0           0           0           0           0           0           0           0           0           0           0           0           0           0           0           0           0           0           0    0.245291    0.245291    0.245291    0.245291    0.245291    0.245291    0.245291    0.245291    0.245291    0.245291    0.245291    0.245291    0.245291    0.245291    0.245291    0.245291    0.245291    0.245291    0.245291    0.245291    0.245291    0.245291    0.245291    0.245291    0.245291    0.245291    0.245291    0.245291    0.245291    0.245291 0.000291196 0.000291196 0.000291196 0.000291196 0.000291196 0.000291196 0.000291196 0.000291196 0.000291196 0.000291196 0.000291196 0.000291196 0.000291196 0.000291196 0.000291196 0.000291196 0.000291196 0.000291196 0.000291196 0.000291196 0.000291196 0.000291196 0.000291196 0.000291196 0.000291196 0.000291196 0.000291196 0.000291196 0.000291196 0.000291196    0.245291    0.245291    0.245291    0.245291    0.245291    0.245291    0.245291    0.245291    0.245291    0.245291    0.245291
          0           0           0           0           0           0           0           0           0           0           0           0           0           0           0           0           0           0           0           0           0           0           0           0           0           0           0           0    0.245348    0.245348    0.245348    0.245348    0.245348    0.245348    0.245348    0.245348    0.245348    0.245348    0.245348    0.245348    0.245348    0.245348    0.245348    0.245348    0.245348    0.245348    0.245348    0.245348    0.245348    0.245348    0.245348    0.245348    0.245348    0.245348    0.245348    0.245348    0.245348    0.245348 0.000348116 0.000348116 0.000348116 0.000348116 0.000348116 0.000348116 0.000348116 0.000348116 0.000348116 0.000348116 0.000348116 0.000348116 0.000348116 0.000348116 0.000348116 0.000348116 0.000348116 0.000348116 0.000348116 0.000348116 0.000348116 0.000348116 0.000348116 0.000348116 0.000348116 0.000348116 0.000348116 0.000348116 0.000348116 0.000348116    0.245348    0.245348    0.245348    0.245348    0.245348    0.245348    0.245348    0.245348    0.245348    0.245348    0.245348    0.245348
          0           0           0           0           0           0           0           0           0           0           0           0           0           0           0           0           0           0           0           0           0           0           0           0           0           0           0    0.245347    0.245347    0.245347    0.245347    0.245347    0.245347    0.245347    0.245347    0.245347    0.245347    0.245347    0.245347    0.245347    0.245347    0.245347    0.245347    0.245347    0.245347    0.245347    0.245347    0.245347    0.245347    0.245347    0.245347    0.245347    0.245347    0.245347    0.245347    0.245347    0.245347 0.000346861 0.000346861 0.000346861 0.000346861 0.000346861 0.000346861 0.000346861 0.000346861 0.000346861 0.000346861 0.000346861 0.000346861 0.000346861 0.000346861 0.000346861 0.000346861 0.000346861 0.000346861 0.000346861 0.000346861 0.000346861 0.000346861 0.000346861 0.000346861 0.000346861 0.000346861 0.000346861 0.000346861 0.000346861 0.000346861    0.245347    0.245347    0.245347    0.245347    0.245347    0.245347    0.245347    0.245347    0.245347    0.245347    0.245347    0.245347    0.245347
          0           0           0           0           0           0           0           0           0           0           0           0           0           0           0           0           0           0           0           0           0           0           0           0           0           0    0.245338    0.245338    0.245338    0.245338    0.245338    0.245338    0.245338    0.245338    0.245338    0.245338    0.245338    0.245338    0.245338    0.245338    0.245338    0.245338    0.245338    0.245338    0.245338    0.245338    0.245338    0.245338    0.245338    0.245338    0.245338    0.245338    0.245338    0.245338    0.245338    0.245338 0.000338119 0.000338119 0.000338119 0.000338119 0.000338119 0.000338119 0.000338119 0.000338119 0.000338119 0.000338119 0.000338119 0.000338119 0.000338119 0.000338119 0.000338119 0.000338119 0.000338119 0.000338119 0.000338119 0.000338119 0.000338119 0.000338119 0.000338119 0.000338119 0.000338119 0.000338119 0.000338119 0.000338119 0.000338119 0.000338119    0.245338    0.245338    0.245338    0.245338    0.245338    0.245338    0.245338    0.245338    0.245338    0.245338    0.245338    0.245338    0.245338    0.245338
          0           0           0           0           0           0           0           0           0           0           0           0           0           0           0           0           0           0           0           0           0           0           0           0           0    0.245332    0.245332    0.245332    0.245332    0.245332    0.245332    0.245332    0.245332    0.245332    0.245332    0.245332    0.245332    0.245332    0.245332    0.245332    0.245332    0.245332    0.245332    0.245332    0.245332    0.245332    0.245332    0.245332    0.245332    0.245332    0.245332    0.245332    0.245332    0.245332    0.245332 0.000332298 0.000332298 0.000332298 0.000332298 0.000332298 0.000332298 0.000332298 0.000332298 0.000332298 0.000332298 0.000332298 0.000332298 0.000332298 0.000332298 0.000332298 0.000332298 0.000332298 0.000332298 0.000332298 0.000332298 0.000332298 0.000332298 0.000332298 0.000332298 0.000332298 0.000332298 0.000332298 0.000332298 0.000332298 0.000332298    0.245332    0.245332    0.245332    0.245332    0.245332    0.245332    0.245332    0.245332    0.245332    0.245332    0.245332    0.245332    0.245332    0.245332    0.245332
          0           0           0           0           0           0           0           0           0           0           0           0           0           0           0           0           0           0           0           0           0           0           0           0     0.24533     0.24533     0.24533     0.24533     0.24533     0.24533     0.24533     0.24533     0.24533     0.24533     0.24533     0.24533     0.24533     0.24533     0.24533     0.24533     0.24533     0.24533     0.24533     0.24533     0.24533     0.24533     0.24533     0.24533     0.24533     0.24533     0.24533     0.24533     0.24533     0.24533 0.000330351 0.000330351 0.000330351 0.000330351 0.000330351 0.000330351 0.000330351 0.000330351 0.000330351 0.000330351 0.000330351 0.000330351 0.000330351 0.000330351 0.000330351 0.000330351 0.000330351 0.000330351 0.000330351 0.000330351 0.000330351 0.000330351 0.000330351 0.000330351 0.000330351 0.000330351 0.000330351 0.000330351 0.000330351 0.000330351     0.24533     0.24533     0.24533     0.24533     0.24533     0.24533     0.24533     0.24533     0.24533     0.24533     0.24533     0.24533     0.24533     0.24533     0.24533     0.24533
          0           0           0           0           0           0           0           0           0           0           0           0           0           0           0           0           0           0           0           0           0           0           0    0.245338    0.245338    0.245338    0.245338    0.245338    0.245338    0.245338    0.245338    0.245338    0.245338    0.245338    0.245338    0.245338    0.245338    0.245338    0.245338    0.245338    0.245338    0.245338    0.245338    0.245338    0.245338    0.245338    0.245338    0.245338    0.245338    0.245338    0.245338    0.245338    0.245338 0.000337913 0.000337913 0.000337913 0.000337913 0.000337913 0.000337913 0.000337913 0.000337913 0.000337913 0.000337913 0.000337913 0.000337913 0.000337913 0.000337913 0.000337913 0.000337913 0.000337913 0.000337913 0.000337913 0.000337913 0.000337913 0.000337913 0.000337913 0.000337913 0.000337913 0.000337913 0.000337913 0.000337913 0.000337913 0.000337913    0.245338    0.245338    0.245338    0.245338    0.245338    0.245338    0.245338    0.245338    0.245338    0.245338    0.245338    0.245338    0.245338    0.245338    0.245338    0.245338    0.245338
          0           0           0           0           0           0           0           0           0           0           0           0           0           0           0           0           0           0           0           0           0           0    0.245362    0.245362    0.245362    0.245362    0.245362    0.245362    0.245362    0.245362    0.245362    0.245362    0.245362    0.245362    0.245362    0.245362    0.245362    0.245362    0.245362    0.245362    0.245362    0.245362    0.245362    0.245362    0.245362    0.245362    0.245362    0.245362    0.245362    0.245362    0.245362    0.245362 0.000362185 0.000362185 0.000362185 0.000362185 0.000362185 0.000362185 0.000362185 0.000362185 0.000362185 0.000362185 0.000362185 0.000362185 0.000362185 0.000362185 0.000362185 0.000362185 0.000362185 0.000362185 0.000362185 0.000362185 0.000362185 0.000362185 0.000362185 0.000362185 0.000362185 0.000362185 0.000362185 0.000362185 0.000362185 0.000362185    0.245362    0.245362    0.245362    0.245362    0.245362    0.245362    0.245362    0.245362    0.245362    0.245362    0.245362    0.245362    0.245362    0.245362    0.245362    0.245362    0.245362    0.245362
