  0.00014787    0.0001481  0.000148075  0.000147991  0.000147899  0.000147808  0.000147724  0.000147645  0.000147571  0.000147503   0.00014744  0.000147381  0.000147326  0.000147276  0.000147228  0.000147185  0.000147144  0.000147106  0.000147071  0.000147039  0.000147009  0.000146981  0.000146955  0.000146931  0.000146909  0.000146888  0.000146869  0.000146851  0.000146835   0.00014682  0.000146807  0.000146794  0.000146782  0.000146772  0.000146762  0.000146754  0.000146746  0.000146739  0.000146732  0.000146727  0.000146722  0.000146718  0.000146715  0.000146712   0.00014671  0.000146709  0.000146707  0.000146704  0.000146691  0.000146636  0.000146415  0.000145903  0.000145078  0.000143946  0.000142517  0.000140807  0.000138828  0.000136595  0.000134122  0.000131423  0.000128513  0.000125404  0.000122112  0.000118651  0.000115034  0.000111276  0.000107391  0.000103393  9.92956e-05  9.51136e-05  9.08607e-05  8.65512e-05  8.21991e-05  7.78185e-05  7.34235e-05  6.90282e-05  6.46467e-05   6.0293e-05  5.59814e-05  5.17258e-05  4.75404e-05  4.34393e-05  3.94366e-05  3.55463e-05  3.17826e-05  2.81596e-05  2.46914e-05  2.13921e-05  1.82759e-05  1.53567e-05  1.26489e-05  1.01664e-05  7.92337e-06  5.93397e-06  4.21209e-06  2.77112e-06  1.62215e-06  7.67254e-07  1.72985e-07 -3.34371e-07
   0.0001481  0.000148075  0.000147991  0.000147899  0.000147808  0.000147724  0.000147645  0.000147571  0.000147503   0.00014744  0.000147381  0.000147326  0.000147275  0.000147228  0.000147185  0.000147144  0.000147106  0.000147071  0.000147039  0.000147009  0.000146981  0.000146955  0.000146931  0.000146909  0.000146888  0.000146869  0.000146851  0.000146835   0.00014682  0.000146807  0.000146794  0.000146782  0.000146772  0.000146762  0.000146753  0.000146746  0.000146739  0.000146732  0.000146727  0.000146722  0.000146718  0.000146715  0.000146712   0.00014671  0.000146709  0.000146707  0.000146704   0.00014669  0.000146636  0.000146415  0.000145903  0.000145078  0.000143946  0.000142517  0.000140807  0.000138828  0.000136595  0.000134122  0.000131423  0.000128513  0.000125404  0.000122112  0.000118651  0.000115034  0.000111276  0.000107391  0.000103393  9.92955e-05  9.51134e-05  9.08606e-05   8.6551e-05  8.21989e-05  7.78183e-05  7.34233e-05  6.90279e-05  6.46464e-05  6.02928e-05  5.59811e-05  5.17255e-05  4.75401e-05   4.3439e-05  3.94362e-05  3.55459e-05  3.17822e-05  2.81591e-05  2.46909e-05  2.13916e-05  1.82753e-05  1.53561e-05  1.26481e-05  1.01656e-05  7.92256e-06  5.93314e-06  4.21142e-06  2.77123e-06  1.62559e-06  7.84051e-07  2.42723e-07 -5.55267e-08 -3.77793e-07
 0.000148075  0.000147991  0.000147899  0.000147808  0.000147724  0.000147645  0.000147571  0.000147503   0.00014744  0.000147381  0.000147326  0.000147275  0.000147228  0.000147185  0.000147144  0.000147106  0.000147071  0.000147039  0.000147009  0.000146981  0.000146955  0.000146931  0.000146909  0.000146888  0.000146869  0.000146851  0.000146835   0.00014682  0.000146807  0.000146794  0.000146782  0.000146772  0.000146762  0.000146753  0.000146746  0.000146739  0.000146732  0.000146727  0.000146722  0.000146718  0.000146715  0.000146712   0.00014671  0.000146709  0.000146707  0.000146704   0.00014669  0.000146636  0.000146415  0.000145903  0.000145078  0.000143945  0.000142517  0.000140807  0.000138828  0.000136595  0.000134122  0.000131423  0.000128513  0.000125404  0.000122112  0.000118651  0.000115034  0.000111276  0.000107391  0.000103393  9.92954e-05  9.51133e-05  9.08604e-05  8.65509e-05  8.21987e-05  7.78181e-05  7.34231e-05  6.90277e-05  6.46462e-05  6.02925e-05  5.59808e-05  5.17252e-05  4.75398e-05  4.34386e-05  3.94358e-05  3.55455e-05  3.17818e-05  2.81587e-05  2.46904e-05  2.13911e-05  1.82747e-05  1.53555e-05  1.26475e-05  1.01649e-05  7.92181e-06  5.93235e-06  4.21062e-06  2.77058e-06   1.6257e-06  7.87415e-07  2.59127e-07  1.25605e-08 -1.05569e-07 -3.67442e-07
 0.000147991  0.000147899  0.000147808  0.000147724  0.000147645  0.000147571  0.000147503   0.00014744  0.000147381  0.000147326  0.000147275  0.000147228  0.000147185  0.000147144  0.000147106  0.000147071  0.000147039  0.000147009  0.000146981  0.000146955  0.000146931  0.000146909  0.000146888  0.000146869  0.000146851  0.000146835   0.00014682  0.000146807  0.000146794  0.000146782  0.000146772  0.000146762  0.000146753  0.000146746  0.000146739  0.000146732  0.000146727  0.000146722  0.000146718  0.000146715  0.000146712   0.00014671  0.000146709  0.000146707  0.000146704   0.00014669  0.000146636  0.000146415  0.000145903  0.000145078  0.000143945  0.000142517  0.000140807  0.000138828  0.000136595  0.000134122  0.000131423  0.000128512  0.000125404  0.000122112  0.000118651  0.000115034  0.000111276  0.000107391  0.000103392  9.92953e-05  9.51132e-05  9.08603e-05  8.65507e-05  8.21986e-05  7.78179e-05  7.34229e-05  6.90275e-05   6.4646e-05  6.02923e-05  5.59806e-05   5.1725e-05  4.75395e-05  4.34383e-05  3.94355e-05  3.55452e-05  3.17814e-05  2.81583e-05    2.469e-05  2.13906e-05  1.82742e-05  1.53549e-05  1.26469e-05  1.01643e-05  7.92115e-06  5.93165e-06  4.20987e-06  2.76983e-06  1.62509e-06  7.87527e-07    2.623e-07  2.80209e-08   -4.141e-08 -1.10934e-07 -3.45016e-07
 0.000147899  0.000147808  0.000147724  0.000147645  0.000147571  0.000147503   0.00014744  0.000147381  0.000147326  0.000147275  0.000147228  0.000147185  0.000147144  0.000147106  0.000147071  0.000147039  0.000147009  0.000146981  0.000146955  0.000146931  0.000146909  0.000146888  0.000146869  0.000146851  0.000146835   0.00014682  0.000146807  0.000146794  0.000146782  0.000146772  0.000146762  0.000146753  0.000146746  0.000146739  0.000146732  0.000146727  0.000146722  0.000146718  0.000146715  0.000146712   0.00014671  0.000146709  0.000146707  0.000146704   0.00014669  0.000146636  0.000146415  0.000145903  0.000145078  0.000143945  0.000142517  0.000140807  0.000138828  0.000136595  0.000134122  0.000131423  0.000128512  0.000125404  0.000122112  0.000118651  0.000115034  0.000111276  0.000107391  0.000103392  9.92952e-05  9.51131e-05  9.08602e-05  8.65506e-05  8.21984e-05  7.78178e-05  7.34227e-05  6.90274e-05  6.46458e-05  6.02921e-05  5.59804e-05  5.17248e-05  4.75393e-05  4.34381e-05  3.94352e-05  3.55449e-05  3.17811e-05   2.8158e-05  2.46896e-05  2.13902e-05  1.82738e-05  1.53545e-05  1.26464e-05  1.01638e-05  7.92059e-06  5.93104e-06  4.20922e-06  2.76913e-06  1.62439e-06  7.86955e-07  2.62406e-07  3.09851e-08 -2.69747e-08 -5.10367e-08 -1.05552e-07 -3.20972e-07
 0.000147808  0.000147724  0.000147645  0.000147571  0.000147503   0.00014744  0.000147381  0.000147326  0.000147275  0.000147228  0.000147185  0.000147144  0.000147106  0.000147071  0.000147039  0.000147009  0.000146981  0.000146955  0.000146931  0.000146909  0.000146888  0.000146869  0.000146851  0.000146835   0.00014682  0.000146807  0.000146794  0.000146782  0.000146772  0.000146762  0.000146753  0.000146746  0.000146739  0.000146732  0.000146727  0.000146722  0.000146718  0.000146715  0.000146712   0.00014671  0.000146709  0.000146707  0.000146704   0.00014669  0.000146635  0.000146415  0.000145903  0.000145078  0.000143945  0.000142517  0.000140807  0.000138828  0.000136595  0.000134122  0.000131423  0.000128512  0.000125404  0.000122112  0.000118651  0.000115034  0.000111276  0.000107391  0.000103392  9.92951e-05   9.5113e-05  9.08601e-05  8.65505e-05  8.21983e-05  7.78177e-05  7.34226e-05  6.90272e-05  6.46457e-05  6.02919e-05  5.59802e-05  5.17246e-05  4.75391e-05  4.34379e-05   3.9435e-05  3.55446e-05  3.17808e-05  2.81577e-05  2.46893e-05  2.13899e-05  1.82734e-05  1.53541e-05   1.2646e-05  1.01633e-05   7.9201e-06  5.93051e-06  4.20865e-06  2.76852e-06  1.62374e-06  7.86303e-07  2.61875e-07  3.10858e-08 -2.42124e-08 -3.75924e-08  -4.9773e-08 -9.79792e-08 -2.97856e-07
 0.000147724  0.000147645  0.000147571  0.000147503   0.00014744  0.000147381  0.000147326  0.000147275  0.000147228  0.000147185  0.000147144  0.000147106  0.000147071  0.000147039  0.000147009  0.000146981  0.000146955  0.000146931  0.000146909  0.000146888  0.000146869  0.000146851  0.000146835   0.00014682  0.000146807  0.000146794  0.000146782  0.000146772  0.000146762  0.000146753  0.000146746  0.000146739  0.000146732  0.000146727  0.000146722  0.000146718  0.000146715  0.000146712   0.00014671  0.000146709  0.000146707  0.000146704   0.00014669  0.000146635  0.000146415  0.000145903  0.000145078  0.000143945  0.000142517  0.000140807  0.000138828  0.000136595  0.000134122  0.000131423  0.000128512  0.000125404  0.000122112  0.000118651  0.000115034  0.000111276  0.000107391  0.000103392   9.9295e-05  9.51129e-05    9.086e-05  8.65504e-05  8.21982e-05  7.78176e-05  7.34225e-05  6.90271e-05  6.46455e-05  6.02918e-05  5.59801e-05  5.17244e-05  4.75389e-05  4.34377e-05  3.94348e-05  3.55444e-05  3.17806e-05  2.81574e-05  2.46891e-05  2.13896e-05  1.82731e-05  1.53538e-05  1.26457e-05  1.01629e-05  7.91967e-06  5.93005e-06  4.20816e-06    2.768e-06  1.62318e-06  7.85705e-07  2.61271e-07  3.05931e-08 -2.41172e-08 -3.50202e-08 -3.72602e-08 -4.60701e-08 -9.03416e-08 -2.76215e-07
 0.000147645  0.000147571  0.000147503   0.00014744  0.000147381  0.000147326  0.000147275  0.000147228  0.000147185  0.000147144  0.000147106  0.000147071  0.000147039  0.000147009  0.000146981  0.000146955  0.000146931  0.000146909  0.000146888  0.000146869  0.000146851  0.000146835   0.00014682  0.000146807  0.000146794  0.000146782  0.000146772  0.000146762  0.000146753  0.000146746  0.000146739  0.000146732  0.000146727  0.000146722  0.000146718  0.000146715  0.000146712   0.00014671  0.000146709  0.000146707  0.000146704   0.00014669  0.000146635  0.000146415  0.000145903  0.000145078  0.000143945  0.000142517  0.000140806  0.000138828  0.000136595  0.000134122  0.000131423  0.000128512  0.000125404  0.000122112  0.000118651  0.000115034  0.000111276   0.00010739  0.000103392   9.9295e-05  9.51128e-05  9.08599e-05  8.65503e-05  8.21982e-05  7.78175e-05  7.34224e-05   6.9027e-05  6.46454e-05  6.02917e-05  5.59799e-05  5.17243e-05  4.75388e-05  4.34375e-05  3.94346e-05  3.55442e-05  3.17804e-05  2.81572e-05  2.46888e-05  2.13893e-05  1.82728e-05  1.53535e-05  1.26453e-05  1.01626e-05  7.91931e-06  5.92966e-06  4.20774e-06  2.76754e-06  1.62269e-06   7.8518e-07  2.60715e-07  3.00318e-08 -2.45742e-08 -3.49301e-08 -3.48654e-08 -3.44263e-08 -4.20432e-08 -8.31406e-08 -2.56099e-07
 0.000147571  0.000147503   0.00014744  0.000147381  0.000147326  0.000147275  0.000147228  0.000147185  0.000147144  0.000147106  0.000147071  0.000147039  0.000147009  0.000146981  0.000146955  0.000146931  0.000146909  0.000146888  0.000146869  0.000146851  0.000146835   0.00014682  0.000146807  0.000146794  0.000146782  0.000146772  0.000146762  0.000146753  0.000146746  0.000146739  0.000146732  0.000146727  0.000146722  0.000146718  0.000146715  0.000146712   0.00014671  0.000146709  0.000146707  0.000146704   0.00014669  0.000146635  0.000146415  0.000145903  0.000145078  0.000143945  0.000142517  0.000140806  0.000138828  0.000136595  0.000134122  0.000131423  0.000128512  0.000125404  0.000122112  0.000118651  0.000115034  0.000111276   0.00010739  0.000103392  9.92949e-05  9.51128e-05  9.08599e-05  8.65503e-05  8.21981e-05  7.78174e-05  7.34223e-05  6.90269e-05  6.46453e-05  6.02916e-05  5.59798e-05  5.17242e-05  4.75386e-05  4.34374e-05  3.94345e-05  3.55441e-05  3.17802e-05   2.8157e-05  2.46886e-05  2.13891e-05  1.82726e-05  1.53532e-05  1.26451e-05  1.01623e-05    7.919e-06  5.92932e-06  4.20737e-06  2.76715e-06  1.62226e-06  7.84726e-07  2.60228e-07  2.95159e-08 -2.50952e-08  -3.5354e-08 -3.47802e-08 -3.21968e-08 -3.12087e-08  -3.8204e-08 -7.64677e-08 -2.37435e-07
 0.000147503   0.00014744  0.000147381  0.000147326  0.000147275  0.000147228  0.000147185  0.000147144  0.000147106  0.000147071  0.000147039  0.000147009  0.000146981  0.000146955  0.000146931  0.000146909  0.000146888  0.000146869  0.000146851  0.000146835   0.00014682  0.000146807  0.000146794  0.000146782  0.000146772  0.000146762  0.000146753  0.000146746  0.000146739  0.000146732  0.000146727  0.000146722  0.000146718  0.000146715  0.000146712   0.00014671  0.000146709  0.000146707  0.000146704   0.00014669  0.000146635  0.000146415  0.000145903  0.000145078  0.000143945  0.000142517  0.000140806  0.000138828  0.000136595  0.000134122  0.000131423  0.000128512  0.000125404  0.000122112   0.00011865  0.000115034  0.000111276   0.00010739  0.000103392  9.92949e-05  9.51127e-05  9.08598e-05  8.65502e-05   8.2198e-05  7.78173e-05  7.34222e-05  6.90268e-05  6.46452e-05  6.02915e-05  5.59797e-05   5.1724e-05  4.75385e-05  4.34373e-05  3.94344e-05  3.55439e-05  3.17801e-05  2.81569e-05  2.46885e-05  2.13889e-05  1.82724e-05   1.5353e-05  1.26448e-05   1.0162e-05  7.91873e-06  5.92903e-06  4.20706e-06  2.76681e-06   1.6219e-06  7.84334e-07  2.59806e-07  2.90637e-08 -2.55742e-08 -3.58376e-08 -3.51734e-08 -3.21163e-08 -2.91332e-08 -2.81227e-08 -3.46593e-08 -7.03133e-08 -2.20127e-07
  0.00014744  0.000147381  0.000147326  0.000147275  0.000147228  0.000147184  0.000147144  0.000147106  0.000147071  0.000147039  0.000147009  0.000146981  0.000146955  0.000146931  0.000146909  0.000146888  0.000146869  0.000146851  0.000146835   0.00014682  0.000146807  0.000146794  0.000146782  0.000146772  0.000146762  0.000146753  0.000146746  0.000146739  0.000146732  0.000146727  0.000146722  0.000146718  0.000146715  0.000146712   0.00014671  0.000146709  0.000146707  0.000146704   0.00014669  0.000146635  0.000146415  0.000145903  0.000145078  0.000143945  0.000142517  0.000140806  0.000138828  0.000136595  0.000134122  0.000131423  0.000128512  0.000125404  0.000122112   0.00011865  0.000115034  0.000111276   0.00010739  0.000103392  9.92948e-05  9.51127e-05  9.08598e-05  8.65502e-05   8.2198e-05  7.78173e-05  7.34222e-05  6.90268e-05  6.46452e-05  6.02914e-05  5.59797e-05   5.1724e-05  4.75384e-05  4.34372e-05  3.94343e-05  3.55438e-05  3.17799e-05  2.81567e-05  2.46883e-05  2.13888e-05  1.82722e-05  1.53528e-05  1.26446e-05  1.01618e-05  7.91849e-06  5.92878e-06  4.20679e-06  2.76652e-06  1.62159e-06  7.83996e-07  2.59442e-07  2.86721e-08  -2.5994e-08 -3.62823e-08 -3.56223e-08  -3.2481e-08 -2.90571e-08 -2.61904e-08 -2.52788e-08 -3.14155e-08 -6.46448e-08 -2.04081e-07
 0.000147381  0.000147326  0.000147275  0.000147228  0.000147184  0.000147144  0.000147106  0.000147071  0.000147039  0.000147009  0.000146981  0.000146955  0.000146931  0.000146909  0.000146888  0.000146869  0.000146851  0.000146835   0.00014682  0.000146807  0.000146794  0.000146782  0.000146772  0.000146762  0.000146753  0.000146746  0.000146739  0.000146732  0.000146727  0.000146722  0.000146718  0.000146715  0.000146712   0.00014671  0.000146709  0.000146707  0.000146704   0.00014669  0.000146635  0.000146415  0.000145903  0.000145078  0.000143945  0.000142517  0.000140806  0.000138828  0.000136595  0.000134122  0.000131423  0.000128512  0.000125404  0.000122112   0.00011865  0.000115034  0.000111276   0.00010739  0.000103392  9.92948e-05  9.51126e-05  9.08597e-05  8.65501e-05  8.21979e-05  7.78172e-05  7.34221e-05  6.90267e-05  6.46451e-05  6.02914e-05  5.59796e-05  5.17239e-05  4.75383e-05  4.34371e-05  3.94342e-05  3.55437e-05  3.17798e-05  2.81566e-05  2.46882e-05  2.13886e-05  1.82721e-05  1.53527e-05  1.26445e-05  1.01616e-05  7.91829e-06  5.92857e-06  4.20656e-06  2.76627e-06  1.62132e-06  7.83705e-07  2.59128e-07  2.83343e-08 -2.63575e-08 -3.66721e-08 -3.60351e-08 -3.28977e-08 -2.93954e-08 -2.61185e-08   -2.348e-08 -2.26871e-08 -2.84549e-08 -5.94261e-08 -1.89203e-07
 0.000147326  0.000147275  0.000147228  0.000147184  0.000147144  0.000147106  0.000147071  0.000147039  0.000147009  0.000146981  0.000146955  0.000146931  0.000146909  0.000146888  0.000146869  0.000146851  0.000146835   0.00014682  0.000146807  0.000146794  0.000146782  0.000146772  0.000146762  0.000146753  0.000146746  0.000146738  0.000146732  0.000146727  0.000146722  0.000146718  0.000146715  0.000146712   0.00014671  0.000146709  0.000146707  0.000146704   0.00014669  0.000146635  0.000146415  0.000145903  0.000145078  0.000143945  0.000142517  0.000140806  0.000138828  0.000136595  0.000134122  0.000131423  0.000128512  0.000125404  0.000122112   0.00011865  0.000115034  0.000111276   0.00010739  0.000103392  9.92948e-05  9.51126e-05  9.08597e-05  8.65501e-05  8.21979e-05  7.78172e-05  7.34221e-05  6.90267e-05  6.46451e-05  6.02913e-05  5.59795e-05  5.17238e-05  4.75383e-05   4.3437e-05  3.94341e-05  3.55436e-05  3.17797e-05  2.81565e-05  2.46881e-05  2.13885e-05   1.8272e-05  1.53525e-05  1.26443e-05  1.01615e-05  7.91812e-06  5.92838e-06  4.20636e-06  2.76605e-06  1.62108e-06  7.83454e-07  2.58858e-07  2.80431e-08 -2.66711e-08 -3.70095e-08  -3.6397e-08  -3.3281e-08 -2.97822e-08 -2.64323e-08 -2.34121e-08 -2.10124e-08 -2.03333e-08 -2.57556e-08 -5.46224e-08  -1.7541e-07
 0.000147275  0.000147228  0.000147184  0.000147144  0.000147106  0.000147071  0.000147039  0.000147009  0.000146981  0.000146955  0.000146931  0.000146909  0.000146888  0.000146869  0.000146851  0.000146835   0.00014682  0.000146806  0.000146794  0.000146782  0.000146772  0.000146762  0.000146753  0.000146746  0.000146738  0.000146732  0.000146727  0.000146722  0.000146718  0.000146715  0.000146712   0.00014671  0.000146709  0.000146707  0.000146704   0.00014669  0.000146635  0.000146415  0.000145903  0.000145078  0.000143945  0.000142517  0.000140806  0.000138828  0.000136595  0.000134122  0.000131423  0.000128512  0.000125404  0.000122112   0.00011865  0.000115034  0.000111276   0.00010739  0.000103392  9.92947e-05  9.51126e-05  9.08597e-05    8.655e-05  8.21978e-05  7.78171e-05   7.3422e-05  6.90266e-05   6.4645e-05  6.02913e-05  5.59795e-05  5.17238e-05  4.75382e-05  4.34369e-05   3.9434e-05  3.55435e-05  3.17796e-05  2.81564e-05   2.4688e-05  2.13884e-05  1.82718e-05  1.53524e-05  1.26442e-05  1.01613e-05  7.91797e-06  5.92822e-06  4.20618e-06  2.76587e-06  1.62088e-06  7.83238e-07  2.58625e-07  2.77921e-08 -2.69415e-08 -3.73007e-08 -3.67103e-08 -3.36169e-08  -3.0138e-08 -2.67913e-08 -2.37031e-08 -2.09483e-08 -1.87742e-08 -1.81985e-08 -2.32958e-08 -5.02012e-08 -1.62622e-07
 0.000147228  0.000147184  0.000147144  0.000147106  0.000147071  0.000147039  0.000147009  0.000146981  0.000146955  0.000146931  0.000146909  0.000146888  0.000146869  0.000146851  0.000146835   0.00014682  0.000146806  0.000146794  0.000146782  0.000146772  0.000146762  0.000146753  0.000146746  0.000146738  0.000146732  0.000146727  0.000146722  0.000146718  0.000146715  0.000146712   0.00014671  0.000146709  0.000146707  0.000146704   0.00014669  0.000146635  0.000146415  0.000145903  0.000145078  0.000143945  0.000142517  0.000140806  0.000138828  0.000136595  0.000134122  0.000131423  0.000128512  0.000125404  0.000122112   0.00011865  0.000115034  0.000111276   0.00010739  0.000103392  9.92947e-05  9.51126e-05  9.08596e-05    8.655e-05  8.21978e-05  7.78171e-05   7.3422e-05  6.90266e-05   6.4645e-05  6.02912e-05  5.59794e-05  5.17237e-05  4.75382e-05  4.34369e-05  3.94339e-05  3.55435e-05  3.17796e-05  2.81563e-05  2.46879e-05  2.13883e-05  1.82717e-05  1.53523e-05  1.26441e-05  1.01612e-05  7.91784e-06  5.92808e-06  4.20603e-06  2.76571e-06  1.62071e-06  7.83051e-07  2.58424e-07  2.75758e-08 -2.71745e-08 -3.75517e-08 -3.69807e-08 -3.39078e-08 -3.04499e-08 -2.71216e-08 -2.40364e-08 -2.12183e-08 -1.87137e-08 -1.67471e-08  -1.6264e-08 -2.10553e-08 -4.61323e-08 -1.50766e-07
 0.000147184  0.000147144  0.000147106  0.000147071  0.000147039  0.000147009  0.000146981  0.000146955  0.000146931  0.000146909  0.000146888  0.000146869  0.000146851  0.000146835   0.00014682  0.000146806  0.000146794  0.000146782  0.000146772  0.000146762  0.000146753  0.000146746  0.000146738  0.000146732  0.000146727  0.000146722  0.000146718  0.000146715  0.000146712   0.00014671  0.000146709  0.000146707  0.000146704   0.00014669  0.000146635  0.000146415  0.000145903  0.000145078  0.000143945  0.000142517  0.000140806  0.000138828  0.000136595  0.000134122  0.000131423  0.000128512  0.000125404  0.000122112   0.00011865  0.000115034  0.000111276   0.00010739  0.000103392  9.92947e-05  9.51125e-05  9.08596e-05    8.655e-05  8.21978e-05  7.78171e-05   7.3422e-05  6.90266e-05  6.46449e-05  6.02912e-05  5.59794e-05  5.17237e-05  4.75381e-05  4.34368e-05  3.94339e-05  3.55434e-05  3.17795e-05  2.81563e-05  2.46878e-05  2.13882e-05  1.82717e-05  1.53522e-05   1.2644e-05  1.01611e-05  7.91773e-06  5.92796e-06   4.2059e-06  2.76557e-06  1.62056e-06  7.82891e-07  2.58251e-07  2.73894e-08 -2.73753e-08  -3.7768e-08 -3.72137e-08 -3.41588e-08 -3.07199e-08 -2.74112e-08 -2.43431e-08 -2.15277e-08 -1.89641e-08   -1.669e-08 -1.49129e-08 -1.45123e-08 -1.90153e-08 -4.23882e-08 -1.39774e-07
 0.000147144  0.000147106  0.000147071  0.000147039  0.000147009  0.000146981  0.000146955  0.000146931  0.000146909  0.000146888  0.000146869  0.000146851  0.000146835   0.00014682  0.000146806  0.000146794  0.000146782  0.000146772  0.000146762  0.000146753  0.000146746  0.000146738  0.000146732  0.000146727  0.000146722  0.000146718  0.000146715  0.000146712   0.00014671  0.000146709  0.000146707  0.000146704   0.00014669  0.000146635  0.000146415  0.000145903  0.000145078  0.000143945  0.000142517  0.000140806  0.000138828  0.000136595  0.000134122  0.000131423  0.000128512  0.000125404  0.000122112   0.00011865  0.000115034  0.000111275   0.00010739  0.000103392  9.92947e-05  9.51125e-05  9.08596e-05    8.655e-05  8.21978e-05  7.78171e-05   7.3422e-05  6.90265e-05  6.46449e-05  6.02911e-05  5.59794e-05  5.17236e-05  4.75381e-05  4.34368e-05  3.94338e-05  3.55434e-05  3.17795e-05  2.81562e-05  2.46878e-05  2.13882e-05  1.82716e-05  1.53521e-05  1.26439e-05   1.0161e-05  7.91764e-06  5.92786e-06  4.20579e-06  2.76545e-06  1.62043e-06  7.82752e-07  2.58102e-07  2.72288e-08 -2.75484e-08 -3.79545e-08 -3.74145e-08 -3.43751e-08 -3.09529e-08  -2.7662e-08 -2.46119e-08 -2.18123e-08 -1.92513e-08 -1.69223e-08  -1.4859e-08 -1.32544e-08 -1.29272e-08 -1.71588e-08 -3.89431e-08 -1.29583e-07
 0.000147106  0.000147071  0.000147039  0.000147009  0.000146981  0.000146955  0.000146931  0.000146909  0.000146888  0.000146869  0.000146851  0.000146835   0.00014682  0.000146806  0.000146794  0.000146782  0.000146772  0.000146762  0.000146753  0.000146746  0.000146738  0.000146732  0.000146727  0.000146722  0.000146718  0.000146715  0.000146712   0.00014671  0.000146709  0.000146707  0.000146704   0.00014669  0.000146635  0.000146415  0.000145903  0.000145078  0.000143945  0.000142517  0.000140806  0.000138828  0.000136595  0.000134122  0.000131423  0.000128512  0.000125404  0.000122112   0.00011865  0.000115034  0.000111275   0.00010739  0.000103392  9.92947e-05  9.51125e-05  9.08596e-05    8.655e-05  8.21978e-05   7.7817e-05  7.34219e-05  6.90265e-05  6.46449e-05  6.02911e-05  5.59793e-05  5.17236e-05   4.7538e-05  4.34367e-05  3.94338e-05  3.55433e-05  3.17794e-05  2.81562e-05  2.46877e-05  2.13881e-05  1.82715e-05  1.53521e-05  1.26438e-05  1.01609e-05  7.91755e-06  5.92777e-06   4.2057e-06  2.76535e-06  1.62032e-06  7.82633e-07  2.57974e-07  2.70903e-08 -2.76975e-08 -3.81151e-08 -3.75876e-08 -3.45616e-08 -3.11538e-08 -2.78783e-08 -2.48447e-08  -2.2062e-08 -1.95156e-08 -1.71888e-08 -1.50744e-08 -1.32036e-08 -1.17561e-08 -1.14938e-08 -1.54699e-08 -3.57736e-08 -1.20135e-07
 0.000147071  0.000147039  0.000147009  0.000146981  0.000146955  0.000146931  0.000146909  0.000146888  0.000146869  0.000146851  0.000146835   0.00014682  0.000146806  0.000146794  0.000146782  0.000146772  0.000146762  0.000146753  0.000146746  0.000146738  0.000146732  0.000146727  0.000146722  0.000146718  0.000146715  0.000146712   0.00014671  0.000146709  0.000146707  0.000146704   0.00014669  0.000146635  0.000146415  0.000145903  0.000145078  0.000143945  0.000142517  0.000140806  0.000138828  0.000136595  0.000134122  0.000131423  0.000128512  0.000125404  0.000122112   0.00011865  0.000115034  0.000111275   0.00010739  0.000103392  9.92946e-05  9.51125e-05  9.08596e-05  8.65499e-05  8.21977e-05   7.7817e-05  7.34219e-05  6.90265e-05  6.46449e-05  6.02911e-05  5.59793e-05  5.17236e-05   4.7538e-05  4.34367e-05  3.94338e-05  3.55433e-05  3.17794e-05  2.81561e-05  2.46877e-05  2.13881e-05  1.82715e-05   1.5352e-05  1.26438e-05  1.01609e-05  7.91748e-06  5.92769e-06  4.20562e-06  2.76526e-06  1.62023e-06   7.8253e-07  2.57863e-07   2.6971e-08  -2.7826e-08 -3.82536e-08 -3.77368e-08 -3.47223e-08 -3.13269e-08 -2.80648e-08 -2.50455e-08 -2.22781e-08 -1.97473e-08 -1.74342e-08 -1.53218e-08 -1.34034e-08 -1.17082e-08 -1.04036e-08 -1.01987e-08 -1.39342e-08 -3.28577e-08 -1.11376e-07
 0.000147039  0.000147009  0.000146981  0.000146955  0.000146931  0.000146908  0.000146888  0.000146869  0.000146851  0.000146835   0.00014682  0.000146806  0.000146794  0.000146782  0.000146772  0.000146762  0.000146753  0.000146746  0.000146738  0.000146732  0.000146727  0.000146722  0.000146718  0.000146715  0.000146712   0.00014671  0.000146709  0.000146707  0.000146704   0.00014669  0.000146635  0.000146415  0.000145903  0.000145078  0.000143945  0.000142517  0.000140806  0.000138828  0.000136595  0.000134122  0.000131423  0.000128512  0.000125404  0.000122112   0.00011865  0.000115034  0.000111275   0.00010739  0.000103392  9.92946e-05  9.51125e-05  9.08596e-05  8.65499e-05  8.21977e-05   7.7817e-05  7.34219e-05  6.90265e-05  6.46448e-05  6.02911e-05  5.59793e-05  5.17236e-05   4.7538e-05  4.34367e-05  3.94337e-05  3.55433e-05  3.17793e-05  2.81561e-05  2.46876e-05   2.1388e-05  1.82714e-05   1.5352e-05  1.26437e-05  1.01608e-05  7.91742e-06  5.92763e-06  4.20555e-06  2.76518e-06  1.62014e-06  7.82442e-07  2.57768e-07  2.68682e-08 -2.79368e-08 -3.83729e-08 -3.78653e-08 -3.48608e-08 -3.14761e-08 -2.82255e-08 -2.52187e-08 -2.24645e-08  -1.9948e-08 -1.76494e-08 -1.55497e-08 -1.36331e-08 -1.18936e-08 -1.03584e-08 -9.18378e-09  -9.0294e-09 -1.25385e-08 -3.01756e-08 -1.03255e-07
 0.000147009  0.000146981  0.000146955  0.000146931  0.000146908  0.000146888  0.000146869  0.000146851  0.000146835   0.00014682  0.000146806  0.000146794  0.000146782  0.000146772  0.000146762  0.000146753  0.000146746  0.000146738  0.000146732  0.000146727  0.000146722  0.000146718  0.000146715  0.000146712   0.00014671  0.000146709  0.000146707  0.000146704   0.00014669  0.000146635  0.000146415  0.000145903  0.000145078  0.000143945  0.000142517  0.000140806  0.000138828  0.000136595  0.000134122  0.000131423  0.000128512  0.000125404  0.000122112   0.00011865  0.000115034  0.000111275   0.00010739  0.000103392  9.92946e-05  9.51125e-05  9.08595e-05  8.65499e-05  8.21977e-05   7.7817e-05  7.34219e-05  6.90265e-05  6.46448e-05  6.02911e-05  5.59793e-05  5.17235e-05   4.7538e-05  4.34367e-05  3.94337e-05  3.55432e-05  3.17793e-05  2.81561e-05  2.46876e-05   2.1388e-05  1.82714e-05  1.53519e-05  1.26437e-05  1.01608e-05  7.91737e-06  5.92757e-06  4.20548e-06  2.76512e-06  1.62007e-06  7.82365e-07  2.57685e-07  2.67796e-08 -2.80322e-08 -3.84757e-08 -3.79761e-08 -3.49801e-08 -3.16047e-08  -2.8364e-08 -2.53679e-08 -2.26253e-08 -2.01211e-08 -1.78356e-08 -1.57494e-08 -1.38446e-08 -1.21068e-08 -1.05304e-08 -9.14115e-09 -8.08456e-09 -7.97461e-09 -1.12707e-08 -2.77087e-08 -9.57262e-08
 0.000146981  0.000146955  0.000146931  0.000146908  0.000146888  0.000146869  0.000146851  0.000146835   0.00014682  0.000146806  0.000146794  0.000146782  0.000146772  0.000146762  0.000146753  0.000146746  0.000146738  0.000146732  0.000146727  0.000146722  0.000146718  0.000146715  0.000146712   0.00014671  0.000146709  0.000146707  0.000146704   0.00014669  0.000146635  0.000146415  0.000145903  0.000145078  0.000143945  0.000142517  0.000140806  0.000138828  0.000136595  0.000134122  0.000131423  0.000128512  0.000125404  0.000122112   0.00011865  0.000115034  0.000111275   0.00010739  0.000103392  9.92946e-05  9.51125e-05  9.08595e-05  8.65499e-05  8.21977e-05   7.7817e-05  7.34219e-05  6.90265e-05  6.46448e-05   6.0291e-05  5.59792e-05  5.17235e-05  4.75379e-05  4.34366e-05  3.94337e-05  3.55432e-05  3.17793e-05   2.8156e-05  2.46876e-05   2.1388e-05  1.82714e-05  1.53519e-05  1.26436e-05  1.01607e-05  7.91732e-06  5.92752e-06  4.20543e-06  2.76506e-06  1.62001e-06  7.82299e-07  2.57614e-07  2.67033e-08 -2.81145e-08 -3.85644e-08 -3.80716e-08  -3.5083e-08 -3.17155e-08 -2.84834e-08 -2.54965e-08 -2.27638e-08 -2.02703e-08 -1.79964e-08 -1.59224e-08 -1.40301e-08 -1.23031e-08 -1.07283e-08 -9.30064e-09 -8.04438e-09 -7.09501e-09 -7.02396e-09 -1.01195e-08 -2.54399e-08 -8.87462e-08
 0.000146955  0.000146931  0.000146908  0.000146888  0.000146869  0.000146851  0.000146835   0.00014682  0.000146806  0.000146794  0.000146782  0.000146772  0.000146762  0.000146753  0.000146745  0.000146738  0.000146732  0.000146727  0.000146722  0.000146718  0.000146715  0.000146712   0.00014671  0.000146709  0.000146707  0.000146704   0.00014669  0.000146635  0.000146415  0.000145903  0.000145078  0.000143945  0.000142517  0.000140806  0.000138828  0.000136595  0.000134122  0.000131423  0.000128512  0.000125404  0.000122112   0.00011865  0.000115034  0.000111275   0.00010739  0.000103392  9.92946e-05  9.51125e-05  9.08595e-05  8.65499e-05  8.21977e-05   7.7817e-05  7.34219e-05  6.90264e-05  6.46448e-05   6.0291e-05  5.59792e-05  5.17235e-05  4.75379e-05  4.34366e-05  3.94337e-05  3.55432e-05  3.17793e-05   2.8156e-05  2.46875e-05  2.13879e-05  1.82713e-05  1.53518e-05  1.26436e-05  1.01607e-05  7.91729e-06  5.92748e-06  4.20539e-06  2.76501e-06  1.61996e-06  7.82243e-07  2.57553e-07  2.66375e-08 -2.81854e-08 -3.86407e-08 -3.81538e-08 -3.51716e-08  -3.1811e-08 -2.85863e-08 -2.56073e-08 -2.28832e-08  -2.0399e-08 -1.81349e-08 -1.60716e-08 -1.41906e-08 -1.24753e-08 -1.09106e-08 -9.48436e-09 -8.19232e-09 -7.05715e-09  -6.2051e-09   -6.168e-09 -9.07496e-09 -2.33535e-08  -8.2275e-08
 0.000146931  0.000146908  0.000146888  0.000146869  0.000146851  0.000146835   0.00014682  0.000146806  0.000146794  0.000146782  0.000146772  0.000146762  0.000146753  0.000146745  0.000146738  0.000146732  0.000146727  0.000146722  0.000146718  0.000146715  0.000146712   0.00014671  0.000146709  0.000146707  0.000146704   0.00014669  0.000146635  0.000146415  0.000145903  0.000145078  0.000143945  0.000142517  0.000140806  0.000138828  0.000136595  0.000134122  0.000131423  0.000128512  0.000125404  0.000122112   0.00011865  0.000115034  0.000111275   0.00010739  0.000103392  9.92946e-05  9.51125e-05  9.08595e-05  8.65499e-05  8.21977e-05   7.7817e-05  7.34219e-05  6.90264e-05  6.46448e-05   6.0291e-05  5.59792e-05  5.17235e-05  4.75379e-05  4.34366e-05  3.94337e-05  3.55432e-05  3.17792e-05   2.8156e-05  2.46875e-05  2.13879e-05  1.82713e-05  1.53518e-05  1.26436e-05  1.01607e-05  7.91725e-06  5.92744e-06  4.20535e-06  2.76497e-06  1.61991e-06  7.82194e-07  2.57501e-07  2.65808e-08 -2.82465e-08 -3.87065e-08 -3.82247e-08  -3.5248e-08 -3.18933e-08 -2.86749e-08 -2.57028e-08 -2.29861e-08 -2.05098e-08 -1.82544e-08 -1.62002e-08 -1.43292e-08 -1.26244e-08 -1.10704e-08 -9.65359e-09 -8.36286e-09 -7.19436e-09 -6.16942e-09 -5.40567e-09 -5.39807e-09 -8.12762e-09 -2.14352e-08 -7.62755e-08
 0.000146908  0.000146888  0.000146869  0.000146851  0.000146835   0.00014682  0.000146806  0.000146794  0.000146782  0.000146772  0.000146762  0.000146753  0.000146745  0.000146738  0.000146732  0.000146727  0.000146722  0.000146718  0.000146715  0.000146712   0.00014671  0.000146709  0.000146707  0.000146704   0.00014669  0.000146635  0.000146415  0.000145903  0.000145078  0.000143945  0.000142517  0.000140806  0.000138828  0.000136595  0.000134122  0.000131423  0.000128512  0.000125404  0.000122112   0.00011865  0.000115034  0.000111275   0.00010739  0.000103392  9.92946e-05  9.51124e-05  9.08595e-05  8.65499e-05  8.21977e-05   7.7817e-05  7.34218e-05  6.90264e-05  6.46448e-05   6.0291e-05  5.59792e-05  5.17235e-05  4.75379e-05  4.34366e-05  3.94336e-05  3.55432e-05  3.17792e-05   2.8156e-05  2.46875e-05  2.13879e-05  1.82713e-05  1.53518e-05  1.26435e-05  1.01606e-05  7.91722e-06  5.92741e-06  4.20531e-06  2.76493e-06  1.61987e-06  7.82152e-07  2.57455e-07  2.65319e-08 -2.82991e-08 -3.87632e-08 -3.82858e-08 -3.53138e-08 -3.19642e-08 -2.87513e-08 -2.57851e-08 -2.30748e-08 -2.06053e-08 -1.83573e-08 -1.63111e-08 -1.44486e-08  -1.2753e-08 -1.12088e-08 -9.80201e-09 -8.51997e-09 -7.35267e-09  -6.2967e-09 -5.37207e-09 -4.68838e-09 -4.70628e-09 -7.26898e-09 -1.96715e-08 -7.07133e-08
 0.000146888  0.000146869  0.000146851  0.000146835   0.00014682  0.000146806  0.000146794  0.000146782  0.000146772  0.000146762  0.000146753  0.000146745  0.000146738  0.000146732  0.000146727  0.000146722  0.000146718  0.000146715  0.000146712   0.00014671  0.000146709  0.000146707  0.000146704   0.00014669  0.000146635  0.000146415  0.000145903  0.000145078  0.000143945  0.000142517  0.000140806  0.000138828  0.000136595  0.000134122  0.000131423  0.000128512  0.000125404  0.000122112   0.00011865  0.000115033  0.000111275   0.00010739  0.000103392  9.92946e-05  9.51124e-05  9.08595e-05  8.65499e-05  8.21977e-05   7.7817e-05  7.34218e-05  6.90264e-05  6.46448e-05   6.0291e-05  5.59792e-05  5.17235e-05  4.75379e-05  4.34366e-05  3.94336e-05  3.55431e-05  3.17792e-05   2.8156e-05  2.46875e-05  2.13879e-05  1.82713e-05  1.53518e-05  1.26435e-05  1.01606e-05   7.9172e-06  5.92739e-06  4.20528e-06   2.7649e-06  1.61984e-06  7.82116e-07  2.57416e-07  2.64898e-08 -2.83445e-08 -3.88121e-08 -3.83385e-08 -3.53705e-08 -3.20253e-08 -2.88171e-08  -2.5856e-08 -2.31512e-08 -2.06877e-08  -1.8446e-08 -1.64066e-08 -1.45516e-08 -1.28639e-08 -1.13283e-08 -9.93051e-09 -8.65777e-09 -7.49854e-09 -6.44365e-09 -5.49013e-09 -4.65673e-09 -4.04559e-09 -4.08542e-09 -6.49122e-09 -1.80502e-08 -6.55567e-08
 0.000146869  0.000146851  0.000146835   0.00014682  0.000146806  0.000146794  0.000146782  0.000146772  0.000146762  0.000146753  0.000146745  0.000146738  0.000146732  0.000146727  0.000146722  0.000146718  0.000146715  0.000146712   0.00014671  0.000146709  0.000146707  0.000146704   0.00014669  0.000146635  0.000146415  0.000145903  0.000145078  0.000143945  0.000142517  0.000140806  0.000138828  0.000136595  0.000134122  0.000131423  0.000128512  0.000125404  0.000122112   0.00011865  0.000115033  0.000111275   0.00010739  0.000103392  9.92946e-05  9.51124e-05  9.08595e-05  8.65499e-05  8.21977e-05   7.7817e-05  7.34218e-05  6.90264e-05  6.46448e-05   6.0291e-05  5.59792e-05  5.17235e-05  4.75379e-05  4.34366e-05  3.94336e-05  3.55431e-05  3.17792e-05  2.81559e-05  2.46875e-05  2.13879e-05  1.82713e-05  1.53518e-05  1.26435e-05  1.01606e-05  7.91718e-06  5.92736e-06  4.20526e-06  2.76487e-06  1.61981e-06  7.82084e-07  2.57383e-07  2.64535e-08 -2.83836e-08 -3.88542e-08 -3.83839e-08 -3.54194e-08 -3.20779e-08 -2.88739e-08 -2.59172e-08  -2.3217e-08 -2.07586e-08 -1.85224e-08  -1.6489e-08 -1.46403e-08 -1.29595e-08 -1.14312e-08 -1.00414e-08 -8.77708e-09 -7.62647e-09 -6.57908e-09 -5.62654e-09 -4.76624e-09 -4.01579e-09 -3.47035e-09 -3.52891e-09 -5.78718e-09   -1.656e-08  -6.0776e-08
 0.000146851  0.000146835   0.00014682  0.000146806  0.000146794  0.000146782  0.000146772  0.000146762  0.000146753  0.000146745  0.000146738  0.000146732  0.000146727  0.000146722  0.000146718  0.000146715  0.000146712   0.00014671  0.000146709  0.000146707  0.000146704   0.00014669  0.000146635  0.000146415  0.000145903  0.000145078  0.000143945  0.000142517  0.000140806  0.000138828  0.000136595  0.000134122  0.000131423  0.000128512  0.000125404  0.000122112   0.00011865  0.000115033  0.000111275   0.00010739  0.000103392  9.92946e-05  9.51124e-05  9.08595e-05  8.65499e-05  8.21977e-05   7.7817e-05  7.34218e-05  6.90264e-05  6.46448e-05   6.0291e-05  5.59792e-05  5.17235e-05  4.75379e-05  4.34366e-05  3.94336e-05  3.55431e-05  3.17792e-05  2.81559e-05  2.46874e-05  2.13878e-05  1.82712e-05  1.53517e-05  1.26435e-05  1.01606e-05  7.91716e-06  5.92734e-06  4.20524e-06  2.76485e-06  1.61979e-06  7.82057e-07  2.57354e-07  2.64222e-08 -2.84173e-08 -3.88905e-08  -3.8423e-08 -3.54615e-08 -3.21233e-08 -2.89227e-08 -2.59698e-08 -2.32738e-08 -2.08197e-08 -1.85882e-08 -1.65599e-08 -1.47167e-08 -1.30418e-08 -1.15199e-08  -1.0137e-08 -8.88003e-09 -7.73724e-09 -6.69785e-09 -5.75227e-09 -4.89286e-09 -4.11736e-09 -3.44229e-09 -2.95631e-09 -3.03075e-09 -5.15034e-09 -1.51903e-08 -5.63438e-08
 0.000146835   0.00014682  0.000146806  0.000146794  0.000146782  0.000146772  0.000146762  0.000146753  0.000146745  0.000146738  0.000146732  0.000146727  0.000146722  0.000146718  0.000146715  0.000146712   0.00014671  0.000146709  0.000146707  0.000146704   0.00014669  0.000146635  0.000146415  0.000145903  0.000145078  0.000143945  0.000142517  0.000140806  0.000138828  0.000136595  0.000134122  0.000131423  0.000128512  0.000125404  0.000122112   0.00011865  0.000115033  0.000111275   0.00010739  0.000103392  9.92946e-05  9.51124e-05  9.08595e-05  8.65499e-05  8.21977e-05  7.78169e-05  7.34218e-05  6.90264e-05  6.46448e-05   6.0291e-05  5.59792e-05  5.17234e-05  4.75379e-05  4.34366e-05  3.94336e-05  3.55431e-05  3.17792e-05  2.81559e-05  2.46874e-05  2.13878e-05  1.82712e-05  1.53517e-05  1.26435e-05  1.01606e-05  7.91714e-06  5.92733e-06  4.20522e-06  2.76483e-06  1.61977e-06  7.82034e-07  2.57328e-07  2.63953e-08 -2.84463e-08 -3.89218e-08 -3.84567e-08 -3.54978e-08 -3.21624e-08 -2.89649e-08 -2.60152e-08 -2.33227e-08 -2.08724e-08  -1.8645e-08 -1.66211e-08 -1.47826e-08 -1.31128e-08 -1.15964e-08 -1.02194e-08 -8.96877e-09 -7.83282e-09  -6.8007e-09 -5.86254e-09 -5.00959e-09 -4.23491e-09 -3.53651e-09  -2.9299e-09 -2.49769e-09 -2.58547e-09 -4.57469e-09 -1.39316e-08 -5.22347e-08
  0.00014682  0.000146806  0.000146794  0.000146782  0.000146772  0.000146762  0.000146753  0.000146745  0.000146738  0.000146732  0.000146727  0.000146722  0.000146718  0.000146715  0.000146712   0.00014671  0.000146709  0.000146707  0.000146704   0.00014669  0.000146635  0.000146415  0.000145903  0.000145078  0.000143945  0.000142517  0.000140806  0.000138828  0.000136595  0.000134122  0.000131423  0.000128512  0.000125404  0.000122112   0.00011865  0.000115033  0.000111275   0.00010739  0.000103392  9.92946e-05  9.51124e-05  9.08595e-05  8.65499e-05  8.21977e-05  7.78169e-05  7.34218e-05  6.90264e-05  6.46447e-05   6.0291e-05  5.59792e-05  5.17234e-05  4.75379e-05  4.34366e-05  3.94336e-05  3.55431e-05  3.17792e-05  2.81559e-05  2.46874e-05  2.13878e-05  1.82712e-05  1.53517e-05  1.26435e-05  1.01606e-05  7.91713e-06  5.92731e-06   4.2052e-06  2.76481e-06  1.61975e-06  7.82014e-07  2.57307e-07  2.63721e-08 -2.84713e-08 -3.89488e-08 -3.84857e-08 -3.55291e-08 -3.21961e-08 -2.90012e-08 -2.60543e-08 -2.33648e-08 -2.09178e-08 -1.86939e-08 -1.66738e-08 -1.48394e-08  -1.3174e-08 -1.16623e-08 -1.02904e-08 -9.04526e-09 -7.91522e-09 -6.88944e-09 -5.95803e-09 -5.11198e-09 -4.34328e-09 -3.64562e-09 -3.01729e-09 -2.47283e-09 -2.08921e-09 -2.18806e-09 -4.05476e-09 -1.27751e-08 -4.84253e-08
 0.000146806  0.000146794  0.000146782  0.000146772  0.000146762  0.000146753  0.000146745  0.000146738  0.000146732  0.000146727  0.000146722  0.000146718  0.000146715  0.000146712   0.00014671  0.000146709  0.000146707  0.000146704   0.00014669  0.000146635  0.000146415  0.000145903  0.000145078  0.000143945  0.000142517  0.000140806  0.000138828  0.000136595  0.000134122  0.000131423  0.000128512  0.000125404  0.000122112   0.00011865  0.000115033  0.000111275   0.00010739  0.000103392  9.92946e-05  9.51124e-05  9.08595e-05  8.65499e-05  8.21977e-05  7.78169e-05  7.34218e-05  6.90264e-05  6.46447e-05   6.0291e-05  5.59792e-05  5.17234e-05  4.75379e-05  4.34365e-05  3.94336e-05  3.55431e-05  3.17792e-05  2.81559e-05  2.46874e-05  2.13878e-05  1.82712e-05  1.53517e-05  1.26434e-05  1.01605e-05  7.91712e-06   5.9273e-06  4.20519e-06   2.7648e-06  1.61973e-06  7.81997e-07  2.57288e-07   2.6352e-08 -2.84929e-08  -3.8972e-08 -3.85107e-08 -3.55561e-08 -3.22252e-08 -2.90325e-08 -2.60881e-08 -2.34011e-08 -2.09569e-08 -1.87361e-08 -1.67192e-08 -1.48883e-08 -1.32267e-08 -1.17191e-08 -1.03515e-08 -9.11117e-09 -7.98623e-09 -6.96594e-09 -6.04042e-09 -5.20063e-09 -4.43834e-09 -3.74624e-09 -3.11858e-09 -2.55389e-09 -2.06582e-09 -1.72607e-09 -1.83399e-09 -3.58554e-09 -1.17125e-08 -4.48935e-08
 0.000146794  0.000146782  0.000146772  0.000146762  0.000146753  0.000146745  0.000146738  0.000146732  0.000146727  0.000146722  0.000146718  0.000146715  0.000146712   0.00014671  0.000146709  0.000146707  0.000146704   0.00014669  0.000146635  0.000146415  0.000145903  0.000145078  0.000143945  0.000142517  0.000140806  0.000138828  0.000136595  0.000134122  0.000131423  0.000128512  0.000125404  0.000122112   0.00011865  0.000115033  0.000111275   0.00010739  0.000103392  9.92946e-05  9.51124e-05  9.08595e-05  8.65499e-05  8.21977e-05  7.78169e-05  7.34218e-05  6.90264e-05  6.46447e-05   6.0291e-05  5.59792e-05  5.17234e-05  4.75379e-05  4.34365e-05  3.94336e-05  3.55431e-05  3.17792e-05  2.81559e-05  2.46874e-05  2.13878e-05  1.82712e-05  1.53517e-05  1.26434e-05  1.01605e-05  7.91711e-06  5.92729e-06  4.20518e-06  2.76479e-06  1.61972e-06  7.81982e-07  2.57272e-07  2.63348e-08 -2.85115e-08  -3.8992e-08 -3.85323e-08 -3.55793e-08 -3.22502e-08 -2.90594e-08 -2.61171e-08 -2.34324e-08 -2.09907e-08 -1.87724e-08 -1.67583e-08 -1.49304e-08 -1.32721e-08  -1.1768e-08 -1.04043e-08 -9.16798e-09 -8.04743e-09 -7.03188e-09 -6.11145e-09 -5.27713e-09 -4.52065e-09 -3.83449e-09 -3.21199e-09 -2.64792e-09 -2.14101e-09 -1.70407e-09  -1.4039e-09  -1.5191e-09 -3.16246e-09 -1.07364e-08 -4.16193e-08
 0.000146782  0.000146772  0.000146762  0.000146753  0.000146745  0.000146738  0.000146732  0.000146727  0.000146722  0.000146718  0.000146715  0.000146712   0.00014671  0.000146709  0.000146707  0.000146704   0.00014669  0.000146635  0.000146415  0.000145903  0.000145078  0.000143945  0.000142517  0.000140806  0.000138828  0.000136595  0.000134122  0.000131423  0.000128512  0.000125404  0.000122112   0.00011865  0.000115033  0.000111275   0.00010739  0.000103392  9.92946e-05  9.51124e-05  9.08595e-05  8.65499e-05  8.21976e-05  7.78169e-05  7.34218e-05  6.90264e-05  6.46447e-05   6.0291e-05  5.59792e-05  5.17234e-05  4.75379e-05  4.34365e-05  3.94336e-05  3.55431e-05  3.17792e-05  2.81559e-05  2.46874e-05  2.13878e-05  1.82712e-05  1.53517e-05  1.26434e-05  1.01605e-05   7.9171e-06  5.92728e-06  4.20517e-06  2.76477e-06  1.61971e-06  7.81969e-07  2.57258e-07  2.63199e-08 -2.85275e-08 -3.90093e-08 -3.85509e-08 -3.55993e-08 -3.22718e-08 -2.90827e-08 -2.61421e-08 -2.34594e-08 -2.10197e-08 -1.88037e-08 -1.67921e-08 -1.49668e-08 -1.33112e-08 -1.18102e-08 -1.04497e-08 -9.21692e-09 -8.10017e-09 -7.08869e-09 -6.17267e-09 -5.34308e-09 -4.59168e-09 -3.91092e-09 -3.29394e-09 -2.73464e-09 -2.22829e-09 -1.77381e-09  -1.3832e-09 -1.11871e-09 -1.23963e-09 -2.78134e-09 -9.83989e-09 -3.85838e-08
 0.000146772  0.000146762  0.000146753  0.000146745  0.000146738  0.000146732  0.000146727  0.000146722  0.000146718  0.000146715  0.000146712   0.00014671  0.000146709  0.000146707  0.000146704   0.00014669  0.000146635  0.000146415  0.000145903  0.000145078  0.000143945  0.000142517  0.000140806  0.000138828  0.000136595  0.000134122  0.000131423  0.000128512  0.000125404  0.000122112   0.00011865  0.000115033  0.000111275   0.00010739  0.000103392  9.92946e-05  9.51124e-05  9.08595e-05  8.65499e-05  8.21976e-05  7.78169e-05  7.34218e-05  6.90264e-05  6.46447e-05   6.0291e-05  5.59792e-05  5.17234e-05  4.75379e-05  4.34365e-05  3.94336e-05  3.55431e-05  3.17792e-05  2.81559e-05  2.46874e-05  2.13878e-05  1.82712e-05  1.53517e-05  1.26434e-05  1.01605e-05  7.91709e-06  5.92727e-06  4.20516e-06  2.76477e-06  1.61969e-06  7.81958e-07  2.57247e-07  2.63071e-08 -2.85413e-08 -3.90242e-08 -3.85669e-08 -3.56166e-08 -3.22904e-08 -2.91027e-08 -2.61637e-08 -2.34826e-08 -2.10448e-08 -1.88307e-08 -1.68211e-08 -1.49981e-08  -1.3345e-08 -1.18465e-08 -1.04888e-08 -9.25911e-09 -8.14562e-09 -7.13766e-09 -6.22542e-09 -5.39991e-09  -4.6529e-09 -3.97686e-09 -3.36489e-09 -2.81072e-09 -2.30881e-09 -1.85483e-09 -1.44789e-09 -1.09924e-09 -8.66882e-10 -9.92122e-10 -2.43835e-09 -9.01651e-09 -3.57696e-08
 0.000146762  0.000146753  0.000146745  0.000146738  0.000146732  0.000146727  0.000146722  0.000146718  0.000146715  0.000146712   0.00014671  0.000146709  0.000146707  0.000146704   0.00014669  0.000146635  0.000146415  0.000145903  0.000145078  0.000143945  0.000142517  0.000140806  0.000138828  0.000136595  0.000134122  0.000131423  0.000128512  0.000125404  0.000122112   0.00011865  0.000115033  0.000111275   0.00010739  0.000103392  9.92946e-05  9.51124e-05  9.08595e-05  8.65499e-05  8.21976e-05  7.78169e-05  7.34218e-05  6.90264e-05  6.46447e-05   6.0291e-05  5.59792e-05  5.17234e-05  4.75378e-05  4.34365e-05  3.94336e-05  3.55431e-05  3.17792e-05  2.81559e-05  2.46874e-05  2.13878e-05  1.82712e-05  1.53517e-05  1.26434e-05  1.01605e-05  7.91708e-06  5.92726e-06  4.20515e-06  2.76476e-06  1.61969e-06  7.81949e-07  2.57236e-07   2.6296e-08 -2.85532e-08  -3.9037e-08 -3.85807e-08 -3.56315e-08 -3.23064e-08   -2.912e-08 -2.61823e-08 -2.35027e-08 -2.10663e-08 -1.88539e-08 -1.68462e-08 -1.50251e-08  -1.3374e-08 -1.18779e-08 -1.05226e-08 -9.29546e-09 -8.18478e-09 -7.17985e-09 -6.27088e-09 -5.44889e-09 -4.70567e-09 -4.03371e-09 -3.42612e-09  -2.8766e-09 -2.37945e-09 -1.92959e-09  -1.5231e-09 -1.15924e-09 -8.48568e-10 -6.45116e-10 -7.73462e-10    -2.13e-09 -8.26044e-09 -3.31606e-08
 0.000146753  0.000146745  0.000146738  0.000146732  0.000146727  0.000146722  0.000146718  0.000146715  0.000146712   0.00014671  0.000146709  0.000146707  0.000146704   0.00014669  0.000146635  0.000146415  0.000145903  0.000145078  0.000143945  0.000142517  0.000140806  0.000138828  0.000136595  0.000134122  0.000131423  0.000128512  0.000125404  0.000122112   0.00011865  0.000115033  0.000111275   0.00010739  0.000103392  9.92946e-05  9.51124e-05  9.08595e-05  8.65499e-05  8.21976e-05  7.78169e-05  7.34218e-05  6.90264e-05  6.46447e-05   6.0291e-05  5.59792e-05  5.17234e-05  4.75378e-05  4.34365e-05  3.94336e-05  3.55431e-05  3.17792e-05  2.81559e-05  2.46874e-05  2.13878e-05  1.82712e-05  1.53517e-05  1.26434e-05  1.01605e-05  7.91708e-06  5.92726e-06  4.20514e-06  2.76475e-06  1.61968e-06   7.8194e-07  2.57227e-07  2.62865e-08 -2.85635e-08  -3.9048e-08 -3.85926e-08 -3.56443e-08 -3.23202e-08 -2.91348e-08 -2.61983e-08 -2.35199e-08 -2.10849e-08 -1.88739e-08 -1.68677e-08 -1.50483e-08 -1.33991e-08 -1.19048e-08 -1.05517e-08 -9.32678e-09 -8.21853e-09 -7.21621e-09 -6.31005e-09  -5.4911e-09 -4.75115e-09  -4.0827e-09  -3.4789e-09 -2.93345e-09 -2.44061e-09 -1.99517e-09  -1.5925e-09 -1.22906e-09 -9.04226e-10 -6.27895e-10 -4.50418e-10 -5.80803e-10  -1.8531e-09 -7.56626e-09 -3.07419e-08
 0.000146745  0.000146738  0.000146732  0.000146727  0.000146722  0.000146718  0.000146715  0.000146712   0.00014671  0.000146709  0.000146707  0.000146704   0.00014669  0.000146635  0.000146415  0.000145903  0.000145078  0.000143945  0.000142517  0.000140806  0.000138828  0.000136595  0.000134122  0.000131423  0.000128512  0.000125404  0.000122112   0.00011865  0.000115033  0.000111275   0.00010739  0.000103392  9.92946e-05  9.51124e-05  9.08595e-05  8.65499e-05  8.21976e-05  7.78169e-05  7.34218e-05  6.90264e-05  6.46447e-05   6.0291e-05  5.59792e-05  5.17234e-05  4.75378e-05  4.34365e-05  3.94336e-05  3.55431e-05  3.17791e-05  2.81559e-05  2.46874e-05  2.13878e-05  1.82712e-05  1.53517e-05  1.26434e-05  1.01605e-05  7.91707e-06  5.92725e-06  4.20514e-06  2.76474e-06  1.61967e-06  7.81933e-07   2.5722e-07  2.62783e-08 -2.85723e-08 -3.90576e-08 -3.86029e-08 -3.56554e-08 -3.23321e-08 -2.91477e-08 -2.62121e-08 -2.35348e-08  -2.1101e-08 -1.88912e-08 -1.68863e-08 -1.50684e-08 -1.34207e-08 -1.19281e-08 -1.05767e-08 -9.35378e-09 -8.24761e-09 -7.24755e-09 -6.34381e-09 -5.52747e-09 -4.79033e-09 -4.12492e-09 -3.52439e-09 -2.98245e-09 -2.49339e-09 -2.05196e-09  -1.6534e-09  -1.2935e-09 -9.69038e-10 -6.79521e-10 -4.34227e-10 -2.80065e-10 -4.11557e-10 -1.60475e-09   -6.929e-09 -2.84995e-08
 0.000146738  0.000146732  0.000146727  0.000146722  0.000146718  0.000146715  0.000146712   0.00014671  0.000146709  0.000146707  0.000146704   0.00014669  0.000146635  0.000146415  0.000145903  0.000145078  0.000143945  0.000142517  0.000140806  0.000138828  0.000136595  0.000134122  0.000131423  0.000128512  0.000125404  0.000122112   0.00011865  0.000115033  0.000111275   0.00010739  0.000103392  9.92946e-05  9.51124e-05  9.08595e-05  8.65499e-05  8.21976e-05  7.78169e-05  7.34218e-05  6.90264e-05  6.46447e-05   6.0291e-05  5.59792e-05  5.17234e-05  4.75378e-05  4.34365e-05  3.94336e-05  3.55431e-05  3.17791e-05  2.81559e-05  2.46874e-05  2.13878e-05  1.82712e-05  1.53517e-05  1.26434e-05  1.01605e-05  7.91707e-06  5.92725e-06  4.20513e-06  2.76474e-06  1.61967e-06  7.81927e-07  2.57213e-07  2.62712e-08   -2.858e-08 -3.90658e-08 -3.86117e-08 -3.56649e-08 -3.23424e-08 -2.91587e-08  -2.6224e-08 -2.35476e-08 -2.11148e-08 -1.89061e-08 -1.69024e-08 -1.50856e-08 -1.34393e-08 -1.19481e-08 -1.05983e-08 -9.37704e-09 -8.27267e-09 -7.27455e-09  -6.3729e-09 -5.55881e-09  -4.8241e-09 -4.16131e-09 -3.56359e-09 -3.02469e-09 -2.53889e-09 -2.10096e-09 -1.70613e-09 -1.35003e-09 -1.02886e-09 -7.39686e-10 -4.82113e-10 -2.64844e-10 -1.31585e-10 -2.63373e-10 -1.38229e-09 -6.34408e-09 -2.64207e-08
 0.000146732  0.000146727  0.000146722  0.000146718  0.000146715  0.000146712   0.00014671  0.000146709  0.000146707  0.000146704   0.00014669  0.000146635  0.000146415  0.000145903  0.000145078  0.000143945  0.000142517  0.000140806  0.000138828  0.000136595  0.000134122  0.000131423  0.000128512  0.000125404  0.000122112   0.00011865  0.000115033  0.000111275   0.00010739  0.000103392  9.92946e-05  9.51124e-05  9.08595e-05  8.65499e-05  8.21976e-05  7.78169e-05  7.34218e-05  6.90264e-05  6.46447e-05   6.0291e-05  5.59792e-05  5.17234e-05  4.75378e-05  4.34365e-05  3.94336e-05  3.55431e-05  3.17791e-05  2.81559e-05  2.46874e-05  2.13878e-05  1.82712e-05  1.53517e-05  1.26434e-05  1.01605e-05  7.91706e-06  5.92724e-06  4.20513e-06  2.76473e-06  1.61966e-06  7.81922e-07  2.57208e-07  2.62651e-08 -2.85865e-08 -3.90728e-08 -3.86194e-08 -3.56731e-08 -3.23512e-08 -2.91682e-08 -2.62343e-08 -2.35587e-08 -2.11267e-08 -1.89189e-08 -1.69162e-08 -1.51005e-08 -1.34553e-08 -1.19654e-08 -1.06169e-08 -9.39709e-09 -8.29427e-09 -7.29782e-09 -6.39797e-09 -5.58582e-09  -4.8532e-09 -4.19266e-09 -3.59737e-09 -3.06108e-09  -2.5781e-09 -2.14321e-09 -1.75162e-09 -1.39899e-09 -1.08136e-09  -7.9523e-10 -5.37964e-10 -3.09262e-10 -1.17278e-10 -2.73358e-12 -1.34116e-10  -1.1833e-09 -5.80727e-09 -2.44934e-08
 0.000146727  0.000146722  0.000146718  0.000146715  0.000146712   0.00014671  0.000146709  0.000146707  0.000146704   0.00014669  0.000146635  0.000146415  0.000145903  0.000145078  0.000143945  0.000142517  0.000140806  0.000138828  0.000136595  0.000134122  0.000131423  0.000128512  0.000125404  0.000122112   0.00011865  0.000115033  0.000111275   0.00010739  0.000103392  9.92946e-05  9.51124e-05  9.08595e-05  8.65499e-05  8.21976e-05  7.78169e-05  7.34218e-05  6.90264e-05  6.46447e-05   6.0291e-05  5.59791e-05  5.17234e-05  4.75378e-05  4.34365e-05  3.94336e-05  3.55431e-05  3.17791e-05  2.81559e-05  2.46874e-05  2.13878e-05  1.82712e-05  1.53517e-05  1.26434e-05  1.01605e-05  7.91706e-06  5.92724e-06  4.20513e-06  2.76473e-06  1.61966e-06  7.81917e-07  2.57203e-07  2.62598e-08 -2.85922e-08 -3.90789e-08 -3.86259e-08 -3.56802e-08 -3.23588e-08 -2.91765e-08 -2.62431e-08 -2.35682e-08 -2.11369e-08   -1.893e-08 -1.69281e-08 -1.51133e-08 -1.34691e-08 -1.19803e-08  -1.0633e-08 -9.41436e-09 -8.31289e-09 -7.31787e-09 -6.41958e-09  -5.6091e-09 -4.87828e-09 -4.21968e-09 -3.62648e-09 -3.09245e-09  -2.6119e-09 -2.17962e-09 -1.79085e-09 -1.44124e-09 -1.12681e-09 -8.43967e-10 -5.89534e-10 -3.61109e-10 -1.58479e-10  1.07122e-11  1.08525e-10  -2.1849e-11 -1.00556e-09  -5.3147e-09 -2.27067e-08
 0.000146722  0.000146718  0.000146715  0.000146712   0.00014671  0.000146709  0.000146707  0.000146704   0.00014669  0.000146635  0.000146415  0.000145903  0.000145078  0.000143945  0.000142517  0.000140806  0.000138828  0.000136595  0.000134122  0.000131423  0.000128512  0.000125404  0.000122112   0.00011865  0.000115033  0.000111275   0.00010739  0.000103392  9.92946e-05  9.51124e-05  9.08595e-05  8.65499e-05  8.21976e-05  7.78169e-05  7.34218e-05  6.90264e-05  6.46447e-05   6.0291e-05  5.59791e-05  5.17234e-05  4.75378e-05  4.34365e-05  3.94336e-05  3.55431e-05  3.17791e-05  2.81559e-05  2.46874e-05  2.13878e-05  1.82712e-05  1.53517e-05  1.26434e-05  1.01605e-05  7.91706e-06  5.92724e-06  4.20512e-06  2.76473e-06  1.61965e-06  7.81913e-07  2.57199e-07  2.62553e-08 -2.85971e-08 -3.90842e-08 -3.86316e-08 -3.56863e-08 -3.23654e-08 -2.91835e-08 -2.62508e-08 -2.35764e-08 -2.11458e-08 -1.89395e-08 -1.69384e-08 -1.51244e-08  -1.3481e-08 -1.19931e-08 -1.06468e-08 -9.42925e-09 -8.32892e-09 -7.33515e-09  -6.4382e-09 -5.62916e-09 -4.89989e-09 -4.24296e-09 -3.65156e-09 -3.11947e-09 -2.64102e-09 -2.21099e-09 -1.82465e-09 -1.47765e-09 -1.16603e-09 -8.86172e-10 -6.34785e-10 -4.08988e-10 -2.06608e-10  -2.7504e-11   1.2116e-10  2.04037e-10  7.51875e-11 -8.47066e-10 -4.86279e-09 -2.10502e-08
 0.000146718  0.000146715  0.000146712   0.00014671  0.000146709  0.000146707  0.000146704   0.00014669  0.000146635  0.000146415  0.000145903  0.000145078  0.000143945  0.000142517  0.000140806  0.000138828  0.000136595  0.000134122  0.000131423  0.000128512  0.000125404  0.000122112   0.00011865  0.000115033  0.000111275   0.00010739  0.000103392  9.92946e-05  9.51124e-05  9.08595e-05  8.65499e-05  8.21976e-05  7.78169e-05  7.34218e-05  6.90264e-05  6.46447e-05  6.02909e-05  5.59791e-05  5.17234e-05  4.75378e-05  4.34365e-05  3.94336e-05  3.55431e-05  3.17791e-05  2.81559e-05  2.46874e-05  2.13878e-05  1.82712e-05  1.53517e-05  1.26434e-05  1.01605e-05  7.91706e-06  5.92723e-06  4.20512e-06  2.76472e-06  1.61965e-06   7.8191e-07  2.57195e-07  2.62514e-08 -2.86013e-08 -3.90887e-08 -3.86365e-08 -3.56915e-08 -3.23711e-08 -2.91896e-08 -2.62573e-08 -2.35835e-08 -2.11534e-08 -1.89477e-08 -1.69472e-08 -1.51339e-08 -1.34913e-08 -1.20042e-08 -1.06587e-08 -9.44208e-09 -8.34275e-09 -7.35004e-09 -6.45424e-09 -5.64644e-09 -4.91851e-09 -4.26303e-09 -3.67318e-09 -3.14277e-09 -2.66611e-09 -2.23803e-09 -1.85378e-09 -1.50904e-09 -1.19985e-09 -9.22589e-10  -6.7397e-10 -4.51002e-10 -2.51061e-10 -7.21829e-11  8.57122e-11  2.15909e-10  2.85476e-10  1.58588e-10 -7.05983e-10 -4.44825e-09 -1.95146e-08
 0.000146715  0.000146712   0.00014671  0.000146709  0.000146707  0.000146704   0.00014669  0.000146635  0.000146415  0.000145903  0.000145078  0.000143945  0.000142517  0.000140806  0.000138828  0.000136595  0.000134122  0.000131423  0.000128512  0.000125404  0.000122112   0.00011865  0.000115033  0.000111275   0.00010739  0.000103392  9.92946e-05  9.51124e-05  9.08595e-05  8.65499e-05  8.21976e-05  7.78169e-05  7.34218e-05  6.90264e-05  6.46447e-05  6.02909e-05  5.59791e-05  5.17234e-05  4.75378e-05  4.34365e-05  3.94336e-05  3.55431e-05  3.17791e-05  2.81559e-05  2.46874e-05  2.13878e-05  1.82712e-05  1.53517e-05  1.26434e-05  1.01605e-05  7.91705e-06  5.92723e-06  4.20512e-06  2.76472e-06  1.61965e-06  7.81907e-07  2.57192e-07   2.6248e-08 -2.86049e-08 -3.90927e-08 -3.86407e-08 -3.56961e-08 -3.23759e-08 -2.91949e-08  -2.6263e-08 -2.35896e-08   -2.116e-08 -1.89548e-08 -1.69548e-08 -1.51421e-08 -1.35001e-08 -1.20137e-08 -1.06689e-08 -9.45314e-09 -8.35466e-09 -7.36288e-09 -6.46807e-09 -5.66134e-09 -4.93456e-09 -4.28032e-09 -3.69181e-09 -3.16284e-09 -2.68773e-09 -2.26133e-09 -1.87888e-09 -1.53609e-09 -1.22899e-09 -9.53983e-10 -7.07783e-10 -4.87385e-10  -2.9007e-10 -1.13455e-10  4.42365e-11  1.83029e-10  2.96629e-10  3.54355e-10  2.29798e-10 -5.80638e-10 -4.06805e-09  -1.8091e-08
 0.000146712   0.00014671  0.000146709  0.000146707  0.000146704   0.00014669  0.000146635  0.000146415  0.000145903  0.000145078  0.000143945  0.000142517  0.000140806  0.000138828  0.000136595  0.000134122  0.000131423  0.000128512  0.000125404  0.000122112   0.00011865  0.000115033  0.000111275   0.00010739  0.000103392  9.92946e-05  9.51124e-05  9.08595e-05  8.65499e-05  8.21976e-05  7.78169e-05  7.34218e-05  6.90264e-05  6.46447e-05  6.02909e-05  5.59791e-05  5.17234e-05  4.75378e-05  4.34365e-05  3.94336e-05  3.55431e-05  3.17791e-05  2.81559e-05  2.46874e-05  2.13878e-05  1.82712e-05  1.53517e-05  1.26434e-05  1.01605e-05  7.91705e-06  5.92723e-06  4.20512e-06  2.76472e-06  1.61965e-06  7.81905e-07  2.57189e-07  2.62451e-08 -2.86081e-08  -3.9096e-08 -3.86443e-08    -3.57e-08 -3.23802e-08 -2.91994e-08 -2.62679e-08 -2.35948e-08 -2.11656e-08 -1.89609e-08 -1.69614e-08 -1.51492e-08 -1.35078e-08 -1.20219e-08 -1.06778e-08 -9.46267e-09 -8.36493e-09 -7.37394e-09 -6.47998e-09 -5.67417e-09 -4.94839e-09 -4.29522e-09 -3.70786e-09 -3.18013e-09 -2.70637e-09  -2.2814e-09 -1.90052e-09 -1.55939e-09  -1.2541e-09 -9.81039e-10 -7.36932e-10  -5.1878e-10 -3.23852e-10 -1.49674e-10  5.91764e-12  1.44527e-10  2.66131e-10  3.64833e-10  4.12047e-10  2.90125e-10 -4.69509e-10  -3.7194e-09 -1.67712e-08
  0.00014671  0.000146709  0.000146707  0.000146704   0.00014669  0.000146635  0.000146415  0.000145903  0.000145078  0.000143945  0.000142517  0.000140806  0.000138828  0.000136595  0.000134122  0.000131423  0.000128512  0.000125404  0.000122112   0.00011865  0.000115033  0.000111275   0.00010739  0.000103392  9.92946e-05  9.51124e-05  9.08595e-05  8.65499e-05  8.21976e-05  7.78169e-05  7.34218e-05  6.90264e-05  6.46447e-05  6.02909e-05  5.59791e-05  5.17234e-05  4.75378e-05  4.34365e-05  3.94336e-05  3.55431e-05  3.17791e-05  2.81559e-05  2.46874e-05  2.13878e-05  1.82712e-05  1.53517e-05  1.26434e-05  1.01605e-05  7.91705e-06  5.92723e-06  4.20511e-06  2.76472e-06  1.61964e-06  7.81902e-07  2.57187e-07  2.62426e-08 -2.86108e-08 -3.90989e-08 -3.86475e-08 -3.57033e-08 -3.23838e-08 -2.92033e-08 -2.62721e-08 -2.35994e-08 -2.11705e-08 -1.89661e-08  -1.6967e-08 -1.51553e-08 -1.35143e-08  -1.2029e-08 -1.06854e-08 -9.47088e-09 -8.37377e-09 -7.38347e-09 -6.49025e-09 -5.68524e-09 -4.96031e-09 -4.30806e-09  -3.7217e-09 -3.19504e-09 -2.72243e-09 -2.29871e-09 -1.91916e-09 -1.57948e-09 -1.27574e-09 -1.00436e-09 -7.62053e-10 -5.45844e-10 -3.53001e-10  -1.8104e-10 -2.77111e-11  1.08949e-10  2.30388e-10  3.36543e-10  4.21887e-10  4.59789e-10  3.40755e-10 -3.71211e-10 -3.39974e-09 -1.55476e-08
 0.000146709  0.000146707  0.000146704   0.00014669  0.000146635  0.000146415  0.000145903  0.000145078  0.000143945  0.000142517  0.000140806  0.000138828  0.000136595  0.000134122  0.000131423  0.000128512  0.000125404  0.000122112   0.00011865  0.000115033  0.000111275   0.00010739  0.000103392  9.92946e-05  9.51124e-05  9.08595e-05  8.65499e-05  8.21976e-05  7.78169e-05  7.34218e-05  6.90264e-05  6.46447e-05  6.02909e-05  5.59791e-05  5.17234e-05  4.75378e-05  4.34365e-05  3.94336e-05  3.55431e-05  3.17791e-05  2.81559e-05  2.46874e-05  2.13878e-05  1.82712e-05  1.53517e-05  1.26434e-05  1.01605e-05  7.91705e-06  5.92723e-06  4.20511e-06  2.76472e-06  1.61964e-06  7.81901e-07  2.57185e-07  2.62404e-08 -2.86131e-08 -3.91015e-08 -3.86502e-08 -3.57063e-08 -3.23869e-08 -2.92067e-08 -2.62757e-08 -2.36033e-08 -2.11747e-08 -1.89707e-08 -1.69719e-08 -1.51606e-08   -1.352e-08 -1.20351e-08  -1.0692e-08 -9.47796e-09  -8.3814e-09 -7.39168e-09  -6.4991e-09 -5.69477e-09 -4.97058e-09 -4.31912e-09 -3.73362e-09 -3.20788e-09 -2.73627e-09 -2.31362e-09 -1.93522e-09 -1.59679e-09 -1.29439e-09 -1.02445e-09 -7.83701e-10 -5.69168e-10  -3.7813e-10 -2.08105e-10 -5.68336e-11  7.77257e-11  1.97357e-10  3.03363e-10  3.95647e-10  4.69031e-10  4.98703e-10  3.82758e-10 -2.84483e-10 -3.10672e-09 -1.44133e-08
 0.000146706  0.000146702  0.000146689  0.000146634  0.000146414  0.000145902  0.000145077  0.000143944  0.000142516  0.000140806  0.000138827  0.000136594  0.000134121  0.000131422  0.000128512  0.000125403  0.000122111   0.00011865  0.000115033  0.000111275   0.00010739  0.000103392  9.92943e-05  9.51121e-05  9.08592e-05  8.65496e-05  8.21974e-05  7.78167e-05  7.34216e-05  6.90262e-05  6.46446e-05  6.02908e-05   5.5979e-05  5.17233e-05  4.75377e-05  4.34364e-05  3.94335e-05   3.5543e-05   3.1779e-05  2.81558e-05  2.46873e-05  2.13877e-05  1.82711e-05  1.53516e-05  1.26433e-05  1.01604e-05    7.917e-06  5.92717e-06  4.20506e-06  2.76467e-06  1.61959e-06  7.81854e-07  2.57138e-07  2.61936e-08 -2.86608e-08 -3.91506e-08 -3.87013e-08 -3.57599e-08 -3.24438e-08 -2.92674e-08  -2.6341e-08 -2.36738e-08 -2.12514e-08 -1.90543e-08 -1.70636e-08 -1.52612e-08 -1.36308e-08 -1.21572e-08 -1.08268e-08 -9.62693e-09 -8.54611e-09 -7.57388e-09 -6.70067e-09 -5.91779e-09 -5.21731e-09 -4.59202e-09 -4.03538e-09 -3.54146e-09 -3.10488e-09 -2.72078e-09 -2.38478e-09 -2.09292e-09 -1.84169e-09 -1.62792e-09  -1.4488e-09 -1.30186e-09 -1.18491e-09 -1.09605e-09 -1.03357e-09 -9.95759e-10 -9.80125e-10 -9.80375e-10 -9.74522e-10 -8.78031e-10 -3.58976e-10  1.89106e-09  1.10331e-08  4.74263e-08  1.91383e-07  7.59718e-07
 0.000146701  0.000146688  0.000146633  0.000146412    0.0001459  0.000145076  0.000143943  0.000142515  0.000140805  0.000138826  0.000136593   0.00013412  0.000131422  0.000128511  0.000125403  0.000122111  0.000118649  0.000115033  0.000111275  0.000107389  0.000103391   9.9294e-05  9.51118e-05  9.08589e-05  8.65494e-05  8.21972e-05  7.78165e-05  7.34214e-05   6.9026e-05  6.46444e-05  6.02906e-05  5.59789e-05  5.17231e-05  4.75376e-05  4.34363e-05  3.94333e-05  3.55429e-05  3.17789e-05  2.81557e-05  2.46872e-05  2.13876e-05   1.8271e-05  1.53515e-05  1.26433e-05  1.01604e-05  7.91693e-06  5.92711e-06  4.20501e-06  2.76461e-06  1.61954e-06    7.818e-07  2.57084e-07  2.61387e-08 -2.87167e-08  -3.9208e-08 -3.87607e-08 -3.58221e-08 -3.25093e-08  -2.9337e-08 -2.64153e-08 -2.37538e-08 -2.13378e-08 -1.91481e-08 -1.71657e-08 -1.53727e-08 -1.37529e-08 -1.22913e-08 -1.09741e-08 -9.78902e-09 -8.72461e-09 -7.77057e-09 -6.91751e-09 -6.15689e-09 -5.48099e-09 -4.88281e-09 -4.35604e-09   -3.895e-09 -3.49458e-09 -3.15023e-09 -2.85788e-09 -2.61396e-09 -2.41532e-09 -2.25922e-09 -2.14333e-09 -2.06567e-09  -2.0246e-09 -2.01881e-09 -2.04722e-09 -2.10871e-09  -2.2011e-09  -2.3171e-09 -2.42843e-09 -2.42309e-09 -1.85796e-09  1.01709e-09  1.31089e-08  6.16674e-08  2.54191e-07  1.01474e-06  1.76672e-06
 0.000146687  0.000146632  0.000146411  0.000145899  0.000145075  0.000143942  0.000142514  0.000140804  0.000138825  0.000136592   0.00013412  0.000131421   0.00012851  0.000125402   0.00012211  0.000118649  0.000115032  0.000111274  0.000107389  0.000103391  9.92936e-05  9.51115e-05  9.08586e-05  8.65491e-05  8.21969e-05  7.78163e-05  7.34212e-05  6.90258e-05  6.46442e-05  6.02905e-05  5.59787e-05   5.1723e-05  4.75374e-05  4.34362e-05  3.94332e-05  3.55428e-05  3.17788e-05  2.81556e-05  2.46871e-05  2.13875e-05  1.82709e-05  1.53514e-05  1.26432e-05  1.01603e-05  7.91687e-06  5.92705e-06  4.20494e-06  2.76455e-06  1.61948e-06  7.81744e-07  2.57029e-07  2.60835e-08 -2.87724e-08 -3.92647e-08 -3.88191e-08 -3.58826e-08 -3.25726e-08 -2.94037e-08 -2.64862e-08 -2.38296e-08 -2.14192e-08 -1.92361e-08 -1.72612e-08 -1.54767e-08 -1.38665e-08 -1.24156e-08 -1.11105e-08 -9.93882e-09 -8.88937e-09 -7.95193e-09 -7.11727e-09 -6.37702e-09 -5.72362e-09 -5.15027e-09 -4.65088e-09 -4.21999e-09 -3.85276e-09  -3.5449e-09 -3.29265e-09 -3.09276e-09 -2.94245e-09 -2.83938e-09 -2.78162e-09 -2.76768e-09 -2.79641e-09 -2.86707e-09 -2.97915e-09 -3.13217e-09 -3.32453e-09 -3.54927e-09 -3.77706e-09 -3.88947e-09 -3.41531e-09 -4.90882e-10  1.22418e-08  6.38154e-08  2.68765e-07  1.07891e-06  2.02719e-06  2.83184e-06
  0.00014663   0.00014641  0.000145898  0.000145073  0.000143941  0.000142513  0.000140803  0.000138824  0.000136592  0.000134119   0.00013142   0.00012851  0.000125401   0.00012211  0.000118648  0.000115032  0.000111274  0.000107389   0.00010339  9.92932e-05  9.51112e-05  9.08583e-05  8.65488e-05  8.21966e-05   7.7816e-05  7.34209e-05  6.90256e-05   6.4644e-05  6.02903e-05  5.59785e-05  5.17228e-05  4.75373e-05   4.3436e-05  3.94331e-05  3.55426e-05  3.17787e-05  2.81555e-05   2.4687e-05  2.13874e-05  1.82708e-05  1.53514e-05  1.26431e-05  1.01602e-05   7.9168e-06  5.92699e-06  4.20488e-06  2.76449e-06  1.61942e-06  7.81688e-07  2.56973e-07   2.6029e-08 -2.88268e-08 -3.93196e-08 -3.88749e-08 -3.59399e-08  -3.2632e-08 -2.94658e-08 -2.65517e-08 -2.38991e-08 -2.14936e-08  -1.9316e-08 -1.73475e-08 -1.55704e-08 -1.39685e-08 -1.25271e-08 -1.12325e-08 -1.00727e-08 -9.03653e-09 -8.11384e-09 -7.29556e-09 -6.57346e-09 -5.94017e-09 -5.38904e-09 -4.91418e-09 -4.51035e-09 -4.17291e-09 -3.89785e-09 -3.68169e-09 -3.52146e-09  -3.4147e-09 -3.35945e-09 -3.35416e-09 -3.39775e-09 -3.48955e-09 -3.62931e-09 -3.81708e-09 -4.05296e-09 -4.33598e-09 -4.65976e-09 -4.99528e-09 -5.22312e-09 -4.86577e-09 -2.03203e-09  1.07475e-08  6.29479e-08  2.70853e-07  1.09318e-06  2.09011e-06  3.08729e-06  3.91098e-06
 0.000146409  0.000145897  0.000145072   0.00014394  0.000142512  0.000140802  0.000138823  0.000136591  0.000134118  0.000131419  0.000128509  0.000125401  0.000122109  0.000118648  0.000115031  0.000111273  0.000107388   0.00010339  9.92928e-05  9.51108e-05   9.0858e-05  8.65485e-05  8.21963e-05  7.78157e-05  7.34207e-05  6.90253e-05  6.46438e-05  6.02901e-05  5.59783e-05  5.17226e-05  4.75371e-05  4.34359e-05  3.94329e-05  3.55425e-05  3.17786e-05  2.81554e-05  2.46869e-05  2.13873e-05  1.82707e-05  1.53513e-05   1.2643e-05  1.01601e-05  7.91673e-06  5.92692e-06  4.20482e-06  2.76443e-06  1.61937e-06  7.81631e-07  2.56918e-07  2.59749e-08 -2.88803e-08 -3.93729e-08 -3.89285e-08 -3.59944e-08 -3.26879e-08 -2.95237e-08 -2.66122e-08 -2.39628e-08 -2.15612e-08 -1.93883e-08 -1.74252e-08 -1.56544e-08 -1.40596e-08 -1.26263e-08  -1.1341e-08 -1.01916e-08   -9.167e-09 -8.25729e-09 -7.45346e-09 -6.74744e-09 -6.13197e-09 -5.60059e-09 -5.14757e-09 -4.76784e-09 -4.45701e-09 -4.21127e-09 -4.02738e-09 -3.90267e-09 -3.83497e-09 -3.82261e-09 -3.86444e-09 -3.95973e-09 -4.10826e-09 -4.31021e-09 -4.56614e-09 -4.87668e-09 -5.24146e-09  -5.6547e-09   -6.088e-09 -6.42221e-09  -6.1789e-09 -3.46073e-09  9.22839e-09  6.14718e-08  2.69983e-07  1.09518e-06  2.10395e-06  3.14841e-06  4.15921e-06  4.99302e-06
 0.000145895  0.000145071  0.000143939  0.000142511  0.000140801  0.000138822   0.00013659  0.000134117  0.000131418  0.000128508    0.0001254  0.000122108  0.000118647  0.000115031  0.000111273  0.000107388  0.000103389  9.92924e-05  9.51104e-05  9.08576e-05  8.65481e-05   8.2196e-05  7.78154e-05  7.34204e-05  6.90251e-05  6.46435e-05  6.02898e-05  5.59781e-05  5.17224e-05  4.75369e-05  4.34357e-05  3.94328e-05  3.55424e-05  3.17785e-05  2.81552e-05  2.46868e-05  2.13872e-05  1.82706e-05  1.53512e-05  1.26429e-05  1.01601e-05  7.91665e-06  5.92685e-06  4.20475e-06  2.76437e-06  1.61931e-06  7.81573e-07  2.56862e-07  2.59206e-08 -2.89333e-08 -3.94252e-08 -3.89806e-08 -3.60468e-08 -3.27411e-08 -2.95782e-08 -2.66685e-08 -2.40216e-08 -2.16231e-08 -1.94539e-08 -1.74954e-08 -1.57298e-08 -1.41412e-08 -1.27148e-08 -1.14375e-08 -1.02971e-08  -9.2826e-09 -8.38426e-09 -7.59314e-09 -6.90129e-09 -6.30158e-09 -5.78769e-09 -5.35404e-09 -4.99576e-09 -4.70862e-09 -4.48903e-09 -4.33397e-09 -4.24101e-09 -4.20826e-09 -4.23434e-09 -4.31841e-09 -4.46011e-09 -4.65958e-09 -4.91742e-09 -5.23465e-09  -5.6124e-09 -6.05081e-09  -6.5447e-09 -7.06627e-09 -7.49697e-09 -7.35867e-09 -4.75313e-09  7.82165e-09   5.9975e-08  2.68525e-07  1.09431e-06  2.10586e-06   3.1618e-06  4.21848e-06  5.23389e-06  6.07519e-06
  0.00014507  0.000143937  0.000142509  0.000140799  0.000138821  0.000136589  0.000134116  0.000131418  0.000128507  0.000125399  0.000122108  0.000118646   0.00011503  0.000111272  0.000107387  0.000103389  9.92919e-05  9.51099e-05  9.08572e-05  8.65477e-05  8.21957e-05  7.78151e-05  7.34201e-05  6.90248e-05  6.46433e-05  6.02896e-05  5.59779e-05  5.17222e-05  4.75367e-05  4.34355e-05  3.94326e-05  3.55422e-05  3.17783e-05  2.81551e-05  2.46867e-05  2.13871e-05  1.82705e-05  1.53511e-05  1.26429e-05    1.016e-05  7.91657e-06  5.92677e-06  4.20468e-06   2.7643e-06  1.61924e-06  7.81513e-07  2.56805e-07  2.58655e-08 -2.89867e-08 -3.94773e-08 -3.90319e-08 -3.60978e-08 -3.27922e-08   -2.963e-08 -2.67216e-08 -2.40764e-08 -2.16803e-08 -1.95141e-08 -1.75592e-08  -1.5798e-08 -1.42145e-08 -1.27941e-08 -1.15235e-08 -1.03909e-08 -9.38521e-09 -8.49678e-09 -7.71679e-09 -7.03739e-09 -6.45157e-09 -5.95314e-09 -5.53667e-09 -5.19742e-09 -4.93135e-09 -4.73505e-09 -4.60571e-09 -4.54112e-09 -4.53962e-09 -4.60011e-09 -4.72204e-09 -4.90536e-09 -5.15055e-09 -5.45861e-09 -5.83096e-09 -6.26916e-09 -6.77387e-09 -7.34042e-09 -7.94158e-09 -8.45942e-09 -8.41638e-09 -5.91456e-09  6.54892e-09  5.85891e-08   2.6705e-07  1.09287e-06  2.10498e-06  3.16363e-06  4.23146e-06  5.29141e-06  6.30904e-06  7.15683e-06
 0.000143936  0.000142508  0.000140798   0.00013882  0.000136587  0.000134115  0.000131417  0.000128506  0.000125398  0.000122107  0.000118646  0.000115029  0.000111271  0.000107386  0.000103388  9.92914e-05  9.51095e-05  9.08568e-05  8.65473e-05  8.21953e-05  7.78147e-05  7.34198e-05  6.90245e-05   6.4643e-05  6.02893e-05  5.59776e-05   5.1722e-05  4.75365e-05  4.34353e-05  3.94324e-05   3.5542e-05  3.17782e-05   2.8155e-05  2.46865e-05   2.1387e-05  1.82704e-05   1.5351e-05  1.26428e-05  1.01599e-05  7.91649e-06  5.92669e-06  4.20461e-06  2.76423e-06  1.61918e-06   7.8145e-07  2.56746e-07  2.58089e-08 -2.90411e-08 -3.95299e-08 -3.90832e-08 -3.61482e-08 -3.28422e-08 -2.96801e-08 -2.67722e-08 -2.41282e-08 -2.17338e-08 -1.95699e-08 -1.76178e-08 -1.58601e-08 -1.42808e-08 -1.28654e-08 -1.16006e-08 -1.04746e-08 -9.47653e-09  -8.5967e-09 -7.82643e-09 -7.15793e-09 -6.58433e-09 -6.09954e-09 -5.69825e-09 -5.37587e-09 -5.12852e-09 -4.95294e-09 -4.84652e-09 -4.80724e-09 -4.83367e-09 -4.92495e-09 -5.08078e-09 -5.30142e-09 -5.58765e-09 -5.94081e-09 -6.36269e-09 -6.85528e-09 -7.41966e-09 -8.05165e-09 -8.72456e-09 -9.32101e-09 -9.36405e-09 -6.95636e-09  5.40461e-09  5.73347e-08  2.65683e-07  1.09142e-06  2.10356e-06  3.16275e-06   4.2332e-06  5.30399e-06  6.36492e-06  7.38411e-06  8.23781e-06
 0.000142507  0.000140797  0.000138819  0.000136586  0.000134114  0.000131416  0.000128505  0.000125397  0.000122106  0.000118645  0.000115028  0.000111271  0.000107386  0.000103388  9.92909e-05   9.5109e-05  9.08563e-05  8.65469e-05  8.21949e-05  7.78144e-05  7.34194e-05  6.90242e-05  6.46427e-05  6.02891e-05  5.59774e-05  5.17218e-05  4.75363e-05  4.34351e-05  3.94323e-05  3.55419e-05   3.1778e-05  2.81548e-05  2.46864e-05  2.13869e-05  1.82703e-05  1.53509e-05  1.26426e-05  1.01598e-05  7.91639e-06  5.92661e-06  4.20453e-06  2.76416e-06  1.61911e-06  7.81385e-07  2.56684e-07  2.57502e-08  -2.9097e-08 -3.95835e-08  -3.9135e-08 -3.61986e-08 -3.28917e-08 -2.97291e-08 -2.68213e-08 -2.41778e-08 -2.17844e-08  -1.9622e-08 -1.76721e-08 -1.59172e-08 -1.43413e-08   -1.293e-08 -1.16701e-08 -1.05497e-08 -9.55812e-09 -8.68572e-09 -7.92387e-09 -7.26489e-09 -6.70199e-09 -6.22919e-09 -5.84129e-09 -5.53385e-09 -5.30309e-09 -5.14592e-09  -5.0599e-09 -5.04319e-09 -5.09457e-09 -5.21337e-09 -5.39956e-09 -5.65363e-09 -5.97668e-09 -6.37033e-09 -6.83672e-09 -7.37822e-09  -7.9963e-09 -8.68723e-09  -9.4248e-09 -1.00921e-08 -1.02129e-08  -7.8903e-09  4.37761e-09  5.62063e-08  2.64446e-07  1.09007e-06  2.10212e-06  3.16134e-06  4.23232e-06  5.30565e-06  6.37713e-06  7.43845e-06  8.45897e-06  9.31814e-06
 0.000140796  0.000138817  0.000136585  0.000134113  0.000131414  0.000128504  0.000125396  0.000122105  0.000118644  0.000115028   0.00011127  0.000107385  0.000103387  9.92903e-05  9.51084e-05  9.08558e-05  8.65464e-05  8.21945e-05   7.7814e-05  7.34191e-05  6.90238e-05  6.46424e-05  6.02888e-05  5.59771e-05  5.17215e-05  4.75361e-05  4.34349e-05  3.94321e-05  3.55417e-05  3.17778e-05  2.81547e-05  2.46862e-05  2.13867e-05  1.82702e-05  1.53507e-05  1.26425e-05  1.01597e-05   7.9163e-06  5.92652e-06  4.20444e-06  2.76408e-06  1.61903e-06  7.81316e-07  2.56619e-07  2.56889e-08 -2.91551e-08 -3.96388e-08 -3.91879e-08 -3.62496e-08 -3.29413e-08 -2.97778e-08 -2.68694e-08 -2.42259e-08 -2.18329e-08 -1.96715e-08 -1.77231e-08 -1.59703e-08 -1.43971e-08 -1.29891e-08 -1.17331e-08 -1.06175e-08 -9.63137e-09 -8.76532e-09 -8.01074e-09 -7.36002e-09 -6.80646e-09 -6.34417e-09 -5.96806e-09 -5.67378e-09 -5.45771e-09 -5.31688e-09   -5.249e-09 -5.25239e-09 -5.32601e-09 -5.46942e-09 -5.68275e-09 -5.96678e-09 -6.32282e-09 -6.75282e-09  -7.2592e-09 -7.84467e-09 -8.51107e-09 -9.25508e-09 -1.00509e-08 -1.07822e-08  -1.0973e-08 -8.72728e-09  3.45644e-09   5.5193e-08  2.63332e-07  1.08885e-06  2.10079e-06  3.15992e-06  4.23093e-06  5.30477e-06  6.37872e-06  7.45032e-06  8.51189e-06   9.5336e-06  1.03979e-05
 0.000138816  0.000136584  0.000134111  0.000131413  0.000128503  0.000125395  0.000122104  0.000118643  0.000115027  0.000111269  0.000107384  0.000103387  9.92897e-05  9.51078e-05  9.08552e-05  8.65459e-05   8.2194e-05  7.78135e-05  7.34187e-05  6.90234e-05   6.4642e-05  6.02884e-05  5.59768e-05  5.17212e-05  4.75358e-05  4.34347e-05  3.94318e-05  3.55415e-05  3.17776e-05  2.81545e-05  2.46861e-05  2.13866e-05    1.827e-05  1.53506e-05  1.26424e-05  1.01596e-05  7.91619e-06  5.92642e-06  4.20435e-06  2.76399e-06  1.61895e-06  7.81242e-07   2.5655e-07  2.56243e-08 -2.92159e-08 -3.96964e-08 -3.92427e-08  -3.6302e-08 -3.29917e-08 -2.98267e-08 -2.69173e-08 -2.42732e-08 -2.18801e-08 -1.97191e-08 -1.77716e-08 -1.60202e-08  -1.4449e-08 -1.30435e-08 -1.17908e-08  -1.0679e-08 -9.69752e-09 -8.83685e-09 -8.08848e-09  -7.4449e-09 -6.89944e-09 -6.44633e-09 -6.08055e-09 -5.79787e-09 -5.59476e-09  -5.4684e-09 -5.41661e-09 -5.43789e-09 -5.53133e-09 -5.69668e-09 -5.93429e-09 -6.24512e-09 -6.63074e-09 -7.09334e-09 -7.63563e-09 -8.26061e-09 -8.97048e-09 -9.76226e-09 -1.06106e-08 -1.13995e-08 -1.16536e-08  -9.4772e-09  2.63045e-09  5.42837e-08  2.62332e-07  1.08775e-06  2.09958e-06   3.1586e-06  4.22952e-06  5.30339e-06  6.37784e-06  7.45185e-06  8.52344e-06  9.58519e-06   1.0608e-05   1.1477e-05
 0.000136583   0.00013411  0.000131412  0.000128502  0.000125394  0.000122103  0.000118642  0.000115026  0.000111268  0.000107384  0.000103386   9.9289e-05  9.51072e-05  9.08547e-05  8.65454e-05  8.21935e-05  7.78131e-05  7.34182e-05   6.9023e-05  6.46416e-05  6.02881e-05  5.59765e-05  5.17209e-05  4.75355e-05  4.34344e-05  3.94316e-05  3.55412e-05  3.17774e-05  2.81543e-05  2.46859e-05  2.13864e-05  1.82699e-05  1.53505e-05  1.26423e-05  1.01594e-05  7.91608e-06  5.92631e-06  4.20425e-06   2.7639e-06  1.61887e-06  7.81164e-07  2.56477e-07   2.5556e-08   -2.928e-08 -3.97567e-08 -3.92997e-08 -3.63562e-08 -3.30435e-08 -2.98765e-08 -2.69656e-08 -2.43204e-08 -2.19266e-08 -1.97655e-08 -1.78183e-08 -1.60677e-08 -1.44978e-08 -1.30943e-08 -1.18441e-08 -1.07354e-08 -9.75769e-09 -8.90151e-09 -8.15842e-09 -7.52093e-09 -6.98247e-09 -6.53732e-09 -6.18056e-09 -5.90805e-09 -5.71636e-09 -5.60277e-09 -5.56525e-09 -5.60239e-09 -5.71348e-09 -5.89839e-09 -6.15767e-09 -6.49247e-09 -6.90457e-09  -7.3964e-09 -7.97091e-09  -8.6314e-09 -9.38036e-09 -1.02151e-08 -1.11107e-08 -1.19516e-08 -1.22627e-08  -1.0149e-08  1.89001e-09   5.3468e-08  2.61434e-07  1.08676e-06   2.0985e-06  3.15741e-06  4.22822e-06    5.302e-06  6.37647e-06  7.45097e-06  8.52491e-06  9.59645e-06  1.06584e-05  1.16822e-05  1.25556e-05
 0.000134109  0.000131411  0.000128501  0.000125393  0.000122102  0.000118641  0.000115025  0.000111268  0.000107383  0.000103385  9.92882e-05  9.51065e-05   9.0854e-05  8.65448e-05  8.21929e-05  7.78126e-05  7.34178e-05  6.90226e-05  6.46412e-05  6.02877e-05  5.59761e-05  5.17206e-05  4.75352e-05  4.34341e-05  3.94313e-05   3.5541e-05  3.17772e-05  2.81541e-05  2.46857e-05  2.13862e-05  1.82697e-05  1.53503e-05  1.26421e-05  1.01593e-05  7.91596e-06   5.9262e-06  4.20415e-06  2.76381e-06  1.61878e-06   7.8108e-07  2.56399e-07  2.54833e-08  -2.9348e-08 -3.98204e-08 -3.93596e-08 -3.64127e-08 -3.30972e-08 -2.99277e-08 -2.70148e-08  -2.4368e-08 -2.19731e-08 -1.98113e-08 -1.78639e-08 -1.61136e-08 -1.45445e-08 -1.31422e-08 -1.18938e-08 -1.07875e-08 -9.81289e-09 -8.96041e-09 -8.22171e-09 -7.58938e-09 -7.05691e-09 -6.61863e-09 -6.26971e-09 -6.00608e-09  -5.8244e-09 -5.72206e-09 -5.69713e-09 -5.74835e-09  -5.8751e-09 -6.07743e-09 -6.35604e-09 -6.71225e-09 -7.14804e-09 -7.66605e-09 -8.26947e-09 -8.96184e-09 -9.74592e-09 -1.06194e-08 -1.15575e-08 -1.24452e-08 -1.28078e-08 -1.07505e-08  1.22643e-09  5.27363e-08  2.60627e-07  1.08587e-06  2.09752e-06  3.15633e-06  4.22704e-06  5.30071e-06  6.37509e-06  7.44961e-06  8.52402e-06  9.59786e-06  1.06693e-05  1.17314e-05  1.27562e-05  1.36337e-05
 0.000131409  0.000128499  0.000125392  0.000122101   0.00011864  0.000115024  0.000111267  0.000107382  0.000103384  9.92875e-05  9.51058e-05  9.08533e-05  8.65442e-05  8.21924e-05   7.7812e-05  7.34172e-05  6.90221e-05  6.46408e-05  6.02873e-05  5.59758e-05  5.17203e-05  4.75349e-05  4.34338e-05  3.94311e-05  3.55407e-05   3.1777e-05  2.81539e-05  2.46855e-05   2.1386e-05  1.82695e-05  1.53502e-05   1.2642e-05  1.01592e-05  7.91583e-06  5.92608e-06  4.20404e-06   2.7637e-06  1.61868e-06   7.8099e-07  2.56316e-07  2.54057e-08 -2.94203e-08  -3.9888e-08 -3.94229e-08 -3.64723e-08 -3.31533e-08 -2.99809e-08 -2.70655e-08 -2.44167e-08 -2.20202e-08 -1.98572e-08 -1.79091e-08 -1.61585e-08 -1.45896e-08  -1.3188e-08 -1.19408e-08 -1.08363e-08 -9.86403e-09  -9.0145e-09 -8.27942e-09  -7.6514e-09 -7.12399e-09 -6.69159e-09 -6.34942e-09  -6.0935e-09 -5.92058e-09 -5.82811e-09 -5.81428e-09 -5.87792e-09 -6.01856e-09 -6.23638e-09 -6.53219e-09  -6.9075e-09 -7.36447e-09 -7.90591e-09 -8.53524e-09 -9.25621e-09 -1.00718e-08 -1.09801e-08 -1.19565e-08 -1.28864e-08 -1.32953e-08  -1.1289e-08  6.31921e-10  5.20803e-08  2.59904e-07  1.08507e-06  2.09664e-06  3.15537e-06  4.22598e-06  5.29954e-06  6.37382e-06  7.44825e-06  8.52267e-06  9.59697e-06  1.06707e-05  1.17422e-05  1.28044e-05  1.38301e-05  1.47114e-05
 0.000128498   0.00012539  0.000122099  0.000118639  0.000115023  0.000111265  0.000107381  0.000103383  9.92866e-05   9.5105e-05  9.08526e-05  8.65435e-05  8.21917e-05  7.78114e-05  7.34167e-05  6.90216e-05  6.46403e-05  6.02869e-05  5.59754e-05  5.17199e-05  4.75346e-05  4.34335e-05  3.94308e-05  3.55405e-05  3.17767e-05  2.81536e-05  2.46853e-05  2.13858e-05  1.82694e-05    1.535e-05  1.26418e-05   1.0159e-05  7.91569e-06  5.92595e-06  4.20392e-06  2.76359e-06  1.61858e-06  7.80894e-07  2.56226e-07  2.53226e-08 -2.94977e-08 -3.99601e-08 -3.94902e-08 -3.65352e-08 -3.32125e-08 -3.00367e-08 -2.71183e-08  -2.4467e-08 -2.20684e-08 -1.99038e-08 -1.79544e-08  -1.6203e-08 -1.46338e-08 -1.32324e-08 -1.19859e-08 -1.08826e-08 -9.91194e-09 -9.06469e-09 -8.33249e-09   -7.708e-09 -7.18481e-09 -6.75739e-09 -6.42101e-09 -6.17174e-09 -6.00641e-09 -5.92257e-09 -5.91848e-09 -5.99308e-09   -6.146e-09 -6.37753e-09 -6.68865e-09 -7.08098e-09 -7.55685e-09 -8.11923e-09 -8.77175e-09 -9.51837e-09 -1.03623e-08 -1.13018e-08 -1.23127e-08 -1.32805e-08 -1.37312e-08 -1.17709e-08  9.94758e-11  5.14923e-08  2.59255e-07  1.08436e-06  2.09585e-06   3.1545e-06  4.22502e-06  5.29849e-06  6.37266e-06  7.44698e-06  8.52132e-06  9.59563e-06  1.06698e-05  1.17435e-05  1.28149e-05  1.38773e-05  1.49038e-05  1.57886e-05
  0.00012539  0.000122099  0.000118639  0.000115023  0.000111265  0.000107381  0.000103383  9.92866e-05   9.5105e-05  9.08526e-05  8.65435e-05  8.21917e-05  7.78114e-05  7.34167e-05  6.90216e-05  6.46403e-05  6.02869e-05  5.59753e-05  5.17199e-05  4.75346e-05  4.34335e-05  3.94307e-05  3.55405e-05  3.17767e-05  2.81536e-05  2.46853e-05  2.13858e-05  1.82693e-05    1.535e-05  1.26418e-05   1.0159e-05  7.91568e-06  5.92595e-06  4.20391e-06  2.76359e-06  1.61858e-06  7.80891e-07  2.56224e-07  2.53204e-08 -2.94996e-08 -3.99617e-08 -3.94916e-08 -3.65364e-08 -3.32134e-08 -3.00373e-08 -2.71187e-08 -2.44672e-08 -2.20684e-08 -1.99036e-08  -1.7954e-08 -1.62024e-08  -1.4633e-08 -1.32315e-08 -1.19847e-08 -1.08812e-08 -9.91043e-09   -9.063e-09 -8.33062e-09 -7.70596e-09  -7.1826e-09   -6.755e-09 -6.41844e-09 -6.16901e-09 -6.00351e-09  -5.9195e-09 -5.91524e-09 -5.98968e-09 -6.14244e-09 -6.37382e-09 -6.68479e-09 -7.07698e-09 -7.55272e-09 -8.11498e-09 -8.76739e-09 -9.51391e-09 -1.03578e-08 -1.12972e-08 -1.23081e-08 -1.32758e-08 -1.37266e-08 -1.17663e-08  1.04018e-10  5.14968e-08  2.59259e-07  1.08436e-06  2.09585e-06   3.1545e-06  4.22502e-06  5.29849e-06  6.37266e-06  7.44698e-06  8.52132e-06  9.59563e-06  1.06698e-05  1.17434e-05  1.28148e-05  1.38769e-05  1.49024e-05  1.57831e-05  1.60924e-05
 0.000122099  0.000118639  0.000115023  0.000111265  0.000107381  0.000103383  9.92866e-05   9.5105e-05  9.08526e-05  8.65435e-05  8.21917e-05  7.78114e-05  7.34167e-05  6.90216e-05  6.46403e-05  6.02869e-05  5.59754e-05  5.17199e-05  4.75346e-05  4.34335e-05  3.94307e-05  3.55405e-05  3.17767e-05  2.81536e-05  2.46853e-05  2.13858e-05  1.82693e-05    1.535e-05  1.26418e-05   1.0159e-05  7.91569e-06  5.92595e-06  4.20392e-06  2.76359e-06  1.61858e-06  7.80895e-07  2.56228e-07  2.53244e-08 -2.94953e-08 -3.99573e-08 -3.94869e-08 -3.65314e-08 -3.32081e-08 -3.00317e-08 -2.71128e-08 -2.44608e-08 -2.20616e-08 -1.98963e-08 -1.79463e-08 -1.61941e-08 -1.46241e-08 -1.32219e-08 -1.19745e-08 -1.08702e-08 -9.89861e-09 -9.05029e-09 -8.31695e-09 -7.69125e-09 -7.16677e-09 -6.73796e-09 -6.40011e-09 -6.14926e-09 -5.98225e-09  -5.8966e-09 -5.89058e-09 -5.96311e-09 -6.11382e-09 -6.34298e-09 -6.65156e-09 -7.04117e-09 -7.51413e-09  -8.0734e-09 -8.72258e-09 -9.46561e-09 -1.03057e-08 -1.12411e-08 -1.22476e-08 -1.32107e-08 -1.36563e-08 -1.16906e-08  1.85617e-10  5.15847e-08  2.59354e-07  1.08446e-06  2.09596e-06  3.15462e-06  4.22515e-06  5.29863e-06  6.37281e-06  7.44714e-06  8.52149e-06  9.59581e-06    1.067e-05  1.17436e-05  1.28148e-05  1.38762e-05  1.48988e-05  1.57684e-05  1.60334e-05  1.61629e-05
 0.000118639  0.000115023  0.000111265  0.000107381  0.000103383  9.92866e-05   9.5105e-05  9.08526e-05  8.65435e-05  8.21917e-05  7.78114e-05  7.34167e-05  6.90216e-05  6.46403e-05  6.02869e-05  5.59754e-05  5.17199e-05  4.75346e-05  4.34335e-05  3.94308e-05  3.55405e-05  3.17767e-05  2.81536e-05  2.46853e-05  2.13858e-05  1.82694e-05    1.535e-05  1.26418e-05   1.0159e-05  7.91569e-06  5.92595e-06  4.20392e-06  2.76359e-06  1.61858e-06  7.80899e-07  2.56232e-07  2.53285e-08  -2.9491e-08 -3.99527e-08 -3.94821e-08 -3.65262e-08 -3.32026e-08 -3.00259e-08 -2.71065e-08 -2.44542e-08 -2.20545e-08 -1.98887e-08 -1.79381e-08 -1.61853e-08 -1.46147e-08 -1.32118e-08 -1.19636e-08 -1.08585e-08 -9.88603e-09 -9.03676e-09  -8.3024e-09  -7.6756e-09 -7.14993e-09 -6.71984e-09 -6.38059e-09 -6.12826e-09 -5.95963e-09 -5.87225e-09 -5.86436e-09 -5.93488e-09 -6.08341e-09 -6.31023e-09 -6.61628e-09 -7.00318e-09  -7.4732e-09 -8.02932e-09 -8.67509e-09 -9.41446e-09 -1.02506e-08 -1.11818e-08 -1.21837e-08 -1.31418e-08 -1.35821e-08 -1.16106e-08  2.71757e-10  5.16775e-08  2.59454e-07  1.08457e-06  2.09608e-06  3.15474e-06  4.22528e-06  5.29877e-06  6.37297e-06  7.44731e-06  8.52167e-06  9.59601e-06  1.06702e-05  1.17438e-05  1.28149e-05  1.38762e-05   1.4898e-05  1.57643e-05  1.60163e-05  1.60945e-05  1.61748e-05
 0.000115023  0.000111265  0.000107381  0.000103383  9.92866e-05   9.5105e-05  9.08526e-05  8.65435e-05  8.21917e-05  7.78114e-05  7.34167e-05  6.90216e-05  6.46403e-05  6.02869e-05  5.59754e-05  5.17199e-05  4.75346e-05  4.34335e-05  3.94308e-05  3.55405e-05  3.17767e-05  2.81536e-05  2.46853e-05  2.13858e-05  1.82694e-05    1.535e-05  1.26418e-05   1.0159e-05  7.91569e-06  5.92596e-06  4.20392e-06   2.7636e-06  1.61859e-06  7.80902e-07  2.56235e-07  2.53322e-08 -2.94871e-08 -3.99486e-08 -3.94777e-08 -3.65216e-08 -3.31976e-08 -3.00206e-08 -2.71009e-08 -2.44481e-08  -2.2048e-08 -1.98817e-08 -1.79306e-08 -1.61774e-08 -1.46061e-08 -1.32026e-08 -1.19537e-08 -1.08479e-08 -9.87462e-09 -9.02449e-09  -8.2892e-09  -7.6614e-09 -7.13465e-09 -6.70339e-09  -6.3629e-09 -6.10921e-09 -5.93912e-09 -5.85017e-09 -5.84059e-09 -5.90928e-09 -6.05584e-09 -6.28055e-09 -6.58432e-09 -6.96875e-09 -7.43612e-09 -7.98938e-09 -8.63207e-09 -9.36812e-09 -1.02007e-08  -1.1128e-08 -1.21258e-08 -1.30794e-08 -1.35149e-08 -1.15383e-08  3.49722e-10  5.17615e-08  2.59544e-07  1.08467e-06  2.09618e-06  3.15486e-06  4.22541e-06   5.2989e-06  6.37311e-06  7.44746e-06  8.52184e-06  9.59618e-06  1.06704e-05   1.1744e-05  1.28151e-05  1.38763e-05   1.4898e-05  1.57634e-05  1.60123e-05  1.60777e-05  1.61078e-05  1.61723e-05
 0.000111265  0.000107381  0.000103383  9.92866e-05   9.5105e-05  9.08526e-05  8.65435e-05  8.21917e-05  7.78114e-05  7.34167e-05  6.90216e-05  6.46403e-05  6.02869e-05  5.59754e-05  5.17199e-05  4.75346e-05  4.34335e-05  3.94308e-05  3.55405e-05  3.17767e-05  2.81536e-05  2.46853e-05  2.13858e-05  1.82694e-05    1.535e-05  1.26418e-05   1.0159e-05  7.91569e-06  5.92596e-06  4.20392e-06   2.7636e-06  1.61859e-06  7.80905e-07  2.56238e-07  2.53355e-08 -2.94837e-08 -3.99449e-08 -3.94738e-08 -3.65175e-08 -3.31933e-08 -3.00159e-08 -2.70959e-08 -2.44428e-08 -2.20423e-08 -1.98756e-08 -1.79241e-08 -1.61704e-08 -1.45986e-08 -1.31945e-08 -1.19451e-08 -1.08386e-08 -9.86463e-09 -9.01375e-09 -8.27766e-09 -7.64898e-09 -7.12129e-09 -6.68902e-09 -6.34743e-09 -6.09256e-09  -5.9212e-09 -5.83088e-09 -5.81981e-09 -5.88691e-09 -6.03176e-09 -6.25462e-09 -6.55639e-09 -6.93868e-09 -7.40373e-09 -7.95449e-09  -8.5945e-09 -9.32766e-09 -1.01571e-08 -1.10811e-08 -1.20752e-08 -1.30249e-08 -1.34563e-08 -1.14751e-08  4.17793e-10  5.18348e-08  2.59623e-07  1.08475e-06  2.09628e-06  3.15496e-06  4.22551e-06  5.29902e-06  6.37323e-06   7.4476e-06  8.52198e-06  9.59634e-06  1.06706e-05  1.17442e-05  1.28153e-05  1.38765e-05  1.48981e-05  1.57634e-05  1.60115e-05  1.60739e-05  1.60919e-05  1.61091e-05  1.61666e-05
 0.000107381  0.000103383  9.92866e-05   9.5105e-05  9.08526e-05  8.65435e-05  8.21917e-05  7.78114e-05  7.34167e-05  6.90216e-05  6.46403e-05  6.02869e-05  5.59754e-05  5.17199e-05  4.75346e-05  4.34335e-05  3.94308e-05  3.55405e-05  3.17767e-05  2.81536e-05  2.46853e-05  2.13858e-05  1.82694e-05    1.535e-05  1.26418e-05   1.0159e-05   7.9157e-06  5.92596e-06  4.20393e-06   2.7636e-06  1.61859e-06  7.80908e-07  2.56241e-07  2.53384e-08 -2.94806e-08 -3.99417e-08 -3.94704e-08 -3.65139e-08 -3.31894e-08 -3.00119e-08 -2.70915e-08 -2.44381e-08 -2.20374e-08 -1.98703e-08 -1.79184e-08 -1.61643e-08 -1.45921e-08 -1.31875e-08 -1.19376e-08 -1.08306e-08 -9.85598e-09 -9.00445e-09 -8.26765e-09 -7.63822e-09 -7.10972e-09 -6.67658e-09 -6.33404e-09 -6.07815e-09 -5.90569e-09 -5.81418e-09 -5.80184e-09 -5.86756e-09 -6.01093e-09 -6.23218e-09 -6.53223e-09 -6.91266e-09 -7.37572e-09 -7.92432e-09   -8.562e-09 -9.29266e-09 -1.01194e-08 -1.10405e-08 -1.20315e-08 -1.29778e-08 -1.34055e-08 -1.14204e-08  4.76666e-10  5.18982e-08  2.59692e-07  1.08483e-06  2.09636e-06  3.15504e-06   4.2256e-06  5.29912e-06  6.37334e-06  7.44771e-06   8.5221e-06  9.59647e-06  1.06707e-05  1.17443e-05  1.28155e-05  1.38767e-05  1.48983e-05  1.57636e-05  1.60115e-05  1.60732e-05  1.60884e-05  1.60943e-05  1.61076e-05  1.61604e-05
 0.000103383  9.92866e-05   9.5105e-05  9.08526e-05  8.65435e-05  8.21917e-05  7.78114e-05  7.34167e-05  6.90216e-05  6.46403e-05  6.02869e-05  5.59754e-05  5.17199e-05  4.75346e-05  4.34335e-05  3.94308e-05  3.55405e-05  3.17767e-05  2.81536e-05  2.46853e-05  2.13858e-05  1.82694e-05    1.535e-05  1.26418e-05   1.0159e-05   7.9157e-06  5.92596e-06  4.20393e-06   2.7636e-06  1.61859e-06   7.8091e-07  2.56243e-07  2.53409e-08 -2.94779e-08 -3.99389e-08 -3.94674e-08 -3.65107e-08 -3.31861e-08 -3.00083e-08 -2.70878e-08 -2.44341e-08 -2.20331e-08 -1.98657e-08 -1.79135e-08  -1.6159e-08 -1.45865e-08 -1.31815e-08 -1.19311e-08 -1.08236e-08 -9.84849e-09 -8.99641e-09 -8.25901e-09 -7.62893e-09 -7.09973e-09 -6.66583e-09 -6.32247e-09  -6.0657e-09  -5.8923e-09 -5.79977e-09 -5.78633e-09 -5.85086e-09 -5.99295e-09 -6.21282e-09 -6.51138e-09 -6.89021e-09 -7.35154e-09 -7.89829e-09 -8.53397e-09 -9.26246e-09 -1.00869e-08 -1.10054e-08 -1.19937e-08 -1.29372e-08 -1.33618e-08 -1.13733e-08  5.27452e-10   5.1953e-08  2.59751e-07  1.08489e-06  2.09642e-06  3.15511e-06  4.22568e-06   5.2992e-06  6.37343e-06  7.44781e-06  8.52221e-06  9.59659e-06  1.06708e-05  1.17445e-05  1.28156e-05  1.38768e-05  1.48985e-05  1.57637e-05  1.60116e-05  1.60732e-05  1.60877e-05   1.6091e-05  1.60938e-05  1.61054e-05  1.61545e-05
 9.92866e-05   9.5105e-05  9.08526e-05  8.65435e-05  8.21917e-05  7.78114e-05  7.34167e-05  6.90216e-05  6.46403e-05  6.02869e-05  5.59754e-05  5.17199e-05  4.75346e-05  4.34335e-05  3.94308e-05  3.55405e-05  3.17767e-05  2.81536e-05  2.46853e-05  2.13858e-05  1.82694e-05    1.535e-05  1.26418e-05   1.0159e-05   7.9157e-06  5.92596e-06  4.20393e-06  2.76361e-06   1.6186e-06  7.80912e-07  2.56246e-07  2.53432e-08 -2.94756e-08 -3.99364e-08 -3.94648e-08 -3.65079e-08 -3.31831e-08 -3.00052e-08 -2.70845e-08 -2.44306e-08 -2.20293e-08 -1.98617e-08 -1.79092e-08 -1.61545e-08 -1.45816e-08 -1.31762e-08 -1.19255e-08 -1.08176e-08 -9.84202e-09 -8.98946e-09 -8.25154e-09  -7.6209e-09  -7.0911e-09 -6.65655e-09 -6.31249e-09 -6.05497e-09 -5.88075e-09 -5.78734e-09 -5.77294e-09 -5.83646e-09 -5.97744e-09 -6.19612e-09 -6.49341e-09 -6.87085e-09  -7.3307e-09 -7.87584e-09 -8.50979e-09 -9.23643e-09 -1.00589e-08 -1.09752e-08 -1.19612e-08 -1.29022e-08  -1.3324e-08 -1.13326e-08  5.71232e-10  5.20001e-08  2.59801e-07  1.08494e-06  2.09648e-06  3.15518e-06  4.22575e-06  5.29928e-06  6.37351e-06   7.4479e-06   8.5223e-06  9.59668e-06  1.06709e-05  1.17446e-05  1.28158e-05   1.3877e-05  1.48986e-05  1.57639e-05  1.60118e-05  1.60733e-05  1.60877e-05  1.60904e-05  1.60907e-05  1.60926e-05  1.61033e-05  1.61489e-05
  9.5105e-05  9.08526e-05  8.65435e-05  8.21917e-05  7.78114e-05  7.34167e-05  6.90216e-05  6.46403e-05  6.02869e-05  5.59754e-05  5.17199e-05  4.75346e-05  4.34335e-05  3.94308e-05  3.55405e-05  3.17767e-05  2.81536e-05  2.46853e-05  2.13858e-05  1.82694e-05    1.535e-05  1.26418e-05   1.0159e-05   7.9157e-06  5.92597e-06  4.20393e-06  2.76361e-06   1.6186e-06  7.80914e-07  2.56248e-07  2.53453e-08 -2.94734e-08 -3.99341e-08 -3.94624e-08 -3.65055e-08 -3.31806e-08 -3.00025e-08 -2.70816e-08 -2.44275e-08  -2.2026e-08 -1.98583e-08 -1.79055e-08 -1.61505e-08 -1.45773e-08 -1.31717e-08 -1.19206e-08 -1.08123e-08 -9.83642e-09 -8.98345e-09 -8.24509e-09 -7.61397e-09 -7.08365e-09 -6.64854e-09 -6.30388e-09  -6.0457e-09 -5.87078e-09 -5.77661e-09  -5.7614e-09 -5.82403e-09 -5.96407e-09 -6.18173e-09 -6.47791e-09 -6.85417e-09 -7.31273e-09 -7.85649e-09 -8.48895e-09 -9.21398e-09 -1.00347e-08 -1.09492e-08 -1.19332e-08  -1.2872e-08 -1.32915e-08 -1.12976e-08  6.08966e-10  5.20408e-08  2.59845e-07  1.08499e-06  2.09653e-06  3.15523e-06  4.22581e-06  5.29934e-06  6.37358e-06  7.44797e-06  8.52238e-06  9.59677e-06   1.0671e-05  1.17447e-05  1.28159e-05  1.38771e-05  1.48988e-05   1.5764e-05  1.60119e-05  1.60734e-05  1.60878e-05  1.60904e-05  1.60901e-05  1.60898e-05  1.60914e-05  1.61013e-05  1.61437e-05
 9.08526e-05  8.65435e-05  8.21917e-05  7.78114e-05  7.34167e-05  6.90217e-05  6.46403e-05  6.02869e-05  5.59754e-05  5.17199e-05  4.75346e-05  4.34335e-05  3.94308e-05  3.55405e-05  3.17767e-05  2.81536e-05  2.46853e-05  2.13858e-05  1.82694e-05    1.535e-05  1.26418e-05   1.0159e-05   7.9157e-06  5.92597e-06  4.20393e-06  2.76361e-06   1.6186e-06  7.80916e-07  2.56249e-07  2.53471e-08 -2.94715e-08 -3.99322e-08 -3.94604e-08 -3.65033e-08 -3.31783e-08 -3.00001e-08  -2.7079e-08 -2.44248e-08 -2.20232e-08 -1.98552e-08 -1.79023e-08  -1.6147e-08 -1.45737e-08 -1.31678e-08 -1.19164e-08 -1.08078e-08 -9.83157e-09 -8.97825e-09 -8.23951e-09 -7.60798e-09 -7.07721e-09 -6.64162e-09 -6.29644e-09  -6.0377e-09 -5.86218e-09 -5.76736e-09 -5.75144e-09 -5.81332e-09 -5.95253e-09 -6.16931e-09 -6.46454e-09 -6.83978e-09 -7.29723e-09 -7.83981e-09 -8.47099e-09 -9.19464e-09 -1.00139e-08 -1.09268e-08  -1.1909e-08 -1.28459e-08 -1.32635e-08 -1.12674e-08  6.41487e-10  5.20758e-08  2.59883e-07  1.08503e-06  2.09658e-06  3.15528e-06  4.22586e-06   5.2994e-06  6.37364e-06  7.44803e-06  8.52245e-06  9.59684e-06  1.06711e-05  1.17448e-05   1.2816e-05  1.38772e-05  1.48989e-05  1.57641e-05   1.6012e-05  1.60736e-05  1.60879e-05  1.60905e-05  1.60901e-05  1.60892e-05  1.60887e-05  1.60902e-05  1.60994e-05  1.61389e-05
 8.65435e-05  8.21917e-05  7.78114e-05  7.34167e-05  6.90217e-05  6.46403e-05  6.02869e-05  5.59754e-05  5.17199e-05  4.75346e-05  4.34335e-05  3.94308e-05  3.55405e-05  3.17767e-05  2.81536e-05  2.46853e-05  2.13858e-05  1.82694e-05    1.535e-05  1.26418e-05   1.0159e-05   7.9157e-06  5.92597e-06  4.20394e-06  2.76361e-06   1.6186e-06  7.80917e-07  2.56251e-07  2.53487e-08 -2.94698e-08 -3.99304e-08 -3.94585e-08 -3.65014e-08 -3.31763e-08 -2.99979e-08 -2.70768e-08 -2.44225e-08 -2.20207e-08 -1.98526e-08 -1.78995e-08  -1.6144e-08 -1.45705e-08 -1.31643e-08 -1.19127e-08 -1.08039e-08 -9.82738e-09 -8.97375e-09 -8.23468e-09  -7.6028e-09 -7.07165e-09 -6.63564e-09 -6.29002e-09  -6.0308e-09 -5.85475e-09 -5.75937e-09 -5.74285e-09 -5.80407e-09 -5.94259e-09 -6.15861e-09 -6.45302e-09 -6.82737e-09 -7.28388e-09 -7.82542e-09  -8.4555e-09 -9.17796e-09 -9.99592e-09 -1.09074e-08 -1.18882e-08 -1.28235e-08 -1.32393e-08 -1.12414e-08  6.69516e-10   5.2106e-08  2.59915e-07  1.08507e-06  2.09662e-06  3.15532e-06  4.22591e-06  5.29944e-06  6.37369e-06  7.44809e-06  8.52251e-06  9.59691e-06  1.06712e-05  1.17448e-05   1.2816e-05  1.38773e-05   1.4899e-05  1.57642e-05  1.60122e-05  1.60737e-05  1.60881e-05  1.60906e-05  1.60902e-05  1.60892e-05  1.60882e-05  1.60877e-05  1.60891e-05  1.60977e-05  1.61345e-05
 8.21917e-05  7.78115e-05  7.34167e-05  6.90217e-05  6.46403e-05  6.02869e-05  5.59754e-05  5.17199e-05  4.75346e-05  4.34335e-05  3.94308e-05  3.55405e-05  3.17767e-05  2.81536e-05  2.46853e-05  2.13858e-05  1.82694e-05    1.535e-05  1.26418e-05   1.0159e-05  7.91571e-06  5.92597e-06  4.20394e-06  2.76361e-06   1.6186e-06  7.80919e-07  2.56252e-07  2.53502e-08 -2.94683e-08 -3.99288e-08 -3.94569e-08 -3.64997e-08 -3.31745e-08 -2.99961e-08 -2.70748e-08 -2.44204e-08 -2.20185e-08 -1.98503e-08  -1.7897e-08 -1.61414e-08 -1.45677e-08 -1.31614e-08 -1.19095e-08 -1.08005e-08 -9.82374e-09 -8.96986e-09 -8.23051e-09 -7.59832e-09 -7.06684e-09 -6.63048e-09 -6.28447e-09 -6.02484e-09 -5.84834e-09 -5.75248e-09 -5.73544e-09  -5.7961e-09 -5.93401e-09 -6.14937e-09 -6.44308e-09 -6.81667e-09 -7.27236e-09 -7.81302e-09 -8.44215e-09 -9.16359e-09 -9.98044e-09 -1.08908e-08 -1.18702e-08 -1.28042e-08 -1.32185e-08 -1.12189e-08  6.93673e-10   5.2132e-08  2.59943e-07   1.0851e-06  2.09665e-06  3.15536e-06  4.22594e-06  5.29948e-06  6.37373e-06  7.44813e-06  8.52256e-06  9.59696e-06  1.06712e-05  1.17449e-05  1.28161e-05  1.38774e-05   1.4899e-05  1.57643e-05  1.60122e-05  1.60738e-05  1.60882e-05  1.60907e-05  1.60903e-05  1.60893e-05  1.60882e-05  1.60873e-05  1.60868e-05  1.60881e-05  1.60962e-05  1.61304e-05
 7.78115e-05  7.34167e-05  6.90217e-05  6.46404e-05  6.02869e-05  5.59754e-05  5.17199e-05  4.75346e-05  4.34335e-05  3.94308e-05  3.55405e-05  3.17767e-05  2.81536e-05  2.46853e-05  2.13858e-05  1.82694e-05    1.535e-05  1.26418e-05   1.0159e-05  7.91571e-06  5.92597e-06  4.20394e-06  2.76361e-06   1.6186e-06   7.8092e-07  2.56254e-07  2.53516e-08 -2.94669e-08 -3.99274e-08 -3.94554e-08 -3.64982e-08 -3.31729e-08 -2.99944e-08 -2.70731e-08 -2.44186e-08 -2.20166e-08 -1.98482e-08 -1.78949e-08 -1.61391e-08 -1.45652e-08 -1.31588e-08 -1.19068e-08 -1.07976e-08 -9.82058e-09 -8.96648e-09 -8.22689e-09 -7.59444e-09 -7.06268e-09 -6.62601e-09 -6.27968e-09 -6.01969e-09 -5.84281e-09 -5.74653e-09 -5.72904e-09 -5.78922e-09  -5.9266e-09 -6.14141e-09 -6.43451e-09 -6.80745e-09 -7.26243e-09 -7.80233e-09 -8.43064e-09 -9.15119e-09  -9.9671e-09 -1.08764e-08 -1.18548e-08 -1.27875e-08 -1.32005e-08 -1.11996e-08  7.14494e-10  5.21544e-08  2.59968e-07  1.08512e-06  2.09668e-06  3.15539e-06  4.22598e-06  5.29952e-06  6.37377e-06  7.44818e-06   8.5226e-06  9.59701e-06  1.06713e-05   1.1745e-05  1.28162e-05  1.38774e-05  1.48991e-05  1.57644e-05  1.60123e-05  1.60739e-05  1.60883e-05  1.60908e-05  1.60904e-05  1.60894e-05  1.60883e-05  1.60873e-05  1.60864e-05   1.6086e-05  1.60872e-05  1.60947e-05  1.61265e-05
 7.34167e-05  6.90217e-05  6.46404e-05  6.02869e-05  5.59754e-05  5.17199e-05  4.75346e-05  4.34335e-05  3.94308e-05  3.55405e-05  3.17767e-05  2.81536e-05  2.46853e-05  2.13858e-05  1.82694e-05    1.535e-05  1.26418e-05   1.0159e-05  7.91571e-06  5.92597e-06  4.20394e-06  2.76362e-06  1.61861e-06  7.80921e-07  2.56255e-07  2.53528e-08 -2.94656e-08 -3.99261e-08 -3.94541e-08 -3.64968e-08 -3.31715e-08 -2.99929e-08 -2.70716e-08  -2.4417e-08 -2.20149e-08 -1.98464e-08  -1.7893e-08 -1.61371e-08 -1.45631e-08 -1.31565e-08 -1.19044e-08  -1.0795e-08 -9.81785e-09 -8.96355e-09 -8.22376e-09 -7.59108e-09 -7.05908e-09 -6.62215e-09 -6.27553e-09 -6.01524e-09 -5.83803e-09 -5.74139e-09 -5.72352e-09 -5.78328e-09 -5.92021e-09 -6.13454e-09 -6.42711e-09 -6.79949e-09 -7.25387e-09 -7.79312e-09 -8.42072e-09 -9.14051e-09 -9.95559e-09  -1.0864e-08 -1.18414e-08 -1.27731e-08 -1.31851e-08  -1.1183e-08  7.32439e-10  5.21737e-08  2.59988e-07  1.08515e-06   2.0967e-06  3.15541e-06    4.226e-06  5.29955e-06   6.3738e-06  7.44821e-06  8.52264e-06  9.59705e-06  1.06713e-05   1.1745e-05  1.28162e-05  1.38775e-05  1.48992e-05  1.57645e-05  1.60124e-05  1.60739e-05  1.60883e-05  1.60909e-05  1.60905e-05  1.60895e-05  1.60884e-05  1.60873e-05  1.60864e-05  1.60856e-05  1.60852e-05  1.60864e-05  1.60933e-05   1.6123e-05
 6.90217e-05  6.46404e-05  6.02869e-05  5.59754e-05  5.17199e-05  4.75346e-05  4.34335e-05  3.94308e-05  3.55405e-05  3.17767e-05  2.81536e-05  2.46853e-05  2.13858e-05  1.82694e-05    1.535e-05  1.26418e-05   1.0159e-05  7.91571e-06  5.92597e-06  4.20394e-06  2.76362e-06  1.61861e-06  7.80923e-07  2.56256e-07   2.5354e-08 -2.94645e-08 -3.99249e-08 -3.94529e-08 -3.64956e-08 -3.31702e-08 -2.99916e-08 -2.70702e-08 -2.44155e-08 -2.20134e-08 -1.98449e-08 -1.78913e-08 -1.61354e-08 -1.45613e-08 -1.31545e-08 -1.19023e-08 -1.07928e-08 -9.81546e-09 -8.96101e-09 -8.22104e-09 -7.58817e-09 -7.05596e-09 -6.61881e-09 -6.27195e-09 -6.01139e-09  -5.8339e-09 -5.73696e-09 -5.71875e-09 -5.77815e-09  -5.9147e-09 -6.12861e-09 -6.42074e-09 -6.79263e-09 -7.24648e-09 -7.78517e-09 -8.41216e-09  -9.1313e-09 -9.94567e-09 -1.08533e-08 -1.18299e-08 -1.27608e-08 -1.31717e-08 -1.11686e-08  7.47907e-10  5.21904e-08  2.60006e-07  1.08517e-06  2.09672e-06  3.15543e-06  4.22603e-06  5.29957e-06  6.37383e-06  7.44824e-06  8.52267e-06  9.59708e-06  1.06714e-05  1.17451e-05  1.28163e-05  1.38775e-05  1.48992e-05  1.57645e-05  1.60125e-05   1.6074e-05  1.60884e-05   1.6091e-05  1.60906e-05  1.60896e-05  1.60885e-05  1.60874e-05  1.60865e-05  1.60856e-05  1.60848e-05  1.60845e-05  1.60856e-05  1.60921e-05  1.61197e-05
 6.46404e-05  6.02869e-05  5.59754e-05  5.17199e-05  4.75346e-05  4.34335e-05  3.94308e-05  3.55405e-05  3.17767e-05  2.81536e-05  2.46853e-05  2.13859e-05  1.82694e-05    1.535e-05  1.26418e-05   1.0159e-05  7.91571e-06  5.92598e-06  4.20394e-06  2.76362e-06  1.61861e-06  7.80924e-07  2.56257e-07   2.5355e-08 -2.94634e-08 -3.99239e-08 -3.94518e-08 -3.64944e-08 -3.31691e-08 -2.99904e-08  -2.7069e-08 -2.44143e-08 -2.20121e-08 -1.98435e-08 -1.78899e-08 -1.61338e-08 -1.45596e-08 -1.31528e-08 -1.19005e-08 -1.07908e-08 -9.81339e-09  -8.9588e-09 -8.21867e-09 -7.58565e-09 -7.05326e-09 -6.61592e-09 -6.26885e-09 -6.00806e-09 -5.83033e-09 -5.73312e-09 -5.71463e-09 -5.77372e-09 -5.90994e-09 -6.12349e-09 -6.41523e-09  -6.7867e-09 -7.24011e-09 -7.77831e-09 -8.40478e-09 -9.12335e-09 -9.93712e-09 -1.08441e-08   -1.182e-08 -1.27501e-08 -1.31602e-08 -1.11562e-08  7.61239e-10  5.22048e-08  2.60022e-07  1.08518e-06  2.09674e-06  3.15545e-06  4.22605e-06   5.2996e-06  6.37385e-06  7.44827e-06   8.5227e-06  9.59711e-06  1.06714e-05  1.17451e-05  1.28163e-05  1.38776e-05  1.48993e-05  1.57646e-05  1.60125e-05  1.60741e-05  1.60885e-05   1.6091e-05  1.60907e-05  1.60897e-05  1.60886e-05  1.60875e-05  1.60865e-05  1.60856e-05  1.60848e-05  1.60842e-05  1.60839e-05  1.60849e-05   1.6091e-05  1.61166e-05
 6.02869e-05  5.59754e-05  5.17199e-05  4.75346e-05  4.34335e-05  3.94308e-05  3.55405e-05  3.17767e-05  2.81536e-05  2.46853e-05  2.13859e-05  1.82694e-05    1.535e-05  1.26419e-05   1.0159e-05  7.91571e-06  5.92598e-06  4.20394e-06  2.76362e-06  1.61861e-06  7.80925e-07  2.56258e-07   2.5356e-08 -2.94624e-08 -3.99229e-08 -3.94508e-08 -3.64934e-08  -3.3168e-08 -2.99894e-08 -2.70679e-08 -2.44131e-08 -2.20109e-08 -1.98422e-08 -1.78886e-08 -1.61325e-08 -1.45582e-08 -1.31513e-08 -1.18988e-08 -1.07891e-08 -9.81158e-09 -8.95687e-09 -8.21662e-09 -7.58346e-09 -7.05092e-09 -6.61341e-09 -6.26616e-09 -6.00518e-09 -5.82724e-09  -5.7298e-09 -5.71107e-09  -5.7699e-09 -5.90583e-09 -6.11907e-09 -6.41048e-09 -6.78159e-09 -7.23461e-09 -7.77239e-09 -8.39842e-09  -9.1165e-09 -9.92975e-09 -1.08362e-08 -1.18115e-08 -1.27409e-08 -1.31503e-08 -1.11455e-08  7.72731e-10  5.22171e-08  2.60035e-07   1.0852e-06  2.09675e-06  3.15547e-06  4.22607e-06  5.29962e-06  6.37388e-06  7.44829e-06  8.52273e-06  9.59714e-06  1.06714e-05  1.17451e-05  1.28163e-05  1.38776e-05  1.48993e-05  1.57646e-05  1.60125e-05  1.60741e-05  1.60885e-05  1.60911e-05  1.60907e-05  1.60897e-05  1.60886e-05  1.60876e-05  1.60866e-05  1.60857e-05  1.60849e-05  1.60842e-05  1.60836e-05  1.60833e-05  1.60843e-05  1.60899e-05  1.61138e-05
 5.59754e-05  5.17199e-05  4.75346e-05  4.34335e-05  3.94308e-05  3.55405e-05  3.17767e-05  2.81536e-05  2.46853e-05  2.13859e-05  1.82694e-05    1.535e-05  1.26419e-05   1.0159e-05  7.91571e-06  5.92598e-06  4.20394e-06  2.76362e-06  1.61861e-06  7.80926e-07  2.56259e-07   2.5357e-08 -2.94615e-08 -3.99219e-08 -3.94499e-08 -3.64925e-08 -3.31671e-08 -2.99884e-08 -2.70669e-08 -2.44121e-08 -2.20098e-08 -1.98411e-08 -1.78874e-08 -1.61313e-08 -1.45569e-08   -1.315e-08 -1.18974e-08 -1.07876e-08    -9.81e-09 -8.95519e-09 -8.21483e-09 -7.58155e-09 -7.04888e-09 -6.61123e-09 -6.26383e-09 -6.00269e-09 -5.82456e-09 -5.72693e-09 -5.70799e-09 -5.76659e-09 -5.90228e-09 -6.11525e-09 -6.40638e-09 -6.77718e-09 -7.22987e-09 -7.76729e-09 -8.39292e-09 -9.11059e-09 -9.92339e-09 -1.08293e-08 -1.18041e-08 -1.27329e-08 -1.31418e-08 -1.11363e-08  7.82638e-10  5.22278e-08  2.60047e-07  1.08521e-06  2.09677e-06  3.15548e-06  4.22608e-06  5.29963e-06  6.37389e-06  7.44831e-06  8.52275e-06  9.59716e-06  1.06714e-05  1.17451e-05  1.28164e-05  1.38776e-05  1.48993e-05  1.57646e-05  1.60126e-05  1.60741e-05  1.60886e-05  1.60911e-05  1.60908e-05  1.60898e-05  1.60887e-05  1.60877e-05  1.60867e-05  1.60858e-05   1.6085e-05  1.60842e-05  1.60836e-05   1.6083e-05  1.60828e-05  1.60837e-05   1.6089e-05  1.61112e-05
 5.17199e-05  4.75346e-05  4.34335e-05  3.94308e-05  3.55405e-05  3.17767e-05  2.81536e-05  2.46853e-05  2.13859e-05  1.82694e-05    1.535e-05  1.26419e-05   1.0159e-05  7.91571e-06  5.92598e-06  4.20395e-06  2.76362e-06  1.61861e-06  7.80926e-07   2.5626e-07  2.53578e-08 -2.94606e-08 -3.99211e-08  -3.9449e-08 -3.64916e-08 -3.31662e-08 -2.99875e-08  -2.7066e-08 -2.44112e-08 -2.20089e-08 -1.98402e-08 -1.78864e-08 -1.61302e-08 -1.45558e-08 -1.31488e-08 -1.18962e-08 -1.07863e-08 -9.80862e-09 -8.95372e-09 -8.21327e-09 -7.57989e-09 -7.04711e-09 -6.60934e-09 -6.26181e-09 -6.00052e-09 -5.82224e-09 -5.72445e-09 -5.70533e-09 -5.76374e-09 -5.89921e-09 -6.11196e-09 -6.40284e-09 -6.77337e-09 -7.22577e-09 -7.76289e-09 -8.38819e-09  -9.1055e-09  -9.9179e-09 -1.08234e-08 -1.17977e-08 -1.27261e-08 -1.31344e-08 -1.11284e-08  7.91177e-10   5.2237e-08  2.60056e-07  1.08522e-06  2.09678e-06   3.1555e-06   4.2261e-06  5.29965e-06  6.37391e-06  7.44832e-06  8.52276e-06  9.59718e-06  1.06715e-05  1.17452e-05  1.28164e-05  1.38776e-05  1.48994e-05  1.57647e-05  1.60126e-05  1.60742e-05  1.60886e-05  1.60912e-05  1.60908e-05  1.60898e-05  1.60887e-05  1.60877e-05  1.60867e-05  1.60859e-05   1.6085e-05  1.60843e-05  1.60836e-05   1.6083e-05  1.60825e-05  1.60823e-05  1.60832e-05  1.60881e-05  1.61088e-05
 4.75346e-05  4.34335e-05  3.94308e-05  3.55405e-05  3.17767e-05  2.81537e-05  2.46853e-05  2.13859e-05  1.82694e-05    1.535e-05  1.26419e-05   1.0159e-05  7.91572e-06  5.92598e-06  4.20395e-06  2.76362e-06  1.61861e-06  7.80927e-07  2.56261e-07  2.53587e-08 -2.94598e-08 -3.99203e-08 -3.94482e-08 -3.64908e-08 -3.31654e-08 -2.99867e-08 -2.70652e-08 -2.44103e-08  -2.2008e-08 -1.98393e-08 -1.78855e-08 -1.61293e-08 -1.45548e-08 -1.31478e-08 -1.18951e-08 -1.07852e-08 -9.80741e-09 -8.95244e-09 -8.21191e-09 -7.57844e-09 -7.04557e-09 -6.60769e-09 -6.26005e-09 -5.99865e-09 -5.82024e-09  -5.7223e-09 -5.70302e-09 -5.76126e-09 -5.89656e-09 -6.10911e-09 -6.39977e-09 -6.77009e-09 -7.22224e-09 -7.75908e-09  -8.3841e-09  -9.1011e-09 -9.91317e-09 -1.08183e-08 -1.17923e-08 -1.27202e-08 -1.31281e-08 -1.11216e-08   7.9854e-10  5.22449e-08  2.60065e-07  1.08523e-06  2.09679e-06  3.15551e-06  4.22611e-06  5.29966e-06  6.37392e-06  7.44834e-06  8.52278e-06   9.5972e-06  1.06715e-05  1.17452e-05  1.28164e-05  1.38777e-05  1.48994e-05  1.57647e-05  1.60126e-05  1.60742e-05  1.60886e-05  1.60912e-05  1.60909e-05  1.60899e-05  1.60888e-05  1.60878e-05  1.60868e-05  1.60859e-05  1.60851e-05  1.60844e-05  1.60837e-05   1.6083e-05  1.60825e-05   1.6082e-05  1.60819e-05  1.60827e-05  1.60872e-05  1.61065e-05
 4.34335e-05  3.94308e-05  3.55405e-05  3.17767e-05  2.81537e-05  2.46853e-05  2.13859e-05  1.82694e-05    1.535e-05  1.26419e-05   1.0159e-05  7.91572e-06  5.92598e-06  4.20395e-06  2.76362e-06  1.61861e-06  7.80928e-07  2.56262e-07  2.53595e-08 -2.94591e-08 -3.99195e-08 -3.94475e-08 -3.64901e-08 -3.31647e-08  -2.9986e-08 -2.70644e-08 -2.44096e-08 -2.20072e-08 -1.98385e-08 -1.78846e-08 -1.61284e-08 -1.45539e-08 -1.31468e-08 -1.18942e-08 -1.07842e-08 -9.80634e-09 -8.95131e-09 -8.21072e-09 -7.57717e-09 -7.04422e-09 -6.60626e-09 -6.25852e-09 -5.99702e-09 -5.81849e-09 -5.72044e-09 -5.70102e-09 -5.75912e-09 -5.89426e-09 -6.10664e-09 -6.39713e-09 -6.76724e-09 -7.21918e-09  -7.7558e-09 -8.38057e-09  -9.0973e-09 -9.90909e-09 -1.08139e-08 -1.17875e-08 -1.27151e-08 -1.31226e-08 -1.11157e-08  8.04887e-10  5.22518e-08  2.60072e-07  1.08524e-06   2.0968e-06  3.15552e-06  4.22612e-06  5.29967e-06  6.37393e-06  7.44835e-06  8.52279e-06  9.59721e-06  1.06715e-05  1.17452e-05  1.28164e-05  1.38777e-05  1.48994e-05  1.57647e-05  1.60127e-05  1.60742e-05  1.60887e-05  1.60912e-05  1.60909e-05  1.60899e-05  1.60888e-05  1.60878e-05  1.60868e-05   1.6086e-05  1.60851e-05  1.60844e-05  1.60837e-05  1.60831e-05  1.60825e-05   1.6082e-05  1.60816e-05  1.60815e-05  1.60822e-05  1.60865e-05  1.61044e-05
 3.94308e-05  3.55405e-05  3.17767e-05  2.81537e-05  2.46853e-05  2.13859e-05  1.82694e-05    1.535e-05  1.26419e-05  1.01591e-05  7.91572e-06  5.92598e-06  4.20395e-06  2.76362e-06  1.61861e-06  7.80929e-07  2.56262e-07  2.53602e-08 -2.94583e-08 -3.99188e-08 -3.94468e-08 -3.64894e-08  -3.3164e-08 -2.99853e-08 -2.70637e-08 -2.44089e-08 -2.20065e-08 -1.98377e-08 -1.78839e-08 -1.61276e-08 -1.45531e-08  -1.3146e-08 -1.18933e-08 -1.07833e-08  -9.8054e-09 -8.95032e-09 -8.20967e-09 -7.57607e-09 -7.04305e-09 -6.60501e-09 -6.25719e-09  -5.9956e-09 -5.81698e-09 -5.71882e-09 -5.69929e-09 -5.75727e-09 -5.89228e-09 -6.10451e-09 -6.39484e-09 -6.76479e-09 -7.21655e-09 -7.75297e-09 -8.37752e-09 -9.09403e-09 -9.90556e-09 -1.08101e-08 -1.17835e-08 -1.27107e-08 -1.31179e-08 -1.11106e-08   8.1036e-10  5.22577e-08  2.60079e-07  1.08524e-06   2.0968e-06  3.15552e-06  4.22613e-06  5.29968e-06  6.37394e-06  7.44836e-06   8.5228e-06  9.59723e-06  1.06715e-05  1.17452e-05  1.28164e-05  1.38777e-05  1.48994e-05  1.57647e-05  1.60127e-05  1.60743e-05  1.60887e-05  1.60913e-05  1.60909e-05  1.60899e-05  1.60889e-05  1.60878e-05  1.60869e-05   1.6086e-05  1.60852e-05  1.60845e-05  1.60838e-05  1.60832e-05  1.60826e-05  1.60821e-05  1.60816e-05  1.60812e-05  1.60811e-05  1.60818e-05  1.60858e-05  1.61025e-05
 3.55405e-05  3.17768e-05  2.81537e-05  2.46853e-05  2.13859e-05  1.82694e-05    1.535e-05  1.26419e-05  1.01591e-05  7.91572e-06  5.92598e-06  4.20395e-06  2.76362e-06  1.61861e-06   7.8093e-07  2.56263e-07  2.53609e-08 -2.94576e-08 -3.99181e-08 -3.94461e-08 -3.64887e-08 -3.31633e-08 -2.99846e-08 -2.70631e-08 -2.44082e-08 -2.20059e-08 -1.98371e-08 -1.78832e-08  -1.6127e-08 -1.45524e-08 -1.31453e-08 -1.18925e-08 -1.07825e-08 -9.80456e-09 -8.94945e-09 -8.20875e-09 -7.57509e-09 -7.04202e-09 -6.60392e-09 -6.25603e-09 -5.99436e-09 -5.81566e-09 -5.71741e-09 -5.69779e-09 -5.75566e-09 -5.89055e-09 -6.10267e-09 -6.39286e-09 -6.76267e-09 -7.21427e-09 -7.75052e-09 -8.37489e-09  -9.0912e-09 -9.90252e-09 -1.08069e-08 -1.17799e-08 -1.27069e-08 -1.31138e-08 -1.11062e-08   8.1508e-10  5.22627e-08  2.60084e-07  1.08525e-06  2.09681e-06  3.15553e-06  4.22613e-06  5.29969e-06  6.37395e-06  7.44837e-06  8.52281e-06  9.59724e-06  1.06715e-05  1.17452e-05  1.28165e-05  1.38777e-05  1.48994e-05  1.57647e-05  1.60127e-05  1.60743e-05  1.60887e-05  1.60913e-05   1.6091e-05    1.609e-05  1.60889e-05  1.60879e-05  1.60869e-05   1.6086e-05  1.60852e-05  1.60845e-05  1.60838e-05  1.60832e-05  1.60826e-05  1.60821e-05  1.60817e-05  1.60812e-05  1.60809e-05  1.60808e-05  1.60815e-05  1.60852e-05  1.61007e-05
 3.17768e-05  2.81537e-05  2.46853e-05  2.13859e-05  1.82694e-05    1.535e-05  1.26419e-05  1.01591e-05  7.91572e-06  5.92598e-06  4.20395e-06  2.76362e-06  1.61861e-06  7.80931e-07  2.56264e-07  2.53616e-08 -2.94569e-08 -3.99175e-08 -3.94455e-08 -3.64881e-08 -3.31627e-08  -2.9984e-08 -2.70625e-08 -2.44076e-08 -2.20053e-08 -1.98365e-08 -1.78826e-08 -1.61263e-08 -1.45518e-08 -1.31446e-08 -1.18918e-08 -1.07817e-08 -9.80382e-09 -8.94867e-09 -8.20794e-09 -7.57424e-09 -7.04111e-09 -6.60297e-09 -6.25502e-09 -5.99329e-09 -5.81452e-09 -5.71619e-09 -5.69649e-09 -5.75427e-09 -5.88906e-09 -6.10107e-09 -6.39115e-09 -6.76083e-09 -7.21229e-09  -7.7484e-09 -8.37262e-09 -9.08876e-09  -9.8999e-09 -1.08041e-08 -1.17769e-08 -1.27037e-08 -1.31103e-08 -1.11024e-08   8.1915e-10  5.22671e-08  2.60089e-07  1.08525e-06  2.09682e-06  3.15554e-06  4.22614e-06  5.29969e-06  6.37396e-06  7.44838e-06  8.52282e-06  9.59725e-06  1.06715e-05  1.17452e-05  1.28165e-05  1.38777e-05  1.48994e-05  1.57648e-05  1.60127e-05  1.60743e-05  1.60887e-05  1.60913e-05   1.6091e-05    1.609e-05  1.60889e-05  1.60879e-05  1.60869e-05  1.60861e-05  1.60853e-05  1.60845e-05  1.60839e-05  1.60832e-05  1.60827e-05  1.60822e-05  1.60817e-05  1.60813e-05  1.60809e-05  1.60806e-05  1.60805e-05  1.60811e-05  1.60846e-05   1.6099e-05
 2.81537e-05  2.46853e-05  2.13859e-05  1.82694e-05    1.535e-05  1.26419e-05  1.01591e-05  7.91572e-06  5.92599e-06  4.20395e-06  2.76363e-06  1.61862e-06  7.80931e-07  2.56265e-07  2.53623e-08 -2.94563e-08 -3.99168e-08 -3.94448e-08 -3.64875e-08 -3.31621e-08 -2.99835e-08 -2.70619e-08 -2.44071e-08 -2.20047e-08 -1.98359e-08  -1.7882e-08 -1.61258e-08 -1.45512e-08  -1.3144e-08 -1.18912e-08 -1.07811e-08 -9.80316e-09 -8.94798e-09 -8.20722e-09 -7.57348e-09 -7.04032e-09 -6.60213e-09 -6.25413e-09 -5.99234e-09 -5.81351e-09 -5.71512e-09 -5.69535e-09 -5.75305e-09 -5.88777e-09 -6.09968e-09 -6.38967e-09 -6.75924e-09 -7.21059e-09 -7.74657e-09 -8.37065e-09 -9.08665e-09 -9.89763e-09 -1.08016e-08 -1.17743e-08 -1.27009e-08 -1.31072e-08 -1.10992e-08  8.22661e-10  5.22709e-08  2.60093e-07  1.08526e-06  2.09682e-06  3.15554e-06  4.22614e-06   5.2997e-06  6.37397e-06  7.44839e-06  8.52283e-06  9.59725e-06  1.06715e-05  1.17452e-05  1.28165e-05  1.38777e-05  1.48995e-05  1.57648e-05  1.60127e-05  1.60743e-05  1.60887e-05  1.60913e-05   1.6091e-05    1.609e-05  1.60889e-05  1.60879e-05   1.6087e-05  1.60861e-05  1.60853e-05  1.60846e-05  1.60839e-05  1.60833e-05  1.60827e-05  1.60822e-05  1.60817e-05  1.60813e-05  1.60809e-05  1.60806e-05  1.60803e-05  1.60802e-05  1.60808e-05   1.6084e-05  1.60975e-05
 2.46853e-05  2.13859e-05  1.82694e-05    1.535e-05  1.26419e-05  1.01591e-05  7.91572e-06  5.92599e-06  4.20395e-06  2.76363e-06  1.61862e-06  7.80932e-07  2.56265e-07   2.5363e-08 -2.94556e-08 -3.99162e-08 -3.94443e-08 -3.64869e-08 -3.31616e-08 -2.99829e-08 -2.70614e-08 -2.44065e-08 -2.20042e-08 -1.98354e-08 -1.78815e-08 -1.61252e-08 -1.45507e-08 -1.31435e-08 -1.18907e-08 -1.07805e-08 -9.80257e-09 -8.94737e-09 -8.20658e-09 -7.57281e-09 -7.03961e-09 -6.60139e-09 -6.25335e-09 -5.99152e-09 -5.81264e-09 -5.71419e-09 -5.69436e-09   -5.752e-09 -5.88664e-09 -6.09848e-09 -6.38838e-09 -6.75786e-09 -7.20911e-09 -7.74499e-09 -8.36895e-09 -9.08482e-09 -9.89567e-09 -1.07995e-08  -1.1772e-08 -1.26984e-08 -1.31046e-08 -1.10964e-08   8.2569e-10  5.22742e-08  2.60097e-07  1.08526e-06  2.09683e-06  3.15555e-06  4.22615e-06  5.29971e-06  6.37397e-06  7.44839e-06  8.52284e-06  9.59726e-06  1.06716e-05  1.17453e-05  1.28165e-05  1.38778e-05  1.48995e-05  1.57648e-05  1.60127e-05  1.60743e-05  1.60888e-05  1.60913e-05   1.6091e-05    1.609e-05   1.6089e-05  1.60879e-05   1.6087e-05  1.60861e-05  1.60853e-05  1.60846e-05  1.60839e-05  1.60833e-05  1.60828e-05  1.60822e-05  1.60818e-05  1.60814e-05   1.6081e-05  1.60806e-05  1.60803e-05    1.608e-05    1.608e-05  1.60805e-05  1.60835e-05   1.6096e-05
 2.13859e-05  1.82694e-05    1.535e-05  1.26419e-05  1.01591e-05  7.91572e-06  5.92599e-06  4.20395e-06  2.76363e-06  1.61862e-06  7.80933e-07  2.56266e-07  2.53637e-08  -2.9455e-08 -3.99156e-08 -3.94437e-08 -3.64864e-08  -3.3161e-08 -2.99824e-08 -2.70609e-08 -2.44061e-08 -2.20037e-08 -1.98349e-08  -1.7881e-08 -1.61247e-08 -1.45502e-08  -1.3143e-08 -1.18902e-08   -1.078e-08 -9.80204e-09 -8.94682e-09 -8.20601e-09 -7.57222e-09 -7.03899e-09 -6.60073e-09 -6.25267e-09 -5.99079e-09 -5.81187e-09 -5.71338e-09  -5.6935e-09 -5.75108e-09 -5.88566e-09 -6.09744e-09 -6.38726e-09 -6.75667e-09 -7.20783e-09 -7.74362e-09 -8.36748e-09 -9.08324e-09 -9.89398e-09 -1.07977e-08 -1.17701e-08 -1.26963e-08 -1.31024e-08 -1.10939e-08  8.28303e-10   5.2277e-08    2.601e-07  1.08527e-06  2.09683e-06  3.15555e-06  4.22615e-06  5.29971e-06  6.37398e-06   7.4484e-06  8.52284e-06  9.59727e-06  1.06716e-05  1.17453e-05  1.28165e-05  1.38778e-05  1.48995e-05  1.57648e-05  1.60128e-05  1.60743e-05  1.60888e-05  1.60914e-05   1.6091e-05    1.609e-05   1.6089e-05  1.60879e-05   1.6087e-05  1.60861e-05  1.60853e-05  1.60846e-05  1.60839e-05  1.60833e-05  1.60828e-05  1.60823e-05  1.60818e-05  1.60814e-05   1.6081e-05  1.60806e-05  1.60803e-05    1.608e-05  1.60798e-05  1.60797e-05  1.60803e-05  1.60831e-05  1.60947e-05
 1.82694e-05    1.535e-05  1.26419e-05  1.01591e-05  7.91572e-06  5.92599e-06  4.20395e-06  2.76363e-06  1.61862e-06  7.80933e-07  2.56267e-07  2.53643e-08 -2.94544e-08  -3.9915e-08 -3.94431e-08 -3.64858e-08 -3.31605e-08 -2.99819e-08 -2.70604e-08 -2.44056e-08 -2.20032e-08 -1.98345e-08 -1.78806e-08 -1.61243e-08 -1.45497e-08 -1.31425e-08 -1.18897e-08 -1.07796e-08 -9.80156e-09 -8.94632e-09 -8.20549e-09 -7.57169e-09 -7.03844e-09 -6.60016e-09 -6.25206e-09 -5.99016e-09  -5.8112e-09 -5.71267e-09 -5.69274e-09 -5.75028e-09 -5.88481e-09 -6.09653e-09 -6.38629e-09 -6.75563e-09 -7.20672e-09 -7.74243e-09 -8.36621e-09 -9.08188e-09 -9.89251e-09 -1.07961e-08 -1.17684e-08 -1.26945e-08 -1.31004e-08 -1.10918e-08  8.30558e-10  5.22794e-08  2.60102e-07  1.08527e-06  2.09683e-06  3.15555e-06  4.22616e-06  5.29971e-06  6.37398e-06   7.4484e-06  8.52285e-06  9.59727e-06  1.06716e-05  1.17453e-05  1.28165e-05  1.38778e-05  1.48995e-05  1.57648e-05  1.60128e-05  1.60743e-05  1.60888e-05  1.60914e-05   1.6091e-05  1.60901e-05   1.6089e-05   1.6088e-05   1.6087e-05  1.60861e-05  1.60854e-05  1.60846e-05   1.6084e-05  1.60834e-05  1.60828e-05  1.60823e-05  1.60818e-05  1.60814e-05   1.6081e-05  1.60807e-05  1.60804e-05  1.60801e-05  1.60798e-05  1.60796e-05  1.60795e-05    1.608e-05  1.60826e-05  1.60935e-05
   1.535e-05  1.26419e-05  1.01591e-05  7.91572e-06  5.92599e-06  4.20395e-06  2.76363e-06  1.61862e-06  7.80934e-07  2.56267e-07  2.53649e-08 -2.94538e-08 -3.99144e-08 -3.94426e-08 -3.64853e-08   -3.316e-08 -2.99814e-08 -2.70599e-08 -2.44051e-08 -2.20028e-08  -1.9834e-08 -1.78802e-08 -1.61239e-08 -1.45493e-08 -1.31421e-08 -1.18893e-08 -1.07791e-08 -9.80112e-09 -8.94588e-09 -8.20503e-09 -7.57121e-09 -7.03795e-09 -6.59964e-09 -6.25152e-09 -5.98959e-09 -5.81061e-09 -5.71204e-09 -5.69208e-09 -5.74958e-09 -5.88406e-09 -6.09573e-09 -6.38545e-09 -6.75473e-09 -7.20576e-09  -7.7414e-09 -8.36511e-09  -9.0807e-09 -9.89125e-09 -1.07948e-08 -1.17669e-08 -1.26929e-08 -1.30987e-08   -1.109e-08  8.32504e-10  5.22815e-08  2.60104e-07  1.08527e-06  2.09683e-06  3.15556e-06  4.22616e-06  5.29972e-06  6.37398e-06  7.44841e-06  8.52285e-06  9.59728e-06  1.06716e-05  1.17453e-05  1.28165e-05  1.38778e-05  1.48995e-05  1.57648e-05  1.60128e-05  1.60744e-05  1.60888e-05  1.60914e-05   1.6091e-05  1.60901e-05   1.6089e-05   1.6088e-05   1.6087e-05  1.60862e-05  1.60854e-05  1.60846e-05   1.6084e-05  1.60834e-05  1.60828e-05  1.60823e-05  1.60819e-05  1.60814e-05  1.60811e-05  1.60807e-05  1.60804e-05  1.60801e-05  1.60798e-05  1.60796e-05  1.60794e-05  1.60794e-05  1.60798e-05  1.60822e-05  1.60923e-05
 1.26419e-05  1.01591e-05  7.91573e-06  5.92599e-06  4.20396e-06  2.76363e-06  1.61862e-06  7.80935e-07  2.56268e-07  2.53656e-08 -2.94532e-08 -3.99139e-08  -3.9442e-08 -3.64848e-08 -3.31595e-08 -2.99809e-08 -2.70595e-08 -2.44047e-08 -2.20024e-08 -1.98336e-08 -1.78798e-08 -1.61235e-08 -1.45489e-08 -1.31417e-08 -1.18889e-08 -1.07787e-08 -9.80072e-09 -8.94547e-09 -8.20462e-09 -7.57078e-09 -7.03751e-09 -6.59918e-09 -6.25105e-09 -5.98909e-09 -5.81008e-09 -5.71149e-09  -5.6915e-09 -5.74896e-09 -5.88341e-09 -6.09504e-09 -6.38471e-09 -6.75394e-09 -7.20492e-09 -7.74051e-09 -8.36415e-09 -9.07967e-09 -9.89015e-09 -1.07936e-08 -1.17657e-08 -1.26916e-08 -1.30973e-08 -1.10885e-08  8.34185e-10  5.22833e-08  2.60106e-07  1.08527e-06  2.09684e-06  3.15556e-06  4.22616e-06  5.29972e-06  6.37399e-06  7.44841e-06  8.52285e-06  9.59728e-06  1.06716e-05  1.17453e-05  1.28165e-05  1.38778e-05  1.48995e-05  1.57648e-05  1.60128e-05  1.60744e-05  1.60888e-05  1.60914e-05  1.60911e-05  1.60901e-05   1.6089e-05   1.6088e-05   1.6087e-05  1.60862e-05  1.60854e-05  1.60847e-05   1.6084e-05  1.60834e-05  1.60828e-05  1.60823e-05  1.60819e-05  1.60815e-05  1.60811e-05  1.60807e-05  1.60804e-05  1.60801e-05  1.60799e-05  1.60796e-05  1.60794e-05  1.60792e-05  1.60792e-05  1.60796e-05  1.60819e-05  1.60913e-05
 1.01602e-05  7.91711e-06  5.92735e-06  4.20524e-06  2.76483e-06  1.61973e-06   7.8197e-07  2.57229e-07  2.62586e-08 -2.86237e-08 -3.91435e-08 -3.87266e-08 -3.58204e-08 -3.25425e-08  -2.9408e-08 -2.65274e-08 -2.39107e-08 -2.15437e-08 -1.94078e-08 -1.74845e-08 -1.57566e-08 -1.42084e-08 -1.28257e-08 -1.15957e-08 -1.05067e-08  -9.5483e-09 -8.71129e-09 -7.98739e-09 -7.36929e-09 -6.85061e-09 -6.42584e-09 -6.09026e-09 -5.83994e-09 -5.67171e-09 -5.58309e-09  -5.5723e-09 -5.63826e-09 -5.78053e-09 -5.99934e-09 -6.29559e-09 -6.67082e-09 -7.12725e-09 -7.66775e-09 -8.29581e-09 -9.01525e-09 -9.82915e-09 -1.07355e-08 -1.17101e-08  -1.2638e-08 -1.30453e-08 -1.10375e-08  8.84558e-10  5.23336e-08  2.60157e-07  1.08532e-06  2.09689e-06  3.15561e-06  4.22622e-06  5.29978e-06  6.37405e-06  7.44848e-06  8.52293e-06  9.59736e-06  1.06717e-05  1.17454e-05  1.28166e-05  1.38779e-05  1.48996e-05   1.5765e-05  1.60129e-05  1.60745e-05   1.6089e-05  1.60916e-05  1.60913e-05  1.60903e-05  1.60893e-05  1.60883e-05  1.60874e-05  1.60866e-05  1.60858e-05  1.60851e-05  1.60845e-05   1.6084e-05  1.60835e-05  1.60831e-05  1.60827e-05  1.60823e-05  1.60821e-05  1.60818e-05  1.60816e-05  1.60814e-05  1.60813e-05  1.60811e-05  1.60809e-05  1.60802e-05  1.60776e-05  1.60674e-05  1.60274e-05  1.58693e-05  1.52453e-05
 7.91833e-06   5.9288e-06  4.20666e-06  2.76617e-06  1.62098e-06  7.83133e-07   2.5831e-07  2.72624e-08 -2.76913e-08 -3.82775e-08 -3.79222e-08 -3.50733e-08 -3.18486e-08 -2.87636e-08  -2.5929e-08  -2.3355e-08 -2.10277e-08 -1.89286e-08 -1.70396e-08 -1.53435e-08 -1.38249e-08 -1.24696e-08 -1.12651e-08 -1.01998e-08 -9.26342e-09 -8.44686e-09 -7.74192e-09 -7.14142e-09 -6.63908e-09 -6.22945e-09 -5.90791e-09 -5.67059e-09 -5.51439e-09 -5.43689e-09 -5.43637e-09 -5.51179e-09 -5.66277e-09 -5.88957e-09 -6.19313e-09 -6.57503e-09 -7.03751e-09 -7.58348e-09 -8.21643e-09  -8.9402e-09 -9.75791e-09 -1.06676e-08 -1.16449e-08 -1.25751e-08  -1.2984e-08 -1.09774e-08  9.43958e-10  5.23929e-08  2.60217e-07  1.08539e-06  2.09695e-06  3.15568e-06  4.22629e-06  5.29985e-06  6.37413e-06  7.44856e-06  8.52302e-06  9.59746e-06  1.06718e-05  1.17455e-05  1.28167e-05   1.3878e-05  1.48998e-05  1.57651e-05  1.60131e-05  1.60747e-05  1.60892e-05  1.60918e-05  1.60916e-05  1.60906e-05  1.60896e-05  1.60887e-05  1.60878e-05   1.6087e-05  1.60863e-05  1.60857e-05  1.60851e-05  1.60846e-05  1.60842e-05  1.60838e-05  1.60835e-05  1.60833e-05  1.60831e-05  1.60829e-05  1.60828e-05  1.60827e-05  1.60827e-05  1.60827e-05  1.60825e-05  1.60818e-05  1.60785e-05  1.60652e-05   1.6012e-05  1.58013e-05  1.49693e-05  1.41448e-05
 5.93002e-06   4.2081e-06  2.76759e-06  1.62232e-06   7.8438e-07  2.59469e-07  2.83398e-08 -2.66905e-08 -3.73478e-08 -3.70587e-08 -3.42712e-08 -3.11037e-08 -2.80717e-08 -2.52864e-08 -2.27582e-08 -2.04735e-08  -1.8414e-08 -1.65617e-08 -1.48998e-08 -1.34129e-08 -1.20871e-08 -1.09099e-08 -9.87006e-09 -8.95733e-09 -8.16269e-09 -7.47812e-09 -6.89653e-09 -6.41173e-09 -6.01837e-09 -5.71191e-09 -5.48858e-09 -5.34532e-09 -5.27979e-09 -5.29034e-09 -5.37598e-09 -5.53637e-09 -5.77183e-09 -6.08333e-09  -6.4725e-09  -6.9416e-09 -7.49356e-09 -8.13192e-09 -8.86054e-09 -9.68253e-09 -1.05959e-08 -1.15765e-08 -1.25093e-08 -1.29205e-08 -1.09156e-08  1.00471e-09   5.2453e-08  2.60277e-07  1.08545e-06  2.09701e-06  3.15574e-06  4.22635e-06  5.29992e-06   6.3742e-06  7.44864e-06   8.5231e-06  9.59755e-06  1.06719e-05  1.17456e-05  1.28169e-05  1.38782e-05  1.48999e-05  1.57653e-05  1.60133e-05  1.60749e-05  1.60894e-05  1.60921e-05  1.60918e-05  1.60909e-05  1.60899e-05   1.6089e-05  1.60881e-05  1.60874e-05  1.60867e-05  1.60861e-05  1.60856e-05  1.60852e-05  1.60848e-05  1.60845e-05  1.60843e-05  1.60841e-05   1.6084e-05  1.60839e-05  1.60839e-05   1.6084e-05   1.6084e-05  1.60842e-05  1.60841e-05  1.60835e-05  1.60802e-05  1.60662e-05  1.60097e-05  1.57855e-05  1.48998e-05  1.38626e-05  1.29807e-05
 4.20932e-06  2.76903e-06  1.62374e-06  7.85715e-07  2.60715e-07  2.94979e-08 -2.56144e-08 -3.63482e-08 -3.61301e-08 -3.34088e-08 -3.03026e-08 -2.73277e-08 -2.45954e-08 -2.21164e-08 -1.98775e-08 -1.78605e-08 -1.60477e-08 -1.44225e-08 -1.29697e-08 -1.16757e-08 -1.05279e-08 -9.51541e-09 -8.62808e-09 -7.85705e-09 -7.19439e-09 -6.63315e-09 -6.16724e-09 -5.79141e-09 -5.50122e-09 -5.29296e-09 -5.16368e-09  -5.1111e-09 -5.13362e-09 -5.23033e-09 -5.40094e-09 -5.64582e-09 -5.96599e-09 -6.36311e-09 -6.83949e-09 -7.39809e-09 -8.04247e-09 -8.77652e-09 -9.60338e-09 -1.05211e-08 -1.15054e-08 -1.24415e-08 -1.28554e-08 -1.08527e-08  1.06587e-09   5.2513e-08  2.60336e-07  1.08551e-06  2.09707e-06   3.1558e-06  4.22642e-06  5.29999e-06  6.37427e-06  7.44871e-06  8.52318e-06  9.59763e-06  1.06719e-05  1.17457e-05   1.2817e-05  1.38783e-05     1.49e-05  1.57654e-05  1.60134e-05  1.60751e-05  1.60896e-05  1.60922e-05   1.6092e-05  1.60911e-05  1.60902e-05  1.60893e-05  1.60885e-05  1.60877e-05  1.60871e-05  1.60866e-05  1.60861e-05  1.60857e-05  1.60854e-05  1.60851e-05   1.6085e-05  1.60849e-05  1.60848e-05  1.60848e-05  1.60849e-05  1.60851e-05  1.60853e-05  1.60855e-05  1.60856e-05  1.60851e-05  1.60819e-05  1.60678e-05  1.60106e-05  1.57833e-05  1.48843e-05  1.37944e-05  1.27039e-05  1.18013e-05
 2.77024e-06  1.62518e-06   7.8713e-07  2.62049e-07  3.07424e-08 -2.44571e-08 -3.52728e-08 -3.51312e-08 -3.24808e-08 -2.94407e-08 -2.65272e-08 -2.38519e-08 -2.14259e-08 -1.92362e-08  -1.7265e-08 -1.54947e-08  -1.3909e-08 -1.24929e-08 -1.12329e-08 -1.01169e-08 -9.13376e-09 -8.27379e-09 -7.52816e-09  -6.8891e-09 -6.34977e-09  -5.9042e-09 -5.54727e-09 -5.27461e-09 -5.08262e-09 -4.96843e-09 -4.92983e-09 -4.96531e-09   -5.074e-09  -5.2557e-09 -5.51082e-09 -5.84043e-09 -6.24624e-09  -6.7306e-09 -7.29651e-09 -7.94755e-09 -8.68766e-09 -9.51998e-09 -1.04426e-08 -1.14313e-08 -1.23712e-08 -1.27884e-08 -1.07885e-08  1.12781e-09  5.25732e-08  2.60395e-07  1.08556e-06  2.09713e-06  3.15586e-06  4.22648e-06  5.30005e-06  6.37433e-06  7.44877e-06  8.52324e-06   9.5977e-06   1.0672e-05  1.17458e-05   1.2817e-05  1.38784e-05  1.49001e-05  1.57655e-05  1.60136e-05  1.60752e-05  1.60897e-05  1.60924e-05  1.60922e-05  1.60913e-05  1.60904e-05  1.60895e-05  1.60887e-05   1.6088e-05  1.60874e-05  1.60869e-05  1.60865e-05  1.60862e-05  1.60859e-05  1.60857e-05  1.60856e-05  1.60855e-05  1.60856e-05  1.60856e-05  1.60858e-05   1.6086e-05  1.60863e-05  1.60867e-05  1.60869e-05  1.60865e-05  1.60834e-05  1.60694e-05  1.60122e-05  1.57842e-05  1.48822e-05  1.37795e-05  1.26376e-05  1.15322e-05  1.06188e-05
 1.62639e-06  7.88568e-07  2.63464e-07   3.2076e-08 -2.32132e-08 -3.41161e-08 -3.40564e-08 -3.14824e-08 -2.85133e-08 -2.56658e-08 -2.30518e-08 -2.06829e-08 -1.85461e-08 -1.66241e-08 -1.48995e-08 -1.33563e-08 -1.19797e-08 -1.07564e-08 -9.67443e-09 -8.72301e-09 -7.89246e-09 -7.17417e-09 -6.56051e-09 -6.04477e-09 -5.62113e-09 -5.28454e-09 -5.03078e-09 -4.85633e-09 -4.75841e-09 -4.73491e-09 -4.78439e-09 -4.90605e-09 -5.09976e-09 -5.36598e-09 -5.70585e-09 -6.12112e-09 -6.61419e-09 -7.18811e-09 -7.84649e-09 -8.59329e-09 -9.43171e-09 -1.03598e-08 -1.13535e-08 -1.22978e-08 -1.27189e-08 -1.07223e-08  1.19114e-09  5.26342e-08  2.60454e-07  1.08562e-06  2.09719e-06  3.15592e-06  4.22653e-06   5.3001e-06  6.37439e-06  7.44884e-06  8.52331e-06  9.59777e-06  1.06721e-05  1.17458e-05  1.28171e-05  1.38785e-05  1.49002e-05  1.57656e-05  1.60137e-05  1.60753e-05  1.60899e-05  1.60926e-05  1.60924e-05  1.60915e-05  1.60906e-05  1.60897e-05   1.6089e-05  1.60883e-05  1.60877e-05  1.60873e-05  1.60869e-05  1.60866e-05  1.60863e-05  1.60862e-05  1.60861e-05  1.60861e-05  1.60862e-05  1.60864e-05  1.60866e-05  1.60869e-05  1.60873e-05  1.60877e-05  1.60881e-05  1.60878e-05  1.60848e-05   1.6071e-05  1.60139e-05  1.57858e-05  1.48831e-05  1.37774e-05  1.26231e-05  1.14679e-05  1.03575e-05  9.43605e-06
 7.89784e-07  2.64901e-07  3.34898e-08 -2.18802e-08 -3.28728e-08 -3.29002e-08 -3.04081e-08 -2.75154e-08 -2.47388e-08 -2.21909e-08 -1.98832e-08 -1.78034e-08 -1.59344e-08  -1.4259e-08 -1.27614e-08 -1.14273e-08 -1.02435e-08 -9.19821e-09 -8.28087e-09 -7.48199e-09 -6.79312e-09  -6.2068e-09 -5.71647e-09 -5.31641e-09 -5.00175e-09 -4.76834e-09 -4.61279e-09 -4.53242e-09  -4.5252e-09 -4.58979e-09 -4.72546e-09 -4.93214e-09 -5.21039e-09 -5.56138e-09 -5.98693e-09 -6.48949e-09 -7.07214e-09 -7.73855e-09 -8.49272e-09 -9.33786e-09 -1.02721e-08 -1.12713e-08 -1.22206e-08 -1.26461e-08 -1.06535e-08  1.25654e-09  5.26967e-08  2.60514e-07  1.08568e-06  2.09725e-06  3.15597e-06  4.22659e-06  5.30016e-06  6.37445e-06  7.44889e-06  8.52337e-06  9.59783e-06  1.06722e-05  1.17459e-05  1.28172e-05  1.38785e-05  1.49003e-05  1.57657e-05  1.60138e-05  1.60754e-05    1.609e-05  1.60927e-05  1.60925e-05  1.60917e-05  1.60908e-05  1.60899e-05  1.60892e-05  1.60886e-05   1.6088e-05  1.60876e-05  1.60872e-05  1.60869e-05  1.60867e-05  1.60866e-05  1.60866e-05  1.60867e-05  1.60868e-05   1.6087e-05  1.60873e-05  1.60877e-05  1.60882e-05  1.60887e-05  1.60891e-05   1.6089e-05  1.60861e-05  1.60724e-05  1.60154e-05  1.57874e-05  1.48847e-05  1.37784e-05  1.26211e-05  1.14539e-05  1.02951e-05  9.18235e-06   8.2539e-06
 2.66117e-07  3.49269e-08 -2.04671e-08 -3.15403e-08 -3.16574e-08 -2.92524e-08 -2.64416e-08 -2.37413e-08 -2.12643e-08 -1.90226e-08 -1.70041e-08  -1.5192e-08 -1.35696e-08 -1.21212e-08 -1.08328e-08 -9.69142e-09  -8.6856e-09 -7.80493e-09 -7.04012e-09 -6.38291e-09 -5.82601e-09 -5.36302e-09 -4.98836e-09 -4.69729e-09  -4.4858e-09 -4.35062e-09 -4.28915e-09 -4.29949e-09 -4.38036e-09 -4.53115e-09 -4.75185e-09 -5.04309e-09 -5.40612e-09 -5.84281e-09 -6.35566e-09 -6.94782e-09 -7.62299e-09 -8.38521e-09 -9.23775e-09 -1.01788e-08 -1.11841e-08  -1.2139e-08 -1.25695e-08 -1.05814e-08  1.32467e-09  5.27613e-08  2.60576e-07  1.08574e-06   2.0973e-06  3.15603e-06  4.22664e-06  5.30021e-06   6.3745e-06  7.44895e-06  8.52342e-06  9.59789e-06  1.06722e-05   1.1746e-05  1.28173e-05  1.38786e-05  1.49004e-05  1.57658e-05  1.60139e-05  1.60755e-05  1.60901e-05  1.60928e-05  1.60926e-05  1.60918e-05  1.60909e-05  1.60901e-05  1.60894e-05  1.60888e-05  1.60883e-05  1.60878e-05  1.60875e-05  1.60873e-05  1.60871e-05   1.6087e-05   1.6087e-05  1.60871e-05  1.60873e-05  1.60876e-05   1.6088e-05  1.60884e-05   1.6089e-05  1.60895e-05  1.60901e-05    1.609e-05  1.60872e-05  1.60736e-05  1.60167e-05  1.57889e-05  1.48863e-05  1.37799e-05  1.26221e-05   1.1452e-05  1.02815e-05  9.12172e-06  8.00725e-06  7.07246e-06
 3.61418e-08 -1.90305e-08 -3.01277e-08 -3.03254e-08 -2.80102e-08 -2.52863e-08 -2.26679e-08 -2.02672e-08 -1.80965e-08 -1.61439e-08 -1.43931e-08 -1.28276e-08 -1.14321e-08 -1.01928e-08 -9.09717e-09  -8.1338e-09 -7.29258e-09 -6.56443e-09  -5.9413e-09 -5.41606e-09 -4.98247e-09 -4.63515e-09 -4.36948e-09 -4.18159e-09 -4.06832e-09 -4.02722e-09 -4.05647e-09  -4.1549e-09 -4.32199e-09 -4.55782e-09 -4.86309e-09 -5.23912e-09 -5.68785e-09 -6.21186e-09 -6.81433e-09 -7.49902e-09 -8.27002e-09 -9.13064e-09 -1.00791e-08 -1.10912e-08 -1.20523e-08 -1.24884e-08 -1.05053e-08  1.39619e-09  5.28288e-08   2.6064e-07   1.0858e-06  2.09736e-06  3.15609e-06   4.2267e-06  5.30027e-06  6.37455e-06    7.449e-06  8.52348e-06  9.59794e-06  1.06723e-05   1.1746e-05  1.28173e-05  1.38787e-05  1.49005e-05  1.57659e-05  1.60139e-05  1.60756e-05  1.60902e-05  1.60929e-05  1.60928e-05   1.6092e-05  1.60911e-05  1.60903e-05  1.60896e-05   1.6089e-05  1.60885e-05  1.60881e-05  1.60878e-05  1.60875e-05  1.60874e-05  1.60874e-05  1.60874e-05  1.60876e-05  1.60878e-05  1.60881e-05  1.60885e-05   1.6089e-05  1.60896e-05  1.60903e-05  1.60909e-05  1.60909e-05  1.60883e-05  1.60747e-05   1.6018e-05  1.57903e-05  1.48878e-05  1.37815e-05  1.26236e-05   1.1453e-05  1.02797e-05  9.10847e-06  7.94826e-06  6.83238e-06  5.89173e-06
 -1.7816e-08 -2.86917e-08 -2.89134e-08 -2.66787e-08 -2.40445e-08 -2.15131e-08 -1.91942e-08 -1.70997e-08 -1.52181e-08 -1.35332e-08 -1.20289e-08 -1.06904e-08 -9.50402e-09 -8.45751e-09 -7.53982e-09 -6.74104e-09 -6.05234e-09 -5.46586e-09 -4.97467e-09 -4.57275e-09 -4.25484e-09  -4.0165e-09   -3.854e-09 -3.76433e-09 -3.74515e-09 -3.79476e-09 -3.91211e-09 -4.09677e-09  -4.3489e-09  -4.6693e-09 -5.05937e-09 -5.52112e-09 -6.05719e-09 -6.67082e-09 -7.36585e-09 -8.14639e-09 -9.01581e-09 -9.97234e-09 -1.09919e-08 -1.19598e-08 -1.24021e-08 -1.04247e-08  1.47172e-09  5.28998e-08  2.60707e-07  1.08586e-06  2.09742e-06  3.15614e-06  4.22675e-06  5.30032e-06  6.37461e-06  7.44905e-06  8.52353e-06    9.598e-06  1.06723e-05  1.17461e-05  1.28174e-05  1.38787e-05  1.49005e-05  1.57659e-05   1.6014e-05  1.60757e-05  1.60903e-05   1.6093e-05  1.60929e-05  1.60921e-05  1.60912e-05  1.60904e-05  1.60897e-05  1.60891e-05  1.60887e-05  1.60883e-05   1.6088e-05  1.60878e-05  1.60877e-05  1.60877e-05  1.60878e-05  1.60879e-05  1.60882e-05  1.60886e-05   1.6089e-05  1.60896e-05  1.60903e-05   1.6091e-05  1.60917e-05  1.60917e-05  1.60892e-05  1.60757e-05  1.60191e-05  1.57915e-05  1.48891e-05  1.37829e-05  1.26252e-05  1.14545e-05  1.02807e-05  9.10675e-06  7.93538e-06  6.77492e-06  5.65776e-06  4.71166e-06
-2.74776e-08 -2.74778e-08 -2.52671e-08 -2.27135e-08 -2.02717e-08 -1.80398e-08 -1.60271e-08 -1.42217e-08 -1.26077e-08 -1.11694e-08 -9.89207e-09  -8.7626e-09 -7.76897e-09 -6.90042e-09 -6.14731e-09 -5.50104e-09 -4.95399e-09 -4.49946e-09 -4.13158e-09 -3.84533e-09 -3.63639e-09 -3.50123e-09 -3.43696e-09 -3.44137e-09 -3.51291e-09 -3.65062e-09 -3.85419e-09  -4.1239e-09 -4.46061e-09 -4.86582e-09 -5.34162e-09 -5.89071e-09 -6.51642e-09 -7.22262e-09 -8.01351e-09 -8.89248e-09 -9.85784e-09 -1.08855e-08 -1.18609e-08 -1.23101e-08 -1.03389e-08   1.5519e-09  5.29749e-08  2.60777e-07  1.08593e-06  2.09748e-06   3.1562e-06  4.22681e-06  5.30038e-06  6.37466e-06  7.44911e-06  8.52358e-06  9.59805e-06  1.06724e-05  1.17461e-05  1.28174e-05  1.38788e-05  1.49006e-05   1.5766e-05  1.60141e-05  1.60758e-05  1.60904e-05  1.60931e-05   1.6093e-05  1.60922e-05  1.60913e-05  1.60905e-05  1.60899e-05  1.60893e-05  1.60888e-05  1.60884e-05  1.60882e-05   1.6088e-05  1.60879e-05   1.6088e-05  1.60881e-05  1.60883e-05  1.60886e-05   1.6089e-05  1.60895e-05  1.60901e-05  1.60908e-05  1.60916e-05  1.60923e-05  1.60925e-05    1.609e-05  1.60766e-05  1.60201e-05  1.57926e-05  1.48903e-05  1.37842e-05  1.26266e-05   1.1456e-05  1.02822e-05  9.10771e-06  7.93373e-06  6.76238e-06  5.60172e-06  4.48338e-06  3.53221e-06
-2.62641e-08  -2.3832e-08 -2.13023e-08 -1.89411e-08 -1.67988e-08 -1.48731e-08 -1.31495e-08 -1.16117e-08 -1.02442e-08 -9.03281e-09 -7.96455e-09 -7.02782e-09 -6.21213e-09 -5.50815e-09 -4.90753e-09 -4.40291e-09 -3.98781e-09 -3.65657e-09 -3.40437e-09 -3.22708e-09 -3.12132e-09 -3.08438e-09 -3.11419e-09 -3.20932e-09 -3.36896e-09  -3.5929e-09 -3.88153e-09 -4.23582e-09 -4.65734e-09 -5.14829e-09 -5.71144e-09 -6.35018e-09 -7.06847e-09 -7.87054e-09 -8.75987e-09  -9.7348e-09 -1.07713e-08 -1.17548e-08 -1.22115e-08 -1.02471e-08  1.63737e-09  5.30546e-08  2.60852e-07    1.086e-06  2.09755e-06  3.15627e-06  4.22687e-06  5.30043e-06  6.37472e-06  7.44916e-06  8.52363e-06   9.5981e-06  1.06724e-05  1.17462e-05  1.28175e-05  1.38788e-05  1.49006e-05  1.57661e-05  1.60141e-05  1.60759e-05  1.60904e-05  1.60932e-05   1.6093e-05  1.60923e-05  1.60914e-05  1.60906e-05    1.609e-05  1.60894e-05   1.6089e-05  1.60886e-05  1.60884e-05  1.60882e-05  1.60882e-05  1.60882e-05  1.60883e-05  1.60886e-05  1.60889e-05  1.60894e-05  1.60899e-05  1.60906e-05  1.60913e-05  1.60921e-05  1.60929e-05  1.60931e-05  1.60907e-05  1.60774e-05   1.6021e-05  1.57936e-05  1.48914e-05  1.37854e-05  1.26279e-05  1.14574e-05  1.02837e-05  9.10921e-06   7.9347e-06  6.76079e-06  5.58951e-06  4.42866e-06  3.30922e-06  2.35333e-06
-2.26186e-08 -1.98676e-08 -1.75304e-08 -1.54686e-08 -1.36325e-08 -1.19958e-08 -1.05398e-08 -9.24849e-09 -8.10795e-09 -7.10556e-09 -6.23003e-09 -5.47123e-09  -4.8201e-09  -4.2686e-09 -3.80962e-09 -3.43694e-09 -3.14512e-09 -2.92955e-09 -2.78631e-09 -2.71219e-09 -2.70465e-09 -2.76179e-09 -2.88232e-09 -3.06556e-09 -3.31142e-09 -3.62042e-09 -3.99363e-09 -4.43274e-09 -4.94001e-09 -5.51831e-09 -6.17112e-09 -6.90245e-09 -7.71662e-09 -8.61715e-09 -9.60244e-09 -1.06485e-08 -1.16409e-08 -1.21057e-08 -1.01489e-08  1.72876e-09  5.31398e-08  2.60931e-07  1.08607e-06  2.09762e-06  3.15633e-06  4.22693e-06  5.30049e-06  6.37477e-06  7.44921e-06  8.52369e-06  9.59815e-06  1.06725e-05  1.17462e-05  1.28175e-05  1.38789e-05  1.49007e-05  1.57661e-05  1.60142e-05  1.60759e-05  1.60905e-05  1.60933e-05  1.60931e-05  1.60923e-05  1.60915e-05  1.60907e-05  1.60901e-05  1.60895e-05  1.60891e-05  1.60888e-05  1.60885e-05  1.60884e-05  1.60883e-05  1.60884e-05  1.60886e-05  1.60888e-05  1.60892e-05  1.60897e-05  1.60903e-05   1.6091e-05  1.60918e-05  1.60926e-05  1.60935e-05  1.60937e-05  1.60914e-05  1.60782e-05  1.60218e-05  1.57944e-05  1.48923e-05  1.37865e-05  1.26291e-05  1.14587e-05  1.02851e-05  9.11071e-06  7.93618e-06  6.76177e-06  5.58798e-06  4.41674e-06  3.25574e-06  2.13527e-06  1.17499e-06
-1.86546e-08 -1.60961e-08 -1.40583e-08 -1.23026e-08 -1.07555e-08 -9.38641e-09 -8.17687e-09 -7.11251e-09 -6.18097e-09  -5.3713e-09 -4.67369e-09 -4.07942e-09 -3.58077e-09  -3.1709e-09 -2.84385e-09 -2.59445e-09 -2.41829e-09 -2.31168e-09  -2.2716e-09  -2.2957e-09 -2.38224e-09 -2.53009e-09 -2.73872e-09 -3.00819e-09 -3.33911e-09  -3.7327e-09 -4.19073e-09 -4.71558e-09 -5.31021e-09 -5.97818e-09 -6.72358e-09  -7.5508e-09 -8.46343e-09 -9.45994e-09 -1.05164e-08 -1.15184e-08  -1.1992e-08 -1.00434e-08  1.82674e-09  5.32308e-08  2.61016e-07  1.08615e-06  2.09769e-06   3.1564e-06    4.227e-06  5.30055e-06  6.37483e-06  7.44927e-06  8.52374e-06   9.5982e-06  1.06725e-05  1.17463e-05  1.28176e-05  1.38789e-05  1.49007e-05  1.57662e-05  1.60143e-05   1.6076e-05  1.60906e-05  1.60933e-05  1.60932e-05  1.60924e-05  1.60916e-05  1.60908e-05  1.60902e-05  1.60896e-05  1.60892e-05  1.60889e-05  1.60887e-05  1.60885e-05  1.60885e-05  1.60886e-05  1.60888e-05  1.60891e-05  1.60895e-05    1.609e-05  1.60906e-05  1.60913e-05  1.60921e-05  1.60931e-05   1.6094e-05  1.60943e-05   1.6092e-05  1.60788e-05  1.60225e-05  1.57952e-05  1.48932e-05  1.37875e-05  1.26302e-05  1.14599e-05  1.02864e-05   9.1121e-06  7.93767e-06  6.76324e-06  5.58895e-06  4.41527e-06  3.24409e-06  2.08293e-06  9.61505e-07 -2.86142e-09
-1.48833e-08 -1.26243e-08 -1.08927e-08 -9.42602e-09 -8.14644e-09 -7.02382e-09 -6.04117e-09 -5.18581e-09 -4.44696e-09 -3.81519e-09 -3.28211e-09 -2.84031e-09 -2.48328e-09 -2.20532e-09 -2.00155e-09  -1.8678e-09 -1.80059e-09 -1.79714e-09 -1.85527e-09 -1.97344e-09  -2.1507e-09 -2.38665e-09 -2.68151e-09 -3.03603e-09 -3.45155e-09 -3.92996e-09 -4.47374e-09 -5.08595e-09 -5.77025e-09 -6.53082e-09 -7.37211e-09 -8.29781e-09 -9.30642e-09 -1.03741e-08 -1.13865e-08 -1.18697e-08 -9.92995e-09  1.93197e-09  5.33285e-08  2.61107e-07  1.08624e-06  2.09777e-06  3.15647e-06  4.22707e-06  5.30062e-06  6.37489e-06  7.44933e-06  8.52379e-06  9.59825e-06  1.06726e-05  1.17463e-05  1.28176e-05   1.3879e-05  1.49008e-05  1.57662e-05  1.60143e-05   1.6076e-05  1.60906e-05  1.60934e-05  1.60932e-05  1.60925e-05  1.60917e-05  1.60909e-05  1.60903e-05  1.60897e-05  1.60893e-05   1.6089e-05  1.60888e-05  1.60887e-05  1.60887e-05  1.60888e-05   1.6089e-05  1.60893e-05  1.60897e-05  1.60902e-05  1.60909e-05  1.60916e-05  1.60925e-05  1.60935e-05  1.60944e-05  1.60947e-05  1.60925e-05  1.60794e-05  1.60231e-05  1.57959e-05   1.4894e-05  1.37883e-05  1.26311e-05  1.14609e-05  1.02875e-05  9.11337e-06  7.93905e-06  6.76471e-06  5.59041e-06  4.41625e-06  3.24267e-06  2.07154e-06  9.10235e-07 -2.12082e-07 -1.18025e-06
-1.25827e-08 -1.08435e-08 -9.37766e-09 -8.10085e-09 -6.98131e-09 -6.00166e-09  -5.1491e-09 -4.41288e-09 -3.78355e-09 -3.25274e-09 -2.81305e-09 -2.45798e-09 -2.18185e-09 -1.97978e-09  -1.8476e-09 -1.78187e-09 -1.77978e-09 -1.83919e-09 -1.95855e-09  -2.1369e-09 -2.37389e-09  -2.6697e-09 -3.02512e-09 -3.44147e-09 -3.92066e-09 -4.46517e-09 -5.07806e-09 -5.76299e-09 -6.52416e-09 -7.36601e-09 -8.29223e-09 -9.30133e-09 -1.03695e-08 -1.13823e-08  -1.1866e-08 -9.92656e-09    1.935e-09  5.33312e-08  2.61109e-07  1.08624e-06  2.09777e-06  3.15648e-06  4.22707e-06  5.30062e-06  6.37489e-06  7.44933e-06  8.52379e-06  9.59825e-06  1.06726e-05  1.17463e-05  1.28176e-05   1.3879e-05  1.49008e-05  1.57662e-05  1.60143e-05   1.6076e-05  1.60906e-05  1.60934e-05  1.60932e-05  1.60925e-05  1.60917e-05  1.60909e-05  1.60903e-05  1.60897e-05  1.60893e-05   1.6089e-05  1.60888e-05  1.60887e-05  1.60887e-05  1.60888e-05   1.6089e-05  1.60893e-05  1.60897e-05  1.60902e-05  1.60909e-05  1.60916e-05  1.60925e-05  1.60935e-05  1.60944e-05  1.60947e-05  1.60925e-05  1.60794e-05  1.60231e-05  1.57959e-05   1.4894e-05  1.37883e-05  1.26311e-05  1.14609e-05  1.02875e-05  9.11336e-06  7.93905e-06  6.76471e-06  5.59041e-06  4.41625e-06   3.2427e-06  2.07166e-06   9.1069e-07 -2.10295e-07 -1.17322e-06 -1.51223e-06
-1.08535e-08 -9.38953e-09 -8.11256e-09 -6.99239e-09 -6.01204e-09  -5.1588e-09 -4.42195e-09 -3.79202e-09 -3.26067e-09 -2.82048e-09 -2.46495e-09 -2.18839e-09 -1.98593e-09  -1.8534e-09 -1.78734e-09 -1.78496e-09 -1.84411e-09 -1.96323e-09 -2.14137e-09 -2.37816e-09 -2.67382e-09 -3.02909e-09 -3.44532e-09 -3.92441e-09 -4.46883e-09 -5.08167e-09 -5.76656e-09  -6.5277e-09 -7.36956e-09 -8.29579e-09 -9.30494e-09 -1.03731e-08  -1.1386e-08 -1.18698e-08 -9.93053e-09  1.93089e-09  5.33269e-08  2.61105e-07  1.08623e-06  2.09777e-06  3.15647e-06  4.22706e-06  5.30061e-06  6.37488e-06  7.44932e-06  8.52379e-06  9.59824e-06  1.06726e-05  1.17463e-05  1.28176e-05   1.3879e-05  1.49008e-05  1.57662e-05  1.60143e-05   1.6076e-05  1.60906e-05  1.60934e-05  1.60932e-05  1.60925e-05  1.60916e-05  1.60909e-05  1.60902e-05  1.60897e-05  1.60893e-05   1.6089e-05  1.60888e-05  1.60886e-05  1.60886e-05  1.60887e-05  1.60889e-05  1.60892e-05  1.60897e-05  1.60902e-05  1.60908e-05  1.60916e-05  1.60924e-05  1.60934e-05  1.60943e-05  1.60947e-05  1.60924e-05  1.60793e-05   1.6023e-05  1.57958e-05  1.48939e-05  1.37882e-05   1.2631e-05  1.14608e-05  1.02874e-05   9.1132e-06  7.93887e-06  6.76452e-06  5.59021e-06  4.41605e-06  3.24253e-06  2.07167e-06  9.11484e-07 -2.06369e-07 -1.15687e-06 -1.44682e-06 -1.58919e-06
-9.39622e-09  -8.1205e-09 -7.00024e-09 -6.01948e-09 -5.16579e-09  -4.4285e-09 -3.79817e-09 -3.26644e-09 -2.82591e-09 -2.47006e-09 -2.19322e-09  -1.9905e-09 -1.85774e-09 -1.79147e-09  -1.7889e-09 -1.84787e-09 -1.96684e-09 -2.14486e-09 -2.38155e-09 -2.67711e-09 -3.03231e-09 -3.44848e-09 -3.92753e-09 -4.47194e-09 -5.08477e-09 -5.76968e-09 -6.53085e-09 -7.37276e-09 -8.29906e-09 -9.30829e-09 -1.03766e-08 -1.13896e-08 -1.18735e-08  -9.9344e-09  1.92684e-09  5.33227e-08    2.611e-07  1.08623e-06  2.09776e-06  3.15647e-06  4.22706e-06  5.30061e-06  6.37488e-06  7.44931e-06  8.52378e-06  9.59824e-06  1.06726e-05  1.17463e-05  1.28176e-05   1.3879e-05  1.49008e-05  1.57662e-05  1.60143e-05   1.6076e-05  1.60906e-05  1.60933e-05  1.60932e-05  1.60924e-05  1.60916e-05  1.60909e-05  1.60902e-05  1.60897e-05  1.60893e-05  1.60889e-05  1.60887e-05  1.60886e-05  1.60886e-05  1.60887e-05  1.60889e-05  1.60892e-05  1.60896e-05  1.60901e-05  1.60908e-05  1.60915e-05  1.60924e-05  1.60933e-05  1.60942e-05  1.60946e-05  1.60923e-05  1.60792e-05  1.60229e-05  1.57957e-05  1.48937e-05  1.37881e-05  1.26308e-05  1.14606e-05  1.02872e-05  9.11303e-06  7.93868e-06  6.76432e-06     5.59e-06  4.41582e-06   3.2423e-06  2.07149e-06  9.11507e-07 -2.05444e-07 -1.15233e-06 -1.42792e-06 -1.51358e-06 -1.60218e-06
-8.12607e-09 -7.00685e-09 -6.02602e-09   -5.172e-09 -4.43434e-09 -3.80366e-09  -3.2716e-09 -2.83076e-09 -2.47463e-09 -2.19754e-09 -1.99459e-09 -1.86161e-09 -1.79516e-09 -1.79242e-09 -1.85125e-09 -1.97009e-09 -2.14799e-09 -2.38458e-09 -2.68006e-09  -3.0352e-09 -3.45133e-09 -3.93035e-09 -4.47474e-09 -5.08757e-09  -5.7725e-09  -6.5337e-09 -7.37564e-09 -8.30201e-09 -9.31131e-09 -1.03797e-08 -1.13928e-08 -1.18769e-08 -9.93791e-09  1.92316e-09  5.33188e-08  2.61096e-07  1.08623e-06  2.09776e-06  3.15646e-06  4.22705e-06   5.3006e-06  6.37487e-06  7.44931e-06  8.52377e-06  9.59823e-06  1.06726e-05  1.17463e-05  1.28176e-05   1.3879e-05  1.49008e-05  1.57662e-05  1.60143e-05   1.6076e-05  1.60906e-05  1.60933e-05  1.60932e-05  1.60924e-05  1.60916e-05  1.60908e-05  1.60902e-05  1.60897e-05  1.60892e-05  1.60889e-05  1.60887e-05  1.60886e-05  1.60886e-05  1.60887e-05  1.60889e-05  1.60892e-05  1.60896e-05  1.60901e-05  1.60907e-05  1.60914e-05  1.60923e-05  1.60933e-05  1.60942e-05  1.60945e-05  1.60922e-05  1.60791e-05  1.60228e-05  1.57956e-05  1.48936e-05  1.37879e-05  1.26307e-05  1.14605e-05  1.02871e-05  9.11287e-06  7.93852e-06  6.76414e-06   5.5898e-06  4.41561e-06  3.24208e-06  2.07126e-06  9.11323e-07 -2.05419e-07 -1.15142e-06 -1.42346e-06 -1.49505e-06  -1.5281e-06 -1.59944e-06
-7.01188e-09   -6.032e-09 -5.17792e-09 -4.43996e-09 -3.80894e-09 -3.27656e-09 -2.83543e-09 -2.47903e-09 -2.20168e-09  -1.9985e-09 -1.86532e-09 -1.79868e-09 -1.79577e-09 -1.85445e-09 -1.97316e-09 -2.15095e-09 -2.38744e-09 -2.68284e-09 -3.03791e-09 -3.45398e-09 -3.93296e-09 -4.47733e-09 -5.09015e-09 -5.77508e-09 -6.53629e-09 -7.37827e-09 -8.30468e-09 -9.31405e-09 -1.03825e-08 -1.13957e-08 -1.18799e-08 -9.94104e-09  1.91989e-09  5.33154e-08  2.61093e-07  1.08622e-06  2.09776e-06  3.15646e-06  4.22705e-06   5.3006e-06  6.37487e-06   7.4493e-06  8.52377e-06  9.59822e-06  1.06726e-05  1.17463e-05  1.28176e-05   1.3879e-05  1.49008e-05  1.57662e-05  1.60143e-05   1.6076e-05  1.60906e-05  1.60933e-05  1.60932e-05  1.60924e-05  1.60916e-05  1.60908e-05  1.60902e-05  1.60896e-05  1.60892e-05  1.60889e-05  1.60887e-05  1.60886e-05  1.60885e-05  1.60886e-05  1.60888e-05  1.60891e-05  1.60895e-05    1.609e-05  1.60907e-05  1.60914e-05  1.60923e-05  1.60932e-05  1.60941e-05  1.60944e-05  1.60922e-05   1.6079e-05  1.60227e-05  1.57955e-05  1.48935e-05  1.37878e-05  1.26306e-05  1.14604e-05  1.02869e-05  9.11274e-06  7.93837e-06  6.76399e-06  5.58963e-06  4.41543e-06  3.24189e-06  2.07105e-06  9.11113e-07 -2.05592e-07 -1.15139e-06  -1.4226e-06 -1.49085e-06 -1.51063e-06 -1.52957e-06 -1.59315e-06
-6.03666e-09 -5.18345e-09 -4.44544e-09 -3.81415e-09 -3.28146e-09 -2.84002e-09 -2.48335e-09 -2.20575e-09 -2.00234e-09 -1.86895e-09 -1.80211e-09 -1.79904e-09 -1.85756e-09 -1.97613e-09  -2.1538e-09 -2.39018e-09 -2.68549e-09 -3.04048e-09 -3.45649e-09 -3.93542e-09 -4.47976e-09 -5.09255e-09 -5.77747e-09 -6.53869e-09 -7.38069e-09 -8.30713e-09 -9.31654e-09 -1.03851e-08 -1.13983e-08 -1.18826e-08 -9.94384e-09  1.91697e-09  5.33123e-08   2.6109e-07  1.08622e-06  2.09775e-06  3.15645e-06  4.22704e-06  5.30059e-06  6.37486e-06   7.4493e-06  8.52376e-06  9.59822e-06  1.06726e-05  1.17463e-05  1.28176e-05  1.38789e-05  1.49007e-05  1.57662e-05  1.60143e-05   1.6076e-05  1.60905e-05  1.60933e-05  1.60932e-05  1.60924e-05  1.60916e-05  1.60908e-05  1.60902e-05  1.60896e-05  1.60892e-05  1.60889e-05  1.60886e-05  1.60885e-05  1.60885e-05  1.60886e-05  1.60888e-05  1.60891e-05  1.60895e-05    1.609e-05  1.60906e-05  1.60914e-05  1.60922e-05  1.60931e-05   1.6094e-05  1.60944e-05  1.60921e-05   1.6079e-05  1.60227e-05  1.57955e-05  1.48935e-05  1.37878e-05  1.26305e-05  1.14603e-05  1.02868e-05  9.11262e-06  7.93824e-06  6.76385e-06  5.58949e-06  4.41527e-06  3.24172e-06  2.07087e-06   9.1092e-07 -2.05787e-07 -1.15155e-06 -1.42258e-06 -1.49005e-06  -1.5067e-06 -1.51326e-06 -1.52791e-06 -1.58636e-06
 -5.1878e-09  -4.4506e-09 -3.81925e-09 -3.28631e-09 -2.84459e-09 -2.48763e-09 -2.20978e-09 -2.00613e-09 -1.87252e-09 -1.80549e-09 -1.80224e-09  -1.8606e-09 -1.97903e-09 -2.15656e-09 -2.39284e-09 -2.68804e-09 -3.04295e-09 -3.45889e-09 -3.93776e-09 -4.48205e-09 -5.09481e-09 -5.77971e-09 -6.54092e-09 -7.38292e-09 -8.30937e-09 -9.31881e-09 -1.03874e-08 -1.14007e-08  -1.1885e-08 -9.94635e-09  1.91437e-09  5.33096e-08  2.61087e-07  1.08622e-06  2.09775e-06  3.15645e-06  4.22704e-06  5.30059e-06  6.37486e-06  7.44929e-06  8.52376e-06  9.59821e-06  1.06725e-05  1.17463e-05  1.28176e-05  1.38789e-05  1.49007e-05  1.57662e-05  1.60142e-05   1.6076e-05  1.60905e-05  1.60933e-05  1.60932e-05  1.60924e-05  1.60916e-05  1.60908e-05  1.60901e-05  1.60896e-05  1.60892e-05  1.60889e-05  1.60886e-05  1.60885e-05  1.60885e-05  1.60886e-05  1.60888e-05  1.60891e-05  1.60895e-05    1.609e-05  1.60906e-05  1.60913e-05  1.60922e-05  1.60931e-05   1.6094e-05  1.60943e-05   1.6092e-05  1.60789e-05  1.60226e-05  1.57954e-05  1.48934e-05  1.37877e-05  1.26304e-05  1.14602e-05  1.02867e-05  9.11252e-06  7.93813e-06  6.76373e-06  5.58936e-06  4.41514e-06  3.24157e-06  2.07071e-06   9.1075e-07 -2.05967e-07 -1.15174e-06 -1.42273e-06 -1.49003e-06 -1.50596e-06  -1.5096e-06 -1.51271e-06 -1.52561e-06 -1.57983e-06
-4.45465e-09 -3.82407e-09 -3.29107e-09 -2.84911e-09 -2.49189e-09 -2.21378e-09 -2.00989e-09 -1.87606e-09 -1.80883e-09 -1.80539e-09 -1.86359e-09 -1.98186e-09 -2.15927e-09 -2.39542e-09 -2.69052e-09 -3.04533e-09 -3.46119e-09    -3.94e-09 -4.48423e-09 -5.09695e-09 -5.78181e-09   -6.543e-09 -7.38499e-09 -8.31145e-09  -9.3209e-09 -1.03895e-08 -1.14029e-08 -1.18872e-08 -9.94861e-09  1.91203e-09  5.33072e-08  2.61084e-07  1.08621e-06  2.09775e-06  3.15645e-06  4.22703e-06  5.30059e-06  6.37486e-06  7.44929e-06  8.52375e-06  9.59821e-06  1.06725e-05  1.17463e-05  1.28176e-05  1.38789e-05  1.49007e-05  1.57662e-05  1.60142e-05  1.60759e-05  1.60905e-05  1.60933e-05  1.60931e-05  1.60924e-05  1.60915e-05  1.60908e-05  1.60901e-05  1.60896e-05  1.60892e-05  1.60888e-05  1.60886e-05  1.60885e-05  1.60885e-05  1.60886e-05  1.60887e-05   1.6089e-05  1.60894e-05  1.60899e-05  1.60906e-05  1.60913e-05  1.60921e-05  1.60931e-05   1.6094e-05  1.60943e-05   1.6092e-05  1.60789e-05  1.60226e-05  1.57953e-05  1.48933e-05  1.37876e-05  1.26304e-05  1.14601e-05  1.02867e-05  9.11243e-06  7.93804e-06  6.76363e-06  5.58925e-06  4.41502e-06  3.24144e-06  2.07058e-06  9.10603e-07 -2.06124e-07  -1.1519e-06  -1.4229e-06 -1.49016e-06 -1.50593e-06  -1.5089e-06 -1.50931e-06 -1.51147e-06 -1.52329e-06 -1.57371e-06
-3.82786e-09 -3.29557e-09 -2.85357e-09 -2.49612e-09 -2.21776e-09 -2.01363e-09 -1.87958e-09 -1.81214e-09 -1.80851e-09 -1.86653e-09 -1.98465e-09 -2.16191e-09 -2.39794e-09 -2.69293e-09 -3.04764e-09 -3.46341e-09 -3.94214e-09 -4.48631e-09 -5.09898e-09  -5.7838e-09 -6.54496e-09 -7.38693e-09 -8.31338e-09 -9.32284e-09 -1.03914e-08 -1.14048e-08 -1.18892e-08 -9.95066e-09  1.90993e-09   5.3305e-08  2.61082e-07  1.08621e-06  2.09774e-06  3.15644e-06  4.22703e-06  5.30058e-06  6.37485e-06  7.44928e-06  8.52375e-06  9.59821e-06  1.06725e-05  1.17463e-05  1.28176e-05  1.38789e-05  1.49007e-05  1.57661e-05  1.60142e-05  1.60759e-05  1.60905e-05  1.60933e-05  1.60931e-05  1.60924e-05  1.60915e-05  1.60908e-05  1.60901e-05  1.60896e-05  1.60891e-05  1.60888e-05  1.60886e-05  1.60885e-05  1.60885e-05  1.60885e-05  1.60887e-05   1.6089e-05  1.60894e-05  1.60899e-05  1.60905e-05  1.60913e-05  1.60921e-05   1.6093e-05  1.60939e-05  1.60943e-05   1.6092e-05  1.60788e-05  1.60225e-05  1.57953e-05  1.48933e-05  1.37876e-05  1.26303e-05  1.14601e-05  1.02866e-05  9.11235e-06  7.93796e-06  6.76354e-06  5.58916e-06  4.41492e-06  3.24133e-06  2.07046e-06  9.10476e-07 -2.06261e-07 -1.15205e-06 -1.42305e-06 -1.49032e-06 -1.50606e-06 -1.50888e-06 -1.50866e-06  -1.5083e-06 -1.51014e-06 -1.52111e-06 -1.56803e-06
-3.29911e-09 -2.85777e-09 -2.50028e-09 -2.22171e-09 -2.01735e-09 -1.88307e-09 -1.81542e-09  -1.8116e-09 -1.86944e-09  -1.9874e-09 -2.16452e-09 -2.40041e-09 -2.69528e-09 -3.04989e-09 -3.46557e-09 -3.94422e-09 -4.48831e-09 -5.10092e-09  -5.7857e-09 -6.54682e-09 -7.38876e-09 -8.31519e-09 -9.32464e-09 -1.03932e-08 -1.14066e-08 -1.18911e-08 -9.95252e-09  1.90802e-09  5.33031e-08   2.6108e-07  1.08621e-06  2.09774e-06  3.15644e-06  4.22703e-06  5.30058e-06  6.37485e-06  7.44928e-06  8.52375e-06   9.5982e-06  1.06725e-05  1.17463e-05  1.28176e-05  1.38789e-05  1.49007e-05  1.57661e-05  1.60142e-05  1.60759e-05  1.60905e-05  1.60933e-05  1.60931e-05  1.60924e-05  1.60915e-05  1.60908e-05  1.60901e-05  1.60896e-05  1.60891e-05  1.60888e-05  1.60886e-05  1.60885e-05  1.60884e-05  1.60885e-05  1.60887e-05   1.6089e-05  1.60894e-05  1.60899e-05  1.60905e-05  1.60912e-05  1.60921e-05   1.6093e-05  1.60939e-05  1.60942e-05  1.60919e-05  1.60788e-05  1.60225e-05  1.57952e-05  1.48932e-05  1.37875e-05  1.26302e-05    1.146e-05  1.02865e-05  9.11229e-06  7.93789e-06  6.76347e-06  5.58908e-06  4.41483e-06  3.24124e-06  2.07036e-06  9.10367e-07 -2.06378e-07 -1.15218e-06 -1.42319e-06 -1.49046e-06 -1.50621e-06   -1.509e-06 -1.50864e-06  -1.5077e-06 -1.50719e-06 -1.50887e-06 -1.51909e-06 -1.56275e-06
-2.86108e-09 -2.50421e-09  -2.2256e-09 -2.02104e-09 -1.88654e-09 -1.81868e-09 -1.81466e-09 -1.87233e-09 -1.99012e-09 -2.16709e-09 -2.40284e-09 -2.69759e-09 -3.05209e-09 -3.46767e-09 -3.94623e-09 -4.49025e-09 -5.10279e-09 -5.78751e-09 -6.54859e-09 -7.39049e-09 -8.31689e-09 -9.32632e-09 -1.03949e-08 -1.14083e-08 -1.18927e-08 -9.95423e-09  1.90629e-09  5.33013e-08  2.61078e-07  1.08621e-06  2.09774e-06  3.15644e-06  4.22703e-06  5.30058e-06  6.37485e-06  7.44928e-06  8.52375e-06   9.5982e-06  1.06725e-05  1.17463e-05  1.28176e-05  1.38789e-05  1.49007e-05  1.57661e-05  1.60142e-05  1.60759e-05  1.60905e-05  1.60933e-05  1.60931e-05  1.60924e-05  1.60915e-05  1.60908e-05  1.60901e-05  1.60896e-05  1.60891e-05  1.60888e-05  1.60886e-05  1.60885e-05  1.60884e-05  1.60885e-05  1.60887e-05   1.6089e-05  1.60894e-05  1.60899e-05  1.60905e-05  1.60912e-05  1.60921e-05   1.6093e-05  1.60939e-05  1.60942e-05  1.60919e-05  1.60788e-05  1.60224e-05  1.57952e-05  1.48932e-05  1.37875e-05  1.26302e-05  1.14599e-05  1.02865e-05  9.11223e-06  7.93783e-06   6.7634e-06  5.58901e-06  4.41476e-06  3.24116e-06  2.07027e-06  9.10273e-07  -2.0648e-07 -1.15229e-06 -1.42331e-06 -1.49059e-06 -1.50634e-06 -1.50914e-06 -1.50875e-06 -1.50768e-06 -1.50663e-06 -1.50613e-06  -1.5077e-06 -1.51722e-06 -1.55786e-06
 -2.5073e-09 -2.22927e-09 -2.02467e-09 -1.88999e-09 -1.82192e-09 -1.81771e-09 -1.87519e-09 -1.99281e-09 -2.16962e-09 -2.40524e-09 -2.69986e-09 -3.05424e-09 -3.46972e-09 -3.94819e-09 -4.49212e-09  -5.1046e-09 -5.78925e-09 -6.55028e-09 -7.39214e-09 -8.31851e-09 -9.32791e-09 -1.03965e-08 -1.14099e-08 -1.18943e-08  -9.9558e-09   1.9047e-09  5.32997e-08  2.61076e-07   1.0862e-06  2.09774e-06  3.15644e-06  4.22703e-06  5.30058e-06  6.37485e-06  7.44928e-06  8.52374e-06   9.5982e-06  1.06725e-05  1.17463e-05  1.28176e-05  1.38789e-05  1.49007e-05  1.57661e-05  1.60142e-05  1.60759e-05  1.60905e-05  1.60933e-05  1.60931e-05  1.60924e-05  1.60915e-05  1.60908e-05  1.60901e-05  1.60896e-05  1.60891e-05  1.60888e-05  1.60886e-05  1.60884e-05  1.60884e-05  1.60885e-05  1.60887e-05   1.6089e-05  1.60894e-05  1.60899e-05  1.60905e-05  1.60912e-05   1.6092e-05   1.6093e-05  1.60939e-05  1.60942e-05  1.60919e-05  1.60787e-05  1.60224e-05  1.57952e-05  1.48932e-05  1.37874e-05  1.26302e-05  1.14599e-05  1.02864e-05  9.11219e-06  7.93778e-06  6.76335e-06  5.58894e-06  4.41469e-06  3.24109e-06  2.07019e-06  9.10192e-07 -2.06567e-07 -1.15238e-06 -1.42341e-06  -1.4907e-06 -1.50646e-06 -1.50926e-06 -1.50888e-06 -1.50778e-06 -1.50661e-06  -1.5056e-06 -1.50515e-06 -1.50662e-06  -1.5155e-06 -1.55332e-06
-2.23216e-09  -2.0281e-09 -1.89338e-09 -1.82514e-09 -1.82074e-09 -1.87804e-09 -1.99549e-09 -2.17214e-09 -2.40761e-09  -2.7021e-09 -3.05636e-09 -3.47173e-09  -3.9501e-09 -4.49395e-09 -5.10635e-09 -5.79093e-09  -6.5519e-09 -7.39371e-09 -8.32004e-09 -9.32941e-09  -1.0398e-08 -1.14113e-08 -1.18958e-08 -9.95726e-09  1.90324e-09  5.32982e-08  2.61075e-07   1.0862e-06  2.09774e-06  3.15644e-06  4.22702e-06  5.30058e-06  6.37484e-06  7.44928e-06  8.52374e-06  9.59819e-06  1.06725e-05  1.17463e-05  1.28176e-05  1.38789e-05  1.49007e-05  1.57661e-05  1.60142e-05  1.60759e-05  1.60905e-05  1.60933e-05  1.60931e-05  1.60923e-05  1.60915e-05  1.60908e-05  1.60901e-05  1.60896e-05  1.60891e-05  1.60888e-05  1.60886e-05  1.60884e-05  1.60884e-05  1.60885e-05  1.60887e-05   1.6089e-05  1.60894e-05  1.60899e-05  1.60905e-05  1.60912e-05   1.6092e-05   1.6093e-05  1.60938e-05  1.60942e-05  1.60919e-05  1.60787e-05  1.60224e-05  1.57951e-05  1.48931e-05  1.37874e-05  1.26301e-05  1.14599e-05  1.02864e-05  9.11214e-06  7.93773e-06   6.7633e-06  5.58889e-06  4.41463e-06  3.24103e-06  2.07013e-06  9.10122e-07 -2.06643e-07 -1.15246e-06 -1.42349e-06 -1.49079e-06 -1.50656e-06 -1.50937e-06 -1.50899e-06  -1.5079e-06  -1.5067e-06 -1.50559e-06 -1.50466e-06 -1.50425e-06 -1.50564e-06 -1.51391e-06 -1.54912e-06
 -2.0308e-09 -1.89658e-09 -1.82831e-09 -1.82375e-09 -1.88087e-09 -1.99815e-09 -2.17464e-09 -2.40996e-09 -2.70431e-09 -3.05845e-09 -3.47371e-09 -3.95198e-09 -4.49574e-09 -5.10805e-09 -5.79257e-09 -6.55347e-09 -7.39523e-09 -8.32151e-09 -9.33084e-09 -1.03994e-08 -1.14127e-08 -1.18971e-08 -9.95861e-09  1.90188e-09  5.32968e-08  2.61074e-07   1.0862e-06  2.09773e-06  3.15643e-06  4.22702e-06  5.30057e-06  6.37484e-06  7.44927e-06  8.52374e-06  9.59819e-06  1.06725e-05  1.17463e-05  1.28176e-05  1.38789e-05  1.49007e-05  1.57661e-05  1.60142e-05  1.60759e-05  1.60905e-05  1.60933e-05  1.60931e-05  1.60923e-05  1.60915e-05  1.60907e-05  1.60901e-05  1.60895e-05  1.60891e-05  1.60888e-05  1.60886e-05  1.60884e-05  1.60884e-05  1.60885e-05  1.60887e-05   1.6089e-05  1.60893e-05  1.60898e-05  1.60905e-05  1.60912e-05   1.6092e-05  1.60929e-05  1.60938e-05  1.60941e-05  1.60918e-05  1.60787e-05  1.60224e-05  1.57951e-05  1.48931e-05  1.37874e-05  1.26301e-05  1.14598e-05  1.02864e-05  9.11211e-06  7.93769e-06  6.76326e-06  5.58885e-06  4.41459e-06  3.24098e-06  2.07007e-06  9.10062e-07 -2.06707e-07 -1.15253e-06 -1.42357e-06 -1.49087e-06 -1.50665e-06 -1.50946e-06 -1.50909e-06   -1.508e-06 -1.50681e-06 -1.50568e-06 -1.50464e-06  -1.5038e-06 -1.50343e-06 -1.50474e-06 -1.51245e-06 -1.54522e-06
 -1.8991e-09 -1.83131e-09 -1.82671e-09 -1.88368e-09 -2.00079e-09 -2.17712e-09 -2.41229e-09 -2.70651e-09 -3.06052e-09 -3.47566e-09 -3.95383e-09 -4.49749e-09 -5.10972e-09 -5.79416e-09   -6.555e-09  -7.3967e-09 -8.32293e-09 -9.33221e-09 -1.04007e-08  -1.1414e-08 -1.18984e-08 -9.95988e-09  1.90062e-09  5.32956e-08  2.61072e-07   1.0862e-06  2.09773e-06  3.15643e-06  4.22702e-06  5.30057e-06  6.37484e-06  7.44927e-06  8.52374e-06  9.59819e-06  1.06725e-05  1.17463e-05  1.28176e-05  1.38789e-05  1.49007e-05  1.57661e-05  1.60142e-05  1.60759e-05  1.60905e-05  1.60932e-05  1.60931e-05  1.60923e-05  1.60915e-05  1.60907e-05  1.60901e-05  1.60895e-05  1.60891e-05  1.60888e-05  1.60885e-05  1.60884e-05  1.60884e-05  1.60885e-05  1.60887e-05  1.60889e-05  1.60893e-05  1.60898e-05  1.60904e-05  1.60912e-05   1.6092e-05  1.60929e-05  1.60938e-05  1.60941e-05  1.60918e-05  1.60787e-05  1.60224e-05  1.57951e-05  1.48931e-05  1.37874e-05  1.26301e-05  1.14598e-05  1.02863e-05  9.11208e-06  7.93766e-06  6.76322e-06  5.58881e-06  4.41454e-06  3.24093e-06  2.07003e-06   9.1001e-07 -2.06763e-07 -1.15259e-06 -1.42364e-06 -1.49094e-06 -1.50672e-06 -1.50955e-06 -1.50918e-06  -1.5081e-06 -1.50691e-06 -1.50578e-06 -1.50473e-06 -1.50378e-06 -1.50301e-06 -1.50269e-06 -1.50392e-06 -1.51111e-06  -1.5416e-06
-1.83366e-09 -1.82951e-09 -1.88644e-09 -2.00342e-09 -2.17959e-09 -2.41461e-09 -2.70869e-09 -3.06257e-09 -3.47759e-09 -3.95565e-09 -4.49922e-09 -5.11136e-09 -5.79572e-09 -6.55648e-09 -7.39812e-09 -8.32429e-09 -9.33353e-09  -1.0402e-08 -1.14153e-08 -1.18996e-08 -9.96108e-09  1.89944e-09  5.32944e-08  2.61071e-07   1.0862e-06  2.09773e-06  3.15643e-06  4.22702e-06  5.30057e-06  6.37484e-06  7.44927e-06  8.52374e-06  9.59819e-06  1.06725e-05  1.17463e-05  1.28176e-05  1.38789e-05  1.49007e-05  1.57661e-05  1.60142e-05  1.60759e-05  1.60905e-05  1.60932e-05  1.60931e-05  1.60923e-05  1.60915e-05  1.60907e-05  1.60901e-05  1.60895e-05  1.60891e-05  1.60888e-05  1.60885e-05  1.60884e-05  1.60884e-05  1.60885e-05  1.60887e-05  1.60889e-05  1.60893e-05  1.60898e-05  1.60904e-05  1.60912e-05   1.6092e-05  1.60929e-05  1.60938e-05  1.60941e-05  1.60918e-05  1.60787e-05  1.60223e-05  1.57951e-05  1.48931e-05  1.37873e-05  1.26301e-05  1.14598e-05  1.02863e-05  9.11205e-06  7.93763e-06  6.76319e-06  5.58878e-06  4.41451e-06  3.24089e-06  2.06998e-06  9.09965e-07 -2.06812e-07 -1.15264e-06 -1.42369e-06   -1.491e-06 -1.50679e-06 -1.50962e-06 -1.50926e-06 -1.50818e-06   -1.507e-06 -1.50587e-06 -1.50482e-06 -1.50386e-06   -1.503e-06 -1.50229e-06 -1.50201e-06 -1.50317e-06 -1.50987e-06 -1.53825e-06
-1.83171e-09 -1.88906e-09   -2.006e-09 -2.18204e-09 -2.41692e-09 -2.71085e-09 -3.06461e-09 -3.47951e-09 -3.95745e-09 -4.50092e-09 -5.11297e-09 -5.79725e-09 -6.55794e-09 -7.39951e-09 -8.32562e-09 -9.33481e-09 -1.04032e-08 -1.14165e-08 -1.19008e-08 -9.96221e-09  1.89832e-09  5.32933e-08   2.6107e-07   1.0862e-06  2.09773e-06  3.15643e-06  4.22702e-06  5.30057e-06  6.37484e-06  7.44927e-06  8.52373e-06  9.59819e-06  1.06725e-05  1.17463e-05  1.28176e-05  1.38789e-05  1.49007e-05  1.57661e-05  1.60142e-05  1.60759e-05  1.60905e-05  1.60932e-05  1.60931e-05  1.60923e-05  1.60915e-05  1.60907e-05  1.60901e-05  1.60895e-05  1.60891e-05  1.60888e-05  1.60885e-05  1.60884e-05  1.60884e-05  1.60885e-05  1.60886e-05  1.60889e-05  1.60893e-05  1.60898e-05  1.60904e-05  1.60911e-05   1.6092e-05  1.60929e-05  1.60938e-05  1.60941e-05  1.60918e-05  1.60787e-05  1.60223e-05  1.57951e-05  1.48931e-05  1.37873e-05    1.263e-05  1.14598e-05  1.02863e-05  9.11203e-06  7.93761e-06  6.76316e-06  5.58875e-06  4.41448e-06  3.24086e-06  2.06995e-06  9.09926e-07 -2.06853e-07 -1.15269e-06 -1.42374e-06 -1.49106e-06 -1.50684e-06 -1.50968e-06 -1.50932e-06 -1.50825e-06 -1.50707e-06 -1.50595e-06 -1.50491e-06 -1.50394e-06 -1.50307e-06 -1.50228e-06 -1.50164e-06 -1.50139e-06 -1.50248e-06 -1.50872e-06 -1.53514e-06
-1.89111e-09 -2.00844e-09 -2.18446e-09 -2.41921e-09 -2.71301e-09 -3.06663e-09 -3.48141e-09 -3.95924e-09  -4.5026e-09 -5.11456e-09 -5.79875e-09 -6.55936e-09 -7.40086e-09 -8.32691e-09 -9.33605e-09 -1.04044e-08 -1.14176e-08 -1.19019e-08 -9.96329e-09  1.89726e-09  5.32923e-08  2.61069e-07   1.0862e-06  2.09773e-06  3.15643e-06  4.22702e-06  5.30057e-06  6.37484e-06  7.44927e-06  8.52373e-06  9.59819e-06  1.06725e-05  1.17463e-05  1.28176e-05  1.38789e-05  1.49007e-05  1.57661e-05  1.60142e-05  1.60759e-05  1.60905e-05  1.60932e-05  1.60931e-05  1.60923e-05  1.60915e-05  1.60907e-05  1.60901e-05  1.60895e-05  1.60891e-05  1.60888e-05  1.60885e-05  1.60884e-05  1.60884e-05  1.60885e-05  1.60886e-05  1.60889e-05  1.60893e-05  1.60898e-05  1.60904e-05  1.60911e-05   1.6092e-05  1.60929e-05  1.60938e-05  1.60941e-05  1.60918e-05  1.60786e-05  1.60223e-05  1.57951e-05   1.4893e-05  1.37873e-05    1.263e-05  1.14598e-05  1.02863e-05  9.11201e-06  7.93759e-06  6.76314e-06  5.58872e-06  4.41445e-06  3.24083e-06  2.06992e-06  9.09893e-07 -2.06889e-07 -1.15273e-06 -1.42378e-06  -1.4911e-06 -1.50689e-06 -1.50973e-06 -1.50938e-06 -1.50831e-06 -1.50714e-06 -1.50602e-06 -1.50498e-06 -1.50402e-06 -1.50315e-06 -1.50235e-06 -1.50163e-06 -1.50105e-06 -1.50082e-06 -1.50185e-06 -1.50767e-06 -1.53226e-06
-2.01036e-09 -2.18674e-09 -2.42147e-09 -2.71515e-09 -3.06864e-09  -3.4833e-09 -3.96101e-09 -4.50427e-09 -5.11613e-09 -5.80023e-09 -6.56077e-09 -7.40219e-09 -8.32818e-09 -9.33725e-09 -1.04056e-08 -1.14187e-08  -1.1903e-08 -9.96433e-09  1.89626e-09  5.32913e-08  2.61068e-07   1.0862e-06  2.09773e-06  3.15643e-06  4.22702e-06  5.30057e-06  6.37484e-06  7.44927e-06  8.52373e-06  9.59819e-06  1.06725e-05  1.17463e-05  1.28176e-05  1.38789e-05  1.49007e-05  1.57661e-05  1.60142e-05  1.60759e-05  1.60905e-05  1.60932e-05  1.60931e-05  1.60923e-05  1.60915e-05  1.60907e-05  1.60901e-05  1.60895e-05  1.60891e-05  1.60888e-05  1.60885e-05  1.60884e-05  1.60884e-05  1.60885e-05  1.60886e-05  1.60889e-05  1.60893e-05  1.60898e-05  1.60904e-05  1.60911e-05   1.6092e-05  1.60929e-05  1.60938e-05  1.60941e-05  1.60918e-05  1.60786e-05  1.60223e-05   1.5795e-05   1.4893e-05  1.37873e-05    1.263e-05  1.14597e-05  1.02863e-05  9.11199e-06  7.93757e-06  6.76312e-06   5.5887e-06  4.41443e-06  3.24081e-06  2.06989e-06  9.09865e-07  -2.0692e-07 -1.15276e-06 -1.42382e-06 -1.49114e-06 -1.50693e-06 -1.50977e-06 -1.50943e-06 -1.50836e-06 -1.50719e-06 -1.50608e-06 -1.50505e-06 -1.50409e-06 -1.50322e-06 -1.50242e-06 -1.50169e-06 -1.50104e-06 -1.50051e-06 -1.50031e-06 -1.50128e-06  -1.5067e-06 -1.52959e-06
-2.18853e-09  -2.4236e-09 -2.71726e-09 -3.07064e-09 -3.48518e-09 -3.96278e-09 -4.50593e-09 -5.11769e-09  -5.8017e-09 -6.56215e-09  -7.4035e-09 -8.32942e-09 -9.33844e-09 -1.04067e-08 -1.14198e-08  -1.1904e-08 -9.96533e-09  1.89529e-09  5.32903e-08  2.61067e-07   1.0862e-06  2.09773e-06  3.15643e-06  4.22702e-06  5.30057e-06  6.37483e-06  7.44927e-06  8.52373e-06  9.59819e-06  1.06725e-05  1.17463e-05  1.28176e-05  1.38789e-05  1.49007e-05  1.57661e-05  1.60142e-05  1.60759e-05  1.60905e-05  1.60932e-05  1.60931e-05  1.60923e-05  1.60915e-05  1.60907e-05  1.60901e-05  1.60895e-05  1.60891e-05  1.60888e-05  1.60885e-05  1.60884e-05  1.60884e-05  1.60885e-05  1.60886e-05  1.60889e-05  1.60893e-05  1.60898e-05  1.60904e-05  1.60911e-05   1.6092e-05  1.60929e-05  1.60938e-05  1.60941e-05  1.60918e-05  1.60786e-05  1.60223e-05   1.5795e-05   1.4893e-05  1.37873e-05    1.263e-05  1.14597e-05  1.02862e-05  9.11198e-06  7.93755e-06   6.7631e-06  5.58868e-06  4.41441e-06  3.24079e-06  2.06987e-06   9.0984e-07 -2.06946e-07 -1.15279e-06 -1.42385e-06 -1.49117e-06 -1.50697e-06 -1.50981e-06 -1.50947e-06  -1.5084e-06 -1.50724e-06 -1.50613e-06  -1.5051e-06 -1.50415e-06 -1.50329e-06 -1.50249e-06 -1.50176e-06 -1.50109e-06  -1.5005e-06 -1.50002e-06 -1.49985e-06 -1.50076e-06 -1.50581e-06 -1.52711e-06
-2.42527e-09 -2.71925e-09 -3.07261e-09 -3.48704e-09 -3.96454e-09 -4.50758e-09 -5.11924e-09 -5.80316e-09 -6.56352e-09  -7.4048e-09 -8.33065e-09  -9.3396e-09 -1.04078e-08 -1.14208e-08  -1.1905e-08  -9.9663e-09  1.89436e-09  5.32894e-08  2.61066e-07  1.08619e-06  2.09773e-06  3.15643e-06  4.22702e-06  5.30057e-06  6.37483e-06  7.44927e-06  8.52373e-06  9.59818e-06  1.06725e-05  1.17463e-05  1.28176e-05  1.38789e-05  1.49007e-05  1.57661e-05  1.60142e-05  1.60759e-05  1.60905e-05  1.60932e-05  1.60931e-05  1.60923e-05  1.60915e-05  1.60907e-05  1.60901e-05  1.60895e-05  1.60891e-05  1.60888e-05  1.60885e-05  1.60884e-05  1.60884e-05  1.60885e-05  1.60886e-05  1.60889e-05  1.60893e-05  1.60898e-05  1.60904e-05  1.60911e-05   1.6092e-05  1.60929e-05  1.60938e-05  1.60941e-05  1.60918e-05  1.60786e-05  1.60223e-05   1.5795e-05   1.4893e-05  1.37873e-05    1.263e-05  1.14597e-05  1.02862e-05  9.11196e-06  7.93754e-06  6.76309e-06  5.58867e-06  4.41439e-06  3.24077e-06  2.06985e-06  9.09819e-07 -2.06969e-07 -1.15281e-06 -1.42387e-06  -1.4912e-06   -1.507e-06 -1.50984e-06  -1.5095e-06 -1.50844e-06 -1.50728e-06 -1.50618e-06 -1.50515e-06 -1.50421e-06 -1.50334e-06 -1.50255e-06 -1.50182e-06 -1.50116e-06 -1.50055e-06 -1.50001e-06 -1.49957e-06 -1.49942e-06 -1.50028e-06 -1.50499e-06 -1.52482e-06
-2.72081e-09 -3.07447e-09 -3.48888e-09 -3.96628e-09 -4.50922e-09 -5.12077e-09  -5.8046e-09 -6.56488e-09 -7.40608e-09 -8.33185e-09 -9.34074e-09 -1.04089e-08 -1.14219e-08  -1.1906e-08 -9.96723e-09  1.89346e-09  5.32886e-08  2.61065e-07  1.08619e-06  2.09773e-06  3.15643e-06  4.22701e-06  5.30057e-06  6.37483e-06  7.44927e-06  8.52373e-06  9.59818e-06  1.06725e-05  1.17463e-05  1.28176e-05  1.38789e-05  1.49007e-05  1.57661e-05  1.60142e-05  1.60759e-05  1.60905e-05  1.60932e-05  1.60931e-05  1.60923e-05  1.60915e-05  1.60907e-05  1.60901e-05  1.60895e-05  1.60891e-05  1.60888e-05  1.60885e-05  1.60884e-05  1.60884e-05  1.60885e-05  1.60886e-05  1.60889e-05  1.60893e-05  1.60898e-05  1.60904e-05  1.60911e-05   1.6092e-05  1.60929e-05  1.60938e-05  1.60941e-05  1.60918e-05  1.60786e-05  1.60223e-05   1.5795e-05   1.4893e-05  1.37873e-05    1.263e-05  1.14597e-05  1.02862e-05  9.11195e-06  7.93753e-06  6.76308e-06  5.58865e-06  4.41438e-06  3.24075e-06  2.06983e-06    9.098e-07 -2.06989e-07 -1.15283e-06  -1.4239e-06 -1.49123e-06 -1.50703e-06 -1.50987e-06 -1.50953e-06 -1.50848e-06 -1.50732e-06 -1.50621e-06 -1.50519e-06 -1.50425e-06 -1.50339e-06  -1.5026e-06 -1.50188e-06 -1.50122e-06 -1.50061e-06 -1.50006e-06 -1.49956e-06 -1.49917e-06 -1.49904e-06 -1.49984e-06 -1.50424e-06 -1.52269e-06
-3.07593e-09 -3.49062e-09   -3.968e-09 -4.51085e-09 -5.12231e-09 -5.80604e-09 -6.56623e-09 -7.40735e-09 -8.33305e-09 -9.34187e-09 -1.04099e-08 -1.14229e-08  -1.1907e-08 -9.96815e-09  1.89258e-09  5.32877e-08  2.61065e-07  1.08619e-06  2.09773e-06  3.15643e-06  4.22701e-06  5.30056e-06  6.37483e-06  7.44926e-06  8.52373e-06  9.59818e-06  1.06725e-05  1.17463e-05  1.28176e-05  1.38789e-05  1.49007e-05  1.57661e-05  1.60142e-05  1.60759e-05  1.60905e-05  1.60932e-05  1.60931e-05  1.60923e-05  1.60915e-05  1.60907e-05  1.60901e-05  1.60895e-05  1.60891e-05  1.60888e-05  1.60885e-05  1.60884e-05  1.60884e-05  1.60884e-05  1.60886e-05  1.60889e-05  1.60893e-05  1.60898e-05  1.60904e-05  1.60911e-05   1.6092e-05  1.60929e-05  1.60937e-05  1.60941e-05  1.60918e-05  1.60786e-05  1.60223e-05   1.5795e-05   1.4893e-05  1.37873e-05    1.263e-05  1.14597e-05  1.02862e-05  9.11194e-06  7.93752e-06  6.76307e-06  5.58864e-06  4.41436e-06  3.24074e-06  2.06982e-06  9.09784e-07 -2.07006e-07 -1.15285e-06 -1.42392e-06 -1.49125e-06 -1.50705e-06  -1.5099e-06 -1.50956e-06 -1.50851e-06 -1.50735e-06 -1.50625e-06 -1.50523e-06 -1.50429e-06 -1.50343e-06 -1.50265e-06 -1.50193e-06 -1.50127e-06 -1.50066e-06 -1.50011e-06 -1.49961e-06 -1.49916e-06  -1.4988e-06 -1.49869e-06 -1.49945e-06 -1.50354e-06 -1.52071e-06
-3.49198e-09 -3.96962e-09 -4.51245e-09 -5.12383e-09 -5.80747e-09 -6.56757e-09 -7.40861e-09 -8.33423e-09 -9.34298e-09  -1.0411e-08 -1.14239e-08 -1.19079e-08 -9.96905e-09  1.89173e-09  5.32869e-08  2.61064e-07  1.08619e-06  2.09773e-06  3.15643e-06  4.22701e-06  5.30056e-06  6.37483e-06  7.44926e-06  8.52373e-06  9.59818e-06  1.06725e-05  1.17463e-05  1.28176e-05  1.38789e-05  1.49007e-05  1.57661e-05  1.60142e-05  1.60759e-05  1.60905e-05  1.60932e-05  1.60931e-05  1.60923e-05  1.60915e-05  1.60907e-05  1.60901e-05  1.60895e-05  1.60891e-05  1.60888e-05  1.60885e-05  1.60884e-05  1.60884e-05  1.60884e-05  1.60886e-05  1.60889e-05  1.60893e-05  1.60898e-05  1.60904e-05  1.60911e-05   1.6092e-05  1.60929e-05  1.60937e-05  1.60941e-05  1.60917e-05  1.60786e-05  1.60223e-05   1.5795e-05   1.4893e-05  1.37872e-05    1.263e-05  1.14597e-05  1.02862e-05  9.11194e-06  7.93751e-06  6.76306e-06  5.58863e-06  4.41435e-06  3.24073e-06   2.0698e-06  9.09771e-07 -2.07021e-07 -1.15287e-06 -1.42393e-06 -1.49127e-06 -1.50707e-06 -1.50992e-06 -1.50958e-06 -1.50853e-06 -1.50738e-06 -1.50628e-06 -1.50526e-06 -1.50432e-06 -1.50347e-06 -1.50268e-06 -1.50197e-06 -1.50131e-06 -1.50071e-06 -1.50016e-06 -1.49966e-06  -1.4992e-06 -1.49879e-06 -1.49847e-06 -1.49837e-06 -1.49909e-06  -1.5029e-06 -1.51888e-06
-3.97089e-09 -4.51396e-09 -5.12533e-09 -5.80889e-09 -6.56891e-09 -7.40986e-09 -8.33541e-09 -9.34409e-09  -1.0412e-08 -1.14249e-08 -1.19088e-08 -9.96993e-09  1.89089e-09  5.32861e-08  2.61063e-07  1.08619e-06  2.09772e-06  3.15642e-06  4.22701e-06  5.30056e-06  6.37483e-06  7.44926e-06  8.52373e-06  9.59818e-06  1.06725e-05  1.17463e-05  1.28176e-05  1.38789e-05  1.49007e-05  1.57661e-05  1.60142e-05  1.60759e-05  1.60905e-05  1.60932e-05  1.60931e-05  1.60923e-05  1.60915e-05  1.60907e-05  1.60901e-05  1.60895e-05  1.60891e-05  1.60888e-05  1.60885e-05  1.60884e-05  1.60884e-05  1.60884e-05  1.60886e-05  1.60889e-05  1.60893e-05  1.60898e-05  1.60904e-05  1.60911e-05  1.60919e-05  1.60929e-05  1.60937e-05  1.60941e-05  1.60917e-05  1.60786e-05  1.60223e-05   1.5795e-05   1.4893e-05  1.37872e-05    1.263e-05  1.14597e-05  1.02862e-05  9.11193e-06   7.9375e-06  6.76305e-06  5.58862e-06  4.41434e-06  3.24072e-06  2.06979e-06  9.09759e-07 -2.07033e-07 -1.15288e-06 -1.42395e-06 -1.49128e-06 -1.50709e-06 -1.50994e-06  -1.5096e-06 -1.50855e-06  -1.5074e-06  -1.5063e-06 -1.50528e-06 -1.50435e-06  -1.5035e-06 -1.50272e-06   -1.502e-06 -1.50135e-06 -1.50075e-06 -1.50021e-06 -1.49971e-06 -1.49925e-06 -1.49883e-06 -1.49846e-06 -1.49817e-06 -1.49808e-06 -1.49875e-06 -1.50231e-06 -1.51719e-06
-4.51516e-09 -5.12674e-09 -5.81029e-09 -6.57024e-09 -7.41111e-09 -8.33658e-09 -9.34519e-09 -1.04131e-08 -1.14258e-08 -1.19097e-08 -9.97079e-09  1.89007e-09  5.32853e-08  2.61062e-07  1.08619e-06  2.09772e-06  3.15642e-06  4.22701e-06  5.30056e-06  6.37483e-06  7.44926e-06  8.52373e-06  9.59818e-06  1.06725e-05  1.17463e-05  1.28176e-05  1.38789e-05  1.49007e-05  1.57661e-05  1.60142e-05  1.60759e-05  1.60905e-05  1.60932e-05  1.60931e-05  1.60923e-05  1.60915e-05  1.60907e-05  1.60901e-05  1.60895e-05  1.60891e-05  1.60887e-05  1.60885e-05  1.60884e-05  1.60884e-05  1.60884e-05  1.60886e-05  1.60889e-05  1.60893e-05  1.60898e-05  1.60904e-05  1.60911e-05  1.60919e-05  1.60929e-05  1.60937e-05  1.60941e-05  1.60917e-05  1.60786e-05  1.60223e-05   1.5795e-05   1.4893e-05  1.37872e-05  1.26299e-05  1.14597e-05  1.02862e-05  9.11192e-06  7.93749e-06  6.76304e-06  5.58862e-06  4.41434e-06  3.24071e-06  2.06978e-06  9.09749e-07 -2.07044e-07 -1.15289e-06 -1.42396e-06  -1.4913e-06  -1.5071e-06 -1.50995e-06 -1.50962e-06 -1.50857e-06 -1.50742e-06 -1.50632e-06 -1.50531e-06 -1.50438e-06 -1.50352e-06 -1.50275e-06 -1.50203e-06 -1.50138e-06 -1.50079e-06 -1.50024e-06 -1.49975e-06 -1.49929e-06 -1.49887e-06  -1.4985e-06 -1.49816e-06 -1.49789e-06 -1.49782e-06 -1.49845e-06 -1.50177e-06 -1.51561e-06
-5.12785e-09 -5.81161e-09 -6.57154e-09 -7.41235e-09 -8.33775e-09 -9.34628e-09 -1.04141e-08 -1.14268e-08 -1.19106e-08 -9.97165e-09  1.88926e-09  5.32846e-08  2.61062e-07  1.08619e-06  2.09772e-06  3.15642e-06  4.22701e-06  5.30056e-06  6.37483e-06  7.44926e-06  8.52373e-06  9.59818e-06  1.06725e-05  1.17463e-05  1.28176e-05  1.38789e-05  1.49007e-05  1.57661e-05  1.60142e-05  1.60759e-05  1.60905e-05  1.60932e-05  1.60931e-05  1.60923e-05  1.60915e-05  1.60907e-05  1.60901e-05  1.60895e-05  1.60891e-05  1.60887e-05  1.60885e-05  1.60884e-05  1.60884e-05  1.60884e-05  1.60886e-05  1.60889e-05  1.60893e-05  1.60898e-05  1.60904e-05  1.60911e-05  1.60919e-05  1.60929e-05  1.60937e-05  1.60941e-05  1.60917e-05  1.60786e-05  1.60223e-05   1.5795e-05   1.4893e-05  1.37872e-05  1.26299e-05  1.14597e-05  1.02862e-05  9.11192e-06  7.93749e-06  6.76304e-06  5.58861e-06  4.41433e-06   3.2407e-06  2.06978e-06   9.0974e-07 -2.07054e-07  -1.1529e-06 -1.42397e-06 -1.49131e-06 -1.50711e-06 -1.50997e-06 -1.50963e-06 -1.50859e-06 -1.50744e-06 -1.50634e-06 -1.50533e-06  -1.5044e-06 -1.50355e-06 -1.50277e-06 -1.50206e-06 -1.50141e-06 -1.50082e-06 -1.50028e-06 -1.49978e-06 -1.49933e-06 -1.49892e-06 -1.49854e-06 -1.49819e-06 -1.49789e-06 -1.49765e-06 -1.49759e-06 -1.49818e-06 -1.50127e-06 -1.51416e-06
-5.81265e-09 -6.57278e-09 -7.41357e-09  -8.3389e-09 -9.34737e-09 -1.04151e-08 -1.14278e-08 -1.19116e-08  -9.9725e-09  1.88846e-09  5.32838e-08  2.61061e-07  1.08619e-06  2.09772e-06  3.15642e-06  4.22701e-06  5.30056e-06  6.37483e-06  7.44926e-06  8.52373e-06  9.59818e-06  1.06725e-05  1.17463e-05  1.28176e-05  1.38789e-05  1.49007e-05  1.57661e-05  1.60142e-05  1.60759e-05  1.60905e-05  1.60932e-05  1.60931e-05  1.60923e-05  1.60915e-05  1.60907e-05  1.60901e-05  1.60895e-05  1.60891e-05  1.60887e-05  1.60885e-05  1.60884e-05  1.60884e-05  1.60884e-05  1.60886e-05  1.60889e-05  1.60893e-05  1.60898e-05  1.60904e-05  1.60911e-05  1.60919e-05  1.60929e-05  1.60937e-05  1.60941e-05  1.60917e-05  1.60786e-05  1.60223e-05   1.5795e-05   1.4893e-05  1.37872e-05  1.26299e-05  1.14597e-05  1.02862e-05  9.11191e-06  7.93748e-06  6.76303e-06   5.5886e-06  4.41432e-06  3.24069e-06  2.06977e-06  9.09733e-07 -2.07062e-07 -1.15291e-06 -1.42398e-06 -1.49132e-06 -1.50713e-06 -1.50998e-06 -1.50965e-06  -1.5086e-06 -1.50745e-06 -1.50636e-06 -1.50534e-06 -1.50442e-06 -1.50357e-06 -1.50279e-06 -1.50208e-06 -1.50144e-06 -1.50085e-06 -1.50031e-06 -1.49981e-06 -1.49936e-06 -1.49895e-06 -1.49857e-06 -1.49823e-06 -1.49792e-06 -1.49764e-06 -1.49742e-06 -1.49737e-06 -1.49793e-06 -1.50081e-06  -1.5128e-06
-6.57375e-09 -7.41472e-09 -8.34004e-09 -9.34845e-09 -1.04161e-08 -1.14287e-08 -1.19124e-08 -9.97334e-09  1.88767e-09  5.32831e-08   2.6106e-07  1.08619e-06  2.09772e-06  3.15642e-06  4.22701e-06  5.30056e-06  6.37483e-06  7.44926e-06  8.52373e-06  9.59818e-06  1.06725e-05  1.17463e-05  1.28176e-05  1.38789e-05  1.49007e-05  1.57661e-05  1.60142e-05  1.60759e-05  1.60905e-05  1.60932e-05  1.60931e-05  1.60923e-05  1.60915e-05  1.60907e-05  1.60901e-05  1.60895e-05  1.60891e-05  1.60887e-05  1.60885e-05  1.60884e-05  1.60884e-05  1.60884e-05  1.60886e-05  1.60889e-05  1.60893e-05  1.60898e-05  1.60904e-05  1.60911e-05  1.60919e-05  1.60929e-05  1.60937e-05   1.6094e-05  1.60917e-05  1.60786e-05  1.60223e-05   1.5795e-05   1.4893e-05  1.37872e-05  1.26299e-05  1.14597e-05  1.02862e-05  9.11191e-06  7.93748e-06  6.76303e-06   5.5886e-06  4.41432e-06  3.24069e-06  2.06976e-06  9.09726e-07 -2.07069e-07 -1.15292e-06 -1.42399e-06 -1.49133e-06 -1.50713e-06 -1.50999e-06 -1.50966e-06 -1.50861e-06 -1.50746e-06 -1.50637e-06 -1.50536e-06 -1.50443e-06 -1.50358e-06 -1.50281e-06  -1.5021e-06 -1.50146e-06 -1.50087e-06 -1.50033e-06 -1.49984e-06 -1.49939e-06 -1.49898e-06 -1.49861e-06 -1.49826e-06 -1.49795e-06 -1.49767e-06 -1.49742e-06 -1.49722e-06 -1.49718e-06  -1.4977e-06 -1.50039e-06 -1.51155e-06
-7.41563e-09 -8.34112e-09 -9.34951e-09 -1.04171e-08 -1.14297e-08 -1.19133e-08 -9.97417e-09  1.88688e-09  5.32823e-08  2.61059e-07  1.08619e-06  2.09772e-06  3.15642e-06  4.22701e-06  5.30056e-06  6.37483e-06  7.44926e-06  8.52373e-06  9.59818e-06  1.06725e-05  1.17463e-05  1.28176e-05  1.38789e-05  1.49007e-05  1.57661e-05  1.60142e-05  1.60759e-05  1.60905e-05  1.60932e-05  1.60931e-05  1.60923e-05  1.60915e-05  1.60907e-05  1.60901e-05  1.60895e-05  1.60891e-05  1.60887e-05  1.60885e-05  1.60884e-05  1.60884e-05  1.60884e-05  1.60886e-05  1.60889e-05  1.60893e-05  1.60898e-05  1.60904e-05  1.60911e-05  1.60919e-05  1.60929e-05  1.60937e-05   1.6094e-05  1.60917e-05  1.60786e-05  1.60222e-05   1.5795e-05   1.4893e-05  1.37872e-05  1.26299e-05  1.14597e-05  1.02862e-05  9.11191e-06  7.93748e-06  6.76302e-06   5.5886e-06  4.41431e-06  3.24068e-06  2.06976e-06  9.09721e-07 -2.07075e-07 -1.15293e-06   -1.424e-06 -1.49133e-06 -1.50714e-06    -1.51e-06 -1.50967e-06 -1.50862e-06 -1.50748e-06 -1.50638e-06 -1.50537e-06 -1.50444e-06  -1.5036e-06 -1.50283e-06 -1.50212e-06 -1.50148e-06 -1.50089e-06 -1.50035e-06 -1.49986e-06 -1.49942e-06 -1.49901e-06 -1.49864e-06  -1.4983e-06 -1.49798e-06  -1.4977e-06 -1.49744e-06 -1.49721e-06 -1.49704e-06 -1.49701e-06  -1.4975e-06     -1.5e-06 -1.51039e-06
 -9.5626e-09 -1.07938e-08 -1.18373e-08 -1.27688e-08 -1.31623e-08 -1.11356e-08  8.07725e-10  5.22799e-08  2.60128e-07  1.08532e-06  2.09692e-06  3.15568e-06  4.22632e-06  5.29992e-06  6.37423e-06  7.44871e-06  8.52321e-06   9.5977e-06  1.06721e-05  1.17459e-05  1.28172e-05  1.38785e-05  1.49004e-05  1.57658e-05  1.60139e-05  1.60756e-05  1.60902e-05   1.6093e-05  1.60929e-05  1.60921e-05  1.60913e-05  1.60906e-05  1.60899e-05  1.60894e-05  1.60889e-05  1.60886e-05  1.60884e-05  1.60883e-05  1.60883e-05  1.60883e-05  1.60885e-05  1.60888e-05  1.60892e-05  1.60897e-05  1.60903e-05   1.6091e-05  1.60919e-05  1.60928e-05  1.60937e-05   1.6094e-05  1.60917e-05  1.60785e-05  1.60222e-05  1.57949e-05  1.48929e-05  1.37872e-05  1.26299e-05  1.14596e-05  1.02861e-05  9.11184e-06   7.9374e-06  6.76294e-06  5.58851e-06  4.41422e-06  3.24058e-06  2.06964e-06  9.09595e-07 -2.07213e-07 -1.15308e-06 -1.42417e-06 -1.49152e-06 -1.50735e-06 -1.51023e-06 -1.50992e-06  -1.5089e-06 -1.50779e-06 -1.50672e-06 -1.50575e-06 -1.50486e-06 -1.50406e-06 -1.50334e-06 -1.50268e-06  -1.5021e-06 -1.50157e-06 -1.50111e-06 -1.50069e-06 -1.50033e-06 -1.50002e-06 -1.49974e-06 -1.49951e-06 -1.49932e-06 -1.49916e-06   -1.499e-06 -1.49875e-06 -1.49802e-06 -1.49532e-06 -1.48475e-06 -1.44303e-06 -1.27832e-06  -6.2836e-07
-1.20688e-08 -1.33449e-08 -1.42512e-08 -1.45602e-08 -1.24394e-08 -4.04702e-10  5.11533e-08  2.59082e-07  1.08435e-06  2.09602e-06  3.15484e-06  4.22554e-06  5.29919e-06  6.37356e-06  7.44808e-06  8.52263e-06  9.59716e-06  1.06716e-05  1.17454e-05  1.28167e-05  1.38781e-05     1.49e-05  1.57655e-05  1.60136e-05  1.60753e-05    1.609e-05  1.60927e-05  1.60926e-05  1.60919e-05  1.60911e-05  1.60904e-05  1.60897e-05  1.60892e-05  1.60888e-05  1.60885e-05  1.60883e-05  1.60882e-05  1.60882e-05  1.60882e-05  1.60884e-05  1.60887e-05  1.60891e-05  1.60896e-05  1.60902e-05   1.6091e-05  1.60918e-05  1.60927e-05  1.60936e-05  1.60939e-05  1.60916e-05  1.60785e-05  1.60221e-05  1.57949e-05  1.48929e-05  1.37871e-05  1.26298e-05  1.14595e-05   1.0286e-05  9.11176e-06  7.93732e-06  6.76285e-06  5.58841e-06  4.41411e-06  3.24046e-06  2.06952e-06  9.09457e-07 -2.07365e-07 -1.15325e-06 -1.42435e-06 -1.49172e-06 -1.50757e-06 -1.51047e-06 -1.51019e-06  -1.5092e-06 -1.50812e-06 -1.50709e-06 -1.50615e-06 -1.50531e-06 -1.50455e-06 -1.50387e-06 -1.50328e-06 -1.50275e-06 -1.50229e-06  -1.5019e-06 -1.50156e-06 -1.50129e-06 -1.50106e-06  -1.5009e-06 -1.50078e-06 -1.50071e-06 -1.50068e-06 -1.50065e-06  -1.5005e-06 -1.49972e-06 -1.49632e-06 -1.48242e-06 -1.42694e-06 -1.20732e-06 -3.40031e-07  5.19044e-07
-1.46161e-08 -1.57543e-08 -1.60382e-08 -1.38331e-08 -1.70461e-09  4.99445e-08  2.57959e-07  1.08331e-06  2.09505e-06  3.15394e-06   4.2247e-06  5.29842e-06  6.37284e-06  7.44741e-06  8.52201e-06  9.59658e-06   1.0671e-05  1.17449e-05  1.28163e-05  1.38777e-05  1.48996e-05  1.57651e-05  1.60132e-05   1.6075e-05  1.60897e-05  1.60925e-05  1.60924e-05  1.60917e-05  1.60909e-05  1.60902e-05  1.60895e-05   1.6089e-05  1.60886e-05  1.60883e-05  1.60881e-05   1.6088e-05   1.6088e-05  1.60881e-05  1.60883e-05  1.60886e-05   1.6089e-05  1.60895e-05  1.60902e-05  1.60909e-05  1.60917e-05  1.60927e-05  1.60935e-05  1.60939e-05  1.60916e-05  1.60784e-05  1.60221e-05  1.57948e-05  1.48928e-05   1.3787e-05  1.26297e-05  1.14595e-05   1.0286e-05  9.11168e-06  7.93724e-06  6.76277e-06  5.58832e-06  4.41401e-06  3.24035e-06   2.0694e-06  9.09328e-07 -2.07506e-07  -1.1534e-06 -1.42452e-06 -1.49191e-06 -1.50778e-06  -1.5107e-06 -1.51044e-06 -1.50948e-06 -1.50842e-06 -1.50742e-06 -1.50652e-06 -1.50571e-06   -1.505e-06 -1.50437e-06 -1.50382e-06 -1.50335e-06 -1.50295e-06 -1.50262e-06 -1.50236e-06 -1.50216e-06 -1.50203e-06 -1.50196e-06 -1.50194e-06 -1.50199e-06 -1.50208e-06 -1.50218e-06 -1.50217e-06 -1.50149e-06 -1.49804e-06 -1.48341e-06 -1.42452e-06 -1.19084e-06 -2.67434e-07  8.13737e-07  1.73268e-06
-1.70241e-08 -1.75396e-08 -1.53094e-08  -3.0967e-09  4.86461e-08  2.56751e-07  1.08219e-06    2.094e-06  3.15297e-06   4.2238e-06  5.29758e-06  6.37206e-06  7.44669e-06  8.52134e-06  9.59596e-06  1.06705e-05  1.17444e-05  1.28158e-05  1.38773e-05  1.48992e-05  1.57647e-05  1.60129e-05  1.60747e-05  1.60893e-05  1.60922e-05  1.60921e-05  1.60914e-05  1.60906e-05  1.60899e-05  1.60893e-05  1.60888e-05  1.60885e-05  1.60882e-05   1.6088e-05  1.60879e-05  1.60879e-05   1.6088e-05  1.60882e-05  1.60885e-05  1.60889e-05  1.60894e-05  1.60901e-05  1.60908e-05  1.60917e-05  1.60926e-05  1.60935e-05  1.60938e-05  1.60915e-05  1.60783e-05   1.6022e-05  1.57948e-05  1.48927e-05   1.3787e-05  1.26297e-05  1.14594e-05  1.02859e-05  9.11161e-06  7.93716e-06  6.76269e-06  5.58823e-06  4.41392e-06  3.24026e-06  2.06929e-06  9.09212e-07 -2.07633e-07 -1.15354e-06 -1.42467e-06 -1.49208e-06 -1.50796e-06  -1.5109e-06 -1.51066e-06 -1.50972e-06 -1.50869e-06 -1.50772e-06 -1.50685e-06 -1.50608e-06  -1.5054e-06 -1.50481e-06 -1.50431e-06 -1.50388e-06 -1.50354e-06 -1.50327e-06 -1.50308e-06 -1.50295e-06  -1.5029e-06 -1.50291e-06 -1.50299e-06 -1.50314e-06 -1.50334e-06 -1.50357e-06 -1.50368e-06 -1.50314e-06 -1.49979e-06 -1.48511e-06 -1.42551e-06 -1.18849e-06 -2.51289e-07  8.84943e-07   2.0218e-06   2.9623e-06
-1.88085e-08 -1.68098e-08 -4.57204e-09  4.72549e-08  2.55454e-07  1.08098e-06  2.09288e-06  3.15193e-06  4.22283e-06  5.29668e-06  6.37123e-06  7.44592e-06  8.52062e-06  9.59529e-06  1.06698e-05  1.17438e-05  1.28152e-05  1.38768e-05  1.48987e-05  1.57643e-05  1.60125e-05  1.60743e-05   1.6089e-05  1.60919e-05  1.60918e-05  1.60911e-05  1.60904e-05  1.60897e-05  1.60891e-05  1.60886e-05  1.60883e-05   1.6088e-05  1.60878e-05  1.60877e-05  1.60878e-05  1.60879e-05  1.60881e-05  1.60884e-05  1.60888e-05  1.60893e-05    1.609e-05  1.60907e-05  1.60916e-05  1.60925e-05  1.60934e-05  1.60937e-05  1.60914e-05  1.60783e-05  1.60219e-05  1.57947e-05  1.48927e-05  1.37869e-05  1.26296e-05  1.14593e-05  1.02858e-05  9.11155e-06  7.93709e-06  6.76261e-06  5.58816e-06  4.41384e-06  3.24017e-06   2.0692e-06  9.09109e-07 -2.07745e-07 -1.15366e-06 -1.42481e-06 -1.49223e-06 -1.50813e-06 -1.51108e-06 -1.51086e-06 -1.50994e-06 -1.50893e-06 -1.50799e-06 -1.50714e-06  -1.5064e-06 -1.50575e-06  -1.5052e-06 -1.50474e-06 -1.50436e-06 -1.50407e-06 -1.50385e-06 -1.50371e-06 -1.50365e-06 -1.50367e-06 -1.50376e-06 -1.50392e-06 -1.50416e-06 -1.50447e-06 -1.50481e-06 -1.50505e-06 -1.50464e-06 -1.50141e-06 -1.48684e-06 -1.42719e-06 -1.18948e-06 -2.49035e-07  9.00602e-07  2.09099e-06  3.24334e-06  4.19524e-06
 -1.8078e-08 -6.07167e-09  4.57803e-08  2.54063e-07  1.07968e-06  2.09168e-06  3.15081e-06  4.22179e-06  5.29572e-06  6.37033e-06  7.44508e-06  8.51985e-06  9.59458e-06  1.06692e-05  1.17432e-05  1.28147e-05  1.38762e-05  1.48982e-05  1.57638e-05  1.60121e-05  1.60739e-05  1.60886e-05  1.60915e-05  1.60915e-05  1.60908e-05  1.60901e-05  1.60894e-05  1.60889e-05  1.60884e-05  1.60881e-05  1.60878e-05  1.60876e-05  1.60876e-05  1.60876e-05  1.60877e-05   1.6088e-05  1.60883e-05  1.60887e-05  1.60892e-05  1.60899e-05  1.60906e-05  1.60915e-05  1.60924e-05  1.60933e-05  1.60937e-05  1.60914e-05  1.60782e-05  1.60219e-05  1.57946e-05  1.48926e-05  1.37869e-05  1.26296e-05  1.14593e-05  1.02858e-05  9.11148e-06  7.93703e-06  6.76255e-06  5.58809e-06  4.41377e-06  3.24009e-06  2.06911e-06  9.09016e-07 -2.07846e-07 -1.15377e-06 -1.42493e-06 -1.49236e-06 -1.50827e-06 -1.51124e-06 -1.51104e-06 -1.51013e-06 -1.50914e-06 -1.50822e-06  -1.5074e-06 -1.50668e-06 -1.50607e-06 -1.50555e-06 -1.50512e-06 -1.50479e-06 -1.50454e-06 -1.50437e-06 -1.50428e-06 -1.50428e-06 -1.50436e-06 -1.50452e-06 -1.50476e-06 -1.50508e-06 -1.50548e-06 -1.50592e-06 -1.50627e-06 -1.50598e-06 -1.50288e-06 -1.48844e-06  -1.4289e-06 -1.19114e-06 -2.50032e-07  9.02754e-07  2.10615e-06  3.31045e-06  4.46801e-06  5.42832e-06
-7.33933e-09  4.42814e-08  2.52589e-07  1.07829e-06  2.09038e-06   3.1496e-06  4.22067e-06  5.29468e-06  6.36936e-06  7.44418e-06  8.51901e-06   9.5938e-06  1.06684e-05  1.17425e-05   1.2814e-05  1.38756e-05  1.48977e-05  1.57633e-05  1.60116e-05  1.60735e-05  1.60882e-05  1.60911e-05  1.60912e-05  1.60905e-05  1.60898e-05  1.60892e-05  1.60886e-05  1.60882e-05  1.60878e-05  1.60876e-05  1.60875e-05  1.60874e-05  1.60874e-05  1.60876e-05  1.60878e-05  1.60882e-05  1.60886e-05  1.60891e-05  1.60898e-05  1.60905e-05  1.60914e-05  1.60923e-05  1.60932e-05  1.60936e-05  1.60913e-05  1.60781e-05  1.60218e-05  1.57946e-05  1.48926e-05  1.37868e-05  1.26295e-05  1.14592e-05  1.02857e-05  9.11143e-06  7.93697e-06  6.76249e-06  5.58802e-06   4.4137e-06  3.24002e-06  2.06903e-06  9.08933e-07 -2.07936e-07 -1.15387e-06 -1.42503e-06 -1.49247e-06  -1.5084e-06 -1.51138e-06 -1.51119e-06  -1.5103e-06 -1.50933e-06 -1.50843e-06 -1.50763e-06 -1.50694e-06 -1.50635e-06 -1.50586e-06 -1.50546e-06 -1.50516e-06 -1.50495e-06 -1.50483e-06 -1.50479e-06 -1.50484e-06 -1.50497e-06  -1.5052e-06 -1.50551e-06 -1.50591e-06 -1.50639e-06 -1.50692e-06 -1.50736e-06 -1.50718e-06  -1.5042e-06 -1.48988e-06 -1.43047e-06 -1.19282e-06 -2.51671e-07  9.01755e-07   2.1082e-06  3.32514e-06  4.53315e-06  5.69321e-06  6.66081e-06
 4.30142e-08  2.51091e-07  1.07682e-06  2.08899e-06  3.14831e-06  4.21947e-06  5.29356e-06  6.36832e-06  7.44322e-06  8.51811e-06  9.59297e-06  1.06677e-05  1.17418e-05  1.28134e-05   1.3875e-05  1.48971e-05  1.57628e-05  1.60111e-05   1.6073e-05  1.60878e-05  1.60908e-05  1.60908e-05  1.60902e-05  1.60895e-05  1.60889e-05  1.60884e-05  1.60879e-05  1.60876e-05  1.60874e-05  1.60872e-05  1.60872e-05  1.60873e-05  1.60874e-05  1.60877e-05   1.6088e-05  1.60885e-05   1.6089e-05  1.60897e-05  1.60904e-05  1.60913e-05  1.60922e-05  1.60932e-05  1.60935e-05  1.60912e-05  1.60781e-05  1.60217e-05  1.57945e-05  1.48925e-05  1.37867e-05  1.26294e-05  1.14592e-05  1.02857e-05  9.11137e-06  7.93691e-06  6.76243e-06  5.58796e-06  4.41363e-06  3.23995e-06  2.06896e-06  9.08858e-07 -2.08017e-07 -1.15396e-06 -1.42513e-06 -1.49258e-06 -1.50851e-06  -1.5115e-06 -1.51133e-06 -1.51045e-06  -1.5095e-06 -1.50861e-06 -1.50783e-06 -1.50716e-06  -1.5066e-06 -1.50613e-06 -1.50577e-06  -1.5055e-06 -1.50532e-06 -1.50523e-06 -1.50524e-06 -1.50534e-06 -1.50552e-06  -1.5058e-06 -1.50617e-06 -1.50664e-06  -1.5072e-06 -1.50781e-06 -1.50834e-06 -1.50826e-06 -1.50539e-06 -1.49118e-06  -1.4319e-06 -1.19438e-06 -2.53328e-07  9.00134e-07   2.1072e-06  3.32711e-06   4.5474e-06  5.75652e-06  6.91833e-06  7.89256e-06
 2.49824e-07  1.07532e-06  2.08752e-06  3.14692e-06  4.21817e-06  5.29235e-06   6.3672e-06  7.44218e-06  8.51715e-06  9.59207e-06  1.06668e-05   1.1741e-05  1.28127e-05  1.38744e-05  1.48965e-05  1.57622e-05  1.60106e-05  1.60725e-05  1.60873e-05  1.60903e-05  1.60904e-05  1.60898e-05  1.60892e-05  1.60886e-05  1.60881e-05  1.60877e-05  1.60874e-05  1.60871e-05   1.6087e-05   1.6087e-05  1.60871e-05  1.60872e-05  1.60875e-05  1.60879e-05  1.60883e-05  1.60889e-05  1.60895e-05  1.60903e-05  1.60912e-05  1.60922e-05  1.60931e-05  1.60934e-05  1.60911e-05   1.6078e-05  1.60217e-05  1.57944e-05  1.48924e-05  1.37867e-05  1.26294e-05  1.14591e-05  1.02856e-05  9.11131e-06  7.93686e-06  6.76237e-06   5.5879e-06  4.41357e-06  3.23989e-06   2.0689e-06  9.08789e-07  -2.0809e-07 -1.15404e-06 -1.42521e-06 -1.49267e-06 -1.50861e-06 -1.51161e-06 -1.51145e-06 -1.51059e-06 -1.50964e-06 -1.50878e-06 -1.50801e-06 -1.50736e-06 -1.50682e-06 -1.50637e-06 -1.50604e-06 -1.50579e-06 -1.50565e-06  -1.5056e-06 -1.50564e-06 -1.50578e-06 -1.50601e-06 -1.50634e-06 -1.50677e-06  -1.5073e-06 -1.50792e-06  -1.5086e-06 -1.50922e-06 -1.50922e-06 -1.50645e-06 -1.49235e-06 -1.43318e-06 -1.19578e-06 -2.54862e-07  8.98498e-07   2.1056e-06   3.3261e-06  4.54928e-06  5.77035e-06  6.97991e-06   8.1432e-06  9.12356e-06
  -0.0204881   -0.0213809   -0.0204595   -0.0191596   -0.0178394   -0.0165843    -0.015411   -0.0143191   -0.0133042   -0.0123612    -0.011485    -0.010671  -0.00991463  -0.00921195   -0.0085591  -0.00795254  -0.00738899   -0.0068654  -0.00637893  -0.00592695  -0.00550702  -0.00511685  -0.00475435  -0.00441754   -0.0041046  -0.00381385   -0.0035437   -0.0032927  -0.00305949   -0.0028428  -0.00264147  -0.00245441   -0.0022806  -0.00211911  -0.00196905  -0.00182963  -0.00170009  -0.00157973  -0.00146789  -0.00136397  -0.00126741   -0.0011777  -0.00109433  -0.00101688 -0.000944903 -0.000878027 -0.000815888 -0.000758148 -0.000704497 -0.000654645 -0.000608322 -0.000565279 -0.000525283 -0.000488119 -0.000453585 -0.000421496 -0.000391679 -0.000363972 -0.000338226 -0.000314302 -0.000292071 -0.000271413 -0.000252218  -0.00023438 -0.000217805 -0.000202402 -0.000188089 -0.000174789  -0.00016243 -0.000150945 -0.000140272 -0.000130354 -0.000121138 -0.000112574 -0.000104615 -9.72186e-05 -9.03456e-05 -8.39584e-05 -7.80229e-05 -7.25069e-05 -6.73808e-05 -6.26171e-05   -5.819e-05 -5.40757e-05 -5.02521e-05 -4.66986e-05 -4.33962e-05 -4.03269e-05 -3.74744e-05 -3.48233e-05 -3.23592e-05  -3.0069e-05   -2.794e-05   -2.596e-05 -2.41153e-05 -2.23833e-05 -2.07054e-05 -1.88779e-05 -1.61229e-05  -9.3955e-06
  -0.0213818   -0.0204605   -0.0191606   -0.0178403   -0.0165851   -0.0154118   -0.0143198   -0.0133049   -0.0123618   -0.0114856   -0.0106715  -0.00991514  -0.00921242  -0.00855954  -0.00795295  -0.00738937  -0.00686575  -0.00637926  -0.00592726   -0.0055073  -0.00511712  -0.00475459  -0.00441777  -0.00410482  -0.00381405  -0.00354388  -0.00329287  -0.00305965  -0.00284295  -0.00264161  -0.00245454  -0.00228072  -0.00211922  -0.00196917  -0.00182974  -0.00170019  -0.00157982  -0.00146798  -0.00136406   -0.0012675  -0.00117777  -0.00109439  -0.00101685 -0.000944588 -0.000876553 -0.000812993 -0.000753767 -0.000698613 -0.000647255 -0.000599425 -0.000554874 -0.000513372   -0.0004747  -0.00043866 -0.000405065 -0.000373746 -0.000344551 -0.000317372 -0.000292235 -0.000269655 -0.000248911 -0.000229694 -0.000211852 -0.000195276 -0.000179874 -0.000165562 -0.000152263 -0.000139904  -0.00012842 -0.000117748  -0.00010783 -9.86145e-05 -9.00505e-05 -8.20921e-05 -7.46965e-05 -6.78238e-05  -6.1437e-05 -5.55018e-05 -4.99861e-05 -4.48604e-05 -4.00969e-05 -3.56701e-05 -3.15561e-05 -2.77328e-05 -2.41796e-05 -2.08775e-05 -1.78085e-05 -1.49563e-05 -1.23054e-05 -9.84172e-06 -7.55186e-06  -5.4235e-06   -3.445e-06 -1.60499e-06  1.09395e-07  1.71903e-06  3.27859e-06  4.97805e-06  7.54284e-06  1.38124e-05
   -0.020463   -0.0191635   -0.0178432   -0.0165879   -0.0154143   -0.0143222   -0.0133071   -0.0123638   -0.0114875   -0.0106733  -0.00991678  -0.00921395  -0.00856095  -0.00795426  -0.00739059  -0.00686689  -0.00638032  -0.00592824  -0.00550822  -0.00511797  -0.00475539  -0.00441851   -0.0041055  -0.00381469  -0.00354448  -0.00329343  -0.00306017  -0.00284344  -0.00264207  -0.00245497  -0.00228113   -0.0021196  -0.00196952  -0.00183008  -0.00170051  -0.00158012  -0.00146827  -0.00136433  -0.00126776  -0.00117801  -0.00109457  -0.00101682 -0.000943726 -0.000872447 -0.000804913 -0.000741529 -0.000682172 -0.000626598 -0.000574551 -0.000525784 -0.000480064 -0.000437176 -0.000396921 -0.000359114 -0.000323592 -0.000290233 -0.000259047 -0.000230515 -0.000206961 -0.000185971 -0.000166694 -0.000148839 -0.000132262 -0.000116861 -0.000102551 -8.92536e-05 -7.68966e-05 -6.54137e-05 -5.47431e-05 -4.48271e-05 -3.56123e-05 -2.70493e-05 -1.90917e-05 -1.16969e-05 -4.82488e-06  1.56127e-06  7.49594e-06  1.30111e-05  1.81364e-05  2.28994e-05  2.73259e-05  3.14395e-05  3.52624e-05  3.88153e-05  4.21172e-05  4.51859e-05  4.80378e-05  5.06884e-05  5.31518e-05  5.54413e-05  5.75693e-05  5.95473e-05   6.1386e-05  6.30959e-05  6.46892e-05  6.61852e-05   6.7635e-05  6.92162e-05  7.16067e-05  7.74606e-05
  -0.0191638   -0.0178435   -0.0165882   -0.0154147   -0.0143225   -0.0133074   -0.0123641   -0.0114877   -0.0106735    -0.009917  -0.00921416  -0.00856115  -0.00795444  -0.00739076  -0.00686705  -0.00638046  -0.00592838  -0.00550834  -0.00511809   -0.0047555  -0.00441861   -0.0041056  -0.00381478  -0.00354457  -0.00329351  -0.00306024  -0.00284351  -0.00264213  -0.00245503  -0.00228118  -0.00211965  -0.00196957  -0.00183012  -0.00170055  -0.00158016  -0.00146831  -0.00136437  -0.00126779  -0.00117804  -0.00109459  -0.00101682 -0.000943626 -0.000871959 -0.000803951 -0.000740071 -0.000680212 -0.000624135 -0.000571585 -0.000522314 -0.000476091   -0.0004327 -0.000391941 -0.000353631 -0.000317608 -0.000283753 -0.000252088 -0.000223151  -0.00019948 -0.000178461 -0.000159177  -0.00014132 -0.000124743 -0.000109342 -9.50325e-05  -8.1735e-05 -6.93783e-05 -5.78956e-05  -4.7225e-05 -3.73092e-05 -2.80946e-05 -1.95317e-05 -1.15743e-05 -4.17961e-06  2.69226e-06  9.07827e-06  1.50128e-05  2.05278e-05   2.5653e-05  3.04159e-05  3.48422e-05  3.89557e-05  4.27785e-05  4.63312e-05  4.96329e-05  5.27014e-05  5.55532e-05  5.82035e-05  6.06668e-05  6.29561e-05  6.50839e-05  6.70615e-05  6.88997e-05  7.06084e-05  7.21976e-05  7.36783e-05  7.50686e-05  7.64162e-05  7.78864e-05  8.01109e-05  8.55626e-05
  -0.0178439   -0.0165886   -0.0154151   -0.0143229   -0.0133077   -0.0123645    -0.011488   -0.0106738  -0.00991727   -0.0092144  -0.00856138  -0.00795466  -0.00739096  -0.00686723  -0.00638063  -0.00592854  -0.00550849  -0.00511823  -0.00475562  -0.00441873  -0.00410571  -0.00381488  -0.00354466   -0.0032936  -0.00306033  -0.00284359  -0.00264221   -0.0024551  -0.00228124  -0.00211971  -0.00196963  -0.00183017   -0.0017006  -0.00158021  -0.00146835  -0.00136441  -0.00126783  -0.00117808  -0.00109462  -0.00101682 -0.000943528 -0.000871469  -0.00080298 -0.000738597 -0.000678229 -0.000621642 -0.000568582 -0.000518801 -0.000472068 -0.000428168 -0.000386899  -0.00034808 -0.000311548 -0.000277189  -0.00024504 -0.000215692 -0.000191903 -0.000170855 -0.000151564 -0.000133705 -0.000117128 -0.000101727 -8.74173e-05   -7.412e-05 -6.17634e-05 -5.02809e-05 -3.96105e-05 -2.96948e-05 -2.04803e-05 -1.19175e-05 -3.96023e-06   3.4344e-06  1.03062e-05  1.66921e-05  2.26265e-05  2.81414e-05  3.32665e-05  3.80293e-05  4.24555e-05  4.65689e-05  5.03916e-05  5.39442e-05  5.72458e-05  6.03141e-05  6.31657e-05   6.5816e-05   6.8279e-05  7.05682e-05  7.26957e-05  7.46731e-05   7.6511e-05  7.82193e-05  7.98073e-05  8.12842e-05  8.26603e-05  8.39525e-05   8.5205e-05   8.6572e-05  8.86421e-05  9.37192e-05
   -0.016589   -0.0154155   -0.0143234   -0.0133082   -0.0123649   -0.0114884   -0.0106741  -0.00991759   -0.0092147  -0.00856166  -0.00795492   -0.0073912  -0.00686746  -0.00638084  -0.00592873  -0.00550867  -0.00511839  -0.00475578  -0.00441887  -0.00410584    -0.003815  -0.00354478  -0.00329371  -0.00306043  -0.00284368  -0.00264229  -0.00245518  -0.00228132  -0.00211979   -0.0019697  -0.00183024  -0.00170066  -0.00158027   -0.0014684  -0.00136446  -0.00126788  -0.00117812  -0.00109466  -0.00101683  -0.00094343 -0.000870957 -0.000801961 -0.000737048 -0.000676144 -0.000619021 -0.000565423 -0.000515105 -0.000467835 -0.000423397 -0.000381592 -0.000342236 -0.000305169  -0.00027028  -0.00023762  -0.00020784 -0.000183927 -0.000162847 -0.000143548 -0.000125688  -0.00010911 -9.37092e-05 -7.93995e-05 -6.61023e-05 -5.37458e-05 -4.22633e-05  -3.1593e-05 -2.16774e-05  -1.2463e-05 -3.90022e-06  4.05701e-06  1.14516e-05  1.83233e-05  2.47091e-05  3.06435e-05  3.61584e-05  4.12834e-05  4.60461e-05  5.04723e-05  5.45856e-05  5.84082e-05  6.19607e-05  6.52622e-05  6.83304e-05  7.11819e-05   7.3832e-05   7.6295e-05   7.8584e-05  8.07114e-05  8.26886e-05  8.45263e-05  8.62344e-05   8.7822e-05  8.92978e-05  9.06703e-05  9.19492e-05  9.31502e-05  9.43144e-05  9.55855e-05  9.75118e-05   0.00010224
  -0.0154159   -0.0143238   -0.0133086   -0.0123652   -0.0114888   -0.0106745   -0.0099179  -0.00921499  -0.00856192  -0.00795517  -0.00739143  -0.00686767  -0.00638104  -0.00592892  -0.00550885  -0.00511855  -0.00475593  -0.00441901  -0.00410597  -0.00381512  -0.00354489  -0.00329381  -0.00306052  -0.00284377  -0.00264238  -0.00245526   -0.0022814  -0.00211985  -0.00196976   -0.0018303  -0.00170072  -0.00158032  -0.00146845  -0.00136451  -0.00126793  -0.00117817  -0.00109469  -0.00101684 -0.000943352 -0.000870538 -0.000801123 -0.000735773 -0.000674427  -0.00061686 -0.000562818 -0.000512057 -0.000464343 -0.000419462 -0.000377213 -0.000337414 -0.000299905 -0.000264579 -0.000231497 -0.000201361 -0.000177344 -0.000156238 -0.000136933 -0.000119071 -0.000102493 -8.70924e-05 -7.27826e-05 -5.94855e-05  -4.7129e-05 -3.56466e-05 -2.49763e-05 -1.50606e-05 -5.84628e-06  2.71645e-06  1.06737e-05  1.80682e-05  2.49399e-05  3.13257e-05  3.72601e-05  4.27749e-05  4.78999e-05  5.26626e-05  5.70887e-05  6.12019e-05  6.50245e-05  6.85769e-05  7.18784e-05  7.49465e-05   7.7798e-05   8.0448e-05  8.29108e-05  8.51997e-05   8.7327e-05  8.93041e-05  9.11416e-05  9.28495e-05  9.44369e-05  9.59123e-05  9.72839e-05  9.85595e-05  9.97481e-05  0.000100864  0.000101946  0.000103128  0.000104921  0.000109324
  -0.0143246   -0.0133096   -0.0123662   -0.0114897   -0.0106753   -0.0099187  -0.00921573  -0.00856261  -0.00795581  -0.00739203  -0.00686822  -0.00638156   -0.0059294  -0.00550929  -0.00511897  -0.00475631  -0.00441937  -0.00410631  -0.00381543  -0.00354518  -0.00329408  -0.00306077    -0.002844   -0.0026426  -0.00245546  -0.00228159  -0.00212003  -0.00196993  -0.00183046  -0.00170087  -0.00158046  -0.00146858  -0.00136463  -0.00126804  -0.00117827  -0.00109478  -0.00101687  -0.00094319 -0.000869613 -0.000799266  -0.00073294 -0.000670608 -0.000612052 -0.000557021  -0.00050527 -0.000456568 -0.000410698 -0.000367462 -0.000326675 -0.000288181 -0.000251879 -0.000217858 -0.000186926  -0.00016268 -0.000141516 -0.000122196 -0.000104331 -8.77512e-05 -7.23504e-05 -5.80405e-05 -4.47432e-05 -3.23866e-05 -2.09041e-05 -1.02337e-05 -3.17922e-07  8.89656e-06  1.74594e-05  2.54167e-05  3.28114e-05  3.96832e-05  4.60691e-05  5.20036e-05  5.75185e-05  6.26435e-05  6.74063e-05  7.18324e-05  7.59458e-05  7.97684e-05  8.33208e-05  8.66223e-05  8.96905e-05  9.25419e-05  9.51919e-05  9.76547e-05  9.99436e-05  0.000102071  0.000104048  0.000105885  0.000107593   0.00010918  0.000110656  0.000112027  0.000113302  0.000114487  0.000115592  0.000116629  0.000117635  0.000118734  0.000120403  0.000124505
  -0.0133106   -0.0123675   -0.0114909   -0.0106765  -0.00991977  -0.00921673  -0.00856354  -0.00795667  -0.00739283  -0.00686897  -0.00638225  -0.00593004  -0.00550989  -0.00511952  -0.00475683  -0.00441985  -0.00410675  -0.00381585  -0.00354557  -0.00329444  -0.00306111  -0.00284432  -0.00264289  -0.00245573  -0.00228184  -0.00212027  -0.00197015  -0.00183066  -0.00170106  -0.00158064  -0.00146875  -0.00136479  -0.00126819  -0.00117841   -0.0010949  -0.00101693 -0.000943016 -0.000868555 -0.000797126 -0.000729668 -0.000666192  -0.00060649 -0.000550313 -0.000497415 -0.000447567 -0.000400551 -0.000356169 -0.000314238 -0.000274602 -0.000237168 -0.000202059 -0.000170204 -0.000145693 -0.000124461 -0.000105124 -8.72534e-05 -7.06726e-05 -5.52712e-05 -4.09609e-05 -2.76633e-05 -1.53064e-05 -3.82348e-06  6.84723e-06  1.67633e-05   2.5978e-05  3.45411e-05  4.24987e-05  4.98936e-05  5.67657e-05  6.31518e-05  6.90865e-05  7.46016e-05  7.97268e-05  8.44898e-05  8.89161e-05  9.30295e-05  9.68522e-05  0.000100405  0.000103706  0.000106775  0.000109626  0.000112276  0.000114739  0.000117028  0.000119155  0.000121132   0.00012297  0.000124678  0.000126265   0.00012774  0.000129111  0.000130386   0.00013157  0.000132672  0.000133699  0.000134663  0.000135598   0.00013662  0.000138174  0.000141996
  -0.0123688   -0.0114925    -0.010678  -0.00992123  -0.00921809  -0.00856481  -0.00795785  -0.00739392  -0.00686999   -0.0063832  -0.00593092  -0.00551071  -0.00512028  -0.00475754  -0.00442051  -0.00410737  -0.00381642   -0.0035461  -0.00329493  -0.00306157  -0.00284474  -0.00264329   -0.0024561  -0.00228219  -0.00212059  -0.00197045  -0.00183094  -0.00170132  -0.00158089  -0.00146899  -0.00136501   -0.0012684   -0.0011786  -0.00109506  -0.00101701 -0.000942829 -0.000867319 -0.000794608 -0.000725809 -0.000660977 -0.000599916 -0.000542379 -0.000488123 -0.000436916 -0.000388542 -0.000342802 -0.000299515 -0.000258526 -0.000219752 -0.000183353 -0.000150406 -0.000125579 -0.000104266 -8.49076e-05 -6.70315e-05 -5.04486e-05 -3.50462e-05 -2.07351e-05 -7.43679e-06  4.92077e-06  1.64043e-05  2.70756e-05  3.69921e-05  4.62074e-05   5.4771e-05  6.27291e-05  7.01245e-05  7.69969e-05  8.33835e-05  8.93185e-05   9.4834e-05  9.99596e-05  0.000104723  0.000109149  0.000113263  0.000117086  0.000120639  0.000123941  0.000127009  0.000129861  0.000132511  0.000134974  0.000137263   0.00013939  0.000141368  0.000143205  0.000144913    0.0001465  0.000147975  0.000149347  0.000150621  0.000151806  0.000152907  0.000153931  0.000154885  0.000155781  0.000156651  0.000157601  0.000159047   0.00016261
  -0.0114941   -0.0106799  -0.00992307  -0.00921983  -0.00856643  -0.00795935  -0.00739532  -0.00687129   -0.0063844  -0.00593204  -0.00551175  -0.00512125  -0.00475844  -0.00442134  -0.00410814  -0.00381714  -0.00354677  -0.00329556  -0.00306215  -0.00284529  -0.00264379  -0.00245657  -0.00228263    -0.002121  -0.00197083   -0.0018313  -0.00170166   -0.0015812  -0.00146928  -0.00136529  -0.00126865  -0.00117884  -0.00109526  -0.00101713 -0.000942648 -0.000865983 -0.000791859 -0.000721582 -0.000655258 -0.000592701 -0.000533668 -0.000477915 -0.000425213 -0.000375344  -0.00032811 -0.000283329 -0.000240851 -0.000200603 -0.000162784 -0.000128633 -0.000103459 -8.20575e-05 -6.26752e-05 -4.47921e-05 -2.82066e-05 -1.28025e-05  1.50978e-06  1.48092e-05  2.71678e-05  3.86522e-05  4.93245e-05  5.92419e-05   6.8458e-05  7.70224e-05  8.49812e-05  9.23773e-05  9.92504e-05  0.000105638  0.000111573  0.000117089  0.000122215  0.000126979  0.000131406   0.00013552  0.000139344  0.000142897  0.000146199  0.000149268   0.00015212   0.00015477  0.000157233  0.000159523   0.00016165  0.000163627  0.000165465  0.000167173   0.00016876  0.000170236  0.000171607  0.000172881  0.000174066  0.000175167  0.000176191  0.000177143   0.00017803  0.000178863  0.000179671  0.000180555  0.000181901  0.000185221
   -0.010682  -0.00992556  -0.00922227  -0.00856874  -0.00796151  -0.00739733  -0.00687315  -0.00638614  -0.00593365  -0.00551325  -0.00512264  -0.00475973  -0.00442255  -0.00410926  -0.00381818  -0.00354774  -0.00329646  -0.00306299  -0.00284607  -0.00264452  -0.00245725  -0.00228325  -0.00212159  -0.00197138  -0.00183181  -0.00170214  -0.00158165   -0.0014697  -0.00136568  -0.00126902  -0.00117918  -0.00109556  -0.00101732 -0.000942458  -0.00086436 -0.000788485 -0.000716377 -0.000648203 -0.000583791 -0.000522904 -0.000465297 -0.000410741  -0.00035902 -0.000309935 -0.000263304 -0.000218981 -0.000176906 -0.000137328 -0.000101687 -7.60812e-05 -5.45686e-05 -3.51562e-05 -1.72639e-05 -6.74396e-07  1.47321e-05  2.90465e-05  4.23478e-05  5.47081e-05  6.61942e-05   7.6868e-05  8.67869e-05  9.60044e-05   0.00010457   0.00011253  0.000119927  0.000126801   0.00013319  0.000139126  0.000144643   0.00014977  0.000154535  0.000158962  0.000163077  0.000166901  0.000170455  0.000173758  0.000176827  0.000179679   0.00018233  0.000184794  0.000187084  0.000189212  0.000191189  0.000193027  0.000194735  0.000196323  0.000197798   0.00019917  0.000200444  0.000201629   0.00020273  0.000203754  0.000204705   0.00020559  0.000206415  0.000207189  0.000207941  0.000208763  0.000210017  0.000213112
 -0.00992874  -0.00922604  -0.00857244    -0.007965  -0.00740058  -0.00687618  -0.00638895  -0.00593627  -0.00551568   -0.0051249  -0.00476183   -0.0044245  -0.00411108  -0.00381987  -0.00354931  -0.00329792  -0.00306435  -0.00284733  -0.00264569  -0.00245835  -0.00228428  -0.00212254  -0.00197227  -0.00183264  -0.00170291  -0.00158237  -0.00147037  -0.00136631  -0.00126961  -0.00117972  -0.00109604  -0.00101764 -0.000942249 -0.000862135 -0.000783796 -0.000709115 -0.000638339  -0.00057132 -0.000507826 -0.000447614 -0.000390453 -0.000336129 -0.000284442 -0.000235212 -0.000188297 -0.000143654 -0.000101605 -6.38699e-05 -3.76574e-05 -1.59874e-05  3.46819e-06  2.13747e-05  3.79707e-05  5.33817e-05  6.76998e-05  8.10045e-05   9.3368e-05  0.000104857  0.000115534  0.000125455  0.000134675  0.000143243  0.000151205  0.000158605  0.000165481  0.000171871  0.000177809  0.000183328  0.000188456  0.000193222  0.000197651  0.000201767  0.000205592  0.000209147  0.000212451  0.000215521  0.000218375  0.000221026  0.000223491  0.000225781   0.00022791  0.000229888  0.000231726  0.000233435  0.000235023  0.000236499  0.000237871  0.000239146  0.000240331  0.000241432  0.000242456  0.000243408  0.000244292  0.000245115  0.000245882  0.000246602    0.0002473  0.000248066  0.000249234  0.000252122
 -0.00922921  -0.00857618  -0.00796868  -0.00740406  -0.00687942  -0.00639197  -0.00593907  -0.00551828  -0.00512733  -0.00476409  -0.00442659  -0.00411302  -0.00382168  -0.00355099  -0.00329948   -0.0030658  -0.00284868  -0.00264695  -0.00245952  -0.00228537  -0.00212356  -0.00197321  -0.00183352  -0.00170373  -0.00158314  -0.00147109  -0.00136698  -0.00127024   -0.0011803  -0.00109655  -0.00101801 -0.000942116 -0.000860132 -0.000779511 -0.000702443 -0.000629257 -0.000559824 -0.000493914 -0.000431288 -0.000371715 -0.000314979 -0.000260882 -0.000209246  -0.00015993  -0.00011291  -6.8572e-05 -2.88981e-05  -2.1226e-06  1.96944e-05  3.91912e-05  5.71118e-05   7.3715e-05  8.91311e-05  0.000103454  0.000116762   0.00012913  0.000140622  0.000151302  0.000161227   0.00017045   0.00017902  0.000186985  0.000194387  0.000201265  0.000207657  0.000213597  0.000219118  0.000224248  0.000229016  0.000233446  0.000237564   0.00024139  0.000244946  0.000248251  0.000251322  0.000254177  0.000256829  0.000259295  0.000261586  0.000263715  0.000265694  0.000267533  0.000269243  0.000270831  0.000272308   0.00027368  0.000274955  0.000276141  0.000277242  0.000278266  0.000279218  0.000280103  0.000280925   0.00028169  0.000282403  0.000283073  0.000283723  0.000284435  0.000285523  0.000288217
 -0.00857808  -0.00797093  -0.00740627   -0.0068815  -0.00639391  -0.00594088  -0.00551997  -0.00512889  -0.00476554  -0.00442794  -0.00411428  -0.00382285  -0.00355207  -0.00330049  -0.00306674  -0.00284956  -0.00264776  -0.00246027  -0.00228607  -0.00212421  -0.00197382  -0.00183409  -0.00170426  -0.00158364  -0.00147155  -0.00136741  -0.00127064  -0.00118068  -0.00109689  -0.00101825 -0.000942081 -0.000859053 -0.000777158 -0.000698759 -0.000624228 -0.000553447  -0.00048619 -0.000422217 -0.000361299 -0.000303219 -0.000247778 -0.000194799 -0.000144145 -9.57992e-05 -5.01859e-05  -9.4309e-06  1.76591e-05  3.95588e-05  5.90793e-05  7.70086e-05  9.36164e-05  0.000109036  0.000123362  0.000136673  0.000149043  0.000160538   0.00017122  0.000181147  0.000190372  0.000198944  0.000206911  0.000214314  0.000221194  0.000227588  0.000233529  0.000239051  0.000244182  0.000248951  0.000253382  0.000257501  0.000261328  0.000264885  0.000268191  0.000271263  0.000274118  0.000276771  0.000279237  0.000281529  0.000283658  0.000285638  0.000287477  0.000289187  0.000290776  0.000292253  0.000293625  0.000294901  0.000296087  0.000297189  0.000298213  0.000299165   0.00030005  0.000300872  0.000301637  0.000302348   0.00030301  0.000303633  0.000304237    0.0003049  0.000305913  0.000308424
 -0.00797247  -0.00740809   -0.0068833   -0.0063956  -0.00594246  -0.00552143  -0.00513025   -0.0047668  -0.00442912  -0.00411537  -0.00382386  -0.00355302  -0.00330137  -0.00306756  -0.00285032  -0.00264847  -0.00246093  -0.00228668  -0.00212478  -0.00197435  -0.00183459  -0.00170472  -0.00158407  -0.00147196  -0.00136779  -0.00127099    -0.001181  -0.00109718  -0.00101847  -0.00094209 -0.000858272 -0.000775414  -0.00069601 -0.000620464 -0.000548666 -0.000480392 -0.000415404  -0.00035347 -0.000294375 -0.000237921  -0.00018393 -0.000132266 -8.29204e-05 -3.63449e-05  5.22551e-06  3.25533e-05   5.4516e-05  7.40552e-05  9.19917e-05  0.000108604  0.000124026  0.000138355  0.000151669  0.000164041  0.000175538  0.000186223  0.000196151  0.000205378  0.000213952   0.00022192  0.000229325  0.000236207  0.000242601  0.000248544  0.000254067  0.000259199  0.000263969  0.000268401  0.000272521  0.000276349  0.000279907  0.000283213  0.000286286  0.000289141  0.000291795  0.000294261  0.000296554  0.000298684  0.000300664  0.000302504  0.000304214  0.000305803   0.00030728  0.000308653  0.000309929  0.000311114  0.000312217  0.000313241  0.000314193  0.000315078  0.000315901  0.000316665  0.000317376  0.000318037  0.000318653  0.000319232  0.000319794   0.00032041  0.000321353  0.000323693
  -0.0074096  -0.00688508  -0.00639735  -0.00594411  -0.00552297  -0.00513169  -0.00476814  -0.00443036  -0.00411652  -0.00382494  -0.00355401   -0.0033023  -0.00306842  -0.00285112  -0.00264922  -0.00246162  -0.00228733  -0.00212538  -0.00197491  -0.00183511  -0.00170521  -0.00158452  -0.00147238  -0.00136818  -0.00127136  -0.00118134  -0.00109748  -0.00101871 -0.000942133 -0.000857595 -0.000773861 -0.000693541  -0.00061707 -0.000544346 -0.000475146 -0.000409233 -0.000346375 -0.000286357  -0.00022898 -0.000174067 -0.000121485 -7.12297e-05 -2.37788e-05  1.85336e-05  4.60783e-05  6.80992e-05   8.7656e-05    0.0001056  0.000122216  0.000137642  0.000151974  0.000165291  0.000177665  0.000189165  0.000199852  0.000209783  0.000219011  0.000227588  0.000235558  0.000242964  0.000249847  0.000256243  0.000262187  0.000267711  0.000272845  0.000277615  0.000282049  0.000286169  0.000289998  0.000293557  0.000296864  0.000299937  0.000302793  0.000305448  0.000307915  0.000310207  0.000312338  0.000314318  0.000316159  0.000317869  0.000319459  0.000320936  0.000322309  0.000323586  0.000324772  0.000325874  0.000326899  0.000327851  0.000328736  0.000329559  0.000330323  0.000331034  0.000331695  0.000332309  0.000332882   0.00033342  0.000333942  0.000334516  0.000335394  0.000337574
 -0.00688627  -0.00639877   -0.0059455  -0.00552429  -0.00513291  -0.00476928  -0.00443142  -0.00411751  -0.00382585  -0.00355487  -0.00330309  -0.00306915   -0.0028518  -0.00264985  -0.00246221  -0.00228788  -0.00212589  -0.00197539  -0.00183555  -0.00170562   -0.0015849  -0.00147274  -0.00136852  -0.00127167  -0.00118163  -0.00109774  -0.00101892 -0.000942196 -0.000857124  -0.00077274 -0.000691741 -0.000614585 -0.000541175  -0.00047129 -0.000404691 -0.000341149 -0.000280448 -0.000222388 -0.000166794 -0.000113531 -6.26034e-05 -1.45049e-05  2.83566e-05  5.60623e-05  7.81268e-05  9.76972e-05  0.000115647  0.000132267  0.000147696   0.00016203   0.00017535  0.000187727  0.000199229  0.000209918  0.000219851  0.000229081  0.000237659   0.00024563  0.000253038  0.000259922   0.00026632  0.000272265   0.00027779  0.000282925  0.000287697  0.000292131  0.000296252  0.000300082  0.000303641  0.000306949  0.000310023   0.00031288  0.000315535  0.000318002  0.000320295  0.000322426  0.000324407  0.000326248  0.000327959  0.000329548  0.000331026  0.000332399  0.000333676  0.000334862  0.000335965  0.000336989  0.000337942  0.000338827   0.00033965  0.000340415  0.000341126  0.000341786  0.000342401  0.000342972  0.000343504  0.000344004   0.00034449  0.000345023  0.000345841  0.000347871
 -0.00639956  -0.00594644  -0.00552521  -0.00513378  -0.00477009  -0.00443217  -0.00411821   -0.0038265  -0.00355547  -0.00330365  -0.00306968  -0.00285229   -0.0026503  -0.00246264  -0.00228827  -0.00212626  -0.00197573  -0.00183587  -0.00170592  -0.00158517  -0.00147299  -0.00136875  -0.00127189  -0.00118183  -0.00109793  -0.00101908 -0.000942257 -0.000856855 -0.000772069 -0.000690652 -0.000613073  -0.00053924 -0.000468932 -0.000401911 -0.000337947 -0.000276825 -0.000218344  -0.00016233 -0.000108649  -5.7306e-05 -8.80852e-06  3.43912e-05  6.21965e-05  8.42883e-05  0.000103868  0.000121821  0.000138444  0.000153875  0.000168212  0.000181533  0.000193912  0.000205416  0.000216106   0.00022604  0.000235272  0.000243851  0.000251824  0.000259233  0.000266118  0.000272516  0.000278462  0.000283988  0.000289124  0.000293896  0.000298331  0.000302453  0.000306283  0.000309843  0.000313151  0.000316225  0.000319083  0.000321738  0.000324206  0.000326499  0.000328631  0.000330612  0.000332453  0.000334164  0.000335754  0.000337232  0.000338605  0.000339882  0.000341068  0.000342171  0.000343196  0.000344148  0.000345034  0.000345856  0.000346621  0.000347332  0.000347993  0.000348607  0.000349178  0.000349709  0.000350204  0.000350669   0.00035112  0.000351616  0.000352377  0.000354268
  -0.0059462  -0.00552493  -0.00513351  -0.00476983  -0.00443193  -0.00411799  -0.00382629  -0.00355528  -0.00330347  -0.00306951  -0.00285213  -0.00265016   -0.0024625  -0.00228814  -0.00212614  -0.00197562  -0.00183576  -0.00170582  -0.00158509  -0.00147291  -0.00136868  -0.00127182  -0.00118177  -0.00109787  -0.00101903 -0.000942233 -0.000856923 -0.000772248 -0.000690947 -0.000613485 -0.000539769 -0.000469579 -0.000402675 -0.000338828 -0.000277821 -0.000219457 -0.000163559 -0.000109994 -5.87661e-05 -1.03789e-05  3.27272e-05  6.05048e-05  8.25889e-05  0.000102166  0.000120118   0.00013674  0.000152171  0.000166506  0.000179827  0.000192205  0.000203708  0.000214398  0.000224332  0.000233563  0.000242142  0.000250114  0.000257523  0.000264408  0.000270806  0.000276752  0.000282277  0.000287412  0.000292184  0.000296619  0.000300741  0.000304571   0.00030813  0.000311438  0.000314513   0.00031737  0.000320025  0.000322493  0.000324786  0.000326917  0.000328898  0.000330739   0.00033245   0.00033404  0.000335518  0.000336891  0.000338167  0.000339354  0.000340456  0.000341481  0.000342434  0.000343319  0.000344142  0.000344906  0.000345617  0.000346278  0.000346892  0.000347463  0.000347993  0.000348487  0.000348947  0.000349379  0.000349799  0.000350259  0.000350967  0.000352728
 -0.00552256  -0.00513071  -0.00476708  -0.00442934  -0.00411556  -0.00382404  -0.00355318  -0.00330152   -0.0030677  -0.00285045   -0.0026486  -0.00246105  -0.00228679  -0.00212488  -0.00197445  -0.00183468  -0.00170481  -0.00158415  -0.00147203  -0.00136786  -0.00127106  -0.00118106  -0.00109723  -0.00101848 -0.000941935 -0.000857484 -0.000773852 -0.000693638 -0.000617273 -0.000544653 -0.000475558 -0.000409748 -0.000346993 -0.000287077 -0.000229802  -0.00017499 -0.000122508  -7.2352e-05 -2.49961e-05  1.72355e-05  4.47534e-05  6.67641e-05  8.63151e-05  0.000104254  0.000120867  0.000136289  0.000150618  0.000163932  0.000176304  0.000187801  0.000198485  0.000208414   0.00021764  0.000226214  0.000234182  0.000241587  0.000248468  0.000254863  0.000260806  0.000266329  0.000271461   0.00027623  0.000280663  0.000284782   0.00028861  0.000292168  0.000295474  0.000298547  0.000301402  0.000304056  0.000306522  0.000308814  0.000310945  0.000312924  0.000314764  0.000316474  0.000318063   0.00031954  0.000320913  0.000322188  0.000323374  0.000324476    0.0003255  0.000326452  0.000327337  0.000328159  0.000328923  0.000329634  0.000330294  0.000330907  0.000331478  0.000332008  0.000332501  0.000332959  0.000333387  0.000333788  0.000334178  0.000334606  0.000335264  0.000336901
 -0.00512557  -0.00476099  -0.00442335  -0.00410992  -0.00381877  -0.00354828  -0.00329697  -0.00306347  -0.00284651  -0.00264494  -0.00245765  -0.00228363  -0.00212194  -0.00197172  -0.00183213  -0.00170244  -0.00158194  -0.00146998  -0.00136595  -0.00126928  -0.00117941  -0.00109572  -0.00101718 -0.000941154 -0.000858454 -0.000776941 -0.000698934 -0.000624793 -0.000554401 -0.000487528 -0.000423937 -0.000363396 -0.000305691 -0.000250622 -0.000198012 -0.000147724 -9.97387e-05 -5.44716e-05  -1.4012e-05  1.29769e-05  3.48353e-05  5.43309e-05  7.22403e-05  8.88305e-05  0.000104234  0.000118544  0.000131842  0.000144199  0.000155682  0.000166353  0.000176269  0.000185485  0.000194048  0.000202006  0.000209402  0.000216274  0.000222661  0.000228597  0.000234112  0.000239238  0.000244002  0.000248429  0.000252543  0.000256366  0.000259919  0.000263221   0.00026629  0.000269142  0.000271792  0.000274255  0.000276544  0.000278671  0.000280649  0.000282486  0.000284194  0.000285781  0.000287256  0.000288627  0.000289901  0.000291085  0.000292185  0.000293208  0.000294159  0.000295042  0.000295863  0.000296626  0.000297336  0.000297995  0.000298608  0.000299177  0.000299707  0.000300199  0.000300656  0.000301082  0.000301478  0.000301851  0.000302213   0.00030261  0.000303221  0.000304741
 -0.00475496  -0.00441621   -0.0041029  -0.00381215   -0.0035421  -0.00329122  -0.00305812  -0.00284155  -0.00264032  -0.00245336  -0.00227964  -0.00211823  -0.00196827  -0.00182893  -0.00169946  -0.00157917   -0.0014674  -0.00136355  -0.00126705  -0.00117734  -0.00109381  -0.00101552 -0.000940077 -0.000859302 -0.000780114 -0.000704527 -0.000632826 -0.000564872 -0.000500435 -0.000439272 -0.000381155 -0.000325869 -0.000273214 -0.000223013 -0.000175123 -0.000129512 -8.65282e-05 -4.80062e-05 -2.15993e-05  8.81419e-08  1.95186e-05  3.73913e-05  5.39533e-05   6.9332e-05    8.362e-05  9.68966e-05  0.000109234  0.000120699  0.000131353  0.000141254  0.000150454  0.000159004   0.00016695  0.000174334  0.000181195  0.000187572  0.000193498  0.000199004  0.000204122  0.000208878  0.000213298  0.000217405  0.000221222  0.000224769  0.000228066   0.00023113  0.000233977  0.000236623  0.000239082  0.000241367  0.000243491  0.000245465  0.000247299  0.000249004  0.000250589  0.000252061   0.00025343  0.000254701  0.000255884  0.000256982  0.000258003  0.000258952  0.000259834  0.000260654  0.000261416  0.000262124  0.000262782  0.000263394  0.000263962  0.000264491  0.000264982  0.000265439  0.000265863  0.000266258  0.000266626  0.000266971  0.000267307  0.000267676  0.000268243  0.000269653
  -0.0044105  -0.00409614   -0.0038055  -0.00353583  -0.00328537  -0.00305268  -0.00283648  -0.00263562  -0.00244898  -0.00227557  -0.00211445  -0.00196475  -0.00182566  -0.00169642  -0.00157634  -0.00146477   -0.0013611  -0.00126477  -0.00117523  -0.00109187  -0.00101382 -0.000938901 -0.000859836 -0.000782708 -0.000709266 -0.000639724 -0.000573929 -0.000511645 -0.000452631 -0.000396657 -0.000343509 -0.000292987 -0.000244913 -0.000199142 -0.000155626 -0.000114658 -7.78473e-05 -5.19581e-05  -3.0426e-05 -1.10575e-05  6.77858e-06  2.33118e-05   3.8665e-05  5.29296e-05  6.61846e-05   7.8502e-05  8.99481e-05  0.000100585  0.000110469  0.000119655  0.000128191  0.000136123  0.000143495  0.000150345  0.000156711  0.000162627  0.000168125  0.000173234  0.000177982  0.000182394  0.000186495  0.000190305  0.000193847  0.000197138  0.000200196  0.000203039   0.00020568  0.000208135  0.000210416  0.000212537  0.000214507  0.000216338   0.00021804  0.000219622  0.000221092  0.000222458  0.000223728  0.000224908  0.000226005  0.000227024  0.000227971  0.000228852   0.00022967  0.000230431  0.000231137  0.000231794  0.000232405  0.000232973    0.0002335   0.00023399  0.000234446   0.00023487  0.000235264   0.00023563  0.000235971  0.000236292  0.000236603  0.000236946  0.000237472  0.000238781
 -0.00409206  -0.00380068  -0.00353109  -0.00328089   -0.0030485   -0.0028326    -0.002632  -0.00244562  -0.00227245  -0.00211155  -0.00196206  -0.00182315  -0.00169409  -0.00157417  -0.00146275  -0.00135922  -0.00126302   -0.0011736  -0.00109038   -0.0010125 -0.000937945 -0.000860026 -0.000784276 -0.000712266 -0.000644166 -0.000579811 -0.000518964 -0.000461382 -0.000406835 -0.000355111 -0.000306009 -0.000259351 -0.000214991 -0.000172869 -0.000133242   -9.757e-05 -7.20281e-05 -5.06029e-05  -3.1279e-05 -1.34706e-05  3.04043e-06  1.83739e-05  3.26204e-05  4.58586e-05  5.81603e-05  6.95919e-05   8.0215e-05  9.00868e-05  9.92606e-05  0.000107786  0.000115708   0.00012307  0.000129911  0.000136269  0.000142178  0.000147668  0.000152771  0.000157513  0.000161919  0.000166014   0.00016982  0.000173357  0.000176644  0.000179698  0.000182537  0.000185175  0.000187627  0.000189905  0.000192023  0.000193991  0.000195819  0.000197519  0.000199099  0.000200567  0.000201931  0.000203199  0.000204378  0.000205473  0.000206491  0.000207437  0.000208316  0.000209133  0.000209893  0.000210599  0.000211255  0.000211864  0.000212431  0.000212958  0.000213448  0.000213903  0.000214326  0.000214719  0.000215084  0.000215424  0.000215741  0.000216039  0.000216328  0.000216646  0.000217134   0.00021835
 -0.00379956  -0.00352977   -0.0032796  -0.00304728  -0.00283146  -0.00263094  -0.00244464  -0.00227154   -0.0021107  -0.00196126  -0.00182241   -0.0016934  -0.00157354  -0.00146216  -0.00135867  -0.00126251  -0.00117313  -0.00108994  -0.00101211 -0.000937651 -0.000860026 -0.000784629 -0.000712985 -0.000645254 -0.000581268 -0.000520787 -0.000463571 -0.000409389 -0.000358028 -0.000309289 -0.000262992 -0.000218991 -0.000177224 -0.000137939 -0.000102557 -7.71045e-05 -5.57076e-05 -3.63961e-05 -1.85956e-05 -2.09116e-06  1.32365e-05  2.74776e-05  4.07107e-05  5.30078e-05  6.44351e-05  7.50542e-05  8.49223e-05  9.40925e-05  0.000102614  0.000110534  0.000117893  0.000124732  0.000131087  0.000136993  0.000142482  0.000147582  0.000152322  0.000156727  0.000160821  0.000164625  0.000168161  0.000171446  0.000174499  0.000177337  0.000179974  0.000182425  0.000184702  0.000186819  0.000188786  0.000190614  0.000192313  0.000193892   0.00019536  0.000196724  0.000197991  0.000199169  0.000200264  0.000201281  0.000202227  0.000203106  0.000203923  0.000204682  0.000205387  0.000206043  0.000206653  0.000207219  0.000207746  0.000208235   0.00020869  0.000209113  0.000209506  0.000209871  0.000210211  0.000210527  0.000210821  0.000211097  0.000211366  0.000211661  0.000212116  0.000213247
 -0.00353309  -0.00328352  -0.00305114   -0.0028351  -0.00263434   -0.0024478  -0.00227448  -0.00211343   -0.0019638  -0.00182478   -0.0016956  -0.00157558  -0.00146406  -0.00136044  -0.00126415  -0.00117465  -0.00109135  -0.00101337 -0.000938632  -0.00086018 -0.000783794 -0.000711124 -0.000642362 -0.000577347 -0.000515841 -0.000457604 -0.000402405  -0.00035003 -0.000300281 -0.000252979 -0.000207976  -0.00016522 -0.000124984 -8.87937e-05 -6.30897e-05 -4.16109e-05 -2.22617e-05 -4.43599e-06  1.20895e-05   2.7436e-05  4.16946e-05  5.49439e-05   6.7256e-05  7.86973e-05  8.93294e-05  9.92096e-05  0.000108391  0.000116923  0.000124852  0.000132221  0.000139068  0.000145431  0.000151345   0.00015684  0.000161947  0.000166693  0.000171103  0.000175202  0.000179011   0.00018255   0.00018584  0.000188897  0.000191738  0.000194379  0.000196832  0.000199113  0.000201232  0.000203202  0.000205032  0.000206733  0.000208314  0.000209783  0.000211149  0.000212418  0.000213597  0.000214694  0.000215712  0.000216659  0.000217539  0.000218357  0.000219117  0.000219824   0.00022048   0.00022109  0.000221658  0.000222185  0.000222675   0.00022313  0.000223554  0.000223947  0.000224313  0.000224653  0.000224969  0.000225263  0.000225537  0.000225794  0.000226044  0.000226319  0.000226742  0.000227797
 -0.00329298  -0.00306233   -0.0028461  -0.00264472  -0.00245748  -0.00228348  -0.00212181  -0.00197159  -0.00183201  -0.00170233  -0.00158183  -0.00146987  -0.00136585  -0.00126918  -0.00117932  -0.00109566  -0.00101725 -0.000941737 -0.000861059 -0.000782023 -0.000706608  -0.00063509 -0.000567325 -0.000503083 -0.000442122 -0.000384211 -0.000329135 -0.000276696 -0.000226714 -0.000179047 -0.000133659 -9.08926e-05 -5.25507e-05 -2.61696e-05 -4.46294e-06  1.49962e-05  3.28983e-05  4.94883e-05  6.48931e-05  7.92055e-05  9.25048e-05  0.000104863  0.000116348   0.00012702  0.000136937  0.000146154  0.000154718  0.000162677  0.000170073  0.000176947  0.000183334   0.00018927  0.000194786  0.000199913  0.000204676  0.000209104  0.000213218  0.000217041  0.000220595  0.000223897  0.000226966  0.000229818  0.000232468  0.000234931   0.00023722  0.000239348  0.000241325  0.000243162   0.00024487  0.000246457  0.000247932  0.000249303  0.000250577  0.000251761  0.000252861  0.000253884  0.000254834  0.000255718  0.000256539  0.000257302  0.000258011   0.00025867  0.000259283  0.000259852  0.000260381  0.000260873   0.00026133  0.000261755   0.00026215  0.000262517  0.000262858  0.000263176  0.000263471  0.000263745     0.000264  0.000264241  0.000264474  0.000264731  0.000265126  0.000266114
 -0.00307878  -0.00286557  -0.00266386  -0.00247554  -0.00230033  -0.00213748  -0.00198616  -0.00184556  -0.00171492  -0.00159354  -0.00148076  -0.00137596  -0.00127859  -0.00118806  -0.00110373  -0.00102456 -0.000947709 -0.000863365 -0.000779982 -0.000700071 -0.000624041 -0.000551782 -0.000483068 -0.000417659 -0.000355323 -0.000295843 -0.000239019 -0.000184673 -0.000132668 -8.29962e-05  -3.6112e-05  5.73271e-06  3.32311e-05  5.53268e-05   7.4983e-05  9.30266e-05  0.000109738  0.000125252  0.000139666   0.00015306  0.000165506  0.000177071  0.000187819  0.000197807  0.000207089  0.000215714   0.00022373  0.000231178  0.000238101  0.000244534  0.000250512  0.000256067   0.00026123  0.000266028  0.000270487   0.00027463  0.000278481   0.00028206  0.000285386  0.000288477  0.000291349  0.000294019  0.000296499  0.000298805  0.000300948  0.000302939   0.00030479   0.00030651  0.000308108  0.000309594  0.000310974  0.000312257   0.00031345  0.000314558  0.000315588  0.000316546  0.000317435  0.000318262  0.000319031  0.000319745  0.000320409  0.000321026    0.0003216  0.000322133  0.000322628  0.000323088  0.000323516  0.000323914  0.000324284  0.000324628  0.000324947  0.000325244   0.00032552  0.000325777  0.000326016  0.000326241   0.00032646    0.0003267  0.000327072     0.000328
 -0.00288836  -0.00269082  -0.00250205  -0.00232534  -0.00216082  -0.00200787  -0.00186574  -0.00173368  -0.00161098  -0.00149697  -0.00139104   -0.0012926  -0.00120107  -0.00111577  -0.00103548 -0.000956815 -0.000867653 -0.000778582 -0.000692798 -0.000610881 -0.000532763 -0.000458225 -0.000387027 -0.000318936 -0.000253733 -0.000191215 -0.000131204 -7.35727e-05 -1.83462e-05  3.38753e-05  8.02635e-05  0.000109233   0.00013186  0.000151799  0.000170052  0.000186943  0.000202622  0.000217188  0.000230723    0.0002433  0.000254988  0.000265849  0.000275942  0.000285322  0.000294038  0.000302139  0.000309666  0.000316662  0.000323163  0.000329204  0.000334818  0.000340036  0.000344885  0.000349391  0.000353579   0.00035747  0.000361087  0.000364448  0.000367572  0.000370475  0.000373173   0.00037568   0.00037801  0.000380176  0.000382188  0.000384059  0.000385797  0.000387413  0.000388914   0.00039031  0.000391606  0.000392812  0.000393932  0.000394973  0.000395941   0.00039684  0.000397676  0.000398452  0.000399174  0.000399845  0.000400469  0.000401049  0.000401587  0.000402088  0.000402554  0.000402986  0.000403388  0.000403762  0.000404109  0.000404432  0.000404732  0.000405011  0.000405271  0.000405512  0.000405737  0.000405948  0.000406153   0.00040638  0.000406729  0.000407605
 -0.00271755  -0.00253367  -0.00235644  -0.00219015  -0.00203524  -0.00189121  -0.00175735  -0.00163298  -0.00151742  -0.00141005  -0.00131027  -0.00121749  -0.00113096  -0.00104932 -0.000968533 -0.000873992 -0.000778604  -0.00068631 -0.000597875 -0.000513276 -0.000432303 -0.000354715 -0.000280275 -0.000208763 -0.000139973 -7.37285e-05 -9.90758e-06  5.14253e-05  0.000109513  0.000160898  0.000191513  0.000214759  0.000235042  0.000253556  0.000270676  0.000286564  0.000301322  0.000315036   0.00032778  0.000339622  0.000350627  0.000360854  0.000370358   0.00037919  0.000387397  0.000395025  0.000402113    0.0004087  0.000414822  0.000420511  0.000425798  0.000430711  0.000435277  0.000439521  0.000443464  0.000447129  0.000450535  0.000453701  0.000456642  0.000459376  0.000461917  0.000464278  0.000466473  0.000468512  0.000470407  0.000472169  0.000473806  0.000475328  0.000476742  0.000478056  0.000479277  0.000480413  0.000481468  0.000482448  0.000483359  0.000484206  0.000484994  0.000485725  0.000486405  0.000487037  0.000487625  0.000488171  0.000488678   0.00048915  0.000489588  0.000489996  0.000490374  0.000490726  0.000491054  0.000491358  0.000491641  0.000491903  0.000492148  0.000492375  0.000492587  0.000492786  0.000492979  0.000493193  0.000493523  0.000494351
 -0.00256388  -0.00239218   -0.0022253   -0.0020684  -0.00192214  -0.00178614  -0.00165974   -0.0015423  -0.00143317  -0.00133176  -0.00123745  -0.00114944   -0.0010662  -0.00098302 -0.000882676 -0.000780509 -0.000681245 -0.000585842 -0.000494321 -0.000406483 -0.000322084 -0.000240885 -0.000162662 -8.72064e-05 -1.43404e-05  5.60493e-05  0.000123859  0.000188166  0.000244855  0.000277249  0.000301193  0.000321881  0.000340711  0.000358109  0.000374251  0.000389245  0.000403177  0.000416124  0.000428155  0.000439336  0.000449726  0.000459382  0.000468355  0.000476694  0.000484443  0.000491645  0.000498337  0.000504557  0.000510337  0.000515708    0.0005207   0.00052534  0.000529651  0.000533658  0.000537381  0.000540842  0.000544058  0.000547047  0.000549825  0.000552406  0.000554805  0.000557035  0.000559107  0.000561033  0.000562823  0.000564487  0.000566033  0.000567469  0.000568805  0.000570046  0.000571199  0.000572271  0.000573268  0.000574194  0.000575054  0.000575854  0.000576598  0.000577289  0.000577931  0.000578528  0.000579083  0.000579598  0.000580078  0.000580523  0.000580937  0.000581322   0.00058168  0.000582012  0.000582321  0.000582608  0.000582875  0.000583124  0.000583354  0.000583569  0.000583769  0.000583957   0.00058414  0.000584342  0.000584655   0.00058544
 -0.00241895  -0.00225697  -0.00209954  -0.00195152  -0.00181355  -0.00168525  -0.00156601  -0.00145522  -0.00135225  -0.00125647  -0.00116707  -0.00108234 -0.000997028 -0.000891759 -0.000783875 -0.000678743 -0.000577485 -0.000480156 -0.000386563 -0.000296462  -0.00020961 -0.000125779 -4.47592e-05  3.36288e-05  0.000109493  0.000182696   0.00025218  0.000313288  0.000347196  0.000371759  0.000392824  0.000411953  0.000429617  0.000446002  0.000461222  0.000475363  0.000488504  0.000500716  0.000512065  0.000522611  0.000532412   0.00054152  0.000549984   0.00055785   0.00056516  0.000571954  0.000578267  0.000584134  0.000589586  0.000594654  0.000599363  0.000603739  0.000607806  0.000611586  0.000615099  0.000618363  0.000621397  0.000624217  0.000626838  0.000629273  0.000631536   0.00063364  0.000635595  0.000637412  0.000639101   0.00064067  0.000642129  0.000643484  0.000644744  0.000645915  0.000647003  0.000648015  0.000648955  0.000649828   0.00065064  0.000651395  0.000652097  0.000652749  0.000653354  0.000653918  0.000654441  0.000654928   0.00065538    0.0006558  0.000656191  0.000656554  0.000656891  0.000657205  0.000657497  0.000657768   0.00065802  0.000658254  0.000658472  0.000658674  0.000658863   0.00065904  0.000659213  0.000659404  0.000659699  0.000660443
 -0.00227362  -0.00211924  -0.00197089  -0.00183182   -0.0017023  -0.00158187  -0.00146996  -0.00136595  -0.00126921  -0.00117887  -0.00109316  -0.00100652 -0.000898301 -0.000787021 -0.000678415 -0.000573693 -0.000472935 -0.000375949 -0.000282489 -0.000192311 -0.000105185 -2.08995e-05  6.07267e-05  0.000139797  0.000216158  0.000288672  0.000352368  0.000387184  0.000412136  0.000433447  0.000452775  0.000470616  0.000487164  0.000502535  0.000516817  0.000530089  0.000542423  0.000553884  0.000564535  0.000574433  0.000583632   0.00059218  0.000600125  0.000607507  0.000614368  0.000620744   0.00062667  0.000632176  0.000637294   0.00064205   0.00064647  0.000650578  0.000654395  0.000657943   0.00066124  0.000664304  0.000667152  0.000669799  0.000672259  0.000674545  0.000676669  0.000678644  0.000680479  0.000682184  0.000683769  0.000685242  0.000686612  0.000687884  0.000689067  0.000690166  0.000691187  0.000692137  0.000693019  0.000693839  0.000694602   0.00069531  0.000695968   0.00069658  0.000697149  0.000697678  0.000698169  0.000698626  0.000699051  0.000699445  0.000699812  0.000700153   0.00070047  0.000700764  0.000701038  0.000701292  0.000701529  0.000701749  0.000701953  0.000702143  0.000702321  0.000702487  0.000702649  0.000702828  0.000703106  0.000703806
 -0.00211861  -0.00197015  -0.00183109  -0.00170161  -0.00158123  -0.00146936   -0.0013654  -0.00126869  -0.00117839  -0.00109272  -0.00100612 -0.000898018 -0.000786861 -0.000678381 -0.000573784  -0.00047315 -0.000376285 -0.000282946 -0.000192888  -0.00010588 -2.17115e-05  5.97989e-05  0.000138755  0.000215003  0.000287408  0.000351012  0.000385795  0.000410732  0.000432033  0.000451353  0.000469187  0.000485729  0.000501093   0.00051537  0.000528636  0.000540965  0.000552421  0.000563068  0.000572963  0.000582158  0.000590702  0.000598643  0.000606023  0.000612881  0.000619255  0.000625178  0.000630682  0.000635798  0.000640552   0.00064497  0.000649076  0.000652892  0.000656439  0.000659734  0.000662797  0.000665644   0.00066829  0.000670748  0.000673033  0.000675157  0.000677131  0.000678965   0.00068067  0.000682254  0.000683727  0.000685095  0.000686367   0.00068755  0.000688648  0.000689669  0.000690618    0.0006915   0.00069232  0.000693082   0.00069379  0.000694449   0.00069506  0.000695629  0.000696157  0.000696649  0.000697105  0.000697529  0.000697924   0.00069829  0.000698631  0.000698948  0.000699242  0.000699516   0.00069977  0.000700007  0.000700226  0.000700431  0.000700621  0.000700797  0.000700962  0.000701117  0.000701267  0.000701434  0.000701692  0.000702344
 -0.00193703  -0.00179192  -0.00166308  -0.00154488  -0.00143545  -0.00133385  -0.00123937   -0.0011512   -0.0010677 -0.000983855 -0.000881229 -0.000776297  -0.00067415 -0.000575839  -0.00048141 -0.000390666 -0.000303367 -0.000219273 -0.000138158 -5.98166e-05  1.59302e-05  8.91906e-05  0.000159841  0.000226882  0.000285889  0.000318973  0.000343112   0.00036387  0.000382735  0.000400159  0.000416323  0.000431337  0.000445288  0.000458252    0.0004703  0.000481496    0.0004919  0.000501569  0.000510554  0.000518904  0.000526664  0.000533876  0.000540577  0.000546806  0.000552594  0.000557973  0.000562971  0.000567617  0.000571934  0.000575947  0.000579676  0.000583141  0.000586362  0.000589355  0.000592137  0.000594722  0.000597124  0.000599357  0.000601432  0.000603361  0.000605154  0.000606819  0.000608368  0.000609806  0.000611144  0.000612387  0.000613542  0.000614615  0.000615613  0.000616541  0.000617402  0.000618204  0.000618948   0.00061964  0.000620283  0.000620881  0.000621437  0.000621953  0.000622433  0.000622879  0.000623294  0.000623679  0.000624037   0.00062437  0.000624679  0.000624967  0.000625234  0.000625483  0.000625714  0.000625929  0.000626128  0.000626314  0.000626486  0.000626647  0.000626796  0.000626937  0.000627074  0.000627225   0.00062746  0.000628052
 -0.00171523  -0.00157238  -0.00145567   -0.0013513  -0.00125533  -0.00116635  -0.00108345  -0.00100526 -0.000927947 -0.000837679 -0.000746665 -0.000658633 -0.000574301 -0.000493645 -0.000416462 -0.000342521 -0.000271596 -0.000203475 -0.000137962 -7.48867e-05 -1.41321e-05  4.42427e-05  9.95226e-05  0.000148439  0.000177679  0.000199927  0.000219353  0.000237089  0.000253491  0.000268712  0.000282852  0.000295991    0.0003082  0.000319546   0.00033009  0.000339889  0.000348994  0.000357456   0.00036532  0.000372628   0.00037942  0.000385731  0.000391597  0.000397048  0.000402113  0.000406821  0.000411196  0.000415262  0.000419041  0.000422552  0.000425816  0.000428849  0.000431668  0.000434287  0.000436722  0.000438984  0.000441087  0.000443041  0.000444858  0.000446546  0.000448114  0.000449572  0.000450927  0.000452187  0.000453357  0.000454445  0.000455456  0.000456396  0.000457269   0.00045808  0.000458835  0.000459536  0.000460188  0.000460793  0.000461356  0.000461879  0.000462366  0.000462817  0.000463238  0.000463628  0.000463991  0.000464328  0.000464642  0.000464933  0.000465204  0.000465456   0.00046569  0.000465907  0.000466109  0.000466297  0.000466472  0.000466634  0.000466785  0.000466926  0.000467056  0.000467179  0.000467299  0.000467431  0.000467637  0.000468156
 -0.00143727  -0.00129587  -0.00119412  -0.00110708  -0.00102808 -0.000955022 -0.000886741 -0.000821266 -0.000752301  -0.00068507 -0.000621071 -0.000560485 -0.000503174 -0.000448932  -0.00039755 -0.000348825  -0.00030257 -0.000258612 -0.000216794  -0.00017699 -0.000139154 -0.000103539 -7.15254e-05 -4.89332e-05 -3.01122e-05 -1.31732e-05  2.42818e-06  1.68908e-05  3.03218e-05  4.28007e-05  5.43966e-05  6.51725e-05  7.51865e-05  8.44924e-05  9.31404e-05  0.000101177  0.000108646  0.000115586  0.000122036   0.00012803  0.000133601  0.000138777  0.000143588  0.000148059  0.000152214  0.000156075  0.000159664  0.000162999  0.000166098  0.000168978  0.000171655  0.000174143  0.000176455  0.000178604    0.0001806  0.000182456  0.000184181  0.000185784  0.000187274  0.000188658  0.000189945  0.000191141  0.000192252  0.000193285  0.000194245  0.000195138  0.000195967  0.000196738  0.000197454   0.00019812  0.000198739  0.000199314  0.000199848  0.000200345  0.000200807  0.000201236  0.000201635  0.000202005   0.00020235   0.00020267  0.000202968  0.000203245  0.000203502  0.000203741  0.000203963  0.000204169  0.000204361   0.00020454  0.000204706   0.00020486  0.000205003  0.000205136   0.00020526  0.000205375  0.000205483  0.000205583  0.000205682   0.00020579  0.000205959  0.000206385
   -0.001083 -0.000942355 -0.000859462 -0.000794578 -0.000737467 -0.000685618 -0.000639392 -0.000603425 -0.000572702 -0.000545458 -0.000521095  -0.00049932 -0.000479926  -0.00046274 -0.000447604 -0.000434372 -0.000422909 -0.000413084  -0.00040476 -0.000397747 -0.000391619 -0.000385001 -0.000372746 -0.000359503 -0.000346728 -0.000334736 -0.000323563 -0.000313172 -0.000303513 -0.000294537 -0.000286196 -0.000278444  -0.00027124 -0.000264546 -0.000258325 -0.000252543  -0.00024717 -0.000242177 -0.000237537 -0.000233224 -0.000229217 -0.000225493 -0.000222031 -0.000218815 -0.000215826 -0.000213048 -0.000210466 -0.000208066 -0.000205836 -0.000203764 -0.000201838 -0.000200048 -0.000198385 -0.000196839 -0.000195402 -0.000194066 -0.000192825 -0.000191672   -0.0001906 -0.000189604 -0.000188678 -0.000187817 -0.000187018 -0.000186274 -0.000185583 -0.000184941 -0.000184345  -0.00018379 -0.000183275 -0.000182795  -0.00018235 -0.000181936 -0.000181552 -0.000181194 -0.000180862 -0.000180553 -0.000180266 -0.000179999 -0.000179751 -0.000179521 -0.000179307 -0.000179107 -0.000178922  -0.00017875  -0.00017859 -0.000178442 -0.000178304 -0.000178175 -0.000178056 -0.000177945 -0.000177842 -0.000177746 -0.000177657 -0.000177574 -0.000177497 -0.000177424 -0.000177353 -0.000177275 -0.000177153 -0.000176845
-0.000501212 -0.000337736 -0.000281559 -0.000254157 -0.000237127 -0.000231955 -0.000263495 -0.000306823  -0.00035386 -0.000402508 -0.000452187 -0.000502709 -0.000553985 -0.000605955 -0.000658568 -0.000711772 -0.000765499 -0.000819603 -0.000873621 -0.000925835 -0.000969568 -0.000978567  -0.00097732 -0.000973726 -0.000969767 -0.000965932 -0.000962328 -0.000958969 -0.000955844 -0.000952939 -0.000950239  -0.00094773 -0.000945397  -0.00094323 -0.000941215 -0.000939343 -0.000937603 -0.000935985 -0.000934482 -0.000933085 -0.000931786 -0.000930579 -0.000929458 -0.000928415 -0.000927446 -0.000926545 -0.000925708  -0.00092493 -0.000924207 -0.000923535  -0.00092291  -0.00092233  -0.00092179 -0.000921288 -0.000920822 -0.000920389 -0.000919986 -0.000919611 -0.000919263  -0.00091894 -0.000918639  -0.00091836   -0.0009181 -0.000917859 -0.000917634 -0.000917426 -0.000917232 -0.000917052 -0.000916884 -0.000916728 -0.000916584 -0.000916449 -0.000916324 -0.000916208   -0.0009161 -0.000915999 -0.000915906 -0.000915819 -0.000915739 -0.000915664 -0.000915594 -0.000915529 -0.000915469 -0.000915413 -0.000915361 -0.000915313 -0.000915268 -0.000915226 -0.000915187 -0.000915151 -0.000915117 -0.000915086 -0.000915057  -0.00091503 -0.000915005 -0.000914981 -0.000914958 -0.000914932 -0.000914891 -0.000914786
 0.000275666  0.000443753  0.000458467  0.000431894  0.000379605  0.000255295  0.000110768 -3.74631e-05 -0.000185317 -0.000331854 -0.000476923 -0.000620571 -0.000762882 -0.000903949  -0.00104385   -0.0011826  -0.00132007  -0.00145546   -0.0015854  -0.00169636  -0.00173484  -0.00175097  -0.00176098  -0.00176902  -0.00177617  -0.00178273  -0.00178881  -0.00179445  -0.00179969  -0.00180456  -0.00180908  -0.00181329  -0.00181719  -0.00182082  -0.00182419  -0.00182732  -0.00183024  -0.00183294  -0.00183545  -0.00183779  -0.00183996  -0.00184197  -0.00184385  -0.00184559   -0.0018472  -0.00184871   -0.0018501   -0.0018514  -0.00185261  -0.00185373  -0.00185477  -0.00185573  -0.00185663  -0.00185747  -0.00185824  -0.00185897  -0.00185964  -0.00186026  -0.00186084  -0.00186137  -0.00186187  -0.00186234  -0.00186277  -0.00186317  -0.00186354  -0.00186389  -0.00186421  -0.00186451  -0.00186479  -0.00186505  -0.00186529  -0.00186551  -0.00186572  -0.00186591  -0.00186609  -0.00186625  -0.00186641  -0.00186655  -0.00186668  -0.00186681  -0.00186692  -0.00186703  -0.00186713  -0.00186722  -0.00186731  -0.00186739  -0.00186746  -0.00186753   -0.0018676  -0.00186765  -0.00186771  -0.00186776  -0.00186781  -0.00186785   -0.0018679  -0.00186793  -0.00186797  -0.00186801  -0.00186808  -0.00186823
  0.00144884   0.00164608   0.00159522    0.0014577   0.00118487   0.00087714  0.000565755  0.000258266   -4.376e-05 -0.000340245 -0.000631468 -0.000917774   -0.0011995  -0.00147696  -0.00175035  -0.00201956  -0.00228331  -0.00253573  -0.00275291  -0.00283984  -0.00288574  -0.00291954  -0.00294871  -0.00297525  -0.00299976   -0.0030225  -0.00304362  -0.00306324  -0.00308147  -0.00309841  -0.00311416  -0.00312878  -0.00314237    -0.003155  -0.00316674  -0.00317764  -0.00318778  -0.00319719  -0.00320594  -0.00321407  -0.00322162  -0.00322864  -0.00323517  -0.00324123  -0.00324686   -0.0032521  -0.00325696  -0.00326148  -0.00326568  -0.00326958  -0.00327321  -0.00327658  -0.00327971  -0.00328262  -0.00328532  -0.00328784  -0.00329017  -0.00329234  -0.00329436  -0.00329623  -0.00329797  -0.00329959   -0.0033011  -0.00330249  -0.00330379    -0.003305  -0.00330612  -0.00330717  -0.00330813  -0.00330903  -0.00330987  -0.00331065  -0.00331137  -0.00331204  -0.00331267  -0.00331325  -0.00331379  -0.00331429  -0.00331475  -0.00331518  -0.00331559  -0.00331596  -0.00331631  -0.00331663  -0.00331693  -0.00331721  -0.00331747  -0.00331771  -0.00331793  -0.00331814  -0.00331833  -0.00331851  -0.00331868  -0.00331884  -0.00331898  -0.00331912  -0.00331925  -0.00331939  -0.00331962  -0.00332016
  0.00300301   0.00319437   0.00300671   0.00255045   0.00202801   0.00149946  0.000979291  0.000470452 -2.69614e-05 -0.000513538 -0.000989994  -0.00145703  -0.00191528  -0.00236521   -0.0028068   -0.0032382  -0.00365042  -0.00400654   -0.0041595   -0.0042476  -0.00431575  -0.00437561  -0.00443034  -0.00448098  -0.00452798  -0.00457163  -0.00461219  -0.00464987  -0.00468489  -0.00471742  -0.00474766  -0.00477575  -0.00480185  -0.00482611  -0.00484865  -0.00486959  -0.00488906  -0.00490714  -0.00492394  -0.00493956  -0.00495407  -0.00496755  -0.00498008  -0.00499172  -0.00500254  -0.00501259  -0.00502194  -0.00503062  -0.00503868  -0.00504618  -0.00505315  -0.00505962  -0.00506564  -0.00507123  -0.00507642  -0.00508125  -0.00508573   -0.0050899  -0.00509378  -0.00509738  -0.00510072  -0.00510383  -0.00510672   -0.0051094   -0.0051119  -0.00511422  -0.00511637  -0.00511837  -0.00512024  -0.00512197  -0.00512357  -0.00512507  -0.00512645  -0.00512774  -0.00512894  -0.00513006  -0.00513109  -0.00513205  -0.00513295  -0.00513378  -0.00513455  -0.00513527  -0.00513594  -0.00513656  -0.00513713  -0.00513767  -0.00513817  -0.00513863  -0.00513906  -0.00513946  -0.00513983  -0.00514018   -0.0051405   -0.0051408  -0.00514108  -0.00514134  -0.00514159  -0.00514187  -0.00514229  -0.00514335
  0.00442141   0.00443879   0.00387941   0.00317863   0.00245803   0.00174732   0.00105294  0.000375555 -0.000285597 -0.000931553  -0.00156336  -0.00218197  -0.00278813  -0.00338192  -0.00396103  -0.00451391  -0.00499268  -0.00520639  -0.00533478  -0.00543627  -0.00552607  -0.00560836  -0.00568454  -0.00575524  -0.00582092  -0.00588195  -0.00593865  -0.00599134  -0.00604029  -0.00608578  -0.00612805  -0.00616733  -0.00620382  -0.00623773  -0.00626924  -0.00629853  -0.00632573  -0.00635102  -0.00637451  -0.00639634  -0.00641663  -0.00643548  -0.00645299  -0.00646927  -0.00648439  -0.00649845  -0.00651151  -0.00652365  -0.00653492   -0.0065454  -0.00655514  -0.00656419   -0.0065726  -0.00658042  -0.00658768  -0.00659443   -0.0066007  -0.00660653  -0.00661194  -0.00661698  -0.00662165    -0.006626  -0.00663004  -0.00663379  -0.00663728  -0.00664052  -0.00664353  -0.00664633  -0.00664893  -0.00665135   -0.0066536  -0.00665569  -0.00665763  -0.00665943  -0.00666111  -0.00666266  -0.00666411  -0.00666546  -0.00666671  -0.00666787  -0.00666895  -0.00666995  -0.00667089  -0.00667175  -0.00667256  -0.00667331    -0.006674  -0.00667465  -0.00667525  -0.00667581  -0.00667633  -0.00667681  -0.00667726  -0.00667768  -0.00667807  -0.00667843  -0.00667879  -0.00667918  -0.00667977  -0.00668124
  0.00498502   0.00449364   0.00374122   0.00294127    0.0021466   0.00136933   0.00061142  -0.00012772 -0.000849223  -0.00155428  -0.00224401  -0.00291928  -0.00358023  -0.00422439  -0.00483914  -0.00537203  -0.00561369  -0.00576126  -0.00587886  -0.00598319  -0.00607887  -0.00616746  -0.00624969  -0.00632608  -0.00639705    -0.006463  -0.00652428  -0.00658121  -0.00663412  -0.00668328  -0.00672896   -0.0067714  -0.00681084  -0.00684749  -0.00688155  -0.00691319  -0.00694259  -0.00696992   -0.0069953   -0.0070189  -0.00704082  -0.00706119  -0.00708012  -0.00709771  -0.00711405  -0.00712924  -0.00714336  -0.00715647  -0.00716866  -0.00717999  -0.00719051  -0.00720029  -0.00720938  -0.00721782  -0.00722567  -0.00723296  -0.00723974  -0.00724604  -0.00725189  -0.00725733  -0.00726239  -0.00726708  -0.00727145   -0.0072755  -0.00727927  -0.00728278  -0.00728603  -0.00728906  -0.00729187  -0.00729448  -0.00729691  -0.00729917  -0.00730126  -0.00730321  -0.00730502  -0.00730671  -0.00730827  -0.00730972  -0.00731108  -0.00731233   -0.0073135  -0.00731458  -0.00731559  -0.00731653   -0.0073174  -0.00731821  -0.00731896  -0.00731966  -0.00732031  -0.00732091  -0.00732147  -0.00732199  -0.00732248  -0.00732293  -0.00732335  -0.00732375  -0.00732413  -0.00732455  -0.00732519  -0.00732678
   -0.017765    -0.019716   -0.0191319   -0.0179818   -0.0167592   -0.0155842   -0.0144828   -0.0134569   -0.0125032   -0.0116169   -0.0107935   -0.0100284   -0.0093176  -0.00865718  -0.00804359  -0.00747349  -0.00694381  -0.00645168  -0.00599442  -0.00556957  -0.00517482  -0.00480804  -0.00446724  -0.00415058  -0.00385635  -0.00358294  -0.00332889  -0.00309281  -0.00287344  -0.00266957  -0.00248012  -0.00230405   -0.0021404  -0.00198831  -0.00184693  -0.00171552  -0.00159335  -0.00147977  -0.00137417  -0.00127605  -0.00118509  -0.00110167  -0.00102877 -0.000979538  -0.00100714  -0.00132251  -0.00172777  -0.00215879  -0.00259909  -0.00304432  -0.00349319  -0.00394522  -0.00440013  -0.00485769  -0.00531766  -0.00577966  -0.00624265  -0.00670307   -0.0071472  -0.00752136  -0.00761413  -0.00762295  -0.00761153  -0.00759596  -0.00758024  -0.00756532  -0.00755138  -0.00753842  -0.00752638   -0.0075152  -0.00750481  -0.00749516  -0.00748621  -0.00747789  -0.00747016  -0.00746299  -0.00745633  -0.00745014  -0.00744439  -0.00743905   -0.0074341   -0.0074295  -0.00742522  -0.00742125  -0.00741756  -0.00741414  -0.00741095    -0.007408  -0.00740525   -0.0074027  -0.00740033  -0.00739813  -0.00739609  -0.00739419  -0.00739242  -0.00739077   -0.0073892  -0.00738759  -0.00738554  -0.00738141
  -0.0198042   -0.0192362   -0.0180843   -0.0168559   -0.0156745   -0.0145667   -0.0135349   -0.0125757   -0.0116843   -0.0108561   -0.0100866  -0.00937167  -0.00870744  -0.00809031  -0.00751693   -0.0069842  -0.00648924  -0.00602936  -0.00560207  -0.00520507   -0.0048362  -0.00449346  -0.00417501  -0.00387911  -0.00360418  -0.00334871  -0.00311132  -0.00289074  -0.00268577   -0.0024953  -0.00231829   -0.0021538  -0.00200093  -0.00185885   -0.0017268  -0.00160407  -0.00148998  -0.00138394   -0.0012854  -0.00119398  -0.00110978  -0.00103465 -0.000977303 -0.000973436  -0.00116503  -0.00141865    -0.001691  -0.00197089  -0.00225528  -0.00254323  -0.00283432   -0.0031283  -0.00342496  -0.00372406  -0.00402529  -0.00432791  -0.00462944  -0.00492061  -0.00516521  -0.00522078  -0.00522027  -0.00520658  -0.00519052  -0.00517476   -0.0051599  -0.00514605  -0.00513316  -0.00512119  -0.00511007  -0.00509974  -0.00509015  -0.00508124  -0.00507296  -0.00506527  -0.00505813   -0.0050515  -0.00504534  -0.00503961   -0.0050343  -0.00502936  -0.00502477  -0.00502051  -0.00501655  -0.00501287  -0.00500945  -0.00500628  -0.00500333  -0.00500059  -0.00499805  -0.00499568  -0.00499349  -0.00499145  -0.00498955  -0.00498779  -0.00498614  -0.00498461  -0.00498314   -0.0049816  -0.00497952  -0.00497497
  -0.0194333   -0.0183174   -0.0170851   -0.0158907   -0.0147684   -0.0137225   -0.0127501   -0.0118464   -0.0110067   -0.0102266  -0.00950176  -0.00882835   -0.0082027  -0.00762141  -0.00708133  -0.00657955  -0.00611335   -0.0056802  -0.00527776  -0.00490384  -0.00455643  -0.00423365  -0.00393375   -0.0036551  -0.00339621  -0.00315566  -0.00293216   -0.0027245  -0.00253155  -0.00235228  -0.00218571  -0.00203094  -0.00188713  -0.00175352  -0.00162937  -0.00151402  -0.00140684  -0.00130725  -0.00121471  -0.00112872  -0.00104881 -0.000974477 -0.000905104 -0.000839442 -0.000777964 -0.000720613 -0.000667158 -0.000617338 -0.000570899 -0.000527604 -0.000487228 -0.000449566 -0.000414426  -0.00038163 -0.000351015 -0.000322442 -0.000295823 -0.000271248 -0.000249471 -0.000229555 -0.000211131  -0.00019403 -0.000178145 -0.000163385 -0.000149669 -0.000136924 -0.000125081 -0.000114075 -0.000103847 -9.43436e-05 -8.55118e-05 -7.73047e-05 -6.96779e-05 -6.25905e-05 -5.60042e-05 -4.98835e-05 -4.41956e-05 -3.89098e-05 -3.39976e-05 -2.94327e-05 -2.51904e-05 -2.12478e-05 -1.75839e-05 -1.41788e-05 -1.10143e-05 -8.07332e-06 -5.34005e-06 -2.79978e-06 -4.38851e-07  1.75543e-06  3.79487e-06  5.69048e-06  7.45262e-06  9.09143e-06  1.06184e-05  1.20521e-05  1.34414e-05  1.49561e-05  1.72447e-05  2.28453e-05
  -0.0183176   -0.0170854   -0.0158909   -0.0147686   -0.0137228   -0.0127503   -0.0118465   -0.0110069   -0.0102267  -0.00950191  -0.00882849  -0.00820283  -0.00762153  -0.00708145  -0.00657966  -0.00611345  -0.00568029  -0.00527784  -0.00490392  -0.00455651  -0.00423372  -0.00393381  -0.00365516  -0.00339626  -0.00315571  -0.00293221  -0.00272454  -0.00253159  -0.00235232  -0.00218574  -0.00203097  -0.00188717  -0.00175355   -0.0016294  -0.00151405  -0.00140686  -0.00130727  -0.00121473  -0.00112875  -0.00104883 -0.000974476 -0.000905037 -0.000839113 -0.000777314 -0.000719628 -0.000665834 -0.000615675 -0.000568896  -0.00052526 -0.000484545 -0.000446543 -0.000411063 -0.000377927 -0.000346973 -0.000318064 -0.000291123 -0.000266274 -0.000244418 -0.000224483 -0.000206053 -0.000188952 -0.000173066 -0.000158306 -0.000144591 -0.000131846 -0.000120003 -0.000108997 -9.87698e-05  -8.9266e-05 -8.04344e-05 -7.22274e-05 -6.46007e-05 -5.75134e-05 -5.09272e-05 -4.48067e-05 -3.91189e-05 -3.38332e-05 -2.89211e-05 -2.43563e-05 -2.01141e-05 -1.61717e-05 -1.25079e-05 -9.10297e-06 -5.93861e-06 -2.99779e-06 -2.64687e-07   2.2754e-06  4.63612e-06  6.83019e-06  8.86939e-06  1.07647e-05  1.25264e-05   1.4164e-05   1.5687e-05   1.7106e-05  1.84385e-05  1.97298e-05  2.11381e-05  2.32676e-05  2.84829e-05
  -0.0170858   -0.0158914   -0.0147691   -0.0137232   -0.0127507    -0.011847   -0.0110073   -0.0102271  -0.00950225  -0.00882881  -0.00820312   -0.0076218   -0.0070817   -0.0065799  -0.00611367   -0.0056805  -0.00527803   -0.0049041  -0.00455667  -0.00423387  -0.00393396   -0.0036553  -0.00339639  -0.00315583  -0.00293231  -0.00272464  -0.00253169   -0.0023524  -0.00218583  -0.00203105  -0.00188724  -0.00175362  -0.00162946  -0.00151411  -0.00140692  -0.00130733  -0.00121479  -0.00112879  -0.00104886 -0.000974479  -0.00090491  -0.00083848  -0.00077606 -0.000717724 -0.000663273 -0.000612455 -0.000565017 -0.000520723 -0.000479349 -0.000440688  -0.00040455 -0.000370756 -0.000339145 -0.000309586 -0.000282019  -0.00025664 -0.000234631 -0.000214658 -0.000196219 -0.000179115 -0.000163229 -0.000148469 -0.000134754 -0.000122009 -0.000110166 -9.91607e-05 -8.89337e-05 -7.94301e-05 -7.05986e-05 -6.23916e-05 -5.47651e-05 -4.76779e-05 -4.10918e-05 -3.49714e-05 -2.92837e-05 -2.39981e-05 -1.90861e-05 -1.45214e-05 -1.02793e-05 -6.33699e-06  -2.6733e-06  7.31505e-07  3.89574e-06  6.83644e-06   9.5694e-06  1.21093e-05  1.44699e-05  1.66638e-05  1.87028e-05  2.05979e-05  2.23593e-05  2.39965e-05  2.55184e-05  2.69338e-05  2.82526e-05   2.9491e-05  3.06912e-05  3.20008e-05  3.39826e-05  3.88402e-05
   -0.015892   -0.0147698   -0.0137239   -0.0127513   -0.0118475   -0.0110078   -0.0102276  -0.00950271  -0.00882924  -0.00820352  -0.00762218  -0.00708205  -0.00658022  -0.00611397  -0.00568077  -0.00527829  -0.00490434   -0.0045569  -0.00423408  -0.00393415  -0.00365548  -0.00339655  -0.00315598  -0.00293246  -0.00272478  -0.00253181  -0.00235252  -0.00218594  -0.00203115  -0.00188734  -0.00175371  -0.00162955  -0.00151419    -0.001407   -0.0013074  -0.00121486  -0.00112886  -0.00104891  -0.00097449 -0.000904769 -0.000837747 -0.000774602 -0.000715508 -0.000660291 -0.000608704 -0.000560498 -0.000515435 -0.000473292 -0.000433863 -0.000396957 -0.000362395 -0.000330019 -0.000299702 -0.000271404 -0.000245407  -0.00022322 -0.000203201 -0.000184751 -0.000167645 -0.000151758 -0.000136998 -0.000123283 -0.000110539 -9.86957e-05 -8.76904e-05 -7.74635e-05 -6.79599e-05 -5.91285e-05 -5.09217e-05 -4.32952e-05  -3.6208e-05  -2.9622e-05 -2.35016e-05  -1.7814e-05 -1.25284e-05 -7.61652e-06 -3.05184e-06   1.1902e-06  5.13243e-06  8.79605e-06  1.22008e-05  1.53649e-05  1.83055e-05  2.10384e-05  2.35783e-05  2.59387e-05  2.81325e-05  3.01714e-05  3.20663e-05  3.38275e-05  3.54645e-05   3.6986e-05  3.84004e-05  3.97158e-05  4.09415e-05  4.20924e-05  4.32081e-05  4.44258e-05  4.62702e-05  5.07951e-05
  -0.0147704   -0.0137246   -0.0127521   -0.0118482   -0.0110084   -0.0102282  -0.00950326  -0.00882975    -0.008204  -0.00762262  -0.00708246   -0.0065806  -0.00611432   -0.0056811   -0.0052786  -0.00490462  -0.00455716  -0.00423433  -0.00393438  -0.00365569  -0.00339675  -0.00315617  -0.00293263  -0.00272494  -0.00253196  -0.00235266  -0.00218607  -0.00203128  -0.00188745  -0.00175382  -0.00162965  -0.00151428  -0.00140709  -0.00130748  -0.00121494  -0.00112893  -0.00104897 -0.000974508 -0.000904632 -0.000837002 -0.000773116 -0.000713245 -0.000657242 -0.000604869 -0.000555875 -0.000510024 -0.000467094 -0.000426878 -0.000389184 -0.000353837 -0.000320676 -0.000289582 -0.000260536 -0.000233905 -0.000211536 -0.000191471 -0.000173009   -0.0001559 -0.000140013 -0.000125253 -0.000111538 -9.87936e-05 -8.69506e-05 -7.59453e-05 -6.57184e-05 -5.62148e-05 -4.73834e-05 -3.91766e-05 -3.15501e-05 -2.44629e-05 -1.78768e-05 -1.17565e-05 -6.06882e-06 -7.83271e-07  4.12862e-06   8.6933e-06  1.29353e-05  1.68775e-05  2.05411e-05  2.39458e-05    2.711e-05  3.00505e-05  3.27833e-05  3.53231e-05  3.76835e-05  3.98772e-05   4.1916e-05  4.38108e-05  4.55719e-05  4.72087e-05    4.873e-05  5.01441e-05  5.14586e-05  5.26811e-05  5.38202e-05  5.48899e-05  5.59269e-05  5.70593e-05  5.87759e-05  6.29909e-05
  -0.0137254    -0.012753   -0.0118492   -0.0110093    -0.010229  -0.00950404  -0.00883047  -0.00820467  -0.00762324  -0.00708304  -0.00658114  -0.00611482  -0.00568157  -0.00527903  -0.00490502  -0.00455753  -0.00423468   -0.0039347  -0.00365599  -0.00339703  -0.00315643  -0.00293287  -0.00272516  -0.00253217  -0.00235286  -0.00218625  -0.00203145  -0.00188761  -0.00175397  -0.00162979  -0.00151442  -0.00140721   -0.0013076  -0.00121505  -0.00112903  -0.00104906 -0.000974541 -0.000904475 -0.000836108 -0.000771318 -0.000710504 -0.000653547 -0.000600216 -0.000550265 -0.000503457  -0.00045957 -0.000418398 -0.000379748 -0.000343445 -0.000309331 -0.000277293 -0.000247338 -0.000219937 -0.000197346 -0.000177225 -0.000158749 -0.000141636 -0.000125748 -0.000110988 -9.72727e-05  -8.4528e-05 -7.26848e-05 -6.16794e-05 -5.14524e-05 -4.19487e-05 -3.31172e-05 -2.49102e-05 -1.72836e-05 -1.01963e-05 -3.61019e-06  2.51028e-06  8.19802e-06  1.34836e-05  1.83956e-05  2.29604e-05  2.72025e-05  3.11447e-05  3.48084e-05  3.82131e-05  4.13772e-05  4.43178e-05  4.70506e-05  4.95904e-05  5.19508e-05  5.41444e-05  5.61832e-05   5.8078e-05   5.9839e-05  6.14757e-05  6.29969e-05  6.44108e-05   6.5725e-05  6.69467e-05  6.80829e-05  6.91416e-05  7.01358e-05  7.10998e-05  7.21528e-05  7.37506e-05  7.76775e-05
  -0.0127543   -0.0118506   -0.0110108   -0.0102304   -0.0095053  -0.00883164  -0.00820576  -0.00762425  -0.00708398  -0.00658201  -0.00611564  -0.00568232  -0.00527973  -0.00490568  -0.00455814  -0.00423524  -0.00393523  -0.00365648  -0.00339749  -0.00315685  -0.00293327  -0.00272553  -0.00253252  -0.00235318  -0.00218655  -0.00203173  -0.00188787  -0.00175421  -0.00163002  -0.00151463  -0.00140741  -0.00130779  -0.00121522   -0.0011292   -0.0010492 -0.000974606  -0.00090427 -0.000834862 -0.000768799 -0.000706652 -0.000648348 -0.000593667 -0.000542366 -0.000494209 -0.000448972  -0.00040645 -0.000366452   -0.0003288 -0.000293343 -0.000259972 -0.000228736 -0.000200249 -0.000177345 -0.000157144 -0.000138648 -0.000121529  -0.00010564 -9.08786e-05 -7.71629e-05 -6.44178e-05 -5.25742e-05 -4.15684e-05 -3.13411e-05  -2.1837e-05 -1.30052e-05 -4.79789e-06  2.82901e-06   9.9166e-06   1.6503e-05  2.26238e-05  2.83118e-05  3.35976e-05  3.85098e-05  4.30748e-05  4.73171e-05  5.12595e-05  5.49233e-05  5.83282e-05  6.14925e-05  6.44332e-05  6.71661e-05   6.9706e-05  7.20664e-05  7.42601e-05  7.62989e-05  7.81938e-05  7.99548e-05  8.15915e-05  8.31127e-05  8.45266e-05  8.58407e-05  8.70622e-05  8.81976e-05  8.92537e-05  9.02377e-05  9.11618e-05  9.20579e-05  9.30372e-05  9.45248e-05  9.81844e-05
  -0.0118519   -0.0110122   -0.0102318  -0.00950667  -0.00883292  -0.00820695  -0.00762536  -0.00708501  -0.00658297  -0.00611652  -0.00568315   -0.0052805  -0.00490639  -0.00455881  -0.00423586   -0.0039358  -0.00365701  -0.00339798  -0.00315731   -0.0029337  -0.00272593  -0.00253289  -0.00235353  -0.00218687  -0.00203203  -0.00188816  -0.00175448  -0.00163027  -0.00151486  -0.00140763    -0.001308  -0.00121542  -0.00112937  -0.00104935 -0.000974686 -0.000904095 -0.000833703 -0.000766436  -0.00070303 -0.000643455   -0.0005875 -0.000534923  -0.00048549 -0.000438979 -0.000395183 -0.000353911 -0.000314987  -0.00027826 -0.000243632 -0.000211186 -0.000181674 -0.000158473 -0.000138197 -0.000119681 -0.000102557 -8.66654e-05 -7.19033e-05 -5.81869e-05 -4.54411e-05 -3.35969e-05 -2.25906e-05 -1.23627e-05 -2.85813e-06  5.97424e-06   1.4182e-05  2.18093e-05  2.88974e-05  3.54842e-05  4.16053e-05  4.72937e-05  5.25799e-05  5.74924e-05  6.20576e-05  6.63002e-05  7.02429e-05  7.39069e-05   7.7312e-05  8.04765e-05  8.34174e-05  8.61505e-05  8.86905e-05  9.10511e-05  9.32449e-05  9.52838e-05  9.71787e-05  9.89398e-05  0.000100577  0.000102098  0.000103512  0.000104826  0.000106047  0.000107182  0.000108238  0.000109219  0.000110134  0.000110993  0.000111826  0.000112737  0.000114122  0.000117532
  -0.0110152   -0.0102353  -0.00951008  -0.00883614  -0.00820995  -0.00762815   -0.0070876  -0.00658538  -0.00611876  -0.00568523  -0.00528243  -0.00490819  -0.00456048  -0.00423741  -0.00393725  -0.00365836  -0.00339924  -0.00315848  -0.00293478  -0.00272694  -0.00253383   -0.0023544  -0.00218769  -0.00203279  -0.00188887  -0.00175514  -0.00163089  -0.00151544  -0.00140818  -0.00130851  -0.00121589  -0.00112982  -0.00104973 -0.000974908 -0.000903758 -0.000831223 -0.000761337 -0.000695192 -0.000632847 -0.000574117 -0.000518765 -0.000466557 -0.000417272 -0.000370704  -0.00032666 -0.000284967 -0.000245478 -0.000208114 -0.000173034 -0.000141291 -0.000117446 -9.70043e-05 -7.84441e-05 -6.13072e-05 -4.54106e-05 -3.06457e-05  -1.6927e-05 -4.17914e-06  7.66694e-06  1.86751e-05  2.89048e-05  3.84109e-05  4.72449e-05  5.54541e-05  6.30828e-05  7.01722e-05  7.67602e-05  8.28825e-05   8.8572e-05  9.38592e-05  9.87727e-05  0.000103339  0.000107582  0.000111526  0.000115191  0.000118597  0.000121762  0.000124703  0.000127437  0.000129977  0.000132338  0.000134533  0.000136572  0.000138467  0.000140229  0.000141866  0.000143388  0.000144802  0.000146116  0.000147338  0.000148473  0.000149528  0.000150509  0.000151422  0.000152272  0.000153071  0.000153845  0.000154693  0.000155983  0.000159165
   -0.010238  -0.00951332  -0.00883933  -0.00821296  -0.00763096  -0.00709021  -0.00658781  -0.00612102  -0.00568733  -0.00528438     -0.00491  -0.00456216  -0.00423898   -0.0039387  -0.00365971  -0.00340049  -0.00315965  -0.00293587  -0.00272796  -0.00253477  -0.00235528  -0.00218851  -0.00203355  -0.00188958  -0.00175581  -0.00163151  -0.00151603  -0.00140872  -0.00130902  -0.00121637  -0.00113026  -0.00105012 -0.000975151 -0.000903512  -0.00082911 -0.000756942 -0.000688412 -0.000623658 -0.000562512 -0.000504745 -0.000450122 -0.000398423 -0.000349442 -0.000302986 -0.000258884 -0.000216992 -0.000177248 -0.000139877 -0.000106193 -8.17862e-05 -6.11998e-05 -4.26005e-05 -2.54516e-05  -9.5499e-06  5.21831e-06  1.89397e-05    3.169e-05  4.35383e-05  5.45487e-05  6.47803e-05  7.42884e-05  8.31241e-05   9.1335e-05  9.89654e-05  0.000106056  0.000112646  0.000118769   0.00012446  0.000129748  0.000134663   0.00013923  0.000143475  0.000147419  0.000151085  0.000154491  0.000157657    0.0001606  0.000163334  0.000165875  0.000168237  0.000170431  0.000172471  0.000174367  0.000176129  0.000177766  0.000179288  0.000180703  0.000182017  0.000183239  0.000184375   0.00018543  0.000186411  0.000187323  0.000188172  0.000188962  0.000189705  0.000190425  0.000191213  0.000192416  0.000195384
 -0.00951681  -0.00884346  -0.00821702  -0.00763478  -0.00709378  -0.00659113  -0.00612411   -0.0056902  -0.00528705  -0.00491248  -0.00456447  -0.00424112   -0.0039407  -0.00366156  -0.00340222  -0.00316125  -0.00293736  -0.00272934  -0.00253607  -0.00235648  -0.00218963   -0.0020346  -0.00189055  -0.00175671  -0.00163236  -0.00151682  -0.00140946  -0.00130971  -0.00121702  -0.00113085  -0.00105064 -0.000975505 -0.000903282 -0.000826669   -0.0007518 -0.000680446 -0.000612838 -0.000548833 -0.000488206 -0.000430725 -0.000376169 -0.000324332 -0.000275023  -0.00022807 -0.000183334 -0.000140774 -0.000100692 -6.47111e-05 -3.96388e-05 -1.88798e-05 -2.33102e-07  1.69313e-05  3.28402e-05  4.76133e-05  6.13388e-05  7.40928e-05  8.59447e-05  9.69583e-05  0.000107193  0.000116704  0.000125542  0.000133756  0.000141389  0.000148482  0.000155073  0.000161199  0.000166892  0.000172182  0.000177098  0.000181667  0.000185913  0.000189859  0.000193525  0.000196933    0.0002001  0.000203044  0.000205779  0.000208321  0.000210683  0.000212879   0.00021492  0.000216816  0.000218578  0.000220216  0.000221739  0.000223154  0.000224469  0.000225691  0.000226827  0.000227883  0.000228864  0.000229777  0.000230625  0.000231413  0.000232148  0.000232839  0.000233509  0.000234242  0.000235363  0.000238133
 -0.00884673  -0.00822089   -0.0076386  -0.00709738  -0.00659449  -0.00612723   -0.0056931  -0.00528975  -0.00491499   -0.0045668  -0.00424329  -0.00394271  -0.00366344  -0.00340396  -0.00316287  -0.00293887  -0.00273074  -0.00253737   -0.0023577  -0.00219076  -0.00203565  -0.00189153  -0.00175763  -0.00163321  -0.00151761  -0.00141021  -0.00131041  -0.00121767  -0.00113146  -0.00105118 -0.000975882 -0.000903145 -0.000824596 -0.000747364 -0.000673541 -0.000603438 -0.000536934 -0.000473807 -0.000413828 -0.000356775 -0.000302442 -0.000250639 -0.000201194 -0.000153974 -0.000108953 -6.65029e-05 -2.85149e-05 -2.86002e-06  1.80511e-05  3.67405e-05  5.39196e-05  6.98358e-05  8.46142e-05  9.83442e-05  0.000111102  0.000122958  0.000133975  0.000144214  0.000153728  0.000162569  0.000170786  0.000178421  0.000185517   0.00019211  0.000198238  0.000203933  0.000209225  0.000214143  0.000218713  0.000222961  0.000226908  0.000230576  0.000233986  0.000237154  0.000240098  0.000242834  0.000245378  0.000247741  0.000249937  0.000251979  0.000253876  0.000255639  0.000257278  0.000258801  0.000260216  0.000261532  0.000262754  0.000263891  0.000264947  0.000265929  0.000266841  0.000267689  0.000268478  0.000269211  0.000269895  0.000270536  0.000271159  0.000271842  0.000272886  0.000275471
 -0.00822317   -0.0076413  -0.00710003  -0.00659699  -0.00612957  -0.00569527  -0.00529177  -0.00491687  -0.00456854  -0.00424491  -0.00394422  -0.00366484  -0.00340526  -0.00316408     -0.00294  -0.00273179  -0.00253834   -0.0023586   -0.0021916  -0.00203644  -0.00189227  -0.00175831  -0.00163385  -0.00151821  -0.00141076  -0.00131092  -0.00121815   -0.0011319  -0.00105158 -0.000976176 -0.000903103 -0.000823301 -0.000744539 -0.000669116 -0.000597399 -0.000529277 -0.000464532 -0.000402936 -0.000344268 -0.000288321 -0.000234904 -0.000183848  -0.00013502 -8.84083e-05 -4.44259e-05 -5.13975e-06  2.08928e-05  4.19032e-05  6.06211e-05  7.78106e-05  9.37324e-05  0.000108515  0.000122249   0.00013501  0.000146869  0.000157889   0.00016813  0.000177647  0.000186491  0.000194709  0.000202347  0.000209444   0.00021604   0.00022217  0.000227866   0.00023316  0.000238079  0.000242651  0.000246899  0.000250848  0.000254517  0.000257927  0.000261096  0.000264042  0.000266779  0.000269323  0.000271687  0.000273884  0.000275926  0.000277823  0.000279587  0.000281226   0.00028275  0.000284165  0.000285481  0.000286704  0.000287841  0.000288898   0.00028988  0.000290792  0.000291641  0.000292429  0.000293162  0.000293844  0.000294479  0.000295076  0.000295655  0.000296291  0.000297263  0.000299672
 -0.00764327  -0.00710237  -0.00659928  -0.00613173  -0.00569729  -0.00529365  -0.00491861  -0.00457017  -0.00424642  -0.00394562  -0.00366614  -0.00340647  -0.00316521  -0.00294104  -0.00273277  -0.00253925  -0.00235945  -0.00219239  -0.00203717  -0.00189295  -0.00175895  -0.00163444  -0.00151876  -0.00141127   -0.0013114   -0.0012186  -0.00113232  -0.00105195  -0.00097646 -0.000903113 -0.000822299 -0.000742303 -0.000665592 -0.000592573 -0.000523147 -0.000457099   -0.0003942  -0.00033423 -0.000276982 -0.000222266 -0.000169911  -0.00011979  -7.1896e-05   -2.668e-05  1.36516e-05   3.9989e-05  6.10803e-05  7.98221e-05  9.70207e-05  0.000112948  0.000127734  0.000141472  0.000154237  0.000166099  0.000177122  0.000187365  0.000196885  0.000205731  0.000213951  0.000221591   0.00022869  0.000235288  0.000241419  0.000247117  0.000252412  0.000257333  0.000261906  0.000266156  0.000270105  0.000273776  0.000277187  0.000280357  0.000283303  0.000286041  0.000288585   0.00029095  0.000293148   0.00029519  0.000297089  0.000298853  0.000300492  0.000302016  0.000303432  0.000304749  0.000305972  0.000307109  0.000308166  0.000309148  0.000310061  0.000310909  0.000311698  0.000312431  0.000313113  0.000313747  0.000314337  0.000314892  0.000315431  0.000316022  0.000316927  0.000319173
 -0.00710388  -0.00660107  -0.00613349  -0.00569895  -0.00529519  -0.00492005   -0.0045715  -0.00424766  -0.00394677  -0.00366721  -0.00340747  -0.00316614  -0.00294191  -0.00273357     -0.00254  -0.00236014  -0.00219303  -0.00203777  -0.00189351  -0.00175947  -0.00163493  -0.00151921   -0.0014117   -0.0013118  -0.00121897  -0.00113266  -0.00105225 -0.000976701 -0.000903157 -0.000821621 -0.000740746 -0.000663117 -0.000589171 -0.000518816  -0.00045184 -0.000388015 -0.000327118 -0.000268945 -0.000213304 -0.000160026 -0.000108983  -6.0178e-05 -1.40844e-05  2.69909e-05  5.35457e-05  7.46953e-05  9.34547e-05  0.000110661  0.000126592  0.000141382  0.000155123   0.00016789  0.000179755  0.000190781  0.000201026  0.000210548  0.000219396  0.000227619   0.00023526  0.000242361   0.00024896  0.000255093  0.000260792  0.000266088   0.00027101  0.000275584  0.000279835  0.000283786  0.000287457  0.000290869   0.00029404  0.000296987  0.000299725   0.00030227  0.000304636  0.000306834  0.000308877  0.000310775   0.00031254   0.00031418  0.000315704  0.000317121  0.000318437  0.000319661  0.000320798  0.000321855  0.000322838  0.000323751  0.000324599  0.000325388  0.000326121  0.000326803  0.000327436  0.000328026  0.000328575  0.000329091  0.000329592  0.000330141  0.000330984  0.000333077
 -0.00660185  -0.00613441  -0.00569986  -0.00529605  -0.00492085  -0.00457224  -0.00424835  -0.00394741  -0.00366781  -0.00340802  -0.00316665  -0.00294238  -0.00273401  -0.00254041  -0.00236053  -0.00219339   -0.0020381  -0.00189381  -0.00175975  -0.00163519  -0.00151946  -0.00141193  -0.00131201  -0.00121917  -0.00113285  -0.00105242 -0.000976838 -0.000903198 -0.000821315 -0.000740018 -0.000661949 -0.000587558 -0.000516757 -0.000449336 -0.000385066 -0.000323725 -0.000265108 -0.000209023 -0.000155302 -0.000103818 -5.45761e-05 -8.06199e-06  3.33699e-05  6.00293e-05  8.12072e-05  9.99755e-05  0.000117185  0.000133119  0.000147911  0.000161653  0.000174423  0.000186289  0.000197316  0.000207563  0.000217086  0.000225935  0.000234159  0.000241801  0.000248903  0.000255503  0.000261637  0.000267337  0.000272634  0.000277556  0.000282131  0.000286383  0.000290333  0.000294005  0.000297418  0.000300589  0.000303536  0.000306275   0.00030882  0.000311186  0.000313385  0.000315428  0.000317327  0.000319092  0.000320732  0.000322256  0.000323673   0.00032499  0.000326213  0.000327351  0.000328408   0.00032939  0.000330303  0.000331152  0.000331941  0.000332674  0.000333356  0.000333989  0.000334578  0.000335126  0.000335636  0.000336116  0.000336582  0.000337093  0.000337877  0.000339826
 -0.00613473  -0.00570024  -0.00529642   -0.0049212  -0.00457257  -0.00424866   -0.0039477  -0.00366807  -0.00340827  -0.00316688   -0.0029426  -0.00273421  -0.00254059   -0.0023607  -0.00219355  -0.00203825  -0.00189395  -0.00175988  -0.00163531  -0.00151957  -0.00141203  -0.00131211  -0.00121926  -0.00113293   -0.0010525   -0.0009769 -0.000903223 -0.000821206 -0.000739745 -0.000661505 -0.000586943  -0.00051597 -0.000448377 -0.000383934 -0.000322422 -0.000263634 -0.000207378 -0.000153486 -0.000101832 -5.24208e-05  -5.7444e-06  3.58251e-05   6.2525e-05   8.3714e-05  0.000102486  0.000119697  0.000135632  0.000150425  0.000164168  0.000176938  0.000188805  0.000199833  0.000210081  0.000219604  0.000228454  0.000236678  0.000244321  0.000251423  0.000258024  0.000264158  0.000269858  0.000275155  0.000280078  0.000284653  0.000288905  0.000292856  0.000296528  0.000299941  0.000303112  0.000306059  0.000308798  0.000311344   0.00031371  0.000315908  0.000317952  0.000319851  0.000321616  0.000323256   0.00032478  0.000326197  0.000327514  0.000328738  0.000329875  0.000330932  0.000331915  0.000332828  0.000333677  0.000334466  0.000335199   0.00033588  0.000336514  0.000337103   0.00033765  0.000338159  0.000338634  0.000339079  0.000339512  0.000339988  0.000340718  0.000342532
 -0.00570012  -0.00529629  -0.00492107  -0.00457245  -0.00424854  -0.00394759  -0.00366797  -0.00340818  -0.00316679  -0.00294252  -0.00273414  -0.00254052  -0.00236063  -0.00219349  -0.00203819   -0.0018939  -0.00175983  -0.00163527  -0.00151953  -0.00141199  -0.00131207  -0.00121922   -0.0011329  -0.00105247 -0.000976876 -0.000903211 -0.000821238 -0.000739831 -0.000661647  -0.00058714 -0.000516224 -0.000448687 -0.000384301 -0.000322844 -0.000264112 -0.000207912 -0.000154076 -0.000102477 -5.31212e-05 -6.49774e-06  3.50269e-05  6.17135e-05  8.28988e-05  0.000101669   0.00011888  0.000134815  0.000149607   0.00016335   0.00017612  0.000187987  0.000199014  0.000209262  0.000218785  0.000227634  0.000235858  0.000243501  0.000250603  0.000257203  0.000263337  0.000269037  0.000274334  0.000279257  0.000283832  0.000288084  0.000292035  0.000295707  0.000299119   0.00030229  0.000305238  0.000307977  0.000310522  0.000312888  0.000315086   0.00031713  0.000319029  0.000320794  0.000322434  0.000323958  0.000325375  0.000326692  0.000327915  0.000329053   0.00033011  0.000331092  0.000332005  0.000332854  0.000333643  0.000334376  0.000335057  0.000335691  0.000336279  0.000336827  0.000337335  0.000337809  0.000338249  0.000338664  0.000339066  0.000339508  0.000340187  0.000341877
  -0.0052945  -0.00491895  -0.00457037  -0.00424658  -0.00394576  -0.00366627  -0.00340659  -0.00316532  -0.00294115  -0.00273286  -0.00253934  -0.00235953  -0.00219247  -0.00203724  -0.00189302  -0.00175901   -0.0016345  -0.00151882  -0.00141133  -0.00131146  -0.00121865  -0.00113236  -0.00105198 -0.000976462 -0.000902985 -0.000821663 -0.000741045 -0.000663683 -0.000590006 -0.000519919 -0.000453211 -0.000389653 -0.000329023 -0.000271115 -0.000215739 -0.000162725 -0.000111946 -6.34004e-05 -1.75572e-05  2.33057e-05  4.97958e-05  7.09256e-05  8.96768e-05  0.000106878  0.000122805  0.000137592  0.000151329  0.000164093  0.000175955  0.000186978  0.000197221  0.000206741  0.000215587  0.000223807  0.000231447  0.000238546  0.000245144  0.000251275  0.000256972  0.000262267  0.000267188  0.000271761  0.000276011   0.00027996  0.000283631  0.000287042  0.000290212  0.000293158  0.000295896   0.00029844  0.000300805  0.000303002  0.000305045  0.000306943  0.000308707  0.000310346   0.00031187  0.000313286  0.000314602  0.000315825  0.000316962  0.000318019  0.000319001  0.000319913  0.000320762   0.00032155  0.000322283  0.000322964  0.000323597  0.000324185  0.000324732  0.000325241  0.000325713  0.000326153  0.000326562  0.000326947  0.000327321  0.000327732  0.000328363  0.000329934
 -0.00491426  -0.00456482  -0.00424112  -0.00394061  -0.00366147  -0.00340212  -0.00316116  -0.00293729  -0.00272927    -0.002536  -0.00235643  -0.00218958  -0.00203456  -0.00189052  -0.00175669  -0.00163234  -0.00151681  -0.00140946  -0.00130972  -0.00121703  -0.00113086  -0.00105061 -0.000975278 -0.000902273 -0.000822547 -0.000743862 -0.000668513 -0.000596865 -0.000528809 -0.000464129 -0.000402593 -0.000343983 -0.000288091 -0.000234728 -0.000183722 -0.000134944 -8.83788e-05 -4.44406e-05 -5.19382e-06  2.08138e-05  4.18047e-05  6.05053e-05  7.76789e-05  9.35861e-05  0.000108355  0.000122076  0.000134826  0.000146674  0.000157684  0.000167915  0.000177423  0.000186259   0.00019447    0.0002021  0.000209191  0.000215781  0.000221905  0.000227596  0.000232884  0.000237799  0.000242367  0.000246611  0.000250556  0.000254222  0.000257629  0.000260795  0.000263737  0.000266472  0.000269013  0.000271375   0.00027357   0.00027561  0.000277505  0.000279267  0.000280905  0.000282426  0.000283841  0.000285155  0.000286377  0.000287512  0.000288567  0.000289548   0.00029046  0.000291307  0.000292094  0.000292826  0.000293506  0.000294138  0.000294726  0.000295272   0.00029578  0.000296252   0.00029669  0.000297098  0.000297479  0.000297836  0.000298183  0.000298564   0.00029915  0.000300609
 -0.00455823  -0.00423333  -0.00393295  -0.00365424  -0.00339538  -0.00315489  -0.00293146  -0.00272386  -0.00253097  -0.00235175  -0.00218523  -0.00203051  -0.00188676  -0.00175319  -0.00162909  -0.00151378  -0.00140664  -0.00130709  -0.00121459   -0.0011286  -0.00104853 -0.000973471 -0.000901099 -0.000823472 -0.000747322 -0.000674613 -0.000605626  -0.00054023 -0.000478204 -0.000419318 -0.000363351 -0.000310098 -0.000259367 -0.000210988 -0.000164826  -0.00012085 -7.94018e-05 -4.22682e-05 -1.68954e-05  3.90906e-06  2.25387e-05  3.96723e-05  5.55487e-05  7.02907e-05  8.39871e-05  9.67141e-05  0.000108541  0.000119531  0.000129744  0.000139235  0.000148055  0.000156251  0.000163867  0.000170945  0.000177523  0.000183636  0.000189316  0.000194595  0.000199501   0.00020406  0.000208297  0.000212235  0.000215894  0.000219294  0.000222454  0.000225391  0.000228121  0.000230657  0.000233015  0.000235206  0.000237242  0.000239134  0.000240892  0.000242527  0.000244046  0.000245457  0.000246769  0.000247988  0.000249122  0.000250175  0.000251154  0.000252063  0.000252909  0.000253695  0.000254425  0.000255104  0.000255735  0.000256321  0.000256866  0.000257373  0.000257844  0.000258282  0.000258689  0.000259067   0.00025942  0.000259751  0.000260073  0.000260427  0.000260971  0.000262324
 -0.00422616  -0.00392447   -0.0036459  -0.00338751  -0.00314755  -0.00292462   -0.0027175  -0.00252506  -0.00234626  -0.00218013  -0.00202577  -0.00188235  -0.00174909  -0.00162528  -0.00151023  -0.00140334  -0.00130402  -0.00121173  -0.00112595  -0.00104609 -0.000971332 -0.000899623 -0.000824142 -0.000750578 -0.000680559 -0.000614282 -0.000551595 -0.000492272 -0.000436082 -0.000382804 -0.000332233 -0.000284178 -0.000238469 -0.000194965 -0.000153618   -0.0001147 -7.97138e-05 -5.49905e-05  -3.4381e-05 -1.58291e-05  1.25847e-06  1.70988e-05  3.18088e-05  4.54759e-05  5.81757e-05  6.99771e-05  8.09439e-05  9.11351e-05  0.000100606  0.000109406  0.000117585  0.000125185  0.000132248  0.000138811  0.000144911  0.000150579  0.000155846  0.000160742  0.000165291  0.000169518  0.000173447  0.000177098  0.000180491  0.000183645  0.000186575  0.000189299   0.00019183  0.000194182  0.000196368  0.000198399  0.000200287  0.000202042  0.000203672  0.000205188  0.000206596  0.000207905  0.000209122  0.000210253  0.000211303   0.00021228  0.000213188  0.000214031  0.000214815  0.000215544  0.000216221  0.000216851  0.000217436   0.00021798  0.000218485  0.000218955  0.000219392  0.000219797  0.000220175  0.000220526  0.000220853   0.00022116  0.000221459  0.000221787  0.000222291  0.000223546
 -0.00391881  -0.00363921  -0.00338094  -0.00314135  -0.00291884  -0.00271212  -0.00252006  -0.00234161  -0.00217581  -0.00202175  -0.00187861  -0.00174562  -0.00162205  -0.00150723  -0.00140055  -0.00130142  -0.00120931   -0.0011237  -0.00104403 -0.000969503 -0.000898298 -0.000824406 -0.000752751 -0.000684717 -0.000620438 -0.000559748 -0.000502415  -0.00044821 -0.000396911 -0.000348314 -0.000302228 -0.000258481 -0.000216932 -0.000177518 -0.000140458  -0.00010705 -8.28081e-05 -6.23468e-05 -4.38567e-05 -2.68074e-05 -1.09978e-05  3.68486e-06  1.73268e-05  3.00033e-05   4.1783e-05  5.27296e-05   6.2902e-05   7.2355e-05  8.11396e-05  8.93029e-05   9.6889e-05  0.000103939   0.00011049  0.000116578  0.000122236  0.000127494   0.00013238   0.00013692   0.00014114  0.000145061  0.000148706  0.000152092   0.00015524  0.000158165  0.000160883  0.000163409  0.000165757  0.000167939  0.000169966  0.000171851  0.000173602   0.00017523  0.000176742  0.000178148  0.000179454  0.000180669  0.000181797  0.000182846  0.000183821  0.000184726  0.000185568  0.000186351  0.000187078  0.000187754  0.000188382  0.000188966  0.000189509  0.000190013  0.000190482  0.000190918  0.000191323    0.0001917   0.00019205  0.000192375  0.000192679  0.000192964  0.000193241  0.000193545  0.000194013  0.000195177
 -0.00363625  -0.00337743   -0.0031379  -0.00291559  -0.00270909  -0.00251724  -0.00233899  -0.00217337  -0.00201949  -0.00187651  -0.00174366  -0.00162023  -0.00150554  -0.00139897  -0.00129996  -0.00120795  -0.00112244  -0.00104286 -0.000968464 -0.000897516 -0.000824406  -0.00075369 -0.000686631 -0.000623332  -0.00056362 -0.000507263  -0.00045403 -0.000403701 -0.000356069 -0.000310947  -0.00026816 -0.000227566 -0.000189097 -0.000152946 -0.000120309 -9.63044e-05 -7.59182e-05  -5.7461e-05  -4.0433e-05 -2.46408e-05 -9.97365e-06  3.65397e-06  1.63172e-05  2.80846e-05  3.90197e-05  4.91814e-05  5.86244e-05  6.73997e-05  7.55545e-05  8.31326e-05  9.01749e-05  9.67192e-05  0.000102801  0.000108453  0.000113705  0.000118586  0.000123121  0.000127337  0.000131254  0.000134894  0.000138277  0.000141421  0.000144343  0.000147058  0.000149582  0.000151927  0.000154107  0.000156132  0.000158014  0.000159764   0.00016139  0.000162901  0.000164305   0.00016561  0.000166823   0.00016795  0.000168998  0.000169971  0.000170876  0.000171717  0.000172499  0.000173225    0.0001739  0.000174528  0.000175111  0.000175653  0.000176157  0.000176625  0.000177061  0.000177465  0.000177841  0.000178191  0.000178516  0.000178818    0.0001791  0.000179364  0.000179621  0.000179904  0.000180339  0.000181421
 -0.00337867  -0.00313937  -0.00291703  -0.00271045  -0.00251851  -0.00234017  -0.00217447  -0.00202051  -0.00187746  -0.00174454  -0.00162105   -0.0015063  -0.00139968  -0.00130062  -0.00120857  -0.00112301  -0.00104339 -0.000968935 -0.000897883 -0.000824464 -0.000753378 -0.000685935 -0.000622251 -0.000562155 -0.000505415   -0.0004518 -0.000401091 -0.000353081 -0.000307581 -0.000264418  -0.00022345 -0.000184611 -0.000148105 -0.000115166 -9.10675e-05 -7.06507e-05 -5.21794e-05 -3.51419e-05 -1.93419e-05  -4.6677e-06  8.96644e-06  2.16357e-05  3.34087e-05   4.4349e-05  5.45156e-05  6.39632e-05  7.27426e-05  8.09013e-05   8.8483e-05  9.55287e-05  0.000102076  0.000108161  0.000113815   0.00011907  0.000123953  0.000128491  0.000132708  0.000136627   0.00014027  0.000143654    0.0001468  0.000149723   0.00015244  0.000154964  0.000157311  0.000159491  0.000161518  0.000163401  0.000165151  0.000166778  0.000168289  0.000169694     0.000171  0.000172214  0.000173341  0.000174389  0.000175364  0.000176269   0.00017711  0.000177892  0.000178619  0.000179295  0.000179922  0.000180506  0.000181048  0.000181552  0.000182021  0.000182456  0.000182861  0.000183237  0.000183587  0.000183912  0.000184214  0.000184495  0.000184757  0.000185003  0.000185242  0.000185505   0.00018591  0.000186918
 -0.00314678  -0.00292579  -0.00271907  -0.00252664  -0.00234775  -0.00218152  -0.00202707  -0.00188355  -0.00175021  -0.00162632   -0.0015112  -0.00140424  -0.00130485   -0.0012125  -0.00112666  -0.00104676 -0.000971977 -0.000900315 -0.000825152  -0.00075199 -0.000682397 -0.000616554 -0.000554304  -0.00049542 -0.000439671 -0.000386837 -0.000336711 -0.000289104 -0.000243842 -0.000200787 -0.000159886 -0.000121397 -8.67724e-05 -6.21435e-05 -4.15483e-05 -2.29909e-05 -5.89352e-06  9.95704e-06  2.46769e-05  3.83532e-05  5.10616e-05   6.2871e-05  7.38451e-05  8.40431e-05    9.352e-05  0.000102327  0.000110511  0.000118116  0.000125183  0.000131751  0.000137855  0.000143527  0.000148798  0.000153696  0.000158248  0.000162479   0.00016641  0.000170064  0.000173459  0.000176614  0.000179547  0.000182272  0.000184804  0.000187158  0.000189345  0.000191378  0.000193268  0.000195023  0.000196655  0.000198171  0.000199581  0.000200891  0.000202108  0.000203239  0.000204291  0.000205268  0.000206176   0.00020702  0.000207804  0.000208534  0.000209211  0.000209841  0.000210426   0.00021097  0.000211476  0.000211946  0.000212383  0.000212789  0.000213166  0.000213517  0.000213843  0.000214146  0.000214428   0.00021469  0.000214934  0.000215164  0.000215387  0.000215632   0.00021601  0.000216953
 -0.00294086  -0.00273689  -0.00254417  -0.00236429  -0.00219695  -0.00204142   -0.0018969  -0.00176262  -0.00163785  -0.00152192   -0.0014142  -0.00131412  -0.00122112  -0.00113466  -0.00105416 -0.000978665 -0.000905785 -0.000827265 -0.000750121 -0.000676411 -0.000606435 -0.000540068  -0.00047709 -0.000417267  -0.00036038 -0.000306221 -0.000254597 -0.000205339 -0.000158311 -0.000113486 -7.12265e-05 -3.33943e-05 -7.74223e-06  1.32094e-05  3.19473e-05  4.91742e-05  6.51356e-05  7.99561e-05  9.37253e-05   0.00010652  0.000118409  0.000129458  0.000139725  0.000149267  0.000158133  0.000166373   0.00017403  0.000181146  0.000187758  0.000193903  0.000199614  0.000204921  0.000209853  0.000214436  0.000218696  0.000222654  0.000226333  0.000229751  0.000232928  0.000235881  0.000238625  0.000241175  0.000243544  0.000245747  0.000247794  0.000249696  0.000251464  0.000253107  0.000254634  0.000256053  0.000257371  0.000258597  0.000259736  0.000260795  0.000261779  0.000262693  0.000263543  0.000264333  0.000265067   0.00026575  0.000266384  0.000266973  0.000267521   0.00026803  0.000268503  0.000268943  0.000269352  0.000269732  0.000270085  0.000270414  0.000270719  0.000271002  0.000271266  0.000271511   0.00027174  0.000271955  0.000272163  0.000272393  0.000272748  0.000273633
 -0.00275945  -0.00257085  -0.00239053  -0.00222171  -0.00206452  -0.00191839  -0.00178259  -0.00165642  -0.00153918  -0.00143025  -0.00132904  -0.00123499  -0.00114754  -0.00106607 -0.000989481 -0.000914798 -0.000831509 -0.000748735 -0.000669211 -0.000593409 -0.000521243   -0.0004525 -0.000386948 -0.000324364 -0.000264539 -0.000207279 -0.000152414 -9.98165e-05 -4.94937e-05 -1.95086e-06  4.03787e-05  6.74869e-05  8.89648e-05  0.000107982  0.000125416  0.000141556  0.000156539  0.000170459  0.000183393  0.000195413  0.000206582  0.000216962  0.000226607  0.000235571  0.000243901  0.000251642  0.000258835   0.00026552  0.000271733  0.000277506  0.000282872  0.000287858  0.000292491  0.000296798  0.000300799  0.000304518  0.000307975  0.000311187  0.000314172  0.000316946  0.000319524   0.00032192  0.000324147  0.000326216  0.000328139  0.000329927  0.000331588  0.000333132  0.000334567    0.0003359  0.000337139  0.000338291  0.000339362  0.000340356  0.000341281   0.00034214  0.000342939  0.000343681  0.000344371  0.000345012  0.000345608  0.000346162  0.000346677  0.000347156    0.0003476  0.000348014  0.000348398  0.000348755  0.000349087  0.000349396  0.000349682  0.000349949  0.000350197  0.000350427  0.000350642  0.000350844   0.00035104  0.000351256  0.000351591  0.000352427
 -0.00259936  -0.00242425  -0.00225488  -0.00209581  -0.00194758  -0.00180975  -0.00168167  -0.00156265  -0.00145207  -0.00134932  -0.00125384  -0.00116505  -0.00108227  -0.00100424 -0.000927296  -0.00083827 -0.000748758 -0.000662291 -0.000579537 -0.000500459 -0.000424852 -0.000352484 -0.000283129 -0.000216576 -0.000152627 -9.11132e-05 -3.19141e-05  2.49216e-05  7.87206e-05   0.00012638  0.000155243  0.000177381  0.000196766  0.000214478  0.000230862  0.000246068  0.000260193  0.000273318  0.000285515  0.000296849  0.000307382   0.00031717  0.000326267   0.00033472  0.000342575  0.000349875  0.000356659  0.000362964  0.000368823  0.000374268  0.000379328   0.00038403    0.0003884  0.000392462  0.000396236  0.000399744  0.000403003  0.000406033  0.000408848  0.000411465  0.000413896  0.000416156  0.000418257  0.000420209  0.000422023  0.000423708  0.000425275  0.000426732  0.000428085  0.000429343  0.000430512  0.000431598  0.000432608  0.000433546  0.000434419  0.000435229  0.000435983  0.000436683  0.000437334  0.000437939  0.000438501  0.000439023  0.000439509   0.00043996   0.00044038   0.00044077  0.000441132  0.000441469  0.000441782  0.000442073  0.000442344  0.000442596  0.000442829  0.000443047   0.00044325   0.00044344  0.000443625  0.000443829  0.000444146  0.000444938
 -0.00245597  -0.00229238   -0.0021327  -0.00198238  -0.00184223  -0.00171188  -0.00159074  -0.00147818  -0.00137359  -0.00127639    -0.001186  -0.00110167  -0.00102196 -0.000942501 -0.000847385 -0.000750759 -0.000656975 -0.000566907 -0.000480565 -0.000397752 -0.000318236 -0.000241786 -0.000168189 -9.72438e-05 -2.87801e-05  3.73136e-05  0.000100947  0.000161274    0.0002145  0.000245231  0.000268101  0.000287911  0.000305955  0.000322631  0.000338103  0.000352476  0.000365831  0.000378241  0.000389773   0.00040049   0.00041045  0.000419705  0.000428306  0.000436299  0.000443728  0.000450631  0.000457046  0.000463007  0.000468548  0.000473697  0.000478482  0.000482929  0.000487061  0.000490902  0.000494471  0.000497788  0.000500871  0.000503736  0.000506399  0.000508873  0.000511173   0.00051331  0.000515296  0.000517142  0.000518858  0.000520453  0.000521934  0.000523312  0.000524592  0.000525781  0.000526887  0.000527915   0.00052887  0.000529757  0.000530582  0.000531349  0.000532062  0.000532724   0.00053334  0.000533912  0.000534443  0.000534938  0.000535397  0.000535824  0.000536221   0.00053659  0.000536933  0.000537251  0.000537548  0.000537823  0.000538079  0.000538317  0.000538538  0.000538744  0.000538935  0.000539116  0.000539291  0.000539484  0.000539784  0.000540537
 -0.00232241  -0.00216821  -0.00201731  -0.00187517  -0.00174262  -0.00161934  -0.00150477  -0.00139831  -0.00129937  -0.00120734  -0.00112144  -0.00104006  -0.00095821  -0.00085757 -0.000754533  -0.00065417 -0.000557535 -0.000464679 -0.000375413 -0.000289502 -0.000206713 -0.000126827 -4.96426e-05  2.50138e-05  9.72462e-05  0.000166928  0.000233061  0.000291242  0.000323671  0.000347236  0.000367469  0.000385848  0.000402821  0.000418567  0.000433192  0.000446781   0.00045941  0.000471145  0.000482051  0.000492185  0.000501603  0.000510356  0.000518489  0.000526048  0.000533073  0.000539601  0.000545668  0.000551306  0.000556545  0.000561415   0.00056594  0.000570146  0.000574054  0.000577686  0.000581062  0.000584199  0.000587115  0.000589824  0.000592342  0.000594683  0.000596858  0.000598879  0.000600758  0.000602504  0.000604127  0.000605635  0.000607036  0.000608339   0.00060955  0.000610675  0.000611721  0.000612693  0.000613596  0.000614436  0.000615216  0.000615941  0.000616615  0.000617242  0.000617824  0.000618365  0.000618868  0.000619336   0.00061977  0.000620174   0.00062055  0.000620899  0.000621223  0.000621525  0.000621805  0.000622065  0.000622307  0.000622532  0.000622742  0.000622936  0.000623118  0.000623288  0.000623454  0.000623637  0.000623922  0.000624636
 -0.00218869  -0.00204153    -0.001899  -0.00176509  -0.00164031  -0.00152428  -0.00141644  -0.00131622    -0.001223  -0.00113595  -0.00105337 -0.000969878 -0.000865616 -0.000758402 -0.000653766 -0.000552873 -0.000455798 -0.000362359 -0.000272317 -0.000185438   -0.0001015 -2.02983e-05  5.83406e-05  0.000134517  0.000208082  0.000277941  0.000339306  0.000372851  0.000396894  0.000417429  0.000436053  0.000453245  0.000469191  0.000484002  0.000497765  0.000510553  0.000522438  0.000533482  0.000543746  0.000553284  0.000562148  0.000570385   0.00057804  0.000585154  0.000591765  0.000597909  0.000603619  0.000608926  0.000613857   0.00061844  0.000622699  0.000626657  0.000630336  0.000633755  0.000636932  0.000639885  0.000642629  0.000645179  0.000647549  0.000649752  0.000651799  0.000653702   0.00065547  0.000657114  0.000658641  0.000660061   0.00066138  0.000662606  0.000663746  0.000664805  0.000665789  0.000666704  0.000667555  0.000668345  0.000669079  0.000669762  0.000670397  0.000670986  0.000671535  0.000672044  0.000672518  0.000672958  0.000673367  0.000673747    0.0006741  0.000674429  0.000674734  0.000675018  0.000675282  0.000675527  0.000675755  0.000675967  0.000676164  0.000676347  0.000676518  0.000676678  0.000676834  0.000677007  0.000677275   0.00067795
 -0.00204396  -0.00190187  -0.00176792  -0.00164298  -0.00152677  -0.00141876  -0.00131838    -0.001225  -0.00113781  -0.00105507 -0.000971384 -0.000866708 -0.000759018 -0.000653897 -0.000552521  -0.00045497 -0.000361059 -0.000270551 -0.000183212 -9.88178e-05 -1.71648e-05   6.1921e-05   0.00013854   0.00021254  0.000282816  0.000344538  0.000378211  0.000402311  0.000422884   0.00044154  0.000458759  0.000474731  0.000489566  0.000503351   0.00051616  0.000528064  0.000539126  0.000549406  0.000558959  0.000567837  0.000576088  0.000583755  0.000590881  0.000597503  0.000603657  0.000609376  0.000614691   0.00061963   0.00062422  0.000628486  0.000632451  0.000636135   0.00063956  0.000642742  0.000645699  0.000648448  0.000651003  0.000653377  0.000655583  0.000657634  0.000659539   0.00066131  0.000662957  0.000664486  0.000665908   0.00066723  0.000668458  0.000669599   0.00067066  0.000671646  0.000672562  0.000673414  0.000674206  0.000674941  0.000675625  0.000676261  0.000676851    0.0006774  0.000677911  0.000678385  0.000678826  0.000679236  0.000679616   0.00067997  0.000680299  0.000680605  0.000680889  0.000681154  0.000681399  0.000681628   0.00068184  0.000682037   0.00068222  0.000682391   0.00068255  0.000682699  0.000682845  0.000683005  0.000683255  0.000683885
 -0.00187391  -0.00173485  -0.00161045  -0.00149608  -0.00139013  -0.00129174  -0.00120025  -0.00111485  -0.00103395  -0.00095258 -0.000852531 -0.000750098 -0.000650324 -0.000554256 -0.000461945 -0.000373202 -0.000287794 -0.000205491 -0.000126073 -4.93402e-05  2.48789e-05  9.66883e-05  0.000165962  0.000231708  0.000289549  0.000321787  0.000345214  0.000365328  0.000383599  0.000400473  0.000416126  0.000430665  0.000444175  0.000456729  0.000468396  0.000479237  0.000489312  0.000498675  0.000507376  0.000515462  0.000522977   0.00052996   0.00053645  0.000542481  0.000548086  0.000553295  0.000558136  0.000562635  0.000566816  0.000570701  0.000574312  0.000577668  0.000580787  0.000583686  0.000586379  0.000588883   0.00059121  0.000593372  0.000595381  0.000597249  0.000598985  0.000600598  0.000602097  0.000603491  0.000604786   0.00060599  0.000607108  0.000608148  0.000609114  0.000610012  0.000610847  0.000611623  0.000612344  0.000613014  0.000613637  0.000614215  0.000614753  0.000615254  0.000615718   0.00061615  0.000616552  0.000616925  0.000617272  0.000617594  0.000617894  0.000618173  0.000618431  0.000618672  0.000618896  0.000619104  0.000619297  0.000619477  0.000619644  0.000619799  0.000619944   0.00062008  0.000620212  0.000620359  0.000620587   0.00062116
 -0.00165932  -0.00152112  -0.00140822  -0.00130725  -0.00121441  -0.00112833  -0.00104813 -0.000972451 -0.000897518 -0.000809639 -0.000720915 -0.000635042 -0.000552742 -0.000473994 -0.000398607 -0.000326356 -0.000257023 -0.000190402 -0.000126304 -6.45646e-05 -5.07203e-06  5.21117e-05  0.000106275  0.000154177   0.00018263  0.000204194  0.000222997  0.000240156  0.000256023  0.000270747  0.000284425  0.000297135  0.000308946  0.000319921  0.000330121    0.0003396  0.000348408  0.000356594  0.000364201  0.000371271   0.00037784  0.000383946   0.00038962  0.000394893  0.000399793  0.000404347   0.00040858  0.000412513  0.000416168  0.000419565  0.000422722  0.000425656  0.000428383  0.000430917  0.000433272  0.000435461  0.000437495  0.000439386  0.000441143  0.000442775  0.000444293  0.000445703  0.000447014  0.000448233  0.000449365  0.000450417  0.000451395  0.000452304  0.000453149  0.000453934  0.000454664  0.000455342  0.000455972  0.000456558  0.000457103  0.000457609  0.000458079  0.000458517  0.000458923  0.000459301  0.000459652  0.000459978  0.000460281  0.000460563  0.000460825  0.000461069  0.000461295  0.000461506  0.000461701  0.000461883  0.000462052  0.000462209  0.000462355  0.000462491  0.000462618  0.000462737  0.000462852   0.00046298  0.000463179  0.000463681
 -0.00138324  -0.00124515  -0.00114685  -0.00106313 -0.000987227 -0.000917067 -0.000851504 -0.000788653 -0.000722514 -0.000658058 -0.000596711 -0.000538642 -0.000483719 -0.000431743 -0.000382512 -0.000335833 -0.000291526 -0.000249425 -0.000209378 -0.000171264  -0.00013504 -0.000100944  -7.0291e-05 -4.86219e-05  -3.0555e-05 -1.42906e-05   6.9054e-07  1.45786e-05  2.74759e-05  3.94591e-05  5.05945e-05  6.09423e-05  7.05585e-05  7.94948e-05  8.77994e-05  9.55169e-05  0.000102689  0.000109354  0.000115548  0.000121304  0.000126653  0.000131624  0.000136244  0.000140537  0.000144527  0.000148235  0.000151681  0.000154884   0.00015786  0.000160626  0.000163197  0.000165585  0.000167806  0.000169869  0.000171787  0.000173569  0.000175225  0.000176765  0.000178195  0.000179525   0.00018076  0.000181909  0.000182976  0.000183968   0.00018489  0.000185747  0.000186543  0.000187284  0.000187971  0.000188611  0.000189205  0.000189757  0.000190271  0.000190748  0.000191191  0.000191603  0.000191986  0.000192342  0.000192673  0.000192981  0.000193267  0.000193532  0.000193779  0.000194009  0.000194222   0.00019442  0.000194605  0.000194776  0.000194935  0.000195083  0.000195221  0.000195349  0.000195468  0.000195578  0.000195682  0.000195778  0.000195873  0.000195977  0.000196139  0.000196548
 -0.00103818 -0.000902064 -0.000822368 -0.000760197 -0.000705541 -0.000655955 -0.000611819 -0.000577763 -0.000548804 -0.000523194 -0.000500344 -0.000479972 -0.000461877 -0.000445895 -0.000431874 -0.000419675 -0.000409168 -0.000400227 -0.000392722 -0.000386466 -0.000381041 -0.000375079  -0.00036346 -0.000350818 -0.000338601  -0.00032713  -0.00031644 -0.000306498 -0.000297257  -0.00028867 -0.000280689 -0.000273272 -0.000266379 -0.000259974 -0.000254022  -0.00024849 -0.000243349 -0.000238572 -0.000234132 -0.000230006 -0.000226172 -0.000222609 -0.000219297 -0.000216219 -0.000213359 -0.000210701 -0.000208231 -0.000205935 -0.000203802 -0.000201819 -0.000199976 -0.000198263 -0.000196672 -0.000195192 -0.000193818  -0.00019254 -0.000191353 -0.000190249 -0.000189223  -0.00018827 -0.000187384 -0.000186561 -0.000185795 -0.000185084 -0.000184423 -0.000183809 -0.000183238 -0.000182707 -0.000182214 -0.000181756  -0.00018133 -0.000180934 -0.000180565 -0.000180223 -0.000179905  -0.00017961 -0.000179335  -0.00017908 -0.000178843 -0.000178622 -0.000178417 -0.000178227  -0.00017805 -0.000177885 -0.000177732  -0.00017759 -0.000177458 -0.000177335  -0.00017722 -0.000177114 -0.000177016 -0.000176924 -0.000176839 -0.000176759 -0.000176685 -0.000176616 -0.000176548 -0.000176473 -0.000176357 -0.000176062
-0.000621675 -0.000490761 -0.000434124 -0.000398351 -0.000370895 -0.000352854 -0.000361705 -0.000379813 -0.000401415 -0.000424971 -0.000450014 -0.000476358  -0.00050389 -0.000532522 -0.000562173 -0.000592768 -0.000624221 -0.000656395  -0.00068893 -0.000720587 -0.000746628 -0.000748518   -0.0007435 -0.000737119 -0.000730754 -0.000724728   -0.0007191 -0.000713863 -0.000708993 -0.000704468 -0.000700262 -0.000696354 -0.000692721 -0.000689345 -0.000686208 -0.000683292 -0.000680582 -0.000678064 -0.000675723 -0.000673548 -0.000671526 -0.000669647 -0.000667901 -0.000666278  -0.00066477 -0.000663368 -0.000662066 -0.000660855  -0.00065973 -0.000658684 -0.000657712 -0.000656808 -0.000655969 -0.000655188 -0.000654463 -0.000653789 -0.000653163  -0.00065258 -0.000652039 -0.000651536 -0.000651068 -0.000650634  -0.00065023 -0.000649855 -0.000649506 -0.000649182  -0.00064888   -0.0006486  -0.00064834 -0.000648098 -0.000647873 -0.000647664 -0.000647469 -0.000647289 -0.000647121 -0.000646965  -0.00064682 -0.000646685  -0.00064656 -0.000646443 -0.000646335 -0.000646234 -0.000646141 -0.000646054 -0.000645973 -0.000645898 -0.000645828 -0.000645763 -0.000645703 -0.000645646 -0.000645594 -0.000645546 -0.000645501 -0.000645459  -0.00064542 -0.000645383 -0.000645347 -0.000645307 -0.000645245 -0.000645086
 0.000311269  0.000514229  0.000533413  0.000503857  0.000446768  0.000316618  0.000166193  1.22779e-05 -0.000140991 -0.000292677 -0.000442643 -0.000590952 -0.000737706 -0.000883011  -0.00102696  -0.00116959  -0.00131076   -0.0014497  -0.00158297  -0.00169692  -0.00173735  -0.00175505  -0.00176646  -0.00177578  -0.00178412  -0.00179179  -0.00179889  -0.00180548   -0.0018116   -0.0018173  -0.00182258  -0.00182749  -0.00183206   -0.0018363  -0.00184024   -0.0018439   -0.0018473  -0.00185047   -0.0018534  -0.00185613  -0.00185867  -0.00186102  -0.00186321  -0.00186525  -0.00186714   -0.0018689  -0.00187053  -0.00187204  -0.00187345  -0.00187476  -0.00187598  -0.00187711  -0.00187816  -0.00187914  -0.00188004  -0.00188089  -0.00188167   -0.0018824  -0.00188308   -0.0018837  -0.00188429  -0.00188483  -0.00188534   -0.0018858  -0.00188624  -0.00188664  -0.00188702  -0.00188737  -0.00188769    -0.001888  -0.00188828  -0.00188854  -0.00188878    -0.001889  -0.00188921  -0.00188941  -0.00188959  -0.00188976  -0.00188991  -0.00189006  -0.00189019  -0.00189032  -0.00189043  -0.00189054  -0.00189064  -0.00189074  -0.00189082   -0.0018909  -0.00189098  -0.00189105  -0.00189111  -0.00189117  -0.00189123  -0.00189128  -0.00189133  -0.00189137  -0.00189142  -0.00189147  -0.00189154  -0.00189172
   0.0014903   0.00168674    0.0016336   0.00149373   0.00121936  0.000910439  0.000598081  0.000289785 -1.29005e-05 -0.000309911 -0.000601534 -0.000888126  -0.00117003  -0.00144757  -0.00172094  -0.00199006  -0.00225364  -0.00250587  -0.00272296  -0.00281045  -0.00285706  -0.00289157  -0.00292142  -0.00294858  -0.00297368  -0.00299696  -0.00301858  -0.00303868  -0.00305734  -0.00307469  -0.00309081  -0.00310578   -0.0031197  -0.00313263  -0.00314465  -0.00315581  -0.00316619  -0.00317583  -0.00318479  -0.00319311  -0.00320084  -0.00320803  -0.00321471  -0.00322092  -0.00322668  -0.00323204  -0.00323702  -0.00324165  -0.00324595  -0.00324995  -0.00325366  -0.00325711  -0.00326032   -0.0032633  -0.00326607  -0.00326864  -0.00327103  -0.00327325  -0.00327532  -0.00327724  -0.00327902  -0.00328068  -0.00328222  -0.00328365  -0.00328498  -0.00328621  -0.00328736  -0.00328843  -0.00328942  -0.00329034   -0.0032912    -0.003292  -0.00329274  -0.00329342  -0.00329406  -0.00329466  -0.00329521  -0.00329572   -0.0032962  -0.00329664  -0.00329705  -0.00329744  -0.00329779  -0.00329812  -0.00329843  -0.00329871  -0.00329898  -0.00329923  -0.00329946  -0.00329967  -0.00329987  -0.00330005  -0.00330022  -0.00330038  -0.00330053  -0.00330067   -0.0033008  -0.00330095  -0.00330118  -0.00330174
  0.00297136   0.00314753    0.0029602   0.00251217   0.00199998   0.00148203  0.000972389  0.000473911  -1.3321e-05 -0.000489889 -0.000956497  -0.00141384  -0.00186253  -0.00230304  -0.00273535  -0.00315765  -0.00356116  -0.00390979  -0.00405979  -0.00414635  -0.00421338  -0.00427228  -0.00432614  -0.00437597  -0.00442221  -0.00446517  -0.00450508  -0.00454217  -0.00457662  -0.00460864  -0.00463839  -0.00466604  -0.00469173   -0.0047156  -0.00473778  -0.00475839  -0.00477754  -0.00479533  -0.00481187  -0.00482724  -0.00484151  -0.00485478  -0.00486711  -0.00487857  -0.00488922  -0.00489911   -0.0049083  -0.00491684  -0.00492478  -0.00493216  -0.00493901  -0.00494538   -0.0049513   -0.0049568  -0.00496192  -0.00496667  -0.00497108  -0.00497518  -0.00497899  -0.00498254  -0.00498583  -0.00498889  -0.00499173  -0.00499437  -0.00499683  -0.00499911  -0.00500123   -0.0050032  -0.00500503  -0.00500673  -0.00500832  -0.00500979  -0.00501115  -0.00501242   -0.0050136   -0.0050147  -0.00501572  -0.00501666  -0.00501754  -0.00501836  -0.00501912  -0.00501983  -0.00502048  -0.00502109  -0.00502166  -0.00502219  -0.00502268  -0.00502313  -0.00502356  -0.00502395  -0.00502432  -0.00502466  -0.00502497  -0.00502527  -0.00502554   -0.0050258  -0.00502605  -0.00502632  -0.00502674  -0.00502777
   0.0043399   0.00435182   0.00380358   0.00311809   0.00241352   0.00171872   0.00103994  0.000377822 -0.000268388 -0.000899708  -0.00151716  -0.00212169  -0.00271401  -0.00329422  -0.00386005  -0.00440025  -0.00486807   -0.0050771  -0.00520281  -0.00530224  -0.00539023  -0.00547087  -0.00554552   -0.0056148  -0.00567916  -0.00573896  -0.00579453  -0.00584616  -0.00589413  -0.00593871  -0.00598013  -0.00601861  -0.00605438  -0.00608761  -0.00611849  -0.00614718  -0.00617384  -0.00619862  -0.00622164  -0.00624303  -0.00626291  -0.00628138  -0.00629855   -0.0063145  -0.00632932  -0.00634309  -0.00635589  -0.00636778  -0.00637883   -0.0063891  -0.00639865  -0.00640752  -0.00641576  -0.00642341  -0.00643053  -0.00643714  -0.00644329    -0.006449  -0.00645431  -0.00645924  -0.00646382  -0.00646808  -0.00647204  -0.00647572  -0.00647913  -0.00648231  -0.00648526  -0.00648801  -0.00649056  -0.00649292  -0.00649513  -0.00649717  -0.00649907  -0.00650084  -0.00650248  -0.00650401  -0.00650543  -0.00650675  -0.00650797  -0.00650911  -0.00651017  -0.00651115  -0.00651207  -0.00651292  -0.00651371  -0.00651444  -0.00651512  -0.00651575  -0.00651634  -0.00651689   -0.0065174  -0.00651787  -0.00651831  -0.00651872   -0.0065191  -0.00651946  -0.00651981  -0.00652019  -0.00652077  -0.00652221
  0.00491338   0.00443505   0.00369648   0.00291033    0.0021292   0.00136522  0.000620311 -0.000106078 -0.000815066  -0.00150783  -0.00218547  -0.00284884  -0.00349809  -0.00413081  -0.00473462  -0.00525807  -0.00549583  -0.00564127  -0.00575726  -0.00586019  -0.00595459    -0.006042  -0.00612314  -0.00619851  -0.00626854   -0.0063336  -0.00639406  -0.00645024  -0.00650244  -0.00655095  -0.00659602   -0.0066379  -0.00667681  -0.00671297  -0.00674657   -0.0067778  -0.00680681  -0.00683377  -0.00685882  -0.00688209  -0.00690372  -0.00692382   -0.0069425  -0.00695986  -0.00697598  -0.00699097   -0.0070049  -0.00701784  -0.00702986  -0.00704104  -0.00705142  -0.00706107  -0.00707004  -0.00707837  -0.00708611  -0.00709331      -0.0071  -0.00710621  -0.00711199  -0.00711735  -0.00712234  -0.00712697  -0.00713128  -0.00713528    -0.007139  -0.00714246  -0.00714567  -0.00714865  -0.00715143  -0.00715401   -0.0071564  -0.00715863   -0.0071607  -0.00716262  -0.00716441  -0.00716607  -0.00716761  -0.00716905  -0.00717038  -0.00717162  -0.00717277  -0.00717384  -0.00717483  -0.00717576  -0.00717662  -0.00717742  -0.00717816  -0.00717885  -0.00717949  -0.00718008  -0.00718064  -0.00718115  -0.00718163  -0.00718208  -0.00718249  -0.00718288  -0.00718326  -0.00718367  -0.00718431  -0.00718587
  -0.0202911   -0.0225512   -0.0218376   -0.0204246    -0.018885   -0.0173603    -0.015883   -0.0144583   -0.0130845   -0.0117588   -0.0104781  -0.00924055  -0.00804801  -0.00691692  -0.00592038  -0.00535448  -0.00493799  -0.00457872  -0.00425193  -0.00395006  -0.00367002  -0.00340992  -0.00316827  -0.00294372  -0.00273506  -0.00254117  -0.00236098  -0.00219353  -0.00203792  -0.00189329  -0.00175887  -0.00163392  -0.00151779  -0.00140983  -0.00130946  -0.00121614  -0.00112936  -0.00104867 -0.000973628 -0.000903894 -0.000839308 -0.000780387 -0.000730234  -0.00070208 -0.000749034  -0.00108146  -0.00150221  -0.00194745  -0.00240084  -0.00285811  -0.00331807  -0.00378028  -0.00424453  -0.00471067   -0.0051785  -0.00564769  -0.00611726  -0.00658369  -0.00703336  -0.00741278  -0.00751125  -0.00752561  -0.00751941   -0.0075087  -0.00749749  -0.00748678  -0.00747674  -0.00746741  -0.00745874  -0.00745068  -0.00744321  -0.00743627  -0.00742982  -0.00742384  -0.00741828  -0.00741312  -0.00740833  -0.00740388  -0.00739975  -0.00739592  -0.00739236  -0.00738905  -0.00738598  -0.00738313  -0.00738049  -0.00737803  -0.00737575  -0.00737363  -0.00737166  -0.00736983  -0.00736813  -0.00736656  -0.00736509  -0.00736373  -0.00736246  -0.00736128  -0.00736017  -0.00735905  -0.00735773  -0.00735535
  -0.0226323   -0.0219335    -0.020519    -0.018974   -0.0174433   -0.0159602   -0.0145301   -0.0131513   -0.0118208   -0.0105357  -0.00929411  -0.00809779  -0.00696319  -0.00596339  -0.00539446  -0.00497517   -0.0046133  -0.00428409  -0.00397998  -0.00369786  -0.00343584   -0.0031924   -0.0029662  -0.00275602  -0.00256071  -0.00237922  -0.00221057  -0.00205384  -0.00190819  -0.00177284  -0.00164704  -0.00153012  -0.00142144  -0.00132043  -0.00122653  -0.00113923  -0.00105807 -0.000982613 -0.000912496  -0.00084749  -0.00078785 -0.000735643 -0.000700022 -0.000718007 -0.000936496  -0.00121767  -0.00151686  -0.00182258  -0.00213181  -0.00244363   -0.0027577  -0.00307383  -0.00339185   -0.0037116  -0.00403281  -0.00435475  -0.00467493   -0.0049838  -0.00524396  -0.00530819  -0.00531396  -0.00530567  -0.00529451  -0.00528327  -0.00527261  -0.00526265  -0.00525338  -0.00524478  -0.00523679  -0.00522936  -0.00522247  -0.00521606  -0.00521012   -0.0052046  -0.00519947   -0.0051947  -0.00519028  -0.00518617  -0.00518236  -0.00517881  -0.00517552  -0.00517246  -0.00516962  -0.00516699  -0.00516454  -0.00516226  -0.00516015  -0.00515818  -0.00515636  -0.00515467  -0.00515309  -0.00515163  -0.00515027  -0.00514901  -0.00514783  -0.00514674  -0.00514569  -0.00514462  -0.00514322  -0.00514036
  -0.0221374   -0.0207601   -0.0192111   -0.0176669   -0.0161688   -0.0147241   -0.0133316   -0.0119884   -0.0106915  -0.00943886  -0.00823232  -0.00708823  -0.00607962  -0.00550251  -0.00507562   -0.0047067  -0.00437095  -0.00406078  -0.00377304   -0.0035058  -0.00325753  -0.00302685  -0.00281252  -0.00261338  -0.00242835  -0.00225642  -0.00209668  -0.00194825  -0.00181033  -0.00168218  -0.00156311  -0.00145248  -0.00134968  -0.00125415   -0.0011654  -0.00108293   -0.0010063 -0.000935093 -0.000868928 -0.000807443 -0.000750291 -0.000697099 -0.000647338 -0.000599775 -0.000555067 -0.000513274 -0.000474258 -0.000437838 -0.000403835 -0.000372078  -0.00034241 -0.000314682 -0.000288757 -0.000264508 -0.000241821 -0.000220601 -0.000200809 -0.000182592 -0.000166829 -0.000152535 -0.000139341 -0.000127103 -0.000115737 -0.000105176 -9.53618e-05 -8.62419e-05 -7.77669e-05 -6.98912e-05 -6.25723e-05 -5.57708e-05 -4.94502e-05 -4.35763e-05 -3.81177e-05 -3.30449e-05 -2.83307e-05 -2.39496e-05 -1.98782e-05 -1.60944e-05  -1.2578e-05 -9.31007e-06 -6.27299e-06 -3.45045e-06 -8.27285e-07  1.61062e-06  3.87636e-06  5.98212e-06  7.93922e-06  9.75816e-06  1.14487e-05    1.302e-05  1.44805e-05  1.58379e-05  1.70999e-05  1.82735e-05  1.93671e-05  2.03942e-05  2.13903e-05  2.24796e-05  2.41362e-05  2.82166e-05
  -0.0207603   -0.0192114   -0.0176672   -0.0161691   -0.0147243   -0.0133318   -0.0119886   -0.0106917  -0.00943905  -0.00823249  -0.00708839  -0.00607977  -0.00550265  -0.00507575  -0.00470682  -0.00437106  -0.00406088  -0.00377313  -0.00350589  -0.00325761  -0.00302693   -0.0028126  -0.00261345  -0.00242841  -0.00225648  -0.00209673   -0.0019483  -0.00181038  -0.00168223  -0.00156316  -0.00145252  -0.00134971  -0.00125419  -0.00116543  -0.00108296  -0.00100633 -0.000935121 -0.000868955 -0.000807468 -0.000750309 -0.000697098 -0.000647262 -0.000599406 -0.000554338  -0.00051217 -0.000472773 -0.000435972 -0.000401587 -0.000369449   -0.0003394  -0.00031129 -0.000284984 -0.000260354 -0.000237287 -0.000215691 -0.000195536 -0.000177012 -0.000161161 -0.000146845 -0.000133646 -0.000121407  -0.00011004  -9.9479e-05 -8.96652e-05 -8.05454e-05 -7.20706e-05  -6.4195e-05 -5.68762e-05 -5.00748e-05 -4.37543e-05 -3.78806e-05 -3.24221e-05 -2.73494e-05 -2.26352e-05 -1.82543e-05 -1.41829e-05 -1.03992e-05 -6.88291e-06 -3.61505e-06 -5.78063e-07  2.24438e-06  4.86745e-06  7.30525e-06  9.57089e-06  1.16765e-05  1.36335e-05  1.54523e-05  1.71428e-05  1.87139e-05  2.01742e-05  2.15315e-05  2.27931e-05  2.39659e-05  2.50566e-05   2.6073e-05  2.70275e-05  2.79534e-05  2.89663e-05  3.05079e-05   3.4308e-05
  -0.0192118   -0.0176677   -0.0161696   -0.0147248   -0.0133323   -0.0119891   -0.0106921  -0.00943942  -0.00823283   -0.0070887  -0.00608006  -0.00550292  -0.00507601  -0.00470706  -0.00437129  -0.00406109  -0.00377332  -0.00350607  -0.00325777  -0.00302708  -0.00281274  -0.00261358  -0.00242853   -0.0022566  -0.00209684   -0.0019484  -0.00181047  -0.00168232  -0.00156324  -0.00145259  -0.00134979  -0.00125426   -0.0011655  -0.00108302  -0.00100638 -0.000935176 -0.000869007 -0.000807515 -0.000750347 -0.000697102 -0.000647136 -0.000598774 -0.000553087  -0.00051027 -0.000470218  -0.00043276 -0.000397718 -0.000364923 -0.000334216 -0.000305449 -0.000278486   -0.0002532 -0.000229478 -0.000207233 -0.000186453 -0.000167401 -0.000151398 -0.000137043 -0.000123834 -0.000111593 -0.000100226 -8.96653e-05 -7.98516e-05 -7.07321e-05 -6.22574e-05 -5.43819e-05 -4.70633e-05 -4.02621e-05 -3.39417e-05  -2.8068e-05 -2.26096e-05  -1.7537e-05 -1.28229e-05 -8.44203e-06 -4.37072e-06 -5.87126e-07  2.92912e-06  6.19691e-06  9.23383e-06  1.20562e-05  1.46792e-05  1.71169e-05  1.93825e-05  2.14881e-05   2.3445e-05  2.52637e-05   2.6954e-05  2.85251e-05  2.99852e-05  3.13424e-05  3.26038e-05  3.37763e-05  3.48663e-05    3.588e-05  3.68246e-05  3.77118e-05  3.85724e-05  3.95143e-05  4.09492e-05  4.44893e-05
  -0.0176683   -0.0161702   -0.0147254   -0.0133329   -0.0119896   -0.0106926  -0.00943987  -0.00823326   -0.0070891  -0.00608043  -0.00550326  -0.00507632  -0.00470735  -0.00437156  -0.00406134  -0.00377356  -0.00350629  -0.00325798  -0.00302727  -0.00281292  -0.00261375  -0.00242869  -0.00225674  -0.00209697  -0.00194852  -0.00181059  -0.00168243  -0.00156334  -0.00145269  -0.00134987  -0.00125434  -0.00116558  -0.00108309  -0.00100646 -0.000935242  -0.00086907 -0.000807573 -0.000750393 -0.000697111 -0.000647007 -0.000598103 -0.000551752  -0.00050824 -0.000467486 -0.000429324 -0.000393578 -0.000360079 -0.000328668 -0.000299198 -0.000271531 -0.000245542 -0.000221118 -0.000198179  -0.00017673 -0.000157111 -0.000140944 -0.000126549  -0.00011333 -0.000101086 -8.97188e-05 -7.91578e-05 -6.93442e-05 -6.02248e-05 -5.17502e-05 -4.38748e-05 -3.65563e-05 -2.97551e-05 -2.34348e-05 -1.75612e-05 -1.21028e-05 -7.03024e-06 -2.31619e-06  2.06468e-06  6.13595e-06  9.91952e-06  1.34357e-05  1.67035e-05  1.97404e-05  2.25627e-05  2.51857e-05  2.76234e-05  2.98889e-05  3.19944e-05  3.39513e-05  3.57699e-05  3.74602e-05  3.90312e-05  4.04912e-05  4.18483e-05  4.31096e-05   4.4282e-05  4.53717e-05  4.63847e-05  4.73268e-05  4.82048e-05  4.90293e-05  4.98294e-05  5.07052e-05  5.20408e-05  5.53389e-05
  -0.0161708   -0.0147261   -0.0133335   -0.0119902   -0.0106931  -0.00944038  -0.00823373  -0.00708954  -0.00608084  -0.00550365  -0.00507668  -0.00470768  -0.00437187  -0.00406163  -0.00377383  -0.00350653  -0.00325821  -0.00302749  -0.00281311  -0.00261393  -0.00242886   -0.0022569  -0.00209712  -0.00194866  -0.00181072  -0.00168255  -0.00156345  -0.00145279  -0.00134997  -0.00125444  -0.00116566  -0.00108318  -0.00100653 -0.000935316 -0.000869139 -0.000807637 -0.000750445 -0.000697127 -0.000646888 -0.000597459 -0.000550464  -0.00050628 -0.000464846 -0.000426003 -0.000389575 -0.000355394 -0.000323302  -0.00029315 -0.000264802 -0.000238132 -0.000213029 -0.000189417 -0.000167321 -0.000147153 -0.000130829 -0.000116393 -0.000103164 -9.09179e-05 -7.95498e-05 -6.89887e-05 -5.91751e-05 -5.00557e-05 -4.15812e-05 -3.37058e-05 -2.63872e-05 -1.95861e-05 -1.32657e-05 -7.39212e-06 -1.93372e-06  3.13886e-06  7.85292e-06  1.22338e-05  1.63051e-05  2.00887e-05  2.36049e-05  2.68727e-05  2.99096e-05  3.27319e-05  3.53549e-05  3.77925e-05   4.0058e-05  4.21635e-05  4.41204e-05   4.5939e-05  4.76292e-05  4.92002e-05  5.06602e-05  5.20172e-05  5.32784e-05  5.44507e-05  5.55403e-05   5.6553e-05  5.74945e-05  5.83702e-05  5.91861e-05  5.99526e-05  6.06962e-05  6.15107e-05  6.27539e-05  6.58264e-05
  -0.0147265    -0.013334   -0.0119907   -0.0106937  -0.00944086  -0.00823417  -0.00708995  -0.00608122    -0.005504  -0.00507701  -0.00470799  -0.00437215  -0.00406189  -0.00377407  -0.00350676  -0.00325842  -0.00302769   -0.0028133   -0.0026141  -0.00242902  -0.00225705  -0.00209726  -0.00194879  -0.00181084  -0.00168266  -0.00156356  -0.00145289  -0.00135007  -0.00125452  -0.00116574  -0.00108325   -0.0010066 -0.000935383 -0.000869202 -0.000807695 -0.000750494 -0.000697146 -0.000646798 -0.000596946 -0.000549434 -0.000504709 -0.000462727 -0.000423335 -0.000386359 -0.000351629 -0.000318988 -0.000288288 -0.000259391 -0.000232174 -0.000206525 -0.000182371 -0.000159753 -0.000139144 -0.000122693 -0.000108225 -9.49877e-05 -8.27396e-05 -7.13709e-05 -6.08096e-05  -5.0996e-05 -4.18765e-05 -3.34019e-05 -2.55265e-05 -1.82079e-05 -1.14066e-05 -5.08621e-06  7.87433e-07  6.24589e-06  1.13185e-05  1.60326e-05  2.04136e-05  2.44849e-05  2.82685e-05  3.17848e-05  3.50526e-05  3.80895e-05  4.09119e-05  4.35349e-05  4.59726e-05  4.82381e-05  5.03436e-05  5.23004e-05   5.4119e-05  5.58092e-05  5.73801e-05  5.88401e-05   6.0197e-05  6.14582e-05  6.26304e-05  6.37199e-05  6.47326e-05  6.56739e-05  6.65489e-05  6.73628e-05  6.81212e-05  6.88335e-05  6.95248e-05  7.02822e-05  7.14393e-05  7.43013e-05
  -0.0133351   -0.0119919   -0.0106948  -0.00944196   -0.0082352  -0.00709091  -0.00608211  -0.00550483  -0.00507778   -0.0047087  -0.00437281  -0.00406251  -0.00377464  -0.00350729  -0.00325892  -0.00302815  -0.00281373   -0.0026145  -0.00242939  -0.00225739  -0.00209758  -0.00194909  -0.00181112  -0.00168292   -0.0015638  -0.00145312  -0.00135028  -0.00125472  -0.00116593  -0.00108343  -0.00100677 -0.000935538 -0.000869347 -0.000807829 -0.000750607 -0.000697198 -0.000646631 -0.000595931 -0.000547382 -0.000501571 -0.000458493 -0.000418002 -0.000379926 -0.000344097 -0.000310356 -0.000278557 -0.000248562 -0.000220247 -0.000193503 -0.000168264 -0.000144603  -0.00012311 -0.000106403   -9.187e-05 -7.86163e-05 -6.63636e-05 -5.49936e-05 -4.44317e-05 -3.46177e-05 -2.54979e-05 -1.70229e-05 -9.14718e-06 -1.82825e-06  4.97326e-06   1.1294e-05  1.71679e-05  2.26266e-05  2.76995e-05  3.24138e-05   3.6795e-05  4.08665e-05  4.46504e-05  4.81668e-05  5.14348e-05  5.44719e-05  5.72944e-05  5.99175e-05  6.23554e-05   6.4621e-05  6.67266e-05  6.86835e-05  7.05022e-05  7.21925e-05  7.37635e-05  7.52235e-05  7.65805e-05  7.78417e-05   7.9014e-05  8.01035e-05  8.11161e-05  8.20574e-05  8.29323e-05  8.37456e-05  8.45021e-05   8.5207e-05  8.58691e-05  8.65118e-05  8.72163e-05  8.82936e-05  9.09612e-05
  -0.0119939   -0.0106972  -0.00944432  -0.00823742  -0.00709298  -0.00608404  -0.00550662  -0.00507944  -0.00471025  -0.00437425  -0.00406384  -0.00377589  -0.00350845  -0.00325999  -0.00302914  -0.00281466  -0.00261537  -0.00243019  -0.00225814  -0.00209828  -0.00194974  -0.00181172  -0.00168348  -0.00156433  -0.00145361  -0.00135074  -0.00125515  -0.00116633   -0.0010838  -0.00100712 -0.000935869 -0.000869657 -0.000808115 -0.000750852 -0.000697328 -0.000646348 -0.000594058 -0.000543564  -0.00049572 -0.000450587 -0.000408036 -0.000367899  -0.00033001  -0.00029421 -0.000260352 -0.000228299 -0.000197927 -0.000169133 -0.000141863 -0.000116246 -9.30953e-05 -7.59105e-05 -6.12553e-05 -4.79697e-05 -3.57081e-05  -2.4335e-05 -1.37715e-05 -3.95626e-06  5.16463e-06  1.36406e-05  2.15172e-05  2.88371e-05  3.56395e-05   4.1961e-05  4.78357e-05  5.32951e-05  5.83687e-05  6.30838e-05  6.74656e-05  7.15377e-05  7.53221e-05  7.88391e-05  8.21077e-05  8.51452e-05  8.79682e-05  9.05918e-05    9.303e-05   9.5296e-05   9.7402e-05  9.93592e-05  0.000101178  0.000102869   0.00010444    0.0001059  0.000107258  0.000108519  0.000109691  0.000110781  0.000111794  0.000112735   0.00011361  0.000114424   0.00011518  0.000115883  0.000116538  0.000117154  0.000117751  0.000118407  0.000119411    0.0001219
  -0.0106995  -0.00944702  -0.00824008  -0.00709549  -0.00608638   -0.0055088  -0.00508147  -0.00471213    -0.004376  -0.00406547   -0.0037774  -0.00350985   -0.0032613  -0.00303036  -0.00281579  -0.00261642  -0.00243117  -0.00225905  -0.00209912  -0.00195053  -0.00181246  -0.00168417  -0.00156496  -0.00145421  -0.00135129  -0.00125567  -0.00116682  -0.00108426  -0.00100755 -0.000936268 -0.000870031  -0.00080846  -0.00075115 -0.000697502 -0.000646085 -0.000592121 -0.000539581 -0.000489596   -0.0004423 -0.000397581 -0.000355276 -0.000315219 -0.000277252 -0.000241228  -0.00020701 -0.000174475 -0.000143522 -0.000114115 -8.64404e-05 -6.15471e-05 -4.38586e-05 -2.90742e-05 -1.57544e-05 -3.48269e-06  7.89435e-06  1.84601e-05  2.82771e-05  3.73996e-05  4.58771e-05  5.37552e-05  6.10763e-05    6.788e-05  7.42028e-05  8.00786e-05  8.55392e-05  9.06138e-05  9.53298e-05  9.97125e-05  0.000103786  0.000107571  0.000111089  0.000114358  0.000117396   0.00012022  0.000122844  0.000125283  0.000127549  0.000129656  0.000131613  0.000133433  0.000135124  0.000136695  0.000138156  0.000139514  0.000140775  0.000141948  0.000143038  0.000144051  0.000144992  0.000145868  0.000146681  0.000147437   0.00014814  0.000148794  0.000149403  0.000149975  0.000150531  0.000151141  0.000152077  0.000154399
 -0.00944969  -0.00824324  -0.00709859   -0.0060893  -0.00551152    -0.005084  -0.00471449  -0.00437819  -0.00406751  -0.00377929  -0.00351161  -0.00326293  -0.00303188   -0.0028172  -0.00261773   -0.0024324  -0.00226019  -0.00210018  -0.00195151  -0.00181337  -0.00168502  -0.00156576  -0.00145495  -0.00135198  -0.00125631  -0.00116742  -0.00108482  -0.00100808 -0.000936763 -0.000870494 -0.000808888 -0.000751524 -0.000697738 -0.000645845 -0.000590067  -0.00053531 -0.000483008 -0.000433369 -0.000386303  -0.00034165 -0.000299246 -0.000258933 -0.000220564 -0.000184002 -0.000149125 -0.000115837  -8.4117e-05  -5.4216e-05 -2.74363e-05 -9.20194e-06  5.72323e-06   1.9081e-05  3.13645e-05  4.27465e-05  5.33154e-05  6.31351e-05  7.22599e-05  8.07396e-05  8.86198e-05  9.59429e-05  0.000102748  0.000109073   0.00011495  0.000120413  0.000125489  0.000130206   0.00013459  0.000138664  0.000142451   0.00014597   0.00014924  0.000152279  0.000155104  0.000157729  0.000160168  0.000162435  0.000164543  0.000166501  0.000168321  0.000170013  0.000171585  0.000173046  0.000174404  0.000175666  0.000176839  0.000177929  0.000178943  0.000179884   0.00018076  0.000181574   0.00018233  0.000183033  0.000183686  0.000184294  0.000184861  0.000185393   0.00018591  0.000186477  0.000187349  0.000189517
 -0.00824647  -0.00710242  -0.00609307  -0.00551507  -0.00508732  -0.00471757  -0.00438106  -0.00407017  -0.00378177  -0.00351391  -0.00326507  -0.00303387  -0.00281905  -0.00261945  -0.00243399  -0.00226167  -0.00210157   -0.0019528  -0.00181457  -0.00168614   -0.0015668  -0.00145591  -0.00135289  -0.00125715  -0.00116821  -0.00108556  -0.00100876 -0.000937405 -0.000871094 -0.000809444 -0.000752013 -0.000698066 -0.000645632 -0.000587804 -0.000530543 -0.000475623 -0.000423339 -0.000373622 -0.000326319 -0.000281265 -0.000238304 -0.000197288 -0.000158081 -0.000120561 -8.46367e-05 -5.03059e-05 -1.78921e-05  1.10169e-05  2.98683e-05  4.49535e-05  5.83552e-05   7.0653e-05  8.20417e-05  9.26152e-05  0.000102439  0.000111567   0.00012005  0.000127933  0.000135259  0.000142067  0.000148394  0.000154274  0.000159739  0.000164817  0.000169536  0.000173922  0.000177998  0.000181786  0.000185306  0.000188578  0.000191619  0.000194445  0.000197071  0.000199511   0.00020178  0.000203888  0.000205847  0.000207668   0.00020936  0.000210933  0.000212395  0.000213754  0.000215017   0.00021619  0.000217281  0.000218295  0.000219237  0.000220113  0.000220927  0.000221684  0.000222387  0.000223041  0.000223648  0.000224214   0.00022474  0.000225235  0.000225716  0.000226245  0.000227057  0.000229082
 -0.00710524  -0.00609641  -0.00551836  -0.00509041  -0.00472046  -0.00438375  -0.00407267  -0.00378409  -0.00351607  -0.00326708  -0.00303573  -0.00282078  -0.00262106  -0.00243549  -0.00226307  -0.00210286  -0.00195401  -0.00181569  -0.00168718  -0.00156777  -0.00145682  -0.00135373  -0.00125794  -0.00116894  -0.00108624   -0.0010094 -0.000938005 -0.000871654 -0.000809962 -0.000752472  -0.00069839 -0.000645514 -0.000586019 -0.000526723 -0.000469676 -0.000415244 -0.000363374 -0.000313918 -0.000266713 -0.000221601 -0.000178436 -0.000137081 -9.74152e-05 -5.93514e-05 -2.29014e-05  1.15521e-05  4.21895e-05  6.15427e-05  7.67589e-05  9.01973e-05  0.000102508  0.000113903  0.000124481  0.000134308   0.00014344  0.000151926  0.000159813  0.000167142  0.000173953  0.000180282  0.000186165  0.000191631  0.000196712  0.000201433  0.000205821  0.000209899  0.000213688   0.00021721  0.000220483  0.000223525  0.000226352   0.00022898  0.000231421  0.000233691    0.0002358   0.00023776  0.000239582  0.000241275  0.000242849  0.000244311   0.00024567  0.000246934  0.000248108  0.000249199  0.000250213  0.000251156  0.000252032  0.000252847  0.000253604  0.000254307  0.000254961  0.000255569  0.000256134   0.00025666   0.00025715   0.00025761  0.000258057  0.000258549  0.000259307  0.000261197
 -0.00609834  -0.00552065  -0.00509267  -0.00472259  -0.00438573  -0.00407451   -0.0037858  -0.00351767  -0.00326856  -0.00303711  -0.00282206  -0.00262225   -0.0024366   -0.0022641  -0.00210382  -0.00195489  -0.00181652  -0.00168795  -0.00156849  -0.00145749  -0.00135435  -0.00125852  -0.00116948  -0.00108675  -0.00100987 -0.000938445 -0.000872064 -0.000810342 -0.000752811  -0.00069864 -0.000645479 -0.000584919 -0.000524323 -0.000465919 -0.000410116 -0.000356871 -0.000306041 -0.000257463 -0.000210979 -0.000166443 -0.000123717 -8.26834e-05 -4.32547e-05  -5.4531e-06  3.03014e-05  6.20412e-05  8.17151e-05  9.70157e-05  0.000110478  0.000122798  0.000134197  0.000144779  0.000154609  0.000163744  0.000172233  0.000180122  0.000187453  0.000194266  0.000200598  0.000206482  0.000211951  0.000217033  0.000221756  0.000226145  0.000230224  0.000234015  0.000237538  0.000240812  0.000243855  0.000246683  0.000249312  0.000251754  0.000254025  0.000256134  0.000258095  0.000259918  0.000261611  0.000263186  0.000264649  0.000266008  0.000267272  0.000268447  0.000269538  0.000270553  0.000271496  0.000272373  0.000273187  0.000273944  0.000274648  0.000275303  0.000275911  0.000276476  0.000277001   0.00027749  0.000277946  0.000278374  0.000278789  0.000279247  0.000279953  0.000281715
 -0.00552223  -0.00509453  -0.00472443  -0.00438746  -0.00407613  -0.00378731  -0.00351906  -0.00326986  -0.00303832  -0.00282318  -0.00262329  -0.00243757    -0.002265  -0.00210466  -0.00195568  -0.00181725  -0.00168863  -0.00156912  -0.00145807   -0.0013549  -0.00125903  -0.00116995  -0.00108719  -0.00101029 -0.000938829 -0.000872423 -0.000810674 -0.000753109 -0.000698868 -0.000645487 -0.000584118 -0.000522534 -0.000463099 -0.000406254 -0.000351967 -0.000300093 -0.000250473 -0.000202948 -0.000157371 -0.000113605 -7.15326e-05 -3.10683e-05  7.75885e-06  4.45004e-05  7.70768e-05  9.69946e-05   0.00011236  0.000125842  0.000138168  0.000149572  0.000160157   0.00016999  0.000179128  0.000187619   0.00019551  0.000202844  0.000209659  0.000215993  0.000221879  0.000227349  0.000232432  0.000237157  0.000241547  0.000245628   0.00024942  0.000252944  0.000256219  0.000259263  0.000262092  0.000264721  0.000267165  0.000269435  0.000271546  0.000273507   0.00027533  0.000277025  0.000278599  0.000280063  0.000281423  0.000282687  0.000283862  0.000284954  0.000285969  0.000286913  0.000287789  0.000288604  0.000289362  0.000290066   0.00029072  0.000291328  0.000291894  0.000292419  0.000292908  0.000293362  0.000293786  0.000294184   0.00029457  0.000294996  0.000295654  0.000297296
 -0.00509538  -0.00472543  -0.00438845  -0.00407706  -0.00378817  -0.00351987  -0.00327061  -0.00303901  -0.00282383  -0.00262389  -0.00243813  -0.00226552  -0.00210514  -0.00195612  -0.00181766  -0.00168901  -0.00156948  -0.00145841  -0.00135521  -0.00125932  -0.00117023  -0.00108744  -0.00101052 -0.000939049 -0.000872628 -0.000810864  -0.00075328 -0.000699002 -0.000645511 -0.000583738 -0.000521663 -0.000461714  -0.00040435 -0.000349543  -0.00029715 -0.000247011 -0.000198967 -0.000152872 -0.000108589  -6.5999e-05 -2.50193e-05  1.43182e-05  5.15509e-05  8.45436e-05  0.000104583  0.000119981  0.000133473  0.000145803   0.00015721  0.000167797  0.000177632  0.000186771  0.000195264  0.000203156  0.000210491  0.000217307  0.000223642  0.000229529     0.000235  0.000240084   0.00024481  0.000249201  0.000253282  0.000257075    0.0002606  0.000263876   0.00026692   0.00026975  0.000272379  0.000274823  0.000277095  0.000279206  0.000281167  0.000282991  0.000284685   0.00028626  0.000287724  0.000289084  0.000290349  0.000291524  0.000292616  0.000293631  0.000294575  0.000295452  0.000296267  0.000297024  0.000297729  0.000298383  0.000298991  0.000299557  0.000300082  0.000300571  0.000301025  0.000301448  0.000301841  0.000302211  0.000302571  0.000302967  0.000303579  0.000305109
 -0.00472546  -0.00438849   -0.0040771  -0.00378822  -0.00351991  -0.00327064  -0.00303905  -0.00282386  -0.00262392  -0.00243815  -0.00226554  -0.00210516  -0.00195615  -0.00181769  -0.00168903   -0.0015695  -0.00145843  -0.00135523  -0.00125934  -0.00117024  -0.00108745  -0.00101053  -0.00093906 -0.000872638 -0.000810873 -0.000753289 -0.000699009 -0.000645513 -0.000583723 -0.000521626 -0.000461655 -0.000404269  -0.00034944 -0.000297025 -0.000246863 -0.000198797  -0.00015268 -0.000108375 -6.57627e-05 -2.47609e-05  1.45984e-05  5.18522e-05  8.48626e-05  0.000104907  0.000120307  0.000133799   0.00014613  0.000157536  0.000168123  0.000177958  0.000187097   0.00019559  0.000203483  0.000210818  0.000217634  0.000223969  0.000229856  0.000235327  0.000240412  0.000245137  0.000249528   0.00025361  0.000257402  0.000260927  0.000264203  0.000267248  0.000270077  0.000272707  0.000275151  0.000277422  0.000279533  0.000281495  0.000283318  0.000285013  0.000286588  0.000288051  0.000289412  0.000290676  0.000291851  0.000292944  0.000293959  0.000294902  0.000295779  0.000296594  0.000297352  0.000298056   0.00029871  0.000299319  0.000299884  0.000300409  0.000300898  0.000301352  0.000301774  0.000302167  0.000302533  0.000302877  0.000303211  0.000303579  0.000304148  0.000305573
 -0.00438819  -0.00407675  -0.00378787  -0.00351958  -0.00327034  -0.00303876   -0.0028236  -0.00262368  -0.00243793  -0.00226533  -0.00210497  -0.00195596  -0.00181752  -0.00168888  -0.00156935  -0.00145829   -0.0013551  -0.00125922  -0.00117013  -0.00108735  -0.00101044 -0.000938971 -0.000872555 -0.000810796 -0.000753219 -0.000698952 -0.000645491 -0.000583823 -0.000521876 -0.000462061 -0.000404833 -0.000350161 -0.000297904   -0.0002479 -0.000199991 -0.000154031 -0.000109883 -6.74275e-05 -2.65818e-05  1.26228e-05  4.97278e-05  8.26122e-05   0.00010262  0.000118009  0.000131498  0.000143827  0.000155233  0.000165819  0.000175653  0.000184791  0.000193284  0.000201176   0.00020851  0.000215326   0.00022166  0.000227547  0.000233017  0.000238102  0.000242826  0.000247217  0.000251298  0.000255091  0.000258615  0.000261891  0.000264935  0.000267765  0.000270394  0.000272838  0.000275109   0.00027722  0.000279181  0.000281004  0.000282699  0.000284274  0.000285737  0.000287098  0.000288362  0.000289537  0.000290629  0.000291644  0.000292587  0.000293464  0.000294279  0.000295037  0.000295741  0.000296395  0.000297003  0.000297568  0.000298094  0.000298582  0.000299036  0.000299458  0.000299851  0.000300216  0.000300556  0.000300875  0.000301186  0.000301528  0.000302058  0.000303384
 -0.00407602  -0.00378701  -0.00351874  -0.00326954  -0.00303802  -0.00282291  -0.00262304  -0.00243733  -0.00226478  -0.00210445  -0.00195548  -0.00181707  -0.00168846  -0.00156896  -0.00145793  -0.00135476  -0.00125891  -0.00116984  -0.00108708  -0.00101019 -0.000938737 -0.000872337 -0.000810594 -0.000753035 -0.000698798 -0.000645417 -0.000584033  -0.00052243 -0.000462974 -0.000406107 -0.000351798 -0.000299902 -0.000250259 -0.000202712 -0.000157112 -0.000113323 -7.12275e-05   -3.074e-05   8.1102e-06  4.48741e-05  7.74692e-05  9.73913e-05  0.000112757  0.000126237  0.000138563  0.000149966   0.00016055  0.000170382  0.000179518  0.000188009  0.000195899  0.000203232  0.000210046  0.000216379  0.000222265  0.000227734  0.000232817  0.000237541  0.000241931  0.000246011  0.000249803  0.000253327  0.000256602  0.000259645  0.000262474  0.000265103  0.000267546  0.000269816  0.000271927  0.000273888  0.000275711  0.000277405  0.000278979  0.000280442  0.000281802  0.000283066  0.000284241  0.000285333  0.000286348  0.000287291  0.000288167  0.000288982  0.000289739  0.000290443  0.000291097  0.000291705  0.000292271  0.000292796  0.000293284  0.000293738   0.00029416  0.000294552  0.000294917  0.000295256  0.000295572  0.000295869  0.000296157  0.000296476  0.000296968  0.000298202
 -0.00378481  -0.00351613  -0.00326698   -0.0030356  -0.00282065  -0.00262094  -0.00243538  -0.00226297  -0.00210277  -0.00195392  -0.00181561  -0.00168711   -0.0015677  -0.00145676  -0.00135368  -0.00125789   -0.0011689  -0.00108621  -0.00100937 -0.000937977  -0.00087163 -0.000809938 -0.000752435 -0.000698288 -0.000645139 -0.000584555 -0.000523922 -0.000465477 -0.000409631 -0.000356342 -0.000305466  -0.00025684 -0.000210309 -0.000165723 -0.000122948 -8.18629e-05 -4.23828e-05 -4.52967e-06  3.12748e-05  6.30562e-05  8.27367e-05  9.80337e-05  0.000111491  0.000123804  0.000135198  0.000145774    0.0001556   0.00016473  0.000173214  0.000181099  0.000188427  0.000195237  0.000201565  0.000207446  0.000212912  0.000217991  0.000222712  0.000227099  0.000231176  0.000234965  0.000238486  0.000241759    0.0002448  0.000247627  0.000250254  0.000252695  0.000254964  0.000257073  0.000259032  0.000260854  0.000262547   0.00026412  0.000265582  0.000266941  0.000268204  0.000269378  0.000270469  0.000271483  0.000272425  0.000273301  0.000274115  0.000274872  0.000275575  0.000276229  0.000276836  0.000277401  0.000277926  0.000278414  0.000278867  0.000279289  0.000279681  0.000280045  0.000280383  0.000280698  0.000280992  0.000281268  0.000281536  0.000281831  0.000282289  0.000283436
 -0.00351118  -0.00326112  -0.00302984  -0.00281521  -0.00261587  -0.00243066  -0.00225858  -0.00209869  -0.00195013  -0.00181209  -0.00168383  -0.00156466  -0.00145393  -0.00135104  -0.00125544  -0.00116662  -0.00108408   -0.0010074 -0.000936139  -0.00086992 -0.000808351 -0.000750982 -0.000697038 -0.000644387 -0.000585489 -0.000526898 -0.000470579 -0.000416877 -0.000365733 -0.000316998  -0.00027051 -0.000226112 -0.000183656 -0.000143007 -0.000104043 -6.66769e-05 -3.09153e-05  2.87677e-06   3.2951e-05  5.21218e-05  6.72721e-05  8.06756e-05  9.29602e-05  0.000104333   0.00011489  0.000124699  0.000133813  0.000142283  0.000150155   0.00015747  0.000164267  0.000170585  0.000176456  0.000181912  0.000186983  0.000191695  0.000196074  0.000200144  0.000203926  0.000207441  0.000210708  0.000213744  0.000216566  0.000219188  0.000221625   0.00022389  0.000225995  0.000227951  0.000229769  0.000231459  0.000233029  0.000234489  0.000235845  0.000237106  0.000238278  0.000239367  0.000240379  0.000241319  0.000242194  0.000243006  0.000243762  0.000244464  0.000245116  0.000245722  0.000246286   0.00024681  0.000247297  0.000247749   0.00024817  0.000248561  0.000248925  0.000249262  0.000249576  0.000249869  0.000250141  0.000250397  0.000250646   0.00025092  0.000251344  0.000252408
 -0.00325374  -0.00302111  -0.00280663  -0.00260777   -0.0024231  -0.00225155  -0.00209215  -0.00194405  -0.00180644  -0.00167858  -0.00155978  -0.00144939  -0.00134682  -0.00125152  -0.00116297  -0.00108069  -0.00100424 -0.000933199 -0.000867184 -0.000805812 -0.000748653 -0.000695011 -0.000643071 -0.000586527 -0.000530778  -0.00047742 -0.000426701  -0.00037854 -0.000332783 -0.000289266 -0.000247832 -0.000208335 -0.000170638  -0.00013462 -0.000100188 -6.73292e-05 -3.63299e-05  -8.6255e-06   9.8335e-06  2.47748e-05  3.80987e-05  5.03383e-05  6.16765e-05   7.2204e-05  8.19848e-05  9.10736e-05  9.95198e-05  0.000107369  0.000114663  0.000121442  0.000127741  0.000133596  0.000139036  0.000144092  0.000148791  0.000153158  0.000157216  0.000160988  0.000164493   0.00016775  0.000170777  0.000173591  0.000176205  0.000178635  0.000180894  0.000182992  0.000184943  0.000186756  0.000188441  0.000190006  0.000191462  0.000192814  0.000194071  0.000195239  0.000196325  0.000197334  0.000198272  0.000199144  0.000199954  0.000200707  0.000201407  0.000202057  0.000202662  0.000203224  0.000203746  0.000204232  0.000204683  0.000205102  0.000205492  0.000205854  0.000206191  0.000206504  0.000206795  0.000207066  0.000207318  0.000207555  0.000207786   0.00020804  0.000208433  0.000209418
 -0.00301326  -0.00279735  -0.00259864  -0.00241449  -0.00224351  -0.00208468   -0.0019371  -0.00179998  -0.00167258   -0.0015542   -0.0014442    -0.001342  -0.00124704   -0.0011588  -0.00107681  -0.00100063  -0.00092984 -0.000864059 -0.000802911 -0.000745987 -0.000692671 -0.000641456 -0.000587259  -0.00053434 -0.000483925 -0.000436171 -0.000390973 -0.000348172 -0.000307604 -0.000269112 -0.000232549  -0.00019778 -0.000164683 -0.000133159 -0.000103177 -7.49448e-05 -4.95893e-05 -3.18408e-05 -1.71129e-05 -3.87401e-06  8.31529e-06   1.9614e-05  3.01064e-05  3.98552e-05  4.89143e-05  5.73329e-05  6.51563e-05  7.24266e-05   7.9183e-05  8.54618e-05  9.12969e-05  9.67195e-05  0.000101759  0.000106442  0.000110794  0.000114839  0.000118598  0.000122092  0.000125338  0.000128355  0.000131159  0.000133765  0.000136187  0.000138438  0.000140529  0.000142473   0.00014428  0.000145959   0.00014752   0.00014897  0.000150318   0.00015157  0.000152735  0.000153817  0.000154822  0.000155757  0.000156626  0.000157433  0.000158184  0.000158881  0.000159529  0.000160132  0.000160692  0.000161212  0.000161696  0.000162145  0.000162563  0.000162952  0.000163313  0.000163648   0.00016396   0.00016425   0.00016452  0.000164771  0.000165004  0.000165224  0.000165437  0.000165673  0.000166037  0.000166948
 -0.00279075  -0.00259083  -0.00240681  -0.00223627  -0.00207792  -0.00193082  -0.00179414  -0.00166715  -0.00154915  -0.00143951  -0.00133764  -0.00124298  -0.00115502   -0.0010733 -0.000997364 -0.000926804 -0.000861236  -0.00080029 -0.000743575 -0.000690536  -0.00063991 -0.000587567 -0.000536877 -0.000488779 -0.000443357  -0.00040049 -0.000360014 -0.000321763 -0.000285581 -0.000251323 -0.000218851 -0.000188045 -0.000158803 -0.000131077 -0.000105015 -8.15019e-05 -6.43154e-05 -4.97604e-05 -3.65937e-05 -2.44491e-05 -1.31863e-05 -2.72575e-06  6.99369e-06  1.60256e-05  2.44188e-05  3.22186e-05   3.9467e-05  4.62031e-05  5.24629e-05  5.82803e-05  6.36866e-05  6.87107e-05  7.33797e-05  7.77188e-05  8.17512e-05  8.54987e-05  8.89814e-05   9.2218e-05  9.52259e-05  9.80212e-05  0.000100619  0.000103033  0.000105277  0.000107363  0.000109301  0.000111102  0.000112776  0.000114331  0.000115777  0.000117121   0.00011837   0.00011953  0.000120609  0.000121611  0.000122543  0.000123409  0.000124214  0.000124962  0.000125657  0.000126303  0.000126904  0.000127462  0.000127981  0.000128463  0.000128911  0.000129328  0.000129715  0.000130075  0.000130409   0.00013072  0.000131009  0.000131278  0.000131528   0.00013176  0.000131977   0.00013218  0.000132378  0.000132596  0.000132933  0.000133777
 -0.00258699  -0.00240227   -0.0022318  -0.00207371  -0.00192689  -0.00179048  -0.00166375  -0.00154599  -0.00143657  -0.00133491  -0.00124044  -0.00115266  -0.00107111 -0.000995322 -0.000924905  -0.00085947 -0.000798651 -0.000742064  -0.00068919 -0.000638895 -0.000587568 -0.000538095  -0.00049126 -0.000447109 -0.000405511   -0.0003663 -0.000329309 -0.000294384 -0.000261378 -0.000230155 -0.000200594  -0.00017259 -0.000146089 -0.000121205 -9.86918e-05 -8.18132e-05 -6.73556e-05 -5.42315e-05 -4.21144e-05 -3.08742e-05 -2.04338e-05 -1.07329e-05 -1.71828e-06  6.65894e-06  1.44439e-05  2.16785e-05  2.84016e-05  3.46495e-05  4.04557e-05  4.58516e-05   5.0866e-05  5.55261e-05  5.98568e-05  6.38815e-05  6.76217e-05  7.10977e-05   7.4328e-05  7.73301e-05    8.012e-05  8.27129e-05  8.51225e-05   8.7362e-05  8.94432e-05  9.13774e-05   9.3175e-05  9.48457e-05  9.63983e-05  9.78413e-05  9.91823e-05  0.000100429  0.000101587  0.000102664  0.000103664  0.000104594  0.000105458  0.000106262  0.000107008  0.000107702  0.000108347  0.000108946  0.000109503  0.000110021  0.000110502  0.000110949  0.000111365  0.000111752  0.000112111  0.000112445  0.000112755  0.000113043  0.000113311  0.000113561  0.000113792  0.000114008  0.000114208  0.000114397  0.000114581  0.000114783  0.000115096  0.000115879
  -0.0024027  -0.00223231  -0.00207421  -0.00192735  -0.00179092  -0.00166415  -0.00154637  -0.00143692  -0.00133523  -0.00124074  -0.00115295  -0.00107137 -0.000995567 -0.000925132 -0.000859682 -0.000798847 -0.000742245 -0.000689352 -0.000639022 -0.000587588 -0.000537987  -0.00049102 -0.000446737 -0.000405006 -0.000365663 -0.000328541 -0.000293485 -0.000260348 -0.000228996 -0.000199305 -0.000171172 -0.000144544 -0.000119537 -9.69206e-05 -8.00096e-05 -6.55415e-05 -5.24126e-05 -4.02922e-05 -2.90493e-05 -1.86065e-05 -8.90335e-06  1.13381e-07  8.49253e-06  1.62793e-05  2.35155e-05  3.02402e-05  3.64895e-05  4.22971e-05  4.76942e-05  5.27099e-05   5.7371e-05  6.17027e-05  6.57283e-05  6.94694e-05  7.29462e-05  7.61772e-05    7.918e-05  8.19706e-05  8.45641e-05  8.69743e-05  8.92143e-05   9.1296e-05  9.32307e-05  9.50287e-05  9.66997e-05  9.82527e-05   9.9696e-05  0.000101037  0.000102284  0.000103443  0.000104519   0.00010552   0.00010645  0.000107315  0.000108118  0.000108865  0.000109559  0.000110204  0.000110803  0.000111361  0.000111879   0.00011236  0.000112807  0.000113223  0.000113609  0.000113969  0.000114303  0.000114613  0.000114901  0.000115169  0.000115419   0.00011565  0.000115866  0.000116066  0.000116253  0.000116428  0.000116599  0.000116787  0.000117078  0.000117807
 -0.00223889  -0.00208199  -0.00193501  -0.00179815   -0.0016709  -0.00155264  -0.00144276  -0.00134065  -0.00124578  -0.00115763  -0.00107572 -0.000999615 -0.000928897 -0.000863182 -0.000802097 -0.000745246 -0.000692055 -0.000641183   -0.0005882 -0.000536754 -0.000487876 -0.000441673 -0.000398028 -0.000356779 -0.000317761 -0.000280816 -0.000245799 -0.000212573 -0.000181017 -0.000151029 -0.000122568  -9.5799e-05 -7.16842e-05 -5.43017e-05  -3.9675e-05 -2.64695e-05  -1.4296e-05 -3.00811e-06  7.47531e-06  1.72159e-05  2.62674e-05  3.46789e-05  4.24957e-05  4.97599e-05  5.65106e-05  6.27841e-05  6.86142e-05  7.40322e-05  7.90672e-05  8.37464e-05   8.8095e-05  9.21362e-05  9.58919e-05  9.93821e-05  0.000102626   0.00010564  0.000108442  0.000111045  0.000113465  0.000115714  0.000117804  0.000119746  0.000121551  0.000123228  0.000124787  0.000126236  0.000127583  0.000128835  0.000129998  0.000131079  0.000132084  0.000133017  0.000133885  0.000134692  0.000135441  0.000136138  0.000136786  0.000137388  0.000137947  0.000138467   0.00013895  0.000139399  0.000139817  0.000140205  0.000140565    0.0001409  0.000141212  0.000141502  0.000141771  0.000142021  0.000142254   0.00014247  0.000142671  0.000142858  0.000143032  0.000143196  0.000143355   0.00014353  0.000143803  0.000144485
 -0.00209651  -0.00195218  -0.00181503  -0.00168683   -0.0015675  -0.00145658  -0.00135351  -0.00125773  -0.00116874  -0.00108605  -0.00100922 -0.000937823 -0.000871479 -0.000809803 -0.000752369 -0.000698498 -0.000646452 -0.000590235 -0.000534953 -0.000482109 -0.000431926 -0.000384315 -0.000339122 -0.000296179  -0.00025533 -0.000216427 -0.000179334 -0.000143927 -0.000110112 -7.78716e-05 -4.74703e-05 -2.02652e-05 -1.89716e-06  1.30729e-05  2.64522e-05  3.87506e-05  5.01452e-05  6.07255e-05  7.05556e-05  7.96902e-05  8.81789e-05  9.60675e-05  0.000103398  0.000110211  0.000116542  0.000122426  0.000127894  0.000132975  0.000137698  0.000142086  0.000146165  0.000149955  0.000153478  0.000156752  0.000159794  0.000162621  0.000165249  0.000167691  0.000169961   0.00017207   0.00017403  0.000175852  0.000177545  0.000179119  0.000180581   0.00018194  0.000183204  0.000184378  0.000185469  0.000186483  0.000187425  0.000188301  0.000189115  0.000189872  0.000190575  0.000191229  0.000191836  0.000192401  0.000192926  0.000193414  0.000193867  0.000194288   0.00019468  0.000195044  0.000195382  0.000195697  0.000195989  0.000196261  0.000196513  0.000196748  0.000196966  0.000197169  0.000197357  0.000197533  0.000197696   0.00019785  0.000197999  0.000198164   0.00019842  0.000199064
 -0.00197485  -0.00184184  -0.00171319  -0.00159237  -0.00147979   -0.0013751   -0.0012778   -0.0011874  -0.00110339  -0.00102534 -0.000952812 -0.000885412 -0.000822743 -0.000764337 -0.000709365 -0.000655508 -0.000594499 -0.000533561 -0.000474876 -0.000418838 -0.000365401 -0.000314416 -0.000265717 -0.000219144 -0.000174549 -0.000131792 -9.07529e-05  -5.1342e-05 -1.35773e-05  2.21318e-05  5.38555e-05  7.36866e-05  8.91854e-05  0.000102846  0.000115352  0.000126926   0.00013767  0.000147651  0.000156926  0.000165545  0.000173555  0.000180999  0.000187916  0.000194345  0.000200319  0.000205872  0.000211031  0.000215827  0.000220283  0.000224424  0.000228273   0.00023185  0.000235175  0.000238264  0.000241135  0.000243804  0.000246283  0.000248588   0.00025073  0.000252721  0.000254571   0.00025629  0.000257888  0.000259373  0.000260754  0.000262037  0.000263229  0.000264337  0.000265367  0.000266324  0.000267214  0.000268041  0.000268809  0.000269523  0.000270187  0.000270804  0.000271377   0.00027191  0.000272406  0.000272866  0.000273294  0.000273692  0.000274062  0.000274405  0.000274725  0.000275021  0.000275297  0.000275554  0.000275792  0.000276014   0.00027622  0.000276411  0.000276589  0.000276755  0.000276909  0.000277054  0.000277195  0.000277351  0.000277594  0.000278204
 -0.00187123  -0.00174795  -0.00162656  -0.00151204  -0.00140519   -0.0013058  -0.00121342  -0.00112759  -0.00104783 -0.000973717 -0.000904843 -0.000840791 -0.000781039 -0.000724578  -0.00066839 -0.000601468 -0.000533585 -0.000467743 -0.000404541 -0.000343979 -0.000285919 -0.000230195 -0.000176644 -0.000125113 -7.54627e-05 -2.75697e-05  1.86452e-05  6.31226e-05   0.00010528  0.000142497  0.000164137  0.000180316  0.000194355  0.000207149  0.000218974  0.000229947   0.00024014  0.000249612  0.000258414  0.000266594  0.000274195   0.00028126  0.000287825  0.000293927  0.000299597  0.000304866  0.000309764  0.000314315  0.000318544  0.000322475  0.000326129  0.000329524  0.000332679  0.000335611  0.000338337   0.00034087  0.000343224  0.000345411  0.000347445  0.000349334   0.00035109  0.000352723   0.00035424  0.000355649   0.00035696  0.000358178  0.000359309  0.000360361  0.000361339  0.000362248  0.000363092  0.000363877  0.000364607  0.000365285  0.000365915  0.000366501  0.000367045  0.000367551  0.000368022  0.000368459  0.000368865  0.000369243  0.000369594   0.00036992  0.000370223  0.000370505  0.000370767  0.000371011  0.000371237  0.000371448  0.000371643  0.000371825  0.000371994  0.000372151  0.000372298  0.000372436   0.00037257  0.000372718  0.000372949  0.000373532
 -0.00178135  -0.00166606  -0.00155089  -0.00144184  -0.00133999  -0.00124524  -0.00115716  -0.00107532 -0.000999273 -0.000928596 -0.000862853 -0.000801468 -0.000743237 -0.000684402 -0.000611066 -0.000535691 -0.000462145  -0.00039124 -0.000323029 -0.000257381 -0.000194129 -0.000133108 -7.41593e-05 -1.71408e-05  3.80704e-05  9.15457e-05  0.000143182  0.000192213  0.000235292  0.000258899  0.000275849  0.000290336  0.000303479  0.000315611  0.000326865  0.000337319  0.000347032  0.000356059  0.000364448  0.000372243  0.000379488  0.000386221  0.000392478  0.000398294  0.000403698   0.00040872  0.000413388  0.000417726  0.000421757  0.000425504  0.000428986  0.000432222   0.00043523  0.000438025  0.000440623  0.000443037  0.000445281  0.000447367  0.000449305  0.000451106   0.00045278  0.000454336  0.000455782  0.000457126  0.000458375  0.000459536  0.000460615  0.000461618   0.00046255  0.000463417  0.000464222   0.00046497  0.000465666  0.000466312  0.000466913  0.000467471  0.000467991  0.000468473  0.000468921  0.000469338  0.000469726  0.000470086   0.00047042  0.000470731  0.000471021  0.000471289  0.000471539  0.000471771  0.000471987  0.000472188  0.000472374  0.000472548  0.000472709  0.000472859  0.000472999   0.00047313  0.000473258    0.0004734  0.000473621  0.000474179
 -0.00169868  -0.00158947  -0.00147979  -0.00137579  -0.00127864  -0.00118824  -0.00110422  -0.00102613 -0.000953558 -0.000886039 -0.000822947 -0.000762901 -0.000701471 -0.000622133 -0.000539792 -0.000459097 -0.000381057 -0.000305769 -0.000233109 -0.000162909 -9.49984e-05 -2.92175e-05  3.45811e-05  9.65211e-05  0.000156666  0.000214874  0.000270215  0.000318678  0.000344129  0.000361835   0.00037678  0.000390288  0.000402743  0.000414294  0.000425022  0.000434991  0.000444254  0.000452863  0.000460864  0.000468299  0.000475209  0.000481631  0.000487599  0.000493145  0.000498299   0.00050309  0.000507542   0.00051168  0.000515525  0.000519099   0.00052242  0.000525507  0.000528375  0.000531042   0.00053352  0.000535823  0.000537963  0.000539952  0.000541801  0.000543519  0.000545116  0.000546601   0.00054798  0.000549262  0.000550454  0.000551561  0.000552591  0.000553547  0.000554437  0.000555263  0.000556031  0.000556745  0.000557409  0.000558025  0.000558599  0.000559131  0.000559627  0.000560087  0.000560515  0.000560912  0.000561282  0.000561626  0.000561945  0.000562242  0.000562518  0.000562774  0.000563012  0.000563234   0.00056344  0.000563631  0.000563809  0.000563975  0.000564129  0.000564272  0.000564405   0.00056453  0.000564652  0.000564788  0.000564999  0.000565534
  -0.0016135   -0.0015082  -0.00140374    -0.001305  -0.00121284   -0.0011271  -0.00104741 -0.000973332 -0.000904408  -0.00083997 -0.000778517 -0.000715158 -0.000631572 -0.000544332 -0.000458623 -0.000375587 -0.000295351 -0.000217795 -0.000142749  -7.0041e-05  4.93706e-07  6.90045e-05  0.000135616  0.000200388  0.000263152  0.000322863  0.000375061  0.000401822  0.000420087  0.000435388  0.000449182  0.000461895  0.000473681  0.000484627  0.000494799  0.000504251  0.000513035  0.000521198  0.000528784  0.000535835  0.000542387  0.000548476  0.000554136  0.000559395  0.000564283  0.000568826  0.000573048  0.000576971  0.000580618  0.000584007  0.000587157  0.000590084  0.000592804  0.000595333  0.000597683  0.000599867  0.000601897  0.000603783  0.000605536  0.000607166  0.000608681  0.000610088  0.000611396  0.000612612  0.000613742  0.000614793  0.000615769  0.000616676   0.00061752  0.000618304  0.000619032  0.000619709  0.000620339  0.000620924  0.000621467  0.000621973  0.000622442  0.000622879  0.000623285  0.000623662  0.000624012  0.000624338  0.000624641  0.000624923  0.000625184  0.000625428  0.000625654  0.000625864  0.000626059  0.000626241   0.00062641  0.000626566  0.000626712  0.000626848  0.000626975  0.000627093  0.000627209  0.000627338  0.000627539  0.000628048
 -0.00151536  -0.00141221  -0.00131333   -0.0012207  -0.00113443  -0.00105423 -0.000979672 -0.000910297  -0.00084543 -0.000783534 -0.000719592 -0.000634784 -0.000546145 -0.000459009 -0.000374553 -0.000292912 -0.000213969 -0.000137552 -6.34885e-05  8.38784e-06   7.8227e-05  0.000146154  0.000212228  0.000276271   0.00033721  0.000390459  0.000417597  0.000436032  0.000451444   0.00046533  0.000478124  0.000489987  0.000501003   0.00051124  0.000520752  0.000529592  0.000537808  0.000545443  0.000552539  0.000559133  0.000565262  0.000570957   0.00057625   0.00058117  0.000585741   0.00058999  0.000593939  0.000597609   0.00060102   0.00060419  0.000607136  0.000609874  0.000612418  0.000614783  0.000616982  0.000619024  0.000620923  0.000622688  0.000624328  0.000625852  0.000627269  0.000628585  0.000629809  0.000630946  0.000632003  0.000632986  0.000633899  0.000634748  0.000635537   0.00063627  0.000636951  0.000637585  0.000638174  0.000638721  0.000639229  0.000639702  0.000640141   0.00064055  0.000640929  0.000641282   0.00064161  0.000641915  0.000642198  0.000642462  0.000642706  0.000642934  0.000643145  0.000643342  0.000643525  0.000643695  0.000643853  0.000643999  0.000644136  0.000644263  0.000644381  0.000644492  0.000644601  0.000644721  0.000644909  0.000645386
 -0.00138846  -0.00128524  -0.00119307  -0.00110837  -0.00102991 -0.000957051 -0.000889277 -0.000825936 -0.000765593 -0.000703624 -0.000622746  -0.00053857 -0.000455975 -0.000376027 -0.000298835 -0.000224281 -0.000152195 -8.24071e-05 -1.47564e-05  5.09044e-05  0.000114699  0.000176689  0.000236719  0.000293811  0.000343764  0.000369684  0.000387546  0.000402569  0.000416129  0.000428629   0.00044022  0.000450986  0.000460989  0.000470285  0.000478924  0.000486952  0.000494413  0.000501347  0.000507791   0.00051378  0.000519346  0.000524518  0.000529325  0.000533793  0.000537945  0.000541804   0.00054539  0.000548723  0.000551821    0.0005547  0.000557375  0.000559862  0.000562173  0.000564321  0.000566317  0.000568172  0.000569897  0.000571499  0.000572989  0.000574373   0.00057566  0.000576856  0.000577967     0.000579   0.00057996  0.000580853  0.000581682  0.000582453  0.000583169  0.000583835  0.000584454  0.000585029  0.000585564  0.000586061  0.000586523  0.000586952  0.000587351  0.000587722  0.000588067  0.000588388  0.000588685  0.000588962   0.00058922  0.000589459  0.000589681  0.000589888   0.00059008  0.000590259  0.000590425  0.000590579  0.000590722  0.000590856   0.00059098  0.000591095  0.000591202  0.000591303  0.000591402  0.000591511  0.000591682  0.000592116
 -0.00121642  -0.00111166   -0.0010283 -0.000954382 -0.000886582 -0.000823743  -0.00076513 -0.000709553 -0.000653446 -0.000583659 -0.000511975 -0.000442048 -0.000374646 -0.000309816 -0.000247432 -0.000187336 -0.000129368 -7.33788e-05 -1.92321e-05  3.31897e-05  8.39551e-05  0.000132967  0.000179504    0.0002204  0.000242871  0.000259036  0.000272863   0.00028541  0.000296993  0.000307738  0.000317719  0.000326993  0.000335611   0.00034362  0.000351064  0.000357981   0.00036441  0.000370384  0.000375937  0.000381097  0.000385892  0.000390349  0.000394491  0.000398341  0.000401918  0.000405243  0.000408334  0.000411205  0.000413874  0.000416355  0.000418661  0.000420803  0.000422795  0.000424645  0.000426366  0.000427964   0.00042945  0.000430831  0.000432114  0.000433307  0.000434416  0.000435447  0.000436404  0.000437294  0.000438122  0.000438891  0.000439605   0.00044027  0.000440887  0.000441461  0.000441994   0.00044249  0.000442951  0.000443379  0.000443777  0.000444147  0.000444491   0.00044481  0.000445108  0.000445384   0.00044564  0.000445879  0.000446101  0.000446307  0.000446498  0.000446677  0.000446842  0.000446996  0.000447139  0.000447272  0.000447396   0.00044751  0.000447617  0.000447717  0.000447809  0.000447896  0.000447981  0.000448075  0.000448223  0.000448597
-0.000983195 -0.000876356 -0.000804932 -0.000745618 -0.000692262  -0.00064301 -0.000596857 -0.000552008 -0.000502476 -0.000453407 -0.000406332 -0.000361508 -0.000318877 -0.000278308 -0.000239661 -0.000202802 -0.000167605 -0.000133954 -0.000101745 -7.09002e-05 -4.14181e-05 -1.35793e-05  1.12441e-05  2.73935e-05  4.03003e-05  5.17624e-05  6.22793e-05  7.20187e-05  8.10612e-05  8.94625e-05  9.72695e-05  0.000104525  0.000111267  0.000117534  0.000123357  0.000128769  0.000133799  0.000138473  0.000142818  0.000146855  0.000150607  0.000154094  0.000157335  0.000160347  0.000163147  0.000165748  0.000168166  0.000170413  0.000172502  0.000174443  0.000176247  0.000177924  0.000179482   0.00018093  0.000182276  0.000183527   0.00018469  0.000185771  0.000186775  0.000187709  0.000188576  0.000189383  0.000190132  0.000190829  0.000191476  0.000192078  0.000192637  0.000193157  0.000193641   0.00019409  0.000194507  0.000194895  0.000195256  0.000195591  0.000195902  0.000196192  0.000196461  0.000196711  0.000196944   0.00019716  0.000197361  0.000197548  0.000197721  0.000197883  0.000198033  0.000198172  0.000198302  0.000198422  0.000198534  0.000198638  0.000198735  0.000198825  0.000198908  0.000198986  0.000199059  0.000199127  0.000199193  0.000199267  0.000199383  0.000199677
-0.000669458 -0.000560228 -0.000504946 -0.000465313 -0.000431559 -0.000401377 -0.000375237 -0.000357778 -0.000344191 -0.000332841 -0.000323224 -0.000315131 -0.000308432 -0.000303022 -0.000298809 -0.000295709  -0.00029364 -0.000292527 -0.000292279 -0.000292754 -0.000293576 -0.000293435 -0.000287333 -0.000279848 -0.000272433 -0.000265424 -0.000258882 -0.000252794 -0.000247134 -0.000241873 -0.000236984  -0.00023244 -0.000228217 -0.000224292 -0.000220645 -0.000217255 -0.000214104 -0.000211176 -0.000208454 -0.000205925 -0.000203574 -0.000201389 -0.000199358 -0.000197471 -0.000195717 -0.000194087 -0.000192572 -0.000191163 -0.000189854 -0.000188638 -0.000187507 -0.000186456  -0.00018548 -0.000184572 -0.000183728 -0.000182944 -0.000182215 -0.000181537 -0.000180908 -0.000180322 -0.000179778 -0.000179273 -0.000178803 -0.000178366  -0.00017796 -0.000177583 -0.000177232 -0.000176906 -0.000176603 -0.000176321 -0.000176059 -0.000175816  -0.00017559 -0.000175379 -0.000175184 -0.000175002 -0.000174833 -0.000174676 -0.000174531 -0.000174395 -0.000174269 -0.000174152 -0.000174043 -0.000173942 -0.000173847  -0.00017376 -0.000173679 -0.000173603 -0.000173533 -0.000173467 -0.000173407  -0.00017335 -0.000173298 -0.000173249 -0.000173203 -0.000173161 -0.000173119 -0.000173072 -0.000172999 -0.000172811
-0.000128865  5.21368e-06  3.63322e-05  4.10355e-05  3.71712e-05  2.31673e-05 -2.53842e-05 -8.42074e-05 -0.000145491 -0.000207266 -0.000269044  -0.00033071 -0.000392244  -0.00045365 -0.000514934   -0.0005761 -0.000637129 -0.000697925 -0.000758078 -0.000815949 -0.000865043 -0.000879723 -0.000883968  -0.00088553 -0.000886377  -0.00088701 -0.000887559 -0.000888058 -0.000888519 -0.000888946 -0.000889341 -0.000889709 -0.000890049 -0.000890366 -0.000890659 -0.000890931 -0.000891184 -0.000891418 -0.000891635 -0.000891837 -0.000892024 -0.000892198 -0.000892359 -0.000892508 -0.000892647 -0.000892776 -0.000892895 -0.000893006 -0.000893109 -0.000893204 -0.000893293 -0.000893375 -0.000893451 -0.000893522 -0.000893587 -0.000893648 -0.000893705 -0.000893757 -0.000893806 -0.000893851 -0.000893892 -0.000893931 -0.000893967 -0.000894001 -0.000894032 -0.000894061 -0.000894087 -0.000894112 -0.000894135 -0.000894156 -0.000894176 -0.000894195 -0.000894212 -0.000894227 -0.000894242 -0.000894256 -0.000894268  -0.00089428 -0.000894291 -0.000894301  -0.00089431 -0.000894319 -0.000894327 -0.000894335 -0.000894342 -0.000894348 -0.000894354  -0.00089436 -0.000894365  -0.00089437 -0.000894374 -0.000894378 -0.000894382 -0.000894386 -0.000894389 -0.000894392 -0.000894395 -0.000894397   -0.0008944 -0.000894402
 0.000620881  0.000764322  0.000756291  0.000708662  0.000636986  0.000495321  0.000334926  0.000172074  1.07266e-05 -0.000148266 -0.000304829 -0.000459075 -0.000611156 -0.000761221 -0.000909399  -0.00105577  -0.00120024  -0.00134207  -0.00147795  -0.00159452  -0.00163879  -0.00166047  -0.00167569  -0.00168858  -0.00170024  -0.00171099  -0.00172096  -0.00173022  -0.00173882  -0.00174682  -0.00175424  -0.00176114  -0.00176755  -0.00177351  -0.00177905  -0.00178419  -0.00178897  -0.00179341  -0.00179754  -0.00180137  -0.00180493  -0.00180824  -0.00181132  -0.00181418  -0.00181683   -0.0018193  -0.00182159  -0.00182373  -0.00182571  -0.00182755  -0.00182925  -0.00183084  -0.00183232  -0.00183369  -0.00183497  -0.00183615  -0.00183725  -0.00183827  -0.00183922  -0.00184011  -0.00184093  -0.00184169   -0.0018424  -0.00184306  -0.00184367  -0.00184424  -0.00184477  -0.00184526  -0.00184572  -0.00184614  -0.00184653   -0.0018469  -0.00184724  -0.00184756  -0.00184785  -0.00184812  -0.00184838  -0.00184861  -0.00184883  -0.00184904  -0.00184923   -0.0018494  -0.00184956  -0.00184972  -0.00184986  -0.00184999  -0.00185011  -0.00185022  -0.00185033  -0.00185043  -0.00185052   -0.0018506  -0.00185068  -0.00185076  -0.00185082  -0.00185089  -0.00185095  -0.00185102  -0.00185112  -0.00185137
  0.00139579   0.00150244   0.00143955   0.00131432   0.00107935  0.000816419  0.000551062  0.000289419  3.27365e-05 -0.000218957 -0.000465922 -0.000708471 -0.000946911  -0.00118151  -0.00141247  -0.00163971  -0.00186219  -0.00207502  -0.00225832  -0.00233303  -0.00237342  -0.00240359  -0.00242975  -0.00245359  -0.00247562  -0.00249606  -0.00251504  -0.00253268  -0.00254907   -0.0025643  -0.00257845  -0.00259159  -0.00260381  -0.00261516  -0.00262571  -0.00263551  -0.00264462  -0.00265308  -0.00266095  -0.00266825  -0.00267504  -0.00268135  -0.00268722  -0.00269267  -0.00269773  -0.00270243   -0.0027068  -0.00271087  -0.00271464  -0.00271815  -0.00272141  -0.00272444  -0.00272725  -0.00272987   -0.0027323  -0.00273456  -0.00273665   -0.0027386  -0.00274042   -0.0027421  -0.00274367  -0.00274512  -0.00274647  -0.00274773   -0.0027489  -0.00274998  -0.00275099  -0.00275193   -0.0027528  -0.00275361  -0.00275436  -0.00275506  -0.00275571  -0.00275631  -0.00275687  -0.00275739  -0.00275788  -0.00275833  -0.00275874  -0.00275913  -0.00275949  -0.00275983  -0.00276014  -0.00276043   -0.0027607  -0.00276095  -0.00276119   -0.0027614   -0.0027616  -0.00276179  -0.00276196  -0.00276213  -0.00276228  -0.00276241  -0.00276254  -0.00276267  -0.00276279  -0.00276292  -0.00276311   -0.0027636
  0.00279659   0.00296472   0.00279167   0.00238176   0.00191404   0.00144157  0.000977087   0.00052316  7.98333e-05 -0.000353448  -0.00077735  -0.00119252  -0.00159955  -0.00199889  -0.00239054   -0.0027729  -0.00313814  -0.00345396  -0.00359164  -0.00367227   -0.0037352  -0.00379064  -0.00384137  -0.00388832  -0.00393189  -0.00397236  -0.00400997  -0.00404491  -0.00407738  -0.00410754  -0.00413558  -0.00416162  -0.00418583  -0.00420832  -0.00422922  -0.00424863  -0.00426668  -0.00428345  -0.00429903   -0.0043135  -0.00432696  -0.00433946  -0.00435107  -0.00436187   -0.0043719  -0.00438122  -0.00438988  -0.00439793  -0.00440541  -0.00441236  -0.00441882  -0.00442482   -0.0044304  -0.00443558  -0.00444039  -0.00444487  -0.00444903  -0.00445289  -0.00445649  -0.00445982  -0.00446292  -0.00446581  -0.00446849  -0.00447097  -0.00447329  -0.00447544  -0.00447744  -0.00447929  -0.00448102  -0.00448262  -0.00448411  -0.00448549  -0.00448678  -0.00448798  -0.00448909  -0.00449012  -0.00449108  -0.00449197   -0.0044928  -0.00449357  -0.00449429  -0.00449496  -0.00449557  -0.00449615  -0.00449668  -0.00449718  -0.00449764  -0.00449807  -0.00449847  -0.00449884  -0.00449918   -0.0044995   -0.0044998  -0.00450008  -0.00450034  -0.00450058  -0.00450081  -0.00450107  -0.00450147  -0.00450244
  0.00439391   0.00445968   0.00392966   0.00325422   0.00255806   0.00187164   0.00120161  0.000548661 -8.79547e-05 -0.000709282  -0.00131637  -0.00191019  -0.00249148   -0.0030604  -0.00361481  -0.00414388  -0.00460256    -0.004811  -0.00493856  -0.00504032  -0.00513063  -0.00521346  -0.00529015  -0.00536134  -0.00542747  -0.00548891    -0.005546  -0.00559905  -0.00564834  -0.00569415   -0.0057367  -0.00577625  -0.00581299  -0.00584714  -0.00587887  -0.00590835  -0.00593574   -0.0059612  -0.00598485  -0.00600683  -0.00602726  -0.00604623  -0.00606387  -0.00608026  -0.00609549  -0.00610964  -0.00612279  -0.00613501  -0.00614636  -0.00615691  -0.00616672  -0.00617583   -0.0061843  -0.00619216  -0.00619948  -0.00620627  -0.00621258  -0.00621845   -0.0062239  -0.00622897  -0.00623368  -0.00623805  -0.00624212   -0.0062459  -0.00624941  -0.00625268  -0.00625571  -0.00625853  -0.00626115  -0.00626358  -0.00626584  -0.00626794   -0.0062699  -0.00627171   -0.0062734  -0.00627497  -0.00627643  -0.00627778  -0.00627904  -0.00628021   -0.0062813  -0.00628231  -0.00628324  -0.00628412  -0.00628493  -0.00628568  -0.00628638  -0.00628703  -0.00628764   -0.0062882  -0.00628872  -0.00628921  -0.00628966  -0.00629008  -0.00629047  -0.00629084   -0.0062912  -0.00629159  -0.00629219  -0.00629367
  0.00518897   0.00474974   0.00400537   0.00320326   0.00240473   0.00162404  0.000863576  0.000122833 -0.000599359  -0.00130425  -0.00199302  -0.00266658  -0.00332517  -0.00396644  -0.00457812  -0.00510905   -0.0053548  -0.00550797  -0.00563124  -0.00574095  -0.00584165  -0.00593492   -0.0060215  -0.00610193  -0.00617666  -0.00624609  -0.00631061  -0.00637055  -0.00642626  -0.00647802  -0.00652611   -0.0065708  -0.00661232  -0.00665091  -0.00668676  -0.00672008  -0.00675104   -0.0067798  -0.00680654  -0.00683137  -0.00685445   -0.0068759  -0.00689583  -0.00691435  -0.00693156  -0.00694755  -0.00696241  -0.00697622  -0.00698905  -0.00700097  -0.00701205  -0.00702235  -0.00703192  -0.00704081  -0.00704907  -0.00705675  -0.00706389  -0.00707052  -0.00707668   -0.0070824  -0.00708772  -0.00709267  -0.00709726  -0.00710153   -0.0071055  -0.00710919  -0.00711262   -0.0071158  -0.00711876  -0.00712151  -0.00712407  -0.00712644  -0.00712865   -0.0071307  -0.00713261  -0.00713438  -0.00713603  -0.00713756  -0.00713898   -0.0071403  -0.00714153  -0.00714267  -0.00714374  -0.00714472  -0.00714564  -0.00714649  -0.00714728  -0.00714802   -0.0071487  -0.00714934  -0.00714993  -0.00715048  -0.00715099  -0.00715146  -0.00715191  -0.00715232  -0.00715272  -0.00715317  -0.00715384  -0.00715551
  -0.0213475   -0.0236409   -0.0228739   -0.0213873   -0.0197706   -0.0181694   -0.0166174   -0.0151197   -0.0136747   -0.0122794   -0.0109306  -0.00962639  -0.00836897    -0.007176  -0.00612576  -0.00553509  -0.00510322   -0.0047316  -0.00439381  -0.00408186  -0.00379248  -0.00352371    -0.003274  -0.00304197  -0.00282637  -0.00262601  -0.00243983   -0.0022668    -0.002106  -0.00195656  -0.00181767  -0.00168858  -0.00156858  -0.00145704  -0.00135334  -0.00125693  -0.00116728  -0.00108392   -0.0010064 -0.000934368 -0.000867639 -0.000806704 -0.000754584 -0.000724215 -0.000767581  -0.00109063  -0.00150033  -0.00193416  -0.00237612  -0.00282202  -0.00327067  -0.00372165  -0.00417474  -0.00462977  -0.00508656  -0.00554477  -0.00600344  -0.00645911  -0.00689843  -0.00726904  -0.00736465  -0.00737796  -0.00737119  -0.00736006  -0.00734849  -0.00733744   -0.0073271  -0.00731747  -0.00730854  -0.00730024  -0.00729253  -0.00728537  -0.00727873  -0.00727256  -0.00726683  -0.00726151  -0.00725657  -0.00725199  -0.00724773  -0.00724378   -0.0072401   -0.0072367  -0.00723353  -0.00723059  -0.00722786  -0.00722532  -0.00722297  -0.00722078  -0.00721875  -0.00721687  -0.00721511  -0.00721349  -0.00721198  -0.00721057  -0.00720926  -0.00720805  -0.00720689  -0.00720574  -0.00720434  -0.00720176
  -0.0237203   -0.0229678   -0.0214796   -0.0198577   -0.0182507    -0.016693     -0.01519     -0.01374   -0.0123401    -0.010987  -0.00967881  -0.00841769  -0.00722128  -0.00616786  -0.00557423  -0.00513961  -0.00476544  -0.00442529  -0.00411114  -0.00381973  -0.00354908  -0.00329762  -0.00306398  -0.00284688  -0.00264514  -0.00245768  -0.00228347  -0.00212159  -0.00197115  -0.00183134  -0.00170141  -0.00158065  -0.00146841  -0.00136408   -0.0012671  -0.00117694  -0.00109312   -0.0010152 -0.000942787 -0.000875647 -0.000814008 -0.000759878 -0.000722201 -0.000737216 -0.000948757  -0.00122185  -0.00151275  -0.00181019   -0.0021112  -0.00241487  -0.00272088    -0.003029  -0.00333908  -0.00365095  -0.00396433  -0.00427851  -0.00459104  -0.00489257  -0.00514648  -0.00520856  -0.00521347  -0.00520466  -0.00519309  -0.00518148  -0.00517048  -0.00516022  -0.00515066  -0.00514179  -0.00513355  -0.00512589  -0.00511878  -0.00511218  -0.00510605  -0.00510035  -0.00509506  -0.00509015  -0.00508559  -0.00508135  -0.00507742  -0.00507376  -0.00507036  -0.00506721  -0.00506428  -0.00506156  -0.00505903  -0.00505669  -0.00505451  -0.00505248   -0.0050506  -0.00504885  -0.00504723  -0.00504572  -0.00504432  -0.00504301   -0.0050418  -0.00504067  -0.00503959  -0.00503847  -0.00503701  -0.00503398
  -0.0231673   -0.0217155   -0.0200897   -0.0184695   -0.0168972   -0.0153799   -0.0139166   -0.0125041   -0.0111394  -0.00982047  -0.00854936  -0.00734366  -0.00628161  -0.00567997  -0.00523792  -0.00485685   -0.0045103  -0.00419022   -0.0038933  -0.00361754  -0.00336136  -0.00312333  -0.00290217  -0.00269669  -0.00250575  -0.00232835  -0.00216351  -0.00201035  -0.00186804  -0.00173581  -0.00161294  -0.00149878   -0.0013927  -0.00129414  -0.00120255  -0.00111745  -0.00103838 -0.000964901 -0.000896628 -0.000833184 -0.000774212  -0.00071934 -0.000668054 -0.000619216 -0.000573377 -0.000530561 -0.000490613 -0.000453345 -0.000418572 -0.000386116 -0.000355816 -0.000327517 -0.000301079 -0.000276371 -0.000253273 -0.000231686 -0.000211561 -0.000193016 -0.000176823  -0.00016209  -0.00014848 -0.000135853 -0.000124124 -0.000113226 -0.000103099 -9.36877e-05 -8.49422e-05 -7.68151e-05 -6.92626e-05  -6.2244e-05 -5.57216e-05 -4.96603e-05 -4.40274e-05 -3.87927e-05  -3.3928e-05 -2.94071e-05 -2.52057e-05 -2.13012e-05 -1.76725e-05 -1.43003e-05 -1.11663e-05 -8.25365e-06 -5.54675e-06 -3.03104e-06  -6.9298e-07  1.47999e-06  3.49955e-06  5.37655e-06  7.12108e-06  8.74251e-06  1.02496e-05  1.16504e-05  1.29526e-05  1.41637e-05  1.52922e-05   1.6352e-05  1.73799e-05  1.85039e-05  2.02133e-05  2.44235e-05
  -0.0217158     -0.02009   -0.0184698   -0.0168974   -0.0153801   -0.0139168   -0.0125043   -0.0111396  -0.00982065  -0.00854952  -0.00734381  -0.00628175   -0.0056801  -0.00523805  -0.00485697  -0.00451041  -0.00419032  -0.00389339  -0.00361763  -0.00336144  -0.00312341  -0.00290224  -0.00269675  -0.00250581  -0.00232841  -0.00216356   -0.0020104  -0.00186809  -0.00173585  -0.00161298  -0.00149882  -0.00139274  -0.00129417  -0.00120258  -0.00111748   -0.0010384 -0.000964928 -0.000896654 -0.000833207  -0.00077423  -0.00071934 -0.000667981 -0.000618861 -0.000572676 -0.000529498 -0.000489185  -0.00045155  -0.00041641 -0.000383588  -0.00035292 -0.000324255  -0.00029745 -0.000272375 -0.000248912 -0.000226963 -0.000206489 -0.000187649 -0.000171371 -0.000156617 -0.000143002 -0.000130374 -0.000118645 -0.000107746 -9.76194e-05 -8.82085e-05 -7.94632e-05 -7.13362e-05 -6.37838e-05 -5.67653e-05  -5.0243e-05 -4.41818e-05 -3.85491e-05 -3.33145e-05 -2.84498e-05  -2.3929e-05 -1.97277e-05 -1.58232e-05 -1.21947e-05 -8.82254e-06 -5.68861e-06 -2.77609e-06 -6.92928e-08  2.44632e-06  4.78427e-06  6.95712e-06  8.97656e-06  1.08534e-05  1.25978e-05  1.42191e-05   1.5726e-05  1.71266e-05  1.84285e-05  1.96387e-05  2.07642e-05  2.18131e-05  2.27981e-05  2.37535e-05  2.47986e-05  2.63893e-05  3.03103e-05
  -0.0200904   -0.0184703   -0.0168979   -0.0153806   -0.0139172   -0.0125047     -0.01114  -0.00982101  -0.00854985  -0.00734412  -0.00628203  -0.00568037  -0.00523829   -0.0048572  -0.00451062  -0.00419052  -0.00389358   -0.0036178   -0.0033616  -0.00312356  -0.00290238  -0.00269688  -0.00250593  -0.00232852  -0.00216367   -0.0020105  -0.00186818  -0.00173594  -0.00161306  -0.00149889  -0.00139281  -0.00129423  -0.00120264  -0.00111754  -0.00103846 -0.000964981 -0.000896703 -0.000833253 -0.000774266 -0.000719343  -0.00066786 -0.000618252 -0.000571471 -0.000527669 -0.000486724 -0.000448457 -0.000412683 -0.000379228 -0.000347928  -0.00031863 -0.000291192 -0.000265485 -0.000241391 -0.000218818 -0.000197742 -0.000178392 -0.000161968 -0.000147177 -0.000133553 -0.000120923 -0.000109193  -9.8295e-05 -8.81682e-05 -7.87575e-05 -7.00123e-05 -6.18854e-05 -5.43331e-05 -4.73148e-05 -4.07926e-05 -3.47315e-05 -2.90989e-05 -2.38644e-05 -1.89998e-05 -1.44791e-05 -1.02778e-05 -6.37344e-06 -2.74497e-06  6.27131e-07  3.76098e-06  6.67344e-06  9.38016e-06  1.18957e-05  1.42336e-05  1.64063e-05  1.84257e-05  2.03025e-05  2.20468e-05  2.36679e-05  2.51747e-05  2.65752e-05  2.78768e-05  2.90867e-05  3.02115e-05  3.12576e-05  3.22323e-05  3.31478e-05  3.40359e-05  3.50078e-05  3.64883e-05  4.01408e-05
  -0.0184708   -0.0168985   -0.0153812   -0.0139178   -0.0125052   -0.0111405  -0.00982146  -0.00855027  -0.00734451   -0.0062824  -0.00568071  -0.00523861  -0.00485749  -0.00451089  -0.00419077  -0.00389381  -0.00361802   -0.0033618  -0.00312375  -0.00290256  -0.00269704  -0.00250609  -0.00232866   -0.0021638  -0.00201062  -0.00186829  -0.00173604  -0.00161316  -0.00149899   -0.0013929  -0.00129432  -0.00120272  -0.00111761  -0.00103853 -0.000965048 -0.000896766 -0.000833311 -0.000774313 -0.000719352 -0.000667731 -0.000617583 -0.000570141 -0.000525647 -0.000484003 -0.000445034 -0.000408559 -0.000374403 -0.000342401 -0.000312402 -0.000284263 -0.000257856 -0.000233063 -0.000209797 -0.000188055 -0.000168141 -0.000151554 -0.000136723 -0.000123088 -0.000110455 -9.87252e-05 -8.78272e-05 -7.77004e-05 -6.82898e-05 -5.95447e-05  -5.1418e-05 -4.38658e-05 -3.68475e-05 -3.03254e-05 -2.42643e-05 -1.86317e-05 -1.33972e-05 -8.53271e-06 -4.01201e-06  1.89219e-07  4.09355e-06    7.722e-06  1.10941e-05  1.42279e-05  1.71403e-05   1.9847e-05  2.23625e-05  2.47003e-05   2.6873e-05  2.88923e-05   3.0769e-05  3.25132e-05  3.41343e-05   3.5641e-05  3.70414e-05  3.83429e-05  3.95527e-05  4.06772e-05  4.17225e-05  4.26948e-05  4.36007e-05  4.44516e-05  4.52771e-05  4.61809e-05   4.7559e-05  5.09617e-05
  -0.0168991   -0.0153818   -0.0139184   -0.0125058    -0.011141  -0.00982198  -0.00855075  -0.00734496  -0.00628281  -0.00568109  -0.00523896  -0.00485782   -0.0045112  -0.00419106  -0.00389408  -0.00361827  -0.00336203  -0.00312396  -0.00290276  -0.00269723  -0.00250626  -0.00232882  -0.00216395  -0.00201076  -0.00186842  -0.00173617  -0.00161328  -0.00149909    -0.001393  -0.00129441  -0.00120281   -0.0011177  -0.00103861 -0.000965122 -0.000896836 -0.000833375 -0.000774365 -0.000719368 -0.000667611 -0.000616933 -0.000568843 -0.000523671 -0.000481341 -0.000441686 -0.000404523 -0.000369679  -0.00033699 -0.000306303 -0.000277478 -0.000250384 -0.000224907 -0.000200963 -0.000178567   -0.0001581 -0.000141354 -0.000126483 -0.000112838 -0.000100202 -8.84718e-05 -7.75736e-05 -6.74468e-05 -5.80363e-05 -4.92912e-05 -4.11644e-05 -3.36123e-05  -2.6594e-05 -2.00719e-05 -1.40108e-05 -8.37817e-06 -3.14367e-06  1.72086e-06  6.24158e-06  1.04428e-05  1.43472e-05  1.79756e-05  2.13477e-05  2.44815e-05  2.73939e-05  3.01006e-05  3.26161e-05  3.49539e-05  3.71266e-05  3.91459e-05  4.10225e-05  4.27667e-05  4.43878e-05  4.58944e-05  4.72947e-05  4.85962e-05  4.98059e-05  5.09302e-05  5.19753e-05  5.29469e-05  5.38504e-05  5.46924e-05  5.54833e-05  5.62507e-05  5.70912e-05  5.83738e-05  6.15438e-05
  -0.0153825   -0.0139192   -0.0125066   -0.0111418  -0.00982269  -0.00855141  -0.00734557  -0.00628338  -0.00568162  -0.00523946  -0.00485828  -0.00451163  -0.00419145  -0.00389445  -0.00361861  -0.00336235  -0.00312426  -0.00290303  -0.00269749   -0.0025065  -0.00232904  -0.00216416  -0.00201096   -0.0018686  -0.00173634  -0.00161344  -0.00149924  -0.00139313  -0.00129454  -0.00120293  -0.00111781  -0.00103872 -0.000965223 -0.000896931 -0.000833462 -0.000774438 -0.000719397 -0.000667476 -0.000616166 -0.000567302  -0.00052132 -0.000478172 -0.000437696 -0.000399713 -0.000364049 -0.000330539 -0.000299032 -0.000269387 -0.000241474 -0.000215179 -0.000190426 -0.000167251 -0.000146124 -0.000129187 -0.000114268 -0.000100611  -8.7972e-05 -7.62405e-05 -6.53421e-05 -5.52152e-05 -4.58045e-05 -3.70593e-05 -2.89325e-05 -2.13802e-05 -1.43618e-05 -7.83959e-06 -1.77842e-06  3.85431e-06   9.0889e-06  1.39535e-05  1.84743e-05  2.26757e-05  2.65801e-05  3.02086e-05  3.35808e-05  3.67146e-05  3.96271e-05  4.23338e-05  4.48494e-05  4.71872e-05  4.93599e-05  5.13792e-05  5.32559e-05  5.50001e-05  5.66211e-05  5.81277e-05   5.9528e-05  6.08295e-05  6.20391e-05  6.31634e-05  6.42084e-05  6.51797e-05  6.60827e-05  6.69226e-05  6.77051e-05  6.84402e-05  6.91536e-05  6.99352e-05  7.11292e-05  7.40828e-05
  -0.0139203   -0.0125079   -0.0111431  -0.00982388  -0.00855253  -0.00734661  -0.00628435  -0.00568252  -0.00524029  -0.00485905  -0.00451235  -0.00419212  -0.00389507  -0.00361919  -0.00336289  -0.00312476   -0.0029035  -0.00269792   -0.0025069  -0.00232942  -0.00216451  -0.00201128  -0.00186891  -0.00173662   -0.0016137  -0.00149949  -0.00139336  -0.00129476  -0.00120313    -0.001118  -0.00103889  -0.00096539 -0.000897088 -0.000833607  -0.00077456 -0.000719454 -0.000667295 -0.000615066 -0.000565077 -0.000517919 -0.000473581 -0.000431913 -0.000392738 -0.000355881  -0.00032118 -0.000288482 -0.000257645 -0.000228542  -0.00020106  -0.00017513 -0.000150824 -0.000128738 -0.000111525 -9.65344e-05 -8.28592e-05 -7.02158e-05 -5.84829e-05 -4.75838e-05 -3.74564e-05 -2.80454e-05 -1.92999e-05 -1.11727e-05 -3.62008e-06  3.39861e-06  9.92114e-06  1.59826e-05  2.16156e-05  2.68505e-05  3.17154e-05  3.62364e-05   4.0438e-05  4.43426e-05  4.79714e-05  5.13437e-05  5.44778e-05  5.73904e-05  6.00973e-05   6.2613e-05  6.49509e-05  6.71238e-05  6.91432e-05    7.102e-05  7.27643e-05  7.43854e-05  7.58921e-05  7.72924e-05  7.85939e-05  7.98035e-05  8.09278e-05  8.19728e-05  8.29441e-05   8.3847e-05  8.46863e-05  8.54669e-05  8.61943e-05  8.68776e-05  8.75408e-05  8.82678e-05  8.93796e-05  9.21326e-05
  -0.0125096    -0.011145  -0.00982581  -0.00855434   -0.0073483  -0.00628592  -0.00568398  -0.00524165  -0.00486032  -0.00451352  -0.00419321  -0.00389608  -0.00362013  -0.00336377  -0.00312557  -0.00290426  -0.00269862  -0.00250756  -0.00233003  -0.00216508  -0.00201181   -0.0018694  -0.00173708  -0.00161413  -0.00149989  -0.00139374  -0.00129511  -0.00120346  -0.00111831  -0.00103918 -0.000965661 -0.000897341 -0.000833841  -0.00077476 -0.000719559 -0.000667064 -0.000613535 -0.000561957 -0.000513137  -0.00046712 -0.000423768 -0.000382909 -0.000344368 -0.000307984 -0.000273603 -0.000241084   -0.0002103 -0.000181142 -0.000153552 -0.000127647 -0.000104207 -8.66032e-05 -7.15132e-05  -5.7812e-05 -4.51613e-05 -3.34258e-05 -2.25254e-05  -1.2397e-05 -2.98517e-06  5.76117e-06  1.38891e-05  2.14425e-05  2.84619e-05  3.49851e-05  4.10472e-05  4.66808e-05  5.19163e-05  5.67817e-05  6.13033e-05  6.55053e-05  6.94104e-05  7.30396e-05  7.64124e-05  7.95468e-05  8.24598e-05  8.51671e-05  8.76831e-05  9.00214e-05  9.21945e-05  9.42142e-05  9.60912e-05  9.78357e-05   9.9457e-05  0.000100964  0.000102364  0.000103666  0.000104876     0.000106  0.000107045  0.000108017   0.00010892  0.000109759  0.000110539  0.000111265  0.000111941  0.000112576  0.000113193  0.000113869  0.000114905  0.000117472
  -0.0111472  -0.00982843  -0.00855692  -0.00735073  -0.00628819  -0.00568609  -0.00524361  -0.00486214  -0.00451522  -0.00419479  -0.00389755  -0.00362149  -0.00336503  -0.00312675  -0.00290535  -0.00269964   -0.0025085  -0.00233091   -0.0021659  -0.00201257  -0.00187011  -0.00173774  -0.00161475  -0.00150046  -0.00139427  -0.00129561  -0.00120393  -0.00111875  -0.00103959 -0.000966047 -0.000897703 -0.000834175 -0.000775049 -0.000719728 -0.000666809  -0.00061166   -0.0005581 -0.000507208 -0.000459097 -0.000413647 -0.000370688 -0.000330049 -0.000291567 -0.000255089 -0.000220474 -0.000187596 -0.000156349  -0.00012669 -9.87931e-05 -7.36655e-05  -5.5574e-05 -4.03588e-05 -2.66245e-05  -1.3964e-05 -2.22474e-06  8.67787e-06  1.88079e-05  2.82214e-05  3.69692e-05  4.50985e-05  5.26532e-05  5.96738e-05  6.61982e-05  7.22614e-05  7.78961e-05  8.31325e-05  8.79989e-05  9.25214e-05  9.67242e-05   0.00010063   0.00010426  0.000107634  0.000110769  0.000113682   0.00011639  0.000118907  0.000121245  0.000123419  0.000125439  0.000127317  0.000129062  0.000130683   0.00013219  0.000133591  0.000134893  0.000136103  0.000137228  0.000138273  0.000139245  0.000140148  0.000140987  0.000141767  0.000142493  0.000143167  0.000143796  0.000144386   0.00014496  0.000145589  0.000146554   0.00014895
 -0.00983118  -0.00856018  -0.00735394  -0.00629122  -0.00568891  -0.00524624  -0.00486458  -0.00451749   -0.0041969  -0.00389951  -0.00362331  -0.00336672  -0.00312832  -0.00290681    -0.002701  -0.00250977  -0.00233209  -0.00216699  -0.00201359  -0.00187106  -0.00173862  -0.00161557  -0.00150123  -0.00139499  -0.00129628  -0.00120456  -0.00111933  -0.00104014 -0.000966559 -0.000898182 -0.000834618 -0.000775436 -0.000719972 -0.000666561 -0.000609536 -0.000553682 -0.000500393 -0.000449859  -0.00040198 -0.000356593 -0.000313526 -0.000272617 -0.000233714 -0.000196675 -0.000161374 -0.000127711 -9.56599e-05 -6.54602e-05 -3.83811e-05  -1.9725e-05 -4.36421e-06  9.40937e-06   2.2082e-05  3.38265e-05  4.47323e-05  5.48651e-05   6.4281e-05  7.30311e-05  8.11626e-05  8.87193e-05  9.57418e-05  0.000102268  0.000108333  0.000113969  0.000119207  0.000124075  0.000128599  0.000132803   0.00013671  0.000140341  0.000143716  0.000146852  0.000149766  0.000152475  0.000154992  0.000157332  0.000159506  0.000161527  0.000163405  0.000165151  0.000166773   0.00016828  0.000169682  0.000170984  0.000172195   0.00017332  0.000174365  0.000175337   0.00017624   0.00017708   0.00017786  0.000178586   0.00017926  0.000179887  0.000180472  0.000181021  0.000181554   0.00018214   0.00018304  0.000185276
 -0.00856349  -0.00735785  -0.00629507  -0.00569255  -0.00524963  -0.00486773  -0.00452042  -0.00419962  -0.00390204  -0.00362567  -0.00336891  -0.00313036   -0.0029087  -0.00270276   -0.0025114  -0.00233361  -0.00216841  -0.00201491  -0.00187228  -0.00173976  -0.00161663  -0.00150222  -0.00139591  -0.00129714  -0.00120536  -0.00112008  -0.00104084 -0.000967217 -0.000898796 -0.000835186 -0.000775936 -0.000720307 -0.000666343  -0.00060722 -0.000548803 -0.000492834 -0.000439593 -0.000389002 -0.000340901 -0.000295123 -0.000251503  -0.00020989 -0.000170143 -0.000132138 -9.57767e-05 -6.10531e-05 -2.82814e-05  9.76934e-07  2.02646e-05  3.57892e-05  4.96078e-05  6.22951e-05  7.40464e-05  8.49569e-05  9.50935e-05  0.000104513  0.000113266  0.000121401  0.000128961  0.000135986  0.000142515  0.000148582  0.000154221  0.000159461  0.000164331  0.000168856  0.000173062  0.000176971  0.000180604   0.00018398  0.000187117  0.000190033  0.000192743  0.000195262  0.000197602  0.000199777  0.000201799  0.000203678  0.000205424  0.000207047  0.000208556  0.000209958  0.000211261  0.000212472  0.000213597  0.000214643  0.000215616  0.000216519  0.000217359   0.00021814  0.000218866   0.00021954  0.000220168  0.000220751  0.000221294  0.000221805  0.000222301  0.000222846  0.000223685  0.000225773
 -0.00736072  -0.00629846  -0.00569588  -0.00525277  -0.00487067  -0.00452315  -0.00420216   -0.0039044  -0.00362786  -0.00337095  -0.00313225  -0.00291046   -0.0027044  -0.00251293  -0.00233502  -0.00216972  -0.00201613  -0.00187342  -0.00174082  -0.00161762  -0.00150314  -0.00139677  -0.00129794  -0.00120611  -0.00112078  -0.00104149 -0.000967825 -0.000899364 -0.000835712 -0.000776402 -0.000720637 -0.000666223 -0.000605408 -0.000544927   -0.0004868 -0.000431379 -0.000378603 -0.000328318 -0.000280356 -0.000234554  -0.00019076 -0.000148834 -0.000108651 -7.01191e-05 -3.32452e-05  1.59633e-06  3.26085e-05  5.24054e-05  6.80629e-05  8.19188e-05   9.4619e-05  0.000106377  0.000117292  0.000127432  0.000136856  0.000145612   0.00015375  0.000161313  0.000168341  0.000174872  0.000180942  0.000186583  0.000191825  0.000196697  0.000201225  0.000205433  0.000209343  0.000212977  0.000216355  0.000219493  0.000222411  0.000225122  0.000227641  0.000229983  0.000232159  0.000234182  0.000236062  0.000237809  0.000239433  0.000240942  0.000242344  0.000243648  0.000244859  0.000245985  0.000247032  0.000248005  0.000248909  0.000249749   0.00025053  0.000251256  0.000251931  0.000252559  0.000253142  0.000253684   0.00025419  0.000254664  0.000255126  0.000255633  0.000256415  0.000258364
 -0.00630046  -0.00569825   -0.0052551  -0.00487287   -0.0045252  -0.00420407  -0.00390617  -0.00362951  -0.00337248  -0.00313367  -0.00291179  -0.00270563  -0.00251407  -0.00233609  -0.00217071  -0.00201705  -0.00187428  -0.00174162  -0.00161836  -0.00150383  -0.00139742  -0.00129854  -0.00120666   -0.0011213  -0.00104198  -0.00096828 -0.000899789 -0.000836105 -0.000776753 -0.000720896 -0.000666187 -0.000604269 -0.000542443 -0.000482911  -0.00042607 -0.000371873 -0.000320166 -0.000270783 -0.000223561 -0.000178348 -0.000135004 -9.34044e-05 -5.34596e-05 -1.51868e-05  2.10011e-05  5.31543e-05  7.32832e-05  8.90279e-05  0.000102909  0.000115618  0.000127381    0.0001383  0.000148443   0.00015787  0.000166629  0.000174769  0.000182334  0.000189365  0.000195898   0.00020197  0.000207613  0.000212857   0.00021773   0.00022226  0.000226469   0.00023038  0.000234016  0.000237395  0.000240534  0.000243453  0.000246165  0.000248685  0.000251028  0.000253205  0.000255228  0.000257109  0.000258856  0.000260481   0.00026199  0.000263393  0.000264697  0.000265909  0.000267036  0.000268083  0.000269056   0.00026996  0.000270801  0.000271582  0.000272308  0.000272984  0.000273611  0.000274194  0.000274736  0.000275241  0.000275711  0.000276152  0.000276581  0.000277054  0.000277782  0.000279599
 -0.00569993  -0.00525709  -0.00487482  -0.00452704  -0.00420579  -0.00390777    -0.003631  -0.00337386  -0.00313496  -0.00291298  -0.00270674   -0.0025151  -0.00233705   -0.0021716  -0.00201788  -0.00187505  -0.00174234  -0.00161903  -0.00150445  -0.00139799  -0.00129908  -0.00120717  -0.00112177  -0.00104242 -0.000968689  -0.00090017 -0.000836458  -0.00077707 -0.000721137 -0.000666195 -0.000603417  -0.00054054 -0.000479911 -0.000421962 -0.000366654 -0.000313837 -0.000263345 -0.000215015 -0.000168695 -0.000124244 -8.15394e-05 -4.04927e-05 -1.12865e-06  3.61095e-05  6.91528e-05  8.95412e-05  0.000105355  0.000119256  0.000131973   0.00014374  0.000154663   0.00016481  0.000174238  0.000183001  0.000191143  0.000198711  0.000205743  0.000212279  0.000218352  0.000223997  0.000229243  0.000234118  0.000238648  0.000242859  0.000246772  0.000250408  0.000253788  0.000256929  0.000259848  0.000262561  0.000265082  0.000267426  0.000269603  0.000271627  0.000273509  0.000275257  0.000276882  0.000278392  0.000279795    0.0002811  0.000282312  0.000283439  0.000284486   0.00028546  0.000286364  0.000287205  0.000287987  0.000288713  0.000289389  0.000290016    0.0002906  0.000291142  0.000291646  0.000292115  0.000292552  0.000292963  0.000293362  0.000293801  0.000294479  0.000296173
 -0.00525804  -0.00487594  -0.00452814  -0.00420682  -0.00390874   -0.0036319   -0.0033747  -0.00313574  -0.00291371  -0.00270741  -0.00251573  -0.00233763  -0.00217214  -0.00201839  -0.00187552  -0.00174277  -0.00161943  -0.00150483  -0.00139835   -0.0012994  -0.00120747  -0.00112205  -0.00104268 -0.000968936   -0.0009004 -0.000836671 -0.000777262 -0.000721288 -0.000666223 -0.000602992 -0.000539565  -0.00047836 -0.000419831 -0.000363941 -0.000310543  -0.00025947  -0.00021056  -0.00016366  -0.00011863 -7.53465e-05 -3.37229e-05  6.21222e-06  4.40001e-05  7.75093e-05  9.80339e-05  0.000113884  0.000127796  0.000140518  0.000152288  0.000163212  0.000173361  0.000182792  0.000191556    0.0001997  0.000207269  0.000214303   0.00022084  0.000226914   0.00023256  0.000237807  0.000242683  0.000247214  0.000251425  0.000255339  0.000258977  0.000262357  0.000265499  0.000268418  0.000271132  0.000273654  0.000275997  0.000278176    0.0002802  0.000282081   0.00028383  0.000285455  0.000286966   0.00028837  0.000289674  0.000290887  0.000292014  0.000293061  0.000294035   0.00029494  0.000295781  0.000296563  0.000297289  0.000297965  0.000298592  0.000299176  0.000299718  0.000300222  0.000300691  0.000301127  0.000301533  0.000301915  0.000302286  0.000302694  0.000303326  0.000304904
 -0.00487611  -0.00452835  -0.00420702  -0.00390893  -0.00363207  -0.00337486  -0.00313589  -0.00291385  -0.00270754  -0.00251585  -0.00233774  -0.00217225  -0.00201848  -0.00187561  -0.00174286  -0.00161951   -0.0015049  -0.00139841  -0.00129947  -0.00120753  -0.00112211  -0.00104274 -0.000968984 -0.000900445 -0.000836713   -0.0007773 -0.000721319 -0.000666232 -0.000602924 -0.000539403   -0.0004781 -0.000419472 -0.000363483 -0.000309987 -0.000258815 -0.000209806 -0.000162807 -0.000117678 -7.42968e-05 -3.25751e-05  7.45718e-06  4.53385e-05   7.8927e-05  9.94748e-05  0.000115331  0.000129246  0.000141968  0.000153738  0.000164663  0.000174813  0.000184244  0.000193008  0.000201152  0.000208722  0.000215756  0.000222293  0.000228368  0.000234014  0.000239261  0.000244137  0.000248668   0.00025288  0.000256794  0.000260431  0.000263812  0.000266954  0.000269873  0.000272587  0.000275109  0.000277453  0.000279631  0.000281655  0.000283537  0.000285286  0.000286911  0.000288421  0.000289825   0.00029113  0.000292343   0.00029347  0.000294517  0.000295491  0.000296396  0.000297237  0.000298019  0.000298745   0.00029942  0.000300048  0.000300632  0.000301174  0.000301678  0.000302147  0.000302582  0.000302987  0.000303365   0.00030372  0.000304065  0.000304445  0.000305032  0.000306502
 -0.00452824  -0.00420689   -0.0039088  -0.00363195  -0.00337475  -0.00313578  -0.00291375  -0.00270745  -0.00251577  -0.00233766  -0.00217218  -0.00201842  -0.00187555   -0.0017428  -0.00161946  -0.00150485  -0.00139837  -0.00129942  -0.00120749  -0.00112207   -0.0010427 -0.000968951 -0.000900414 -0.000836684 -0.000777274 -0.000721297 -0.000666223 -0.000602961 -0.000539496 -0.000478251 -0.000419681 -0.000363751 -0.000310312 -0.000259199 -0.000210248 -0.000163308 -0.000118237 -7.49138e-05   -3.325e-05  6.72496e-06  4.45511e-05  7.80929e-05  9.86269e-05   0.00011448  0.000128393  0.000141115  0.000152885  0.000163809  0.000173958  0.000183389  0.000192153  0.000200297  0.000207866    0.0002149  0.000221437  0.000227512  0.000233158  0.000238404   0.00024328  0.000247812  0.000252023  0.000255937  0.000259574  0.000262955  0.000266096  0.000269016   0.00027173  0.000274251  0.000276595  0.000278773  0.000280798  0.000282679  0.000284428  0.000286053  0.000287564  0.000288967  0.000290272  0.000291485  0.000292612  0.000293659  0.000294633  0.000295538  0.000296379   0.00029716  0.000297887  0.000298562   0.00029919  0.000299773  0.000300315  0.000300819  0.000301288  0.000301723  0.000302128  0.000302505  0.000302856  0.000303185  0.000303506  0.000303859  0.000304406  0.000305774
  -0.0042064  -0.00390822  -0.00363138  -0.00337421  -0.00313528  -0.00291328  -0.00270701  -0.00251536  -0.00233728  -0.00217183  -0.00201809  -0.00187524  -0.00174252   -0.0016192  -0.00150461  -0.00139814  -0.00129921  -0.00120729  -0.00112189  -0.00104253 -0.000968792 -0.000900266 -0.000836547 -0.000777149 -0.000721193 -0.000666173 -0.000603103 -0.000539871  -0.00047887 -0.000420546 -0.000364862 -0.000311669 -0.000260801 -0.000212095   -0.0001654 -0.000120574 -7.74941e-05 -3.60734e-05  3.66085e-06  4.12554e-05  7.46007e-05  9.50767e-05  0.000110913  0.000124821   0.00013754  0.000149308  0.000160231  0.000170379  0.000179808  0.000188571  0.000196715  0.000204282  0.000211315  0.000217851  0.000223925   0.00022957  0.000234816  0.000239691  0.000244222  0.000248433  0.000252346  0.000255983  0.000259363  0.000262504  0.000265424  0.000268137  0.000270658  0.000273002  0.000275179  0.000277204  0.000279085  0.000280833  0.000282458  0.000283968  0.000285372  0.000286676  0.000287889  0.000289015  0.000290063  0.000291036  0.000291941  0.000292782  0.000293563   0.00029429  0.000294965  0.000295592  0.000296176  0.000296718  0.000297222   0.00029769  0.000298125   0.00029853  0.000298906  0.000299256  0.000299582  0.000299889  0.000300187  0.000300515  0.000301024  0.000302297
 -0.00390619  -0.00362898  -0.00337185  -0.00313305   -0.0029112  -0.00270508  -0.00251356  -0.00233562  -0.00217028  -0.00201665   -0.0018739  -0.00174127  -0.00161804  -0.00150353  -0.00139714  -0.00129828  -0.00120643  -0.00112108  -0.00104178 -0.000968092 -0.000899615 -0.000835942 -0.000776597 -0.000720723 -0.000665918 -0.000603585 -0.000541246 -0.000481177 -0.000423792 -0.000369048 -0.000316794 -0.000266864 -0.000219094 -0.000173333  -0.00012944 -8.72914e-05 -4.67988e-05 -7.98303e-06  2.87277e-05  6.13235e-05  8.15769e-05  9.73504e-05  0.000111236  0.000123944  0.000135704   0.00014662  0.000156762  0.000166185  0.000174942  0.000183081  0.000190644  0.000197672  0.000204204  0.000210274  0.000215916  0.000221158  0.000226031  0.000230559  0.000234767  0.000238678  0.000242312   0.00024569  0.000248829  0.000251746  0.000254458  0.000256977  0.000259319  0.000261496  0.000263519  0.000265399  0.000267146   0.00026877  0.000270279  0.000271681  0.000272985  0.000274197  0.000275323  0.000276369  0.000277342  0.000278246  0.000279086  0.000279867  0.000280593  0.000281268  0.000281895  0.000282478  0.000283019  0.000283523  0.000283991  0.000284426   0.00028483  0.000285206  0.000285556  0.000285881  0.000286184  0.000286468  0.000286745   0.00028705  0.000287523  0.000288706
 -0.00362411  -0.00336609  -0.00312739  -0.00290586   -0.0027001  -0.00250893  -0.00233131  -0.00216627  -0.00201292  -0.00187044  -0.00173805  -0.00161505  -0.00150075  -0.00139455  -0.00129587  -0.00120419    -0.001119  -0.00103984 -0.000966286 -0.000897935 -0.000834384 -0.000775169 -0.000719495 -0.000665179 -0.000604503 -0.000544169 -0.000486189  -0.00043091 -0.000378273 -0.000328123 -0.000280292 -0.000234618 -0.000190949 -0.000149145  -0.00010908 -7.06641e-05  -3.3903e-05  8.30868e-07  3.17496e-05  5.15023e-05  6.71317e-05  8.09649e-05  9.36448e-05  0.000105384  0.000116282  0.000126406  0.000135814  0.000144557  0.000152682  0.000160233   0.00016725  0.000173771  0.000179831  0.000185463  0.000190697  0.000195561  0.000200081  0.000204283  0.000208187  0.000211815  0.000215187  0.000218321  0.000221233   0.00022394  0.000226456  0.000228794  0.000230966  0.000232986  0.000234862  0.000236607  0.000238228  0.000239734  0.000241134  0.000242436  0.000243645  0.000244769  0.000245814  0.000246785  0.000247688  0.000248526  0.000249306  0.000250031  0.000250704   0.00025133  0.000251912  0.000252452  0.000252955  0.000253422  0.000253856   0.00025426  0.000254635  0.000254984  0.000255308   0.00025561  0.000255891  0.000256155  0.000256412  0.000256695  0.000257133  0.000258231
 -0.00335903  -0.00311904  -0.00289765  -0.00269235   -0.0025017  -0.00232458  -0.00216002  -0.00200712  -0.00186504  -0.00173304  -0.00161038  -0.00149641  -0.00139052  -0.00129212   -0.0012007  -0.00111575  -0.00103682 -0.000963475 -0.000895319 -0.000831956 -0.000772942 -0.000717558  -0.00066392 -0.000605494 -0.000547879 -0.000492729 -0.000440303 -0.000390517 -0.000343214 -0.000298224 -0.000255384 -0.000214543 -0.000175561 -0.000138313 -0.000102702  -6.8716e-05 -3.66521e-05  -7.9991e-06  1.10731e-05  2.65027e-05  4.02597e-05  5.28966e-05  6.46027e-05  7.54717e-05  8.55699e-05  9.49535e-05  0.000103674  0.000111777  0.000119308  0.000126307  0.000132811  0.000138855  0.000144472  0.000149692  0.000154544  0.000159052  0.000163242  0.000167136  0.000170755  0.000174118  0.000177243  0.000180148  0.000182847  0.000185356  0.000187688  0.000189855  0.000191869   0.00019374   0.00019548  0.000197096  0.000198599  0.000199995  0.000201293  0.000202499   0.00020362  0.000204662   0.00020563   0.00020653  0.000207367  0.000208144  0.000208867  0.000209538  0.000210162  0.000210743  0.000211282  0.000211783  0.000212249  0.000212682  0.000213084  0.000213458  0.000213806  0.000214129   0.00021443  0.000214709   0.00021497  0.000215215  0.000215453  0.000215715  0.000216121  0.000217138
 -0.00311117  -0.00288834  -0.00268319  -0.00249306  -0.00231652  -0.00215252  -0.00200014  -0.00185856  -0.00172701  -0.00160478  -0.00149121  -0.00138568  -0.00128762  -0.00119651  -0.00111186   -0.0010332 -0.000960104 -0.000892184 -0.000829045 -0.000770267 -0.000715209   -0.0006623  -0.00060623 -0.000551453 -0.000499257 -0.000449806 -0.000402994 -0.000358658 -0.000316627 -0.000276739 -0.000238843 -0.000202799 -0.000168481 -0.000135789  -0.00010469 -7.54032e-05 -4.91073e-05 -3.07482e-05 -1.55327e-05 -1.86094e-06  1.07255e-05  2.23919e-05  3.32258e-05  4.32918e-05  5.26456e-05  6.13381e-05   6.9416e-05  7.69229e-05  8.38991e-05  9.03823e-05  9.64072e-05  0.000102006   0.00010721  0.000112045  0.000116539  0.000120716  0.000124597  0.000128204  0.000131556  0.000134671  0.000137567  0.000140257  0.000142758  0.000145082  0.000147242  0.000149249  0.000151115  0.000152848   0.00015446  0.000155957  0.000157349  0.000158642  0.000159845  0.000160962     0.000162  0.000162965  0.000163862  0.000164696  0.000165471  0.000166191   0.00016686  0.000167482   0.00016806  0.000168598  0.000169097  0.000169562  0.000169993  0.000170394  0.000170767  0.000171114  0.000171436  0.000171735  0.000172013  0.000172272  0.000172514   0.00017274  0.000172961  0.000173204   0.00017358  0.000174521
 -0.00288189  -0.00267556  -0.00248556  -0.00230944  -0.00214592    -0.001994  -0.00185285   -0.0017217  -0.00159985  -0.00148662  -0.00138141  -0.00128366  -0.00119283  -0.00110843  -0.00103001 -0.000957137 -0.000889424 -0.000826484 -0.000767909 -0.000713122 -0.000660788  -0.00060653 -0.000553933 -0.000504001 -0.000456829 -0.000412295  -0.00037023 -0.000330464 -0.000292834  -0.00025719 -0.000223392 -0.000191314 -0.000160851 -0.000131957 -0.000104791 -8.02953e-05 -6.24853e-05 -4.74388e-05 -3.38376e-05 -2.12949e-05 -9.66359e-06  1.13909e-06  1.11764e-05  2.05036e-05  2.91713e-05  3.72263e-05  4.47117e-05  5.16681e-05  5.81327e-05  6.41404e-05  6.97234e-05  7.49119e-05  7.97336e-05  8.42146e-05   8.8379e-05   9.2249e-05  9.58456e-05  9.91881e-05  0.000102294  0.000105181  0.000107864  0.000110357  0.000112675  0.000114828   0.00011683   0.00011869  0.000120418  0.000122025  0.000123518  0.000124906  0.000126195  0.000127394  0.000128508  0.000129543  0.000130506    0.0001314  0.000132231  0.000133004  0.000133722  0.000134389  0.000135009  0.000135586  0.000136121  0.000136619  0.000137082  0.000137512  0.000137912  0.000138284  0.000138629   0.00013895  0.000139249  0.000139526  0.000139784  0.000140024  0.000140248  0.000140458  0.000140662  0.000140887  0.000141236  0.000142107
 -0.00267179  -0.00248109  -0.00230505  -0.00214177  -0.00199014  -0.00184926  -0.00171836  -0.00159674  -0.00148373  -0.00137873  -0.00128116  -0.00119051  -0.00110627    -0.001028 -0.000955271 -0.000887689 -0.000824872 -0.000766424 -0.000711799 -0.000659791 -0.000606531  -0.00055513 -0.000506439 -0.000460517 -0.000417231 -0.000376409 -0.000337882 -0.000301487 -0.000267074 -0.000234503 -0.000203649 -0.000174403 -0.000146713 -0.000120705 -9.71928e-05 -7.96855e-05 -6.47348e-05 -5.11755e-05 -3.86598e-05 -2.70507e-05 -1.62678e-05 -6.24876e-06  3.06155e-06  1.17135e-05  1.97538e-05  2.72257e-05  3.41693e-05  4.06222e-05  4.66189e-05  5.21917e-05  5.73707e-05  6.21836e-05  6.66564e-05  7.08131e-05  7.46761e-05   7.8266e-05  8.16024e-05  8.47029e-05  8.75845e-05  9.02624e-05  9.27511e-05   9.5064e-05  9.72136e-05  9.92113e-05  0.000101068  0.000102793  0.000104397  0.000105887  0.000107272   0.00010856  0.000109756  0.000110868  0.000111901  0.000112862  0.000113754  0.000114584  0.000115355  0.000116072  0.000116738  0.000117357  0.000117932  0.000118467  0.000118964  0.000119426  0.000119855  0.000120254  0.000120625   0.00012097   0.00012129  0.000121588  0.000121865  0.000122123  0.000122362  0.000122584  0.000122792  0.000122987  0.000123176  0.000123385  0.000123708  0.000124518
 -0.00248151  -0.00230554  -0.00214225  -0.00199059  -0.00184968  -0.00171875   -0.0015971  -0.00148407  -0.00137904  -0.00128145  -0.00119078  -0.00110652  -0.00102823  -0.00095549 -0.000887892 -0.000825061 -0.000766599 -0.000711955 -0.000659913  -0.00060655 -0.000555026 -0.000506209 -0.000460159 -0.000416745 -0.000375796 -0.000337142 -0.000300621 -0.000266083 -0.000233387 -0.000202408 -0.000173039 -0.000145226   -0.0001191 -9.54878e-05 -7.79493e-05 -6.29884e-05 -4.94245e-05 -3.69057e-05 -2.52939e-05 -1.45087e-05  -4.4875e-06  4.82481e-06  1.34786e-05  2.15207e-05  2.89941e-05  3.59393e-05  4.23935e-05  4.83915e-05  5.39656e-05  5.91457e-05  6.39596e-05  6.84334e-05   7.2591e-05  7.64548e-05  8.00455e-05  8.33826e-05  8.64838e-05   8.9366e-05  9.20445e-05  9.45338e-05  9.68472e-05  9.89972e-05  0.000100995  0.000102852  0.000104578  0.000106182  0.000107673  0.000109058  0.000110346  0.000111542  0.000112654  0.000113688  0.000114649  0.000115541  0.000116371  0.000117142  0.000117859  0.000118525  0.000119145   0.00011972  0.000120255  0.000120752  0.000121214  0.000121644  0.000122043  0.000122414  0.000122759  0.000123079  0.000123377  0.000123654  0.000123911  0.000124151  0.000124373   0.00012458  0.000124773  0.000124954   0.00012513  0.000125324  0.000125625  0.000126379
 -0.00231211  -0.00215003  -0.00199823  -0.00185689  -0.00172548  -0.00160337  -0.00148989  -0.00138445  -0.00128648  -0.00119545  -0.00111087  -0.00103228 -0.000959249 -0.000891387 -0.000828306 -0.000769595 -0.000714654 -0.000662071 -0.000607161 -0.000553795 -0.000503069 -0.000455103 -0.000409778 -0.000366926 -0.000326378 -0.000287972 -0.000251556  -0.00021699 -0.000184148 -0.000152926 -0.000123284 -9.53981e-05 -7.02902e-05  -5.2281e-05 -3.71617e-05 -2.35214e-05 -1.09494e-05  7.07199e-07  1.15329e-05  2.15916e-05  3.09386e-05  3.96247e-05  4.76967e-05  5.51981e-05  6.21692e-05  6.86476e-05  7.46681e-05   8.0263e-05  8.54625e-05  9.02945e-05  9.47851e-05  9.89583e-05  0.000102837  0.000106441   0.00010979  0.000112903  0.000115796  0.000118485  0.000120984  0.000123306  0.000125464   0.00012747  0.000129334  0.000131066  0.000132676  0.000134172  0.000135563  0.000136855  0.000138057  0.000139173   0.00014021  0.000141175  0.000142071  0.000142904  0.000143678  0.000144398  0.000145066  0.000145688  0.000146265  0.000146802  0.000147301  0.000147765  0.000148196  0.000148597  0.000148969  0.000149316  0.000149637  0.000149936  0.000150214  0.000150473  0.000150713  0.000150936  0.000151144  0.000151337  0.000151517  0.000151686   0.00015185  0.000152031  0.000152313  0.000153018
 -0.00216456  -0.00201542  -0.00187379  -0.00174143  -0.00161824  -0.00150373  -0.00139732  -0.00129844  -0.00120657  -0.00112121  -0.00104189 -0.000968182 -0.000899692 -0.000836019 -0.000776724 -0.000721103 -0.000667345 -0.000609198 -0.000551993 -0.000497297 -0.000445347 -0.000396053 -0.000349253 -0.000304778 -0.000262464 -0.000222159 -0.000183722 -0.000147026 -0.000111975 -7.85492e-05 -4.70279e-05 -1.88271e-05  1.68537e-07  1.56314e-05  2.94458e-05  4.21426e-05  5.39061e-05  6.48288e-05   7.4977e-05  8.44072e-05  9.31706e-05  0.000101314  0.000108883  0.000115916  0.000122452  0.000128526  0.000134171  0.000139417  0.000144292  0.000148823  0.000153033  0.000156946  0.000160583  0.000163963  0.000167103  0.000170022  0.000172735  0.000175256  0.000177599  0.000179777  0.000181801  0.000183681  0.000185429  0.000187054  0.000188564  0.000189967  0.000191271  0.000192483  0.000193609  0.000194656  0.000195629  0.000196534  0.000197374  0.000198155  0.000198881  0.000199556  0.000200183  0.000200766  0.000201308  0.000201812   0.00020228  0.000202715  0.000203119  0.000203495  0.000203844  0.000204169   0.00020447  0.000204751  0.000205012  0.000205254  0.000205479  0.000205689  0.000205883  0.000206064  0.000206233  0.000206392  0.000206546  0.000206716  0.000206981  0.000207645
 -0.00203805  -0.00190056  -0.00176776  -0.00164308  -0.00152691  -0.00141888  -0.00131849   -0.0012252  -0.00113853  -0.00105799 -0.000983151 -0.000913605 -0.000848941 -0.000788676 -0.000731955 -0.000676388 -0.000613456 -0.000550602 -0.000490074 -0.000432278 -0.000377165 -0.000324581 -0.000274357 -0.000226328 -0.000180338 -0.000136246 -9.39252e-05 -5.32849e-05 -1.43431e-05  2.24787e-05  5.51918e-05  7.56485e-05  9.16394e-05  0.000105734  0.000118639  0.000130582  0.000141668  0.000151967  0.000161537  0.000170431  0.000178696  0.000186377  0.000193514  0.000200148  0.000206313  0.000212042  0.000217366  0.000222314  0.000226912  0.000231185  0.000235157  0.000238848  0.000242278  0.000245466  0.000248428  0.000251182  0.000253741  0.000256119  0.000258329  0.000260383  0.000262292  0.000264066  0.000265715  0.000267248  0.000268672  0.000269996  0.000271226  0.000272369  0.000273432   0.00027442  0.000275338  0.000276191  0.000276984  0.000277721  0.000278406  0.000279042  0.000279634  0.000280184  0.000280695   0.00028117  0.000281612  0.000282022  0.000282404  0.000282758  0.000283088  0.000283394  0.000283679  0.000283944   0.00028419  0.000284418  0.000284631  0.000284829  0.000285012  0.000285183  0.000285342  0.000285492  0.000285638  0.000285799  0.000286049  0.000286679
 -0.00192986  -0.00180241  -0.00167716  -0.00155905  -0.00144888   -0.0013464  -0.00125115  -0.00116264   -0.0010804  -0.00100399 -0.000932976 -0.000866932 -0.000805326  -0.00074712  -0.00068923 -0.000620403 -0.000550626 -0.000482963 -0.000418025  -0.00035581 -0.000296174 -0.000238947  -0.00018396 -0.000131057 -8.00921e-05 -3.09394e-05  1.64837e-05  6.21172e-05  0.000105367  0.000143557  0.000165817  0.000182486  0.000196958  0.000210149  0.000222342  0.000233656  0.000244167  0.000253933  0.000263009  0.000271444  0.000279282  0.000286566  0.000293336  0.000299627  0.000305474  0.000310908  0.000315957   0.00032065  0.000325011  0.000329065  0.000332832  0.000336332  0.000339586   0.00034261   0.00034542  0.000348032  0.000350459  0.000352715  0.000354811   0.00035676   0.00035857  0.000360253  0.000361818  0.000363271  0.000364623  0.000365878  0.000367045   0.00036813  0.000369138  0.000370075  0.000370946  0.000371755  0.000372508  0.000373207  0.000373857  0.000374461  0.000375022  0.000375544  0.000376029   0.00037648  0.000376899  0.000377288   0.00037765  0.000377986  0.000378299   0.00037859   0.00037886  0.000379111  0.000379344  0.000379561  0.000379763  0.000379951  0.000380125  0.000380287  0.000380438   0.00038058  0.000380718  0.000380871   0.00038111  0.000381711
 -0.00184641   -0.0017292  -0.00161025  -0.00149717  -0.00139145  -0.00129307  -0.00120162  -0.00111663  -0.00103766 -0.000964274 -0.000896003 -0.000832244 -0.000771706 -0.000710329 -0.000633051 -0.000553402 -0.000475587 -0.000400499 -0.000328205  -0.00025857 -0.000191424 -0.000126594 -6.39162e-05   -3.243e-06  5.55528e-05  0.000112543  0.000167609  0.000219917   0.00026583  0.000290681  0.000308366  0.000323429   0.00033708  0.000349678  0.000361363  0.000372217  0.000382302  0.000391674  0.000400383  0.000408477  0.000415999   0.00042299  0.000429486  0.000435524  0.000441135   0.00044635  0.000451196    0.0004557  0.000459886  0.000463776  0.000467392  0.000470752  0.000473874  0.000476776  0.000479474  0.000481981   0.00048431  0.000486476  0.000488488  0.000490358  0.000492096  0.000493712  0.000495213  0.000496609  0.000497906  0.000499111  0.000500232  0.000501273  0.000502241   0.00050314  0.000503976  0.000504753  0.000505476  0.000506147  0.000506771  0.000507351   0.00050789  0.000508391  0.000508856  0.000509289  0.000509691  0.000510065  0.000510413  0.000510736  0.000511036  0.000511315  0.000511574  0.000511816   0.00051204  0.000512248  0.000512442  0.000512622  0.000512789  0.000512945   0.00051309  0.000513226  0.000513359  0.000513506  0.000513736  0.000514316
 -0.00175168  -0.00163683  -0.00152331  -0.00141612  -0.00131608  -0.00122303  -0.00113654  -0.00105617 -0.000981469 -0.000911975 -0.000847041 -0.000785252 -0.000722087 -0.000640675 -0.000556226 -0.000473487 -0.000393484 -0.000316314  -0.00024185 -0.000169917 -0.000100341 -3.29571e-05  3.23867e-05  9.58177e-05  0.000157402  0.000216996   0.00027365  0.000323272  0.000349394  0.000367599  0.000382978   0.00039688  0.000409701   0.00042159  0.000432633  0.000442894  0.000452429   0.00046129  0.000469525  0.000477178  0.000484291  0.000490901  0.000497044  0.000502753  0.000508058  0.000512989  0.000517572  0.000521831  0.000525789  0.000529467  0.000532886  0.000536063  0.000539016   0.00054176  0.000544311  0.000546682  0.000548885  0.000550932  0.000552835  0.000554604  0.000556248  0.000557776  0.000559195  0.000560515  0.000561742  0.000562882  0.000563941  0.000564926  0.000565841  0.000566692  0.000567483  0.000568217    0.0005689  0.000569535  0.000570125  0.000570674  0.000571184  0.000571657  0.000572098  0.000572507  0.000572887  0.000573241   0.00057357  0.000573875  0.000574159  0.000574423  0.000574669  0.000574897  0.000575109  0.000575306  0.000575489  0.000575659  0.000575817  0.000575965  0.000576102  0.000576231  0.000576357  0.000576496  0.000576714  0.000577264
  -0.0016631  -0.00155438  -0.00144668  -0.00134491  -0.00124993  -0.00116157  -0.00107944   -0.0010031 -0.000932065 -0.000865658 -0.000802331 -0.000737056 -0.000650998 -0.000561191 -0.000472969 -0.000387502  -0.00030492 -0.000225101 -0.000147869 -7.30459e-05  -4.6261e-07  7.00349e-05  0.000138575   0.00020522  0.000269796   0.00033123  0.000384937  0.000412491  0.000431309  0.000447076  0.000461292  0.000474393   0.00048654  0.000497822  0.000508304  0.000518045  0.000527098  0.000535511   0.00054333  0.000550596  0.000557349  0.000563625  0.000569457  0.000574877  0.000579915  0.000584597  0.000588948  0.000592991   0.00059675  0.000600242  0.000603488  0.000606505  0.000609309  0.000611915  0.000614337  0.000616588   0.00061868  0.000620624  0.000622431   0.00062411  0.000625671  0.000627122   0.00062847  0.000629723  0.000630888  0.000631971  0.000632977  0.000633912  0.000634781  0.000635589   0.00063634  0.000637037  0.000637686  0.000638289  0.000638849   0.00063937  0.000639854  0.000640304  0.000640722  0.000641111  0.000641472  0.000641808   0.00064212   0.00064241   0.00064268  0.000642931  0.000643164   0.00064338  0.000643582  0.000643769  0.000643943  0.000644105  0.000644255  0.000644395  0.000644525  0.000644648  0.000644767  0.000644899  0.000645107  0.000645631
 -0.00156017  -0.00145352  -0.00135164  -0.00125628  -0.00116749  -0.00108495  -0.00100822 -0.000936825 -0.000870071 -0.000806386  -0.00074064 -0.000653594 -0.000562657 -0.000473281 -0.000386666 -0.000302949 -0.000222009 -0.000143669   -6.775e-05   5.9176e-06  7.74887e-05  0.000147092  0.000214789  0.000280399  0.000342826  0.000397382  0.000425241  0.000444196  0.000460053  0.000474343  0.000487511  0.000499719  0.000511057  0.000521592  0.000531382  0.000540481  0.000548936  0.000556794  0.000564097  0.000570883  0.000577191  0.000583052    0.0005885  0.000593563  0.000598268  0.000602641  0.000606705  0.000610482  0.000613993  0.000617255  0.000620287  0.000623105  0.000625724  0.000628158   0.00063042  0.000632523  0.000634477  0.000636293  0.000637981  0.000639549  0.000641007  0.000642362  0.000643622  0.000644793  0.000645881  0.000646892  0.000647832  0.000648705  0.000649517  0.000650272  0.000650973  0.000651625  0.000652231  0.000652794  0.000653317  0.000653804  0.000654256  0.000654676  0.000655067   0.00065543  0.000655768  0.000656081  0.000656373  0.000656644  0.000656896   0.00065713  0.000657348   0.00065755  0.000657738  0.000657913  0.000658076  0.000658227  0.000658367  0.000658498   0.00065862  0.000658734  0.000658846  0.000658969  0.000659163  0.000659654
 -0.00142796   -0.0013214  -0.00122653  -0.00113944  -0.00105877 -0.000983867 -0.000914196 -0.000849085 -0.000787072 -0.000723449 -0.000640634 -0.000554502 -0.000470015 -0.000388252 -0.000309326  -0.00023311 -0.000159432 -8.81167e-05 -1.89982e-05  4.80747e-05  0.000113229  0.000176529  0.000237819  0.000296104  0.000347112   0.00037366  0.000391999  0.000407436  0.000421376  0.000434227  0.000446143  0.000457211  0.000467495  0.000477052  0.000485933  0.000494187  0.000501858  0.000508986  0.000515611  0.000521768   0.00052749  0.000532808   0.00053775  0.000542343  0.000546612  0.000550579  0.000554266  0.000557693  0.000560877  0.000563837  0.000566588  0.000569144   0.00057152  0.000573729  0.000575781  0.000577688  0.000579461  0.000581109   0.00058264  0.000584063  0.000585386  0.000586616  0.000587758   0.00058882  0.000589807  0.000590725  0.000591577   0.00059237  0.000593106  0.000593791  0.000594427  0.000595019  0.000595569  0.000596079  0.000596554  0.000596996  0.000597406  0.000597787  0.000598142  0.000598471  0.000598777  0.000599062  0.000599327  0.000599573  0.000599801  0.000600014  0.000600211  0.000600395  0.000600565  0.000600724  0.000600871  0.000601009  0.000601136  0.000601255  0.000601365  0.000601469   0.00060157  0.000601682  0.000601858  0.000602304
 -0.00125076  -0.00114297  -0.00105725 -0.000981242 -0.000911534 -0.000846927  -0.00078667 -0.000729549 -0.000671944 -0.000600513 -0.000527204  -0.00045572 -0.000386836 -0.000320597 -0.000256874 -0.000195503  -0.00013632 -7.91718e-05 -2.39177e-05  2.95633e-05  8.13423e-05  0.000131323  0.000178773  0.000220484  0.000243492  0.000260088  0.000274299  0.000287198  0.000299107  0.000310155  0.000320417  0.000329953  0.000338815   0.00034705  0.000354703  0.000361816  0.000368426  0.000374569  0.000380278  0.000385583  0.000390514  0.000395097  0.000399356  0.000403314  0.000406992  0.000410411  0.000413588  0.000416541  0.000419286  0.000421836  0.000424207   0.00042641  0.000428457   0.00043036  0.000432129  0.000433773  0.000435301  0.000436721   0.00043804  0.000439267  0.000440407  0.000441466  0.000442451  0.000443366  0.000444217  0.000445008  0.000445742  0.000446425   0.00044706   0.00044765  0.000448199  0.000448708  0.000449182  0.000449622  0.000450032  0.000450412  0.000450766  0.000451094    0.0004514  0.000451684  0.000451948  0.000452193  0.000452421  0.000452633   0.00045283  0.000453013  0.000453183  0.000453342  0.000453489  0.000453625  0.000453752  0.000453871   0.00045398  0.000454083  0.000454178  0.000454267  0.000454355  0.000454451  0.000454603  0.000454988
 -0.00101234 -0.000902735 -0.000829268 -0.000768188 -0.000713225 -0.000662487 -0.000614949 -0.000568791 -0.000517959 -0.000467646   -0.0004194 -0.000373476 -0.000329811 -0.000288271 -0.000248712 -0.000210995  -0.00017499 -0.000140578 -0.000107651 -7.61293e-05  -4.6009e-05 -1.75725e-05  7.79499e-06   2.4374e-05  3.76571e-05  4.94629e-05  6.02978e-05  7.03324e-05  7.96491e-05  8.83051e-05   9.6349e-05  0.000103824  0.000110771  0.000117228  0.000123228  0.000128804  0.000133986  0.000138803  0.000143279  0.000147439  0.000151305  0.000154898  0.000158237   0.00016134  0.000164224  0.000166905  0.000169396  0.000171712  0.000173863  0.000175863  0.000177722   0.00017945  0.000181055  0.000182547  0.000183934  0.000185223  0.000186421  0.000187535   0.00018857  0.000189531  0.000190425  0.000191256  0.000192029  0.000192746  0.000193413  0.000194033   0.00019461  0.000195145  0.000195643  0.000196106  0.000196536  0.000196936  0.000197307  0.000197653  0.000197974  0.000198272  0.000198549  0.000198807  0.000199047   0.00019927  0.000199477  0.000199669  0.000199848  0.000200014  0.000200169  0.000200312  0.000200446   0.00020057  0.000200685  0.000200792  0.000200892  0.000200985  0.000201071  0.000201151  0.000201226  0.000201296  0.000201364   0.00020144   0.00020156  0.000201863
-0.000687445 -0.000574639 -0.000517754 -0.000477071 -0.000442459 -0.000411541 -0.000384851 -0.000367391    -0.000354 -0.000342928 -0.000333639 -0.000325913 -0.000319617 -0.000314643 -0.000310896 -0.000308289 -0.000306741 -0.000306171 -0.000306487  -0.00030754 -0.000308926 -0.000309242 -0.000303118 -0.000295477 -0.000287882 -0.000280698  -0.00027399 -0.000267747 -0.000261944  -0.00025655 -0.000251536 -0.000246877 -0.000242547 -0.000238522 -0.000234782 -0.000231306 -0.000228075 -0.000225073 -0.000222282 -0.000219689 -0.000217278 -0.000215038 -0.000212956  -0.00021102 -0.000209222  -0.00020755 -0.000205996 -0.000204552  -0.00020321 -0.000201963 -0.000200803 -0.000199726 -0.000198724 -0.000197793 -0.000196928 -0.000196124 -0.000195377 -0.000194682 -0.000194036 -0.000193436 -0.000192878  -0.00019236 -0.000191878  -0.00019143 -0.000191014 -0.000190627 -0.000190267 -0.000189933 -0.000189622 -0.000189333 -0.000189065 -0.000188815 -0.000188583 -0.000188367 -0.000188167 -0.000187981 -0.000187808 -0.000187647 -0.000187497 -0.000187358 -0.000187229 -0.000187109 -0.000186997 -0.000186893 -0.000186797 -0.000186707 -0.000186623 -0.000186546 -0.000186474 -0.000186407 -0.000186345 -0.000186287 -0.000186233 -0.000186183 -0.000186136 -0.000186092 -0.000186049 -0.000186002 -0.000185926 -0.000185733
-0.000152644  -1.8674e-05  1.36802e-05  1.98722e-05  1.74841e-05  4.90123e-06 -4.22158e-05 -9.96627e-05 -0.000159647 -0.000220199 -0.000280827 -0.000341411 -0.000401927 -0.000462374 -0.000522754 -0.000583066  -0.00064329 -0.000703324 -0.000762758 -0.000819955 -0.000868437 -0.000882643 -0.000886477 -0.000887664 -0.000888165 -0.000888477 -0.000888727 -0.000888949 -0.000889152 -0.000889339 -0.000889513 -0.000889673 -0.000889821 -0.000889959 -0.000890086 -0.000890204 -0.000890313 -0.000890414 -0.000890508 -0.000890594 -0.000890674 -0.000890749 -0.000890817 -0.000890881  -0.00089094 -0.000890994 -0.000891045 -0.000891092 -0.000891135 -0.000891175 -0.000891212 -0.000891246 -0.000891278 -0.000891307 -0.000891335  -0.00089136 -0.000891383 -0.000891405 -0.000891425 -0.000891443  -0.00089146 -0.000891476 -0.000891491 -0.000891504 -0.000891517 -0.000891528 -0.000891539 -0.000891549 -0.000891558 -0.000891567 -0.000891575 -0.000891582 -0.000891589 -0.000891595 -0.000891601 -0.000891606 -0.000891611 -0.000891616  -0.00089162 -0.000891624 -0.000891628 -0.000891631 -0.000891634 -0.000891637  -0.00089164 -0.000891642 -0.000891645 -0.000891647 -0.000891649  -0.00089165 -0.000891652 -0.000891654 -0.000891655 -0.000891656 -0.000891658 -0.000891659  -0.00089166  -0.00089166 -0.000891659 -0.000891653
   0.0005901  0.000733519  0.000727119  0.000681457  0.000611847   0.00047266  0.000314778  0.000154363 -4.64689e-06 -0.000161401  -0.00031582 -0.000468011 -0.000618117 -0.000766283 -0.000912634  -0.00105724  -0.00120002  -0.00134021  -0.00147454  -0.00158974  -0.00163321  -0.00165429  -0.00166898  -0.00168138   -0.0016926  -0.00170294  -0.00171253  -0.00172143   -0.0017297  -0.00173739  -0.00174453  -0.00175116  -0.00175733  -0.00176305  -0.00176838  -0.00177332  -0.00177792  -0.00178219  -0.00178615  -0.00178984  -0.00179327  -0.00179645  -0.00179941  -0.00180215  -0.00180471  -0.00180708  -0.00180928  -0.00181133  -0.00181324    -0.001815  -0.00181665  -0.00181818  -0.00181959  -0.00182091  -0.00182214  -0.00182328  -0.00182434  -0.00182532  -0.00182623  -0.00182708  -0.00182787   -0.0018286  -0.00182929  -0.00182992  -0.00183051  -0.00183105  -0.00183156  -0.00183203  -0.00183247  -0.00183288  -0.00183326  -0.00183361  -0.00183394  -0.00183424  -0.00183452  -0.00183479  -0.00183503  -0.00183526  -0.00183547  -0.00183566  -0.00183585  -0.00183602  -0.00183617  -0.00183632  -0.00183645  -0.00183658   -0.0018367  -0.00183681  -0.00183691    -0.001837  -0.00183709  -0.00183717  -0.00183725  -0.00183732  -0.00183738  -0.00183744   -0.0018375  -0.00183757  -0.00183767  -0.00183791
   0.0016435   0.00180235    0.0017347   0.00158792   0.00131427   0.00100863    0.0007005   0.00039696  9.94307e-05 -0.000192075 -0.000477876 -0.000758352  -0.00103387  -0.00130476  -0.00157127  -0.00183332  -0.00208972  -0.00233494  -0.00254631  -0.00263364  -0.00268167  -0.00271791  -0.00274944  -0.00277821   -0.0028048  -0.00282947  -0.00285239  -0.00287368  -0.00289347  -0.00291185  -0.00292893   -0.0029448  -0.00295955  -0.00297326  -0.00298599  -0.00299782  -0.00300882  -0.00301903  -0.00302853  -0.00303735  -0.00304554  -0.00305316  -0.00306024  -0.00306682  -0.00307293  -0.00307861  -0.00308388  -0.00308879  -0.00309335  -0.00309758  -0.00310152  -0.00310517  -0.00310857  -0.00311173  -0.00311466  -0.00311739  -0.00311992  -0.00312228  -0.00312447   -0.0031265  -0.00312839  -0.00313014  -0.00313178  -0.00313329   -0.0031347  -0.00313601  -0.00313723  -0.00313836  -0.00313941  -0.00314039   -0.0031413  -0.00314214  -0.00314292  -0.00314365  -0.00314433  -0.00314496  -0.00314554  -0.00314609  -0.00314659  -0.00314706   -0.0031475   -0.0031479  -0.00314828  -0.00314863  -0.00314896  -0.00314926  -0.00314954   -0.0031498  -0.00315004  -0.00315027  -0.00315048  -0.00315067  -0.00315085  -0.00315102  -0.00315118  -0.00315133  -0.00315147  -0.00315163  -0.00315187  -0.00315246
   0.0030911    0.0032535   0.00305911   0.00261125   0.00210168    0.0015873   0.00108176  0.000587809  0.000105469 -0.000365872 -0.000826943  -0.00127846  -0.00172106  -0.00215524  -0.00258101  -0.00299663  -0.00339363  -0.00373697  -0.00388701  -0.00397511  -0.00404397  -0.00410465   -0.0041602  -0.00421161  -0.00425932  -0.00430364  -0.00434481  -0.00438307  -0.00441862  -0.00445165  -0.00448235  -0.00451087  -0.00453737    -0.004562  -0.00458488  -0.00460614   -0.0046259  -0.00464426  -0.00466132  -0.00467717   -0.0046919  -0.00470559  -0.00471831  -0.00473013  -0.00474111  -0.00475132   -0.0047608  -0.00476962  -0.00477781  -0.00478542  -0.00479249  -0.00479906  -0.00480517  -0.00481084  -0.00481611  -0.00482101  -0.00482557   -0.0048298  -0.00483373  -0.00483739  -0.00484078  -0.00484394  -0.00484687   -0.0048496  -0.00485213  -0.00485449  -0.00485667  -0.00485871   -0.0048606  -0.00486235  -0.00486398   -0.0048655  -0.00486691  -0.00486822  -0.00486943  -0.00487057  -0.00487162  -0.00487259   -0.0048735  -0.00487435  -0.00487513  -0.00487586  -0.00487654  -0.00487717  -0.00487775  -0.00487829   -0.0048788  -0.00487927  -0.00487971  -0.00488011  -0.00488049  -0.00488084  -0.00488117  -0.00488147  -0.00488175  -0.00488202  -0.00488227  -0.00488256  -0.00488299  -0.00488405
  0.00443003   0.00443223   0.00388549   0.00320492    0.0025064   0.00181817   0.00114632  0.000491414 -0.000147315 -0.000770909  -0.00138041  -0.00197678  -0.00256075  -0.00313244  -0.00368971  -0.00422157  -0.00468251   -0.0048908  -0.00501754  -0.00511836  -0.00520775  -0.00528972  -0.00536561  -0.00543606   -0.0055015  -0.00556229  -0.00561879  -0.00567128  -0.00572006  -0.00576538  -0.00580749  -0.00584662  -0.00588298  -0.00591677  -0.00594817  -0.00597734  -0.00600445  -0.00602964  -0.00605304  -0.00607479    -0.006095  -0.00611379  -0.00613124  -0.00614745  -0.00616252  -0.00617653  -0.00618954  -0.00620163  -0.00621287  -0.00622331  -0.00623301  -0.00624203   -0.0062504  -0.00625819  -0.00626543  -0.00627215   -0.0062784   -0.0062842   -0.0062896  -0.00629461  -0.00629927   -0.0063036  -0.00630763  -0.00631137  -0.00631484  -0.00631807  -0.00632107  -0.00632386  -0.00632645  -0.00632886   -0.0063311  -0.00633318  -0.00633511  -0.00633691  -0.00633858  -0.00634013  -0.00634157  -0.00634291  -0.00634416  -0.00634532  -0.00634639  -0.00634739  -0.00634832  -0.00634919  -0.00634999  -0.00635074  -0.00635143  -0.00635207  -0.00635267  -0.00635323  -0.00635375  -0.00635423  -0.00635467  -0.00635509  -0.00635548  -0.00635584   -0.0063562  -0.00635658  -0.00635717  -0.00635864
 0.00498011  0.00450158  0.00376922   0.0029911  0.00221865  0.00146366 0.000727992 1.10388e-05 -0.00068833 -0.00137131   -0.002039 -0.00269229 -0.00333135 -0.00395386 -0.00454779   -0.005063 -0.00529932  -0.0054453 -0.00556229 -0.00566625 -0.00576165 -0.00584999   -0.005932 -0.00600818 -0.00607896 -0.00614472 -0.00620583 -0.00626261 -0.00631537  -0.0063644 -0.00640995 -0.00645228 -0.00649161 -0.00652816 -0.00656212 -0.00659368   -0.006623 -0.00665025 -0.00667557 -0.00669909 -0.00672096 -0.00674127 -0.00676015 -0.00677769 -0.00679399 -0.00680914 -0.00682321 -0.00683629 -0.00684845 -0.00685974 -0.00687024 -0.00687999 -0.00688905 -0.00689747  -0.0069053 -0.00691257 -0.00691933 -0.00692561 -0.00693145 -0.00693687 -0.00694191  -0.0069466 -0.00695095   -0.006955 -0.00695875 -0.00696225 -0.00696549 -0.00696851 -0.00697131 -0.00697392 -0.00697634 -0.00697859 -0.00698068 -0.00698263 -0.00698443 -0.00698611 -0.00698767 -0.00698912 -0.00699047 -0.00699172 -0.00699288 -0.00699397 -0.00699497  -0.0069959 -0.00699677 -0.00699758 -0.00699833 -0.00699903 -0.00699968 -0.00700028 -0.00700084 -0.00700136 -0.00700184 -0.00700229 -0.00700271  -0.0070031 -0.00700349  -0.0070039 -0.00700454 -0.00700613
  -0.0213395   -0.0236519    -0.022889    -0.021403   -0.0197862   -0.0181851   -0.0166332   -0.0151358   -0.0136914   -0.0122968   -0.0109489  -0.00964582  -0.00838964  -0.00719792  -0.00614858    -0.005557  -0.00512376  -0.00475073   -0.0044116  -0.00409839  -0.00380784  -0.00353799  -0.00328727   -0.0030543  -0.00283782  -0.00263666  -0.00244972    -0.002276  -0.00211456  -0.00196452  -0.00182507  -0.00169545  -0.00157498  -0.00146299  -0.00135888  -0.00126208  -0.00117208  -0.00108839  -0.00101057 -0.000938251 -0.000871256 -0.000810058 -0.000757628 -0.000726711 -0.000768532  -0.00108606  -0.00148904  -0.00191585  -0.00235074  -0.00278955  -0.00323112  -0.00367503  -0.00412106  -0.00456904  -0.00501878  -0.00546995  -0.00592161  -0.00637033  -0.00680297  -0.00716792  -0.00726187  -0.00727472   -0.0072678   -0.0072566  -0.00724499   -0.0072339  -0.00722353  -0.00721387  -0.00720491  -0.00719658  -0.00718885  -0.00718167    -0.007175  -0.00716881  -0.00716307  -0.00715773  -0.00715278  -0.00714818   -0.0071439  -0.00713994  -0.00713625  -0.00713283  -0.00712965   -0.0071267  -0.00712397  -0.00712142  -0.00711906  -0.00711687  -0.00711483  -0.00711293  -0.00711118  -0.00710954  -0.00710803  -0.00710662  -0.00710531  -0.00710408  -0.00710292  -0.00710176  -0.00710035  -0.00709772
  -0.0237302   -0.0229816   -0.0214941   -0.0198721   -0.0182652   -0.0167077   -0.0152051   -0.0137558   -0.0123566   -0.0110045  -0.00969751  -0.00843767  -0.00724257  -0.00619009  -0.00559559  -0.00515964   -0.0047841  -0.00444264  -0.00412726  -0.00383471    -0.003563  -0.00331056    -0.003076  -0.00285805  -0.00265552  -0.00246733  -0.00229244  -0.00212993   -0.0019789  -0.00183855  -0.00170811  -0.00158688   -0.0014742  -0.00136946  -0.00127211   -0.0011816  -0.00109746  -0.00101924 -0.000946551 -0.000879151 -0.000817259 -0.000762848 -0.000724725 -0.000738592 -0.000946169  -0.00121446  -0.00150034  -0.00179274  -0.00208868  -0.00238731  -0.00268827  -0.00299136  -0.00329641  -0.00360326  -0.00391163  -0.00422082  -0.00452842  -0.00482519  -0.00507506  -0.00513595  -0.00514053   -0.0051316  -0.00511996  -0.00510831  -0.00509728  -0.00508697  -0.00507739  -0.00506849  -0.00506022  -0.00505254  -0.00504541  -0.00503878  -0.00503263  -0.00502691  -0.00502161  -0.00501668   -0.0050121  -0.00500785   -0.0050039  -0.00500023  -0.00499682  -0.00499366  -0.00499072  -0.00498799  -0.00498545   -0.0049831  -0.00498091  -0.00497888  -0.00497699  -0.00497523   -0.0049736  -0.00497209  -0.00497068  -0.00496937  -0.00496816  -0.00496702  -0.00496594  -0.00496482  -0.00496335  -0.00496027
  -0.0231783   -0.0217267   -0.0201009    -0.018481    -0.016909   -0.0153924   -0.0139298   -0.0125184   -0.0111548   -0.0098372   -0.0085675  -0.00736324  -0.00630225  -0.00569986  -0.00525659  -0.00487424  -0.00452647  -0.00420524  -0.00390726  -0.00363051  -0.00337341  -0.00313453  -0.00291258  -0.00270635  -0.00251473  -0.00233669  -0.00217126  -0.00201755  -0.00187473  -0.00174203  -0.00161872  -0.00150415  -0.00139769  -0.00129877  -0.00120686  -0.00112145   -0.0010421 -0.000968358  -0.00089984 -0.000836168 -0.000776983 -0.000721904 -0.000670393 -0.000621216 -0.000575013 -0.000531833  -0.00049153 -0.000453915 -0.000418804 -0.000386019 -0.000355397 -0.000326784 -0.000300038 -0.000275028 -0.000251635 -0.000229761  -0.00020936 -0.000190578 -0.000174277  -0.00015948 -0.000145819 -0.000133146 -0.000121375 -0.000110438 -0.000100275 -9.08301e-05 -8.20535e-05 -7.38975e-05 -6.63181e-05 -5.92746e-05  -5.2729e-05 -4.66461e-05 -4.09933e-05 -3.57399e-05 -3.08579e-05 -2.63209e-05 -2.21046e-05 -1.81862e-05 -1.45447e-05 -1.11604e-05 -8.01524e-06 -5.09226e-06 -2.37574e-06   1.4892e-07  2.49529e-06  4.67599e-06  6.70273e-06  8.58641e-06  1.03371e-05  1.19643e-05  1.34768e-05  1.48825e-05  1.61894e-05  1.74048e-05  1.85373e-05  1.96009e-05  2.06325e-05  2.17605e-05   2.3476e-05  2.77015e-05
   -0.021727   -0.0201012   -0.0184813   -0.0169093   -0.0153926   -0.0139301   -0.0125186   -0.0111551   -0.0098374  -0.00856769  -0.00736341  -0.00630241  -0.00570001  -0.00525672  -0.00487437  -0.00452659  -0.00420535  -0.00390736  -0.00363061   -0.0033735  -0.00313461  -0.00291265  -0.00270642   -0.0025148  -0.00233676  -0.00217132  -0.00201761  -0.00187478  -0.00174208  -0.00161877  -0.00150419  -0.00139773  -0.00129881  -0.00120689  -0.00112149  -0.00104213 -0.000968388 -0.000899869 -0.000836195 -0.000777003 -0.000721903 -0.000670311 -0.000620816 -0.000574223 -0.000530637 -0.000489922 -0.000451894  -0.00041637 -0.000383173 -0.000352137 -0.000323111 -0.000295952  -0.00027053 -0.000246726 -0.000224444 -0.000203651 -0.000184535 -0.000168139 -0.000153318 -0.000139651 -0.000126977 -0.000115206 -0.000104269 -9.41056e-05 -8.46613e-05 -7.58849e-05  -6.7729e-05 -6.01498e-05 -5.31064e-05 -4.65609e-05 -4.04782e-05 -3.48254e-05 -2.95722e-05 -2.46903e-05 -2.01534e-05 -1.59371e-05 -1.20188e-05 -8.37736e-06 -4.99321e-06 -1.84814e-06  1.07474e-06  3.79116e-06  6.31572e-06  8.66198e-06  1.08426e-05  1.28692e-05  1.47527e-05  1.65033e-05  1.81304e-05  1.96426e-05  2.10482e-05  2.23547e-05  2.35692e-05  2.46988e-05  2.57513e-05  2.67399e-05  2.76987e-05  2.87476e-05  3.03441e-05  3.42794e-05
  -0.0201017   -0.0184818   -0.0169098   -0.0153931   -0.0139306    -0.012519   -0.0111555  -0.00983778  -0.00856804  -0.00736374  -0.00630272  -0.00570029  -0.00525699  -0.00487461  -0.00452681  -0.00420556  -0.00390756  -0.00363079  -0.00337367  -0.00313477   -0.0029128  -0.00270656  -0.00251493  -0.00233687  -0.00217143  -0.00201771  -0.00187488  -0.00174217  -0.00161885  -0.00150427   -0.0013978  -0.00129888  -0.00120696  -0.00112155  -0.00104219 -0.000968445 -0.000899922 -0.000836243 -0.000777042 -0.000721907 -0.000670181 -0.000620168  -0.00057294 -0.000528689 -0.000487302 -0.000448601 -0.000412403 -0.000378531 -0.000346822 -0.000317122  -0.00028929 -0.000263194 -0.000238718 -0.000215771 -0.000194338  -0.00017468 -0.000158128 -0.000143268 -0.000129591 -0.000116914 -0.000105143  -9.4206e-05 -8.40432e-05 -7.45991e-05 -6.58228e-05 -5.76671e-05  -5.0088e-05 -4.30447e-05 -3.64994e-05 -3.04167e-05  -2.4764e-05 -1.95109e-05 -1.46291e-05 -1.00923e-05 -5.87608e-06 -1.95784e-06  1.68354e-06  5.06762e-06  8.21262e-06  1.11354e-05  1.38518e-05  1.63763e-05  1.87224e-05  2.09029e-05  2.29295e-05  2.48129e-05  2.65634e-05  2.81904e-05  2.97025e-05  3.11079e-05  3.24142e-05  3.36285e-05  3.47572e-05   3.5807e-05  3.67853e-05   3.7704e-05  3.85953e-05  3.95707e-05  4.10566e-05  4.47226e-05
  -0.0184824   -0.0169105   -0.0153937   -0.0139311   -0.0125196    -0.011156  -0.00983825  -0.00856848  -0.00736414  -0.00630309  -0.00570064  -0.00525731  -0.00487491   -0.0045271  -0.00420582   -0.0039078  -0.00363102  -0.00337388  -0.00313497  -0.00291298  -0.00270673  -0.00251509  -0.00233702  -0.00217157  -0.00201784    -0.001875  -0.00174228  -0.00161896  -0.00150437   -0.0013979  -0.00129897  -0.00120704  -0.00112163  -0.00104226 -0.000968514 -0.000899987 -0.000836303  -0.00077709 -0.000721917 -0.000670048 -0.000619476 -0.000571563 -0.000526596 -0.000484485 -0.000445058 -0.000408134 -0.000373536 -0.000341101 -0.000310676 -0.000282118 -0.000255297 -0.000230098 -0.000206435 -0.000184311  -0.00016407  -0.00014735 -0.000132447 -0.000118759  -0.00010608 -9.43081e-05 -8.33713e-05 -7.32085e-05 -6.37645e-05 -5.49884e-05 -4.68327e-05 -3.92537e-05 -3.22105e-05 -2.56652e-05 -1.95826e-05   -1.393e-05  -8.6769e-06  -3.7951e-06  7.41676e-07  4.95783e-06  8.87605e-06  1.25174e-05  1.59015e-05  1.90464e-05  2.19692e-05  2.46855e-05  2.72099e-05  2.95561e-05  3.17365e-05   3.3763e-05  3.56464e-05  3.73968e-05  3.90237e-05  4.05357e-05  4.19411e-05  4.32473e-05  4.44613e-05  4.55898e-05  4.66389e-05  4.76146e-05  4.85237e-05  4.93777e-05  5.02062e-05  5.11132e-05  5.24963e-05  5.59117e-05
   -0.016911   -0.0153944   -0.0139318   -0.0125202   -0.0111565  -0.00983878  -0.00856897   -0.0073646  -0.00630352  -0.00570104  -0.00525768  -0.00487525  -0.00452741  -0.00420612  -0.00390807  -0.00363127  -0.00337411  -0.00313519  -0.00291319  -0.00270692  -0.00251526  -0.00233719  -0.00217173  -0.00201799  -0.00187513   -0.0017424  -0.00161907  -0.00150448    -0.001398  -0.00129906  -0.00120713  -0.00112171  -0.00104234 -0.000968589 -0.000900058 -0.000836369 -0.000777144 -0.000721933 -0.000669925 -0.000618811 -0.000570234 -0.000524572 -0.000481759 -0.000441628    -0.000404 -0.000368698 -0.000335559  -0.00030443 -0.000275168 -0.000247644 -0.000221744 -0.000197385 -0.000174593 -0.000153785 -0.000136902 -0.000121958 -0.000108259  -9.5578e-05 -8.38054e-05 -7.28685e-05 -6.27057e-05 -5.32618e-05 -4.44856e-05   -3.633e-05  -2.8751e-05 -2.17078e-05 -1.51625e-05 -9.07986e-06 -3.42721e-06  1.82589e-06  6.70771e-06  1.12445e-05  1.54607e-05  1.93789e-05  2.30203e-05  2.64043e-05  2.95493e-05  3.24721e-05  3.51884e-05  3.77128e-05  4.00589e-05  4.22394e-05  4.42658e-05  4.61492e-05  4.78996e-05  4.95264e-05  5.10384e-05  5.24436e-05  5.37498e-05  5.49637e-05  5.60921e-05  5.71409e-05  5.81159e-05  5.90227e-05  5.98677e-05  6.06614e-05  6.14316e-05  6.22751e-05  6.35624e-05  6.67442e-05
  -0.0153951   -0.0139326    -0.012521   -0.0111573  -0.00983951  -0.00856965  -0.00736523  -0.00630411  -0.00570158  -0.00525819  -0.00487572  -0.00452785  -0.00420653  -0.00390845  -0.00363162  -0.00337444  -0.00313549  -0.00291347  -0.00270718  -0.00251551  -0.00233742  -0.00217194  -0.00201818  -0.00187532  -0.00174258  -0.00161923  -0.00150463  -0.00139814  -0.00129919  -0.00120726  -0.00112183  -0.00104245 -0.000968693 -0.000900155 -0.000836458 -0.000777218 -0.000721962 -0.000669787 -0.000618024 -0.000568654 -0.000522163 -0.000478511 -0.000437539 -0.000399069 -0.000362927 -0.000328947 -0.000296977 -0.000266875 -0.000238511 -0.000211773 -0.000186585 -0.000162994 -0.000141509 -0.000124431 -0.000109437 -9.57265e-05 -8.30418e-05 -7.12683e-05 -6.03311e-05 -5.01682e-05 -4.07241e-05 -3.19479e-05 -2.37922e-05  -1.6213e-05 -9.16972e-06 -2.62432e-06  3.45839e-06  9.11114e-06  1.43643e-05  1.92463e-05  2.37831e-05  2.79994e-05  3.19177e-05  3.55591e-05  3.89433e-05  4.20883e-05  4.50111e-05  4.77275e-05   5.0252e-05  5.25981e-05  5.47786e-05  5.68051e-05  5.86884e-05  6.04388e-05  6.20657e-05  6.35776e-05  6.49829e-05   6.6289e-05  6.75029e-05  6.86312e-05  6.96799e-05  7.06547e-05  7.15609e-05  7.24038e-05  7.31891e-05  7.39269e-05  7.46428e-05  7.54272e-05  7.66256e-05  7.95903e-05
  -0.0139337   -0.0125223   -0.0111586  -0.00984072  -0.00857078  -0.00736628  -0.00630508  -0.00570249  -0.00525903  -0.00487651  -0.00452858   -0.0042072  -0.00390908  -0.00363221  -0.00337499    -0.003136  -0.00291394  -0.00270762  -0.00251592   -0.0023378  -0.00217229  -0.00201851  -0.00187563  -0.00174286   -0.0016195  -0.00150488  -0.00139837  -0.00129941  -0.00120746  -0.00112202  -0.00104263 -0.000968863 -0.000900315 -0.000836605 -0.000777342  -0.00072202 -0.000669604 -0.000616909 -0.000566398 -0.000518713 -0.000473855 -0.000431675 -0.000391997 -0.000354645 -0.000319456 -0.000286278 -0.000254968 -0.000225398 -0.000197456 -0.000171075 -0.000146336 -0.000123879  -0.00010652 -9.14556e-05 -7.77265e-05 -6.50368e-05 -5.32618e-05  -4.2324e-05 -3.21606e-05 -2.27162e-05 -1.39396e-05 -5.78349e-06  1.79597e-06  8.83959e-06  1.53853e-05  2.14683e-05  2.71213e-05  3.23748e-05   3.7257e-05  4.17941e-05  4.60106e-05  4.99292e-05  5.35708e-05  5.69551e-05  6.01004e-05  6.30234e-05  6.57399e-05  6.82645e-05  7.06108e-05  7.27914e-05   7.4818e-05  7.67015e-05   7.8452e-05  8.00788e-05  8.15909e-05  8.29962e-05  8.43023e-05  8.55163e-05  8.66446e-05  8.76933e-05  8.86681e-05  8.95741e-05  9.04164e-05  9.11998e-05  9.19299e-05  9.26156e-05  9.32811e-05  9.40108e-05  9.51267e-05  9.78901e-05
   -0.012524   -0.0111606  -0.00984265   -0.0085726  -0.00736798  -0.00630666  -0.00570396  -0.00526039  -0.00487778  -0.00452976   -0.0042083   -0.0039101  -0.00363316  -0.00337587  -0.00313682   -0.0029147  -0.00270833  -0.00251658  -0.00233841  -0.00217286  -0.00201904  -0.00187612  -0.00174332  -0.00161993  -0.00150528  -0.00139875  -0.00129976  -0.00120779  -0.00112233  -0.00104292 -0.000969134 -0.000900569  -0.00083684 -0.000777543 -0.000722126 -0.000669371 -0.000615372 -0.000563266 -0.000513913  -0.00046737   -0.0004235 -0.000382131 -0.000343089 -0.000306211 -0.000271344 -0.000238346 -0.000207089 -0.000177464 -0.000149417 -0.000123074 -9.92572e-05 -8.15064e-05 -6.63414e-05 -5.25861e-05 -3.98891e-05 -2.81116e-05 -1.71724e-05 -7.00808e-06  2.43722e-06  1.12146e-05  1.93715e-05  2.69517e-05   3.3996e-05  4.05424e-05   4.6626e-05  5.22797e-05  5.75338e-05  6.24165e-05  6.69541e-05  7.11711e-05  7.50901e-05  7.87322e-05   8.2117e-05  8.52626e-05   8.8186e-05  9.09029e-05  9.34278e-05  9.57744e-05  9.79553e-05  9.99821e-05  0.000101866  0.000103617  0.000105244  0.000106756  0.000108161  0.000109468  0.000110682   0.00011181  0.000112859  0.000113834   0.00011474  0.000115582  0.000116365  0.000117093  0.000117772  0.000118409  0.000119028  0.000119707  0.000120746  0.000123324
  -0.0111628  -0.00984526  -0.00857516   -0.0073704  -0.00630892  -0.00570606  -0.00526235  -0.00487959  -0.00453144  -0.00420987  -0.00391156  -0.00363451  -0.00337712  -0.00313799  -0.00291579  -0.00270934  -0.00251752  -0.00233928  -0.00217368   -0.0020198  -0.00187683  -0.00174398  -0.00162055  -0.00150585  -0.00139928  -0.00130026  -0.00120826  -0.00112277  -0.00104333 -0.000969518 -0.000900929 -0.000837172  -0.00077783 -0.000722293 -0.000669118 -0.000613507 -0.000559431 -0.000508018 -0.000459392 -0.000413435 -0.000369978  -0.00032885 -0.000289885 -0.000252933 -0.000217851 -0.000184511 -0.000152809 -0.000122704 -9.43804e-05 -6.88857e-05   -5.065e-05 -3.53606e-05 -2.15724e-05 -8.86564e-06  2.91561e-06   1.3857e-05   2.4023e-05  3.34699e-05  4.22488e-05   5.0407e-05  5.79885e-05   6.5034e-05  7.15816e-05  7.76664e-05  8.33211e-05  8.85761e-05  9.34598e-05  9.79983e-05  0.000102216  0.000106136  0.000109779  0.000113164  0.000116311  0.000119235  0.000121952  0.000124477  0.000126825  0.000129006  0.000131033  0.000132917  0.000134668  0.000136296  0.000137808  0.000139214  0.000140521  0.000141735  0.000142864  0.000143913  0.000144888  0.000145794  0.000146636  0.000147419  0.000148147  0.000148824  0.000149455  0.000150048  0.000150623  0.000151255  0.000152223  0.000154628
 -0.00984797  -0.00857837  -0.00737356   -0.0063119  -0.00570884  -0.00526493  -0.00488199  -0.00453368  -0.00421194  -0.00391349   -0.0036363  -0.00337879  -0.00313954  -0.00291723  -0.00271068  -0.00251876  -0.00234044  -0.00217476  -0.00202081  -0.00187776  -0.00174485  -0.00162136  -0.00150661  -0.00139999  -0.00130092  -0.00120887  -0.00112334  -0.00104387 -0.000970023 -0.000901401 -0.000837608 -0.000778211 -0.000722534 -0.000668874 -0.000611414 -0.000555079 -0.000501304 -0.000450291 -0.000401942 -0.000356093 -0.000312573 -0.000271218 -0.000231876 -0.000194406  -0.00015868 -0.000124598 -9.21361e-05 -6.15437e-05 -3.41268e-05 -1.53348e-05  9.80751e-08   1.3925e-05  2.66437e-05    3.843e-05  4.93746e-05  5.95434e-05  6.89926e-05  7.77737e-05  8.59341e-05  9.35176e-05  0.000100565  0.000107114  0.000113201  0.000118857  0.000124114  0.000128999  0.000133539  0.000137758  0.000141679  0.000145323  0.000148709  0.000151856  0.000154781    0.0001575  0.000160026  0.000162374  0.000164556  0.000166584  0.000168468   0.00017022  0.000171848  0.000173361  0.000174767  0.000176074  0.000177289  0.000178418  0.000179468  0.000180443  0.000181349  0.000182192  0.000182975  0.000183703   0.00018438  0.000185009  0.000185596  0.000186147  0.000186682   0.00018727  0.000188173  0.000190417
 -0.00858164  -0.00737741  -0.00631569  -0.00571242  -0.00526827   -0.0048851  -0.00453656  -0.00421462  -0.00391598  -0.00363862  -0.00338095  -0.00314154  -0.00291909  -0.00271241  -0.00252037  -0.00234194  -0.00217615   -0.0020221  -0.00187897  -0.00174598   -0.0016224  -0.00150758   -0.0014009  -0.00130177  -0.00120966  -0.00112408  -0.00104456 -0.000970671 -0.000902006 -0.000838168 -0.000778704 -0.000722864 -0.000668659 -0.000609134 -0.000550274 -0.000493861 -0.000440182 -0.000389161 -0.000340641  -0.00029445 -0.000250426 -0.000208416 -0.000168279 -0.000129889 -9.31501e-05 -5.80569e-05 -2.49318e-05  4.63126e-06  2.40452e-05  3.96393e-05  5.35105e-05  6.62437e-05  7.80367e-05  8.89859e-05  9.91585e-05  0.000108611  0.000117396  0.000125559  0.000133145  0.000140196  0.000146748  0.000152836  0.000158495  0.000163754  0.000168641  0.000173182  0.000177403  0.000181326  0.000184971  0.000188359  0.000191508  0.000194434  0.000197154  0.000199681   0.00020203  0.000204213  0.000206242  0.000208128   0.00020988  0.000211509  0.000213022  0.000214429  0.000215737  0.000216952  0.000218082  0.000219132  0.000220107  0.000221014  0.000221857  0.000222641  0.000223369  0.000224046  0.000224675  0.000225261  0.000225806  0.000226319  0.000226817  0.000227364  0.000228205  0.000230301
 -0.00738024  -0.00631904  -0.00571571  -0.00527137    -0.004888  -0.00453926  -0.00421713  -0.00391831  -0.00364078  -0.00338296  -0.00314341  -0.00292083  -0.00271403  -0.00252188  -0.00234334  -0.00217745  -0.00202331  -0.00188009  -0.00174702  -0.00162338  -0.00150849  -0.00140174  -0.00130256   -0.0012104  -0.00112477   -0.0010452 -0.000971271 -0.000902567 -0.000838687 -0.000779164  -0.00072319 -0.000668541 -0.000607345 -0.000546447 -0.000487903 -0.000432072 -0.000378894 -0.000328217  -0.00027987 -0.000233692 -0.000189529  -0.00014724   -0.0001067 -6.78176e-05 -3.06013e-05  4.56735e-06   3.5862e-05  5.57786e-05   7.1504e-05  8.54121e-05  9.81579e-05  0.000109957  0.000120911  0.000131088  0.000140544  0.000149332  0.000157498  0.000165088  0.000172141  0.000178695  0.000184786  0.000190447  0.000195708  0.000200597  0.000205141  0.000209363  0.000213288  0.000216935  0.000220324  0.000223474  0.000226401  0.000229122  0.000231651  0.000234001  0.000236185  0.000238214  0.000240101  0.000241854  0.000243484  0.000244998  0.000246405  0.000247714  0.000248929   0.00025006   0.00025111  0.000252086  0.000252993  0.000253837  0.000254621  0.000255349  0.000256026  0.000256656  0.000257241  0.000257785  0.000258293  0.000258769  0.000259232  0.000259742  0.000260526  0.000262482
   -0.006321  -0.00571803  -0.00527365  -0.00489015  -0.00454126    -0.004219  -0.00392004   -0.0036424  -0.00338446   -0.0031448  -0.00292213  -0.00271523    -0.002523  -0.00234438  -0.00217842  -0.00202421  -0.00188093   -0.0017478   -0.0016241  -0.00150917  -0.00140237  -0.00130315  -0.00121095  -0.00112528  -0.00104568 -0.000971716 -0.000902982 -0.000839072 -0.000779507 -0.000723443 -0.000668505 -0.000606232 -0.000544019   -0.0004841 -0.000426881 -0.000372313 -0.000320245 -0.000270509 -0.000222941  -0.00017739 -0.000133715 -9.17897e-05 -5.15259e-05 -1.29416e-05  2.35437e-05  5.59542e-05  7.61954e-05  9.20062e-05  0.000105939  0.000118694  0.000130498  0.000141455  0.000151635  0.000161094  0.000169884  0.000178054  0.000185645    0.0001927  0.000199257   0.00020535  0.000211013  0.000216275  0.000221166  0.000225711  0.000229935  0.000233861  0.000237509  0.000240899   0.00024405  0.000246979    0.0002497   0.00025223  0.000254581  0.000256765  0.000258796  0.000260683  0.000262437  0.000264067  0.000265582   0.00026699  0.000268298  0.000269515  0.000270645  0.000271696  0.000272672   0.00027358  0.000274423  0.000275208  0.000275936  0.000276614  0.000277243  0.000277829  0.000278373  0.000278879  0.000279351  0.000279794  0.000280224  0.000280698  0.000281429  0.000283253
 -0.00571965  -0.00527558  -0.00489204  -0.00454305  -0.00422066  -0.00392159  -0.00364384  -0.00338579  -0.00314604  -0.00292328  -0.00271631  -0.00252399  -0.00234531  -0.00217928  -0.00202502  -0.00188168   -0.0017485  -0.00162475  -0.00150977  -0.00140293  -0.00130367  -0.00121143  -0.00112573   -0.0010461 -0.000972112 -0.000903351 -0.000839413 -0.000779814 -0.000723677 -0.000668514 -0.000605407 -0.000542177 -0.000481197 -0.000422906 -0.000367264 -0.000314122 -0.000263313 -0.000214674 -0.000168051 -0.000123305 -8.03107e-05 -3.89808e-05  6.59137e-07  3.81606e-05  7.14323e-05  9.19246e-05  0.000107802  0.000121754  0.000134517  0.000146325  0.000157286  0.000167468   0.00017693  0.000185723  0.000193895  0.000201489  0.000208546  0.000215104  0.000221199  0.000226864  0.000232128   0.00023702  0.000241566  0.000245792  0.000249719  0.000253368  0.000256759  0.000259911  0.000262841  0.000265563  0.000268094  0.000270445   0.00027263  0.000274662  0.000276549  0.000278304  0.000279934   0.00028145  0.000282858  0.000284167  0.000285384  0.000286515  0.000287566  0.000288542   0.00028945  0.000290294  0.000291079  0.000291808  0.000292485  0.000293115    0.0002937  0.000294245   0.00029475  0.000295221   0.00029566  0.000296072  0.000296472  0.000296913  0.000297593  0.000299294
 -0.00527647  -0.00489309  -0.00454409  -0.00422164   -0.0039225  -0.00364469  -0.00338658  -0.00314678  -0.00292397  -0.00271694  -0.00252458  -0.00234586  -0.00217979  -0.00202549  -0.00188212  -0.00174891  -0.00162513  -0.00151012  -0.00140327  -0.00130398  -0.00121172    -0.001126  -0.00104635 -0.000972344 -0.000903567 -0.000839614 -0.000779995 -0.000723819 -0.000668539 -0.000605006 -0.000541257 -0.000479734 -0.000420895 -0.000364704 -0.000311014 -0.000259657  -0.00021047 -0.000163301 -0.000118008 -7.44682e-05 -3.25941e-05  7.58471e-06  4.56048e-05   7.9316e-05  9.99368e-05  0.000115849  0.000129811  0.000142578  0.000154389  0.000165352  0.000175536     0.000185  0.000193794  0.000201967  0.000209563  0.000216621  0.000223181  0.000229277  0.000234942  0.000240207    0.0002451  0.000249648  0.000253874  0.000257801  0.000261451  0.000264844  0.000267996  0.000270926  0.000273649   0.00027618  0.000278532  0.000280718  0.000282749  0.000284637  0.000286392  0.000288023  0.000289539  0.000290947  0.000292257  0.000293473  0.000294604  0.000295656  0.000296633  0.000297541  0.000298385  0.000299169  0.000299898  0.000300576  0.000301206  0.000301791  0.000302336  0.000302841  0.000303312  0.000303749  0.000304157   0.00030454  0.000304912  0.000305322  0.000305956   0.00030754
 -0.00489319  -0.00454421  -0.00422176  -0.00392262  -0.00364479  -0.00338668  -0.00314687  -0.00292405  -0.00271702  -0.00252466  -0.00234592  -0.00217985  -0.00202555  -0.00188217  -0.00174896  -0.00162518  -0.00151017  -0.00140331  -0.00130401  -0.00121175  -0.00112603  -0.00104638 -0.000972372 -0.000903594 -0.000839638 -0.000780017 -0.000723837 -0.000668545 -0.000604966 -0.000541163 -0.000479583 -0.000420686 -0.000364437  -0.00031069 -0.000259275  -0.00021003 -0.000162803 -0.000117453 -7.38558e-05 -3.19245e-05  8.31091e-06  4.63855e-05  8.01429e-05  0.000100777  0.000116693  0.000130657  0.000143424  0.000155235  0.000166198  0.000176383  0.000185847  0.000194641  0.000202815   0.00021041  0.000217469  0.000224028  0.000230125   0.00023579  0.000241055  0.000245949  0.000250496  0.000254722   0.00025865    0.0002623  0.000265692  0.000268845  0.000271775  0.000274498  0.000277029  0.000279381  0.000281567  0.000283598  0.000285486  0.000287241  0.000288872  0.000290388  0.000291796  0.000293106  0.000294322  0.000295453  0.000296505  0.000297482   0.00029839  0.000299234  0.000300018  0.000300747  0.000301425  0.000302055   0.00030264  0.000303184   0.00030369   0.00030416  0.000304598  0.000305004  0.000305383  0.000305739  0.000306085  0.000306467  0.000307056  0.000308531
 -0.00454399   -0.0042215  -0.00392236  -0.00364455  -0.00338646  -0.00314666  -0.00292385  -0.00271684  -0.00252449  -0.00234577  -0.00217971  -0.00202541  -0.00188205  -0.00174884  -0.00162507  -0.00151007  -0.00140321  -0.00130393  -0.00121167  -0.00112596  -0.00104631 -0.000972307 -0.000903533 -0.000839582 -0.000779965 -0.000723794 -0.000668528  -0.00060504 -0.000541347 -0.000479882 -0.000421101 -0.000364969 -0.000311338 -0.000260039 -0.000210911   -0.0001638 -0.000118565 -7.50833e-05 -3.32671e-05  6.85433e-06  4.48192e-05  7.84836e-05  9.90906e-05  0.000114999   0.00012896  0.000141726  0.000153537  0.000164499  0.000174683  0.000184146  0.000192941  0.000201113  0.000208708  0.000215767  0.000222326  0.000228422  0.000234087  0.000239352  0.000244245  0.000248792  0.000253018  0.000256945  0.000260595  0.000263987   0.00026714   0.00027007  0.000272793  0.000275323  0.000277675  0.000279861  0.000281892   0.00028378  0.000285535  0.000287166  0.000288681   0.00029009  0.000291399  0.000292616  0.000293747  0.000294798  0.000295775  0.000296683  0.000297527  0.000298311   0.00029904  0.000299718  0.000300347  0.000300933  0.000301477  0.000301983  0.000302453   0.00030289  0.000303296  0.000303674  0.000304026  0.000304357  0.000304679  0.000305033  0.000305582  0.000306954
 -0.00422087  -0.00392162  -0.00364382  -0.00338577  -0.00314602  -0.00292326  -0.00271628  -0.00252397  -0.00234529  -0.00217926    -0.002025  -0.00188166  -0.00174848  -0.00162474  -0.00150976  -0.00140292  -0.00130366  -0.00121142  -0.00112572   -0.0010461 -0.000972105 -0.000903345 -0.000839407 -0.000779807 -0.000723661 -0.000668464 -0.000605221 -0.000541824 -0.000480668 -0.000422199 -0.000366379 -0.000313059 -0.000262072 -0.000213254 -0.000166453 -0.000121529 -7.83563e-05 -3.68486e-05  2.96755e-06  4.06386e-05  7.40539e-05  9.45873e-05  0.000110475  0.000124429  0.000137192     0.000149  0.000159961  0.000170143  0.000179605  0.000188397  0.000196569  0.000204162  0.000211219  0.000217778  0.000223873  0.000229537  0.000234801  0.000239693  0.000244239  0.000248464  0.000252391   0.00025604  0.000259432  0.000262583  0.000265513  0.000268235  0.000270765  0.000273117  0.000275302  0.000277333  0.000279221  0.000280975  0.000282605  0.000284121  0.000285529  0.000286838  0.000288055  0.000289185  0.000290236  0.000291213  0.000292121  0.000292964  0.000293748  0.000294477  0.000295155  0.000295784   0.00029637  0.000296914  0.000297419  0.000297889  0.000298326  0.000298732   0.00029911  0.000299461  0.000299788  0.000300096  0.000300395  0.000300724  0.000301234  0.000302511
  -0.0039196  -0.00364143  -0.00338342   -0.0031438  -0.00292119  -0.00271436  -0.00252218  -0.00234363  -0.00217772  -0.00202356  -0.00188033  -0.00174724  -0.00162358  -0.00150868  -0.00140193  -0.00130273  -0.00121056  -0.00112492  -0.00104535 -0.000971408 -0.000902696 -0.000838805 -0.000779257 -0.000723194  -0.00066821   -0.0006057 -0.000543193 -0.000482965 -0.000425432 -0.000370548 -0.000318163 -0.000268109 -0.000220224 -0.000174354 -0.000130359 -8.81139e-05 -4.75304e-05  -8.6291e-06  2.81618e-05  6.08305e-05  8.11422e-05   9.6967e-05    0.0001109  0.000123651  0.000135451  0.000146405  0.000156581  0.000166037  0.000174824   0.00018299  0.000190579  0.000197632  0.000204186  0.000210277  0.000215938  0.000221198  0.000226087  0.000230631  0.000234853  0.000238777  0.000242424  0.000245814  0.000248964  0.000251891  0.000254612   0.00025714   0.00025949  0.000261674  0.000263703   0.00026559  0.000267343  0.000268972  0.000270487  0.000271894  0.000273202  0.000274418  0.000275548  0.000276598  0.000277574  0.000278481  0.000279324  0.000280108  0.000280836  0.000281513  0.000282143  0.000282727  0.000283271  0.000283776  0.000284246  0.000284682  0.000285088  0.000285465  0.000285816  0.000286142  0.000286446  0.000286732  0.000287009  0.000287316  0.000287789  0.000288977
 -0.00363661  -0.00337772  -0.00313819   -0.0029159  -0.00270943  -0.00251759  -0.00233936  -0.00217375  -0.00201988   -0.0018769  -0.00174406  -0.00162062  -0.00150593  -0.00139936  -0.00130035  -0.00120834  -0.00112286  -0.00104343 -0.000969621 -0.000901033 -0.000837262 -0.000777844 -0.000721978 -0.000667478 -0.000606609 -0.000546086 -0.000487926 -0.000432477 -0.000379679 -0.000329377 -0.000281402 -0.000235591 -0.000191792 -0.000149863 -0.000109682 -7.11534e-05 -3.42859e-05  5.48144e-07  3.15569e-05   5.1373e-05  6.70551e-05  8.09357e-05  9.36593e-05  0.000105439  0.000116374  0.000126534  0.000135974  0.000144747    0.0001529  0.000160477  0.000167518  0.000174062  0.000180143  0.000185794  0.000191046  0.000195927  0.000200463  0.000204679  0.000208596  0.000212237  0.000215621  0.000218765  0.000221688  0.000224404  0.000226928  0.000229274  0.000231454  0.000233481  0.000235364  0.000237114  0.000238741  0.000240252  0.000241657  0.000242963  0.000244177  0.000245305  0.000246353  0.000247327  0.000248233  0.000249075  0.000249857  0.000250584   0.00025126  0.000251888  0.000252472  0.000253014  0.000253519  0.000253987  0.000254423  0.000254828  0.000255205  0.000255555   0.00025588  0.000256183  0.000256465   0.00025673  0.000256987  0.000257271  0.000257711  0.000258812
 -0.00337032  -0.00312944  -0.00290729  -0.00270131  -0.00251002  -0.00233231   -0.0021672  -0.00201379  -0.00187124  -0.00173879  -0.00161573  -0.00150138  -0.00139514  -0.00129641  -0.00120469  -0.00111945  -0.00104026 -0.000966674 -0.000898291 -0.000834717 -0.000775509 -0.000719947 -0.000666159 -0.000607649 -0.000549976 -0.000494783 -0.000442325 -0.000392517 -0.000345199 -0.000300201 -0.000257362 -0.000216528 -0.000177559  -0.00014033 -0.000104743 -7.07848e-05 -3.87501e-05 -1.01167e-05  8.98589e-06  2.44585e-05  3.82593e-05  5.09378e-05  6.26828e-05   7.3588e-05  8.37198e-05  9.31347e-05  0.000101884  0.000110015  0.000117571  0.000124593  0.000131118  0.000137183  0.000142818  0.000148056  0.000152923  0.000157447  0.000161651  0.000165557  0.000169188  0.000172562  0.000175698  0.000178613  0.000181321  0.000183838  0.000186178  0.000188352  0.000190372   0.00019225  0.000193995  0.000195617  0.000197125  0.000198526  0.000199828  0.000201038  0.000202163  0.000203208   0.00020418  0.000205083  0.000205922  0.000206702  0.000207427  0.000208101  0.000208727  0.000209309   0.00020985  0.000210353   0.00021082  0.000211255  0.000211658  0.000212034  0.000212383  0.000212707  0.000213008  0.000213289   0.00021355  0.000213796  0.000214035  0.000214298  0.000214705  0.000215725
 -0.00312153  -0.00289794   -0.0026921  -0.00250134  -0.00232421  -0.00215967  -0.00200678  -0.00186473  -0.00173274  -0.00161011  -0.00149615  -0.00139027  -0.00129189  -0.00120048  -0.00111554  -0.00103662 -0.000963288 -0.000895141 -0.000831794 -0.000772822 -0.000717588 -0.000664531 -0.000608387 -0.000553566 -0.000501339 -0.000451869 -0.000405048  -0.00036071 -0.000318685  -0.00027881 -0.000240934 -0.000204917 -0.000170631 -0.000137975 -0.000106917 -7.76713e-05 -5.14054e-05  -3.3019e-05 -1.77614e-05 -4.04628e-06   8.5815e-06  2.02866e-05  3.11565e-05   4.1256e-05   5.0641e-05  5.93624e-05  6.74672e-05  7.49991e-05  8.19986e-05  8.85033e-05  9.45482e-05  0.000100166  0.000105387  0.000110238  0.000114747  0.000118937  0.000122832  0.000126451  0.000129814   0.00013294  0.000135844  0.000138544  0.000141053  0.000143385  0.000145552  0.000147566  0.000149437  0.000151177  0.000152793  0.000154296  0.000155692   0.00015699  0.000158196  0.000159317  0.000160359  0.000161327  0.000162227  0.000163064  0.000163841  0.000164564  0.000165235  0.000165859  0.000166439  0.000166979   0.00016748  0.000167946  0.000168378  0.000168781  0.000169155  0.000169503  0.000169826  0.000170126  0.000170405  0.000170665  0.000170907  0.000171135  0.000171356    0.0001716  0.000171977  0.000172921
 -0.00289124  -0.00268418  -0.00249355  -0.00231686  -0.00215281   -0.0020004   -0.0018588  -0.00172723  -0.00160498  -0.00149139  -0.00138585  -0.00128778  -0.00119665  -0.00111198  -0.00103331 -0.000960207 -0.000892276 -0.000829133 -0.000770373 -0.000715421 -0.000662962 -0.000608699 -0.000556141 -0.000506266 -0.000459164 -0.000414708 -0.000372728 -0.000333055 -0.000295525 -0.000259988 -0.000226303 -0.000194342 -0.000164002 -0.000135233  -0.00010819 -8.37943e-05 -6.59782e-05 -5.08962e-05 -3.72543e-05 -2.46719e-05 -1.30032e-05  -2.1657e-06    7.904e-06  1.72614e-05  2.59571e-05   3.4038e-05  4.15476e-05  4.85264e-05  5.50118e-05  6.10389e-05  6.66399e-05  7.18451e-05  7.66824e-05  8.11779e-05  8.53556e-05  8.92381e-05  9.28463e-05  9.61996e-05  9.93159e-05  0.000102212  0.000104904  0.000107405   0.00010973   0.00011189  0.000113898  0.000115764  0.000117498   0.00011911  0.000120608     0.000122  0.000123294  0.000124496  0.000125614  0.000126652  0.000127618  0.000128515  0.000129349  0.000130124  0.000130844  0.000131513  0.000132136  0.000132714  0.000133251  0.000133751  0.000134215  0.000134647  0.000135048  0.000135421  0.000135768   0.00013609  0.000136389  0.000136667  0.000136926  0.000137167  0.000137391  0.000137602  0.000137807  0.000138033  0.000138382  0.000139256
 -0.00268016  -0.00248878  -0.00231218  -0.00214839  -0.00199628  -0.00185496  -0.00172366  -0.00160167  -0.00148831  -0.00138298  -0.00128511  -0.00119418  -0.00110968  -0.00103117 -0.000958215 -0.000890424 -0.000827414 -0.000768789 -0.000714009 -0.000661898   -0.0006087 -0.000557418 -0.000508869   -0.0004631 -0.000419975 -0.000379323 -0.000340972  -0.00030476 -0.000270537 -0.000238161 -0.000207507 -0.000178466 -0.000150983 -0.000125175 -0.000101828 -8.43354e-05 -6.93555e-05 -5.57584e-05 -4.32048e-05 -3.15598e-05 -2.07434e-05 -1.06932e-05 -1.35392e-06  7.32497e-06  1.53903e-05  2.28854e-05  2.98506e-05  3.63235e-05  4.23389e-05   4.7929e-05  5.31241e-05   5.7952e-05  6.24386e-05  6.66082e-05  7.04832e-05  7.40843e-05   7.7431e-05  8.05412e-05  8.34316e-05  8.61178e-05  8.86143e-05  9.09344e-05  9.30906e-05  9.50944e-05  9.69568e-05  9.86876e-05  0.000100296  0.000101791   0.00010318  0.000104472  0.000105672  0.000106787  0.000107824  0.000108787  0.000109682  0.000110515  0.000111288  0.000112007  0.000112675  0.000113296  0.000113873  0.000114409  0.000114908  0.000115371  0.000115802  0.000116202  0.000116574   0.00011692  0.000117242  0.000117541  0.000117818  0.000118076  0.000118316   0.00011854  0.000118748  0.000118943  0.000119133  0.000119343  0.000119667  0.000120479
 -0.00248898  -0.00231241  -0.00214861  -0.00199649  -0.00185516  -0.00172385  -0.00160184  -0.00148847  -0.00138313  -0.00128525  -0.00119431   -0.0011098  -0.00103128 -0.000958319  -0.00089052 -0.000827503 -0.000768871 -0.000714083 -0.000661955 -0.000608709 -0.000557369 -0.000508759  -0.00046293 -0.000419745 -0.000379032 -0.000340622  -0.00030435 -0.000270067 -0.000237633 -0.000206919  -0.00017782 -0.000150278 -0.000124415 -0.000101021 -8.35129e-05 -6.85282e-05 -5.49289e-05 -4.23738e-05 -3.07276e-05 -1.99101e-05 -9.85885e-06 -5.18617e-07  8.16116e-06  1.62273e-05  2.37231e-05  3.06891e-05  3.71627e-05  4.31786e-05  4.87693e-05  5.39649e-05  5.87933e-05  6.32804e-05  6.74504e-05  7.13258e-05  7.49273e-05  7.82743e-05  8.13848e-05  8.42755e-05   8.6962e-05  8.94587e-05  9.17791e-05  9.39355e-05  9.59396e-05  9.78021e-05   9.9533e-05  0.000101142  0.000102637  0.000104026  0.000105318  0.000106518  0.000107633   0.00010867  0.000109634  0.000110529  0.000111361  0.000112135  0.000112854  0.000113522  0.000114143   0.00011472  0.000115256  0.000115755  0.000116218  0.000116649   0.00011705  0.000117422  0.000117767  0.000118089  0.000118388  0.000118665  0.000118924  0.000119164  0.000119387  0.000119594  0.000119788  0.000119969  0.000120146  0.000120341  0.000120642  0.000121398
 -0.00231886  -0.00215625    -0.002004  -0.00186225  -0.00173046  -0.00160799  -0.00149419  -0.00138844  -0.00129019   -0.0011989  -0.00111407  -0.00103525 -0.000962009 -0.000893951 -0.000830689 -0.000771814 -0.000716733 -0.000664075 -0.000609309  -0.00055616 -0.000505677 -0.000457965 -0.000412904 -0.000370324 -0.000330053 -0.000291931 -0.000255804 -0.000221533 -0.000188991 -0.000158073 -0.000128734 -0.000101143 -7.62807e-05 -5.83107e-05 -4.31704e-05 -2.94961e-05 -1.68889e-05 -5.19858e-06   5.6587e-06  1.57467e-05   2.5121e-05  3.38325e-05   4.1928e-05  4.94513e-05  5.64428e-05    6.294e-05   6.8978e-05  7.45892e-05  7.98039e-05    8.465e-05  8.91536e-05  9.33389e-05  9.72285e-05  0.000100843  0.000104203  0.000107325  0.000110226  0.000112922  0.000115428  0.000117757  0.000119922  0.000121933  0.000123803   0.00012554  0.000127155  0.000128655   0.00013005  0.000131346  0.000132551   0.00013367  0.000134711  0.000135678  0.000136577  0.000137412  0.000138189   0.00013891  0.000139581  0.000140204  0.000140783  0.000141322  0.000141822  0.000142287   0.00014272  0.000143122  0.000143495  0.000143842  0.000144165  0.000144465  0.000144744  0.000145003  0.000145244  0.000145467  0.000145676  0.000145869   0.00014605  0.000146219  0.000146384  0.000146566  0.000146848  0.000147555
 -0.00217078  -0.00202119  -0.00187915   -0.0017464  -0.00162286  -0.00150803  -0.00140131  -0.00130215  -0.00121002   -0.0011244  -0.00104486 -0.000970943 -0.000902257 -0.000838403 -0.000778942 -0.000723182 -0.000669348 -0.000611346 -0.000554358 -0.000499904 -0.000448209 -0.000399178 -0.000352649 -0.000308452 -0.000266421 -0.000226405 -0.000188263 -0.000151867 -0.000117118 -8.39963e-05 -5.27696e-05  -2.4814e-05 -5.85741e-06   9.6264e-06  2.34748e-05  3.62069e-05  4.80041e-05  5.89584e-05  6.91359e-05  7.85934e-05  8.73822e-05  9.55496e-05   0.00010314  0.000110193  0.000116748   0.00012284  0.000128501  0.000133762  0.000138651  0.000143195  0.000147418  0.000151342  0.000154989  0.000158379  0.000161529  0.000164456  0.000167176  0.000169705  0.000172055  0.000174238  0.000176268  0.000178154  0.000179907  0.000181536   0.00018305  0.000184458  0.000185766  0.000186981  0.000188111  0.000189161  0.000190136  0.000191043  0.000191886   0.00019267  0.000193398  0.000194074  0.000194703  0.000195288  0.000195831  0.000196336  0.000196806  0.000197242  0.000197647  0.000198024  0.000198375    0.0001987  0.000199003  0.000199284  0.000199545  0.000199788  0.000200014  0.000200224   0.00020042  0.000200601   0.00020077   0.00020093  0.000201084  0.000201255   0.00020152  0.000202186
 -0.00204395  -0.00190607  -0.00177288  -0.00164784  -0.00153133  -0.00142299  -0.00132231  -0.00122875  -0.00114182  -0.00106105 -0.000985994 -0.000916247 -0.000851396  -0.00079096 -0.000734093 -0.000678442 -0.000615628  -0.00055296 -0.000492642 -0.000435068 -0.000380186 -0.000327842 -0.000277864 -0.000230086 -0.000184355 -0.000140526 -9.84736e-05 -5.81058e-05 -1.94377e-05  1.71187e-05  4.96114e-05   7.0037e-05  8.60519e-05  0.000100182  0.000113123  0.000125101  0.000136219  0.000146548  0.000156147  0.000165067  0.000173356  0.000181059  0.000188218  0.000194871  0.000201053  0.000206799  0.000212139  0.000217101  0.000221713  0.000225999  0.000229982  0.000233684  0.000237124  0.000240321  0.000243292  0.000246054   0.00024862  0.000251005  0.000253222  0.000255282  0.000257197  0.000258976   0.00026063  0.000262167  0.000263595  0.000264923  0.000266157  0.000267303  0.000268369   0.00026936   0.00027028  0.000271136  0.000271931   0.00027267  0.000273357  0.000273996  0.000274589  0.000275141  0.000275653   0.00027613  0.000276573  0.000276984  0.000277367  0.000277722  0.000278053   0.00027836  0.000278646  0.000278911  0.000279158  0.000279387    0.0002796  0.000279798  0.000279983  0.000280154  0.000280314  0.000280464   0.00028061  0.000280771  0.000281022  0.000281654
 -0.00193561  -0.00180782  -0.00168221  -0.00156375  -0.00145324  -0.00135045  -0.00125492  -0.00116614  -0.00108366  -0.00100701 -0.000935781  -0.00086954 -0.000807751 -0.000749388 -0.000691392 -0.000622634 -0.000552984 -0.000485471 -0.000420694  -0.00035865 -0.000299193 -0.000242153 -0.000187359 -0.000134655 -8.38956e-05 -3.49534e-05  1.22547e-05  5.76713e-05   0.00010071  0.000138726   0.00016097  0.000177669   0.00019218  0.000205409  0.000217639  0.000228988  0.000239531  0.000249327  0.000258431  0.000266891  0.000274753  0.000282059   0.00028885   0.00029516  0.000301024  0.000306474  0.000311539  0.000316247  0.000320621  0.000324687  0.000328465  0.000331976   0.00033524  0.000338273  0.000341091  0.000343711  0.000346146  0.000348408  0.000350511  0.000352465  0.000354282   0.00035597  0.000357539  0.000358997  0.000360352  0.000361612  0.000362782   0.00036387  0.000364882  0.000365821  0.000366695  0.000367507  0.000368261  0.000368962  0.000369614   0.00037022  0.000370783  0.000371307  0.000371793  0.000372245  0.000372665  0.000373056  0.000373419  0.000373756   0.00037407  0.000374362  0.000374632  0.000374884  0.000375118  0.000375336  0.000375538  0.000375726  0.000375901  0.000376064  0.000376215  0.000376358  0.000376497   0.00037665  0.000376889  0.000377491
 -0.00181245  -0.00168768  -0.00156914  -0.00145832  -0.00135519  -0.00125933  -0.00117024  -0.00108747  -0.00101056 -0.000939076   -0.0008726 -0.000810585 -0.000751976 -0.000693613 -0.000623965 -0.000553276 -0.000484694 -0.000418849 -0.000355744 -0.000295235  -0.00023715  -0.00018132 -0.000127588 -7.58059e-05 -2.58485e-05  2.23667e-05  6.87763e-05  0.000112769  0.000151598  0.000174114   0.00019092  0.000205493  0.000218771  0.000231044  0.000242432   0.00025301   0.00026284  0.000271975  0.000280464  0.000288353  0.000295684  0.000302498   0.00030883  0.000314714  0.000320183  0.000325266  0.000329989  0.000334379  0.000338458  0.000342249  0.000345773  0.000349047  0.000352091  0.000354919  0.000357548  0.000359991  0.000362261  0.000364371  0.000366332  0.000368155  0.000369849  0.000371423  0.000372886  0.000374246   0.00037551  0.000376685  0.000377776  0.000378791  0.000379734  0.000380611  0.000381425  0.000382182  0.000382886   0.00038354  0.000384148  0.000384713  0.000385238  0.000385726   0.00038618  0.000386602  0.000386994  0.000387358  0.000387696  0.000388011  0.000388304  0.000388576  0.000388828  0.000389063  0.000389282  0.000389485  0.000389673  0.000389849  0.000390012  0.000390163  0.000390305  0.000390438  0.000390567   0.00039071  0.000390933  0.000391496
 -0.00161218  -0.00147984  -0.00137049  -0.00127234  -0.00118202  -0.00109832   -0.0010206 -0.000948398 -0.000881307  -0.00081894 -0.000760875 -0.000706467  -0.00065411 -0.000598352 -0.000543786 -0.000491748 -0.000442416 -0.000395689 -0.000351408 -0.000309403 -0.000269515 -0.000231595 -0.000195504 -0.000161119  -0.00012834 -9.71395e-05 -6.77469e-05 -4.13796e-05 -2.31319e-05 -8.07381e-06  5.43799e-06  1.78723e-05  2.93966e-05  4.00982e-05  5.00412e-05  5.92808e-05  6.78672e-05  7.58465e-05  8.32618e-05  9.01529e-05   9.6557e-05  0.000102508  0.000108039  0.000113179  0.000117956  0.000122395  0.000126521  0.000130355  0.000133918  0.000137229  0.000140307  0.000143167  0.000145825  0.000148295  0.000150591  0.000152724  0.000154707   0.00015655  0.000158262  0.000159854  0.000161334  0.000162708  0.000163986  0.000165174  0.000166277  0.000167303  0.000168257  0.000169143  0.000169966  0.000170732  0.000171443  0.000172104  0.000172719   0.00017329   0.00017382  0.000174314  0.000174772  0.000175199  0.000175595  0.000175963  0.000176305  0.000176623  0.000176919  0.000177194  0.000177449  0.000177686  0.000177907  0.000178112  0.000178303   0.00017848  0.000178645  0.000178798   0.00017894  0.000179073  0.000179196  0.000179312  0.000179425   0.00017955  0.000179744  0.000180233
 -0.00130522  -0.00116396   -0.0010692 -0.000990401  -0.00091952 -0.000854247 -0.000793745  -0.00073757 -0.000685421 -0.000637136 -0.000592954 -0.000554619 -0.000529743 -0.000510788 -0.000495192 -0.000482175 -0.000471417 -0.000462724 -0.000455939 -0.000450927 -0.000447562 -0.000445724 -0.000445298 -0.000446151 -0.000448062 -0.000450441 -0.000451222 -0.000442492 -0.000431508 -0.000420574 -0.000410228 -0.000400567 -0.000391578 -0.000383222 -0.000375456 -0.000368239 -0.000361532   -0.0003553 -0.000349508 -0.000344126 -0.000339124 -0.000334476 -0.000330157 -0.000326143 -0.000322412 -0.000318946 -0.000315724 -0.000312731 -0.000309948 -0.000307363  -0.00030496 -0.000302727 -0.000300652 -0.000298723 -0.000296931 -0.000295265 -0.000293717 -0.000292279 -0.000290942 -0.000289699 -0.000288545 -0.000287472 -0.000286474 -0.000285547 -0.000284686 -0.000283885 -0.000283141  -0.00028245 -0.000281807  -0.00028121 -0.000280655 -0.000280139 -0.000279659 -0.000279214   -0.0002788 -0.000278415 -0.000278057 -0.000277724 -0.000277415 -0.000277128 -0.000276861 -0.000276613 -0.000276382 -0.000276168 -0.000275969 -0.000275784 -0.000275611 -0.000275451 -0.000275303 -0.000275164 -0.000275036 -0.000274917 -0.000274806 -0.000274702 -0.000274606 -0.000274516 -0.000274428 -0.000274331 -0.000274181 -0.000273804
-0.000947498 -0.000813182  -0.00073858 -0.000681978   -0.0006326  -0.00058753 -0.000545877  -0.00050734 -0.000472038 -0.000441236 -0.000420539 -0.000432614 -0.000455959 -0.000483532 -0.000513451 -0.000545151 -0.000578404 -0.000613075 -0.000649059  -0.00068626 -0.000724587 -0.000763937 -0.000804142 -0.000844763 -0.000884268 -0.000916811 -0.000919501 -0.000913636 -0.000906066 -0.000898494 -0.000891321 -0.000884622 -0.000878388 -0.000872593 -0.000867208 -0.000862203 -0.000857553 -0.000853231 -0.000849216 -0.000845484 -0.000842017 -0.000838795 -0.000835801 -0.000833018 -0.000830433  -0.00082803 -0.000825797 -0.000823722 -0.000821794 -0.000820002 -0.000818337  -0.00081679 -0.000815352 -0.000814016 -0.000812774  -0.00081162 -0.000810548 -0.000809552 -0.000808626 -0.000807765 -0.000806965 -0.000806222 -0.000805531 -0.000804889 -0.000804293 -0.000803738 -0.000803223 -0.000802744 -0.000802299 -0.000801886 -0.000801502 -0.000801144 -0.000800813 -0.000800504 -0.000800217 -0.000799951 -0.000799703 -0.000799473 -0.000799259 -0.000799061 -0.000798876 -0.000798704 -0.000798545 -0.000798396 -0.000798258  -0.00079813 -0.000798011   -0.0007979 -0.000797798 -0.000797702 -0.000797613 -0.000797531 -0.000797454 -0.000797382 -0.000797316 -0.000797253 -0.000797192 -0.000797126 -0.000797023 -0.000796769
-0.000629976 -0.000521895 -0.000468847 -0.000431554  -0.00039994 -0.000371363 -0.000345179 -0.000321648 -0.000302824 -0.000297351 -0.000339743  -0.00039752 -0.000460126 -0.000524819 -0.000590844 -0.000657955 -0.000726035 -0.000795009  -0.00086481 -0.000935371   -0.0010066  -0.00107831   -0.0011499  -0.00121908  -0.00127705  -0.00128914  -0.00128769  -0.00128312  -0.00127806  -0.00127316  -0.00126855  -0.00126425  -0.00126026  -0.00125655  -0.00125309  -0.00124989  -0.00124691  -0.00124414  -0.00124157  -0.00123918  -0.00123696  -0.00123489  -0.00123298   -0.0012312  -0.00122954    -0.001228  -0.00122657  -0.00122524  -0.00122401  -0.00122286   -0.0012218  -0.00122081  -0.00121989  -0.00121903  -0.00121824   -0.0012175  -0.00121681  -0.00121618  -0.00121558  -0.00121503  -0.00121452  -0.00121405   -0.0012136  -0.00121319  -0.00121281  -0.00121246  -0.00121213  -0.00121182  -0.00121154  -0.00121127  -0.00121103   -0.0012108  -0.00121059  -0.00121039  -0.00121021  -0.00121004  -0.00120988  -0.00120973  -0.00120959  -0.00120947  -0.00120935  -0.00120924  -0.00120914  -0.00120904  -0.00120896  -0.00120887   -0.0012088  -0.00120873  -0.00120866   -0.0012086  -0.00120854  -0.00120849  -0.00120844   -0.0012084  -0.00120835  -0.00120831  -0.00120827  -0.00120823  -0.00120817  -0.00120801
 -0.00126917  -0.00135268  -0.00130089  -0.00121996  -0.00113645  -0.00105669 -0.000981825 -0.000911247 -0.000842139 -0.000764111  -0.00068626 -0.000611327 -0.000539803 -0.000471623 -0.000406596 -0.000344508 -0.000285154 -0.000228341 -0.000173892 -0.000121649 -7.14986e-05 -2.34594e-05  2.19561e-05  6.23209e-05   8.7683e-05  0.000107563  0.000125101  0.000141162  0.000156026  0.000169824  0.000182642  0.000194553  0.000205621  0.000215906  0.000225464  0.000234346    0.0002426  0.000250271  0.000257399  0.000264023  0.000270179  0.000275899  0.000281216  0.000286156  0.000290747  0.000295014  0.000298979  0.000302664  0.000306089  0.000309271  0.000312229  0.000314977  0.000317532  0.000319906  0.000322112  0.000324162  0.000326067  0.000327838  0.000329484  0.000331014  0.000332435  0.000333756  0.000334984  0.000336125  0.000337185  0.000338171  0.000339087  0.000339938  0.000340729  0.000341465  0.000342148  0.000342783  0.000343374  0.000343922  0.000344432  0.000344906  0.000345347  0.000345756  0.000346137   0.00034649  0.000346819  0.000347124  0.000347408  0.000347672  0.000347918  0.000348146  0.000348358  0.000348555  0.000348738  0.000348908  0.000349066  0.000349213   0.00034935  0.000349477  0.000349596  0.000349707  0.000349815  0.000349935   0.00035012  0.000350586
 -0.00555875  -0.00627557  -0.00611298  -0.00575164  -0.00536141  -0.00498005  -0.00460096  -0.00416325  -0.00342204   -0.0026038  -0.00178068  -0.00096994 -0.000174968  0.000604273   0.00136863   0.00211911   0.00285665   0.00358213   0.00429615    0.0049985   0.00568596   0.00634356   0.00691013   0.00714245   0.00726902   0.00736399    0.0074465   0.00752173   0.00759127   0.00765579   0.00771573   0.00777143   0.00782318   0.00787128   0.00791598   0.00795752   0.00799612   0.00803199   0.00806533   0.00809631    0.0081251   0.00815186   0.00817672   0.00819983   0.00822131   0.00824126   0.00825981   0.00827705   0.00829307   0.00830796   0.00832179   0.00833465    0.0083466   0.00835771   0.00836803   0.00837762   0.00838654   0.00839482   0.00840252   0.00840968   0.00841633   0.00842251   0.00842826    0.0084336   0.00843856   0.00844317   0.00844746   0.00845144   0.00845515   0.00845859   0.00846179   0.00846476   0.00846752   0.00847009   0.00847248    0.0084747   0.00847676   0.00847867   0.00848046   0.00848211   0.00848365   0.00848508   0.00848641   0.00848765   0.00848879   0.00848986   0.00849085   0.00849178   0.00849263   0.00849343   0.00849417   0.00849486    0.0084955    0.0084961   0.00849665   0.00849717   0.00849768   0.00849824   0.00849912   0.00850132
  -0.0142435   -0.0155369   -0.0150203   -0.0141016   -0.0131233   -0.0121292   -0.0109709  -0.00899461  -0.00680986  -0.00461093  -0.00244431 -0.000319218    0.0017644   0.00380876   0.00581648   0.00779011   0.00973189    0.0116434    0.0135241    0.0153653    0.0171266    0.0186438     0.019263    0.0195984    0.0198492    0.0200669    0.0202652    0.0204485    0.0206186    0.0207766    0.0209235    0.0210599    0.0211867    0.0213045     0.021414    0.0215157    0.0216103    0.0216981    0.0217798    0.0218557    0.0219262    0.0219917    0.0220526    0.0221092    0.0221618    0.0222107    0.0222562    0.0222984    0.0223376    0.0223741    0.0224079    0.0224394    0.0224687    0.0224959    0.0225212    0.0225447    0.0225665    0.0225868    0.0226057    0.0226232    0.0226395    0.0226546    0.0226687    0.0226817    0.0226939    0.0227052    0.0227157    0.0227254    0.0227345    0.0227429    0.0227508     0.022758    0.0227648    0.0227711    0.0227769    0.0227824    0.0227874    0.0227921    0.0227965    0.0228005    0.0228043    0.0228078    0.0228111    0.0228141    0.0228169    0.0228195    0.0228219    0.0228242    0.0228263    0.0228282      0.02283    0.0228317    0.0228333    0.0228348    0.0228361    0.0228374    0.0228386      0.02284    0.0228421    0.0228475
 -0.0243216  -0.0254097  -0.0243176  -0.0227477  -0.0210602  -0.0190845  -0.0157638  -0.0121044 -0.00842632 -0.00480581  -0.0012578  0.00221809  0.00562577  0.00896982   0.0122546   0.0154842   0.0186613   0.0217851   0.0248416   0.0277648   0.0302846   0.0313271   0.0319013    0.032335   0.0327126   0.0330571   0.0333755   0.0336711   0.0339456   0.0342007   0.0344377    0.034658   0.0348627   0.0350529   0.0352296   0.0353939   0.0355465   0.0356884   0.0358202   0.0359427   0.0360566   0.0361623   0.0362607    0.036352   0.0364369   0.0365158   0.0365892   0.0366573   0.0367206   0.0367795   0.0368342    0.036885   0.0369323   0.0369762    0.037017   0.0370549   0.0370901   0.0371229   0.0371533   0.0371816   0.0372079   0.0372323    0.037255   0.0372761   0.0372957   0.0373139   0.0373309   0.0373466   0.0373612   0.0373748   0.0373875   0.0373992   0.0374101   0.0374203   0.0374297   0.0374385   0.0374466   0.0374542   0.0374612   0.0374678   0.0374739   0.0374795   0.0374848   0.0374896   0.0374942   0.0374984   0.0375023    0.037506   0.0375093   0.0375125   0.0375154   0.0375181   0.0375207    0.037523   0.0375252   0.0375273   0.0375293   0.0375315   0.0375349   0.0375435
 -0.0312623  -0.0312379   -0.029547  -0.0274434  -0.0249195  -0.0207137  -0.0160887  -0.0114451 -0.00687806 -0.00240591  0.00197206  0.00626108   0.0104671   0.0145959   0.0186525   0.0226409   0.0265602   0.0303931   0.0340578    0.037219   0.0385428   0.0392828   0.0398463   0.0403384   0.0407876   0.0412031   0.0415887   0.0419469   0.0422797   0.0425889   0.0428763   0.0431433   0.0433915   0.0436221   0.0438364   0.0440355   0.0442206   0.0443925   0.0445523   0.0447009   0.0448389   0.0449671   0.0450863   0.0451971      0.0453   0.0453956   0.0454845   0.0455671   0.0456439   0.0457152   0.0457815   0.0458432   0.0459004   0.0459536   0.0460031   0.0460491   0.0460918   0.0461315   0.0461684   0.0462026   0.0462345   0.0462641   0.0462916   0.0463172    0.046341   0.0463631   0.0463836   0.0464027   0.0464204   0.0464369   0.0464522   0.0464664   0.0464797    0.046492   0.0465034    0.046514   0.0465239   0.0465331   0.0465416   0.0465495   0.0465569   0.0465637   0.0465701    0.046576   0.0465815   0.0465866   0.0465914   0.0465958   0.0465999   0.0466037   0.0466073   0.0466106   0.0466136   0.0466165   0.0466191   0.0466216    0.046624   0.0466267   0.0466309   0.0466413
-0.00135736  0.00580825  0.00718903  0.00713503  0.00674673  0.00630104  0.00586618  0.00545766  0.00507773  0.00472539  0.00439894  0.00409658  0.00381652   0.0035568  0.00331449  0.00308253  0.00286411  0.00266039  0.00247085  0.00229461  0.00213075  0.00197838  0.00183668  0.00170488  0.00158225  0.00146814  0.00136192  0.00126301  0.00117087  0.00108499   0.0010049 0.000930167 0.000860376 0.000795141 0.000734103 0.000676925 0.000623295 0.000572941 0.000525685 0.000481674 0.000442297 0.000413784 0.000421435 0.000565741  0.00124377  0.00402252  0.00766654   0.0115308   0.0154518   0.0193881    0.023329    0.027272   0.0312163   0.0351617   0.0391076   0.0430525   0.0469899   0.0508943    0.054665   0.0579047   0.0590463   0.0593252   0.0593862   0.0593926    0.059386   0.0593767   0.0593673   0.0593584   0.0593502   0.0593426   0.0593355   0.0593291   0.0593231   0.0593176   0.0593126   0.0593079   0.0593036   0.0592996   0.0592959   0.0592926   0.0592895   0.0592866    0.059284   0.0592815   0.0592793   0.0592772   0.0592753   0.0592736   0.0592719   0.0592704   0.0592691   0.0592678   0.0592666   0.0592655   0.0592645   0.0592637   0.0592631   0.0592633   0.0592666   0.0592819
 0.00558098  0.00692128  0.00687292  0.00650083  0.00607296  0.00565537  0.00526307  0.00489824  0.00455992  0.00424645  0.00395595  0.00368612  0.00343287  0.00319091  0.00296437  0.00275339  0.00255718  0.00237476  0.00220516  0.00204745  0.00190079  0.00176438  0.00163747  0.00151936  0.00140943  0.00130706  0.00121169  0.00112281  0.00103993 0.000962585 0.000890358 0.000822848 0.000759683 0.000700515 0.000645028 0.000592959 0.000544204 0.000499231 0.000460712 0.000439979 0.000482475 0.000768178  0.00200773  0.00525983  0.00902312    0.012917   0.0168449   0.0207823   0.0247231   0.0286656   0.0326093   0.0365541    0.040499   0.0444413   0.0483692   0.0522372    0.055865    0.058542   0.0592091   0.0593676   0.0593979   0.0593966    0.059388   0.0593781   0.0593685   0.0593595   0.0593512   0.0593436   0.0593365     0.05933    0.059324   0.0593184   0.0593133   0.0593086   0.0593043   0.0593003   0.0592966   0.0592932   0.0592901   0.0592872   0.0592845    0.059282   0.0592798   0.0592777   0.0592758    0.059274   0.0592723   0.0592708   0.0592694   0.0592682    0.059267   0.0592659   0.0592649   0.0592639   0.0592631   0.0592623   0.0592618    0.059262   0.0592648   0.0592776
 0.00551151  0.00520621  0.00486228  0.00452822  0.00421492  0.00392382  0.00365409  0.00340436  0.00317316  0.00295878  0.00275848   0.0025652  0.00238297   0.0022129   0.0020546  0.00190734  0.00177035  0.00164289  0.00152426  0.00141383  0.00131098  0.00121515  0.00112582  0.00104249 0.000964704 0.000892038 0.000824085  0.00076047 0.000700838 0.000644856  0.00059221 0.000542605 0.000495771 0.000451481 0.000409641 0.000370646 0.000336779 0.000317744 0.000352498 0.000595364  0.00165574  0.00593817   0.0113637   0.0170795   0.0228694   0.0286788   0.0344937   0.0403106   0.0461287   0.0519476   0.0577667   0.0635835   0.0693882   0.0751416   0.0806893   0.0854218   0.0869345   0.0873061   0.0873895   0.0874007   0.0873943   0.0873843    0.087374   0.0873642   0.0873552   0.0873469   0.0873392   0.0873322   0.0873257   0.0873197   0.0873143   0.0873092   0.0873046   0.0873004   0.0872965   0.0872929   0.0872896   0.0872866   0.0872838   0.0872813   0.0872789   0.0872768   0.0872748    0.087273   0.0872713   0.0872698   0.0872684   0.0872671   0.0872659   0.0872648   0.0872638   0.0872629    0.087262   0.0872613   0.0872606     0.08726   0.0872597   0.0872603   0.0872645   0.0872825
 0.00428564  0.00377405  0.00345852   0.0032066  0.00298372  0.00278017  0.00259258  0.00241903  0.00225733  0.00210235  0.00195354  0.00181395  0.00168381  0.00156266  0.00144989  0.00134492  0.00124716  0.00115608  0.00107119 0.000992011 0.000918111 0.000849081 0.000784539 0.000724126 0.000667505 0.000614359  0.00056439 0.000517316 0.000472868 0.000430795 0.000390862 0.000352872 0.000316732 0.000282743 0.000252735 0.000234543 0.000259676 0.000453019  0.00130779  0.00477017   0.0106893   0.0172315   0.0239319   0.0306728   0.0374244    0.044179    0.050935   0.0576917   0.0644486   0.0712037   0.0779491   0.0846531   0.0911908    0.097069    0.100341    0.101158    0.101354    0.101394    0.101394    0.101385    0.101375    0.101365    0.101356    0.101347    0.101339    0.101332    0.101325    0.101319    0.101314    0.101309    0.101304      0.1013    0.101296    0.101292    0.101289    0.101286    0.101283     0.10128    0.101278    0.101276    0.101274    0.101272     0.10127    0.101269    0.101267    0.101266    0.101265    0.101264    0.101263    0.101262    0.101261    0.101261     0.10126    0.101259    0.101259    0.101258    0.101258    0.101259    0.101263    0.101283
 0.00271791  0.00220993  0.00197915  0.00182658  0.00170116  0.00158928  0.00148648  0.00138908  0.00129148   0.0011989  0.00111227  0.00103148 0.000956201 0.000886025 0.000820575 0.000759493 0.000702438 0.000649095 0.000599167 0.000552373 0.000508451 0.000467153 0.000428245 0.000391504  0.00035672  0.00032369 0.000292222 0.000262132 0.000233246  0.00020541 0.000178535 0.000152771   0.0001292 0.000112575 0.000122128 0.000234202 0.000750426  0.00286114  0.00914071   0.0164769   0.0240809   0.0317527   0.0394418   0.0471355   0.0548305   0.0625262   0.0702221    0.077917   0.0856062   0.0932703    0.100833    0.107993    0.113559    0.114958    0.115301    0.115377    0.115387    0.115381    0.115371    0.115361    0.115352    0.115344    0.115336    0.115329    0.115322    0.115316     0.11531    0.115305    0.115301    0.115297    0.115293    0.115289    0.115286    0.115283     0.11528    0.115278    0.115276    0.115274    0.115272     0.11527    0.115268    0.115267    0.115266    0.115264    0.115263    0.115262    0.115262    0.115261     0.11526    0.115259    0.115259    0.115258    0.115258    0.115257    0.115257    0.115256    0.115256    0.115257    0.115262    0.115282
 0.000949474  0.000488952  0.000361519  0.000319856  0.000300833  0.000287079  0.000269109  0.000249295  0.000229958  0.000211604  0.000194283  0.000177933   0.00016247  0.000147803  0.000133846  0.000120516   0.00010773  9.54101e-05  8.34791e-05  7.18612e-05  6.04819e-05  4.92669e-05   3.8142e-05  2.70328e-05  1.58638e-05  4.55898e-06 -6.95719e-06 -1.87522e-05  -3.0856e-05 -4.31409e-05 -5.48492e-05 -6.27244e-05 -5.36413e-05  2.44724e-05   0.00037734   0.00181682   0.00754584    0.0154472    0.0238987     0.032489    0.0411143    0.0497481     0.058384    0.0670204    0.0756568    0.0842924     0.092924     0.101539     0.110084     0.118355     0.125539     0.128434     0.129157     0.129331     0.129365     0.129366     0.129358      0.12935     0.129341     0.129333     0.129326     0.129319     0.129313     0.129307     0.129302     0.129298     0.129293      0.12929     0.129286     0.129283      0.12928     0.129277     0.129275     0.129273     0.129271     0.129269     0.129267     0.129266     0.129265     0.129263     0.129262     0.129261      0.12926      0.12926     0.129259     0.129258     0.129258     0.129257     0.129257     0.129256     0.129256     0.129255     0.129255     0.129255     0.129255     0.129254     0.129254     0.129256     0.129261     0.129281
-0.000546213 -0.000862666 -0.000884077 -0.000834676 -0.000772414 -0.000717081 -0.000667569 -0.000622207 -0.000580396 -0.000541828 -0.000506277 -0.000473554 -0.000443486 -0.000415921 -0.000390718  -0.00036775 -0.000346905 -0.000328079 -0.000311183  -0.00029614  -0.00028288 -0.000271348 -0.000261497  -0.00025329 -0.000246701 -0.000241708 -0.000238291 -0.000236388  -0.00023576 -0.000235426 -0.000231456 -0.000208251 -0.000104144  0.000324277   0.00203742   0.00882405    0.0176978    0.0270994     0.036634    0.0462016    0.0557769    0.0653538    0.0749307    0.0845072    0.0940825     0.103653     0.113202      0.12267     0.131813      0.13967     0.142453     0.143148     0.143315     0.143349      0.14335     0.143343     0.143335     0.143327      0.14332     0.143314     0.143308     0.143302     0.143297     0.143293     0.143289     0.143285     0.143282     0.143279     0.143276     0.143273     0.143271     0.143269     0.143267     0.143266     0.143264     0.143263     0.143262     0.143261      0.14326     0.143259     0.143258     0.143257     0.143257     0.143256     0.143256     0.143255     0.143255     0.143254     0.143254     0.143254     0.143254     0.143253     0.143253     0.143253     0.143253     0.143253     0.143253     0.143254      0.14326     0.143281
 -0.00189793  -0.00210843  -0.00203884  -0.00190817  -0.00177672  -0.00165331  -0.00153851  -0.00143201  -0.00133331   -0.0012419  -0.00115732   -0.0010791  -0.00100683 -0.000940137 -0.000878665 -0.000822093 -0.000770128   -0.0007225 -0.000678966 -0.000639306 -0.000603321 -0.000570833 -0.000541685 -0.000515738 -0.000492868 -0.000472957 -0.000455852 -0.000441208 -0.000427876 -0.000411481 -0.000374872 -0.000250446   0.00022846   0.00211381   0.00955546    0.0192824    0.0295872     0.040037    0.0505224    0.0610159    0.0715106    0.0820051    0.0924988     0.102991     0.113477      0.12394     0.134314      0.14433     0.152939      0.15599     0.156754      0.15694     0.156979     0.156982     0.156977      0.15697     0.156963     0.156956     0.156951     0.156945     0.156941     0.156936     0.156932     0.156929     0.156926     0.156923     0.156921     0.156918     0.156916     0.156914     0.156913     0.156911      0.15691     0.156909     0.156908     0.156907     0.156906     0.156906     0.156905     0.156904     0.156904     0.156903     0.156903     0.156903     0.156903     0.156902     0.156902     0.156902     0.156902     0.156902     0.156902     0.156902     0.156901     0.156901     0.156901     0.156901     0.156902     0.156903     0.156909     0.156931
 -0.00333684  -0.00349162  -0.00333699  -0.00312438  -0.00291066  -0.00270819  -0.00251929  -0.00234384  -0.00218109  -0.00203024  -0.00189049  -0.00176109  -0.00164137  -0.00153067  -0.00142842  -0.00133407  -0.00124713  -0.00116714  -0.00109369  -0.00102639   -0.0009649 -0.000908905 -0.000858124 -0.000812301 -0.000771192 -0.000734526 -0.000701828 -0.000671748 -0.000639408 -0.000585933 -0.000437166  9.92031e-05   0.00217611    0.0103415    0.0210107    0.0323124    0.0437726    0.0552711     0.066778    0.0782858    0.0897928     0.101299     0.112802     0.124299      0.13577     0.147143     0.158124     0.167562     0.170909      0.17175     0.171956     0.172001     0.172007     0.172004     0.171998     0.171992     0.171987     0.171983     0.171978     0.171975     0.171971     0.171968     0.171966     0.171964     0.171961      0.17196     0.171958     0.171957     0.171955     0.171954     0.171953     0.171953     0.171952     0.171951     0.171951      0.17195      0.17195      0.17195      0.17195     0.171949     0.171949     0.171949     0.171949     0.171949     0.171949     0.171949     0.171949     0.171949     0.171949     0.171949     0.171949     0.171949      0.17195      0.17195      0.17195      0.17195      0.17195     0.171952     0.171958     0.171981
 -0.00469064  -0.00475503  -0.00451904   -0.0042261  -0.00393548  -0.00366102  -0.00340515  -0.00316749  -0.00294701  -0.00274258  -0.00255314  -0.00237766   -0.0022152  -0.00206492  -0.00192599  -0.00179769  -0.00167934  -0.00157031  -0.00147004  -0.00137799   -0.0012937  -0.00121673  -0.00114668  -0.00108318  -0.00102583 -0.000974025 -0.000926216 -0.000877056 -0.000806094 -0.000633213 -4.28346e-05   0.00220956     0.011033    0.0225583    0.0347657    0.0471435    0.0595622    0.0719893     0.084417    0.0968434     0.109268      0.12169     0.134104      0.14649      0.15877     0.170627     0.180817     0.184433     0.185343     0.185569     0.185621     0.185629     0.185628     0.185624      0.18562     0.185616     0.185613      0.18561     0.185607     0.185605     0.185603     0.185601       0.1856     0.185599     0.185598     0.185597     0.185596     0.185596     0.185595     0.185595     0.185595     0.185594     0.185594     0.185594     0.185594     0.185594     0.185594     0.185595     0.185595     0.185595     0.185595     0.185595     0.185595     0.185596     0.185596     0.185596     0.185596     0.185597     0.185597     0.185597     0.185597     0.185598     0.185598     0.185598     0.185598     0.185599     0.185599     0.185601     0.185607      0.18563
 -0.00604541  -0.00604513  -0.00572704  -0.00535117  -0.00498185   -0.0046339  -0.00430971  -0.00400861  -0.00372925  -0.00347021  -0.00323011  -0.00300767  -0.00280169  -0.00261107  -0.00243481  -0.00227196  -0.00212165  -0.00198311  -0.00185559  -0.00173843  -0.00163101  -0.00153279  -0.00144323  -0.00136179  -0.00128771  -0.00121924  -0.00115052  -0.00105953 -0.000860182 -0.000213603   0.00221632    0.0116997    0.0240829    0.0371976    0.0504945    0.0638347    0.0771835    0.0905322     0.103879     0.117224     0.130564     0.143897     0.157199     0.170386     0.183119     0.194063     0.197949     0.198929     0.199174     0.199233     0.199245     0.199246     0.199244     0.199242      0.19924     0.199239     0.199237     0.199236     0.199235     0.199235     0.199234     0.199234     0.199234     0.199234     0.199234     0.199234     0.199234     0.199234     0.199235     0.199235     0.199235     0.199236     0.199236     0.199237     0.199237     0.199238     0.199239     0.199239      0.19924      0.19924     0.199241     0.199241     0.199242     0.199242     0.199243     0.199243     0.199244     0.199244     0.199244     0.199245     0.199245     0.199246     0.199246     0.199246     0.199247     0.199247     0.199248      0.19925     0.199256      0.19928
 -0.00612103   -0.0058168  -0.00543946  -0.00506512  -0.00471159  -0.00438198  -0.00407579   -0.0037917  -0.00352825  -0.00328406  -0.00305781   -0.0028483  -0.00265441  -0.00247511  -0.00230944  -0.00215652  -0.00201554  -0.00188577  -0.00176653  -0.00165718  -0.00155717  -0.00146595  -0.00138298  -0.00130749  -0.00123769  -0.00116774  -0.00107549 -0.000874545 -0.000224755     0.002215    0.0117346    0.0241648    0.0373292    0.0506764    0.0640671    0.0774663    0.0908655     0.104263     0.117657     0.131049     0.144431     0.157784      0.17102     0.183802     0.194787     0.198687     0.199672     0.199918     0.199977     0.199989      0.19999     0.199988     0.199986     0.199985     0.199983     0.199982     0.199981      0.19998     0.199979     0.199979     0.199979     0.199979     0.199979     0.199979     0.199979     0.199979      0.19998      0.19998      0.19998     0.199981     0.199981     0.199982     0.199983     0.199983     0.199984     0.199984     0.199985     0.199985     0.199986     0.199986     0.199987     0.199988     0.199988     0.199989     0.199989      0.19999      0.19999      0.19999     0.199991     0.199991     0.199992     0.199992     0.199992     0.199993     0.199993     0.199993     0.199994     0.199996     0.200002     0.200024
  -0.0058168  -0.00543945  -0.00506512  -0.00471159  -0.00438198  -0.00407579   -0.0037917  -0.00352825  -0.00328406  -0.00305781   -0.0028483  -0.00265441  -0.00247511  -0.00230944  -0.00215652  -0.00201554  -0.00188577  -0.00176652  -0.00165718  -0.00155717  -0.00146595  -0.00138298  -0.00130749  -0.00123769  -0.00116774  -0.00107549 -0.000874544 -0.000224754     0.002215    0.0117346    0.0241648    0.0373292    0.0506764    0.0640671    0.0774663    0.0908655     0.104263     0.117657     0.131049     0.144431     0.157784      0.17102     0.183802     0.194787     0.198687     0.199672     0.199918     0.199977     0.199989      0.19999     0.199988     0.199986     0.199985     0.199983     0.199982     0.199981      0.19998     0.199979     0.199979     0.199979     0.199979     0.199979     0.199979     0.199979     0.199979      0.19998      0.19998     0.199981     0.199981     0.199982     0.199982     0.199983     0.199983     0.199984     0.199984     0.199985     0.199985     0.199986     0.199987     0.199987     0.199988     0.199988     0.199989     0.199989      0.19999      0.19999      0.19999     0.199991     0.199991     0.199992     0.199992     0.199992     0.199993     0.199993     0.199993     0.199994     0.199994     0.199996     0.200001     0.200022
 -0.00548162  -0.00511499  -0.00476064  -0.00442825  -0.00411896  -0.00383186  -0.00356559  -0.00331877  -0.00309008   -0.0028783   -0.0026823  -0.00250104  -0.00233355  -0.00217895  -0.00203641  -0.00190519   -0.0017846  -0.00167401  -0.00157285  -0.00148056   -0.0013966  -0.00132018  -0.00124949  -0.00117855  -0.00108476 -0.000879905 -0.000216689   0.00227419    0.0119938     0.024475    0.0376527    0.0510036    0.0643955    0.0777953    0.0911948     0.104592     0.117988     0.131379     0.144762     0.158114     0.171347     0.184116     0.195051     0.198752     0.199686     0.199919     0.199976     0.199987     0.199988     0.199987     0.199985     0.199983     0.199981      0.19998     0.199979     0.199979     0.199978     0.199978     0.199978     0.199978     0.199978     0.199978     0.199978     0.199979     0.199979      0.19998      0.19998     0.199981     0.199981     0.199982     0.199982     0.199983     0.199983     0.199984     0.199985     0.199985     0.199986     0.199986     0.199987     0.199987     0.199988     0.199988     0.199989     0.199989      0.19999      0.19999     0.199991     0.199991     0.199992     0.199992     0.199992     0.199993     0.199993     0.199993     0.199994     0.199994     0.199995     0.199996     0.200001      0.20002
 -0.00516037  -0.00481431  -0.00448104  -0.00416876  -0.00387833  -0.00360882  -0.00335896  -0.00312744  -0.00291303  -0.00271459  -0.00253106  -0.00236147  -0.00220491  -0.00206056  -0.00192766  -0.00180551  -0.00169348  -0.00159097  -0.00149745  -0.00141233  -0.00133483  -0.00126311  -0.00119105   -0.0010956 -0.000886726  -0.00020998   0.00233212    0.0122518    0.0247842    0.0379752    0.0513298     0.064723    0.0781234    0.0915235     0.104921     0.118317     0.131709     0.145091     0.158443     0.171674      0.18443     0.195314     0.198816       0.1997     0.199921     0.199974     0.199985     0.199986     0.199984     0.199983     0.199981      0.19998     0.199979     0.199978     0.199977     0.199977     0.199977     0.199977     0.199977     0.199977     0.199977     0.199978     0.199978     0.199978     0.199979     0.199979      0.19998     0.199981     0.199981     0.199982     0.199982     0.199983     0.199984     0.199984     0.199985     0.199985     0.199986     0.199987     0.199987     0.199988     0.199988     0.199989     0.199989      0.19999      0.19999     0.199991     0.199991     0.199992     0.199992     0.199992     0.199993     0.199993     0.199993     0.199994     0.199994     0.199994     0.199995     0.199996     0.200001     0.200019
 -0.00481431  -0.00448104  -0.00416876  -0.00387833  -0.00360882  -0.00335896  -0.00312744  -0.00291303  -0.00271459  -0.00253106  -0.00236147  -0.00220491  -0.00206056  -0.00192766  -0.00180551  -0.00169347  -0.00159097  -0.00149744  -0.00141233  -0.00133483  -0.00126311  -0.00119105   -0.0010956 -0.000886725  -0.00020998   0.00233212    0.0122518    0.0247842    0.0379752    0.0513298     0.064723    0.0781234    0.0915235     0.104921     0.118317     0.131709     0.145091     0.158443     0.171674      0.18443     0.195314     0.198816       0.1997     0.199921     0.199974     0.199985     0.199986     0.199984     0.199983     0.199981      0.19998     0.199979     0.199978     0.199977     0.199977     0.199977     0.199977     0.199977     0.199977     0.199977     0.199978     0.199978     0.199978     0.199979     0.199979      0.19998     0.199981     0.199981     0.199982     0.199982     0.199983     0.199984     0.199984     0.199985     0.199985     0.199986     0.199987     0.199987     0.199988     0.199988     0.199989     0.199989      0.19999      0.19999     0.199991     0.199991     0.199992     0.199992     0.199992     0.199993     0.199993     0.199993     0.199994     0.199994     0.199994     0.199995     0.199995     0.199996     0.200001     0.200017
 -0.00448104  -0.00416876  -0.00387832  -0.00360882  -0.00335896  -0.00312743  -0.00291303  -0.00271459  -0.00253106  -0.00236146  -0.00220491  -0.00206056  -0.00192766  -0.00180551  -0.00169347  -0.00159097  -0.00149744  -0.00141233  -0.00133483  -0.00126311  -0.00119105   -0.0010956 -0.000886724 -0.000209979   0.00233212    0.0122518    0.0247842    0.0379752    0.0513298     0.064723    0.0781234    0.0915235     0.104921     0.118317     0.131709     0.145091     0.158443     0.171674      0.18443     0.195314     0.198816       0.1997     0.199921     0.199974     0.199985     0.199986     0.199984     0.199983     0.199981      0.19998     0.199979     0.199978     0.199977     0.199977     0.199977     0.199977     0.199977     0.199977     0.199977     0.199978     0.199978     0.199978     0.199979     0.199979      0.19998     0.199981     0.199981     0.199982     0.199982     0.199983     0.199984     0.199984     0.199985     0.199986     0.199986     0.199987     0.199987     0.199988     0.199988     0.199989     0.199989      0.19999      0.19999     0.199991     0.199991     0.199992     0.199992     0.199992     0.199993     0.199993     0.199993     0.199994     0.199994     0.199994     0.199995     0.199995     0.199995     0.199997     0.200001     0.200016
 -0.00416876  -0.00387832  -0.00360882  -0.00335895  -0.00312743  -0.00291302  -0.00271458  -0.00253106  -0.00236146  -0.00220491  -0.00206056  -0.00192766  -0.00180551  -0.00169347  -0.00159097  -0.00149744  -0.00141233  -0.00133483  -0.00126311  -0.00119105   -0.0010956 -0.000886724 -0.000209978   0.00233212    0.0122518    0.0247842    0.0379752    0.0513298     0.064723    0.0781234    0.0915235     0.104921     0.118317     0.131709     0.145091     0.158443     0.171674      0.18443     0.195314     0.198816       0.1997     0.199921     0.199974     0.199985     0.199986     0.199984     0.199983     0.199981      0.19998     0.199979     0.199978     0.199977     0.199977     0.199977     0.199977     0.199977     0.199977     0.199977     0.199978     0.199978     0.199978     0.199979     0.199979      0.19998     0.199981     0.199981     0.199982     0.199982     0.199983     0.199984     0.199984     0.199985     0.199986     0.199986     0.199987     0.199987     0.199988     0.199988     0.199989     0.199989      0.19999      0.19999     0.199991     0.199991     0.199992     0.199992     0.199992     0.199993     0.199993     0.199993     0.199994     0.199994     0.199994     0.199995     0.199995     0.199995     0.199996     0.199997     0.200001     0.200015
 -0.00387832  -0.00360882  -0.00335895  -0.00312743  -0.00291302  -0.00271458  -0.00253105  -0.00236146   -0.0022049  -0.00206056  -0.00192765  -0.00180551  -0.00169347  -0.00159097  -0.00149744  -0.00141233  -0.00133483   -0.0012631  -0.00119105   -0.0010956 -0.000886723 -0.000209978   0.00233212    0.0122518    0.0247842    0.0379752    0.0513298     0.064723    0.0781234    0.0915235     0.104921     0.118317     0.131709     0.145091     0.158443     0.171674      0.18443     0.195314     0.198816       0.1997     0.199921     0.199974     0.199985     0.199986     0.199984     0.199983     0.199981      0.19998     0.199979     0.199978     0.199977     0.199977     0.199977     0.199977     0.199977     0.199977     0.199977     0.199978     0.199978     0.199978     0.199979     0.199979      0.19998     0.199981     0.199981     0.199982     0.199982     0.199983     0.199984     0.199984     0.199985     0.199986     0.199986     0.199987     0.199987     0.199988     0.199988     0.199989     0.199989      0.19999      0.19999     0.199991     0.199991     0.199992     0.199992     0.199992     0.199993     0.199993     0.199993     0.199994     0.199994     0.199994     0.199995     0.199995     0.199995     0.199995     0.199996     0.199997          0.2     0.200014
 -0.00360881  -0.00335895  -0.00312743  -0.00291302  -0.00271458  -0.00253105  -0.00236146   -0.0022049  -0.00206055  -0.00192765  -0.00180551  -0.00169347  -0.00159097  -0.00149744  -0.00141233  -0.00133483   -0.0012631  -0.00119105   -0.0010956 -0.000886722 -0.000209977   0.00233212    0.0122518    0.0247842    0.0379752    0.0513298     0.064723    0.0781234    0.0915235     0.104921     0.118317     0.131709     0.145091     0.158443     0.171674      0.18443     0.195314     0.198816       0.1997     0.199921     0.199974     0.199985     0.199986     0.199984     0.199983     0.199981      0.19998     0.199979     0.199978     0.199977     0.199977     0.199977     0.199977     0.199977     0.199977     0.199977     0.199978     0.199978     0.199978     0.199979     0.199979      0.19998     0.199981     0.199981     0.199982     0.199982     0.199983     0.199984     0.199984     0.199985     0.199986     0.199986     0.199987     0.199987     0.199988     0.199988     0.199989     0.199989      0.19999      0.19999     0.199991     0.199991     0.199992     0.199992     0.199992     0.199993     0.199993     0.199993     0.199994     0.199994     0.199994     0.199995     0.199995     0.199995     0.199995     0.199996     0.199996     0.199997          0.2     0.200013
 -0.00328841    -0.003044  -0.00283096  -0.00263717  -0.00245882  -0.00229426  -0.00214242  -0.00200247  -0.00187366   -0.0017553  -0.00164679  -0.00154756  -0.00145707  -0.00137477  -0.00129989  -0.00123064  -0.00116104  -0.00106849 -0.000864788 -0.000202644   0.00228724    0.0120059    0.0244863    0.0376631    0.0510133    0.0644045    0.0778037    0.0912026       0.1046     0.117994     0.131385     0.144767     0.158119     0.171352     0.184121     0.195055     0.198756      0.19969     0.199923     0.199979      0.19999     0.199991     0.199989     0.199987     0.199985     0.199984     0.199982     0.199981      0.19998      0.19998     0.199979     0.199979     0.199979     0.199979     0.199979     0.199979      0.19998      0.19998      0.19998     0.199981     0.199981     0.199982     0.199982     0.199983     0.199983     0.199984     0.199984     0.199985     0.199986     0.199986     0.199987     0.199987     0.199988     0.199988     0.199989     0.199989      0.19999      0.19999     0.199991     0.199991     0.199992     0.199992     0.199992     0.199993     0.199993     0.199993     0.199994     0.199994     0.199994     0.199995     0.199995     0.199995     0.199995     0.199996     0.199996     0.199996     0.199996     0.199997          0.2     0.200012
 -0.00296808  -0.00274117  -0.00254885  -0.00237551  -0.00221651  -0.00207009  -0.00193522  -0.00181114  -0.00169718  -0.00159275  -0.00149731  -0.00141034  -0.00133131  -0.00125948  -0.00119309   -0.0011263  -0.00103699  -0.00083877 -0.000191516   0.00224588    0.0117633    0.0241914    0.0373539    0.0506994    0.0640885    0.0774862    0.0908839      0.10428     0.117673     0.131064     0.144445     0.157797     0.171032     0.183813     0.194797     0.198697      0.19968     0.199926     0.199985     0.199996     0.199997     0.199995     0.199992      0.19999     0.199988     0.199986     0.199985     0.199984     0.199983     0.199982     0.199982     0.199982     0.199981     0.199981     0.199981     0.199982     0.199982     0.199982     0.199982     0.199983     0.199983     0.199984     0.199984     0.199984     0.199985     0.199985     0.199986     0.199986     0.199987     0.199987     0.199988     0.199988     0.199989     0.199989      0.19999      0.19999     0.199991     0.199991     0.199991     0.199992     0.199992     0.199993     0.199993     0.199993     0.199994     0.199994     0.199994     0.199994     0.199995     0.199995     0.199995     0.199995     0.199996     0.199996     0.199996     0.199996     0.199997     0.199998          0.2     0.200011
 -0.00274117  -0.00254885  -0.00237551  -0.00221651  -0.00207009  -0.00193522  -0.00181114  -0.00169718  -0.00159275  -0.00149731  -0.00141034  -0.00133131  -0.00125948  -0.00119309  -0.00112629  -0.00103699  -0.00083877 -0.000191516   0.00224588    0.0117633    0.0241914    0.0373539    0.0506994    0.0640885    0.0774862    0.0908839      0.10428     0.117673     0.131064     0.144445     0.157797     0.171032     0.183813     0.194797     0.198697      0.19968     0.199926     0.199985     0.199996     0.199997     0.199995     0.199992      0.19999     0.199988     0.199986     0.199985     0.199984     0.199983     0.199982     0.199982     0.199982     0.199981     0.199981     0.199981     0.199982     0.199982     0.199982     0.199982     0.199983     0.199983     0.199984     0.199984     0.199984     0.199985     0.199985     0.199986     0.199986     0.199987     0.199987     0.199988     0.199988     0.199989     0.199989      0.19999      0.19999     0.199991     0.199991     0.199991     0.199992     0.199992     0.199993     0.199993     0.199993     0.199994     0.199994     0.199994     0.199994     0.199995     0.199995     0.199995     0.199995     0.199996     0.199996     0.199996     0.199996     0.199997     0.199997     0.199998          0.2      0.20001
 -0.00254885  -0.00237551  -0.00221651  -0.00207009  -0.00193522  -0.00181114  -0.00169718  -0.00159275  -0.00149731  -0.00141034  -0.00133131  -0.00125948  -0.00119309  -0.00112629  -0.00103699 -0.000838769 -0.000191515   0.00224588    0.0117633    0.0241914    0.0373539    0.0506994    0.0640885    0.0774862    0.0908839      0.10428     0.117673     0.131064     0.144445     0.157797     0.171032     0.183813     0.194797     0.198697      0.19968     0.199926     0.199985     0.199996     0.199997     0.199995     0.199992      0.19999     0.199988     0.199986     0.199985     0.199984     0.199983     0.199982     0.199982     0.199982     0.199981     0.199981     0.199981     0.199982     0.199982     0.199982     0.199982     0.199983     0.199983     0.199984     0.199984     0.199984     0.199985     0.199985     0.199986     0.199986     0.199987     0.199987     0.199988     0.199988     0.199989     0.199989      0.19999      0.19999     0.199991     0.199991     0.199991     0.199992     0.199992     0.199993     0.199993     0.199993     0.199994     0.199994     0.199994     0.199995     0.199995     0.199995     0.199995     0.199996     0.199996     0.199996     0.199996     0.199996     0.199997     0.199997     0.199997     0.199998          0.2      0.20001
 -0.00237551  -0.00221651  -0.00207008  -0.00193521  -0.00181113  -0.00169718  -0.00159275  -0.00149731  -0.00141034  -0.00133131  -0.00125948  -0.00119309  -0.00112629  -0.00103699 -0.000838769 -0.000191515   0.00224588    0.0117633    0.0241914    0.0373539    0.0506994    0.0640885    0.0774862    0.0908839      0.10428     0.117673     0.131064     0.144445     0.157797     0.171032     0.183813     0.194797     0.198697      0.19968     0.199926     0.199985     0.199996     0.199997     0.199995     0.199992      0.19999     0.199988     0.199986     0.199985     0.199984     0.199983     0.199982     0.199982     0.199982     0.199981     0.199981     0.199981     0.199982     0.199982     0.199982     0.199982     0.199983     0.199983     0.199984     0.199984     0.199984     0.199985     0.199985     0.199986     0.199986     0.199987     0.199987     0.199988     0.199988     0.199989     0.199989      0.19999      0.19999     0.199991     0.199991     0.199991     0.199992     0.199992     0.199993     0.199993     0.199993     0.199994     0.199994     0.199994     0.199995     0.199995     0.199995     0.199995     0.199996     0.199996     0.199996     0.199996     0.199996     0.199997     0.199997     0.199997     0.199997     0.199998          0.2     0.200009
 -0.00221651  -0.00207008  -0.00193521  -0.00181113  -0.00169718  -0.00159275  -0.00149731  -0.00141034  -0.00133131  -0.00125948  -0.00119309  -0.00112629  -0.00103699 -0.000838768 -0.000191514   0.00224588    0.0117633    0.0241914    0.0373539    0.0506994    0.0640885    0.0774862    0.0908839      0.10428     0.117673     0.131064     0.144445     0.157797     0.171032     0.183813     0.194797     0.198697      0.19968     0.199926     0.199985     0.199996     0.199997     0.199995     0.199992      0.19999     0.199988     0.199986     0.199985     0.199984     0.199983     0.199982     0.199982     0.199982     0.199981     0.199981     0.199981     0.199982     0.199982     0.199982     0.199982     0.199983     0.199983     0.199984     0.199984     0.199984     0.199985     0.199985     0.199986     0.199986     0.199987     0.199987     0.199988     0.199988     0.199989     0.199989      0.19999      0.19999     0.199991     0.199991     0.199991     0.199992     0.199992     0.199993     0.199993     0.199993     0.199994     0.199994     0.199994     0.199995     0.199995     0.199995     0.199995     0.199996     0.199996     0.199996     0.199996     0.199996     0.199997     0.199997     0.199997     0.199997     0.199997     0.199998          0.2     0.200008
 -0.00207008  -0.00193521  -0.00181113  -0.00169718  -0.00159275  -0.00149731  -0.00141034  -0.00133131  -0.00125948  -0.00119309  -0.00112629  -0.00103699 -0.000838768 -0.000191514   0.00224588    0.0117633    0.0241914    0.0373539    0.0506994    0.0640885    0.0774862    0.0908839      0.10428     0.117673     0.131064     0.144445     0.157797     0.171032     0.183813     0.194797     0.198697      0.19968     0.199926     0.199985     0.199996     0.199997     0.199995     0.199992      0.19999     0.199988     0.199986     0.199985     0.199984     0.199983     0.199982     0.199982     0.199982     0.199981     0.199981     0.199981     0.199982     0.199982     0.199982     0.199982     0.199983     0.199983     0.199984     0.199984     0.199984     0.199985     0.199985     0.199986     0.199986     0.199987     0.199987     0.199988     0.199988     0.199989     0.199989      0.19999      0.19999     0.199991     0.199991     0.199992     0.199992     0.199992     0.199993     0.199993     0.199993     0.199994     0.199994     0.199994     0.199995     0.199995     0.199995     0.199995     0.199996     0.199996     0.199996     0.199996     0.199996     0.199997     0.199997     0.199997     0.199997     0.199997     0.199997     0.199998          0.2     0.200008
 -0.00193521  -0.00181113  -0.00169718  -0.00159275  -0.00149731  -0.00141034  -0.00133131  -0.00125948  -0.00119308  -0.00112629  -0.00103699 -0.000838767 -0.000191513   0.00224588    0.0117633    0.0241914    0.0373539    0.0506994    0.0640885    0.0774862    0.0908839      0.10428     0.117673     0.131064     0.144445     0.157797     0.171032     0.183813     0.194797     0.198697      0.19968     0.199926     0.199985     0.199996     0.199997     0.199995     0.199992      0.19999     0.199988     0.199986     0.199985     0.199984     0.199983     0.199982     0.199982     0.199982     0.199981     0.199981     0.199981     0.199982     0.199982     0.199982     0.199982     0.199983     0.199983     0.199984     0.199984     0.199984     0.199985     0.199985     0.199986     0.199986     0.199987     0.199987     0.199988     0.199988     0.199989     0.199989      0.19999      0.19999     0.199991     0.199991     0.199992     0.199992     0.199992     0.199993     0.199993     0.199993     0.199994     0.199994     0.199994     0.199995     0.199995     0.199995     0.199995     0.199996     0.199996     0.199996     0.199996     0.199996     0.199997     0.199997     0.199997     0.199997     0.199997     0.199997     0.199998     0.199998          0.2     0.200007
 -0.00181113  -0.00169718  -0.00159275  -0.00149731  -0.00141033  -0.00133131  -0.00125947  -0.00119308  -0.00112629  -0.00103699 -0.000838767 -0.000191513   0.00224588    0.0117633    0.0241914    0.0373539    0.0506994    0.0640885    0.0774862    0.0908839      0.10428     0.117673     0.131064     0.144445     0.157797     0.171032     0.183813     0.194797     0.198697      0.19968     0.199926     0.199985     0.199996     0.199997     0.199995     0.199992      0.19999     0.199988     0.199986     0.199985     0.199984     0.199983     0.199982     0.199982     0.199982     0.199981     0.199981     0.199981     0.199982     0.199982     0.199982     0.199982     0.199983     0.199983     0.199984     0.199984     0.199984     0.199985     0.199985     0.199986     0.199986     0.199987     0.199987     0.199988     0.199988     0.199989     0.199989      0.19999      0.19999     0.199991     0.199991     0.199992     0.199992     0.199992     0.199993     0.199993     0.199993     0.199994     0.199994     0.199994     0.199995     0.199995     0.199995     0.199995     0.199996     0.199996     0.199996     0.199996     0.199996     0.199997     0.199997     0.199997     0.199997     0.199997     0.199997     0.199998     0.199998     0.199998          0.2     0.200007
 -0.00169718  -0.00159275   -0.0014973  -0.00141033  -0.00133131  -0.00125947  -0.00119308  -0.00112629  -0.00103698 -0.000838766 -0.000191512   0.00224588    0.0117633    0.0241914    0.0373539    0.0506994    0.0640885    0.0774862    0.0908839      0.10428     0.117673     0.131064     0.144445     0.157797     0.171032     0.183813     0.194797     0.198697      0.19968     0.199926     0.199985     0.199996     0.199997     0.199995     0.199992      0.19999     0.199988     0.199986     0.199985     0.199984     0.199983     0.199982     0.199982     0.199982     0.199981     0.199981     0.199981     0.199982     0.199982     0.199982     0.199982     0.199983     0.199983     0.199984     0.199984     0.199984     0.199985     0.199985     0.199986     0.199986     0.199987     0.199987     0.199988     0.199988     0.199989     0.199989      0.19999      0.19999     0.199991     0.199991     0.199992     0.199992     0.199992     0.199993     0.199993     0.199993     0.199994     0.199994     0.199994     0.199995     0.199995     0.199995     0.199995     0.199996     0.199996     0.199996     0.199996     0.199996     0.199997     0.199997     0.199997     0.199997     0.199997     0.199997     0.199998     0.199998     0.199998     0.199998          0.2     0.200006
 -0.00188703  -0.00184537  -0.00175271  -0.00165428  -0.00156083  -0.00147339  -0.00138649   -0.0012772  -0.00105545 -0.000366742   0.00218648    0.0121165    0.0246584    0.0378583    0.0512213    0.0646222    0.0780297    0.0914364     0.104841     0.118242     0.131639     0.145027     0.158383     0.171618     0.184378     0.195266     0.198771     0.199658     0.199882     0.199938     0.199952     0.199955     0.199956     0.199956     0.199956     0.199957     0.199957     0.199958     0.199959      0.19996     0.199961     0.199962     0.199963     0.199964     0.199965     0.199966     0.199968     0.199969      0.19997     0.199971     0.199972     0.199973     0.199975     0.199976     0.199977     0.199978     0.199979      0.19998     0.199981     0.199982     0.199982     0.199983     0.199984     0.199985     0.199986     0.199986     0.199987     0.199988     0.199988     0.199989      0.19999      0.19999     0.199991     0.199991     0.199992     0.199992     0.199992     0.199993     0.199993     0.199994     0.199994     0.199994     0.199995     0.199995     0.199995     0.199995     0.199996     0.199996     0.199996     0.199996     0.199997     0.199997     0.199997     0.199997     0.199997     0.199997     0.199998     0.199998          0.2     0.200005
 -0.00200374  -0.00194002  -0.00183853  -0.00173463  -0.00163552  -0.00153714  -0.00141644  -0.00118157 -0.000470871   0.00214143    0.0122788    0.0248787    0.0380983    0.0514708    0.0648784    0.0782917    0.0917035     0.105112     0.118518     0.131919     0.145311     0.158669     0.171904     0.184655     0.195495     0.198804     0.199643     0.199856     0.199911     0.199926     0.199931     0.199933     0.199935     0.199937     0.199938      0.19994     0.199942     0.199944     0.199946     0.199948      0.19995     0.199952     0.199954     0.199956     0.199958      0.19996     0.199961     0.199963     0.199965     0.199966     0.199968     0.199969     0.199971     0.199972     0.199974     0.199975     0.199976     0.199977     0.199978      0.19998     0.199981     0.199982     0.199983     0.199984     0.199984     0.199985     0.199986     0.199987     0.199987     0.199988     0.199989     0.199989      0.19999     0.199991     0.199991     0.199992     0.199992     0.199992     0.199993     0.199993     0.199994     0.199994     0.199994     0.199995     0.199995     0.199995     0.199996     0.199996     0.199996     0.199996     0.199996     0.199997     0.199997     0.199997     0.199997     0.199997     0.199998     0.199998          0.2     0.200005
0.00484189 0.00618292 0.00615517 0.00580541 0.00539849 0.00500531  0.0046639 0.00446807 0.00477827  0.0070184    0.01681  0.0290886  0.0420097  0.0551049  0.0682549  0.0814288  0.0946183   0.107821   0.121034   0.134257   0.147483   0.160688    0.17378   0.186397   0.197114   0.200308    0.20104   0.201155   0.201117   0.201047   0.200972   0.200901   0.200834   0.200772   0.200715   0.200662   0.200613   0.200567   0.200525   0.200486    0.20045   0.200416   0.200385   0.200357    0.20033   0.200306   0.200283   0.200262   0.200242   0.200224   0.200208   0.200192   0.200178   0.200165   0.200152   0.200141   0.200131   0.200121   0.200112   0.200103   0.200096   0.200089   0.200082   0.200076    0.20007   0.200065    0.20006   0.200056   0.200051   0.200048   0.200044   0.200041   0.200038   0.200035   0.200032    0.20003   0.200028   0.200026   0.200024   0.200022    0.20002   0.200019   0.200017   0.200016   0.200015   0.200014   0.200013   0.200012   0.200011    0.20001   0.200009   0.200009   0.200008   0.200007   0.200007   0.200006   0.200006   0.200006   0.200006   0.200009
 0.0049274 0.00467031 0.00434627 0.00402881  0.0037553 0.00361317 0.00393594 0.00604003  0.0151219   0.026687   0.038891   0.051266  0.0636929   0.076141  0.0886021   0.101074   0.113554   0.126042   0.138532   0.151001   0.163365   0.175289   0.185456   0.188668   0.189418   0.189548   0.189526   0.189469   0.189407   0.189348   0.189292    0.18924   0.189192   0.189148   0.189107   0.189069   0.189034   0.189002   0.188972   0.188944   0.188918   0.188894   0.188872   0.188852   0.188833   0.188815   0.188799   0.188784   0.188771   0.188758   0.188746   0.188735   0.188725   0.188715   0.188707   0.188699   0.188691   0.188684   0.188678   0.188672   0.188667   0.188662   0.188657   0.188653   0.188649   0.188645   0.188642   0.188639   0.188636   0.188633   0.188631   0.188628   0.188626   0.188624   0.188622   0.188621   0.188619   0.188618   0.188616   0.188615   0.188614   0.188613   0.188612   0.188611    0.18861   0.188609   0.188609   0.188608   0.188607   0.188607   0.188606   0.188606   0.188605   0.188605   0.188605   0.188604   0.188604   0.188604   0.188604   0.188607
 0.011493 0.0124156 0.0119649 0.0112376 0.0105796 0.0103565 0.0117677 0.0194927 0.0298412 0.0408847 0.0521326 0.0634584 0.0748286 0.0862328 0.0976671  0.109129  0.120615  0.132118  0.143619  0.155039  0.166077  0.175545  0.178764   0.17942  0.179439  0.179306  0.179145  0.178986  0.178836  0.178697  0.178567  0.178446  0.178335  0.178231  0.178135  0.178046  0.177963  0.177886  0.177815  0.177749  0.177687  0.177631  0.177578  0.177529  0.177483  0.177441  0.177402  0.177366  0.177332  0.177301  0.177272  0.177245   0.17722  0.177197  0.177176  0.177156  0.177137   0.17712  0.177104  0.177089  0.177076  0.177063  0.177051   0.17704   0.17703  0.177021  0.177012  0.177004  0.176996   0.17699  0.176983  0.176977  0.176971  0.176966  0.176962  0.176957  0.176953  0.176949  0.176946  0.176942  0.176939  0.176936  0.176934  0.176931  0.176929  0.176927  0.176925  0.176923  0.176921   0.17692  0.176918  0.176917  0.176916  0.176915  0.176914  0.176913  0.176912  0.176911   0.17691   0.17691
0.0198918 0.0208068 0.0199322 0.0187714 0.0179611 0.0186882 0.0253148 0.0344153 0.0441973 0.0542027 0.0643118 0.0744911 0.0847291 0.0950201   0.10536  0.115744  0.126164  0.136601   0.14698   0.15702  0.165617  0.168424  0.168864  0.168724  0.168454  0.168169  0.167895  0.167638  0.167399  0.167177  0.166971   0.16678  0.166603  0.166438  0.166285  0.166143  0.166011  0.165888  0.165775  0.165669  0.165571   0.16548  0.165396  0.165317  0.165244  0.165177  0.165114  0.165056  0.165002  0.164952  0.164905  0.164862  0.164821  0.164784  0.164749  0.164717  0.164687   0.16466  0.164634   0.16461  0.164588  0.164567  0.164548   0.16453  0.164514  0.164499  0.164484  0.164471  0.164459  0.164448  0.164437  0.164427  0.164418   0.16441  0.164402  0.164395  0.164388  0.164382  0.164376   0.16437  0.164365  0.164361  0.164356  0.164352  0.164348  0.164345  0.164342  0.164339  0.164336  0.164333  0.164331  0.164329  0.164327  0.164325  0.164323  0.164321   0.16432  0.164318  0.164316  0.164313
0.0290444 0.0296728 0.0283423 0.0269495 0.0269168 0.0323443 0.0400931 0.0485134 0.0571812 0.0659837 0.0748872 0.0838787 0.0929503  0.102096   0.11131  0.120582  0.129893  0.139172  0.148159  0.155836  0.158194  0.158388  0.158061   0.15763  0.157196  0.156786  0.156402  0.156046  0.155714  0.155407  0.155121  0.154856  0.154609  0.154381  0.154168  0.153971  0.153787  0.153617  0.153459  0.153312  0.153176  0.153049  0.152932  0.152823  0.152721  0.152627   0.15254  0.152459  0.152383  0.152313  0.152248  0.152188  0.152131  0.152079  0.152031  0.151986  0.151944  0.151905  0.151869  0.151836  0.151805  0.151776  0.151749  0.151724  0.151701   0.15168   0.15166  0.151641  0.151624  0.151608  0.151593   0.15158  0.151567  0.151555  0.151544  0.151534  0.151524  0.151515  0.151507    0.1515  0.151492  0.151486   0.15148  0.151474  0.151469  0.151464  0.151459  0.151455  0.151451  0.151448  0.151444  0.151441  0.151438  0.151435  0.151433   0.15143  0.151428  0.151426  0.151423  0.151416
0.0380563  0.038249 0.0366565  0.035924  0.040157 0.0465514 0.0536083 0.0609396 0.0684395 0.0760744 0.0838291 0.0916939 0.0996606  0.107721  0.115865   0.12407  0.132273   0.14023  0.147003  0.148907   0.14884  0.148312  0.147703  0.147108  0.146548  0.146025   0.14554  0.145088  0.144669   0.14428  0.143919  0.143583  0.143271  0.142981  0.142712  0.142462   0.14223  0.142014  0.141814  0.141628  0.141455  0.141295  0.141146  0.141007  0.140879  0.140759  0.140648  0.140545  0.140449   0.14036  0.140278  0.140201   0.14013  0.140064  0.140002  0.139945  0.139892  0.139843  0.139797  0.139754  0.139715  0.139678  0.139644  0.139612  0.139583  0.139556   0.13953  0.139507  0.139485  0.139465  0.139446  0.139428  0.139412  0.139397  0.139383   0.13937  0.139357  0.139346  0.139336  0.139326  0.139317  0.139308  0.139301  0.139293  0.139287   0.13928  0.139275  0.139269  0.139264  0.139259  0.139255  0.139251  0.139247  0.139244  0.139241  0.139238  0.139235  0.139232  0.139227  0.139218
0.0499837 0.0504894 0.0493381 0.0520425 0.0565891 0.0617648 0.0672506 0.0729549 0.0788448 0.0849027 0.0911158 0.0974725  0.103962  0.110572  0.117279  0.124023  0.130587  0.136137  0.137405  0.136956  0.136127  0.135252  0.134413  0.133626  0.132894  0.132214  0.131581  0.130994  0.130449  0.129942  0.129471  0.129034  0.128628   0.12825    0.1279  0.127574  0.127272  0.126991  0.126729  0.126487  0.126262  0.126053  0.125858  0.125678   0.12551  0.125354  0.125209  0.125075   0.12495  0.124834  0.124726  0.124626  0.124533  0.124446  0.124366  0.124291  0.124222  0.124158  0.124098  0.124042  0.123991  0.123943  0.123898  0.123857  0.123818  0.123783  0.123749  0.123719   0.12369  0.123663  0.123639  0.123616  0.123594  0.123574  0.123556  0.123539  0.123523  0.123508  0.123495  0.123482   0.12347  0.123459  0.123449  0.123439   0.12343  0.123422  0.123414  0.123407  0.123401  0.123395  0.123389  0.123384  0.123379  0.123374   0.12337  0.123366  0.123362  0.123358  0.123352  0.123339
0.0584402 0.0586263 0.0606991 0.0640963 0.0680259 0.0722734 0.0767714 0.0814908 0.0864132 0.0915236 0.0968084  0.102254  0.107847  0.113564  0.119346  0.124992  0.129733  0.130567  0.129846  0.128798  0.127729  0.126711  0.125759  0.124874   0.12405  0.123286  0.122575  0.121915  0.121302  0.120732  0.120203  0.119712  0.119255  0.118831  0.118437  0.118071  0.117731  0.117415  0.117121  0.116849  0.116595   0.11636  0.116141  0.115938   0.11575  0.115574  0.115411   0.11526   0.11512  0.114989  0.114868  0.114755   0.11465  0.114553  0.114463  0.114379  0.114301  0.114228  0.114161  0.114098   0.11404  0.113986  0.113936   0.11389  0.113846  0.113806  0.113769  0.113734  0.113702  0.113672  0.113644  0.113618  0.113594  0.113572  0.113551  0.113532  0.113514  0.113497  0.113481  0.113467  0.113454  0.113441   0.11343  0.113419  0.113409    0.1134  0.113391  0.113383  0.113376  0.113369  0.113363  0.113357  0.113351  0.113346  0.113341  0.113337  0.113332  0.113328  0.113321  0.113305
   -0.145193    -0.148029    -0.140457    -0.130272    -0.119445    -0.108477   -0.0974911   -0.0865183    -0.075565   -0.0646319     -0.05372   -0.0428367   -0.0320145   -0.0213866   -0.0114821  -0.00439243  -0.00249391  -0.00191846  -0.00168502  -0.00154448  -0.00143324  -0.00133482  -0.00124468  -0.00116134  -0.00108411  -0.00101256   -0.0009463 -0.000884997 -0.000828347 -0.000776068 -0.000727905 -0.000683622 -0.000643006  -0.00060586  -0.00057201 -0.000541296 -0.000513571 -0.000488688 -0.000466443 -0.000446369 -0.000426911 -0.000402172 -0.000349085 -0.000176817  0.000472839   0.00301285   0.00904847    0.0159687    0.0231119    0.0303104    0.0375219     0.044736    0.0519499    0.0591631    0.0663754    0.0735853    0.0807872    0.0879583     0.095008     0.101578     0.106256     0.107437     0.107732     0.107803     0.107817     0.107817     0.107815     0.107811     0.107808     0.107805     0.107803       0.1078     0.107798     0.107796     0.107795     0.107793     0.107792     0.107791      0.10779     0.107789     0.107788     0.107788     0.107787     0.107787     0.107786     0.107786     0.107786     0.107786     0.107785     0.107785     0.107785     0.107785     0.107785     0.107785     0.107785     0.107785     0.107786     0.107788     0.107798     0.107835
   -0.147884    -0.140286    -0.130103    -0.119287    -0.108329   -0.0973533   -0.0863903    -0.075446   -0.0645213   -0.0536173   -0.0427412   -0.0319257   -0.0213041   -0.0114054  -0.00432114  -0.00242762  -0.00185681  -0.00162769  -0.00149114   -0.0013836  -0.00128862  -0.00120166  -0.00112126  -0.00104676 -0.000977729 -0.000913796  -0.00085464 -0.000799968 -0.000749509 -0.000703018 -0.000660266 -0.000621048 -0.000585176 -0.000552481 -0.000522809 -0.000496018 -0.000471966 -0.000450458 -0.000431044 -0.000412228  -0.00038834 -0.000337202 -0.000171481  0.000453229   0.00289545   0.00869858    0.0153523    0.0222202    0.0291415    0.0360752    0.0430113    0.0499473    0.0568827    0.0638171    0.0707492    0.0776737    0.0845685    0.0913466    0.0976638     0.102162     0.103297     0.103581     0.103649     0.103662     0.103663      0.10366     0.103657     0.103654     0.103651     0.103649     0.103646     0.103644     0.103643     0.103641      0.10364     0.103639     0.103638     0.103637     0.103636     0.103635     0.103635     0.103634     0.103634     0.103633     0.103633     0.103633     0.103632     0.103632     0.103632     0.103632     0.103632     0.103632     0.103632     0.103632     0.103632     0.103632     0.103632     0.103635     0.103643     0.103677
   -0.139735    -0.129452    -0.118646    -0.107724   -0.0967893   -0.0858656   -0.0749583   -0.0640681   -0.0531961   -0.0423498    -0.031562    -0.020966   -0.0110911  -0.00402901  -0.00215603  -0.00160428  -0.00139284   -0.0012727  -0.00118038   -0.0010995  -0.00102561 -0.000957324 -0.000894039 -0.000835376 -0.000781031 -0.000730731 -0.000684228 -0.000641297 -0.000601728 -0.000565332 -0.000531935 -0.000501379 -0.000473522 -0.000448235 -0.000425398 -0.000404893 -0.000386552 -0.000369993 -0.000353932 -0.000333506 -0.000289684 -0.000147522  0.000388535   0.00248431   0.00746429    0.0131742     0.019068    0.0250074    0.0309577    0.0369099    0.0428621    0.0488138    0.0547646    0.0607135    0.0666558    0.0725726    0.0783893    0.0838104    0.0876703    0.0886447     0.088888    0.0889464    0.0889582    0.0889585    0.0889562    0.0889535    0.0889509    0.0889486    0.0889464    0.0889446    0.0889429    0.0889414    0.0889401     0.088939     0.088938    0.0889371    0.0889363    0.0889357    0.0889351    0.0889346    0.0889342    0.0889338    0.0889335    0.0889332     0.088933    0.0889329    0.0889327    0.0889326    0.0889325    0.0889325    0.0889324    0.0889324    0.0889324    0.0889324    0.0889324    0.0889325     0.088933    0.0889348    0.0889417    0.0889689
   -0.128967    -0.118073    -0.107161   -0.0962582   -0.0853701   -0.0744974   -0.0636397    -0.052798   -0.0419798   -0.0312181   -0.0206464   -0.0107941  -0.00375291  -0.00189937  -0.00136565  -0.00117095  -0.00106634 -0.000988433 -0.000920915 -0.000859414 -0.000802606 -0.000749954 -0.000701135 -0.000655895 -0.000614012 -0.000575282 -0.000539519 -0.000506555 -0.000476232 -0.000448408 -0.000422956 -0.000399759 -0.000378711 -0.000359715 -0.000342673 -0.000327447  -0.00031371 -0.000300355 -0.000283179 -0.000245724 -0.000123159  0.000340187   0.00215284   0.00646055    0.0113997     0.016498    0.0216358     0.026783    0.0319319    0.0370808    0.0422292     0.047377     0.052523    0.0576634    0.0627818    0.0678135    0.0725031    0.0758421    0.0766849    0.0768953    0.0769457    0.0769559    0.0769561    0.0769541    0.0769517    0.0769494    0.0769473    0.0769454    0.0769438    0.0769423     0.076941    0.0769398    0.0769388    0.0769379    0.0769372    0.0769365    0.0769359    0.0769354    0.0769349    0.0769346    0.0769342     0.076934    0.0769337    0.0769335    0.0769334    0.0769333    0.0769332    0.0769331     0.076933     0.076933     0.076933     0.076933     0.076933     0.076933     0.076933    0.0769331    0.0769335    0.0769349    0.0769405    0.0769626
   -0.117552    -0.106545   -0.0956522   -0.0847986   -0.0739642   -0.0631436   -0.0523369   -0.0415513   -0.0308199   -0.0202763   -0.0104502  -0.00343323  -0.00160221  -0.00108941 -0.000914115 -0.000827511 -0.000766315 -0.000714298 -0.000667173 -0.000623691 -0.000583387 -0.000546004 -0.000511351  -0.00047926 -0.000449581 -0.000422175 -0.000396918 -0.000373693 -0.000352396 -0.000332932 -0.000315216 -0.000299171 -0.000284726 -0.000271808 -0.000260309 -0.000249962 -0.000239842 -0.000226409 -0.000195776 -9.32335e-05  0.000297008   0.00182616   0.00546127    0.0096294    0.0139319    0.0182678    0.0226116     0.026957    0.0313023    0.0356473    0.0399918    0.0443349    0.0486731    0.0529929    0.0572396    0.0611974    0.0640154    0.0647266     0.064904    0.0649463    0.0649547    0.0649548    0.0649529    0.0649507    0.0649487    0.0649468    0.0649452    0.0649437    0.0649423    0.0649412    0.0649401    0.0649392    0.0649384    0.0649377     0.064937    0.0649365     0.064936    0.0649356    0.0649352    0.0649349    0.0649347    0.0649345    0.0649343    0.0649341     0.064934    0.0649339    0.0649338    0.0649338    0.0649337    0.0649337    0.0649337    0.0649336    0.0649336    0.0649337    0.0649337    0.0649338    0.0649341    0.0649352    0.0649397    0.0649572
   -0.106124   -0.0951548   -0.0843094   -0.0735028   -0.0627132   -0.0519365   -0.0411792   -0.0304741   -0.0199549   -0.0101515  -0.00315561  -0.00134417 -0.000849539 -0.000691121 -0.000620179 -0.000573516 -0.000534984 -0.000500366 -0.000468483  -0.00043893  -0.00041151 -0.000386083 -0.000362531  -0.00034075 -0.000320644 -0.000302126 -0.000285115  -0.00026954 -0.000255337 -0.000242446 -0.000230816   -0.0002204 -0.000211147 -0.000202976 -0.000195667 -0.000188433 -0.000178233 -0.000153114  -6.5956e-05  0.000269114   0.00158533    0.0047157   0.00830527    0.0120107    0.0157449     0.019486    0.0232285     0.026971    0.0307132    0.0344551    0.0381957    0.0419323     0.045653    0.0493107    0.0527197    0.0551468    0.0557591    0.0559116    0.0559479    0.0559549    0.0559547    0.0559529    0.0559509     0.055949    0.0559472    0.0559456    0.0559442    0.0559429    0.0559418    0.0559408    0.0559399    0.0559391    0.0559384    0.0559378    0.0559373    0.0559368    0.0559364     0.055936    0.0559357    0.0559355    0.0559352     0.055935    0.0559349    0.0559347    0.0559346    0.0559345    0.0559344    0.0559344    0.0559343    0.0559343    0.0559343    0.0559342    0.0559342    0.0559342    0.0559342    0.0559343    0.0559345    0.0559355    0.0559391    0.0559532
  -0.0946004   -0.0835832    -0.072704   -0.0618691   -0.0510565   -0.0402697   -0.0295476   -0.0190517  -0.00942404  -0.00320019  -0.00156812  -0.00110378 -0.000938919 -0.000853218 -0.000790607 -0.000736678 -0.000687593 -0.000642212 -0.000600086 -0.000560956  -0.00052462 -0.000490901 -0.000459639 -0.000430685 -0.000403904 -0.000379169 -0.000356368 -0.000335393 -0.000316149  -0.00029855 -0.000282512 -0.000267955 -0.000254766 -0.000242697 -0.000230928 -0.000216382 -0.000187032 -9.55437e-05  0.000244723   0.00156996   0.00422522   0.00721691    0.0102932    0.0133904    0.0164924    0.0195951    0.0226977    0.0257999    0.0289015    0.0320019     0.035098     0.038178    0.0411947    0.0439615    0.0457423    0.0461923     0.046305    0.0463324    0.0463383    0.0463388    0.0463382    0.0463373    0.0463365    0.0463357    0.0463351    0.0463346    0.0463341    0.0463337    0.0463334    0.0463331    0.0463329    0.0463327    0.0463326    0.0463325    0.0463324    0.0463324    0.0463324    0.0463324    0.0463324    0.0463324    0.0463325    0.0463325    0.0463326    0.0463327    0.0463327    0.0463328    0.0463329     0.046333    0.0463331    0.0463332    0.0463333    0.0463333    0.0463334    0.0463335    0.0463336    0.0463337     0.046334    0.0463348    0.0463377     0.046349
  -0.0830382   -0.0720877   -0.0612968   -0.0505528   -0.0398357   -0.0291762   -0.0187233  -0.00907407   -0.0025867 -0.000924938 -0.000487535 -0.000361514  -0.00031538 -0.000290396 -0.000271625 -0.000255237 -0.000240218 -0.000226274 -0.000213293 -0.000201215 -0.000189992 -0.000179585 -0.000169958 -0.000161079 -0.000152917 -0.000145448 -0.000138646 -0.000132493  -0.00012697 -0.000122061 -0.000117745 -0.000113979  -0.00011062 -0.000107119 -0.000101329 -8.47701e-05 -2.39918e-05  0.000212982   0.00114679   0.00314475    0.0054121    0.0077474    0.0100996    0.0124559     0.014813    0.0171702    0.0195272     0.021884      0.02424    0.0265931     0.028935    0.0312321    0.0333526     0.034776    0.0351348     0.035224     0.035245    0.0352489    0.0352486    0.0352474     0.035246    0.0352447    0.0352435    0.0352425    0.0352415    0.0352407      0.03524    0.0352393    0.0352387    0.0352382    0.0352377    0.0352373     0.035237    0.0352366    0.0352364    0.0352361    0.0352359    0.0352357    0.0352356    0.0352355    0.0352354    0.0352353    0.0352352    0.0352351    0.0352351     0.035235     0.035235     0.035235     0.035235     0.035235    0.0352349    0.0352349    0.0352349     0.035235     0.035235     0.035235    0.0352352    0.0352357    0.0352377    0.0352459
  -0.0714603    -0.060597   -0.0499149   -0.0392866   -0.0287119   -0.0183166  -0.00862872  -0.00174044 -2.89297e-05  0.000372892  0.000445137  0.000436075  0.000408472  0.000378076   0.00034873  0.000321271  0.000295782  0.000272165  0.000250286  0.000230009  0.000211203  0.000193747  0.000177529  0.000162442   0.00014839   0.00013528  0.000123026  0.000111547   0.00010077  9.06275e-05  8.10713e-05  7.21138e-05  6.39961e-05  5.78526e-05  5.83326e-05  8.39448e-05  0.000207863  0.000718899   0.00194517   0.00335287   0.00480665   0.00627224   0.00774094   0.00921056    0.0106805    0.0121508    0.0136211    0.0150912      0.01656    0.0180228     0.019461    0.0208014    0.0217552    0.0219942    0.0220522    0.0220646    0.0220656    0.0220639    0.0220617    0.0220595    0.0220575    0.0220556    0.0220538    0.0220523    0.0220508    0.0220495    0.0220483    0.0220472    0.0220462    0.0220452    0.0220444    0.0220436    0.0220429    0.0220423    0.0220417    0.0220412    0.0220407    0.0220402    0.0220398    0.0220395    0.0220391    0.0220388    0.0220385    0.0220383    0.0220381    0.0220379    0.0220377    0.0220375    0.0220373    0.0220372    0.0220371    0.0220369    0.0220368    0.0220367    0.0220367    0.0220366    0.0220366    0.0220368     0.022038    0.0220428
  -0.0591868   -0.0481074   -0.0373462   -0.0267263   -0.0163819   -0.0070537  -0.00171769 -0.000372856   -3.905e-05  3.91314e-05  5.31232e-05   5.1398e-05  4.61914e-05  4.05578e-05  3.52275e-05  3.03456e-05  2.59121e-05  2.18932e-05  1.82492e-05  1.49414e-05  1.19335e-05   9.1921e-06  6.68599e-06  4.38643e-06  2.26664e-06  3.01726e-07 -1.53145e-06 -3.25399e-06 -4.88332e-06 -6.42611e-06 -7.84993e-06 -8.97082e-06 -9.00941e-06 -4.83948e-06  1.59215e-05  0.000102169   0.00044683    0.0010499   0.00171845   0.00240358    0.0030929   0.00378327   0.00447391   0.00516462   0.00585535   0.00654605   0.00723653     0.007926   0.00861132   0.00928012    0.0098835    0.0102285    0.0103152    0.0103365    0.0103412    0.0103418    0.0103415    0.0103409    0.0103403    0.0103398    0.0103393    0.0103389    0.0103385    0.0103382    0.0103379    0.0103376    0.0103373    0.0103371    0.0103369    0.0103368    0.0103366    0.0103365    0.0103364    0.0103363    0.0103362    0.0103361     0.010336     0.010336    0.0103359    0.0103359    0.0103359    0.0103358    0.0103358    0.0103358    0.0103358    0.0103358    0.0103358    0.0103357    0.0103357    0.0103357    0.0103357    0.0103357    0.0103357    0.0103357    0.0103358    0.0103358    0.0103358     0.010336    0.0103367    0.0103394
  -0.0476395   -0.0368334    -0.026265   -0.0159701  -0.00660166 -0.000864741  0.000529459  0.000827232   0.00085119  0.000809561  0.000754847  0.000700096  0.000648371  0.000600225  0.000555589  0.000514253  0.000475985   0.00044056  0.000407769  0.000377416  0.000349321  0.000323316  0.000299247   0.00027697  0.000256352  0.000237271  0.000219611  0.000203269  0.000188145  0.000174149   0.00016119   0.00014917  0.000137927  0.000127043  0.000115068  9.64694e-05  6.97551e-05  4.14267e-05   1.3099e-05 -1.48491e-05 -4.23502e-05 -6.94135e-05 -9.60657e-05 -0.000122336 -0.000148251 -0.000173832 -0.000199081 -0.000223932 -0.000248054 -0.000270079 -0.000284549 -0.000290041 -0.000293121 -0.000295464 -0.000297503 -0.000299358 -0.000301066 -0.000302644 -0.000304105 -0.000305456 -0.000306706 -0.000307863 -0.000308934 -0.000309925 -0.000310841  -0.00031169 -0.000312475 -0.000313201 -0.000313873 -0.000314495 -0.000315071 -0.000315603 -0.000316096 -0.000316552 -0.000316973 -0.000317364 -0.000317725 -0.000318059 -0.000318368 -0.000318654 -0.000318919 -0.000319164 -0.000319391 -0.000319601 -0.000319795 -0.000319974 -0.000320141 -0.000320295 -0.000320438  -0.00032057 -0.000320692 -0.000320805  -0.00032091 -0.000321007 -0.000321097 -0.000321178 -0.000321246 -0.000321281 -0.000321203 -0.000320691
  -0.0371912   -0.0267347   -0.0164587   -0.0069707 -0.000632357  0.000891191   0.00120028   0.00120717   0.00114268   0.00106496  0.000988386  0.000916277  0.000849167  0.000786908    0.0007292  0.000675725  0.000626177  0.000580268  0.000537732  0.000498324  0.000461814  0.000427991  0.000396658  0.000367633  0.000340749  0.000315849  0.000292789  0.000271433  0.000251652   0.00023331  0.000216219  0.000199952  0.000183129  0.000160573  0.000112119  2.35223e-05 -7.46206e-05   -0.0001746 -0.000274507 -0.000373896 -0.000472694 -0.000570915 -0.000668595 -0.000765768 -0.000862452   -0.0009586  -0.00105392  -0.00114714  -0.00123322  -0.00129208  -0.00130958  -0.00131641  -0.00132036  -0.00132342   -0.0013261  -0.00132855  -0.00133081   -0.0013329  -0.00133484  -0.00133663   -0.0013383  -0.00133984  -0.00134128   -0.0013426  -0.00134383  -0.00134497  -0.00134603  -0.00134701  -0.00134792  -0.00134876  -0.00134954  -0.00135027  -0.00135094  -0.00135156  -0.00135214  -0.00135267  -0.00135317  -0.00135363  -0.00135405  -0.00135445  -0.00135482  -0.00135515  -0.00135547  -0.00135576  -0.00135603  -0.00135628  -0.00135652  -0.00135673  -0.00135693  -0.00135712  -0.00135729  -0.00135745   -0.0013576  -0.00135774  -0.00135786  -0.00135798  -0.00135809  -0.00135817  -0.00135821  -0.00135804
  -0.0271143   -0.0169206  -0.00735397 -0.000561531   0.00106522    0.0013894   0.00138982   0.00131414   0.00122471   0.00113692    0.0010543  0.000977412  0.000906061  0.000839906  0.000778582  0.000721742  0.000669059  0.000620231  0.000574976  0.000533035  0.000494166  0.000458146  0.000424767  0.000393838  0.000365181   0.00033863  0.000314031  0.000291239  0.000270103  0.000250423  0.000231782   0.00021287  0.000188829  0.000140796   4.7356e-05 -5.68707e-05 -0.000163162 -0.000269357 -0.000374955  -0.00047987 -0.000584122 -0.000687751 -0.000790798 -0.000893286 -0.000995179  -0.00109621  -0.00119521  -0.00128744  -0.00135418   -0.0013741  -0.00138194  -0.00138652  -0.00139008  -0.00139321  -0.00139607   -0.0013987  -0.00140115  -0.00140342  -0.00140552  -0.00140747  -0.00140927  -0.00141095   -0.0014125  -0.00141394  -0.00141528  -0.00141652  -0.00141767  -0.00141874  -0.00141973  -0.00142064  -0.00142149  -0.00142228  -0.00142301  -0.00142369  -0.00142432  -0.00142491  -0.00142545  -0.00142595  -0.00142642  -0.00142685  -0.00142725  -0.00142762  -0.00142796  -0.00142828  -0.00142858  -0.00142885  -0.00142911  -0.00142935  -0.00142957  -0.00142977  -0.00142996  -0.00143014   -0.0014303  -0.00143045  -0.00143059  -0.00143072  -0.00143084  -0.00143094    -0.001431  -0.00143094
  -0.0169087  -0.00733994 -0.000547723   0.00107824   0.00140155   0.00140112   0.00132465   0.00123447   0.00114599   0.00106274  0.000985253   0.00091335  0.000846682  0.000784883  0.000727602  0.000674509  0.000625301  0.000579694  0.000537426  0.000498255  0.000461954  0.000428316  0.000397147  0.000368268  0.000341513  0.000316725  0.000293758  0.000272458  0.000252618  0.000233789   0.00021454  0.000189546   0.00013809  3.66553e-05 -7.67188e-05 -0.000192444  -0.00030814  -0.00042325 -0.000537676 -0.000651435 -0.000764566  -0.00087711 -0.000989088  -0.00110046  -0.00121092  -0.00131919  -0.00142007  -0.00149296  -0.00151446  -0.00152272  -0.00152741  -0.00153101  -0.00153416  -0.00153704  -0.00153969  -0.00154215  -0.00154443  -0.00154654   -0.0015485  -0.00155032    -0.001552  -0.00155357  -0.00155502  -0.00155636  -0.00155761  -0.00155876  -0.00155984  -0.00156083  -0.00156176  -0.00156261  -0.00156341  -0.00156414  -0.00156482  -0.00156546  -0.00156605  -0.00156659   -0.0015671  -0.00156757    -0.001568   -0.0015684  -0.00156878  -0.00156912  -0.00156945  -0.00156975  -0.00157002  -0.00157028  -0.00157052  -0.00157074  -0.00157094  -0.00157114  -0.00157131  -0.00157148  -0.00157163  -0.00157177   -0.0015719  -0.00157202  -0.00157213  -0.00157223   -0.0015723  -0.00157226
 -0.00707059 -0.000506064   0.00106407   0.00137498   0.00137305    0.0012977   0.00120922   0.00112248   0.00104089   0.00096495  0.000894491  0.000829165  0.000768613   0.00071249  0.000660475  0.000612268  0.000567592   0.00052619  0.000487824  0.000452273  0.000419331   0.00038881  0.000360534   0.00033434  0.000310076  0.000287595  0.000266743    0.0002473  0.000228763  0.000209474  0.000183209  0.000125697  1.65976e-05 -0.000104863 -0.000228795  -0.00035274 -0.000476122 -0.000598837 -0.000720898 -0.000842345 -0.000963215  -0.00108353  -0.00120322  -0.00132194  -0.00143817  -0.00154581  -0.00162072  -0.00164265  -0.00165094  -0.00165557   -0.0016591  -0.00166217  -0.00166497  -0.00166756  -0.00166995  -0.00167217  -0.00167423  -0.00167613   -0.0016779  -0.00167955  -0.00168107  -0.00168248  -0.00168379  -0.00168501  -0.00168613  -0.00168718  -0.00168815  -0.00168905  -0.00168988  -0.00169065  -0.00169137  -0.00169204  -0.00169265  -0.00169323  -0.00169376  -0.00169425  -0.00169471  -0.00169513  -0.00169552  -0.00169589  -0.00169622  -0.00169654  -0.00169683   -0.0016971  -0.00169735  -0.00169758   -0.0016978    -0.001698  -0.00169818  -0.00169835  -0.00169851  -0.00169866   -0.0016988  -0.00169893  -0.00169905  -0.00169916  -0.00169926  -0.00169934   -0.0016994  -0.00169937
-0.000494952   0.00107721   0.00138791   0.00138524   0.00130908   0.00121981   0.00113232   0.00105003  0.000973448  0.000902389  0.000836507  0.000775438  0.000718836  0.000666376  0.000617756  0.000572698   0.00053094  0.000492245  0.000456388  0.000423163  0.000392381  0.000363862  0.000337444  0.000312972  0.000290297  0.000269261  0.000249623  0.000230805  0.000210863  0.000182433  0.000116764  3.39504e-07 -0.000128229 -0.000259208 -0.000390179 -0.000520577   -0.0006503 -0.000779363 -0.000907805  -0.00103567  -0.00116296   -0.0012896  -0.00141517  -0.00153786  -0.00165044  -0.00172427  -0.00174596   -0.0017542  -0.00175885  -0.00176239  -0.00176548   -0.0017683  -0.00177091  -0.00177332  -0.00177555  -0.00177763  -0.00177955  -0.00178133  -0.00178299  -0.00178452  -0.00178595  -0.00178727  -0.00178849  -0.00178963  -0.00179068  -0.00179166  -0.00179257  -0.00179341  -0.00179419  -0.00179491  -0.00179558   -0.0017962  -0.00179678  -0.00179732  -0.00179781  -0.00179827   -0.0017987   -0.0017991  -0.00179947  -0.00179981  -0.00180012  -0.00180042  -0.00180069  -0.00180094  -0.00180118  -0.00180139  -0.00180159  -0.00180178  -0.00180196  -0.00180212  -0.00180227  -0.00180241  -0.00180253  -0.00180265  -0.00180277  -0.00180287  -0.00180296  -0.00180305   -0.0018031  -0.00180309
  0.00108659     0.001399   0.00139614   0.00131936    0.0012294   0.00114125   0.00105833  0.000981161  0.000909557  0.000843169  0.000781631  0.000724593  0.000671728  0.000622733  0.000577326  0.000535245  0.000496249  0.000460114  0.000426632   0.00039561  0.000366871  0.000340248  0.000315586  0.000292739  0.000271547  0.000251787  0.000232938  0.000213287  0.000186388   0.00012711  6.91795e-06 -0.000127987 -0.000265946 -0.000404056 -0.000541627 -0.000678528 -0.000814767  -0.00095038  -0.00108541  -0.00121987   -0.0013537  -0.00148653  -0.00161679  -0.00173816  -0.00182564  -0.00185079  -0.00185994  -0.00186482  -0.00186844  -0.00187156   -0.0018744  -0.00187702  -0.00187944  -0.00188169  -0.00188378  -0.00188571  -0.00188751  -0.00188917  -0.00189071  -0.00189215  -0.00189348  -0.00189471  -0.00189585  -0.00189691   -0.0018979  -0.00189881  -0.00189965  -0.00190044  -0.00190117  -0.00190184  -0.00190247  -0.00190305  -0.00190359  -0.00190409  -0.00190455  -0.00190498  -0.00190538  -0.00190575   -0.0019061  -0.00190642  -0.00190671  -0.00190699  -0.00190724  -0.00190748   -0.0019077   -0.0019079  -0.00190809  -0.00190826  -0.00190843  -0.00190858  -0.00190872  -0.00190885  -0.00190897  -0.00190908  -0.00190918  -0.00190928  -0.00190937  -0.00190945  -0.00190951  -0.00190951
  0.00140316   0.00140107   0.00132421   0.00123397   0.00114551   0.00106229  0.000984849  0.000912986  0.000846356  0.000784593  0.000727346  0.000674288  0.000625113  0.000579538  0.000537303  0.000498164  0.000461895   0.00042829  0.000397154  0.000368308  0.000341587  0.000316834  0.000293903  0.000272633  0.000252797  0.000233868    0.0002141  0.000186925  0.000126727  4.41965e-06   -0.0001329 -0.000273348 -0.000413962  -0.00055404 -0.000693445 -0.000832186   -0.0009703  -0.00110782  -0.00124478   -0.0013811  -0.00151641   -0.0016491  -0.00177275  -0.00186184  -0.00188742  -0.00189668   -0.0019016  -0.00190523  -0.00190837  -0.00191122  -0.00191384  -0.00191628  -0.00191853  -0.00192063  -0.00192257  -0.00192437  -0.00192604  -0.00192759  -0.00192902  -0.00193036  -0.00193159  -0.00193274  -0.00193381  -0.00193479  -0.00193571  -0.00193656  -0.00193735  -0.00193808  -0.00193876  -0.00193938  -0.00193997  -0.00194051  -0.00194101  -0.00194148  -0.00194191  -0.00194231  -0.00194268  -0.00194303  -0.00194335  -0.00194364  -0.00194392  -0.00194417  -0.00194441  -0.00194463  -0.00194484  -0.00194502   -0.0019452  -0.00194536  -0.00194551  -0.00194566  -0.00194579  -0.00194591  -0.00194602  -0.00194612  -0.00194622  -0.00194631  -0.00194639  -0.00194647  -0.00194652  -0.00194653
  0.00141737   0.00134349   0.00125293    0.0011634   0.00107898   0.00100037  0.000927417  0.000859769  0.000797059  0.000738934  0.000685059  0.000635127  0.000588849  0.000545961  0.000506216  0.000469386   0.00043526  0.000403641  0.000374347  0.000347211  0.000322075  0.000298787  0.000277185  0.000257033  0.000237772  0.000217543   0.00018933  0.000125754 -4.27166e-06 -0.000150398 -0.000299917  -0.00044966  -0.00059887 -0.000747402 -0.000895259  -0.00104248   -0.0011891  -0.00133514  -0.00148053  -0.00162486  -0.00176642  -0.00189833  -0.00199333  -0.00202044  -0.00203012  -0.00203519  -0.00203889  -0.00204208  -0.00204497  -0.00204763   -0.0020501  -0.00205239  -0.00205451  -0.00205648  -0.00205831  -0.00206001  -0.00206158  -0.00206304  -0.00206439  -0.00206565  -0.00206681  -0.00206789  -0.00206889  -0.00206982  -0.00207069  -0.00207149  -0.00207223  -0.00207292  -0.00207356  -0.00207415   -0.0020747  -0.00207521  -0.00207568  -0.00207612  -0.00207653  -0.00207691  -0.00207726  -0.00207758  -0.00207789  -0.00207817  -0.00207843  -0.00207867  -0.00207889   -0.0020791  -0.00207929  -0.00207947  -0.00207964  -0.00207979  -0.00207993  -0.00208007  -0.00208019   -0.0020803  -0.00208041  -0.00208051   -0.0020806  -0.00208068  -0.00208076  -0.00208083  -0.00208089  -0.00208092
  0.00136456   0.00127786   0.00118791    0.0011021   0.00102194  0.000947484  0.000878424  0.000814399   0.00075505  0.000700039  0.000649052  0.000601795  0.000557999   0.00051741  0.000479798  0.000444945  0.000412653  0.000382735  0.000355021  0.000329348  0.000305563  0.000283498  0.000262906  0.000243192  0.000222357  0.000192848   0.00012517 -1.41675e-05  -0.00017091 -0.000331361 -0.000492101 -0.000652313 -0.000811835 -0.000970667  -0.00112885  -0.00128642  -0.00144339   -0.0015997  -0.00175489  -0.00190711  -0.00204896  -0.00215106  -0.00218003  -0.00219024  -0.00219549  -0.00219929  -0.00220255   -0.0022055  -0.00220822  -0.00221074  -0.00221307  -0.00221524  -0.00221725  -0.00221911  -0.00222084  -0.00222245  -0.00222394  -0.00222532   -0.0022266  -0.00222779   -0.0022289  -0.00222992  -0.00223087  -0.00223175  -0.00223257  -0.00223333  -0.00223403  -0.00223469  -0.00223529  -0.00223586  -0.00223638  -0.00223686  -0.00223731  -0.00223773  -0.00223811  -0.00223847  -0.00223881  -0.00223912   -0.0022394  -0.00223967  -0.00223992  -0.00224014  -0.00224036  -0.00224055  -0.00224074  -0.00224091  -0.00224106  -0.00224121  -0.00224135  -0.00224147  -0.00224159   -0.0022417   -0.0022418  -0.00224189  -0.00224198  -0.00224206  -0.00224214   -0.0022422  -0.00224226  -0.00224231
  0.00130135   0.00121569   0.00112943   0.00104772  0.000971531  0.000900795  0.000835195   0.00077438  0.000718006  0.000665752   0.00061732  0.000572432  0.000530831  0.000492278  0.000456553  0.000423451  0.000392784  0.000364373  0.000338056  0.000313673  0.000291051  0.000269931   0.00024968  0.000228156  0.000197248  0.000125267 -2.37659e-05 -0.000191551 -0.000363369  -0.00053554 -0.000707184 -0.000878124  -0.00104836  -0.00121792  -0.00138686  -0.00155519  -0.00172282  -0.00188928  -0.00205257  -0.00220474  -0.00231421  -0.00234512   -0.0023559  -0.00236135  -0.00236527   -0.0023686  -0.00237163  -0.00237441  -0.00237699  -0.00237939  -0.00238161  -0.00238367  -0.00238558  -0.00238735    -0.002389  -0.00239053  -0.00239195  -0.00239326  -0.00239448  -0.00239561  -0.00239666  -0.00239764  -0.00239854  -0.00239938  -0.00240016  -0.00240088  -0.00240156  -0.00240218  -0.00240276  -0.00240329  -0.00240379  -0.00240425  -0.00240468  -0.00240508  -0.00240544  -0.00240579   -0.0024061   -0.0024064  -0.00240667  -0.00240693  -0.00240716  -0.00240738  -0.00240758  -0.00240777  -0.00240795  -0.00240811  -0.00240826   -0.0024084  -0.00240853  -0.00240865  -0.00240876  -0.00240886  -0.00240896  -0.00240905  -0.00240913  -0.00240921  -0.00240928  -0.00240935  -0.00240941  -0.00240947
   0.0012349   0.00115214   0.00107006  0.000992608   0.00092046   0.00085349  0.000791387  0.000733814  0.000680446  0.000630978  0.000585128  0.000542635  0.000503254   0.00046676  0.000432946  0.000401616  0.000372592  0.000345706  0.000320795  0.000297682  0.000276098   0.00025538  0.000233277  0.000201255  0.000125959 -3.04854e-05 -0.000206703 -0.000387194 -0.000568087  -0.00074845 -0.000928097  -0.00110702  -0.00128527  -0.00146287  -0.00163984   -0.0018161  -0.00199114  -0.00216287  -0.00232288  -0.00243797  -0.00247038  -0.00248159  -0.00248722  -0.00249123  -0.00249464  -0.00249773  -0.00250058  -0.00250321  -0.00250566  -0.00250793  -0.00251003  -0.00251199   -0.0025138  -0.00251548  -0.00251704  -0.00251849  -0.00251984  -0.00252109  -0.00252224  -0.00252332  -0.00252431  -0.00252524   -0.0025261   -0.0025269  -0.00252763  -0.00252832  -0.00252896  -0.00252955   -0.0025301  -0.00253061  -0.00253108  -0.00253152  -0.00253192   -0.0025323  -0.00253265  -0.00253298  -0.00253328  -0.00253356  -0.00253382  -0.00253406  -0.00253428  -0.00253449  -0.00253468  -0.00253486  -0.00253503  -0.00253518  -0.00253533  -0.00253546  -0.00253558   -0.0025357   -0.0025358   -0.0025359  -0.00253599  -0.00253608  -0.00253616  -0.00253623   -0.0025363  -0.00253637  -0.00253643   -0.0025365
  0.00117036    0.0010916   0.00101379  0.000940443  0.000872135  0.000808733  0.000749939  0.000695433  0.000644909  0.000598078  0.000554673  0.000514446  0.000477168  0.000442624  0.000410619  0.000380968    0.0003535  0.000328049  0.000304434  0.000282377  0.000261187  0.000238519  0.000205464  0.000127198 -3.58192e-05 -0.000219506 -0.000407678 -0.000596289 -0.000784367 -0.000971714  -0.00115833  -0.00134424   -0.0015295  -0.00171412  -0.00189799  -0.00208061  -0.00225978  -0.00242674  -0.00254679  -0.00258053  -0.00259214  -0.00259793  -0.00260204  -0.00260553  -0.00260868  -0.00261159  -0.00261429  -0.00261679  -0.00261911  -0.00262126  -0.00262326  -0.00262511  -0.00262683  -0.00262843  -0.00262991  -0.00263128  -0.00263256  -0.00263374  -0.00263484  -0.00263586  -0.00263681  -0.00263769   -0.0026385  -0.00263926  -0.00263996  -0.00264061  -0.00264122  -0.00264178   -0.0026423  -0.00264279  -0.00264323  -0.00264365  -0.00264404   -0.0026444  -0.00264473  -0.00264504  -0.00264533  -0.00264559  -0.00264584  -0.00264607  -0.00264628  -0.00264648  -0.00264666  -0.00264683  -0.00264699  -0.00264714  -0.00264727   -0.0026474  -0.00264752  -0.00264763  -0.00264773  -0.00264782  -0.00264791  -0.00264799  -0.00264806  -0.00264813   -0.0026482  -0.00264826  -0.00264833  -0.00264841
  0.00110926   0.00103467  0.000960981  0.000891507  0.000826808  0.000766755  0.000711066   0.00065944  0.000611584  0.000567228  0.000526118  0.000488019  0.000452715  0.000420003  0.000389697  0.000361621  0.000335606  0.000311466  0.000288915  0.000267238  0.000244003  0.000209963  0.000128973 -4.00129e-05 -0.000230471 -0.000425602 -0.000621203 -0.000816265  -0.00101058  -0.00120415    -0.001397  -0.00158918   -0.0017807  -0.00197147  -0.00216094  -0.00234683  -0.00252006   -0.0026446  -0.00267955  -0.00269154  -0.00269748  -0.00270169  -0.00270526  -0.00270849  -0.00271147  -0.00271422  -0.00271678  -0.00271915  -0.00272135   -0.0027234  -0.00272529  -0.00272705  -0.00272869   -0.0027302  -0.00273161  -0.00273292  -0.00273413  -0.00273525   -0.0027363  -0.00273727  -0.00273817    -0.002739  -0.00273978   -0.0027405  -0.00274116  -0.00274178  -0.00274236  -0.00274289  -0.00274339  -0.00274385  -0.00274427  -0.00274467  -0.00274504  -0.00274538   -0.0027457  -0.00274599  -0.00274626  -0.00274652  -0.00274675  -0.00274697  -0.00274717  -0.00274736  -0.00274753   -0.0027477  -0.00274785  -0.00274799  -0.00274812  -0.00274824  -0.00274835  -0.00274845  -0.00274855  -0.00274864  -0.00274872   -0.0027488  -0.00274887  -0.00274894    -0.002749  -0.00274906  -0.00274912  -0.00274921
  0.00105041  0.000979595  0.000909815  0.000844077  0.000782868  0.000726057  0.000673375  0.000624537  0.000579268   0.00053731  0.000498424  0.000462389  0.000428999  0.000398063  0.000369403  0.000342846  0.000318201  0.000295177  0.000273037  0.000249276  0.000214369  0.000131073 -4.29001e-05 -0.000239009 -0.000439941 -0.000641369 -0.000842248  -0.00104237  -0.00124172  -0.00144034  -0.00163829  -0.00183555  -0.00203205  -0.00222721  -0.00241869  -0.00259712   -0.0027254  -0.00276136  -0.00277368  -0.00277977  -0.00278407  -0.00278772  -0.00279102  -0.00279406  -0.00279688  -0.00279949  -0.00280191  -0.00280416  -0.00280625  -0.00280819  -0.00280999  -0.00281166  -0.00281321  -0.00281465  -0.00281598  -0.00281722  -0.00281837  -0.00281944  -0.00282043  -0.00282135   -0.0028222    -0.002823  -0.00282373  -0.00282442  -0.00282505  -0.00282564  -0.00282618  -0.00282669  -0.00282716   -0.0028276    -0.002828  -0.00282838  -0.00282873  -0.00282905  -0.00282935  -0.00282963  -0.00282989  -0.00283013  -0.00283036  -0.00283056  -0.00283076  -0.00283094   -0.0028311  -0.00283126   -0.0028314  -0.00283153  -0.00283165  -0.00283177  -0.00283188  -0.00283197  -0.00283207  -0.00283215  -0.00283223   -0.0028323  -0.00283237  -0.00283243  -0.00283249  -0.00283255  -0.00283262  -0.00283271
 0.000992012  0.000924501  0.000858522  0.000796492  0.000738769  0.000685202  0.000635532  0.000589488  0.000546809  0.000507254  0.000470598  0.000436632  0.000405161  0.000376004  0.000348986  0.000323913  0.000300486  0.000277956  0.000253762  0.000218175  0.000133149 -4.45189e-05 -0.000244805 -0.000450024 -0.000655752 -0.000860925  -0.00106533  -0.00126894  -0.00147182  -0.00167401  -0.00187551  -0.00207622  -0.00227557  -0.00247116  -0.00265342  -0.00278445  -0.00282118  -0.00283374  -0.00283995  -0.00284433  -0.00284805  -0.00285141   -0.0028545  -0.00285737  -0.00286003   -0.0028625  -0.00286479  -0.00286692  -0.00286889  -0.00287072  -0.00287242    -0.002874  -0.00287547  -0.00287683  -0.00287809  -0.00287926  -0.00288035  -0.00288136   -0.0028823  -0.00288317  -0.00288398  -0.00288473  -0.00288542  -0.00288607  -0.00288667  -0.00288722  -0.00288774  -0.00288822  -0.00288867  -0.00288908  -0.00288946  -0.00288982  -0.00289015  -0.00289046  -0.00289074    -0.002891  -0.00289125  -0.00289148  -0.00289169  -0.00289189  -0.00289207  -0.00289224  -0.00289239  -0.00289254  -0.00289268   -0.0028928  -0.00289292  -0.00289303  -0.00289313  -0.00289322  -0.00289331  -0.00289339  -0.00289346  -0.00289353   -0.0028936  -0.00289366  -0.00289371  -0.00289377  -0.00289383  -0.00289393
 0.000930885  0.000866071  0.000803918  0.000745774  0.000691738  0.000641613  0.000595141  0.000552064  0.000512138  0.000475138  0.000440852  0.000409085  0.000379654   0.00035238  0.000327069   0.00030342  0.000280675  0.000256249  0.000220313  0.000134436 -4.50167e-05 -0.000247318 -0.000454602 -0.000662402 -0.000869641   -0.0010761  -0.00128177   -0.0014867  -0.00169092  -0.00189445  -0.00209718  -0.00229854  -0.00249611  -0.00268021  -0.00281256  -0.00284966  -0.00286235  -0.00286862  -0.00287304   -0.0028768  -0.00288019  -0.00288332  -0.00288621   -0.0028889  -0.00289139  -0.00289371  -0.00289586  -0.00289785   -0.0028997  -0.00290142  -0.00290301  -0.00290449  -0.00290587  -0.00290714  -0.00290833  -0.00290943  -0.00291045  -0.00291139  -0.00291227  -0.00291309  -0.00291385  -0.00291455   -0.0029152  -0.00291581  -0.00291637  -0.00291689  -0.00291738  -0.00291783  -0.00291824  -0.00291863  -0.00291899  -0.00291933  -0.00291964  -0.00291992  -0.00292019  -0.00292044  -0.00292067  -0.00292088  -0.00292108  -0.00292127  -0.00292144   -0.0029216  -0.00292174  -0.00292188  -0.00292201  -0.00292213  -0.00292224  -0.00292234  -0.00292243  -0.00292252   -0.0029226  -0.00292268  -0.00292275  -0.00292281  -0.00292287  -0.00292293  -0.00292298  -0.00292303  -0.00292309  -0.00292319
 0.000865177   0.00080286  0.000744733  0.000690756  0.000640697  0.000594288  0.000551271  0.000511402  0.000474454  0.000440216  0.000408494  0.000379103  0.000351868  0.000326594  0.000302978  0.000280265  0.000255873  0.000219986  0.000134224 -4.49935e-05 -0.000247029 -0.000454042 -0.000661569 -0.000868537  -0.00107473  -0.00128013  -0.00148478  -0.00168874    -0.001892  -0.00209447  -0.00229557  -0.00249288  -0.00267674  -0.00280892  -0.00284596  -0.00285864   -0.0028649  -0.00286932  -0.00287306  -0.00287645  -0.00287957  -0.00288246  -0.00288515  -0.00288764  -0.00288995  -0.00289209  -0.00289408  -0.00289593  -0.00289765  -0.00289924  -0.00290072  -0.00290209  -0.00290336  -0.00290455  -0.00290564  -0.00290666  -0.00290761  -0.00290848   -0.0029093  -0.00291006  -0.00291076  -0.00291141  -0.00291201  -0.00291258   -0.0029131  -0.00291358  -0.00291403  -0.00291445  -0.00291483  -0.00291519  -0.00291553  -0.00291584  -0.00291612  -0.00291639  -0.00291664  -0.00291687  -0.00291708  -0.00291728  -0.00291746  -0.00291763  -0.00291779  -0.00291794  -0.00291808   -0.0029182  -0.00291832  -0.00291843  -0.00291853  -0.00291863  -0.00291871   -0.0029188  -0.00291887  -0.00291894  -0.00291901  -0.00291907  -0.00291912  -0.00291918  -0.00291922  -0.00291927  -0.00291933  -0.00291941
 0.000793543  0.000733713  0.000679918  0.000630473  0.000584749  0.000542396  0.000503151  0.000466784  0.000433087  0.000401867  0.000372942   0.00034614  0.000321267  0.000298028  0.000275674  0.000251658  0.000216288  0.000131667 -4.52339e-05 -0.000244669 -0.000449022 -0.000653886 -0.000858201  -0.00106175  -0.00126452  -0.00146656  -0.00166791  -0.00186858  -0.00206847    -0.002267   -0.0024618  -0.00264332  -0.00277381  -0.00281036  -0.00282286  -0.00282902  -0.00283337  -0.00283705  -0.00284038  -0.00284345  -0.00284629  -0.00284893  -0.00285138  -0.00285365  -0.00285576  -0.00285771  -0.00285953  -0.00286122  -0.00286278  -0.00286423  -0.00286558  -0.00286683    -0.002868  -0.00286907  -0.00287007    -0.002871  -0.00287187  -0.00287267  -0.00287341   -0.0028741  -0.00287474  -0.00287533  -0.00287588   -0.0028764  -0.00287687  -0.00287731  -0.00287772   -0.0028781  -0.00287845  -0.00287878  -0.00287909  -0.00287937  -0.00287963  -0.00287987   -0.0028801  -0.00288031   -0.0028805  -0.00288068  -0.00288085  -0.00288101  -0.00288115  -0.00288129  -0.00288141  -0.00288153  -0.00288163  -0.00288173  -0.00288183  -0.00288191  -0.00288199  -0.00288207  -0.00288213   -0.0028822  -0.00288226  -0.00288231  -0.00288236  -0.00288241  -0.00288246   -0.0028825  -0.00288255  -0.00288262
 0.000714505    0.0006572  0.000608129  0.000563672   0.00052273  0.000484854  0.000449774  0.000417275  0.000387169  0.000359279  0.000333437  0.000309458  0.000287052  0.000265493  0.000242296  0.000208007  0.000125657 -4.67278e-05 -0.000241108 -0.000440298 -0.000639997 -0.000839171  -0.00103761   -0.0012353  -0.00143228  -0.00162859  -0.00182425  -0.00201916  -0.00221274  -0.00240269  -0.00257969  -0.00270692  -0.00274252  -0.00275464   -0.0027606  -0.00276479  -0.00276833  -0.00277153  -0.00277448  -0.00277721  -0.00277975   -0.0027821  -0.00278428  -0.00278631  -0.00278819  -0.00278993  -0.00279155  -0.00279306  -0.00279445  -0.00279575  -0.00279695  -0.00279807   -0.0027991  -0.00280006  -0.00280095  -0.00280178  -0.00280255  -0.00280326  -0.00280393  -0.00280454  -0.00280511  -0.00280564  -0.00280613  -0.00280659  -0.00280701   -0.0028074  -0.00280777  -0.00280811  -0.00280842  -0.00280871  -0.00280898  -0.00280923  -0.00280947  -0.00280968  -0.00280988  -0.00281007  -0.00281024   -0.0028104  -0.00281055  -0.00281069  -0.00281082  -0.00281094  -0.00281105  -0.00281115  -0.00281125  -0.00281134  -0.00281142   -0.0028115  -0.00281157  -0.00281163  -0.00281169  -0.00281175   -0.0028118  -0.00281185   -0.0028119  -0.00281194  -0.00281198  -0.00281202  -0.00281206  -0.00281212
 0.000627306  0.000572772  0.000528896  0.000489927  0.000454246  0.000421297  0.000390801  0.000362559  0.000336403  0.000312172  0.000289689   0.00026868  0.000248448  0.000226599  0.000194026  0.000115104  -5.0619e-05 -0.000237567 -0.000429176 -0.000621301 -0.000812942  -0.00100389  -0.00119414  -0.00138373  -0.00157269  -0.00176104  -0.00194867  -0.00213505  -0.00231794  -0.00248835  -0.00261081  -0.00264498  -0.00265653  -0.00266215  -0.00266607  -0.00266938  -0.00267236  -0.00267511  -0.00267766  -0.00268002  -0.00268221  -0.00268425  -0.00268614  -0.00268789  -0.00268951  -0.00269102  -0.00269242  -0.00269372  -0.00269493  -0.00269604  -0.00269708  -0.00269805  -0.00269894  -0.00269977  -0.00270054  -0.00270125  -0.00270192  -0.00270253   -0.0027031  -0.00270363  -0.00270413  -0.00270458  -0.00270501   -0.0027054  -0.00270577   -0.0027061  -0.00270642  -0.00270671  -0.00270698  -0.00270723  -0.00270747  -0.00270768  -0.00270788  -0.00270807  -0.00270824   -0.0027084  -0.00270855  -0.00270869  -0.00270882  -0.00270894  -0.00270905  -0.00270915  -0.00270925  -0.00270933  -0.00270942  -0.00270949  -0.00270956  -0.00270963  -0.00270969  -0.00270975   -0.0027098  -0.00270985  -0.00270989  -0.00270994  -0.00270997  -0.00271001  -0.00271004  -0.00271008  -0.00271011  -0.00271015
  0.00052962  0.000477859  0.000439728  0.000406895  0.000377114  0.000349694  0.000324342  0.000300879   0.00027915  0.000258994  0.000240155  0.000221977  0.000202193   0.00017216  9.80546e-05 -5.85272e-05 -0.000235317 -0.000416582 -0.000598383 -0.000779768 -0.000960537  -0.00114068  -0.00132023  -0.00149921  -0.00167765  -0.00185543  -0.00203205  -0.00220537  -0.00236688  -0.00248287  -0.00251505  -0.00252577  -0.00253088  -0.00253438  -0.00253733  -0.00253998  -0.00254241  -0.00254467  -0.00254677  -0.00254871  -0.00255051  -0.00255218  -0.00255373  -0.00255517   -0.0025565  -0.00255774  -0.00255889  -0.00255996  -0.00256095  -0.00256186  -0.00256272  -0.00256351  -0.00256424  -0.00256492  -0.00256555  -0.00256614  -0.00256668  -0.00256718  -0.00256765  -0.00256808  -0.00256849  -0.00256886  -0.00256921  -0.00256953  -0.00256983   -0.0025701  -0.00257036   -0.0025706  -0.00257082  -0.00257102  -0.00257121  -0.00257139  -0.00257156  -0.00257171  -0.00257185  -0.00257198   -0.0025721  -0.00257221  -0.00257232  -0.00257241   -0.0025725  -0.00257259  -0.00257267  -0.00257274   -0.0025728  -0.00257287  -0.00257292  -0.00257298  -0.00257303  -0.00257307  -0.00257312  -0.00257316  -0.00257319  -0.00257323  -0.00257326  -0.00257329  -0.00257331  -0.00257334  -0.00257336  -0.00257338
 0.000412831  0.000362817  0.000331246  0.000305756  0.000283111  0.000262395  0.000243286  0.000225615  0.000209234  0.000193915   0.00017906  0.000162582  0.000136489  6.94879e-05  -7.3962e-05 -0.000236218 -0.000402712 -0.000569791 -0.000736568 -0.000902851  -0.00106863  -0.00123392  -0.00139875  -0.00156313  -0.00172696  -0.00188976  -0.00204956  -0.00219847  -0.00230529  -0.00233457  -0.00234403  -0.00234832  -0.00235116  -0.00235351  -0.00235561  -0.00235754  -0.00235933  -0.00236098  -0.00236252  -0.00236394  -0.00236526  -0.00236649  -0.00236762  -0.00236867  -0.00236965  -0.00237055  -0.00237139  -0.00237217  -0.00237289  -0.00237356  -0.00237418  -0.00237476  -0.00237529  -0.00237579  -0.00237625  -0.00237667  -0.00237707  -0.00237743  -0.00237777  -0.00237809  -0.00237838  -0.00237865   -0.0023789  -0.00237913  -0.00237935  -0.00237955  -0.00237973   -0.0023799  -0.00238006  -0.00238021  -0.00238035  -0.00238048  -0.00238059   -0.0023807  -0.00238081   -0.0023809  -0.00238099  -0.00238107  -0.00238114  -0.00238121  -0.00238128  -0.00238134  -0.00238139  -0.00238144  -0.00238149  -0.00238154  -0.00238158  -0.00238162  -0.00238165  -0.00238168  -0.00238171  -0.00238174  -0.00238177  -0.00238179  -0.00238182  -0.00238184  -0.00238185  -0.00238187  -0.00238188  -0.00238187
 0.000274184  0.000226418  0.000202648   0.00018585  0.000171642   0.00015885  0.000147116  0.000136269  0.000126111  0.000116121  0.000104438  8.39035e-05  2.64234e-05 -9.99077e-05 -0.000243305 -0.000390671 -0.000538714 -0.000686627 -0.000834228 -0.000981493  -0.00112844  -0.00127508  -0.00142141  -0.00156733  -0.00171242   -0.0018549  -0.00198766  -0.00208269  -0.00210814  -0.00211584  -0.00211896  -0.00212083   -0.0021223   -0.0021236  -0.00212479  -0.00212588  -0.00212689  -0.00212783  -0.00212869  -0.00212949  -0.00213024  -0.00213093  -0.00213156  -0.00213215   -0.0021327   -0.0021332  -0.00213367   -0.0021341   -0.0021345  -0.00213488  -0.00213522  -0.00213554  -0.00213583  -0.00213611  -0.00213636  -0.00213659  -0.00213681  -0.00213701  -0.00213719  -0.00213737  -0.00213752  -0.00213767  -0.00213781  -0.00213793  -0.00213805  -0.00213816  -0.00213826  -0.00213835  -0.00213844  -0.00213852  -0.00213859  -0.00213866  -0.00213872  -0.00213878  -0.00213883  -0.00213888  -0.00213893  -0.00213897  -0.00213901  -0.00213905  -0.00213908  -0.00213911  -0.00213914  -0.00213917  -0.00213919  -0.00213922  -0.00213924  -0.00213926  -0.00213928  -0.00213929  -0.00213931  -0.00213932  -0.00213934  -0.00213935  -0.00213936  -0.00213937  -0.00213938  -0.00213939  -0.00213938  -0.00213932
 0.000108898  6.36535e-05   4.9136e-05  4.26802e-05  3.85176e-05  3.51603e-05    3.219e-05  2.93911e-05  2.63265e-05  2.14212e-05  8.54041e-06 -3.64595e-05 -0.000141004  -0.00026052 -0.000383719 -0.000507752 -0.000631906 -0.000756007 -0.000880023  -0.00100395  -0.00112779  -0.00125152  -0.00137506  -0.00149802  -0.00161885  -0.00173146  -0.00181171  -0.00183221  -0.00183754  -0.00183902   -0.0018395  -0.00183973  -0.00183987  -0.00183999  -0.00184009  -0.00184018  -0.00184026  -0.00184033  -0.00184039  -0.00184044  -0.00184049  -0.00184053  -0.00184057   -0.0018406  -0.00184063  -0.00184065  -0.00184067  -0.00184069  -0.00184071  -0.00184072  -0.00184073  -0.00184074  -0.00184074  -0.00184075  -0.00184075  -0.00184076  -0.00184076  -0.00184076  -0.00184076  -0.00184076  -0.00184076  -0.00184076  -0.00184075  -0.00184075  -0.00184075  -0.00184075  -0.00184074  -0.00184074  -0.00184074  -0.00184073  -0.00184073  -0.00184073  -0.00184072  -0.00184072  -0.00184072  -0.00184071  -0.00184071  -0.00184071   -0.0018407   -0.0018407   -0.0018407  -0.00184069  -0.00184069  -0.00184069  -0.00184069  -0.00184068  -0.00184068  -0.00184068  -0.00184068  -0.00184067  -0.00184067  -0.00184067  -0.00184067  -0.00184067  -0.00184067  -0.00184066  -0.00184066  -0.00184065  -0.00184063  -0.00184052
-0.000100412  -0.00014491 -0.000148183 -0.000141522 -0.000132832 -0.000124102 -0.000115879 -0.000108562 -0.000103373 -0.000105112 -0.000132796 -0.000208033 -0.000295598 -0.000386547 -0.000478595 -0.000571149 -0.000664045 -0.000757227 -0.000850669 -0.000944349  -0.00103823  -0.00113223  -0.00122601  -0.00131835   -0.0014044  -0.00146512  -0.00147885  -0.00148078  -0.00147982  -0.00147824  -0.00147658  -0.00147499   -0.0014735   -0.0014721   -0.0014708  -0.00146959  -0.00146846  -0.00146741  -0.00146642  -0.00146551  -0.00146465  -0.00146386  -0.00146312  -0.00146243  -0.00146178  -0.00146118  -0.00146062   -0.0014601  -0.00145962  -0.00145916  -0.00145874  -0.00145835  -0.00145798  -0.00145764  -0.00145732  -0.00145702  -0.00145675  -0.00145649  -0.00145625  -0.00145602  -0.00145581  -0.00145562  -0.00145544  -0.00145527  -0.00145511  -0.00145496  -0.00145483   -0.0014547  -0.00145458  -0.00145447  -0.00145437  -0.00145427  -0.00145418   -0.0014541  -0.00145402  -0.00145395  -0.00145388  -0.00145382  -0.00145376   -0.0014537  -0.00145365  -0.00145361  -0.00145356  -0.00145352  -0.00145348  -0.00145345  -0.00145341  -0.00145338  -0.00145335  -0.00145333   -0.0014533  -0.00145328  -0.00145325  -0.00145323  -0.00145322   -0.0014532  -0.00145318  -0.00145315   -0.0014531  -0.00145293
-0.000347937 -0.000388311 -0.000377712 -0.000355628 -0.000331982 -0.000309249 -0.000288169 -0.000269645 -0.000256961 -0.000263234 -0.000303378 -0.000352912 -0.000405574 -0.000459728 -0.000514911  -0.00057096 -0.000627794 -0.000685353 -0.000743583 -0.000802425 -0.000861782   -0.0009214 -0.000980395  -0.00103539  -0.00107314  -0.00107862  -0.00107621  -0.00107207  -0.00106772  -0.00106356  -0.00105966  -0.00105601  -0.00105262  -0.00104947  -0.00104653   -0.0010438  -0.00104126  -0.00103889  -0.00103669  -0.00103465  -0.00103274  -0.00103097  -0.00102932  -0.00102778  -0.00102635  -0.00102502  -0.00102379  -0.00102263  -0.00102156  -0.00102057  -0.00101964  -0.00101878  -0.00101797  -0.00101723  -0.00101653  -0.00101588  -0.00101528  -0.00101472   -0.0010142  -0.00101371  -0.00101326  -0.00101284  -0.00101245  -0.00101209  -0.00101175  -0.00101143  -0.00101114  -0.00101087  -0.00101061  -0.00101038  -0.00101016  -0.00100995  -0.00100976  -0.00100959  -0.00100942  -0.00100927  -0.00100913  -0.00100899  -0.00100887  -0.00100875  -0.00100865  -0.00100855  -0.00100845  -0.00100837  -0.00100829  -0.00100821  -0.00100814  -0.00100808  -0.00100802  -0.00100796  -0.00100791  -0.00100786  -0.00100782  -0.00100778  -0.00100774   -0.0010077  -0.00100766  -0.00100762  -0.00100753  -0.00100729
-0.000609237  -0.00063901 -0.000612638 -0.000574411 -0.000535417 -0.000498424 -0.000464429 -0.000435281 -0.000418151 -0.000421182 -0.000430745 -0.000443289  -0.00045782 -0.000474001 -0.000491666   -0.0005107 -0.000531003 -0.000552485 -0.000575056 -0.000598611 -0.000622959 -0.000647566 -0.000670522 -0.000684474 -0.000681083  -0.00067378 -0.000665935 -0.000658374 -0.000651274 -0.000644653 -0.000638492  -0.00063276  -0.00062743 -0.000622472 -0.000617861 -0.000613573 -0.000609585 -0.000605876 -0.000602426 -0.000599218 -0.000596234 -0.000593459 -0.000590878 -0.000588478 -0.000586245 -0.000584169 -0.000582238 -0.000580442 -0.000578771 -0.000577218 -0.000575773 -0.000574429 -0.000573179 -0.000572016 -0.000570935 -0.000569929 -0.000568994 -0.000568124 -0.000567315 -0.000566563 -0.000565863 -0.000565212 -0.000564606 -0.000564043 -0.000563519 -0.000563032 -0.000562579 -0.000562158 -0.000561766 -0.000561401 -0.000561062 -0.000560747 -0.000560453  -0.00056018 -0.000559927  -0.00055969 -0.000559471 -0.000559267 -0.000559077   -0.0005589 -0.000558736 -0.000558583 -0.000558441 -0.000558309 -0.000558186 -0.000558071 -0.000557965 -0.000557866 -0.000557774 -0.000557688 -0.000557609 -0.000557535 -0.000557466 -0.000557402 -0.000557342 -0.000557285 -0.000557229 -0.000557163 -0.000557048 -0.000556726
-0.000874615 -0.000891298 -0.000848491 -0.000793915 -0.000739458 -0.000688002  -0.00064042 -0.000598096 -0.000562479 -0.000530696 -0.000501869 -0.000475634 -0.000451772 -0.000430106 -0.000410478 -0.000392745 -0.000376774 -0.000362439 -0.000349619 -0.000338184 -0.000327942 -0.000318436 -0.000308136 -0.000295327 -0.000282597 -0.000270553 -0.000259302 -0.000248828 -0.000239086 -0.000230027 -0.000221604 -0.000213773 -0.000206491  -0.00019972 -0.000193425 -0.000187571 -0.000182129 -0.000177068 -0.000172363 -0.000167988  -0.00016392 -0.000160138 -0.000156621  -0.00015335  -0.00015031 -0.000147482 -0.000144853 -0.000142409 -0.000140136 -0.000138023 -0.000136057  -0.00013423 -0.000132531 -0.000130951 -0.000129482 -0.000128116 -0.000126846 -0.000125664 -0.000124566 -0.000123545 -0.000122595 -0.000121712 -0.000120891 -0.000120127 -0.000119417 -0.000118757 -0.000118143 -0.000117573 -0.000117042 -0.000116548 -0.000116089 -0.000115662 -0.000115265 -0.000114896 -0.000114553 -0.000114234 -0.000113937 -0.000113661 -0.000113404 -0.000113166 -0.000112944 -0.000112738 -0.000112546 -0.000112367 -0.000112201 -0.000112047 -0.000111903  -0.00011177 -0.000111646 -0.000111531 -0.000111423 -0.000111323 -0.000111231 -0.000111144 -0.000111064 -0.000110988 -0.000110913 -0.000110826 -0.000110679 -0.000110281
  -0.0010334  -0.00101656 -0.000959204 -0.000895279 -0.000833015 -0.000773818 -0.000716096 -0.000657611 -0.000601528 -0.000548465  -0.00049841   -0.0004512 -0.000406649 -0.000364573 -0.000324797 -0.000287161 -0.000251515 -0.000217728 -0.000185698 -0.000155424 -0.000127257 -0.000102932 -8.44408e-05 -6.82947e-05 -5.35488e-05 -3.99069e-05 -2.72413e-05 -1.54704e-05 -4.52818e-06  5.64449e-06   1.5102e-05  2.38946e-05  3.20691e-05  3.96691e-05  4.67348e-05   5.3304e-05  5.94114e-05  6.50896e-05  7.03688e-05  7.52769e-05  7.98402e-05  8.40828e-05  8.80273e-05  9.16946e-05  9.51043e-05  9.82744e-05  0.000101222  0.000103962   0.00010651  0.000108879  0.000111081  0.000113129  0.000115033  0.000116803  0.000118449  0.000119979  0.000121402  0.000122725  0.000123955  0.000125098  0.000126162   0.00012715   0.00012807  0.000128924  0.000129719  0.000130458  0.000131145  0.000131784  0.000132378   0.00013293  0.000133443  0.000133921  0.000134365  0.000134778  0.000135161  0.000135518   0.00013585  0.000136159  0.000136446  0.000136712   0.00013696  0.000137191  0.000137406  0.000137605   0.00013779  0.000137963  0.000138123  0.000138272  0.000138411   0.00013854  0.000138659  0.000138771  0.000138875  0.000138971  0.000139061  0.000139146  0.000139229  0.000139325  0.000139485  0.000139915
-0.000949804  -0.00088026 -0.000817671 -0.000759974 -0.000706327  -0.00065593 -0.000608028 -0.000563119 -0.000521165 -0.000482001  -0.00044544 -0.000411304 -0.000379422 -0.000349635 -0.000321797 -0.000295771  -0.00027143 -0.000248664 -0.000227388 -0.000207602 -0.000189619 -0.000173812 -0.000159347 -0.000145956 -0.000133522 -0.000121965 -0.000111221 -0.000101232 -9.19452e-05 -8.33107e-05 -7.52828e-05 -6.78189e-05 -6.08793e-05 -5.44272e-05 -4.84283e-05 -4.28507e-05 -3.76649e-05 -3.28434e-05 -2.83604e-05 -2.41923e-05 -2.03169e-05 -1.67136e-05 -1.33634e-05 -1.02484e-05  -7.3521e-06 -4.65918e-06 -2.15533e-06  1.72727e-07  2.33735e-06     4.35e-06  6.22137e-06  7.96138e-06  9.57925e-06  1.10836e-05  1.24823e-05  1.37828e-05  1.49921e-05  1.61165e-05   1.7162e-05  1.81341e-05   1.9038e-05  1.98785e-05    2.066e-05  2.13867e-05  2.20624e-05  2.26907e-05  2.32749e-05  2.38181e-05  2.43232e-05  2.47929e-05  2.52296e-05  2.56357e-05  2.60133e-05  2.63644e-05  2.66909e-05  2.69945e-05  2.72768e-05  2.75393e-05  2.77834e-05  2.80104e-05  2.82214e-05  2.84177e-05  2.86002e-05  2.87699e-05  2.89277e-05  2.90744e-05  2.92109e-05  2.93377e-05  2.94557e-05  2.95654e-05  2.96674e-05  2.97623e-05  2.98505e-05  2.99326e-05  3.00092e-05  3.00814e-05  3.01525e-05  3.02344e-05  3.03725e-05  3.07455e-05
-0.000410858 -0.000262744 -0.000215224 -0.000196789 -0.000197634 -0.000223125 -0.000255461 -0.000290091 -0.000325822 -0.000362318  -0.00039946 -0.000437188 -0.000475458 -0.000514229  -0.00055346  -0.00059308 -0.000632917 -0.000672367 -0.000709137 -0.000734255 -0.000737532 -0.000735485 -0.000732287 -0.000728982 -0.000725821 -0.000722857 -0.000720092 -0.000717516 -0.000715117 -0.000712884 -0.000710804 -0.000708867 -0.000707064 -0.000705385 -0.000703822 -0.000702366 -0.000701011 -0.000699749 -0.000698574 -0.000697481 -0.000696462 -0.000695514 -0.000694631 -0.000693808 -0.000693043  -0.00069233 -0.000691666 -0.000691048 -0.000690473 -0.000689937 -0.000689439 -0.000688974 -0.000688542 -0.000688139 -0.000687764 -0.000687415  -0.00068709 -0.000686788 -0.000686506 -0.000686244    -0.000686 -0.000685772  -0.00068556 -0.000685363  -0.00068518 -0.000685009  -0.00068485 -0.000684702 -0.000684564 -0.000684435 -0.000684316 -0.000684205 -0.000684101 -0.000684004 -0.000683915 -0.000683831 -0.000683753 -0.000683681 -0.000683613  -0.00068355 -0.000683492 -0.000683437 -0.000683387 -0.000683339 -0.000683295 -0.000683254 -0.000683216 -0.000683181 -0.000683148 -0.000683117 -0.000683089 -0.000683062 -0.000683037 -0.000683014 -0.000682993 -0.000682972 -0.000682951 -0.000682925 -0.000682873 -0.000682716
 0.000942642   0.00120799   0.00119289   0.00107244  0.000863069  0.000635431   0.00040713  0.000182345 -3.81294e-05 -0.000254339 -0.000466521 -0.000674949 -0.000879879  -0.00108153  -0.00128001  -0.00147502  -0.00166476  -0.00184149   -0.0019741   -0.0020272  -0.00205877  -0.00208359  -0.00210551  -0.00212557  -0.00214414  -0.00216137  -0.00217736  -0.00219222  -0.00220602  -0.00221884  -0.00223075  -0.00224182  -0.00225209  -0.00226164   -0.0022705  -0.00227874  -0.00228639   -0.0022935   -0.0023001  -0.00230624  -0.00231193  -0.00231722  -0.00232214  -0.00232671  -0.00233095  -0.00233489  -0.00233855  -0.00234195  -0.00234511  -0.00234805  -0.00235077  -0.00235331  -0.00235566  -0.00235785  -0.00235988  -0.00236176  -0.00236352  -0.00236514  -0.00236666  -0.00236806  -0.00236937  -0.00237058   -0.0023717  -0.00237275  -0.00237372  -0.00237463  -0.00237547  -0.00237624  -0.00237697  -0.00237764  -0.00237827  -0.00237885  -0.00237939  -0.00237989  -0.00238035  -0.00238079  -0.00238119  -0.00238156  -0.00238191  -0.00238223  -0.00238253  -0.00238281  -0.00238307  -0.00238331  -0.00238353  -0.00238374  -0.00238393  -0.00238411  -0.00238428  -0.00238443  -0.00238457  -0.00238471  -0.00238483  -0.00238495  -0.00238505  -0.00238516  -0.00238525  -0.00238536   -0.0023855  -0.00238584
  0.00315213   0.00347773    0.0032593   0.00277824   0.00224335   0.00170666   0.00118049  0.000667211  0.000166671 -0.000321838 -0.000799124  -0.00126596  -0.00172302  -0.00217074  -0.00260871  -0.00303336  -0.00342883  -0.00373081  -0.00386616   -0.0039551   -0.0040284  -0.00409414  -0.00415461  -0.00421065  -0.00426267  -0.00431099  -0.00435588  -0.00439759  -0.00443634  -0.00447235   -0.0045058  -0.00453688  -0.00456576  -0.00459258  -0.00461751  -0.00464067  -0.00466219  -0.00468219  -0.00470076  -0.00471802  -0.00473406  -0.00474896  -0.00476281  -0.00477567  -0.00478762  -0.00479873  -0.00480905  -0.00481864  -0.00482754  -0.00483582  -0.00484351  -0.00485066   -0.0048573  -0.00486347   -0.0048692  -0.00487453  -0.00487948  -0.00488408  -0.00488835  -0.00489232  -0.00489601  -0.00489944  -0.00490263  -0.00490559  -0.00490834  -0.00491089  -0.00491327  -0.00491548  -0.00491753  -0.00491943   -0.0049212  -0.00492285  -0.00492438   -0.0049258  -0.00492712  -0.00492834  -0.00492948  -0.00493054  -0.00493153  -0.00493244  -0.00493329  -0.00493408  -0.00493482   -0.0049355  -0.00493613  -0.00493672  -0.00493727  -0.00493778  -0.00493825  -0.00493869   -0.0049391  -0.00493948  -0.00493983  -0.00494016  -0.00494047  -0.00494076  -0.00494103  -0.00494133  -0.00494179  -0.00494288
  0.00783335   0.00829013   0.00742329   0.00625422   0.00503948    0.0038419   0.00267535   0.00154146  0.000438852 -0.000634443  -0.00168042  -0.00270089  -0.00369708   -0.0046685  -0.00560803  -0.00648287  -0.00715929  -0.00748505  -0.00771098  -0.00790144  -0.00807348  -0.00823207  -0.00837911  -0.00851564  -0.00864248  -0.00876033  -0.00886982  -0.00897156  -0.00906609  -0.00915392  -0.00923553  -0.00931136  -0.00938181  -0.00944728  -0.00950811  -0.00956463  -0.00961715  -0.00966594  -0.00971129  -0.00975342  -0.00979256  -0.00982894  -0.00986274  -0.00989415  -0.00992333  -0.00995045  -0.00997564  -0.00999906   -0.0100208    -0.010041   -0.0100598   -0.0100773   -0.0100935   -0.0101086   -0.0101226   -0.0101356   -0.0101477   -0.0101589   -0.0101694   -0.0101791   -0.0101881   -0.0101965   -0.0102042   -0.0102115   -0.0102182   -0.0102244   -0.0102303   -0.0102357   -0.0102407   -0.0102453   -0.0102497   -0.0102537   -0.0102574   -0.0102609   -0.0102641   -0.0102671   -0.0102699   -0.0102725   -0.0102749   -0.0102771   -0.0102792   -0.0102812    -0.010283   -0.0102846   -0.0102862   -0.0102876    -0.010289   -0.0102902   -0.0102914   -0.0102924   -0.0102934   -0.0102944   -0.0102952    -0.010296   -0.0102968   -0.0102975   -0.0102982   -0.0102989      -0.0103   -0.0103028
  -0.0242159   -0.0274105   -0.0266789   -0.0250151   -0.0231734   -0.0213411   -0.0195617   -0.0178427   -0.0161825   -0.0145778   -0.0130249    -0.011521   -0.0100654  -0.00866598  -0.00736328  -0.00632626  -0.00574744  -0.00530714  -0.00492273   -0.0045718  -0.00424728  -0.00394612  -0.00366637  -0.00340641  -0.00316483  -0.00294031  -0.00273164  -0.00253769  -0.00235741  -0.00218983  -0.00203403  -0.00188918   -0.0017545  -0.00162924  -0.00151275  -0.00140438  -0.00130354  -0.00120971  -0.00112237  -0.00104112 -0.000965736 -0.000896687 -0.000837075 -0.000800283 -0.000840194  -0.00117036  -0.00203347  -0.00303404  -0.00407167  -0.00512076  -0.00617468  -0.00723163  -0.00829104  -0.00935265   -0.0104162   -0.0114815   -0.0125473   -0.0136102   -0.0146563   -0.0156313   -0.0163213   -0.0164833   -0.0165123   -0.0165085   -0.0164971   -0.0164846   -0.0164726   -0.0164612   -0.0164507   -0.0164409   -0.0164318   -0.0164233   -0.0164155   -0.0164083   -0.0164015   -0.0163953   -0.0163895   -0.0163841   -0.0163791   -0.0163745   -0.0163702   -0.0163662   -0.0163625   -0.0163591   -0.0163559    -0.016353   -0.0163502   -0.0163477   -0.0163453   -0.0163431   -0.0163411   -0.0163392   -0.0163375   -0.0163358   -0.0163343   -0.0163329   -0.0163316   -0.0163305   -0.0163296   -0.0163293
  -0.0274924   -0.0267757   -0.0251102   -0.0232632   -0.0214249   -0.0196397   -0.0179151   -0.0162498   -0.0146403    -0.013083    -0.011575   -0.0101156  -0.00871264  -0.00740665  -0.00636659  -0.00578493    -0.005342  -0.00495516  -0.00460196  -0.00427535  -0.00397226   -0.0036907  -0.00342908  -0.00318595  -0.00296001  -0.00275002  -0.00255486  -0.00237346  -0.00220485  -0.00204811  -0.00190239  -0.00176691  -0.00164094  -0.00152379  -0.00141483  -0.00131347  -0.00121916  -0.00113141  -0.00104979  -0.00097404 -0.000904509 -0.000843794   -0.0008033 -0.000829101  -0.00110396  -0.00183557  -0.00268537  -0.00356736   -0.0044596  -0.00535639  -0.00625616  -0.00715839  -0.00806282  -0.00896925  -0.00987737   -0.0107863   -0.0116929   -0.0125854   -0.0134173   -0.0140053   -0.0141416   -0.0141642   -0.0141588   -0.0141472   -0.0141347   -0.0141227   -0.0141114    -0.014101   -0.0140912   -0.0140822   -0.0140738   -0.0140661   -0.0140589   -0.0140522    -0.014046   -0.0140402   -0.0140349   -0.0140299   -0.0140253    -0.014021   -0.0140171   -0.0140134     -0.01401   -0.0140068   -0.0140039   -0.0140011   -0.0139986   -0.0139963   -0.0139941    -0.013992   -0.0139902   -0.0139884   -0.0139868   -0.0139853   -0.0139839   -0.0139826   -0.0139814   -0.0139803   -0.0139792   -0.0139783
   -0.027193   -0.0256038   -0.0237486   -0.0218827   -0.0200667   -0.0183124   -0.0166191   -0.0149835    -0.013402   -0.0118714   -0.0103911  -0.00896865  -0.00764461  -0.00658779  -0.00599059  -0.00553323  -0.00513299  -0.00476737  -0.00442924  -0.00411546    -0.003824  -0.00355321   -0.0033016   -0.0030678  -0.00285056  -0.00264869   -0.0024611  -0.00228679  -0.00212481  -0.00197428  -0.00183439   -0.0017044  -0.00158358   -0.0014713  -0.00136695  -0.00126995   -0.0011798  -0.00109602  -0.00101818  -0.00094603 -0.000879775 -0.000821442 -0.000780111 -0.000792628 -0.000900917  -0.00103604  -0.00118034  -0.00132918  -0.00148122  -0.00163599  -0.00179323  -0.00195275  -0.00211438  -0.00227793  -0.00244311   -0.0026092  -0.00277368  -0.00292704    -0.003032  -0.00304627  -0.00303843  -0.00302579  -0.00301269  -0.00300018  -0.00298847  -0.00297757  -0.00296744  -0.00295803  -0.00294928  -0.00294116  -0.00293361  -0.00292659  -0.00292008  -0.00291403   -0.0029084  -0.00290318  -0.00289832  -0.00289382  -0.00288963  -0.00288573  -0.00288212  -0.00287876  -0.00287564  -0.00287273  -0.00287004  -0.00286754  -0.00286521  -0.00286305  -0.00286104  -0.00285917  -0.00285744  -0.00285583  -0.00285433  -0.00285294  -0.00285164  -0.00285042  -0.00284925  -0.00284801  -0.00284624  -0.00284218
   -0.025726   -0.0238931   -0.0220248   -0.0202008   -0.0184374   -0.0167354   -0.0150916   -0.0135024   -0.0119648   -0.0104778   -0.0090493  -0.00771957  -0.00665747  -0.00605536  -0.00559345  -0.00518899  -0.00481945  -0.00447768  -0.00416053  -0.00386595  -0.00359226  -0.00333796  -0.00310168  -0.00288214  -0.00267814   -0.0024886  -0.00231247  -0.00214882  -0.00199676  -0.00185547  -0.00172419   -0.0016022  -0.00148885  -0.00138352  -0.00128566  -0.00119472  -0.00111022   -0.0010317 -0.000958731 -0.000890869  -0.00082759 -0.000767909 -0.000708974 -0.000647607 -0.000588227 -0.000531768 -0.000478297  -0.00042767 -0.000379705 -0.000334216  -0.00029103 -0.000249984  -0.00021093 -0.000173736 -0.000138313 -0.000104703 -7.34356e-05 -4.69437e-05 -2.80133e-05 -1.18632e-05  2.77952e-06  1.62945e-05  2.88307e-05  4.04749e-05  5.12945e-05  6.13491e-05   7.0693e-05  7.93765e-05  8.74464e-05  9.49461e-05  0.000101916  0.000108393  0.000114413  0.000120007  0.000125207  0.000130038  0.000134529  0.000138703  0.000142581  0.000146186  0.000149537   0.00015265  0.000155544  0.000158234  0.000160734  0.000163057  0.000165216  0.000167223  0.000169089  0.000170823  0.000172434  0.000173933  0.000175325   0.00017662  0.000177827  0.000178961  0.000180062  0.000181271  0.000183123  0.000187722
  -0.0238938   -0.0220256   -0.0202016   -0.0184381   -0.0167361   -0.0150922    -0.013503   -0.0119653   -0.0104783  -0.00904976  -0.00772001  -0.00665787  -0.00605574   -0.0055938  -0.00518931  -0.00481975  -0.00447796  -0.00416079  -0.00386619  -0.00359248  -0.00333817  -0.00310188  -0.00288232  -0.00267831  -0.00248875  -0.00231262  -0.00214896  -0.00199689  -0.00185559   -0.0017243   -0.0016023  -0.00148895  -0.00138362  -0.00128575   -0.0011948   -0.0011103  -0.00103178 -0.000958803 -0.000890932 -0.000827628 -0.000767855 -0.000708561 -0.000646342 -0.000585985 -0.000528519 -0.000474032 -0.000422388 -0.000373405 -0.000326899 -0.000282696 -0.000240633 -0.000200561 -0.000162352 -0.000125918 -9.13136e-05 -5.91195e-05 -3.19678e-05 -1.28707e-05  3.32108e-06   1.7974e-05  3.14912e-05  4.40276e-05  5.56715e-05  6.64908e-05   7.6545e-05  8.58886e-05  9.45719e-05  0.000102642  0.000110141  0.000117111  0.000123588  0.000129607  0.000135202  0.000140401  0.000145232  0.000149723  0.000153896  0.000157775   0.00016138   0.00016473  0.000167844  0.000170737  0.000173427  0.000175927   0.00017825  0.000180409  0.000182416  0.000184282  0.000186015  0.000187627  0.000189125  0.000190517  0.000191811  0.000193015  0.000194137  0.000195191  0.000196214  0.000197338  0.000199063  0.000203348
  -0.0220261   -0.0202021   -0.0184387   -0.0167366   -0.0150927   -0.0135035   -0.0119657   -0.0104787  -0.00905013  -0.00772035  -0.00665819  -0.00605603  -0.00559407  -0.00518956  -0.00481999  -0.00447818  -0.00416099  -0.00386638  -0.00359266  -0.00333834  -0.00310203  -0.00288246  -0.00267845  -0.00248888  -0.00231274  -0.00214907  -0.00199699  -0.00185569  -0.00172439  -0.00160239  -0.00148903  -0.00138369  -0.00128581  -0.00119487  -0.00111036  -0.00103184 -0.000958858 -0.000890981 -0.000827659 -0.000767823 -0.000708286 -0.000645491 -0.000584474 -0.000526326 -0.000471153 -0.000418822 -0.000369151 -0.000321957 -0.000277066 -0.000234316 -0.000193557 -0.000154661 -0.000117543  -8.2267e-05 -4.94467e-05  -2.1849e-05 -2.63915e-06   1.3581e-05  2.82409e-05  4.17596e-05  5.42963e-05  6.59401e-05  7.67592e-05  8.68133e-05  9.61567e-05   0.00010484  0.000112909  0.000120409  0.000127378  0.000133855  0.000139875  0.000145469  0.000150668    0.0001555   0.00015999  0.000164164  0.000168042  0.000171647  0.000174997  0.000178111  0.000181004  0.000183694  0.000186193  0.000188517  0.000190676  0.000192683  0.000194548  0.000196282  0.000197893  0.000199391  0.000200783  0.000202077   0.00020328  0.000204399  0.000205441  0.000206421  0.000207372  0.000208417  0.000210022  0.000214014
  -0.0202027   -0.0184394   -0.0167372   -0.0150933    -0.013504   -0.0119663   -0.0104792  -0.00905058  -0.00772077  -0.00665858  -0.00605639  -0.00559441  -0.00518988  -0.00482028  -0.00447845  -0.00416125  -0.00386661  -0.00359288  -0.00333854  -0.00310222  -0.00288264  -0.00267861  -0.00248903  -0.00231288   -0.0021492  -0.00199712   -0.0018558   -0.0017245  -0.00160249  -0.00148912  -0.00138378   -0.0012859  -0.00119495  -0.00111044  -0.00103191 -0.000958924  -0.00089104 -0.000827699 -0.000767795    -0.000708 -0.000644593 -0.000582873 -0.000524001 -0.000468098 -0.000415035 -0.000364633 -0.000316707 -0.000271085 -0.000227603 -0.000186114 -0.000146488 -0.000108643 -7.26525e-05 -3.91663e-05 -1.10944e-05   8.2355e-06  2.44859e-05  3.91533e-05  5.26739e-05  6.52108e-05  7.68546e-05  8.76737e-05  9.77277e-05  0.000107071  0.000115754  0.000123824  0.000131323  0.000138292  0.000144769  0.000150789  0.000156383  0.000161582  0.000166414  0.000170904  0.000175077  0.000178956  0.000182561  0.000185911  0.000189024  0.000191918  0.000194608  0.000197107   0.00019943  0.000201589  0.000203596  0.000205461  0.000207195  0.000208806  0.000210304  0.000211696   0.00021299  0.000214193  0.000215311  0.000216351   0.00021732   0.00021823  0.000219115  0.000220086   0.00022158  0.000225299
  -0.0184402   -0.0167383   -0.0150943    -0.013505   -0.0119671     -0.01048  -0.00905135  -0.00772148  -0.00665924  -0.00605701  -0.00559498  -0.00519041  -0.00482077  -0.00447891  -0.00416167  -0.00386701  -0.00359325  -0.00333888  -0.00310254  -0.00288294  -0.00267889  -0.00248929  -0.00231312  -0.00214943  -0.00199733    -0.001856  -0.00172468  -0.00160266  -0.00148928  -0.00138393  -0.00128604  -0.00119508  -0.00111056  -0.00103203 -0.000959035 -0.000891139 -0.000827769 -0.000767766 -0.000707589  -0.00064328 -0.000580528  -0.00052059 -0.000463613 -0.000409475 -0.000357997 -0.000308995 -0.000262298 -0.000217741 -0.000175176 -0.000134477 -9.55638e-05 -5.85223e-05 -2.40569e-05  4.71239e-06   2.4219e-05  4.05141e-05  5.51927e-05  6.87161e-05  8.12538e-05  9.28977e-05  0.000103717  0.000113771  0.000123114  0.000131797  0.000139867  0.000147366  0.000154336  0.000160813  0.000166832  0.000172427  0.000177626  0.000182457  0.000186948  0.000191121     0.000195  0.000198605  0.000201955  0.000205069  0.000207962  0.000210652  0.000213151  0.000215475  0.000217634  0.000219641  0.000221506  0.000223239  0.000224851  0.000226348   0.00022774  0.000229034  0.000230237  0.000231354  0.000232394   0.00023336  0.000234261  0.000235107  0.000235929  0.000236833  0.000238224  0.000241689
  -0.0167395   -0.0150958   -0.0135064   -0.0119685   -0.0104813  -0.00905254  -0.00772259  -0.00666027  -0.00605796  -0.00559587  -0.00519123  -0.00482154  -0.00447963  -0.00416234  -0.00386763  -0.00359382  -0.00333942  -0.00310304   -0.0028834  -0.00267932  -0.00248969  -0.00231349  -0.00214977  -0.00199765   -0.0018563  -0.00172496  -0.00160292  -0.00148953  -0.00138416  -0.00128626  -0.00119529  -0.00111076  -0.00103221 -0.000959204 -0.000891291  -0.00082788 -0.000767742 -0.000707055  -0.00064154 -0.000577406 -0.000516041 -0.000457627 -0.000402049 -0.000349132 -0.000298691 -0.000250554 -0.000204559 -0.000160556 -0.000118421 -7.80778e-05 -3.96308e-05 -3.85537e-06   2.5847e-05  4.55902e-05  6.19454e-05  7.66395e-05  9.01669e-05  0.000102706   0.00011435   0.00012517  0.000135224  0.000144568  0.000153251  0.000161321   0.00016882   0.00017579  0.000182267  0.000188287  0.000193882  0.000199081  0.000203913  0.000208404  0.000212577  0.000216456  0.000220061  0.000223411  0.000226525  0.000229419  0.000232109  0.000234608  0.000236932  0.000239091  0.000241098  0.000242963  0.000244697  0.000246308  0.000247806  0.000249198  0.000250492  0.000251694  0.000252812  0.000253851  0.000254817  0.000255715  0.000256553  0.000257339  0.000258104  0.000258945   0.00026024   0.00026347
  -0.0150974   -0.0135083   -0.0119703    -0.010483  -0.00905412  -0.00772406  -0.00666164  -0.00605924  -0.00559705  -0.00519233  -0.00482256  -0.00448057  -0.00416322  -0.00386845  -0.00359458  -0.00334013   -0.0031037  -0.00288401  -0.00267989  -0.00249022  -0.00231399  -0.00215024  -0.00199808   -0.0018567  -0.00172534  -0.00160327  -0.00148985  -0.00138447  -0.00128654  -0.00119556  -0.00111101  -0.00103245 -0.000959426 -0.000891492 -0.000828033 -0.000767738 -0.000706461 -0.000639556  -0.00057383 -0.000510823 -0.000450754  -0.00039352 -0.000338944 -0.000286847 -0.000237053 -0.000189401 -0.000143744 -9.99551e-05 -5.79662e-05 -1.79013e-05   1.9382e-05  5.01585e-05  7.01746e-05  8.65994e-05  0.000101312  0.000114844  0.000127385   0.00013903   0.00014985  0.000159905  0.000169249  0.000177933  0.000186003  0.000193504  0.000200474  0.000206952  0.000212972  0.000218567  0.000223766  0.000228599   0.00023309  0.000237264  0.000241143  0.000244748  0.000248099  0.000251213  0.000254107  0.000256797  0.000259297   0.00026162   0.00026378  0.000265787  0.000267652  0.000269386  0.000270998  0.000272495  0.000273888  0.000275181  0.000276384  0.000277502  0.000278541  0.000279507  0.000280405   0.00028124  0.000282018   0.00028275   0.00028346  0.000284242  0.000285449   0.00028846
    -0.01351   -0.0119724   -0.0104851  -0.00905607  -0.00772587  -0.00666333  -0.00606081  -0.00559851  -0.00519369  -0.00482382  -0.00448175  -0.00416431  -0.00386946  -0.00359553    -0.003341  -0.00310451  -0.00288477  -0.00268059  -0.00249088   -0.0023146   -0.0021508  -0.00199861   -0.0018572   -0.0017258   -0.0016037  -0.00149026  -0.00138484   -0.0012869  -0.00119589  -0.00111132  -0.00103274 -0.000959696 -0.000891737 -0.000828225 -0.000767761 -0.000705854 -0.000637468 -0.000570045 -0.000505287 -0.000443454 -0.000384453 -0.000328111 -0.000274248 -0.000222689 -0.000173273 -0.000125851  -8.0301e-05 -3.65584e-05  5.23031e-06  4.41201e-05  7.60412e-05  9.63484e-05  0.000112848   0.00012758  0.000141118  0.000153661  0.000165308  0.000176129  0.000186185   0.00019553  0.000204215  0.000212286  0.000219787  0.000226758  0.000233237  0.000239258  0.000244853  0.000250053  0.000254887  0.000259378  0.000263553  0.000267432  0.000271038  0.000274389  0.000277504  0.000280398  0.000283088  0.000285589  0.000287912  0.000290072   0.00029208  0.000293945  0.000295679  0.000297291  0.000298789  0.000300181  0.000301475  0.000302678  0.000303796  0.000304835  0.000305801  0.000306699  0.000307534   0.00030831  0.000309034  0.000309714  0.000310374  0.000311102  0.000312226  0.000315034
  -0.0119744   -0.0104874  -0.00905837  -0.00772805  -0.00666536  -0.00606269  -0.00560026  -0.00519532  -0.00482534  -0.00448315  -0.00416562  -0.00387068  -0.00359666  -0.00334205  -0.00310549  -0.00288568  -0.00268144  -0.00249166  -0.00231533  -0.00215149  -0.00199925  -0.00185779  -0.00172635  -0.00160422  -0.00149074  -0.00138529  -0.00128732  -0.00119628  -0.00111169  -0.00103308 -0.000960018  -0.00089203 -0.000828459 -0.000767817 -0.000705254 -0.000635325 -0.000566137 -0.000499558 -0.000435891 -0.000375052 -0.000316873 -0.000261173 -0.000207778 -0.000156527 -0.000107271 -5.98892e-05 -1.43231e-05  2.92579e-05  6.98181e-05   0.00010293   0.00012354  0.000140118  0.000154871  0.000168416  0.000180962  0.000192611  0.000203434  0.000213491  0.000222837  0.000231524  0.000239596  0.000247098   0.00025407   0.00026055  0.000266572  0.000272168  0.000277369  0.000282203  0.000286696  0.000290871  0.000294751  0.000298358  0.000301709  0.000304824  0.000307719   0.00031041  0.000312911  0.000315235  0.000317395  0.000319403  0.000321269  0.000323003  0.000324615  0.000326114  0.000327506    0.0003288  0.000330004  0.000331122  0.000332161  0.000333127  0.000334025   0.00033486  0.000335636  0.000336358   0.00033703  0.000337662  0.000338277  0.000338954      0.00034   0.00034262
  -0.0104897  -0.00906105  -0.00773069  -0.00666784  -0.00606501  -0.00560242  -0.00519733   -0.0048272  -0.00448489  -0.00416723  -0.00387217  -0.00359805  -0.00334335  -0.00310669   -0.0028868  -0.00268248  -0.00249263  -0.00231623  -0.00215233  -0.00200003  -0.00185852  -0.00172703  -0.00160485  -0.00149133  -0.00138584  -0.00128783  -0.00119676  -0.00111214   -0.0010335 -0.000960411 -0.000892388 -0.000828752 -0.000767917 -0.000704654 -0.000633086 -0.000562021 -0.000493507  -0.00042789 -0.000365099 -0.000304968 -0.000247317 -0.000191971  -0.00013877 -8.75664e-05 -3.82388e-05  9.26403e-06  5.47486e-05   9.7083e-05  0.000131459  0.000152392  0.000169054  0.000183831  0.000197383  0.000209933  0.000221584  0.000232409  0.000242469  0.000251817  0.000260505   0.00026858  0.000276083  0.000283057  0.000289538  0.000295561  0.000301159  0.000306361  0.000311196   0.00031569  0.000319866  0.000323747  0.000327355  0.000330707  0.000333823  0.000336719   0.00033941  0.000341912  0.000344237  0.000346397  0.000348406  0.000350272  0.000352007  0.000353619  0.000355118  0.000356511  0.000357805  0.000359009  0.000360127  0.000361167  0.000362133  0.000363031  0.000363866  0.000364642  0.000365364  0.000366035   0.00036666  0.000367248  0.000367819  0.000368449  0.000369424  0.000371867
 -0.00906353  -0.00773361  -0.00667072  -0.00606773  -0.00560496  -0.00519968  -0.00482939  -0.00448692  -0.00416912  -0.00387393  -0.00359968  -0.00334487   -0.0031081  -0.00288811   -0.0026837  -0.00249377  -0.00231729  -0.00215331  -0.00200094  -0.00185937  -0.00172782  -0.00160559  -0.00149202  -0.00138649  -0.00128843  -0.00119732  -0.00111266  -0.00103399 -0.000960869 -0.000892807 -0.000829101 -0.000768067 -0.000704089 -0.000630853 -0.000557879 -0.000487395 -0.000419796  -0.00035502 -0.000292904 -0.000233268  -0.00017594 -0.000120757 -6.75722e-05 -1.62669e-05  3.32047e-05  8.06243e-05  0.000124762  0.000160423  0.000181686  0.000198434  0.000213235  0.000226796  0.000239351  0.000251005  0.000261833  0.000271896  0.000281247  0.000289937  0.000298014  0.000305519  0.000312495  0.000318978  0.000325003  0.000330602  0.000335806  0.000340643  0.000345138  0.000349315  0.000353198  0.000356806   0.00036016  0.000363276  0.000366173  0.000368866  0.000371368  0.000373693  0.000375855  0.000377864  0.000379731  0.000381466  0.000383079  0.000384578  0.000385972  0.000387267   0.00038847  0.000389589  0.000390629  0.000391596  0.000392494  0.000393329  0.000394105  0.000394827  0.000395498  0.000396122  0.000396703   0.00039725  0.000397781  0.000398368  0.000399276  0.000401555
  -0.0077357  -0.00667319  -0.00607016  -0.00560725  -0.00520182  -0.00483138  -0.00448877  -0.00417084  -0.00387553  -0.00360117  -0.00334625  -0.00310939   -0.0028893  -0.00268481   -0.0024948  -0.00231825   -0.0021542  -0.00200177  -0.00186014  -0.00172854  -0.00160626  -0.00149264  -0.00138707  -0.00128898  -0.00119783  -0.00111314  -0.00103444 -0.000961282 -0.000893185  -0.00082942 -0.000768227 -0.000703687  -0.00062914 -0.000554667 -0.000482639 -0.000413483 -0.000347149 -0.000283475 -0.000222283 -0.000163399 -0.000106661 -5.19233e-05  9.33297e-07  5.19489e-05  0.000100886  0.000146438  0.000183108  0.000204629  0.000221445  0.000236266  0.000249836  0.000262394  0.000274052  0.000284883  0.000294948  0.000304302  0.000312995  0.000321073  0.000328581  0.000335559  0.000342044   0.00034807  0.000353671  0.000358877  0.000363715  0.000368211   0.00037239  0.000376273  0.000379883  0.000383237  0.000386355  0.000389253  0.000391946  0.000394449  0.000396775  0.000398937  0.000400947  0.000402815   0.00040455  0.000406164  0.000407663  0.000409057  0.000410353  0.000411557  0.000412676  0.000413716  0.000414683  0.000415582  0.000416417  0.000417193  0.000417915  0.000418586   0.00041921   0.00041979  0.000420331  0.000420839  0.000421333  0.000421879  0.000422725   0.00042485
 -0.00667398  -0.00607109  -0.00560817  -0.00520269  -0.00483219  -0.00448953  -0.00417154  -0.00387618  -0.00360177  -0.00334681  -0.00310991  -0.00288979  -0.00268526  -0.00249522  -0.00231864  -0.00215457  -0.00200211  -0.00186046  -0.00172883  -0.00160653   -0.0014929  -0.00138731   -0.0012892  -0.00119803  -0.00111333  -0.00103462 -0.000961449 -0.000893338 -0.000829552 -0.000768301 -0.000703562 -0.000628553 -0.000553552 -0.000480979 -0.000411275 -0.000344392  -0.00028017 -0.000218429 -0.000158997 -0.000101712  -4.6427e-05  6.97578e-06   5.8535e-05  0.000108006  0.000154056  0.000191081  0.000212693  0.000229534  0.000244363  0.000257935  0.000270496  0.000282155  0.000292987  0.000303053  0.000312408  0.000321102  0.000329181   0.00033669  0.000343669  0.000350154  0.000356182  0.000361784   0.00036699  0.000371828  0.000376325  0.000380504  0.000384388  0.000387998  0.000391353  0.000394471  0.000397369  0.000400063  0.000402566  0.000404893  0.000407055  0.000409065  0.000410933  0.000412669  0.000414283  0.000415782  0.000417176  0.000418472  0.000419676  0.000420795  0.000421836  0.000422803  0.000423702  0.000424537  0.000425313  0.000426035  0.000426706   0.00042733   0.00042791  0.000428449  0.000428952  0.000429424  0.000429884  0.000430391  0.000431179  0.000433158
 -0.00607003  -0.00560691  -0.00520145  -0.00483102  -0.00448844  -0.00417053  -0.00387524   -0.0036009    -0.003346  -0.00310915  -0.00288909  -0.00268461  -0.00249461  -0.00231807  -0.00215404  -0.00200162     -0.00186  -0.00172841  -0.00160614  -0.00149253  -0.00138696  -0.00128888  -0.00119774  -0.00111305  -0.00103436 -0.000961208 -0.000893117  -0.00082936 -0.000768183 -0.000703695 -0.000629265 -0.000554927 -0.000483036 -0.000414019 -0.000347824  -0.00028429 -0.000223236  -0.00016449 -0.000107891 -5.32911e-05 -5.72404e-07   5.0306e-05  9.91083e-05  0.000144535  0.000181115  0.000202612  0.000219422  0.000234241  0.000247809  0.000260367  0.000272024  0.000282854  0.000292919  0.000302272  0.000310964  0.000319042  0.000326549  0.000333526  0.000340011  0.000346037  0.000351638  0.000356843   0.00036168  0.000366176  0.000370355  0.000374238  0.000377847  0.000381202  0.000384319  0.000387217   0.00038991  0.000392412  0.000394738    0.0003969   0.00039891  0.000400777  0.000402513  0.000404126  0.000405626  0.000407019  0.000408315  0.000409519  0.000410638  0.000411678  0.000412644  0.000413543  0.000414378  0.000415154  0.000415876  0.000416547   0.00041717   0.00041775  0.000418289   0.00041879  0.000419257  0.000419696  0.000420123  0.000420594  0.000421327  0.000423168
 -0.00560418  -0.00519823  -0.00482785  -0.00448545  -0.00416774  -0.00387264  -0.00359848  -0.00334375  -0.00310707  -0.00288715  -0.00268281  -0.00249294  -0.00231652  -0.00215259  -0.00200028  -0.00185875  -0.00172725  -0.00160505  -0.00149152  -0.00138602    -0.001288  -0.00119692  -0.00111229  -0.00103365 -0.000960547 -0.000892508 -0.000828828 -0.000767832 -0.000703945 -0.000630899  -0.00055814 -0.000487877 -0.000420498 -0.000355942 -0.000294046 -0.000234629 -0.000177518 -0.000122552 -6.95845e-05 -1.84948e-05  3.07626e-05   7.7972e-05  0.000121914  0.000157434  0.000178657  0.000195392  0.000210186  0.000223743  0.000236293  0.000247944  0.000258769  0.000268828  0.000278176  0.000286863  0.000294937  0.000302441  0.000309414  0.000315895  0.000321918  0.000327516  0.000332718  0.000337553  0.000342046  0.000346222  0.000350104  0.000353711  0.000357063  0.000360179  0.000363075  0.000365766  0.000368268  0.000370592  0.000372753  0.000374761  0.000376628  0.000378362  0.000379975  0.000381473  0.000382866   0.00038416  0.000385364  0.000386482  0.000387521  0.000388487  0.000389385   0.00039022  0.000390996  0.000391717  0.000392387   0.00039301  0.000393589  0.000394128  0.000394628  0.000395094  0.000395528  0.000395935  0.000396332   0.00039677  0.000397451  0.000399161
 -0.00519391  -0.00482275  -0.00448042    -0.004163  -0.00386822  -0.00359437  -0.00333993  -0.00310352  -0.00288385  -0.00267974  -0.00249008  -0.00231386  -0.00215013  -0.00199798  -0.00185662  -0.00172526  -0.00160321   -0.0014898  -0.00138442  -0.00128651  -0.00119553    -0.001111  -0.00103244 -0.000959425 -0.000891474 -0.000827916 -0.000767195 -0.000704203 -0.000633201 -0.000562774 -0.000494914 -0.000429953 -0.000367816 -0.000308336 -0.000251334 -0.000196635 -0.000144078 -9.35169e-05  -4.4829e-05  2.03846e-06  4.68997e-05   8.8653e-05  0.000122611  0.000143427  0.000160048  0.000174804  0.000188342  0.000200879  0.000212519  0.000223334  0.000233384  0.000242723  0.000251403  0.000259469  0.000266965  0.000273932  0.000280407  0.000286424  0.000292017  0.000297214  0.000302044  0.000306533  0.000310705  0.000314583  0.000318186  0.000321536  0.000324648  0.000327541   0.00033023  0.000332729  0.000335051   0.00033721  0.000339216   0.00034108  0.000342813  0.000344424  0.000345921  0.000347312  0.000348605  0.000349807  0.000350924  0.000351963  0.000352928  0.000353825  0.000354658  0.000355433  0.000356154  0.000356823  0.000357446  0.000358024  0.000358562  0.000359062  0.000359526  0.000359958  0.000360361   0.00036074  0.000361108  0.000361515  0.000362147  0.000363735
 -0.00481603  -0.00447248  -0.00415518  -0.00386085   -0.0035875  -0.00333353  -0.00309757  -0.00287832   -0.0026746  -0.00248531  -0.00230943    -0.002146  -0.00199415  -0.00185305  -0.00172194  -0.00160012  -0.00148693  -0.00138175  -0.00128402  -0.00119321  -0.00110884  -0.00103043 -0.000957553 -0.000889747 -0.000826381 -0.000766073 -0.000704389 -0.000636356 -0.000569313 -0.000504937 -0.000443482 -0.000384852 -0.000328875 -0.000275372 -0.000224168 -0.000175101 -0.000128025 -8.28159e-05 -3.94093e-05  2.05184e-06  4.06365e-05  7.23309e-05  9.25537e-05  0.000109007  0.000123704  0.000137212  0.000149727  0.000161348  0.000172145  0.000182179  0.000191503  0.000200169  0.000208222  0.000215706  0.000222662  0.000229126  0.000235134  0.000240717  0.000245905  0.000250728  0.000255209  0.000259375  0.000263245  0.000266843  0.000270187  0.000273294  0.000276182  0.000278866  0.000281361  0.000283679  0.000285834  0.000287837  0.000289698  0.000291428  0.000293036   0.00029453  0.000295919   0.00029721   0.00029841  0.000299525  0.000300561  0.000301525   0.00030242  0.000303252  0.000304026  0.000304745  0.000305413  0.000306034  0.000306612  0.000307148  0.000307647  0.000308111  0.000308542  0.000308943  0.000309317  0.000309668   0.00031001  0.000310387  0.000310972  0.000312444
 -0.00446259  -0.00414349  -0.00384935  -0.00357665  -0.00332341  -0.00308815  -0.00286957  -0.00266646  -0.00247775   -0.0023024  -0.00213946  -0.00198807   -0.0018474  -0.00171669  -0.00159524  -0.00148238  -0.00137752  -0.00128009  -0.00118955  -0.00110542  -0.00102725 -0.000954596 -0.000887016 -0.000823941 -0.000764222 -0.000704348 -0.000640395    -0.000578 -0.000518407 -0.000461762 -0.000407943 -0.000356772 -0.000308067 -0.000261654 -0.000217372 -0.000175073 -0.000134631 -9.59664e-05 -5.91636e-05 -2.49203e-05  3.67126e-06  2.30764e-05  3.92933e-05  5.39034e-05  6.73641e-05  7.98438e-05  9.14339e-05  0.000102203  0.000112211  0.000121511  0.000130154  0.000138186  0.000145651  0.000152588  0.000159035  0.000165027  0.000170595   0.00017577  0.000180579  0.000185049  0.000189203  0.000193063  0.000196651  0.000199986  0.000203085  0.000205965  0.000208641  0.000211129  0.000213441   0.00021559  0.000217587  0.000219443  0.000221169  0.000222772  0.000224262  0.000225647  0.000226934  0.000228131  0.000229243  0.000230276  0.000231237   0.00023213  0.000232959  0.000233731  0.000234448  0.000235114  0.000235733  0.000236309  0.000236844  0.000237341  0.000237804  0.000238233  0.000238633  0.000239005  0.000239351  0.000239677  0.000239993  0.000240342  0.000240885  0.000242246
 -0.00413089  -0.00383445  -0.00356199  -0.00330959  -0.00307525  -0.00285757  -0.00265531  -0.00246738  -0.00229276  -0.00213051  -0.00197974  -0.00183966  -0.00170949  -0.00158854  -0.00147616  -0.00137173  -0.00127469  -0.00118453  -0.00110075   -0.0010229 -0.000950552 -0.000883277 -0.000820581 -0.000761593 -0.000703894 -0.000644802 -0.000587937 -0.000534034 -0.000483109 -0.000435009 -0.000389549 -0.000346544 -0.000305822 -0.000267222 -0.000230596 -0.000195812 -0.000162776 -0.000131502 -0.000102411  -7.7504e-05 -5.90768e-05 -4.31484e-05 -2.86494e-05 -1.52522e-05 -2.82147e-06  8.72558e-06  1.94552e-05  2.94261e-05  3.86922e-05  4.73035e-05  5.53061e-05  6.27432e-05  6.96548e-05   7.6078e-05  8.20473e-05  8.75949e-05  9.27505e-05  9.75419e-05  0.000101995  0.000106133  0.000109979  0.000113553  0.000116875  0.000119962  0.000122832  0.000125498  0.000127976   0.00013028   0.00013242   0.00013441  0.000136259  0.000137977  0.000139574  0.000141059  0.000142438   0.00014372  0.000144912   0.00014602  0.000147049  0.000148006  0.000148895  0.000149722   0.00015049  0.000151204  0.000151868  0.000152484  0.000153058  0.000153591  0.000154086  0.000154547  0.000154975  0.000155372  0.000155742  0.000156086  0.000156407  0.000156708  0.000157001  0.000157324  0.000157825  0.000159082
 -0.00382022  -0.00354516  -0.00329303  -0.00305964    -0.002843  -0.00264176  -0.00245478  -0.00228105  -0.00211962  -0.00196962  -0.00183025  -0.00170074  -0.00158041  -0.00146859  -0.00136469  -0.00126815  -0.00117844  -0.00109508  -0.00101763 -0.000945646  -0.00087874 -0.000816485 -0.000758304 -0.000702926  -0.00064897 -0.000597941 -0.000550039 -0.000505146 -0.000463074 -0.000423631 -0.000386631 -0.000351903 -0.000319286 -0.000288631 -0.000259804  -0.00023269 -0.000207232 -0.000183562 -0.000162535 -0.000145146 -0.000129531 -0.000115159 -0.000101837 -8.94666e-05 -7.79728e-05 -6.72921e-05 -5.73665e-05 -4.81426e-05 -3.95706e-05 -3.16046e-05 -2.42015e-05 -1.73217e-05  -1.0928e-05 -4.98617e-06  5.35787e-07  5.66755e-06  1.04367e-05  1.48689e-05   1.8988e-05   2.2816e-05  2.63736e-05  2.96799e-05  3.27527e-05  3.56084e-05  3.82624e-05  4.07289e-05  4.30212e-05  4.51517e-05  4.71317e-05  4.89719e-05  5.06821e-05  5.22716e-05  5.37489e-05  5.51218e-05  5.63979e-05  5.75838e-05  5.86861e-05  5.97105e-05  6.06627e-05  6.15476e-05  6.23701e-05  6.31346e-05  6.38451e-05  6.45055e-05  6.51193e-05  6.56898e-05  6.62201e-05   6.6713e-05  6.71711e-05   6.7597e-05  6.79928e-05  6.83608e-05  6.87028e-05   6.9021e-05  6.93175e-05  6.95962e-05  6.98671e-05  7.01658e-05  7.06282e-05  7.17868e-05
 -0.00353058  -0.00327579  -0.00304268    -0.002827  -0.00262683   -0.0024409  -0.00226814  -0.00210762  -0.00195847  -0.00181989  -0.00169111  -0.00157145  -0.00146026  -0.00135695  -0.00126094  -0.00117174  -0.00108884  -0.00101182 -0.000940248 -0.000873744 -0.000811958  -0.00075459 -0.000701461 -0.000652432 -0.000606994 -0.000564837 -0.000525715 -0.000489409 -0.000455719  -0.00042446 -0.000395459 -0.000368557 -0.000343606 -0.000320465 -0.000299006   -0.0002791 -0.000260603 -0.000243283 -0.000226894 -0.000211589 -0.000197348  -0.00018411 -0.000171806 -0.000160371 -0.000149745 -0.000139871 -0.000130694 -0.000122166 -0.000114241 -0.000106876 -0.000100031 -9.36708e-05 -8.77598e-05 -8.22664e-05 -7.71613e-05 -7.24169e-05 -6.80078e-05 -6.39102e-05 -6.01022e-05 -5.65632e-05 -5.32743e-05 -5.02177e-05  -4.7377e-05  -4.4737e-05 -4.22835e-05 -4.00033e-05 -3.78841e-05 -3.59146e-05 -3.40842e-05 -3.23831e-05 -3.08021e-05 -2.93327e-05 -2.79671e-05 -2.66979e-05 -2.55183e-05  -2.4422e-05  -2.3403e-05  -2.2456e-05 -2.15759e-05 -2.07578e-05 -1.99975e-05 -1.92909e-05 -1.86341e-05 -1.80236e-05 -1.74563e-05 -1.69289e-05 -1.64387e-05 -1.59831e-05 -1.55596e-05  -1.5166e-05 -1.48001e-05   -1.446e-05 -1.41439e-05 -1.38498e-05 -1.35757e-05 -1.33181e-05 -1.30678e-05 -1.27919e-05 -1.23652e-05 -1.12971e-05
 -0.00326545  -0.00303045  -0.00281497  -0.00261548  -0.00243031  -0.00225829  -0.00209847  -0.00194996  -0.00181197  -0.00168375  -0.00156461   -0.0014539  -0.00135103  -0.00125545  -0.00116662  -0.00108409  -0.00100739 -0.000936132 -0.000869933 -0.000808492 -0.000751694  -0.00070008  -0.00065433 -0.000612605 -0.000574261 -0.000538968 -0.000506486  -0.00047661 -0.000449155 -0.000423948 -0.000400831 -0.000379654 -0.000360278 -0.000342559 -0.000326326 -0.000311252 -0.000296386 -0.000280667 -0.000265576  -0.00025143 -0.000238254 -0.000226001 -0.000214613 -0.000204029 -0.000194194 -0.000185053 -0.000176559 -0.000168666 -0.000161331 -0.000154514 -0.000148178 -0.000142291  -0.00013682 -0.000131735  -0.00012701 -0.000122619 -0.000118538 -0.000114745 -0.000111221 -0.000107945 -0.000104901 -0.000102072 -9.94426e-05 -9.69991e-05 -9.47282e-05 -9.26177e-05 -9.06563e-05 -8.88334e-05 -8.71393e-05 -8.55648e-05 -8.41015e-05 -8.27416e-05 -8.14776e-05 -8.03029e-05 -7.92112e-05 -7.81965e-05 -7.72535e-05  -7.6377e-05 -7.55624e-05 -7.48053e-05 -7.41016e-05 -7.34475e-05 -7.28397e-05 -7.22747e-05 -7.17496e-05 -7.12615e-05 -7.08078e-05 -7.03862e-05 -6.99942e-05 -6.96299e-05 -6.92913e-05 -6.89765e-05 -6.86839e-05 -6.84117e-05 -6.81581e-05 -6.79197e-05  -6.7688e-05 -6.74327e-05 -6.70381e-05 -6.60509e-05
 -0.00302646  -0.00281025  -0.00261084  -0.00242593   -0.0022542  -0.00209466  -0.00194643  -0.00180869   -0.0016807  -0.00156177  -0.00145127  -0.00134858  -0.00125316   -0.0011645  -0.00108211  -0.00100556 -0.000934426 -0.000868352  -0.00080705 -0.000750471 -0.000699413  -0.00065485 -0.000614468 -0.000577502 -0.000543591 -0.000512488 -0.000483988 -0.000457904 -0.000434065 -0.000412311 -0.000392494 -0.000374473 -0.000358101 -0.000343189 -0.000329348 -0.000315365  -0.00029989  -0.00028488 -0.000270771  -0.00025762 -0.000245389  -0.00023402 -0.000223454 -0.000213635 -0.000204511 -0.000196031 -0.000188151 -0.000180828 -0.000174022 -0.000167698  -0.00016182 -0.000156359 -0.000151283 -0.000146565 -0.000142182 -0.000138108 -0.000134321 -0.000130803 -0.000127533 -0.000124494  -0.00012167 -0.000119045 -0.000116606 -0.000114339 -0.000112232 -0.000110274 -0.000108454 -0.000106763 -0.000105191  -0.00010373 -0.000102373 -0.000101111 -9.99384e-05 -9.88486e-05 -9.78357e-05 -9.68943e-05 -9.60193e-05 -9.52062e-05 -9.44504e-05  -9.3748e-05 -9.30951e-05 -9.24883e-05 -9.19243e-05 -9.14001e-05 -9.09129e-05 -9.04601e-05 -9.00392e-05  -8.9648e-05 -8.92844e-05 -8.89464e-05 -8.86322e-05 -8.83402e-05 -8.80687e-05 -8.78161e-05 -8.75808e-05 -8.73596e-05 -8.71446e-05 -8.69078e-05 -8.65415e-05  -8.5625e-05
 -0.00281492  -0.00261637  -0.00243136  -0.00225933  -0.00209945  -0.00195088  -0.00181282  -0.00168455  -0.00156535  -0.00145459  -0.00135167  -0.00125604  -0.00116717   -0.0010846  -0.00100787 -0.000936573 -0.000870342  -0.00080887 -0.000752035 -0.000700356 -0.000654485 -0.000612628  -0.00057415 -0.000538723 -0.000506108   -0.0004761 -0.000448514 -0.000423178 -0.000399932 -0.000378628 -0.000359125 -0.000341281 -0.000324925 -0.000309737 -0.000294788 -0.000279042 -0.000263939 -0.000249786 -0.000236603 -0.000224344 -0.000212951 -0.000202362 -0.000192522 -0.000183378  -0.00017488 -0.000166983 -0.000159644 -0.000152824 -0.000146486 -0.000140596 -0.000135123 -0.000130036 -0.000125308 -0.000120915 -0.000116832 -0.000113038 -0.000109512 -0.000106234 -0.000103189 -0.000100359 -9.77281e-05 -9.52835e-05 -9.30116e-05 -9.09001e-05 -8.89379e-05 -8.71142e-05 -8.54193e-05 -8.38441e-05 -8.23801e-05 -8.10195e-05  -7.9755e-05 -7.85798e-05 -7.74876e-05 -7.64724e-05  -7.5529e-05 -7.46521e-05 -7.38372e-05 -7.30797e-05 -7.23757e-05 -7.17214e-05 -7.11133e-05 -7.05481e-05 -7.00228e-05 -6.95345e-05 -6.90807e-05 -6.86589e-05 -6.82668e-05 -6.79024e-05 -6.75637e-05 -6.72488e-05 -6.69562e-05 -6.66841e-05 -6.64312e-05  -6.6196e-05 -6.59767e-05 -6.57707e-05 -6.55704e-05 -6.53496e-05 -6.50079e-05 -6.41518e-05
 -0.00263051  -0.00244808  -0.00227578  -0.00211496  -0.00196535  -0.00182629  -0.00169707  -0.00157699  -0.00146541  -0.00136173  -0.00126539  -0.00117586  -0.00109268  -0.00101538  -0.00094356 -0.000876819 -0.000814806 -0.000757194 -0.000703713 -0.000654117 -0.000608067 -0.000565295 -0.000525564 -0.000488659 -0.000454379 -0.000422538 -0.000392964 -0.000365495 -0.000339984 -0.000316291 -0.000294287  -0.00027385 -0.000254859 -0.000237171 -0.000220648 -0.000205271 -0.000190975 -0.000177689 -0.000165343 -0.000153869 -0.000143206 -0.000133297 -0.000124088 -0.000115531 -0.000107578 -0.000100188 -9.33197e-05  -8.6937e-05 -8.10055e-05 -7.54931e-05 -7.03703e-05 -6.56095e-05 -6.11851e-05 -5.70733e-05 -5.32521e-05 -4.97009e-05 -4.64005e-05 -4.33333e-05 -4.04828e-05 -3.78337e-05 -3.53717e-05 -3.30836e-05 -3.09571e-05 -2.89808e-05 -2.71441e-05 -2.54371e-05 -2.38506e-05 -2.23762e-05 -2.10058e-05 -1.97323e-05 -1.85486e-05 -1.74485e-05 -1.64261e-05 -1.54759e-05 -1.45927e-05 -1.37719e-05  -1.3009e-05 -1.22999e-05 -1.16409e-05 -1.10284e-05 -1.04591e-05 -9.93001e-06 -9.43821e-06 -8.98111e-06 -8.55625e-06 -8.16136e-06 -7.79431e-06 -7.45315e-06 -7.13604e-06 -6.84128e-06 -6.56729e-06  -6.3126e-06 -6.07582e-06 -5.85558e-06 -5.65033e-06 -5.45742e-06 -5.26984e-06 -5.06289e-06 -4.74203e-06 -3.93696e-06
 -0.00247125  -0.00230318  -0.00214192  -0.00199078  -0.00185002  -0.00171914   -0.0015975  -0.00148448  -0.00137946  -0.00128187  -0.00119119  -0.00110693  -0.00102863 -0.000955871 -0.000888236 -0.000825288 -0.000766391 -0.000710071 -0.000654715 -0.000602198 -0.000552811 -0.000506457 -0.000462953 -0.000422106  -0.00038373 -0.000347649 -0.000313702 -0.000281739 -0.000251624 -0.000223246 -0.000196557 -0.000171741 -0.000149853 -0.000132117 -0.000116294 -0.000101758 -8.82915e-05  -7.5788e-05 -6.41712e-05 -5.33763e-05 -4.33447e-05 -3.40222e-05 -2.53587e-05 -1.73075e-05 -9.82539e-06 -2.87204e-06   3.5899e-06   9.5952e-06  1.51761e-05  2.03627e-05  2.51828e-05  2.96623e-05  3.38253e-05  3.76943e-05  4.12899e-05  4.46314e-05   4.7737e-05  5.06232e-05  5.33055e-05  5.57983e-05  5.81151e-05  6.02683e-05  6.22694e-05  6.41292e-05  6.58577e-05  6.74641e-05  6.89571e-05  7.03446e-05  7.16343e-05  7.28328e-05  7.39468e-05  7.49821e-05  7.59444e-05  7.68387e-05  7.76699e-05  7.84424e-05  7.91605e-05  7.98278e-05  8.04481e-05  8.10246e-05  8.15604e-05  8.20585e-05  8.25214e-05  8.29516e-05  8.33515e-05  8.37232e-05  8.40687e-05  8.43898e-05  8.46883e-05  8.49658e-05  8.52237e-05  8.54635e-05  8.56864e-05  8.58937e-05  8.60869e-05  8.62685e-05  8.64452e-05  8.66402e-05  8.69434e-05  8.77055e-05
   -0.002334  -0.00217836  -0.00202663  -0.00188383  -0.00175069  -0.00162686  -0.00151177  -0.00140482  -0.00130545  -0.00121311  -0.00112731  -0.00104758 -0.000973479  -0.00090457 -0.000840308 -0.000779677 -0.000719713 -0.000657112 -0.000596485 -0.000538815 -0.000484175 -0.000432424 -0.000383374  -0.00033684 -0.000292643  -0.00025062 -0.000210619 -0.000172508 -0.000136197 -0.000101731  -6.9668e-05 -4.25446e-05  -2.3267e-05 -6.85522e-06  8.01539e-06  2.17382e-05  3.44664e-05  4.62887e-05  5.72738e-05  6.74821e-05  7.69687e-05  8.57849e-05   9.3978e-05  0.000101592  0.000108668  0.000115244  0.000121356  0.000127035  0.000132314  0.000137219  0.000141778  0.000146015  0.000149952  0.000153611  0.000157012  0.000160173   0.00016311   0.00016584  0.000168378  0.000170736  0.000172927  0.000174964  0.000176857  0.000178616  0.000180251  0.000181771  0.000183183  0.000184496  0.000185716   0.00018685  0.000187904  0.000188883  0.000189793  0.000190639  0.000191426  0.000192157  0.000192836  0.000193467  0.000194054    0.0001946  0.000195107  0.000195578  0.000196016  0.000196423  0.000196801  0.000197153   0.00019748  0.000197784  0.000198066  0.000198329  0.000198573    0.0001988  0.000199011  0.000199207   0.00019939  0.000199562  0.000199729  0.000199914  0.000200202  0.000200927
 -0.00221445   -0.0020693  -0.00192581  -0.00179028   -0.0016638  -0.00154614  -0.00143678  -0.00133515  -0.00124072  -0.00115297  -0.00107144 -0.000995655 -0.000925144 -0.000859255 -0.000796553 -0.000732452 -0.000661809 -0.000592211  -0.00052539 -0.000461608 -0.000400764  -0.00034268 -0.000287167 -0.000234045 -0.000183146 -0.000134318 -8.74299e-05 -4.24161e-05   5.7656e-07  4.05862e-05   7.3463e-05  9.44701e-05  0.000111572  0.000126852  0.000140896  0.000153909  0.000165991  0.000177217  0.000187649  0.000197344  0.000206354  0.000214727  0.000222508  0.000229739   0.00023646  0.000242706   0.00024851  0.000253904  0.000258918  0.000263577  0.000267907  0.000271931  0.000275671  0.000279147  0.000282378   0.00028538   0.00028817  0.000290764  0.000293174  0.000295414  0.000297496   0.00029943  0.000301229    0.0003029  0.000304453  0.000305897  0.000307239  0.000308486  0.000309645  0.000310722  0.000311723  0.000312654  0.000313519  0.000314323   0.00031507  0.000315764   0.00031641   0.00031701  0.000317567  0.000318085  0.000318567  0.000319015  0.000319431  0.000319818  0.000320177  0.000320512  0.000320822  0.000321111  0.000321379  0.000321629  0.000321861  0.000322076  0.000322277  0.000322463  0.000322637    0.0003228  0.000322959  0.000323135   0.00032341  0.000324104
 -0.00210621  -0.00196945  -0.00183321   -0.0017043  -0.00158393  -0.00147193  -0.00136783   -0.0012711  -0.00118121  -0.00109769  -0.00102005 -0.000947782 -0.000880126 -0.000815252 -0.000747032 -0.000668572 -0.000590286  -0.00051462 -0.000442008 -0.000372393 -0.000305603 -0.000241445 -0.000179738 -0.000120308 -6.30005e-05 -7.68895e-06  4.56721e-05  9.68404e-05  0.000144468  0.000182875  0.000205583  0.000223396  0.000239115  0.000253511  0.000266837  0.000279207  0.000290699  0.000301379  0.000311304  0.000320527  0.000329099  0.000337065  0.000344468  0.000351348  0.000357742  0.000363685  0.000369207   0.00037434   0.00037911  0.000383543  0.000387664  0.000391493  0.000395051  0.000398359  0.000401433   0.00040429  0.000406945  0.000409412  0.000411706  0.000413837  0.000415818   0.00041766  0.000419371  0.000420961  0.000422439  0.000423813   0.00042509  0.000426277   0.00042738  0.000428405  0.000429358  0.000430244  0.000431067  0.000431832  0.000432543  0.000433204  0.000433818  0.000434389   0.00043492  0.000435413  0.000435872  0.000436298  0.000436694  0.000437062  0.000437405  0.000437723  0.000438019  0.000438293  0.000438549  0.000438786  0.000439007  0.000439212  0.000439403  0.000439581  0.000439746  0.000439901  0.000440053  0.000440221  0.000440483  0.000441147
 -0.00200495   -0.0018752   -0.0017456  -0.00162288  -0.00150828  -0.00140165  -0.00130254  -0.00121044  -0.00112485  -0.00104529 -0.000971211 -0.000901751 -0.000834725 -0.000762627 -0.000676998 -0.000590778 -0.000507048 -0.000426399  -0.00034881 -0.000274111  -0.00020211  -0.00013262 -6.54636e-05 -4.83846e-07  6.24442e-05  0.000123347  0.000181898  0.000236405  0.000279819  0.000304109  0.000322612  0.000338776  0.000353535  0.000367186  0.000379855  0.000391624  0.000402561  0.000412725   0.00042217  0.000430948  0.000439106  0.000446688  0.000453734  0.000460283  0.000466368  0.000472024  0.000477281  0.000482166  0.000486707  0.000490926  0.000494848  0.000498493   0.00050188  0.000505028  0.000507954  0.000510673  0.000513201   0.00051555  0.000517733  0.000519762  0.000521648    0.0005234  0.000525029  0.000526543  0.000527951  0.000529258  0.000530474  0.000531604  0.000532654   0.00053363  0.000534537   0.00053538  0.000536164  0.000536892  0.000537569  0.000538199  0.000538783  0.000539327  0.000539832  0.000540302  0.000540738  0.000541144  0.000541521  0.000541872  0.000542198  0.000542501  0.000542782  0.000543044  0.000543287  0.000543513  0.000543723  0.000543919  0.000544101   0.00054427  0.000544427  0.000544575  0.000544719  0.000544879   0.00054513  0.000545765
 -0.00190073  -0.00177579  -0.00165258  -0.00153629  -0.00142779  -0.00132686  -0.00123305  -0.00114587  -0.00106482 -0.000989339 -0.000918497 -0.000849871  -0.00077503  -0.00068447 -0.000592819  -0.00050358 -0.000417449 -0.000334426 -0.000254346 -0.000177014 -0.000102239  -2.9843e-05  4.03354e-05   0.00010842  0.000174425  0.000237966  0.000297123  0.000343934  0.000369327  0.000388335  0.000404835  0.000419875  0.000433777  0.000446678  0.000458663  0.000469799  0.000480149  0.000489767  0.000498705  0.000507012  0.000514733  0.000521907  0.000528576  0.000534773  0.000540532  0.000545885  0.000550859  0.000555483   0.00055978  0.000563773  0.000567485  0.000570934   0.00057414  0.000577119  0.000579888  0.000582462  0.000584854  0.000587077  0.000589144  0.000591064  0.000592849  0.000594508  0.000596049  0.000597482  0.000598814  0.000600052  0.000601203  0.000602272  0.000603266   0.00060419  0.000605048  0.000605846  0.000606588  0.000607278  0.000607918  0.000608514  0.000609068  0.000609582   0.00061006  0.000610505  0.000610918  0.000611302  0.000611659  0.000611991    0.0006123  0.000612586  0.000612853  0.000613101  0.000613331  0.000613545  0.000613744  0.000613929  0.000614101  0.000614261   0.00061441   0.00061455  0.000614687  0.000614838  0.000615076  0.000615679
 -0.00178632  -0.00166503  -0.00154854  -0.00143935  -0.00133764  -0.00124308  -0.00115519  -0.00107349 -0.000997384 -0.000925935 -0.000856623 -0.000780665 -0.000688153 -0.000594362 -0.000502957 -0.000414674 -0.000329522 -0.000247337 -0.000167922 -9.10848e-05 -1.66455e-05  5.55577e-05  0.000125648  0.000193636  0.000259116   0.00032008  0.000368214   0.00039405  0.000413271  0.000429919  0.000445083  0.000459097  0.000472101  0.000484181  0.000495407  0.000505839  0.000515533  0.000524543  0.000532917  0.000540699  0.000547931  0.000554652  0.000560899  0.000566705    0.0005721  0.000577114  0.000581775  0.000586106  0.000590131  0.000593872  0.000597349  0.000600581  0.000603584  0.000606376   0.00060897  0.000611381  0.000613622  0.000615705   0.00061764  0.000619439  0.000621112  0.000622666   0.00062411  0.000625453  0.000626701   0.00062786  0.000628938   0.00062994  0.000630871  0.000631737  0.000632541  0.000633289  0.000633984   0.00063463   0.00063523  0.000635788  0.000636307  0.000636789  0.000637237  0.000637654  0.000638041  0.000638401  0.000638735  0.000639046  0.000639335  0.000639604  0.000639853  0.000640086  0.000640301  0.000640502  0.000640688  0.000640862  0.000641023  0.000641173  0.000641312  0.000641444  0.000641572  0.000641714  0.000641937  0.000642503
 -0.00165478  -0.00153642  -0.00142742  -0.00132639  -0.00123258  -0.00114543  -0.00106441 -0.000988954 -0.000918136  -0.00084952 -0.000774644 -0.000683963 -0.000592169  -0.00050278 -0.000416496  -0.00033332 -0.000253084 -0.000175597 -0.000100665 -2.81102e-05  4.22273e-05  0.000110471  0.000176636  0.000240335  0.000299639  0.000346552  0.000371965  0.000390973   0.00040747  0.000422504    0.0004364  0.000449296  0.000461276  0.000472408  0.000482753  0.000492367  0.000501302  0.000509606  0.000517323  0.000524495   0.00053116  0.000537355  0.000543112  0.000548463  0.000553435  0.000558057  0.000562352  0.000566344  0.000570054  0.000573502  0.000576706  0.000579685  0.000582453  0.000585025  0.000587416  0.000589639  0.000591704  0.000593624  0.000595408  0.000597066  0.000598607  0.000600039  0.000601371  0.000602608  0.000603758  0.000604827  0.000605821  0.000606744  0.000607602    0.0006084  0.000609142  0.000609831  0.000610471  0.000611067   0.00061162  0.000612134  0.000612613  0.000613057   0.00061347  0.000613854  0.000614211  0.000614542  0.000614851  0.000615137  0.000615404  0.000615651  0.000615881  0.000616095  0.000616294  0.000616479  0.000616651  0.000616811  0.000616959  0.000617097  0.000617226  0.000617347  0.000617465  0.000617596  0.000617802  0.000618324
 -0.00149439  -0.00137771   -0.0012775  -0.00118647   -0.0011024  -0.00102438 -0.000951778  -0.00088372  -0.00081809 -0.000747645 -0.000664228 -0.000580306 -0.000498841 -0.000420402  -0.00034496 -0.000272352 -0.000202387 -0.000134883 -6.96656e-05 -6.58111e-06  5.44935e-05  0.000113586  0.000170384  0.000223258  0.000265418  0.000289125  0.000307234  0.000323069  0.000337533  0.000350911  0.000363328  0.000374863  0.000385582  0.000395543  0.000404801  0.000413404    0.0004214  0.000428831  0.000435737  0.000442155   0.00044812  0.000453663  0.000458815  0.000463603  0.000468053  0.000472189  0.000476033  0.000479605  0.000482925  0.000486011  0.000488878  0.000491544  0.000494021  0.000496323  0.000498463  0.000500452    0.0005023  0.000504018  0.000505615  0.000507099  0.000508478   0.00050976  0.000510951  0.000512059  0.000513088  0.000514045  0.000514934   0.00051576  0.000516528  0.000517242  0.000517906  0.000518523  0.000519096  0.000519629  0.000520124  0.000520584  0.000521012   0.00052141   0.00052178  0.000522123  0.000522443  0.000522739  0.000523015  0.000523272   0.00052351  0.000523732  0.000523938  0.000524129  0.000524307  0.000524473  0.000524627   0.00052477  0.000524903  0.000525026  0.000525141   0.00052525  0.000525355  0.000525473  0.000525657  0.000526125
 -0.00129371  -0.00117815  -0.00108874  -0.00101022 -0.000938385 -0.000871831 -0.000809656 -0.000750286 -0.000688739 -0.000619435 -0.000550711 -0.000484501 -0.000421127 -0.000360515 -0.000302502 -0.000246911 -0.000193572 -0.000142328 -9.30351e-05 -4.55739e-05  1.07806e-07  4.38302e-05  8.45236e-05  0.000117634  0.000137966  0.000154214  0.000168644  0.000181884  0.000194145  0.000205528  0.000216105  0.000225934  0.000235068  0.000243557  0.000251446  0.000258777  0.000265591  0.000271924  0.000277809  0.000283278  0.000288362  0.000293086  0.000297477  0.000301557   0.00030535  0.000308874   0.00031215  0.000315194  0.000318024  0.000320654  0.000323098  0.000325369   0.00032748  0.000329443  0.000331266  0.000332961  0.000334537  0.000336001  0.000337362  0.000338626  0.000339802  0.000340894   0.00034191  0.000342854  0.000343731  0.000344546  0.000345304  0.000346009  0.000346663  0.000347272  0.000347837  0.000348363  0.000348852  0.000349306  0.000349728   0.00035012  0.000350485  0.000350824  0.000351139  0.000351432  0.000351704  0.000351957  0.000352193  0.000352411  0.000352614  0.000352803  0.000352979  0.000353142  0.000353294  0.000353435  0.000353566  0.000353688  0.000353801  0.000353907  0.000354005  0.000354097  0.000354187  0.000354287  0.000354445  0.000354845
 -0.00104169 -0.000927352 -0.000851481 -0.000788673 -0.000732234 -0.000680171 -0.000631477 -0.000584523 -0.000537601 -0.000492823 -0.000450574  -0.00041081 -0.000373389 -0.000338155 -0.000304955 -0.000273645 -0.000244093 -0.000216174  -0.00018978 -0.000164822 -0.000141283  -0.00011939 -0.000100326 -8.54488e-05 -7.23429e-05 -6.03457e-05 -4.92424e-05 -3.89353e-05 -2.93594e-05 -2.04608e-05  -1.2191e-05 -4.50543e-06  2.63722e-06  9.27535e-06  1.54446e-05  2.11781e-05  2.65067e-05   3.1459e-05  3.60615e-05   4.0339e-05  4.43145e-05  4.80093e-05  5.14431e-05  5.46346e-05  5.76007e-05  6.03574e-05  6.29194e-05  6.53007e-05  6.75138e-05  6.95707e-05  7.14824e-05  7.32592e-05  7.49106e-05  7.64455e-05   7.7872e-05  7.91979e-05  8.04302e-05  8.15755e-05  8.26401e-05  8.36295e-05  8.45491e-05  8.54038e-05  8.61983e-05  8.69367e-05   8.7623e-05  8.82609e-05  8.88538e-05  8.94049e-05  8.99171e-05  9.03932e-05  9.08357e-05   9.1247e-05  9.16293e-05  9.19847e-05   9.2315e-05   9.2622e-05  9.29074e-05  9.31726e-05  9.34192e-05  9.36484e-05  9.38614e-05  9.40594e-05  9.42435e-05  9.44145e-05  9.45736e-05  9.47214e-05  9.48588e-05  9.49866e-05  9.51053e-05  9.52157e-05  9.53183e-05  9.54137e-05  9.55023e-05  9.55848e-05  9.56617e-05   9.5734e-05  9.58045e-05  9.58829e-05  9.60066e-05  9.63217e-05
-0.000660588 -0.000535977 -0.000478386 -0.000439718 -0.000407945 -0.000381057 -0.000363009 -0.000359015 -0.000359855 -0.000363101 -0.000368055 -0.000374463 -0.000382189  -0.00039113 -0.000401201 -0.000412318 -0.000424405 -0.000437371 -0.000451075 -0.000465142 -0.000478279 -0.000485544 -0.000481333  -0.00047464 -0.000467715 -0.000461101 -0.000454908 -0.000449141 -0.000443778 -0.000438792 -0.000434159 -0.000429852  -0.00042585  -0.00042213 -0.000418672 -0.000415458 -0.000412471 -0.000409695 -0.000407115 -0.000404717 -0.000402488 -0.000400416  -0.00039849 -0.000396701 -0.000395037 -0.000393491 -0.000392054 -0.000390718 -0.000389476 -0.000388322  -0.00038725 -0.000386253 -0.000385326 -0.000384465 -0.000383664  -0.00038292 -0.000382228 -0.000381585 -0.000380988 -0.000380432 -0.000379916 -0.000379436  -0.00037899 -0.000378575  -0.00037819 -0.000377832 -0.000377499 -0.000377189 -0.000376901 -0.000376634 -0.000376385 -0.000376154 -0.000375939  -0.00037574 -0.000375554 -0.000375381 -0.000375221 -0.000375072 -0.000374933 -0.000374804 -0.000374685 -0.000374573  -0.00037447 -0.000374374 -0.000374284 -0.000374201 -0.000374124 -0.000374052 -0.000373985 -0.000373923 -0.000373865 -0.000373812 -0.000373762 -0.000373715 -0.000373672 -0.000373631 -0.000373592 -0.000373547 -0.000373476 -0.000373293
-0.000152684  -2.5103e-05  5.89563e-06  1.14453e-05  6.46218e-06 -1.75474e-05 -7.43142e-05 -0.000139318 -0.000206348 -0.000273837 -0.000341391 -0.000408917 -0.000476393 -0.000543819 -0.000611196 -0.000678513 -0.000745722 -0.000812613 -0.000878349 -0.000939609 -0.000983286 -0.000994487 -0.000997445 -0.000998304 -0.000998622 -0.000998796 -0.000998925 -0.000999036 -0.000999136 -0.000999228 -0.000999313 -0.000999391 -0.000999462 -0.000999528 -0.000999588 -0.000999644 -0.000999695 -0.000999742 -0.000999785 -0.000999825 -0.000999862 -0.000999895 -0.000999926 -0.000999955 -0.000999981       -0.001  -0.00100003  -0.00100005  -0.00100007  -0.00100008   -0.0010001  -0.00100011  -0.00100013  -0.00100014  -0.00100015  -0.00100016  -0.00100017  -0.00100018  -0.00100019  -0.00100019   -0.0010002  -0.00100021  -0.00100021  -0.00100022  -0.00100022  -0.00100023  -0.00100023  -0.00100023  -0.00100024  -0.00100024  -0.00100024  -0.00100024  -0.00100025  -0.00100025  -0.00100025  -0.00100025  -0.00100025  -0.00100026  -0.00100026  -0.00100026  -0.00100026  -0.00100026  -0.00100026  -0.00100026  -0.00100026  -0.00100026  -0.00100026  -0.00100026  -0.00100027  -0.00100027  -0.00100027  -0.00100027  -0.00100027  -0.00100027  -0.00100027  -0.00100027  -0.00100027  -0.00100027  -0.00100026  -0.00100025
 0.000616187  0.000764029  0.000755675  0.000702586  0.000608569  0.000451535     0.000281  0.000109342 -6.04687e-05 -0.000227831 -0.000392736 -0.000555313 -0.000715716 -0.000874094  -0.00103056  -0.00118516  -0.00133757  -0.00148627   -0.0016248  -0.00172736  -0.00176463  -0.00178456  -0.00179934  -0.00181213  -0.00182378  -0.00183453  -0.00184451  -0.00185378  -0.00186239  -0.00187039  -0.00187783  -0.00188473  -0.00189115  -0.00189711  -0.00190265   -0.0019078  -0.00191258  -0.00191703  -0.00192116  -0.00192499  -0.00192856  -0.00193187  -0.00193495  -0.00193781  -0.00194046  -0.00194293  -0.00194523  -0.00194736  -0.00194934  -0.00195118  -0.00195289  -0.00195448  -0.00195596  -0.00195733   -0.0019586  -0.00195979  -0.00196089  -0.00196191  -0.00196286  -0.00196375  -0.00196457  -0.00196533  -0.00196604   -0.0019667  -0.00196731  -0.00196788   -0.0019684   -0.0019689  -0.00196935  -0.00196978  -0.00197017  -0.00197054  -0.00197088  -0.00197119  -0.00197149  -0.00197176  -0.00197201  -0.00197225  -0.00197247  -0.00197267  -0.00197286  -0.00197304   -0.0019732  -0.00197335  -0.00197349  -0.00197362  -0.00197375  -0.00197386  -0.00197396  -0.00197406  -0.00197415  -0.00197424  -0.00197432  -0.00197439  -0.00197446  -0.00197452  -0.00197458  -0.00197465  -0.00197475    -0.001975
