-0.102494 -0.102494 -0.102494 -0.102494 -0.102494 -0.102494 -0.102494 -0.102494 -0.102494 -0.102494 -0.102494 -0.102494 -0.102494 -0.102494 -0.102494 -0.102494 -0.102494 -0.102494 -0.102494 -0.102494 -0.102494 -0.102494 -0.102494 -0.102494 -0.102494 -0.102494 -0.102494 -0.102494 -0.102494 -0.102494 -0.102494 -0.102494 -0.102494 -0.102494 -0.102494 -0.102494 -0.102494 -0.102494 -0.102494 -0.102494 -0.102494 -0.102494 -0.102494 -0.102494 -0.102494 -0.102494 -0.102494 -0.102494 -0.102494 -0.102494 -0.102494 -0.102494 -0.102494 -0.102494 -0.102494 -0.102494 -0.102494 -0.102494 -0.102494 -0.102494 -0.102494 -0.102494 -0.102494 -0.102494 -0.102494 -0.102494 -0.102494 -0.102494 -0.102494 -0.102494 -0.102494 -0.102494 -0.102494 -0.102494 -0.102494 -0.102494 -0.102494 -0.102494 -0.102494 -0.102494 -0.102494 -0.102494 -0.102494 -0.102494 -0.102494 -0.102494 -0.102494 -0.102494 -0.102494 -0.102494 -0.102494 -0.102494 -0.102494 -0.102494 -0.102494 -0.102494 -0.102494 -0.102494 -0.102494 -0.102494
 -0.102602  -0.102622   -0.10262  -0.102612  -0.102604  -0.102597  -0.102589  -0.102583  -0.102576   -0.10257  -0.102565   -0.10256  -0.102555  -0.102551  -0.102547  -0.102543   -0.10254  -0.102536  -0.102533   -0.10253  -0.102528  -0.102525  -0.102523  -0.102521  -0.102519  -0.102517  -0.102516  -0.102514  -0.102513  -0.102511   -0.10251  -0.102509  -0.102508  -0.102507  -0.102506  -0.102505  -0.102504  -0.102503  -0.102503  -0.102502  -0.102502  -0.102501  -0.102501    -0.1025    -0.1025  -0.102499  -0.102499  -0.102499  -0.102499  -0.102499  -0.102499  -0.102498  -0.102498  -0.102498  -0.102499  -0.102499  -0.102499  -0.102499  -0.102499    -0.1025    -0.1025  -0.102501  -0.102501  -0.102502  -0.102503  -0.102504  -0.102505  -0.102506  -0.102507  -0.102508   -0.10251  -0.102512  -0.102513  -0.102516  -0.102518   -0.10252  -0.102523  -0.102526   -0.10253  -0.102534  -0.102538  -0.102542  -0.102547  -0.102553  -0.102559  -0.102566  -0.102573  -0.102581   -0.10259  -0.102599  -0.102609   -0.10262  -0.102629  -0.102627  -0.102581  -0.102358  -0.101428 -0.0977052 -0.0829544 -0.0246613
 -0.102621  -0.102618  -0.102611  -0.102603  -0.102596  -0.102589  -0.102582  -0.102576   -0.10257  -0.102564  -0.102559  -0.102555   -0.10255  -0.102546  -0.102543  -0.102539  -0.102536  -0.102533   -0.10253  -0.102528  -0.102525  -0.102523  -0.102521  -0.102519  -0.102517  -0.102515  -0.102514  -0.102512  -0.102511   -0.10251  -0.102509  -0.102508  -0.102507  -0.102506  -0.102505  -0.102504  -0.102503  -0.102503  -0.102502  -0.102502  -0.102501  -0.102501    -0.1025    -0.1025    -0.1025    -0.1025  -0.102499  -0.102499  -0.102499  -0.102499  -0.102499  -0.102499  -0.102499  -0.102499  -0.102499    -0.1025    -0.1025    -0.1025  -0.102501  -0.102501  -0.102502  -0.102503  -0.102503  -0.102504  -0.102505  -0.102506  -0.102508  -0.102509   -0.10251  -0.102512  -0.102514  -0.102516  -0.102518  -0.102521  -0.102524  -0.102527   -0.10253  -0.102534  -0.102538  -0.102542  -0.102547  -0.102553  -0.102559  -0.102565  -0.102572   -0.10258  -0.102588  -0.102598  -0.102608  -0.102619   -0.10263  -0.102639  -0.102638   -0.10259  -0.102355  -0.101377  -0.097463  -0.081953 -0.0206599 -0.0053187
   -0.102618    -0.102611    -0.102603    -0.102595    -0.102588    -0.102582    -0.102575     -0.10257    -0.102564    -0.102559    -0.102554     -0.10255    -0.102546    -0.102542    -0.102539    -0.102536    -0.102533     -0.10253    -0.102527    -0.102525    -0.102523    -0.102521    -0.102519    -0.102517    -0.102515    -0.102514    -0.102512    -0.102511     -0.10251    -0.102509    -0.102508    -0.102507    -0.102506    -0.102505    -0.102504    -0.102503    -0.102503    -0.102502    -0.102502    -0.102501    -0.102501      -0.1025      -0.1025      -0.1025      -0.1025    -0.102499    -0.102499    -0.102499    -0.102499    -0.102499    -0.102499    -0.102499    -0.102499    -0.102499      -0.1025      -0.1025      -0.1025    -0.102501    -0.102501    -0.102502    -0.102503    -0.102503    -0.102504    -0.102505    -0.102506    -0.102508    -0.102509    -0.102511    -0.102512    -0.102514    -0.102516    -0.102519    -0.102521    -0.102524    -0.102527     -0.10253    -0.102534    -0.102538    -0.102543    -0.102548    -0.102553    -0.102559    -0.102566    -0.102573    -0.102581    -0.102589    -0.102598    -0.102609     -0.10262    -0.102631     -0.10264    -0.102639     -0.10259    -0.102355    -0.101376   -0.0974575   -0.0819278   -0.0205568  -0.00490766 -0.000486575
   -0.102611    -0.102603    -0.102595    -0.102588    -0.102581    -0.102575    -0.102569    -0.102564    -0.102559    -0.102554     -0.10255    -0.102546    -0.102542    -0.102539    -0.102536    -0.102533     -0.10253    -0.102527    -0.102525    -0.102523    -0.102521    -0.102519    -0.102517    -0.102515    -0.102514    -0.102512    -0.102511     -0.10251    -0.102509    -0.102508    -0.102507    -0.102506    -0.102505    -0.102504    -0.102503    -0.102503    -0.102502    -0.102502    -0.102501    -0.102501      -0.1025      -0.1025      -0.1025      -0.1025    -0.102499    -0.102499    -0.102499    -0.102499    -0.102499    -0.102499    -0.102499    -0.102499    -0.102499      -0.1025      -0.1025      -0.1025    -0.102501    -0.102501    -0.102502    -0.102503    -0.102503    -0.102504    -0.102505    -0.102506    -0.102507    -0.102509     -0.10251    -0.102512    -0.102514    -0.102516    -0.102518    -0.102521    -0.102524    -0.102527     -0.10253    -0.102534    -0.102538    -0.102542    -0.102547    -0.102553    -0.102558    -0.102565    -0.102572     -0.10258    -0.102588    -0.102598    -0.102608    -0.102618     -0.10263    -0.102639    -0.102637    -0.102589    -0.102354    -0.101375   -0.0974575   -0.0819333    -0.020584  -0.00502159 -0.000943054  0.000674771
  -0.102603   -0.102595   -0.102588   -0.102581   -0.102575   -0.102569   -0.102564   -0.102559   -0.102554    -0.10255   -0.102546   -0.102542   -0.102539   -0.102536   -0.102533    -0.10253   -0.102527   -0.102525   -0.102523   -0.102521   -0.102519   -0.102517   -0.102515   -0.102514   -0.102512   -0.102511    -0.10251   -0.102509   -0.102508   -0.102507   -0.102506   -0.102505   -0.102504   -0.102503   -0.102503   -0.102502   -0.102502   -0.102501   -0.102501     -0.1025     -0.1025     -0.1025   -0.102499   -0.102499   -0.102499   -0.102499   -0.102499   -0.102499   -0.102499   -0.102499   -0.102499   -0.102499     -0.1025     -0.1025     -0.1025   -0.102501   -0.102501   -0.102502   -0.102502   -0.102503   -0.102504   -0.102505   -0.102506   -0.102507   -0.102509    -0.10251   -0.102512   -0.102514   -0.102516   -0.102518    -0.10252   -0.102523   -0.102526   -0.102529   -0.102533   -0.102537   -0.102542   -0.102546   -0.102552   -0.102558   -0.102564   -0.102571   -0.102579   -0.102587   -0.102596   -0.102606   -0.102617   -0.102628   -0.102637   -0.102635   -0.102587   -0.102352   -0.101373  -0.0974559  -0.0819334  -0.0205918 -0.00505981 -0.00110221 3.75898e-05 0.000910826
  -0.102595   -0.102588   -0.102581   -0.102575   -0.102569   -0.102564   -0.102559   -0.102554    -0.10255   -0.102546   -0.102542   -0.102539   -0.102536   -0.102533    -0.10253   -0.102527   -0.102525   -0.102523   -0.102521   -0.102519   -0.102517   -0.102515   -0.102514   -0.102512   -0.102511    -0.10251   -0.102509   -0.102508   -0.102507   -0.102506   -0.102505   -0.102504   -0.102503   -0.102503   -0.102502   -0.102502   -0.102501   -0.102501     -0.1025     -0.1025     -0.1025   -0.102499   -0.102499   -0.102499   -0.102499   -0.102499   -0.102499   -0.102499   -0.102499   -0.102499   -0.102499   -0.102499     -0.1025     -0.1025     -0.1025   -0.102501   -0.102502   -0.102502   -0.102503   -0.102504   -0.102505   -0.102506   -0.102507   -0.102508    -0.10251   -0.102511   -0.102513   -0.102515   -0.102518    -0.10252   -0.102523   -0.102526   -0.102529   -0.102533   -0.102537   -0.102541   -0.102546   -0.102551   -0.102557   -0.102563    -0.10257   -0.102578   -0.102586   -0.102595   -0.102605   -0.102616   -0.102627   -0.102636   -0.102634   -0.102585    -0.10235   -0.101371  -0.0974539  -0.0819318   -0.020592  -0.0050677 -0.00114103 -0.00012395   0.0002642 0.000916725
   -0.102588    -0.102581    -0.102575    -0.102569    -0.102564    -0.102559    -0.102554     -0.10255    -0.102546    -0.102542    -0.102539    -0.102536    -0.102533     -0.10253    -0.102527    -0.102525    -0.102523    -0.102521    -0.102519    -0.102517    -0.102515    -0.102514    -0.102512    -0.102511     -0.10251    -0.102509    -0.102508    -0.102507    -0.102506    -0.102505    -0.102504    -0.102503    -0.102503    -0.102502    -0.102502    -0.102501    -0.102501      -0.1025      -0.1025      -0.1025    -0.102499    -0.102499    -0.102499    -0.102499    -0.102499    -0.102499    -0.102499    -0.102499    -0.102499    -0.102499    -0.102499      -0.1025      -0.1025      -0.1025    -0.102501    -0.102501    -0.102502    -0.102503    -0.102504    -0.102505    -0.102506    -0.102507    -0.102508     -0.10251    -0.102511    -0.102513    -0.102515    -0.102517     -0.10252    -0.102522    -0.102525    -0.102529    -0.102532    -0.102536     -0.10254    -0.102545     -0.10255    -0.102556    -0.102562    -0.102569    -0.102577    -0.102585    -0.102594    -0.102604    -0.102615    -0.102626    -0.102634    -0.102632    -0.102584    -0.102348    -0.101369   -0.0974521   -0.0819299   -0.0205904  -0.00506789  -0.00114855 -0.000160899  0.000110497  0.000301506  0.000868247
   -0.102581    -0.102575    -0.102569    -0.102564    -0.102559    -0.102554     -0.10255    -0.102546    -0.102542    -0.102539    -0.102536    -0.102533     -0.10253    -0.102527    -0.102525    -0.102523    -0.102521    -0.102519    -0.102517    -0.102515    -0.102514    -0.102512    -0.102511     -0.10251    -0.102509    -0.102508    -0.102507    -0.102506    -0.102505    -0.102504    -0.102503    -0.102503    -0.102502    -0.102502    -0.102501    -0.102501      -0.1025      -0.1025      -0.1025    -0.102499    -0.102499    -0.102499    -0.102499    -0.102499    -0.102499    -0.102499    -0.102499    -0.102499    -0.102499    -0.102499      -0.1025      -0.1025      -0.1025    -0.102501    -0.102501    -0.102502    -0.102503    -0.102503    -0.102504    -0.102505    -0.102507    -0.102508    -0.102509    -0.102511    -0.102513    -0.102515    -0.102517    -0.102519    -0.102522    -0.102525    -0.102528    -0.102532    -0.102536     -0.10254    -0.102545     -0.10255    -0.102556    -0.102562    -0.102569    -0.102576    -0.102584    -0.102593    -0.102603    -0.102614    -0.102625    -0.102633    -0.102631    -0.102583    -0.102347    -0.101368   -0.0974504   -0.0819282   -0.0205887  -0.00506646  -0.00114873 -0.000167939  7.59081e-05   0.00015764  0.000292428  0.000809635
   -0.102575    -0.102569    -0.102564    -0.102559    -0.102554     -0.10255    -0.102546    -0.102542    -0.102539    -0.102536    -0.102533     -0.10253    -0.102527    -0.102525    -0.102523    -0.102521    -0.102519    -0.102517    -0.102515    -0.102514    -0.102512    -0.102511     -0.10251    -0.102509    -0.102507    -0.102507    -0.102506    -0.102505    -0.102504    -0.102503    -0.102503    -0.102502    -0.102502    -0.102501    -0.102501      -0.1025      -0.1025      -0.1025    -0.102499    -0.102499    -0.102499    -0.102499    -0.102499    -0.102499    -0.102499    -0.102499    -0.102499    -0.102499    -0.102499    -0.102499      -0.1025      -0.1025    -0.102501    -0.102501    -0.102502    -0.102503    -0.102503    -0.102504    -0.102505    -0.102506    -0.102508    -0.102509    -0.102511    -0.102513    -0.102515    -0.102517    -0.102519    -0.102522    -0.102525    -0.102528    -0.102531    -0.102535     -0.10254    -0.102544    -0.102549    -0.102555    -0.102561    -0.102568    -0.102576    -0.102584    -0.102593    -0.102602    -0.102613    -0.102624    -0.102632     -0.10263    -0.102582    -0.102346    -0.101367    -0.097449   -0.0819267   -0.0205871  -0.00506484   -0.0011474 -0.000168117  6.93424e-05  0.000125403   0.00015836  0.000273048   0.00075183
   -0.102569    -0.102564    -0.102559    -0.102554     -0.10255    -0.102546    -0.102542    -0.102539    -0.102536    -0.102533     -0.10253    -0.102527    -0.102525    -0.102523    -0.102521    -0.102519    -0.102517    -0.102515    -0.102514    -0.102512    -0.102511     -0.10251    -0.102509    -0.102507    -0.102507    -0.102506    -0.102505    -0.102504    -0.102503    -0.102503    -0.102502    -0.102502    -0.102501    -0.102501      -0.1025      -0.1025      -0.1025    -0.102499    -0.102499    -0.102499    -0.102499    -0.102499    -0.102499    -0.102499    -0.102499    -0.102499    -0.102499    -0.102499    -0.102499      -0.1025      -0.1025    -0.102501    -0.102501    -0.102502    -0.102502    -0.102503    -0.102504    -0.102505    -0.102506    -0.102508    -0.102509    -0.102511    -0.102512    -0.102514    -0.102516    -0.102519    -0.102522    -0.102524    -0.102528    -0.102531    -0.102535    -0.102539    -0.102544    -0.102549    -0.102555    -0.102561    -0.102568    -0.102575    -0.102583    -0.102592    -0.102602    -0.102612    -0.102623    -0.102632    -0.102629    -0.102581    -0.102345    -0.101365   -0.0974478   -0.0819254   -0.0205857  -0.00506335   -0.0011459 -0.000166879  6.91731e-05  0.000119288  0.000128351   0.00014826  0.000252396  0.000697358
   -0.102564    -0.102559    -0.102554     -0.10255    -0.102546    -0.102542    -0.102539    -0.102535    -0.102532     -0.10253    -0.102527    -0.102525    -0.102523     -0.10252    -0.102519    -0.102517    -0.102515    -0.102514    -0.102512    -0.102511     -0.10251    -0.102509    -0.102507    -0.102506    -0.102506    -0.102505    -0.102504    -0.102503    -0.102503    -0.102502    -0.102501    -0.102501    -0.102501      -0.1025      -0.1025      -0.1025    -0.102499    -0.102499    -0.102499    -0.102499    -0.102499    -0.102499    -0.102499    -0.102499    -0.102499    -0.102499    -0.102499    -0.102499      -0.1025      -0.1025    -0.102501    -0.102501    -0.102502    -0.102502    -0.102503    -0.102504    -0.102505    -0.102506    -0.102507    -0.102509     -0.10251    -0.102512    -0.102514    -0.102516    -0.102519    -0.102521    -0.102524    -0.102527    -0.102531    -0.102535    -0.102539    -0.102544    -0.102549    -0.102554     -0.10256    -0.102567    -0.102575    -0.102583    -0.102592    -0.102601    -0.102612    -0.102622    -0.102631    -0.102629     -0.10258    -0.102344    -0.101364   -0.0974468   -0.0819243   -0.0205845  -0.00506205  -0.00114452 -0.000165484  7.03215e-05  0.000119126  0.000122657  0.000120333  0.000136281  0.000232653   0.00064663
   -0.102559    -0.102554     -0.10255    -0.102546    -0.102542    -0.102539    -0.102535    -0.102532     -0.10253    -0.102527    -0.102525    -0.102523     -0.10252    -0.102519    -0.102517    -0.102515    -0.102514    -0.102512    -0.102511     -0.10251    -0.102508    -0.102507    -0.102506    -0.102506    -0.102505    -0.102504    -0.102503    -0.102503    -0.102502    -0.102501    -0.102501    -0.102501      -0.1025      -0.1025    -0.102499    -0.102499    -0.102499    -0.102499    -0.102499    -0.102499    -0.102499    -0.102499    -0.102499    -0.102499    -0.102499    -0.102499    -0.102499      -0.1025      -0.1025      -0.1025    -0.102501    -0.102502    -0.102502    -0.102503    -0.102504    -0.102505    -0.102506    -0.102507    -0.102509     -0.10251    -0.102512    -0.102514    -0.102516    -0.102519    -0.102521    -0.102524    -0.102527    -0.102531    -0.102534    -0.102539    -0.102543    -0.102548    -0.102554     -0.10256    -0.102567    -0.102574    -0.102582    -0.102591    -0.102601    -0.102611    -0.102622     -0.10263    -0.102628    -0.102579    -0.102343    -0.101364   -0.0974459   -0.0819233   -0.0205834  -0.00506093  -0.00114331 -0.000164205  7.16162e-05  0.000120192  0.000122503  0.000115032  0.000110295  0.000124619  0.000214278  0.000599541
   -0.102554     -0.10255    -0.102546    -0.102542    -0.102539    -0.102535    -0.102532     -0.10253    -0.102527    -0.102525    -0.102523     -0.10252    -0.102519    -0.102517    -0.102515    -0.102514    -0.102512    -0.102511     -0.10251    -0.102508    -0.102507    -0.102506    -0.102506    -0.102505    -0.102504    -0.102503    -0.102503    -0.102502    -0.102501    -0.102501    -0.102501      -0.1025      -0.1025    -0.102499    -0.102499    -0.102499    -0.102499    -0.102499    -0.102499    -0.102499    -0.102499    -0.102499    -0.102499    -0.102499    -0.102499    -0.102499      -0.1025      -0.1025      -0.1025    -0.102501    -0.102502    -0.102502    -0.102503    -0.102504    -0.102505    -0.102506    -0.102507    -0.102509     -0.10251    -0.102512    -0.102514    -0.102516    -0.102518    -0.102521    -0.102524    -0.102527     -0.10253    -0.102534    -0.102538    -0.102543    -0.102548    -0.102554     -0.10256    -0.102567    -0.102574    -0.102582    -0.102591      -0.1026    -0.102611    -0.102621     -0.10263    -0.102627    -0.102578    -0.102342    -0.101363   -0.0974451   -0.0819225   -0.0205825  -0.00505996  -0.00114227 -0.000163084  7.28039e-05  0.000121393  0.000123491  0.000114886   0.00010536  0.000100439  0.000113764  0.000197297  0.000555868
    -0.10255    -0.102546    -0.102542    -0.102539    -0.102535    -0.102532     -0.10253    -0.102527    -0.102525    -0.102522     -0.10252    -0.102519    -0.102517    -0.102515    -0.102514    -0.102512    -0.102511     -0.10251    -0.102508    -0.102507    -0.102506    -0.102506    -0.102505    -0.102504    -0.102503    -0.102503    -0.102502    -0.102501    -0.102501    -0.102501      -0.1025      -0.1025    -0.102499    -0.102499    -0.102499    -0.102499    -0.102499    -0.102499    -0.102498    -0.102498    -0.102499    -0.102499    -0.102499    -0.102499    -0.102499      -0.1025      -0.1025      -0.1025    -0.102501    -0.102501    -0.102502    -0.102503    -0.102504    -0.102505    -0.102506    -0.102507    -0.102509     -0.10251    -0.102512    -0.102514    -0.102516    -0.102518    -0.102521    -0.102524    -0.102527     -0.10253    -0.102534    -0.102538    -0.102543    -0.102548    -0.102553     -0.10256    -0.102566    -0.102574    -0.102582     -0.10259      -0.1026     -0.10261    -0.102621    -0.102629    -0.102627    -0.102578    -0.102342    -0.101362   -0.0974444   -0.0819217   -0.0205818  -0.00505912  -0.00114137 -0.000162114  7.38444e-05  0.000122496  0.000124607  0.000115802  0.000105221  9.58443e-05  9.12652e-05  0.000103781  0.000181637  0.000515372
   -0.102546    -0.102542    -0.102539    -0.102535    -0.102532     -0.10253    -0.102527    -0.102525    -0.102522     -0.10252    -0.102519    -0.102517    -0.102515    -0.102514    -0.102512    -0.102511     -0.10251    -0.102508    -0.102507    -0.102506    -0.102506    -0.102505    -0.102504    -0.102503    -0.102503    -0.102502    -0.102501    -0.102501      -0.1025      -0.1025      -0.1025    -0.102499    -0.102499    -0.102499    -0.102499    -0.102499    -0.102499    -0.102498    -0.102498    -0.102499    -0.102499    -0.102499    -0.102499    -0.102499    -0.102499      -0.1025      -0.1025    -0.102501    -0.102501    -0.102502    -0.102503    -0.102504    -0.102505    -0.102506    -0.102507    -0.102509     -0.10251    -0.102512    -0.102514    -0.102516    -0.102518    -0.102521    -0.102524    -0.102527     -0.10253    -0.102534    -0.102538    -0.102543    -0.102548    -0.102553    -0.102559    -0.102566    -0.102573    -0.102581     -0.10259      -0.1026     -0.10261     -0.10262    -0.102629    -0.102626    -0.102577    -0.102341    -0.101362   -0.0974438   -0.0819211   -0.0205811   -0.0050584  -0.00114059 -0.000161277  7.47451e-05  0.000123462   0.00012563  0.000116838  0.000106071  9.57124e-05  8.69873e-05  8.28462e-05  9.46317e-05  0.000167204  0.000477824
   -0.102542    -0.102539    -0.102535    -0.102532     -0.10253    -0.102527    -0.102525    -0.102522     -0.10252    -0.102518    -0.102517    -0.102515    -0.102514    -0.102512    -0.102511     -0.10251    -0.102508    -0.102507    -0.102506    -0.102506    -0.102505    -0.102504    -0.102503    -0.102503    -0.102502    -0.102501    -0.102501      -0.1025      -0.1025      -0.1025    -0.102499    -0.102499    -0.102499    -0.102499    -0.102499    -0.102499    -0.102498    -0.102498    -0.102498    -0.102499    -0.102499    -0.102499    -0.102499    -0.102499      -0.1025      -0.1025    -0.102501    -0.102501    -0.102502    -0.102503    -0.102504    -0.102505    -0.102506    -0.102507    -0.102508     -0.10251    -0.102512    -0.102514    -0.102516    -0.102518    -0.102521    -0.102523    -0.102527     -0.10253    -0.102534    -0.102538    -0.102543    -0.102548    -0.102553    -0.102559    -0.102566    -0.102573    -0.102581     -0.10259    -0.102599     -0.10261     -0.10262    -0.102628    -0.102626    -0.102577    -0.102341    -0.101361   -0.0974433   -0.0819206   -0.0205805  -0.00505778  -0.00113992 -0.000160555  7.55222e-05  0.000124298  0.000126527  0.000117788  0.000107032  9.65009e-05  8.68621e-05  7.88635e-05  7.51517e-05  8.62551e-05  0.000153903  0.000443011
   -0.102538    -0.102535    -0.102532     -0.10253    -0.102527    -0.102525    -0.102522     -0.10252    -0.102518    -0.102517    -0.102515    -0.102514    -0.102512    -0.102511     -0.10251    -0.102508    -0.102507    -0.102506    -0.102506    -0.102505    -0.102504    -0.102503    -0.102503    -0.102502    -0.102501    -0.102501      -0.1025      -0.1025      -0.1025    -0.102499    -0.102499    -0.102499    -0.102499    -0.102499    -0.102498    -0.102498    -0.102498    -0.102498    -0.102499    -0.102499    -0.102499    -0.102499    -0.102499      -0.1025      -0.1025    -0.102501    -0.102501    -0.102502    -0.102503    -0.102504    -0.102505    -0.102506    -0.102507    -0.102508     -0.10251    -0.102512    -0.102514    -0.102516    -0.102518    -0.102521    -0.102523    -0.102526     -0.10253    -0.102534    -0.102538    -0.102542    -0.102547    -0.102553    -0.102559    -0.102566    -0.102573    -0.102581     -0.10259    -0.102599    -0.102609     -0.10262    -0.102628    -0.102626    -0.102577     -0.10234    -0.101361   -0.0974429   -0.0819201     -0.02058  -0.00505724  -0.00113934 -0.000159933  7.61922e-05   0.00012502  0.000127303   0.00011862  0.000107914   9.7393e-05  8.75934e-05  7.87446e-05  7.14439e-05  6.81292e-05  7.85899e-05  0.000141649  0.000410734
   -0.102535    -0.102532     -0.10253    -0.102527    -0.102525    -0.102522     -0.10252    -0.102518    -0.102517    -0.102515    -0.102514    -0.102512    -0.102511     -0.10251    -0.102508    -0.102507    -0.102506    -0.102505    -0.102505    -0.102504    -0.102503    -0.102503    -0.102502    -0.102501    -0.102501      -0.1025      -0.1025      -0.1025    -0.102499    -0.102499    -0.102499    -0.102499    -0.102499    -0.102498    -0.102498    -0.102498    -0.102498    -0.102499    -0.102499    -0.102499    -0.102499    -0.102499      -0.1025      -0.1025    -0.102501    -0.102501    -0.102502    -0.102503    -0.102504    -0.102505    -0.102506    -0.102507    -0.102508     -0.10251    -0.102512    -0.102514    -0.102516    -0.102518     -0.10252    -0.102523    -0.102526     -0.10253    -0.102534    -0.102538    -0.102542    -0.102547    -0.102553    -0.102559    -0.102565    -0.102573    -0.102581    -0.102589    -0.102599    -0.102609    -0.102619    -0.102628    -0.102625    -0.102576     -0.10234    -0.101361   -0.0974425   -0.0819197   -0.0205796  -0.00505678  -0.00113884 -0.000159397  7.67696e-05  0.000125642  0.000127973  0.000119341  0.000108687  9.82119e-05  8.84215e-05   7.9423e-05  7.13311e-05  6.46773e-05  6.17239e-05  7.15778e-05  0.000130358  0.000380808
   -0.102532     -0.10253    -0.102527    -0.102525    -0.102522     -0.10252    -0.102518    -0.102517    -0.102515    -0.102513    -0.102512    -0.102511     -0.10251    -0.102508    -0.102507    -0.102506    -0.102505    -0.102505    -0.102504    -0.102503    -0.102503    -0.102502    -0.102501    -0.102501      -0.1025      -0.1025      -0.1025    -0.102499    -0.102499    -0.102499    -0.102499    -0.102499    -0.102498    -0.102498    -0.102498    -0.102498    -0.102499    -0.102499    -0.102499    -0.102499    -0.102499      -0.1025      -0.1025    -0.102501    -0.102501    -0.102502    -0.102503    -0.102504    -0.102505    -0.102506    -0.102507    -0.102508     -0.10251    -0.102512    -0.102513    -0.102516    -0.102518     -0.10252    -0.102523    -0.102526     -0.10253    -0.102534    -0.102538    -0.102542    -0.102547    -0.102553    -0.102559    -0.102565    -0.102573    -0.102581    -0.102589    -0.102599    -0.102609    -0.102619    -0.102628    -0.102625    -0.102576     -0.10234     -0.10136   -0.0974422   -0.0819194   -0.0205792  -0.00505638  -0.00113841 -0.000158935  7.72672e-05  0.000126178   0.00012855  0.000119963  0.000109356  9.89295e-05  8.91818e-05  8.01916e-05  7.19603e-05  6.45702e-05  5.85102e-05  5.58841e-05  6.51649e-05  0.000119957  0.000353062
    -0.10253    -0.102527    -0.102525    -0.102522     -0.10252    -0.102518    -0.102517    -0.102515    -0.102513    -0.102512    -0.102511     -0.10251    -0.102508    -0.102507    -0.102506    -0.102505    -0.102505    -0.102504    -0.102503    -0.102503    -0.102502    -0.102501    -0.102501      -0.1025      -0.1025      -0.1025    -0.102499    -0.102499    -0.102499    -0.102499    -0.102499    -0.102498    -0.102498    -0.102498    -0.102498    -0.102499    -0.102499    -0.102499    -0.102499    -0.102499      -0.1025      -0.1025    -0.102501    -0.102501    -0.102502    -0.102503    -0.102504    -0.102505    -0.102506    -0.102507    -0.102508     -0.10251    -0.102512    -0.102513    -0.102516    -0.102518     -0.10252    -0.102523    -0.102526     -0.10253    -0.102533    -0.102538    -0.102542    -0.102547    -0.102553    -0.102559    -0.102565    -0.102572     -0.10258    -0.102589    -0.102599    -0.102609    -0.102619    -0.102627    -0.102625    -0.102576     -0.10234     -0.10136   -0.0974419   -0.0819191   -0.0205789  -0.00505604  -0.00113804 -0.000158537  7.76961e-05   0.00012664  0.000129048  0.000120499  0.000109933  9.95507e-05  8.98479e-05  8.08974e-05  7.26738e-05  6.51539e-05  5.84087e-05  5.28922e-05   5.0562e-05  5.93015e-05  0.000110375  0.000327336
   -0.102527    -0.102525    -0.102522     -0.10252    -0.102518    -0.102517    -0.102515    -0.102513    -0.102512    -0.102511     -0.10251    -0.102508    -0.102507    -0.102506    -0.102505    -0.102505    -0.102504    -0.102503    -0.102503    -0.102502    -0.102501    -0.102501      -0.1025      -0.1025      -0.1025    -0.102499    -0.102499    -0.102499    -0.102499    -0.102499    -0.102498    -0.102498    -0.102498    -0.102498    -0.102498    -0.102499    -0.102499    -0.102499    -0.102499      -0.1025      -0.1025    -0.102501    -0.102501    -0.102502    -0.102503    -0.102504    -0.102505    -0.102506    -0.102507    -0.102508     -0.10251    -0.102511    -0.102513    -0.102515    -0.102518     -0.10252    -0.102523    -0.102526     -0.10253    -0.102533    -0.102538    -0.102542    -0.102547    -0.102553    -0.102559    -0.102565    -0.102572     -0.10258    -0.102589    -0.102598    -0.102609    -0.102619    -0.102627    -0.102625    -0.102576    -0.102339     -0.10136   -0.0974417   -0.0819188   -0.0205786  -0.00505574  -0.00113773 -0.000158194  7.80657e-05  0.000127038  0.000129477  0.000120961  0.000110431  0.000100087  9.04246e-05  8.15159e-05   7.3329e-05  6.58162e-05  5.89501e-05  5.27961e-05  4.77766e-05  4.57135e-05  5.39418e-05  0.000101549  0.000303485
   -0.102525    -0.102522     -0.10252    -0.102518    -0.102517    -0.102515    -0.102513    -0.102512    -0.102511    -0.102509    -0.102508    -0.102507    -0.102506    -0.102505    -0.102505    -0.102504    -0.102503    -0.102502    -0.102502    -0.102501    -0.102501      -0.1025      -0.1025      -0.1025    -0.102499    -0.102499    -0.102499    -0.102499    -0.102499    -0.102498    -0.102498    -0.102498    -0.102498    -0.102498    -0.102499    -0.102499    -0.102499    -0.102499      -0.1025      -0.1025    -0.102501    -0.102501    -0.102502    -0.102503    -0.102504    -0.102505    -0.102506    -0.102507    -0.102508     -0.10251    -0.102511    -0.102513    -0.102515    -0.102518     -0.10252    -0.102523    -0.102526     -0.10253    -0.102533    -0.102537    -0.102542    -0.102547    -0.102552    -0.102558    -0.102565    -0.102572     -0.10258    -0.102589    -0.102598    -0.102608    -0.102619    -0.102627    -0.102625    -0.102576    -0.102339     -0.10136   -0.0974415   -0.0819186   -0.0205784  -0.00505549  -0.00113745 -0.000157898  7.83842e-05  0.000127381  0.000129847  0.000121359   0.00011086  0.000100549  9.09222e-05  8.20512e-05  7.39032e-05  6.64244e-05  5.95648e-05  5.32982e-05  4.76855e-05  4.31203e-05  4.12983e-05  4.90441e-05  9.34199e-05  0.000281371
   -0.102522     -0.10252    -0.102518    -0.102517    -0.102515    -0.102513    -0.102512    -0.102511    -0.102509    -0.102508    -0.102507    -0.102506    -0.102505    -0.102505    -0.102504    -0.102503    -0.102502    -0.102502    -0.102501    -0.102501      -0.1025      -0.1025      -0.1025    -0.102499    -0.102499    -0.102499    -0.102499    -0.102499    -0.102498    -0.102498    -0.102498    -0.102498    -0.102498    -0.102499    -0.102499    -0.102499    -0.102499      -0.1025      -0.1025    -0.102501    -0.102501    -0.102502    -0.102503    -0.102504    -0.102505    -0.102506    -0.102507    -0.102508     -0.10251    -0.102511    -0.102513    -0.102515    -0.102518     -0.10252    -0.102523    -0.102526     -0.10253    -0.102533    -0.102537    -0.102542    -0.102547    -0.102552    -0.102558    -0.102565    -0.102572     -0.10258    -0.102589    -0.102598    -0.102608    -0.102619    -0.102627    -0.102624    -0.102575    -0.102339    -0.101359   -0.0974413   -0.0819184   -0.0205782  -0.00505527  -0.00113722 -0.000157644  7.86586e-05  0.000127677  0.000130165  0.000121702   0.00011123  0.000100947  9.13511e-05  8.25132e-05  7.44002e-05  6.69575e-05  6.01295e-05  5.38688e-05  4.81513e-05  4.30341e-05  3.88841e-05  3.72793e-05  4.45696e-05  8.59332e-05  0.000260868
    -0.10252    -0.102518    -0.102517    -0.102515    -0.102513    -0.102512    -0.102511    -0.102509    -0.102508    -0.102507    -0.102506    -0.102505    -0.102505    -0.102504    -0.102503    -0.102502    -0.102502    -0.102501    -0.102501      -0.1025      -0.1025      -0.1025    -0.102499    -0.102499    -0.102499    -0.102499    -0.102499    -0.102498    -0.102498    -0.102498    -0.102498    -0.102498    -0.102499    -0.102499    -0.102499    -0.102499      -0.1025      -0.1025    -0.102501    -0.102501    -0.102502    -0.102503    -0.102504    -0.102505    -0.102506    -0.102507    -0.102508     -0.10251    -0.102511    -0.102513    -0.102515    -0.102518     -0.10252    -0.102523    -0.102526     -0.10253    -0.102533    -0.102537    -0.102542    -0.102547    -0.102552    -0.102558    -0.102565    -0.102572     -0.10258    -0.102589    -0.102598    -0.102608    -0.102619    -0.102627    -0.102624    -0.102575    -0.102339    -0.101359   -0.0974412   -0.0819182    -0.020578  -0.00505508  -0.00113701 -0.000157424  7.88952e-05  0.000127931   0.00013044  0.000121998  0.000111548   0.00010129  9.17208e-05  8.29114e-05  7.48291e-05  6.74189e-05  6.06244e-05   5.4393e-05  4.86809e-05  4.34661e-05  3.88024e-05  3.50317e-05  3.36225e-05   4.0483e-05  7.90385e-05  0.000241859
   -0.102518    -0.102517    -0.102515    -0.102513    -0.102512    -0.102511    -0.102509    -0.102508    -0.102507    -0.102506    -0.102505    -0.102505    -0.102504    -0.102503    -0.102502    -0.102502    -0.102501    -0.102501      -0.1025      -0.1025      -0.1025    -0.102499    -0.102499    -0.102499    -0.102499    -0.102499    -0.102498    -0.102498    -0.102498    -0.102498    -0.102498    -0.102499    -0.102499    -0.102499    -0.102499      -0.1025      -0.1025    -0.102501    -0.102501    -0.102502    -0.102503    -0.102504    -0.102504    -0.102506    -0.102507    -0.102508     -0.10251    -0.102511    -0.102513    -0.102515    -0.102518     -0.10252    -0.102523    -0.102526    -0.102529    -0.102533    -0.102537    -0.102542    -0.102547    -0.102552    -0.102558    -0.102565    -0.102572     -0.10258    -0.102589    -0.102598    -0.102608    -0.102619    -0.102627    -0.102624    -0.102575    -0.102339    -0.101359   -0.0974411   -0.0819181   -0.0205778  -0.00505492  -0.00113684 -0.000157235   7.9099e-05  0.000128151  0.000130676  0.000122253  0.000111823  0.000101586  9.20394e-05  8.32546e-05  7.51988e-05  6.78171e-05  6.10528e-05  5.48525e-05  4.91676e-05  4.39578e-05  3.92032e-05  3.49544e-05    3.153e-05  3.02967e-05  3.67518e-05  7.26897e-05  0.000224235
   -0.102517    -0.102515    -0.102513    -0.102512    -0.102511    -0.102509    -0.102508    -0.102507    -0.102506    -0.102505    -0.102505    -0.102504    -0.102503    -0.102502    -0.102502    -0.102501    -0.102501      -0.1025      -0.1025      -0.1025    -0.102499    -0.102499    -0.102499    -0.102499    -0.102499    -0.102498    -0.102498    -0.102498    -0.102498    -0.102498    -0.102499    -0.102499    -0.102499    -0.102499      -0.1025      -0.1025    -0.102501    -0.102501    -0.102502    -0.102503    -0.102504    -0.102504    -0.102506    -0.102507    -0.102508     -0.10251    -0.102511    -0.102513    -0.102515    -0.102518     -0.10252    -0.102523    -0.102526    -0.102529    -0.102533    -0.102537    -0.102542    -0.102547    -0.102552    -0.102558    -0.102565    -0.102572     -0.10258    -0.102589    -0.102598    -0.102608    -0.102618    -0.102627    -0.102624    -0.102575    -0.102339    -0.101359   -0.0974409    -0.081918   -0.0205777  -0.00505477  -0.00113668 -0.000157072  7.92747e-05   0.00012834   0.00013088  0.000122473  0.000112059  0.000101841   9.2314e-05  8.35504e-05  7.55175e-05  6.81603e-05  6.14225e-05  5.52502e-05  4.95941e-05  4.44096e-05  3.96595e-05  3.53261e-05  3.14569e-05  2.83486e-05  2.72735e-05  3.33462e-05  6.68439e-05  0.000207894
   -0.102515    -0.102513    -0.102512    -0.102511    -0.102509    -0.102508    -0.102507    -0.102506    -0.102505    -0.102505    -0.102504    -0.102503    -0.102502    -0.102502    -0.102501    -0.102501      -0.1025      -0.1025      -0.1025    -0.102499    -0.102499    -0.102499    -0.102499    -0.102499    -0.102498    -0.102498    -0.102498    -0.102498    -0.102498    -0.102499    -0.102499    -0.102499    -0.102499      -0.1025      -0.1025    -0.102501    -0.102501    -0.102502    -0.102503    -0.102503    -0.102504    -0.102506    -0.102507    -0.102508     -0.10251    -0.102511    -0.102513    -0.102515    -0.102518     -0.10252    -0.102523    -0.102526    -0.102529    -0.102533    -0.102537    -0.102542    -0.102547    -0.102552    -0.102558    -0.102565    -0.102572     -0.10258    -0.102589    -0.102598    -0.102608    -0.102618    -0.102627    -0.102624    -0.102575    -0.102339    -0.101359   -0.0974408   -0.0819179   -0.0205776  -0.00505465  -0.00113655 -0.000156931  7.94261e-05  0.000128503  0.000131056  0.000122662  0.000112263   0.00010206  9.25506e-05  8.38054e-05  7.57921e-05  6.84562e-05  6.17411e-05  5.55934e-05  4.99634e-05  4.48056e-05   4.0079e-05  3.57497e-05  3.18017e-05  2.82795e-05  2.54598e-05  2.45265e-05  3.02386e-05  6.14617e-05  0.000192744
  -0.102513   -0.102512   -0.102511   -0.102509   -0.102508   -0.102507   -0.102506   -0.102505   -0.102505   -0.102504   -0.102503   -0.102502   -0.102502   -0.102501   -0.102501     -0.1025     -0.1025     -0.1025   -0.102499   -0.102499   -0.102499   -0.102499   -0.102498   -0.102498   -0.102498   -0.102498   -0.102498   -0.102498   -0.102499   -0.102499   -0.102499   -0.102499     -0.1025     -0.1025   -0.102501   -0.102501   -0.102502   -0.102503   -0.102503   -0.102504   -0.102506   -0.102507   -0.102508    -0.10251   -0.102511   -0.102513   -0.102515   -0.102518    -0.10252   -0.102523   -0.102526   -0.102529   -0.102533   -0.102537   -0.102542   -0.102547   -0.102552   -0.102558   -0.102565   -0.102572    -0.10258   -0.102588   -0.102598   -0.102608   -0.102618   -0.102627   -0.102624   -0.102575   -0.102339   -0.101359  -0.0974408  -0.0819178  -0.0205775 -0.00505455 -0.00113644 -0.00015681 7.95566e-05 0.000128644 0.000131207 0.000122825 0.000112439  0.00010225 9.27546e-05  8.4025e-05 7.60287e-05 6.87111e-05 6.20158e-05 5.58893e-05  5.0282e-05 4.51484e-05 4.04466e-05 3.61391e-05 3.21949e-05 2.85993e-05 2.53945e-05 2.28381e-05 2.20319e-05 2.74041e-05 5.65068e-05 0.000178698
   -0.102512    -0.102511    -0.102509    -0.102508    -0.102507    -0.102506    -0.102505    -0.102505    -0.102504    -0.102503    -0.102502    -0.102502    -0.102501    -0.102501      -0.1025      -0.1025      -0.1025    -0.102499    -0.102499    -0.102499    -0.102499    -0.102498    -0.102498    -0.102498    -0.102498    -0.102498    -0.102498    -0.102499    -0.102499    -0.102499    -0.102499      -0.1025      -0.1025    -0.102501    -0.102501    -0.102502    -0.102503    -0.102503    -0.102504    -0.102506    -0.102507    -0.102508     -0.10251    -0.102511    -0.102513    -0.102515    -0.102518     -0.10252    -0.102523    -0.102526    -0.102529    -0.102533    -0.102537    -0.102542    -0.102547    -0.102552    -0.102558    -0.102565    -0.102572     -0.10258    -0.102588    -0.102598    -0.102608    -0.102618    -0.102627    -0.102624    -0.102575    -0.102338    -0.101359   -0.0974407   -0.0819177   -0.0205774  -0.00505446  -0.00113634 -0.000156706   7.9669e-05  0.000128765  0.000131338  0.000122966   0.00011259  0.000102413  9.29303e-05  8.42143e-05  7.62327e-05  6.89308e-05  6.22525e-05  5.61442e-05  5.05567e-05  4.54442e-05  4.07649e-05  3.64804e-05  3.25564e-05  2.89643e-05  2.56911e-05  2.27763e-05    2.046e-05  1.97677e-05  2.48194e-05  5.19456e-05  0.000165675
   -0.102511    -0.102509    -0.102508    -0.102507    -0.102506    -0.102505    -0.102505    -0.102504    -0.102503    -0.102502    -0.102502    -0.102501    -0.102501      -0.1025      -0.1025      -0.1025    -0.102499    -0.102499    -0.102499    -0.102499    -0.102498    -0.102498    -0.102498    -0.102498    -0.102498    -0.102498    -0.102499    -0.102499    -0.102499    -0.102499      -0.1025      -0.1025    -0.102501    -0.102501    -0.102502    -0.102503    -0.102503    -0.102504    -0.102506    -0.102507    -0.102508     -0.10251    -0.102511    -0.102513    -0.102515    -0.102518     -0.10252    -0.102523    -0.102526    -0.102529    -0.102533    -0.102537    -0.102542    -0.102547    -0.102552    -0.102558    -0.102565    -0.102572     -0.10258    -0.102588    -0.102598    -0.102608    -0.102618    -0.102627    -0.102624    -0.102575    -0.102338    -0.101359   -0.0974406   -0.0819176   -0.0205774  -0.00505438  -0.00113626 -0.000156616   7.9766e-05  0.000128869   0.00013145  0.000123087  0.000112721  0.000102553  9.30817e-05  8.43775e-05  7.64084e-05  6.91202e-05  6.24564e-05   5.6364e-05  5.07934e-05  4.56992e-05  4.10395e-05  3.67759e-05  3.28733e-05  2.92999e-05  2.60299e-05  2.30514e-05  2.04016e-05  1.83043e-05  1.77137e-05  2.24635e-05  4.77471e-05  0.000153601
   -0.102283     -0.10224    -0.102244    -0.102258    -0.102274    -0.102289    -0.102303    -0.102317     -0.10233    -0.102341    -0.102352    -0.102362    -0.102372    -0.102381    -0.102389    -0.102396    -0.102403     -0.10241    -0.102416    -0.102422    -0.102427    -0.102432    -0.102437    -0.102442    -0.102446     -0.10245    -0.102453    -0.102457     -0.10246    -0.102464    -0.102467     -0.10247    -0.102472    -0.102475    -0.102478     -0.10248    -0.102483    -0.102486    -0.102488    -0.102491    -0.102494    -0.102496    -0.102499    -0.102502    -0.102505    -0.102508    -0.102512    -0.102515    -0.102519    -0.102523    -0.102528    -0.102532    -0.102537    -0.102543    -0.102548    -0.102555    -0.102562    -0.102569    -0.102577    -0.102586    -0.102595    -0.102604    -0.102611    -0.102607    -0.102556    -0.102318    -0.101336   -0.0974159   -0.0818903   -0.0205471  -0.00502094  -0.00109923 -0.000115609  0.000125176   0.00017915  0.000187112  0.000184688  0.000180871  0.000177918  0.000176389  0.000176422  0.000178059  0.000181326  0.000186253  0.000192884  0.000201272  0.000211483  0.000223596  0.000237688  0.000253795  0.000271753  0.000290549  0.000305786  0.000299638  0.000201227 -0.000269822  -0.00222098   -0.0100249    -0.040944    -0.163126
   -0.102242    -0.102246     -0.10226    -0.102276    -0.102291    -0.102305    -0.102319    -0.102331    -0.102343    -0.102354    -0.102364    -0.102373    -0.102382     -0.10239    -0.102397    -0.102404    -0.102411    -0.102417    -0.102423    -0.102428    -0.102433    -0.102438    -0.102442    -0.102446     -0.10245    -0.102454    -0.102457     -0.10246    -0.102464    -0.102467     -0.10247    -0.102472    -0.102475    -0.102478     -0.10248    -0.102483    -0.102485    -0.102488    -0.102491    -0.102493    -0.102496    -0.102499    -0.102502    -0.102505    -0.102508    -0.102511    -0.102515    -0.102518    -0.102522    -0.102527    -0.102531    -0.102536    -0.102541    -0.102547    -0.102553     -0.10256    -0.102567    -0.102575    -0.102583    -0.102592    -0.102602    -0.102608    -0.102604    -0.102553    -0.102315    -0.101333    -0.097412   -0.0818862   -0.0205427  -0.00501615  -0.00109408 -0.000110078  0.000131121  0.000185539  0.000193978  0.000192066  0.000188799  0.000186438  0.000185543  0.000186259  0.000188628  0.000192682  0.000198455  0.000205993  0.000215357  0.000226617  0.000239856  0.000255155  0.000272555  0.000291882   0.00031207  0.000328492  0.000322392  0.000219195 -0.000276094  -0.00232868   -0.0105392     -0.04307    -0.171622    -0.203711
   -0.102247    -0.102261    -0.102276    -0.102292    -0.102306    -0.102319    -0.102332    -0.102343    -0.102354    -0.102364    -0.102373    -0.102382     -0.10239    -0.102398    -0.102405    -0.102411    -0.102417    -0.102423    -0.102428    -0.102433    -0.102438    -0.102442    -0.102446     -0.10245    -0.102454    -0.102457    -0.102461    -0.102464    -0.102467     -0.10247    -0.102472    -0.102475    -0.102478     -0.10248    -0.102483    -0.102485    -0.102488    -0.102491    -0.102493    -0.102496    -0.102499    -0.102502    -0.102505    -0.102508    -0.102511    -0.102515    -0.102518    -0.102522    -0.102526    -0.102531    -0.102536    -0.102541    -0.102547    -0.102553     -0.10256    -0.102567    -0.102575    -0.102583    -0.102592    -0.102601    -0.102608    -0.102604    -0.102553    -0.102314    -0.101332   -0.0974117   -0.0818858   -0.0205422  -0.00501569  -0.00109359 -0.000109551  0.000131686  0.000186145  0.000194627  0.000192761  0.000189543  0.000187234  0.000186396  0.000187171  0.000189605  0.000193728  0.000199574  0.000207191  0.000216639  0.000227989  0.000241323  0.000256725  0.000274235  0.000293678  0.000313989  0.000330533  0.000324528  0.000221295 -0.000274579  -0.00232995   -0.0105519   -0.0431286    -0.171862    -0.204668    -0.213857
   -0.102261    -0.102277    -0.102292    -0.102306     -0.10232    -0.102332    -0.102343    -0.102354    -0.102364    -0.102373    -0.102382     -0.10239    -0.102398    -0.102405    -0.102411    -0.102417    -0.102423    -0.102428    -0.102433    -0.102438    -0.102442    -0.102446     -0.10245    -0.102454    -0.102457    -0.102461    -0.102464    -0.102467     -0.10247    -0.102472    -0.102475    -0.102478     -0.10248    -0.102483    -0.102486    -0.102488    -0.102491    -0.102493    -0.102496    -0.102499    -0.102502    -0.102505    -0.102508    -0.102511    -0.102515    -0.102518    -0.102522    -0.102527    -0.102531    -0.102536    -0.102541    -0.102547    -0.102553     -0.10256    -0.102567    -0.102575    -0.102583    -0.102592    -0.102602    -0.102608    -0.102604    -0.102553    -0.102315    -0.101333    -0.097412   -0.0818862   -0.0205427  -0.00501616   -0.0010941 -0.000110095  0.000131099  0.000185512  0.000193944  0.000192025   0.00018875  0.000186378  0.000185473  0.000186176  0.000188531  0.000192569  0.000198325  0.000205844  0.000215185  0.000226421  0.000239632  0.000254901  0.000272267  0.000291555    0.0003117  0.000328067  0.000321879  0.000218479 -0.000277448  -0.00233238   -0.0105519   -0.0431183     -0.17181    -0.204451    -0.212988    -0.216302
   -0.102277    -0.102292    -0.102306     -0.10232    -0.102332    -0.102344    -0.102354    -0.102364    -0.102374    -0.102382     -0.10239    -0.102398    -0.102405    -0.102411    -0.102417    -0.102423    -0.102428    -0.102433    -0.102438    -0.102442    -0.102446     -0.10245    -0.102454    -0.102457    -0.102461    -0.102464    -0.102467     -0.10247    -0.102472    -0.102475    -0.102478     -0.10248    -0.102483    -0.102486    -0.102488    -0.102491    -0.102493    -0.102496    -0.102499    -0.102502    -0.102505    -0.102508    -0.102511    -0.102515    -0.102518    -0.102522    -0.102527    -0.102531    -0.102536    -0.102541    -0.102547    -0.102553     -0.10256    -0.102567    -0.102575    -0.102584    -0.102593    -0.102602    -0.102609    -0.102605    -0.102554    -0.102315    -0.101333   -0.0974125   -0.0818867   -0.0205432  -0.00501676  -0.00109475 -0.000110799   0.00013034  0.000184694  0.000193064  0.000191076  0.000187728  0.000185277  0.000184287  0.000184898  0.000187154  0.000191086  0.000196726  0.000204121  0.000213329  0.000224421  0.000237478   0.00025258  0.000269766  0.000288861  0.000308797  0.000324939  0.000318513  0.000214869 -0.000281277  -0.00233626   -0.0105551    -0.043118    -0.171795    -0.204376    -0.212674    -0.215048    -0.216805
   -0.102292    -0.102306     -0.10232    -0.102332    -0.102344    -0.102354    -0.102364    -0.102374    -0.102382     -0.10239    -0.102398    -0.102405    -0.102411    -0.102417    -0.102423    -0.102428    -0.102433    -0.102438    -0.102442    -0.102446     -0.10245    -0.102454    -0.102457    -0.102461    -0.102464    -0.102467     -0.10247    -0.102473    -0.102475    -0.102478    -0.102481    -0.102483    -0.102486    -0.102488    -0.102491    -0.102493    -0.102496    -0.102499    -0.102502    -0.102505    -0.102508    -0.102511    -0.102515    -0.102519    -0.102523    -0.102527    -0.102531    -0.102536    -0.102542    -0.102547    -0.102554     -0.10256    -0.102568    -0.102575    -0.102584    -0.102593    -0.102602    -0.102609    -0.102605    -0.102554    -0.102316    -0.101334    -0.097413   -0.0818872   -0.0205438  -0.00501734  -0.00109537 -0.000111462  0.000129626  0.000183926  0.000192236  0.000190184  0.000186767  0.000184242  0.000183172  0.000183697  0.000185861  0.000189693  0.000195226  0.000202505  0.000211588  0.000222545  0.000235457  0.000250403  0.000267421  0.000286334  0.000306076  0.000322008  0.000315356  0.000211472 -0.000284921  -0.00234013   -0.0105591   -0.0431212    -0.171794    -0.204361    -0.212598    -0.214728    -0.215525    -0.216825
   -0.102307     -0.10232    -0.102332    -0.102344    -0.102355    -0.102364    -0.102374    -0.102382     -0.10239    -0.102398    -0.102405    -0.102411    -0.102417    -0.102423    -0.102428    -0.102433    -0.102438    -0.102442    -0.102447     -0.10245    -0.102454    -0.102457    -0.102461    -0.102464    -0.102467     -0.10247    -0.102473    -0.102475    -0.102478    -0.102481    -0.102483    -0.102486    -0.102488    -0.102491    -0.102494    -0.102496    -0.102499    -0.102502    -0.102505    -0.102508    -0.102511    -0.102515    -0.102519    -0.102523    -0.102527    -0.102532    -0.102536    -0.102542    -0.102548    -0.102554     -0.10256    -0.102568    -0.102576    -0.102584    -0.102593    -0.102602    -0.102609    -0.102605    -0.102554    -0.102316    -0.101334   -0.0974134   -0.0818876   -0.0205442  -0.00501784  -0.00109591 -0.000112046  0.000128997  0.000183248  0.000191506  0.000189398   0.00018592   0.00018333   0.00018219  0.000182639  0.000184722  0.000188465  0.000193903  0.000201081  0.000210054  0.000220893  0.000233677  0.000248485  0.000265355  0.000284109  0.000303679  0.000319426  0.000312575  0.000208477 -0.000288144  -0.00234358   -0.0105627   -0.0431249    -0.171797     -0.20436    -0.212583    -0.214655    -0.215221    -0.215606    -0.216731
    -0.10232    -0.102332    -0.102344    -0.102355    -0.102365    -0.102374    -0.102382     -0.10239    -0.102398    -0.102405    -0.102411    -0.102418    -0.102423    -0.102428    -0.102433    -0.102438    -0.102442    -0.102447     -0.10245    -0.102454    -0.102458    -0.102461    -0.102464    -0.102467     -0.10247    -0.102473    -0.102475    -0.102478    -0.102481    -0.102483    -0.102486    -0.102488    -0.102491    -0.102494    -0.102496    -0.102499    -0.102502    -0.102505    -0.102508    -0.102511    -0.102515    -0.102519    -0.102523    -0.102527    -0.102532    -0.102537    -0.102542    -0.102548    -0.102554    -0.102561    -0.102568    -0.102576    -0.102584    -0.102593    -0.102603     -0.10261    -0.102605    -0.102555    -0.102316    -0.101334   -0.0974137    -0.081888   -0.0205447  -0.00501828  -0.00109638 -0.000112553  0.000128452   0.00018266  0.000190873  0.000188717  0.000185186   0.00018254  0.000181338  0.000181722  0.000183733  0.000187401  0.000192757  0.000199846  0.000208724   0.00021946  0.000232133  0.000246823  0.000263564   0.00028218  0.000301601  0.000317187  0.000310164  0.000205879  -0.00029094  -0.00234659    -0.010566   -0.0431284    -0.171801    -0.204363    -0.212582    -0.214641    -0.215152    -0.215321    -0.215589    -0.216615
   -0.102332    -0.102344    -0.102355    -0.102365    -0.102374    -0.102383    -0.102391    -0.102398    -0.102405    -0.102412    -0.102418    -0.102423    -0.102429    -0.102433    -0.102438    -0.102442    -0.102447     -0.10245    -0.102454    -0.102458    -0.102461    -0.102464    -0.102467     -0.10247    -0.102473    -0.102475    -0.102478    -0.102481    -0.102483    -0.102486    -0.102488    -0.102491    -0.102494    -0.102496    -0.102499    -0.102502    -0.102505    -0.102508    -0.102512    -0.102515    -0.102519    -0.102523    -0.102527    -0.102532    -0.102537    -0.102542    -0.102548    -0.102554    -0.102561    -0.102568    -0.102576    -0.102585    -0.102594    -0.102603     -0.10261    -0.102606    -0.102555    -0.102316    -0.101335    -0.097414   -0.0818883    -0.020545  -0.00501865  -0.00109679 -0.000112991   0.00012798  0.000182153  0.000190327  0.000188128  0.000184552  0.000181857  0.000180603   0.00018093  0.000182881  0.000186482  0.000191767   0.00019878  0.000207576  0.000218223  0.000230801  0.000245388  0.000262019  0.000280515  0.000299807  0.000315255  0.000308082  0.000203637 -0.000293355  -0.00234919   -0.0105687   -0.0431314    -0.171804    -0.204366    -0.212585     -0.21464    -0.215139    -0.215257    -0.215323    -0.215551    -0.216499
   -0.102344    -0.102355    -0.102365    -0.102374    -0.102383    -0.102391    -0.102398    -0.102405    -0.102412    -0.102418    -0.102423    -0.102429    -0.102434    -0.102438    -0.102443    -0.102447    -0.102451    -0.102454    -0.102458    -0.102461    -0.102464    -0.102467     -0.10247    -0.102473    -0.102475    -0.102478    -0.102481    -0.102483    -0.102486    -0.102488    -0.102491    -0.102494    -0.102496    -0.102499    -0.102502    -0.102505    -0.102508    -0.102512    -0.102515    -0.102519    -0.102523    -0.102527    -0.102532    -0.102537    -0.102542    -0.102548    -0.102554    -0.102561    -0.102568    -0.102576    -0.102585    -0.102594    -0.102603     -0.10261    -0.102606    -0.102555    -0.102317    -0.101335   -0.0974143   -0.0818886   -0.0205453  -0.00501898  -0.00109714 -0.000113368  0.000127574  0.000181715  0.000189856  0.000187621  0.000184006  0.000181269  0.000179969  0.000180247  0.000182145   0.00018569  0.000190914  0.000197861  0.000206586  0.000217157  0.000229652   0.00024415  0.000260686  0.000279079   0.00029826  0.000313589  0.000306288  0.000201704 -0.000295438  -0.00235144   -0.0105712    -0.043134    -0.171807    -0.204369    -0.212588    -0.214643    -0.215139    -0.215245    -0.215264    -0.215303    -0.215509    -0.216391
   -0.102355    -0.102365    -0.102374    -0.102383    -0.102391    -0.102398    -0.102405    -0.102412    -0.102418    -0.102423    -0.102429    -0.102434    -0.102438    -0.102443    -0.102447    -0.102451    -0.102454    -0.102458    -0.102461    -0.102464    -0.102467     -0.10247    -0.102473    -0.102475    -0.102478    -0.102481    -0.102483    -0.102486    -0.102488    -0.102491    -0.102494    -0.102496    -0.102499    -0.102502    -0.102505    -0.102508    -0.102512    -0.102515    -0.102519    -0.102523    -0.102527    -0.102532    -0.102537    -0.102542    -0.102548    -0.102554    -0.102561    -0.102568    -0.102576    -0.102585    -0.102594    -0.102603     -0.10261    -0.102606    -0.102555    -0.102317    -0.101335   -0.0974145   -0.0818889   -0.0205456  -0.00501926  -0.00109744 -0.000113693  0.000127224  0.000181338  0.000189449  0.000187183  0.000183535  0.000180761  0.000179423  0.000179658  0.000181511  0.000185007  0.000190179  0.000197069  0.000205732  0.000216238  0.000228662  0.000243084  0.000259537  0.000277842  0.000296927  0.000312154  0.000304741  0.000200038 -0.000297232  -0.00235337   -0.0105732   -0.0431362    -0.171809    -0.204372    -0.212591    -0.214646    -0.215141    -0.215245    -0.215253    -0.215248    -0.215279    -0.215469     -0.21629
   -0.102365    -0.102374    -0.102383    -0.102391    -0.102398    -0.102405    -0.102412    -0.102418    -0.102423    -0.102429    -0.102434    -0.102438    -0.102443    -0.102447    -0.102451    -0.102454    -0.102458    -0.102461    -0.102464    -0.102467     -0.10247    -0.102473    -0.102475    -0.102478    -0.102481    -0.102483    -0.102486    -0.102488    -0.102491    -0.102494    -0.102496    -0.102499    -0.102502    -0.102505    -0.102508    -0.102512    -0.102515    -0.102519    -0.102523    -0.102527    -0.102532    -0.102537    -0.102542    -0.102548    -0.102554    -0.102561    -0.102568    -0.102576    -0.102585    -0.102594    -0.102603     -0.10261    -0.102606    -0.102555    -0.102317    -0.101335   -0.0974147   -0.0818891   -0.0205458   -0.0050195   -0.0010977 -0.000113974  0.000126922  0.000181013  0.000189099  0.000186806  0.000183129  0.000180324  0.000178951  0.000179151  0.000180965  0.000184419  0.000189545  0.000196386  0.000204997  0.000215446  0.000227809  0.000242165  0.000258547  0.000276776  0.000295779  0.000310916  0.000303408  0.000198602 -0.000298779  -0.00235504    -0.010575   -0.0431381    -0.171811    -0.204374    -0.212593    -0.214648    -0.215144    -0.215247    -0.215252    -0.215237    -0.215227    -0.215255    -0.215432    -0.216196
   -0.102374    -0.102383    -0.102391    -0.102398    -0.102405    -0.102412    -0.102418    -0.102423    -0.102429    -0.102434    -0.102438    -0.102443    -0.102447    -0.102451    -0.102454    -0.102458    -0.102461    -0.102464    -0.102467     -0.10247    -0.102473    -0.102476    -0.102478    -0.102481    -0.102483    -0.102486    -0.102489    -0.102491    -0.102494    -0.102497    -0.102499    -0.102502    -0.102505    -0.102508    -0.102512    -0.102515    -0.102519    -0.102523    -0.102527    -0.102532    -0.102537    -0.102542    -0.102548    -0.102554    -0.102561    -0.102568    -0.102576    -0.102585    -0.102594    -0.102603     -0.10261    -0.102606    -0.102555    -0.102317    -0.101335   -0.0974149   -0.0818893    -0.020546  -0.00501971  -0.00109792 -0.000114216  0.000126661  0.000180733  0.000188797  0.000186481  0.000182779  0.000179947  0.000178545  0.000178714  0.000180494  0.000183911  0.000188998  0.000195797  0.000204363  0.000214763  0.000227074  0.000241373  0.000257694  0.000275857  0.000294789   0.00030985  0.000302259  0.000197365 -0.000300112  -0.00235647   -0.0105766   -0.0431398    -0.171813    -0.204376    -0.212595     -0.21465    -0.215146    -0.215249    -0.215254    -0.215237    -0.215218    -0.215207    -0.215233    -0.215398    -0.216109
   -0.102383    -0.102391    -0.102398    -0.102405    -0.102412    -0.102418    -0.102423    -0.102429    -0.102434    -0.102438    -0.102443    -0.102447    -0.102451    -0.102454    -0.102458    -0.102461    -0.102464    -0.102467     -0.10247    -0.102473    -0.102476    -0.102478    -0.102481    -0.102483    -0.102486    -0.102489    -0.102491    -0.102494    -0.102497    -0.102499    -0.102502    -0.102505    -0.102508    -0.102512    -0.102515    -0.102519    -0.102523    -0.102527    -0.102532    -0.102537    -0.102542    -0.102548    -0.102554    -0.102561    -0.102569    -0.102577    -0.102585    -0.102594    -0.102603    -0.102611    -0.102606    -0.102556    -0.102317    -0.101336    -0.097415   -0.0818894   -0.0205462  -0.00501989  -0.00109812 -0.000114424  0.000126437  0.000180491  0.000188537  0.000186201  0.000182477  0.000179622  0.000178196  0.000178337  0.000180088  0.000183474  0.000188528   0.00019529  0.000203817  0.000214175   0.00022644   0.00024069  0.000256959  0.000275064  0.000293935  0.000308931  0.000301269  0.000196298 -0.000301261  -0.00235771   -0.0105779   -0.0431412    -0.171815    -0.204378    -0.212597    -0.214652    -0.215148    -0.215251    -0.215256    -0.215239    -0.215217    -0.215198    -0.215188    -0.215213    -0.215367    -0.216028
   -0.102391    -0.102398    -0.102405    -0.102412    -0.102418    -0.102424    -0.102429    -0.102434    -0.102438    -0.102443    -0.102447    -0.102451    -0.102454    -0.102458    -0.102461    -0.102464    -0.102467     -0.10247    -0.102473    -0.102476    -0.102478    -0.102481    -0.102483    -0.102486    -0.102489    -0.102491    -0.102494    -0.102497    -0.102499    -0.102502    -0.102505    -0.102508    -0.102512    -0.102515    -0.102519    -0.102523    -0.102527    -0.102532    -0.102537    -0.102542    -0.102548    -0.102554    -0.102561    -0.102569    -0.102577    -0.102585    -0.102594    -0.102604    -0.102611    -0.102607    -0.102556    -0.102317    -0.101336   -0.0974152   -0.0818895   -0.0205463  -0.00502005  -0.00109828 -0.000114604  0.000126243  0.000180283  0.000188313  0.000185959  0.000182217  0.000179342  0.000177894  0.000178012  0.000179738  0.000183097  0.000188122  0.000194853  0.000203346  0.000213667  0.000225894  0.000240102  0.000256325  0.000274382    0.0002932  0.000308139  0.000300416  0.000195379 -0.000302251  -0.00235878   -0.0105791   -0.0431425    -0.171816    -0.204379    -0.212599    -0.214654     -0.21515    -0.215253    -0.215259    -0.215241    -0.215219    -0.215198     -0.21518    -0.215171    -0.215194    -0.215337    -0.215953
   -0.102398    -0.102405    -0.102412    -0.102418    -0.102424    -0.102429    -0.102434    -0.102438    -0.102443    -0.102447    -0.102451    -0.102454    -0.102458    -0.102461    -0.102464    -0.102467     -0.10247    -0.102473    -0.102476    -0.102478    -0.102481    -0.102483    -0.102486    -0.102489    -0.102491    -0.102494    -0.102497    -0.102499    -0.102502    -0.102505    -0.102509    -0.102512    -0.102515    -0.102519    -0.102523    -0.102528    -0.102532    -0.102537    -0.102542    -0.102548    -0.102555    -0.102561    -0.102569    -0.102577    -0.102585    -0.102594    -0.102604    -0.102611    -0.102607    -0.102556    -0.102318    -0.101336   -0.0974153   -0.0818897   -0.0205464  -0.00502018  -0.00109843 -0.000114759  0.000126076  0.000180103  0.000188119  0.000185751  0.000181992    0.0001791  0.000177634  0.000177732  0.000179436  0.000182773  0.000187772  0.000194476   0.00020294   0.00021323  0.000225423  0.000239595  0.000255779  0.000273794  0.000292566  0.000307456  0.000299681  0.000194587 -0.000303104  -0.00235969   -0.0105801   -0.0431435    -0.171817     -0.20438      -0.2126    -0.214655    -0.215152    -0.215255     -0.21526    -0.215243    -0.215221    -0.215199     -0.21518    -0.215163    -0.215155    -0.215177    -0.215311    -0.215884
   -0.102405    -0.102412    -0.102418    -0.102424    -0.102429    -0.102434    -0.102438    -0.102443    -0.102447    -0.102451    -0.102454    -0.102458    -0.102461    -0.102464    -0.102467     -0.10247    -0.102473    -0.102476    -0.102478    -0.102481    -0.102483    -0.102486    -0.102489    -0.102491    -0.102494    -0.102497    -0.102499    -0.102502    -0.102505    -0.102509    -0.102512    -0.102515    -0.102519    -0.102523    -0.102528    -0.102532    -0.102537    -0.102542    -0.102548    -0.102555    -0.102561    -0.102569    -0.102577    -0.102585    -0.102594    -0.102604    -0.102611    -0.102607    -0.102556    -0.102318    -0.101336   -0.0974154   -0.0818898   -0.0205465   -0.0050203  -0.00109855 -0.000114893  0.000125932  0.000179948  0.000187952  0.000185571  0.000181799  0.000178892   0.00017741  0.000177491  0.000179177  0.000182493   0.00018747  0.000194152  0.000202591  0.000212854  0.000225017  0.000239158  0.000255308  0.000273287   0.00029202  0.000306868  0.000299047  0.000193905  -0.00030384  -0.00236049   -0.0105809   -0.0431445    -0.171818    -0.204381    -0.212601    -0.214657    -0.215153    -0.215256    -0.215262    -0.215244    -0.215223    -0.215201    -0.215181    -0.215163    -0.215148    -0.215141    -0.215161    -0.215286    -0.215819
   -0.102412    -0.102418    -0.102424    -0.102429    -0.102434    -0.102439    -0.102443    -0.102447    -0.102451    -0.102454    -0.102458    -0.102461    -0.102464    -0.102467     -0.10247    -0.102473    -0.102476    -0.102478    -0.102481    -0.102483    -0.102486    -0.102489    -0.102491    -0.102494    -0.102497    -0.102499    -0.102502    -0.102505    -0.102509    -0.102512    -0.102515    -0.102519    -0.102523    -0.102528    -0.102532    -0.102537    -0.102543    -0.102548    -0.102555    -0.102561    -0.102569    -0.102577    -0.102585    -0.102595    -0.102604    -0.102611    -0.102607    -0.102556    -0.102318    -0.101336   -0.0974154   -0.0818898   -0.0205466   -0.0050204  -0.00109866 -0.000115008  0.000125808  0.000179814  0.000187808  0.000185417  0.000181632  0.000178713  0.000177216  0.000177283  0.000178952  0.000182251  0.000187211  0.000193872  0.000202289  0.000212529  0.000224668  0.000238781  0.000254902   0.00027285   0.00029155  0.000306361  0.000298501  0.000193316 -0.000304473  -0.00236117   -0.0105816   -0.0431453    -0.171819    -0.204382    -0.212602    -0.214658    -0.215154    -0.215257    -0.215263    -0.215246    -0.215224    -0.215203    -0.215183    -0.215164    -0.215148    -0.215134    -0.215128    -0.215147    -0.215263    -0.215759
   -0.102418    -0.102424    -0.102429    -0.102434    -0.102439    -0.102443    -0.102447    -0.102451    -0.102454    -0.102458    -0.102461    -0.102464    -0.102467     -0.10247    -0.102473    -0.102476    -0.102478    -0.102481    -0.102484    -0.102486    -0.102489    -0.102491    -0.102494    -0.102497    -0.102499    -0.102502    -0.102505    -0.102509    -0.102512    -0.102515    -0.102519    -0.102523    -0.102528    -0.102532    -0.102537    -0.102543    -0.102548    -0.102555    -0.102561    -0.102569    -0.102577    -0.102585    -0.102595    -0.102604    -0.102611    -0.102607    -0.102556    -0.102318    -0.101336   -0.0974155   -0.0818899   -0.0205467  -0.00502048  -0.00109875 -0.000115108  0.000125701  0.000179699  0.000187684  0.000185283  0.000181489  0.000178558   0.00017705  0.000177103  0.000178759  0.000182043  0.000186987  0.000193631  0.000202029  0.000212249  0.000224366  0.000238457  0.000254553  0.000272473  0.000291144  0.000305924   0.00029803  0.000192809 -0.000305019  -0.00236176   -0.0105823   -0.0431459     -0.17182    -0.204383    -0.212603    -0.214659    -0.215155    -0.215259    -0.215264    -0.215247    -0.215225    -0.215204    -0.215184    -0.215166    -0.215149    -0.215134    -0.215122    -0.215116    -0.215134    -0.215242    -0.215704
   -0.102424    -0.102429    -0.102434    -0.102439    -0.102443    -0.102447    -0.102451    -0.102454    -0.102458    -0.102461    -0.102464    -0.102467     -0.10247    -0.102473    -0.102476    -0.102478    -0.102481    -0.102484    -0.102486    -0.102489    -0.102491    -0.102494    -0.102497    -0.102499    -0.102502    -0.102505    -0.102509    -0.102512    -0.102515    -0.102519    -0.102523    -0.102528    -0.102532    -0.102537    -0.102543    -0.102548    -0.102555    -0.102561    -0.102569    -0.102577    -0.102585    -0.102595    -0.102604    -0.102611    -0.102607    -0.102556    -0.102318    -0.101336   -0.0974156     -0.08189   -0.0205468  -0.00502056  -0.00109883 -0.000115194  0.000125608  0.000179599  0.000187577  0.000185168  0.000181365  0.000178424  0.000176906  0.000176949  0.000178593  0.000181864  0.000186793  0.000193423  0.000201805  0.000212008  0.000224107  0.000238177  0.000254251  0.000272148  0.000290794  0.000305547  0.000297625  0.000192372  -0.00030549  -0.00236226   -0.0105828   -0.0431465     -0.17182    -0.204384    -0.212604    -0.214659    -0.215156    -0.215259    -0.215265    -0.215248    -0.215227    -0.215205    -0.215186    -0.215167    -0.215151    -0.215135    -0.215121     -0.21511    -0.215105    -0.215122    -0.215223    -0.215653
   -0.102429    -0.102434    -0.102439    -0.102443    -0.102447    -0.102451    -0.102455    -0.102458    -0.102461    -0.102464    -0.102467     -0.10247    -0.102473    -0.102476    -0.102478    -0.102481    -0.102484    -0.102486    -0.102489    -0.102491    -0.102494    -0.102497    -0.102499    -0.102502    -0.102505    -0.102509    -0.102512    -0.102516    -0.102519    -0.102523    -0.102528    -0.102532    -0.102537    -0.102543    -0.102548    -0.102555    -0.102561    -0.102569    -0.102577    -0.102585    -0.102595    -0.102604    -0.102611    -0.102607    -0.102556    -0.102318    -0.101336   -0.0974156     -0.08189   -0.0205468  -0.00502062   -0.0010989 -0.000115268  0.000125528  0.000179513  0.000187485  0.000185068  0.000181258  0.000178309  0.000176782  0.000176815  0.000178449  0.000181709  0.000186627  0.000193243  0.000201612    0.0002118  0.000223883  0.000237936  0.000253992  0.000271869  0.000290493  0.000305223  0.000297275  0.000191996 -0.000305896   -0.0023627   -0.0105833    -0.043147    -0.171821    -0.204384    -0.212604     -0.21466    -0.215157     -0.21526    -0.215266    -0.215249    -0.215228    -0.215206    -0.215187    -0.215169    -0.215152    -0.215136    -0.215122     -0.21511    -0.215099    -0.215095    -0.215111    -0.215205    -0.215605
   -0.102434    -0.102439    -0.102443    -0.102447    -0.102451    -0.102455    -0.102458    -0.102461    -0.102464    -0.102467     -0.10247    -0.102473    -0.102476    -0.102478    -0.102481    -0.102484    -0.102486    -0.102489    -0.102491    -0.102494    -0.102497      -0.1025    -0.102502    -0.102505    -0.102509    -0.102512    -0.102516    -0.102519    -0.102523    -0.102528    -0.102532    -0.102537    -0.102543    -0.102548    -0.102555    -0.102561    -0.102569    -0.102577    -0.102585    -0.102595    -0.102604    -0.102611    -0.102607    -0.102556    -0.102318    -0.101336   -0.0974157   -0.0818901   -0.0205469  -0.00502068  -0.00109896 -0.000115332   0.00012546  0.000179439  0.000187405  0.000184983  0.000181165   0.00017821  0.000176675    0.0001767  0.000178325  0.000181576  0.000186484  0.000193089  0.000201446  0.000211621   0.00022369  0.000237728  0.000253768  0.000271628  0.000290233  0.000304943  0.000296974  0.000191671 -0.000306245  -0.00236308   -0.0105837   -0.0431475    -0.171821    -0.204385    -0.212605    -0.214661    -0.215157    -0.215261    -0.215267     -0.21525    -0.215228    -0.215207    -0.215188     -0.21517    -0.215153    -0.215138    -0.215124    -0.215111    -0.215099     -0.21509    -0.215086    -0.215101    -0.215189    -0.215561
   -0.102439    -0.102443    -0.102447    -0.102451    -0.102455    -0.102458    -0.102461    -0.102464    -0.102467     -0.10247    -0.102473    -0.102476    -0.102478    -0.102481    -0.102484    -0.102486    -0.102489    -0.102491    -0.102494    -0.102497      -0.1025    -0.102502    -0.102505    -0.102509    -0.102512    -0.102516    -0.102519    -0.102523    -0.102528    -0.102532    -0.102537    -0.102543    -0.102548    -0.102555    -0.102562    -0.102569    -0.102577    -0.102585    -0.102595    -0.102604    -0.102611    -0.102607    -0.102556    -0.102318    -0.101336   -0.0974157   -0.0818901   -0.0205469  -0.00502072  -0.00109901 -0.000115388    0.0001254  0.000179375  0.000187336  0.000184909  0.000181086  0.000178124  0.000176583  0.000176601  0.000178219  0.000181461   0.00018636  0.000192956  0.000201303  0.000211466  0.000223523  0.000237549  0.000253575   0.00027142   0.00029001  0.000304702  0.000296714  0.000191392 -0.000306547   -0.0023634   -0.0105841   -0.0431478    -0.171822    -0.204385    -0.212605    -0.214661    -0.215158    -0.215262    -0.215268    -0.215251    -0.215229    -0.215208    -0.215189    -0.215171    -0.215154    -0.215139    -0.215125    -0.215112      -0.2151     -0.21509    -0.215081    -0.215078    -0.215092    -0.215174     -0.21552
   -0.102443    -0.102447    -0.102451    -0.102455    -0.102458    -0.102461    -0.102464    -0.102467     -0.10247    -0.102473    -0.102476    -0.102478    -0.102481    -0.102484    -0.102486    -0.102489    -0.102491    -0.102494    -0.102497      -0.1025    -0.102502    -0.102505    -0.102509    -0.102512    -0.102516    -0.102519    -0.102523    -0.102528    -0.102532    -0.102537    -0.102543    -0.102548    -0.102555    -0.102562    -0.102569    -0.102577    -0.102586    -0.102595    -0.102604    -0.102611    -0.102607    -0.102556    -0.102318    -0.101336   -0.0974157   -0.0818902    -0.020547  -0.00502077  -0.00109906 -0.000115436  0.000125349   0.00017932  0.000187277  0.000184845  0.000181017   0.00017805  0.000176504  0.000176515  0.000178126  0.000181362  0.000186253  0.000192841  0.000201179  0.000211333   0.00022338  0.000237394  0.000253408  0.000271241  0.000289817  0.000304494   0.00029649  0.000191151 -0.000306806  -0.00236368   -0.0105844   -0.0431482    -0.171822    -0.204386    -0.212606    -0.214662    -0.215158    -0.215262    -0.215268    -0.215251     -0.21523    -0.215209    -0.215189    -0.215171    -0.215155     -0.21514    -0.215126    -0.215113    -0.215101    -0.215091    -0.215081    -0.215073     -0.21507    -0.215084     -0.21516    -0.215482
   -0.102447    -0.102451    -0.102455    -0.102458    -0.102461    -0.102464    -0.102467     -0.10247    -0.102473    -0.102476    -0.102478    -0.102481    -0.102484    -0.102486    -0.102489    -0.102491    -0.102494    -0.102497      -0.1025    -0.102502    -0.102505    -0.102509    -0.102512    -0.102516    -0.102519    -0.102523    -0.102528    -0.102532    -0.102537    -0.102543    -0.102548    -0.102555    -0.102562    -0.102569    -0.102577    -0.102586    -0.102595    -0.102604    -0.102611    -0.102607    -0.102556    -0.102318    -0.101336   -0.0974158   -0.0818902    -0.020547   -0.0050208   -0.0010991 -0.000115477  0.000125304  0.000179272  0.000187226   0.00018479  0.000180958  0.000177987  0.000176435  0.000176442  0.000178047  0.000181277  0.000186161  0.000192742  0.000201072  0.000211218  0.000223256  0.000237261  0.000253265  0.000271086   0.00028965  0.000304315  0.000296297  0.000190943  -0.00030703  -0.00236392   -0.0105846   -0.0431485    -0.171822    -0.204386    -0.212606    -0.214662    -0.215159    -0.215262    -0.215269    -0.215252     -0.21523    -0.215209     -0.21519    -0.215172    -0.215156     -0.21514    -0.215127    -0.215114    -0.215102    -0.215092    -0.215082    -0.215073    -0.215066    -0.215063    -0.215076    -0.215147    -0.215447
   -0.102451    -0.102455    -0.102458    -0.102461    -0.102464    -0.102467     -0.10247    -0.102473    -0.102476    -0.102478    -0.102481    -0.102484    -0.102486    -0.102489    -0.102491    -0.102494    -0.102497      -0.1025    -0.102502    -0.102505    -0.102509    -0.102512    -0.102516    -0.102519    -0.102523    -0.102528    -0.102532    -0.102537    -0.102543    -0.102548    -0.102555    -0.102562    -0.102569    -0.102577    -0.102586    -0.102595    -0.102604    -0.102611    -0.102607    -0.102556    -0.102318    -0.101336   -0.0974158   -0.0818902    -0.020547  -0.00502083  -0.00109913 -0.000115513  0.000125266  0.000179231  0.000187181  0.000184742  0.000180907  0.000177932  0.000176376  0.000176378  0.000177979  0.000181203  0.000186082  0.000192656   0.00020098  0.000211119   0.00022315  0.000237146  0.000253142  0.000270953  0.000289507  0.000304161  0.000296131  0.000190764 -0.000307223  -0.00236413   -0.0105848   -0.0431487    -0.171823    -0.204386    -0.212606    -0.214662    -0.215159    -0.215263    -0.215269    -0.215252    -0.215231     -0.21521    -0.215191    -0.215173    -0.215156    -0.215141    -0.215127    -0.215115    -0.215103    -0.215092    -0.215083    -0.215074    -0.215066    -0.215059    -0.215057    -0.215069    -0.215135    -0.215415
   -0.102455    -0.102458    -0.102461    -0.102465    -0.102467     -0.10247    -0.102473    -0.102476    -0.102478    -0.102481    -0.102484    -0.102486    -0.102489    -0.102491    -0.102494    -0.102497      -0.1025    -0.102502    -0.102506    -0.102509    -0.102512    -0.102516    -0.102519    -0.102523    -0.102528    -0.102532    -0.102537    -0.102543    -0.102548    -0.102555    -0.102562    -0.102569    -0.102577    -0.102586    -0.102595    -0.102604    -0.102611    -0.102607    -0.102556    -0.102318    -0.101336   -0.0974158   -0.0818902   -0.0205471  -0.00502086  -0.00109916 -0.000115544  0.000125232  0.000179195  0.000187143  0.000184701  0.000180862  0.000177884  0.000176325  0.000176323  0.000177919  0.000181139  0.000186013  0.000192583  0.000200901  0.000211034  0.000223058  0.000237047  0.000253035  0.000270838  0.000289384  0.000304028  0.000295988  0.000190609 -0.000307389  -0.00236431    -0.010585   -0.0431489    -0.171823    -0.204386    -0.212607    -0.214663    -0.215159    -0.215263    -0.215269    -0.215252    -0.215231     -0.21521    -0.215191    -0.215173    -0.215157    -0.215142    -0.215128    -0.215115    -0.215104    -0.215093    -0.215084    -0.215075    -0.215067    -0.215059    -0.215054    -0.215051    -0.215063    -0.215124    -0.215384
   -0.102458    -0.102461    -0.102465    -0.102468     -0.10247    -0.102473    -0.102476    -0.102479    -0.102481    -0.102484    -0.102486    -0.102489    -0.102491    -0.102494    -0.102497      -0.1025    -0.102502    -0.102506    -0.102509    -0.102512    -0.102516    -0.102519    -0.102523    -0.102528    -0.102532    -0.102537    -0.102543    -0.102549    -0.102555    -0.102562    -0.102569    -0.102577    -0.102586    -0.102595    -0.102604    -0.102611    -0.102607    -0.102556    -0.102318    -0.101336   -0.0974158   -0.0818903   -0.0205471  -0.00502088  -0.00109918 -0.000115571  0.000125204  0.000179164   0.00018711  0.000184665  0.000180824  0.000177843  0.000176281  0.000176276  0.000177868  0.000181084  0.000185954  0.000192519  0.000200833   0.00021096  0.000222979  0.000236962  0.000252943  0.000270739  0.000289277  0.000303913  0.000295864  0.000190476 -0.000307532  -0.00236446   -0.0105852   -0.0431491    -0.171823    -0.204387    -0.212607    -0.214663     -0.21516    -0.215263     -0.21527    -0.215253    -0.215232    -0.215211    -0.215191    -0.215174    -0.215157    -0.215142    -0.215129    -0.215116    -0.215104    -0.215094    -0.215084    -0.215075    -0.215067     -0.21506    -0.215053    -0.215048    -0.215046    -0.215057    -0.215114    -0.215356
   -0.102461    -0.102465    -0.102468     -0.10247    -0.102473    -0.102476    -0.102479    -0.102481    -0.102484    -0.102486    -0.102489    -0.102491    -0.102494    -0.102497      -0.1025    -0.102502    -0.102506    -0.102509    -0.102512    -0.102516    -0.102519    -0.102523    -0.102528    -0.102532    -0.102537    -0.102543    -0.102549    -0.102555    -0.102562    -0.102569    -0.102577    -0.102586    -0.102595    -0.102604    -0.102611    -0.102607    -0.102556    -0.102318    -0.101336   -0.0974159   -0.0818903   -0.0205471   -0.0050209  -0.00109921 -0.000115594  0.000125179  0.000179138  0.000187081  0.000184635  0.000180791  0.000177807  0.000176243  0.000176235  0.000177824  0.000181037  0.000185903  0.000192464  0.000200774  0.000210897   0.00022291  0.000236889  0.000252864  0.000270654  0.000289185  0.000303814  0.000295758  0.000190362 -0.000307656   -0.0023646   -0.0105853   -0.0431492    -0.171823    -0.204387    -0.212607    -0.214663     -0.21516    -0.215264     -0.21527    -0.215253    -0.215232    -0.215211    -0.215192    -0.215174    -0.215158    -0.215143    -0.215129    -0.215116    -0.215105    -0.215095    -0.215085    -0.215076    -0.215068    -0.215061    -0.215054    -0.215048    -0.215043    -0.215042    -0.215051    -0.215105     -0.21533
   -0.102465    -0.102468     -0.10247    -0.102473    -0.102476    -0.102479    -0.102481    -0.102484    -0.102486    -0.102489    -0.102491    -0.102494    -0.102497      -0.1025    -0.102503    -0.102506    -0.102509    -0.102512    -0.102516    -0.102519    -0.102523    -0.102528    -0.102532    -0.102537    -0.102543    -0.102549    -0.102555    -0.102562    -0.102569    -0.102577    -0.102586    -0.102595    -0.102604    -0.102611    -0.102607    -0.102556    -0.102318    -0.101336   -0.0974159   -0.0818903   -0.0205471  -0.00502092  -0.00109922 -0.000115614  0.000125157  0.000179114  0.000187056  0.000184608  0.000180763  0.000177777   0.00017621  0.000176199  0.000177786  0.000180996  0.000185859  0.000192417  0.000200723  0.000210842  0.000222851  0.000236825  0.000252796  0.000270581  0.000289106  0.000303729  0.000295666  0.000190263 -0.000307762  -0.00236471   -0.0105855   -0.0431494    -0.171823    -0.204387    -0.212607    -0.214663     -0.21516    -0.215264     -0.21527    -0.215253    -0.215232    -0.215211    -0.215192    -0.215174    -0.215158    -0.215143    -0.215129    -0.215117    -0.215105    -0.215095    -0.215085    -0.215077    -0.215069    -0.215061    -0.215055    -0.215049    -0.215043    -0.215039    -0.215037    -0.215047    -0.215097    -0.215306
   -0.102715    -0.102763    -0.102761    -0.102748    -0.102732    -0.102717    -0.102703     -0.10269    -0.102678    -0.102667    -0.102657    -0.102648     -0.10264    -0.102633    -0.102627    -0.102621    -0.102617    -0.102613    -0.102609    -0.102607    -0.102605    -0.102604    -0.102604    -0.102605    -0.102606    -0.102608    -0.102611    -0.102615     -0.10262    -0.102625    -0.102631    -0.102638    -0.102643    -0.102636    -0.102583    -0.102343     -0.10136   -0.0974376   -0.0819105   -0.0205659  -0.00503841  -0.00111555 -0.000130884  0.000110832   0.00016563  0.000174311  0.000172501  0.000169196  0.000166653  0.000165429  0.000165662  0.000167392  0.000170639  0.000175433  0.000181809  0.000189815  0.000199512  0.000210968  0.000224249  0.000239379  0.000256164  0.000273519  0.000286786  0.000277168  0.000169993 -0.000330038  -0.00238925   -0.0106125   -0.0431793    -0.171857    -0.204424    -0.212648    -0.214708     -0.21521    -0.215319    -0.215331    -0.215321    -0.215307    -0.215294    -0.215283    -0.215275    -0.215269    -0.215266    -0.215265    -0.215266     -0.21527    -0.215276    -0.215285    -0.215297     -0.21531    -0.215327    -0.215344    -0.215358    -0.215349    -0.215239    -0.214722    -0.212589    -0.204063    -0.170288   -0.0368279
   -0.102761    -0.102759    -0.102745     -0.10273    -0.102715    -0.102701    -0.102688    -0.102676    -0.102665    -0.102656    -0.102647    -0.102639    -0.102632    -0.102626     -0.10262    -0.102616    -0.102612    -0.102609    -0.102606    -0.102605    -0.102604    -0.102604    -0.102604    -0.102606    -0.102608    -0.102611    -0.102615    -0.102619    -0.102625    -0.102631    -0.102638    -0.102643    -0.102636    -0.102584    -0.102343     -0.10136   -0.0974378   -0.0819108   -0.0205663  -0.00503885  -0.00111605 -0.000131448  0.000110205  0.000164936  0.000173547  0.000171664   0.00016828  0.000165654  0.000164342  0.000164482  0.000166111  0.000169252  0.000173932  0.000180187  0.000188064  0.000197622   0.00020893  0.000222053  0.000237013  0.000253616  0.000270775  0.000283832   0.00027399  0.000166574 -0.000333716   -0.0023932   -0.0106168   -0.0431839    -0.171861    -0.204429    -0.212653    -0.214714    -0.215216    -0.215326    -0.215339    -0.215329    -0.215316    -0.215303    -0.215293    -0.215286    -0.215281    -0.215278    -0.215278    -0.215281    -0.215286    -0.215293    -0.215303    -0.215316    -0.215331    -0.215349    -0.215368    -0.215383    -0.215374    -0.215258    -0.214715     -0.21247    -0.203495    -0.167942    -0.027451   0.00754187
   -0.102758    -0.102744    -0.102729    -0.102714      -0.1027    -0.102687    -0.102675    -0.102665    -0.102655    -0.102646    -0.102639    -0.102632    -0.102625     -0.10262    -0.102615    -0.102612    -0.102608    -0.102606    -0.102605    -0.102604    -0.102604    -0.102604    -0.102606    -0.102608    -0.102611    -0.102615    -0.102619    -0.102625    -0.102631    -0.102638    -0.102643    -0.102636    -0.102584    -0.102343     -0.10136   -0.0974378   -0.0819108   -0.0205663  -0.00503887  -0.00111607 -0.000131482  0.000110162  0.000164884  0.000173485  0.000171592  0.000168199  0.000165562  0.000164239  0.000164368  0.000165985  0.000169114  0.000173781  0.000180022  0.000187885  0.000197428  0.000208719  0.000221825  0.000236766   0.00025335  0.000270488  0.000283524  0.000273658  0.000166217 -0.000334099  -0.00239362   -0.0106172   -0.0431843    -0.171862    -0.204429    -0.212654    -0.214715    -0.215217    -0.215327    -0.215339     -0.21533    -0.215316    -0.215304    -0.215294    -0.215287    -0.215282     -0.21528     -0.21528    -0.215282    -0.215287    -0.215295    -0.215305    -0.215318    -0.215333    -0.215351     -0.21537    -0.215385    -0.215376    -0.215261    -0.214717    -0.212468     -0.20348    -0.167872   -0.0271675   0.00867261    0.0186402
   -0.102744    -0.102729    -0.102714      -0.1027    -0.102687    -0.102675    -0.102665    -0.102655    -0.102646    -0.102638    -0.102631    -0.102625     -0.10262    -0.102615    -0.102611    -0.102608    -0.102606    -0.102604    -0.102604    -0.102603    -0.102604    -0.102605    -0.102608    -0.102611    -0.102615    -0.102619    -0.102625    -0.102631    -0.102638    -0.102643    -0.102636    -0.102583    -0.102343     -0.10136   -0.0974378   -0.0819107   -0.0205662   -0.0050388    -0.001116 -0.000131407   0.00011024  0.000164965  0.000173571  0.000171682  0.000168294  0.000165662  0.000164346  0.000164481  0.000166106  0.000169243  0.000173919   0.00018017  0.000188043  0.000197597  0.000208901   0.00022202  0.000236976  0.000253575  0.000270731  0.000283785  0.000273939   0.00016652 -0.000333773  -0.00239326   -0.0106169   -0.0431839    -0.171862    -0.204429    -0.212653    -0.214714    -0.215216    -0.215326    -0.215339    -0.215329    -0.215316    -0.215303    -0.215293    -0.215286    -0.215281    -0.215278    -0.215278    -0.215281    -0.215286    -0.215293    -0.215303    -0.215316    -0.215331    -0.215349    -0.215368    -0.215383    -0.215374    -0.215258    -0.214714    -0.212466     -0.20348    -0.167883   -0.0272194    0.0084552    0.0177688    0.0213208
   -0.102728    -0.102713      -0.1027    -0.102687    -0.102675    -0.102664    -0.102655    -0.102646    -0.102638    -0.102631    -0.102625     -0.10262    -0.102615    -0.102611    -0.102608    -0.102606    -0.102604    -0.102603    -0.102603    -0.102604    -0.102605    -0.102608    -0.102611    -0.102614    -0.102619    -0.102625    -0.102631    -0.102638    -0.102642    -0.102636    -0.102583    -0.102343     -0.10136   -0.0974377   -0.0819107   -0.0205661  -0.00503872  -0.00111592 -0.000131318  0.000110334  0.000165066  0.000173677  0.000171796  0.000168415  0.000165792  0.000164484  0.000164629  0.000166265  0.000169413  0.000174101  0.000180365  0.000188253  0.000197823  0.000209143   0.00022228  0.000237256  0.000253877  0.000271055  0.000284134  0.000274314  0.000166924 -0.000333338   -0.0023928   -0.0106164   -0.0431834    -0.171861    -0.204428    -0.212653    -0.214714    -0.215216    -0.215325    -0.215338    -0.215328    -0.215315    -0.215302    -0.215292    -0.215285     -0.21528    -0.215277    -0.215277    -0.215279    -0.215284    -0.215291    -0.215301    -0.215313    -0.215329    -0.215346    -0.215365     -0.21538     -0.21537    -0.215254     -0.21471    -0.212462    -0.203477    -0.167883   -0.0272352   0.00837738    0.0174447    0.0200229    0.0218785
   -0.102713    -0.102699    -0.102687    -0.102675    -0.102664    -0.102655    -0.102646    -0.102638    -0.102631    -0.102625     -0.10262    -0.102615    -0.102611    -0.102608    -0.102606    -0.102604    -0.102603    -0.102603    -0.102604    -0.102605    -0.102608    -0.102611    -0.102614    -0.102619    -0.102625    -0.102631    -0.102638    -0.102642    -0.102636    -0.102583    -0.102343     -0.10136   -0.0974376   -0.0819106   -0.0205661  -0.00503864  -0.00111584 -0.000131234  0.000110423   0.00016516  0.000173777  0.000171902  0.000168529  0.000165913  0.000164614  0.000164768  0.000166414  0.000169573  0.000174273   0.00018055  0.000188451  0.000198036  0.000209372  0.000222527  0.000237521  0.000254162  0.000271362  0.000284464   0.00027467  0.000167307 -0.000332926  -0.00239235   -0.0106159   -0.0431829     -0.17186    -0.204428    -0.212652    -0.214713    -0.215215    -0.215324    -0.215337    -0.215327    -0.215314    -0.215301    -0.215291    -0.215283    -0.215278    -0.215275    -0.215275    -0.215277    -0.215282    -0.215289    -0.215299    -0.215311    -0.215326    -0.215343    -0.215362    -0.215377    -0.215367    -0.215251    -0.214706    -0.212458    -0.203473     -0.16788   -0.0272355   0.00836119    0.0173648    0.0196904    0.0205476    0.0219073
   -0.102699    -0.102687    -0.102675    -0.102664    -0.102655    -0.102646    -0.102638    -0.102631    -0.102625     -0.10262    -0.102615    -0.102611    -0.102608    -0.102606    -0.102604    -0.102603    -0.102603    -0.102604    -0.102605    -0.102608    -0.102611    -0.102614    -0.102619    -0.102625    -0.102631    -0.102638    -0.102642    -0.102636    -0.102583    -0.102343     -0.10136   -0.0974376   -0.0819105    -0.020566  -0.00503858  -0.00111577  -0.00013116  0.000110502  0.000165243  0.000173866  0.000171997   0.00016863  0.000166021   0.00016473  0.000164892  0.000166547  0.000169715  0.000174426  0.000180713  0.000188627  0.000198224  0.000209575  0.000222745  0.000237755  0.000254414  0.000271633  0.000284755  0.000274984  0.000167644 -0.000332563  -0.00239196   -0.0106155   -0.0431824     -0.17186    -0.204427    -0.212652    -0.214712    -0.215214    -0.215324    -0.215336    -0.215326    -0.215313      -0.2153     -0.21529    -0.215282    -0.215277    -0.215274    -0.215274    -0.215276     -0.21528    -0.215287    -0.215297    -0.215309    -0.215324    -0.215341    -0.215359    -0.215374    -0.215364    -0.215248    -0.214703    -0.212454    -0.203469    -0.167876   -0.0272323   0.00836082    0.0173493    0.0196142    0.0202304    0.0206378    0.0218104
   -0.102686    -0.102675    -0.102664    -0.102654    -0.102646    -0.102638    -0.102631    -0.102625     -0.10262    -0.102615    -0.102611    -0.102608    -0.102606    -0.102604    -0.102603    -0.102603    -0.102604    -0.102605    -0.102607     -0.10261    -0.102614    -0.102619    -0.102625    -0.102631    -0.102638    -0.102642    -0.102636    -0.102583    -0.102343     -0.10136   -0.0974375   -0.0819105   -0.0205659  -0.00503852  -0.00111571 -0.000131094  0.000110571  0.000165317  0.000173944   0.00017208  0.000168718  0.000166116  0.000164831     0.000165  0.000166662  0.000169839  0.000174558  0.000180856  0.000188779  0.000198388  0.000209751  0.000222934  0.000237959  0.000254633  0.000271868  0.000285009  0.000275256  0.000167938 -0.000332247  -0.00239162   -0.0106151    -0.043182    -0.171859    -0.204427    -0.212651    -0.214712    -0.215214    -0.215323    -0.215336    -0.215325    -0.215312    -0.215299    -0.215289    -0.215281    -0.215276    -0.215273    -0.215273    -0.215275    -0.215279    -0.215286    -0.215295    -0.215307    -0.215322    -0.215339    -0.215357    -0.215372    -0.215361    -0.215245      -0.2147    -0.212451    -0.203465    -0.167872   -0.0272287   0.00836381     0.017349    0.0195997    0.0201591    0.0203408    0.0206214    0.0216891
   -0.102675    -0.102664    -0.102654    -0.102646    -0.102638    -0.102631    -0.102625    -0.102619    -0.102615    -0.102611    -0.102608    -0.102606    -0.102604    -0.102603    -0.102603    -0.102604    -0.102605    -0.102607     -0.10261    -0.102614    -0.102619    -0.102625    -0.102631    -0.102638    -0.102642    -0.102636    -0.102583    -0.102343     -0.10136   -0.0974375   -0.0819104   -0.0205659  -0.00503846  -0.00111565 -0.000131036  0.000110632  0.000165381  0.000174013  0.000172153  0.000168796  0.000166198  0.000164919  0.000165094  0.000166762  0.000169946  0.000174673  0.000180979  0.000188912   0.00019853  0.000209904  0.000223098  0.000238135  0.000254822  0.000272072  0.000285228  0.000275492  0.000168191 -0.000331974  -0.00239133   -0.0106148   -0.0431817    -0.171859    -0.204426    -0.212651    -0.214711    -0.215213    -0.215323    -0.215335    -0.215325    -0.215311    -0.215299    -0.215288     -0.21528    -0.215275    -0.215272    -0.215272    -0.215273    -0.215278    -0.215285    -0.215294    -0.215306     -0.21532    -0.215337    -0.215355     -0.21537    -0.215359    -0.215243    -0.214697    -0.212448    -0.203462    -0.167869   -0.0272254   0.00836718    0.0173517    0.0195993    0.0201455    0.0202743    0.0203445     0.020581    0.0215688
   -0.102664    -0.102654    -0.102646    -0.102638    -0.102631    -0.102625    -0.102619    -0.102615    -0.102611    -0.102608    -0.102606    -0.102604    -0.102603    -0.102603    -0.102604    -0.102605    -0.102607     -0.10261    -0.102614    -0.102619    -0.102625    -0.102631    -0.102638    -0.102642    -0.102636    -0.102583    -0.102343     -0.10136   -0.0974374   -0.0819104   -0.0205658  -0.00503842   -0.0011156 -0.000130985  0.000110686  0.000165438  0.000174073  0.000172216  0.000168863   0.00016627  0.000164995  0.000165175  0.000166849   0.00017004  0.000174773  0.000181086  0.000189026  0.000198653  0.000210036  0.000223239  0.000238287  0.000254985  0.000272247  0.000285417  0.000275695   0.00016841 -0.000331739  -0.00239108   -0.0106145   -0.0431814    -0.171859    -0.204426     -0.21265    -0.214711    -0.215213    -0.215322    -0.215334    -0.215324    -0.215311    -0.215298    -0.215288     -0.21528    -0.215274    -0.215271    -0.215271    -0.215273    -0.215277    -0.215284    -0.215293    -0.215305    -0.215319    -0.215336    -0.215354    -0.215368    -0.215357    -0.215241    -0.214695    -0.212446     -0.20346    -0.167866   -0.0272225   0.00837026    0.0173549    0.0196019    0.0201452    0.0202617    0.0202826    0.0203233    0.0205373    0.0214552
   -0.102654    -0.102646    -0.102638    -0.102631    -0.102625    -0.102619    -0.102615    -0.102611    -0.102608    -0.102606    -0.102604    -0.102603    -0.102603    -0.102604    -0.102605    -0.102607     -0.10261    -0.102614    -0.102619    -0.102625    -0.102631    -0.102638    -0.102642    -0.102636    -0.102583    -0.102343    -0.101359   -0.0974374   -0.0819103   -0.0205658  -0.00503838  -0.00111556  -0.00013094  0.000110733  0.000165488  0.000174125  0.000172272  0.000168922  0.000166333  0.000165062  0.000165246  0.000166925  0.000170121  0.000174859  0.000181178  0.000189125   0.00019876   0.00021015  0.000223362  0.000238419  0.000255127  0.000272399   0.00028558   0.00027587  0.000168598 -0.000331536  -0.00239086   -0.0106143   -0.0431811    -0.171858    -0.204426     -0.21265    -0.214711    -0.215212    -0.215322    -0.215334    -0.215324     -0.21531    -0.215298    -0.215287    -0.215279    -0.215274    -0.215271     -0.21527    -0.215272    -0.215276    -0.215283    -0.215292    -0.215304    -0.215318    -0.215335    -0.215352    -0.215366    -0.215356    -0.215239    -0.214693    -0.212444    -0.203458    -0.167864   -0.0272199   0.00837297    0.0173577    0.0196048    0.0201476    0.0202614    0.0202709    0.0202656    0.0202975    0.0204954    0.0213493
   -0.102645    -0.102638    -0.102631    -0.102625    -0.102619    -0.102615    -0.102611    -0.102608    -0.102606    -0.102604    -0.102603    -0.102603    -0.102604    -0.102605    -0.102607     -0.10261    -0.102614    -0.102619    -0.102624    -0.102631    -0.102637    -0.102642    -0.102636    -0.102583    -0.102343    -0.101359   -0.0974374   -0.0819103   -0.0205658  -0.00503834  -0.00111552   -0.0001309  0.000110775  0.000165532  0.000174172  0.000172321  0.000168974  0.000166387   0.00016512  0.000165308  0.000166991  0.000170191  0.000174934  0.000181259  0.000189211  0.000198852  0.000210248  0.000223468  0.000238532  0.000255249   0.00027253  0.000285721  0.000276022  0.000168761 -0.000331361  -0.00239067   -0.0106141   -0.0431809    -0.171858    -0.204426     -0.21265     -0.21471    -0.215212    -0.215321    -0.215334    -0.215323     -0.21531    -0.215297    -0.215287    -0.215279    -0.215273     -0.21527    -0.215269    -0.215271    -0.215275    -0.215282    -0.215291    -0.215303    -0.215317    -0.215333    -0.215351    -0.215365    -0.215354    -0.215237    -0.214692    -0.212442    -0.203456    -0.167862   -0.0272178   0.00837531    0.0173602    0.0196075    0.0201503    0.0202636    0.0202706    0.0202547    0.0202439    0.0202723    0.0204564    0.0212511
   -0.102638    -0.102631    -0.102624    -0.102619    -0.102615    -0.102611    -0.102608    -0.102605    -0.102604    -0.102603    -0.102603    -0.102604    -0.102605    -0.102607     -0.10261    -0.102614    -0.102619    -0.102624    -0.102631    -0.102637    -0.102642    -0.102636    -0.102583    -0.102343    -0.101359   -0.0974373   -0.0819103   -0.0205657   -0.0050383  -0.00111549 -0.000130864  0.000110813  0.000165571  0.000174213  0.000172364  0.000169019  0.000166435  0.000165171  0.000165362  0.000167048  0.000170252     0.000175  0.000181328  0.000189286  0.000198932  0.000210334  0.000223559  0.000238631  0.000255354  0.000272644  0.000285842  0.000276153  0.000168902  -0.00033121  -0.00239051   -0.0106139   -0.0431807    -0.171858    -0.204425    -0.212649     -0.21471    -0.215212    -0.215321    -0.215333    -0.215323    -0.215309    -0.215297    -0.215286    -0.215278    -0.215273    -0.215269    -0.215269     -0.21527    -0.215274    -0.215281     -0.21529    -0.215302    -0.215316    -0.215333     -0.21535    -0.215364    -0.215353    -0.215236     -0.21469    -0.212441    -0.203454     -0.16786   -0.0272159   0.00837733    0.0173624    0.0196098    0.0201528    0.0202661    0.0202726    0.0202544    0.0202337    0.0202224    0.0202488    0.0204203      0.02116
   -0.102631    -0.102624    -0.102619    -0.102615    -0.102611    -0.102608    -0.102605    -0.102604    -0.102603    -0.102603    -0.102604    -0.102605    -0.102607     -0.10261    -0.102614    -0.102619    -0.102624    -0.102631    -0.102637    -0.102642    -0.102636    -0.102583    -0.102343    -0.101359   -0.0974373   -0.0819102   -0.0205657  -0.00503827  -0.00111545 -0.000130831  0.000110846  0.000165606  0.000174249  0.000172402  0.000169059  0.000166478  0.000165215  0.000165409  0.000167099  0.000170305  0.000175057  0.000181389  0.000189351  0.000199001  0.000210408  0.000223639  0.000238716  0.000255445  0.000272742  0.000285948  0.000276266  0.000169023 -0.000331079  -0.00239037   -0.0106137   -0.0431806    -0.171858    -0.204425    -0.212649     -0.21471    -0.215212    -0.215321    -0.215333    -0.215323    -0.215309    -0.215296    -0.215286    -0.215278    -0.215272    -0.215269    -0.215268     -0.21527    -0.215274     -0.21528    -0.215289    -0.215301    -0.215315    -0.215332    -0.215349    -0.215363    -0.215352    -0.215235    -0.214689    -0.212439    -0.203453    -0.167859   -0.0272143   0.00837907    0.0173643    0.0196118    0.0201549    0.0202684    0.0202749    0.0202563    0.0202334    0.0202129    0.0202024    0.0202272    0.0203871    0.0210755
   -0.102624    -0.102619    -0.102615    -0.102611    -0.102608    -0.102605    -0.102604    -0.102603    -0.102603    -0.102604    -0.102605    -0.102607     -0.10261    -0.102614    -0.102619    -0.102624    -0.102631    -0.102637    -0.102642    -0.102636    -0.102583    -0.102343    -0.101359   -0.0974373   -0.0819102   -0.0205657  -0.00503825  -0.00111543 -0.000130802  0.000110876  0.000165637  0.000174281  0.000172436  0.000169095  0.000166515  0.000165254  0.000165451  0.000167143  0.000170352  0.000175106  0.000181442  0.000189407  0.000199061  0.000210472  0.000223708  0.000238789  0.000255524  0.000272826  0.000286039  0.000276363  0.000169128 -0.000330966  -0.00239024   -0.0106136   -0.0431804    -0.171858    -0.204425    -0.212649     -0.21471    -0.215211    -0.215321    -0.215333    -0.215323    -0.215309    -0.215296    -0.215286    -0.215277    -0.215272    -0.215269    -0.215268    -0.215269    -0.215273     -0.21528    -0.215289      -0.2153    -0.215315    -0.215331    -0.215349    -0.215362    -0.215351    -0.215234    -0.214688    -0.212438    -0.203452    -0.167857   -0.0272129   0.00838057    0.0173659    0.0196136    0.0201568    0.0202704    0.0202771    0.0202585    0.0202352    0.0202127    0.0201936     0.020184    0.0202074    0.0203564    0.0209971
   -0.102619    -0.102614    -0.102611    -0.102608    -0.102605    -0.102604    -0.102603    -0.102603    -0.102604    -0.102605    -0.102607     -0.10261    -0.102614    -0.102619    -0.102624    -0.102631    -0.102637    -0.102642    -0.102636    -0.102583    -0.102343    -0.101359   -0.0974373   -0.0819102   -0.0205656  -0.00503822   -0.0011154 -0.000130776  0.000110903  0.000165665   0.00017431  0.000172466  0.000169126  0.000166548  0.000165289  0.000165487  0.000167181  0.000170393  0.000175149  0.000181488  0.000189456  0.000199113  0.000210528  0.000223767  0.000238853  0.000255593    0.0002729  0.000286117  0.000276448  0.000169219 -0.000330869  -0.00239014   -0.0106135   -0.0431803    -0.171858    -0.204425    -0.212649    -0.214709    -0.215211     -0.21532    -0.215333    -0.215322    -0.215309    -0.215296    -0.215285    -0.215277    -0.215271    -0.215268    -0.215267    -0.215269    -0.215273    -0.215279    -0.215288      -0.2153    -0.215314     -0.21533    -0.215348    -0.215361     -0.21535    -0.215233    -0.214687    -0.212437    -0.203451    -0.167856   -0.0272117   0.00838186    0.0173673    0.0196151    0.0201584    0.0202721    0.0202789    0.0202604    0.0202372    0.0202143    0.0201933    0.0201758    0.0201672    0.0201892    0.0203281    0.0209245
   -0.102614    -0.102611    -0.102608    -0.102605    -0.102604    -0.102603    -0.102603    -0.102603    -0.102605    -0.102607     -0.10261    -0.102614    -0.102619    -0.102624    -0.102631    -0.102637    -0.102642    -0.102636    -0.102583    -0.102343    -0.101359   -0.0974372   -0.0819102   -0.0205656   -0.0050382  -0.00111538 -0.000130752  0.000110928   0.00016569  0.000174336  0.000172493  0.000169154  0.000166577   0.00016532  0.000165519  0.000167215  0.000170429  0.000175187  0.000181528  0.000189499  0.000199159  0.000210577  0.000223819  0.000238909  0.000255652  0.000272963  0.000286185  0.000276521  0.000169297 -0.000330785  -0.00239005   -0.0106134   -0.0431802    -0.171857    -0.204425    -0.212649    -0.214709    -0.215211     -0.21532    -0.215332    -0.215322    -0.215308    -0.215296    -0.215285    -0.215277    -0.215271    -0.215268    -0.215267    -0.215269    -0.215273    -0.215279    -0.215288    -0.215299    -0.215313     -0.21533    -0.215347    -0.215361     -0.21535    -0.215233    -0.214686    -0.212437     -0.20345    -0.167855   -0.0272107   0.00838297    0.0173685    0.0196164    0.0201598    0.0202736    0.0202805    0.0202622     0.020239    0.0202162    0.0201949    0.0201756    0.0201595    0.0201518    0.0201726    0.0203021    0.0208571
   -0.102611    -0.102608    -0.102605    -0.102604    -0.102603    -0.102603    -0.102603    -0.102605    -0.102607     -0.10261    -0.102614    -0.102619    -0.102624    -0.102631    -0.102637    -0.102642    -0.102636    -0.102583    -0.102343    -0.101359   -0.0974372   -0.0819102   -0.0205656  -0.00503818  -0.00111535  -0.00013073   0.00011095  0.000165713   0.00017436  0.000172517  0.000169179  0.000166603  0.000165347  0.000165548  0.000167245   0.00017046  0.000175221  0.000181563  0.000189536  0.000199198  0.000210619  0.000223864  0.000238957  0.000255704  0.000273018  0.000286244  0.000276584  0.000169365 -0.000330712  -0.00238997   -0.0106133   -0.0431801    -0.171857    -0.204425    -0.212649    -0.214709    -0.215211     -0.21532    -0.215332    -0.215322    -0.215308    -0.215295    -0.215285    -0.215277    -0.215271    -0.215268    -0.215267    -0.215268    -0.215272    -0.215279    -0.215288    -0.215299    -0.215313    -0.215329    -0.215347     -0.21536    -0.215349    -0.215232    -0.214686    -0.212436    -0.203449    -0.167855   -0.0272098   0.00838393    0.0173695    0.0196175     0.020161    0.0202749    0.0202819    0.0202637    0.0202406    0.0202179    0.0201966     0.020177    0.0201593    0.0201447    0.0201378    0.0201574    0.0202781    0.0207947
   -0.102607    -0.102605    -0.102604    -0.102603    -0.102603    -0.102603    -0.102605    -0.102607     -0.10261    -0.102614    -0.102619    -0.102624    -0.102631    -0.102637    -0.102642    -0.102636    -0.102583    -0.102343    -0.101359   -0.0974372   -0.0819101   -0.0205656  -0.00503816  -0.00111533 -0.000130709  0.000110971  0.000165734  0.000174381  0.000172539  0.000169202  0.000166626  0.000165371  0.000165573  0.000167271  0.000170488   0.00017525  0.000181594  0.000189569  0.000199233  0.000210656  0.000223903  0.000238999  0.000255748  0.000273066  0.000286296  0.000276639  0.000169424 -0.000330649   -0.0023899   -0.0106132     -0.04318    -0.171857    -0.204424    -0.212649    -0.214709    -0.215211     -0.21532    -0.215332    -0.215322    -0.215308    -0.215295    -0.215285    -0.215276    -0.215271    -0.215267    -0.215267    -0.215268    -0.215272    -0.215278    -0.215287    -0.215299    -0.215313    -0.215329    -0.215346     -0.21536    -0.215349    -0.215231    -0.214685    -0.212435    -0.203448    -0.167854    -0.027209   0.00838476    0.0173704    0.0196184     0.020162     0.020276    0.0202831     0.020265     0.020242    0.0202194    0.0201982    0.0201786    0.0201606    0.0201445    0.0201312     0.020125    0.0201435     0.020256    0.0207368
   -0.102605    -0.102604    -0.102603    -0.102603    -0.102603    -0.102605    -0.102607     -0.10261    -0.102614    -0.102619    -0.102624    -0.102631    -0.102637    -0.102642    -0.102636    -0.102583    -0.102343    -0.101359   -0.0974372   -0.0819101   -0.0205656  -0.00503814  -0.00111532 -0.000130691   0.00011099  0.000165753    0.0001744  0.000172558  0.000169222  0.000166647  0.000165393  0.000165595  0.000167295  0.000170512  0.000175276  0.000181621  0.000189597  0.000199263  0.000210688  0.000223938  0.000239035  0.000255787  0.000273108   0.00028634  0.000276686  0.000169475 -0.000330595  -0.00238984   -0.0106132     -0.04318    -0.171857    -0.204424    -0.212649    -0.214709    -0.215211     -0.21532    -0.215332    -0.215322    -0.215308    -0.215295    -0.215284    -0.215276    -0.215271    -0.215267    -0.215266    -0.215268    -0.215272    -0.215278    -0.215287    -0.215298    -0.215312    -0.215329    -0.215346    -0.215359    -0.215348    -0.215231    -0.214685    -0.212435    -0.203448    -0.167853   -0.0272083   0.00838547    0.0173712    0.0196193    0.0201629     0.020277    0.0202842    0.0202661    0.0202432    0.0202207    0.0201995    0.0201801    0.0201621    0.0201457     0.020131    0.0201188    0.0201133    0.0201307    0.0202356    0.0206831
   -0.102604    -0.102603    -0.102603    -0.102603    -0.102605    -0.102607     -0.10261    -0.102614    -0.102619    -0.102624    -0.102631    -0.102637    -0.102642    -0.102636    -0.102583    -0.102343    -0.101359   -0.0974371   -0.0819101   -0.0205655  -0.00503812   -0.0011153 -0.000130673  0.000111007  0.000165771  0.000174418  0.000172577   0.00016924  0.000166666  0.000165412  0.000165616  0.000167315  0.000170534  0.000175298  0.000181645  0.000189623   0.00019929  0.000210716  0.000223968  0.000239067  0.000255821  0.000273144  0.000286378  0.000276727  0.000169519 -0.000330547  -0.00238979   -0.0106131   -0.0431799    -0.171857    -0.204424    -0.212648    -0.214709    -0.215211     -0.21532    -0.215332    -0.215322    -0.215308    -0.215295    -0.215284    -0.215276     -0.21527    -0.215267    -0.215266    -0.215268    -0.215272    -0.215278    -0.215287    -0.215298    -0.215312    -0.215328    -0.215346    -0.215359    -0.215348    -0.215231    -0.214684    -0.212434    -0.203447    -0.167853   -0.0272078   0.00838609    0.0173718      0.01962    0.0201637    0.0202778    0.0202851     0.020267    0.0202443    0.0202218    0.0202007    0.0201813    0.0201635    0.0201471    0.0201321    0.0201186    0.0201076    0.0201027     0.020119    0.0202168    0.0206333
   -0.102603    -0.102603    -0.102603    -0.102605    -0.102607     -0.10261    -0.102614    -0.102619    -0.102624    -0.102631    -0.102637    -0.102642    -0.102636    -0.102583    -0.102343    -0.101359   -0.0974371   -0.0819101   -0.0205655   -0.0050381  -0.00111528 -0.000130657  0.000111023  0.000165787  0.000174435  0.000172593  0.000169257  0.000166683  0.000165429  0.000165634  0.000167334  0.000170553  0.000175319  0.000181666  0.000189645  0.000199314  0.000210741  0.000223994  0.000239095  0.000255851  0.000273175  0.000286412  0.000276763  0.000169557 -0.000330506  -0.00238975   -0.0106131   -0.0431799    -0.171857    -0.204424    -0.212648    -0.214709    -0.215211     -0.21532    -0.215332    -0.215322    -0.215308    -0.215295    -0.215284    -0.215276     -0.21527    -0.215267    -0.215266    -0.215268    -0.215271    -0.215278    -0.215287    -0.215298    -0.215312    -0.215328    -0.215345    -0.215359    -0.215348     -0.21523    -0.214684    -0.212434    -0.203447    -0.167852   -0.0272073   0.00838662    0.0173724    0.0196206    0.0201644    0.0202785    0.0202858    0.0202679    0.0202452    0.0202227    0.0202018    0.0201824    0.0201647    0.0201484    0.0201334    0.0201197    0.0201074    0.0200973    0.0200929    0.0201084    0.0201995    0.0205872
   -0.102603    -0.102603    -0.102605    -0.102607     -0.10261    -0.102614    -0.102619    -0.102624    -0.102631    -0.102637    -0.102642    -0.102636    -0.102583    -0.102343    -0.101359   -0.0974371   -0.0819101   -0.0205655  -0.00503809  -0.00111527 -0.000130641  0.000111039  0.000165802   0.00017445  0.000172608  0.000169272  0.000166699  0.000165445   0.00016565  0.000167351  0.000170571  0.000175337  0.000181685  0.000189664  0.000199334  0.000210763  0.000224017  0.000239119  0.000255876  0.000273203  0.000286441  0.000276794   0.00016959 -0.000330471  -0.00238971    -0.010613   -0.0431798    -0.171857    -0.204424    -0.212648    -0.214709     -0.21521     -0.21532    -0.215332    -0.215322    -0.215308    -0.215295    -0.215284    -0.215276     -0.21527    -0.215267    -0.215266    -0.215267    -0.215271    -0.215278    -0.215286    -0.215298    -0.215312    -0.215328    -0.215345    -0.215358    -0.215347     -0.21523    -0.214684    -0.212433    -0.203446    -0.167852   -0.0272068   0.00838707    0.0173729    0.0196211    0.0201649    0.0202791    0.0202865    0.0202686    0.0202459    0.0202236    0.0202027    0.0201834    0.0201657    0.0201495    0.0201346    0.0201209    0.0201084    0.0200971     0.020088    0.0200841    0.0200986    0.0201836    0.0205444
   -0.102603    -0.102605    -0.102607     -0.10261    -0.102614    -0.102619    -0.102624    -0.102631    -0.102637    -0.102642    -0.102636    -0.102583    -0.102343    -0.101359   -0.0974371     -0.08191   -0.0205655  -0.00503807  -0.00111525 -0.000130626  0.000111053  0.000165817  0.000174464  0.000172623  0.000169287  0.000166713   0.00016546  0.000165665  0.000167366  0.000170586  0.000175353  0.000181702  0.000189682  0.000199352  0.000210782  0.000224037   0.00023914  0.000255899  0.000273227  0.000286467  0.000276822  0.000169619  -0.00033044  -0.00238968    -0.010613   -0.0431798    -0.171857    -0.204424    -0.212648    -0.214709     -0.21521     -0.21532    -0.215332    -0.215321    -0.215308    -0.215295    -0.215284    -0.215276     -0.21527    -0.215267    -0.215266    -0.215267    -0.215271    -0.215277    -0.215286    -0.215298    -0.215311    -0.215328    -0.215345    -0.215358    -0.215347     -0.21523    -0.214683    -0.212433    -0.203446    -0.167852   -0.0272065   0.00838747    0.0173733    0.0196216    0.0201654    0.0202797    0.0202871    0.0202692    0.0202466    0.0202243    0.0202034    0.0201842    0.0201666    0.0201504    0.0201356     0.020122    0.0201095     0.020098    0.0200878    0.0200795     0.020076    0.0200897    0.0201689    0.0205047
   -0.102605    -0.102607     -0.10261    -0.102614    -0.102618    -0.102624    -0.102631    -0.102637    -0.102642    -0.102636    -0.102583    -0.102343    -0.101359   -0.0974371     -0.08191   -0.0205655  -0.00503806  -0.00111524 -0.000130612  0.000111067   0.00016583  0.000174477  0.000172636    0.0001693  0.000166726  0.000165473  0.000165678   0.00016738  0.000170601  0.000175367  0.000181717  0.000189698  0.000199369  0.000210799  0.000224055  0.000239159  0.000255919  0.000273248  0.000286489  0.000276845  0.000169644 -0.000330413  -0.00238965    -0.010613   -0.0431797    -0.171857    -0.204424    -0.212648    -0.214709     -0.21521     -0.21532    -0.215332    -0.215321    -0.215307    -0.215295    -0.215284    -0.215276     -0.21527    -0.215267    -0.215266    -0.215267    -0.215271    -0.215277    -0.215286    -0.215297    -0.215311    -0.215328    -0.215345    -0.215358    -0.215347    -0.215229    -0.214683    -0.212433    -0.203446    -0.167851   -0.0272062   0.00838781    0.0173737     0.019622    0.0201658    0.0202801    0.0202876    0.0202697    0.0202472    0.0202249    0.0202041    0.0201849    0.0201674    0.0201513    0.0201365    0.0201229    0.0201105    0.0200991    0.0200886    0.0200793    0.0200717    0.0200687    0.0200816    0.0201554     0.020468
   -0.102607     -0.10261    -0.102614    -0.102618    -0.102624     -0.10263    -0.102637    -0.102642    -0.102636    -0.102583    -0.102343    -0.101359   -0.0974371     -0.08191   -0.0205655  -0.00503804  -0.00111522 -0.000130599   0.00011108  0.000165843   0.00017449  0.000172648  0.000169312  0.000166738  0.000165486  0.000165691  0.000167392  0.000170613   0.00017538   0.00018173  0.000189712  0.000199383  0.000210814  0.000224071  0.000239176  0.000255936  0.000273266  0.000286508  0.000276866  0.000169666  -0.00033039  -0.00238963   -0.0106129   -0.0431797    -0.171857    -0.204424    -0.212648    -0.214709     -0.21521     -0.21532    -0.215332    -0.215321    -0.215307    -0.215295    -0.215284    -0.215276     -0.21527    -0.215267    -0.215266    -0.215267    -0.215271    -0.215277    -0.215286    -0.215297    -0.215311    -0.215327    -0.215345    -0.215358    -0.215347    -0.215229    -0.214683    -0.212433    -0.203446    -0.167851   -0.0272059    0.0083881     0.017374    0.0196223    0.0201662    0.0202805     0.020288    0.0202702    0.0202476    0.0202254    0.0202047    0.0201856     0.020168     0.020152    0.0201372    0.0201237    0.0201114       0.0201    0.0200896    0.0200801    0.0200716    0.0200647     0.020062    0.0200741    0.0201429    0.0204339
    -0.10261    -0.102614    -0.102618    -0.102624     -0.10263    -0.102637    -0.102642    -0.102636    -0.102583    -0.102343    -0.101359    -0.097437     -0.08191   -0.0205655  -0.00503803  -0.00111521 -0.000130586  0.000111093  0.000165855  0.000174502   0.00017266  0.000169324   0.00016675  0.000165497  0.000165702  0.000167404  0.000170625  0.000175392  0.000181743  0.000189724  0.000199396  0.000210827  0.000224085   0.00023919  0.000255952  0.000273282  0.000286525  0.000276884  0.000169686 -0.000330369   -0.0023896   -0.0106129   -0.0431797    -0.171857    -0.204424    -0.212648    -0.214709     -0.21521     -0.21532    -0.215332    -0.215321    -0.215307    -0.215295    -0.215284    -0.215276     -0.21527    -0.215267    -0.215266    -0.215267    -0.215271    -0.215277    -0.215286    -0.215297    -0.215311    -0.215327    -0.215345    -0.215358    -0.215347    -0.215229    -0.214683    -0.212433    -0.203445    -0.167851   -0.0272057   0.00838835    0.0173743    0.0196226    0.0201665    0.0202809    0.0202883    0.0202706    0.0202481    0.0202259    0.0202052    0.0201861    0.0201686    0.0201526    0.0201379    0.0201245    0.0201121    0.0201008    0.0200905     0.020081    0.0200723    0.0200645    0.0200583    0.0200559    0.0200673    0.0201315    0.0204022
   -0.102614    -0.102618    -0.102624     -0.10263    -0.102637    -0.102642    -0.102636    -0.102583    -0.102343    -0.101359    -0.097437     -0.08191   -0.0205654  -0.00503801   -0.0011152 -0.000130573  0.000111105  0.000165867  0.000174513  0.000172671  0.000169335  0.000166761  0.000165508  0.000165713  0.000167415  0.000170636  0.000175403  0.000181754  0.000189735  0.000199408   0.00021084  0.000224097  0.000239204  0.000255965  0.000273297  0.000286541    0.0002769  0.000169702 -0.000330352  -0.00238959   -0.0106129   -0.0431797    -0.171857    -0.204424    -0.212648    -0.214709     -0.21521    -0.215319    -0.215332    -0.215321    -0.215307    -0.215294    -0.215284    -0.215276     -0.21527    -0.215266    -0.215265    -0.215267    -0.215271    -0.215277    -0.215286    -0.215297    -0.215311    -0.215327    -0.215344    -0.215358    -0.215346    -0.215229    -0.214683    -0.212432    -0.203445    -0.167851   -0.0272055   0.00838857    0.0173745    0.0196228    0.0201668    0.0202811    0.0202887    0.0202709    0.0202484    0.0202263    0.0202056    0.0201866    0.0201691    0.0201531    0.0201385    0.0201251    0.0201128    0.0201015    0.0200912    0.0200818    0.0200731    0.0200652    0.0200581    0.0200524    0.0200504    0.0200611    0.0201209    0.0203729
   -0.102618    -0.102624     -0.10263    -0.102637    -0.102642    -0.102635    -0.102583    -0.102343    -0.101359    -0.097437     -0.08191   -0.0205654    -0.005038  -0.00111518 -0.000130561  0.000111117  0.000165878  0.000174524  0.000172682  0.000169345  0.000166771  0.000165518  0.000165723  0.000167425  0.000170646  0.000175413  0.000181764  0.000189746  0.000199418   0.00021085  0.000224108  0.000239215  0.000255977  0.000273309  0.000286554  0.000276914  0.000169717 -0.000330336  -0.00238957   -0.0106129   -0.0431796    -0.171857    -0.204424    -0.212648    -0.214709     -0.21521    -0.215319    -0.215332    -0.215321    -0.215307    -0.215294    -0.215284    -0.215276     -0.21527    -0.215266    -0.215265    -0.215267    -0.215271    -0.215277    -0.215286    -0.215297    -0.215311    -0.215327    -0.215344    -0.215358    -0.215346    -0.215229    -0.214682    -0.212432    -0.203445     -0.16785   -0.0272053   0.00838875    0.0173747    0.0196231     0.020167    0.0202814    0.0202889    0.0202712    0.0202488    0.0202266     0.020206    0.0201869    0.0201695    0.0201536     0.020139    0.0201256    0.0201134    0.0201022    0.0200919    0.0200825    0.0200739     0.020066    0.0200588    0.0200523    0.0200471    0.0200454    0.0200555    0.0201112    0.0203458
   -0.102624     -0.10263    -0.102637    -0.102642    -0.102635    -0.102583    -0.102343    -0.101359    -0.097437   -0.0819099   -0.0205654  -0.00503799  -0.00111517 -0.000130549  0.000111128  0.000165889  0.000174535  0.000172692  0.000169355  0.000166781  0.000165527  0.000165732  0.000167434  0.000170655  0.000175423  0.000181773  0.000189755  0.000199428   0.00021086  0.000224119  0.000239226  0.000255988   0.00027332  0.000286566  0.000276926   0.00016973 -0.000330322  -0.00238955   -0.0106129   -0.0431796    -0.171857    -0.204424    -0.212648    -0.214709     -0.21521    -0.215319    -0.215332    -0.215321    -0.215307    -0.215294    -0.215284    -0.215276     -0.21527    -0.215266    -0.215265    -0.215267    -0.215271    -0.215277    -0.215286    -0.215297    -0.215311    -0.215327    -0.215344    -0.215357    -0.215346    -0.215229    -0.214682    -0.212432    -0.203445     -0.16785   -0.0272051   0.00838892    0.0173749    0.0196233    0.0201672    0.0202816    0.0202892    0.0202715     0.020249    0.0202269    0.0202063    0.0201873    0.0201699     0.020154    0.0201394    0.0201261    0.0201139    0.0201027    0.0200925    0.0200831    0.0200745    0.0200667    0.0200595    0.0200529     0.020047    0.0200423    0.0200408    0.0200503    0.0201022    0.0203206
   -0.102372    -0.102332    -0.102341    -0.102352    -0.102318    -0.102097    -0.101131   -0.0972249    -0.081713   -0.0203825  -0.00486807 -0.000957367  1.60016e-05  0.000247222  0.000292265   0.00029188  0.000281645  0.000270509  0.000260686  0.000252697  0.000246642  0.000242526  0.000240341  0.000240085  0.000241768  0.000245414  0.000251058  0.000258749  0.000268534  0.000280416  0.000294186  0.000308743  0.000319416  0.000307394  0.000197994 -0.000304096  -0.00236521   -0.0105903   -0.0431586    -0.171837    -0.204406    -0.212631    -0.214693    -0.215195    -0.215305    -0.215318    -0.215309    -0.215295    -0.215283    -0.215273    -0.215265    -0.215259    -0.215256    -0.215255    -0.215256    -0.215259    -0.215265    -0.215273    -0.215284    -0.215297    -0.215312    -0.215328     -0.21534    -0.215327    -0.215208    -0.214659    -0.212407    -0.203417    -0.167819   -0.0271706   0.00842709    0.0174172    0.0196701    0.0202191     0.020339    0.0203527    0.0203418    0.0203268    0.0203129    0.0203013    0.0202923    0.0202859     0.020282    0.0202806    0.0202818    0.0202855    0.0202918    0.0203007    0.0203123    0.0203265    0.0203432    0.0203612    0.0203754    0.0203655    0.0202507    0.0197119    0.0174877   0.00859873   -0.0266131    -0.165753
   -0.102334    -0.102344    -0.102355    -0.102321    -0.102099    -0.101133   -0.0972269   -0.0817148   -0.0203841  -0.00486962  -0.00095879  1.46917e-05  0.000246017   0.00029116  0.000290867  0.000280719  0.000269665   0.00025992  0.000252005  0.000246019   0.00024197  0.000239848  0.000239653  0.000241394  0.000245096  0.000250795  0.000258538  0.000268375  0.000280308  0.000294128  0.000308735  0.000319457  0.000307485  0.000198134 -0.000303905  -0.00236497     -0.01059   -0.0431583    -0.171837    -0.204405    -0.212631    -0.214692    -0.215195    -0.215305    -0.215317    -0.215308    -0.215294    -0.215282    -0.215271    -0.215263    -0.215258    -0.215254    -0.215253    -0.215254    -0.215257    -0.215263    -0.215271    -0.215282    -0.215294    -0.215309    -0.215325    -0.215337    -0.215324    -0.215204    -0.214655    -0.212402    -0.203412    -0.167814   -0.0271655    0.0084326    0.0174231    0.0196764    0.0202259    0.0203464    0.0203606    0.0203502    0.0203359    0.0203227    0.0203119    0.0203036     0.020298     0.020295    0.0202947    0.0202969    0.0203017    0.0203092    0.0203194    0.0203324    0.0203481    0.0203664     0.020386    0.0204015    0.0203917    0.0202714    0.0197047    0.0173638   0.00800698   -0.0290595    -0.175529    -0.212011
   -0.102345    -0.102356    -0.102322      -0.1021    -0.101134   -0.0972275   -0.0817154   -0.0203847  -0.00487012 -0.000959252  1.42637e-05  0.000245621  0.000290793  0.000290529  0.000280407  0.000269377  0.000259654   0.00025176  0.000245794  0.000241763  0.000239659   0.00023948  0.000241237  0.000244953  0.000250666  0.000258423  0.000268271  0.000280216  0.000294048  0.000308665  0.000319398  0.000307436  0.000198096 -0.000303934  -0.00236499     -0.01059   -0.0431583    -0.171837    -0.204405    -0.212631    -0.214692    -0.215195    -0.215305    -0.215317    -0.215308    -0.215294    -0.215282    -0.215271    -0.215263    -0.215257    -0.215254    -0.215253    -0.215254    -0.215257    -0.215263    -0.215271    -0.215281    -0.215294    -0.215309    -0.215325    -0.215336    -0.215323    -0.215204    -0.214655    -0.212402    -0.203412    -0.167814    -0.027165   0.00843317    0.0174237    0.0196771    0.0202266    0.0203471    0.0203614    0.0203511    0.0203368    0.0203237    0.0203129    0.0203048    0.0202992    0.0202964    0.0202961    0.0202984    0.0203033    0.0203109    0.0203213    0.0203344    0.0203502    0.0203686    0.0203884    0.0204041    0.0203944    0.0202741    0.0197066    0.0173623   0.00799138   -0.0291315    -0.175824    -0.213189    -0.223581
   -0.102356    -0.102322      -0.1021    -0.101134   -0.0972278   -0.0817156   -0.0203849  -0.00487033 -0.000959449  1.40799e-05   0.00024545  0.000290633  0.000290379  0.000280266  0.000269245   0.00025953  0.000251643  0.000245684  0.000241659  0.000239561  0.000239387  0.000241148  0.000244869  0.000250585  0.000258345  0.000268196  0.000280143  0.000293977  0.000308596   0.00031933  0.000307369  0.000198028 -0.000304001  -0.00236505     -0.01059   -0.0431583    -0.171837    -0.204405    -0.212631    -0.214692    -0.215195    -0.215305    -0.215317    -0.215308    -0.215294    -0.215282    -0.215271    -0.215263    -0.215258    -0.215254    -0.215253    -0.215254    -0.215257    -0.215263    -0.215271    -0.215282    -0.215294    -0.215309    -0.215325    -0.215337    -0.215324    -0.215204    -0.214655    -0.212402    -0.203412    -0.167814   -0.0271654   0.00843268    0.0174232    0.0196765     0.020226    0.0203464    0.0203607    0.0203503     0.020336    0.0203228    0.0203119    0.0203037    0.0202981    0.0202951    0.0202948     0.020297    0.0203018    0.0203093    0.0203195    0.0203324    0.0203482    0.0203664     0.020386    0.0204015    0.0203916    0.0202711    0.0197036    0.0173597   0.00799133   -0.0291207     -0.17577    -0.212963    -0.222673    -0.226376
   -0.102322      -0.1021    -0.101134   -0.0972279   -0.0817158    -0.020385  -0.00487046 -0.000959572  1.39641e-05  0.000245341   0.00029053  0.000290282  0.000280174  0.000269158  0.000259448  0.000251564  0.000245609  0.000241587  0.000239491  0.000239319  0.000241083  0.000244804  0.000250522  0.000258283  0.000268134  0.000280082  0.000293915  0.000308534  0.000319267  0.000307304  0.000197962 -0.000304069  -0.00236512   -0.0105901   -0.0431584    -0.171837    -0.204405    -0.212631    -0.214692    -0.215195    -0.215305    -0.215318    -0.215308    -0.215294    -0.215282    -0.215272    -0.215263    -0.215258    -0.215254    -0.215253    -0.215254    -0.215258    -0.215263    -0.215271    -0.215282    -0.215295     -0.21531    -0.215325    -0.215337    -0.215324    -0.215204    -0.214656    -0.212403    -0.203413    -0.167815   -0.0271661   0.00843202    0.0174225    0.0196757    0.0202252    0.0203456    0.0203597    0.0203493    0.0203349    0.0203216    0.0203107    0.0203023    0.0202966    0.0202935     0.020293    0.0202951    0.0202998    0.0203071    0.0203172    0.0203299    0.0203454    0.0203635    0.0203828    0.0203981    0.0203879    0.0202672    0.0196994    0.0173555   0.00798783   -0.0291204    -0.175753    -0.212882    -0.222335    -0.225023    -0.226958
     -0.1021    -0.101134   -0.0972281   -0.0817159   -0.0203852  -0.00487057 -0.000959675  1.38677e-05   0.00024525  0.000290445  0.000290201  0.000280098  0.000269085  0.000259378  0.000251498  0.000245545  0.000241526  0.000239431  0.000239261  0.000241026  0.000244749  0.000250467  0.000258228   0.00026808  0.000280027   0.00029386  0.000308478   0.00031921  0.000307246  0.000197902 -0.000304131  -0.00236519   -0.0105902   -0.0431585    -0.171837    -0.204406    -0.212631    -0.214692    -0.215195    -0.215305    -0.215318    -0.215308    -0.215295    -0.215282    -0.215272    -0.215264    -0.215258    -0.215254    -0.215253    -0.215254    -0.215258    -0.215264    -0.215272    -0.215282    -0.215295     -0.21531    -0.215326    -0.215337    -0.215324    -0.215205    -0.214656    -0.212403    -0.203413    -0.167815   -0.0271666    0.0084314    0.0174218     0.019675    0.0202244    0.0203447    0.0203588    0.0203483    0.0203339    0.0203205    0.0203095     0.020301    0.0202952     0.020292    0.0202914    0.0202933    0.0202979    0.0203051     0.020315    0.0203276    0.0203429    0.0203607    0.0203798    0.0203949    0.0203845    0.0202635    0.0196955    0.0173513   0.00798357    -0.029124    -0.175753    -0.212865    -0.222251    -0.224676     -0.22557    -0.226988
   -0.101134   -0.0972282    -0.081716   -0.0203853  -0.00487067 -0.000959771   1.3777e-05  0.000245164  0.000290364  0.000290125  0.000280026  0.000269017  0.000259313  0.000251436  0.000245485  0.000241468  0.000239376  0.000239208  0.000240973  0.000244697  0.000250416  0.000258178   0.00026803  0.000279977   0.00029381  0.000308427  0.000319158  0.000307193  0.000197848 -0.000304187  -0.00236525   -0.0105902   -0.0431585    -0.171837    -0.204406    -0.212631    -0.214692    -0.215195    -0.215305    -0.215318    -0.215308    -0.215295    -0.215282    -0.215272    -0.215264    -0.215258    -0.215255    -0.215253    -0.215255    -0.215258    -0.215264    -0.215272    -0.215282    -0.215295     -0.21531    -0.215326    -0.215338    -0.215325    -0.215205    -0.214656    -0.212404    -0.203414    -0.167816   -0.0271671   0.00843085    0.0174212    0.0196744    0.0202237     0.020344     0.020358    0.0203475    0.0203329    0.0203195    0.0203084    0.0202999     0.020294    0.0202907      0.02029    0.0202918    0.0202962    0.0203033     0.020313    0.0203255    0.0203406    0.0203583    0.0203772    0.0203921    0.0203815    0.0202603     0.019692    0.0173476   0.00797959    -0.029128    -0.175756    -0.212864    -0.222235    -0.224597    -0.225239    -0.225664    -0.226887
  -0.0972283   -0.0817161   -0.0203854  -0.00487077 -0.000959866  1.36882e-05  0.000245081  0.000290285  0.000290051  0.000279956   0.00026895   0.00025925  0.000251376  0.000245428  0.000241413  0.000239323  0.000239156  0.000240924  0.000244649  0.000250369  0.000258131  0.000267984  0.000279931  0.000293764  0.000308381  0.000319111  0.000307145  0.000197799 -0.000304238   -0.0023653   -0.0105903   -0.0431586    -0.171837    -0.204406    -0.212631    -0.214692    -0.215195    -0.215305    -0.215318    -0.215308    -0.215295    -0.215282    -0.215272    -0.215264    -0.215258    -0.215255    -0.215254    -0.215255    -0.215258    -0.215264    -0.215272    -0.215283    -0.215295     -0.21531    -0.215326    -0.215338    -0.215325    -0.215205    -0.214657    -0.212404    -0.203414    -0.167816   -0.0271676   0.00843037    0.0174207    0.0196738    0.0202231    0.0203433    0.0203573    0.0203467    0.0203321    0.0203186    0.0203075    0.0202989    0.0202929    0.0202895    0.0202887    0.0202905    0.0202948    0.0203017    0.0203113    0.0203237    0.0203387    0.0203562     0.020375    0.0203897    0.0203788    0.0202574    0.0196889    0.0173443   0.00797607   -0.0291317     -0.17576    -0.212867    -0.222235    -0.224582    -0.225165    -0.225354    -0.225647     -0.22676
  -0.0817162   -0.0203855  -0.00487087 -0.000959959  1.36003e-05  0.000244998  0.000290208  0.000289977  0.000279887  0.000268885  0.000259188  0.000251317  0.000245372   0.00024136  0.000239272  0.000239107  0.000240876  0.000244603  0.000250324  0.000258087   0.00026794  0.000279888  0.000293721  0.000308337  0.000319068  0.000307101  0.000197754 -0.000304283  -0.00236534   -0.0105903   -0.0431586    -0.171837    -0.204406    -0.212631    -0.214692    -0.215195    -0.215305    -0.215318    -0.215308    -0.215295    -0.215282    -0.215272    -0.215264    -0.215258    -0.215255    -0.215254    -0.215255    -0.215258    -0.215264    -0.215272    -0.215283    -0.215296    -0.215311    -0.215326    -0.215338    -0.215325    -0.215206    -0.214657    -0.212404    -0.203414    -0.167817    -0.027168   0.00842996    0.0174202    0.0196734    0.0202226    0.0203428    0.0203567    0.0203461    0.0203314    0.0203179    0.0203067     0.020298     0.020292    0.0202885    0.0202876    0.0202893    0.0202935    0.0203004    0.0203099    0.0203221     0.020337    0.0203544     0.020373    0.0203876    0.0203766     0.020255    0.0196863    0.0173415   0.00797303    -0.029135    -0.175764    -0.212871    -0.222238    -0.224581    -0.225151    -0.225285    -0.225358    -0.225605    -0.226635
  -0.0203856  -0.00487096 -0.000960051  1.35131e-05  0.000244916  0.000290131  0.000289905  0.000279818  0.000268821  0.000259128  0.000251259  0.000245317  0.000241308  0.000239222  0.000239059   0.00024083  0.000244558  0.000250281  0.000258045  0.000267899  0.000279847  0.000293681  0.000308297  0.000319028  0.000307061  0.000197713 -0.000304325  -0.00236539   -0.0105904   -0.0431587    -0.171837    -0.204406    -0.212631    -0.214693    -0.215195    -0.215305    -0.215318    -0.215308    -0.215295    -0.215282    -0.215272    -0.215264    -0.215258    -0.215255    -0.215254    -0.215255    -0.215258    -0.215264    -0.215272    -0.215283    -0.215296    -0.215311    -0.215327    -0.215338    -0.215325    -0.215206    -0.214657    -0.212405    -0.203415    -0.167817   -0.0271683   0.00842961    0.0174199    0.0196729    0.0202221    0.0203423    0.0203562    0.0203455    0.0203308    0.0203172     0.020306    0.0202973    0.0202912    0.0202877    0.0202867    0.0202883    0.0202925    0.0202992    0.0203086    0.0203207    0.0203356    0.0203528    0.0203713    0.0203857    0.0203746    0.0202529     0.019684     0.017339    0.0079704   -0.0291378    -0.175767    -0.212874    -0.222241    -0.224584     -0.22515    -0.225272    -0.225294    -0.225336    -0.225559    -0.226517
 -0.00487103 -0.000960137  1.34274e-05  0.000244835  0.000290054  0.000289833  0.000279751  0.000268757  0.000259068  0.000251203  0.000245264  0.000241257  0.000239174  0.000239013  0.000240786  0.000244515  0.000250239  0.000258005   0.00026786  0.000279809  0.000293643   0.00030826   0.00031899  0.000307024  0.000197676 -0.000304363  -0.00236543   -0.0105904   -0.0431587    -0.171837    -0.204406    -0.212631    -0.214693    -0.215195    -0.215305    -0.215318    -0.215308    -0.215295    -0.215282    -0.215272    -0.215264    -0.215258    -0.215255    -0.215254    -0.215255    -0.215259    -0.215264    -0.215272    -0.215283    -0.215296    -0.215311    -0.215327    -0.215339    -0.215326    -0.215206    -0.214657    -0.212405    -0.203415    -0.167817   -0.0271686    0.0084293    0.0174195    0.0196726    0.0202218    0.0203419    0.0203558    0.0203451    0.0203303    0.0203167    0.0203054    0.0202966    0.0202905    0.0202869    0.0202859    0.0202874    0.0202915    0.0202982    0.0203076    0.0203196    0.0203343    0.0203515    0.0203699    0.0203842    0.0203729    0.0202511    0.0196821    0.0173369   0.00796813   -0.0291403    -0.175769    -0.212877    -0.222244    -0.224587    -0.225153    -0.225272    -0.225282    -0.225276    -0.225309    -0.225516    -0.226406
-0.000960206  1.33464e-05  0.000244755  0.000289978  0.000289762  0.000279684  0.000268694  0.000259008  0.000251147  0.000245211  0.000241207  0.000239126  0.000238968  0.000240742  0.000244474  0.000250199  0.000257966  0.000267822  0.000279772  0.000293607  0.000308225  0.000318956  0.000306989  0.000197641 -0.000304398  -0.00236546   -0.0105905   -0.0431588    -0.171837    -0.204406    -0.212631    -0.214693    -0.215195    -0.215305    -0.215318    -0.215308    -0.215295    -0.215283    -0.215272    -0.215264    -0.215258    -0.215255    -0.215254    -0.215255    -0.215259    -0.215264    -0.215273    -0.215283    -0.215296    -0.215311    -0.215327    -0.215339    -0.215326    -0.215206    -0.214658    -0.212405    -0.203415    -0.167817   -0.0271688   0.00842904    0.0174192    0.0196723    0.0202214    0.0203415    0.0203554    0.0203447    0.0203299    0.0203162    0.0203049    0.0202961    0.0202899    0.0202863    0.0202852    0.0202867    0.0202907    0.0202974    0.0203066    0.0203186    0.0203332    0.0203503    0.0203686    0.0203828    0.0203715    0.0202495    0.0196804    0.0173351   0.00796618   -0.0291424    -0.175772    -0.212879    -0.222247     -0.22459    -0.225156    -0.225274    -0.225281    -0.225265    -0.225253    -0.225283    -0.225475    -0.226304
1.32827e-05 0.000244679 0.000289903  0.00028969 0.000279617 0.000268631 0.000258949 0.000251091 0.000245158 0.000241157 0.000239079 0.000238923   0.0002407 0.000244434 0.000250161 0.000257929 0.000267786 0.000279737 0.000293573 0.000308191 0.000318923 0.000306956 0.000197609 -0.00030443 -0.00236549  -0.0105905  -0.0431588   -0.171837   -0.204406   -0.212631   -0.214693   -0.215195   -0.215305   -0.215318   -0.215308   -0.215295   -0.215283   -0.215272   -0.215264   -0.215259   -0.215255   -0.215254   -0.215255   -0.215259   -0.215265   -0.215273   -0.215283   -0.215296   -0.215311   -0.215327   -0.215339   -0.215326   -0.215206   -0.214658   -0.212405   -0.203415   -0.167818   -0.027169  0.00842881    0.017419    0.019672   0.0202212   0.0203412   0.0203551   0.0203443   0.0203295   0.0203158   0.0203044   0.0202956   0.0202894   0.0202857   0.0202846    0.020286     0.02029   0.0202966   0.0203058   0.0203177   0.0203323   0.0203493   0.0203676   0.0203817   0.0203702   0.0202482   0.0196789   0.0173335  0.00796449  -0.0291442   -0.175774   -0.212881   -0.222249   -0.224592   -0.225158   -0.225276   -0.225283   -0.225264   -0.225243   -0.225231   -0.225259   -0.225438   -0.226209
 0.00024462 0.000289833 0.000289621  0.00027955 0.000268569 0.000258891 0.000251036 0.000245107 0.000241108 0.000239033  0.00023888 0.000240659 0.000244394 0.000250123 0.000257893 0.000267752 0.000279704  0.00029354  0.00030816 0.000318892 0.000306926 0.000197579 -0.00030446 -0.00236552  -0.0105905  -0.0431588   -0.171838   -0.204406   -0.212631   -0.214693   -0.215195   -0.215305   -0.215318   -0.215308   -0.215295   -0.215283   -0.215272   -0.215264   -0.215259   -0.215255   -0.215254   -0.215255   -0.215259   -0.215265   -0.215273   -0.215283   -0.215296   -0.215311   -0.215327   -0.215339   -0.215326   -0.215207   -0.214658   -0.212405   -0.203415   -0.167818  -0.0271692  0.00842862   0.0174188   0.0196718   0.0202209    0.020341   0.0203548    0.020344   0.0203292   0.0203154    0.020304   0.0202952   0.0202889   0.0202852   0.0202841   0.0202855   0.0202894    0.020296   0.0203051    0.020317   0.0203315   0.0203485   0.0203666   0.0203807   0.0203692    0.020247   0.0196777   0.0173322  0.00796304  -0.0291458   -0.175775   -0.212883   -0.222251   -0.224594    -0.22516   -0.225279   -0.225286   -0.225266   -0.225243   -0.225221    -0.22521   -0.225236   -0.225403   -0.226121
 0.000289777  0.000289554  0.000279485  0.000268507  0.000258832  0.000250981  0.000245055   0.00024106  0.000238987  0.000238836  0.000240618  0.000244355  0.000250086  0.000257858  0.000267718  0.000279671  0.000293509  0.000308129  0.000318862  0.000306897   0.00019755 -0.000304489  -0.00236555   -0.0105905   -0.0431589    -0.171838    -0.204406    -0.212631    -0.214693    -0.215195    -0.215305    -0.215318    -0.215308    -0.215295    -0.215283    -0.215272    -0.215264    -0.215259    -0.215255    -0.215254    -0.215255    -0.215259    -0.215265    -0.215273    -0.215283    -0.215296    -0.215311    -0.215327    -0.215339    -0.215326    -0.215207    -0.214658    -0.212405    -0.203416    -0.167818   -0.0271694   0.00842845    0.0174186    0.0196716    0.0202207    0.0203407    0.0203545    0.0203437    0.0203289    0.0203151    0.0203037    0.0202948    0.0202886    0.0202848    0.0202837     0.020285    0.0202889    0.0202954    0.0203045    0.0203163    0.0203308    0.0203477    0.0203658    0.0203798    0.0203682     0.020246    0.0196766     0.017331   0.00796179   -0.0291471    -0.175777    -0.212885    -0.222253    -0.224596    -0.225162    -0.225281    -0.225288    -0.225269    -0.225244    -0.225221    -0.225201    -0.225191    -0.225216    -0.225371    -0.226039
 0.000289503  0.000279423  0.000268446  0.000258774  0.000250927  0.000245004  0.000241012  0.000238942  0.000238794  0.000240577  0.000244317   0.00025005  0.000257823  0.000267685   0.00027964  0.000293479    0.0003081  0.000318834  0.000306869  0.000197523 -0.000304515  -0.00236558   -0.0105906   -0.0431589    -0.171838    -0.204406    -0.212631    -0.214693    -0.215195    -0.215305    -0.215318    -0.215309    -0.215295    -0.215283    -0.215272    -0.215264    -0.215259    -0.215255    -0.215254    -0.215255    -0.215259    -0.215265    -0.215273    -0.215283    -0.215296    -0.215311    -0.215327    -0.215339    -0.215326    -0.215207    -0.214658    -0.212406    -0.203416    -0.167818   -0.0271695    0.0084283    0.0174184    0.0196714    0.0202205    0.0203406    0.0203543    0.0203435    0.0203287    0.0203149    0.0203034    0.0202945    0.0202882    0.0202845    0.0202833    0.0202846    0.0202885    0.0202949     0.020304    0.0203158    0.0203302    0.0203471    0.0203651    0.0203791    0.0203674    0.0202451    0.0196757      0.01733   0.00796071   -0.0291483    -0.175778    -0.212886    -0.222254    -0.224598    -0.225164    -0.225283     -0.22529    -0.225271    -0.225247    -0.225223    -0.225201    -0.225183    -0.225174    -0.225197    -0.225342    -0.225963
0.000279375 0.000268388 0.000258717 0.000250873 0.000244953 0.000240964 0.000238897 0.000238752 0.000240538  0.00024428 0.000250014 0.000257789 0.000267653 0.000279609 0.000293449 0.000308072 0.000318807 0.000306843 0.000197497 -0.00030454  -0.0023656  -0.0105906  -0.0431589   -0.171838   -0.204406   -0.212631   -0.214693   -0.215195   -0.215305   -0.215318   -0.215309   -0.215295   -0.215283   -0.215272   -0.215264   -0.215259   -0.215255   -0.215254   -0.215255   -0.215259   -0.215265   -0.215273   -0.215283   -0.215296   -0.215311   -0.215327   -0.215339   -0.215326   -0.215207   -0.214658   -0.212406   -0.203416   -0.167818  -0.0271696  0.00842818   0.0174183   0.0196713   0.0202204   0.0203404   0.0203542   0.0203433   0.0203284   0.0203147   0.0203032   0.0202943   0.0202879   0.0202842   0.0202829   0.0202843   0.0202881   0.0202945   0.0203036   0.0203153   0.0203297   0.0203465   0.0203645   0.0203784   0.0203667   0.0202444   0.0196749   0.0173292  0.00795978  -0.0291493   -0.175779   -0.212887   -0.222255   -0.224599   -0.225166   -0.225284   -0.225292   -0.225273   -0.225248   -0.225225   -0.225202   -0.225182   -0.225166   -0.225158   -0.225179   -0.225315   -0.225893
 0.000268343  0.000258663  0.000250819  0.000244902  0.000240916  0.000238853   0.00023871  0.000240498  0.000244242  0.000249979  0.000257756  0.000267621  0.000279579  0.000293421  0.000308045   0.00031878  0.000306817  0.000197473 -0.000304564  -0.00236563   -0.0105906   -0.0431589    -0.171838    -0.204406    -0.212631    -0.214693    -0.215195    -0.215305    -0.215318    -0.215309    -0.215295    -0.215283    -0.215272    -0.215264    -0.215259    -0.215255    -0.215254    -0.215256    -0.215259    -0.215265    -0.215273    -0.215284    -0.215296    -0.215311    -0.215327    -0.215339    -0.215326    -0.215207    -0.214658    -0.212406    -0.203416    -0.167818   -0.0271697   0.00842807    0.0174182    0.0196712    0.0202202    0.0203402     0.020354    0.0203431    0.0203283    0.0203145     0.020303     0.020294    0.0202877    0.0202839    0.0202827    0.0202839    0.0202878    0.0202942    0.0203032    0.0203149    0.0203293    0.0203461     0.020364    0.0203779    0.0203661    0.0202437    0.0196742    0.0173284   0.00795898   -0.0291501     -0.17578    -0.212888    -0.222256      -0.2246    -0.225167    -0.225286    -0.225293    -0.225274     -0.22525    -0.225226    -0.225204    -0.225184    -0.225166     -0.22515    -0.225143    -0.225164     -0.22529    -0.225828
 0.000258621  0.000250769  0.000244853  0.000240869  0.000238808  0.000238668  0.000240459  0.000244206  0.000249944  0.000257723   0.00026759   0.00027955  0.000293393  0.000308018  0.000318755  0.000306793  0.000197449 -0.000304587  -0.00236565   -0.0105906    -0.043159    -0.171838    -0.204406    -0.212631    -0.214693    -0.215195    -0.215305    -0.215318    -0.215309    -0.215295    -0.215283    -0.215272    -0.215264    -0.215259    -0.215255    -0.215254    -0.215256    -0.215259    -0.215265    -0.215273    -0.215284    -0.215296    -0.215312    -0.215328    -0.215339    -0.215326    -0.215207    -0.214658    -0.212406    -0.203416    -0.167818   -0.0271698   0.00842797    0.0174181     0.019671    0.0202201    0.0203401    0.0203539     0.020343    0.0203281    0.0203143    0.0203028    0.0202938    0.0202875    0.0202837    0.0202824    0.0202837    0.0202875    0.0202939    0.0203029    0.0203145    0.0203289    0.0203457    0.0203636    0.0203774    0.0203656    0.0202432    0.0196736    0.0173278   0.00795829   -0.0291509    -0.175781    -0.212889    -0.222257    -0.224601    -0.225168    -0.225287    -0.225294    -0.225275    -0.225252    -0.225228    -0.225206    -0.225186    -0.225167     -0.22515    -0.225136     -0.22513    -0.225149    -0.225266    -0.225768
 0.000250729  0.000244806  0.000240823  0.000238764  0.000238626   0.00024042  0.000244169   0.00024991  0.000257691   0.00026756  0.000279521  0.000293365  0.000307992   0.00031873  0.000306769  0.000197426 -0.000304609  -0.00236567   -0.0105907    -0.043159    -0.171838    -0.204406    -0.212631    -0.214693    -0.215195    -0.215305    -0.215318    -0.215309    -0.215295    -0.215283    -0.215272    -0.215264    -0.215259    -0.215255    -0.215254    -0.215256    -0.215259    -0.215265    -0.215273    -0.215284    -0.215297    -0.215312    -0.215328    -0.215339    -0.215326    -0.215207    -0.214658    -0.212406    -0.203416    -0.167818   -0.0271699   0.00842789     0.017418     0.019671      0.02022      0.02034    0.0203537    0.0203429     0.020328    0.0203141    0.0203026    0.0202937    0.0202873    0.0202835    0.0202822    0.0202835    0.0202873    0.0202936    0.0203026    0.0203142    0.0203286    0.0203453    0.0203632     0.020377    0.0203652    0.0202427    0.0196731    0.0173272    0.0079577   -0.0291515    -0.175781     -0.21289    -0.222258    -0.224602    -0.225169    -0.225288    -0.225295    -0.225277    -0.225253    -0.225229    -0.225207    -0.225187    -0.225168    -0.225151    -0.225136    -0.225123    -0.225118    -0.225136    -0.225245    -0.225712
 0.000244769  0.000240779  0.000238721  0.000238585  0.000240381  0.000244133  0.000249876  0.000257659  0.000267529  0.000279492  0.000293338  0.000307966  0.000318705  0.000306746  0.000197404 -0.000304631  -0.00236569   -0.0105907    -0.043159    -0.171838    -0.204406    -0.212631    -0.214693    -0.215195    -0.215306    -0.215318    -0.215309    -0.215295    -0.215283    -0.215272    -0.215264    -0.215259    -0.215255    -0.215254    -0.215256    -0.215259    -0.215265    -0.215273    -0.215284    -0.215297    -0.215312    -0.215328    -0.215339    -0.215326    -0.215207    -0.214659    -0.212406    -0.203416    -0.167818     -0.02717   0.00842782    0.0174179    0.0196709    0.0202199    0.0203399    0.0203536    0.0203428    0.0203279     0.020314    0.0203025    0.0202935    0.0202871    0.0202833     0.020282    0.0202833     0.020287    0.0202934    0.0203024     0.020314    0.0203283     0.020345    0.0203629    0.0203766    0.0203648    0.0202423    0.0196726    0.0173267   0.00795718   -0.0291521    -0.175782    -0.212891    -0.222259    -0.224603     -0.22517    -0.225289    -0.225296    -0.225278    -0.225254    -0.225231    -0.225209    -0.225188     -0.22517    -0.225153    -0.225137    -0.225123    -0.225112    -0.225107    -0.225124    -0.225226     -0.22566
 0.000240744   0.00023868  0.000238545  0.000240343  0.000244096  0.000249842  0.000257627  0.000267499  0.000279464  0.000293312  0.000307941  0.000318681  0.000306723  0.000197382 -0.000304652  -0.00236571   -0.0105907    -0.043159    -0.171838    -0.204406    -0.212631    -0.214693    -0.215195    -0.215306    -0.215318    -0.215309    -0.215295    -0.215283    -0.215273    -0.215265    -0.215259    -0.215255    -0.215254    -0.215256    -0.215259    -0.215265    -0.215273    -0.215284    -0.215297    -0.215312    -0.215328    -0.215339    -0.215326    -0.215207    -0.214659    -0.212406    -0.203416    -0.167819     -0.02717   0.00842776    0.0174179    0.0196708    0.0202198    0.0203398    0.0203536    0.0203427    0.0203278    0.0203139    0.0203024    0.0202934     0.020287    0.0202832    0.0202819    0.0202831    0.0202869    0.0202932    0.0203021    0.0203138     0.020328    0.0203447    0.0203626    0.0203763    0.0203645     0.020242    0.0196723    0.0173263   0.00795674   -0.0291525    -0.175783    -0.212891    -0.222259    -0.224603     -0.22517    -0.225289    -0.225297    -0.225278    -0.225255    -0.225232     -0.22521     -0.22519    -0.225171    -0.225154    -0.225139    -0.225124    -0.225112    -0.225101    -0.225097    -0.225113    -0.225208    -0.225612
 0.000238647  0.000238506  0.000240305   0.00024406  0.000249808  0.000257595   0.00026747  0.000279436  0.000293285  0.000307916  0.000318658  0.000306701  0.000197361 -0.000304672  -0.00236573   -0.0105907    -0.043159    -0.171838    -0.204406    -0.212631    -0.214693    -0.215195    -0.215306    -0.215318    -0.215309    -0.215295    -0.215283    -0.215273    -0.215265    -0.215259    -0.215255    -0.215254    -0.215256    -0.215259    -0.215265    -0.215273    -0.215284    -0.215297    -0.215312    -0.215328    -0.215339    -0.215326    -0.215207    -0.214659    -0.212406    -0.203416    -0.167819   -0.0271701   0.00842771    0.0174178    0.0196707    0.0202198    0.0203398    0.0203535    0.0203426    0.0203277    0.0203138    0.0203023    0.0202933    0.0202869    0.0202831    0.0202817     0.020283    0.0202867     0.020293     0.020302    0.0203136    0.0203278    0.0203445    0.0203624    0.0203761    0.0203642    0.0202417    0.0196719     0.017326   0.00795636   -0.0291529    -0.175783    -0.212892     -0.22226    -0.224604    -0.225171     -0.22529    -0.225298    -0.225279    -0.225256    -0.225232    -0.225211    -0.225191    -0.225172    -0.225155     -0.22514    -0.225126    -0.225113    -0.225101    -0.225091    -0.225087    -0.225103    -0.225191    -0.225567
 0.000238476  0.000240269  0.000244025  0.000249774  0.000257564   0.00026744  0.000279408  0.000293259  0.000307891  0.000318635  0.000306679   0.00019734 -0.000304692  -0.00236575   -0.0105907    -0.043159    -0.171838    -0.204406    -0.212631    -0.214693    -0.215195    -0.215306    -0.215318    -0.215309    -0.215295    -0.215283    -0.215273    -0.215265    -0.215259    -0.215256    -0.215254    -0.215256    -0.215259    -0.215265    -0.215273    -0.215284    -0.215297    -0.215312    -0.215328    -0.215339    -0.215327    -0.215207    -0.214659    -0.212406    -0.203416    -0.167819   -0.0271701   0.00842766    0.0174178    0.0196707    0.0202197    0.0203397    0.0203534    0.0203425    0.0203276    0.0203137    0.0203022    0.0202932    0.0202868    0.0202829    0.0202816    0.0202828    0.0202866    0.0202929    0.0203018    0.0203134    0.0203276    0.0203443    0.0203621    0.0203758    0.0203639    0.0202414    0.0196717    0.0173257   0.00795603   -0.0291533    -0.175783    -0.212892     -0.22226    -0.224604    -0.225171    -0.225291    -0.225298     -0.22528    -0.225256    -0.225233    -0.225211    -0.225191    -0.225173    -0.225156    -0.225141    -0.225127    -0.225114    -0.225102    -0.225091    -0.225083    -0.225079    -0.225093    -0.225176    -0.225526
 0.000240241  0.000243992  0.000249741  0.000257532  0.000267411  0.000279381  0.000293233  0.000307867  0.000318612  0.000306657   0.00019732 -0.000304711  -0.00236577   -0.0105908   -0.0431591    -0.171838    -0.204406    -0.212631    -0.214693    -0.215196    -0.215306    -0.215318    -0.215309    -0.215295    -0.215283    -0.215273    -0.215265    -0.215259    -0.215256    -0.215254    -0.215256    -0.215259    -0.215265    -0.215273    -0.215284    -0.215297    -0.215312    -0.215328     -0.21534    -0.215327    -0.215207    -0.214659    -0.212406    -0.203416    -0.167819   -0.0271701   0.00842762    0.0174177    0.0196706    0.0202197    0.0203396    0.0203534    0.0203425    0.0203275    0.0203137    0.0203021    0.0202931    0.0202867    0.0202828    0.0202815    0.0202827    0.0202865    0.0202928    0.0203017    0.0203132    0.0203275    0.0203441     0.020362    0.0203756    0.0203637    0.0202412    0.0196714    0.0173254   0.00795575   -0.0291536    -0.175784    -0.212892    -0.222261    -0.224605    -0.225172    -0.225291    -0.225299     -0.22528    -0.225257    -0.225234    -0.225212    -0.225192    -0.225174    -0.225157    -0.225142    -0.225128    -0.225115    -0.225103    -0.225092    -0.225082    -0.225074    -0.225071    -0.225085    -0.225162    -0.225488
0.000243965  0.00024971 0.000257501 0.000267381 0.000279353 0.000293207 0.000307843 0.000318589 0.000306636 0.000197299 -0.00030473 -0.00236579  -0.0105908  -0.0431591   -0.171838   -0.204406   -0.212631   -0.214693   -0.215196   -0.215306   -0.215318   -0.215309   -0.215295   -0.215283   -0.215273   -0.215265   -0.215259   -0.215256   -0.215254   -0.215256   -0.215259   -0.215265   -0.215273   -0.215284   -0.215297   -0.215312   -0.215328    -0.21534   -0.215327   -0.215207   -0.214659   -0.212406   -0.203416   -0.167819  -0.0271702  0.00842759   0.0174177   0.0196706   0.0202196   0.0203396   0.0203533   0.0203424   0.0203275   0.0203136   0.0203021   0.0202931   0.0202866   0.0202828   0.0202814   0.0202826   0.0202864   0.0202926   0.0203016   0.0203131   0.0203273    0.020344   0.0203618   0.0203755   0.0203636    0.020241   0.0196712   0.0173252  0.00795551  -0.0291539   -0.175784   -0.212893   -0.222261   -0.224605   -0.225172   -0.225292   -0.225299   -0.225281   -0.225257   -0.225234   -0.225213   -0.225193   -0.225175   -0.225158   -0.225143   -0.225129   -0.225116   -0.225104   -0.225093   -0.225083   -0.225074   -0.225067   -0.225064   -0.225077   -0.225149   -0.225452
 0.000249686  0.000257472  0.000267352  0.000279326  0.000293182  0.000307818  0.000318566  0.000306614  0.000197279 -0.000304749   -0.0023658   -0.0105908   -0.0431591    -0.171838    -0.204406    -0.212631    -0.214693    -0.215196    -0.215306    -0.215318    -0.215309    -0.215295    -0.215283    -0.215273    -0.215265    -0.215259    -0.215256    -0.215254    -0.215256    -0.215259    -0.215265    -0.215273    -0.215284    -0.215297    -0.215312    -0.215328     -0.21534    -0.215327    -0.215207    -0.214659    -0.212406    -0.203416    -0.167819   -0.0271702   0.00842756    0.0174177    0.0196706    0.0202196    0.0203396    0.0203533    0.0203424    0.0203274    0.0203136     0.020302     0.020293    0.0202866    0.0202827    0.0202814    0.0202825    0.0202863    0.0202926    0.0203015     0.020313    0.0203272    0.0203439    0.0203617    0.0203753    0.0203634    0.0202408     0.019671     0.017325    0.0079553   -0.0291541    -0.175784    -0.212893    -0.222261    -0.224605    -0.225173    -0.225292      -0.2253    -0.225281    -0.225258    -0.225235    -0.225213    -0.225193    -0.225175    -0.225159    -0.225143    -0.225129    -0.225116    -0.225105    -0.225094    -0.225084    -0.225075    -0.225067     -0.22506    -0.225058     -0.22507    -0.225137    -0.225419
 0.000257449  0.000267325  0.000279299  0.000293156  0.000307794  0.000318544  0.000306593  0.000197259 -0.000304768  -0.00236582   -0.0105908   -0.0431591    -0.171838    -0.204406    -0.212631    -0.214693    -0.215196    -0.215306    -0.215318    -0.215309    -0.215295    -0.215283    -0.215273    -0.215265    -0.215259    -0.215256    -0.215254    -0.215256    -0.215259    -0.215265    -0.215273    -0.215284    -0.215297    -0.215312    -0.215328     -0.21534    -0.215327    -0.215207    -0.214659    -0.212406    -0.203416    -0.167819   -0.0271702   0.00842754    0.0174176    0.0196705    0.0202196    0.0203395    0.0203532    0.0203423    0.0203274    0.0203135     0.020302    0.0202929    0.0202865    0.0202826    0.0202813    0.0202825    0.0202862    0.0202925    0.0203014    0.0203129    0.0203271    0.0203438    0.0203616    0.0203752    0.0203633    0.0202407    0.0196709    0.0173248   0.00795512   -0.0291543    -0.175784    -0.212893    -0.222262    -0.224606    -0.225173    -0.225292      -0.2253    -0.225282    -0.225258    -0.225235    -0.225214    -0.225194    -0.225176    -0.225159    -0.225144     -0.22513    -0.225117    -0.225105    -0.225095    -0.225085    -0.225076    -0.225068     -0.22506    -0.225054    -0.225052    -0.225064    -0.225126    -0.225389
 0.000267304  0.000279273  0.000293131  0.000307771  0.000318521  0.000306572   0.00019724 -0.000304786  -0.00236584   -0.0105908   -0.0431591    -0.171838    -0.204406    -0.212631    -0.214693    -0.215196    -0.215306    -0.215318    -0.215309    -0.215295    -0.215283    -0.215273    -0.215265    -0.215259    -0.215256    -0.215255    -0.215256    -0.215259    -0.215265    -0.215273    -0.215284    -0.215297    -0.215312    -0.215328     -0.21534    -0.215327    -0.215207    -0.214659    -0.212406    -0.203416    -0.167819   -0.0271702   0.00842751    0.0174176    0.0196705    0.0202195    0.0203395    0.0203532    0.0203423    0.0203273    0.0203135    0.0203019    0.0202929    0.0202865    0.0202826    0.0202812    0.0202824    0.0202861    0.0202924    0.0203013    0.0203128     0.020327    0.0203437    0.0203615    0.0203751    0.0203632    0.0202405    0.0196707    0.0173247   0.00795496   -0.0291545    -0.175785    -0.212893    -0.222262    -0.224606    -0.225173    -0.225292      -0.2253    -0.225282    -0.225259    -0.225236    -0.225214    -0.225194    -0.225176     -0.22516    -0.225144     -0.22513    -0.225118    -0.225106    -0.225095    -0.225086    -0.225077    -0.225068    -0.225061    -0.225054    -0.225049    -0.225047    -0.225058    -0.225116     -0.22536
 0.000279253  0.000293107  0.000307747  0.000318499  0.000306551   0.00019722 -0.000304805  -0.00236586   -0.0105908   -0.0431591    -0.171838    -0.204406    -0.212632    -0.214693    -0.215196    -0.215306    -0.215318    -0.215309    -0.215295    -0.215283    -0.215273    -0.215265    -0.215259    -0.215256    -0.215255    -0.215256    -0.215259    -0.215265    -0.215273    -0.215284    -0.215297    -0.215312    -0.215328     -0.21534    -0.215327    -0.215207    -0.214659    -0.212406    -0.203416    -0.167819   -0.0271703   0.00842749    0.0174176    0.0196705    0.0202195    0.0203395    0.0203532    0.0203423    0.0203273    0.0203134    0.0203019    0.0202929    0.0202864    0.0202825    0.0202812    0.0202824    0.0202861    0.0202923    0.0203012    0.0203128     0.020327    0.0203436    0.0203614     0.020375    0.0203631    0.0202404    0.0196706    0.0173246   0.00795483   -0.0291546    -0.175785    -0.212894    -0.222262    -0.224606    -0.225173    -0.225293    -0.225301    -0.225282    -0.225259    -0.225236    -0.225214    -0.225195    -0.225177     -0.22516    -0.225145    -0.225131    -0.225118    -0.225107    -0.225096    -0.225086    -0.225077    -0.225069    -0.225062    -0.225055    -0.225049    -0.225044    -0.225042    -0.225052    -0.225106    -0.225334
 3.46871e-05  2.22275e-06  1.80985e-05  2.32963e-05 -6.69666e-05 -0.000550479  -0.00259413   -0.0108029   -0.0433561    -0.172021    -0.204576    -0.212789     -0.21484    -0.215332    -0.215432    -0.215436    -0.215418    -0.215397    -0.215377     -0.21536    -0.215346    -0.215334    -0.215325    -0.215319    -0.215316    -0.215315    -0.215317    -0.215321    -0.215328    -0.215338     -0.21535    -0.215363    -0.215372    -0.215357    -0.215236    -0.214685    -0.212431    -0.203439     -0.16784   -0.0271898   0.00840927    0.0174006    0.0196546    0.0202046    0.0203254    0.0203399    0.0203296    0.0203153    0.0203018    0.0202906    0.0202819    0.0202756    0.0202717    0.0202703    0.0202713    0.0202747    0.0202805    0.0202888    0.0202997     0.020313    0.0203286    0.0203451    0.0203573    0.0203438    0.0202193    0.0196474     0.017299   0.00792659   -0.0291858    -0.175819    -0.212932    -0.222304    -0.224653    -0.225225     -0.22535    -0.225364    -0.225352    -0.225337    -0.225322    -0.225309      -0.2253    -0.225293    -0.225288    -0.225286    -0.225287     -0.22529    -0.225296    -0.225304    -0.225316    -0.225329    -0.225346    -0.225363    -0.225377    -0.225367    -0.225252    -0.224713    -0.222489    -0.213601    -0.178391   -0.0392597
 4.47221e-06  2.07539e-05   2.5902e-05 -6.45156e-05   -0.0005482  -0.00259201   -0.0108009   -0.0433543    -0.172019    -0.204575    -0.212788    -0.214838     -0.21533    -0.215431    -0.215435    -0.215417    -0.215396    -0.215376    -0.215359    -0.215345    -0.215333    -0.215325    -0.215319    -0.215315    -0.215315    -0.215316    -0.215321    -0.215328    -0.215338     -0.21535    -0.215363    -0.215372    -0.215357    -0.215236    -0.214685    -0.212431    -0.203439     -0.16784   -0.0271902    0.0084088       0.0174     0.019654    0.0202039    0.0203247    0.0203391    0.0203288    0.0203143    0.0203008    0.0202895    0.0202806    0.0202743    0.0202703    0.0202688    0.0202696    0.0202729    0.0202786    0.0202867    0.0202974    0.0203105    0.0203259    0.0203423    0.0203543    0.0203404    0.0202157    0.0196435    0.0172948   0.00792216   -0.0291906    -0.175824    -0.212937     -0.22231    -0.224659    -0.225232    -0.225357    -0.225372    -0.225361    -0.225346    -0.225332     -0.22532    -0.225311    -0.225305    -0.225301      -0.2253    -0.225302    -0.225306    -0.225313    -0.225323    -0.225336    -0.225351    -0.225369    -0.225388    -0.225404    -0.225393    -0.225273    -0.224706    -0.222365    -0.213008    -0.175942    -0.029475   0.00699911
 2.14146e-05  2.66827e-05 -6.37486e-05 -0.000547477  -0.00259134   -0.0108003   -0.0433537    -0.172019    -0.204574    -0.212787    -0.214838     -0.21533    -0.215431    -0.215434    -0.215416    -0.215395    -0.215376    -0.215359    -0.215345    -0.215333    -0.215325    -0.215319    -0.215315    -0.215314    -0.215316    -0.215321    -0.215328    -0.215338     -0.21535    -0.215363    -0.215372    -0.215357    -0.215236    -0.214685    -0.212431    -0.203439     -0.16784   -0.0271902   0.00840878       0.0174    0.0196539    0.0202039    0.0203246     0.020339    0.0203287    0.0203142    0.0203007    0.0202894    0.0202805    0.0202741    0.0202702    0.0202686    0.0202694    0.0202727    0.0202784    0.0202865    0.0202971    0.0203103    0.0203256     0.020342    0.0203539    0.0203401    0.0202153    0.0196431    0.0172944   0.00792169   -0.0291911    -0.175825    -0.212938    -0.222311     -0.22466    -0.225233    -0.225358    -0.225373    -0.225362    -0.225347    -0.225333    -0.225321    -0.225312    -0.225306    -0.225302    -0.225302    -0.225303    -0.225308    -0.225315    -0.225325    -0.225338    -0.225353    -0.225371    -0.225391    -0.225406    -0.225396    -0.225276    -0.224708    -0.222364    -0.212993     -0.17587   -0.0291774   0.00818614    0.0185707
 2.69351e-05 -6.34499e-05 -0.000547183  -0.00259106   -0.0108001   -0.0433535    -0.172018    -0.204574    -0.212787    -0.214838     -0.21533     -0.21543    -0.215434    -0.215416    -0.215395    -0.215376    -0.215359    -0.215345    -0.215333    -0.215324    -0.215318    -0.215315    -0.215314    -0.215316    -0.215321    -0.215328    -0.215338     -0.21535    -0.215363    -0.215372    -0.215357    -0.215236    -0.214685    -0.212431    -0.203439     -0.16784   -0.0271902   0.00840886    0.0174001     0.019654     0.020204    0.0203247    0.0203391    0.0203288    0.0203143    0.0203008    0.0202895    0.0202806    0.0202742    0.0202703    0.0202687    0.0202696    0.0202728    0.0202785    0.0202867    0.0202973    0.0203105    0.0203259    0.0203422    0.0203542    0.0203404    0.0202157    0.0196435    0.0172948   0.00792208   -0.0291906    -0.175824    -0.212937     -0.22231    -0.224659    -0.225232    -0.225357    -0.225372    -0.225361    -0.225346    -0.225332     -0.22532    -0.225311    -0.225305    -0.225301      -0.2253    -0.225302    -0.225306    -0.225313    -0.225323    -0.225336    -0.225351    -0.225369    -0.225388    -0.225404    -0.225393    -0.225273    -0.224705    -0.222361    -0.212992     -0.17588   -0.0292311   0.00796138    0.0176698    0.0213661
-6.33065e-05 -0.000547013   -0.0025909   -0.0107999   -0.0433533    -0.172018    -0.204574    -0.212787    -0.214837     -0.21533     -0.21543    -0.215434    -0.215416    -0.215395    -0.215376    -0.215359    -0.215344    -0.215333    -0.215324    -0.215318    -0.215315    -0.215314    -0.215316    -0.215321    -0.215328    -0.215338     -0.21535    -0.215363    -0.215372    -0.215357    -0.215236    -0.214685    -0.212431    -0.203439     -0.16784   -0.0271901   0.00840894    0.0174002    0.0196541    0.0202041    0.0203248    0.0203392    0.0203289    0.0203144    0.0203009    0.0202896    0.0202808    0.0202744    0.0202705    0.0202689    0.0202698    0.0202731    0.0202788    0.0202869    0.0202976    0.0203108    0.0203262    0.0203425    0.0203546    0.0203408    0.0202161    0.0196439    0.0172953   0.00792261   -0.0291901    -0.175824    -0.212937     -0.22231    -0.224659    -0.225231    -0.225357    -0.225371     -0.22536    -0.225345    -0.225331    -0.225319     -0.22531    -0.225303      -0.2253    -0.225299      -0.2253    -0.225304    -0.225311    -0.225321    -0.225333    -0.225348    -0.225366    -0.225385      -0.2254     -0.22539    -0.225269    -0.224701    -0.222357    -0.212989    -0.175881   -0.0292474   0.00788067    0.0173336      0.02002    0.0219484
-0.000546902  -0.00259076   -0.0107998   -0.0433532    -0.172018    -0.204574    -0.212787    -0.214837     -0.21533     -0.21543    -0.215434    -0.215416    -0.215395    -0.215376    -0.215359    -0.215344    -0.215333    -0.215324    -0.215318    -0.215315    -0.215314    -0.215316    -0.215321    -0.215328    -0.215338     -0.21535    -0.215363    -0.215372    -0.215357    -0.215235    -0.214685    -0.212431    -0.203439     -0.16784     -0.02719   0.00840902    0.0174003    0.0196542    0.0202041    0.0203249    0.0203393     0.020329    0.0203146    0.0203011    0.0202898    0.0202809    0.0202746    0.0202706    0.0202691      0.02027    0.0202733     0.020279    0.0202872    0.0202979     0.020311    0.0203265    0.0203429    0.0203549    0.0203411    0.0202165    0.0196444    0.0172957    0.0079231   -0.0291895    -0.175823    -0.212936    -0.222309    -0.224658    -0.225231    -0.225356     -0.22537    -0.225359    -0.225344    -0.225329    -0.225318    -0.225308    -0.225302    -0.225298    -0.225297    -0.225298    -0.225302    -0.225309    -0.225319    -0.225331    -0.225346    -0.225363    -0.225382    -0.225397    -0.225386    -0.225265    -0.224697    -0.222353    -0.212985    -0.175877   -0.0292478   0.00786387    0.0172507    0.0196751    0.0205674    0.0219792
-0.00259067  -0.0107996  -0.0433531   -0.172018   -0.204574   -0.212787   -0.214837    -0.21533    -0.21543   -0.215434   -0.215416   -0.215395   -0.215375   -0.215359   -0.215344   -0.215333   -0.215324   -0.215318   -0.215315   -0.215314   -0.215316   -0.215321   -0.215328   -0.215337    -0.21535   -0.215363   -0.215372   -0.215357   -0.215235   -0.214685   -0.212431   -0.203439    -0.16784  -0.0271899  0.00840909   0.0174003   0.0196543   0.0202042    0.020325   0.0203394   0.0203291   0.0203147   0.0203012   0.0202899   0.0202811   0.0202747   0.0202708   0.0202693   0.0202702   0.0202735   0.0202792   0.0202874   0.0202981   0.0203113   0.0203267   0.0203431   0.0203552   0.0203415   0.0202168   0.0196447   0.0172961  0.00792354  -0.0291891   -0.175823   -0.212936   -0.222308   -0.224657    -0.22523   -0.225355   -0.225369   -0.225358   -0.225343   -0.225328   -0.225317   -0.225307   -0.225301   -0.225297   -0.225295   -0.225297   -0.225301   -0.225307   -0.225317   -0.225329   -0.225344   -0.225361    -0.22538   -0.225394   -0.225383   -0.225262   -0.224693   -0.222349   -0.212981   -0.175873  -0.0292445  0.00786349   0.0172346    0.019596   0.0202383   0.0206618   0.0218788
-0.0107996  -0.043353  -0.172018  -0.204573  -0.212787  -0.214837   -0.21533   -0.21543  -0.215434  -0.215416  -0.215395  -0.215375  -0.215358  -0.215344  -0.215333  -0.215324  -0.215318  -0.215315  -0.215314  -0.215316   -0.21532  -0.215328  -0.215337   -0.21535  -0.215363  -0.215372  -0.215357  -0.215235  -0.214685   -0.21243  -0.203439   -0.16784 -0.0271899 0.00840915  0.0174004  0.0196544  0.0202043  0.0203251  0.0203395  0.0203292  0.0203148  0.0203013    0.02029  0.0202812  0.0202748  0.0202709  0.0202694  0.0202703  0.0202736  0.0202794  0.0202876  0.0202983  0.0203115  0.0203269  0.0203434  0.0203555  0.0203418  0.0202171  0.0196451  0.0172965 0.00792392 -0.0291887  -0.175822  -0.212935  -0.222308  -0.224657  -0.225229  -0.225354  -0.225369  -0.225358  -0.225342  -0.225328  -0.225316  -0.225306    -0.2253  -0.225296  -0.225294  -0.225295  -0.225299  -0.225306  -0.225315  -0.225327  -0.225342  -0.225359  -0.225377  -0.225392  -0.225381  -0.225259   -0.22469  -0.222346  -0.212977  -0.175869 -0.0292407 0.00786659  0.0172343  0.0195809  0.0201642  0.0203535  0.0206449   0.021753
-0.0433529  -0.172018  -0.204573  -0.212787  -0.214837  -0.215329   -0.21543  -0.215434  -0.215416  -0.215395  -0.215375  -0.215358  -0.215344  -0.215333  -0.215324  -0.215318  -0.215315  -0.215314  -0.215316   -0.21532  -0.215328  -0.215337   -0.21535  -0.215363  -0.215372  -0.215357  -0.215235  -0.214685   -0.21243  -0.203439   -0.16784 -0.0271898  0.0084092  0.0174005  0.0196544  0.0202044  0.0203252  0.0203396  0.0203293  0.0203148  0.0203014  0.0202901  0.0202813  0.0202749   0.020271  0.0202695  0.0202704  0.0202737  0.0202795  0.0202877  0.0202984  0.0203117  0.0203271  0.0203436  0.0203557   0.020342  0.0202174  0.0196453  0.0172968 0.00792425 -0.0291883  -0.175822  -0.212935  -0.222307  -0.224656  -0.225229  -0.225354  -0.225368  -0.225357  -0.225341  -0.225327  -0.225315  -0.225305  -0.225299  -0.225295  -0.225293  -0.225294  -0.225298  -0.225304  -0.225314  -0.225325   -0.22534  -0.225357  -0.225375   -0.22539  -0.225379  -0.225257  -0.224688  -0.222343  -0.212974  -0.175866 -0.0292373 0.00787008  0.0172372  0.0195806  0.0201502  0.0202845  0.0203576   0.020603  0.0216281
  0.0572167   0.0207038   0.0110149  0.00815121  0.00704455  0.00640906  0.00591713  0.00548402  0.00508661  0.00471751  0.00437341  0.00405215   0.0037519  0.00347104  0.00320804  0.00296149  0.00273004  0.00251245  0.00230752  0.00211415  0.00193136  0.00175847  0.00159583  0.00144777  0.00133412  0.00133583  0.00177505  0.00392602   0.0128215   0.0483314    0.188898     0.22442     0.23334    0.235527    0.236016    0.236079     0.23604     0.23598     0.23592    0.235863    0.235812    0.235766    0.235726     0.23569    0.235659    0.235632     0.23561    0.235592    0.235578    0.235568    0.235562     0.23556     0.23556    0.235557    0.235529    0.235391    0.234807    0.232447    0.223064    0.185941   0.0392987   0.0021775 -0.00720313 -0.00955932  -0.0101386    -0.01027  -0.0102902  -0.0102844  -0.0102738  -0.0102641  -0.0102564   -0.010251   -0.010248  -0.0102474  -0.0102491  -0.0102533  -0.0102598  -0.0102687  -0.0102802  -0.0102942  -0.0103108  -0.0103298  -0.0103498  -0.0103656  -0.0103559  -0.0102354 -0.00966771 -0.00732378  0.00204382   0.0391511    0.185779    0.222886    0.232252    0.234594     0.23516    0.235281    0.235302    0.235343    0.235564    0.236514
  0.0206595   0.0109626  0.00809973  0.00699599  0.00636375  0.00587498  0.00544483  0.00505019  0.00468365  0.00434195  0.00402289   0.0037247  0.00344575  0.00318452  0.00293961  0.00270969  0.00249351  0.00228989  0.00209774  0.00191607  0.00174422  0.00158255   0.0014354  0.00132261  0.00132523  0.00176577  0.00391983   0.0128255   0.0483742    0.189092    0.224653    0.233583    0.235773    0.236262    0.236326    0.236287    0.236228    0.236167    0.236111    0.236061    0.236015    0.235975    0.235939    0.235908    0.235882     0.23586    0.235842    0.235828    0.235818    0.235813     0.23581    0.235811    0.235807     0.23578    0.235642    0.235058    0.232698    0.223315    0.186193   0.0395498  0.00242873 -0.00695183 -0.00930795 -0.00988714  -0.0100185  -0.0100387  -0.0100327  -0.0100221  -0.0100123  -0.0100045 -0.00999909 -0.00999603 -0.00999533 -0.00999699   -0.010001  -0.0100075  -0.0100163  -0.0100277  -0.0100416  -0.0100581  -0.0100769  -0.0100969  -0.0101126  -0.0101027 -0.00998207 -0.00941424 -0.00707016  0.00229761   0.0394051    0.186033     0.22314    0.232506    0.234849    0.235414    0.235532    0.235541    0.235535    0.235568    0.235772    0.236656
  0.0109548  0.00809055  0.00698697  0.00635524  0.00586704  0.00543745  0.00504332  0.00467727  0.00433602  0.00401738  0.00371958  0.00344099  0.00318009   0.0029355  0.00270587  0.00248995  0.00228658  0.00209466  0.00191321  0.00174155  0.00158007  0.00143308  0.00132046  0.00132325  0.00176403  0.00391861    0.012826    0.048381    0.189124    0.224691    0.233622    0.235813    0.236302    0.236366    0.236328    0.236268    0.236208    0.236152    0.236101    0.236056    0.236015     0.23598    0.235949    0.235923      0.2359    0.235883    0.235869    0.235859    0.235854    0.235852    0.235852    0.235849    0.235821    0.235683    0.235099    0.232739    0.223356    0.186234   0.0395912  0.00247011 -0.00691041 -0.00926651 -0.00984567 -0.00997702 -0.00999712 -0.00999113 -0.00998051 -0.00997065 -0.00996283 -0.00995735 -0.00995424 -0.00995349  -0.0099551 -0.00995908 -0.00996545 -0.00997425 -0.00998555  -0.0099994  -0.0100158  -0.0100346  -0.0100544    -0.01007    -0.01006 -0.00993928 -0.00937133 -0.00702711   0.0023408   0.0394484    0.186077    0.223184     0.23255    0.234893    0.235458    0.235575    0.235582    0.235565    0.235553    0.235582    0.235772    0.236595
 0.00809425  0.00699134  0.00635954   0.0058711  0.00544123  0.00504684  0.00468055  0.00433906  0.00402021  0.00372221  0.00344343  0.00318237  0.00293761  0.00270784  0.00249179  0.00228829  0.00209625  0.00191469  0.00174294  0.00158136  0.00143429  0.00132158  0.00132429  0.00176495   0.0039193    0.012826   0.0483782     0.18911    0.224675    0.233605    0.235796    0.236285    0.236349     0.23631    0.236251    0.236191    0.236135    0.236084    0.236038    0.235998    0.235962    0.235931    0.235905    0.235883    0.235865    0.235851    0.235842    0.235836    0.235834    0.235834    0.235831    0.235803    0.235666    0.235081    0.232722    0.223339    0.186216   0.0395736  0.00245261 -0.00692791 -0.00928398 -0.00986313 -0.00999446  -0.0100145  -0.0100085 -0.00999789   -0.009988 -0.00998016 -0.00997464  -0.0099715 -0.00997071 -0.00997228 -0.00997621 -0.00998254 -0.00999129  -0.0100025  -0.0100163  -0.0100327  -0.0100513  -0.0100711  -0.0100866  -0.0100765 -0.00995572 -0.00938767 -0.00704334  0.00232469   0.0394324    0.186061    0.223168    0.232535    0.234877    0.235443     0.23556    0.235567    0.235547    0.235525    0.235513     0.23554    0.235717    0.236482
 0.00699576  0.00636477  0.00587624  0.00544609  0.00505137  0.00468476  0.00434298  0.00402386   0.0037256  0.00344658   0.0031853  0.00294034  0.00271037  0.00249414  0.00229048  0.00209829  0.00191659  0.00174471  0.00158301  0.00143583  0.00132301  0.00132562  0.00176614  0.00392022   0.0128261   0.0483752    0.189095    0.224657    0.233586    0.235777    0.236266     0.23633    0.236291    0.236232    0.236171    0.236115    0.236065    0.236019    0.235979    0.235943    0.235912    0.235886    0.235863    0.235846    0.235832    0.235822    0.235817    0.235814    0.235815    0.235811    0.235784    0.235646    0.235062    0.232702    0.223319    0.186197    0.039554  0.00243302 -0.00694749 -0.00930356 -0.00988269   -0.010014  -0.0100341   -0.010028  -0.0100174  -0.0100075 -0.00999961 -0.00999407 -0.00999089 -0.00999007 -0.00999161 -0.00999551  -0.0100018  -0.0100105  -0.0100217  -0.0100354  -0.0100517  -0.0100703    -0.01009  -0.0101055  -0.0100953 -0.00997442 -0.00940628 -0.00706186  0.00230627   0.0394141    0.186043     0.22315    0.232517    0.234859    0.235425    0.235543    0.235549    0.235529    0.235505    0.235483    0.235472    0.235497    0.235662    0.236374
 0.00636801  0.00588007  0.00544985  0.00505492  0.00468808  0.00434606  0.00402672  0.00372826  0.00344906   0.0031876  0.00294248  0.00271236    0.002496  0.00229221   0.0020999  0.00191809   0.0017461  0.00158431  0.00143703  0.00132414  0.00132666  0.00176708  0.00392097   0.0128262   0.0483733    0.189085    0.224644    0.233574    0.235764    0.236253    0.236317    0.236278    0.236219    0.236158    0.236102    0.236051    0.236006    0.235965     0.23593    0.235899    0.235872     0.23585    0.235832    0.235819    0.235809    0.235803    0.235801    0.235801    0.235798     0.23577    0.235633    0.235049    0.232689    0.223306    0.186183   0.0395408   0.0024198 -0.00696069 -0.00931675 -0.00989587  -0.0100272  -0.0100472  -0.0100412  -0.0100305  -0.0100206  -0.0100127  -0.0100071  -0.0100039  -0.0100031  -0.0100046  -0.0100085  -0.0100147  -0.0100234  -0.0100345  -0.0100482  -0.0100645   -0.010083  -0.0101027  -0.0101181  -0.0101078 -0.00998686 -0.00941865 -0.00707415  0.00229408    0.039402    0.186031    0.223138    0.232505    0.234848    0.235414    0.235531    0.235538    0.235518    0.235493    0.235469    0.235449    0.235439    0.235462    0.235616    0.236279
 0.00588079   0.0054507  0.00505576  0.00468887   0.0043468  0.00402741   0.0037289  0.00344965  0.00318816    0.002943  0.00271284  0.00249644  0.00229262  0.00210028  0.00191845  0.00174644  0.00158462  0.00143733  0.00132441  0.00132691  0.00176732  0.00392116   0.0128263   0.0483729    0.189083    0.224642    0.233571    0.235761     0.23625    0.236314    0.236276    0.236216    0.236156      0.2361    0.236049    0.236003    0.235963    0.235927    0.235896     0.23587    0.235848     0.23583    0.235816    0.235806    0.235801    0.235799    0.235799    0.235796    0.235768     0.23563    0.235046    0.232686    0.223303    0.186181   0.0395384  0.00241734 -0.00696315 -0.00931919  -0.0098983  -0.0100296  -0.0100496  -0.0100436  -0.0100329  -0.0100229   -0.010015  -0.0100094  -0.0100062  -0.0100054  -0.0100068  -0.0100107  -0.0100169  -0.0100255  -0.0100366  -0.0100503  -0.0100665   -0.010085  -0.0101046    -0.01012  -0.0101097 -0.00998863 -0.00942035 -0.00707577  0.00229253   0.0394006    0.186029    0.223137    0.232504    0.234847    0.235413    0.235531    0.235537    0.235517    0.235493    0.235468    0.235446    0.235428    0.235418    0.235441    0.235584    0.236201
  0.0054482   0.0050528  0.00468596  0.00434405  0.00402485  0.00372652  0.00344744   0.0031861  0.00294108  0.00271107  0.00249479  0.00229109  0.00209886  0.00191712  0.00174521  0.00158348  0.00143626  0.00132342    0.001326  0.00176649  0.00392048    0.012826   0.0483741     0.18909     0.22465     0.23358     0.23577    0.236259    0.236323    0.236285    0.236225    0.236165    0.236109    0.236058    0.236012    0.235972    0.235936    0.235905    0.235879    0.235857    0.235839    0.235825    0.235816     0.23581    0.235808    0.235808    0.235805    0.235777     0.23564    0.235055    0.232696    0.223313     0.18619   0.0395477  0.00242672 -0.00695376 -0.00930979 -0.00988888  -0.0100202  -0.0100402  -0.0100341  -0.0100234  -0.0100134  -0.0100055  -0.0099999 -0.00999665 -0.00999576 -0.00999722   -0.010001  -0.0100072  -0.0100158  -0.0100269  -0.0100405  -0.0100567  -0.0100752  -0.0100947    -0.01011  -0.0100997 -0.00997858 -0.00941024 -0.00706561  0.00230276   0.0394109     0.18604    0.223147    0.232514    0.234857    0.235423    0.235541    0.235548    0.235529    0.235504     0.23548    0.235457    0.235437     0.23542    0.235411    0.235432    0.235566     0.23614
  0.0050451  0.00467685   0.0043351   0.0040164  0.00371864  0.00344011  0.00317928  0.00293475  0.00270518  0.00248932    0.002286  0.00209413  0.00191272  0.00174111  0.00157967  0.00143272  0.00132013  0.00132296  0.00176372  0.00391816   0.0128249   0.0483772    0.189109    0.224673    0.233604    0.235795    0.236284    0.236348     0.23631     0.23625     0.23619    0.236134    0.236083    0.236038    0.235997    0.235962    0.235931    0.235905    0.235883    0.235865    0.235851    0.235842    0.235836    0.235834    0.235834    0.235831    0.235803    0.235666    0.235081    0.232722    0.223339    0.186216   0.0395739   0.0024529 -0.00692755 -0.00928356 -0.00986264 -0.00999389  -0.0100139  -0.0100078 -0.00999706 -0.00998707 -0.00997912 -0.00997349 -0.00997022  -0.0099693 -0.00997073 -0.00997451 -0.00998067 -0.00998925  -0.0100003  -0.0100139    -0.01003  -0.0100485   -0.010068  -0.0100832  -0.0100728  -0.0099517  -0.0093833 -0.00703861  0.00232981    0.039438    0.186067    0.223175    0.232542    0.234885    0.235451    0.235569    0.235576    0.235556    0.235532    0.235508    0.235485    0.235464    0.235446     0.23543    0.235422    0.235442    0.235567    0.236102
 0.00466297  0.00431869  0.00400026  0.00370341   0.0034259  0.00316607  0.00292246  0.00269376   0.0024787  0.00227613  0.00208495  0.00190419  0.00173318  0.00157229  0.00142586  0.00131376  0.00131705  0.00175833  0.00391358   0.0128224   0.0483816     0.18914    0.224711    0.233644    0.235835    0.236325    0.236389    0.236351    0.236292    0.236232    0.236176    0.236125     0.23608     0.23604    0.236004    0.235973    0.235947    0.235925    0.235908    0.235894    0.235884    0.235879    0.235877    0.235877    0.235874    0.235846    0.235709    0.235125    0.232765    0.223382     0.18626   0.0396174  0.00249647 -0.00688394 -0.00923992 -0.00981896 -0.00995018 -0.00997015 -0.00996402 -0.00995326 -0.00994324 -0.00993526  -0.0099296  -0.0099263 -0.00992535 -0.00992675 -0.00993051 -0.00993663 -0.00994518  -0.0099562 -0.00996975 -0.00998585  -0.0100043  -0.0100237  -0.0100389  -0.0100285 -0.00990732 -0.00933888 -0.00699414  0.00237434   0.0394826    0.186112    0.223219    0.232587     0.23493    0.235496    0.235614    0.235621    0.235602    0.235577    0.235553    0.235531     0.23551    0.235491    0.235474     0.23546    0.235453    0.235472    0.235588    0.236085
 0.00429917  0.00397718  0.00368071  0.00340449  0.00314608  0.00290387  0.00267647  0.00246263   0.0022612  0.00207107  0.00189128  0.00172118  0.00156113  0.00141548  0.00130411  0.00130811  0.00175015  0.00390654   0.0128181   0.0483865     0.18918     0.22476    0.233695    0.235888    0.236378    0.236442    0.236404    0.236345    0.236286     0.23623     0.23618    0.236135    0.236095    0.236059    0.236029    0.236003    0.235981    0.235963     0.23595     0.23594    0.235935    0.235933    0.235933     0.23593    0.235903    0.235765    0.235181    0.232822    0.223439    0.186317   0.0396741  0.00255324 -0.00682713 -0.00918305 -0.00976205 -0.00989323 -0.00991316 -0.00990698 -0.00989619 -0.00988613 -0.00987811 -0.00987242 -0.00986909 -0.00986811 -0.00986947 -0.00987319 -0.00987929  -0.0098878 -0.00989879  -0.0099123 -0.00992836 -0.00994673 -0.00996616 -0.00998135 -0.00997088 -0.00984964 -0.00928116 -0.00693637  0.00243216   0.0395404    0.186169    0.223277    0.232645    0.234988    0.235554    0.235672    0.235679     0.23566    0.235636    0.235612    0.235589    0.235569     0.23555    0.235532    0.235517    0.235504    0.235498    0.235515    0.235624    0.236087
 0.00395453  0.00365392  0.00337814  0.00312123  0.00288068   0.0026549  0.00244258  0.00224255  0.00205374  0.00187517   0.0017062   0.0015472  0.00140253  0.00129207  0.00129695  0.00173992  0.00389763   0.0128122   0.0483906    0.189222    0.224812     0.23375    0.235943    0.236434    0.236499    0.236461    0.236403    0.236343    0.236288    0.236238    0.236193    0.236153    0.236118    0.236088    0.236062     0.23604    0.236023    0.236009       0.236    0.235995    0.235993    0.235994    0.235991    0.235963    0.235826    0.235242    0.232882      0.2235    0.186378   0.0397351  0.00261429 -0.00676602 -0.00912189 -0.00970082 -0.00983195 -0.00985184 -0.00984562 -0.00983478 -0.00982468 -0.00981662 -0.00981089 -0.00980752  -0.0098065 -0.00980783 -0.00981151 -0.00981757 -0.00982605   -0.009837 -0.00985049 -0.00986651 -0.00988484 -0.00990424 -0.00991939 -0.00990888  -0.0097876 -0.00921908 -0.00687425  0.00249432   0.0396026    0.186232     0.22334    0.232707     0.23505    0.235616    0.235735    0.235742    0.235723    0.235699    0.235675    0.235652    0.235632    0.235613    0.235595     0.23558    0.235565    0.235553    0.235548    0.235565    0.235666    0.236097
  0.0036315  0.00335163  0.00309516  0.00285608  0.00263194  0.00242122   0.0022227  0.00203528  0.00185801  0.00169025  0.00153237  0.00138874  0.00127926  0.00128506  0.00172901  0.00388804   0.0128055   0.0483932    0.189259    0.224858    0.233799    0.235993    0.236485     0.23655    0.236513    0.236455    0.236396    0.236341    0.236291    0.236246    0.236207    0.236172    0.236142    0.236116    0.236095    0.236077    0.236064    0.236055     0.23605    0.236048    0.236049    0.236046    0.236019    0.235881    0.235298    0.232938    0.223555    0.186433   0.0397911  0.00267032 -0.00670992 -0.00906573 -0.00964461 -0.00977569 -0.00979552 -0.00978926 -0.00977837 -0.00976823 -0.00976013 -0.00975436 -0.00975095  -0.0097499 -0.00975119 -0.00975484 -0.00976087 -0.00976931 -0.00978023 -0.00979368 -0.00980967 -0.00982797 -0.00984733 -0.00986245  -0.0098519 -0.00973059 -0.00916203 -0.00681716  0.00255146   0.0396598    0.186289    0.223397    0.232764    0.235108    0.235674    0.235792    0.235799     0.23578    0.235756    0.235732     0.23571     0.23569    0.235671    0.235654    0.235638    0.235623     0.23561    0.235599    0.235594     0.23561    0.235704    0.236105
  0.0033358  0.00307644  0.00283768  0.00261458  0.00240502  0.00220762  0.00202126  0.00184498  0.00167814  0.00152111  0.00137828  0.00126953  0.00127604  0.00172071  0.00388069   0.0128001    0.048394    0.189282    0.224888    0.233831    0.236026    0.236517    0.236583    0.236546    0.236488    0.236429    0.236375    0.236325    0.236281    0.236241    0.236207    0.236177    0.236151     0.23613    0.236113      0.2361    0.236091    0.236086    0.236084    0.236085    0.236082    0.236055    0.235918    0.235334    0.232975    0.223592     0.18647   0.0398277  0.00270701 -0.00667318 -0.00902895 -0.00960779 -0.00973882 -0.00975861 -0.00975231 -0.00974139 -0.00973121 -0.00972308 -0.00971728 -0.00971384 -0.00971276 -0.00971403 -0.00971765 -0.00972365 -0.00973207 -0.00974296 -0.00975638 -0.00977234 -0.00979061 -0.00980995 -0.00982504 -0.00981446 -0.00969312 -0.00912453 -0.00677963  0.00258902   0.0396974    0.186327    0.223434    0.232802    0.235145    0.235712     0.23583    0.235837    0.235818    0.235794    0.235771    0.235748    0.235728    0.235709    0.235692    0.235676    0.235662    0.235648    0.235636    0.235627    0.235622    0.235637    0.235725    0.236098
 0.00306864  0.00282846  0.00260551  0.00239647  0.00219964  0.00201384  0.00183808  0.00167172  0.00151515  0.00137273  0.00126438  0.00127126  0.00171631  0.00387677   0.0127971   0.0483938    0.189293    0.224901    0.233845     0.23604    0.236532    0.236598    0.236561    0.236503    0.236445     0.23639    0.236341    0.236296    0.236257    0.236223    0.236193    0.236167    0.236146    0.236129    0.236116    0.236107    0.236102    0.236101    0.236101    0.236099    0.236072    0.235934    0.235351    0.232991    0.223609    0.186487   0.0398445  0.00272381 -0.00665636  -0.0090121 -0.00959091 -0.00972192 -0.00974169 -0.00973537 -0.00972443 -0.00971423 -0.00970608 -0.00970026  -0.0096968  -0.0096957 -0.00969695 -0.00970055 -0.00970654 -0.00971494 -0.00972581 -0.00973921 -0.00975516 -0.00977341 -0.00979272 -0.00980779 -0.00979719 -0.00967583 -0.00910721 -0.00676228  0.00260639   0.0397148    0.186344    0.223452     0.23282    0.235163    0.235729    0.235848    0.235855    0.235836    0.235812    0.235788    0.235766    0.235746    0.235727     0.23571    0.235694     0.23568    0.235666    0.235654    0.235643    0.235635    0.235631    0.235645    0.235726    0.236074
 0.00283262  0.00261044  0.00240131  0.00220421   0.0020181  0.00184205  0.00167541  0.00151858  0.00137592  0.00126734  0.00127401  0.00171885  0.00387905   0.0127989   0.0483942    0.189288    0.224895    0.233838    0.236033    0.236525    0.236591    0.236554    0.236496    0.236437    0.236383    0.236333    0.236289     0.23625    0.236215    0.236185    0.236159    0.236138    0.236121    0.236108    0.236099    0.236094    0.236093    0.236093    0.236091    0.236064    0.235926    0.235343    0.232983    0.223601    0.186479   0.0398363  0.00271565 -0.00666453 -0.00902027  -0.0095991 -0.00973012 -0.00974989 -0.00974358 -0.00973264 -0.00972245  -0.0097143 -0.00970848 -0.00970502 -0.00970392 -0.00970517 -0.00970877 -0.00971475 -0.00972314 -0.00973401 -0.00974741 -0.00976334 -0.00978159 -0.00980089 -0.00981595 -0.00980533 -0.00968396 -0.00911533 -0.00677038  0.00259831   0.0397068    0.186336    0.223444    0.232812    0.235155    0.235721     0.23584    0.235847    0.235828    0.235804    0.235781    0.235759    0.235738     0.23572    0.235702    0.235687    0.235672    0.235659    0.235647    0.235636    0.235626    0.235618    0.235615    0.235628    0.235704    0.236027
 0.00262903   0.0024233  0.00222584   0.0020385  0.00186109  0.00169312  0.00153505  0.00139123  0.00128157  0.00128722  0.00173104  0.00389003   0.0128078    0.048397    0.189269     0.22487    0.233811    0.236005    0.236497    0.236562    0.236525    0.236466    0.236407    0.236352    0.236303    0.236258    0.236218    0.236183    0.236153    0.236127    0.236106    0.236089    0.236076    0.236066    0.236061     0.23606     0.23606    0.236057     0.23603    0.235893    0.235309    0.232949    0.223567    0.186445   0.0398024   0.0026816 -0.00669864 -0.00905444 -0.00963332 -0.00976439 -0.00978421 -0.00977794 -0.00976704 -0.00975688 -0.00974877 -0.00974297 -0.00973954 -0.00973847 -0.00973973 -0.00974335 -0.00974935 -0.00975776 -0.00976864 -0.00978205 -0.00979799 -0.00981624 -0.00983555 -0.00985061 -0.00983999 -0.00971862 -0.00914998 -0.00680503  0.00256367   0.0396721    0.186301    0.223409    0.232777     0.23512    0.235687    0.235805    0.235813    0.235794     0.23577    0.235746    0.235724    0.235704    0.235685    0.235668    0.235653    0.235638    0.235625    0.235613    0.235602    0.235592    0.235583    0.235575    0.235572    0.235585    0.235656    0.235957
 0.00245535  0.00226373  0.00207578  0.00189625  0.00172593  0.00156557  0.00141961  0.00130794   0.0013117  0.00175366  0.00391051   0.0128246    0.048404    0.189241    0.224832     0.23377    0.235963    0.236453    0.236518     0.23648     0.23642    0.236361    0.236305    0.236255    0.236209    0.236169    0.236134    0.236103    0.236077    0.236055    0.236037    0.236024    0.236015    0.236009    0.236007    0.236007    0.236004    0.235977    0.235839    0.235255    0.232896    0.223513    0.186391   0.0397481  0.00262726  -0.0067531 -0.00910901   -0.009688 -0.00981916 -0.00983907 -0.00983287 -0.00982205 -0.00981196 -0.00980391 -0.00979818  -0.0097948 -0.00979378 -0.00979509 -0.00979875 -0.00980478 -0.00981323 -0.00982414 -0.00983757 -0.00985354 -0.00987181 -0.00989114 -0.00990621 -0.00989561 -0.00977425 -0.00920562 -0.00686068  0.00250802   0.0396165    0.186246    0.223354    0.232721    0.235065    0.235631     0.23575    0.235757    0.235738    0.235714    0.235691    0.235669    0.235648     0.23563    0.235613    0.235597    0.235583     0.23557    0.235558    0.235547    0.235537    0.235527    0.235519    0.235512     0.23551    0.235521    0.235588    0.235868
 0.00232375  0.00214675  0.00196605  0.00179178  0.00162702  0.00147678  0.00136108  0.00136104  0.00179928  0.00395195   0.0128593   0.0484211    0.189197    0.224771    0.233703    0.235893    0.236381    0.236444    0.236404    0.236343    0.236282    0.236225    0.236173    0.236127    0.236086    0.236049    0.236018    0.235991    0.235968     0.23595    0.235935    0.235925    0.235919    0.235917    0.235916    0.235913    0.235885    0.235747    0.235163    0.232803    0.223419    0.186297   0.0396543  0.00253312 -0.00684748 -0.00920362 -0.00978281 -0.00991417 -0.00993427 -0.00992824 -0.00991757 -0.00990763 -0.00989971  -0.0098941 -0.00989084 -0.00988992 -0.00989133 -0.00989508  -0.0099012 -0.00990972  -0.0099207  -0.0099342 -0.00995022 -0.00996855 -0.00998792   -0.010003 -0.00999248 -0.00987115 -0.00930256 -0.00695764  0.00241104   0.0395195    0.186149    0.223257    0.232624    0.234968    0.235534    0.235653     0.23566    0.235641    0.235617    0.235594    0.235572    0.235551    0.235533    0.235516      0.2355    0.235486    0.235473    0.235461     0.23545     0.23544    0.235431    0.235422    0.235415    0.235409    0.235406    0.235417    0.235479     0.23574
 0.00225054  0.00208879   0.0019125   0.0017409  0.00158304  0.00145993  0.00145284  0.00188423  0.00402937   0.0129251   0.0484579    0.189135    0.224681    0.233603    0.235787    0.236271     0.23633    0.236287    0.236224     0.23616      0.2361    0.236046    0.235998    0.235955    0.235917    0.235883    0.235855     0.23583    0.235811    0.235795    0.235784    0.235777    0.235773    0.235772    0.235768    0.235739      0.2356    0.235015    0.232654    0.223271    0.186148   0.0395043  0.00238269 -0.00699837 -0.00935494 -0.00993452  -0.0100663  -0.0100867   -0.010081  -0.0100706  -0.0100609  -0.0100533  -0.0100479  -0.0100448  -0.0100441  -0.0100457  -0.0100496  -0.0100559  -0.0100646  -0.0100757  -0.0100893  -0.0101055  -0.0101239  -0.0101434  -0.0101586  -0.0101481  -0.0100269 -0.00945833 -0.00711347  0.00225514   0.0393635    0.185993    0.223101    0.232468    0.234812    0.235378    0.235497    0.235504    0.235485    0.235461    0.235437    0.235415    0.235395    0.235377     0.23536    0.235344     0.23533    0.235317    0.235305    0.235294    0.235284    0.235275    0.235266    0.235259    0.235252    0.235246    0.235244    0.235254    0.235312    0.235555
 0.00223959  0.00209083   0.0019163  0.00174848  0.00161428  0.00159633  0.00201711  0.00415078   0.0130297   0.0485222    0.189065    0.224572    0.233479    0.235655    0.236133    0.236187    0.236139    0.236071    0.236003     0.23594    0.235882     0.23583    0.235784    0.235743    0.235707    0.235676    0.235649    0.235627     0.23561    0.235597    0.235588    0.235583     0.23558    0.235574    0.235544    0.235404    0.234818    0.232456    0.223071    0.185948   0.0393034  0.00218099 -0.00720079 -0.00955802  -0.0101382  -0.0102705  -0.0102915  -0.0102863  -0.0102764  -0.0102671  -0.0102599  -0.0102548  -0.0102521  -0.0102517  -0.0102536  -0.0102578  -0.0102644  -0.0102733  -0.0102846  -0.0102984  -0.0103148  -0.0103334   -0.010353  -0.0103683   -0.010358  -0.0102369 -0.00966847 -0.00732372   0.0020448   0.0391531    0.185782     0.22289    0.232258    0.234601    0.235167    0.235286    0.235293    0.235274     0.23525    0.235226    0.235205    0.235184    0.235166    0.235149    0.235133    0.235119    0.235106    0.235094    0.235083    0.235073    0.235064    0.235055    0.235048    0.235041    0.235034    0.235029    0.235028    0.235037    0.235091    0.235317
 0.00256849  0.00248108  0.00230387  0.00213802  0.00208474   0.0024707  0.00456953   0.0134075   0.0488289    0.189175    0.224614    0.233488    0.235641    0.236098    0.236134     0.23607    0.235986    0.235904    0.235827    0.235757    0.235694    0.235637    0.235586     0.23554    0.235501    0.235466    0.235437    0.235413    0.235393    0.235378    0.235368     0.23536    0.235349    0.235315    0.235171    0.234581    0.232216    0.222828    0.185701   0.0390538  0.00192887 -0.00745525 -0.00981462  -0.0103968  -0.0105309  -0.0105534  -0.0105497   -0.010541  -0.0105329  -0.0105266  -0.0105225  -0.0105205  -0.0105206  -0.0105229  -0.0105273  -0.0105339  -0.0105428  -0.0105539  -0.0105673  -0.0105831  -0.0106009  -0.0106196  -0.0106338   -0.010622  -0.0104993 -0.00992894 -0.00758202  0.00178898   0.0389001    0.185532    0.222644    0.232015    0.234363    0.234934    0.235058    0.235072    0.235059    0.235043    0.235027    0.235014    0.235004    0.234996    0.234991    0.234989    0.234989    0.234992    0.234997    0.235006    0.235016     0.23503    0.235046    0.235064    0.235077    0.235067    0.234952    0.234413    0.232188    0.223299    0.188089   0.0489562
 0.00285566  0.00274683  0.00257364  0.00249539  0.00285275  0.00492047   0.0137159   0.0490445    0.189095    0.224445    0.233282    0.235413    0.235854    0.235874    0.235796    0.235699    0.235605    0.235517    0.235437    0.235364    0.235298    0.235238    0.235185    0.235138    0.235097    0.235062    0.235032    0.235007    0.234987    0.234972     0.23496    0.234945    0.234907     0.23476    0.234166    0.231798    0.222407    0.185278   0.0386287   0.0015016 -0.00788453  -0.0102458  -0.0108297  -0.0109654  -0.0109894   -0.010987  -0.0109796  -0.0109727  -0.0109675  -0.0109643  -0.0109631  -0.0109641  -0.0109671  -0.0109722  -0.0109795  -0.0109889  -0.0110004  -0.0110143  -0.0110304  -0.0110486  -0.0110676   -0.011082  -0.0110704  -0.0109478  -0.0103775 -0.00803066  0.00134034   0.0384515    0.185084    0.222195    0.231567    0.233915    0.234487    0.234611    0.234625    0.234613    0.234597    0.234582    0.234569     0.23456    0.234553    0.234549    0.234547    0.234548    0.234552    0.234559    0.234568     0.23458    0.234595    0.234613    0.234632    0.234647    0.234637    0.234516    0.233949    0.231608     0.22225    0.185184   0.0387164  0.00224041
 0.00344931  0.00340427  0.00331188  0.00362098  0.00562946   0.0143444   0.0495059    0.189038    0.224227    0.232996    0.235084     0.23549     0.23548    0.235373    0.235251    0.235132    0.235021     0.23492    0.234827    0.234743    0.234667    0.234598    0.234537    0.234482    0.234434    0.234392    0.234357    0.234327    0.234302    0.234281    0.234259    0.234213    0.234059    0.233459    0.231085    0.221688    0.184554   0.0378997 0.000768101  -0.0086222  -0.0109873  -0.0115748  -0.0117138   -0.011741  -0.0117415  -0.0117368  -0.0117323  -0.0117294  -0.0117284  -0.0117292   -0.011732  -0.0117368  -0.0117435  -0.0117522   -0.011763  -0.0117758  -0.0117909  -0.0118081  -0.0118273  -0.0118472  -0.0118625  -0.0118517  -0.0117298  -0.0111603 -0.00881404 0.000556368    0.037667    0.184299     0.22141    0.230781    0.233129      0.2337    0.233824    0.233837    0.233825    0.233809    0.233794    0.233781    0.233771    0.233764     0.23376    0.233758    0.233759    0.233763     0.23377    0.233779    0.233791    0.233807    0.233824    0.233843    0.233858    0.233848    0.233727    0.233159    0.230814    0.221443     0.18432   0.0376273 0.000263136  -0.0101234
  0.00452884    0.0046411   0.00492545   0.00684833    0.0154355    0.0503383      0.18909      0.22403     0.232689     0.234705     0.235052     0.234988     0.234833     0.234665     0.234504     0.234354     0.234217     0.234091     0.233975      0.23387     0.233774     0.233688      0.23361      0.23354     0.233478     0.233424     0.233376     0.233336       0.2333     0.233264     0.233205     0.233038     0.232428     0.230043     0.220637     0.183493    0.0368309  -0.00030849  -0.00970599   -0.0120778   -0.0126715   -0.0128163   -0.0128488   -0.0128543   -0.0128543   -0.0128541   -0.0128552   -0.0128579   -0.0128622   -0.0128682    -0.012876   -0.0128855   -0.0128968   -0.0129099    -0.012925   -0.0129422   -0.0129613   -0.0129823   -0.0130039   -0.0130207   -0.0130114   -0.0128909   -0.0123226  -0.00997755 -0.000608236    0.0365013     0.183132     0.220242     0.229613      0.23196      0.23253     0.232653     0.232666     0.232653     0.232636     0.232621     0.232608     0.232597      0.23259     0.232585     0.232583     0.232584     0.232587     0.232593     0.232602     0.232614     0.232629     0.232646     0.232665      0.23268     0.232669     0.232548      0.23198     0.229635     0.220266     0.183154    0.0365042 -0.000688689   -0.0103979   -0.0140965
 0.00654063  0.00716749  0.00903545   0.0174263    0.051909    0.189418     0.22395    0.232419    0.234307    0.234547    0.234387    0.234143    0.233893    0.233655    0.233435    0.233232    0.233044    0.232872    0.232714    0.232569    0.232437    0.232316    0.232207    0.232109     0.23202    0.231941    0.231871    0.231808    0.231746    0.231664    0.231476    0.230845    0.228441    0.219018    0.181858     0.03518 -0.00197349  -0.0113841  -0.0137681  -0.0143731  -0.0145284  -0.0145707  -0.0145852  -0.0145936  -0.0146013  -0.0146097  -0.0146192  -0.0146298  -0.0146417  -0.0146548  -0.0146694  -0.0146854  -0.0147029  -0.0147221   -0.014743  -0.0147657  -0.0147899  -0.0148145  -0.0148342  -0.0148275  -0.0147094  -0.0141435  -0.0118005 -0.00243318   0.0346746    0.181304    0.218412    0.227781    0.230127    0.230696    0.230818    0.230829    0.230816    0.230798    0.230781    0.230767    0.230756    0.230748    0.230742    0.230739    0.230739    0.230742    0.230748    0.230756    0.230767    0.230781    0.230798    0.230816     0.23083    0.230819    0.230698    0.230129    0.227784    0.218416    0.181307   0.0346731 -0.00245555  -0.0119091  -0.0145966  -0.0165278
  0.0104291   0.0128651   0.0210787   0.0548974    0.190395    0.224246    0.232383    0.234038    0.234081    0.233743    0.233334    0.232932    0.232553    0.232201    0.231876    0.231575    0.231297    0.231041    0.230805    0.230588     0.23039    0.230207    0.230041     0.22989    0.229752    0.229628    0.229514    0.229405    0.229279     0.22905    0.228382    0.225943    0.216487    0.179297   0.0325911 -0.00458846  -0.0140233  -0.0164298  -0.0170558  -0.0172306   -0.017291  -0.0173223  -0.0173463  -0.0173685  -0.0173904  -0.0174124  -0.0174346  -0.0174573  -0.0174806  -0.0175045  -0.0175292  -0.0175548  -0.0175815  -0.0176093  -0.0176385  -0.0176688   -0.017699  -0.0177239  -0.0177221  -0.0176085  -0.0170467  -0.0147077 -0.00534396   0.0317604    0.178386    0.215492    0.224858    0.227201    0.227768    0.227888    0.227897    0.227881    0.227862    0.227844    0.227828    0.227815    0.227806    0.227799    0.227795    0.227794    0.227795      0.2278    0.227807    0.227818    0.227831    0.227847    0.227864    0.227877    0.227865    0.227743    0.227173    0.224828    0.215459    0.178351   0.0317204 -0.00539208  -0.0147797   -0.017205  -0.0180988  -0.0195145
  0.0179502   0.0269334   0.0599968    0.192571     0.22539    0.232995    0.234264    0.233975    0.233337     0.23265     0.23199    0.231372    0.230798    0.230266    0.229773    0.229317    0.228896    0.228506    0.228146    0.227814    0.227509    0.227228     0.22697    0.226733    0.226517    0.226318     0.22613     0.22593    0.225632      0.2249    0.222402    0.212891     0.17565   0.0288965  -0.0083272  -0.0178031  -0.0202477   -0.020909  -0.0211167  -0.0212077  -0.0212674  -0.0213178  -0.0213646  -0.0214092  -0.0214524  -0.0214943  -0.0215353  -0.0215756  -0.0216153  -0.0216546  -0.0216939  -0.0217332  -0.0217729   -0.021813  -0.0218535  -0.0218932  -0.0219269  -0.0219332  -0.0218273  -0.0212725  -0.0189401 -0.00958247   0.0275162    0.174137    0.211238    0.220599    0.222938    0.223501    0.223617    0.223623    0.223604    0.223581     0.22356    0.223542    0.223527    0.223515    0.223506      0.2235    0.223497    0.223497      0.2235    0.223506    0.223515    0.223526    0.223541    0.223557    0.223569    0.223556    0.223433    0.222862    0.220516    0.211146    0.174037   0.0274067 -0.00970257   -0.019075  -0.0214376  -0.0220813   -0.022507  -0.0237296
 0.0347501   0.068318   0.196928   0.228247   0.235012    0.23564   0.234792   0.233642   0.232483   0.231385    0.23036   0.229407   0.228524   0.227704   0.226945   0.226241    0.22559   0.224987   0.224429   0.223913   0.223437   0.222998   0.222593    0.22222   0.221875   0.221552   0.221226   0.220812   0.219971   0.217373   0.207768    0.17044  0.0236058  -0.013693 -0.0232387 -0.0257481 -0.0264697 -0.0267334 -0.0268764 -0.0269845 -0.0270798 -0.0271682 -0.0272517 -0.0273309 -0.0274063 -0.0274784 -0.0275476 -0.0276141 -0.0276785 -0.0277409 -0.0278019 -0.0278616 -0.0279203 -0.0279781 -0.0280338 -0.0280825 -0.0281027 -0.0280097  -0.027467 -0.0251456 -0.0157984  0.0212906   0.167902   0.204995   0.214349    0.21668   0.217236   0.217346   0.217346   0.217322   0.217294   0.217269   0.217246   0.217227   0.217211   0.217199   0.217189   0.217183    0.21718   0.217181   0.217184    0.21719     0.2172   0.217213   0.217227   0.217237   0.217222   0.217097   0.216525   0.214177   0.204806   0.167695  0.0210644 -0.0160451 -0.0254149 -0.0277636 -0.0283488 -0.0285403 -0.0288349 -0.0299515
 0.0779548   0.203636   0.233479   0.239186   0.238912   0.237246   0.235342   0.233483   0.231734   0.230105   0.228592   0.227187   0.225883   0.224674   0.223552   0.222512   0.221548   0.220655   0.219828   0.219062   0.218354   0.217699   0.217094   0.216533    0.21601   0.215498   0.214911   0.213909   0.211161   0.201418   0.163961  0.0170067 -0.0204035 -0.0300526 -0.0326582 -0.0334692 -0.0338158 -0.0340359 -0.0342157 -0.0343776 -0.0345279 -0.0346689 -0.0348015 -0.0349266 -0.0350448 -0.0351568 -0.0352632 -0.0353646 -0.0354614 -0.0355543 -0.0356437 -0.0357301 -0.0358135 -0.0358931 -0.0359639 -0.0360047 -0.0359308 -0.0354059 -0.0331011 -0.0237692  0.0133055   0.159904   0.196984   0.206326   0.208647   0.209193   0.209294   0.209286   0.209253   0.209218   0.209186   0.209157   0.209132    0.20911   0.209093   0.209079   0.209068   0.209061   0.209057   0.209057    0.20906   0.209067   0.209076   0.209087   0.209095   0.209078    0.20895   0.208376   0.206026   0.196653   0.159541  0.0129082 -0.0242027 -0.0335732 -0.0359198 -0.0364923 -0.0366295 -0.0367058  -0.036956 -0.0379933
  -0.0493822   -0.0137629  -0.00465094  -0.00225895  -0.00157417   -0.0013264   -0.0011935  -0.00109353   -0.0010054 -0.000923437 -0.000845904 -0.000772065 -0.000701447 -0.000633654 -0.000568317 -0.000505075 -0.000443581 -0.000383487 -0.000324456  -0.00026617 -0.000208381 -0.000151131 -9.56065e-05 -4.75325e-05 -3.05725e-05 -0.000139231 -0.000747702  -0.00333436   -0.0137365   -0.0549994    -0.218099    -0.259365    -0.269773    -0.272369     -0.27299    -0.273114    -0.273116    -0.273089    -0.273059    -0.273031    -0.273006    -0.272985    -0.272967    -0.272952     -0.27294    -0.272932    -0.272927    -0.272925    -0.272926     -0.27293    -0.272936    -0.272946    -0.272957    -0.272964    -0.272946    -0.272817    -0.272241    -0.269889    -0.260513    -0.223398   -0.0767611   -0.0396458   -0.0302707   -0.0279195    -0.027345   -0.0272179   -0.0272018   -0.0272115   -0.0272256   -0.0272387   -0.0272495   -0.0272577   -0.0272634   -0.0272665   -0.0272671   -0.0272651   -0.0272606   -0.0272535   -0.0272438   -0.0272314   -0.0272163   -0.0271988     -0.02718   -0.0271654   -0.0271763   -0.0272979   -0.0278665   -0.0302114   -0.0395798   -0.0766879    -0.223317    -0.260424    -0.269791    -0.272133      -0.2727    -0.272821    -0.272843    -0.272885    -0.273108    -0.274062
 -0.0180103  -0.0096736 -0.00719872 -0.00623353 -0.00567379 -0.00523809  -0.0048536  -0.0045004 -0.00417209 -0.00386576 -0.00357949 -0.00331167 -0.00306084 -0.00282564  -0.0026048 -0.00239711 -0.00220145 -0.00201675 -0.00184201 -0.00167635 -0.00151919 -0.00137106 -0.00123665 -0.00113704 -0.00115792 -0.00163998 -0.00393044    -0.01335  -0.0509055   -0.199527   -0.237093   -0.246534   -0.248857   -0.249383   -0.249459   -0.249426    -0.24937   -0.249313    -0.24926   -0.249212   -0.249169   -0.249131   -0.249098   -0.249069   -0.249045   -0.249024   -0.249008   -0.248996   -0.248988   -0.248984   -0.248983   -0.248984   -0.248982   -0.248956   -0.248819   -0.248236   -0.245877   -0.236495   -0.199373   -0.052731  -0.0156106 -0.00623073 -0.00387521 -0.00329658 -0.00316572 -0.00314608  -0.0031525  -0.0031635 -0.00317373 -0.00318188 -0.00318767 -0.00319107 -0.00319207  -0.0031907 -0.00318693 -0.00318075 -0.00317212 -0.00316097 -0.00314725 -0.00313095  -0.0031123 -0.00309254 -0.00307697 -0.00308703 -0.00320778 -0.00377574 -0.00611994  -0.0154878  -0.0525954   -0.199224   -0.236331   -0.245697   -0.248039   -0.248605   -0.248723   -0.248732   -0.248726   -0.248759   -0.248963   -0.249848
  -0.0103267  -0.00797099  -0.00699306   -0.0063902  -0.00590655   -0.0054755  -0.00507856  -0.00470949  -0.00436529  -0.00404385  -0.00374337  -0.00346222  -0.00319888  -0.00295192  -0.00272001  -0.00250188  -0.00229634  -0.00210228  -0.00191872  -0.00174498  -0.00158147  -0.00143273  -0.00131946  -0.00132608  -0.00178847  -0.00403513    -0.013313   -0.0503375    -0.196889    -0.233926    -0.243228    -0.245511    -0.246022    -0.246091    -0.246052    -0.245991     -0.24593    -0.245873    -0.245821    -0.245774    -0.245733    -0.245696    -0.245665    -0.245637    -0.245615    -0.245596    -0.245582    -0.245572    -0.245566    -0.245563    -0.245563    -0.245559    -0.245531    -0.245393    -0.244809    -0.242449    -0.233065    -0.195943   -0.0493001   -0.0121789  -0.00279818 -0.000441946  0.000137345  0.000268816  0.000289029  0.000283135  0.000272613  0.000262832   0.00025509  0.000249673  0.000246622  0.000245929   0.00024759  0.000251614  0.000258026  0.000266868  0.000278199  0.000292078  0.000308518  0.000327289   0.00034715  0.000362792  0.000352797  0.000232081 -0.000335853  -0.00268006    -0.012048   -0.0491556    -0.195784    -0.232891    -0.242257      -0.2446    -0.245165    -0.245283    -0.245289    -0.245272     -0.24526    -0.245289     -0.24548    -0.246302
 -0.00797105  -0.00699313  -0.00639028  -0.00590662  -0.00547557  -0.00507862  -0.00470955  -0.00436535   -0.0040439  -0.00374341  -0.00346226  -0.00319892  -0.00295197  -0.00272005  -0.00250192  -0.00229638  -0.00210232  -0.00191876  -0.00174502  -0.00158151  -0.00143276  -0.00131949  -0.00132611   -0.0017885  -0.00403516    -0.013313   -0.0503375    -0.196889    -0.233926    -0.243228    -0.245511    -0.246022    -0.246091    -0.246052    -0.245991     -0.24593    -0.245873    -0.245821    -0.245774    -0.245733    -0.245696    -0.245665    -0.245637    -0.245615    -0.245596    -0.245582    -0.245572    -0.245566    -0.245563    -0.245563    -0.245559    -0.245531    -0.245393    -0.244809    -0.242449    -0.233066    -0.195943   -0.0493003   -0.0121791  -0.00279843 -0.000442209  0.000137063  0.000268512  0.000288702  0.000282782  0.000272233  0.000262422  0.000254649  0.000249199  0.000246111  0.000245379  0.000246997  0.000250975  0.000257338  0.000266127  0.000277401  0.000291218  0.000307592  0.000326292  0.000346075  0.000361634   0.00035155  0.000230737   -0.0003373  -0.00268161   -0.0120496   -0.0491574    -0.195786    -0.232893     -0.24226    -0.244602    -0.245168    -0.245285    -0.245291    -0.245272     -0.24525    -0.245238    -0.245265    -0.245442    -0.246208
 -0.00699319  -0.00639035  -0.00590668  -0.00547563  -0.00507868  -0.00470961   -0.0043654  -0.00404395  -0.00374346  -0.00346231  -0.00319897  -0.00295201  -0.00272009  -0.00250196  -0.00229641  -0.00210235  -0.00191879  -0.00174505  -0.00158154  -0.00143279  -0.00131952  -0.00132614  -0.00178853  -0.00403519    -0.013313   -0.0503376    -0.196889    -0.233926    -0.243228    -0.245511    -0.246022    -0.246091    -0.246052    -0.245991     -0.24593    -0.245873    -0.245821    -0.245774    -0.245733    -0.245696    -0.245665    -0.245638    -0.245615    -0.245596    -0.245582    -0.245572    -0.245566    -0.245563    -0.245563     -0.24556    -0.245532    -0.245394    -0.244809    -0.242449    -0.233066    -0.195943   -0.0493005   -0.0121793  -0.00279864 -0.000442435  0.000136819   0.00026825  0.000288419  0.000282478  0.000271906   0.00026207   0.00025427  0.000248789   0.00024567  0.000244904  0.000246486  0.000250425  0.000256745  0.000265489  0.000276713  0.000290477  0.000306793  0.000325432  0.000345149  0.000360637  0.000350476   0.00022958 -0.000338547  -0.00268296   -0.0120511   -0.0491589    -0.195788    -0.232895    -0.242262    -0.244604     -0.24517    -0.245288    -0.245294    -0.245274     -0.24525    -0.245228    -0.245216    -0.245242    -0.245407     -0.24612
  -0.0063904  -0.00590675   -0.0054757  -0.00507874  -0.00470967  -0.00436545    -0.004044  -0.00374351  -0.00346235  -0.00319901  -0.00295205  -0.00272013  -0.00250199  -0.00229645  -0.00210239  -0.00191882  -0.00174508  -0.00158157  -0.00143282  -0.00131955  -0.00132617  -0.00178856  -0.00403522   -0.0133131   -0.0503376    -0.196889    -0.233926    -0.243228    -0.245511    -0.246022    -0.246091    -0.246052    -0.245991     -0.24593    -0.245873    -0.245821    -0.245774    -0.245733    -0.245696    -0.245665    -0.245638    -0.245615    -0.245596    -0.245582    -0.245572    -0.245566    -0.245563    -0.245563     -0.24556    -0.245532    -0.245394    -0.244809    -0.242449    -0.233066    -0.195943   -0.0493006   -0.0121795  -0.00279882  -0.00044263  0.000136609  0.000268023  0.000288175  0.000282215  0.000271623  0.000261766  0.000253942  0.000248437   0.00024529  0.000244495  0.000246046   0.00024995  0.000256234  0.000264938   0.00027612  0.000289839  0.000306105  0.000324691  0.000344351  0.000359777   0.00034955  0.000228582 -0.000339621  -0.00268411   -0.0120523   -0.0491603    -0.195789    -0.232896    -0.242263    -0.244606    -0.245172     -0.24529    -0.245296    -0.245276    -0.245251    -0.245228    -0.245207    -0.245197    -0.245221    -0.245375    -0.246038
  -0.0059068  -0.00547576   -0.0050788  -0.00470972  -0.00436551  -0.00404405  -0.00374356   -0.0034624  -0.00319905  -0.00295209  -0.00272017  -0.00250203  -0.00229648  -0.00210242  -0.00191885  -0.00174511   -0.0015816  -0.00143285  -0.00131958  -0.00132619  -0.00178859  -0.00403524   -0.0133131   -0.0503376    -0.196889    -0.233926    -0.243228    -0.245511    -0.246022    -0.246091    -0.246052    -0.245991     -0.24593    -0.245873    -0.245821    -0.245774    -0.245733    -0.245696    -0.245665    -0.245638    -0.245615    -0.245596    -0.245582    -0.245572    -0.245566    -0.245563    -0.245563     -0.24556    -0.245532    -0.245394    -0.244809    -0.242449    -0.233066    -0.195944   -0.0493008   -0.0121796  -0.00279897 -0.000442799  0.000136428  0.000267828  0.000287965  0.000281989   0.00027138  0.000261503   0.00025366  0.000248133  0.000244963  0.000244142  0.000245666  0.000249541  0.000255793  0.000264464  0.000275609  0.000289288  0.000305513  0.000324052  0.000343663  0.000359036  0.000348751  0.000227722 -0.000340548  -0.00268511   -0.0120534   -0.0491614     -0.19579    -0.232898    -0.242265    -0.244608    -0.245173    -0.245291    -0.245298    -0.245278    -0.245254    -0.245229    -0.245207    -0.245188    -0.245179    -0.245201    -0.245345    -0.245962
  -0.0054758  -0.00507886  -0.00470978  -0.00436556   -0.0040441  -0.00374361  -0.00346244  -0.00319909  -0.00295213  -0.00272021  -0.00250206  -0.00229652  -0.00210245  -0.00191888  -0.00174514  -0.00158163  -0.00143288   -0.0013196  -0.00132622  -0.00178861  -0.00403527   -0.0133131   -0.0503376    -0.196889    -0.233926    -0.243228    -0.245511    -0.246022    -0.246091    -0.246052    -0.245991     -0.24593    -0.245873    -0.245821    -0.245774    -0.245733    -0.245697    -0.245665    -0.245638    -0.245615    -0.245596    -0.245582    -0.245572    -0.245566    -0.245563    -0.245563     -0.24556    -0.245532    -0.245394    -0.244809    -0.242449    -0.233066    -0.195944   -0.0493009   -0.0121797  -0.00279911 -0.000442944  0.000136271   0.00026766  0.000287784  0.000281794   0.00027117  0.000261277  0.000253416  0.000247871  0.000244681  0.000243839  0.000245339  0.000249189  0.000255413  0.000264055  0.000275169  0.000288814  0.000305002  0.000323502   0.00034307  0.000358397  0.000348064  0.000226981 -0.000341346  -0.00268597   -0.0120543   -0.0491624    -0.195791    -0.232899    -0.242266    -0.244609    -0.245175    -0.245293      -0.2453     -0.24528    -0.245255    -0.245231    -0.245209    -0.245188    -0.245171    -0.245163    -0.245184    -0.245318    -0.245892
  -0.0050789  -0.00470983  -0.00436561  -0.00404415  -0.00374365  -0.00346249  -0.00319913  -0.00295217  -0.00272024   -0.0025021  -0.00229655  -0.00210248  -0.00191891  -0.00174517  -0.00158165  -0.00143291  -0.00131963  -0.00132624  -0.00178863  -0.00403529   -0.0133131   -0.0503377    -0.196889    -0.233926    -0.243228    -0.245511    -0.246022    -0.246091    -0.246052    -0.245991     -0.24593    -0.245873    -0.245821    -0.245774    -0.245733    -0.245697    -0.245665    -0.245638    -0.245615    -0.245597    -0.245582    -0.245572    -0.245566    -0.245564    -0.245563     -0.24556    -0.245532    -0.245394    -0.244809    -0.242449    -0.233066    -0.195944    -0.049301   -0.0121798  -0.00279923 -0.000443069  0.000136136  0.000267515  0.000287628  0.000281626  0.000270989  0.000261083  0.000253207  0.000247645  0.000244437  0.000243577  0.000245057  0.000248885  0.000255086  0.000263702  0.000274789  0.000288405  0.000304561  0.000323028  0.000342559  0.000357847  0.000347471  0.000226343 -0.000342034  -0.00268671   -0.0120551   -0.0491633    -0.195792      -0.2329    -0.242267     -0.24461    -0.245176    -0.245294    -0.245301    -0.245282    -0.245257    -0.245233     -0.24521     -0.24519    -0.245171    -0.245155    -0.245148    -0.245168    -0.245292    -0.245827
 -0.00470987  -0.00436566   -0.0040442   -0.0037437  -0.00346253  -0.00319917   -0.0029522  -0.00272028  -0.00250213  -0.00229658  -0.00210251  -0.00191894  -0.00174519  -0.00158168  -0.00143293  -0.00131965  -0.00132627  -0.00178866  -0.00403531   -0.0133131   -0.0503377    -0.196889    -0.233926    -0.243228    -0.245511    -0.246022    -0.246091    -0.246052    -0.245991     -0.24593    -0.245873    -0.245821    -0.245774    -0.245733    -0.245697    -0.245665    -0.245638    -0.245615    -0.245597    -0.245582    -0.245572    -0.245566    -0.245564    -0.245563     -0.24556    -0.245532    -0.245394     -0.24481    -0.242449    -0.233066    -0.195944   -0.0493011   -0.0121799  -0.00279933 -0.000443178   0.00013602   0.00026739  0.000287493  0.000281481  0.000270833  0.000260915  0.000253026   0.00024745  0.000244228  0.000243351  0.000244813  0.000248623  0.000254804  0.000263399  0.000274462  0.000288053  0.000304182  0.000322619  0.000342119  0.000357373   0.00034696  0.000225792 -0.000342626  -0.00268735   -0.0120558    -0.049164    -0.195793    -0.232901    -0.242268    -0.244611    -0.245177    -0.245295    -0.245302    -0.245283    -0.245259    -0.245235    -0.245212    -0.245191    -0.245172    -0.245155    -0.245141    -0.245134    -0.245153    -0.245269    -0.245767
  -0.0043657  -0.00404425  -0.00374375  -0.00346257  -0.00319922  -0.00295224  -0.00272031  -0.00250217  -0.00229661  -0.00210254  -0.00191897  -0.00174522   -0.0015817  -0.00143296  -0.00131968  -0.00132629  -0.00178868  -0.00403534   -0.0133132   -0.0503377     -0.19689    -0.233926    -0.243228    -0.245511    -0.246023    -0.246091    -0.246052    -0.245992     -0.24593    -0.245873    -0.245821    -0.245774    -0.245733    -0.245697    -0.245665    -0.245638    -0.245615    -0.245597    -0.245582    -0.245572    -0.245566    -0.245564    -0.245563     -0.24556    -0.245532    -0.245394     -0.24481     -0.24245    -0.233066    -0.195944   -0.0493012     -0.01218  -0.00279941 -0.000443271   0.00013592  0.000267281  0.000287377  0.000281356  0.000270698   0.00026077   0.00025287  0.000247282  0.000244047  0.000243156  0.000244604  0.000248397  0.000254561  0.000263137   0.00027418  0.000287749  0.000303855  0.000322266  0.000341739  0.000356964   0.00034652  0.000225318 -0.000343137   -0.0026879   -0.0120564   -0.0491647    -0.195794    -0.232901    -0.242269    -0.244612    -0.245178    -0.245296    -0.245303    -0.245284     -0.24526    -0.245236    -0.245213    -0.245193    -0.245174    -0.245156    -0.245141    -0.245128    -0.245122    -0.245139    -0.245248    -0.245711
 -0.00404428  -0.00374379  -0.00346262  -0.00319926  -0.00295228  -0.00272035   -0.0025022  -0.00229665  -0.00210257    -0.001919  -0.00174525  -0.00158173  -0.00143298   -0.0013197  -0.00132631   -0.0017887  -0.00403536   -0.0133132   -0.0503377     -0.19689    -0.233926    -0.243228    -0.245511    -0.246023    -0.246091    -0.246052    -0.245992     -0.24593    -0.245873    -0.245821    -0.245774    -0.245733    -0.245697    -0.245665    -0.245638    -0.245615    -0.245597    -0.245582    -0.245572    -0.245566    -0.245564    -0.245563     -0.24556    -0.245532    -0.245394     -0.24481     -0.24245    -0.233066    -0.195944   -0.0493012   -0.0121801  -0.00279949 -0.000443352  0.000135833  0.000267188  0.000287277  0.000281248  0.000270582  0.000260645  0.000252735  0.000247137  0.000243891  0.000242988  0.000244423  0.000248203  0.000254352  0.000262911  0.000273937  0.000287487  0.000303573  0.000321963  0.000341412  0.000356612   0.00034614  0.000224909 -0.000343578  -0.00268838   -0.0120569   -0.0491652    -0.195794    -0.232902    -0.242269    -0.244613    -0.245179    -0.245297    -0.245304    -0.245285    -0.245261    -0.245237    -0.245215    -0.245194    -0.245175    -0.245158    -0.245142    -0.245128    -0.245116     -0.24511    -0.245127    -0.245228    -0.245659
 -0.00374382  -0.00346266   -0.0031993  -0.00295232  -0.00272039  -0.00250224  -0.00229668   -0.0021026  -0.00191903  -0.00174527  -0.00158176    -0.001433  -0.00131972  -0.00132633  -0.00178872  -0.00403538   -0.0133132   -0.0503377     -0.19689    -0.233926    -0.243228    -0.245511    -0.246023    -0.246091    -0.246052    -0.245992     -0.24593    -0.245873    -0.245821    -0.245774    -0.245733    -0.245697    -0.245665    -0.245638    -0.245615    -0.245597    -0.245582    -0.245572    -0.245566    -0.245564    -0.245563     -0.24556    -0.245532    -0.245394     -0.24481     -0.24245    -0.233066    -0.195944   -0.0493013   -0.0121801  -0.00279955 -0.000443421  0.000135758  0.000267108   0.00028719  0.000281155  0.000270482  0.000260537  0.000252619  0.000247012  0.000243757  0.000242844  0.000244267  0.000248035  0.000254171  0.000262717  0.000273727  0.000287261   0.00030333  0.000321701   0.00034113  0.000356308  0.000345813  0.000224557 -0.000343957  -0.00268878   -0.0120574   -0.0491657    -0.195795    -0.232903     -0.24227    -0.244613     -0.24518    -0.245298    -0.245305    -0.245286    -0.245262    -0.245238    -0.245216    -0.245195    -0.245176    -0.245159    -0.245143    -0.245129    -0.245116    -0.245105      -0.2451    -0.245116     -0.24521    -0.245611
 -0.00346269  -0.00319933  -0.00295236  -0.00272042  -0.00250227  -0.00229671  -0.00210263  -0.00191905   -0.0017453  -0.00158178  -0.00143303  -0.00131974  -0.00132635  -0.00178874  -0.00403539   -0.0133132   -0.0503378     -0.19689    -0.233926    -0.243228    -0.245511    -0.246023    -0.246091    -0.246052    -0.245992     -0.24593    -0.245873    -0.245821    -0.245775    -0.245733    -0.245697    -0.245665    -0.245638    -0.245615    -0.245597    -0.245582    -0.245572    -0.245566    -0.245564    -0.245563     -0.24556    -0.245532    -0.245394     -0.24481     -0.24245    -0.233067    -0.195944   -0.0493013   -0.0121802  -0.00279961 -0.000443481  0.000135693  0.000267038  0.000287116  0.000281075  0.000270396  0.000260444  0.000252519  0.000246905  0.000243641  0.000242719  0.000244133   0.00024789  0.000254015  0.000262549  0.000273547  0.000287067   0.00030312  0.000321475  0.000340887  0.000356046  0.000345531  0.000224254 -0.000344284  -0.00268914   -0.0120577   -0.0491661    -0.195795    -0.232903    -0.242271    -0.244614     -0.24518    -0.245299    -0.245306    -0.245287    -0.245263    -0.245239    -0.245217    -0.245196    -0.245177     -0.24516    -0.245144     -0.24513    -0.245117    -0.245105    -0.245095    -0.245091    -0.245105    -0.245193    -0.245567
 -0.00319936  -0.00295239  -0.00272046   -0.0025023  -0.00229674  -0.00210266  -0.00191908  -0.00174533   -0.0015818  -0.00143305  -0.00131976  -0.00132637  -0.00178876  -0.00403541   -0.0133132   -0.0503378     -0.19689    -0.233926    -0.243228    -0.245511    -0.246023    -0.246091    -0.246052    -0.245992     -0.24593    -0.245873    -0.245821    -0.245775    -0.245733    -0.245697    -0.245665    -0.245638    -0.245615    -0.245597    -0.245582    -0.245572    -0.245566    -0.245564    -0.245564     -0.24556    -0.245532    -0.245394     -0.24481     -0.24245    -0.233067    -0.195944   -0.0493014   -0.0121802  -0.00279966 -0.000443533  0.000135638  0.000266978  0.000287051  0.000281006  0.000270321  0.000260364  0.000252433  0.000246812  0.000243541  0.000242611  0.000244017  0.000247766  0.000253881  0.000262404  0.000273391  0.000286899   0.00030294  0.000321281  0.000340678  0.000355821  0.000345288  0.000223992 -0.000344566  -0.00268944   -0.0120581   -0.0491664    -0.195796    -0.232903    -0.242271    -0.244614    -0.245181    -0.245299    -0.245306    -0.245287    -0.245263     -0.24524    -0.245218    -0.245197    -0.245178    -0.245161    -0.245145    -0.245131    -0.245118    -0.245106    -0.245095    -0.245086    -0.245082    -0.245096    -0.245178    -0.245525
 -0.00295242  -0.00272049  -0.00250233  -0.00229677  -0.00210269  -0.00191911  -0.00174535  -0.00158183  -0.00143307  -0.00131979  -0.00132639  -0.00178878  -0.00403543   -0.0133133   -0.0503378     -0.19689    -0.233926    -0.243228    -0.245511    -0.246023    -0.246091    -0.246052    -0.245992     -0.24593    -0.245873    -0.245821    -0.245775    -0.245733    -0.245697    -0.245665    -0.245638    -0.245615    -0.245597    -0.245582    -0.245572    -0.245566    -0.245564    -0.245564     -0.24556    -0.245532    -0.245394     -0.24481     -0.24245    -0.233067    -0.195944   -0.0493014   -0.0121803   -0.0027997 -0.000443578  0.000135589  0.000266927  0.000286995  0.000280946  0.000270257  0.000260294  0.000252358  0.000246732  0.000243454  0.000242518  0.000243917  0.000247658  0.000253765   0.00026228  0.000273257  0.000286755  0.000302784  0.000321113  0.000340498  0.000355626  0.000345079  0.000223766 -0.000344809   -0.0026897   -0.0120583   -0.0491667    -0.195796    -0.232904    -0.242271    -0.244615    -0.245181      -0.2453    -0.245307    -0.245288    -0.245264     -0.24524    -0.245218    -0.245198    -0.245179    -0.245162    -0.245146    -0.245132    -0.245119    -0.245107    -0.245096    -0.245086    -0.245077    -0.245074    -0.245087    -0.245163    -0.245487
 -0.00272052  -0.00250237   -0.0022968  -0.00210272  -0.00191914  -0.00174538  -0.00158185  -0.00143309  -0.00131981  -0.00132641   -0.0017888  -0.00403545   -0.0133133   -0.0503378     -0.19689    -0.233926    -0.243228    -0.245511    -0.246023    -0.246091    -0.246052    -0.245992     -0.24593    -0.245873    -0.245821    -0.245775    -0.245733    -0.245697    -0.245665    -0.245638    -0.245615    -0.245597    -0.245582    -0.245572    -0.245566    -0.245564    -0.245564     -0.24556    -0.245532    -0.245394     -0.24481     -0.24245    -0.233067    -0.195944   -0.0493014   -0.0121803  -0.00279974 -0.000443617  0.000135548  0.000266882  0.000286947  0.000280894  0.000270201  0.000260235  0.000252294  0.000246663   0.00024338  0.000242438  0.000243831  0.000247565  0.000253665  0.000262172  0.000273141   0.00028663   0.00030265  0.000320969  0.000340342  0.000355459  0.000344898  0.000223572 -0.000345018  -0.00268993   -0.0120586    -0.049167    -0.195796    -0.232904    -0.242272    -0.244615    -0.245182      -0.2453    -0.245307    -0.245288    -0.245264    -0.245241    -0.245219    -0.245199     -0.24518    -0.245163    -0.245147    -0.245133     -0.24512    -0.245108    -0.245097    -0.245086    -0.245077     -0.24507    -0.245067    -0.245079     -0.24515    -0.245452
 -0.00250239  -0.00229683  -0.00210275  -0.00191916   -0.0017454  -0.00158188  -0.00143312  -0.00131983  -0.00132643  -0.00178882  -0.00403547   -0.0133133   -0.0503378     -0.19689    -0.233926    -0.243228    -0.245511    -0.246023    -0.246091    -0.246052    -0.245992     -0.24593    -0.245873    -0.245821    -0.245775    -0.245733    -0.245697    -0.245665    -0.245638    -0.245615    -0.245597    -0.245583    -0.245572    -0.245566    -0.245564    -0.245564     -0.24556    -0.245532    -0.245394     -0.24481     -0.24245    -0.233067    -0.195944   -0.0493015   -0.0121803  -0.00279977 -0.000443651  0.000135512  0.000266843  0.000286906  0.000280849  0.000270153  0.000260183  0.000252239  0.000246603  0.000243316  0.000242369  0.000243757  0.000247485  0.000253579  0.000262079  0.000273041  0.000286523  0.000302534  0.000320844  0.000340208  0.000355314  0.000344743  0.000223404 -0.000345199  -0.00269012   -0.0120588   -0.0491672    -0.195796    -0.232904    -0.242272    -0.244615    -0.245182      -0.2453    -0.245308    -0.245289    -0.245265    -0.245241    -0.245219    -0.245199    -0.245181    -0.245163    -0.245148    -0.245134     -0.24512    -0.245108    -0.245097    -0.245087    -0.245078     -0.24507    -0.245063     -0.24506    -0.245072    -0.245138    -0.245419
 -0.00229685  -0.00210278  -0.00191919  -0.00174543   -0.0015819  -0.00143314  -0.00131985  -0.00132645  -0.00178884  -0.00403548   -0.0133133   -0.0503378     -0.19689    -0.233926    -0.243228    -0.245511    -0.246023    -0.246091    -0.246052    -0.245992     -0.24593    -0.245873    -0.245821    -0.245775    -0.245733    -0.245697    -0.245665    -0.245638    -0.245615    -0.245597    -0.245583    -0.245572    -0.245566    -0.245564    -0.245564     -0.24556    -0.245532    -0.245394     -0.24481     -0.24245    -0.233067    -0.195944   -0.0493015   -0.0121804  -0.00279979  -0.00044368   0.00013548  0.000266809   0.00028687  0.000280811  0.000270112  0.000260139  0.000252191  0.000246551   0.00024326   0.00024231  0.000243693  0.000247416  0.000253505     0.000262  0.000272955   0.00028643  0.000302434  0.000320737  0.000340092   0.00035519  0.000344609   0.00022326 -0.000345354  -0.00269029    -0.012059   -0.0491674    -0.195797    -0.232905    -0.242272    -0.244616    -0.245182    -0.245301    -0.245308    -0.245289    -0.245265    -0.245242     -0.24522      -0.2452    -0.245181    -0.245164    -0.245148    -0.245134    -0.245121    -0.245109    -0.245098    -0.245088    -0.245079    -0.245071    -0.245063    -0.245057    -0.245055    -0.245066    -0.245127    -0.245388
  -0.0021028  -0.00191921  -0.00174545  -0.00158192  -0.00143316  -0.00131987  -0.00132647  -0.00178885   -0.0040355   -0.0133133   -0.0503378     -0.19689    -0.233926    -0.243228    -0.245511    -0.246023    -0.246091    -0.246052    -0.245992     -0.24593    -0.245873    -0.245821    -0.245775    -0.245733    -0.245697    -0.245665    -0.245638    -0.245615    -0.245597    -0.245583    -0.245572    -0.245566    -0.245564    -0.245564     -0.24556    -0.245532    -0.245394     -0.24481     -0.24245    -0.233067    -0.195944   -0.0493015   -0.0121804  -0.00279982 -0.000443705  0.000135453   0.00026678  0.000286839  0.000280777  0.000270076    0.0002601  0.000252149  0.000246507  0.000243213  0.000242258  0.000243637  0.000247357  0.000253441  0.000261931  0.000272881   0.00028635  0.000302348  0.000320644  0.000339993  0.000355083  0.000344493  0.000223136 -0.000345488  -0.00269043   -0.0120591   -0.0491676    -0.195797    -0.232905    -0.242272    -0.244616    -0.245182    -0.245301    -0.245308    -0.245289    -0.245266    -0.245242     -0.24522      -0.2452    -0.245181    -0.245165    -0.245149    -0.245135    -0.245122     -0.24511    -0.245099    -0.245089     -0.24508    -0.245071    -0.245064    -0.245057    -0.245051    -0.245049    -0.245059    -0.245117     -0.24536
 -0.00191923  -0.00174548  -0.00158195  -0.00143318  -0.00131989  -0.00132649  -0.00178887  -0.00403552   -0.0133133   -0.0503379     -0.19689    -0.233926    -0.243228    -0.245511    -0.246023    -0.246091    -0.246052    -0.245992     -0.24593    -0.245873    -0.245821    -0.245775    -0.245733    -0.245697    -0.245665    -0.245638    -0.245615    -0.245597    -0.245583    -0.245572    -0.245566    -0.245564    -0.245564     -0.24556    -0.245532    -0.245394     -0.24481     -0.24245    -0.233067    -0.195944   -0.0493015   -0.0121804  -0.00279984 -0.000443727   0.00013543  0.000266755  0.000286812  0.000280748  0.000270045  0.000260067  0.000252114  0.000246469  0.000243171  0.000242214   0.00024359  0.000247306  0.000253386  0.000261871  0.000272817  0.000286281  0.000302274  0.000320565  0.000339907   0.00035499  0.000344394  0.000223028 -0.000345604  -0.00269056   -0.0120593   -0.0491677    -0.195797    -0.232905    -0.242273    -0.244616    -0.245183    -0.245301    -0.245309     -0.24529    -0.245266    -0.245242     -0.24522      -0.2452    -0.245182    -0.245165    -0.245149    -0.245135    -0.245122     -0.24511      -0.2451     -0.24509     -0.24508    -0.245072    -0.245064    -0.245057    -0.245051    -0.245046    -0.245044    -0.245054    -0.245108    -0.245334
  -0.0020039  -0.00188747  -0.00173358  -0.00160315  -0.00159068  -0.00203455  -0.00426379   -0.0135254   -0.0505348    -0.197073    -0.234096    -0.243386    -0.245658    -0.246159    -0.246217     -0.24617    -0.246101    -0.246031    -0.245967    -0.245908    -0.245856    -0.245808    -0.245766     -0.24573    -0.245698    -0.245671    -0.245648     -0.24563    -0.245617    -0.245608    -0.245602    -0.245599    -0.245593    -0.245563    -0.245423    -0.244836    -0.242474    -0.233089    -0.195965   -0.0493211   -0.0121986  -0.00281686 -0.000459647  0.000120494  0.000252696  0.000273523  0.000268126  0.000257985  0.000248468  0.000240873  0.000235482  0.000232333  0.000231415  0.000232718  0.000236244  0.000242012  0.000250057  0.000260426  0.000273168  0.000288284  0.000305532  0.000323653  0.000337323  0.000325105  0.000201892 -0.000368831  -0.00271614   -0.0120875   -0.0491989    -0.195832    -0.232943    -0.242315    -0.244663    -0.245234    -0.245359    -0.245372     -0.24536    -0.245344    -0.245328    -0.245316    -0.245305    -0.245298    -0.245293    -0.245291    -0.245291    -0.245294      -0.2453    -0.245308    -0.245319    -0.245332    -0.245349    -0.245366     -0.24538     -0.24537    -0.245254    -0.244715    -0.242491    -0.233602    -0.198392   -0.0592594
 -0.00188522  -0.00173093  -0.00160054  -0.00158823  -0.00203227  -0.00426168   -0.0135234    -0.050533    -0.197071    -0.234095    -0.243385    -0.245657    -0.246158    -0.246216    -0.246169      -0.2461    -0.246031    -0.245966    -0.245908    -0.245855    -0.245808    -0.245766    -0.245729    -0.245698    -0.245671    -0.245648     -0.24563    -0.245617    -0.245607    -0.245602    -0.245599    -0.245593    -0.245563    -0.245423    -0.244836    -0.242474     -0.23309    -0.195966   -0.0493215   -0.0121991  -0.00281738 -0.000460236   0.00011984  0.000251972  0.000272726  0.000267251  0.000257029  0.000247426  0.000239739   0.00023425  0.000230997  0.000229968  0.000231152  0.000234552  0.000240185  0.000248085    0.0002583  0.000270876  0.000285815  0.000302872   0.00032079  0.000334241  0.000321788  0.000198325 -0.000372669  -0.00272027   -0.0120919   -0.0492037    -0.195837    -0.232949    -0.242321    -0.244669    -0.245241    -0.245366     -0.24538    -0.245368    -0.245353    -0.245338    -0.245326    -0.245317     -0.24531    -0.245306    -0.245305    -0.245306     -0.24531    -0.245317    -0.245327    -0.245339    -0.245354    -0.245372    -0.245391    -0.245406    -0.245396    -0.245275    -0.244708    -0.242367     -0.23301    -0.195944   -0.0494761   -0.0130006
 -0.00173027  -0.00159976  -0.00158746  -0.00203154    -0.004261   -0.0135228   -0.0505324     -0.19707    -0.234094    -0.243384    -0.245656    -0.246157    -0.246216    -0.246168    -0.246099     -0.24603    -0.245966    -0.245907    -0.245855    -0.245808    -0.245766    -0.245729    -0.245697     -0.24567    -0.245648     -0.24563    -0.245617    -0.245607    -0.245602    -0.245599    -0.245593    -0.245563    -0.245423    -0.244836    -0.242474     -0.23309    -0.195966   -0.0493215   -0.0121991  -0.00281741 -0.000460272  0.000119794  0.000251917   0.00027266  0.000267176  0.000256944  0.000247329  0.000239631   0.00023413  0.000230864  0.000229822  0.000230993  0.000234379  0.000239997  0.000247881  0.000258078  0.000270637  0.000285556  0.000302593  0.000320489  0.000333917   0.00032144   0.00019795 -0.000373072   -0.0027207   -0.0120924   -0.0492042    -0.195837    -0.232949    -0.242321     -0.24467    -0.245242    -0.245367    -0.245381    -0.245369    -0.245354    -0.245339    -0.245327    -0.245318    -0.245311    -0.245307    -0.245306    -0.245308    -0.245312    -0.245319    -0.245328    -0.245341    -0.245356    -0.245374    -0.245393    -0.245409    -0.245398    -0.245278     -0.24471    -0.242365    -0.232994    -0.195871   -0.0491788   -0.0118149  -0.00142905
 -0.00159951  -0.00158716  -0.00203125  -0.00426073   -0.0135226   -0.0505322     -0.19707    -0.234094    -0.243384    -0.245656    -0.246157    -0.246216    -0.246168    -0.246099     -0.24603    -0.245966    -0.245907    -0.245855    -0.245807    -0.245766    -0.245729    -0.245697     -0.24567    -0.245648     -0.24563    -0.245617    -0.245607    -0.245602    -0.245599    -0.245593    -0.245563    -0.245423    -0.244836    -0.242474     -0.23309    -0.195966   -0.0493214    -0.012199  -0.00281733 -0.000460194  0.000119875  0.000252001  0.000272749  0.000267269  0.000257042  0.000247433  0.000239741  0.000234248   0.00023099  0.000229956  0.000231136  0.000234531   0.00024016  0.000248056  0.000258266  0.000270839  0.000285773  0.000302827   0.00032074  0.000334187  0.000321731  0.000198263 -0.000372735  -0.00272034    -0.012092   -0.0492038    -0.195837    -0.232949    -0.242321    -0.244669    -0.245241    -0.245366     -0.24538    -0.245369    -0.245353    -0.245338    -0.245326    -0.245317     -0.24531    -0.245306    -0.245305    -0.245306     -0.24531    -0.245317    -0.245327    -0.245339    -0.245354    -0.245372    -0.245391    -0.245406    -0.245396    -0.245275    -0.244707    -0.242363    -0.232994    -0.195882   -0.0492326   -0.0120399  -0.00233117   0.00136639
 -0.00158702  -0.00203108  -0.00426056   -0.0135224    -0.050532     -0.19707    -0.234094    -0.243384    -0.245656    -0.246157    -0.246216    -0.246168    -0.246099     -0.24603    -0.245966    -0.245907    -0.245854    -0.245807    -0.245766    -0.245729    -0.245697     -0.24567    -0.245648     -0.24563    -0.245616    -0.245607    -0.245602    -0.245599    -0.245593    -0.245563    -0.245423    -0.244836    -0.242474    -0.233089    -0.195966   -0.0493213    -0.012199  -0.00281724 -0.000460101  0.000119973  0.000252105   0.00027286  0.000267387  0.000257168  0.000247567  0.000239885  0.000234401  0.000231154  0.000230132  0.000231325  0.000234734  0.000240378   0.00024829  0.000258518  0.000271109  0.000286064  0.000303139  0.000321076  0.000334549   0.00032212  0.000198682 -0.000372283  -0.00271985   -0.0120915   -0.0492032    -0.195836    -0.232948     -0.24232    -0.244669    -0.245241    -0.245365    -0.245379    -0.245368    -0.245352    -0.245337    -0.245325    -0.245315    -0.245309    -0.245305    -0.245303    -0.245304    -0.245308    -0.245315    -0.245324    -0.245336    -0.245351    -0.245369    -0.245388    -0.245403    -0.245392    -0.245271    -0.244703    -0.242359    -0.232991    -0.195882   -0.0492489   -0.0121207  -0.00266764  1.91712e-05   0.00194863
 -0.00203097  -0.00426043   -0.0135223   -0.0505319     -0.19707    -0.234094    -0.243384    -0.245656    -0.246157    -0.246215    -0.246168    -0.246099     -0.24603    -0.245966    -0.245907    -0.245854    -0.245807    -0.245766    -0.245729    -0.245697     -0.24567    -0.245648     -0.24563    -0.245616    -0.245607    -0.245602    -0.245599    -0.245593    -0.245563    -0.245422    -0.244836    -0.242474    -0.233089    -0.195965   -0.0493213   -0.0121989  -0.00281716 -0.000460015  0.000120065  0.000252203  0.000272964  0.000267498  0.000257286  0.000247694   0.00024002  0.000234546  0.000231309  0.000230299  0.000231504  0.000234926  0.000240584  0.000248511  0.000258755  0.000271365  0.000286339  0.000303435  0.000321395  0.000334892  0.000322489  0.000199079 -0.000371855  -0.00271939    -0.012091   -0.0492027    -0.195836    -0.232947     -0.24232    -0.244668     -0.24524    -0.245364    -0.245378    -0.245367    -0.245351    -0.245336    -0.245324    -0.245314    -0.245307    -0.245303    -0.245301    -0.245303    -0.245306    -0.245313    -0.245322    -0.245334    -0.245349    -0.245366    -0.245385    -0.245399    -0.245389    -0.245267    -0.244699    -0.242354    -0.232986    -0.195879   -0.0492493   -0.0121375  -0.00275058 -0.000326059  0.000566583   0.00197939
 -0.00426033   -0.0135221   -0.0505318     -0.19707    -0.234094    -0.243384    -0.245656    -0.246157    -0.246215    -0.246168    -0.246099     -0.24603    -0.245966    -0.245907    -0.245854    -0.245807    -0.245765    -0.245729    -0.245697     -0.24567    -0.245648     -0.24563    -0.245616    -0.245607    -0.245602    -0.245599    -0.245593    -0.245562    -0.245422    -0.244836    -0.242474    -0.233089    -0.195965   -0.0493212   -0.0121988  -0.00281709 -0.000459938  0.000120147   0.00025229  0.000273056  0.000267596  0.000257391  0.000247806   0.00024014  0.000234674  0.000231447  0.000230446  0.000231662  0.000235096  0.000240766  0.000248707  0.000258966  0.000271591  0.000286582  0.000303697  0.000321676  0.000335195  0.000322815   0.00019943 -0.000371478  -0.00271899   -0.0120906   -0.0492022    -0.195835    -0.232947    -0.242319    -0.244667    -0.245239    -0.245364    -0.245378    -0.245366     -0.24535    -0.245335    -0.245323    -0.245313    -0.245306    -0.245302      -0.2453    -0.245301    -0.245305    -0.245311     -0.24532    -0.245332    -0.245347    -0.245364    -0.245382    -0.245397    -0.245386    -0.245264    -0.244695    -0.242351    -0.232982    -0.195875    -0.049246   -0.0121379  -0.00276665 -0.000405204  0.000237238  0.000661025   0.00187895
  -0.0135221   -0.0505317     -0.19707    -0.234093    -0.243384    -0.245656    -0.246157    -0.246215    -0.246168    -0.246099     -0.24603    -0.245965    -0.245907    -0.245854    -0.245807    -0.245765    -0.245729    -0.245697     -0.24567    -0.245648     -0.24563    -0.245616    -0.245607    -0.245602    -0.245599    -0.245593    -0.245562    -0.245422    -0.244836    -0.242474    -0.233089    -0.195965   -0.0493212   -0.0121988  -0.00281703 -0.000459869  0.000120219  0.000252366  0.000273137  0.000267683  0.000257483  0.000247904  0.000240244  0.000234786  0.000231567  0.000230574  0.000231799  0.000235243  0.000240925  0.000248877  0.000259149  0.000271787  0.000286794  0.000303924   0.00032192  0.000335458  0.000323098  0.000199735  -0.00037115  -0.00271863   -0.0120902   -0.0492018    -0.195835    -0.232946    -0.242318    -0.244667    -0.245238    -0.245363    -0.245377    -0.245365    -0.245349    -0.245334    -0.245322    -0.245312    -0.245305    -0.245301    -0.245299      -0.2453    -0.245303     -0.24531    -0.245318     -0.24533    -0.245345    -0.245362     -0.24538    -0.245394    -0.245383    -0.245261    -0.244692    -0.242347    -0.232979    -0.195871   -0.0492422   -0.0121348  -0.00276702 -0.000420271  0.000163096  0.000352548  0.000644173   0.00175317
  -0.0505316     -0.19707    -0.234093    -0.243383    -0.245656    -0.246157    -0.246215    -0.246168    -0.246099     -0.24603    -0.245965    -0.245907    -0.245854    -0.245807    -0.245765    -0.245729    -0.245697     -0.24567    -0.245648     -0.24563    -0.245616    -0.245607    -0.245602    -0.245599    -0.245593    -0.245562    -0.245422    -0.244836    -0.242474    -0.233089    -0.195965   -0.0493211   -0.0121987  -0.00281697 -0.000459809  0.000120282  0.000252433  0.000273208  0.000267758  0.000257563  0.000247989  0.000240336  0.000234883  0.000231671  0.000230686  0.000231919  0.000235371  0.000241062  0.000249025  0.000259307  0.000271957  0.000286976  0.000304121  0.000322132  0.000335685  0.000323342  0.000199998 -0.000370867  -0.00271833   -0.0120898   -0.0492015    -0.195834    -0.232946    -0.242318    -0.244666    -0.245238    -0.245362    -0.245376    -0.245364    -0.245348    -0.245333    -0.245321    -0.245311    -0.245304      -0.2453    -0.245298    -0.245299    -0.245302    -0.245308    -0.245317    -0.245329    -0.245343     -0.24536    -0.245378    -0.245392    -0.245381    -0.245259     -0.24469    -0.242345    -0.232976    -0.195868   -0.0492388   -0.0121313  -0.00276413 -0.000420626  0.000149042  0.000283435  0.000356652  0.000602309   0.00162827
   0.0639468    0.0224451    0.0114901   0.00830343   0.00711281   0.00645401   0.00595422   0.00551725   0.00511706   0.00474553   0.00439915   0.00407569   0.00377332   0.00349039   0.00322537   0.00297684   0.00274343    0.0025239   0.00231703   0.00212173   0.00193699   0.00176214   0.00159759   0.00144787   0.00133367   0.00133942     0.001801   0.00404689     0.013324    0.0503478     0.196899     0.233935     0.243236     0.245519      0.24603     0.246098     0.246058     0.245997     0.245936     0.245878     0.245826     0.245779     0.245737       0.2457     0.245668     0.245641     0.245618     0.245599     0.245585     0.245574     0.245568     0.245565     0.245565     0.245561     0.245533     0.245395      0.24481      0.24245     0.233067     0.195944     0.049301    0.0121796   0.00279881  0.000442447 -0.000136969 -0.000268563 -0.000288899 -0.000283129 -0.000272732 -0.000263077 -0.000255464 -0.000250179 -0.000247263  -0.00024671 -0.000248516  -0.00025269 -0.000259259 -0.000268266  -0.00027977 -0.000293831 -0.000310463 -0.000329437 -0.000349514 -0.000365385 -0.000355634 -0.000235177  0.000332479   0.00267639     0.012044    0.0491512     0.195779     0.232886     0.242252     0.244594      0.24516     0.245281     0.245302     0.245343     0.245565     0.246515
   0.0223963    0.0114325   0.00824674   0.00705934   0.00640412   0.00590781    0.0054741   0.00507695   0.00470825    0.0043645   0.00404348   0.00374337   0.00346254   0.00319947   0.00295275   0.00272102   0.00250304   0.00229762   0.00210365   0.00192016   0.00174646   0.00158297   0.00143424   0.00132099   0.00132775   0.00179078   0.00404007    0.0133285    0.0503949     0.197113     0.234191     0.243504     0.245789     0.246301     0.246369     0.246331      0.24627     0.246209     0.246151     0.246099     0.246053     0.246011     0.245975     0.245943     0.245916     0.245893     0.245874      0.24586      0.24585     0.245843     0.245841     0.245841     0.245837     0.245809     0.245671     0.245086     0.242726     0.233343      0.19622    0.0495775    0.0124562   0.00307546  0.000719172  0.000139831  8.30985e-06  -1.1954e-05 -6.11132e-06  4.35744e-06   1.4085e-05  2.17708e-05  2.71304e-05  3.01222e-05  3.07529e-05  2.90272e-05  2.49362e-05  1.84537e-05  9.53662e-06 -1.87279e-06 -1.58345e-05 -3.23619e-05 -5.12266e-05 -7.11862e-05 -8.69336e-05 -7.70512e-05  4.35459e-05  0.000611351   0.00295542    0.0123232    0.0494306     0.196059     0.233166     0.242532     0.244874     0.245439     0.245557     0.245567     0.245561     0.245593     0.245798     0.246682
   0.0114164   0.00822775   0.00704066    0.0063865   0.00589137   0.00545881   0.00506274   0.00469504   0.00435222   0.00403206   0.00373276   0.00345268    0.0031903   0.00294422   0.00271309   0.00249566   0.00229076   0.00209726   0.00191421   0.00174092   0.00157781   0.00142943   0.00131652   0.00132363   0.00178715   0.00403752    0.0133294     0.050409     0.197178     0.234269     0.243585     0.245872     0.246384     0.246453     0.246414     0.246354     0.246292     0.246235     0.246183     0.246137     0.246095     0.246059     0.246027        0.246     0.245977     0.245959     0.245944     0.245934     0.245928     0.245925     0.245925     0.245922     0.245894     0.245756     0.245171     0.242811     0.233428     0.196305    0.0496624    0.0125412   0.00316052  0.000804274  0.000224973  9.34926e-05  7.32706e-05  7.91561e-05  8.96691e-05  9.94424e-05  0.000107176  0.000112585  0.000115629  0.000116314  0.000114646  0.000110616  0.000104197  9.53485e-05  8.40116e-05  7.01271e-05   5.3682e-05  3.49052e-05  1.50396e-05 -6.07221e-07  9.38288e-06  0.000130095  0.000698025   0.00304222    0.0124101    0.0495177     0.196146     0.233253      0.24262     0.244962     0.245527     0.245645     0.245651     0.245634     0.245623     0.245651     0.245842     0.246664
 0.00822725  0.00704007  0.00638592  0.00589082  0.00545829  0.00506226   0.0046946  0.00435181  0.00403168  0.00373241  0.00345235     0.00319  0.00294394  0.00271283  0.00249542  0.00229053  0.00209706  0.00191402  0.00174074  0.00157765  0.00142928  0.00131639  0.00132351  0.00178704  0.00403745   0.0133295   0.0504095     0.19718    0.234272    0.243588    0.245875    0.246387    0.246455    0.246417    0.246356    0.246295    0.246238    0.246186    0.246139    0.246098    0.246062     0.24603    0.246003     0.24598    0.245961    0.245947    0.245937    0.245931    0.245928    0.245928    0.245925    0.245897    0.245759    0.245174    0.242814    0.233431    0.196308   0.0496654   0.0125442  0.00316352 0.000807291 0.000228011 9.65532e-05 7.63551e-05 8.22664e-05 9.28069e-05  0.00010261 0.000110375 0.000115819 0.000118899 0.000119624 0.000117999 0.000114015 0.000107646 9.88504e-05 8.75709e-05 7.37482e-05 5.73696e-05 3.86645e-05 1.88761e-05 3.31236e-06  1.3392e-05 0.000134201 0.000702234  0.00304654   0.0124146   0.0495223    0.196151    0.233258    0.242625    0.244967    0.245532     0.24565    0.245656    0.245637    0.245615    0.245603    0.245629    0.245807    0.246572
  0.00704195   0.00638814   0.00589301   0.00546036   0.00506419   0.00469639   0.00435347   0.00403323   0.00373385   0.00345369   0.00319125    0.0029451   0.00271391   0.00249643   0.00229147   0.00209793   0.00191483    0.0017415   0.00157836   0.00142994     0.001317   0.00132408   0.00178756   0.00403785    0.0133295    0.0504082     0.197174     0.234264      0.24358     0.245867     0.246379     0.246447     0.246409     0.246348     0.246287      0.24623     0.246178     0.246131      0.24609     0.246053     0.246022     0.245995     0.245972     0.245953     0.245939     0.245929     0.245923      0.24592      0.24592     0.245917     0.245888      0.24575     0.245166     0.242806     0.233423       0.1963    0.0496573    0.0125361   0.00315547   0.00079926  0.000219995  8.85534e-05  6.83735e-05  7.43046e-05  8.48669e-05  9.46934e-05  0.000102484  0.000107956  0.000111067  0.000111824  0.000110235  0.000106289  9.99615e-05  9.12107e-05  7.99797e-05  6.62092e-05  4.98872e-05   3.1243e-05  1.15203e-05 -3.97254e-06  6.18354e-06  0.000127075  0.000695197    0.0030396    0.0124077    0.0495156     0.196144     0.233251     0.242618     0.244961     0.245526     0.245644      0.24565     0.245631     0.245606     0.245584     0.245573     0.245598     0.245763     0.246476
  0.00638959   0.00589472   0.00546204   0.00506578   0.00469787   0.00435485   0.00403452   0.00373504    0.0034548   0.00319228   0.00294606    0.0027148   0.00249726   0.00229224   0.00209865    0.0019155   0.00174213   0.00157894   0.00143049   0.00131751   0.00132455   0.00178798    0.0040382    0.0133296    0.0504074     0.197169     0.234259     0.243575     0.245861     0.246373     0.246442     0.246403     0.246343     0.246281     0.246224     0.246172     0.246126     0.246084     0.246048     0.246016     0.245989     0.245966     0.245948     0.245933     0.245923     0.245917     0.245914     0.245914     0.245911     0.245883     0.245745      0.24516       0.2428     0.233417     0.196294    0.0496516    0.0125304   0.00314979  0.000793592  0.000214339  8.29126e-05  6.27483e-05  6.86967e-05  7.92776e-05  8.91246e-05  9.69378e-05  0.000102433   0.00010557  0.000106356  0.000104797  0.000100884  9.45928e-05  8.58807e-05  7.46914e-05  6.09661e-05  4.46927e-05   2.6101e-05  6.43503e-06 -8.99667e-06  1.22533e-06  0.000122188  0.000690386   0.00303488    0.0124031     0.049511      0.19614     0.233247     0.242614     0.244957     0.245522      0.24564     0.245647     0.245627     0.245602     0.245578     0.245558     0.245548     0.245571     0.245725     0.246389
  0.00589552   0.00546298    0.0050667   0.00469875   0.00435567   0.00403528   0.00373575   0.00345546   0.00319289   0.00294663   0.00271533   0.00249776   0.00229271   0.00209908    0.0019159    0.0017425   0.00157929   0.00143082   0.00131782   0.00132484   0.00178824   0.00403841    0.0133297     0.050407     0.197167     0.234256     0.243572     0.245858     0.246371     0.246439       0.2464      0.24634     0.246278     0.246221     0.246169     0.246123     0.246081     0.246045     0.246013     0.245986     0.245963     0.245945     0.245931      0.24592     0.245914     0.245912     0.245911     0.245908      0.24588     0.245742     0.245157     0.242797     0.233414     0.196292    0.0496489    0.0125277   0.00314704  0.000790845  0.000211604  8.01903e-05  6.00401e-05  6.60036e-05  7.66012e-05  8.64661e-05  9.42987e-05  9.98152e-05  0.000102975  0.000103786  0.000102253  9.83689e-05  9.21086e-05    8.343e-05  7.22769e-05  5.85907e-05  4.23594e-05  2.38132e-05  4.19612e-06 -1.11828e-05 -9.03842e-07   0.00012012  0.000688385   0.00303294    0.0124012    0.0495092     0.196138     0.233245     0.242613     0.244955     0.245521     0.245639     0.245646     0.245626     0.245601     0.245577     0.245555     0.245536     0.245527     0.245549     0.245693      0.24631
  0.00546163    0.0050651   0.00469717   0.00435419   0.00403389   0.00373446   0.00345426   0.00319178   0.00294559   0.00271437   0.00249686   0.00229188   0.00209831   0.00191519   0.00174184   0.00157867   0.00143024   0.00131728   0.00132434    0.0017878   0.00403805    0.0133296    0.0504077     0.197171     0.234261     0.243577     0.245863     0.246375     0.246444     0.246405     0.246345     0.246283     0.246226     0.246174     0.246128     0.246086      0.24605     0.246018     0.245991     0.245968      0.24595     0.245936     0.245925     0.245919     0.245917     0.245917     0.245913     0.245885     0.245747     0.245163     0.242803     0.233419     0.196297    0.0496541    0.0125329   0.00315226  0.000796082  0.000216855  8.54549e-05  6.53194e-05  7.12986e-05  8.19127e-05  9.17952e-05  9.96466e-05  0.000105183  0.000108364  0.000109198  0.000107689  0.000103832  9.75993e-05  8.89509e-05  7.78301e-05  6.41785e-05  4.79845e-05  2.94783e-05  9.90432e-06 -5.42829e-06  4.90043e-06  0.000125978    0.0006943   0.00303892    0.0124073    0.0495154     0.196144     0.233252     0.242619     0.244962     0.245528     0.245646     0.245653     0.245633     0.245608     0.245584     0.245562     0.245541     0.245524     0.245516     0.245537      0.24567     0.246245
  0.0050594  0.00469043  0.00434755  0.00402763  0.00372862  0.00344883  0.00318673   0.0029409  0.00271001  0.00249281  0.00228811  0.00209481  0.00191193  0.00173881  0.00157586  0.00142762  0.00131485  0.00132209  0.00178575  0.00403633   0.0133287     0.05041    0.197185    0.234278    0.243595    0.245881    0.246394    0.246462    0.246424    0.246363    0.246302    0.246245    0.246193    0.246147    0.246105    0.246069    0.246037     0.24601    0.245987    0.245969    0.245955    0.245945    0.245938    0.245936    0.245936    0.245932    0.245904    0.245766    0.245182    0.242822    0.233439    0.196316   0.0496735   0.0125523  0.00317173 0.000815576 0.000236368 0.000104987  8.4871e-05 9.08698e-05 0.000101504 0.000111407  0.00011928 0.000124838 0.000128042 0.000128899 0.000127416 0.000123584 0.000117379 0.000108759 9.76693e-05 8.40502e-05 6.78907e-05 4.94213e-05 2.98865e-05 1.45957e-05 2.49691e-05 0.000146094 0.000714468  0.00305914   0.0124276   0.0495357    0.196165    0.233272    0.242639    0.244982    0.245549    0.245667    0.245674    0.245654     0.24563    0.245605    0.245583    0.245562    0.245543    0.245528     0.24552     0.24554    0.245665      0.2462
 0.00467784  0.00433266  0.00401299  0.00371481  0.00343594  0.00317474  0.00292975  0.00269965  0.00248318  0.00227915  0.00208648  0.00190419  0.00173161  0.00156916   0.0014214  0.00130906  0.00131673  0.00178086  0.00403218   0.0133264    0.050414    0.197213    0.234313    0.243631    0.245918    0.246431      0.2465    0.246461    0.246401     0.24634    0.246283    0.246231    0.246185    0.246144    0.246107    0.246076    0.246049    0.246026    0.246008    0.245994    0.245984    0.245978    0.245975    0.245975    0.245972    0.245944    0.245806    0.245221    0.242861    0.233478    0.196356    0.049713   0.0125919  0.00321132 0.000855198 0.000276021  0.00014467 0.000124583 0.000130611 0.000141273 0.000151204 0.000159104  0.00016469 0.000167922 0.000168807 0.000167352 0.000163549 0.000157374 0.000148785 0.000137726  0.00012414 0.000108015 8.95815e-05 7.00843e-05 5.48333e-05 6.52486e-05 0.000186418 0.000754839  0.00309957    0.012468   0.0495762    0.196205    0.233313     0.24268    0.245023    0.245589    0.245708    0.245715    0.245695    0.245671    0.245647    0.245624    0.245603    0.245584    0.245567    0.245553    0.245546    0.245565    0.245681    0.246179
 0.00431362  0.00399047  0.00369266  0.00341505  0.00315524  0.00291162  0.00268279   0.0024675  0.00226458  0.00207294   0.0018916   0.0017199  0.00155827  0.00141127  0.00129965  0.00130801  0.00177288  0.00402531   0.0133222   0.0504188    0.197252     0.23436    0.243681    0.245969    0.246482    0.246552    0.246514    0.246454    0.246393    0.246336    0.246284    0.246238    0.246197    0.246161     0.24613    0.246103     0.24608    0.246062    0.246048    0.246038    0.246032     0.24603     0.24603    0.246026    0.245999    0.245861    0.245276    0.242916    0.233533    0.196411   0.0497684   0.0126473  0.00326676 0.000910678 0.000331545 0.000200236  0.00018019 0.000186256 0.000196956 0.000206923 0.000214858 0.000220479 0.000223744 0.000224662  0.00022324  0.00021947 0.000213328 0.000204772 0.000193747 0.000180195 0.000164105 0.000145707 0.000126247 0.000111035  0.00012149 0.000242702 0.000811167  0.00315594   0.0125245   0.0496327    0.196262    0.233369    0.242737     0.24508    0.245646    0.245765    0.245772    0.245752    0.245728    0.245704    0.245682    0.245661    0.245642    0.245624    0.245609    0.245596     0.24559    0.245607    0.245716    0.246179
 0.00396753  0.00366553  0.00338837  0.00313008  0.00288813  0.00266094  0.00244719   0.0022457  0.00205539  0.00187528  0.00170473  0.00154417  0.00139815  0.00128746  0.00129671  0.00176252  0.00401629   0.0133163   0.0504229    0.197294    0.234412    0.243736    0.246026    0.246539    0.246609    0.246571    0.246511    0.246451    0.246394    0.246343    0.246297    0.246257    0.246221    0.246189    0.246163     0.24614    0.246122    0.246109    0.246099    0.246093    0.246091    0.246091    0.246088     0.24606    0.245922    0.245338    0.242978    0.233595    0.196473   0.0498301   0.0127091  0.00332865 0.000972626 0.000393548 0.000262291 0.000242293 0.000248406  0.00025915 0.000269159 0.000277135 0.000282795 0.000286098 0.000287054 0.000285668 0.000281933 0.000275826 0.000267305 0.000256315 0.000242798 0.000226743 0.000208381 0.000188957 0.000173782 0.000184276 0.000305527 0.000874034  0.00321885   0.0125874   0.0496957    0.196325    0.233433      0.2428    0.245143    0.245709    0.245828    0.245835    0.245816    0.245792    0.245768    0.245745    0.245725    0.245706    0.245688    0.245672    0.245658    0.245646    0.245641    0.245658    0.245759     0.24619
 0.00364385  0.00336272  0.00310485  0.00286434  0.00263874  0.00242653   0.0022265  0.00203753  0.00185868   0.0016893  0.00152982  0.00138482  0.00127507  0.00128521  0.00175197  0.00400701   0.0133098   0.0504254     0.19733    0.234457    0.243784    0.246074    0.246588    0.246658    0.246621    0.246562    0.246501    0.246445    0.246394    0.246349    0.246308    0.246273    0.246242    0.246215    0.246193    0.246175    0.246161    0.246152    0.246146    0.246144    0.246144    0.246141    0.246113    0.245976    0.245392    0.243032    0.233649    0.196527   0.0498842   0.0127633  0.00338291  0.00102694 0.000447918 0.000316712 0.000296763 0.000302922  0.00031371 0.000323761 0.000331777 0.000337475 0.000340816 0.000341807 0.000340456 0.000336755 0.000330681 0.000322193 0.000311236 0.000297751 0.000281729   0.0002634  0.00024401 0.000228869 0.000239397 0.000360685 0.000929228  0.00327408   0.0126427    0.049751     0.19638    0.233488    0.242855    0.245199    0.245765    0.245884    0.245891    0.245871    0.245847    0.245824    0.245801    0.245781    0.245762    0.245745    0.245729    0.245714    0.245701     0.24569    0.245686    0.245701    0.245795    0.246197
 0.00334856  0.00308811  0.00284787   0.0026232  0.00241204  0.00221301  0.00202499  0.00184703  0.00167847  0.00151975  0.00137545  0.00126636  0.00127714  0.00174454  0.00400044    0.013305   0.0504261    0.197351    0.234484    0.243812    0.246103    0.246618    0.246688    0.246651    0.246592    0.246532    0.246476    0.246425     0.24638    0.246339    0.246304    0.246273    0.246247    0.246225    0.246207    0.246193    0.246184    0.246178    0.246176    0.246176    0.246174    0.246146    0.246008    0.245424    0.243065    0.233682     0.19656    0.049917   0.0127962  0.00341579  0.00105987 0.000480887 0.000349718 0.000329805 0.000335997 0.000346817 0.000356899 0.000364944 0.000370671 0.000374039 0.000375057 0.000373732 0.000370057 0.000364009 0.000355546 0.000344614 0.000331155 0.000315159 0.000296856 0.000277492 0.000262379 0.000272936 0.000394252 0.000962825  0.00330771   0.0126763   0.0497847    0.196414    0.233522    0.242889    0.245233    0.245799    0.245917    0.245925    0.245906    0.245881    0.245858    0.245836    0.245815    0.245796    0.245779    0.245763    0.245749    0.245735    0.245724    0.245714    0.245709    0.245724    0.245812    0.246186
 0.00308747  0.00284712  0.00262247  0.00241134  0.00221236  0.00202439  0.00184647  0.00167794  0.00151927    0.001375  0.00126595  0.00127675  0.00174419  0.00400012   0.0133048   0.0504261    0.197352    0.234485    0.243813    0.246104    0.246619    0.246689    0.246652    0.246593    0.246533    0.246477    0.246426    0.246381    0.246341    0.246305    0.246274    0.246248    0.246226    0.246208    0.246195    0.246185     0.24618    0.246178    0.246178    0.246175    0.246147     0.24601    0.245426    0.243066    0.233683    0.196561   0.0499185   0.0127976  0.00341727  0.00106135  0.00048237 0.000351207   0.0003313 0.000337498 0.000348325 0.000358413 0.000366466   0.0003722 0.000375576 0.000376603 0.000375287 0.000371622 0.000365584 0.000357132 0.000346212 0.000332765 0.000316782 0.000298494 0.000279146 0.000264049 0.000274623 0.000395959 0.000964553  0.00330946   0.0126781   0.0497865    0.196416    0.233524    0.242891    0.245234    0.245801    0.245919    0.245927    0.245908    0.245884     0.24586    0.245838    0.245817    0.245799    0.245782    0.245766    0.245751    0.245738    0.245726    0.245715    0.245706    0.245702    0.245716    0.245798    0.246146
 0.00286534  0.00264401  0.00243254  0.00223235  0.00204305  0.00186382  0.00169408  0.00153427  0.00138895  0.00127891  0.00128878  0.00175528  0.00401007   0.0133126   0.0504277    0.197331    0.234458    0.243784    0.246074    0.246588    0.246658    0.246621    0.246561    0.246501    0.246445    0.246394    0.246348    0.246307    0.246271     0.24624    0.246214    0.246192    0.246174     0.24616     0.24615    0.246145    0.246143    0.246143     0.24614    0.246112    0.245974     0.24539     0.24303    0.233647    0.196525   0.0498825   0.0127616  0.00338118  0.00102521 0.000446178 0.000314971 0.000295023 0.000301184 0.000311977 0.000322034 0.000330059 0.000335768 0.000339121 0.000340128 0.000338794 0.000335114 0.000329062   0.0003206  0.00030967 0.000296217 0.000280229 0.000261938 0.000242589 0.000227492  0.00023807 0.000359411 0.000928012  0.00327293   0.0126416     0.04975    0.196379    0.233487    0.242855    0.245198    0.245764    0.245883     0.24589    0.245871    0.245847    0.245824    0.245802    0.245781    0.245763    0.245746     0.24573    0.245715    0.245702     0.24569    0.245679    0.245669    0.245661    0.245658    0.245671    0.245747    0.246071
  0.0026838  0.00247959  0.00227863   0.0020867  0.00190456  0.00173198   0.0015695  0.00142171  0.00130935  0.00131703  0.00178136  0.00403358   0.0133315   0.0504336     0.19729    0.234404    0.243726    0.246015    0.246528    0.246596    0.246558    0.246498    0.246437     0.24638    0.246328    0.246281     0.24624    0.246204    0.246172    0.246145    0.246123    0.246104     0.24609     0.24608    0.246074    0.246072    0.246072    0.246068     0.24604    0.245902    0.245318    0.242958    0.233575    0.196452   0.0498097   0.0126887   0.0033081 0.000952001 0.000372855 0.000241538 0.000221488 0.000227555  0.00023826 0.000248238 0.000256189  0.00026183 0.000265121  0.00026607 0.000264684 0.000260956 0.000254861 0.000246359 0.000235395  0.00022191 0.000205893 0.000187577 0.000168207 0.000153093 0.000163655 0.000284983 0.000853575  0.00319849   0.0125671   0.0496756    0.196305    0.233413     0.24278    0.245124     0.24569    0.245809    0.245816    0.245797    0.245773    0.245749    0.245727    0.245707    0.245688    0.245671    0.245656    0.245641    0.245628    0.245616    0.245605    0.245595    0.245586    0.245579    0.245576    0.245588    0.245659     0.24596
 0.00254061   0.0023508  0.00215768  0.00197152  0.00179447  0.00162764  0.00147575  0.00135957  0.00136366  0.00182444  0.00407257   0.0133636   0.0504469    0.197237    0.234333    0.243649    0.245934    0.246445    0.246512    0.246472     0.24641    0.246347    0.246289    0.246236    0.246189    0.246147    0.246109    0.246077    0.246049    0.246026    0.246007    0.245992    0.245981    0.245975    0.245972    0.245971    0.245967    0.245939    0.245801    0.245216    0.242856    0.233472    0.196349   0.0497064   0.0125851  0.00320432 0.000848005 0.000268661  0.00013716 0.000116939 0.000122848 0.000133407 0.000143249 0.000151075 0.000156599 0.000159783 0.000160633 0.000159156 0.000155344 0.000149172 0.000140599 0.000129569 0.000116025 9.99548e-05 8.15899e-05 6.21753e-05 4.70213e-05 5.75486e-05 0.000178846  0.00074741   0.0030923   0.0124609   0.0495693    0.196199    0.233306    0.242674    0.245017    0.245584    0.245702     0.24571    0.245691    0.245667    0.245643    0.245621    0.245601    0.245582    0.245565     0.24555    0.245535    0.245522     0.24551    0.245499    0.245489     0.24548    0.245472    0.245465    0.245462    0.245474     0.24554     0.24582
  0.00243235   0.00225413   0.00206638   0.00188395   0.00171114   0.00155344   0.00143178    0.0014307   0.00188644   0.00412889    0.0134107    0.0504701     0.197177      0.23425     0.243557     0.245839     0.246346     0.246411     0.246369     0.246305      0.24624      0.24618     0.246126     0.246077     0.246033     0.245994     0.245961     0.245932     0.245907     0.245887     0.245871      0.24586     0.245853     0.245849     0.245848     0.245843     0.245814     0.245675      0.24509     0.242729     0.233345     0.196222    0.0495789    0.0124572   0.00307604  0.000719416  0.000139785  8.01731e-06 -1.24508e-05 -6.77104e-06  3.57514e-06  1.32198e-05  2.08622e-05  2.62174e-05  2.92441e-05   2.9949e-05  2.83373e-05  2.44008e-05  1.81142e-05   9.4355e-06 -1.69169e-06 -1.53258e-05 -3.14783e-05 -4.99187e-05 -6.94023e-05 -8.46193e-05 -7.41492e-05  4.70962e-05  0.000615614   0.00296046    0.0123291    0.0494374     0.196067     0.233174     0.242542     0.244885     0.245452      0.24557     0.245578     0.245559     0.245535     0.245511     0.245489     0.245469      0.24545     0.245433     0.245418     0.245404      0.24539     0.245378     0.245367     0.245357     0.245348      0.24534     0.245332     0.245326     0.245324     0.245335     0.245396     0.245657
  0.00236176   0.00219366   0.00200914   0.00182923   0.00166363   0.00153429   0.00152591   0.00197453   0.00420917    0.0134789    0.0505083     0.197113     0.234156     0.243453     0.245729     0.246233     0.246294     0.246248     0.246181     0.246114     0.246051     0.245994     0.245943     0.245897     0.245857     0.245821     0.245791     0.245765     0.245743     0.245726     0.245713     0.245705       0.2457     0.245698     0.245692     0.245663     0.245523     0.244937     0.242576     0.233191     0.196067    0.0494234    0.0123012   0.00291956    0.0005625 -1.75412e-05 -0.000149689  -0.00017051 -0.000165157 -0.000155115 -0.000145753 -0.000138372  -0.00013326 -0.000130459 -0.000129963 -0.000131768 -0.000135884 -0.000142336 -0.000151168 -0.000162438 -0.000176203 -0.000192476 -0.000211028 -0.000230615 -0.000245926 -0.000235543 -0.000114377  0.000454069   0.00279885    0.0121674    0.0492757     0.195905     0.233013      0.24238     0.244723      0.24529     0.245408     0.245416     0.245397     0.245373     0.245349     0.245327     0.245307     0.245288     0.245271     0.245256     0.245242     0.245229     0.245217     0.245206     0.245196     0.245186     0.245178      0.24517     0.245163     0.245158     0.245156     0.245166     0.245223     0.245466
  0.00236429   0.00221092   0.00202769   0.00185083   0.00170893   0.00168826   0.00212488   0.00434655    0.0135972     0.050581     0.197034     0.234033     0.243313      0.24558     0.246076     0.246131      0.24608     0.246008     0.245936     0.245869     0.245808     0.245753     0.245704      0.24566     0.245622     0.245588      0.24556     0.245536     0.245516     0.245501     0.245491     0.245484      0.24548     0.245473     0.245442     0.245301     0.244714     0.242351     0.232966     0.195841     0.049196    0.0120729   0.00269052  0.000332705 -0.000248036 -0.000380834 -0.000402259 -0.000397467 -0.000387946 -0.000379068 -0.000372137 -0.000367442 -0.000365027 -0.000364891  -0.00036703 -0.000371455 -0.000378195 -0.000387293 -0.000398809 -0.000412803 -0.000429288 -0.000448036 -0.000467804 -0.000483283 -0.000473054 -0.000352031  0.000216283   0.00256094    0.0119294    0.0490376     0.195667     0.232774     0.242142     0.244485     0.245051      0.24517     0.245177     0.245158     0.245134      0.24511     0.245088     0.245068      0.24505     0.245033     0.245017     0.245003      0.24499     0.244978     0.244967     0.244957     0.244948     0.244939     0.244931     0.244924     0.244918     0.244913     0.244911     0.244921     0.244974       0.2452
  0.00269947   0.00260537    0.0024189   0.00224463   0.00218782    0.0025888   0.00477476    0.0139833    0.0508932      0.19714     0.234068     0.243314     0.245557     0.246033      0.24607     0.246002     0.245914     0.245827     0.245747     0.245673     0.245606     0.245546     0.245492     0.245444     0.245402     0.245365     0.245333     0.245307     0.245286     0.245269     0.245257     0.245248     0.245236       0.2452     0.245055     0.244464     0.242097     0.232709     0.195581    0.0489331    0.0118074   0.00242257  6.25602e-05 -0.000520184 -0.000654805  -0.00067788 -0.000674573 -0.000666375 -0.000658663 -0.000652746 -0.000648915 -0.000647215 -0.000647645   -0.0006502  -0.00065489  -0.00066174 -0.000670791 -0.000682094 -0.000695705 -0.000711629 -0.000729627 -0.000748446 -0.000762764 -0.000751149 -0.000628497 -5.82943e-05   0.00228853    0.0116594    0.0487705     0.195403     0.232514     0.241885     0.244233     0.244804     0.244928     0.244941     0.244929     0.244912     0.244897     0.244884     0.244874     0.244866     0.244861     0.244859     0.244859     0.244862     0.244867     0.244875     0.244886       0.2449     0.244916     0.244933     0.244947     0.244936     0.244821     0.244282     0.242058     0.233169     0.197958    0.0588257
  0.00310446   0.00300911   0.00282506   0.00273498   0.00309786   0.00524237    0.0143942    0.0511807     0.197034     0.233844     0.243042     0.245255     0.245708     0.245724     0.245638     0.245533      0.24543     0.245334     0.245247     0.245167     0.245095      0.24503     0.244972      0.24492     0.244874     0.244834       0.2448     0.244772     0.244748      0.24473     0.244715     0.244698     0.244657     0.244507     0.243912     0.241542     0.232149     0.195018    0.0483674    0.0112387   0.00185124 -0.000511274  -0.00109634  -0.00123311  -0.00125818  -0.00125671  -0.00125021  -0.00124407   -0.0012396   -0.0012371  -0.00123663  -0.00123818  -0.00124177   -0.0012474   -0.0012551  -0.00126493  -0.00127693  -0.00129117  -0.00130766  -0.00132615  -0.00134541   -0.0013601   -0.0013488  -0.00122641 -0.000656413   0.00169026    0.0110611     0.048172     0.194804     0.231916     0.241287     0.243635     0.244206     0.244331     0.244344     0.244332     0.244316     0.244301     0.244289     0.244279     0.244272     0.244268     0.244266     0.244267     0.244271     0.244278     0.244287     0.244299     0.244314     0.244332     0.244351     0.244366     0.244355     0.244235     0.243667     0.241326     0.231969     0.194903    0.0484348    0.0119589
  0.00383262   0.00379881   0.00369215   0.00399846   0.00607353    0.0151311    0.0517216     0.196968     0.233589     0.242706     0.244869     0.245282     0.245262     0.245142     0.245006     0.244875     0.244753     0.244641     0.244538     0.244445      0.24436     0.244283     0.244215     0.244153     0.244099     0.244051      0.24401     0.243975     0.243945      0.24392     0.243893     0.243844     0.243686     0.243083     0.240706     0.231307     0.194169    0.0475129     0.010379   0.00098659  -0.00138047  -0.00196976  -0.00211045  -0.00213916  -0.00214107  -0.00213772   -0.0021345  -0.00213274  -0.00213276  -0.00213462  -0.00213835  -0.00214395  -0.00215145  -0.00216089  -0.00217233  -0.00218584  -0.00220147  -0.00221924  -0.00223893  -0.00225929  -0.00227501  -0.00226466  -0.00214315  -0.00157397  0.000771957    0.0101421    0.0472524     0.193884     0.230995     0.240366     0.242713     0.243284     0.243408     0.243421     0.243409     0.243393     0.243377     0.243365     0.243355     0.243347     0.243343     0.243341     0.243342     0.243346     0.243353     0.243362     0.243374     0.243389     0.243407     0.243426     0.243441      0.24343     0.243309     0.242741     0.240397     0.231025     0.193902    0.0472095   0.00984528 -0.000541265
  0.00511393    0.0052466   0.00552397   0.00749893    0.0164071     0.052695     0.197028     0.233358     0.242347     0.244426     0.244769     0.244687      0.24451     0.244321     0.244141     0.243973     0.243819     0.243677     0.243547     0.243428      0.24332     0.243222     0.243133     0.243053     0.242982     0.242919     0.242863     0.242815     0.242772      0.24273     0.242665     0.242493     0.241877     0.239487     0.230077     0.192929     0.046263   0.00912002 -0.000280789  -0.00265567  -0.00325223  -0.00339968  -0.00343467  -0.00344242  -0.00344449  -0.00344631  -0.00344924  -0.00345361  -0.00345952  -0.00346701  -0.00347611  -0.00348686  -0.00349933  -0.00351358   -0.0035297  -0.00354776  -0.00356779  -0.00358958   -0.0036119  -0.00362944  -0.00362079  -0.00350086  -0.00293315 -0.000588593   0.00878024    0.0458894      0.19252      0.22963        0.239     0.241346     0.241916     0.242039     0.242052     0.242039     0.242022     0.242006     0.241993     0.241982     0.241974     0.241969     0.241967     0.241968     0.241971     0.241977     0.241986     0.241998     0.242012      0.24203     0.242048     0.242063     0.242052     0.241931     0.241363     0.239018     0.229649     0.192537     0.045887   0.00869407  -0.00101518  -0.00471394
 0.00750552  0.00819019   0.0100998   0.0187745    0.054563    0.197418    0.233263    0.242026    0.243953    0.244169    0.243972     0.24369    0.243403    0.243132     0.24288    0.242647    0.242432    0.242235    0.242053    0.241886    0.241734    0.241595    0.241468    0.241353     0.24125    0.241157    0.241074    0.240998    0.240925    0.240833    0.240635    0.239994    0.237583    0.228151    0.190984   0.0442997  0.00714005 -0.00227634 -0.00466569  -0.0052757 -0.00543565 -0.00548225  -0.0055008  -0.0055129 -0.00552404 -0.00553563 -0.00554805 -0.00556145 -0.00557589 -0.00559146 -0.00560822 -0.00562627 -0.00564572 -0.00566666 -0.00568921 -0.00571342  -0.0057391 -0.00576503 -0.00578593  -0.0057804 -0.00566338 -0.00509837 -0.00275634  0.00661015   0.0437171    0.190346    0.227453    0.236822    0.239166    0.239735    0.239857    0.239868    0.239854    0.239835    0.239818    0.239804    0.239792    0.239784    0.239778    0.239775    0.239775    0.239777    0.239783    0.239791    0.239802    0.239816    0.239832     0.23985    0.239864    0.239853    0.239731    0.239163    0.236818    0.227449     0.19034   0.0437064  0.00657765 -0.00287595 -0.00556357 -0.00749502
  0.0117853   0.0143211   0.0228004   0.0578569    0.198496     0.23359    0.241986    0.243656    0.243655    0.243262    0.242799    0.242344    0.241917     0.24152    0.241153    0.240813    0.240499    0.240209    0.239942    0.239697    0.239471    0.239264    0.239074    0.238901    0.238744    0.238601     0.23847    0.238345    0.238204    0.237961     0.23728    0.234829    0.225362    0.188161   0.0414462  0.00425772  -0.0051854  -0.0075996 -0.00823269 -0.00841409 -0.00848063 -0.00851769 -0.00854701 -0.00857414 -0.00860059 -0.00862683 -0.00865307 -0.00867944 -0.00870609 -0.00873316 -0.00876079 -0.00878914 -0.00881836  -0.0088486 -0.00887996 -0.00891228 -0.00894439 -0.00897103 -0.00897085  -0.0088588 -0.00829841 -0.00596068  0.00340181    0.040505     0.18713    0.224235      0.2336    0.235942    0.236508    0.236627    0.236636     0.23662    0.236599     0.23658    0.236564    0.236551    0.236541    0.236534     0.23653    0.236528    0.236529    0.236534    0.236541    0.236551    0.236564    0.236579    0.236596     0.23661    0.236597    0.236475    0.235905     0.23356    0.224191    0.187082   0.0404518  0.00333917 -0.00604858 -0.00847397 -0.00936794   -0.010784
  0.0197767   0.0290817   0.0633279     0.20083    0.234817    0.242643    0.243898    0.243542    0.242826    0.242065    0.241334     0.24065    0.240015    0.239426     0.23888    0.238375    0.237908    0.237476    0.237076    0.236708    0.236369    0.236056    0.235769    0.235505    0.235263     0.23504    0.234831     0.23461    0.234294    0.233544     0.23103    0.221504    0.184249   0.0374823 0.000246536 -0.00924058  -0.0116957  -0.0123667  -0.0125834  -0.0126828  -0.0127503  -0.0128079  -0.0128614  -0.0129123  -0.0129613  -0.0130086  -0.0130546  -0.0130995  -0.0131435  -0.0131869  -0.0132299  -0.0132727  -0.0133156  -0.0133587  -0.0134019  -0.0134442  -0.0134803  -0.0134889   -0.013385  -0.0128322  -0.0105015 -0.00114554   0.0359516    0.182571     0.21967    0.229031    0.231368     0.23193    0.232045     0.23205     0.23203    0.232007    0.231985    0.231966    0.231951    0.231938    0.231928    0.231922    0.231919    0.231918     0.23192    0.231926    0.231934    0.231946     0.23196    0.231976    0.231988    0.231975    0.231851     0.23128    0.228934    0.219564    0.182454    0.035824 -0.00128547   -0.010658  -0.0130208  -0.0136646  -0.0140905  -0.0153136
  0.0374752   0.0722631    0.205508    0.237885    0.244809    0.245376    0.244419    0.243154    0.241886    0.240684    0.239563    0.238521    0.237555    0.236659    0.235828    0.235058    0.234344    0.233684    0.233073    0.232508    0.231985    0.231503    0.231059    0.230649     0.23027    0.229915     0.22956    0.229118    0.228252     0.22563    0.216003    0.178654   0.0318012 -0.00551523  -0.0150773   -0.017602  -0.0183377  -0.0186145  -0.0187697  -0.0188892   -0.018995  -0.0190933  -0.0191858  -0.0192735  -0.0193568  -0.0194362  -0.0195121   -0.019585  -0.0196552  -0.0197231  -0.0197891  -0.0198535  -0.0199166  -0.0199784  -0.0200379  -0.0200901  -0.0201136  -0.0200235  -0.0194836  -0.0171649 -0.00782012   0.0292667    0.175876    0.212967    0.222319    0.224648    0.225203    0.225312    0.225311    0.225285    0.225256    0.225229    0.225206    0.225186    0.225169    0.225156    0.225146    0.225139    0.225135    0.225135    0.225138    0.225144    0.225153    0.225165    0.225179    0.225189    0.225173    0.225048    0.224476    0.222128    0.212756    0.175645    0.029014 -0.00809579  -0.0174658  -0.0198146     -0.0204  -0.0205917  -0.0208867  -0.0220038
 0.0802117   0.211041     0.2422   0.248252   0.248075   0.246443   0.244556    0.24271   0.240972   0.239353   0.237849   0.236452   0.235157   0.233955    0.23284   0.231806   0.230848    0.22996   0.229138   0.228377   0.227673   0.227022   0.226421   0.225864   0.225344   0.224835   0.224251   0.223252   0.220506   0.210765    0.17331  0.0263582 -0.0110501 -0.0206975 -0.0233015  -0.024111 -0.0244562  -0.024675 -0.0248536 -0.0250144 -0.0251637 -0.0253037 -0.0254354 -0.0255596 -0.0256771 -0.0257884 -0.0258941 -0.0259948 -0.0260911 -0.0261835 -0.0262724 -0.0263582 -0.0264412 -0.0265204 -0.0265908 -0.0266313 -0.0265571 -0.0260318 -0.0237267 -0.0143946  0.0226804   0.169279   0.206359   0.215702   0.218023   0.218569    0.21867   0.218662    0.21863   0.218595   0.218562   0.218533   0.218508   0.218487    0.21847   0.218456   0.218445   0.218438   0.218435   0.218434   0.218437   0.218444   0.218454   0.218465   0.218473   0.218455   0.218328   0.217754   0.215404   0.206031   0.168919   0.022286 -0.0148249 -0.0241954 -0.0265419 -0.0271144 -0.0272516 -0.0273278 -0.0275781 -0.0286152
  -0.0522287   -0.0155206  -0.00605953  -0.00351098  -0.00272324  -0.00239056  -0.00218149  -0.00201142  -0.00185832  -0.00171603  -0.00158245  -0.00145653  -0.00133751  -0.00122474   -0.0011176  -0.00101551 -0.000917915 -0.000824269 -0.000734056 -0.000646788 -0.000562063 -0.000479778 -0.000400985 -0.000331292 -0.000294268   -0.0003844 -0.000976148  -0.00354922   -0.0139465   -0.0552356    -0.218481    -0.259775    -0.270182     -0.27277    -0.273381    -0.273497     -0.27349    -0.273456    -0.273419    -0.273384    -0.273353    -0.273325    -0.273302    -0.273282    -0.273266    -0.273253    -0.273244    -0.273238    -0.273236    -0.273236     -0.27324    -0.273247    -0.273256     -0.27326     -0.27324    -0.273109    -0.272531    -0.270177      -0.2608    -0.223682   -0.0770445   -0.0399279   -0.0305514   -0.0281992   -0.0276236   -0.0274955   -0.0274785   -0.0274873   -0.0275006   -0.0275129    -0.027523   -0.0275306   -0.0275357   -0.0275382   -0.0275383   -0.0275358   -0.0275309   -0.0275234   -0.0275133   -0.0275005   -0.0274851   -0.0274673   -0.0274482   -0.0274333    -0.027444   -0.0275653   -0.0281338   -0.0304784   -0.0398467   -0.0769546    -0.223583     -0.26069    -0.270057      -0.2724    -0.272966    -0.273087    -0.273109    -0.273151    -0.273373    -0.274327
 -0.0198088  -0.0111304 -0.00849817 -0.00742732 -0.00677968  -0.0062649 -0.00580758 -0.00538687 -0.00499587  -0.0046313  -0.0042909 -0.00397279 -0.00367522 -0.00339659 -0.00313539  -0.0028902 -0.00265968 -0.00244259 -0.00223775 -0.00204412 -0.00186097 -0.00168869 -0.00153183 -0.00141136 -0.00141287 -0.00187699 -0.00415102  -0.0135563  -0.0511023    -0.19973   -0.237289    -0.24672   -0.249032   -0.249548   -0.249615   -0.249573   -0.249509   -0.249445   -0.249385    -0.24933   -0.249281   -0.249238   -0.249199   -0.249166   -0.249137   -0.249112   -0.249092   -0.249077   -0.249065   -0.249058   -0.249054   -0.249053   -0.249048   -0.249019    -0.24888   -0.248295   -0.245934    -0.23655   -0.199427  -0.0527837   -0.015662 -0.00628077 -0.00392405 -0.00334431 -0.00321242 -0.00319181 -0.00319733 -0.00320751 -0.00321696 -0.00322439 -0.00322952 -0.00323229 -0.00323272 -0.00323081 -0.00322655  -0.0032199 -0.00321084 -0.00319929  -0.0031852 -0.00316856 -0.00314958 -0.00312952 -0.00311368 -0.00312348 -0.00324399 -0.00381173 -0.00615572  -0.0155234  -0.0526308   -0.199259   -0.236366   -0.245732   -0.248074   -0.248639   -0.248757   -0.248767   -0.248761   -0.248793   -0.248997   -0.249882
  -0.0117897  -0.00927785  -0.00819414  -0.00750297  -0.00693977  -0.00643545  -0.00597058  -0.00553843  -0.00513562  -0.00475971  -0.00440863  -0.00408045  -0.00377341  -0.00348585   -0.0032162    -0.002963  -0.00272487  -0.00250052  -0.00228882  -0.00208893  -0.00190111  -0.00172979  -0.00159552  -0.00158264   -0.0020269  -0.00425672   -0.0135189   -0.0505289    -0.197067    -0.234091    -0.243382    -0.245654    -0.246155    -0.246214    -0.246167    -0.246098    -0.246029    -0.245965    -0.245906    -0.245854    -0.245807    -0.245765    -0.245728    -0.245697     -0.24567    -0.245647     -0.24563    -0.245616    -0.245607    -0.245601    -0.245598    -0.245592    -0.245562    -0.245422    -0.244835    -0.242473    -0.233088    -0.195964   -0.0493199   -0.0121973  -0.00281527 -0.000457831  0.000122581  0.000255093  0.000276274  0.000271279  0.000261594   0.00025259   0.00024557  0.000240825  0.000238397  0.000238285  0.000240485   0.00024501  0.000251887  0.000261162  0.000272896  0.000287148  0.000303936   0.00032303  0.000343191  0.000359112  0.000349377  0.000228901 -0.000338808   -0.0026828   -0.0120505   -0.0491579    -0.195786    -0.232893    -0.242259    -0.244601    -0.245167    -0.245284    -0.245291    -0.245274    -0.245262     -0.24529    -0.245481    -0.246303
 -0.00927791  -0.00819421  -0.00750304  -0.00693984  -0.00643551  -0.00597064  -0.00553849  -0.00513567  -0.00475977  -0.00440868   -0.0040805  -0.00377345  -0.00348589  -0.00321624  -0.00296303   -0.0027249  -0.00250056  -0.00228885  -0.00208896  -0.00190115  -0.00172982  -0.00159556  -0.00158267  -0.00202694  -0.00425675   -0.0135189   -0.0505289    -0.197067    -0.234091    -0.243382    -0.245654    -0.246155    -0.246214    -0.246167    -0.246098    -0.246029    -0.245965    -0.245906    -0.245854    -0.245807    -0.245765    -0.245728    -0.245697     -0.24567    -0.245647     -0.24563    -0.245616    -0.245607    -0.245601    -0.245598    -0.245593    -0.245562    -0.245422    -0.244835    -0.242474    -0.233089    -0.195964   -0.0493201   -0.0121975  -0.00281552 -0.000458094  0.000122298  0.000254789  0.000275947  0.000270927  0.000261214   0.00025218   0.00024513   0.00024035  0.000237886  0.000237734  0.000239892  0.000244371  0.000251199  0.000260421  0.000272097  0.000286288  0.000303009  0.000322032  0.000342116  0.000357955   0.00034813  0.000227558 -0.000340255  -0.00268436   -0.0120522   -0.0491597    -0.195788    -0.232895    -0.242262    -0.244604    -0.245169    -0.245287    -0.245293    -0.245273    -0.245251    -0.245239    -0.245266    -0.245443    -0.246208
 -0.00819427  -0.00750311   -0.0069399  -0.00643558   -0.0059707  -0.00553854  -0.00513573  -0.00475982  -0.00440872  -0.00408054   -0.0037735  -0.00348593  -0.00321628  -0.00296307  -0.00272494  -0.00250059  -0.00228889  -0.00208899  -0.00190118  -0.00172985  -0.00159559   -0.0015827  -0.00202697  -0.00425678    -0.013519   -0.0505289    -0.197067    -0.234091    -0.243382    -0.245654    -0.246155    -0.246214    -0.246167    -0.246098    -0.246029    -0.245965    -0.245906    -0.245854    -0.245807    -0.245765    -0.245728    -0.245697     -0.24567    -0.245648     -0.24563    -0.245616    -0.245607    -0.245601    -0.245599    -0.245593    -0.245562    -0.245422    -0.244836    -0.242474    -0.233089    -0.195965   -0.0493203   -0.0121977  -0.00281573  -0.00045832  0.000122055  0.000254526  0.000275664  0.000270622  0.000260886  0.000251827   0.00024475  0.000239941  0.000237445  0.000237259  0.000239381   0.00024382  0.000250606  0.000259782  0.000271409  0.000285547  0.000302211  0.000321173   0.00034119  0.000356957  0.000347055    0.0002264 -0.000341502   -0.0026857   -0.0120536   -0.0491613     -0.19579    -0.232897    -0.242264    -0.244606    -0.245171    -0.245289    -0.245295    -0.245275    -0.245251    -0.245229    -0.245217    -0.245243    -0.245408     -0.24612
 -0.00750317  -0.00693997  -0.00643564  -0.00597076   -0.0055386  -0.00513578  -0.00475987  -0.00440877  -0.00408059  -0.00377354  -0.00348597  -0.00321631  -0.00296311  -0.00272497  -0.00250063  -0.00228892  -0.00208902  -0.00190121  -0.00172988  -0.00159561  -0.00158273  -0.00202699  -0.00425681    -0.013519    -0.050529    -0.197067    -0.234091    -0.243382    -0.245654    -0.246155    -0.246214    -0.246167    -0.246098    -0.246029    -0.245965    -0.245906    -0.245854    -0.245807    -0.245765    -0.245729    -0.245697     -0.24567    -0.245648     -0.24563    -0.245616    -0.245607    -0.245602    -0.245599    -0.245593    -0.245562    -0.245422    -0.244836    -0.242474    -0.233089    -0.195965   -0.0493204   -0.0121978  -0.00281591 -0.000458515  0.000121844    0.0002543   0.00027542   0.00027036  0.000260604  0.000251523  0.000244422  0.000239588  0.000237065   0.00023685   0.00023894  0.000243346  0.000250095  0.000259232  0.000270816  0.000284909  0.000301523  0.000320431  0.000340392  0.000356097  0.000346129  0.000225403 -0.000342577  -0.00268686   -0.0120549   -0.0491626    -0.195791    -0.232898    -0.242265    -0.244608    -0.245173    -0.245291    -0.245297    -0.245278    -0.245253    -0.245229    -0.245208    -0.245198    -0.245222    -0.245375    -0.246038
 -0.00694002   -0.0064357  -0.00597082  -0.00553866  -0.00513584  -0.00475992  -0.00440882  -0.00408063  -0.00377358  -0.00348601  -0.00321635  -0.00296314  -0.00272501  -0.00250066  -0.00228895  -0.00208905  -0.00190124  -0.00172991  -0.00159564  -0.00158275  -0.00202702  -0.00425683    -0.013519    -0.050529    -0.197067    -0.234091    -0.243382    -0.245654    -0.246155    -0.246214    -0.246167    -0.246098    -0.246029    -0.245965    -0.245906    -0.245854    -0.245807    -0.245765    -0.245729    -0.245697     -0.24567    -0.245648     -0.24563    -0.245616    -0.245607    -0.245602    -0.245599    -0.245593    -0.245562    -0.245422    -0.244836    -0.242474    -0.233089    -0.195965   -0.0493206    -0.012198  -0.00281607 -0.000458684  0.000121663  0.000254105   0.00027521  0.000270134   0.00026036  0.000251261   0.00024414  0.000239284  0.000236738  0.000236498   0.00023856  0.000242937  0.000249654  0.000258757  0.000270305  0.000284358   0.00030093  0.000319793  0.000339704  0.000355356  0.000345331  0.000224543 -0.000343503  -0.00268786    -0.012056   -0.0491638    -0.195792      -0.2329    -0.242267    -0.244609    -0.245175    -0.245293    -0.245299     -0.24528    -0.245255     -0.24523    -0.245208    -0.245189     -0.24518    -0.245202    -0.245346    -0.245963
 -0.00643575  -0.00597088  -0.00553872  -0.00513589  -0.00475997  -0.00440887  -0.00408068  -0.00377362  -0.00348605  -0.00321639  -0.00296318  -0.00272504  -0.00250069  -0.00228898  -0.00208908  -0.00190127  -0.00172993  -0.00159567  -0.00158278  -0.00202705  -0.00425686    -0.013519    -0.050529    -0.197067    -0.234091    -0.243382    -0.245654    -0.246155    -0.246214    -0.246167    -0.246098    -0.246029    -0.245965    -0.245906    -0.245854    -0.245807    -0.245765    -0.245729    -0.245697     -0.24567    -0.245648     -0.24563    -0.245616    -0.245607    -0.245602    -0.245599    -0.245593    -0.245562    -0.245422    -0.244836    -0.242474    -0.233089    -0.195965   -0.0493207   -0.0121981   -0.0028162 -0.000458829  0.000121507  0.000253937  0.000275029  0.000269939   0.00026015  0.000251035  0.000243896  0.000239022  0.000236456  0.000236194  0.000238233  0.000242584  0.000249274  0.000258349  0.000269865  0.000283884  0.000300419  0.000319242  0.000339111  0.000354717  0.000344643  0.000223802 -0.000344301  -0.00268872   -0.0120569   -0.0491648    -0.195793    -0.232901    -0.242268    -0.244611    -0.245177    -0.245294    -0.245301    -0.245281    -0.245257    -0.245232     -0.24521    -0.245189    -0.245172    -0.245164    -0.245185    -0.245318    -0.245893
 -0.00597092  -0.00553877  -0.00513594  -0.00476002  -0.00440891  -0.00408072  -0.00377366  -0.00348609  -0.00321643  -0.00296321  -0.00272507  -0.00250072  -0.00228901  -0.00208911  -0.00190129  -0.00172996  -0.00159569   -0.0015828  -0.00202707  -0.00425688   -0.0135191    -0.050529    -0.197067    -0.234091    -0.243382    -0.245654    -0.246155    -0.246214    -0.246167    -0.246098    -0.246029    -0.245965    -0.245906    -0.245854    -0.245807    -0.245765    -0.245729    -0.245697     -0.24567    -0.245648     -0.24563    -0.245616    -0.245607    -0.245602    -0.245599    -0.245593    -0.245563    -0.245422    -0.244836    -0.242474    -0.233089    -0.195965   -0.0493208   -0.0121982  -0.00281632 -0.000458954  0.000121372  0.000253792  0.000274873  0.000269771  0.000259969   0.00025084  0.000243687  0.000238796  0.000236213  0.000235932  0.000237951   0.00024228  0.000248947  0.000257996  0.000269485  0.000283475  0.000299979  0.000318768    0.0003386  0.000354167   0.00034405  0.000223163 -0.000344989  -0.00268946   -0.0120577   -0.0491657    -0.195794    -0.232902    -0.242269    -0.244612    -0.245178    -0.245296    -0.245303    -0.245283    -0.245258    -0.245234    -0.245211    -0.245191    -0.245172    -0.245156    -0.245149    -0.245168    -0.245293    -0.245828
 -0.00553881  -0.00513599  -0.00476007  -0.00440896  -0.00408076  -0.00377371  -0.00348613  -0.00321646  -0.00296325  -0.00272511  -0.00250075  -0.00228904  -0.00208914  -0.00190132  -0.00172998  -0.00159572  -0.00158283  -0.00202709   -0.0042569   -0.0135191   -0.0505291    -0.197067    -0.234091    -0.243382    -0.245654    -0.246155    -0.246214    -0.246167    -0.246098    -0.246029    -0.245965    -0.245906    -0.245854    -0.245807    -0.245765    -0.245729    -0.245697     -0.24567    -0.245648     -0.24563    -0.245616    -0.245607    -0.245602    -0.245599    -0.245593    -0.245563    -0.245422    -0.244836    -0.242474    -0.233089    -0.195965   -0.0493209   -0.0121983  -0.00281642 -0.000459063  0.000121255  0.000253666  0.000274738  0.000269626  0.000259813  0.000250672  0.000243506  0.000238601  0.000236003  0.000235706  0.000237708  0.000242018  0.000248665  0.000257692  0.000269158  0.000283122  0.000299599  0.000318359   0.00033816  0.000353693  0.000343539  0.000222613 -0.000345582   -0.0026901   -0.0120584   -0.0491664    -0.195795    -0.232903     -0.24227    -0.244613    -0.245179    -0.245297    -0.245304    -0.245284     -0.24526    -0.245236    -0.245213    -0.245192    -0.245173    -0.245156    -0.245142    -0.245135    -0.245154     -0.24527    -0.245767
 -0.00513603  -0.00476011  -0.00440901  -0.00408081  -0.00377375  -0.00348616   -0.0032165  -0.00296328  -0.00272514  -0.00250078  -0.00228907  -0.00208917  -0.00190134  -0.00173001  -0.00159574  -0.00158285  -0.00202711  -0.00425693   -0.0135191   -0.0505291    -0.197067    -0.234091    -0.243382    -0.245654    -0.246155    -0.246214    -0.246167    -0.246098    -0.246029    -0.245965    -0.245907    -0.245854    -0.245807    -0.245765    -0.245729    -0.245697     -0.24567    -0.245648     -0.24563    -0.245616    -0.245607    -0.245602    -0.245599    -0.245593    -0.245563    -0.245423    -0.244836    -0.242474    -0.233089    -0.195965   -0.0493209   -0.0121984   -0.0028165 -0.000459156  0.000121155  0.000253558  0.000274622  0.000269501  0.000259679  0.000250527   0.00024335  0.000238433  0.000235822  0.000235511  0.000237498  0.000241792  0.000248422   0.00025743  0.000268876  0.000282819  0.000299272  0.000318007   0.00033778  0.000353284  0.000343099  0.000222138 -0.000346093  -0.00269065    -0.012059    -0.049167    -0.195796    -0.232903    -0.242271    -0.244614     -0.24518    -0.245298    -0.245305    -0.245285    -0.245261    -0.245237    -0.245215    -0.245194    -0.245175    -0.245157    -0.245141    -0.245128    -0.245122     -0.24514    -0.245248    -0.245711
 -0.00476015  -0.00440905  -0.00408085  -0.00377379   -0.0034862  -0.00321653  -0.00296332  -0.00272517  -0.00250081   -0.0022891  -0.00208919  -0.00190137  -0.00173003  -0.00159576  -0.00158287  -0.00202713  -0.00425695   -0.0135191   -0.0505291    -0.197067    -0.234091    -0.243382    -0.245654    -0.246155    -0.246214    -0.246167    -0.246098    -0.246029    -0.245965    -0.245907    -0.245854    -0.245807    -0.245765    -0.245729    -0.245697     -0.24567    -0.245648     -0.24563    -0.245617    -0.245607    -0.245602    -0.245599    -0.245593    -0.245563    -0.245423    -0.244836    -0.242474    -0.233089    -0.195965    -0.049321   -0.0121985  -0.00281658 -0.000459237  0.000121068  0.000253465  0.000274522  0.000269393  0.000259563  0.000250402  0.000243215  0.000238289  0.000235666  0.000235343  0.000237317  0.000241598  0.000248212  0.000257205  0.000268633  0.000282557   0.00029899  0.000317703  0.000337453  0.000352931  0.000342719   0.00022173 -0.000346533  -0.00269112   -0.0120595   -0.0491676    -0.195796    -0.232904    -0.242271    -0.244614    -0.245181    -0.245299    -0.245306    -0.245286    -0.245262    -0.245238    -0.245216    -0.245195    -0.245176    -0.245159    -0.245143    -0.245128    -0.245116    -0.245111    -0.245128    -0.245229     -0.24566
 -0.00440908  -0.00408089  -0.00377383  -0.00348624  -0.00321657  -0.00296335   -0.0027252  -0.00250084  -0.00228912  -0.00208922   -0.0019014  -0.00173006  -0.00159579  -0.00158289  -0.00202716  -0.00425697   -0.0135191   -0.0505291    -0.197067    -0.234091    -0.243382    -0.245654    -0.246155    -0.246214    -0.246167    -0.246098    -0.246029    -0.245965    -0.245907    -0.245854    -0.245807    -0.245765    -0.245729    -0.245697     -0.24567    -0.245648     -0.24563    -0.245617    -0.245607    -0.245602    -0.245599    -0.245593    -0.245563    -0.245423    -0.244836    -0.242474    -0.233089    -0.195965   -0.0493211   -0.0121985  -0.00281664 -0.000459306  0.000120994  0.000253385  0.000274435    0.0002693  0.000259462  0.000250294  0.000243099  0.000238164  0.000235532  0.000235199  0.000237161   0.00024143  0.000248032   0.00025701  0.000268423  0.000282331  0.000298747  0.000317441  0.000337171  0.000352628  0.000342392  0.000221377 -0.000346913  -0.00269153   -0.0120599   -0.0491681    -0.195797    -0.232905    -0.242272    -0.244615    -0.245181      -0.2453    -0.245307    -0.245287    -0.245263    -0.245239    -0.245217    -0.245196    -0.245177     -0.24516    -0.245144    -0.245129    -0.245116    -0.245105    -0.245101    -0.245116     -0.24521    -0.245612
 -0.00408092  -0.00377387  -0.00348628   -0.0032166  -0.00296338  -0.00272523  -0.00250087  -0.00228915  -0.00208924  -0.00190142  -0.00173008  -0.00159581  -0.00158291  -0.00202718  -0.00425698   -0.0135192   -0.0505291    -0.197067    -0.234091    -0.243382    -0.245654    -0.246155    -0.246214    -0.246167    -0.246098    -0.246029    -0.245965    -0.245907    -0.245854    -0.245807    -0.245765    -0.245729    -0.245697     -0.24567    -0.245648     -0.24563    -0.245617    -0.245607    -0.245602    -0.245599    -0.245593    -0.245563    -0.245423    -0.244836    -0.242474    -0.233089    -0.195965   -0.0493211   -0.0121986   -0.0028167 -0.000459366  0.000120929  0.000253315   0.00027436  0.000269219  0.000259376  0.000250202  0.000242999  0.000238056  0.000235416  0.000235074  0.000237027  0.000241285  0.000247876  0.000256842  0.000268243  0.000282137  0.000298537  0.000317216  0.000336928  0.000352366   0.00034211  0.000221074  -0.00034724  -0.00269188   -0.0120603   -0.0491685    -0.195797    -0.232905    -0.242272    -0.244616    -0.245182      -0.2453    -0.245307    -0.245288    -0.245264     -0.24524    -0.245218    -0.245197    -0.245178    -0.245161    -0.245145    -0.245131    -0.245117    -0.245105    -0.245095    -0.245091    -0.245106    -0.245194    -0.245567
  -0.0037739  -0.00348631  -0.00321664  -0.00296342  -0.00272526   -0.0025009  -0.00228918  -0.00208927  -0.00190144   -0.0017301  -0.00159583  -0.00158293   -0.0020272    -0.004257   -0.0135192   -0.0505292    -0.197067    -0.234091    -0.243382    -0.245654    -0.246155    -0.246214    -0.246167    -0.246098    -0.246029    -0.245965    -0.245907    -0.245854    -0.245807    -0.245765    -0.245729    -0.245697     -0.24567    -0.245648     -0.24563    -0.245617    -0.245607    -0.245602    -0.245599    -0.245593    -0.245563    -0.245423    -0.244836    -0.242474    -0.233089    -0.195965   -0.0493211   -0.0121986  -0.00281675 -0.000459418  0.000120873  0.000253255  0.000274296   0.00026915  0.000259301  0.000250121  0.000242913  0.000237963  0.000235316  0.000234966  0.000236911  0.000241161  0.000247742  0.000256698  0.000268087  0.000281969  0.000298357  0.000317021  0.000336719   0.00035214  0.000341867  0.000220812 -0.000347522  -0.00269219   -0.0120606   -0.0491688    -0.195798    -0.232906    -0.242273    -0.244616    -0.245182    -0.245301    -0.245308    -0.245289    -0.245265    -0.245241    -0.245219    -0.245198    -0.245179    -0.245162    -0.245146    -0.245132    -0.245118    -0.245106    -0.245095    -0.245086    -0.245082    -0.245096    -0.245178    -0.245526
 -0.00348634  -0.00321667  -0.00296345   -0.0027253  -0.00250093  -0.00228921   -0.0020893  -0.00190147  -0.00173013  -0.00159585  -0.00158295  -0.00202721  -0.00425702   -0.0135192   -0.0505292    -0.197067    -0.234091    -0.243382    -0.245654    -0.246155    -0.246214    -0.246167    -0.246098    -0.246029    -0.245965    -0.245907    -0.245854    -0.245807    -0.245765    -0.245729    -0.245697     -0.24567    -0.245648     -0.24563    -0.245617    -0.245607    -0.245602    -0.245599    -0.245593    -0.245563    -0.245423    -0.244836    -0.242474    -0.233089    -0.195965   -0.0493212   -0.0121987  -0.00281679 -0.000459463  0.000120825  0.000253203   0.00027424   0.00026909  0.000259237  0.000250052  0.000242838  0.000237883   0.00023523  0.000234873  0.000236811  0.000241053  0.000247626  0.000256573  0.000267953  0.000281825  0.000298201  0.000316854  0.000336538  0.000351946  0.000341658  0.000220586 -0.000347765  -0.00269245   -0.0120609   -0.0491691    -0.195798    -0.232906    -0.242273    -0.244616    -0.245183    -0.245301    -0.245308    -0.245289    -0.245265    -0.245241    -0.245219    -0.245199     -0.24518    -0.245163    -0.245147    -0.245133    -0.245119    -0.245107    -0.245096    -0.245086    -0.245078    -0.245075    -0.245088    -0.245164    -0.245487
  -0.0032167  -0.00296348  -0.00272533  -0.00250096  -0.00228923  -0.00208932  -0.00190149  -0.00173015  -0.00159587  -0.00158297  -0.00202723  -0.00425704   -0.0135192   -0.0505292    -0.197067    -0.234092    -0.243382    -0.245654    -0.246155    -0.246214    -0.246167    -0.246098    -0.246029    -0.245965    -0.245907    -0.245854    -0.245807    -0.245765    -0.245729    -0.245697     -0.24567    -0.245648     -0.24563    -0.245617    -0.245607    -0.245602    -0.245599    -0.245593    -0.245563    -0.245423    -0.244836    -0.242474     -0.23309    -0.195965   -0.0493212   -0.0121987  -0.00281683 -0.000459502  0.000120783  0.000253159  0.000274192  0.000269038  0.000259182  0.000249992  0.000242774  0.000237814  0.000235155  0.000234793  0.000236725   0.00024096  0.000247526  0.000256466  0.000267837    0.0002817  0.000298067  0.000316709  0.000336382  0.000351778  0.000341477  0.000220392 -0.000347974  -0.00269268   -0.0120611   -0.0491694    -0.195798    -0.232906    -0.242274    -0.244617    -0.245183    -0.245302    -0.245309     -0.24529    -0.245266    -0.245242     -0.24522      -0.2452    -0.245181    -0.245164    -0.245148    -0.245134     -0.24512    -0.245108    -0.245097    -0.245087    -0.245078     -0.24507    -0.245067     -0.24508    -0.245151    -0.245452
  -0.0029635  -0.00272535  -0.00250099  -0.00228926  -0.00208935  -0.00190152  -0.00173017  -0.00159589  -0.00158299  -0.00202725  -0.00425706   -0.0135192   -0.0505292    -0.197067    -0.234092    -0.243382    -0.245654    -0.246155    -0.246214    -0.246167    -0.246098    -0.246029    -0.245965    -0.245907    -0.245854    -0.245807    -0.245765    -0.245729    -0.245697     -0.24567    -0.245648     -0.24563    -0.245617    -0.245607    -0.245602    -0.245599    -0.245593    -0.245563    -0.245423    -0.244836    -0.242474     -0.23309    -0.195966   -0.0493212   -0.0121987  -0.00281686 -0.000459536  0.000120747   0.00025312   0.00027415  0.000268994  0.000259134  0.000249941  0.000242719  0.000237754  0.000235091  0.000234724  0.000236651   0.00024088   0.00024744  0.000256373  0.000267737  0.000281593  0.000297951  0.000316585  0.000336248  0.000351634  0.000341322  0.000220225 -0.000348154  -0.00269287   -0.0120614   -0.0491696    -0.195799    -0.232906    -0.242274    -0.244617    -0.245183    -0.245302    -0.245309     -0.24529    -0.245266    -0.245242     -0.24522      -0.2452    -0.245181    -0.245164    -0.245149    -0.245134    -0.245121    -0.245109    -0.245098    -0.245088    -0.245079     -0.24507    -0.245064    -0.245061    -0.245072    -0.245139    -0.245419
 -0.00272538  -0.00250102  -0.00228929  -0.00208937  -0.00190154  -0.00173019  -0.00159591  -0.00158301  -0.00202727  -0.00425707   -0.0135192   -0.0505292    -0.197068    -0.234092    -0.243382    -0.245654    -0.246155    -0.246214    -0.246167    -0.246098    -0.246029    -0.245965    -0.245907    -0.245854    -0.245807    -0.245765    -0.245729    -0.245697     -0.24567    -0.245648     -0.24563    -0.245617    -0.245607    -0.245602    -0.245599    -0.245593    -0.245563    -0.245423    -0.244836    -0.242474     -0.23309    -0.195966   -0.0493213   -0.0121988  -0.00281689 -0.000459565  0.000120716  0.000253086  0.000274114  0.000268955  0.000259092  0.000249896  0.000242671  0.000237703  0.000235036  0.000234665  0.000236587  0.000240811  0.000247366  0.000256293  0.000267651    0.0002815  0.000297852  0.000316477  0.000336133  0.000351509  0.000341188   0.00022008  -0.00034831  -0.00269304   -0.0120615   -0.0491698    -0.195799    -0.232907    -0.242274    -0.244617    -0.245184    -0.245302     -0.24531     -0.24529    -0.245266    -0.245243    -0.245221    -0.245201    -0.245182    -0.245165    -0.245149    -0.245135    -0.245122     -0.24511    -0.245099    -0.245089    -0.245079    -0.245071    -0.245063    -0.245057    -0.245055    -0.245066    -0.245128    -0.245388
 -0.00250104  -0.00228931   -0.0020894  -0.00190156  -0.00173022  -0.00159594  -0.00158303  -0.00202729  -0.00425709   -0.0135193   -0.0505292    -0.197068    -0.234092    -0.243382    -0.245654    -0.246155    -0.246214    -0.246167    -0.246098    -0.246029    -0.245965    -0.245907    -0.245854    -0.245807    -0.245765    -0.245729    -0.245697     -0.24567    -0.245648     -0.24563    -0.245617    -0.245607    -0.245602    -0.245599    -0.245593    -0.245563    -0.245423    -0.244836    -0.242474     -0.23309    -0.195966   -0.0493213   -0.0121988  -0.00281691  -0.00045959  0.000120689  0.000253057  0.000274083  0.000268922  0.000259056  0.000249858  0.000242629  0.000237658  0.000234988  0.000234613  0.000236531  0.000240752  0.000247302  0.000256224  0.000267577   0.00028142  0.000297766  0.000316385  0.000336033  0.000351402  0.000341072  0.000219956 -0.000348444  -0.00269318   -0.0120617     -0.04917    -0.195799    -0.232907    -0.242274    -0.244618    -0.245184    -0.245303     -0.24531    -0.245291    -0.245267    -0.245243    -0.245221    -0.245201    -0.245182    -0.245165     -0.24515    -0.245136    -0.245122     -0.24511      -0.2451    -0.245089     -0.24508    -0.245072    -0.245064    -0.245057    -0.245052     -0.24505     -0.24506    -0.245117     -0.24536
 -0.00228933  -0.00208942  -0.00190159  -0.00173024  -0.00159596  -0.00158305  -0.00202731  -0.00425711   -0.0135193   -0.0505293    -0.197068    -0.234092    -0.243382    -0.245654    -0.246155    -0.246214    -0.246167    -0.246098    -0.246029    -0.245965    -0.245907    -0.245854    -0.245807    -0.245765    -0.245729    -0.245697     -0.24567    -0.245648     -0.24563    -0.245617    -0.245607    -0.245602    -0.245599    -0.245593    -0.245563    -0.245423    -0.244836    -0.242474     -0.23309    -0.195966   -0.0493213   -0.0121988  -0.00281693 -0.000459612  0.000120665  0.000253032  0.000274056  0.000268893  0.000259025  0.000249824  0.000242594   0.00023762  0.000234947  0.000234569  0.000236484  0.000240701  0.000247246  0.000256165  0.000267513  0.000281351  0.000297692  0.000316305  0.000335947   0.00035131  0.000340972  0.000219848  -0.00034856  -0.00269331   -0.0120618   -0.0491701    -0.195799    -0.232907    -0.242275    -0.244618    -0.245184    -0.245303     -0.24531    -0.245291    -0.245267    -0.245244    -0.245222    -0.245201    -0.245183    -0.245166     -0.24515    -0.245136    -0.245123    -0.245111      -0.2451     -0.24509    -0.245081    -0.245072    -0.245065    -0.245058    -0.245051    -0.245046    -0.245045    -0.245054    -0.245108    -0.245334
 -0.00234784  -0.00220711  -0.00203064  -0.00187921  -0.00184724  -0.00227298  -0.00448538   -0.0137313   -0.0507262     -0.19725    -0.234261     -0.24354    -0.245801    -0.246291    -0.246341    -0.246284    -0.246207     -0.24613    -0.246059    -0.245994    -0.245935    -0.245882    -0.245835    -0.245794    -0.245757    -0.245726      -0.2457    -0.245678    -0.245661    -0.245649     -0.24564    -0.245635    -0.245626    -0.245593    -0.245451    -0.244863    -0.242499    -0.233112    -0.195987   -0.0493409    -0.012217  -0.00283395 -0.000475532   0.00010573  0.000238973  0.000260767   0.00025627  0.000246966  0.000238226  0.000231353  0.000226633  0.000224108   0.00022377  0.000225612  0.000229639  0.000235873   0.00024435  0.000255122  0.000268238  0.000283702  0.000301272  0.000319693  0.000333642  0.000321684  0.000198712 -0.000371787  -0.00271889   -0.0120901   -0.0492013    -0.195834    -0.232945    -0.242317    -0.244665    -0.245236     -0.24536    -0.245374    -0.245361    -0.245345     -0.24533    -0.245317    -0.245306    -0.245299    -0.245294    -0.245291    -0.245292    -0.245295      -0.2453    -0.245308    -0.245319    -0.245333    -0.245349    -0.245367     -0.24538     -0.24537    -0.245255    -0.244716    -0.242491    -0.233602    -0.198392   -0.0592595
 -0.00220486  -0.00202798   -0.0018766  -0.00184479   -0.0022707  -0.00448327   -0.0137294   -0.0507244    -0.197249     -0.23426    -0.243538    -0.245799     -0.24629    -0.246339    -0.246283    -0.246206     -0.24613    -0.246058    -0.245993    -0.245934    -0.245882    -0.245835    -0.245793    -0.245757    -0.245726    -0.245699    -0.245678    -0.245661    -0.245649     -0.24564    -0.245635    -0.245626    -0.245593    -0.245451    -0.244863    -0.242499    -0.233113    -0.195987   -0.0493413   -0.0122175  -0.00283447 -0.000476121  0.000105075  0.000238249   0.00025997  0.000255396   0.00024601  0.000237183  0.000230219  0.000225401  0.000222772  0.000222323  0.000224046  0.000227947  0.000234046  0.000242379  0.000252995  0.000265946  0.000281232  0.000298613   0.00031683  0.000330561  0.000318367  0.000195145 -0.000375625  -0.00272302   -0.0120945   -0.0492061    -0.195839    -0.232951    -0.242323    -0.244671    -0.245243    -0.245368    -0.245381     -0.24537    -0.245354    -0.245339    -0.245327    -0.245318    -0.245311    -0.245307    -0.245306    -0.245307    -0.245311    -0.245318    -0.245327    -0.245339    -0.245355    -0.245372    -0.245391    -0.245406    -0.245396    -0.245276    -0.244708    -0.242367     -0.23301    -0.195944   -0.0494763   -0.0130007
 -0.00202732  -0.00187582  -0.00184402  -0.00226998  -0.00448259   -0.0137287   -0.0507238    -0.197248    -0.234259    -0.243538    -0.245799     -0.24629    -0.246339    -0.246283    -0.246206    -0.246129    -0.246058    -0.245993    -0.245934    -0.245881    -0.245834    -0.245793    -0.245757    -0.245726    -0.245699    -0.245678    -0.245661    -0.245648     -0.24564    -0.245634    -0.245626    -0.245593    -0.245451    -0.244863    -0.242499    -0.233112    -0.195987   -0.0493413   -0.0122175   -0.0028345 -0.000476157   0.00010503  0.000238194  0.000259905   0.00025532  0.000245924  0.000237087   0.00023011  0.000225281   0.00022264  0.000222178  0.000223887  0.000227774  0.000233857  0.000242174  0.000252774  0.000265706  0.000280973  0.000298334  0.000316529  0.000330237  0.000318019   0.00019477 -0.000376027  -0.00272345    -0.012095   -0.0492066    -0.195839    -0.232951    -0.242323    -0.244672    -0.245244    -0.245368    -0.245382    -0.245371    -0.245355     -0.24534    -0.245328    -0.245319    -0.245312    -0.245308    -0.245307    -0.245308    -0.245312    -0.245319    -0.245329    -0.245341    -0.245357    -0.245375    -0.245394    -0.245409    -0.245399    -0.245278     -0.24471    -0.242366    -0.232995    -0.195871    -0.049179   -0.0118151  -0.00142916
 -0.00187557  -0.00184372  -0.00226968  -0.00448232   -0.0137285   -0.0507236    -0.197248    -0.234259    -0.243538    -0.245799     -0.24629    -0.246339    -0.246283    -0.246206    -0.246129    -0.246058    -0.245993    -0.245934    -0.245881    -0.245834    -0.245793    -0.245757    -0.245725    -0.245699    -0.245678    -0.245661    -0.245648     -0.24564    -0.245634    -0.245626    -0.245593    -0.245451    -0.244863    -0.242499    -0.233112    -0.195987   -0.0493412   -0.0122174  -0.00283442 -0.000476079  0.000105111  0.000238278  0.000259994  0.000255414  0.000246022  0.000237191  0.000230221  0.000225399  0.000222765  0.000222311   0.00022403  0.000227926  0.000234021  0.000242349  0.000252962  0.000265908   0.00028119  0.000298567   0.00031678  0.000330507   0.00031831  0.000195083  -0.00037569  -0.00272309   -0.0120946   -0.0492062    -0.195839    -0.232951    -0.242323    -0.244671    -0.245243    -0.245368    -0.245382     -0.24537    -0.245354    -0.245339    -0.245327    -0.245318    -0.245311    -0.245307    -0.245306    -0.245307    -0.245311    -0.245318    -0.245327    -0.245339    -0.245355    -0.245372    -0.245391    -0.245406    -0.245396    -0.245275    -0.244707    -0.242363    -0.232994    -0.195882   -0.0492328   -0.0120402  -0.00233135    0.0013663
 -0.00184358  -0.00226951  -0.00448215   -0.0137283   -0.0507234    -0.197248    -0.234259    -0.243537    -0.245799     -0.24629    -0.246339    -0.246283    -0.246206    -0.246129    -0.246058    -0.245993    -0.245934    -0.245881    -0.245834    -0.245793    -0.245757    -0.245725    -0.245699    -0.245678    -0.245661    -0.245648     -0.24564    -0.245634    -0.245626    -0.245593    -0.245451    -0.244863    -0.242499    -0.233112    -0.195987   -0.0493411   -0.0122174  -0.00283434 -0.000475986  0.000105209  0.000238382  0.000260104  0.000255531  0.000246148  0.000237325  0.000230364  0.000225552  0.000222929  0.000222487  0.000224219  0.000228129  0.000234238  0.000242583  0.000253213  0.000266179  0.000281481   0.00029888  0.000317117  0.000330869  0.000318699  0.000195503 -0.000375239   -0.0027226    -0.012094   -0.0492056    -0.195838     -0.23295    -0.242322     -0.24467    -0.245242    -0.245367    -0.245381    -0.245369    -0.245353    -0.245338    -0.245326    -0.245316     -0.24531    -0.245305    -0.245304    -0.245305    -0.245309    -0.245316    -0.245325    -0.245337    -0.245352    -0.245369    -0.245388    -0.245403    -0.245392    -0.245271    -0.244703    -0.242359    -0.232991    -0.195882   -0.0492492   -0.0121209  -0.00266784  1.89968e-05   0.00194853
  -0.0022694  -0.00448202   -0.0137282   -0.0507233    -0.197248    -0.234259    -0.243537    -0.245799    -0.246289    -0.246339    -0.246283    -0.246206    -0.246129    -0.246058    -0.245993    -0.245934    -0.245881    -0.245834    -0.245793    -0.245756    -0.245725    -0.245699    -0.245678    -0.245661    -0.245648     -0.24564    -0.245634    -0.245626    -0.245593    -0.245451    -0.244863    -0.242499    -0.233112    -0.195987   -0.0493411   -0.0122173  -0.00283425   -0.0004759  0.000105301   0.00023848  0.000260208  0.000255642  0.000246266  0.000237451    0.0002305  0.000225697  0.000223084  0.000222654  0.000224398  0.000228321  0.000234444  0.000242805  0.000253451  0.000266434  0.000281756  0.000299176  0.000317435  0.000331211  0.000319068    0.0001959 -0.000374811  -0.00272214   -0.0120935   -0.0492051    -0.195838     -0.23295    -0.242321     -0.24467    -0.245241    -0.245366     -0.24538    -0.245368    -0.245352    -0.245337    -0.245325    -0.245315    -0.245308    -0.245304    -0.245302    -0.245303    -0.245307    -0.245314    -0.245323    -0.245335    -0.245349    -0.245367    -0.245385      -0.2454    -0.245389    -0.245268    -0.244699    -0.242355    -0.232987    -0.195879   -0.0492495   -0.0121378  -0.00275079 -0.000326252  0.000566421    0.0019793
 -0.00448192   -0.0137281   -0.0507232    -0.197248    -0.234259    -0.243537    -0.245798    -0.246289    -0.246339    -0.246282    -0.246206    -0.246129    -0.246058    -0.245993    -0.245934    -0.245881    -0.245834    -0.245793    -0.245756    -0.245725    -0.245699    -0.245677    -0.245661    -0.245648     -0.24564    -0.245634    -0.245626    -0.245593    -0.245451    -0.244863    -0.242499    -0.233112    -0.195987    -0.049341   -0.0122172  -0.00283418 -0.000475823  0.000105382  0.000238567  0.000260301  0.000255741  0.000246371  0.000237563   0.00023062  0.000225825  0.000223222  0.000222801  0.000224556  0.000228491  0.000234627  0.000243001  0.000253662  0.000266661  0.000281999  0.000299437  0.000317717  0.000331514  0.000319394   0.00019625 -0.000374434  -0.00272174   -0.0120931   -0.0492046    -0.195837    -0.232949    -0.242321    -0.244669    -0.245241    -0.245365    -0.245379    -0.245367    -0.245351    -0.245336    -0.245324    -0.245314    -0.245307    -0.245303    -0.245301    -0.245302    -0.245305    -0.245312    -0.245321    -0.245333    -0.245347    -0.245364    -0.245383    -0.245397    -0.245386    -0.245264    -0.244696    -0.242351    -0.232983    -0.195875   -0.0492462   -0.0121381  -0.00276686 -0.000405401  0.000237059  0.000660875   0.00187888
   -0.013728   -0.0507231    -0.197248    -0.234259    -0.243537    -0.245798    -0.246289    -0.246339    -0.246282    -0.246205    -0.246129    -0.246057    -0.245992    -0.245934    -0.245881    -0.245834    -0.245793    -0.245756    -0.245725    -0.245699    -0.245677    -0.245661    -0.245648     -0.24564    -0.245634    -0.245626    -0.245593    -0.245451    -0.244862    -0.242499    -0.233112    -0.195987   -0.0493409   -0.0122171  -0.00283412 -0.000475754  0.000105454  0.000238643  0.000260382  0.000255827  0.000246463  0.000237661  0.000230724  0.000225937  0.000223342   0.00022293  0.000224693  0.000228638  0.000234785  0.000243171  0.000253845  0.000266857  0.000282211  0.000299664  0.000317961  0.000331777  0.000319677  0.000196555 -0.000374106  -0.00272138   -0.0120927   -0.0492042    -0.195837    -0.232949     -0.24232    -0.244668     -0.24524    -0.245365    -0.245378    -0.245366     -0.24535    -0.245335    -0.245323    -0.245313    -0.245306    -0.245301      -0.2453      -0.2453    -0.245304     -0.24531    -0.245319    -0.245331    -0.245345    -0.245362     -0.24538    -0.245395    -0.245383    -0.245262    -0.244693    -0.242348    -0.232979    -0.195871   -0.0492425    -0.012135  -0.00276723 -0.000420469  0.000162913  0.000352382  0.000644033    0.0017531
   -0.050723    -0.197247    -0.234259    -0.243537    -0.245798    -0.246289    -0.246339    -0.246282    -0.246205    -0.246129    -0.246057    -0.245992    -0.245934    -0.245881    -0.245834    -0.245793    -0.245756    -0.245725    -0.245699    -0.245677    -0.245661    -0.245648     -0.24564    -0.245634    -0.245626    -0.245593    -0.245451    -0.244862    -0.242499    -0.233112    -0.195987   -0.0493409   -0.0122171  -0.00283406 -0.000475694  0.000105518   0.00023871  0.000260453  0.000255902  0.000246543  0.000237747  0.000230815  0.000226035  0.000223446  0.000223041  0.000224813  0.000228766  0.000234923  0.000243318  0.000254003  0.000267027  0.000282393  0.000299861  0.000318172  0.000332004  0.000319921  0.000196818 -0.000373823  -0.00272108   -0.0120924   -0.0492038    -0.195836    -0.232948     -0.24232    -0.244668     -0.24524    -0.245364    -0.245378    -0.245366     -0.24535    -0.245335    -0.245322    -0.245312    -0.245305      -0.2453    -0.245299    -0.245299    -0.245303    -0.245309    -0.245318    -0.245329    -0.245344     -0.24536    -0.245378    -0.245393    -0.245381    -0.245259     -0.24469    -0.242345    -0.232976    -0.195868    -0.049239   -0.0121315  -0.00276435 -0.000420824  0.000148858  0.000283265  0.000356497  0.000602179    0.0016282
   0.0639448    0.0224648    0.0115139   0.00832688   0.00713491    0.0064746   0.00597334   0.00553499   0.00513352   0.00476079   0.00441331   0.00408882    0.0037855   0.00350169   0.00323585   0.00298655   0.00275245   0.00253226   0.00232479   0.00212892   0.00194366   0.00176833   0.00160333   0.00145319   0.00133861     0.001344   0.00180525   0.00405083    0.0133276    0.0503512     0.196902     0.233938     0.243239     0.245522     0.246032       0.2461      0.24606     0.245999     0.245937      0.24588     0.245827      0.24578     0.245738     0.245702     0.245669     0.245642     0.245619       0.2456     0.245586     0.245575     0.245569     0.245566     0.245565     0.245562     0.245534     0.245395     0.244811      0.24245     0.233067     0.195944    0.0493013    0.0121799   0.00279909   0.00044271 -0.000136725 -0.000268337  -0.00028869 -0.000282935 -0.000272552  -0.00026291 -0.000255309 -0.000250035  -0.00024713 -0.000246587 -0.000248402 -0.000252584 -0.000259161 -0.000268175 -0.000279685 -0.000293752  -0.00031039  -0.00032937 -0.000349451 -0.000365327  -0.00035558 -0.000235127  0.000332526   0.00267643     0.012044    0.0491513     0.195779     0.232886     0.242252     0.244594      0.24516     0.245281     0.245302     0.245343     0.245565     0.246515
   0.0224151    0.0114551   0.00826906   0.00708038   0.00642372     0.005926   0.00549098   0.00509261   0.00472277   0.00437797   0.00405597   0.00375495   0.00347328   0.00320944   0.00296199   0.00272959   0.00251099   0.00230499   0.00211049   0.00192649   0.00175233   0.00158842   0.00143929   0.00132568    0.0013321   0.00179482   0.00404388    0.0133322    0.0503993      0.19712     0.234199     0.243512     0.245797     0.246309     0.246377     0.246338     0.246277     0.246216     0.246158     0.246106     0.246059     0.246018     0.245981     0.245949     0.245922     0.245899     0.245881     0.245866     0.245856      0.24585     0.245847     0.245847     0.245843     0.245815     0.245677     0.245092     0.242732     0.233349     0.196226    0.0495833     0.012462   0.00308122  0.000724911  0.000145552   1.4014e-05 -6.26545e-06 -4.37191e-07  1.00182e-05  1.97333e-05  2.74077e-05  3.27565e-05  3.57385e-05    3.636e-05  3.46258e-05  3.05269e-05  2.40371e-05  1.51132e-05   3.6975e-06 -1.02701e-05 -2.68029e-05 -4.56726e-05 -6.56368e-05 -8.13885e-05 -7.15101e-05  4.90832e-05  0.000616885   0.00296095    0.0123287    0.0494361     0.196064     0.233171     0.242537      0.24488     0.245445     0.245563     0.245572     0.245566     0.245599     0.245803     0.246687
   0.0114454   0.00825759   0.00706909   0.00641307   0.00591607   0.00548174   0.00508402   0.00471479   0.00437055   0.00404907   0.00374854   0.00346732    0.0032039   0.00295683    0.0027248   0.00250653   0.00230085   0.00210663    0.0019229   0.00174899   0.00158531   0.00143639   0.00132298   0.00132962   0.00179264   0.00404235    0.0133328    0.0504078     0.197159     0.234246     0.243561     0.245847     0.246359     0.246427     0.246389     0.246328     0.246266     0.246209     0.246157      0.24611     0.246069     0.246032        0.246     0.245973      0.24595     0.245932     0.245917     0.245907     0.245901     0.245898     0.245898     0.245894     0.245866     0.245728     0.245144     0.242784       0.2334     0.196278    0.0496349    0.0125136   0.00313288  0.000776604  0.000197278  6.57752e-05  4.55318e-05  5.13976e-05  6.18922e-05  7.16484e-05   7.9366e-05  8.47604e-05  8.77906e-05  8.84632e-05  8.67832e-05   8.2742e-05  7.63137e-05  6.74554e-05  5.61098e-05  4.22171e-05  2.57645e-05  6.98079e-06 -1.28913e-05 -2.85441e-05 -1.85596e-05  0.000102148  0.000670072   0.00301427    0.0123822    0.0494898     0.196118     0.233225     0.242592     0.244934     0.245499     0.245617     0.245623     0.245606     0.245595     0.245623     0.245814     0.246636
  0.00825893   0.00707068   0.00641463   0.00591755   0.00548312   0.00508531   0.00471598   0.00437166    0.0040501    0.0037495   0.00346822   0.00320473   0.00295761   0.00272552   0.00250721   0.00230147   0.00210721   0.00192345    0.0017495   0.00158578   0.00143684    0.0013234      0.00133   0.00179298   0.00404261    0.0133328    0.0504068     0.197155     0.234241     0.243555     0.245841     0.246353     0.246421     0.246383     0.246322      0.24626     0.246203     0.246151     0.246104     0.246063     0.246026     0.245994     0.245967     0.245944     0.245926     0.245911     0.245901     0.245895     0.245892     0.245892     0.245888      0.24586     0.245722     0.245138     0.242778     0.233394     0.196272    0.0496288    0.0125076   0.00312686  0.000770603  0.000191296  5.98131e-05  3.95917e-05  4.54815e-05  5.60021e-05  6.57865e-05  7.35346e-05  7.89621e-05  8.20281e-05  8.27392e-05   8.1101e-05  7.71049e-05  7.07252e-05  6.19194e-05  5.06304e-05  3.67988e-05  2.04121e-05   1.6994e-06 -1.80961e-05 -3.36664e-05 -2.35929e-05  9.72104e-05  0.000665238   0.00300954    0.0123776    0.0494853     0.196114     0.233221     0.242588      0.24493     0.245495     0.245613     0.245619       0.2456     0.245578     0.245566     0.245592      0.24577     0.246535
   0.0070739   0.00641845    0.0059213   0.00548665   0.00508861   0.00471905   0.00437451   0.00405276   0.00375197   0.00347051   0.00320686   0.00295959   0.00272737   0.00250892   0.00230307    0.0021087   0.00192484   0.00175079   0.00158699   0.00143796   0.00132445   0.00133097   0.00179386   0.00404328    0.0133329    0.0504047     0.197144     0.234228     0.243541     0.245827     0.246339     0.246407     0.246369     0.246308     0.246246     0.246189     0.246137      0.24609     0.246049     0.246012      0.24598     0.245953      0.24593     0.245911     0.245897     0.245887     0.245881     0.245878     0.245878     0.245874     0.245846     0.245708     0.245123     0.242763      0.23338     0.196258    0.0496147    0.0124934   0.00311273  0.000756481  0.000177188  4.57201e-05  2.55155e-05  3.14238e-05  4.19649e-05  5.17717e-05  5.95445e-05  6.49988e-05  6.80941e-05  6.88372e-05  6.72336e-05  6.32751e-05  5.69362e-05  4.81746e-05  3.69334e-05  2.31537e-05  6.82288e-06 -1.18294e-05 -3.15596e-05 -4.70594e-05 -3.69098e-05  8.39755e-05  0.000652092   0.00299649    0.0123646    0.0494724     0.196101     0.233208     0.242575     0.244918     0.245483     0.245601     0.245607     0.245587     0.245563     0.245541      0.24553     0.245555      0.24572     0.246433
  0.00642162   0.00592505   0.00549035   0.00509209   0.00472231   0.00437754   0.00405557   0.00375459   0.00347295   0.00320913    0.0029617   0.00272933   0.00251075   0.00230477   0.00211028   0.00192631   0.00175216   0.00158826   0.00143915   0.00132555     0.001332   0.00179478   0.00404402     0.013333    0.0504028     0.197134     0.234216     0.243529     0.245815     0.246327     0.246395     0.246356     0.246295     0.246233     0.246176     0.246124     0.246077     0.246036     0.245999     0.245967      0.24594     0.245917     0.245899     0.245884     0.245874     0.245868     0.245865     0.245865     0.245861     0.245833     0.245695      0.24511      0.24275     0.233367     0.196245    0.0496017    0.0124805   0.00309976  0.000743527  0.000164244  3.27887e-05  1.25979e-05  1.85215e-05  2.90796e-05  3.89052e-05  4.66986e-05  5.21757e-05  5.52957e-05  5.60659e-05  5.44919e-05  5.05654e-05  4.42613e-05  3.55375e-05  2.43373e-05  1.06018e-05   -5.681e-06 -2.42814e-05 -4.39556e-05 -5.93948e-05 -4.91798e-05  7.17761e-05  0.000639969   0.00298445    0.0123527    0.0494606     0.196089     0.233197     0.242564     0.244906     0.245472      0.24559     0.245596     0.245576     0.245552     0.245528     0.245508     0.245497     0.245521     0.245675     0.246338
  0.00592886   0.00549485   0.00509652   0.00472649   0.00438144    0.0040592   0.00375796   0.00347608   0.00321204   0.00296441   0.00273185   0.00251309   0.00230695   0.00211231    0.0019282   0.00175392    0.0015899   0.00144068   0.00132697   0.00133331   0.00179597   0.00404498    0.0133334    0.0504008     0.197123     0.234203     0.243515     0.245801     0.246312     0.246381     0.246342     0.246281     0.246219     0.246162      0.24611     0.246063     0.246021     0.245985     0.245953     0.245926     0.245903     0.245884      0.24587     0.245859     0.245853     0.245851      0.24585     0.245847     0.245819      0.24568     0.245096     0.242736     0.233353      0.19623    0.0495871    0.0124659   0.00308523  0.000729002  0.000149726  1.82795e-05 -1.90112e-06  4.03425e-06  1.46056e-05  2.44462e-05  3.22563e-05  3.77518e-05  4.08922e-05  4.16847e-05  4.01352e-05  3.62355e-05  2.99607e-05  2.12687e-05  1.01031e-05 -3.59475e-06 -1.98368e-05 -3.83931e-05 -5.80194e-05 -7.34069e-05  -6.3136e-05  5.78803e-05  0.000626138   0.00297069     0.012339     0.049447     0.196076     0.233183      0.24255     0.244893     0.245459     0.245577     0.245584     0.245564     0.245539     0.245515     0.245493     0.245474     0.245464     0.245487      0.24563     0.246248
  0.00549811   0.00510037   0.00473027   0.00438501   0.00406253   0.00376106   0.00347897   0.00321472    0.0029669   0.00273416   0.00251525   0.00230895   0.00211418   0.00192993   0.00175554   0.00159141   0.00144208   0.00132828   0.00133452   0.00179707   0.00404589    0.0133338    0.0503993     0.197115     0.234192     0.243504      0.24579     0.246301     0.246369     0.246331      0.24627     0.246208     0.246151     0.246098     0.246052      0.24601     0.245973     0.245941     0.245914     0.245891     0.245873     0.245858     0.245848     0.245842     0.245839     0.245839     0.245835     0.245807     0.245669     0.245084     0.242724     0.233341     0.196219    0.0495756    0.0124544   0.00307374  0.000717518  0.000138249  6.80959e-06 -1.33624e-05 -7.41721e-06  3.16536e-06  1.30186e-05  2.08428e-05   2.6354e-05  2.95117e-05  3.03234e-05  2.87949e-05  2.49182e-05  1.86684e-05  1.00038e-05 -1.13213e-06 -1.47977e-05 -3.10048e-05  -4.9523e-05 -6.91083e-05 -8.44513e-05 -7.41323e-05   4.6936e-05   0.00061525   0.00295986    0.0123282    0.0494363     0.196065     0.233173      0.24254     0.244883     0.245449     0.245567     0.245573     0.245554     0.245529     0.245505     0.245482     0.245462     0.245445     0.245436     0.245458     0.245591     0.246166
  0.00510139   0.00473147   0.00438619   0.00406365   0.00376211   0.00347994   0.00321563   0.00296774   0.00273495   0.00251597   0.00230963   0.00211481   0.00193052   0.00175608   0.00159192   0.00144255   0.00132872   0.00133493   0.00179744    0.0040462    0.0133339     0.050399     0.197112     0.234189     0.243501     0.245787     0.246298     0.246366     0.246327     0.246267     0.246205     0.246147     0.246095     0.246048     0.246007      0.24597     0.245938     0.245911     0.245888     0.245869     0.245855     0.245845     0.245838     0.245836     0.245836     0.245832     0.245804     0.245666     0.245081     0.242721     0.233338     0.196215    0.0495725    0.0124513   0.00307058   0.00071436  0.000135098  3.66777e-06 -1.64946e-05 -1.05388e-05  5.54547e-08  9.92142e-06  1.77595e-05  2.32858e-05    2.646e-05  2.72895e-05  2.57803e-05  2.19246e-05  1.56976e-05  7.05749e-06 -4.05182e-06 -1.76887e-05 -3.38647e-05 -5.23495e-05 -7.18986e-05 -8.72027e-05 -7.68416e-05  4.42722e-05  0.000612635    0.0029573    0.0123257    0.0494338     0.196063      0.23317     0.242538     0.244881     0.245447     0.245565     0.245572     0.245552     0.245528     0.245503     0.245481      0.24546     0.245441     0.245426     0.245418     0.245438     0.245563     0.246098
  0.00473056   0.00438512   0.00406259   0.00376111   0.00347901   0.00321476   0.00296694    0.0027342   0.00251528   0.00230899   0.00211421   0.00192996   0.00175557   0.00159144   0.00144211    0.0013283   0.00133455   0.00179709   0.00404591    0.0133338    0.0503993     0.197114     0.234192     0.243504      0.24579     0.246301     0.246369      0.24633     0.246269     0.246208      0.24615     0.246098     0.246051      0.24601     0.245973     0.245941     0.245914     0.245891     0.245872     0.245858     0.245848     0.245841     0.245839     0.245839     0.245835     0.245807     0.245669     0.245084     0.242724     0.233341     0.196218    0.0495755    0.0124543   0.00307365  0.000717444  0.000138193  6.77259e-06 -1.33788e-05 -7.41127e-06  3.19531e-06  1.30744e-05  2.09264e-05  2.64677e-05  2.96578e-05  3.05043e-05  2.90133e-05  2.51771e-05  1.89709e-05  1.03532e-05 -7.32091e-07 -1.43432e-05 -3.04915e-05 -4.89466e-05 -6.84636e-05 -8.37333e-05 -7.33352e-05  4.78183e-05  0.000616224   0.00296094    0.0123294    0.0494376     0.196067     0.233174     0.242542     0.244885     0.245451     0.245569     0.245576     0.245556     0.245532     0.245508     0.245486     0.245465     0.245446     0.245429     0.245414     0.245408     0.245426     0.245543      0.24604
  0.00438515   0.00406263   0.00376114   0.00347904   0.00321479   0.00296697   0.00273423    0.0025153   0.00230901   0.00211423   0.00192998   0.00175559   0.00159146   0.00144213   0.00132832   0.00133457   0.00179711   0.00404593    0.0133338    0.0503993     0.197114     0.234192     0.243504      0.24579     0.246301     0.246369      0.24633     0.246269     0.246208      0.24615     0.246098     0.246051      0.24601     0.245973     0.245941     0.245914     0.245891     0.245872     0.245858     0.245848     0.245842     0.245839     0.245839     0.245835     0.245807     0.245669     0.245084     0.242724     0.233341     0.196218    0.0495756    0.0124544   0.00307377  0.000717569  0.000138325  6.91206e-06 -1.32311e-05 -7.25471e-06  3.36142e-06  1.32508e-05  2.11139e-05  2.66672e-05  2.98701e-05  3.07305e-05  2.92545e-05  2.54344e-05  1.92456e-05  1.06466e-05 -4.18503e-07 -1.40079e-05 -3.01328e-05 -4.85626e-05 -6.80525e-05 -8.32929e-05 -7.28633e-05  4.83242e-05  0.000616767   0.00296152      0.01233    0.0494383     0.196067     0.233175     0.242542     0.244885     0.245452      0.24557     0.245577     0.245558     0.245533     0.245509     0.245487     0.245466     0.245447      0.24543     0.245414     0.245401     0.245395     0.245413     0.245521     0.245985
  0.00406174    0.0037601   0.00347801   0.00321382   0.00296606   0.00273339   0.00251452   0.00230828   0.00211356   0.00192935     0.001755   0.00159091   0.00144162   0.00132786   0.00133413   0.00179672   0.00404559    0.0133336    0.0503995     0.197116     0.234194     0.243506     0.245792     0.246303     0.246372     0.246333     0.246272      0.24621     0.246153     0.246101     0.246054     0.246012     0.245976     0.245944     0.245916     0.245893     0.245875     0.245861      0.24585     0.245844     0.245841     0.245841     0.245838     0.245809     0.245671     0.245087     0.242727     0.233344     0.196221    0.0495782     0.012457   0.00307632  0.000720128  0.000140892  9.48746e-06 -1.06469e-05 -4.66141e-06  5.96438e-06   1.5864e-05  2.37379e-05  2.93026e-05  3.25177e-05  3.33911e-05  3.19289e-05  2.81235e-05  2.19505e-05  1.33684e-05   2.3213e-06 -1.12487e-05 -2.73529e-05 -4.57604e-05 -6.52264e-05  -8.0441e-05 -6.99838e-05  5.12334e-05  0.000619708   0.00296449     0.012333    0.0494413      0.19607     0.233178     0.242546     0.244889     0.245455     0.245573      0.24558     0.245561     0.245537     0.245513     0.245491      0.24547     0.245451     0.245434     0.245418     0.245404     0.245392     0.245386     0.245403     0.245504     0.245935
  0.00382982   0.00356046   0.00329492   0.00304256   0.00280476   0.00258093   0.00237003   0.00217095   0.00198271   0.00180461   0.00163704   0.00148451   0.00136771    0.0013711   0.00183066   0.00407543    0.0133544    0.0503916     0.197001      0.23405     0.243354     0.245636     0.246146     0.246213     0.246173     0.246111     0.246048     0.245989     0.245936     0.245889     0.245846     0.245809     0.245776     0.245748     0.245725     0.245706     0.245691      0.24568     0.245674     0.245671      0.24567     0.245666     0.245637     0.245499     0.244914     0.242554     0.233171     0.196048    0.0494047    0.0122833   0.00290251  0.000546152 -3.32374e-05 -0.000164783 -0.000185048 -0.000179183 -0.000168668 -0.000158871  -0.00015109 -0.000145612 -0.000142475 -0.000141673 -0.000143201 -0.000147065 -0.000153291  -0.00016192 -0.000173009 -0.000186616 -0.000202752 -0.000221186 -0.000240674 -0.000255907 -0.000245463 -0.000124254  0.000444216     0.002789    0.0121575    0.0492658     0.195895     0.233003      0.24237     0.244713      0.24528     0.245398     0.245405     0.245386     0.245362     0.245338     0.245316     0.245295     0.245276     0.245259     0.245243     0.245228     0.245215     0.245205       0.2452     0.245215      0.24531     0.245711
  0.00366777   0.00342182   0.00316737    0.0029225    0.0026908   0.00247225   0.00226599   0.00207106   0.00188674   0.00171339   0.00155549   0.00143368   0.00143229   0.00188696   0.00412529    0.0133909    0.0503864     0.196841      0.23385     0.243141     0.245418     0.245925     0.245989     0.245947     0.245883     0.245819     0.245759     0.245704     0.245655     0.245612     0.245573     0.245539      0.24551     0.245486     0.245466      0.24545     0.245438     0.245431     0.245427     0.245426     0.245422     0.245393     0.245254     0.244668     0.242308     0.232924     0.195801    0.0491573    0.0120355   0.00265441  0.000297771 -0.000281876 -0.000413661 -0.000434147 -0.000428487 -0.000418162  -0.00040854 -0.000400922 -0.000395593 -0.000392594 -0.000391919 -0.000393563 -0.000397534 -0.000403858 -0.000412577 -0.000423747 -0.000437428  -0.00045363 -0.000472124 -0.000491665 -0.000506944 -0.000496541 -0.000375367  0.000193073   0.00253784    0.0119064    0.0490146     0.195644     0.232751     0.242119     0.244462     0.245028     0.245147     0.245154     0.245135     0.245111     0.245087     0.245065     0.245044     0.245025     0.245008     0.244992     0.244978     0.244964     0.244952     0.244943     0.244938     0.244953     0.245041     0.245414
  0.00356698   0.00333904   0.00309134   0.00285006   0.00262086   0.00240426   0.00219962   0.00200625   0.00182449   0.00165876   0.00152966   0.00152134   0.00196898   0.00419844    0.0134465    0.0503889      0.19665     0.233606     0.242881     0.245151     0.245654     0.245715     0.245669     0.245603     0.245536     0.245473     0.245416     0.245365      0.24532     0.245279     0.245244     0.245214     0.245188     0.245166     0.245149     0.245137     0.245128     0.245123     0.245121     0.245116     0.245086     0.244947     0.244361     0.241999     0.232615     0.195491    0.0488471    0.0117249   0.00234333 -1.37171e-05 -0.000593743 -0.000725879 -0.000746691 -0.000741333 -0.000731288 -0.000721926 -0.000714548 -0.000709442 -0.000706649 -0.000706165 -0.000707984 -0.000712118 -0.000718591 -0.000727447 -0.000738743 -0.000752539 -0.000768847 -0.000787438 -0.000807067 -0.000822425 -0.000812092 -0.000690982 -0.000122598   0.00222212    0.0115906    0.0486988     0.195328     0.232436     0.241803     0.244146     0.244713     0.244831     0.244838     0.244819     0.244795     0.244771     0.244749     0.244728      0.24471     0.244692     0.244677     0.244662     0.244649     0.244637     0.244626     0.244617     0.244613     0.244627     0.244709     0.245056
  0.00354063   0.00332974   0.00308454   0.00284204   0.00261065   0.00239165   0.00218479   0.00199046   0.00181304   0.00167303   0.00165439   0.00209168   0.00430849    0.0135328    0.0504057     0.196415     0.233302     0.242556     0.244817     0.245313     0.245369     0.245319     0.245248     0.245177     0.245111     0.245051     0.244997     0.244949     0.244905     0.244868     0.244835     0.244807     0.244783     0.244765      0.24475      0.24474     0.244734      0.24473     0.244724     0.244693     0.244552     0.243965     0.241603     0.232217     0.195093    0.0484482    0.0113253   0.00194307 -0.000414589 -0.000995184  -0.00112785  -0.00114915  -0.00114425  -0.00113463  -0.00112566  -0.00111864  -0.00111387  -0.00111139   -0.0011112  -0.00111328  -0.00111767  -0.00112437  -0.00113344  -0.00114493  -0.00115891  -0.00117538  -0.00119412  -0.00121389  -0.00122938  -0.00121916  -0.00109816 -0.000529873   0.00181475    0.0111831    0.0482913      0.19492     0.232028     0.241395     0.243739     0.244305     0.244423      0.24443     0.244411     0.244387     0.244363     0.244341     0.244321     0.244302     0.244285     0.244269     0.244254     0.244241     0.244229     0.244218     0.244208       0.2442     0.244196     0.244209     0.244285     0.244609
  0.00360754   0.00341305   0.00316515   0.00291545   0.00267606   0.00244941   0.00223649   0.00204174   0.00188555   0.00185165   0.00227378   0.00447262    0.0136649    0.0504473     0.196132     0.232931     0.242155     0.244403      0.24489     0.244939     0.244882     0.244805     0.244729     0.244657     0.244592     0.244534     0.244481     0.244434     0.244392     0.244356     0.244325     0.244299     0.244277      0.24426     0.244248     0.244239     0.244234     0.244225     0.244192      0.24405     0.243462     0.241098     0.231711     0.194585    0.0479395    0.0108155   0.00143231 -0.000926255   -0.0015077  -0.00164115  -0.00166318  -0.00165896  -0.00164996  -0.00164158  -0.00163511  -0.00163084  -0.00162883  -0.00162907  -0.00163156  -0.00163631  -0.00164336  -0.00165275  -0.00166454  -0.00167879  -0.00169551  -0.00171449  -0.00173448  -0.00175016  -0.00174013   -0.0016193  -0.00105116   0.00129332    0.0106616    0.0477696     0.194399     0.231506     0.240873     0.243216     0.243783     0.243901     0.243908     0.243889     0.243865     0.243841     0.243819     0.243798      0.24378     0.243762     0.243747     0.243732     0.243719     0.243707     0.243696     0.243685     0.243676     0.243669     0.243666     0.243678     0.243749      0.24405
   0.003806  0.00362985   0.0033725   0.0031072  0.00285172  0.00261081  0.00238974  0.00220895  0.00215186  0.00255116  0.00472369   0.0138713   0.0505324     0.19579    0.232469    0.241654    0.243882    0.244356    0.244393    0.244327     0.24424    0.244155    0.244075    0.244003    0.243937    0.243878    0.243825    0.243778    0.243736      0.2437    0.243669    0.243644    0.243623    0.243607    0.243595    0.243586    0.243575    0.243539    0.243395    0.242804    0.240438    0.231049    0.193922    0.047274   0.0101484 0.000763697 -0.00159626 -0.00217899 -0.00231365 -0.00233679  -0.0023336 -0.00232557 -0.00231808 -0.00231244 -0.00230894 -0.00230765 -0.00230855 -0.00231166 -0.00231698 -0.00232456 -0.00233444 -0.00234669 -0.00236136 -0.00237848 -0.00239782 -0.00241815 -0.00243414  -0.0024244 -0.00230383 -0.00173594 0.000608315  0.00997637   0.0470842    0.193713     0.23082    0.240188     0.24253    0.243097    0.243215    0.243222    0.243202    0.243178    0.243154    0.243132    0.243112    0.243093    0.243076     0.24306    0.243045    0.243032     0.24302    0.243009    0.242998    0.242989    0.242981    0.242974    0.242971    0.242983    0.243049    0.243329
  0.00412676   0.00396014   0.00368518   0.00339694   0.00311956   0.00286307   0.00264892   0.00256036   0.00292889   0.00506682    0.0141585     0.050674     0.195426     0.231963     0.241098     0.243301     0.243757     0.243779     0.243698     0.243599     0.243502     0.243411     0.243329     0.243253     0.243185     0.243124     0.243069     0.243021     0.242978     0.242941      0.24291     0.242884     0.242863     0.242846     0.242833     0.242818     0.242779     0.242631     0.242037     0.239668     0.230276     0.193146    0.0464962   0.00936849  -1.8258e-05  -0.00238011   -0.0029646  -0.00310089  -0.00312556  -0.00312378  -0.00311706  -0.00311079  -0.00310628  -0.00310383  -0.00310351  -0.00310532  -0.00310927  -0.00311538  -0.00312369  -0.00313424  -0.00314711  -0.00316237  -0.00318003  -0.00319987  -0.00322065  -0.00323708  -0.00322773  -0.00310753  -0.00253998 -0.000196038   0.00917173    0.0462793     0.192908     0.230015     0.239382     0.241725     0.242291     0.242409     0.242415     0.242396     0.242372     0.242348     0.242325     0.242305     0.242286     0.242269     0.242253     0.242238     0.242225     0.242213     0.242202     0.242191     0.242182     0.242173     0.242166     0.242159     0.242157     0.242168     0.242229      0.24249
 0.00467906  0.00453536  0.00423314  0.00390835  0.00359908  0.00333356  0.00319623  0.00351728  0.00560301   0.0146143    0.050929    0.194996    0.231338    0.240402    0.242568    0.242997    0.242995    0.242893    0.242773    0.242658     0.24255    0.242451    0.242361    0.242279    0.242205    0.242139    0.242079    0.242026    0.241979    0.241939    0.241905    0.241876    0.241853    0.241833    0.241812    0.241767    0.241613    0.241014    0.238641    0.229245    0.192111   0.0454574  0.00832623  -0.0010637  -0.0034285 -0.00401574 -0.00415458 -0.00418161 -0.00418204 -0.00417736 -0.00417299 -0.00417025 -0.00416944 -0.00417065 -0.00417387 -0.00417913 -0.00418646  -0.0041959 -0.00420751 -0.00422136 -0.00423753 -0.00425603 -0.00427665 -0.00429816 -0.00431526 -0.00430654 -0.00418692 -0.00361991 -0.00127647  0.00809084    0.045198    0.191826    0.228933      0.2383    0.240642    0.241208    0.241325    0.241332    0.241312    0.241288    0.241264    0.241241     0.24122    0.241201    0.241184    0.241168    0.241153     0.24114    0.241128    0.241116    0.241106    0.241097    0.241088     0.24108    0.241073    0.241067    0.241065    0.241075    0.241132    0.241374
 0.00547224  0.00534108  0.00499807  0.00462699  0.00429253  0.00408768  0.00434282  0.00635736   0.0152638   0.0513285    0.194561    0.230659    0.239633    0.241748    0.242139    0.242104    0.241971    0.241824    0.241682     0.24155    0.241429    0.241318    0.241217    0.241125    0.241042    0.240966    0.240899    0.240839    0.240786     0.24074    0.240701    0.240668    0.240639    0.240609    0.240556    0.240395    0.239789    0.237409    0.228007    0.190868   0.0442088  0.00707283 -0.00232156 -0.00469051 -0.00528159 -0.00542401 -0.00545437 -0.00545788 -0.00545608 -0.00545437 -0.00545411 -0.00545561 -0.00545895 -0.00546416 -0.00547128 -0.00548032 -0.00549136 -0.00550444 -0.00551967 -0.00553711  -0.0055568 -0.00557852 -0.00560106 -0.00561911 -0.00561127 -0.00549247 -0.00492622 -0.00258348  0.00678318   0.0438897    0.190517    0.227624     0.23699    0.239332    0.239897    0.240014    0.240021    0.240001    0.239976    0.239951    0.239929    0.239908    0.239888    0.239871    0.239855     0.23984    0.239826    0.239814    0.239803    0.239792    0.239783    0.239774    0.239766    0.239758    0.239752    0.239747    0.239745    0.239754    0.239807    0.240032
 0.00695994  0.00691243  0.00650972  0.00606815  0.00574333  0.00587872  0.00776758   0.0165048   0.0522063    0.194288    0.230036    0.238866    0.240894    0.241216    0.241119     0.24093    0.240731    0.240541    0.240364    0.240201    0.240051    0.239914    0.239788    0.239673    0.239569    0.239475     0.23939    0.239314    0.239246    0.239187    0.239135    0.239089    0.239042    0.238975      0.2388    0.238181    0.235789    0.226376    0.189227   0.0425582  0.00541341 -0.00398916 -0.00636569 -0.00696379 -0.00711267 -0.00714901 -0.00715802 -0.00716127  -0.0071642 -0.00716817 -0.00717353 -0.00718037 -0.00718873 -0.00719866 -0.00721021 -0.00722343  -0.0072384  -0.0072552 -0.00727393  -0.0072946 -0.00731701 -0.00733994 -0.00735807    -0.00735 -0.00723064  -0.0066635 -0.00431951  0.00504875   0.0421573    0.188787    0.225896    0.235266    0.237612    0.238181    0.238304    0.238315    0.238302    0.238284    0.238267    0.238253    0.238242    0.238233    0.238227    0.238224    0.238223    0.238225     0.23823    0.238238    0.238248    0.238261    0.238277    0.238294    0.238307    0.238296    0.238181    0.237641    0.235416    0.226527    0.191316    0.052182
  0.0106987   0.0109872   0.0104713  0.00989406  0.00974042    0.011315   0.0196225    0.054391    0.193502    0.228349    0.236813    0.238621    0.238768    0.238516    0.238186    0.237855    0.237543    0.237253    0.236985    0.236737    0.236509    0.236299    0.236106    0.235929    0.235767     0.23562    0.235485    0.235364    0.235254    0.235155    0.235065    0.234978    0.234873    0.234663    0.234012     0.23159    0.222149    0.184973   0.0382808  0.00111353  -0.0083099  -0.0107058  -0.0113219  -0.0114875  -0.0115393  -0.0115628  -0.0115794  -0.0115948  -0.0116103  -0.0116263  -0.0116431  -0.0116607  -0.0116792  -0.0116986  -0.0117192   -0.011741  -0.0117641  -0.0117887  -0.0118148  -0.0118422  -0.0118697  -0.0118921   -0.011888  -0.0117722  -0.0112084 -0.00886749 0.000497983    0.037604    0.184232    0.221339    0.230706     0.23305    0.233618    0.233739     0.23375    0.233735    0.233716    0.233699    0.233684    0.233673    0.233664    0.233658    0.233654    0.233654    0.233656    0.233662     0.23367    0.233681    0.233695    0.233711    0.233729    0.233744    0.233732    0.233611    0.233043    0.230701    0.221343    0.184276   0.0378075  0.00132895
  0.0137037   0.0136835   0.0130515   0.0127112   0.0140568   0.0220532   0.0561755    0.193283    0.227509    0.235709    0.237351    0.237364    0.236993    0.236553    0.236121    0.235715    0.235338    0.234988    0.234665    0.234367    0.234092    0.233838    0.233605    0.233391    0.233195    0.233015    0.232851    0.232702    0.232567    0.232444    0.232326    0.232192    0.231955    0.231279    0.228833    0.219371    0.182175   0.0354636 -0.00172105  -0.0111606  -0.0135715  -0.0142015  -0.0143801   -0.014444  -0.0144786  -0.0145056  -0.0145306  -0.0145551  -0.0145795   -0.014604  -0.0146288  -0.0146539  -0.0146796  -0.0147059  -0.0147331  -0.0147612  -0.0147904  -0.0148207  -0.0148521  -0.0148834  -0.0149092  -0.0149083  -0.0147955  -0.0142344   -0.011896 -0.00253292   0.0345709    0.181196    0.218302    0.227667     0.23001    0.230576    0.230696    0.230705    0.230689     0.23067    0.230651    0.230636    0.230623    0.230613    0.230607    0.230603    0.230602    0.230604    0.230608    0.230616    0.230627     0.23064    0.230657    0.230674    0.230688    0.230677    0.230555    0.229986     0.22764    0.218268    0.181144   0.0344509 -0.00291459  -0.0133043
  0.0159427   0.0157219   0.0153319   0.0165055   0.0242453   0.0578478    0.193388    0.227113    0.235091    0.236589    0.236483    0.236005    0.235467    0.234945    0.234454    0.233998    0.233576    0.233185    0.232824    0.232491    0.232183      0.2319    0.231639    0.231399    0.231179    0.230977    0.230794    0.230626    0.230473    0.230327    0.230166    0.229905    0.229207     0.22674    0.217259    0.180045   0.0333166  -0.0038836  -0.0133376   -0.015762  -0.0164045  -0.0165946  -0.0166693  -0.0167139  -0.0167503  -0.0167839  -0.0168164  -0.0168483  -0.0168798   -0.016911  -0.0169422  -0.0169734  -0.0170049  -0.0170369  -0.0170695  -0.0171028  -0.0171371  -0.0171721  -0.0172067  -0.0172356  -0.0172376  -0.0171275  -0.0165689  -0.0142329 -0.00487194   0.0322298    0.178854    0.215957    0.225321    0.227662    0.228227    0.228345    0.228354    0.228336    0.228316    0.228296     0.22828    0.228266    0.228255    0.228248    0.228243    0.228242    0.228243    0.228247    0.228254    0.228264    0.228277    0.228293     0.22831    0.228323    0.228311    0.228189     0.22762    0.225274    0.215905    0.178791   0.0321408  -0.0050531  -0.0147637  -0.0184658
  0.0188625   0.0190388   0.0201215   0.0275367   0.0604448     0.19393    0.226981    0.234646    0.235931    0.235648    0.235012    0.234327    0.233668    0.233051    0.232478    0.231947    0.231455       0.231    0.230579     0.23019    0.229831      0.2295    0.229195    0.228915    0.228657    0.228421    0.228205    0.228006    0.227818    0.227619    0.227322     0.22659    0.224092    0.214581     0.17734   0.0305872 -0.00663626  -0.0161119  -0.0185564  -0.0192176  -0.0194251  -0.0195159  -0.0195756  -0.0196258  -0.0196725   -0.019717  -0.0197601  -0.0198019  -0.0198428   -0.019883  -0.0199226  -0.0199619  -0.0200011  -0.0200403  -0.0200799    -0.02012  -0.0201604     -0.0202  -0.0202336  -0.0202398  -0.0201338   -0.019579  -0.0172464 -0.00788875     0.02921    0.175831    0.212932    0.222293    0.224632    0.225195    0.225311    0.225318    0.225299    0.225276    0.225255    0.225237    0.225222    0.225211    0.225202    0.225196    0.225193    0.225194    0.225197    0.225203    0.225212    0.225224    0.225239    0.225256    0.225268    0.225256    0.225133    0.224563    0.222217    0.212847    0.175737   0.0291027 -0.00802685  -0.0174814  -0.0201704  -0.0221053
 0.0232392  0.0250535  0.0322404  0.0642933   0.195189   0.227363   0.234599   0.235585   0.235048   0.234182   0.233286   0.232431   0.231632    0.23089   0.230201   0.229563   0.228972   0.228425   0.227919   0.227451   0.227019    0.22662   0.226252   0.225913   0.225602   0.225316   0.225052   0.224804   0.224548   0.224199   0.223418   0.220875   0.211322   0.174042  0.0272533 -0.0100038 -0.0195107 -0.0219842 -0.0226724  -0.022905 -0.0230191 -0.0231004 -0.0231707  -0.023236  -0.023298 -0.0233572  -0.023414 -0.0234689  -0.023522 -0.0235736 -0.0236241 -0.0236737 -0.0237226 -0.0237712 -0.0238196 -0.0238677 -0.0239145 -0.0239548 -0.0239674 -0.0238671 -0.0233177 -0.0209902 -0.0116371  0.0254573   0.172074   0.209171   0.218529   0.220865   0.221425   0.221538   0.221542    0.22152   0.221496   0.221473   0.221453   0.221436   0.221422   0.221412   0.221405     0.2214   0.221399   0.221401   0.221406   0.221414   0.221425   0.221439   0.221454   0.221466   0.221452   0.221329   0.220758   0.218411   0.209041   0.171931  0.0253001 -0.0118133 -0.0212019 -0.0236282 -0.0245236 -0.0259431
 0.0296251   0.037504  0.0688779   0.197145   0.228391   0.235149   0.235788   0.234953   0.233817   0.232671   0.231584    0.23057   0.229628   0.228754   0.227944   0.227192   0.226496   0.225852   0.225255   0.224704   0.224194   0.223723   0.223288   0.222888   0.222519   0.222178   0.221859   0.221537   0.221126   0.220287   0.217692   0.208089   0.170764  0.0239317 -0.0133651 -0.0229089 -0.0254166 -0.0261366 -0.0263988 -0.0265404 -0.0266472 -0.0267413 -0.0268287 -0.0269111 -0.0269893 -0.0270639 -0.0271352 -0.0272035 -0.0272694 -0.0273331 -0.0273949 -0.0274552 -0.0275144 -0.0275727   -0.02763 -0.0276853 -0.0277335 -0.0277534   -0.02766 -0.0271169 -0.0247953 -0.0154478  0.0216415   0.168254   0.205346     0.2147   0.217032   0.217588   0.217698   0.217699   0.217675   0.217647   0.217622   0.217599    0.21758   0.217565   0.217552   0.217543   0.217537   0.217535   0.217535   0.217539   0.217545   0.217555   0.217568   0.217582   0.217593   0.217578   0.217453   0.216881   0.214534   0.205163   0.168053  0.0214216 -0.0156886 -0.0250619 -0.0274253 -0.0280699 -0.0284969 -0.0297229
 0.0398554   0.071381   0.198455    0.22925   0.235756   0.236202   0.235199   0.233909   0.232621   0.231402   0.230265    0.22921    0.22823   0.227321   0.226479   0.225698   0.224975   0.224305   0.223685   0.223112   0.222582   0.222093   0.221642   0.221226   0.220842   0.220481   0.220122   0.219676   0.218805   0.216179   0.206548   0.169196    0.02234 -0.0149794 -0.0245441 -0.0270714 -0.0278095 -0.0280885 -0.0282457 -0.0283671 -0.0284747 -0.0285746 -0.0286687 -0.0287578 -0.0288425 -0.0289231 -0.0290002 -0.0290741 -0.0291453 -0.0292141  -0.029281 -0.0293462   -0.02941 -0.0294726 -0.0295327 -0.0295855 -0.0296095   -0.02952 -0.0289806 -0.0266624  -0.017318  0.0197684   0.166378   0.203468    0.21282   0.215149   0.215703   0.215812    0.21581   0.215784   0.215755   0.215728   0.215705   0.215684   0.215668   0.215654   0.215644   0.215637   0.215633   0.215633   0.215636   0.215642   0.215651   0.215663   0.215676   0.215686   0.215671   0.215545   0.214973   0.212625   0.203253   0.166142  0.0195111 -0.0175988 -0.0269688 -0.0293177 -0.0299031 -0.0300948 -0.0303899 -0.0315073
 0.0716576   0.198648     0.2294   0.235876   0.236296   0.235269   0.233958   0.232649   0.231412   0.230258   0.229186   0.228191   0.227269   0.226413   0.225621   0.224886   0.224206   0.223577   0.222995   0.222457    0.22196   0.221502   0.221079   0.220688   0.220322   0.219957   0.219506   0.218631      0.216   0.206366    0.16901  0.0221505  -0.015172 -0.0247398 -0.0272698 -0.0280105 -0.0282919 -0.0284514 -0.0285748 -0.0286843  -0.028786 -0.0288818 -0.0289724 -0.0290584 -0.0291404 -0.0292188 -0.0292938 -0.0293661 -0.0294359 -0.0295037 -0.0295698 -0.0296344 -0.0296977 -0.0297586  -0.029812 -0.0298366 -0.0297477 -0.0292088  -0.026891 -0.0175471  0.0195388   0.166148   0.203237   0.212589   0.214918   0.215472    0.21558   0.215578   0.215552   0.215523   0.215496   0.215472   0.215451   0.215434    0.21542    0.21541   0.215403   0.215399   0.215398   0.215401   0.215407   0.215415   0.215427   0.215441    0.21545   0.215435   0.215309   0.214736   0.212388   0.203016   0.165905  0.0192736 -0.0178363 -0.0272058 -0.0295515 -0.0301231 -0.0302595 -0.0303348 -0.0305837 -0.0316176
 -0.0536773  -0.0192206  -0.0100931 -0.00740924 -0.00638298 -0.00580014 -0.00535143  -0.0049569 -0.00459481 -0.00425823 -0.00394412 -0.00365046  -0.0033756 -0.00311804 -0.00287637 -0.00264928 -0.00243553 -0.00223396 -0.00204345 -0.00186299 -0.00169165 -0.00152887 -0.00137527 -0.00123611 -0.00113477 -0.00116615 -0.00170738 -0.00424975  -0.0146827  -0.0562586   -0.220772   -0.262359   -0.272814   -0.275389   -0.275975   -0.276063    -0.27603   -0.275971    -0.27591   -0.275854   -0.275803   -0.275757   -0.275716    -0.27568   -0.275649   -0.275623   -0.275601   -0.275583   -0.275569   -0.275559   -0.275554   -0.275552   -0.275552   -0.275549   -0.275521   -0.275384     -0.2748    -0.27244   -0.263057   -0.225935  -0.0792925  -0.0421716  -0.0327913  -0.0304353  -0.0298563   -0.029725  -0.0297051  -0.0297112  -0.0297219  -0.0297318  -0.0297397  -0.0297453  -0.0297485  -0.0297492  -0.0297477  -0.0297437  -0.0297373  -0.0297285  -0.0297172  -0.0297033  -0.0296869   -0.029668  -0.0296481  -0.0296324  -0.0296423  -0.0297628  -0.0303306  -0.0326746  -0.0420423  -0.0791497   -0.225778   -0.262884   -0.272251   -0.274593   -0.275159    -0.27528   -0.275301   -0.275343   -0.275564   -0.276517
 -0.0238461  -0.0155629  -0.0127888  -0.0114571  -0.0105345 -0.00975608  -0.0090517 -0.00840094 -0.00779609 -0.00723281 -0.00670781 -0.00621819 -0.00576129 -0.00533464 -0.00493592 -0.00456297 -0.00421376  -0.0038864 -0.00357911 -0.00329029 -0.00301871 -0.00276427 -0.00253109 -0.00233974 -0.00227552 -0.00267908 -0.00489889  -0.0142618  -0.0518002   -0.200546   -0.238104   -0.247506   -0.249784   -0.250267   -0.250302   -0.250231    -0.25014    -0.25005   -0.249967   -0.249891   -0.249821   -0.249759   -0.249703   -0.249653   -0.249609    -0.24957   -0.249537   -0.249509   -0.249486   -0.249469   -0.249455   -0.249445   -0.249432   -0.249395   -0.249249   -0.248657    -0.24629     -0.2369   -0.199772  -0.0531232  -0.0159967 -0.00661118 -0.00425043 -0.00366694 -0.00353157 -0.00350773 -0.00351025 -0.00351763 -0.00352449 -0.00352952  -0.0035324  -0.0035331 -0.00353159 -0.00352788 -0.00352195 -0.00351376 -0.00350325 -0.00349037 -0.00347503 -0.00345723 -0.00343718 -0.00341612 -0.00339935 -0.00340829   -0.003528 -0.00409499 -0.00643829  -0.0158053  -0.0529121    -0.19954   -0.236646   -0.246012   -0.248353   -0.248918   -0.249036   -0.249045   -0.249038    -0.24907   -0.249274   -0.250157
  -0.0162741   -0.0136298   -0.0122843   -0.0113147    -0.010484  -0.00972895  -0.00903056  -0.00838132   -0.0077768   -0.0072135  -0.00668831   -0.0061984   -0.0057411  -0.00531394  -0.00491461  -0.00454093  -0.00419088  -0.00386255  -0.00355424   -0.0032646  -0.00299341  -0.00274462  -0.00253839  -0.00245864  -0.00284079   -0.0050129   -0.0142215   -0.0511816    -0.197674    -0.234655    -0.243905     -0.24614    -0.246607    -0.246634    -0.246557     -0.24646    -0.246366    -0.246278    -0.246197    -0.246124    -0.246058    -0.245998    -0.245945    -0.245898    -0.245857    -0.245821    -0.245791    -0.245766    -0.245746    -0.245731    -0.245719    -0.245704    -0.245666    -0.245518    -0.244925    -0.242557    -0.233166    -0.196036   -0.0493868   -0.0122594  -0.00287303 -0.000511501   7.2711e-05  0.000208754  0.000233215  0.000231268  0.000224415  0.000218042  0.000213468  0.000210995  0.000210679  0.000212528  0.000216551  0.000222769  0.000231221  0.000241959  0.000255051  0.000270567  0.000288527  0.000308712  0.000329887  0.000346749  0.000337889  0.000218227 -0.000348727  -0.00269202   -0.0120591   -0.0491659    -0.195793      -0.2329    -0.242266    -0.244607    -0.245172    -0.245289    -0.245295    -0.245278    -0.245266    -0.245294    -0.245484    -0.246305
  -0.0136298   -0.0122843   -0.0113148   -0.0104841  -0.00972902  -0.00903062  -0.00838138  -0.00777686  -0.00721355  -0.00668836  -0.00619844  -0.00574114  -0.00531399  -0.00491465  -0.00454097  -0.00419091  -0.00386259  -0.00355428  -0.00326463  -0.00299344  -0.00274465  -0.00253842  -0.00245867  -0.00284083  -0.00501293   -0.0142215   -0.0511817    -0.197674    -0.234655    -0.243905     -0.24614    -0.246607    -0.246634    -0.246557     -0.24646    -0.246366    -0.246278    -0.246197    -0.246124    -0.246058    -0.245998    -0.245945    -0.245898    -0.245857    -0.245821    -0.245791    -0.245766    -0.245746    -0.245731    -0.245719    -0.245704    -0.245666    -0.245519    -0.244925    -0.242557    -0.233166    -0.196036    -0.049387   -0.0122596  -0.00287328 -0.000511763  7.24281e-05  0.000208449  0.000232887  0.000230915  0.000224035  0.000217633  0.000213027   0.00021052  0.000210167  0.000211977  0.000215957   0.00022213  0.000230532  0.000241217  0.000254252  0.000269706  0.000287601  0.000307714  0.000328811  0.000345591  0.000336642  0.000216883 -0.000350175  -0.00269358   -0.0120608   -0.0491677    -0.195795    -0.232902    -0.242268     -0.24461    -0.245175    -0.245292    -0.245298    -0.245278    -0.245255    -0.245243    -0.245269    -0.245446     -0.24621
  -0.0122844   -0.0113149   -0.0104842  -0.00972908  -0.00903068  -0.00838144  -0.00777691   -0.0072136  -0.00668841  -0.00619849  -0.00574119  -0.00531403  -0.00491469  -0.00454101  -0.00419095  -0.00386262  -0.00355431  -0.00326467  -0.00299347  -0.00274468  -0.00253845   -0.0024587  -0.00284086  -0.00501296   -0.0142215   -0.0511817    -0.197674    -0.234655    -0.243905     -0.24614    -0.246607    -0.246634    -0.246557     -0.24646    -0.246366    -0.246278    -0.246197    -0.246124    -0.246058    -0.245998    -0.245945    -0.245898    -0.245857    -0.245821    -0.245791    -0.245766    -0.245746    -0.245731    -0.245719    -0.245704    -0.245666    -0.245519    -0.244925    -0.242557    -0.233166    -0.196037   -0.0493872   -0.0122598  -0.00287349  -0.00051199  7.21842e-05  0.000208186  0.000232604  0.000230611  0.000223707   0.00021728  0.000212647   0.00021011  0.000209726  0.000211502  0.000215446  0.000221579  0.000229939  0.000240578  0.000253564  0.000268965  0.000286802  0.000306854  0.000327885  0.000344593  0.000335566  0.000215724 -0.000351422  -0.00269492   -0.0120622   -0.0491693    -0.195797    -0.232904     -0.24227    -0.244612    -0.245177    -0.245294      -0.2453     -0.24528    -0.245255    -0.245233    -0.245221    -0.245246     -0.24541    -0.246122
  -0.0113149   -0.0104842  -0.00972915  -0.00903074   -0.0083815  -0.00777697  -0.00721365  -0.00668846  -0.00619853  -0.00574123  -0.00531407  -0.00491473  -0.00454105  -0.00419098  -0.00386265  -0.00355434   -0.0032647   -0.0029935  -0.00274471  -0.00253848  -0.00245873  -0.00284088  -0.00501299   -0.0142216   -0.0511817    -0.197674    -0.234655    -0.243905     -0.24614    -0.246607    -0.246634    -0.246557     -0.24646    -0.246366    -0.246278    -0.246197    -0.246124    -0.246058    -0.245998    -0.245945    -0.245898    -0.245857    -0.245821    -0.245791    -0.245766    -0.245746    -0.245731    -0.245719    -0.245705    -0.245666    -0.245519    -0.244925    -0.242557    -0.233166    -0.196037   -0.0493873     -0.01226  -0.00287367 -0.000512185  7.19738e-05   0.00020796   0.00023236  0.000230348  0.000223424  0.000216975  0.000212319  0.000209757  0.000209346  0.000211093  0.000215005  0.000221104  0.000229427  0.000240027  0.000252971  0.000268326  0.000286113  0.000306112  0.000327086  0.000343733   0.00033464  0.000214726 -0.000352498  -0.00269608   -0.0120634   -0.0491706    -0.195799    -0.232905    -0.242272    -0.244614    -0.245179    -0.245296    -0.245302    -0.245282    -0.245257    -0.245233    -0.245212    -0.245201    -0.245225    -0.245378     -0.24604
  -0.0104843  -0.00972921   -0.0090308  -0.00838155  -0.00777702   -0.0072137   -0.0066885  -0.00619858  -0.00574127  -0.00531411  -0.00491477  -0.00454108  -0.00419102  -0.00386269  -0.00355437  -0.00326473  -0.00299353  -0.00274474  -0.00253851  -0.00245876  -0.00284091  -0.00501301   -0.0142216   -0.0511817    -0.197674    -0.234655    -0.243905     -0.24614    -0.246607    -0.246634    -0.246557     -0.24646    -0.246366    -0.246278    -0.246197    -0.246124    -0.246058    -0.245998    -0.245945    -0.245898    -0.245857    -0.245821    -0.245791    -0.245766    -0.245746    -0.245731    -0.245719    -0.245705    -0.245666    -0.245519    -0.244926    -0.242557    -0.233166    -0.196037   -0.0493875   -0.0122602  -0.00287382 -0.000512354  7.17925e-05  0.000207765   0.00023215  0.000230122  0.000223181  0.000216713  0.000212037  0.000209453  0.000209018   0.00021074  0.000214625  0.000220695  0.000228987  0.000239552  0.000252459  0.000267775   0.00028552  0.000305473  0.000326398  0.000342991  0.000333841  0.000213866 -0.000353424  -0.00269708   -0.0120645   -0.0491718      -0.1958    -0.232907    -0.242273    -0.244615    -0.245181    -0.245298    -0.245304    -0.245284    -0.245259    -0.245234    -0.245212    -0.245193    -0.245183    -0.245205    -0.245348    -0.245964
 -0.00972926  -0.00903086  -0.00838161  -0.00777707  -0.00721375  -0.00668855  -0.00619862  -0.00574131  -0.00531415   -0.0049148  -0.00454112  -0.00419105  -0.00386272   -0.0035544  -0.00326476  -0.00299356  -0.00274476  -0.00253853  -0.00245878  -0.00284093  -0.00501304   -0.0142216   -0.0511818    -0.197674    -0.234655    -0.243905     -0.24614    -0.246607    -0.246634    -0.246557     -0.24646    -0.246366    -0.246278    -0.246197    -0.246124    -0.246058    -0.245998    -0.245945    -0.245898    -0.245857    -0.245822    -0.245791    -0.245766    -0.245747    -0.245731    -0.245719    -0.245705    -0.245666    -0.245519    -0.244926    -0.242557    -0.233167    -0.196037   -0.0493876   -0.0122603  -0.00287396 -0.000512499   7.1636e-05  0.000207596  0.000231969  0.000229927  0.000222971  0.000216487  0.000211793  0.000209191  0.000208736  0.000210436  0.000214298  0.000220342  0.000228607  0.000239143  0.000252019    0.0002673  0.000285009  0.000304923  0.000325804  0.000342352  0.000333153  0.000213125 -0.000354223  -0.00269794   -0.0120654   -0.0491728    -0.195801    -0.232908    -0.242274    -0.244617    -0.245182      -0.2453    -0.245306    -0.245286    -0.245261    -0.245236    -0.245213    -0.245192    -0.245175    -0.245166    -0.245187     -0.24532    -0.245894
  -0.0090309  -0.00838166  -0.00777712   -0.0072138   -0.0066886  -0.00619867  -0.00574135  -0.00531418  -0.00491484  -0.00454115  -0.00419108  -0.00386275  -0.00355443  -0.00326478  -0.00299359  -0.00274479  -0.00253856  -0.00245881  -0.00284096  -0.00501306   -0.0142216   -0.0511818    -0.197674    -0.234655    -0.243905     -0.24614    -0.246607    -0.246634    -0.246557     -0.24646    -0.246366    -0.246278    -0.246197    -0.246124    -0.246058    -0.245998    -0.245945    -0.245898    -0.245857    -0.245822    -0.245791    -0.245766    -0.245747    -0.245731    -0.245719    -0.245705    -0.245666    -0.245519    -0.244926    -0.242557    -0.233167    -0.196037   -0.0493877   -0.0122604  -0.00287408 -0.000512625  7.15011e-05  0.000207451  0.000231813  0.000229759  0.000222789  0.000216292  0.000211583  0.000208965  0.000208493  0.000210174  0.000214015  0.000220038  0.000228279  0.000238791  0.000251639  0.000266891  0.000284568  0.000304448  0.000325293  0.000341802   0.00033256  0.000212486 -0.000354911  -0.00269868   -0.0120662   -0.0491736    -0.195802    -0.232909    -0.242275    -0.244618    -0.245183    -0.245301    -0.245307    -0.245287    -0.245262    -0.245238    -0.245215    -0.245194    -0.245175    -0.245159    -0.245151    -0.245171    -0.245295    -0.245829
  -0.0083817  -0.00777717  -0.00721385  -0.00668864  -0.00619871   -0.0057414  -0.00531422  -0.00491488  -0.00454118  -0.00419112  -0.00386278  -0.00355446  -0.00326481  -0.00299361  -0.00274482  -0.00253858  -0.00245883  -0.00284098  -0.00501308   -0.0142216   -0.0511818    -0.197674    -0.234655    -0.243905     -0.24614    -0.246607    -0.246634    -0.246557    -0.246461    -0.246366    -0.246278    -0.246197    -0.246124    -0.246058    -0.245998    -0.245945    -0.245898    -0.245857    -0.245822    -0.245791    -0.245767    -0.245747    -0.245731    -0.245719    -0.245705    -0.245667    -0.245519    -0.244926    -0.242558    -0.233167    -0.196037   -0.0493878   -0.0122605  -0.00287418 -0.000512733  7.13846e-05  0.000207326  0.000231678  0.000229613  0.000222633  0.000216124  0.000211402   0.00020877  0.000208283  0.000209948  0.000213772  0.000219776  0.000227997  0.000238487  0.000251311  0.000266539  0.000284189  0.000304039  0.000324853  0.000341327  0.000332048  0.000211935 -0.000355504  -0.00269932   -0.0120669   -0.0491744    -0.195803     -0.23291    -0.242276    -0.244619    -0.245184    -0.245302    -0.245309    -0.245289    -0.245264     -0.24524    -0.245217    -0.245196    -0.245176    -0.245159    -0.245144    -0.245137    -0.245156    -0.245272    -0.245768
 -0.00777721   -0.0072139  -0.00668869  -0.00619875  -0.00574144  -0.00531426  -0.00491491  -0.00454122  -0.00419115  -0.00386281  -0.00355449  -0.00326484  -0.00299364  -0.00274484  -0.00253861  -0.00245885    -0.002841   -0.0050131   -0.0142217   -0.0511818    -0.197674    -0.234655    -0.243905     -0.24614    -0.246607    -0.246634    -0.246557    -0.246461    -0.246366    -0.246278    -0.246197    -0.246124    -0.246058    -0.245998    -0.245945    -0.245898    -0.245857    -0.245822    -0.245791    -0.245767    -0.245747    -0.245731    -0.245719    -0.245705    -0.245667    -0.245519    -0.244926    -0.242558    -0.233167    -0.196037   -0.0493878   -0.0122606  -0.00287426 -0.000512826  7.12842e-05  0.000207218  0.000231562  0.000229488  0.000222499  0.000215979  0.000211246  0.000208602  0.000208102  0.000209753  0.000213562   0.00021955  0.000227754  0.000238225  0.000251029  0.000266235  0.000283861  0.000303686  0.000324473  0.000340918  0.000331608   0.00021146 -0.000356016  -0.00269987   -0.0120675    -0.049175    -0.195803     -0.23291    -0.242277     -0.24462    -0.245185    -0.245303     -0.24531     -0.24529    -0.245265    -0.245241    -0.245218    -0.245197    -0.245178     -0.24516    -0.245144    -0.245131    -0.245125    -0.245142     -0.24525    -0.245712
 -0.00721393  -0.00668873   -0.0061988  -0.00574148   -0.0053143  -0.00491495  -0.00454125  -0.00419118  -0.00386284  -0.00355452  -0.00326487  -0.00299366  -0.00274486  -0.00253863  -0.00245888  -0.00284102  -0.00501313   -0.0142217   -0.0511819    -0.197674    -0.234655    -0.243905     -0.24614    -0.246607    -0.246634    -0.246557    -0.246461    -0.246366    -0.246278    -0.246197    -0.246124    -0.246058    -0.245999    -0.245945    -0.245898    -0.245857    -0.245822    -0.245792    -0.245767    -0.245747    -0.245731    -0.245719    -0.245705    -0.245667    -0.245519    -0.244926    -0.242558    -0.233167    -0.196037   -0.0493879   -0.0122606  -0.00287434 -0.000512907  7.11974e-05  0.000207125  0.000231461   0.00022938  0.000222382  0.000215854  0.000211112  0.000208457  0.000207946  0.000209585  0.000213381  0.000219356  0.000227544  0.000237999  0.000250786  0.000265973  0.000283579  0.000303383  0.000324146  0.000340565  0.000331228  0.000211051 -0.000356456  -0.00270034    -0.012068   -0.0491755    -0.195804    -0.232911    -0.242278     -0.24462    -0.245186    -0.245304    -0.245311    -0.245291    -0.245266    -0.245242    -0.245219    -0.245198    -0.245179    -0.245161    -0.245145    -0.245131    -0.245119    -0.245113     -0.24513     -0.24523    -0.245661
 -0.00668877  -0.00619884  -0.00574152  -0.00531434  -0.00491498  -0.00454129  -0.00419121  -0.00386287  -0.00355454  -0.00326489  -0.00299369  -0.00274489  -0.00253865   -0.0024589  -0.00284104  -0.00501314   -0.0142217   -0.0511819    -0.197674    -0.234655    -0.243905     -0.24614    -0.246607    -0.246634    -0.246557    -0.246461    -0.246366    -0.246278    -0.246197    -0.246124    -0.246058    -0.245999    -0.245945    -0.245898    -0.245857    -0.245822    -0.245792    -0.245767    -0.245747    -0.245731    -0.245719    -0.245705    -0.245667    -0.245519    -0.244926    -0.242558    -0.233167    -0.196037    -0.049388   -0.0122607   -0.0028744 -0.000512977  7.11226e-05  0.000207044  0.000231375  0.000229287  0.000222282  0.000215746  0.000210996  0.000208332  0.000207811   0.00020944  0.000213226  0.000219188  0.000227363  0.000237804  0.000250576  0.000265747  0.000283336  0.000303121  0.000323863  0.000340262  0.000330901  0.000210699 -0.000356836  -0.00270075   -0.0120685    -0.049176    -0.195804    -0.232912    -0.242278    -0.244621    -0.245187    -0.245305    -0.245311    -0.245292    -0.245267    -0.245243     -0.24522      -0.2452     -0.24518    -0.245163    -0.245147    -0.245132    -0.245119    -0.245108    -0.245103    -0.245118    -0.245212    -0.245612
 -0.00619887  -0.00574155  -0.00531437  -0.00491502  -0.00454132  -0.00419124   -0.0038629  -0.00355457  -0.00326492  -0.00299371  -0.00274491  -0.00253867  -0.00245892  -0.00284106  -0.00501316   -0.0142217   -0.0511819    -0.197674    -0.234655    -0.243905     -0.24614    -0.246607    -0.246634    -0.246557    -0.246461    -0.246366    -0.246278    -0.246197    -0.246124    -0.246058    -0.245999    -0.245945    -0.245898    -0.245857    -0.245822    -0.245792    -0.245767    -0.245747    -0.245731    -0.245719    -0.245705    -0.245667    -0.245519    -0.244926    -0.242558    -0.233167    -0.196037    -0.049388   -0.0122607  -0.00287446 -0.000513037  7.10579e-05  0.000206975    0.0002313  0.000229207  0.000222196  0.000215653  0.000210896  0.000208224  0.000207695  0.000209315  0.000213091  0.000219043  0.000227208  0.000237636  0.000250396  0.000265552  0.000283126  0.000302895   0.00032362      0.00034  0.000330619  0.000210395 -0.000357163  -0.00270111   -0.0120689   -0.0491764    -0.195805    -0.232912    -0.242279    -0.244622    -0.245187    -0.245305    -0.245312    -0.245292    -0.245268    -0.245244    -0.245221    -0.245201    -0.245181    -0.245164    -0.245148    -0.245133     -0.24512    -0.245107    -0.245097    -0.245093    -0.245108    -0.245195    -0.245568
 -0.00574158  -0.00531441  -0.00491505  -0.00454135  -0.00419127  -0.00386293   -0.0035546  -0.00326494  -0.00299374  -0.00274493  -0.00253869  -0.00245894  -0.00284108  -0.00501318   -0.0142217   -0.0511819    -0.197674    -0.234655    -0.243905     -0.24614    -0.246607    -0.246634    -0.246557    -0.246461    -0.246366    -0.246278    -0.246197    -0.246124    -0.246058    -0.245999    -0.245946    -0.245899    -0.245857    -0.245822    -0.245792    -0.245767    -0.245747    -0.245732    -0.245719    -0.245705    -0.245667    -0.245519    -0.244926    -0.242558    -0.233167    -0.196037    -0.049388   -0.0122608  -0.00287451 -0.000513089   7.1002e-05  0.000206915  0.000231235  0.000229137  0.000222121  0.000215573  0.000210809  0.000208131  0.000207595  0.000209208  0.000212975  0.000218918  0.000227073  0.000237492   0.00025024  0.000265385  0.000282946    0.0003027  0.000323411  0.000339774  0.000330376  0.000210133 -0.000357445  -0.00270141   -0.0120692   -0.0491768    -0.195805    -0.232912    -0.242279    -0.244622    -0.245188    -0.245306    -0.245313    -0.245293    -0.245269    -0.245245    -0.245222    -0.245201    -0.245182    -0.245165    -0.245149    -0.245134    -0.245121    -0.245108    -0.245097    -0.245088    -0.245084    -0.245098    -0.245179    -0.245526
 -0.00531444  -0.00491509  -0.00454138   -0.0041913  -0.00386296  -0.00355463  -0.00326497  -0.00299376  -0.00274496  -0.00253872  -0.00245896   -0.0028411   -0.0050132   -0.0142218   -0.0511819    -0.197674    -0.234655    -0.243905     -0.24614    -0.246607    -0.246634    -0.246557    -0.246461    -0.246366    -0.246278    -0.246197    -0.246124    -0.246058    -0.245999    -0.245946    -0.245899    -0.245857    -0.245822    -0.245792    -0.245767    -0.245747    -0.245732    -0.245719    -0.245705    -0.245667    -0.245519    -0.244926    -0.242558    -0.233167    -0.196037   -0.0493881   -0.0122608  -0.00287455 -0.000513134  7.09537e-05  0.000206863   0.00023118  0.000229078  0.000222057  0.000215503  0.000210735  0.000208051  0.000207509  0.000209115  0.000212875  0.000218811  0.000226957  0.000237367  0.000250106   0.00026524   0.00028279  0.000302533   0.00032323   0.00033958  0.000330166  0.000209908 -0.000357688  -0.00270167   -0.0120695   -0.0491771    -0.195806    -0.232913     -0.24228    -0.244622    -0.245188    -0.245306    -0.245313    -0.245294    -0.245269    -0.245245    -0.245223    -0.245202    -0.245183    -0.245166     -0.24515    -0.245135    -0.245122    -0.245109    -0.245098    -0.245088     -0.24508    -0.245076    -0.245089    -0.245165    -0.245488
 -0.00491511  -0.00454141  -0.00419133  -0.00386298  -0.00355465  -0.00326499  -0.00299379  -0.00274498  -0.00253874  -0.00245898  -0.00284112  -0.00501322   -0.0142218   -0.0511819    -0.197674    -0.234655    -0.243905    -0.246141    -0.246607    -0.246634    -0.246557    -0.246461    -0.246366    -0.246278    -0.246197    -0.246124    -0.246058    -0.245999    -0.245946    -0.245899    -0.245857    -0.245822    -0.245792    -0.245767    -0.245747    -0.245732    -0.245719    -0.245705    -0.245667    -0.245519    -0.244926    -0.242558    -0.233167    -0.196037   -0.0493881   -0.0122609  -0.00287459 -0.000513173   7.0912e-05  0.000206818  0.000231132  0.000229026  0.000222001  0.000215443   0.00021067  0.000207982  0.000207435  0.000209035  0.000212789  0.000218718  0.000226858   0.00023726   0.00024999  0.000265115  0.000282656  0.000302388  0.000323075  0.000339412  0.000329986  0.000209713 -0.000357898   -0.0027019   -0.0120697   -0.0491773    -0.195806    -0.232913     -0.24228    -0.244623    -0.245189    -0.245307    -0.245314    -0.245294     -0.24527    -0.245246    -0.245223    -0.245203    -0.245184    -0.245167    -0.245151    -0.245136    -0.245123     -0.24511    -0.245099    -0.245089     -0.24508    -0.245072    -0.245069    -0.245081    -0.245152    -0.245453
 -0.00454144  -0.00419136  -0.00386301  -0.00355468  -0.00326502  -0.00299381    -0.002745  -0.00253876    -0.002459  -0.00284114  -0.00501324   -0.0142218    -0.051182    -0.197674    -0.234655    -0.243905    -0.246141    -0.246607    -0.246634    -0.246557    -0.246461    -0.246366    -0.246278    -0.246197    -0.246124    -0.246058    -0.245999    -0.245946    -0.245899    -0.245857    -0.245822    -0.245792    -0.245767    -0.245747    -0.245732    -0.245719    -0.245705    -0.245667    -0.245519    -0.244926    -0.242558    -0.233167    -0.196038   -0.0493881   -0.0122609  -0.00287462 -0.000513206  7.08759e-05  0.000206779   0.00023109  0.000228981  0.000221953  0.000215392  0.000210615  0.000207922   0.00020737  0.000208966  0.000212715  0.000218638  0.000226771  0.000237167   0.00024989  0.000265008   0.00028254  0.000302263   0.00032294  0.000339267   0.00032983  0.000209546 -0.000358078  -0.00270209   -0.0120699   -0.0491776    -0.195806    -0.232913     -0.24228    -0.244623    -0.245189    -0.245307    -0.245314    -0.245295     -0.24527    -0.245246    -0.245224    -0.245203    -0.245184    -0.245167    -0.245151    -0.245137    -0.245123    -0.245111      -0.2451     -0.24509     -0.24508    -0.245072    -0.245065    -0.245062    -0.245074     -0.24514     -0.24542
 -0.00419139  -0.00386304  -0.00355471  -0.00326504  -0.00299383  -0.00274502  -0.00253878  -0.00245902  -0.00284116  -0.00501325   -0.0142218    -0.051182    -0.197674    -0.234655    -0.243905    -0.246141    -0.246607    -0.246634    -0.246557    -0.246461    -0.246366    -0.246278    -0.246197    -0.246124    -0.246058    -0.245999    -0.245946    -0.245899    -0.245857    -0.245822    -0.245792    -0.245767    -0.245747    -0.245732    -0.245719    -0.245705    -0.245667    -0.245519    -0.244926    -0.242558    -0.233167    -0.196038   -0.0493882   -0.0122609  -0.00287464 -0.000513236  7.08446e-05  0.000206746  0.000231054  0.000228942  0.000221912  0.000215347  0.000210567  0.000207871  0.000207315  0.000208906  0.000212651  0.000218569  0.000226697  0.000237087  0.000249804  0.000264915   0.00028244  0.000302156  0.000322825  0.000339143  0.000329696  0.000209401 -0.000358234  -0.00270226   -0.0120701   -0.0491778    -0.195806    -0.232914    -0.242281    -0.244623    -0.245189    -0.245307    -0.245314    -0.245295    -0.245271    -0.245247    -0.245224    -0.245204    -0.245185    -0.245168    -0.245152    -0.245137    -0.245124    -0.245112    -0.245101    -0.245091    -0.245081    -0.245073    -0.245065    -0.245059    -0.245056    -0.245067    -0.245129    -0.245389
 -0.00386306  -0.00355473  -0.00326507  -0.00299386  -0.00274505   -0.0025388  -0.00245904  -0.00284118  -0.00501327   -0.0142218    -0.051182    -0.197674    -0.234655    -0.243905    -0.246141    -0.246607    -0.246634    -0.246557    -0.246461    -0.246366    -0.246278    -0.246197    -0.246124    -0.246058    -0.245999    -0.245946    -0.245899    -0.245857    -0.245822    -0.245792    -0.245767    -0.245747    -0.245732     -0.24572    -0.245705    -0.245667    -0.245519    -0.244926    -0.242558    -0.233167    -0.196038   -0.0493882   -0.0122609  -0.00287467 -0.000513261  7.08175e-05  0.000206717  0.000231023  0.000228909  0.000221876  0.000215309  0.000210526  0.000207826  0.000207267  0.000208854  0.000212595  0.000218509  0.000226633  0.000237018   0.00024973  0.000264835  0.000282354  0.000302063  0.000322725  0.000339035   0.00032958  0.000209277 -0.000358368   -0.0027024   -0.0120703   -0.0491779    -0.195806    -0.232914    -0.242281    -0.244624     -0.24519    -0.245308    -0.245315    -0.245295    -0.245271    -0.245247    -0.245225    -0.245204    -0.245185    -0.245168    -0.245152    -0.245138    -0.245125    -0.245113    -0.245101    -0.245091    -0.245082    -0.245073    -0.245066    -0.245059    -0.245053    -0.245051    -0.245061    -0.245118    -0.245361
 -0.00355475  -0.00326509  -0.00299388  -0.00274507  -0.00253882  -0.00245906   -0.0028412  -0.00501329   -0.0142218    -0.051182    -0.197674    -0.234655    -0.243905    -0.246141    -0.246607    -0.246634    -0.246557    -0.246461    -0.246366    -0.246278    -0.246197    -0.246124    -0.246058    -0.245999    -0.245946    -0.245899    -0.245857    -0.245822    -0.245792    -0.245767    -0.245747    -0.245732     -0.24572    -0.245705    -0.245667    -0.245519    -0.244926    -0.242558    -0.233167    -0.196038   -0.0493882    -0.012261  -0.00287469 -0.000513283   7.0794e-05  0.000206691  0.000230996   0.00022888  0.000221845  0.000215275   0.00021049  0.000207788  0.000207226   0.00020881  0.000212547  0.000218458  0.000226578  0.000236958  0.000249666  0.000264766   0.00028228  0.000301984  0.000322639  0.000338943   0.00032948  0.000209169 -0.000358483  -0.00270253   -0.0120704   -0.0491781    -0.195807    -0.232914    -0.242281    -0.244624     -0.24519    -0.245308    -0.245315    -0.245295    -0.245271    -0.245247    -0.245225    -0.245205    -0.245186    -0.245169    -0.245153    -0.245138    -0.245125    -0.245113    -0.245102    -0.245092    -0.245083    -0.245074    -0.245066    -0.245059    -0.245053    -0.245048    -0.245046    -0.245055    -0.245109    -0.245334
 -0.00352351   -0.0032994  -0.00304547  -0.00282207  -0.00272324  -0.00308687  -0.00524156   -0.0144339    -0.051379    -0.197857    -0.234825    -0.244063    -0.246287    -0.246743     -0.24676    -0.246674     -0.24657    -0.246467    -0.246372    -0.246285    -0.246205    -0.246133    -0.246068     -0.24601    -0.245959    -0.245913    -0.245873     -0.24584    -0.245811    -0.245788     -0.24577    -0.245755    -0.245738    -0.245697    -0.245548    -0.244952    -0.242582     -0.23319    -0.196059   -0.0494078   -0.0122792  -0.00289171 -0.000529203  5.58587e-05  0.000192632  0.000217707  0.000216257  0.000209785  0.000203677  0.000199249  0.000196802  0.000196388  0.000198011  0.000201676  0.000207397  0.000215204  0.000225144  0.000237274  0.000251653   0.00026829  0.000286951  0.000306385  0.000321276  0.000310192  0.000188033 -0.000381711  -0.00272811   -0.0120986   -0.0492093    -0.195841    -0.232952    -0.242323    -0.244671    -0.245242    -0.245365    -0.245378    -0.245366    -0.245349    -0.245333     -0.24532     -0.24531    -0.245302    -0.245297    -0.245294    -0.245294    -0.245297    -0.245302     -0.24531    -0.245321    -0.245335    -0.245351    -0.245368    -0.245382    -0.245371    -0.245256    -0.244717    -0.242492    -0.233603    -0.198393     -0.05926
 -0.00329715  -0.00304281  -0.00281947  -0.00272079  -0.00308459  -0.00523945   -0.0144319   -0.0513772    -0.197855    -0.234823    -0.244062    -0.246286    -0.246742    -0.246759    -0.246673    -0.246569    -0.246466    -0.246371    -0.246284    -0.246205    -0.246133    -0.246068     -0.24601    -0.245958    -0.245913    -0.245873    -0.245839    -0.245811    -0.245788     -0.24577    -0.245755    -0.245738    -0.245697    -0.245548    -0.244953    -0.242582     -0.23319    -0.196059   -0.0494082   -0.0122797  -0.00289223 -0.000529791  5.52042e-05  0.000191908   0.00021691  0.000215383  0.000208829  0.000202634  0.000198115  0.000195569  0.000195051  0.000196564   0.00020011  0.000205704  0.000213377  0.000223172  0.000235148  0.000249361  0.000265821  0.000284291  0.000303522  0.000318194  0.000306875  0.000184465 -0.000385549  -0.00273224   -0.0121031    -0.049214    -0.195846    -0.232958    -0.242329    -0.244677    -0.245248    -0.245373    -0.245386    -0.245374    -0.245358    -0.245343    -0.245331    -0.245321    -0.245314     -0.24531    -0.245308    -0.245309    -0.245313     -0.24532    -0.245329    -0.245341    -0.245356    -0.245374    -0.245393    -0.245408    -0.245397    -0.245277     -0.24471    -0.242368    -0.233011    -0.195945    -0.049477   -0.0130011
 -0.00304215  -0.00281869  -0.00272002  -0.00308387  -0.00523877   -0.0144313   -0.0513766    -0.197855    -0.234823    -0.244061    -0.246285    -0.246742    -0.246759    -0.246673    -0.246568    -0.246466    -0.246371    -0.246284    -0.246204    -0.246132    -0.246068     -0.24601    -0.245958    -0.245913    -0.245873    -0.245839    -0.245811    -0.245788     -0.24577    -0.245755    -0.245738    -0.245697    -0.245548    -0.244953    -0.242582     -0.23319    -0.196059   -0.0494082   -0.0122797  -0.00289226 -0.000529827  5.51586e-05  0.000191853  0.000216845  0.000215308  0.000208744  0.000202538  0.000198007  0.000195449  0.000194919  0.000196419  0.000199951  0.000205531  0.000213188  0.000222968  0.000234926  0.000249121  0.000265562  0.000284012  0.000303221   0.00031787  0.000306527  0.000184091 -0.000385951  -0.00273267   -0.0121035   -0.0492145    -0.195847    -0.232958     -0.24233    -0.244678    -0.245249    -0.245373    -0.245387    -0.245375    -0.245359    -0.245344    -0.245332    -0.245322    -0.245315    -0.245311     -0.24531    -0.245311    -0.245315    -0.245321    -0.245331    -0.245343    -0.245358    -0.245376    -0.245395     -0.24541      -0.2454    -0.245279    -0.244711    -0.242367    -0.232995    -0.195872   -0.0491798   -0.0118157  -0.00142956
 -0.00281843  -0.00271973  -0.00308357  -0.00523849   -0.0144311   -0.0513763    -0.197855    -0.234823    -0.244061    -0.246285    -0.246742    -0.246759    -0.246673    -0.246568    -0.246466    -0.246371    -0.246284    -0.246204    -0.246132    -0.246068     -0.24601    -0.245958    -0.245913    -0.245873    -0.245839    -0.245811    -0.245788     -0.24577    -0.245755    -0.245738    -0.245697    -0.245548    -0.244952    -0.242582     -0.23319    -0.196059   -0.0494081   -0.0122796  -0.00289218  -0.00052975  5.52394e-05  0.000191937  0.000216933  0.000215401  0.000208842  0.000202642  0.000198117  0.000195567  0.000195044  0.000196552  0.000200094  0.000205684  0.000213352  0.000223143  0.000235114  0.000249323  0.000265779  0.000284245  0.000303472   0.00031814  0.000306817  0.000184404 -0.000385614  -0.00273231   -0.0121031   -0.0492141    -0.195846    -0.232958    -0.242329    -0.244677    -0.245249    -0.245373    -0.245386    -0.245374    -0.245358    -0.245343    -0.245331    -0.245321    -0.245314     -0.24531    -0.245308    -0.245309    -0.245313     -0.24532    -0.245329    -0.245341    -0.245356    -0.245374    -0.245393    -0.245408    -0.245397    -0.245276    -0.244708    -0.242364    -0.232995    -0.195883   -0.0492337   -0.0120409  -0.00233199   0.00136592
 -0.00271958   -0.0030834  -0.00523833   -0.0144309   -0.0513762    -0.197854    -0.234823    -0.244061    -0.246285    -0.246741    -0.246759    -0.246673    -0.246568    -0.246466    -0.246371    -0.246283    -0.246204    -0.246132    -0.246067    -0.246009    -0.245958    -0.245912    -0.245873    -0.245839    -0.245811    -0.245788     -0.24577    -0.245755    -0.245738    -0.245697    -0.245548    -0.244952    -0.242582     -0.23319    -0.196059    -0.049408   -0.0122795  -0.00289209 -0.000529657  5.53375e-05  0.000192041  0.000217044  0.000215519  0.000208968  0.000202776  0.000198261   0.00019572  0.000195208  0.000196728  0.000200283  0.000205887   0.00021357  0.000223377  0.000235366  0.000249594  0.000266069  0.000284558  0.000303808  0.000318502  0.000307207  0.000184823 -0.000385163  -0.00273182   -0.0121026   -0.0492136    -0.195846    -0.232957    -0.242329    -0.244676    -0.245248    -0.245372    -0.245385    -0.245373    -0.245357    -0.245342     -0.24533     -0.24532    -0.245313    -0.245308    -0.245307    -0.245308    -0.245311    -0.245318    -0.245327    -0.245339    -0.245354    -0.245371     -0.24539    -0.245404    -0.245394    -0.245273    -0.244704     -0.24236    -0.232992    -0.195883     -0.04925   -0.0121217  -0.00266853  1.84065e-05   0.00194819
 -0.00308329   -0.0052382   -0.0144308   -0.0513761    -0.197854    -0.234822    -0.244061    -0.246285    -0.246741    -0.246759    -0.246673    -0.246568    -0.246466    -0.246371    -0.246283    -0.246204    -0.246132    -0.246067    -0.246009    -0.245958    -0.245912    -0.245873    -0.245839    -0.245811    -0.245788    -0.245769    -0.245755    -0.245738    -0.245697    -0.245548    -0.244952    -0.242582     -0.23319    -0.196059    -0.049408   -0.0122794  -0.00289201  -0.00052957  5.54294e-05  0.000192139  0.000217148   0.00021563  0.000209086  0.000202902  0.000198396  0.000195865  0.000195364  0.000196895  0.000200461  0.000206078  0.000213776  0.000223598  0.000235604  0.000249849  0.000266345  0.000284854  0.000304127  0.000318844  0.000307576   0.00018522 -0.000384735  -0.00273136   -0.0121021    -0.049213    -0.195845    -0.232956    -0.242328    -0.244676    -0.245247    -0.245371    -0.245385    -0.245372    -0.245356    -0.245341    -0.245328    -0.245318    -0.245311    -0.245307    -0.245305    -0.245306    -0.245309    -0.245316    -0.245325    -0.245336    -0.245351    -0.245368    -0.245387    -0.245401     -0.24539    -0.245269      -0.2447    -0.242356    -0.232988     -0.19588   -0.0492504   -0.0121385  -0.00275149 -0.000326893  0.000565872   0.00197898
  -0.0052381   -0.0144306   -0.0513759    -0.197854    -0.234822    -0.244061    -0.246285    -0.246741    -0.246759    -0.246673    -0.246568    -0.246466     -0.24637    -0.246283    -0.246204    -0.246132    -0.246067    -0.246009    -0.245958    -0.245912    -0.245873    -0.245839    -0.245811    -0.245788    -0.245769    -0.245755    -0.245738    -0.245697    -0.245547    -0.244952    -0.242582     -0.23319    -0.196059   -0.0494079   -0.0122794  -0.00289194 -0.000529493  5.55112e-05  0.000192226   0.00021724  0.000215728  0.000209191  0.000203014  0.000198516  0.000195993  0.000195501  0.000197042  0.000200619  0.000206248  0.000213958  0.000223794  0.000235814  0.000250076  0.000266588  0.000285116  0.000304408  0.000319147  0.000307902  0.000185571 -0.000384358  -0.00273096   -0.0121017   -0.0492126    -0.195845    -0.232956    -0.242327    -0.244675    -0.245246     -0.24537    -0.245384    -0.245372    -0.245355     -0.24534    -0.245327    -0.245317     -0.24531    -0.245305    -0.245303    -0.245304    -0.245308    -0.245314    -0.245323    -0.245334    -0.245349    -0.245366    -0.245384    -0.245398    -0.245387    -0.245266    -0.244697    -0.242352    -0.232984    -0.195876    -0.049247   -0.0121389  -0.00276757 -0.000406055  0.000236462  0.000660365   0.00187858
  -0.0144306   -0.0513758    -0.197854    -0.234822    -0.244061    -0.246285    -0.246741    -0.246759    -0.246673    -0.246568    -0.246466     -0.24637    -0.246283    -0.246204    -0.246132    -0.246067    -0.246009    -0.245958    -0.245912    -0.245873    -0.245839    -0.245811    -0.245788    -0.245769    -0.245755    -0.245738    -0.245697    -0.245547    -0.244952    -0.242582     -0.23319    -0.196059   -0.0494078   -0.0122793  -0.00289188 -0.000529425  5.55832e-05  0.000192302  0.000217321  0.000215814  0.000209283  0.000203112   0.00019862  0.000196105  0.000195621   0.00019717  0.000200757  0.000206396  0.000214116  0.000223964  0.000235997  0.000250272  0.000266799  0.000285343  0.000304653   0.00031941  0.000308185  0.000185875  -0.00038403   -0.0027306   -0.0121013   -0.0492121    -0.195844    -0.232955    -0.242327    -0.244674    -0.245246     -0.24537    -0.245383    -0.245371    -0.245354    -0.245339    -0.245326    -0.245316    -0.245309    -0.245304    -0.245302    -0.245303    -0.245306    -0.245312    -0.245321    -0.245333    -0.245347    -0.245364    -0.245382    -0.245396    -0.245385    -0.245263    -0.244694    -0.242349     -0.23298    -0.195872   -0.0492433   -0.0121358  -0.00276794 -0.000421126  0.000162306  0.000351827  0.000643559   0.00175282
  -0.0513758    -0.197854    -0.234822    -0.244061    -0.246285    -0.246741    -0.246758    -0.246672    -0.246568    -0.246466     -0.24637    -0.246283    -0.246204    -0.246132    -0.246067    -0.246009    -0.245958    -0.245912    -0.245873    -0.245839    -0.245811    -0.245788    -0.245769    -0.245755    -0.245738    -0.245697    -0.245547    -0.244952    -0.242582     -0.23319    -0.196059   -0.0494078   -0.0122793  -0.00289182 -0.000529365  5.56465e-05  0.000192369  0.000217392   0.00021589  0.000209363  0.000203198  0.000198712  0.000196203  0.000195725  0.000197282  0.000200876  0.000206524  0.000214254  0.000224112  0.000236155  0.000250442  0.000266982  0.000285539  0.000304864  0.000319637  0.000308429  0.000186138 -0.000383747   -0.0027303    -0.012101   -0.0492118    -0.195844    -0.232955    -0.242326    -0.244674    -0.245245    -0.245369    -0.245382     -0.24537    -0.245354    -0.245338    -0.245326    -0.245315    -0.245308    -0.245303    -0.245301    -0.245302    -0.245305    -0.245311     -0.24532    -0.245331    -0.245345    -0.245362     -0.24538    -0.245394    -0.245382     -0.24526    -0.244691    -0.242346    -0.232977    -0.195869   -0.0492398   -0.0121323  -0.00276506 -0.000421482  0.000148248    0.0002827  0.000355982  0.000601739   0.00162795
   0.0621833    0.0207013    0.0098432   0.00676648   0.00568305   0.00512512   0.00471938   0.00436986   0.00405095   0.00375495   0.00347874   0.00322048   0.00297868   0.00275204   0.00253931   0.00233937   0.00215111   0.00197352   0.00180563   0.00164654   0.00149545   0.00135187   0.00121636   0.00109363   0.00100451   0.00103356   0.00151679    0.0037828    0.0130786    0.0501198     0.196687     0.233738     0.243053     0.245349     0.245872     0.245951     0.245922     0.245871     0.245818     0.245769     0.245724     0.245684     0.245649     0.245619     0.245593      0.24557     0.245552     0.245538     0.245528     0.245522     0.245519      0.24552     0.245523     0.245522     0.245497     0.245361     0.244779     0.242421     0.233039     0.195919    0.0492775    0.0121578   0.00277855  0.000423617 -0.000154468 -0.000284826 -0.000304013 -0.000297174 -0.000285785 -0.000275207 -0.000266737 -0.000260656 -0.000256999 -0.000255759 -0.000256925 -0.000260505 -0.000266522 -0.000275016 -0.000286043  -0.00029966  -0.00031588 -0.000334472 -0.000354193 -0.000369733 -0.000359675 -0.000238933  0.000328989   0.00267314     0.012041    0.0491484     0.195777     0.232883      0.24225     0.244592     0.245158     0.245279       0.2453     0.245342     0.245563     0.246514
   0.0206488   0.00978117   0.00670547   0.00562551   0.00507143   0.00466943   0.00432342   0.00400779   0.00371483   0.00344145   0.00318581   0.00294645   0.00272207   0.00251144   0.00231344   0.00212699   0.00195108   0.00178474   0.00162709   0.00147733   0.00133498   0.00120063   0.00107896  0.000990864     0.001021   0.00150579   0.00377546    0.0130834    0.0501705     0.196917     0.234014     0.243341      0.24564     0.246164     0.246243     0.246215     0.246164     0.246112     0.246063     0.246018     0.245979     0.245944     0.245914     0.245888     0.245866     0.245848     0.245834     0.245824     0.245818     0.245816     0.245816     0.245819     0.245819     0.245793     0.245658     0.245076     0.242718     0.233337     0.196216     0.049575    0.0124554    0.0030762  0.000721354  0.000143347  1.30659e-05  -6.0456e-06  8.68027e-07   1.2332e-05  2.29844e-05  3.15298e-05   3.7688e-05  4.14222e-05  4.27427e-05  4.16581e-05  3.81628e-05   3.2234e-05  2.38314e-05  1.29002e-05 -6.17108e-07 -1.67315e-05 -3.52124e-05 -5.48152e-05 -7.02311e-05 -6.00405e-05  6.08429e-05  0.000628915   0.00297323    0.0123412    0.0494489     0.196077     0.233184     0.242551     0.244893     0.245458     0.245577     0.245586      0.24558     0.245613     0.245817     0.246702
  0.0097674  0.00668919   0.0056095  0.00505633  0.00465534  0.00431032  0.00399561   0.0037035  0.00343092  0.00317602  0.00293736  0.00271361  0.00250358  0.00230613  0.00212019  0.00194475  0.00177886  0.00162161  0.00147223  0.00133024   0.0011962  0.00107484 0.000987035  0.00101747  0.00150268  0.00377328   0.0130842   0.0501826    0.196973    0.234081    0.243411    0.245711    0.246235    0.246315    0.246287    0.246236    0.246183    0.246134     0.24609    0.246051    0.246016    0.245986     0.24596    0.245938    0.245921    0.245907    0.245897    0.245891    0.245888    0.245889    0.245892    0.245892    0.245866    0.245731    0.245149    0.242791     0.23341    0.196289   0.0496479   0.0125284  0.00314921 0.000794395 0.000216426 8.61839e-05 6.71122e-05 7.40667e-05 8.55731e-05 9.62696e-05 0.000104861 0.000111067 0.000114852 0.000116226 0.000115198 0.000111762 0.000105896 9.75611e-05 8.67015e-05 7.32606e-05 5.72277e-05 3.88341e-05 1.93246e-05 4.00863e-06 1.43063e-05 0.000135305   0.0007035  0.00304794   0.0124161   0.0495239    0.196152     0.23326    0.242626    0.244969    0.245534    0.245652    0.245659    0.245642     0.24563    0.245659     0.24585    0.246673
 0.00668783  0.00560789  0.00505475  0.00465385  0.00430893  0.00399431   0.0037023   0.0034298  0.00317499  0.00293639  0.00271271  0.00250275  0.00230536  0.00211947  0.00194409  0.00177824  0.00162104   0.0014717  0.00132974  0.00119575  0.00107442 0.000986641  0.00101711  0.00150236  0.00377306   0.0130843   0.0501837    0.196978    0.234087    0.243418    0.245718    0.246242    0.246322    0.246293    0.246243     0.24619    0.246141    0.246097    0.246058    0.246023    0.245993    0.245967    0.245945    0.245927    0.245914    0.245904    0.245898    0.245895    0.245896    0.245899    0.245899    0.245873    0.245738    0.245156    0.242798    0.233417    0.196296   0.0496551   0.0125355  0.00315641 0.000801617 0.000223669 9.34503e-05 7.44033e-05 8.13843e-05  9.2919e-05 0.000103646  0.00011227 0.000118511 0.000122333 0.000123747 0.000122762 0.000119373 0.000113557 0.000105276 9.44739e-05 8.10951e-05 6.51291e-05 4.68074e-05 2.73753e-05 1.21427e-05 2.25301e-05 0.000143625 0.000711924  0.00305648   0.0124247   0.0495327    0.196161    0.233269    0.242636    0.244978    0.245544    0.245661    0.245668    0.245648    0.245627    0.245614    0.245641    0.245819    0.246585
 0.00560722  0.00505396  0.00465307   0.0043082  0.00399363  0.00370167  0.00342922  0.00317444  0.00293589  0.00271225  0.00250231  0.00230496   0.0021191  0.00194374  0.00177792  0.00162074  0.00147142  0.00132949  0.00119551   0.0010742 0.000986439  0.00101693   0.0015022  0.00377294   0.0130843   0.0501842    0.196981     0.23409    0.243421    0.245721    0.246245    0.246325    0.246297    0.246246    0.246193    0.246145      0.2461    0.246061    0.246026    0.245996     0.24597    0.245949    0.245931    0.245917    0.245907    0.245901    0.245898    0.245899    0.245902    0.245902    0.245877    0.245741    0.245159    0.242801     0.23342      0.1963   0.0496586    0.012539   0.0031599 0.000805121 0.000227192  9.6992e-05 7.79659e-05 8.49693e-05  9.6528e-05 0.000107281 0.000115932 0.000122203 0.000126058 0.000127506 0.000126558 0.000123208 0.000117436   0.0001092 9.84478e-05 8.51223e-05 6.92138e-05 5.09539e-05 3.15884e-05 1.64275e-05  2.6892e-05  0.00014807 0.000716459  0.00306111   0.0124295   0.0495375    0.196166    0.233274    0.242641    0.244983    0.245549    0.245667    0.245674    0.245654     0.24563    0.245608    0.245597    0.245622    0.245787      0.2465
  0.0050522  0.00465099  0.00430615   0.0039917  0.00369987  0.00342754  0.00317289  0.00293444   0.0027109  0.00250107   0.0023038  0.00211802  0.00194274  0.00177699  0.00161987  0.00147062  0.00132874  0.00119481  0.00107355 0.000985841  0.00101638  0.00150171  0.00377256   0.0130843   0.0501854    0.196986    0.234097    0.243428    0.245728    0.246253    0.246332    0.246304    0.246253    0.246201    0.246152    0.246108    0.246069    0.246034    0.246004    0.245978    0.245956    0.245938    0.245925    0.245915    0.245909    0.245906    0.245907     0.24591     0.24591    0.245884    0.245749    0.245167    0.242809    0.233428    0.196307   0.0496663   0.0125468  0.00316772 0.000812961 0.000235049 0.000104868 8.58614e-05 9.28854e-05 0.000104466 0.000115242 0.000123919 0.000130216 0.000134099 0.000135578 0.000134662 0.000131348 0.000125613 0.000117418 0.000106709 9.34298e-05 7.75712e-05 5.93651e-05 4.00574e-05 2.49587e-05 3.54902e-05  0.00015674 0.000725206  0.00306994   0.0124384   0.0495465    0.196175    0.233283     0.24265    0.244993    0.245559    0.245677    0.245683    0.245664    0.245639    0.245615    0.245595    0.245585    0.245609    0.245763    0.246426
  0.0046486  0.00430332  0.00398892  0.00369724  0.00342509   0.0031706  0.00293232  0.00270893  0.00249923  0.00230209  0.00211644  0.00194127  0.00177562   0.0016186  0.00146944  0.00132764  0.00119379   0.0010726  0.00098496  0.00101556  0.00150098  0.00377197   0.0130841   0.0501867    0.196994    0.234106    0.243437    0.245737    0.246262    0.246342    0.246313    0.246263     0.24621    0.246161    0.246117    0.246078    0.246043    0.246013    0.245987    0.245966    0.245948    0.245934    0.245924    0.245918    0.245916    0.245917     0.24592    0.245919    0.245894    0.245759    0.245177    0.242819    0.233438    0.196317    0.049676   0.0125565  0.00317745 0.000822707 0.000244812 0.000114648 9.56589e-05 0.000102702 0.000114303   0.0001251 0.000133799  0.00014012 0.000144028 0.000145534 0.000144648 0.000141364 0.000135662 0.000127502 0.000116831 0.000103592 8.77774e-05  6.9618e-05 5.03605e-05 3.53158e-05 4.59053e-05 0.000167218 0.000735751  0.00308056   0.0124491   0.0495573    0.196186    0.233294    0.242661    0.245004     0.24557    0.245688    0.245695    0.245675    0.245651    0.245627    0.245604    0.245586    0.245577    0.245599    0.245743    0.246361
 0.00430016  0.00398519  0.00369357  0.00342163  0.00316738  0.00292932  0.00270614  0.00249664  0.00229968   0.0021142  0.00193919  0.00177368   0.0016168  0.00146777  0.00132609  0.00119235  0.00107126  0.00098371  0.00101441  0.00149993  0.00377111   0.0130838   0.0501882    0.197002    0.234116    0.243448    0.245748    0.246273    0.246353    0.246325    0.246274    0.246222    0.246173    0.246129     0.24609    0.246055    0.246025    0.245999    0.245977    0.245959    0.245946    0.245936     0.24593    0.245927    0.245928    0.245931    0.245931    0.245906     0.24577    0.245188     0.24283    0.233449    0.196329   0.0496878   0.0125683  0.00318921 0.000834481 0.000256602 0.000126454 0.000107482 0.000114543 0.000126163 0.000136979 0.000145699 0.000152042 0.000155973 0.000157503 0.000156642 0.000153386 0.000147713 0.000139584 0.000128947 0.000115744 9.99671e-05 8.18486e-05 6.26349e-05 4.76372e-05 5.82771e-05 0.000179644 0.000748235  0.00309311   0.0124617     0.04957    0.196199    0.233307    0.242674    0.245017    0.245583    0.245702    0.245708    0.245689    0.245664     0.24564    0.245618    0.245597     0.24558    0.245572    0.245593    0.245727    0.246302
 0.00397861   0.0036858  0.00341399  0.00316017  0.00292259  0.00269988  0.00249082  0.00229427  0.00210917  0.00193451  0.00176934  0.00161277  0.00146401  0.00132259   0.0011891  0.00106824 0.000980904  0.00101181  0.00149757  0.00376914   0.0130828   0.0501908    0.197018    0.234136    0.243469    0.245769    0.246294    0.246374    0.246346    0.246295    0.246243    0.246194     0.24615    0.246111    0.246077    0.246047    0.246021    0.245999    0.245981    0.245968    0.245958    0.245952    0.245949     0.24595    0.245953    0.245953    0.245928    0.245792    0.245211    0.242853    0.233472    0.196351   0.0497101   0.0125907  0.00321161 0.000856907 0.000279048 0.000148921  0.00012997 0.000137052 0.000148692  0.00015953 0.000168272 0.000174638 0.000178592 0.000180147 0.000179312 0.000176082 0.000170437 0.000162338 0.000151732 0.000138562  0.00012282 0.000104739 8.55645e-05  7.0609e-05 8.12939e-05 0.000202709 0.000771351  0.00311628   0.0124849   0.0495933    0.196222     0.23333    0.242698    0.245041    0.245607    0.245725    0.245732    0.245713    0.245689    0.245664    0.245642    0.245621    0.245603    0.245587     0.24558      0.2456    0.245724     0.24626
 0.00367314  0.00339902  0.00314545   0.0029087  0.00268693  0.00247877  0.00228307  0.00209876  0.00192483  0.00176034   0.0016044  0.00145623  0.00131536  0.00118237  0.00106198 0.000975087  0.00100642  0.00149265  0.00376496   0.0130805   0.0501949    0.197047    0.234171    0.243505    0.245806    0.246331    0.246412    0.246384    0.246333    0.246281    0.246233    0.246189     0.24615    0.246115    0.246085    0.246059    0.246038     0.24602    0.246007    0.245997    0.245991    0.245989     0.24599    0.245993    0.245993    0.245967    0.245832     0.24525    0.242892    0.233511    0.196391   0.0497499   0.0126304  0.00325141 0.000896733 0.000318906 0.000188809 0.000169888 0.000176998 0.000188667 0.000199533 0.000208302 0.000214696 0.000218678 0.000220261 0.000219454 0.000216254 0.000210638  0.00020257 0.000191995 0.000178858  0.00016315 0.000145105 0.000125969 0.000111053  0.00012178 0.000243239 0.000811929  0.00315691   0.0125256    0.049634    0.196263    0.233371    0.242739    0.245082    0.245648    0.245766    0.245774    0.245754     0.24573    0.245706    0.245684    0.245663    0.245644    0.245627    0.245613    0.245606    0.245625    0.245741    0.246239
 0.00337994  0.00312288  0.00288651  0.00266599  0.00245924   0.0022649  0.00208186  0.00190913  0.00174574  0.00159083  0.00144361  0.00130363  0.00117146  0.00105184 0.000965658 0.000997685  0.00148466  0.00375808   0.0130763   0.0501996    0.197085    0.234218    0.243555    0.245858    0.246383    0.246463    0.246436    0.246386    0.246334    0.246286    0.246242    0.246203    0.246169    0.246139    0.246113    0.246092    0.246075    0.246061    0.246051    0.246046    0.246043    0.246045    0.246048    0.246047    0.246022    0.245887    0.245305    0.242948    0.233567    0.196446   0.0498053   0.0126859  0.00330694 0.000952315 0.000374532 0.000244478 0.000225597 0.000232746 0.000244452 0.000255354 0.000264159 0.000270587 0.000274603 0.000276219 0.000275445 0.000272277 0.000266695 0.000258659 0.000248118 0.000235015 0.000219343 0.000201333 0.000182234 0.000167357 0.000178124 0.000299625 0.000868359  0.00321338   0.0125821   0.0496906     0.19632    0.233428    0.242795    0.245139    0.245705    0.245823    0.245831    0.245811    0.245787    0.245763    0.245741     0.24572    0.245702    0.245684    0.245669    0.245656     0.24565    0.245667    0.245776     0.24624
 0.00310049  0.00286003  0.00263995  0.00243467  0.00224197  0.00206053   0.0018893  0.00172731  0.00157369  0.00142768  0.00128882  0.00115769  0.00103903 0.000953757 0.000986651  0.00147455  0.00374927   0.0130705   0.0502037    0.197127    0.234269    0.243609    0.245912    0.246438    0.246519    0.246492    0.246442    0.246391    0.246343    0.246299    0.246261    0.246227    0.246197    0.246172    0.246151    0.246133     0.24612     0.24611    0.246105    0.246103    0.246104    0.246107    0.246107    0.246082    0.245947    0.245365    0.243008    0.233627    0.196506   0.0498656   0.0127463  0.00336737   0.0010128 0.000435068 0.000305064 0.000286231 0.000293425 0.000305175 0.000316119 0.000324963  0.00033143 0.000335484 0.000337136 0.000336398 0.000333265 0.000327717 0.000319716 0.000309209 0.000296141 0.000280503 0.000262529 0.000243466 0.000228626 0.000239431 0.000360972 0.000929747  0.00327481   0.0126436   0.0497521    0.196381    0.233489    0.242857      0.2452    0.245767    0.245885    0.245893    0.245873    0.245849    0.245826    0.245803    0.245783    0.245764    0.245747    0.245731    0.245717    0.245705    0.245699    0.245716    0.245817    0.246249
 0.00283996  0.00261621  0.00241132  0.00221995  0.00203999  0.00187018  0.00170953  0.00155717  0.00141232  0.00127454  0.00114441  0.00102669 0.000942286 0.000976014  0.00146478  0.00374069   0.0130645    0.050206     0.19716    0.234311    0.243653    0.245957    0.246484    0.246565    0.246538    0.246489    0.246438     0.24639    0.246347    0.246308    0.246275    0.246245     0.24622    0.246199    0.246182    0.246169    0.246159    0.246154    0.246152    0.246153    0.246157    0.246157    0.246132    0.245997    0.245415    0.243058    0.233677    0.196556   0.0499157   0.0127965   0.0034176  0.00106309 0.000485408 0.000355452 0.000336664 0.000343902 0.000355693 0.000366676 0.000375558 0.000382061 0.000386149 0.000387835  0.00038713  0.00038403 0.000378514 0.000370545 0.000360069 0.000347032 0.000331426 0.000313484 0.000294453 0.000279646 0.000290485 0.000412061 0.000980872  0.00332598   0.0126948   0.0498034    0.196433    0.233541    0.242908    0.245252    0.245818    0.245937    0.245944    0.245925    0.245901    0.245877    0.245855    0.245835    0.245816    0.245799    0.245783    0.245768    0.245755    0.245745     0.24574    0.245756     0.24585    0.246252
 0.00260372  0.00239655  0.00220542  0.00202628  0.00185739  0.00169763  0.00154611  0.00140204  0.00126498  0.00113553  0.00101843 0.000934609 0.000968893  0.00145823  0.00373489   0.0130603   0.0502066    0.197178    0.234334    0.243678    0.245983     0.24651    0.246591    0.246565    0.246515    0.246464    0.246417    0.246374    0.246336    0.246302    0.246273    0.246248    0.246227     0.24621    0.246197    0.246188    0.246182     0.24618    0.246182    0.246185    0.246185     0.24616    0.246025    0.245444    0.243086    0.233706    0.196585   0.0499447   0.0128254  0.00344663  0.00109215 0.000514507 0.000384585 0.000365829 0.000373097 0.000384917 0.000395928 0.000404837 0.000411365 0.000415479  0.00041719 0.000416509 0.000413433 0.000407941 0.000399995 0.000389543 0.000376531 0.000360949 0.000343032 0.000324027 0.000309246 0.000320112 0.000441716  0.00101056  0.00335569   0.0127246   0.0498332    0.196463    0.233571    0.242938    0.245282    0.245848    0.245967    0.245974    0.245955    0.245931    0.245908    0.245886    0.245865    0.245847    0.245829    0.245814    0.245799    0.245786    0.245774    0.245764     0.24576    0.245775    0.245863    0.246237
 0.00240056  0.00221017  0.00203095  0.00186179  0.00170174  0.00154993   0.0014056  0.00126828   0.0011386  0.00102128 0.000937265 0.000971358   0.0014605  0.00373691   0.0130618   0.0502067    0.197173    0.234327    0.243671    0.245975    0.246502    0.246584    0.246557    0.246508    0.246457    0.246409    0.246366    0.246328    0.246294    0.246265     0.24624    0.246219    0.246202    0.246189    0.246179    0.246174    0.246172    0.246173    0.246177    0.246177    0.246152    0.246017    0.245435    0.243078    0.233697    0.196577   0.0499362    0.012817  0.00343814  0.00108365 0.000505999 0.000376071  0.00035731 0.000364575 0.000376392 0.000387401  0.00039631 0.000402839 0.000406954 0.000408667 0.000407989 0.000404917  0.00039943 0.000391491 0.000381046 0.000368042  0.00035247 0.000334564 0.000315571 0.000300803 0.000311685 0.000433305  0.00100216  0.00334732   0.0127162   0.0498248    0.196454    0.233562     0.24293    0.245273     0.24584    0.245959    0.245966    0.245947    0.245923      0.2459    0.245878    0.245857    0.245839    0.245822    0.245806    0.245792    0.245778    0.245766    0.245755    0.245747    0.245743    0.245757    0.245839    0.246187
 0.00223132  0.00205596   0.0018864  0.00172495  0.00157159  0.00142575  0.00128702  0.00115602  0.00103747  0.00095231  0.00098532  0.00147338  0.00374846   0.0130709   0.0502085    0.197149    0.234296    0.243637     0.24594    0.246467    0.246548     0.24652    0.246471    0.246419    0.246371    0.246328    0.246289    0.246255    0.246226      0.2462    0.246179    0.246162    0.246149    0.246139    0.246133    0.246131    0.246133    0.246136    0.246136    0.246111    0.245976    0.245394    0.243036    0.233656    0.196535   0.0498944   0.0127751  0.00339623  0.00104168  0.00046397  0.00033399 0.000315181 0.000322402 0.000334179 0.000345151 0.000354026 0.000360525 0.000364613 0.000366301 0.000365602 0.000362511 0.000357007 0.000349054 0.000338597 0.000325583 0.000310004 0.000292092 0.000273096 0.000258328  0.00026921 0.000390834 0.000959698  0.00330486   0.0126738   0.0497824    0.196412     0.23352    0.242888    0.245231    0.245798    0.245916    0.245924    0.245905    0.245881    0.245858    0.245836    0.245815    0.245797     0.24578    0.245764     0.24575    0.245737    0.245724    0.245713    0.245704    0.245696    0.245692    0.245705    0.245782    0.246106
 0.00209006  0.00192671  0.00176461  0.00160899  0.00146065  0.00131949  0.00118621  0.00106554 0.000978393  0.00100953  0.00149573  0.00376861   0.0130871   0.0502136    0.197114     0.23425    0.243588     0.24589    0.246415    0.246495    0.246467    0.246416    0.246364    0.246315    0.246272    0.246232    0.246198    0.246168    0.246142     0.24612    0.246103    0.246089    0.246079    0.246073    0.246071    0.246072    0.246075    0.246075     0.24605    0.245914    0.245332    0.242975    0.233593    0.196473   0.0498321   0.0127126  0.00333362 0.000978959 0.000401151 0.000271077 0.000252181 0.000259322 0.000271025  0.00028193 0.000290742 0.000297183 0.000301218 0.000302859 0.000302115 0.000298984 0.000293444 0.000285458 0.000274973 0.000261933 0.000246331 0.000228399 0.000209386 0.000194604 0.000205476 0.000327091 0.000895949  0.00324111     0.01261   0.0497186    0.196348    0.233456    0.242824    0.245167    0.245734    0.245853     0.24586    0.245841    0.245817    0.245794    0.245772    0.245752    0.245733    0.245716    0.245701    0.245686    0.245673    0.245661     0.24565     0.24564    0.245631    0.245624    0.245621    0.245633    0.245704    0.246006
 0.00198182  0.00182977  0.00167309  0.00152111  0.00137591  0.00123871  0.00111434  0.00102375  0.00105163  0.00153463  0.00380382    0.013116   0.0502256    0.197066    0.234185    0.243518    0.245817     0.24634    0.246418    0.246389    0.246337    0.246284    0.246234    0.246189    0.246149    0.246113    0.246082    0.246056    0.246034    0.246015    0.246001     0.24599    0.245984    0.245981    0.245982    0.245984    0.245984    0.245958    0.245822     0.24524    0.242882    0.233501     0.19638   0.0497388   0.0126191  0.00323992 0.000885064 0.000307076 0.000176836 0.000157787 0.000164785 0.000176356 0.000187139 0.000195838 0.000202175 0.000206113 0.000207665 0.000206839 0.000203633 0.000198024 0.000189974 0.000179431 0.000166338 0.000150688 0.000132714 0.000113662 9.88447e-05 0.000109685 0.000231274 0.000800109  0.00314525   0.0125141   0.0496227    0.196252     0.23336    0.242728    0.245071    0.245638    0.245757    0.245764    0.245745    0.245722    0.245698    0.245676    0.245656    0.245638    0.245621    0.245605    0.245591    0.245578    0.245566    0.245555    0.245545    0.245536    0.245527    0.245521    0.245518     0.24553    0.245596    0.245876
  0.00191048   0.00176853   0.00161499   0.00146447   0.00132134   0.00119122   0.00109521   0.00111798   0.00159598   0.00385955    0.0131627    0.0502486     0.197007     0.234103     0.243427     0.245722     0.246243     0.246319     0.246287     0.246233     0.246178     0.246126     0.246079     0.246038     0.246001     0.245969     0.245941     0.245917     0.245898     0.245883     0.245871     0.245864      0.24586      0.24586     0.245862     0.245861     0.245835     0.245698     0.245116     0.242757     0.233375     0.196254    0.0496125    0.0124925   0.00311296  0.000757807  0.000179536  4.90317e-05   2.9738e-05  3.65091e-05  4.78695e-05  5.84567e-05   6.6975e-05  7.31442e-05  7.69273e-05  7.83351e-05  7.73768e-05  7.40474e-05   6.8325e-05  6.01706e-05  4.95307e-05  3.63495e-05  2.06179e-05  2.56858e-06 -1.65515e-05 -3.14307e-05 -2.06467e-05  0.000100891   0.00066968   0.00301478    0.0123836    0.0494922     0.196122      0.23323     0.242597     0.244941     0.245507     0.245626     0.245634     0.245615     0.245591     0.245567     0.245546     0.245525     0.245507      0.24549     0.245474      0.24546     0.245447     0.245435     0.245424     0.245414     0.245405     0.245397     0.245389     0.245383     0.245381     0.245392     0.245454     0.245715
  0.00190165   0.00177241   0.00161931    0.0014674   0.00132751   0.00122198   0.00123572   0.00170493   0.00395884    0.0132471    0.0502958     0.196927     0.233987     0.243298     0.245587     0.246102     0.246173     0.246138      0.24608     0.246021     0.245967     0.245917     0.245873     0.245833     0.245799     0.245769     0.245743     0.245722     0.245705     0.245692     0.245683     0.245678     0.245676     0.245677     0.245674     0.245647      0.24551     0.244926     0.242567     0.233184     0.196062    0.0494202    0.0122996   0.00291943  0.000563723 -1.50546e-05 -0.000146029 -0.000165759 -0.000159394  -0.00014841 -0.000138173 -0.000129979 -0.000124111 -0.000120607 -0.000119459 -0.000120657 -0.000124209 -0.000130138 -0.000138484   -0.0001493 -0.000162645 -0.000178528 -0.000196717 -0.000215966 -0.000230963 -0.000220288 -9.88515e-05  0.000469846   0.00281486    0.0121836    0.0492921     0.195921     0.233029     0.242397     0.244741     0.245307     0.245426     0.245433     0.245414      0.24539     0.245367     0.245345     0.245325     0.245306      0.24529     0.245274      0.24526     0.245247     0.245235     0.245224     0.245214     0.245205     0.245196     0.245189     0.245182     0.245176     0.245174     0.245185     0.245242     0.245485
  0.00200182   0.00189059   0.00173422    0.0015792   0.00145679     0.001454   0.00190707   0.00414355    0.0134061    0.0503936     0.196821     0.233821      0.24311     0.245386     0.245892     0.245955     0.245912     0.245848     0.245783     0.245722     0.245667     0.245617     0.245573     0.245534       0.2455     0.245471     0.245446     0.245425     0.245409     0.245398      0.24539     0.245386     0.245384      0.24538     0.245351     0.245212     0.244626     0.242265     0.232881     0.195758    0.0491145    0.0119927   0.00261147  0.000254749  -0.00032497  -0.00045682 -0.000477363 -0.000471753  -0.00046147 -0.000451884 -0.000444295 -0.000438989 -0.000436007 -0.000435343 -0.000436991 -0.000440961 -0.000447277 -0.000455982 -0.000467132 -0.000480786 -0.000496955 -0.000515409 -0.000534904 -0.000550129 -0.000539665 -0.000418423  0.000150095   0.00249494    0.0118636    0.0489719     0.195601     0.232709     0.242077      0.24442     0.244986     0.245105     0.245112     0.245093     0.245069     0.245046     0.245024     0.245004     0.244985     0.244968     0.244953     0.244939     0.244926     0.244914     0.244903     0.244893     0.244884     0.244875     0.244868     0.244861     0.244854     0.244849     0.244847     0.244857     0.244911     0.245137
  0.00253353   0.00249447   0.00232683   0.00216185   0.00211147   0.00251742   0.00470588     0.013909     0.050783     0.196875     0.233767     0.243007      0.24525     0.245728     0.245768     0.245702     0.245617     0.245532     0.245454     0.245382     0.245317     0.245259     0.245206      0.24516     0.245119     0.245083     0.245053     0.245028     0.245007     0.244992      0.24498     0.244972     0.244961     0.244926     0.244781     0.244191     0.241825     0.232437     0.195309     0.048662    0.0115367   0.00215234 -0.000207303  -0.00078971 -0.000924018 -0.000946802 -0.000943224 -0.000934774 -0.000926828 -0.000920694  -0.00091666 -0.000914773 -0.000915028 -0.000917421  -0.00092196  -0.00092867 -0.000937591 -0.000948773 -0.000962272 -0.000978091 -0.000995992  -0.00101472  -0.00102895  -0.00101726 -0.000894537 -0.000324267   0.00202262    0.0113936    0.0485047     0.195137     0.232248      0.24162     0.243967     0.244539     0.244663     0.244676     0.244664     0.244647     0.244632     0.244619     0.244608     0.244601     0.244596     0.244593     0.244593     0.244596     0.244602      0.24461     0.244621     0.244634      0.24465     0.244668     0.244682     0.244671     0.244556     0.244017     0.241792     0.232904     0.197693    0.0585606
  0.00312061   0.00306729   0.00289003    0.0027979   0.00315605   0.00529253    0.0144245    0.0511439     0.196743     0.233486     0.242665     0.244872     0.245321     0.245335     0.245246     0.245139     0.245034     0.244937     0.244848     0.244767     0.244693     0.244627     0.244568     0.244515     0.244468     0.244427     0.244392     0.244363     0.244339      0.24432     0.244304     0.244287     0.244245     0.244095     0.243499     0.241129     0.231736     0.194604    0.0479529    0.0108239    0.0014361 -0.000926702  -0.00151204  -0.00164906  -0.00167436  -0.00167311  -0.00166681  -0.00166085  -0.00165655  -0.00165421  -0.00165389  -0.00165558  -0.00165929  -0.00166504  -0.00167286  -0.00168279  -0.00169489  -0.00170922  -0.00172579  -0.00174436  -0.00176368  -0.00177844   -0.0017672  -0.00164487  -0.00107493    0.0012717    0.0106425    0.0477534     0.194386     0.231497     0.240868     0.243216     0.243788     0.243912     0.243925     0.243913     0.243897     0.243882      0.24387      0.24386     0.243853     0.243849     0.243847     0.243848     0.243852     0.243859     0.243868      0.24388     0.243895     0.243913     0.243932     0.243947     0.243936     0.243815     0.243248     0.240907      0.23155     0.194483    0.0480157    0.0115397
 0.00397553  0.00396396  0.00385356  0.00414931  0.00620921   0.0152371   0.0517404     0.19667    0.233205    0.242295    0.244446    0.244852    0.244825      0.2447    0.244559    0.244423    0.244296     0.24418    0.244074    0.243977    0.243889    0.243809    0.243737    0.243673    0.243616    0.243566    0.243523    0.243486    0.243454    0.243428    0.243399    0.243348    0.243189    0.242585    0.240206    0.230806    0.193668   0.0470105  0.00987576 0.000482553 -0.00188526 -0.00247525  -0.0026166 -0.00264592  -0.0026484 -0.00264557 -0.00264283 -0.00264152 -0.00264196 -0.00264422 -0.00264831 -0.00265424 -0.00266206  -0.0026718 -0.00268351 -0.00269726 -0.00271312 -0.00273111   -0.002751 -0.00277155 -0.00278745 -0.00277726  -0.0026559 -0.00208685 0.000258938  0.00962893   0.0467391    0.193371    0.230481    0.239852      0.2422     0.24277    0.242894    0.242907    0.242895    0.242879    0.242863    0.242851    0.242841    0.242833    0.242829    0.242827    0.242828    0.242832    0.242838    0.242848     0.24286    0.242875    0.242892    0.242911    0.242926    0.242916    0.242795    0.242227    0.239882    0.230511    0.193388   0.0466949  0.00933068 -0.00105591
   0.0054673   0.00563048   0.00589315   0.00783861    0.0166958    0.0528531     0.196739     0.232941     0.241884     0.243939     0.244265     0.244168     0.243977     0.243776     0.243584     0.243405      0.24324     0.243089      0.24295     0.242823     0.242707     0.242602     0.242507     0.242421     0.242344     0.242276     0.242215     0.242163     0.242116     0.242069     0.242001     0.241825     0.241206     0.238814     0.229401      0.19225    0.0455818   0.00843667 -0.000966166  -0.00334293  -0.00394123   -0.0040903  -0.00412679  -0.00413594  -0.00413931  -0.00414233  -0.00414638   -0.0041518  -0.00415868  -0.00416707    -0.004177  -0.00418853  -0.00420172  -0.00421665  -0.00423339  -0.00425203   -0.0042726  -0.00429489  -0.00431768  -0.00433565   -0.0043274  -0.00420784  -0.00364047  -0.00129624   0.00807229    0.0451812     0.191811     0.228921     0.238291     0.240637     0.241207      0.24133     0.241342     0.241329     0.241312     0.241296     0.241282     0.241272     0.241264     0.241259     0.241257     0.241257      0.24126     0.241266     0.241275     0.241287     0.241301     0.241319     0.241337     0.241352     0.241341      0.24122     0.240651     0.238307     0.228938     0.191825    0.0451755   0.00798252  -0.00172677  -0.00542566
  0.0080197  0.00871317   0.0105896   0.0191997   0.0548289    0.197151    0.232841    0.241545    0.243439     0.24363    0.243412     0.24311    0.242805    0.242517    0.242249    0.242001    0.241773    0.241562    0.241369    0.241191    0.241029     0.24088    0.240744    0.240622     0.24051     0.24041    0.240321    0.240239    0.240161    0.240063     0.23986    0.239215    0.236799    0.227364    0.190193   0.0435053  0.00634249 -0.00307681 -0.00546888 -0.00608141 -0.00624369 -0.00629247 -0.00631304 -0.00632701  -0.0063399 -0.00635311 -0.00636704 -0.00638184 -0.00639758 -0.00641435 -0.00643224 -0.00645134 -0.00647175  -0.0064936 -0.00651699 -0.00654197 -0.00656837 -0.00659497  -0.0066165 -0.00661155 -0.00649507 -0.00593056   -0.003589  0.00577706   0.0428836    0.189512    0.226619    0.235987    0.238332      0.2389    0.239021    0.239032    0.239018    0.238999    0.238982    0.238968    0.238956    0.238947    0.238941    0.238938    0.238938     0.23894    0.238945    0.238953    0.238964    0.238978    0.238995    0.239013    0.239027    0.239015    0.238893    0.238325     0.23598    0.226611    0.189502   0.0428681  0.00573938 -0.00371427 -0.00640195 -0.00833357
  0.0124802   0.0150126   0.0234181   0.0582802    0.198281    0.233183    0.241504    0.243128    0.243092    0.242668    0.242176    0.241695    0.241243    0.240824    0.240435    0.240076    0.239744    0.239437    0.239154    0.238894    0.238655    0.238435    0.238234     0.23805    0.237882    0.237729     0.23759    0.237457    0.237309    0.237059    0.236371    0.233914    0.224441    0.187236   0.0405154  0.00332239 -0.00612492 -0.00854302 -0.00917973  -0.0093645 -0.00943416 -0.00947413 -0.00950614 -0.00953579 -0.00956457 -0.00959298 -0.00962122 -0.00964947 -0.00967786 -0.00970654 -0.00973567 -0.00976541 -0.00979593 -0.00982737 -0.00985985 -0.00989321 -0.00992629 -0.00995383 -0.00995448  -0.0098432 -0.00928354 -0.00694648  0.00241539    0.039518    0.186142    0.223247    0.232611    0.234953    0.235519    0.235637    0.235646    0.235629    0.235609     0.23559    0.235573     0.23556    0.235549    0.235542    0.235538    0.235536    0.235537    0.235541    0.235548    0.235558    0.235571    0.235586    0.235603    0.235616    0.235604    0.235481    0.234912    0.232566    0.223197    0.186088   0.0394579  0.00234529 -0.00704251 -0.00946796   -0.010362  -0.0117783
  0.0214238   0.0307997   0.0647097    0.201024    0.234625    0.242275    0.243413    0.242959    0.242156    0.241313    0.240508    0.239755    0.239055    0.238406    0.237804    0.237248    0.236732    0.236255    0.235815    0.235408    0.235033    0.234687    0.234368    0.234076    0.233807     0.23356    0.233327    0.233086    0.232749    0.231981     0.22945    0.219907    0.182637   0.0358572 -0.00139141  -0.0108904  -0.0133566  -0.0140379  -0.0142642  -0.0143724  -0.0144481  -0.0145134   -0.014574  -0.0146315  -0.0146866  -0.0147397   -0.014791  -0.0148408  -0.0148894  -0.0149371   -0.014984  -0.0150305  -0.0150768  -0.0151231  -0.0151693  -0.0152143  -0.0152529  -0.0152638  -0.0151621  -0.0146114  -0.0122826 -0.00292844   0.0341671    0.180785    0.217883    0.227242    0.229578    0.230139    0.230253    0.230257    0.230236    0.230212    0.230189     0.23017    0.230153     0.23014     0.23013    0.230123    0.230119    0.230118     0.23012    0.230125    0.230133    0.230144    0.230158    0.230174    0.230186    0.230172    0.230048    0.229477     0.22713     0.21776     0.18065   0.0340201 -0.00308951  -0.0124622  -0.0148251  -0.0154691  -0.0158952  -0.0171189
  0.0386176   0.0730321    0.205381    0.237483    0.244292    0.244789    0.243776    0.242461    0.241146    0.239902    0.238742    0.237664    0.236663    0.235735    0.234875    0.234078    0.233339    0.232655    0.232022    0.231436    0.230895    0.230396    0.229935     0.22951    0.229117    0.228748    0.228381    0.227928    0.227051    0.224419    0.214784    0.177427   0.0305657 -0.00675807  -0.0163269  -0.0188579  -0.0195995  -0.0198817  -0.0200419   -0.020166  -0.0202763  -0.0203786  -0.0204749   -0.020566  -0.0206526   -0.020735  -0.0208137  -0.0208892  -0.0209618   -0.021032     -0.0211  -0.0211664  -0.0212313  -0.0212948  -0.0213559  -0.0214094  -0.0214343  -0.0213455  -0.0208068  -0.0184891 -0.00914534   0.0279405    0.174549    0.211639     0.22099    0.223319    0.223873    0.223981    0.223979    0.223953    0.223924    0.223897    0.223873    0.223852    0.223835    0.223822    0.223811    0.223804    0.223801      0.2238    0.223802    0.223808    0.223817    0.223829    0.223843    0.223852    0.223837    0.223711    0.223139    0.220791    0.211419    0.174308   0.0276769 -0.00943303  -0.0188031   -0.021152  -0.0217375  -0.0219292  -0.0222243  -0.0233418
 0.0790519   0.209572   0.240751     0.2469   0.246834   0.245309   0.243523   0.241771   0.240121   0.238583   0.237154   0.235828   0.234598   0.233456   0.232398   0.231416   0.230507   0.229665   0.228884   0.228162   0.227495   0.226878   0.226308    0.22578   0.225286   0.224803   0.224242   0.223265   0.220539   0.210817   0.173379  0.0264433 -0.0109499 -0.0205834 -0.0231744 -0.0239718 -0.0243059 -0.0245143 -0.0246832  -0.024835  -0.024976 -0.0251082 -0.0252328 -0.0253503 -0.0254616 -0.0255671 -0.0256674 -0.0257632 -0.0258548 -0.0259429 -0.0260278 -0.0261099 -0.0261894 -0.0262654 -0.0263329 -0.0263706 -0.0262937 -0.0257661 -0.0234588 -0.0141246  0.0229523   0.169553   0.206635   0.215979   0.218301   0.218849   0.218951   0.218944   0.218913   0.218879   0.218847   0.218819   0.218795   0.218775   0.218758   0.218744   0.218735   0.218728   0.218725   0.218725   0.218729   0.218736   0.218746   0.218757   0.218766   0.218749   0.218621   0.218048   0.215698   0.206325   0.169213  0.0225806 -0.0145302 -0.0239005 -0.0262468 -0.0268192 -0.0269562 -0.0270323 -0.0272823 -0.0283189
  -0.0508135   -0.0144285  -0.00510122  -0.00263489  -0.00191285  -0.00163851  -0.00148296  -0.00136245  -0.00125536   -0.0011558  -0.00106192 -0.000972878  -0.00088813 -0.000807202 -0.000729651 -0.000655055 -0.000583004 -0.000513095 -0.000444938 -0.000378166 -0.000312487   -0.0002479 -0.000185554 -0.000131139 -0.000108295 -0.000211534 -0.000815173  -0.00339815   -0.0138002   -0.0550757    -0.218238    -0.259517    -0.269926     -0.27252    -0.273138    -0.273259    -0.273259     -0.27323    -0.273198    -0.273168    -0.273141    -0.273118    -0.273098    -0.273082    -0.273069    -0.273059    -0.273053     -0.27305     -0.27305    -0.273053    -0.273059    -0.273068    -0.273078    -0.273084    -0.273065    -0.272936    -0.272359    -0.270007     -0.26063    -0.223514   -0.0768772   -0.0397615    -0.030386   -0.0280345   -0.0274597   -0.0273323   -0.0273159   -0.0273254   -0.0273392    -0.027352   -0.0273626   -0.0273707   -0.0273761   -0.0273791   -0.0273795   -0.0273774   -0.0273728   -0.0273656   -0.0273557   -0.0273432    -0.027328   -0.0273104   -0.0272916   -0.0272769   -0.0272877   -0.0274092   -0.0279778   -0.0303226    -0.039691    -0.076799    -0.223428    -0.260535    -0.269902    -0.272244    -0.272811    -0.272932    -0.272954    -0.272996    -0.273218    -0.274172
 -0.0183274 -0.00971179 -0.00716936 -0.00618992 -0.00562921  -0.0051957 -0.00481402  -0.0044636  -0.0041379   -0.003834 -0.00354996 -0.00328419 -0.00303524 -0.00280176  -0.0025825 -0.00237625  -0.0021819 -0.00199838 -0.00182471 -0.00166001 -0.00150372 -0.00135636  -0.0012227 -0.00112398 -0.00114665 -0.00163424 -0.00394533  -0.0134454  -0.0513176   -0.201189   -0.239072   -0.248594   -0.250937   -0.251468   -0.251545   -0.251513   -0.251457     -0.2514   -0.251347   -0.251299   -0.251256   -0.251218   -0.251185   -0.251156   -0.251132   -0.251112   -0.251096   -0.251084   -0.251075   -0.251071    -0.25107   -0.251072    -0.25107   -0.251043   -0.250907   -0.250323   -0.247964   -0.238582   -0.201461  -0.0548188  -0.0176984 -0.00831854 -0.00596304 -0.00538443 -0.00525359 -0.00523396 -0.00524039 -0.00525141 -0.00526165 -0.00526982 -0.00527562 -0.00527903 -0.00528005 -0.00527868 -0.00527492 -0.00526875 -0.00526013 -0.00524899 -0.00523528 -0.00521899 -0.00520034 -0.00518059 -0.00516503 -0.00517509 -0.00529585 -0.00586381 -0.00820802  -0.0175759  -0.0546835   -0.201312   -0.238419   -0.247785   -0.250127   -0.250693   -0.250811    -0.25082   -0.250814   -0.250847   -0.251051   -0.251936
  -0.0107608  -0.00840989  -0.00740998  -0.00678002  -0.00626947    -0.005813  -0.00539232  -0.00500116  -0.00463642  -0.00429587  -0.00397764  -0.00367999  -0.00340131   -0.0031401  -0.00289494  -0.00266449   -0.0024475   -0.0022428  -0.00204934   -0.0018664  -0.00169435  -0.00153766    -0.001417  -0.00141675  -0.00187276  -0.00411348   -0.0133858   -0.0504052    -0.196952    -0.233984    -0.243282    -0.245562    -0.246069    -0.246134    -0.246093    -0.246029    -0.245965    -0.245905    -0.245851    -0.245802    -0.245759    -0.245721    -0.245687    -0.245658    -0.245634    -0.245614    -0.245599    -0.245587     -0.24558    -0.245577    -0.245575    -0.245571    -0.245542    -0.245403    -0.244818    -0.242457    -0.233074    -0.195951   -0.0493071   -0.0121854  -0.00280428 -0.000447618  0.000132072  0.000263914  0.000284471  0.000278897  0.000268673  0.000259169  0.000251685  0.000246507  0.000243678  0.000243192  0.000245046  0.000249248  0.000255826  0.000264823  0.000276298   0.00029031  0.000306874  0.000325761  0.000345729  0.000361471  0.000351569  0.000230939 -0.000336915  -0.00268104   -0.0120489   -0.0491564    -0.195785    -0.232892    -0.242258      -0.2446    -0.245166    -0.245283     -0.24529    -0.245273    -0.245261     -0.24529     -0.24548    -0.246303
 -0.00840995  -0.00741006  -0.00678009  -0.00626954  -0.00581307  -0.00539238  -0.00500122  -0.00463647  -0.00429593  -0.00397769  -0.00368004  -0.00340136  -0.00314015  -0.00289498  -0.00266453  -0.00244754  -0.00224283  -0.00204938  -0.00186644  -0.00169438  -0.00153769  -0.00141703  -0.00141678  -0.00187279  -0.00411352   -0.0133858   -0.0504052    -0.196952    -0.233984    -0.243282    -0.245562    -0.246069    -0.246134    -0.246093    -0.246029    -0.245965    -0.245905    -0.245851    -0.245802    -0.245759    -0.245721    -0.245687    -0.245659    -0.245634    -0.245614    -0.245599    -0.245588     -0.24558    -0.245577    -0.245576    -0.245571    -0.245542    -0.245404    -0.244818    -0.242458    -0.233074    -0.195951   -0.0493074   -0.0121857  -0.00280453 -0.000447881  0.000131789  0.000263609  0.000284144  0.000278544  0.000268293  0.000258759  0.000251244  0.000246032  0.000243167  0.000242642  0.000244453  0.000248609  0.000255138  0.000264082    0.0002755   0.00028945  0.000305948  0.000324763  0.000344654  0.000360313  0.000350322  0.000229595 -0.000338362   -0.0026826   -0.0120506   -0.0491582    -0.195787    -0.232894     -0.24226    -0.244603    -0.245168    -0.245286    -0.245292    -0.245272     -0.24525    -0.245238    -0.245265    -0.245442    -0.246208
 -0.00741012  -0.00678016  -0.00626961  -0.00581313  -0.00539244  -0.00500128  -0.00463652  -0.00429598  -0.00397774  -0.00368008   -0.0034014  -0.00314019  -0.00289502  -0.00266457  -0.00244757  -0.00224287  -0.00204941  -0.00186647  -0.00169441  -0.00153772  -0.00141706  -0.00141681  -0.00187282  -0.00411355   -0.0133859   -0.0504053    -0.196952    -0.233984    -0.243282    -0.245562    -0.246069    -0.246134    -0.246093    -0.246029    -0.245965    -0.245905    -0.245851    -0.245802    -0.245759    -0.245721    -0.245687    -0.245659    -0.245634    -0.245615    -0.245599    -0.245588     -0.24558    -0.245577    -0.245576    -0.245571    -0.245542    -0.245404    -0.244819    -0.242458    -0.233074    -0.195951   -0.0493075   -0.0121859  -0.00280474 -0.000448107  0.000131546  0.000263347  0.000283861   0.00027824  0.000267966  0.000258407  0.000250864  0.000245623  0.000242726  0.000242167  0.000243942  0.000248059  0.000254545  0.000263443  0.000274812  0.000288709   0.00030515  0.000323904  0.000343728  0.000359316  0.000349248  0.000228438 -0.000339609  -0.00268394    -0.012052   -0.0491598    -0.195788    -0.232895    -0.242262    -0.244605     -0.24517    -0.245288    -0.245294    -0.245274     -0.24525    -0.245228    -0.245217    -0.245242    -0.245407     -0.24612
 -0.00678022  -0.00626967   -0.0058132   -0.0053925  -0.00500133  -0.00463658  -0.00429603  -0.00397779  -0.00368013  -0.00340144  -0.00314023  -0.00289506   -0.0026646  -0.00244761   -0.0022429  -0.00204944   -0.0018665  -0.00169444  -0.00153775  -0.00141709  -0.00141684  -0.00187285  -0.00411357   -0.0133859   -0.0504053    -0.196952    -0.233985    -0.243282    -0.245562    -0.246069    -0.246134    -0.246093    -0.246029    -0.245965    -0.245905    -0.245851    -0.245803    -0.245759    -0.245721    -0.245687    -0.245659    -0.245634    -0.245615    -0.245599    -0.245588     -0.24558    -0.245577    -0.245576    -0.245571    -0.245543    -0.245404    -0.244819    -0.242458    -0.233074    -0.195951   -0.0493077    -0.012186  -0.00280492 -0.000448302  0.000131336  0.000263121  0.000283617  0.000277978  0.000267683  0.000258103  0.000250536   0.00024527  0.000242346  0.000241758  0.000243501  0.000247584  0.000254034  0.000262893  0.000274219  0.000288071  0.000304462  0.000323163   0.00034293  0.000358456  0.000348321   0.00022744 -0.000340683   -0.0026851   -0.0120532   -0.0491611     -0.19579    -0.232897    -0.242264    -0.244607    -0.245172     -0.24529    -0.245297    -0.245277    -0.245252    -0.245228    -0.245208    -0.245197    -0.245221    -0.245375    -0.246038
 -0.00626973  -0.00581326  -0.00539256  -0.00500139  -0.00463663  -0.00429608  -0.00397783  -0.00368017  -0.00340149  -0.00314027  -0.00289509  -0.00266464  -0.00244764  -0.00224293  -0.00204947  -0.00186653  -0.00169447  -0.00153778  -0.00141712  -0.00141687  -0.00187288   -0.0041136   -0.0133859   -0.0504053    -0.196952    -0.233985    -0.243282    -0.245562    -0.246069    -0.246134    -0.246093    -0.246029    -0.245965    -0.245905    -0.245851    -0.245803    -0.245759    -0.245721    -0.245687    -0.245659    -0.245634    -0.245615    -0.245599    -0.245588    -0.245581    -0.245577    -0.245576    -0.245572    -0.245543    -0.245404    -0.244819    -0.242458    -0.233074    -0.195951   -0.0493078   -0.0121862  -0.00280508 -0.000448471  0.000131154  0.000262925  0.000283407  0.000277752   0.00026744   0.00025784  0.000250254  0.000244966  0.000242019  0.000241406  0.000243121  0.000247175  0.000253593  0.000262419  0.000273708   0.00028752  0.000303869  0.000322524  0.000342242  0.000357715  0.000347523   0.00022658 -0.000341609   -0.0026861   -0.0120543   -0.0491623    -0.195791    -0.232898    -0.242265    -0.244608    -0.245174    -0.245292    -0.245299    -0.245279    -0.245254     -0.24523    -0.245207    -0.245189    -0.245179    -0.245202    -0.245345    -0.245963
 -0.00581331  -0.00539262  -0.00500145  -0.00463669  -0.00429613  -0.00397788  -0.00368022  -0.00340153  -0.00314031  -0.00289513  -0.00266467  -0.00244767  -0.00224296   -0.0020495  -0.00186656   -0.0016945  -0.00153781  -0.00141714  -0.00141689   -0.0018729  -0.00411363   -0.0133859   -0.0504053    -0.196952    -0.233985    -0.243282    -0.245562    -0.246069    -0.246134    -0.246093    -0.246029    -0.245965    -0.245905    -0.245851    -0.245803    -0.245759    -0.245721    -0.245687    -0.245659    -0.245635    -0.245615    -0.245599    -0.245588    -0.245581    -0.245577    -0.245576    -0.245572    -0.245543    -0.245404    -0.244819    -0.242458    -0.233074    -0.195951   -0.0493079   -0.0121863  -0.00280521 -0.000448616  0.000130998  0.000262757  0.000283226  0.000277557   0.00026723  0.000257614  0.000250011  0.000244704  0.000241737  0.000241102  0.000242794  0.000246823  0.000253214   0.00026201  0.000273267  0.000287046  0.000303358  0.000321974  0.000341649  0.000357076  0.000346835  0.000225839 -0.000342408  -0.00268696   -0.0120552   -0.0491633    -0.195792      -0.2329    -0.242267     -0.24461    -0.245175    -0.245294      -0.2453    -0.245281    -0.245256    -0.245232    -0.245209    -0.245188    -0.245171    -0.245163    -0.245184    -0.245318    -0.245892
 -0.00539267   -0.0050015  -0.00463674  -0.00429618  -0.00397793  -0.00368026  -0.00340157  -0.00314034  -0.00289517  -0.00266471  -0.00244771    -0.002243  -0.00204953  -0.00186659  -0.00169453  -0.00153783  -0.00141717  -0.00141692  -0.00187292  -0.00411365    -0.013386   -0.0504054    -0.196952    -0.233985    -0.243282    -0.245562    -0.246069    -0.246134    -0.246093    -0.246029    -0.245965    -0.245905    -0.245851    -0.245803    -0.245759    -0.245721    -0.245688    -0.245659    -0.245635    -0.245615    -0.245599    -0.245588    -0.245581    -0.245577    -0.245576    -0.245572    -0.245543    -0.245404    -0.244819    -0.242458    -0.233074    -0.195951    -0.049308   -0.0121864  -0.00280533 -0.000448741  0.000130863  0.000262612   0.00028307  0.000277388  0.000267049  0.000257419  0.000249801  0.000244478  0.000241493   0.00024084  0.000242512  0.000246519  0.000252887  0.000261657  0.000272888  0.000286637  0.000302918  0.000321499  0.000341138  0.000356526  0.000346242  0.000225201 -0.000343095   -0.0026877    -0.012056   -0.0491641    -0.195793    -0.232901    -0.242268    -0.244611    -0.245177    -0.245295    -0.245302    -0.245282    -0.245258    -0.245233    -0.245211     -0.24519    -0.245171    -0.245156    -0.245148    -0.245168    -0.245293    -0.245827
 -0.00500154  -0.00463679  -0.00429623  -0.00397797  -0.00368031  -0.00340161  -0.00314038   -0.0028952  -0.00266474  -0.00244774  -0.00224303  -0.00204956  -0.00186662  -0.00169455  -0.00153786  -0.00141719  -0.00141694  -0.00187295  -0.00411367    -0.013386   -0.0504054    -0.196952    -0.233985    -0.243282    -0.245562    -0.246069    -0.246134    -0.246093    -0.246029    -0.245965    -0.245905    -0.245851    -0.245803    -0.245759    -0.245721    -0.245688    -0.245659    -0.245635    -0.245615    -0.245599    -0.245588    -0.245581    -0.245577    -0.245576    -0.245572    -0.245543    -0.245404    -0.244819    -0.242458    -0.233074    -0.195951   -0.0493081   -0.0121865  -0.00280543  -0.00044885  0.000130747  0.000262487  0.000282935  0.000277243  0.000266893  0.000257251   0.00024962  0.000244284  0.000241284  0.000240614  0.000242269  0.000246257  0.000252605  0.000261353  0.000272561  0.000286285  0.000302538   0.00032109  0.000340698  0.000356052  0.000345732   0.00022465 -0.000343688  -0.00268834   -0.0120567   -0.0491649    -0.195794    -0.232901    -0.242269    -0.244612    -0.245178    -0.245296    -0.245303    -0.245283    -0.245259    -0.245235    -0.245212    -0.245192    -0.245173    -0.245155    -0.245141    -0.245134    -0.245153    -0.245269    -0.245767
 -0.00463683  -0.00429627  -0.00397802  -0.00368035  -0.00340165  -0.00314042  -0.00289524  -0.00266478  -0.00244777  -0.00224306  -0.00204959  -0.00186664  -0.00169458  -0.00153788  -0.00141721  -0.00141696  -0.00187297  -0.00411369    -0.013386   -0.0504054    -0.196952    -0.233985    -0.243283    -0.245562     -0.24607    -0.246134    -0.246093    -0.246029    -0.245965    -0.245906    -0.245851    -0.245803    -0.245759    -0.245721    -0.245688    -0.245659    -0.245635    -0.245615    -0.245599    -0.245588    -0.245581    -0.245577    -0.245576    -0.245572    -0.245543    -0.245404    -0.244819    -0.242458    -0.233075    -0.195952   -0.0493082   -0.0121866  -0.00280551 -0.000448943  0.000130646  0.000262379  0.000282819  0.000277118  0.000266758  0.000257107  0.000249464  0.000244116  0.000241103  0.000240419  0.000242059  0.000246031  0.000252361  0.000261092  0.000272279  0.000285981  0.000302211  0.000320738  0.000340319  0.000355643  0.000345291  0.000224176 -0.000344199  -0.00268889   -0.0120573   -0.0491655    -0.195794    -0.232902    -0.242269    -0.244613    -0.245179    -0.245297    -0.245304    -0.245285     -0.24526    -0.245236    -0.245214    -0.245193    -0.245174    -0.245157    -0.245141    -0.245128    -0.245122     -0.24514    -0.245248    -0.245711
 -0.00429631  -0.00397806  -0.00368039  -0.00340169  -0.00314046  -0.00289528  -0.00266481   -0.0024478  -0.00224309  -0.00204962  -0.00186667   -0.0016946  -0.00153791  -0.00141724  -0.00141698  -0.00187299  -0.00411371    -0.013386   -0.0504054    -0.196952    -0.233985    -0.243283    -0.245562     -0.24607    -0.246134    -0.246093    -0.246029    -0.245965    -0.245906    -0.245851    -0.245803    -0.245759    -0.245721    -0.245688    -0.245659    -0.245635    -0.245615    -0.245599    -0.245588    -0.245581    -0.245577    -0.245576    -0.245572    -0.245543    -0.245404    -0.244819    -0.242458    -0.233075    -0.195952   -0.0493083   -0.0121866  -0.00280559 -0.000449024   0.00013056  0.000262286  0.000282719  0.000277011  0.000266642  0.000256982   0.00024933  0.000243971  0.000240947  0.000240251  0.000241878  0.000245837  0.000252152  0.000260866  0.000272035  0.000285719  0.000301929  0.000320434  0.000339991  0.000355291  0.000344912  0.000223767 -0.000344639  -0.00268936   -0.0120578   -0.0491661    -0.195795    -0.232903     -0.24227    -0.244613    -0.245179    -0.245298    -0.245305    -0.245286    -0.245261    -0.245237    -0.245215    -0.245194    -0.245176    -0.245158    -0.245142    -0.245128    -0.245116    -0.245111    -0.245127    -0.245228    -0.245659
  -0.0039781  -0.00368043  -0.00340173   -0.0031405  -0.00289531  -0.00266484  -0.00244783  -0.00224312  -0.00204965   -0.0018667  -0.00169463  -0.00153793  -0.00141726    -0.001417  -0.00187301  -0.00411373    -0.013386   -0.0504054    -0.196952    -0.233985    -0.243283    -0.245562     -0.24607    -0.246134    -0.246093    -0.246029    -0.245965    -0.245906    -0.245851    -0.245803    -0.245759    -0.245721    -0.245688    -0.245659    -0.245635    -0.245615    -0.245599    -0.245588    -0.245581    -0.245577    -0.245576    -0.245572    -0.245543    -0.245404    -0.244819    -0.242458    -0.233075    -0.195952   -0.0493083   -0.0121867  -0.00280565 -0.000449093  0.000130485  0.000262205  0.000282632  0.000276917  0.000266542  0.000256874  0.000249214  0.000243846  0.000240813  0.000240107  0.000241723  0.000245669  0.000251971  0.000260671  0.000271826  0.000285494  0.000301686  0.000320173   0.00033971  0.000354987  0.000344585  0.000223415 -0.000345019  -0.00268977   -0.0120583   -0.0491665    -0.195796    -0.232903    -0.242271    -0.244614     -0.24518    -0.245299    -0.245306    -0.245286    -0.245262    -0.245238    -0.245216    -0.245196    -0.245177    -0.245159    -0.245143    -0.245129    -0.245116    -0.245105      -0.2451    -0.245116     -0.24521    -0.245611
 -0.00368046  -0.00340177  -0.00314054  -0.00289535  -0.00266488  -0.00244787  -0.00224315  -0.00204967  -0.00186672  -0.00169465  -0.00153795  -0.00141728  -0.00141703  -0.00187303  -0.00411375   -0.0133861   -0.0504055    -0.196953    -0.233985    -0.243283    -0.245562     -0.24607    -0.246134    -0.246093    -0.246029    -0.245965    -0.245906    -0.245851    -0.245803    -0.245759    -0.245721    -0.245688    -0.245659    -0.245635    -0.245615    -0.245599    -0.245588    -0.245581    -0.245577    -0.245576    -0.245572    -0.245543    -0.245404    -0.244819    -0.242458    -0.233075    -0.195952   -0.0493084   -0.0121868  -0.00280571 -0.000449153   0.00013042  0.000262136  0.000282558  0.000276837  0.000266456  0.000256781  0.000249114  0.000243738  0.000240697  0.000239982  0.000241588  0.000245524  0.000251815  0.000260504  0.000271645  0.000285299  0.000301476  0.000319947  0.000339467  0.000354725  0.000344303  0.000223111 -0.000345346  -0.00269012   -0.0120587   -0.0491669    -0.195796    -0.232904    -0.242271    -0.244614    -0.245181    -0.245299    -0.245306    -0.245287    -0.245263    -0.245239    -0.245217    -0.245197    -0.245178    -0.245161    -0.245145     -0.24513    -0.245117    -0.245105    -0.245095    -0.245091    -0.245106    -0.245193    -0.245567
  -0.0034018  -0.00314057  -0.00289538  -0.00266491   -0.0024479  -0.00224318   -0.0020497  -0.00186675  -0.00169468  -0.00153798   -0.0014173  -0.00141705  -0.00187305  -0.00411377   -0.0133861   -0.0504055    -0.196953    -0.233985    -0.243283    -0.245562     -0.24607    -0.246135    -0.246093    -0.246029    -0.245965    -0.245906    -0.245851    -0.245803    -0.245759    -0.245721    -0.245688    -0.245659    -0.245635    -0.245615    -0.245599    -0.245588    -0.245581    -0.245577    -0.245576    -0.245572    -0.245543    -0.245404    -0.244819    -0.242459    -0.233075    -0.195952   -0.0493084   -0.0121868  -0.00280576 -0.000449205  0.000130364  0.000262076  0.000282493  0.000276768  0.000266381  0.000256701  0.000249027  0.000243646  0.000240597  0.000239874  0.000241472    0.0002454  0.000251681  0.000260359   0.00027149  0.000285131  0.000301296  0.000319753  0.000339257    0.0003545   0.00034406   0.00022285 -0.000345628  -0.00269043    -0.012059   -0.0491673    -0.195796    -0.232904    -0.242272    -0.244615    -0.245181      -0.2453    -0.245307    -0.245288    -0.245264     -0.24524    -0.245218    -0.245197    -0.245179    -0.245162    -0.245146    -0.245131    -0.245118    -0.245106    -0.245095    -0.245086    -0.245082    -0.245096    -0.245178    -0.245526
  -0.0031406  -0.00289542  -0.00266494  -0.00244793   -0.0022432  -0.00204973  -0.00186677   -0.0016947    -0.001538  -0.00141733  -0.00141707  -0.00187307  -0.00411379   -0.0133861   -0.0504055    -0.196953    -0.233985    -0.243283    -0.245562     -0.24607    -0.246135    -0.246093    -0.246029    -0.245965    -0.245906    -0.245851    -0.245803    -0.245759    -0.245721    -0.245688    -0.245659    -0.245635    -0.245615    -0.245599    -0.245588    -0.245581    -0.245577    -0.245576    -0.245572    -0.245543    -0.245404    -0.244819    -0.242459    -0.233075    -0.195952   -0.0493085   -0.0121868   -0.0028058  -0.00044925  0.000130316  0.000262024  0.000282437  0.000276708  0.000266317  0.000256631  0.000248953  0.000243565  0.000240511  0.000239781  0.000241372  0.000245292  0.000251565  0.000260234  0.000271355  0.000284987   0.00030114  0.000319585  0.000339077  0.000354305   0.00034385  0.000222624 -0.000345871  -0.00269069   -0.0120593   -0.0491676    -0.195797    -0.232905    -0.242272    -0.244615    -0.245182      -0.2453    -0.245307    -0.245288    -0.245264    -0.245241    -0.245219    -0.245198     -0.24518    -0.245162    -0.245147    -0.245132    -0.245119    -0.245107    -0.245096    -0.245086    -0.245078    -0.245074    -0.245087    -0.245164    -0.245487
 -0.00289544  -0.00266497  -0.00244796  -0.00224323  -0.00204976   -0.0018668  -0.00169473  -0.00153802  -0.00141735  -0.00141709  -0.00187309  -0.00411381   -0.0133861   -0.0504055    -0.196953    -0.233985    -0.243283    -0.245562     -0.24607    -0.246135    -0.246093    -0.246029    -0.245965    -0.245906    -0.245851    -0.245803    -0.245759    -0.245721    -0.245688    -0.245659    -0.245635    -0.245615    -0.245599    -0.245588    -0.245581    -0.245577    -0.245576    -0.245572    -0.245543    -0.245404    -0.244819    -0.242459    -0.233075    -0.195952   -0.0493085   -0.0121869  -0.00280584 -0.000449289  0.000130274  0.000261979  0.000282389  0.000276656  0.000266261  0.000256572  0.000248889  0.000243496  0.000240436  0.000239701  0.000241286  0.000245199  0.000251466  0.000260127   0.00027124  0.000284862  0.000301006  0.000319441  0.000338921  0.000354138   0.00034367   0.00022243  -0.00034608  -0.00269092   -0.0120595   -0.0491679    -0.195797    -0.232905    -0.242272    -0.244616    -0.245182    -0.245301    -0.245308    -0.245289    -0.245265    -0.245241    -0.245219    -0.245199     -0.24518    -0.245163    -0.245147    -0.245133     -0.24512    -0.245108    -0.245097    -0.245087    -0.245078     -0.24507    -0.245067    -0.245079    -0.245151    -0.245452
   -0.002665  -0.00244799  -0.00224326  -0.00204978  -0.00186683  -0.00169475  -0.00153804  -0.00141737  -0.00141711  -0.00187311  -0.00411382   -0.0133861   -0.0504055    -0.196953    -0.233985    -0.243283    -0.245562     -0.24607    -0.246135    -0.246093    -0.246029    -0.245965    -0.245906    -0.245851    -0.245803    -0.245759    -0.245721    -0.245688    -0.245659    -0.245635    -0.245615    -0.245599    -0.245588    -0.245581    -0.245577    -0.245576    -0.245572    -0.245543    -0.245404    -0.244819    -0.242459    -0.233075    -0.195952   -0.0493085   -0.0121869  -0.00280587 -0.000449323  0.000130238   0.00026194  0.000282348  0.000276612  0.000266213   0.00025652  0.000248833  0.000243437  0.000240372  0.000239632  0.000241212  0.000245119   0.00025138  0.000260034   0.00027114  0.000284755   0.00030089  0.000319316  0.000338787  0.000353993  0.000343514  0.000222262 -0.000346261  -0.00269111   -0.0120597   -0.0491681    -0.195797    -0.232905    -0.242273    -0.244616    -0.245182    -0.245301    -0.245308    -0.245289    -0.245265    -0.245242     -0.24522    -0.245199    -0.245181    -0.245164    -0.245148    -0.245134    -0.245121    -0.245109    -0.245098    -0.245088    -0.245078     -0.24507    -0.245063    -0.245061    -0.245072    -0.245138    -0.245419
 -0.00244801  -0.00224329  -0.00204981  -0.00186685  -0.00169477  -0.00153807  -0.00141739  -0.00141713  -0.00187313  -0.00411384   -0.0133861   -0.0504055    -0.196953    -0.233985    -0.243283    -0.245562     -0.24607    -0.246135    -0.246093    -0.246029    -0.245965    -0.245906    -0.245851    -0.245803    -0.245759    -0.245721    -0.245688    -0.245659    -0.245635    -0.245615    -0.245599    -0.245588    -0.245581    -0.245577    -0.245576    -0.245572    -0.245543    -0.245404    -0.244819    -0.242459    -0.233075    -0.195952   -0.0493085   -0.0121869   -0.0028059 -0.000449352  0.000130207  0.000261907  0.000282312  0.000276573  0.000266172  0.000256476  0.000248785  0.000243385  0.000240317  0.000239573  0.000241148   0.00024505  0.000251305  0.000259954  0.000271054  0.000284662  0.000300791  0.000319209  0.000338671  0.000353869   0.00034338  0.000222118 -0.000346416  -0.00269128   -0.0120599   -0.0491683    -0.195797    -0.232905    -0.242273    -0.244616    -0.245183    -0.245301    -0.245309     -0.24529    -0.245266    -0.245242     -0.24522      -0.2452    -0.245181    -0.245164    -0.245149    -0.245134    -0.245121    -0.245109    -0.245098    -0.245088    -0.245079    -0.245071    -0.245063    -0.245057    -0.245055    -0.245066    -0.245127    -0.245388
 -0.00224331  -0.00204983  -0.00186688   -0.0016948  -0.00153809  -0.00141741  -0.00141715  -0.00187314  -0.00411386   -0.0133862   -0.0504056    -0.196953    -0.233985    -0.243283    -0.245562     -0.24607    -0.246135    -0.246093    -0.246029    -0.245965    -0.245906    -0.245851    -0.245803    -0.245759    -0.245721    -0.245688    -0.245659    -0.245635    -0.245615    -0.245599    -0.245588    -0.245581    -0.245577    -0.245576    -0.245572    -0.245543    -0.245404    -0.244819    -0.242459    -0.233075    -0.195952   -0.0493086    -0.012187  -0.00280592 -0.000449377   0.00013018  0.000261878  0.000282281   0.00027654  0.000266136  0.000256437  0.000248744  0.000243341  0.000240269  0.000239521  0.000241093  0.000244991  0.000251241  0.000259886   0.00027098  0.000284582  0.000300705  0.000319116  0.000338572  0.000353761  0.000343265  0.000221993  -0.00034655  -0.00269142   -0.0120601   -0.0491685    -0.195798    -0.232906    -0.242273    -0.244616    -0.245183    -0.245302    -0.245309     -0.24529    -0.245266    -0.245242    -0.245221      -0.2452    -0.245182    -0.245165    -0.245149    -0.245135    -0.245122     -0.24511    -0.245099    -0.245089     -0.24508    -0.245071    -0.245064    -0.245057    -0.245051    -0.245049     -0.24506    -0.245117     -0.24536
 -0.00204985   -0.0018669  -0.00169482  -0.00153811  -0.00141743  -0.00141717  -0.00187316  -0.00411388   -0.0133862   -0.0504056    -0.196953    -0.233985    -0.243283    -0.245562     -0.24607    -0.246135    -0.246093    -0.246029    -0.245965    -0.245906    -0.245851    -0.245803    -0.245759    -0.245721    -0.245688    -0.245659    -0.245635    -0.245615    -0.245599    -0.245588    -0.245581    -0.245577    -0.245576    -0.245572    -0.245543    -0.245404    -0.244819    -0.242459    -0.233075    -0.195952   -0.0493086    -0.012187  -0.00280594 -0.000449399  0.000130156  0.000261853  0.000282254  0.000276511  0.000266105  0.000256404  0.000248708  0.000243302  0.000240228  0.000239477  0.000241045   0.00024494  0.000251186  0.000259826  0.000270916  0.000284514  0.000300631  0.000319036  0.000338486  0.000353669  0.000343165  0.000221886 -0.000346666  -0.00269155   -0.0120602   -0.0491686    -0.195798    -0.232906    -0.242273    -0.244617    -0.245183    -0.245302    -0.245309     -0.24529    -0.245266    -0.245243    -0.245221    -0.245201    -0.245182    -0.245165     -0.24515    -0.245136    -0.245123    -0.245111      -0.2451     -0.24509    -0.245081    -0.245072    -0.245065    -0.245057    -0.245051    -0.245046    -0.245044    -0.245054    -0.245108    -0.245334
 -0.00212532  -0.00200034  -0.00183851  -0.00170068  -0.00168135  -0.00211884  -0.00434215   -0.0135982   -0.0506025    -0.197136    -0.234155     -0.24344    -0.245708    -0.246206    -0.246261     -0.24621    -0.246138    -0.246066       -0.246    -0.245939    -0.245884    -0.245835    -0.245791    -0.245752    -0.245719     -0.24569    -0.245667    -0.245647    -0.245633    -0.245622    -0.245616    -0.245612    -0.245605    -0.245574    -0.245433    -0.244846    -0.242483    -0.233097    -0.195973   -0.0493281   -0.0122052  -0.00282296 -0.000465319  0.000115221  0.000247793  0.000268965  0.000263888  0.000254045  0.000244805  0.000237468  0.000232316  0.000229389  0.000228678  0.000230173  0.000233878  0.000239812  0.000248012  0.000258524    0.0002714  0.000286641  0.000304004  0.000322232  0.000336002  0.000323876   0.00020075 -0.000369893  -0.00271713   -0.0120884   -0.0491998    -0.195832    -0.232944    -0.242316    -0.244663    -0.245235    -0.245359    -0.245373     -0.24536    -0.245344    -0.245329    -0.245316    -0.245306    -0.245298    -0.245293    -0.245291    -0.245291    -0.245294      -0.2453    -0.245308    -0.245319    -0.245333    -0.245349    -0.245366     -0.24538     -0.24537    -0.245255    -0.244715    -0.242491    -0.233602    -0.198392   -0.0592594
 -0.00199809  -0.00183585  -0.00169808   -0.0016789  -0.00211656  -0.00434003   -0.0135963   -0.0506007    -0.197134    -0.234153    -0.243439    -0.245707    -0.246205     -0.24626    -0.246209    -0.246137    -0.246066    -0.245999    -0.245938    -0.245883    -0.245834     -0.24579    -0.245752    -0.245719     -0.24569    -0.245666    -0.245647    -0.245632    -0.245622    -0.245616    -0.245612    -0.245605    -0.245574    -0.245433    -0.244846    -0.242483    -0.233098    -0.195973   -0.0493285   -0.0122057  -0.00282348 -0.000465908  0.000114567  0.000247069  0.000268168  0.000263014  0.000253089  0.000243763  0.000236333  0.000231084  0.000228053  0.000227231  0.000228607  0.000232186  0.000237985   0.00024604  0.000256398  0.000269108  0.000284171  0.000301344  0.000319369   0.00033292   0.00032056  0.000197183 -0.000373731  -0.00272126   -0.0120929   -0.0492046    -0.195837    -0.232949    -0.242322     -0.24467    -0.245242    -0.245367    -0.245381    -0.245369    -0.245353    -0.245339    -0.245326    -0.245317     -0.24531    -0.245306    -0.245305    -0.245306     -0.24531    -0.245317    -0.245327    -0.245339    -0.245354    -0.245372    -0.245391    -0.245406    -0.245396    -0.245275    -0.244708    -0.242367     -0.23301    -0.195944   -0.0494762   -0.0130006
 -0.00183519   -0.0016973  -0.00167813  -0.00211583  -0.00433936   -0.0135957   -0.0506002    -0.197133    -0.234153    -0.243439    -0.245707    -0.246204    -0.246259    -0.246209    -0.246137    -0.246065    -0.245999    -0.245938    -0.245883    -0.245834     -0.24579    -0.245752    -0.245718     -0.24569    -0.245666    -0.245647    -0.245632    -0.245622    -0.245615    -0.245612    -0.245605    -0.245574    -0.245433    -0.244846    -0.242483    -0.233098    -0.195973   -0.0493286   -0.0122057  -0.00282351 -0.000465944  0.000114521  0.000247014  0.000268102  0.000262938  0.000253004  0.000243666  0.000236225  0.000230964  0.000227921  0.000227085  0.000228449  0.000232013  0.000237797  0.000245835  0.000256177  0.000268869  0.000283912  0.000301065  0.000319068  0.000332596  0.000320212  0.000196808 -0.000374133  -0.00272169   -0.0120933   -0.0492051    -0.195838     -0.23295    -0.242322    -0.244671    -0.245243    -0.245367    -0.245381     -0.24537    -0.245354     -0.24534    -0.245328    -0.245318    -0.245312    -0.245308    -0.245306    -0.245308    -0.245312    -0.245319    -0.245329    -0.245341    -0.245356    -0.245374    -0.245393    -0.245409    -0.245399    -0.245278     -0.24471    -0.242366    -0.232994    -0.195871   -0.0491789   -0.0118149  -0.00142909
 -0.00169705  -0.00167783  -0.00211554  -0.00433908   -0.0135954   -0.0505999    -0.197133    -0.234152    -0.243438    -0.245707    -0.246204    -0.246259    -0.246209    -0.246137    -0.246065    -0.245998    -0.245938    -0.245883    -0.245834     -0.24579    -0.245752    -0.245718     -0.24569    -0.245666    -0.245647    -0.245632    -0.245622    -0.245615    -0.245612    -0.245605    -0.245574    -0.245433    -0.244846    -0.242483    -0.233098    -0.195973   -0.0493285   -0.0122056  -0.00282343 -0.000465866  0.000114602  0.000247099  0.000268191  0.000263032  0.000253102   0.00024377  0.000236336  0.000231081  0.000228046  0.000227219  0.000228591  0.000232165   0.00023796  0.000246011  0.000256365  0.000269071  0.000284129  0.000301298  0.000319319  0.000332866  0.000320502  0.000197121 -0.000373796  -0.00272133   -0.0120929   -0.0492046    -0.195838    -0.232949    -0.242322     -0.24467    -0.245242    -0.245367    -0.245381    -0.245369    -0.245353    -0.245339    -0.245327    -0.245317     -0.24531    -0.245306    -0.245305    -0.245306    -0.245311    -0.245317    -0.245327    -0.245339    -0.245354    -0.245372    -0.245391    -0.245406    -0.245396    -0.245275    -0.244707    -0.242363    -0.232994    -0.195882   -0.0492327     -0.01204  -0.00233123   0.00136636
 -0.00167769  -0.00211537  -0.00433891   -0.0135952   -0.0505998    -0.197133    -0.234152    -0.243438    -0.245706    -0.246204    -0.246259    -0.246209    -0.246137    -0.246065    -0.245998    -0.245938    -0.245883    -0.245834     -0.24579    -0.245752    -0.245718     -0.24569    -0.245666    -0.245647    -0.245632    -0.245622    -0.245615    -0.245611    -0.245605    -0.245574    -0.245433    -0.244846    -0.242483    -0.233098    -0.195973   -0.0493284   -0.0122055  -0.00282335 -0.000465773    0.0001147  0.000247203  0.000268302  0.000263149  0.000253228  0.000243904  0.000236479  0.000231235   0.00022821  0.000227395   0.00022878  0.000232368  0.000238178  0.000246245  0.000256616  0.000269341   0.00028442  0.000301611  0.000319655  0.000333228  0.000320892   0.00019754 -0.000373345  -0.00272084   -0.0120924   -0.0492041    -0.195837    -0.232949    -0.242321    -0.244669    -0.245241    -0.245366     -0.24538    -0.245368    -0.245352    -0.245338    -0.245325    -0.245316    -0.245309    -0.245305    -0.245303    -0.245305    -0.245309    -0.245315    -0.245324    -0.245337    -0.245352    -0.245369    -0.245388    -0.245403    -0.245392    -0.245271    -0.244703    -0.242359    -0.232991    -0.195882    -0.049249   -0.0121208  -0.00266771  1.91091e-05    0.0019486
 -0.00211526  -0.00433878   -0.0135951   -0.0505996    -0.197133    -0.234152    -0.243438    -0.245706    -0.246204    -0.246259    -0.246209    -0.246137    -0.246065    -0.245998    -0.245937    -0.245883    -0.245834     -0.24579    -0.245752    -0.245718     -0.24569    -0.245666    -0.245647    -0.245632    -0.245622    -0.245615    -0.245611    -0.245605    -0.245573    -0.245433    -0.244846    -0.242483    -0.233098    -0.195973   -0.0493283   -0.0122054  -0.00282326 -0.000465687  0.000114792    0.0002473  0.000268406   0.00026326  0.000253346  0.000244031  0.000236614  0.000231379  0.000228365  0.000227562  0.000228959   0.00023256  0.000238384  0.000246466  0.000256854  0.000269597  0.000284695  0.000301907  0.000319974  0.000333571  0.000321261  0.000197937 -0.000372917  -0.00272038   -0.0120919   -0.0492035    -0.195836    -0.232948     -0.24232    -0.244668     -0.24524    -0.245365    -0.245379    -0.245367    -0.245351    -0.245336    -0.245324    -0.245314    -0.245308    -0.245303    -0.245302    -0.245303    -0.245307    -0.245313    -0.245322    -0.245334    -0.245349    -0.245366    -0.245385      -0.2454    -0.245389    -0.245267    -0.244699    -0.242355    -0.232987    -0.195879   -0.0492494   -0.0121376  -0.00275065 -0.000326129  0.000566525   0.00197936
 -0.00433869    -0.013595   -0.0505995    -0.197133    -0.234152    -0.243438    -0.245706    -0.246204    -0.246259    -0.246208    -0.246137    -0.246065    -0.245998    -0.245937    -0.245883    -0.245833     -0.24579    -0.245752    -0.245718     -0.24569    -0.245666    -0.245647    -0.245632    -0.245622    -0.245615    -0.245611    -0.245605    -0.245573    -0.245433    -0.244845    -0.242483    -0.233097    -0.195973   -0.0493283   -0.0122054  -0.00282319  -0.00046561  0.000114874  0.000247387  0.000268498  0.000263359  0.000253451  0.000244143  0.000236734  0.000231508  0.000228503  0.000227709  0.000229117   0.00023273  0.000238566  0.000246662  0.000257064  0.000269823  0.000284939  0.000302169  0.000320255  0.000333874  0.000321587  0.000198288  -0.00037254  -0.00271997   -0.0120915   -0.0492031    -0.195836    -0.232948     -0.24232    -0.244668     -0.24524    -0.245364    -0.245378    -0.245366     -0.24535    -0.245335    -0.245323    -0.245313    -0.245306    -0.245302      -0.2453    -0.245301    -0.245305    -0.245311     -0.24532    -0.245332    -0.245347    -0.245364    -0.245382    -0.245397    -0.245386    -0.245264    -0.244696    -0.242351    -0.232983    -0.195875   -0.0492461    -0.012138  -0.00276673 -0.000405275  0.000237173  0.000660972   0.00187893
  -0.0135949   -0.0505994    -0.197133    -0.234152    -0.243438    -0.245706    -0.246204    -0.246259    -0.246208    -0.246137    -0.246065    -0.245998    -0.245937    -0.245882    -0.245833     -0.24579    -0.245751    -0.245718     -0.24569    -0.245666    -0.245647    -0.245632    -0.245622    -0.245615    -0.245611    -0.245605    -0.245573    -0.245433    -0.244845    -0.242483    -0.233097    -0.195973   -0.0493282   -0.0122053  -0.00282313 -0.000465541  0.000114946  0.000247464  0.000268579  0.000263445  0.000253543  0.000244241  0.000236839   0.00023162  0.000228623  0.000227837  0.000229255  0.000232877  0.000238725  0.000246832  0.000257247  0.000270019   0.00028515  0.000302396  0.000320499  0.000334136  0.000321869  0.000198592 -0.000372212  -0.00271962   -0.0120911   -0.0492027    -0.195835    -0.232947    -0.242319    -0.244667    -0.245239    -0.245364    -0.245377    -0.245365    -0.245349    -0.245335    -0.245322    -0.245312    -0.245305    -0.245301    -0.245299      -0.2453    -0.245304     -0.24531    -0.245319     -0.24533    -0.245345    -0.245362     -0.24538    -0.245394    -0.245383    -0.245261    -0.244693    -0.242348    -0.232979    -0.195871   -0.0492423   -0.0121349   -0.0027671 -0.000420343   0.00016303  0.000352488  0.000644123   0.00175315
  -0.0505993    -0.197133    -0.234152    -0.243438    -0.245706    -0.246204    -0.246259    -0.246208    -0.246137    -0.246065    -0.245998    -0.245937    -0.245882    -0.245833     -0.24579    -0.245751    -0.245718     -0.24569    -0.245666    -0.245647    -0.245632    -0.245622    -0.245615    -0.245611    -0.245605    -0.245573    -0.245432    -0.244845    -0.242483    -0.233097    -0.195973   -0.0493282   -0.0122053  -0.00282307 -0.000465481  0.000115009  0.000247531   0.00026865   0.00026352  0.000253623  0.000244326   0.00023693  0.000231717  0.000228727  0.000227949  0.000229374  0.000233005  0.000238862  0.000246979  0.000257406   0.00027019  0.000285333  0.000302592  0.000320711  0.000334364  0.000322114  0.000198856 -0.000371929  -0.00271932   -0.0120908   -0.0492023    -0.195835    -0.232947    -0.242319    -0.244667    -0.245239    -0.245363    -0.245377    -0.245365    -0.245349    -0.245334    -0.245321    -0.245311    -0.245304      -0.2453    -0.245298    -0.245299    -0.245302    -0.245308    -0.245317    -0.245329    -0.245343     -0.24536    -0.245378    -0.245392    -0.245381    -0.245259     -0.24469    -0.242345    -0.232976    -0.195868   -0.0492388   -0.0121314  -0.00276421 -0.000420698  0.000148975  0.000283373  0.000356596  0.000602263   0.00162825
   0.0639487    0.0224548    0.0115011   0.00831413   0.00712285   0.00646334   0.00596288   0.00552527    0.0051245   0.00475242   0.00440554   0.00408161    0.0037788   0.00349547   0.00323008    0.0029812   0.00274747   0.00252764    0.0023205   0.00212494   0.00193997    0.0017649   0.00160015   0.00145024   0.00133587   0.00134146   0.00180288   0.00404863    0.0133256    0.0503493       0.1969     0.233936     0.243238      0.24552     0.246031     0.246098     0.246059     0.245998     0.245936     0.245879     0.245826     0.245779     0.245738     0.245701     0.245669     0.245641     0.245618       0.2456     0.245585     0.245575     0.245568     0.245566     0.245565     0.245562     0.245533     0.245395      0.24481      0.24245     0.233067     0.195944    0.0493011    0.0121798   0.00279893  0.000442558 -0.000136866 -0.000268467 -0.000288811 -0.000283047 -0.000272656 -0.000263007 -0.000255399 -0.000250119 -0.000247207 -0.000246659 -0.000248468 -0.000252646 -0.000259218 -0.000268228 -0.000279735 -0.000293798 -0.000310432 -0.000329409 -0.000349488 -0.000365361 -0.000355612 -0.000235156  0.000332498    0.0026764     0.012044    0.0491512     0.195779     0.232886     0.242252     0.244594      0.24516     0.245281     0.245302     0.245343     0.245565     0.246515
   0.0224043    0.0114414   0.00825546   0.00706751   0.00641171   0.00591485   0.00548062   0.00508299   0.00471384   0.00436967   0.00404827   0.00374781   0.00346665   0.00320328   0.00295627   0.00272428   0.00250606   0.00230041   0.00210624   0.00192255   0.00174867   0.00158502   0.00143613   0.00132274   0.00132938   0.00179231   0.00404158    0.0133302    0.0503981     0.197121     0.234201     0.243514       0.2458     0.246312      0.24638     0.246341      0.24628     0.246219     0.246161     0.246109     0.246063     0.246021     0.245985     0.245953     0.245926     0.245903     0.245884      0.24587      0.24586     0.245853     0.245851      0.24585     0.245847     0.245819     0.245681     0.245096     0.242736     0.233353      0.19623    0.0495872    0.0124659   0.00308519  0.000728897   0.00014955  1.80225e-05 -2.24698e-06  3.59051e-06  1.40545e-05  2.37775e-05  3.14593e-05   3.6815e-05  3.98034e-05  4.04308e-05  3.87021e-05  3.46083e-05  2.81232e-05  1.92037e-05  7.79207e-06  -6.1717e-06  -2.2701e-05 -4.15674e-05 -6.15286e-05 -7.72775e-05 -6.73965e-05  5.31992e-05  0.000621004   0.00296507    0.0123328    0.0494403     0.196068     0.233175     0.242542     0.244884     0.245449     0.245567     0.245576      0.24557     0.245603     0.245807     0.246691
   0.0114313   0.00824346   0.00705572   0.00640059   0.00590447   0.00547096   0.00507401    0.0047055   0.00436192   0.00404106   0.00374111   0.00346042   0.00319749   0.00295088   0.00271927    0.0025014   0.00229608   0.00210221   0.00191879   0.00174517   0.00158176    0.0014331   0.00131993   0.00132678   0.00179002   0.00403998    0.0133309     0.050407     0.197163     0.234251     0.243566     0.245852     0.246364     0.246433     0.246394     0.246333     0.246272     0.246215     0.246163     0.246116     0.246075     0.246038     0.246006     0.245979     0.245956     0.245938     0.245923     0.245913     0.245907     0.245904     0.245904     0.245901     0.245872     0.245734      0.24515      0.24279     0.233407     0.196284    0.0496411    0.0125199   0.00313916  0.000782899  0.000203586  7.20936e-05  5.18606e-05  5.77359e-05  6.82394e-05  7.80039e-05  8.57292e-05  9.11308e-05  9.41676e-05  9.48463e-05  9.31721e-05  8.91362e-05  8.27128e-05  7.38591e-05  6.25177e-05   4.8629e-05  3.21801e-05  1.33997e-05 -6.46919e-06 -2.21191e-05 -1.21319e-05  0.000108578  0.000676505    0.0030207    0.0123886    0.0494962     0.196125     0.233231     0.242598      0.24494     0.245506     0.245623      0.24563     0.245613     0.245601      0.24563      0.24582     0.246643
  0.00824464   0.00705711   0.00640196   0.00590576   0.00547217   0.00507514   0.00470654   0.00436289   0.00404197   0.00374195    0.0034612   0.00319821   0.00295156   0.00271991   0.00250199   0.00229663   0.00210272   0.00191927   0.00174562   0.00158218   0.00143349   0.00132029   0.00132712   0.00179033   0.00404021    0.0133309    0.0504062     0.197159     0.234246     0.243561     0.245847     0.246359     0.246427     0.246389     0.246328     0.246266     0.246209     0.246157     0.246111     0.246069     0.246033     0.246001     0.245974     0.245951     0.245932     0.245918     0.245908     0.245902     0.245899     0.245899     0.245895     0.245867     0.245729     0.245145     0.242785     0.233401     0.196279    0.0496359    0.0125147   0.00313396  0.000777715   0.00019842  6.69489e-05  4.67381e-05  5.26376e-05  6.31673e-05  7.29601e-05   8.0716e-05  8.61508e-05  8.92234e-05  8.99409e-05  8.83085e-05  8.43177e-05   7.7943e-05  6.91419e-05  5.78572e-05  4.40297e-05  2.76467e-05  8.93741e-06 -1.08549e-05 -2.64222e-05 -1.63459e-05   0.00010446   0.00067249    0.0030168    0.0123848    0.0494925     0.196121     0.233228     0.242595     0.244937     0.245503      0.24562     0.245627     0.245607     0.245585     0.245573       0.2456     0.245777     0.246543
  0.00705961   0.00640491   0.00590867   0.00547491    0.0050777   0.00470892   0.00436511   0.00404402   0.00374386   0.00346298   0.00319987    0.0029531   0.00272134   0.00250333   0.00229787   0.00210388   0.00192035   0.00174663   0.00158312   0.00143437   0.00132111   0.00132788     0.001791   0.00404074    0.0133309    0.0504045      0.19715     0.234236      0.24355     0.245836     0.246348     0.246417     0.246378     0.246317     0.246256     0.246198     0.246146       0.2461     0.246058     0.246022      0.24599     0.245963      0.24594     0.245921     0.245907     0.245897     0.245891     0.245888     0.245888     0.245884     0.245856     0.245718     0.245134     0.242774      0.23339     0.196268     0.049625    0.0125038   0.00312311  0.000766876  0.000187595  5.61398e-05  3.59465e-05  4.18653e-05  5.24161e-05   6.2232e-05  7.00131e-05  7.54753e-05  7.85777e-05  7.93275e-05  7.77303e-05  7.37775e-05   6.7444e-05  5.86874e-05  4.74509e-05  3.36754e-05  1.73486e-05 -1.29991e-06 -2.10266e-05 -3.65232e-05 -2.63707e-05  9.45174e-05  0.000662637   0.00300704    0.0123752     0.049483     0.196112     0.233219     0.242586     0.244928     0.245494     0.245612     0.245618     0.245598     0.245574     0.245552      0.24554     0.245566     0.245731     0.246443
  0.00640664   0.00591072   0.00547693    0.0050796    0.0047107   0.00436676   0.00404556   0.00374529   0.00346431   0.00320111   0.00295425   0.00272241   0.00250432    0.0022988   0.00210474   0.00192115   0.00174738   0.00158382   0.00143502   0.00132172   0.00132844   0.00179151   0.00404115     0.013331    0.0504035     0.197145     0.234229     0.243543      0.24583     0.246341      0.24641     0.246371      0.24631     0.246249     0.246192      0.24614     0.246093     0.246051     0.246015     0.245983     0.245956     0.245933     0.245915       0.2459      0.24589     0.245884     0.245881     0.245881     0.245877     0.245849     0.245711     0.245127     0.242767     0.233383     0.196261    0.0496181    0.0124969   0.00311622  0.000760004  0.000180736  4.92943e-05  2.91164e-05  3.50521e-05  4.56213e-05  5.54574e-05  6.32604e-05  6.87464e-05  7.18748e-05  7.26526e-05  7.10858e-05   6.7166e-05  6.08681e-05    5.215e-05  4.09551e-05  2.72246e-05  1.09464e-05 -7.64971e-06 -2.73199e-05 -4.27554e-05  -3.2537e-05  8.84221e-05  0.000656618    0.0030011    0.0123693    0.0494772     0.196106     0.233213      0.24258     0.244923     0.245489     0.245607     0.245613     0.245593     0.245568     0.245545     0.245524     0.245514     0.245538     0.245691     0.246355
  0.00591113   0.00547741   0.00508008   0.00471115   0.00436718   0.00404595   0.00374566   0.00346465   0.00320142   0.00295455   0.00272269   0.00250458   0.00229904   0.00210496   0.00192136   0.00174757     0.001584   0.00143519   0.00132188   0.00132859   0.00179165   0.00404126    0.0133311    0.0504033     0.197144     0.234228     0.243542     0.245828      0.24634     0.246408      0.24637     0.246309     0.246247      0.24619     0.246138     0.246092      0.24605     0.246014     0.245982     0.245955     0.245932     0.245913     0.245899     0.245889     0.245882      0.24588      0.24588     0.245876     0.245848      0.24571     0.245126     0.242765     0.233382      0.19626    0.0496168    0.0124956   0.00311497  0.000758766  0.000179511  4.80824e-05   2.7919e-05  3.38703e-05  4.44565e-05  5.43109e-05  6.21337e-05  6.76411e-05  7.07925e-05  7.15953e-05  7.00554e-05  6.61646e-05   5.9898e-05  5.12137e-05  4.00552e-05  2.63639e-05   1.0128e-05 -8.42256e-06 -2.80436e-05 -4.34262e-05 -3.31507e-05  8.78699e-05  0.000656132   0.00300069     0.012369     0.049477     0.196106     0.233213      0.24258     0.244923     0.245489     0.245607     0.245614     0.245594     0.245569     0.245545     0.245523     0.245504     0.245494     0.245517      0.24566     0.246278
  0.00547472   0.00507689   0.00470802   0.00436422    0.0040432   0.00374309   0.00346227   0.00319921   0.00295249   0.00272077    0.0025028   0.00229739   0.00210343   0.00191993   0.00174624   0.00158277   0.00143404   0.00132081    0.0013276   0.00179076   0.00404053    0.0133308    0.0504046     0.197151     0.234237     0.243551     0.245838      0.24635     0.246418     0.246379     0.246319     0.246257       0.2462     0.246148     0.246101      0.24606     0.246023     0.245992     0.245964     0.245942     0.245923     0.245909     0.245899     0.245892      0.24589      0.24589     0.245886     0.245858      0.24572     0.245136     0.242775     0.233392      0.19627    0.0496269    0.0125057   0.00312507  0.000768873  0.000189633  5.82204e-05  3.80735e-05  4.40421e-05  5.46464e-05  6.45199e-05  7.23628e-05  7.78915e-05  8.10654e-05  8.18922e-05  8.03776e-05  7.65139e-05  7.02763e-05  6.16229e-05  5.04974e-05  3.68416e-05  2.06435e-05  2.13365e-06 -1.74438e-05 -3.27796e-05 -2.24538e-05  9.86208e-05  0.000666941   0.00301156    0.0123799     0.049488     0.196117     0.233224     0.242592     0.244934       0.2455     0.245619     0.245625     0.245606     0.245581     0.245557     0.245534     0.245514     0.245497     0.245488     0.245509     0.245643     0.246218
  0.00506869   0.00469832   0.00435469   0.00403421    0.0037347   0.00345446   0.00319195   0.00294574    0.0027145   0.00249697   0.00229197   0.00209839   0.00191525   0.00174189   0.00157872   0.00143028   0.00131731   0.00132436   0.00178781   0.00403806    0.0133296    0.0504078     0.197171     0.234262     0.243577     0.245864     0.246376     0.246444     0.246406     0.246345     0.246284     0.246227     0.246175     0.246128     0.246087      0.24605     0.246019     0.245992     0.245969      0.24595     0.245936     0.245926      0.24592     0.245917     0.245917     0.245914     0.245886     0.245748     0.245163     0.242803      0.23342     0.196298    0.0496547    0.0125336   0.00315293  0.000796767   0.00021755  8.61604e-05  6.60365e-05  7.20282e-05  8.26557e-05  9.25526e-05  0.000100419  0.000105972  0.000109172  0.000110024  0.000108536  0.000104701  9.84922e-05  8.98693e-05   7.8776e-05   6.5154e-05  4.89918e-05  3.05199e-05  1.09828e-05 -4.31011e-06  6.06133e-06  0.000127185  0.000695557   0.00304023    0.0124086    0.0495168     0.196146     0.233253     0.242621     0.244964      0.24553     0.245648     0.245655     0.245635     0.245611     0.245586     0.245564     0.245543     0.245524     0.245509     0.245501     0.245521     0.245646     0.246181
 0.00468352  0.00433719  0.00401699  0.00371846  0.00343931  0.00317785  0.00293264  0.00270232  0.00248565  0.00228144   0.0020886  0.00190615  0.00173343  0.00157084  0.00142296  0.00131051  0.00131806  0.00178206  0.00403317   0.0133269   0.0504126    0.197204    0.234302     0.24362    0.245907     0.24642    0.246488     0.24645     0.24639    0.246328    0.246271     0.24622    0.246173    0.246132    0.246096    0.246064    0.246037    0.246014    0.245996    0.245982    0.245972    0.245966    0.245963    0.245963     0.24596    0.245932    0.245794    0.245209    0.242849    0.233466    0.196344   0.0497011     0.01258  0.00319944 0.000843307 0.000264126  0.00013277 0.000112679 0.000118703 0.000129361 0.000139289 0.000147186 0.000152769 0.000155998 0.000156881 0.000155423 0.000151618 0.000145441  0.00013685  0.00012579 0.000112202 9.60757e-05 7.76408e-05 5.81424e-05 4.28902e-05 5.33045e-05 0.000174473 0.000742893  0.00308762   0.0124561   0.0495643    0.196193    0.233301    0.242668    0.245011    0.245577    0.245696    0.245703    0.245683    0.245659    0.245635    0.245612    0.245592    0.245572    0.245555    0.245541    0.245534    0.245553    0.245669    0.246167
 0.00431519  0.00399097  0.00369288  0.00341518  0.00315534  0.00291169  0.00268284  0.00246754  0.00226461  0.00207295   0.0018916   0.0017199  0.00155827  0.00141126  0.00129963  0.00130799  0.00177285  0.00402524    0.013322   0.0504181    0.197249    0.234357    0.243678    0.245966    0.246479    0.246548     0.24651     0.24645    0.246389    0.246332    0.246281    0.246235    0.246194    0.246158    0.246126    0.246099    0.246077    0.246059    0.246045    0.246035    0.246029    0.246026    0.246026    0.246023    0.245995    0.245857    0.245273    0.242913     0.23353    0.196408    0.049765    0.012644  0.00326344 0.000907363 0.000328231 0.000196923 0.000176878 0.000182945 0.000193645 0.000203613 0.000211548 0.000217169 0.000220435 0.000221354 0.000219932 0.000216163 0.000210021 0.000201466 0.000190441 0.000176889 0.000160799 0.000142402 0.000122943  0.00010773 0.000118186 0.000239398 0.000807863  0.00315264   0.0125212   0.0496294    0.196258    0.233366    0.242734    0.245077    0.245643    0.245761    0.245768    0.245749    0.245725    0.245701    0.245678    0.245658    0.245639    0.245621    0.245605    0.245593    0.245586    0.245604    0.245713    0.246176
 0.00396625  0.00366365  0.00338643  0.00312822  0.00288638   0.0026593  0.00244565  0.00224426  0.00205404  0.00187402  0.00170355  0.00154306  0.00139712   0.0012865  0.00129581  0.00176168  0.00401552   0.0133156   0.0504226    0.197295    0.234413    0.243737    0.246027     0.24654     0.24661    0.246572    0.246513    0.246452    0.246396    0.246344    0.246299    0.246258    0.246222    0.246191    0.246164    0.246142    0.246124     0.24611      0.2461    0.246094    0.246092    0.246092    0.246089    0.246061    0.245924    0.245339    0.242979    0.233596    0.196474   0.0498316   0.0127106  0.00333012 0.000974102 0.000395028 0.000263775 0.000243782 0.000249898 0.000260646 0.000270658 0.000278637   0.0002843 0.000287606 0.000288564  0.00028718 0.000283447 0.000277342 0.000268823 0.000257835 0.000244319 0.000228266 0.000209905 0.000190483 0.000175309 0.000185804 0.000307057 0.000875564  0.00322038   0.0125889   0.0496972    0.196326    0.233434    0.242802    0.245145    0.245711    0.245829    0.245836    0.245817    0.245793    0.245769    0.245747    0.245726    0.245707     0.24569    0.245674     0.24566    0.245648    0.245643    0.245659     0.24576    0.246191
 0.00364095  0.00335959  0.00310182  0.00286148  0.00263607  0.00242404  0.00222417  0.00203536  0.00185665  0.00168741  0.00152805  0.00138317  0.00127353  0.00128378  0.00175064  0.00400581   0.0133089   0.0504252    0.197332     0.23446    0.243787    0.246077    0.246592    0.246662    0.246625    0.246565    0.246505    0.246449    0.246398    0.246352    0.246312    0.246276    0.246245    0.246219    0.246197    0.246179    0.246165    0.246156     0.24615    0.246148    0.246148    0.246145    0.246117     0.24598    0.245396    0.243036    0.233653    0.196531   0.0498882   0.0127673  0.00338689  0.00103094 0.000451918 0.000320719 0.000300776  0.00030694 0.000317733  0.00032779  0.00033581 0.000341512 0.000344856 0.000345851 0.000344504 0.000340806 0.000334735  0.00032625 0.000315295 0.000301813 0.000285793 0.000267466 0.000248078 0.000232938 0.000243469 0.000364758 0.000933302  0.00327816   0.0126468   0.0497551    0.196384    0.233492     0.24286    0.245203    0.245769    0.245888    0.245895    0.245876    0.245851    0.245828    0.245805    0.245785    0.245766    0.245749    0.245733    0.245718    0.245705    0.245694     0.24569    0.245705      0.2458    0.246201
 0.00334488  0.00308443  0.00284438  0.00261993  0.00240898  0.00221016  0.00202234  0.00184455  0.00167615  0.00151759  0.00137344  0.00126449   0.0012754  0.00174293  0.00399898   0.0133039   0.0504259    0.197354    0.234488    0.243816    0.246107    0.246622    0.246692    0.246656    0.246596    0.246536    0.246481     0.24643    0.246385    0.246344    0.246309    0.246278    0.246252     0.24623    0.246212    0.246198    0.246189    0.246183    0.246181    0.246182    0.246179    0.246151    0.246014    0.245429     0.24307    0.233687    0.196565   0.0499223   0.0128014  0.00342104  0.00106513  0.00048615  0.00035499 0.000335083 0.000341282 0.000352108 0.000362196 0.000370246 0.000375978  0.00037935 0.000380373 0.000379052 0.000375381 0.000369336 0.000360877 0.000349948 0.000336491 0.000320497 0.000302197 0.000282836 0.000267724 0.000278283 0.000399602 0.000968177  0.00331306   0.0126817   0.0497901    0.196419    0.233527    0.242895    0.245238    0.245804    0.245923     0.24593    0.245911    0.245887    0.245863    0.245841    0.245821    0.245802    0.245784    0.245769    0.245754    0.245741    0.245729    0.245719    0.245715     0.24573    0.245817    0.246191
 0.00308335   0.0028431  0.00261867   0.0024078  0.00220905  0.00202131  0.00184359  0.00167526  0.00151677  0.00137268  0.00126378  0.00127473  0.00174232  0.00399844   0.0133035   0.0504259    0.197356     0.23449    0.243818    0.246109    0.246624    0.246695    0.246658    0.246599    0.246539    0.246483    0.246432    0.246387    0.246346    0.246311     0.24628    0.246254    0.246232    0.246214    0.246201    0.246191    0.246186    0.246184    0.246184    0.246181    0.246153    0.246016    0.245432    0.243072    0.233689    0.196567   0.0499247   0.0128038  0.00342347  0.00106757 0.000488597 0.000357443 0.000337544  0.00034375 0.000354583 0.000364679 0.000372738 0.000378477 0.000381859  0.00038289 0.000381579 0.000377918 0.000371884 0.000363436 0.000352519 0.000339076 0.000323096  0.00030481 0.000285465  0.00027037 0.000280947 0.000402285 0.000970881  0.00331579   0.0126844   0.0497929    0.196422     0.23353    0.242898    0.245241    0.245807    0.245926    0.245933    0.245914     0.24589    0.245866    0.245844    0.245824    0.245805    0.245788    0.245772    0.245758    0.245744    0.245732    0.245721    0.245712    0.245709    0.245723    0.245804    0.246152
 0.00286033  0.00263905  0.00242784  0.00222796  0.00203895  0.00186001  0.00169053  0.00153096  0.00138587  0.00127603  0.00128611  0.00175281  0.00400785   0.0133108   0.0504273    0.197336    0.234464     0.24379    0.246081    0.246595    0.246665    0.246628    0.246568    0.246508    0.246452    0.246401    0.246355    0.246315    0.246279    0.246248    0.246222    0.246199    0.246182    0.246168    0.246158    0.246153     0.24615    0.246151    0.246148     0.24612    0.245982    0.245398    0.243038    0.233655    0.196533   0.0498907   0.0127697  0.00338934  0.00103339 0.000454371 0.000323176 0.000303238 0.000309409  0.00032021 0.000330277 0.000338309 0.000344025 0.000347385 0.000348398 0.000347071 0.000343396  0.00033735 0.000328892 0.000317967 0.000304518 0.000288533 0.000270246   0.0002509 0.000235807 0.000246388 0.000367731 0.000936335  0.00328125   0.0126499   0.0497583    0.196388    0.233495    0.242863    0.245206    0.245773    0.245891    0.245899     0.24588    0.245856    0.245832     0.24581     0.24579    0.245771    0.245754    0.245738    0.245724    0.245711    0.245698    0.245687    0.245677    0.245669    0.245666    0.245679    0.245755    0.246079
 0.00267656   0.0024722  0.00227159   0.0020801  0.00189841  0.00172626  0.00156417  0.00141674  0.00130473  0.00131274   0.0017774  0.00403001   0.0133287    0.050433    0.197297    0.234414    0.243736    0.246025    0.246538    0.246607    0.246569    0.246509    0.246448    0.246391    0.246339    0.246293    0.246252    0.246215    0.246184    0.246157    0.246134    0.246116    0.246102    0.246092    0.246086    0.246084    0.246084     0.24608    0.246052    0.245915     0.24533     0.24297    0.233587    0.196465   0.0498221    0.012701  0.00332046 0.000964381 0.000385254 0.000253955 0.000233922 0.000240004 0.000250724 0.000260715 0.000268678 0.000274331 0.000277632 0.000278592 0.000277215 0.000273495 0.000267409 0.000258914 0.000247957 0.000234478 0.000218468 0.000200158 0.000180792 0.000165683  0.00017625 0.000297582 0.000866178  0.00321109   0.0125798   0.0496882    0.196317    0.233425    0.242793    0.245136    0.245703    0.245821    0.245829     0.24581    0.245786    0.245762     0.24574     0.24572    0.245701    0.245684    0.245668    0.245654    0.245641    0.245629    0.245618    0.245608    0.245599    0.245591    0.245588    0.245601    0.245672    0.245973
 0.00252901  0.00233877  0.00214618  0.00196074  0.00178442  0.00161829  0.00146706  0.00135149  0.00135615   0.0018175  0.00406631   0.0133585   0.0504453    0.197248    0.234347    0.243664     0.24595    0.246461    0.246528    0.246489    0.246427    0.246365    0.246307    0.246254    0.246207    0.246165    0.246127    0.246095    0.246067    0.246044    0.246025    0.246011       0.246    0.245993    0.245991     0.24599    0.245986    0.245958     0.24582    0.245235    0.242875    0.233491    0.196369   0.0497259   0.0126046  0.00322386  0.00086758 0.000288269 0.000156798 0.000136606 0.000142542 0.000153125  0.00016299 0.000170837 0.000176382 0.000179584 0.000180451  0.00017899 0.000175192 0.000169034 0.000160474 0.000149457 0.000135923 0.000119864 0.000101508 8.21027e-05 6.69569e-05  7.7492e-05 0.000198796 0.000767368  0.00311226   0.0124809   0.0495893    0.196219    0.233326    0.242694    0.245037    0.245604    0.245722     0.24573    0.245711    0.245687    0.245663    0.245641    0.245621    0.245602    0.245585     0.24557    0.245555    0.245542     0.24553    0.245519    0.245509      0.2455    0.245492    0.245485    0.245482    0.245494     0.24556     0.24584
  0.00241393   0.00223507   0.00204817   0.00186689   0.00169525   0.00153865   0.00141804   0.00141794   0.00187464   0.00411822     0.013402    0.0504667     0.197193      0.23427      0.24358     0.245862      0.24637     0.246435     0.246394      0.24633     0.246266     0.246206     0.246152     0.246103      0.24606     0.246021     0.245988     0.245959     0.245935     0.245915       0.2459     0.245888     0.245881     0.245877     0.245876     0.245872     0.245843     0.245704     0.245119     0.242758     0.233375     0.196252    0.0496083    0.0124867   0.00310563  0.000749069  0.000169493  3.77776e-05  1.73576e-05   2.3082e-05  3.34698e-05  4.31531e-05  5.08314e-05  5.62201e-05  5.92778e-05  6.00116e-05  5.84268e-05  5.45152e-05  4.82519e-05  3.95947e-05  2.84876e-05  1.48722e-05 -1.26298e-06 -1.96873e-05 -3.91559e-05 -5.43589e-05 -4.38759e-05  7.73816e-05  0.000645911   0.00299077    0.0123594    0.0494678     0.196097     0.233205     0.242572     0.244916     0.245482     0.245601     0.245608     0.245589     0.245565     0.245542      0.24552     0.245499     0.245481     0.245464     0.245448     0.245434     0.245421     0.245409     0.245398     0.245388     0.245379      0.24537     0.245363     0.245356     0.245354     0.245365     0.245427     0.245688
  0.00233875   0.00217078   0.00198749   0.00180901    0.0016448   0.00151678   0.00150965    0.0019595   0.00419555    0.0134677    0.0505035     0.197131      0.23418     0.243479     0.245756     0.246261     0.246322     0.246277     0.246211     0.246144     0.246082     0.246025     0.245975     0.245929     0.245889     0.245854     0.245823     0.245798     0.245776      0.24576     0.245747     0.245739     0.245734     0.245732     0.245727     0.245697     0.245558     0.244972      0.24261     0.233226     0.196102    0.0494585    0.0123364    0.0029549  0.000597916  1.79458e-05 -0.000114136 -0.000134896 -0.000129487 -0.000119392  -0.00010998 -0.000102554 -9.73994e-05 -9.45585e-05 -9.40258e-05 -9.57968e-05 -9.98809e-05 -0.000106304 -0.000115109 -0.000126353 -0.000140094 -0.000156346 -0.000174877 -0.000194445 -0.000209738 -0.000199338 -7.81569e-05  0.000490303    0.0028351    0.0122037     0.049312     0.195941     0.233049     0.242417      0.24476     0.245326     0.245445     0.245452     0.245433     0.245409     0.245386     0.245364     0.245343     0.245325     0.245308     0.245292     0.245278     0.245265     0.245253     0.245242     0.245232     0.245223     0.245214     0.245207       0.2452     0.245194     0.245192     0.245202      0.24526     0.245503
  0.00232915   0.00217477   0.00199321   0.00181856   0.00167888   0.00166034   0.00209905   0.00432306    0.0135775     0.050571     0.197057     0.234066     0.243349     0.245618     0.246116     0.246172     0.246122     0.246051     0.245979     0.245913     0.245853     0.245798      0.24575     0.245706     0.245668     0.245635     0.245607     0.245584     0.245565      0.24555      0.24554     0.245534      0.24553     0.245523     0.245492     0.245352     0.244765     0.242402     0.233017     0.195892    0.0492475    0.0121246   0.00274231  0.000384629  -0.00019599 -0.000328675 -0.000349996 -0.000345107 -0.000335496 -0.000326533 -0.000319524 -0.000314756 -0.000312275 -0.000312075 -0.000314156 -0.000318527 -0.000325216 -0.000334268  -0.00034574 -0.000359694 -0.000376141 -0.000394854  -0.00041459 -0.000430038 -0.000419782 -0.000298732  0.000269606   0.00261429    0.0119827     0.049091      0.19572     0.232828     0.242195     0.244538     0.245105     0.245223     0.245231     0.245212     0.245188     0.245164     0.245142     0.245122     0.245103     0.245086     0.245071     0.245056     0.245043     0.245031      0.24502      0.24501     0.245001     0.244993     0.244985     0.244978     0.244972     0.244967     0.244965     0.244974     0.245028     0.245254
  0.00266191   0.00256922   0.00238498   0.00221303   0.00215846   0.00256164   0.00475005    0.0139625    0.0508824     0.197164     0.234102     0.243352     0.245596     0.246074     0.246111     0.246044     0.245957     0.245872     0.245792     0.245719     0.245653     0.245593      0.24554     0.245492      0.24545     0.245414     0.245383     0.245357     0.245336      0.24532     0.245308     0.245299     0.245288     0.245252     0.245107     0.244516      0.24215     0.232761     0.195634    0.0489863    0.0118608   0.00247611   0.00011624 -0.000466377  -0.00060088 -0.000623845 -0.000620435 -0.000612142 -0.000604342 -0.000598343 -0.000594435 -0.000592665 -0.000593028 -0.000595522 -0.000600155 -0.000606952 -0.000615954 -0.000627212  -0.00064078 -0.000656664 -0.000674626  -0.00069341 -0.000707697 -0.000696052 -0.000573373 -3.14424e-06   0.00234371    0.0117146    0.0488257     0.195458     0.232569     0.241941     0.244288      0.24486     0.244984     0.244997     0.244984     0.244968     0.244952     0.244939     0.244929     0.244921     0.244916     0.244914     0.244914     0.244917     0.244922     0.244931     0.244941     0.244955     0.244971     0.244989     0.245002     0.244992     0.244877     0.244337     0.242113     0.233224     0.198014    0.0588812
  0.00304135   0.00294331   0.00276211   0.00267606   0.00304319    0.0051924    0.0143512    0.0511544     0.197064      0.23389     0.243093      0.24531     0.245766     0.245784       0.2457     0.245596     0.245495     0.245401     0.245315     0.245237     0.245166     0.245102     0.245045     0.244994      0.24495     0.244911     0.244877      0.24485     0.244827      0.24481     0.244795     0.244779     0.244738     0.244589     0.243994     0.241625     0.232232     0.195102     0.048451    0.0113227   0.00193554 -0.000426704  -0.00101152  -0.00114805  -0.00117289  -0.00117122  -0.00116453  -0.00115821  -0.00115358  -0.00115093  -0.00115031  -0.00115173  -0.00115519  -0.00116071  -0.00116831  -0.00117803  -0.00118995   -0.0012041  -0.00122051  -0.00123893  -0.00125811  -0.00127274  -0.00126139  -0.00113894 -0.000568891   0.00177783    0.0111487    0.0482597     0.194892     0.232003     0.241375     0.243723     0.244294     0.244418     0.244432      0.24442     0.244404     0.244389     0.244377     0.244367      0.24436     0.244356     0.244354     0.244355     0.244359     0.244366     0.244375     0.244387     0.244402      0.24442     0.244439     0.244454     0.244443     0.244323     0.243755     0.241414     0.232057     0.194991     0.048523    0.0120471
 0.00371205  0.00367109  0.00356956  0.00388389  0.00596827    0.015039   0.0516593    0.197002    0.233651     0.24278     0.24495    0.245368    0.245353    0.245237    0.245105    0.244978    0.244859     0.24475     0.24465    0.244559    0.244477    0.244403    0.244336    0.244277    0.244224    0.244178    0.244138    0.244105    0.244077    0.244053    0.244028    0.243979    0.243822     0.24322    0.240844    0.231446    0.194309   0.0476533   0.0105201  0.00112835 -0.00123813 -0.00182688 -0.00196707 -0.00199532  -0.0019968 -0.00199305 -0.00198945 -0.00198735 -0.00198705 -0.00198861 -0.00199206  -0.0019974 -0.00200467 -0.00201389 -0.00202512 -0.00203843 -0.00205388 -0.00207149 -0.00209102 -0.00211124 -0.00212682 -0.00211635 -0.00199473 -0.00142544 0.000920587   0.0102908   0.0474012    0.194033    0.231144    0.240515    0.242862    0.243433    0.243557    0.243571    0.243558    0.243542    0.243527    0.243514    0.243504    0.243497    0.243493    0.243491    0.243492    0.243496    0.243502    0.243512    0.243524    0.243539    0.243556    0.243575     0.24359     0.24358    0.243459    0.242891    0.240546    0.231175    0.194052   0.0473593  0.00999512 -0.00039138
  0.00499197   0.00513081   0.00541608   0.00739991    0.0163206     0.052637     0.197062      0.23342     0.242419     0.244504     0.244853     0.244775     0.244602     0.244417      0.24424     0.244076     0.243924     0.243785     0.243657     0.243541     0.243435     0.243339     0.243252     0.243174     0.243104     0.243043     0.242989     0.242942       0.2429     0.242859     0.242795     0.242624     0.242009      0.23962     0.230211     0.193064     0.046398   0.00925565 -0.000144573  -0.00251891  -0.00311497  -0.00326195   -0.0032965  -0.00330385  -0.00330554  -0.00330701  -0.00330961  -0.00331368  -0.00331931  -0.00332654  -0.00333539  -0.00334592  -0.00335818  -0.00337224  -0.00338817  -0.00340606  -0.00342594  -0.00344759  -0.00346977  -0.00348719  -0.00347842  -0.00335838  -0.00279056 -0.000445917     0.008923    0.0460322     0.192663     0.229773     0.239143     0.241489     0.242059     0.242183     0.242195     0.242182     0.242165     0.242149     0.242136     0.242126     0.242118     0.242113     0.242111     0.242111     0.242115     0.242121      0.24213     0.242142     0.242156     0.242173     0.242192     0.242207     0.242196     0.242075     0.241506     0.239162     0.229793      0.19268    0.0460308   0.00883787 -0.000871357  -0.00457008
 0.00721882  0.00788057  0.00980404   0.0185089   0.0543636    0.197423    0.233332    0.242123    0.244067    0.244298    0.244114    0.243844    0.243569    0.243308    0.243065    0.242841    0.242635    0.242445     0.24227     0.24211    0.241964     0.24183    0.241709    0.241599      0.2415    0.241411    0.241332    0.241261    0.241191    0.241101    0.240906    0.240269    0.237859     0.22843    0.191266   0.0445833  0.00742547 -0.00198915 -0.00437687 -0.00498536 -0.00514389 -0.00518918  -0.0052065 -0.00521747 -0.00522755 -0.00523816 -0.00524968 -0.00526223 -0.00527588 -0.00529072  -0.0053068 -0.00532422 -0.00534308 -0.00536348 -0.00538553 -0.00540926  -0.0054345 -0.00546003 -0.00548055 -0.00547467 -0.00535732 -0.00479201  -0.0024497  0.00691705   0.0440242    0.190653    0.227761    0.237129    0.239474    0.240043    0.240165    0.240176    0.240162    0.240144    0.240127    0.240113    0.240101    0.240093    0.240087    0.240084    0.240084    0.240087    0.240092      0.2401    0.240112    0.240126    0.240142     0.24016    0.240174    0.240163    0.240041    0.239472    0.237128    0.227759     0.19065   0.0440164  0.00688769 -0.00256588 -0.00525346 -0.00718481
   0.011315   0.0138366   0.0223549   0.0575103    0.198452    0.233644    0.242085    0.243784    0.243807    0.243436    0.242993    0.242557    0.242147    0.241766    0.241413    0.241087    0.240786    0.240509    0.240253    0.240017    0.239801    0.239603    0.239422    0.239256    0.239106     0.23897    0.238845    0.238726     0.23859    0.238352    0.237675    0.235229    0.225766    0.188569   0.0418572  0.00467196  -0.0047682 -0.00717965 -0.00781019 -0.00798921 -0.00805354 -0.00808856 -0.00811597 -0.00814133 -0.00816614 -0.00819086 -0.00821567 -0.00824072 -0.00826615 -0.00829208 -0.00831865 -0.00834601 -0.00837432 -0.00840371 -0.00843428 -0.00846587  -0.0084973 -0.00852331 -0.00852254 -0.00840993 -0.00784904 -0.00551084  0.00385209   0.0409557    0.187581    0.224686    0.234052    0.236394     0.23696     0.23708    0.237089    0.237073    0.237053    0.237034    0.237018    0.237005    0.236995    0.236988    0.236984    0.236982    0.236984    0.236988    0.236995    0.237006    0.237019    0.237034    0.237052    0.237065    0.237053     0.23693    0.236361    0.234015    0.224646    0.187537   0.0409073  0.00379471   -0.005593 -0.00801835 -0.00891226  -0.0103282
   0.0192022    0.0285325    0.0628911     0.200748     0.234851     0.242731     0.244022     0.243696     0.243007     0.242271     0.241563     0.240901     0.240285     0.239715     0.239187     0.238697     0.238245     0.237827      0.23744     0.237084     0.236756     0.236453     0.236176     0.235921     0.235687     0.235472     0.235269     0.235056     0.234746     0.234001     0.231493     0.221972     0.184721    0.0379588  0.000726988  -0.00875644   -0.0112081    -0.011876   -0.0120897   -0.0121863   -0.0122513   -0.0123066   -0.0123578   -0.0124067   -0.0124537   -0.0124993   -0.0125437    -0.012587   -0.0126296   -0.0126717   -0.0127135   -0.0127551    -0.012797   -0.0128391   -0.0128814   -0.0129228   -0.0129581    -0.012966   -0.0128614    -0.012308  -0.00997669 -0.000620211    0.0364774     0.183097     0.220197     0.229558     0.231896     0.232458     0.232573     0.232579     0.232559     0.232536     0.232514     0.232496      0.23248     0.232468     0.232459     0.232452     0.232449     0.232449     0.232451     0.232457     0.232465     0.232477     0.232491     0.232507     0.232519     0.232506     0.232382     0.231812     0.229465     0.220095     0.182986    0.0363558 -0.000753596   -0.0101261   -0.0124888   -0.0131326   -0.0135584   -0.0147813
   0.036565   0.0714418    0.205225    0.237787    0.244803    0.245437    0.244535    0.243321    0.242099    0.240941     0.23986    0.238856    0.237925    0.237061     0.23626    0.235518     0.23483    0.234194    0.233605    0.233061    0.232558    0.232094    0.231666    0.231271    0.230907    0.230565    0.230223    0.229793    0.228937    0.226325    0.216707    0.179367   0.0325221 -0.00478693  -0.0143421  -0.0168603  -0.0175902  -0.0178614  -0.0180115  -0.0181261  -0.0182275  -0.0183217  -0.0184104  -0.0184945  -0.0185744  -0.0186508  -0.0187239  -0.0187941  -0.0188618  -0.0189274  -0.0189912  -0.0190536  -0.0191149   -0.019175   -0.019233  -0.0192836  -0.0193057  -0.0192144  -0.0186733  -0.0163535  -0.0070077     0.03008    0.176691    0.213782    0.223135    0.225465     0.22602    0.226129    0.226129    0.226104    0.226075    0.226049    0.226026    0.226006     0.22599    0.225977    0.225967    0.225961    0.225958    0.225958    0.225961    0.225967    0.225976    0.225988    0.226002    0.226012    0.225997    0.225872      0.2253    0.222952     0.21358     0.17647   0.0298386  -0.0072711   -0.016641  -0.0189898  -0.0195751  -0.0197667  -0.0200615  -0.0211784
 0.0794321   0.210787   0.242125   0.248264    0.24815    0.24657   0.244731   0.242928   0.241231   0.239649    0.23818   0.236816   0.235551   0.234377   0.233288   0.232279   0.231343   0.230476   0.229674   0.228931   0.228243   0.227608   0.227021   0.226478    0.22597   0.225473     0.2249   0.223911   0.221175   0.211442   0.173995  0.0270505 -0.0103508 -0.0199917 -0.0225897 -0.0233936 -0.0237337 -0.0239477 -0.0241218 -0.0242784 -0.0244238 -0.0245602 -0.0246886 -0.0248098 -0.0249244  -0.025033 -0.0251362 -0.0252346 -0.0253287 -0.0254191 -0.0255061 -0.0255903 -0.0256717 -0.0257494 -0.0258184 -0.0258576 -0.0257822 -0.0252558 -0.0229497 -0.0136166  0.0234593   0.170059    0.20714   0.216483   0.218805   0.219352   0.219453   0.219446   0.219414   0.219379   0.219347   0.219319   0.219294   0.219273   0.219256   0.219242   0.219232   0.219225   0.219222   0.219222   0.219225   0.219232   0.219242   0.219253   0.219261   0.219244   0.219117   0.218543   0.216193    0.20682   0.169708  0.0230754 -0.0140355 -0.0234058 -0.0257523 -0.0263247 -0.0264618  -0.026538 -0.0267881  -0.027825
  -0.0527349   -0.0158311  -0.00630756  -0.00373121   -0.0029253  -0.00257768  -0.00235523  -0.00217285  -0.00200835  -0.00185548  -0.00171208  -0.00157703  -0.00144954   -0.0013289  -0.00121446  -0.00110559   -0.0010017 -0.000902218  -0.00080659   -0.0007143 -0.000624919 -0.000538318 -0.000455522 -0.000382099 -0.000341531 -0.000428018  -0.00101494   -0.0035778    -0.013943   -0.0551125    -0.217893    -0.259068    -0.269444    -0.272022    -0.272631    -0.272744    -0.272736      -0.2727    -0.272662    -0.272626    -0.272594    -0.272566    -0.272541    -0.272521    -0.272504     -0.27249     -0.27248    -0.272474    -0.272471    -0.272471    -0.272474    -0.272481    -0.272489    -0.272493    -0.272472    -0.272341    -0.271763    -0.269409    -0.260031    -0.222913   -0.0762752   -0.0391583   -0.0297817   -0.0274292   -0.0268534   -0.0267252    -0.026708   -0.0267167   -0.0267298    -0.026742    -0.026752   -0.0267595   -0.0267645   -0.0267669   -0.0267669   -0.0267644   -0.0267593   -0.0267518   -0.0267416   -0.0267288   -0.0267133   -0.0266954   -0.0266764   -0.0266614    -0.026672   -0.0267933   -0.0273617   -0.0297063   -0.0390746   -0.0761824    -0.222811    -0.259918    -0.269285    -0.271627    -0.272194    -0.272315    -0.272336    -0.272378    -0.272601    -0.273554
 -0.0200002  -0.0112376 -0.00857987 -0.00749872 -0.00684488 -0.00632521 -0.00586357 -0.00543889 -0.00504421 -0.00467623 -0.00433267 -0.00401162 -0.00371131 -0.00343014 -0.00316658  -0.0029192 -0.00268665 -0.00246767 -0.00226107 -0.00206581 -0.00188115 -0.00170745 -0.00154929 -0.00142759 -0.00142792 -0.00189076 -0.00416289  -0.0135636  -0.0510941   -0.199663   -0.237207   -0.246633   -0.248944   -0.249459   -0.249525   -0.249483   -0.249419   -0.249354   -0.249294   -0.249239   -0.249189   -0.249145   -0.249107   -0.249073   -0.249043   -0.249019   -0.248999   -0.248983   -0.248971   -0.248963    -0.24896   -0.248958   -0.248954   -0.248924   -0.248785     -0.2482   -0.245839   -0.236455   -0.199332  -0.0526883  -0.0155665 -0.00618519  -0.0038284  -0.0032486 -0.00311665 -0.00309598 -0.00310145 -0.00311158 -0.00312099 -0.00312838 -0.00313347  -0.0031362  -0.0031366 -0.00313466 -0.00313036 -0.00312369  -0.0031146 -0.00310303 -0.00308892 -0.00307226 -0.00305327 -0.00303319 -0.00301733 -0.00302711 -0.00314761 -0.00371533 -0.00605932   -0.015427  -0.0525344   -0.199162   -0.236269   -0.245636   -0.247978   -0.248543   -0.248661    -0.24867   -0.248664   -0.248696   -0.248901   -0.249785
  -0.0118786  -0.00933789  -0.00824424  -0.00754809  -0.00698134  -0.00647399  -0.00600638  -0.00557171  -0.00516655  -0.00478846  -0.00443535  -0.00410529   -0.0037965  -0.00350731  -0.00323615  -0.00298154   -0.0027421  -0.00251655  -0.00230371  -0.00210277  -0.00191398  -0.00174175  -0.00160664  -0.00159297  -0.00203651  -0.00426565   -0.0135272   -0.0505366    -0.197074    -0.234098    -0.243388     -0.24566     -0.24616    -0.246219    -0.246171    -0.246102    -0.246033    -0.245968     -0.24591    -0.245857     -0.24581    -0.245768    -0.245731    -0.245699    -0.245672    -0.245649    -0.245631    -0.245618    -0.245608    -0.245603      -0.2456    -0.245594    -0.245563    -0.245423    -0.244836    -0.242474    -0.233089    -0.195965   -0.0493207    -0.012198  -0.00281597 -0.000458476  0.000121981  0.000254536  0.000275756  0.000270797  0.000261146  0.000252173  0.000245183  0.000240465  0.000238062  0.000237973  0.000240196   0.00024474  0.000251637   0.00026093  0.000272679  0.000286947  0.000303749  0.000322856   0.00034303  0.000358962  0.000349238  0.000228772 -0.000338929  -0.00268291   -0.0120506    -0.049158    -0.195786    -0.232893    -0.242259    -0.244601    -0.245167    -0.245284    -0.245291    -0.245274    -0.245262    -0.245291    -0.245481    -0.246303
 -0.00933796  -0.00824431  -0.00754816  -0.00698141  -0.00647406  -0.00600644  -0.00557176   -0.0051666  -0.00478851   -0.0044354  -0.00410534  -0.00379654  -0.00350735  -0.00323619  -0.00298158  -0.00274214  -0.00251658  -0.00230375   -0.0021028  -0.00191402  -0.00174178  -0.00160667    -0.001593  -0.00203654  -0.00426568   -0.0135272   -0.0505366    -0.197074    -0.234098    -0.243388     -0.24566     -0.24616    -0.246219    -0.246171    -0.246102    -0.246033    -0.245968     -0.24591    -0.245857     -0.24581    -0.245768    -0.245731    -0.245699    -0.245672     -0.24565    -0.245632    -0.245618    -0.245608    -0.245603      -0.2456    -0.245594    -0.245563    -0.245423    -0.244837    -0.242475    -0.233089    -0.195965   -0.0493209   -0.0121982  -0.00281621 -0.000458739  0.000121698  0.000254231  0.000275428  0.000270444  0.000260766  0.000251764  0.000244742   0.00023999  0.000237551  0.000237423  0.000239602  0.000244102  0.000250949  0.000260189  0.000271881  0.000286087  0.000302822  0.000321859  0.000341955  0.000357804   0.00034799  0.000227428 -0.000340376  -0.00268447   -0.0120523   -0.0491598    -0.195788    -0.232895    -0.242262    -0.244604    -0.245169    -0.245287    -0.245293    -0.245273    -0.245251    -0.245239    -0.245266    -0.245443    -0.246208
 -0.00824437  -0.00754823  -0.00698148  -0.00647413  -0.00600651  -0.00557182  -0.00516666  -0.00478857  -0.00443545  -0.00410538  -0.00379659  -0.00350739  -0.00323622  -0.00298162  -0.00274218  -0.00251662  -0.00230378  -0.00210284  -0.00191405  -0.00174181  -0.00160671  -0.00159303  -0.00203657  -0.00426571   -0.0135273   -0.0505367    -0.197074    -0.234098    -0.243388     -0.24566     -0.24616    -0.246219    -0.246171    -0.246102    -0.246033    -0.245968     -0.24591    -0.245857     -0.24581    -0.245768    -0.245731    -0.245699    -0.245672     -0.24565    -0.245632    -0.245618    -0.245609    -0.245603      -0.2456    -0.245594    -0.245563    -0.245423    -0.244837    -0.242475     -0.23309    -0.195965   -0.0493211   -0.0121984  -0.00281642 -0.000458965  0.000121455  0.000253969  0.000275145   0.00027014  0.000260438  0.000251411  0.000244362  0.000239581  0.000237111  0.000236948  0.000239091  0.000243551  0.000250356   0.00025955  0.000271193  0.000285346  0.000302024  0.000320999  0.000341029  0.000356807  0.000346916  0.000226271 -0.000341623  -0.00268582   -0.0120537   -0.0491614     -0.19579    -0.232897    -0.242264    -0.244606    -0.245171    -0.245289    -0.245295    -0.245275    -0.245251    -0.245229    -0.245217    -0.245243    -0.245408     -0.24612
 -0.00754829  -0.00698154  -0.00647419  -0.00600657  -0.00557188  -0.00516671  -0.00478862  -0.00443549  -0.00410543  -0.00379663  -0.00350743  -0.00323626  -0.00298165  -0.00274221  -0.00251665  -0.00230381  -0.00210287  -0.00191408  -0.00174184  -0.00160673  -0.00159306   -0.0020366  -0.00426574   -0.0135273   -0.0505367    -0.197074    -0.234098    -0.243388     -0.24566     -0.24616    -0.246219    -0.246171    -0.246102    -0.246033    -0.245968     -0.24591    -0.245857     -0.24581    -0.245768    -0.245731    -0.245699    -0.245672     -0.24565    -0.245632    -0.245618    -0.245609    -0.245603      -0.2456    -0.245594    -0.245564    -0.245423    -0.244837    -0.242475     -0.23309    -0.195966   -0.0493212   -0.0121986   -0.0028166 -0.000459161  0.000121244  0.000253742  0.000274902  0.000269878  0.000260156  0.000251107  0.000244035  0.000239228  0.000236731  0.000236539  0.000238651  0.000243076  0.000249844  0.000258999    0.0002706  0.000284708  0.000301336  0.000320258   0.00034023  0.000355947  0.000345989  0.000225273 -0.000342697  -0.00268697    -0.012055   -0.0491627    -0.195791    -0.232898    -0.242265    -0.244608    -0.245173    -0.245291    -0.245298    -0.245278    -0.245253    -0.245229    -0.245208    -0.245198    -0.245222    -0.245375    -0.246038
 -0.00698159  -0.00647425  -0.00600663  -0.00557194  -0.00516677  -0.00478867  -0.00443554  -0.00410547  -0.00379667  -0.00350747   -0.0032363  -0.00298169  -0.00274225  -0.00251668  -0.00230384   -0.0021029  -0.00191411  -0.00174187  -0.00160676  -0.00159309  -0.00203663  -0.00426577   -0.0135273   -0.0505367    -0.197074    -0.234098    -0.243388     -0.24566     -0.24616    -0.246219    -0.246171    -0.246102    -0.246033    -0.245968     -0.24591    -0.245857     -0.24581    -0.245768    -0.245731    -0.245699    -0.245672     -0.24565    -0.245632    -0.245618    -0.245609    -0.245603      -0.2456    -0.245594    -0.245564    -0.245423    -0.244837    -0.242475     -0.23309    -0.195966   -0.0493214   -0.0121987  -0.00281676 -0.000459329  0.000121063  0.000253547  0.000274692  0.000269652  0.000259912  0.000250844  0.000243752  0.000238924  0.000236403  0.000236186  0.000238271  0.000242667  0.000249404  0.000258525  0.000270089  0.000284157  0.000300743  0.000319619  0.000339542  0.000355206  0.000345191  0.000224413 -0.000343624  -0.00268797   -0.0120561   -0.0491639    -0.195792      -0.2329    -0.242267    -0.244609    -0.245175    -0.245293    -0.245299     -0.24528    -0.245255     -0.24523    -0.245208    -0.245189     -0.24518    -0.245202    -0.245346    -0.245963
  -0.0064743  -0.00600668  -0.00557199  -0.00516682  -0.00478872  -0.00443559  -0.00410552  -0.00379671  -0.00350751  -0.00323634  -0.00298172  -0.00274228  -0.00251671  -0.00230387  -0.00210293  -0.00191413   -0.0017419  -0.00160679  -0.00159311  -0.00203665  -0.00426579   -0.0135273   -0.0505367    -0.197074    -0.234098    -0.243388     -0.24566     -0.24616    -0.246219    -0.246171    -0.246102    -0.246033    -0.245969     -0.24591    -0.245857     -0.24581    -0.245768    -0.245731    -0.245699    -0.245672     -0.24565    -0.245632    -0.245618    -0.245609    -0.245603      -0.2456    -0.245594    -0.245564    -0.245423    -0.244837    -0.242475     -0.23309    -0.195966   -0.0493215   -0.0121989  -0.00281689 -0.000459474  0.000120907  0.000253379  0.000274511  0.000269457  0.000259702  0.000250618  0.000243509  0.000238662  0.000236121  0.000235882  0.000237944  0.000242315  0.000249024  0.000258116  0.000269649  0.000283683  0.000300232  0.000319069  0.000338949  0.000354567  0.000344503  0.000223672 -0.000344422  -0.00268883    -0.012057   -0.0491649    -0.195794    -0.232901    -0.242268    -0.244611    -0.245177    -0.245295    -0.245301    -0.245281    -0.245257    -0.245232     -0.24521    -0.245189    -0.245172    -0.245164    -0.245185    -0.245318    -0.245893
-0.00600673 -0.00557205 -0.00516687 -0.00478877 -0.00443564 -0.00410556 -0.00379675 -0.00350755 -0.00323637 -0.00298176 -0.00274231 -0.00251675  -0.0023039 -0.00210295 -0.00191416 -0.00174192 -0.00160681 -0.00159314 -0.00203668 -0.00426581  -0.0135274  -0.0505368   -0.197075   -0.234098   -0.243388    -0.24566   -0.246161   -0.246219   -0.246171   -0.246102   -0.246033   -0.245969    -0.24591   -0.245857    -0.24581   -0.245768   -0.245731   -0.245699   -0.245672    -0.24565   -0.245632   -0.245618   -0.245609   -0.245603     -0.2456   -0.245594   -0.245564   -0.245424   -0.244837   -0.242475    -0.23309   -0.195966  -0.0493216   -0.012199 -0.00281701  -0.0004596 0.000120772 0.000253234 0.000274354 0.000269289 0.000259521 0.000250424 0.000243299 0.000238436 0.000235878 0.000235621 0.000237661 0.000242011 0.000248697 0.000257763 0.000269269 0.000283274 0.000299792 0.000318594 0.000338438 0.000354017  0.00034391 0.000223033 -0.00034511 -0.00268957  -0.0120578  -0.0491658   -0.195795   -0.232902   -0.242269   -0.244612   -0.245178   -0.245296   -0.245303   -0.245283   -0.245258   -0.245234   -0.245212   -0.245191   -0.245172   -0.245156   -0.245149   -0.245168   -0.245293   -0.245828
 -0.00557209  -0.00516692  -0.00478882  -0.00443568   -0.0041056   -0.0037968  -0.00350759  -0.00323641  -0.00298179  -0.00274234  -0.00251678  -0.00230393  -0.00210298  -0.00191419  -0.00174195  -0.00160684  -0.00159316   -0.0020367  -0.00426584   -0.0135274   -0.0505368    -0.197075    -0.234098    -0.243388     -0.24566    -0.246161    -0.246219    -0.246171    -0.246102    -0.246033    -0.245969     -0.24591    -0.245857     -0.24581    -0.245768    -0.245731    -0.245699    -0.245672     -0.24565    -0.245632    -0.245618    -0.245609    -0.245603      -0.2456    -0.245594    -0.245564    -0.245424    -0.244837    -0.242475     -0.23309    -0.195966   -0.0493217   -0.0121991  -0.00281711 -0.000459708  0.000120655  0.000253109   0.00027422  0.000269144  0.000259365  0.000250255  0.000243118  0.000238241  0.000235668  0.000235395  0.000237418  0.000241749  0.000248415   0.00025746  0.000268942  0.000282921  0.000299412  0.000318185  0.000337998  0.000353542  0.000343399  0.000222483 -0.000345703  -0.00269021   -0.0120585   -0.0491665    -0.195795    -0.232903     -0.24227    -0.244613    -0.245179    -0.245297    -0.245304    -0.245284     -0.24526    -0.245236    -0.245213    -0.245192    -0.245173    -0.245156    -0.245142    -0.245135    -0.245154     -0.24527    -0.245767
 -0.00516696  -0.00478886  -0.00443573  -0.00410565  -0.00379684  -0.00350763  -0.00323645  -0.00298183  -0.00274238  -0.00251681  -0.00230396  -0.00210301  -0.00191421  -0.00174197  -0.00160686  -0.00159319  -0.00203672  -0.00426586   -0.0135274   -0.0505368    -0.197075    -0.234098    -0.243388     -0.24566    -0.246161    -0.246219    -0.246171    -0.246102    -0.246033    -0.245969     -0.24591    -0.245857     -0.24581    -0.245768    -0.245731    -0.245699    -0.245672     -0.24565    -0.245632    -0.245618    -0.245609    -0.245603      -0.2456    -0.245594    -0.245564    -0.245424    -0.244837    -0.242475     -0.23309    -0.195966   -0.0493217   -0.0121991   -0.0028172 -0.000459801  0.000120555  0.000253001  0.000274103  0.000269018  0.000259231  0.000250111  0.000242962  0.000238073  0.000235487    0.0002352  0.000237209  0.000241523  0.000248172  0.000257198   0.00026866  0.000282618  0.000299085  0.000317833  0.000337619  0.000353134  0.000342959  0.000222009 -0.000346214  -0.00269076   -0.0120591   -0.0491671    -0.195796    -0.232904    -0.242271    -0.244614     -0.24518    -0.245298    -0.245305    -0.245285    -0.245261    -0.245237    -0.245215    -0.245194    -0.245175    -0.245157    -0.245142    -0.245128    -0.245122     -0.24514    -0.245248    -0.245711
  -0.0047889  -0.00443577  -0.00410569  -0.00379688  -0.00350766  -0.00323648  -0.00298186  -0.00274241  -0.00251684  -0.00230399  -0.00210304  -0.00191424    -0.001742  -0.00160688  -0.00159321  -0.00203674  -0.00426588   -0.0135274   -0.0505368    -0.197075    -0.234098    -0.243388     -0.24566    -0.246161    -0.246219    -0.246171    -0.246102    -0.246033    -0.245969     -0.24591    -0.245857     -0.24581    -0.245768    -0.245731    -0.245699    -0.245672     -0.24565    -0.245632    -0.245618    -0.245609    -0.245603      -0.2456    -0.245594    -0.245564    -0.245424    -0.244837    -0.242475     -0.23309    -0.195966   -0.0493218   -0.0121992  -0.00281727 -0.000459882  0.000120468  0.000252907  0.000274003  0.000268911  0.000259114  0.000249986  0.000242828  0.000237928  0.000235331  0.000235032  0.000237028  0.000241329  0.000247962  0.000256972  0.000268417  0.000282356  0.000298803  0.000317529  0.000337291  0.000352781   0.00034258    0.0002216 -0.000346654  -0.00269124   -0.0120596   -0.0491677    -0.195797    -0.232904    -0.242271    -0.244614    -0.245181    -0.245299    -0.245306    -0.245286    -0.245262    -0.245238    -0.245216    -0.245195    -0.245176    -0.245159    -0.245143    -0.245128    -0.245116    -0.245111    -0.245128    -0.245229     -0.24566
 -0.00443581  -0.00410573  -0.00379692   -0.0035077  -0.00323652  -0.00298189  -0.00274244  -0.00251687  -0.00230402  -0.00210306  -0.00191426  -0.00174202  -0.00160691  -0.00159323  -0.00203676   -0.0042659   -0.0135274   -0.0505368    -0.197075    -0.234098    -0.243388     -0.24566    -0.246161    -0.246219    -0.246171    -0.246102    -0.246033    -0.245969     -0.24591    -0.245857     -0.24581    -0.245768    -0.245731      -0.2457    -0.245672     -0.24565    -0.245632    -0.245618    -0.245609    -0.245603      -0.2456    -0.245594    -0.245564    -0.245424    -0.244837    -0.242475     -0.23309    -0.195966   -0.0493219   -0.0121993  -0.00281734 -0.000459952  0.000120394  0.000252827  0.000273916  0.000268817  0.000259014  0.000249878  0.000242712  0.000237803  0.000235197  0.000234887  0.000236872  0.000241161  0.000247782  0.000256778  0.000268207   0.00028213   0.00029856  0.000317268   0.00033701  0.000352478  0.000342252  0.000221248 -0.000347033  -0.00269164     -0.01206   -0.0491682    -0.195797    -0.232905    -0.242272    -0.244615    -0.245181      -0.2453    -0.245307    -0.245287    -0.245263    -0.245239    -0.245217    -0.245196    -0.245177     -0.24516    -0.245144    -0.245129    -0.245116    -0.245105    -0.245101    -0.245116     -0.24521    -0.245612
 -0.00410576  -0.00379695  -0.00350774  -0.00323655  -0.00298193  -0.00274247   -0.0025169  -0.00230404  -0.00210309  -0.00191429  -0.00174204  -0.00160693  -0.00159325  -0.00203678  -0.00426592   -0.0135275   -0.0505369    -0.197075    -0.234098    -0.243388     -0.24566    -0.246161    -0.246219    -0.246171    -0.246102    -0.246033    -0.245969     -0.24591    -0.245857     -0.24581    -0.245768    -0.245731      -0.2457    -0.245672     -0.24565    -0.245632    -0.245618    -0.245609    -0.245603      -0.2456    -0.245594    -0.245564    -0.245424    -0.244837    -0.242475     -0.23309    -0.195966   -0.0493219   -0.0121993  -0.00281739 -0.000460012  0.000120329  0.000252757  0.000273842  0.000268737  0.000258928  0.000249785  0.000242612  0.000237696  0.000235081  0.000234763  0.000236738  0.000241016  0.000247626   0.00025661  0.000268026  0.000281936  0.000298351  0.000317042  0.000336767  0.000352216  0.000341971  0.000220944 -0.000347361    -0.002692   -0.0120604   -0.0491686    -0.195798    -0.232905    -0.242273    -0.244616    -0.245182      -0.2453    -0.245307    -0.245288    -0.245264     -0.24524    -0.245218    -0.245197    -0.245178    -0.245161    -0.245145    -0.245131    -0.245117    -0.245105    -0.245095    -0.245091    -0.245106    -0.245194    -0.245567
 -0.00379698  -0.00350777  -0.00323659  -0.00298196   -0.0027425  -0.00251692  -0.00230407  -0.00210311  -0.00191431  -0.00174207  -0.00160695  -0.00159327   -0.0020368  -0.00426593   -0.0135275   -0.0505369    -0.197075    -0.234098    -0.243388     -0.24566    -0.246161    -0.246219    -0.246171    -0.246102    -0.246033    -0.245969     -0.24591    -0.245857     -0.24581    -0.245768    -0.245731      -0.2457    -0.245672     -0.24565    -0.245632    -0.245618    -0.245609    -0.245604      -0.2456    -0.245594    -0.245564    -0.245424    -0.244837    -0.242475     -0.23309    -0.195966    -0.049322   -0.0121994  -0.00281744 -0.000460064  0.000120273  0.000252697  0.000273777  0.000268668  0.000258853  0.000249705  0.000242525  0.000237603  0.000234981  0.000234655  0.000236622  0.000240892  0.000247492  0.000256465  0.000267871  0.000281768   0.00029817  0.000316848  0.000336557   0.00035199  0.000341728  0.000220682 -0.000347642   -0.0026923   -0.0120607   -0.0491689    -0.195798    -0.232906    -0.242273    -0.244616    -0.245182    -0.245301    -0.245308    -0.245289    -0.245265    -0.245241    -0.245219    -0.245198    -0.245179    -0.245162    -0.245146    -0.245132    -0.245118    -0.245106    -0.245095    -0.245086    -0.245082    -0.245096    -0.245178    -0.245526
  -0.0035078  -0.00323662  -0.00298199  -0.00274253  -0.00251695   -0.0023041  -0.00210314  -0.00191434  -0.00174209  -0.00160697  -0.00159329  -0.00203682  -0.00426595   -0.0135275   -0.0505369    -0.197075    -0.234098    -0.243388     -0.24566    -0.246161    -0.246219    -0.246171    -0.246102    -0.246033    -0.245969     -0.24591    -0.245857     -0.24581    -0.245768    -0.245731      -0.2457    -0.245672     -0.24565    -0.245632    -0.245618    -0.245609    -0.245604      -0.2456    -0.245595    -0.245564    -0.245424    -0.244837    -0.242475     -0.23309    -0.195966    -0.049322   -0.0121994  -0.00281748 -0.000460109  0.000120225  0.000252646  0.000273722  0.000268608  0.000258789  0.000249635  0.000242451  0.000237523  0.000234895  0.000234562  0.000236522  0.000240784  0.000247376  0.000256341  0.000267737  0.000281624  0.000298014   0.00031668  0.000336377  0.000351796  0.000341518  0.000220457 -0.000347885  -0.00269256    -0.012061   -0.0491692    -0.195798    -0.232906    -0.242273    -0.244617    -0.245183    -0.245301    -0.245308    -0.245289    -0.245265    -0.245241    -0.245219    -0.245199     -0.24518    -0.245163    -0.245147    -0.245133    -0.245119    -0.245107    -0.245096    -0.245086    -0.245078    -0.245075    -0.245088    -0.245164    -0.245487
 -0.00323665  -0.00298202  -0.00274256  -0.00251698  -0.00230413  -0.00210317  -0.00191436  -0.00174211  -0.00160699  -0.00159331  -0.00203684  -0.00426597   -0.0135275   -0.0505369    -0.197075    -0.234098    -0.243388     -0.24566    -0.246161    -0.246219    -0.246171    -0.246102    -0.246033    -0.245969     -0.24591    -0.245857     -0.24581    -0.245768    -0.245731      -0.2457    -0.245673     -0.24565    -0.245632    -0.245618    -0.245609    -0.245604    -0.245601    -0.245595    -0.245564    -0.245424    -0.244837    -0.242475     -0.23309    -0.195966    -0.049322   -0.0121994  -0.00281752 -0.000460148  0.000120183  0.000252601  0.000273673  0.000268556  0.000258733  0.000249576  0.000242387  0.000237454   0.00023482  0.000234482  0.000236436  0.000240691  0.000247276  0.000256233  0.000267621  0.000281499   0.00029788  0.000316535  0.000336221  0.000351628  0.000341338  0.000220262 -0.000348095  -0.00269279   -0.0120612   -0.0491695    -0.195799    -0.232906    -0.242274    -0.244617    -0.245183    -0.245302    -0.245309     -0.24529    -0.245266    -0.245242     -0.24522      -0.2452    -0.245181    -0.245164    -0.245148    -0.245134     -0.24512    -0.245108    -0.245097    -0.245087    -0.245078     -0.24507    -0.245067     -0.24508    -0.245151    -0.245452
 -0.00298205  -0.00274259  -0.00251701  -0.00230415  -0.00210319  -0.00191438  -0.00174213  -0.00160701  -0.00159333  -0.00203686  -0.00426599   -0.0135275   -0.0505369    -0.197075    -0.234098    -0.243388     -0.24566    -0.246161    -0.246219    -0.246171    -0.246102    -0.246033    -0.245969     -0.24591    -0.245857     -0.24581    -0.245768    -0.245731      -0.2457    -0.245673     -0.24565    -0.245632    -0.245618    -0.245609    -0.245604    -0.245601    -0.245595    -0.245564    -0.245424    -0.244837    -0.242475     -0.23309    -0.195966    -0.049322   -0.0121995  -0.00281755 -0.000460181  0.000120147  0.000252562  0.000273632  0.000268512  0.000258685  0.000249524  0.000242331  0.000237394  0.000234756  0.000234413  0.000236361  0.000240611   0.00024719   0.00025614  0.000267521  0.000281392  0.000297765  0.000316411  0.000336087  0.000351484  0.000341182  0.000220095 -0.000348275  -0.00269298   -0.0120615   -0.0491697    -0.195799    -0.232907    -0.242274    -0.244617    -0.245184    -0.245302    -0.245309     -0.24529    -0.245266    -0.245242     -0.24522      -0.2452    -0.245181    -0.245164    -0.245149    -0.245134    -0.245121    -0.245109    -0.245098    -0.245088    -0.245079     -0.24507    -0.245064    -0.245061    -0.245072    -0.245139    -0.245419
 -0.00274261  -0.00251704  -0.00230418  -0.00210322  -0.00191441  -0.00174216  -0.00160703  -0.00159335  -0.00203688  -0.00426601   -0.0135275   -0.0505369    -0.197075    -0.234098    -0.243388     -0.24566    -0.246161    -0.246219    -0.246171    -0.246102    -0.246033    -0.245969     -0.24591    -0.245857     -0.24581    -0.245768    -0.245731      -0.2457    -0.245673     -0.24565    -0.245632    -0.245618    -0.245609    -0.245604    -0.245601    -0.245595    -0.245564    -0.245424    -0.244837    -0.242475     -0.23309    -0.195966   -0.0493221   -0.0121995  -0.00281758  -0.00046021  0.000120116  0.000252529  0.000273596  0.000268473  0.000258644  0.000249479  0.000242283  0.000237342  0.000234701  0.000234354  0.000236297  0.000240542  0.000247116  0.000256061  0.000267435  0.000281299  0.000297665  0.000316303  0.000335971  0.000351359  0.000341048   0.00021995 -0.000348431  -0.00269315   -0.0120616   -0.0491699    -0.195799    -0.232907    -0.242274    -0.244617    -0.245184    -0.245302     -0.24531    -0.245291    -0.245267    -0.245243    -0.245221    -0.245201    -0.245182    -0.245165    -0.245149    -0.245135    -0.245122     -0.24511    -0.245099    -0.245089    -0.245079    -0.245071    -0.245063    -0.245057    -0.245055    -0.245066    -0.245128    -0.245388
 -0.00251706  -0.00230421  -0.00210324  -0.00191443  -0.00174218  -0.00160705  -0.00159337   -0.0020369  -0.00426602   -0.0135276    -0.050537    -0.197075    -0.234098    -0.243388     -0.24566    -0.246161    -0.246219    -0.246171    -0.246102    -0.246033    -0.245969     -0.24591    -0.245857     -0.24581    -0.245768    -0.245731      -0.2457    -0.245673     -0.24565    -0.245632    -0.245618    -0.245609    -0.245604    -0.245601    -0.245595    -0.245564    -0.245424    -0.244837    -0.242475    -0.233091    -0.195966   -0.0493221   -0.0121995   -0.0028176 -0.000460236  0.000120089  0.000252499  0.000273565   0.00026844  0.000258608  0.000249441  0.000242242  0.000237298  0.000234653  0.000234302  0.000236242  0.000240483  0.000247052  0.000255992  0.000267361  0.000281219  0.000297579  0.000316211  0.000335872  0.000351252  0.000340932  0.000219826 -0.000348565  -0.00269329   -0.0120618   -0.0491701    -0.195799    -0.232907    -0.242274    -0.244618    -0.245184    -0.245303     -0.24531    -0.245291    -0.245267    -0.245243    -0.245221    -0.245201    -0.245182    -0.245165     -0.24515    -0.245136    -0.245122     -0.24511      -0.2451    -0.245089     -0.24508    -0.245072    -0.245064    -0.245057    -0.245052     -0.24505     -0.24506    -0.245117     -0.24536
 -0.00230422  -0.00210326  -0.00191446   -0.0017422  -0.00160708  -0.00159339  -0.00203691  -0.00426604   -0.0135276    -0.050537    -0.197075    -0.234098    -0.243388     -0.24566    -0.246161    -0.246219    -0.246172    -0.246102    -0.246033    -0.245969     -0.24591    -0.245857     -0.24581    -0.245768    -0.245731      -0.2457    -0.245673     -0.24565    -0.245632    -0.245618    -0.245609    -0.245604    -0.245601    -0.245595    -0.245564    -0.245424    -0.244837    -0.242475    -0.233091    -0.195966   -0.0493221   -0.0121995  -0.00281762 -0.000460258  0.000120065  0.000252474  0.000273538  0.000268411  0.000258577  0.000249408  0.000242206   0.00023726  0.000234612  0.000234258  0.000236194  0.000240432  0.000246996  0.000255932  0.000267297   0.00028115  0.000297505  0.000316131  0.000335786  0.000351159  0.000340833  0.000219719  -0.00034868  -0.00269342   -0.0120619   -0.0491702    -0.195799    -0.232907    -0.242275    -0.244618    -0.245184    -0.245303     -0.24531    -0.245291    -0.245267    -0.245244    -0.245222    -0.245201    -0.245183    -0.245166     -0.24515    -0.245136    -0.245123    -0.245111      -0.2451     -0.24509    -0.245081    -0.245073    -0.245065    -0.245058    -0.245051    -0.245046    -0.245045    -0.245054    -0.245108    -0.245334
 -0.00236168  -0.00221998   -0.0020426  -0.00189033  -0.00185758  -0.00228259  -0.00449431   -0.0137396   -0.0507339    -0.197258    -0.234268    -0.243546    -0.245806    -0.246297    -0.246346    -0.246289    -0.246211    -0.246134    -0.246063    -0.245997    -0.245938    -0.245885    -0.245838    -0.245796     -0.24576    -0.245728    -0.245702     -0.24568    -0.245663     -0.24565    -0.245642    -0.245636    -0.245627    -0.245595    -0.245452    -0.244864      -0.2425    -0.233113    -0.195987   -0.0493417   -0.0122178  -0.00283464 -0.000476178   0.00010513  0.000238415  0.000260249  0.000255788  0.000246518  0.000237809  0.000230966  0.000226273  0.000223773  0.000223459  0.000225322   0.00022937  0.000235623  0.000244118  0.000254906  0.000268037  0.000283515  0.000301098  0.000319532  0.000333492  0.000321544  0.000198583 -0.000371908    -0.002719   -0.0120902   -0.0492014    -0.195834    -0.232945    -0.242317    -0.244665    -0.245236     -0.24536    -0.245374    -0.245361    -0.245345     -0.24533    -0.245317    -0.245306    -0.245299    -0.245294    -0.245292    -0.245292    -0.245295      -0.2453    -0.245308    -0.245319    -0.245333    -0.245349    -0.245367     -0.24538     -0.24537    -0.245255    -0.244716    -0.242491    -0.233602    -0.198392   -0.0592595
 -0.00221773  -0.00203994  -0.00188772  -0.00185512  -0.00228031   -0.0044922   -0.0137377   -0.0507321    -0.197256    -0.234267    -0.243544    -0.245805    -0.246296    -0.246344    -0.246288     -0.24621    -0.246134    -0.246062    -0.245997    -0.245938    -0.245885    -0.245837    -0.245796    -0.245759    -0.245728    -0.245701     -0.24568    -0.245663     -0.24565    -0.245642    -0.245636    -0.245627    -0.245595    -0.245452    -0.244864      -0.2425    -0.233113    -0.195988   -0.0493421   -0.0122182  -0.00283517 -0.000476766  0.000104475  0.000237691  0.000259452  0.000254914  0.000245562  0.000236767  0.000229831  0.000225041  0.000222437  0.000222011  0.000223757  0.000227678  0.000233795  0.000242146  0.000252779  0.000265745  0.000281045  0.000298439  0.000316669   0.00033041  0.000318228  0.000195015 -0.000375745  -0.00272313   -0.0120946   -0.0492062    -0.195839    -0.232951    -0.242323    -0.244671    -0.245243    -0.245368    -0.245382     -0.24537    -0.245354    -0.245339    -0.245327    -0.245318    -0.245311    -0.245307    -0.245306    -0.245307    -0.245311    -0.245318    -0.245327    -0.245339    -0.245355    -0.245372    -0.245391    -0.245406    -0.245396    -0.245276    -0.244708    -0.242367     -0.23301    -0.195944   -0.0494763   -0.0130007
 -0.00203928  -0.00188694  -0.00185436  -0.00227959  -0.00449153    -0.013737   -0.0507315    -0.197255    -0.234266    -0.243544    -0.245805    -0.246295    -0.246344    -0.246288     -0.24621    -0.246133    -0.246062    -0.245996    -0.245937    -0.245884    -0.245837    -0.245796    -0.245759    -0.245728    -0.245701     -0.24568    -0.245663     -0.24565    -0.245642    -0.245636    -0.245627    -0.245595    -0.245452    -0.244864      -0.2425    -0.233113    -0.195988   -0.0493421   -0.0122183  -0.00283519 -0.000476802   0.00010443  0.000237636  0.000259387  0.000254838  0.000245476   0.00023667  0.000229723  0.000224921  0.000222305  0.000221866  0.000223598  0.000227505  0.000233607  0.000241942  0.000252558  0.000265505  0.000280787   0.00029816  0.000316368  0.000330086  0.000317879   0.00019464 -0.000376148  -0.00272356   -0.0120951   -0.0492067    -0.195839    -0.232951    -0.242323    -0.244672    -0.245244    -0.245368    -0.245382    -0.245371    -0.245355     -0.24534    -0.245328    -0.245319    -0.245312    -0.245308    -0.245307    -0.245308    -0.245313    -0.245319    -0.245329    -0.245341    -0.245357    -0.245375    -0.245394    -0.245409    -0.245399    -0.245278     -0.24471    -0.242366    -0.232995    -0.195871    -0.049179   -0.0118151  -0.00142916
 -0.00188669  -0.00185406  -0.00227929  -0.00449125   -0.0137368   -0.0507313    -0.197255    -0.234266    -0.243544    -0.245805    -0.246295    -0.246344    -0.246287     -0.24621    -0.246133    -0.246061    -0.245996    -0.245937    -0.245884    -0.245837    -0.245795    -0.245759    -0.245728    -0.245701     -0.24568    -0.245663     -0.24565    -0.245642    -0.245636    -0.245627    -0.245595    -0.245452    -0.244864      -0.2425    -0.233113    -0.195988    -0.049342   -0.0122182  -0.00283512 -0.000476724  0.000104511   0.00023772  0.000259475  0.000254932  0.000245574  0.000236774  0.000229834  0.000225039   0.00022243     0.000222  0.000223741  0.000227657  0.000233771  0.000242117  0.000252746  0.000265707  0.000281004  0.000298393  0.000316619  0.000330356   0.00031817  0.000194953 -0.000375811   -0.0027232   -0.0120947   -0.0492063    -0.195839    -0.232951    -0.242323    -0.244671    -0.245243    -0.245368    -0.245382     -0.24537    -0.245354    -0.245339    -0.245327    -0.245318    -0.245311    -0.245307    -0.245306    -0.245307    -0.245311    -0.245318    -0.245327     -0.24534    -0.245355    -0.245372    -0.245391    -0.245406    -0.245396    -0.245275    -0.244707    -0.242363    -0.232994    -0.195882   -0.0492328   -0.0120402  -0.00233136   0.00136629
 -0.00185391  -0.00227912  -0.00449108   -0.0137366   -0.0507312    -0.197255    -0.234266    -0.243544    -0.245804    -0.246295    -0.246344    -0.246287     -0.24621    -0.246133    -0.246061    -0.245996    -0.245937    -0.245884    -0.245837    -0.245795    -0.245759    -0.245728    -0.245701     -0.24568    -0.245662     -0.24565    -0.245642    -0.245636    -0.245627    -0.245595    -0.245452    -0.244864      -0.2425    -0.233113    -0.195988   -0.0493419   -0.0122181  -0.00283503 -0.000476632  0.000104609  0.000237824  0.000259586  0.000255049    0.0002457  0.000236908  0.000229977  0.000225192  0.000222594  0.000222176  0.000223929   0.00022786  0.000233988  0.000242351  0.000252997  0.000265978  0.000281294  0.000298706  0.000316955  0.000330719   0.00031856  0.000195373 -0.000375359  -0.00272271   -0.0120941   -0.0492057    -0.195838     -0.23295    -0.242322     -0.24467    -0.245242    -0.245367    -0.245381    -0.245369    -0.245353    -0.245338    -0.245326    -0.245316     -0.24531    -0.245305    -0.245304    -0.245305    -0.245309    -0.245316    -0.245325    -0.245337    -0.245352    -0.245369    -0.245388    -0.245403    -0.245392    -0.245271    -0.244703    -0.242359    -0.232991    -0.195882   -0.0492492   -0.0121209  -0.00266785  1.89897e-05   0.00194853
 -0.00227901  -0.00449095   -0.0137365    -0.050731    -0.197255    -0.234266    -0.243544    -0.245804    -0.246295    -0.246344    -0.246287     -0.24621    -0.246133    -0.246061    -0.245996    -0.245937    -0.245884    -0.245837    -0.245795    -0.245759    -0.245728    -0.245701    -0.245679    -0.245662     -0.24565    -0.245641    -0.245636    -0.245627    -0.245594    -0.245452    -0.244864      -0.2425    -0.233113    -0.195988   -0.0493419    -0.012218  -0.00283495 -0.000476545  0.000104701  0.000237922   0.00025969   0.00025516  0.000245818  0.000237035  0.000230112  0.000225337  0.000222749  0.000222342  0.000224108  0.000228052  0.000234194  0.000242572  0.000253235  0.000266233  0.000281569  0.000299002  0.000317274  0.000331061  0.000318928   0.00019577 -0.000374932  -0.00272225   -0.0120937   -0.0492052    -0.195838     -0.23295    -0.242322     -0.24467    -0.245241    -0.245366     -0.24538    -0.245368    -0.245352    -0.245337    -0.245325    -0.245315    -0.245308    -0.245304    -0.245302    -0.245303    -0.245307    -0.245314    -0.245323    -0.245335    -0.245349    -0.245367    -0.245385      -0.2454    -0.245389    -0.245268    -0.244699    -0.242355    -0.232987    -0.195879   -0.0492496   -0.0121378   -0.0027508  -0.00032626  0.000566414    0.0019793
 -0.00449085   -0.0137364   -0.0507309    -0.197255    -0.234266    -0.243543    -0.245804    -0.246295    -0.246344    -0.246287     -0.24621    -0.246133    -0.246061    -0.245996    -0.245937    -0.245884    -0.245837    -0.245795    -0.245759    -0.245727    -0.245701    -0.245679    -0.245662     -0.24565    -0.245641    -0.245636    -0.245627    -0.245594    -0.245452    -0.244864      -0.2425    -0.233113    -0.195988   -0.0493418    -0.012218  -0.00283487 -0.000476468  0.000104782  0.000238009  0.000259782  0.000255259  0.000245923  0.000237147  0.000230232  0.000225465  0.000222887   0.00022249  0.000224266  0.000228222  0.000234377  0.000242768  0.000253445   0.00026646  0.000281813  0.000299263  0.000317555  0.000331364  0.000319254   0.00019612 -0.000374555  -0.00272185   -0.0120932   -0.0492047    -0.195837    -0.232949    -0.242321    -0.244669    -0.245241    -0.245365    -0.245379    -0.245367    -0.245351    -0.245336    -0.245324    -0.245314    -0.245307    -0.245303    -0.245301    -0.245302    -0.245305    -0.245312    -0.245321    -0.245333    -0.245347    -0.245364    -0.245383    -0.245397    -0.245386    -0.245264    -0.244696    -0.242351    -0.232983    -0.195875   -0.0492462   -0.0121381  -0.00276687 -0.000405409  0.000237051  0.000660869   0.00187887
  -0.0137363   -0.0507308    -0.197255    -0.234265    -0.243543    -0.245804    -0.246295    -0.246344    -0.246287     -0.24621    -0.246133    -0.246061    -0.245996    -0.245937    -0.245884    -0.245837    -0.245795    -0.245759    -0.245727    -0.245701    -0.245679    -0.245662     -0.24565    -0.245641    -0.245636    -0.245627    -0.245594    -0.245452    -0.244864      -0.2425    -0.233113    -0.195987   -0.0493417   -0.0122179  -0.00283481   -0.0004764  0.000104854  0.000238085  0.000259863  0.000255345  0.000246015  0.000237245  0.000230337  0.000225577  0.000223007  0.000222618  0.000224404  0.000228369  0.000234535  0.000242938  0.000253628  0.000266656  0.000282024  0.000299491  0.000317799  0.000331627  0.000319537  0.000196425 -0.000374227  -0.00272149   -0.0120928   -0.0492043    -0.195837    -0.232949     -0.24232    -0.244668     -0.24524    -0.245365    -0.245378    -0.245366     -0.24535    -0.245335    -0.245323    -0.245313    -0.245306    -0.245301      -0.2453      -0.2453    -0.245304     -0.24531    -0.245319    -0.245331    -0.245345    -0.245362     -0.24538    -0.245395    -0.245383    -0.245262    -0.244693    -0.242348    -0.232979    -0.195871   -0.0492425    -0.012135  -0.00276724 -0.000420477  0.000162906  0.000352375  0.000644027   0.00175309
  -0.0507307    -0.197255    -0.234265    -0.243543    -0.245804    -0.246295    -0.246343    -0.246287     -0.24621    -0.246133    -0.246061    -0.245996    -0.245937    -0.245884    -0.245837    -0.245795    -0.245759    -0.245727    -0.245701    -0.245679    -0.245662     -0.24565    -0.245641    -0.245636    -0.245627    -0.245594    -0.245452    -0.244863      -0.2425    -0.233113    -0.195987   -0.0493417   -0.0122178  -0.00283475  -0.00047634  0.000104918  0.000238152  0.000259934   0.00025542  0.000246095   0.00023733  0.000230428  0.000225674  0.000223111   0.00022273  0.000224523  0.000228497  0.000234672  0.000243086  0.000253787  0.000266826  0.000282207  0.000299687  0.000318011  0.000331854  0.000319782  0.000196688 -0.000373944  -0.00272119   -0.0120925   -0.0492039    -0.195837    -0.232948     -0.24232    -0.244668     -0.24524    -0.245364    -0.245378    -0.245366     -0.24535    -0.245335    -0.245322    -0.245312    -0.245305      -0.2453    -0.245299    -0.245299    -0.245303    -0.245309    -0.245318    -0.245329    -0.245344     -0.24536    -0.245379    -0.245393    -0.245381    -0.245259     -0.24469    -0.242345    -0.232976    -0.195868    -0.049239   -0.0121315  -0.00276436 -0.000420832  0.000148851  0.000283258  0.000356491  0.000602174    0.0016282
   0.0636102    0.0221165    0.0111808   0.00801499   0.00684452   0.00620463   0.00572246   0.00530188   0.00491692   0.00455954   0.00422632   0.00391508   0.00362407   0.00335169   0.00309648   0.00285706   0.00263212   0.00242045    0.0022209   0.00203239   0.00185397   0.00168499    0.0015259   0.00138124   0.00127175   0.00128188   0.00174752   0.00399719    0.0132778    0.0503049     0.196859     0.233898     0.243202     0.245487        0.246      0.24607     0.246033     0.245974     0.245913     0.245857     0.245807     0.245761     0.245721     0.245685     0.245654     0.245628     0.245606     0.245588     0.245574     0.245564     0.245559     0.245557     0.245557     0.245554     0.245526     0.245388     0.244804     0.242444     0.233061     0.195939    0.0492965    0.0121755   0.00279498  0.000438887 -0.000140278 -0.000271639 -0.000291758 -0.000285786 -0.000275202 -0.000265372 -0.000257598 -0.000252162 -0.000249106 -0.000248423 -0.000250108  -0.00025417 -0.000260635 -0.000269545 -0.000280958 -0.000294935 -0.000311489 -0.000330392 -0.000350401 -0.000366209   -0.0003564 -0.000235889  0.000331817   0.00267577    0.0120434    0.0491507     0.195779     0.232885     0.242252     0.244594     0.245159      0.24528     0.245302     0.245343     0.245564     0.246515
   0.0220658    0.0111209   0.00795605   0.00678892   0.00615275   0.00567421   0.00525701   0.00487522   0.00452078   0.00419029   0.00388159   0.00359293   0.00332273   0.00306955   0.00283201   0.00260882   0.00239877   0.00220072    0.0020136   0.00183647   0.00166868   0.00151069   0.00136707   0.00125857   0.00126974    0.0017369    0.0039901    0.0132825    0.0503539     0.197081     0.234164      0.24348     0.245768     0.246282     0.246353     0.246316     0.246257     0.246197     0.246141     0.246091     0.246046     0.246005      0.24597     0.245939     0.245913     0.245891     0.245874      0.24586     0.245851     0.245845     0.245843     0.245844     0.245841     0.245813     0.245675     0.245091     0.242732     0.233349     0.196227     0.049584     0.012463   0.00308258  0.000726564  0.000147476  1.61898e-05 -3.85544e-06  2.19043e-06   1.2848e-05  2.27511e-05  3.06001e-05  3.61112e-05   3.9244e-05  4.00056e-05  3.84017e-05  3.44238e-05  2.80465e-05  1.92272e-05  7.90861e-06 -5.96867e-06 -2.24176e-05 -4.12093e-05 -6.11011e-05 -7.67854e-05 -6.68444e-05  5.38071e-05  0.000621663   0.00296578    0.0123336    0.0494411     0.196069     0.233176     0.242542     0.244885      0.24545     0.245568     0.245577     0.245571     0.245604     0.245808     0.246693
   0.0111082    0.0079411   0.00677422   0.00613889   0.00566127   0.00524498   0.00486403   0.00451038   0.00418062    0.0038726   0.00358457   0.00331497   0.00306233    0.0028253   0.00260258   0.00239297   0.00219532   0.00200857   0.00183179   0.00166433   0.00150663   0.00136329   0.00125505    0.0012665   0.00173404    0.0039881    0.0132832     0.050365     0.197132     0.234226     0.243544     0.245833     0.246348     0.246418     0.246382     0.246323     0.246263     0.246207     0.246157     0.246112     0.246072     0.246036     0.246006      0.24598     0.245958      0.24594     0.245927     0.245917     0.245912      0.24591      0.24591     0.245907      0.24588     0.245742     0.245158     0.242799     0.233416     0.196294     0.049651    0.0125301   0.00314967  0.000793688  0.000214636   8.3388e-05  6.33815e-05  6.94673e-05  8.01664e-05  9.01127e-05  9.80069e-05  0.000103566  0.000106748  0.000107563  0.000106014  0.000102096  9.57811e-05  8.70285e-05  7.57812e-05  6.19799e-05  4.56122e-05  2.69073e-05  7.10853e-06 -8.47619e-06  1.57164e-06  0.000122338  0.000690317   0.00303456    0.0124025    0.0495101     0.196138     0.233245     0.242612     0.244954      0.24552     0.245637     0.245644     0.245627     0.245615     0.245644     0.245834     0.246657
  0.00794099   0.00677409   0.00613876   0.00566114   0.00524486   0.00486393   0.00451029   0.00418053   0.00387252    0.0035845    0.0033149   0.00306227   0.00282524   0.00260252   0.00239292   0.00219527   0.00200853   0.00183175   0.00166429   0.00150661   0.00136326   0.00125503   0.00126649   0.00173403    0.0039881    0.0132833    0.0503651     0.197133     0.234227     0.243545     0.245834     0.246348     0.246419     0.246383     0.246324     0.246264     0.246208     0.246158     0.246113     0.246073     0.246037     0.246007     0.245981     0.245959     0.245941     0.245928     0.245918     0.245913     0.245911     0.245911     0.245908     0.245881     0.245743     0.245159       0.2428     0.233417     0.196295    0.0496521    0.0125312   0.00315078  0.000794816  0.000215785  8.45588e-05  6.45758e-05   7.0687e-05  8.14133e-05   9.1389e-05  9.93148e-05  0.000104907  0.000108127  0.000108981  0.000107475  0.000103602  9.73368e-05  8.86374e-05  7.74473e-05  6.37077e-05  4.74063e-05   2.8773e-05  9.05128e-06 -6.45046e-06  3.68677e-06  0.000124549  0.000692632   0.00303699     0.012405    0.0495128     0.196141     0.233248     0.242615     0.244958     0.245523     0.245641     0.245647     0.245628     0.245606     0.245593      0.24562     0.245797     0.246563
 0.00677589   0.0061409  0.00566325  0.00524685  0.00486578  0.00451201  0.00418214  0.00387401  0.00358589  0.00331619  0.00306347  0.00282636  0.00260356  0.00239388  0.00219618  0.00200937  0.00183253  0.00166502  0.00150729   0.0013639  0.00125562  0.00126704  0.00173452  0.00398849   0.0132833    0.050364    0.197127    0.234219    0.243537    0.245826    0.246341    0.246411    0.246375    0.246316    0.246256    0.246201     0.24615    0.246105    0.246065     0.24603    0.245999    0.245973    0.245951    0.245933     0.24592     0.24591    0.245905    0.245903    0.245903    0.245901    0.245873    0.245735    0.245151    0.242792    0.233409    0.196287   0.0496443   0.0125234  0.00314305 0.000787102 0.000208086 7.68766e-05 5.69118e-05 6.30429e-05 7.37911e-05 8.37904e-05 9.17419e-05 9.73625e-05 0.000100612 0.000101499 0.000100029 9.61941e-05 8.99705e-05 8.13159e-05 7.01743e-05  5.6487e-05 4.02421e-05 2.16697e-05 2.01379e-06 -1.3417e-05 -3.2033e-06 0.000117742 0.000685914  0.00303037   0.0123985   0.0495064    0.196135    0.233242    0.242609    0.244952    0.245517    0.245635    0.245642    0.245622    0.245597    0.245576    0.245564    0.245589    0.245755    0.246467
  0.00614234   0.00566495   0.00524852   0.00486736   0.00451349   0.00418351   0.00387529   0.00358707   0.00331729    0.0030645   0.00282731   0.00260445   0.00239471   0.00219695   0.00201009    0.0018332   0.00166565   0.00150787   0.00136444   0.00125613   0.00126751   0.00173495   0.00398883    0.0132834    0.0503631     0.197123     0.234214     0.243532     0.245821     0.246335     0.246406     0.246369      0.24631     0.246251     0.246195     0.246145     0.246099     0.246059     0.246024     0.245993     0.245967     0.245945     0.245928     0.245914     0.245905     0.245899     0.245897     0.245898     0.245895     0.245867      0.24573     0.245146     0.242786     0.233403     0.196281    0.0496386    0.0125178    0.0031374  0.000781467  0.000202464   7.1269e-05  5.13199e-05  5.74682e-05  6.82351e-05  7.82549e-05  8.62286e-05  9.18732e-05   9.5149e-05  9.60639e-05  9.46244e-05   9.0823e-05  8.46351e-05  7.60192e-05  6.49194e-05  5.12772e-05   3.5081e-05  1.65611e-05 -3.03815e-06 -1.84078e-05 -8.12818e-06  0.000112888  0.000681136   0.00302567    0.0123939    0.0495019     0.196131     0.233238     0.242605     0.244948     0.245514     0.245631     0.245638     0.245618     0.245593     0.245569     0.245549     0.245539     0.245563     0.245717      0.24638
  0.00566559   0.00524927    0.0048681   0.00451418   0.00418416   0.00387589   0.00358764   0.00331782   0.00306498   0.00282777   0.00260488   0.00239511   0.00219731   0.00201043   0.00183352   0.00166595   0.00150815    0.0013647   0.00125637   0.00126773   0.00173516     0.003989    0.0132835    0.0503628     0.197121     0.234212      0.24353     0.245819     0.246333     0.246404     0.246367     0.246308     0.246248     0.246193     0.246142     0.246097     0.246057     0.246022     0.245991     0.245965     0.245943     0.245925     0.245912     0.245903     0.245897     0.245895     0.245896     0.245893     0.245865     0.245728     0.245144     0.242784     0.233401     0.196279    0.0496365    0.0125156   0.00313528  0.000779356  0.000200365  6.91825e-05  4.92476e-05  5.54113e-05  6.61949e-05  7.62328e-05  8.42261e-05   8.9892e-05  9.31907e-05  9.41303e-05  9.27175e-05  8.89449e-05  8.27882e-05   7.4206e-05  6.31424e-05  4.95393e-05  3.33853e-05   1.4911e-05 -4.63928e-06 -1.99561e-05 -9.61946e-06  0.000111458  0.000679773   0.00302438    0.0123927    0.0495008      0.19613     0.233237     0.242604     0.244947     0.245513     0.245631     0.245638     0.245618     0.245593     0.245569     0.245547     0.245528     0.245519     0.245541     0.245685     0.246302
  0.00524755   0.00486605   0.00451217   0.00418227   0.00387413   0.00358599   0.00331629   0.00306356   0.00282645   0.00260365   0.00239397   0.00219626   0.00200945   0.00183261    0.0016651   0.00150736   0.00136397   0.00125569    0.0012671   0.00173459   0.00398853    0.0132833    0.0503637     0.197126     0.234218     0.243536     0.245825     0.246339      0.24641     0.246373     0.246314     0.246255     0.246199     0.246149     0.246103     0.246063     0.246028     0.245997     0.245971     0.245949     0.245932     0.245918     0.245909     0.245904     0.245902     0.245902     0.245899     0.245872     0.245734      0.24515      0.24279     0.233408     0.196286    0.0496431    0.0125222   0.00314186  0.000785948  0.000206971  7.58027e-05  5.58831e-05  6.20629e-05  7.28635e-05  8.29194e-05  9.09318e-05   9.6618e-05  9.99384e-05  0.000100901  9.95132e-05   9.5767e-05  8.96386e-05  8.10867e-05  7.00556e-05  5.64874e-05  4.03709e-05  2.19367e-05  2.42966e-06 -1.28407e-05 -2.45417e-06  0.000118677  0.000687049   0.00303172    0.0124001    0.0495082     0.196137     0.233245     0.242612     0.244955     0.245521     0.245639     0.245646     0.245626     0.245602     0.245577     0.245555     0.245534     0.245517     0.245509      0.24553     0.245664     0.246238
 0.00485943  0.00450434  0.00417456  0.00386686  0.00357921  0.00330999   0.0030577    0.002821  0.00259859  0.00238926  0.00219188  0.00200538  0.00182883  0.00166158  0.00150409  0.00136093  0.00125287  0.00126449  0.00173221  0.00398654   0.0132823   0.0503663    0.197142    0.234238    0.243557    0.245846    0.246361    0.246431    0.246395    0.246336    0.246276    0.246221     0.24617    0.246125    0.246085     0.24605    0.246019    0.245993    0.245972    0.245954    0.245941    0.245931    0.245926    0.245924    0.245924    0.245922    0.245894    0.245757    0.245173    0.242813     0.23343    0.196308   0.0496656   0.0125448  0.00316443  0.00080854 0.000229584 9.84367e-05 7.85378e-05 8.47386e-05 9.55604e-05 0.000105638 0.000113672 0.000119382 0.000122725 0.000123713  0.00012235 0.000118631 0.000112531 0.000104008 9.30082e-05  7.9473e-05 6.33915e-05 4.49946e-05 2.55271e-05  1.0299e-05 2.07306e-05  0.00014191 0.000710334  0.00305506   0.0124235   0.0495317    0.196161    0.233268    0.242636    0.244979    0.245545    0.245663     0.24567     0.24565    0.245626    0.245602    0.245579    0.245558     0.24554    0.245524    0.245516    0.245536    0.245661    0.246196
 0.00449079  0.00415854   0.0038511  0.00356435  0.00329612   0.0030448    0.002809  0.00258744  0.00237889  0.00218224  0.00199642   0.0018205  0.00165383  0.00149688  0.00135423  0.00124664  0.00125872  0.00172695  0.00398207   0.0132798   0.0503706    0.197172    0.234275    0.243596    0.245886      0.2464    0.246471    0.246435    0.246377    0.246317    0.246262    0.246211    0.246166    0.246126    0.246091    0.246061    0.246035    0.246013    0.245996    0.245982    0.245973    0.245968    0.245966    0.245966    0.245964    0.245936    0.245799    0.245215    0.242855    0.233473    0.196351   0.0497081   0.0125873  0.00320701  0.00085116 0.000272236  0.00014112 0.000121252 0.000127483 0.000138334 0.000148441 0.000156504 0.000162242 0.000165615 0.000166631 0.000165298 0.000161608 0.000155538 0.000147047 0.000136079 0.000122577 0.000106531 8.81702e-05 6.87409e-05 5.35528e-05 6.40268e-05 0.000185251 0.000753722   0.0030985    0.012467   0.0495753    0.196204    0.233312    0.242679    0.245022    0.245589    0.245707    0.245714    0.245694     0.24567    0.245646    0.245624    0.245603    0.245584    0.245567    0.245552    0.245546    0.245565    0.245681    0.246179
 0.00413808  0.00382691  0.00354055  0.00327367  0.00302385  0.00278951  0.00256932  0.00236205  0.00216659  0.00198187  0.00180697  0.00164125  0.00148518  0.00134335  0.00123653  0.00124935  0.00171837  0.00397469   0.0132753   0.0503757    0.197214    0.234326    0.243649     0.24594    0.246456    0.246527    0.246491    0.246433    0.246374    0.246318    0.246268    0.246224    0.246184    0.246149    0.246119    0.246093    0.246071    0.246054    0.246041    0.246032    0.246026    0.246025    0.246025    0.246023    0.245995    0.245858    0.245274    0.242915    0.233532     0.19641   0.0497675   0.0126468  0.00326656 0.000910753 0.000331877 0.000200806 0.000180981 0.000187252 0.000198143 0.000208288 0.000216388 0.000222162  0.00022557  0.00022662 0.000225321 0.000221666  0.00021563 0.000207173  0.00019624 0.000182773 0.000166762 0.000148439 0.000129047 0.000113898 0.000124413  0.00024568 0.000814196  0.00315902   0.0125276   0.0496359    0.196265    0.233373     0.24274    0.245083     0.24565    0.245768    0.245775    0.245756    0.245731    0.245707    0.245685    0.245664    0.245645    0.245628    0.245612    0.245599    0.245593    0.245611    0.245719    0.246183
 0.00380232  0.00351147  0.00324507  0.00299688  0.00276434   0.0025459  0.00234028  0.00214635  0.00196306  0.00178947  0.00162499  0.00147006  0.00132929  0.00122346  0.00123723  0.00170727  0.00396502    0.013269   0.0503802    0.197259    0.234382    0.243709    0.246001    0.246517    0.246588    0.246553    0.246495    0.246436    0.246381    0.246332    0.246287    0.246248    0.246213    0.246183    0.246157    0.246136    0.246119    0.246106    0.246097    0.246092     0.24609    0.246091    0.246088    0.246061    0.245924     0.24534    0.242981    0.233598    0.196476   0.0498337   0.0127131  0.00333289 0.000977144 0.000398326  0.00026731 0.000247536 0.000253857 0.000264795 0.000274984 0.000283128 0.000288943 0.000292391  0.00029348 0.000292219 0.000288601 0.000282601  0.00027418 0.000263283 0.000249853 0.000233878 0.000215591 0.000196237 0.000181127 0.000191681 0.000312988 0.000881546  0.00322641    0.012595   0.0497034    0.196332     0.23344    0.242808    0.245151    0.245717    0.245836    0.245843    0.245824    0.245799    0.245776    0.245753    0.245733    0.245714    0.245696     0.24568    0.245666    0.245654    0.245649    0.245666    0.245767    0.246198
 0.00348797  0.00321727  0.00296954  0.00273855  0.00252184  0.00231789  0.00212554  0.00194371  0.00177149  0.00160827  0.00145452  0.00131483  0.00121003  0.00122478  0.00169583  0.00395497   0.0132619   0.0503829    0.197298    0.234431     0.24376    0.246053     0.24657    0.246642    0.246607    0.246549    0.246491    0.246436    0.246387    0.246343    0.246304    0.246269    0.246239    0.246214    0.246193    0.246176    0.246163    0.246154    0.246149    0.246148    0.246149    0.246146    0.246119    0.245982    0.245398    0.243039    0.233656    0.196535   0.0498924   0.0127718  0.00339168    0.001036 0.000457241  0.00032628 0.000306559  0.00031293 0.000323914 0.000334148 0.000342334  0.00034819 0.000351677 0.000352805  0.00035158 0.000347998 0.000342034 0.000333647 0.000322784 0.000309388 0.000293447 0.000275194 0.000255875 0.000240799 0.000251389 0.000372733 0.000941329  0.00328623   0.0126549   0.0497633    0.196392      0.2335    0.242868    0.245211    0.245777    0.245896    0.245903    0.245884     0.24586    0.245836    0.245814    0.245793    0.245775    0.245757    0.245741    0.245727    0.245714    0.245703    0.245698    0.245714    0.245808     0.24621
 0.00320126  0.00295061  0.00271994  0.00250427   0.0023015  0.00211029  0.00192953  0.00175831  0.00159602  0.00144313  0.00130425  0.00120019  0.00121565  0.00168744  0.00394753   0.0132565   0.0503837    0.197322    0.234461    0.243792    0.246086    0.246603    0.246676    0.246641    0.246583    0.246525    0.246471    0.246422    0.246378    0.246339    0.246305    0.246275     0.24625    0.246229    0.246212    0.246199     0.24619    0.246186    0.246184    0.246185    0.246183    0.246156    0.246019    0.245435    0.243076    0.233693    0.196572   0.0499295   0.0128089  0.00342884  0.00107321 0.000494492 0.000363572  0.00034389 0.000350298 0.000361318 0.000371586 0.000379804 0.000385691 0.000389208 0.000390365 0.000389169 0.000385614 0.000379677 0.000371318 0.000360482 0.000347113 0.000331199 0.000312974 0.000293682 0.000278635 0.000289254 0.000410628 0.000979255  0.00332419   0.0126929   0.0498013    0.196431    0.233538    0.242906    0.245249    0.245816    0.245934    0.245941    0.245922    0.245898    0.245875    0.245852    0.245832    0.245813    0.245796     0.24578    0.245766    0.245752    0.245741    0.245731    0.245726    0.245741    0.245829    0.246203
 0.00294835  0.00271727  0.00250165  0.00229903  0.00210798  0.00192739  0.00175632  0.00159416   0.0014414  0.00130264   0.0011987  0.00121427  0.00168617   0.0039464   0.0132557   0.0503837    0.197325    0.234464    0.243796     0.24609    0.246607     0.24668    0.246645    0.246588     0.24653    0.246475    0.246426    0.246382    0.246343    0.246309    0.246279    0.246254    0.246233    0.246217    0.246204    0.246195     0.24619    0.246189     0.24619    0.246188    0.246161    0.246024     0.24544    0.243081    0.233698    0.196577   0.0499344   0.0128138  0.00343379  0.00107816 0.000499454 0.000368545 0.000348872  0.00035529 0.000366319 0.000376597 0.000384825 0.000390723  0.00039425 0.000395418 0.000394233  0.00039069 0.000384765 0.000376418 0.000365596  0.00035224 0.000336341 0.000318132 0.000298857 0.000283827 0.000294465 0.000415859 0.000984508  0.00332947   0.0126982   0.0498066    0.196436    0.233544    0.242911    0.245255    0.245821     0.24594    0.245947    0.245928    0.245904     0.24588    0.245858    0.245838    0.245819    0.245802    0.245786    0.245772    0.245759    0.245746    0.245736    0.245727    0.245723    0.245737    0.245819    0.246166
 0.00273421  0.00252168  0.00231873  0.00212657  0.00194473  0.00177245  0.00160917  0.00145535  0.00131561  0.00121075  0.00122545  0.00169648  0.00395565   0.0132629   0.0503851    0.197305    0.234439    0.243769    0.246062    0.246579    0.246651    0.246616    0.246558      0.2465    0.246445    0.246396    0.246351    0.246312    0.246278    0.246248    0.246223    0.246201    0.246184    0.246172    0.246163    0.246158    0.246156    0.246157    0.246155    0.246128     0.24599    0.245407    0.243047    0.233665    0.196543   0.0499009   0.0127803  0.00340024  0.00104457  0.00046582  0.00033487  0.00031516 0.000321542 0.000332541  0.00034279 0.000350993 0.000356867 0.000360374 0.000361523 0.000360322 0.000356765 0.000350829 0.000342473 0.000331642 0.000318281 0.000302378 0.000284167 0.000264892 0.000249864 0.000260506 0.000381906 0.000950562  0.00329553   0.0126642   0.0497727    0.196402     0.23351    0.242878    0.245221    0.245787    0.245906    0.245913    0.245894     0.24587    0.245847    0.245825    0.245804    0.245786    0.245769    0.245753    0.245739    0.245725    0.245713    0.245702    0.245692    0.245684    0.245681    0.245694     0.24577    0.246094
 0.00256057  0.00236472  0.00217179  0.00198739  0.00181226  0.00164621  0.00148979  0.00134762   0.0012405  0.00125306  0.00172197  0.00397862   0.0132814   0.0503909    0.197266    0.234387    0.243713    0.246004     0.24652    0.246591    0.246555    0.246496    0.246437    0.246382    0.246332    0.246287    0.246247    0.246212    0.246181    0.246156    0.246134    0.246117    0.246103    0.246094    0.246089    0.246087    0.246088    0.246085    0.246058     0.24592    0.245336    0.242977    0.233594    0.196472   0.0498298   0.0127091  0.00332883  0.00097303 0.000394163 0.000263105 0.000243296 0.000249587   0.0002605 0.000270671 0.000278802  0.00028461 0.000288056 0.000289149 0.000287897 0.000284294 0.000278315 0.000269921 0.000259056 0.000245664 0.000229734 0.000211499 0.000192203 0.000177158 0.000187785 0.000309173 0.000877821  0.00322278   0.0125915      0.0497    0.196329    0.233437    0.242805    0.245148    0.245715    0.245833    0.245841    0.245822    0.245798    0.245774    0.245752    0.245732    0.245713    0.245696    0.245681    0.245666    0.245653    0.245641     0.24563     0.24562    0.245611    0.245603      0.2456    0.245613    0.245684    0.245985
  0.0024248  0.00224285  0.00205728  0.00187819  0.00170772  0.00154702  0.00140083  0.00128995  0.00129897  0.00176438  0.00401702    0.013313    0.050404    0.197214    0.234316    0.243636    0.245924    0.246438    0.246507     0.24647     0.24641    0.246349    0.246293    0.246241    0.246196    0.246155    0.246119    0.246088    0.246061    0.246038     0.24602    0.246007    0.245997    0.245991    0.245989    0.245989    0.245986    0.245958     0.24582    0.245236    0.242876    0.233493    0.196371   0.0497281   0.0126071  0.00322665 0.000870644 0.000291581 0.000160342 0.000140365   0.0001465  0.00015727 0.000167307 0.000175314 0.000181008 0.000184348 0.000185345 0.000184003 0.000180317 0.000174262 0.000165798 0.000154869 0.000141419 0.000125436 0.000107153 8.78137e-05 7.27298e-05 8.33223e-05  0.00020468 0.000773301  0.00311824   0.0124869   0.0495954    0.196225    0.233333      0.2427    0.245044     0.24561    0.245729    0.245736    0.245717    0.245693     0.24567    0.245648    0.245627    0.245609    0.245592    0.245576    0.245562    0.245549    0.245537    0.245526    0.245516    0.245506    0.245498    0.245491    0.245489      0.2455    0.245567    0.245847
   0.0023226    0.0021516   0.00197095   0.00179523   0.00162868   0.00147681   0.00136056   0.00136453   0.00182501   0.00407209    0.0133591    0.0504267     0.197155     0.234235     0.243547     0.245831     0.246342     0.246409     0.246369     0.246307     0.246244     0.246186     0.246133     0.246086     0.246044     0.246006     0.245974     0.245946     0.245923     0.245904     0.245889     0.245878     0.245872     0.245869     0.245868     0.245864     0.245836     0.245697     0.245113     0.242752     0.233369     0.196246    0.0496033     0.012482    0.0031012  0.000744887  0.000165544   3.4044e-05  1.38249e-05   1.9736e-05  3.02973e-05  4.01419e-05    4.797e-05  5.34979e-05  5.66851e-05  5.75391e-05  5.60662e-05  5.22585e-05  4.60917e-05  3.75242e-05  2.65005e-05  1.29626e-05 -3.10055e-06 -2.14579e-05 -4.08643e-05 -5.60095e-05 -4.54727e-05  7.58347e-05   0.00064441   0.00298931     0.012358    0.0494664     0.196096     0.233204     0.242571     0.244914     0.245481       0.2456     0.245607     0.245588     0.245564      0.24554     0.245518     0.245498      0.24548     0.245463     0.245447     0.245433      0.24542     0.245408     0.245397     0.245387     0.245378     0.245369     0.245362     0.245355     0.245353     0.245364     0.245426     0.245687
  0.00226211   0.00210165   0.00192378   0.00174994   0.00158995   0.00146581   0.00146229   0.00191546   0.00415452    0.0134291    0.0504659     0.197089     0.234139      0.24344     0.245719     0.246225     0.246288     0.246245      0.24618     0.246115     0.246054     0.245998     0.245949     0.245904     0.245865     0.245831     0.245801     0.245776     0.245756      0.24574     0.245728      0.24572     0.245716     0.245714      0.24571      0.24568     0.245541     0.244956     0.242595     0.233211     0.196087    0.0494437    0.0123218   0.00294053   0.00058377  4.00617e-06 -0.000127884 -0.000148465  -0.00014289 -0.000132641 -0.000123087 -0.000115527 -0.000110249 -0.000107293 -0.000106654 -0.000108325 -0.000112317 -0.000118655  -0.00012738  -0.00013855 -0.000152222  -0.00016841 -0.000186882 -0.000206394 -0.000221637 -0.000211189 -8.99631e-05  0.000478538   0.00282337     0.012192    0.0493003     0.195929     0.233037     0.242405     0.244748     0.245315     0.245433     0.245441     0.245422     0.245398     0.245374     0.245352     0.245332     0.245313     0.245296     0.245281     0.245267     0.245254     0.245242     0.245231     0.245221     0.245211     0.245203     0.245195     0.245188     0.245183     0.245181     0.245191     0.245249     0.245491
  0.00226009   0.00211115   0.00193423   0.00176378   0.00162799   0.00161304   0.00205507   0.00428209     0.013539    0.0505335     0.197016     0.234024      0.24331      0.24558      0.24608     0.246138     0.246089      0.24602      0.24595     0.245885     0.245826     0.245772     0.245725     0.245682     0.245645     0.245613     0.245586     0.245563     0.245545     0.245531     0.245521     0.245515     0.245512     0.245506     0.245475     0.245335     0.244748     0.242386     0.233001     0.195877    0.0492326    0.0121099   0.00272785  0.000370386 -0.000210027 -0.000342521 -0.000363663 -0.000358609 -0.000348844 -0.000339738 -0.000332596 -0.000327705 -0.000325108 -0.000324802 -0.000326784 -0.000331063 -0.000337666 -0.000346639 -0.000358037 -0.000371922 -0.000388306 -0.000406959 -0.000426639 -0.000442037 -0.000431732 -0.000310639  0.000257741   0.00260246     0.011971    0.0490792     0.195708     0.232816     0.242184     0.244527     0.245093     0.245212     0.245219       0.2452     0.245176     0.245152      0.24513      0.24511     0.245092     0.245075     0.245059     0.245045     0.245032      0.24502     0.245009     0.244999      0.24499     0.244981     0.244974     0.244967      0.24496     0.244955     0.244953     0.244963     0.245017     0.245243
  0.00260046   0.00251281   0.00233274   0.00216453   0.00211339   0.00251973   0.00471097    0.0139257     0.050846     0.197121      0.23406     0.243311     0.245557     0.246036     0.246075      0.24601     0.245924      0.24584     0.245761     0.245689     0.245624     0.245566     0.245513     0.245467     0.245426      0.24539      0.24536     0.245335     0.245314     0.245298     0.245287     0.245279     0.245268     0.245232     0.245088     0.244497     0.242132     0.232743     0.195616    0.0489687    0.0118434   0.00245895  9.92895e-05 -0.000483131 -0.000617451 -0.000640246 -0.000636679 -0.000628239 -0.000620303 -0.000614177 -0.000610151 -0.000608271 -0.000608533 -0.000610933 -0.000615478 -0.000622194 -0.000631119 -0.000642306 -0.000655809 -0.000671633 -0.000689538  -0.00070827 -0.000722507 -0.000710817 -0.000588096 -1.78279e-05   0.00232906       0.0117    0.0488111     0.195443     0.232555     0.241926     0.244274     0.244845     0.244969     0.244982      0.24497     0.244953     0.244938     0.244925     0.244915     0.244907     0.244902       0.2449       0.2449     0.244903     0.244908     0.244916     0.244927     0.244941     0.244957     0.244974     0.244988     0.244978     0.244863     0.244323     0.242099      0.23321        0.198     0.058867
  0.00297865   0.00288363   0.00270629   0.00262409   0.00299487   0.00514743    0.0143092    0.0511143     0.197023      0.23385     0.243056     0.245275     0.245733     0.245753      0.24567     0.245568     0.245469     0.245376     0.245292     0.245214     0.245145     0.245082     0.245026     0.244976     0.244932     0.244894     0.244861     0.244834     0.244812     0.244795     0.244781     0.244765     0.244726     0.244577     0.243982     0.241613     0.232221     0.195091    0.0484405    0.0113125   0.00192555 -0.000436446  -0.00102103  -0.00115736    -0.001182  -0.00118015  -0.00117329  -0.00116682  -0.00116203  -0.00115925   -0.0011585  -0.00115981  -0.00116316  -0.00116857  -0.00117608  -0.00118572  -0.00119755  -0.00121163  -0.00122797  -0.00124632  -0.00126545  -0.00128002  -0.00126861  -0.00114611 -0.000576021   0.00177074    0.0111416    0.0482527     0.194885     0.231996     0.241368     0.243716     0.244287     0.244412     0.244425     0.244413     0.244397     0.244382      0.24437      0.24436     0.244353     0.244349     0.244347     0.244349     0.244352     0.244359     0.244368     0.244381     0.244396     0.244413     0.244432     0.244447     0.244437     0.244316     0.243749     0.241408      0.23205     0.194984    0.0485164    0.0120405
  0.00366376   0.00362874   0.00353084   0.00384802    0.0059348    0.0150072    0.0516267     0.196959     0.233608     0.242738      0.24491     0.245329     0.245315     0.245201      0.24507     0.244943     0.244826     0.244718     0.244619     0.244529     0.244447     0.244374     0.244308     0.244249     0.244197     0.244151     0.244112     0.244079     0.244052     0.244028     0.244003     0.243955     0.243799     0.243197     0.240821     0.231423     0.194287     0.047631     0.010498   0.00110641  -0.00125989  -0.00184847  -0.00198851  -0.00201661  -0.00201796  -0.00201408  -0.00201036  -0.00200815  -0.00200775  -0.00200922  -0.00201258  -0.00201784  -0.00202503  -0.00203418  -0.00204535   -0.0020586  -0.00207399  -0.00209155  -0.00211104  -0.00213121  -0.00214675  -0.00213624  -0.00201458  -0.00144525    0.0009008     0.010271    0.0473815     0.194013     0.231124     0.240495     0.242843     0.243414     0.243538     0.243551     0.243539     0.243522     0.243507     0.243494     0.243485     0.243477     0.243473     0.243471     0.243473     0.243476     0.243483     0.243492     0.243504     0.243519     0.243537     0.243556     0.243571     0.243561      0.24344     0.242872     0.240527     0.231156     0.194033    0.0473399   0.00997572 -0.000410772
  0.00491294   0.00504874   0.00533766   0.00732668    0.0162532    0.0525772     0.197019     0.233383     0.242387     0.244476     0.244828     0.244753     0.244583     0.244401     0.244226     0.244064     0.243915     0.243778     0.243652     0.243537     0.243433     0.243338     0.243253     0.243176     0.243108     0.243047     0.242994     0.242948     0.242908     0.242867     0.242804     0.242634     0.242019     0.239631     0.230222     0.193076    0.0464105   0.00926862 -0.000131173  -0.00250511   -0.0031008  -0.00324743  -0.00328166  -0.00328871  -0.00329013  -0.00329134   -0.0032937  -0.00329755  -0.00330298  -0.00331001  -0.00331869  -0.00332905  -0.00334116  -0.00335507  -0.00337087  -0.00338864  -0.00340841  -0.00342995  -0.00345203  -0.00346935   -0.0034605  -0.00334038  -0.00277249 -0.000427776   0.00894121    0.0460505     0.192681     0.229791     0.239161     0.241508     0.242078     0.242201     0.242214     0.242201     0.242184     0.242168     0.242155     0.242144     0.242137     0.242132      0.24213      0.24213     0.242134      0.24214     0.242149      0.24216     0.242175     0.242192     0.242211     0.242226     0.242215     0.242094     0.241525     0.239181     0.229812     0.192699    0.0460498   0.00885685 -0.000852374  -0.00455107
 0.00717238  0.00784421  0.00977183   0.0184788   0.0543333    0.197385    0.233294    0.242086    0.244031    0.244264    0.244081    0.243812    0.243538    0.243278    0.243036    0.242813    0.242608    0.242418    0.242245    0.242085     0.24194    0.241807    0.241686    0.241576    0.241478     0.24139    0.241311     0.24124    0.241171    0.241081    0.240887    0.240249     0.23784    0.228412    0.191247   0.0445648  0.00740722 -0.00200722 -0.00439477  -0.0050031 -0.00516149 -0.00520664 -0.00522383 -0.00523468 -0.00524465 -0.00525516 -0.00526658 -0.00527904 -0.00529262 -0.00530737 -0.00532339 -0.00534074 -0.00535954 -0.00537988 -0.00540187 -0.00542556 -0.00545076 -0.00547624 -0.00549672 -0.00549081 -0.00537342 -0.00480808 -0.00246574  0.00690104   0.0440083    0.190637    0.227745    0.237114    0.239459    0.240027    0.240149     0.24016    0.240146    0.240128    0.240111    0.240097    0.240086    0.240077    0.240071    0.240069    0.240068    0.240071    0.240076    0.240085    0.240096     0.24011    0.240126    0.240144    0.240159    0.240147    0.240025    0.239457    0.237112    0.227743    0.190634   0.0440007  0.00687201 -0.00258156 -0.00526913 -0.00720048
  0.0112996    0.013829   0.0223483   0.0574992    0.198421    0.233608    0.242048    0.243746     0.24377    0.243399    0.242956     0.24252     0.24211    0.241729    0.241377    0.241051     0.24075    0.240473    0.240217    0.239982    0.239765    0.239567    0.239386    0.239221     0.23907    0.238934    0.238809     0.23869    0.238555    0.238317     0.23764    0.235194    0.225731    0.188534   0.0418222  0.00463691 -0.00480323 -0.00721465 -0.00784517 -0.00802417 -0.00808848 -0.00812348 -0.00815087 -0.00817622 -0.00820101 -0.00822571 -0.00825051 -0.00827555 -0.00830096 -0.00832688 -0.00835344 -0.00838079 -0.00840909 -0.00843847 -0.00846904 -0.00850062 -0.00853204 -0.00855805 -0.00855727 -0.00844466 -0.00788376 -0.00554555  0.00381738    0.040921    0.187546    0.224651    0.234017    0.236359    0.236926    0.237045    0.237054    0.237038    0.237018    0.236999    0.236983     0.23697     0.23696    0.236953    0.236949    0.236948    0.236949    0.236954    0.236961    0.236971    0.236984       0.237    0.237017     0.23703    0.237018    0.236895    0.236326     0.23398    0.224611    0.187503   0.0408726  0.00376005 -0.00562766 -0.00805301 -0.00894692  -0.0103628
   0.0192278    0.0285642    0.0629133     0.200731     0.234822     0.242697     0.243986     0.243658     0.242968     0.242229      0.24152     0.240856      0.24024     0.239668     0.239138     0.238648     0.238195     0.237776     0.237389     0.237031     0.236702     0.236399     0.236121     0.235865     0.235631     0.235416     0.235213     0.234999     0.234688     0.233943     0.231434     0.221913     0.184662    0.0378996  0.000667481  -0.00881619   -0.0112681   -0.0119362   -0.0121501   -0.0122469    -0.012312   -0.0123674   -0.0124188   -0.0124678    -0.012515   -0.0125607   -0.0126052   -0.0126486   -0.0126913   -0.0127335   -0.0127753   -0.0128171    -0.012859   -0.0129011   -0.0129435    -0.012985   -0.0130203   -0.0130282   -0.0129237   -0.0123703   -0.0100391 -0.000682639     0.036415     0.183035     0.220134     0.229495     0.231833     0.232395     0.232511     0.232516     0.232497     0.232473     0.232452     0.232433     0.232418     0.232405     0.232396      0.23239     0.232386     0.232386     0.232388     0.232394     0.232403     0.232414     0.232429     0.232444     0.232456     0.232443      0.23232     0.231749     0.229402     0.220032     0.182923     0.036293 -0.000816448    -0.010189   -0.0125517   -0.0131954   -0.0136213   -0.0148442
  0.0363715   0.0712244    0.205082    0.237676    0.244712    0.245361    0.244474    0.243273    0.242063    0.240915    0.239845    0.238851    0.237928    0.237072    0.236279    0.235544    0.234863    0.234233     0.23365    0.233111    0.232613    0.232153     0.23173    0.231339    0.230979     0.23064    0.230301    0.229874    0.229021    0.226411    0.216796    0.179458   0.0326152 -0.00469189  -0.0142453  -0.0167619  -0.0174902    -0.01776  -0.0179087  -0.0180222  -0.0181224  -0.0182155  -0.0183032  -0.0183864  -0.0184656  -0.0185411  -0.0186134   -0.018683  -0.0187501  -0.0188151  -0.0188784  -0.0189403  -0.0190011  -0.0190607  -0.0191183  -0.0191685  -0.0191903  -0.0190987  -0.0185573  -0.0162372 -0.00689111   0.0301969    0.176808    0.213899    0.223252    0.225583    0.226138    0.226247    0.226247    0.226222    0.226194    0.226168    0.226145    0.226125    0.226109    0.226096    0.226086     0.22608    0.226077    0.226077     0.22608    0.226086    0.226095    0.226108    0.226122    0.226132    0.226117    0.225992    0.225419    0.223071      0.2137    0.176589   0.0299583 -0.00715136  -0.0165213    -0.01887  -0.0194553  -0.0196468  -0.0199417  -0.0210585
 0.0789917   0.210489   0.241892   0.248076   0.247998   0.246452   0.244643   0.242868   0.241197    0.23964   0.238193    0.23685   0.235604   0.234448   0.233376   0.232383   0.231462   0.230608   0.229818   0.229087   0.228411   0.227785   0.227208   0.226673   0.226173   0.225684   0.225117   0.224135   0.221405   0.211678   0.174236  0.0272963 -0.0101005 -0.0197373 -0.0223314 -0.0231317 -0.0234685 -0.0236793 -0.0238505 -0.0240045 -0.0241474 -0.0242815 -0.0244077 -0.0245269 -0.0246396 -0.0247465 -0.0248482 -0.0249451 -0.0250378 -0.0251269 -0.0252127 -0.0252958 -0.0253761 -0.0254529  -0.025521 -0.0255594 -0.0254832 -0.0249561 -0.0226493 -0.0133156  0.0237608   0.170361   0.207442   0.216786   0.219108   0.219656   0.219757    0.21975   0.219719   0.219685   0.219653   0.219625     0.2196    0.21958   0.219562   0.219549   0.219539   0.219532   0.219529   0.219529   0.219533    0.21954   0.219549   0.219561   0.219569   0.219552   0.219425   0.218851   0.216501   0.207128   0.170016  0.0233837 -0.0137271 -0.0230974 -0.0254438 -0.0260162 -0.0261533 -0.0262294 -0.0264794 -0.0275161
  -0.0531026   -0.0161832  -0.00663736  -0.00403832  -0.00321082  -0.00284302  -0.00260178  -0.00240195  -0.00222122  -0.00205328  -0.00189587  -0.00174781  -0.00160823  -0.00147636  -0.00135149  -0.00123293  -0.00112004  -0.00101219 -0.000908795 -0.000809289 -0.000713205 -0.000620377 -0.000531797 -0.000452998  -0.00040742 -0.000489184  -0.00107144  -0.00362886   -0.0139846    -0.055128    -0.217816    -0.258965    -0.269332    -0.271907    -0.272512    -0.272623    -0.272613    -0.272576    -0.272536    -0.272498    -0.272464    -0.272435    -0.272409    -0.272387    -0.272369    -0.272355    -0.272344    -0.272336    -0.272332    -0.272332    -0.272335     -0.27234    -0.272348    -0.272351     -0.27233    -0.272198     -0.27162    -0.269265    -0.259887    -0.222769   -0.0761303   -0.0390131   -0.0296361   -0.0272834   -0.0267073   -0.0265789   -0.0265614   -0.0265699   -0.0265828   -0.0265949   -0.0266047    -0.026612   -0.0266168   -0.0266191    -0.026619   -0.0266163   -0.0266112   -0.0266035   -0.0265933   -0.0265804   -0.0265648   -0.0265468   -0.0265277   -0.0265127   -0.0265233   -0.0266445   -0.0272128   -0.0295574   -0.0389256   -0.0760334    -0.222662    -0.259769    -0.269136    -0.271478    -0.272044    -0.272166    -0.272187    -0.272229    -0.272451    -0.273405
 -0.0203292  -0.0115401 -0.00886015 -0.00775894 -0.00708662  -0.0065498 -0.00607224 -0.00563278 -0.00522437 -0.00484363 -0.00448821 -0.00415614  -0.0038456 -0.00355492 -0.00328252 -0.00302693 -0.00278675 -0.00256069  -0.0023475 -0.00214612 -0.00195578  -0.0017768 -0.00161373 -0.00148747 -0.00148355 -0.00194241  -0.0042107  -0.0136073  -0.0511318   -0.199687   -0.237225   -0.246648   -0.248956   -0.249469   -0.249533   -0.249489   -0.249423   -0.249357   -0.249295   -0.249238   -0.249188   -0.249143   -0.249103   -0.249068   -0.249038   -0.249012   -0.248991   -0.248974   -0.248962   -0.248954   -0.248949   -0.248947   -0.248942   -0.248912   -0.248773   -0.248187   -0.245826   -0.236441   -0.199318  -0.0526739  -0.0155517 -0.00617018 -0.00381313 -0.00323308  -0.0031009 -0.00308003 -0.00308531 -0.00309525  -0.0031045 -0.00311173 -0.00311667 -0.00311928 -0.00311955 -0.00311749 -0.00311309 -0.00310632 -0.00309713 -0.00308548 -0.00307128 -0.00305454 -0.00303548 -0.00301534 -0.00299942 -0.00300915  -0.0031296 -0.00369727 -0.00604121  -0.0154088  -0.0525162   -0.199144   -0.236251   -0.245617   -0.247959   -0.248524   -0.248642   -0.248652   -0.248646   -0.248678   -0.248882   -0.249766
  -0.0121776  -0.00961399  -0.00850034  -0.00778593   -0.0072023  -0.00667929  -0.00619713  -0.00574894  -0.00533123  -0.00494148  -0.00457753   -0.0042374  -0.00391925  -0.00362136  -0.00334212  -0.00308001   -0.0028336  -0.00260157  -0.00238271  -0.00217618  -0.00198219  -0.00180513  -0.00166553  -0.00164769  -0.00208736   -0.0043129   -0.0135711   -0.0505774    -0.197112    -0.234133     -0.24342     -0.24569    -0.246189    -0.246245    -0.246196    -0.246125    -0.246054    -0.245988    -0.245928    -0.245874    -0.245825    -0.245782    -0.245745    -0.245712    -0.245684     -0.24566    -0.245642    -0.245627    -0.245617    -0.245611    -0.245607    -0.245601     -0.24557    -0.245429    -0.244842     -0.24248    -0.233094     -0.19597   -0.0493249   -0.0122019  -0.00281959 -0.000461845  0.000118851  0.000251626  0.000273052  0.000268285  0.000258811  0.000250003  0.000243166   0.00023859  0.000236321  0.000236355  0.000238691  0.000243343  0.000250338  0.000259722  0.000271557  0.000285905   0.00030278  0.000321956  0.000342193  0.000358184  0.000348515    0.0002281 -0.000339553  -0.00268349   -0.0120512   -0.0491585    -0.195787    -0.232893     -0.24226    -0.244602    -0.245167    -0.245284    -0.245291    -0.245274    -0.245262    -0.245291    -0.245481    -0.246303
 -0.00961405  -0.00850041    -0.007786  -0.00720237  -0.00667936   -0.0061972    -0.005749  -0.00533128  -0.00494153  -0.00457757  -0.00423744  -0.00391929   -0.0036214  -0.00334216  -0.00308005  -0.00283364   -0.0026016  -0.00238275  -0.00217621  -0.00198222  -0.00180516  -0.00166557  -0.00164773  -0.00208739  -0.00431293   -0.0135711   -0.0505774    -0.197112    -0.234133    -0.243421     -0.24569    -0.246189    -0.246245    -0.246196    -0.246125    -0.246054    -0.245988    -0.245928    -0.245874    -0.245825    -0.245782    -0.245745    -0.245712    -0.245684     -0.24566    -0.245642    -0.245627    -0.245617    -0.245611    -0.245607    -0.245601     -0.24557    -0.245429    -0.244842     -0.24248    -0.233094     -0.19597   -0.0493251   -0.0122021  -0.00281984 -0.000462107  0.000118568  0.000251322  0.000272724  0.000267932  0.000258431  0.000249594  0.000242726  0.000238116   0.00023581  0.000235804  0.000238098  0.000242704  0.000249649  0.000258981  0.000270759  0.000285045  0.000301853  0.000320958  0.000341118  0.000357026  0.000347267  0.000226756    -0.000341  -0.00268505   -0.0120528   -0.0491603    -0.195789    -0.232895    -0.242262    -0.244604     -0.24517    -0.245287    -0.245293    -0.245274    -0.245251    -0.245239    -0.245266    -0.245443    -0.246208
 -0.00850047  -0.00778607  -0.00720244  -0.00667942  -0.00619726  -0.00574906  -0.00533134  -0.00494158  -0.00457762  -0.00423749  -0.00391934  -0.00362145   -0.0033422  -0.00308009  -0.00283367  -0.00260164  -0.00238278  -0.00217624  -0.00198226  -0.00180519   -0.0016656  -0.00164776  -0.00208742  -0.00431296   -0.0135712   -0.0505775    -0.197112    -0.234133    -0.243421     -0.24569    -0.246189    -0.246245    -0.246196    -0.246125    -0.246054    -0.245988    -0.245928    -0.245874    -0.245825    -0.245782    -0.245745    -0.245712    -0.245684    -0.245661    -0.245642    -0.245627    -0.245617    -0.245611    -0.245608    -0.245601     -0.24557    -0.245429    -0.244842     -0.24248    -0.233094     -0.19597   -0.0493253   -0.0122023  -0.00282005 -0.000462334  0.000118324   0.00025106  0.000272442  0.000267628  0.000258103  0.000249241  0.000242346  0.000237707  0.000235369   0.00023533  0.000237587  0.000242153  0.000249056  0.000258342  0.000270071  0.000284303  0.000301055  0.000320098  0.000340191  0.000356029  0.000346193  0.000225599 -0.000342247   -0.0026864   -0.0120543   -0.0491619     -0.19579    -0.232897    -0.242264    -0.244606    -0.245172    -0.245289    -0.245296    -0.245276    -0.245251    -0.245229    -0.245218    -0.245243    -0.245408     -0.24612
 -0.00778613   -0.0072025  -0.00667949  -0.00619732  -0.00574912  -0.00533139  -0.00494163  -0.00457767  -0.00423753  -0.00391938  -0.00362149  -0.00334224  -0.00308012  -0.00283371  -0.00260167  -0.00238281  -0.00217627  -0.00198229  -0.00180522  -0.00166562  -0.00164778  -0.00208745  -0.00431299   -0.0135712   -0.0505775    -0.197112    -0.234133    -0.243421     -0.24569    -0.246189    -0.246245    -0.246196    -0.246125    -0.246054    -0.245988    -0.245928    -0.245874    -0.245825    -0.245782    -0.245745    -0.245712    -0.245684    -0.245661    -0.245642    -0.245627    -0.245617    -0.245611    -0.245608    -0.245601     -0.24557    -0.245429    -0.244842     -0.24248    -0.233095     -0.19597   -0.0493254   -0.0122025  -0.00282023 -0.000462529  0.000118114  0.000250833  0.000272198  0.000267365  0.000257821  0.000248937  0.000242018  0.000237354  0.000234989   0.00023492  0.000237146  0.000241678  0.000248545  0.000257792  0.000269478  0.000283665  0.000300367  0.000319357  0.000339393  0.000355169  0.000345266  0.000224601 -0.000343322  -0.00268755   -0.0120555   -0.0491632    -0.195792    -0.232899    -0.242266    -0.244608    -0.245174    -0.245292    -0.245298    -0.245278    -0.245253    -0.245229    -0.245209    -0.245198    -0.245222    -0.245376    -0.246039
 -0.00720255  -0.00667955  -0.00619738  -0.00574917  -0.00533145  -0.00494168  -0.00457772  -0.00423758  -0.00391942  -0.00362153  -0.00334228  -0.00308016  -0.00283374   -0.0026017  -0.00238284   -0.0021763  -0.00198231  -0.00180525  -0.00166565  -0.00164781  -0.00208748  -0.00431301   -0.0135712   -0.0505775    -0.197112    -0.234133    -0.243421     -0.24569    -0.246189    -0.246245    -0.246196    -0.246125    -0.246054    -0.245988    -0.245928    -0.245874    -0.245826    -0.245783    -0.245745    -0.245712    -0.245684    -0.245661    -0.245642    -0.245628    -0.245617    -0.245611    -0.245608    -0.245601     -0.24557    -0.245429    -0.244843     -0.24248    -0.233095     -0.19597   -0.0493256   -0.0122026  -0.00282038 -0.000462698  0.000117933  0.000250638  0.000271988  0.000267139  0.000257577  0.000248674  0.000241736   0.00023705  0.000234662  0.000234568  0.000236767  0.000241269  0.000248105  0.000257317  0.000268967  0.000283114  0.000299774  0.000318718  0.000338705  0.000354428  0.000344468  0.000223741 -0.000344248  -0.00268855   -0.0120566   -0.0491644    -0.195793      -0.2329    -0.242267     -0.24461    -0.245175    -0.245293      -0.2453     -0.24528    -0.245255    -0.245231    -0.245208     -0.24519     -0.24518    -0.245202    -0.245346    -0.245963
  -0.0066796  -0.00619744  -0.00574923   -0.0053315  -0.00494173  -0.00457777  -0.00423762  -0.00391946  -0.00362156  -0.00334231  -0.00308019  -0.00283378  -0.00260173  -0.00238287  -0.00217633  -0.00198234  -0.00180527  -0.00166568  -0.00164784   -0.0020875  -0.00431304   -0.0135712   -0.0505775    -0.197112    -0.234133    -0.243421     -0.24569    -0.246189    -0.246245    -0.246196    -0.246125    -0.246054    -0.245988    -0.245928    -0.245874    -0.245826    -0.245783    -0.245745    -0.245712    -0.245684    -0.245661    -0.245642    -0.245628    -0.245618    -0.245611    -0.245608    -0.245601     -0.24557     -0.24543    -0.244843     -0.24248    -0.233095     -0.19597   -0.0493257   -0.0122028  -0.00282052 -0.000462843  0.000117776   0.00025047  0.000271807  0.000266944  0.000257367  0.000248448  0.000241492  0.000236788  0.000234379  0.000234264  0.000236439  0.000240917  0.000247725  0.000256908  0.000268526   0.00028264  0.000299263  0.000318168  0.000338112  0.000353789   0.00034378     0.000223 -0.000345046  -0.00268941   -0.0120575   -0.0491654    -0.195794    -0.232901    -0.242268    -0.244611    -0.245177    -0.245295    -0.245301    -0.245282    -0.245257    -0.245233     -0.24521    -0.245189    -0.245172    -0.245164    -0.245185    -0.245318    -0.245893
 -0.00619748  -0.00574928  -0.00533155  -0.00494178  -0.00457781  -0.00423767   -0.0039195   -0.0036216  -0.00334235  -0.00308023  -0.00283381  -0.00260176   -0.0023829  -0.00217636  -0.00198237   -0.0018053   -0.0016657  -0.00164786  -0.00208753  -0.00431306   -0.0135713   -0.0505776    -0.197112    -0.234133    -0.243421     -0.24569    -0.246189    -0.246245    -0.246196    -0.246125    -0.246054    -0.245988    -0.245928    -0.245874    -0.245826    -0.245783    -0.245745    -0.245712    -0.245684    -0.245661    -0.245642    -0.245628    -0.245618    -0.245611    -0.245608    -0.245601     -0.24557     -0.24543    -0.244843     -0.24248    -0.233095     -0.19597   -0.0493258   -0.0122029  -0.00282064 -0.000462968  0.000117641  0.000250325  0.000271651  0.000266776  0.000257186  0.000248254  0.000241283  0.000236562  0.000234136  0.000234002  0.000236157  0.000240613  0.000247398  0.000256556  0.000268147  0.000282231  0.000298823  0.000317693  0.000337601  0.000353239  0.000343187  0.000222361 -0.000345734  -0.00269015   -0.0120583   -0.0491663    -0.195795    -0.232902    -0.242269    -0.244612    -0.245178    -0.245296    -0.245303    -0.245283    -0.245259    -0.245234    -0.245212    -0.245191    -0.245172    -0.245156    -0.245149    -0.245169    -0.245293    -0.245828
 -0.00574933   -0.0053316  -0.00494183  -0.00457786  -0.00423771  -0.00391954  -0.00362164  -0.00334239  -0.00308026  -0.00283384  -0.00260179  -0.00238293  -0.00217639   -0.0019824  -0.00180533  -0.00166573  -0.00164788  -0.00208755  -0.00431308   -0.0135713   -0.0505776    -0.197112    -0.234133    -0.243421     -0.24569    -0.246189    -0.246245    -0.246196    -0.246125    -0.246054    -0.245988    -0.245928    -0.245874    -0.245826    -0.245783    -0.245745    -0.245712    -0.245684    -0.245661    -0.245642    -0.245628    -0.245618    -0.245611    -0.245608    -0.245601     -0.24557     -0.24543    -0.244843     -0.24248    -0.233095    -0.195971   -0.0493259    -0.012203  -0.00282074 -0.000463076  0.000117525  0.000250199  0.000271516  0.000266631   0.00025703  0.000248085  0.000241102  0.000236367  0.000233926  0.000233776  0.000235914  0.000240351  0.000247116  0.000256252   0.00026782  0.000281878  0.000298443  0.000317285  0.000337161  0.000352764  0.000342676  0.000221811 -0.000346327  -0.00269079    -0.012059    -0.049167    -0.195796    -0.232903     -0.24227    -0.244613    -0.245179    -0.245297    -0.245304    -0.245285     -0.24526    -0.245236    -0.245213    -0.245193    -0.245173    -0.245156    -0.245142    -0.245135    -0.245154     -0.24527    -0.245767
 -0.00533164  -0.00494188   -0.0045779  -0.00423775  -0.00391958  -0.00362168  -0.00334242   -0.0030803  -0.00283387  -0.00260182  -0.00238296  -0.00217641  -0.00198242  -0.00180535  -0.00166575  -0.00164791  -0.00208757   -0.0043131   -0.0135713   -0.0505776    -0.197112    -0.234133    -0.243421     -0.24569    -0.246189    -0.246245    -0.246196    -0.246125    -0.246054    -0.245988    -0.245928    -0.245874    -0.245826    -0.245783    -0.245745    -0.245712    -0.245684    -0.245661    -0.245642    -0.245628    -0.245618    -0.245612    -0.245608    -0.245601     -0.24557     -0.24543    -0.244843     -0.24248    -0.233095    -0.195971   -0.0493259    -0.012203  -0.00282082  -0.00046317  0.000117425  0.000250091    0.0002714  0.000266506  0.000256896  0.000247941  0.000240946  0.000236199  0.000233745  0.000233581  0.000235704  0.000240125  0.000246872   0.00025599  0.000267537  0.000281575  0.000298116  0.000316932  0.000336781  0.000352356  0.000342236  0.000221337 -0.000346838  -0.00269134   -0.0120596   -0.0491676    -0.195796    -0.232904    -0.242271    -0.244614     -0.24518    -0.245298    -0.245305    -0.245286    -0.245261    -0.245237    -0.245215    -0.245194    -0.245175    -0.245157    -0.245142    -0.245129    -0.245123     -0.24514    -0.245248    -0.245711
 -0.00494191  -0.00457795   -0.0042378  -0.00391963  -0.00362172  -0.00334246  -0.00308033  -0.00283391  -0.00260185  -0.00238299  -0.00217644  -0.00198245  -0.00180537  -0.00166577  -0.00164793  -0.00208759  -0.00431313   -0.0135713   -0.0505776    -0.197112    -0.234133    -0.243421     -0.24569    -0.246189    -0.246245    -0.246196    -0.246125    -0.246054    -0.245988    -0.245928    -0.245874    -0.245826    -0.245783    -0.245745    -0.245712    -0.245684    -0.245661    -0.245642    -0.245628    -0.245618    -0.245612    -0.245608    -0.245601     -0.24557     -0.24543    -0.244843     -0.24248    -0.233095    -0.195971    -0.049326   -0.0122031   -0.0028209  -0.00046325  0.000117338  0.000249998  0.000271299  0.000266398  0.000256779  0.000247816  0.000240811  0.000236054   0.00023359  0.000233413  0.000235523  0.000239931  0.000246663  0.000255765  0.000267294  0.000281313  0.000297834  0.000316629  0.000336454  0.000352003  0.000341856  0.000220928 -0.000347279  -0.00269182   -0.0120601   -0.0491682    -0.195797    -0.232905    -0.242272    -0.244615    -0.245181    -0.245299    -0.245306    -0.245287    -0.245262    -0.245238    -0.245216    -0.245195    -0.245176    -0.245159    -0.245143    -0.245128    -0.245117    -0.245111    -0.245128    -0.245229     -0.24566
 -0.00457798  -0.00423784  -0.00391967  -0.00362176   -0.0033425  -0.00308036  -0.00283394  -0.00260188  -0.00238302  -0.00217647  -0.00198247   -0.0018054   -0.0016658  -0.00164795  -0.00208761  -0.00431314   -0.0135713   -0.0505776    -0.197112    -0.234133    -0.243421     -0.24569    -0.246189    -0.246245    -0.246196    -0.246125    -0.246054    -0.245988    -0.245928    -0.245874    -0.245826    -0.245783    -0.245745    -0.245712    -0.245684    -0.245661    -0.245642    -0.245628    -0.245618    -0.245612    -0.245608    -0.245601     -0.24557     -0.24543    -0.244843    -0.242481    -0.233095    -0.195971   -0.0493261   -0.0122032  -0.00282096  -0.00046332  0.000117263  0.000249918  0.000271213  0.000266305  0.000256679  0.000247708  0.000240695  0.000235929  0.000233455  0.000233269  0.000235368  0.000239763  0.000246482   0.00025557  0.000267085  0.000281087  0.000297591  0.000316367  0.000336172  0.000351699  0.000341529  0.000220575 -0.000347658  -0.00269222   -0.0120606   -0.0491687    -0.195798    -0.232905    -0.242272    -0.244615    -0.245182      -0.2453    -0.245307    -0.245288    -0.245263    -0.245239    -0.245217    -0.245197    -0.245178     -0.24516    -0.245144     -0.24513    -0.245116    -0.245106    -0.245101    -0.245116     -0.24521    -0.245612
 -0.00423787   -0.0039197  -0.00362179  -0.00334253   -0.0030804  -0.00283397  -0.00260191  -0.00238304  -0.00217649   -0.0019825  -0.00180542  -0.00166582  -0.00164797  -0.00208763  -0.00431316   -0.0135714   -0.0505777    -0.197113    -0.234133    -0.243421     -0.24569    -0.246189    -0.246245    -0.246196    -0.246125    -0.246054    -0.245988    -0.245928    -0.245874    -0.245826    -0.245783    -0.245745    -0.245712    -0.245684    -0.245661    -0.245642    -0.245628    -0.245618    -0.245612    -0.245608    -0.245601    -0.245571     -0.24543    -0.244843    -0.242481    -0.233095    -0.195971   -0.0493261   -0.0122032  -0.00282102  -0.00046338  0.000117198  0.000249848  0.000271138  0.000266225  0.000256593  0.000247615  0.000240595  0.000235822  0.000233339  0.000233144  0.000235233  0.000239618  0.000246326  0.000255402  0.000266904  0.000280893  0.000297381  0.000316141  0.000335929  0.000351438  0.000341247  0.000220272 -0.000347985  -0.00269258   -0.0120609   -0.0491691    -0.195798    -0.232906    -0.242273    -0.244616    -0.245182    -0.245301    -0.245308    -0.245288    -0.245264     -0.24524    -0.245218    -0.245198    -0.245179    -0.245161    -0.245145    -0.245131    -0.245117    -0.245105    -0.245096    -0.245091    -0.245106    -0.245194    -0.245567
 -0.00391973  -0.00362183  -0.00334257  -0.00308043    -0.002834  -0.00260194  -0.00238307  -0.00217652  -0.00198252  -0.00180544  -0.00166584  -0.00164799  -0.00208765  -0.00431318   -0.0135714   -0.0505777    -0.197113    -0.234133    -0.243421     -0.24569    -0.246189    -0.246245    -0.246196    -0.246125    -0.246054    -0.245988    -0.245928    -0.245874    -0.245826    -0.245783    -0.245745    -0.245712    -0.245684    -0.245661    -0.245642    -0.245628    -0.245618    -0.245612    -0.245608    -0.245602    -0.245571     -0.24543    -0.244843    -0.242481    -0.233095    -0.195971   -0.0493261   -0.0122033  -0.00282107 -0.000463432  0.000117143  0.000249788  0.000271074  0.000266155  0.000256518  0.000247535  0.000240509  0.000235729  0.000233239  0.000233036  0.000235117  0.000239494  0.000246192  0.000255258  0.000266749  0.000280725  0.000297201  0.000315947   0.00033572  0.000351212  0.000341004   0.00022001 -0.000348267  -0.00269288   -0.0120613   -0.0491694    -0.195798    -0.232906    -0.242273    -0.244617    -0.245183    -0.245301    -0.245308    -0.245289    -0.245265    -0.245241    -0.245219    -0.245198     -0.24518    -0.245162    -0.245146    -0.245132    -0.245119    -0.245106    -0.245095    -0.245086    -0.245083    -0.245096    -0.245178    -0.245526
 -0.00362186   -0.0033426  -0.00308046  -0.00283403  -0.00260197   -0.0023831  -0.00217654  -0.00198254  -0.00180547  -0.00166586  -0.00164801  -0.00208767   -0.0043132   -0.0135714   -0.0505777    -0.197113    -0.234133    -0.243421     -0.24569    -0.246189    -0.246245    -0.246196    -0.246125    -0.246054    -0.245988    -0.245928    -0.245874    -0.245826    -0.245783    -0.245745    -0.245712    -0.245684    -0.245661    -0.245642    -0.245628    -0.245618    -0.245612    -0.245608    -0.245602    -0.245571     -0.24543    -0.244843    -0.242481    -0.233095    -0.195971   -0.0493262   -0.0122033  -0.00282111 -0.000463477  0.000117094  0.000249736  0.000271018  0.000266095  0.000256454  0.000247465  0.000240434  0.000235649  0.000233153  0.000232943  0.000235018  0.000239386  0.000246076  0.000255133  0.000266614  0.000280581  0.000297045  0.000315779  0.000335539  0.000351018  0.000340795  0.000219785  -0.00034851  -0.00269314   -0.0120615   -0.0491697    -0.195799    -0.232906    -0.242274    -0.244617    -0.245183    -0.245302    -0.245309     -0.24529    -0.245265    -0.245242     -0.24522    -0.245199     -0.24518    -0.245163    -0.245147    -0.245133     -0.24512    -0.245107    -0.245096    -0.245086    -0.245078    -0.245075    -0.245088    -0.245164    -0.245487
 -0.00334262  -0.00308049  -0.00283406    -0.002602  -0.00238312  -0.00217657  -0.00198257  -0.00180549  -0.00166588  -0.00164803  -0.00208769  -0.00431322   -0.0135714   -0.0505777    -0.197113    -0.234133    -0.243421     -0.24569    -0.246189    -0.246245    -0.246196    -0.246125    -0.246054    -0.245988    -0.245928    -0.245874    -0.245826    -0.245783    -0.245745    -0.245712    -0.245684    -0.245661    -0.245642    -0.245628    -0.245618    -0.245612    -0.245608    -0.245602    -0.245571     -0.24543    -0.244843    -0.242481    -0.233095    -0.195971   -0.0493262   -0.0122033  -0.00282115 -0.000463516  0.000117053  0.000249692   0.00027097  0.000266044  0.000256398  0.000247406   0.00024037  0.000235579  0.000233079  0.000232863  0.000234931  0.000239293  0.000245977  0.000255026  0.000266499  0.000280456  0.000296911  0.000315635  0.000335384   0.00035085  0.000340615   0.00021959 -0.000348719  -0.00269337   -0.0120618     -0.04917    -0.195799    -0.232907    -0.242274    -0.244617    -0.245184    -0.245302    -0.245309     -0.24529    -0.245266    -0.245242     -0.24522      -0.2452    -0.245181    -0.245164    -0.245148    -0.245134    -0.245121    -0.245108    -0.245097    -0.245087    -0.245078    -0.245071    -0.245068     -0.24508    -0.245151    -0.245452
-0.00308052 -0.00283409 -0.00260203 -0.00238315  -0.0021766 -0.00198259 -0.00180551  -0.0016659 -0.00164805 -0.00208771 -0.00431324  -0.0135714  -0.0505777   -0.197113   -0.234133   -0.243421    -0.24569   -0.246189   -0.246245   -0.246196   -0.246125   -0.246054   -0.245988   -0.245928   -0.245874   -0.245826   -0.245783   -0.245745   -0.245712   -0.245684   -0.245661   -0.245642   -0.245628   -0.245618   -0.245612   -0.245608   -0.245602   -0.245571    -0.24543   -0.244843   -0.242481   -0.233095   -0.195971  -0.0493262  -0.0122034 -0.00282118 -0.00046355 0.000117017 0.000249653 0.000270928 0.000265999  0.00025635 0.000247354 0.000240314  0.00023552 0.000233014 0.000232794 0.000234857 0.000239213 0.000245891 0.000254933 0.000266399 0.000280349 0.000296795  0.00031551  0.00033525 0.000350706 0.000340459 0.000219423  -0.0003489 -0.00269356   -0.012062  -0.0491702   -0.195799   -0.232907   -0.242274   -0.244618   -0.245184   -0.245302    -0.24531    -0.24529   -0.245266   -0.245243   -0.245221     -0.2452   -0.245182   -0.245165   -0.245149   -0.245135   -0.245121   -0.245109   -0.245098   -0.245088   -0.245079    -0.24507   -0.245064   -0.245061   -0.245073   -0.245139   -0.245419
 -0.00283411  -0.00260206  -0.00238318  -0.00217662  -0.00198262  -0.00180553  -0.00166592  -0.00164807  -0.00208773  -0.00431325   -0.0135715   -0.0505777    -0.197113    -0.234133    -0.243421     -0.24569    -0.246189    -0.246245    -0.246196    -0.246125    -0.246054    -0.245988    -0.245928    -0.245874    -0.245826    -0.245783    -0.245745    -0.245712    -0.245684    -0.245661    -0.245642    -0.245628    -0.245618    -0.245612    -0.245608    -0.245602    -0.245571     -0.24543    -0.244843    -0.242481    -0.233095    -0.195971   -0.0493263   -0.0122034   -0.0028212 -0.000463579  0.000116985  0.000249619  0.000270892   0.00026596  0.000256309  0.000247309  0.000240267  0.000235468  0.000232959  0.000232735  0.000234793  0.000239144  0.000245816  0.000254853  0.000266313  0.000280256  0.000296696  0.000315403  0.000335134  0.000350581  0.000340325  0.000219278 -0.000349055  -0.00269373   -0.0120622   -0.0491704    -0.195799    -0.232907    -0.242275    -0.244618    -0.245184    -0.245303     -0.24531    -0.245291    -0.245267    -0.245243    -0.245221    -0.245201    -0.245182    -0.245165    -0.245149    -0.245135    -0.245122     -0.24511    -0.245099    -0.245089     -0.24508    -0.245071    -0.245064    -0.245057    -0.245055    -0.245066    -0.245128    -0.245388
 -0.00260208   -0.0023832  -0.00217665  -0.00198264  -0.00180556  -0.00166595  -0.00164809  -0.00208774  -0.00431327   -0.0135715   -0.0505777    -0.197113    -0.234133    -0.243421     -0.24569    -0.246189    -0.246245    -0.246196    -0.246125    -0.246054    -0.245988    -0.245928    -0.245874    -0.245826    -0.245783    -0.245745    -0.245712    -0.245684    -0.245661    -0.245642    -0.245628    -0.245618    -0.245612    -0.245608    -0.245602    -0.245571     -0.24543    -0.244843    -0.242481    -0.233095    -0.195971   -0.0493263   -0.0122034  -0.00282123 -0.000463604  0.000116958   0.00024959  0.000270861  0.000265927  0.000256273  0.000247271  0.000240225  0.000235424  0.000232911  0.000232683  0.000234738  0.000239085  0.000245752  0.000254784  0.000266239  0.000280176   0.00029661   0.00031531  0.000335034  0.000350474  0.000340209  0.000219154 -0.000349189  -0.00269387   -0.0120623   -0.0491706      -0.1958    -0.232907    -0.242275    -0.244618    -0.245184    -0.245303     -0.24531    -0.245291    -0.245267    -0.245244    -0.245221    -0.245201    -0.245183    -0.245166     -0.24515    -0.245136    -0.245123    -0.245111      -0.2451     -0.24509     -0.24508    -0.245072    -0.245064    -0.245057    -0.245052     -0.24505     -0.24506    -0.245117     -0.24536
 -0.00238322  -0.00217667  -0.00198266  -0.00180558  -0.00166597  -0.00164811  -0.00208776  -0.00431329   -0.0135715   -0.0505778    -0.197113    -0.234133    -0.243421     -0.24569    -0.246189    -0.246245    -0.246196    -0.246125    -0.246054    -0.245988    -0.245928    -0.245874    -0.245826    -0.245783    -0.245745    -0.245712    -0.245684    -0.245661    -0.245642    -0.245628    -0.245618    -0.245612    -0.245608    -0.245602    -0.245571     -0.24543    -0.244843    -0.242481    -0.233095    -0.195971   -0.0493263   -0.0122034  -0.00282125 -0.000463626  0.000116935  0.000249565  0.000270834  0.000265898  0.000256242  0.000247238  0.000240189  0.000235385   0.00023287  0.000232639   0.00023469  0.000239033  0.000245697  0.000254725  0.000266175  0.000280107  0.000296535   0.00031523  0.000334948  0.000350381   0.00034011  0.000219046 -0.000349305    -0.002694   -0.0120625   -0.0491707      -0.1958    -0.232908    -0.242275    -0.244618    -0.245185    -0.245303     -0.24531    -0.245291    -0.245267    -0.245244    -0.245222    -0.245202    -0.245183    -0.245166     -0.24515    -0.245136    -0.245123    -0.245111      -0.2451     -0.24509    -0.245081    -0.245073    -0.245065    -0.245058    -0.245052    -0.245047    -0.245045    -0.245054    -0.245108    -0.245334
 -0.00243509  -0.00228819  -0.00210598  -0.00194922   -0.0019123  -0.00233344  -0.00454156   -0.0137835   -0.0507747    -0.197296    -0.234303    -0.243579    -0.245837    -0.246325    -0.246372    -0.246313    -0.246234    -0.246155    -0.246082    -0.246015    -0.245955    -0.245901    -0.245852     -0.24581    -0.245772     -0.24574    -0.245713     -0.24569    -0.245672    -0.245659     -0.24565    -0.245644    -0.245634    -0.245601    -0.245458    -0.244869    -0.242505    -0.233118    -0.195992   -0.0493459   -0.0122217  -0.00283826 -0.000479546  0.000101999  0.000235506  0.000257545  0.000253275  0.000244183  0.000235639  0.000228949  0.000224399  0.000222032   0.00022184  0.000223818  0.000227972  0.000234323   0.00024291  0.000253783  0.000266994  0.000282545  0.000300198  0.000318695  0.000332714  0.000320821  0.000197911 -0.000372533  -0.00271958   -0.0120907   -0.0492019    -0.195834    -0.232946    -0.242317    -0.244665    -0.245236    -0.245361    -0.245374    -0.245362    -0.245345     -0.24533    -0.245317    -0.245307    -0.245299    -0.245294    -0.245292    -0.245292    -0.245295      -0.2453    -0.245309    -0.245319    -0.245333    -0.245349    -0.245367     -0.24538     -0.24537    -0.245255    -0.244716    -0.242491    -0.233602    -0.198392   -0.0592595
 -0.00228594  -0.00210332  -0.00194661  -0.00190985  -0.00233116  -0.00453945   -0.0137816   -0.0507729    -0.197294    -0.234302    -0.243577    -0.245836    -0.246324    -0.246371    -0.246312    -0.246233    -0.246155    -0.246081    -0.246015    -0.245954      -0.2459    -0.245852    -0.245809    -0.245772     -0.24574    -0.245712     -0.24569    -0.245672    -0.245659     -0.24565    -0.245644    -0.245635    -0.245601    -0.245458     -0.24487    -0.242505    -0.233118    -0.195992   -0.0493463   -0.0122221  -0.00283879 -0.000480134  0.000101345  0.000234782  0.000256748  0.000252401  0.000243227  0.000234597  0.000227814  0.000223167  0.000220695  0.000220393  0.000222252   0.00022628  0.000232496  0.000240939  0.000251657  0.000264702  0.000280076  0.000297538  0.000315831  0.000329632  0.000317505  0.000194343  -0.00037637  -0.00272371   -0.0120951   -0.0492067    -0.195839    -0.232951    -0.242323    -0.244671    -0.245243    -0.245368    -0.245382     -0.24537    -0.245354     -0.24534    -0.245327    -0.245318    -0.245311    -0.245307    -0.245306    -0.245307    -0.245311    -0.245318    -0.245327     -0.24534    -0.245355    -0.245372    -0.245391    -0.245407    -0.245396    -0.245276    -0.244708    -0.242367     -0.23301    -0.195944   -0.0494764   -0.0130007
 -0.00210266  -0.00194583  -0.00190908  -0.00233043  -0.00453877    -0.013781   -0.0507723    -0.197293    -0.234301    -0.243577    -0.245835    -0.246323     -0.24637    -0.246312    -0.246233    -0.246154    -0.246081    -0.246015    -0.245954      -0.2459    -0.245852    -0.245809    -0.245772    -0.245739    -0.245712     -0.24569    -0.245672    -0.245659     -0.24565    -0.245643    -0.245634    -0.245601    -0.245458    -0.244869    -0.242505    -0.233118    -0.195992   -0.0493463   -0.0122222  -0.00283882 -0.000480171  0.000101299  0.000234727  0.000256683  0.000252326  0.000243141    0.0002345  0.000227706  0.000223047  0.000220563  0.000220248  0.000222094  0.000226107  0.000232308  0.000240734  0.000251435  0.000264462  0.000279817  0.000297259  0.000315531  0.000329308  0.000317156  0.000193968 -0.000376773  -0.00272414   -0.0120956   -0.0492072     -0.19584    -0.232952    -0.242324    -0.244672    -0.245244    -0.245369    -0.245383    -0.245371    -0.245355    -0.245341    -0.245328    -0.245319    -0.245312    -0.245308    -0.245307    -0.245309    -0.245313    -0.245319    -0.245329    -0.245342    -0.245357    -0.245375    -0.245394    -0.245409    -0.245399    -0.245278     -0.24471    -0.242366    -0.232995    -0.195872   -0.0491791   -0.0118151  -0.00142919
 -0.00194558  -0.00190878  -0.00233014   -0.0045385   -0.0137807   -0.0507721    -0.197293    -0.234301    -0.243577    -0.245835    -0.246323     -0.24637    -0.246312    -0.246233    -0.246154    -0.246081    -0.246014    -0.245954      -0.2459    -0.245852    -0.245809    -0.245772    -0.245739    -0.245712     -0.24569    -0.245672    -0.245659     -0.24565    -0.245643    -0.245634    -0.245601    -0.245458    -0.244869    -0.242505    -0.233118    -0.195992   -0.0493462   -0.0122221  -0.00283874 -0.000480093   0.00010138  0.000234811  0.000256772  0.000252419  0.000243239  0.000234604  0.000227817  0.000223164  0.000220688  0.000220381  0.000222236  0.000226259  0.000232471  0.000240909  0.000251623  0.000264664  0.000280034  0.000297492  0.000315781  0.000329578  0.000317447  0.000194281 -0.000376436  -0.00272378   -0.0120952   -0.0492068    -0.195839    -0.232951    -0.242323    -0.244672    -0.245243    -0.245368    -0.245382     -0.24537    -0.245354     -0.24534    -0.245328    -0.245318    -0.245311    -0.245307    -0.245306    -0.245307    -0.245311    -0.245318    -0.245327     -0.24534    -0.245355    -0.245372    -0.245391    -0.245407    -0.245396    -0.245275    -0.244707    -0.242363    -0.232995    -0.195882   -0.0492329   -0.0120402   -0.0023314   0.00136627
 -0.00190864  -0.00232997  -0.00453833   -0.0137805   -0.0507719    -0.197293    -0.234301    -0.243576    -0.245835    -0.246323     -0.24637    -0.246312    -0.246233    -0.246154    -0.246081    -0.246014    -0.245954      -0.2459    -0.245852    -0.245809    -0.245772    -0.245739    -0.245712     -0.24569    -0.245672    -0.245659     -0.24565    -0.245643    -0.245634    -0.245601    -0.245458    -0.244869    -0.242505    -0.233118    -0.195992   -0.0493461    -0.012222  -0.00283865     -0.00048  0.000101478  0.000234915  0.000256882  0.000252537  0.000243365  0.000234738   0.00022796  0.000223318  0.000220852  0.000220557  0.000222425  0.000226462  0.000232689  0.000241143  0.000251875  0.000264935  0.000280325  0.000297805  0.000316118   0.00032994  0.000317836  0.000194701 -0.000375984  -0.00272329   -0.0120947   -0.0492062    -0.195839    -0.232951    -0.242323    -0.244671    -0.245243    -0.245367    -0.245381    -0.245369    -0.245353    -0.245339    -0.245326    -0.245317     -0.24531    -0.245306    -0.245304    -0.245305    -0.245309    -0.245316    -0.245325    -0.245337    -0.245352     -0.24537    -0.245388    -0.245403    -0.245393    -0.245271    -0.244703    -0.242359    -0.232991    -0.195882   -0.0492492    -0.012121   -0.0026679  1.89527e-05   0.00194851
 -0.00232986   -0.0045382   -0.0137804   -0.0507718    -0.197293    -0.234301    -0.243576    -0.245835    -0.246323     -0.24637    -0.246312    -0.246233    -0.246154    -0.246081    -0.246014    -0.245954      -0.2459    -0.245852    -0.245809    -0.245771    -0.245739    -0.245712     -0.24569    -0.245672    -0.245659     -0.24565    -0.245643    -0.245634    -0.245601    -0.245458    -0.244869    -0.242505    -0.233118    -0.195992   -0.0493461   -0.0122219  -0.00283857 -0.000479914   0.00010157  0.000235013  0.000256986  0.000252648  0.000243483  0.000234865  0.000228096  0.000223463  0.000221008  0.000220724  0.000222604  0.000226654  0.000232895  0.000241365  0.000252113   0.00026519    0.0002806  0.000298101  0.000316436  0.000330283  0.000318205  0.000195098 -0.000375557  -0.00272283   -0.0120942   -0.0492057    -0.195838     -0.23295    -0.242322     -0.24467    -0.245242    -0.245366     -0.24538    -0.245368    -0.245352    -0.245337    -0.245325    -0.245315    -0.245308    -0.245304    -0.245302    -0.245304    -0.245307    -0.245314    -0.245323    -0.245335     -0.24535    -0.245367    -0.245385      -0.2454    -0.245389    -0.245268    -0.244699    -0.242355    -0.232987    -0.195879   -0.0492496   -0.0121378  -0.00275084   -0.0003263   0.00056638   0.00197928
  -0.0045381   -0.0137803   -0.0507717    -0.197293    -0.234301    -0.243576    -0.245835    -0.246323     -0.24637    -0.246312    -0.246232    -0.246154    -0.246081    -0.246014    -0.245954      -0.2459    -0.245852    -0.245809    -0.245771    -0.245739    -0.245712     -0.24569    -0.245672    -0.245659     -0.24565    -0.245643    -0.245634    -0.245601    -0.245458    -0.244869    -0.242505    -0.233118    -0.195992    -0.049346   -0.0122219   -0.0028385 -0.000479837  0.000101652    0.0002351  0.000257079  0.000252746  0.000243588  0.000234977  0.000228215  0.000223591  0.000221145  0.000220871  0.000222762  0.000226823  0.000233077   0.00024156  0.000252323  0.000265417  0.000280843  0.000298362  0.000316718  0.000330586  0.000318531  0.000195448 -0.000375179  -0.00272243   -0.0120938   -0.0492052    -0.195838    -0.232949    -0.242321    -0.244669    -0.245241    -0.245366    -0.245379    -0.245367    -0.245351    -0.245336    -0.245324    -0.245314    -0.245307    -0.245303    -0.245301    -0.245302    -0.245306    -0.245312    -0.245321    -0.245333    -0.245347    -0.245364    -0.245383    -0.245397    -0.245386    -0.245265    -0.244696    -0.242351    -0.232983    -0.195875   -0.0492463   -0.0121382  -0.00276692  -0.00040545  0.000237014  0.000660837   0.00187886
  -0.0137802   -0.0507716    -0.197293    -0.234301    -0.243576    -0.245835    -0.246323     -0.24637    -0.246311    -0.246232    -0.246154    -0.246081    -0.246014    -0.245954      -0.2459    -0.245851    -0.245809    -0.245771    -0.245739    -0.245712    -0.245689    -0.245672    -0.245659    -0.245649    -0.245643    -0.245634    -0.245601    -0.245458    -0.244869    -0.242505    -0.233118    -0.195992   -0.0493459   -0.0122218  -0.00283843 -0.000479768  0.000101724  0.000235176   0.00025716  0.000252832   0.00024368  0.000235075   0.00022832  0.000223703  0.000221265  0.000220999    0.0002229  0.000226971  0.000233236  0.000241731  0.000252506  0.000265613  0.000281055   0.00029859  0.000316962  0.000330849  0.000318814  0.000195753 -0.000374852  -0.00272208   -0.0120934   -0.0492048    -0.195837    -0.232949    -0.242321    -0.244669    -0.245241    -0.245365    -0.245379    -0.245367    -0.245351    -0.245336    -0.245323    -0.245313    -0.245306    -0.245302      -0.2453    -0.245301    -0.245304     -0.24531    -0.245319    -0.245331    -0.245345    -0.245362    -0.245381    -0.245395    -0.245384    -0.245262    -0.244693    -0.242348    -0.232979    -0.195871   -0.0492425   -0.0121351  -0.00276729 -0.000420519  0.000162867   0.00035234  0.000643998   0.00175308
  -0.0507715    -0.197293    -0.234301    -0.243576    -0.245834    -0.246323     -0.24637    -0.246311    -0.246232    -0.246154    -0.246081    -0.246014    -0.245954      -0.2459    -0.245851    -0.245809    -0.245771    -0.245739    -0.245712    -0.245689    -0.245672    -0.245659    -0.245649    -0.245643    -0.245634    -0.245601    -0.245458    -0.244869    -0.242505    -0.233118    -0.195992   -0.0493459   -0.0122217  -0.00283838 -0.000479708  0.000101787  0.000235243  0.000257231  0.000252908   0.00024376   0.00023516  0.000228411    0.0002238  0.000221369  0.000221111  0.000223019  0.000227099  0.000233373  0.000241878  0.000252664  0.000265783  0.000281237  0.000298786  0.000317173  0.000331076  0.000319058  0.000196016 -0.000374569  -0.00272177    -0.012093   -0.0492044    -0.195837    -0.232949     -0.24232    -0.244668     -0.24524    -0.245364    -0.245378    -0.245366     -0.24535    -0.245335    -0.245322    -0.245312    -0.245305    -0.245301    -0.245299    -0.245299    -0.245303    -0.245309    -0.245318    -0.245329    -0.245344     -0.24536    -0.245379    -0.245393    -0.245381    -0.245259     -0.24469    -0.242345    -0.232976    -0.195868   -0.0492391   -0.0121316   -0.0027644 -0.000420874  0.000148812  0.000283222  0.000356458  0.000602146   0.00162818
   0.0636527    0.0221655    0.0112287   0.00806011   0.00688659   0.00624375   0.00575883   0.00533566   0.00494831    0.0045887   0.00425341   0.00394025   0.00364745   0.00337342   0.00311666   0.00287581   0.00264955   0.00243664   0.00223594   0.00204637   0.00186695   0.00169706    0.0015371   0.00139165   0.00128143   0.00129087   0.00175587   0.00400495     0.013285    0.0503116     0.196865     0.233904     0.243207     0.245492     0.246005     0.246074     0.246037     0.245977     0.245917     0.245861      0.24581     0.245764     0.245723     0.245687     0.245656      0.24563     0.245608      0.24559     0.245576     0.245566      0.24556     0.245558     0.245558     0.245555     0.245527     0.245389     0.244805     0.242445     0.233062      0.19594    0.0492972    0.0121761   0.00279557  0.000439438 -0.000139766 -0.000271163 -0.000291316 -0.000285375  -0.00027482 -0.000265017 -0.000257268 -0.000251856 -0.000248821 -0.000248159 -0.000249863 -0.000253942 -0.000260422 -0.000269348 -0.000280775 -0.000294765 -0.000311331 -0.000330245 -0.000350264 -0.000366082 -0.000356282  -0.00023578  0.000331919   0.00267586    0.0120435    0.0491508     0.195779     0.232885     0.242252     0.244594      0.24516      0.24528     0.245302     0.245343     0.245564     0.246515
   0.0221142    0.0111681   0.00800052   0.00683038   0.00619131   0.00571004    0.0052903   0.00490615   0.00454952   0.00421698   0.00390639   0.00361597   0.00334414   0.00308944   0.00285049   0.00262599   0.00241472   0.00221554   0.00202737   0.00184926   0.00168057   0.00152173   0.00137732    0.0012681    0.0012786   0.00174513   0.00399778    0.0132897    0.0503611      0.19709     0.234173     0.243488     0.245776      0.24629      0.24636     0.246323     0.246264     0.246204     0.246148     0.246097     0.246052     0.246011     0.245976     0.245945     0.245918     0.245896     0.245879     0.245865     0.245855      0.24585     0.245848     0.245848     0.245845     0.245817      0.24568     0.245095     0.242736     0.233353      0.19623    0.0495878    0.0124668   0.00308632  0.000730268  0.000151142  1.98202e-05 -2.58307e-07   5.7567e-06  1.63856e-05   2.6262e-05  3.40863e-05  3.95744e-05  4.26858e-05  4.34276e-05  4.18053e-05  3.78102e-05   3.1417e-05  2.25828e-05  1.12505e-05 -2.63957e-06 -1.91004e-05 -3.79031e-05 -5.78052e-05 -7.34991e-05 -6.35669e-05  5.70764e-05  0.000624925   0.00296903    0.0123368    0.0494443     0.196072     0.233179     0.242546     0.244888     0.245453     0.245571     0.245581     0.245575     0.245607     0.245812     0.246696
   0.0111574   0.00798783   0.00681791   0.00617955   0.00569906   0.00528009   0.00489666   0.00454069   0.00420878   0.00389877   0.00360888   0.00333755   0.00308332   0.00284479   0.00262069    0.0024098   0.00221096    0.0020231   0.00184529   0.00167687   0.00151829   0.00137412   0.00126512   0.00127585   0.00174271   0.00399609    0.0132904    0.0503705     0.197133     0.234225     0.243543     0.245831     0.246345     0.246416     0.246379      0.24632      0.24626     0.246204     0.246153     0.246108     0.246067     0.246032     0.246001     0.245975     0.245953     0.245935     0.245922     0.245912     0.245906     0.245904     0.245905     0.245902     0.245874     0.245736     0.245152     0.242793      0.23341     0.196287    0.0496448    0.0125238   0.00314335   0.00078733  0.000208238   7.6952e-05  5.69104e-05  6.29638e-05  7.36327e-05   8.3551e-05  9.14191e-05  9.69535e-05  0.000100114  0.000100907  9.93396e-05  9.54027e-05  8.90714e-05  8.03033e-05  6.90414e-05  5.52267e-05  3.88464e-05  2.01299e-05  3.20345e-07 -1.52744e-05 -5.23593e-06  0.000115522  0.000683493   0.00302773    0.0123957    0.0495033     0.196132     0.233239     0.242605     0.244947     0.245513      0.24563     0.245637      0.24562     0.245608     0.245637     0.245828      0.24665
  0.00798815   0.00681829   0.00617992   0.00569941   0.00528042   0.00489696   0.00454098   0.00420905   0.00389901   0.00360911   0.00333777   0.00308352   0.00284498   0.00262087   0.00240996   0.00221111   0.00202325   0.00184542     0.001677   0.00151841   0.00137423   0.00126522   0.00127595   0.00174281   0.00399617    0.0132904    0.0503704     0.197132     0.234224     0.243542      0.24583     0.246344     0.246415     0.246378     0.246319     0.246259     0.246203     0.246152     0.246107     0.246066     0.246031        0.246     0.245974     0.245952     0.245934      0.24592     0.245911     0.245905     0.245903     0.245903     0.245901     0.245873     0.245735     0.245151     0.242791     0.233409     0.196286    0.0496437    0.0125228   0.00314234  0.000786342   0.00020727  7.60053e-05  5.59869e-05  6.20652e-05   7.2761e-05  8.27083e-05  9.06077e-05  9.61758e-05  9.93725e-05  0.000100205  9.86798e-05  9.47885e-05  8.85063e-05  7.97911e-05  6.85863e-05  5.48331e-05  3.85191e-05   1.9874e-05  1.41288e-07 -1.53706e-05 -5.24284e-06  0.000115611  0.000683686   0.00302803    0.0123961    0.0495038     0.196132     0.233239     0.242606     0.244949     0.245514     0.245632     0.245638     0.245619     0.245597     0.245584     0.245611     0.245788     0.246554
  0.00682026   0.00618226   0.00570171   0.00528259   0.00489899   0.00454287    0.0042108   0.00390064   0.00361063   0.00333918   0.00308483    0.0028462     0.002622   0.00241102    0.0022121   0.00202417   0.00184628    0.0016778   0.00151916   0.00137493   0.00126587   0.00127655   0.00174335   0.00399659    0.0132905    0.0503691     0.197126     0.234216     0.243533     0.245822     0.246336     0.246406     0.246369      0.24631      0.24625     0.246194     0.246144     0.246098     0.246058     0.246022     0.245991     0.245965     0.245943     0.245925     0.245912     0.245902     0.245897     0.245895     0.245895     0.245892     0.245864     0.245727     0.245143     0.242783       0.2334     0.196278    0.0496352    0.0125143   0.00313385   0.00077786  0.000198803  6.75547e-05  4.75543e-05  5.36524e-05  6.43698e-05  7.43406e-05  8.22657e-05  8.78616e-05  9.10884e-05  9.19538e-05  9.04639e-05  8.66109e-05  8.03702e-05  7.16998e-05  6.05434e-05  4.68424e-05  3.05848e-05  1.20006e-05  -7.6664e-06 -2.31074e-05 -1.29032e-05  0.000108033  0.000676197   0.00302064    0.0123888    0.0494967     0.196125     0.233233     0.242599     0.244942     0.245508     0.245625     0.245632     0.245612     0.245588     0.245566     0.245554      0.24558     0.245745     0.246458
  0.00618369    0.0057034   0.00528426   0.00490056   0.00454433   0.00421217   0.00390191   0.00361181   0.00334028   0.00308585   0.00284715   0.00262289   0.00241184   0.00221286   0.00202488   0.00184695   0.00167842   0.00151973   0.00137547   0.00126638   0.00127702   0.00174377   0.00399693    0.0132905    0.0503683     0.197122     0.234211     0.243528     0.245816      0.24633     0.246401     0.246364     0.246304     0.246244     0.246189     0.246138     0.246092     0.246052     0.246017     0.245986     0.245959     0.245937      0.24592     0.245906     0.245897     0.245891     0.245889     0.245889     0.245886     0.245859     0.245721     0.245137     0.242777     0.233394     0.196272    0.0496296    0.0125087   0.00312824  0.000772261  0.000193217  6.19829e-05  4.19983e-05  4.81136e-05  5.88498e-05   6.8841e-05  7.67882e-05  8.24082e-05  8.56611e-05  8.65548e-05  8.50955e-05  8.12757e-05  7.50707e-05   6.6439e-05  5.53244e-05  4.16685e-05  2.54596e-05   6.9279e-06 -1.26824e-05 -2.80623e-05 -1.77921e-05  0.000103215  0.000671455   0.00301598    0.0123842    0.0494922     0.196121     0.233228     0.242595     0.244938     0.245504     0.245622     0.245628     0.245608     0.245584      0.24556     0.245539     0.245529     0.245553     0.245707      0.24637
  0.00570395    0.0052849    0.0049012   0.00454493   0.00421273   0.00390244    0.0036123   0.00334073   0.00308627   0.00284754   0.00262325   0.00241218   0.00221318   0.00202518   0.00184722   0.00167867   0.00151998   0.00137569   0.00126659   0.00127722   0.00174395   0.00399708    0.0132906     0.050368      0.19712     0.234209     0.243526     0.245814     0.246328     0.246399     0.246362     0.246303     0.246243     0.246187     0.246136     0.246091      0.24605     0.246015     0.245984     0.245958     0.245936     0.245918     0.245904     0.245895     0.245889     0.245887     0.245887     0.245884     0.245857     0.245719     0.245135     0.242775     0.233393      0.19627    0.0496278    0.0125069   0.00312646  0.000770492   0.00019146  6.02391e-05  4.02688e-05  4.63996e-05  5.71526e-05   6.7162e-05  7.51289e-05  8.07702e-05  8.40461e-05  8.49645e-05  8.35321e-05  7.97411e-05  7.35674e-05  6.49694e-05  5.38911e-05  4.02743e-05  2.41077e-05   5.6215e-06 -1.39397e-05 -2.92667e-05 -1.89395e-05  0.000102129  0.000670436   0.00301503    0.0123834    0.0494914      0.19612     0.233228     0.242595     0.244938     0.245504     0.245622     0.245628     0.245608     0.245584     0.245559     0.245537     0.245519     0.245509     0.245532     0.245675     0.246293
  0.00528288    0.0048988   0.00454258   0.00421051   0.00390037   0.00361037   0.00333894   0.00308461     0.002846   0.00262182   0.00241085   0.00221194   0.00202403   0.00184615   0.00167768   0.00151905   0.00137483   0.00126579   0.00127648   0.00174328   0.00399653    0.0132904     0.050369     0.197126     0.234216     0.243533     0.245822     0.246336     0.246406     0.246369      0.24631      0.24625     0.246194     0.246143     0.246098     0.246058     0.246022     0.245991     0.245965     0.245943     0.245925     0.245912     0.245902     0.245897     0.245895     0.245895     0.245892     0.245864     0.245727     0.245143     0.242783       0.2334     0.196278    0.0496354    0.0125145   0.00313411  0.000778153  0.000199136    6.793e-05  4.79754e-05  5.41226e-05  6.48929e-05  7.49207e-05   8.2907e-05  8.85689e-05  9.18668e-05  9.28086e-05   9.1401e-05  8.76368e-05  8.14915e-05   7.2924e-05  6.18784e-05  4.82967e-05  3.21676e-05  1.37218e-05 -5.79612e-06 -2.10766e-05 -1.06994e-05  0.000110423  0.000678787   0.00302345    0.0123918       0.0495     0.196129     0.233236     0.242604     0.244947     0.245513     0.245631     0.245637     0.245618     0.245593     0.245569     0.245546     0.245526     0.245509       0.2455     0.245522     0.245655      0.24623
  0.0048917  0.00453418  0.00420225  0.00389257   0.0036031  0.00333218  0.00307832  0.00284015  0.00261638   0.0024058  0.00220724  0.00201966  0.00184209   0.0016739  0.00151554  0.00137157  0.00126275  0.00127367  0.00174073  0.00399439   0.0132894   0.0503718    0.197143    0.234237    0.243556    0.245844    0.246359    0.246429    0.246392    0.246333    0.246273    0.246217    0.246167    0.246121    0.246081    0.246046    0.246015    0.245989    0.245967    0.245949    0.245936    0.245926    0.245921    0.245919    0.245919    0.245916    0.245888    0.245751    0.245167    0.242807    0.233424    0.196302   0.0496596   0.0125387  0.00315831  0.00080238 0.000223383 9.21992e-05  7.2266e-05 7.84348e-05  8.9227e-05 9.92769e-05 0.000107286 0.000112971 0.000116293  0.00011726 0.000115878 0.000112141 0.000106024 9.74865e-05 8.64723e-05 7.29239e-05 5.68301e-05 3.84217e-05 1.89437e-05 3.70565e-06 1.41281e-05 0.000135299 0.000703715  0.00304843   0.0124169   0.0495251    0.196154    0.233262    0.242629    0.244972    0.245538    0.245656    0.245663    0.245644    0.245619    0.245595    0.245572    0.245552    0.245533    0.245517     0.24551     0.24553    0.245654    0.246189
