0.0021777,0.0104936,8.83084e-06,0,0,0.00217689,0.0056558
0.0021777,0.0111011,9.43899e-06,8.38929e-08,0,0.00217503,0.0057693
0.0021777,0.0108556,9.13425e-06,2.69632e-07,0,0.00217289,0.00566027
0.0021777,0.0108428,9.07315e-06,4.53841e-07,0,0.00217066,0.00565714
0.0021777,0.0102493,8.39137e-06,6.3567e-07,0,0.00216837,0.00541851
0.0021777,0.0099212,7.99014e-06,8.06907e-07,0,0.00216602,0.00529464
0.0021777,0.00998268,8.00066e-06,9.68715e-07,0,0.00216361,0.00532219
0.0021777,0.0102563,8.23298e-06,1.12868e-06,0,0.00216112,0.00542838
0.0021777,0.0108933,8.84669e-06,1.29217e-06,0,0.00215855,0.00567627
0.0021777,0.0113201,9.23125e-06,1.46604e-06,0,0.00215586,0.00583458
0.0021777,0.0111626,8.99003e-06,1.64874e-06,0,0.00215306,0.00576261
0.0021777,0.0122894,1.01101e-05,1.82975e-06,0,0.00215012,0.00621231
0.0021777,0.0125806,1.03343e-05,2.02635e-06,0,0.00214703,0.00630846
0.0021777,0.0129702,1.06583e-05,2.23192e-06,0,0.00214377,0.00645654
0.0021777,0.0136659,1.1302e-05,2.44346e-06,0,0.00214033,0.00672515
0.0021777,0.0138,1.13426e-05,2.66628e-06,0,0.00213668,0.00676461
0.0021777,0.0144164,1.18912e-05,2.89293e-06,0,0.0021328,0.00700503
0.0021777,0.0146279,1.20033e-05,3.12801e-06,0,0.00212867,0.00707608
0.0021777,0.0151263,1.24156e-05,3.36752e-06,0,0.00212428,0.00726763
0.0021777,0.0155087,1.26988e-05,3.61377e-06,0,0.00211959,0.00740817
0.0021777,0.0157648,1.28426e-05,3.86633e-06,0,0.00211458,0.0074997
0.0021777,0.0165847,1.35802e-05,4.12246e-06,0,0.00210922,0.00781791
0.0021777,0.016478,1.33266e-05,4.39038e-06,0,0.00210348,0.00775705
0.0021777,0.0166862,1.34044e-05,4.65818e-06,0,0.00209733,0.00783572
0.0021777,0.0164063,1.29596e-05,4.92588e-06,0,0.00209073,0.00771417
0.0021777,0.0158378,1.22067e-05,5.1873e-06,0,0.00208366,0.00748433
0.0021777,0.0157847,1.20008e-05,5.43519e-06,0,0.00207606,0.00746407
0.0021777,0.015622,1.16767e-05,5.67624e-06,0,0.0020679,0.00739156
0.0021777,0.0150403,1.09064e-05,5.91139e-06,0,0.00205912,0.00715266
0.0021777,0.0148112,1.05117e-05,6.13337e-06,0,0.0020497,0.00706024
0.0021777,0.0137818,9.26706e-06,6.34558e-06,0,0.00203956,0.00664201
0.0021777,0.013575,8.9e-06,6.53714e-06,0,0.00202865,0.00656362
0.0021777,0.0127937,7.92381e-06,6.71698e-06,0,0.00201691,0.00624228
0.0021777,0.0122078,7.15888e-06,6.88034e-06,0,0.00200428,0.00600671
0.0021777,0.0121424,6.95005e-06,7.02734e-06,0,0.00199069,0.00597489
0.0021777,0.0117058,6.34836e-06,7.16738e-06,0,0.00197606,0.0057857
0.0021777,0.0112562,5.73627e-06,7.29736e-06,0,0.00196031,0.00559585
0.0021777,0.0102486,4.53537e-06,7.41514e-06,0,0.00194336,0.00518213
0.0021777,0.00963214,3.75636e-06,7.51186e-06,0,0.0019251,0.00493187
0.0021777,0.00923323,3.21372e-06,7.59088e-06,0,0.00190544,0.0047612
0.0021777,0.00862703,2.45566e-06,7.65787e-06,0,0.00188427,0.00450317
0.0021777,0.00894303,2.6826e-06,7.71077e-06,0,0.00186146,0.0046153
0.0021777,0.00889203,2.52161e-06,7.76329e-06,0,0.00183691,0.00456558
0.0021777,0.00885139,2.37495e-06,7.81452e-06,0,0.00181045,0.00452454
0.0021777,0.00888354,2.30882e-06,7.86276e-06,0,0.00178196,0.00451143
0.0021777,0.00822116,1.5082e-06,7.90926e-06,0,0.00175127,0.00421905
0.0021777,0.00828097,1.48054e-06,7.94343e-06,0,0.00171822,0.00422499
0.0021777,0.00794299,1.03357e-06,7.97318e-06,0,0.00168265,0.00406052
0.0021777,0.00758682,5.72148e-07,7.99609e-06,0,0.00164445,0.00389455
0.0021777,0.00749892,4.00621e-07,8.00984e-06,0,0.00160372,0.00383579
0.00213523,0.00674749,-4.71486e-07,8.01871e-06,0,0.00156152,0.00350796
0.00209168,0.0063565,-9.53832e-07,8.01364e-06,0,0.001519,0.00333428
0.00204812,0.00631361,-1.06096e-06,7.99697e-06,0,0.00147647,0.00329416
0.00200457,0.00587361,-1.58561e-06,7.97629e-06,0,0.00143405,0.00309025
0.00196102,0.00534965,-2.19349e-06,7.94772e-06,0,0.00139174,0.00285903
0.00191746,0.00490755,-2.70801e-06,7.90689e-06,0,0.00134957,0.0026619
0.00187391,0.00376111,-3.9641e-06,7.85531e-06,0,0.00130754,0.00218242
0.00183035,0.00350242,-4.26789e-06,7.78231e-06,0,0.00126566,0.00206834
0.0017868,0.00269356,-5.14987e-06,7.69847e-06,0,0.00122395,0.00172112
0.00174325,0.00243214,-5.44203e-06,7.59988e-06,0,0.00118241,0.00160109
0.00169969,0.00246352,-5.4171e-06,7.4925e-06,0,0.00114105,0.00158975
0.00165614,0.00248024,-5.40301e-06,7.38403e-06,0,0.00109988,0.00156825
0.00161258,0.0025446,-5.33371e-06,7.2759e-06,0,0.00105892,0.00156619
0.00156903,0.00229897,-5.58932e-06,7.16888e-06,0,0.00101819,0.00143985
0.00152548,0.00223488,-5.64671e-06,7.05837e-06,0,0.000977689,0.00139098
0.00148192,0.00173837,-6.15864e-06,6.94573e-06,0,0.000937444,0.0011669
0.00143837,0.00188615,-5.98002e-06,6.82511e-06,0,0.000897473,0.00120698
0.00139481,0.00174523,-6.10441e-06,6.70462e-06,0,0.000857794,0.00112221
0.00135126,0.00119699,-6.65665e-06,6.58315e-06,0,0.00081843,0.000879526
0.00130771,0.00100289,-6.82639e-06,6.45278e-06,0,0.000779403,0.000784835
0.00126415,0.00102168,-6.76522e-06,6.3171e-06,0,0.000740739,0.00077009
0.0012206,0.00129483,-6.43022e-06,6.18149e-06,0,0.000702465,0.000854051
0.00117704,0.0013573,-6.31656e-06,6.05121e-06,0,0.00066461,0.000850437
0.00113349,0.000771602,-6.88803e-06,5.92431e-06,0,0.000627207,0.000591725
0.00108994,0.000264361,-7.37025e-06,5.78941e-06,0,0.000590289,0.000374799
0.00104638,-0.000505366,-8.12541e-06,5.64442e-06,0,0.000553894,5.24376e-05
0.00100283,-0.00123337,-8.82918e-06,5.48568e-06,0,0.000518061,-0.000248617
0.000959275,-0.0017265,-9.27646e-06,5.31262e-06,0,0.000482834,-0.000455849
0.000915721,-0.00211498,-9.60645e-06,5.12933e-06,0,0.000448258,-0.000624156
0.000872167,-0.00248553,-9.91167e-06,4.93885e-06,0,0.000414383,-0.000786099
0.000828613,-0.00245644,-9.78697e-06,4.74214e-06,0,0.000381264,-0.000787879
0.000785059,-0.00264156,-9.88602e-06,4.54578e-06,0,0.000348957,-0.000880372
0.000741505,-0.00308164,-1.02513e-05,4.34855e-06,0,0.000317525,-0.00107038
0.000697952,-0.003386,-1.04669e-05,4.14535e-06,0,0.000287035,-0.00120121
0.000654398,-0.00383886,-1.08352e-05,3.93709e-06,0,0.00025756,-0.00139228
0.000610844,-0.00377536,-1.06498e-05,3.72223e-06,0,0.000229178,-0.00137369
0.00056729,-0.0038011,-1.05559e-05,3.50831e-06,0,0.000201973,-0.00139739
0.000523736,-0.00433207,-1.09952e-05,3.29672e-06,0,0.000176037,-0.00162016
0.000480182,-0.00481486,-1.13778e-05,3.07901e-06,0,0.000151466,-0.00181461
0.000436628,-0.00522658,-1.16795e-05,2.85337e-06,0,0.000128366,-0.00198009
0.000393074,-0.00573197,-1.20757e-05,2.62129e-06,0,0.000106852,-0.00218272
0.00034952,-0.00564048,-1.18326e-05,2.38175e-06,0,8.70445e-05,-0.00214428
0.000305966,-0.00519345,-1.12094e-05,2.14389e-06,0,6.90769e-05,-0.00197176
0.000262412,-0.00479791,-1.06402e-05,1.91658e-06,0,5.30908e-05,-0.00182408
0.000218858,-0.00485091,-1.05468e-05,1.70093e-06,0,3.92392e-05,-0.00185364
0.000175305,-0.00535307,-1.0928e-05,1.48953e-06,0,2.76857e-05,-0.00205473
0.000131751,-0.00617502,-1.16445e-05,1.27288e-06,0,1.86023e-05,-0.00237584
8.81967e-05,-0.00671096,-1.20514e-05,1.04357e-06,0,1.21581e-05,-0.00257722
4.46428e-05,-0.00694498,-1.21331e-05,8.04575e-07,0,8.47295e-06,-0.00266198
1.08885e-06,-0.00709331,-1.21204e-05,5.62321e-07,0,7.43802e-06,-0.00271684
0,-0.00752161,-1.2402e-05,3.1985e-07,0,8.02739e-06,-0.00288463
0,-0.00831755,-1.30697e-05,7.32187e-08,0,9.09626e-06,-0.00319484
0,-0.00916235,-1.37833e-05,-1.84837e-07,0,1.03281e-05,-0.00351885
0,-0.00962584,-1.40856e-05,-4.56935e-07,0,1.16455e-05,-0.0036898
0,-0.00978368,-1.40586e-05,-7.36833e-07,0,1.30343e-05,-0.00374447
0,-0.0099223,-1.40076e-05,-1.01814e-06,0,1.44969e-05,-0.00379607
0,-0.0106902,-1.46217e-05,-1.29855e-06,0,1.60399e-05,-0.00409914
0,-0.0133699,-1.72593e-05,-1.58791e-06,0,1.76716e-05,-0.00515582
0,-0.0136746,-1.73598e-05,-1.91991e-06,0,1.94008e-05,-0.00523479
0,-0.0132276,-1.66569e-05,-2.2666e-06,0,2.12373e-05,-0.00504986
0,-0.0128267,-1.60015e-05,-2.60326e-06,0,2.3191e-05,-0.00489473
0,-0.00999479,-1.27638e-05,-2.92656e-06,0,2.52728e-05,-0.00376809
0,-0.00704157,-9.40843e-06,-3.19803e-06,0,2.74942e-05,-0.00263008
0,-0.00440307,-6.40065e-06,-3.40297e-06,0,2.98676e-05,-0.0016194
0,-0.00120235,-2.80969e-06,-3.54603e-06,0,3.24062e-05,-0.000379213
0,0.00166699,4.11393e-07,-3.62017e-06,0,3.5124e-05,0.000720273
0,0.004426,3.49712e-06,-3.62805e-06,0,3.80361e-05,0.00178103
0,0.00512436,4.3758e-06,-3.57354e-06,0,4.11587e-05,0.00202096
0,0.00420022,3.52123e-06,-3.49042e-06,0,4.45091e-05,0.00164491
0,0.00345739,2.85616e-06,-3.41572e-06,0,4.81053e-05,0.00136641
0,0.0017715,1.18664e-06,-3.35527e-06,0,5.19671e-05,0.000708921
0,4.54984e-05,-5.23512e-07,-3.32319e-06,0,5.61159e-05,5.02126e-05
0,-0.00225426,-2.83961e-06,-3.32511e-06,0,6.05749e-05,-0.000836611
0,-0.00449707,-5.0882e-06,-3.37032e-06,0,6.53689e-05,-0.00169152
0,-0.00794762,-8.61095e-06,-3.46084e-06,0,7.05249e-05,-0.00302917
0,-0.01271,-1.35112e-05,-3.61545e-06,0,7.60715e-05,-0.00487171
0,-0.0172799,-1.81838e-05,-3.86117e-06,0,8.20399e-05,-0.00661696
0,-0.0210435,-2.19752e-05,-4.20148e-06,0,8.84633e-05,-0.00804284
0,-0.0244325,-2.53455e-05,-4.62203e-06,0,9.53775e-05,-0.0093312
0,-0.0272,-2.80326e-05,-5.11209e-06,0,0.000102821,-0.0103769
0,-0.0296177,-3.03265e-05,-5.6593e-06,0,0.000110836,-0.0112922
0,-0.0305724,-3.10459e-05,-6.25436e-06,0,0.000119466,-0.0116286
0,-0.0324215,-3.27e-05,-6.87169e-06,0,0.000128759,-0.0123445
0,-0.0351057,-3.52215e-05,-7.51742e-06,0,0.000138765,-0.0133802
0,-0.0366427,-3.65012e-05,-8.20924e-06,0,0.000149534,-0.0139452
0,-0.0386287,-3.82385e-05,-8.93286e-06,0,0.000161099,-0.0147073
0,-0.0402587,-3.95764e-05,-9.68895e-06,0,0.000173428,-0.0153209
9.76574e-06,-0.0386629,-3.74691e-05,-1.04738e-05,0,0.000186218,-0.0146523
3.03252e-05,-0.0381162,-3.64709e-05,-1.12337e-05,0,0.000198909,-0.0144527
5.08846e-05,-0.0384994,-3.64517e-05,-1.19681e-05,0,0.000211103,-0.0146088
7.14441e-05,-0.0403831,-3.80137e-05,-1.26972e-05,0,0.000222664,-0.0153506
9.20035e-05,-0.0353902,-3.22559e-05,-1.34497e-05,0,0.000233516,-0.0133243
0.000112563,-0.028342,-2.43303e-05,-1.41236e-05,0,0.000243599,-0.0105833
0.000133122,-0.0207182,-1.58212e-05,-1.46498e-05,0,0.000252854,-0.00764472
0.000153682,-0.0204303,-1.51354e-05,-1.50088e-05,0,0.000261217,-0.00764472
0,-0.0422412,-3.7578e-05,-1.53252e-05,0,1.68823e-05,-0.0165401
0,-0.0455501,-4.05977e-05,-1.64941e-05,0,1.59837e-05,-0.0175326
0,-0.0468708,-4.14944e-05,-1.69256e-05,0,1.49068e-05,-0.0180099
0,-0.0477317,-4.18935e-05,-1.75431e-05,0,1.38444e-05,-0.0183339
0,-0.0463521,-3.98993e-05,-1.83789e-05,0,1.28427e-05,-0.0177703
0,-0.0402355,-3.28724e-05,-1.91869e-05,0,1.19095e-05,-0.0153496
0,-0.0347008,-2.64844e-05,-1.98795e-05,0,1.10431e-05,-0.0132338
0,-0.0340326,-2.52854e-05,-2.04411e-05,0,1.02395e-05,-0.0130522
0,-0.0281518,-1.85545e-05,-2.09528e-05,0,9.49433e-06,-0.0107147
0,-0.023679,-1.33463e-05,-2.13643e-05,0,8.80339e-06,-0.00901917
0,-0.0233262,-1.25375e-05,-2.16573e-05,0,8.16275e-06,-0.00894715
0,-0.0199391,-8.51462e-06,-2.19121e-05,0,7.56876e-06,-0.0076004
0,-0.0155429,-3.44313e-06,-2.21025e-05,0,7.018e-06,-0.00589722
0,-0.0116146,1.10211e-06,-2.21967e-05,0,6.50733e-06,-0.00439629
0,-0.00441568,9.09005e-06,-2.21974e-05,0,6.03385e-06,-0.0015823
0,0.000399862,1.45e-05,-2.20555e-05,0,5.59482e-06,0.000229981
0,0.0043098,1.89087e-05,-2.17926e-05,0,5.18776e-06,0.00171719
0,0.00464562,1.94852e-05,-2.14364e-05,0,4.81032e-06,0.0017912
0,0.00345551,1.84196e-05,-2.10496e-05,0,4.46035e-06,0.0013107
0,0.00165385,1.66905e-05,-2.06759e-05,0,4.13586e-06,0.000609399
0,-0.000643275,1.44253e-05,-2.03334e-05,0,3.83498e-06,-0.00028035
0,-0.00198552,1.31679e-05,-2.00336e-05,0,3.55601e-06,-0.00078123
0,-0.0039104,1.12828e-05,-1.97639e-05,0,3.29733e-06,-0.00152936
0,-0.0085097,6.55338e-06,-1.95289e-05,0,3.05748e-06,-0.00333642
0,-0.0129279,2.02559e-06,-1.93742e-05,0,2.83508e-06,-0.00503021
0,-0.0185591,-3.77853e-06,-1.9311e-05,0,2.62887e-06,-0.00721106
0,-0.0239863,-9.34613e-06,-1.93576e-05,0,2.43766e-06,-0.00929189
0,-0.0286144,-1.4043e-05,-1.95166e-05,0,2.26037e-06,-0.0110567
0,-0.0314806,-1.68481e-05,-1.9774e-05,0,2.09597e-06,-0.0121304
0,-0.0315873,-1.6708e-05,-2.00969e-05,0,1.94354e-06,-0.0121291
0,-0.0328419,-1.77836e-05,-2.04318e-05,0,1.8022e-06,-0.0126285
0,-0.0342058,-1.89666e-05,-2.07821e-05,0,1.67114e-06,-0.0131539
0,-0.0351153,-1.96576e-05,-2.11555e-05,0,1.54962e-06,-0.0134962
0,-0.0361433,-2.04667e-05,-2.15452e-05,0,1.43694e-06,-0.0138928
0,-0.0380668,-2.22179e-05,-2.19505e-05,0,1.33245e-06,-0.0146451
0,-0.0408696,-2.48896e-05,-2.23861e-05,0,1.23557e-06,-0.0157349
0,-0.0441702,-2.80715e-05,-2.28705e-05,0,1.14573e-06,-0.0170098
0,-0.039033,-2.22733e-05,-2.34161e-05,0,1.06243e-06,-0.0149081
0,-0.0415781,-2.46492e-05,-2.38905e-05,0,9.85184e-07,-0.0160031
0,-0.0441582,-2.7046e-05,-2.43716e-05,0,9.13559e-07,-0.0169943
0,-0.0472883,-3.00095e-05,-2.49006e-05,0,8.47144e-07,-0.0182046
0,-0.0420575,-2.4075e-05,-2.54859e-05,0,7.8556e-07,-0.0160681
0,-0.0334064,-1.45274e-05,-2.59971e-05,0,7.28454e-07,-0.012694
0,-0.0219584,-2.04861e-06,-2.63354e-05,0,6.75502e-07,-0.00825554
0,-0.0215191,-1.31472e-06,-2.64388e-05,0,6.264e-07,-0.00825554
0.00107152,-0.0318807,-1.42195e-05,-2.64848e-05,0,0.00242907,-0.0113205
0.00107152,-0.0347197,-1.68914e-05,-2.64848e-05,0,0.00224543,-0.0123681
0.000698998,-0.0373418,-1.9311e-05,-2.70728e-05,0,0.00205105,-0.0134358
0.000590172,-0.0389826,-2.06798e-05,-2.73117e-05,0,0.00187004,-0.0141291
0.000422747,-0.037115,-1.83138e-05,-2.77185e-05,0,0.00170646,-0.0134248
0.000255323,-0.0325342,-1.30741e-05,-2.80966e-05,0,0.00156199,-0.0116846
8.7898e-05,-0.0264245,-6.23264e-06,-2.83843e-05,0,0.00143646,-0.00936994
0,-0.0240605,-3.39969e-06,-2.85431e-05,0,0.0013272,-0.00856963
0,-0.0191637,2.10504e-06,-2.86253e-05,0,0.00122939,-0.00669675
0,-0.0149937,6.80715e-06,-2.86107e-05,0,0.00113962,-0.00514945
0,-0.0134664,8.67349e-06,-2.84981e-05,0,0.00105663,-0.00464303
0,-0.00906257,1.35742e-05,-2.83339e-05,0,0.000979735,-0.00294473
0,-0.00616631,1.68402e-05,-2.8087e-05,0,0.000908457,-0.00188977
0,-0.002485,2.09107e-05,-2.77665e-05,0,0.00084237,-0.000495776
0,0.00184476,2.56356e-05,-2.73727e-05,0,0.000781094,0.0011474
0,0.00539277,2.94917e-05,-2.68836e-05,0,0.000724277,0.00247062
0,0.00607197,3.0265e-05,-2.63131e-05,0,0.000671595,0.00266233
0,0.00499702,2.91514e-05,-2.57116e-05,0,0.000622746,0.0021994
0,0.00255965,2.65758e-05,-2.5123e-05,0,0.000577452,0.00122106
0,-0.000399009,2.34389e-05,-2.45786e-05,0,0.000535454,5.70096e-05
0,-0.00318317,2.0484e-05,-2.40942e-05,0,0.000496512,-0.00102792
0,-0.00445772,1.91299e-05,-2.36697e-05,0,0.000460403,-0.00151141
0,-0.00549195,1.80238e-05,-2.32804e-05,0,0.000426921,-0.00192081
0,-0.00750392,1.58723e-05,-2.29143e-05,0,0.000395875,-0.00272312
0,-0.0101158,1.30823e-05,-2.25861e-05,0,0.000367088,-0.00374894
0,-0.012609,1.04213e-05,-2.23105e-05,0,0.000340395,-0.00471714
0,-0.0150708,7.79771e-06,-2.20888e-05,0,0.000315644,-0.0056737
0,-0.0175378,5.17407e-06,-2.19197e-05,0,0.000292694,-0.00663198
0,-0.0203772,2.16212e-06,-2.18031e-05,0,0.000271412,-0.00773809
0,-0.0220128,4.38795e-07,-2.17448e-05,0,0.000251679,-0.00835705
0,-0.0233465,-9.57844e-07,-2.17274e-05,0,0.000233381,-0.00887327
0,-0.0250667,-2.75905e-06,-2.17396e-05,0,0.000216414,-0.00954778
0,-0.0259175,-3.58199e-06,-2.17858e-05,0,0.00015015,-0.0103944
0,-0.0279716,-5.67706e-06,-2.18533e-05,0,1.97935e-05,-0.0112951
0,-0.0304734,-8.23587e-06,-2.19564e-05,0,-0.000127283,-0.0123537
0,-0.0331599,-1.09762e-05,-2.21083e-05,0,-0.000279145,-0.0134751
0,-0.0349526,-1.27509e-05,-2.23141e-05,0,-0.000432673,-0.0142319
-6.81087e-05,-0.0335884,-1.11606e-05,-2.25603e-05,0,-0.000585275,-0.0137365
-0.000211495,-0.0288594,-5.99923e-06,-2.27914e-05,0,-0.000733181,-0.0119402
-0.000354882,-0.0244316,-1.17661e-06,-2.29372e-05,0,-0.000873907,-0.0103096
-0.000498269,-0.0221196,1.37935e-06,-2.29849e-05,0,-0.00100679,-0.00951313
-0.000641656,-0.0182829,5.54127e-06,-2.29701e-05,0,-0.0011316,-0.00806946
-0.000785042,-0.0140091,1.01455e-05,-2.28801e-05,0,-0.0012482,-0.00646877
-0.000928429,-0.0120221,1.2296e-05,-2.27002e-05,0,-0.00135643,-0.00578211
-0.00107182,-0.0118562,1.24958e-05,-2.2465e-05,0,-0.00145611,-0.00578211
0.000935598,-0.0353284,-1.45238e-05,-2.22191e-05,0,0.000695535,-0.0136855
0.000713349,-0.0356856,-1.47741e-05,-2.25352e-05,0,0.000607653,-0.0134598
0.000634486,-0.0355206,-1.44666e-05,-2.26965e-05,0,0.000530166,-0.0134182
0.000505438,-0.0349401,-1.37139e-05,-2.29586e-05,0,0.000462192,-0.0132108
0.000362052,-0.0327072,-1.12042e-05,-2.32366e-05,0,0.000404447,-0.0123457
0.000218665,-0.0275139,-5.55738e-06,-2.34732e-05,0,0.000357515,-0.0103211
7.5278e-05,-0.023432,-1.11246e-06,-2.36126e-05,0,0.000321324,-0.00878359
0,-0.0248769,-2.55493e-06,-2.36571e-05,0,0.000293894,-0.00943431
0,-0.021039,1.61608e-06,-2.3701e-05,0,0.00027147,-0.00789003
0,-0.017798,5.1335e-06,-2.36895e-05,0,0.000251465,-0.00666414
0,-0.0140531,9.16663e-06,-2.36044e-05,0,0.00023312,-0.00522723
0,-0.00853608,1.50577e-05,-2.34413e-05,0,0.000216163,-0.00308984
0,-0.00309522,2.08341e-05,-2.31696e-05,0,0.000200453,-0.0010094
0,0.00107882,2.52289e-05,-2.27818e-05,0,0.000185888,0.000566928
0,0.00342987,2.76554e-05,-2.22992e-05,0,0.000172383,0.00143527
0,0.00264891,2.67308e-05,-2.17582e-05,0,0.00015986,0.00108146
0,-0.000972264,2.27791e-05,-2.1219e-05,0,0.000148247,-0.000358003
0,-0.00465423,1.87663e-05,-2.07436e-05,0,0.000137478,-0.00177782
0,-0.00706759,1.61066e-05,-2.03482e-05,0,0.000127492,-0.0026898
0,-0.00906792,1.38878e-05,-2.00115e-05,0,0.000118232,-0.00345595
0,-0.00941411,1.34274e-05,-1.97226e-05,0,0.000109644,-0.00356763
0,-0.00875789,1.40269e-05,-1.94518e-05,0,0.00010168,-0.00330411
0,-0.00734194,1.54241e-05,-1.91742e-05,0,9.42956e-05,-0.00275232
0,-0.00636885,1.63385e-05,-1.88727e-05,0,8.74473e-05,-0.00238875
0,-0.00799162,1.44859e-05,-1.85505e-05,0,8.10966e-05,-0.00305463
0,-0.0113748,1.07657e-05,-1.82515e-05,0,7.52073e-05,-0.00438344
0,-0.0146361,7.18602e-06,-1.80176e-05,0,6.9746e-05,-0.00563639
0,-0.0170764,4.49057e-06,-1.7856e-05,0,6.46814e-05,-0.00656324
0,-0.0174066,4.04615e-06,-1.77527e-05,0,5.99847e-05,-0.00665993
0,-0.0159403,5.51089e-06,-1.76696e-05,0,5.56292e-05,-0.00607148
0,-0.0170879,4.19386e-06,-1.75667e-05,0,5.15902e-05,-0.00655408
0,-0.019421,1.62343e-06,-1.74762e-05,0,4.78445e-05,-0.00746986
0,-0.0210083,-1.02912e-07,-1.74309e-05,0,6.59303e-07,-0.00852441
0,-0.0256299,-5.04084e-06,-1.74243e-05,0,-0.000102704,-0.0104219
0,-0.0286422,-8.24493e-06,-1.75005e-05,0,-0.000221216,-0.0116284
0,-0.0335664,-1.34589e-05,-1.76493e-05,0,-0.0003445,-0.0136199
0,-0.037244,-1.7319e-05,-1.78924e-05,0,-0.000469814,-0.0150804
-5.89161e-05,-0.0364901,-1.64473e-05,-1.82195e-05,0,-0.000594871,-0.0147861
-0.00018295,-0.0335699,-1.32688e-05,-1.85528e-05,0,-0.000716373,-0.01369
-0.000306984,-0.031173,-1.06506e-05,-1.88341e-05,0,-0.000832132,-0.012831
-0.000431018,-0.0300508,-9.3899e-06,-1.90602e-05,0,-0.000941537,-0.0124679
-0.000555051,-0.0234663,-2.32957e-06,-1.92543e-05,0,-0.00104437,-0.00989929
-0.000679085,-0.016665,4.93356e-06,-1.93362e-05,0,-0.00114047,-0.0073229
-0.000803119,-0.012437,9.43248e-06,-1.92738e-05,0,-0.00122968,-0.00577249
-0.000927153,-0.0122021,9.66825e-06,-1.91077e-05,0,-0.0013118,-0.00577249
0.000809321,-0.0443979,-2.62682e-05,-1.8919e-05,0,0.000549431,-0.0173573
0.000626371,-0.0484304,-3.04103e-05,-1.95154e-05,0,0.000477108,-0.0184671
0.000555051,-0.0503882,-3.23253e-05,-1.98444e-05,0,0.000413402,-0.0192109
0.000437219,-0.052468,-3.4346e-05,-2.04491e-05,0,0.000357755,-0.0200282
0.000313185,-0.0497366,-3.12331e-05,-2.11259e-05,0,0.000310826,-0.0189195
0.000189152,-0.0435511,-2.44499e-05,-2.17661e-05,0,0.000273057,-0.016503
6.51178e-05,-0.0376076,-1.79398e-05,-2.2289e-05,0,0.00024438,-0.0142344
0,-0.0373893,-1.75271e-05,-2.26804e-05,0,0.000223092,-0.0142469
0,-0.0322675,-1.19034e-05,-2.3033e-05,0,0.000205957,-0.0122129
0,-0.0269705,-6.11292e-06,-2.32991e-05,0,0.00019075,-0.0101835
0,-0.0247106,-3.57023e-06,-2.34504e-05,0,0.000176828,-0.00936897
0,-0.0185151,3.13923e-06,-2.35345e-05,0,0.000163964,-0.00693597
0,-0.0140393,7.99092e-06,-2.35052e-05,0,0.000152047,-0.00524943
0,-0.00896972,1.34458e-05,-2.33697e-05,0,0.000141,-0.00329907
0,-0.00477034,1.79444e-05,-2.3128e-05,0,0.000130756,-0.00170487
0,-0.000272649,2.27289e-05,-2.27916e-05,0,0.000121258,2.21164e-05
0,0.00102869,2.40857e-05,-2.2361e-05,0,0.000112449,0.000468614
0,-0.000774687,2.21255e-05,-2.18861e-05,0,0.000104281,-0.000275283
0,-0.00546317,1.70963e-05,-2.14337e-05,0,9.67065e-05,-0.00212331
0,-0.011454,1.06941e-05,-2.10667e-05,0,8.96823e-05,-0.0044469
0,-0.0156944,6.16943e-06,-2.08208e-05,0,8.31686e-05,-0.00605133
0,-0.0179938,3.7196e-06,-2.06748e-05,0,7.71282e-05,-0.0069074
0,-0.0183718,3.31728e-06,-2.05881e-05,0,7.15267e-05,-0.00702574
0,-0.019131,2.50954e-06,-2.05198e-05,0,6.63322e-05,-0.00732557
0,-0.0201529,1.42439e-06,-2.04651e-05,0,6.15152e-05,-0.0077243
0,-0.0221378,-6.79763e-07,-2.04312e-05,0,5.70481e-05,-0.00850331
0,-0.0240928,-2.74355e-06,-2.04343e-05,0,5.29055e-05,-0.00925548
0,-0.0258695,-4.6084e-06,-2.04789e-05,0,4.90639e-05,-0.00993675
0,-0.0268846,-5.65495e-06,-2.05617e-05,0,4.55014e-05,-0.0103166
0,-0.0273309,-6.09056e-06,-2.06696e-05,0,4.21977e-05,-0.0104808
0,-0.0279288,-6.68247e-06,-2.07892e-05,0,3.91339e-05,-0.0107142
0,-0.028037,-6.7488e-06,-2.09199e-05,0,3.62927e-05,-0.0107496
0,-0.0278183,-6.39011e-06,-2.10545e-05,0,-4.67093e-05,-0.0114981
0,-0.0288702,-7.37799e-06,-2.11841e-05,0,-0.000233273,-0.0120603
0,-0.0300715,-8.51629e-06,-2.13267e-05,0,-0.000447938,-0.0126595
0,-0.0330796,-1.15639e-05,-2.14914e-05,0,-0.000671615,-0.0139721
0,-0.0341888,-1.25775e-05,-2.17074e-05,0,-0.000899239,-0.0144917
-0.000108322,-0.0332747,-1.14328e-05,-2.19539e-05,0,-0.00112659,-0.0142246
-0.000336368,-0.027562,-5.19308e-06,-2.21883e-05,0,-0.0013476,-0.0120636
-0.000564414,-0.0225091,3.22111e-07,-2.23233e-05,0,-0.00155822,-0.0102305
-0.00079246,-0.0207436,2.32259e-06,-2.23445e-05,0,-0.00175731,-0.00969081
-0.00102051,-0.0166232,6.81183e-06,-2.2308e-05,0,-0.00194447,-0.0081513
-0.00124855,-0.0115742,1.22627e-05,-2.21942e-05,0,-0.00211939,-0.00626815
-0.0014766,-0.00863942,1.54381e-05,-2.19762e-05,0,-0.00228177,-0.00523464
-0.00170464,-0.00839504,1.57335e-05,-2.16833e-05,0,-0.00243126,-0.00523464
0.001488,-0.0357369,-1.66528e-05,-2.13746e-05,0,0.000990771,-0.0138159
0.00115163,-0.0388462,-1.9796e-05,-2.17054e-05,0,0.000859207,-0.0146219
0.00102051,-0.0405582,-2.14396e-05,-2.19158e-05,0,0.000743385,-0.0153013
0.000803862,-0.043381,-2.42468e-05,-2.23149e-05,0,0.000642285,-0.0164326
0.000575816,-0.0442138,-2.4919e-05,-2.27858e-05,0,0.000557125,-0.0167464
0.00034777,-0.0425441,-2.29206e-05,-2.32808e-05,0,0.000488724,-0.0160876
0.000119724,-0.0416316,-2.17248e-05,-2.37492e-05,0,0.000436966,-0.0157664
0,-0.0457218,-2.58367e-05,-2.41897e-05,0,0.000398722,-0.0174289
0,-0.0464041,-2.63035e-05,-2.46859e-05,0,0.000368049,-0.0176526
0,-0.0481986,-2.79389e-05,-2.52096e-05,0,0.00034086,-0.0183714
0,-0.0531178,-3.28742e-05,-2.57602e-05,0,0.000315977,-0.0203199
0,-0.0570729,-3.67527e-05,-2.6393e-05,0,0.000292988,-0.0218347
0,-0.0648253,-4.46323e-05,-2.71087e-05,0,0.000271693,-0.0248797
0,-0.0735458,-5.34891e-05,-2.79619e-05,0,0.000251952,-0.0282523
0,-0.0872459,-6.75744e-05,-2.89874e-05,0,0.000233647,-0.0335977
0,-0.09,-0.000444516,-3.02685e-05,0,0.000216673,-0.0399436
0,-0.09,-0.00180905,-3.70856e-05,0,0.000200933,-0.0483081
0,-0.09,-0.00540495,-5.8939e-05,0,0.000186336,-0.057608
0,-0.09,-0.0138359,-0.000129281,0,0.000172801,-0.0667328
0,-0.09,-0.0330833,-0.000317474,0,0.000160249,-0.0753645
0,-0.09,-0.0706052,-0.000767418,0,0.00014861,-0.081594
0,-0.09,-0.148522,-0.00178554,-0.0103444,0.000137816,-0.0875019
0,-0.09,-0.249869,-0.00385994,-0.0500148,0.000127806,-0.0917143
0,-0.09,-0.370085,-0.00779318,-0.0972549,0.000118524,-0.0969164
0,-0.09,-0.534384,-0.0138725,-0.115003,0.000109917,-0.103949
0,-0.09,-0.839026,-0.0223422,-0.108559,0.000101934,-0.112682
0,-0.09,-1.46074,-0.0348577,-0.101549,9.45321e-05,-0.119956
0,-0.09,-5.37897,-0.0563011,-0.0905628,8.76676e-05,-0.127911
0,-0.09,-7,-0.107066,-0.0806051,8.13017e-05,-0.134098
0,-0.09,-7,-0.309588,-0.0609303,7.53984e-05,-0.145439
0,-0.09,-7,-0.309588,-0.0609303,6.99239e-05,-0.148718
0,-0.09,-7,-0.467088,-0.048666,6.4847e-05,-0.152152
0,-0.09,-7,-0.607088,-0.0424905,-0.00161069,-0.15605
0,-0.09,-7,-0.747088,-0.0380721,-0.00544286,-0.156832
0,-0.09,-7,-0.887088,-0.0356136,-0.00986254,-0.157238
0,-0.09,-7,-1.06559,-0.0357422,-0.0145123,-0.154524
-0.00401493,-0.0940149,-6.7947,-1.35259,-0.0393309,-0.0193477,-0.148485
-0.00732134,-0.0973213,-6.55349,-1.45049,-0.0443522,-0.0241871,-0.146022
-0.0119267,-0.101927,-6.30589,-1.58093,-0.047398,-0.0288169,-0.144513
-0.0166501,-0.10665,-6.0547,-1.70953,-0.0490046,-0.0331935,-0.143268
-0.0213736,-0.111374,-5.80161,-1.83338,-0.0536395,-0.0373048,-0.141856
-0.026097,-0.116097,-5.54941,-1.9522,-0.0563913,-0.0411449,-0.142347
-0.0308205,-0.12082,-5.29947,-2.06609,-0.0596322,-0.0447082,-0.143671
0.0353078,-0.0546922,-5.12185,-2.17495,6.59591e-11,0.0228632,-0.0683828
0.03023,-0.05977,-4.89375,-2.28756,-1.61559e-26,0.0198764,-0.0682242
0.0258609,-0.0641391,-4.66463,-2.38049,3.58732e-43,0.0171906,-0.066048
0.0211374,-0.0688626,-4.43659,-2.47619,-7.96546e-59,0.0148136,-0.0650794
0.016414,-0.073586,-4.21271,-2.5672,1.76869e-74,0.0127599,-0.0665753
0.0116905,-0.0783095,-3.9917,-2.65369,-3.92727e-90,0.011043,-0.0652008
0.00696708,-0.0830329,-3.77363,-2.73573,8.7203e-106,0.00967353,-0.0638873
0.00224364,-0.0877564,-3.56158,-2.81339,-1.69426e-121,0.00864627,-0.0669319
0,-0.09,-3.35491,-2.88674,2.14972e-137,0.00789113,-0.0672933
0,-0.09,-3.1527,-2.9559,-4.77334e-153,0.0072845,-0.0669026
0,-0.09,-2.95708,-3.02098,9.27407e-169,0.00674649,-0.069356
0,-0.09,-2.76732,-3.08208,-1.17672e-184,0.00625402,-0.0700626
0,-0.09,-2.58257,-3.13932,2.61284e-200,0.00579902,-0.0703238
0,-0.09,-2.40421,-3.19282,-5.80167e-216,0.00537754,-0.0719622
0,-0.09,-2.23334,-3.24269,1.28823e-231,0.00498681,-0.0739261
0,-0.09,-2.07432,-3.28906,-1.43022e-247,0.00462451,-0.0777564
0,-0.09,-1.93526,-3.33222,1.98483e-264,0.00428855,-0.0824254
0,-0.09,-1.82408,-3.37239,-3.85631e-280,0.00397701,-0.0862059
0,-0.09,-1.75521,-3.41004,1.98778e-296,0.00368811,-0.089512
0,-0.09,-1.72166,-3.4459,-0.0160265,0.00342021,-0.0915689
0,-0.09,-1.69718,-3.48067,-0.0296505,0.00317178,-0.0923978
0,-0.09,-1.68496,-3.51487,-0.0548768,0.0029414,-0.0943609
0,-0.09,-1.68698,-3.5487,-0.0868553,0.00272776,-0.0972823
0,-0.09,-1.70287,-3.58242,-0.11562,0.00252965,-0.100852
0,-0.09,-1.75802,-3.61626,-0.12184,0.00234593,-0.10605
0,-0.09,-1.84255,-3.65068,-0.128474,0.00217556,-0.110645
0,-0.09,-1.97333,-3.68656,-0.123916,0.00201757,-0.114569
0,-0.09,-2.19503,-3.72439,-0.105996,0.00187106,-0.117263
0,-0.09,-2.64166,-3.76496,-0.0882681,0.00173519,-0.119783
0,-0.09,-5.53074,-3.81266,-0.0715016,0.0016092,-0.123986
0,-0.09,-7,-3.88283,-0.0590722,0.00149235,-0.129677
0,-0.09,-7,-4.12596,-0.0447201,0.001384,-0.13923
0,-0.09,-6.88687,-4.24846,-0.041196,-0.000745803,-0.139362
0,-0.09,-6.54341,-4.62229,-0.0190388,-0.00577244,-0.12335
0,-0.09,-6.17984,-4.74419,-7.50594e-10,-0.0118415,-0.114975
0,-0.09,-5.81603,-4.85306,7.29888e-10,-0.0181331,-0.108631
-0.00473294,-0.0947329,-5.45659,-4.95866,-2.06795e-25,-0.024324,-0.103054
-0.00960931,-0.0996093,-5.10394,-5.0552,1.14794e-41,-0.0302379,-0.100445
-0.0149159,-0.104916,-4.75895,-5.15333,-2.54895e-57,-0.0358305,-0.100714
-0.0202226,-0.110223,-4.42222,-5.24482,2.8299e-73,-0.0410962,-0.103378
-0.0259595,-0.115959,-4.0934,-5.33663,-6.28364e-89,-0.0460354,-0.10403
-0.0316964,-0.121696,-3.77244,-5.42178,1.39525e-104,-0.050647,-0.104339
-0.0374333,-0.127433,-3.45928,-5.50044,-3.09807e-120,-0.0549259,-0.103436
0.0428833,-0.0471167,-3.35885,-5.57276,5.26681e-136,0.0271891,-0.026658
0.0319832,-0.0580168,-3.05377,-5.70145,-7.63734e-152,0.0236439,-0.0285809
0.0271068,-0.0628932,-2.75698,-5.75641,1.69583e-167,0.020516,-0.0289335
0.0225173,-0.0674827,-2.46841,-5.80349,-1.88275e-183,0.0177694,-0.0289398
0.0179278,-0.0720722,-2.1879,-5.84602,4.18054e-199,0.0153939,-0.0282185
0.0131949,-0.0768051,-1.91532,-5.88492,-9.28267e-215,0.0133933,-0.0277996
0.00846193,-0.0815381,-1.65074,-5.91939,2.06117e-230,0.0117704,-0.0292187
0.00272503,-0.087275,-1.39395,-5.95505,-4.57671e-246,0.0105315,-0.0313913
0,-0.09,-1.14503,-5.9855,1.01623e-261,0.00961487,-0.034107
0,-0.09,-0.903979,-6.01089,-2.25649e-277,0.00887661,-0.0364163
0,-0.09,-0.670548,-6.03138,5.01042e-293,0.00822128,-0.0367593
0,-0.09,-0.444405,-6.04712,-1.11254e-308,0.00762124,-0.035265
0,-0.09,-0.225282,-6.05827,-1.2154e-321,0.00706683,-0.0328635
0,-0.0878457,-0.0131209,-6.06497,-1.2154e-321,0.00655325,-0.0305698
0,-0.0814454,0.192041,-6.06735,-1.2154e-321,0.00607713,-0.0281906
0,-0.0747595,0.390273,-6.06454,-1.2154e-321,0.00563565,-0.0257488
0,-0.0696441,0.581654,-6.05772,-1.2154e-321,0.00522626,-0.0239259
0,-0.0624704,0.766248,-6.04705,-1.2154e-321,0.00484663,-0.0212457
0,-0.0558833,0.94415,-6.03264,-1.2154e-321,0.00449459,-0.0188208
0,-0.0515205,1.11543,-6.01465,-1.2154e-321,0.00416813,-0.0172655
0,-0.0464622,1.28019,-5.9932,-1.2154e-321,0.00386539,-0.0153898
0,-0.0445476,1.43851,-5.96842,-1.2154e-321,0.00358466,-0.0147721
0,-0.0386865,1.59053,-5.94044,-1.2154e-321,0.00332432,-0.0125234
0,-0.0336822,1.73635,-5.90939,-1.2154e-321,0.0030829,-0.0106706
0,-0.0364275,1.87606,-5.87539,-1.2154e-321,0.00285901,-0.0118933
0,-0.042938,2.00978,-5.83857,-1.2154e-321,0.0026514,-0.0144952
0,-0.0423651,2.13765,-5.79904,-1.2154e-321,0.00245887,-0.0142064
0,-0.0333837,2.25976,-5.75693,-1.2154e-321,0.00228032,-0.0106644
0,-0.0224794,2.37623,-5.71234,-1.2154e-321,0.00211475,-0.00647949
0,-0.00925523,2.48716,-5.6654,-1.2154e-321,0.0019612,-0.00139431
0,-0.002187,2.59267,-5.61621,-1.2154e-321,0.00181881,0.00120046
0,-0.000994876,2.69286,-5.56489,-1.2154e-321,0.00168676,0.00154606
0,0.000780019,2.78784,-5.51153,-1.2154e-321,0.00156431,0.00221682
0,0.000798872,2.87774,-5.45625,-1.2154e-321,0.00145453,0.002219
0,0.0080987,2.96267,-5.39914,-1.2154e-321,0.00135789,0.00512429
0,0.0228097,3.04273,-5.34032,-1.2154e-321,0.00127023,0.0108787
0,0.0283363,3.11803,-5.27986,-1.2154e-321,0.00119009,0.0128536
0,0.0291266,3.18868,-5.21788,-1.2154e-321,0.00111672,0.0130789
5.61931e-06,0.0243476,3.25478,-5.15446,-1.2154e-321,0.00104943,0.0111538
1.63228e-05,0.0189545,3.31645,-5.08969,-1.2154e-321,0.000987492,0.00906925
2.70262e-05,0.0175517,3.3738,-5.0237,-1.2154e-321,0.000930309,0.00858769
3.77297e-05,0.0177644,3.42694,-4.95651,-1.2154e-321,0.000877452,0.00869019
4.84331e-05,0.0187346,3.47597,-4.88824,-1.2154e-321,0.000828548,0.00907048
5.91365e-05,0.0184706,3.52099,-4.81897,-1.2154e-321,0.000783255,0.00894626
7.06428e-05,0.017775,3.56194,-4.74349,-1.2154e-321,0.000741254,0.00866835
-8.00083e-05,-0.00969265,3.59925,-4.67782,-1.2154e-321,0.000541695,-0.00240128
-6.55586e-05,-0.0174946,3.63203,-4.58083,-1.2154e-321,0.000505375,-0.00510344
-5.86014e-05,-0.0208661,3.66212,-4.53377,-1.2154e-321,0.000471496,-0.00633465
-4.78979e-05,-0.016517,3.68873,-4.46068,-1.2154e-321,0.000439838,-0.00455171
-3.71945e-05,-0.00960361,3.71195,-4.38704,-1.2154e-321,0.000410142,-0.00186354
-2.6491e-05,-0.00474864,3.73187,-4.31292,-1.2154e-321,0.000382177,-3.69358e-05
-1.57876e-05,-0.0039358,3.74859,-4.23838,-1.2154e-321,0.000355738,0.000206855
-5.08414e-06,-0.00461981,3.76222,-4.16349,-1.2154e-321,0.000330668,-8.54813e-05
0,-0.0104754,3.77284,-4.08831,-1.2154e-321,0.00030697,-0.0024202
0,-0.0127391,3.78055,-4.01291,-1.2154e-321,0.00028478,-0.00324186
0,-0.012633,3.78544,-3.93734,-1.2154e-321,0.000264144,-0.00317272
0,-0.00979106,3.78762,-3.86165,-1.2154e-321,0.000244991,-0.00204793
0,-0.00368349,3.78717,-3.78591,-1.2154e-321,0.000227225,0.000338476
0,-0.00103482,3.78416,-3.71017,-1.2154e-321,0.000210746,0.00129334
0,0.0022415,3.77871,-3.63447,-1.2154e-321,0.000195463,0.00255137
0,0.00509348,3.77088,-3.55887,-1.2154e-321,0.000181288,0.00362991
0,0.00891325,3.76076,-3.48341,-1.2154e-321,0.000168143,0.00510094
0,0.0143709,3.74845,-3.40814,-1.2154e-321,0.00015595,0.00721069
0,0.0183795,3.73402,-3.33311,-1.2154e-321,0.000144643,0.00871628
0,0.0185487,3.71755,-3.25836,-1.2154e-321,0.000134155,0.00871066
0,0.016387,3.69911,-3.18393,-1.2154e-321,0.000124429,0.00783268
0,0.0127596,3.6788,-3.10985,-1.2154e-321,0.000115408,0.00640479
0,0.0107211,3.65669,-3.03618,-1.2154e-321,0.000107041,0.00563334
0,0.0084409,3.63285,-2.96293,-1.2154e-321,9.9281e-05,0.00474062
0,0.00549408,3.60736,-2.89016,-1.2154e-321,9.2084e-05,0.00358503
0,0.00288237,3.58029,-2.81788,-1.2154e-321,8.5409e-05,0.00257306
0,-0.00173732,3.55171,-2.74614,-1.2154e-321,7.92181e-05,0.000753816
0,-0.00541538,3.52169,-2.67496,-1.2154e-321,7.34761e-05,-0.000659062
0,-0.00469434,3.49031,-2.60438,-1.2154e-321,6.81506e-05,-0.000330232
0,-0.00194168,3.45763,-2.53442,-1.2154e-321,6.32113e-05,0.000742056
0,0.00376605,3.42373,-2.4651,-1.2154e-321,5.86301e-05,0.0029628
0,0.0124562,3.38865,-2.39646,-1.2154e-321,5.43811e-05,0.0063288
0,0.0142198,3.35246,-2.32851,-1.2154e-321,5.04402e-05,0.00688313
0,0.00962638,3.31522,-2.26128,-1.2154e-321,5.96148e-05,0.00513831
0,0.00153055,3.27698,-2.19479,-1.2154e-321,8.56173e-05,0.00198078
0,-0.00933433,3.23783,-2.12906,-1.2154e-321,0.000116379,-0.00222952
0,-0.0198529,3.1978,-2.0641,-1.2154e-321,0.000148831,-0.00626025
0,-0.0292686,3.15696,-1.99995,-1.2154e-321,0.000182135,-0.00985732
1.90417e-05,-0.0266096,3.11538,-1.9366,-1.2154e-321,0.000215564,-0.00865151
5.53117e-05,-0.0289723,3.07309,-1.87409,-1.2154e-321,0.000248131,-0.00963737
9.15817e-05,-0.0311856,3.03015,-1.81242,-1.2154e-321,0.000279215,-0.0104883
0.000127852,-0.0329083,2.98661,-1.7516,-1.2154e-321,0.000308632,-0.0111472
0.000164122,-0.0300177,2.94252,-1.69165,-1.2154e-321,0.000336302,-0.00997319
0.000200392,-0.0232686,2.89794,-1.63258,-1.2154e-321,0.00036217,-0.0073308
0.000236662,-0.0178094,2.8529,-1.5744,-1.2154e-321,0.000386175,-0.00526405
-0.000271118,-0.0441274,2.80742,-1.51711,-1.2154e-321,-0.000135799,-0.0162354
-0.000219433,-0.0442793,2.7608,-1.43687,-1.2154e-321,-0.000115843,-0.0159154
-0.000198578,-0.0445116,2.71467,-1.40489,-1.2154e-321,-9.80063e-05,-0.0160181
-0.000162308,-0.0459277,2.66827,-1.35034,-1.2154e-321,-8.22529e-05,-0.0165947
-0.000126038,-0.0453242,2.62162,-1.29675,-1.2154e-321,-6.87776e-05,-0.0163477
-8.97682e-05,-0.0399487,2.57479,-1.24408,-1.2154e-321,-5.77164e-05,-0.014227
-5.34982e-05,-0.0327248,2.52779,-1.19235,-1.2154e-321,-4.9167e-05,-0.011442
-1.72282e-05,-0.02769,2.48068,-1.14156,-1.2154e-321,-4.31022e-05,-0.00955989
0,-0.0273351,2.43346,-1.09171,-1.2154e-321,-3.89944e-05,-0.00951311
0,-0.022582,2.38621,-1.04281,-1.2154e-321,-3.59042e-05,-0.00763869
0,-0.0180043,2.33893,-0.994845,-1.2154e-321,-3.3227e-05,-0.00590184
0,-0.0164368,2.29166,-0.94783,-1.2154e-321,-3.07938e-05,-0.00536428
0,-0.0126047,2.24444,-0.901761,-1.2154e-321,-2.85505e-05,-0.00387646
0,-0.00882726,2.1973,-0.856636,-1.2154e-321,-2.64738e-05,-0.00244521
0,-0.00212461,2.15026,-0.812454,-1.2154e-321,-2.45489e-05,0.000154845
0,0.00492709,2.10336,-0.769214,-1.2154e-321,-2.27643e-05,0.00284945
0,0.0111811,2.05662,-0.726912,-1.2154e-321,-2.11096e-05,0.00522021
0,0.014878,2.01007,-0.685546,-1.2154e-321,-1.95752e-05,0.00658217
0,0.0125628,1.96372,-0.645112,-1.2154e-321,-1.81523e-05,0.00558281
0,0.00870562,1.9176,-0.605605,-1.2154e-321,-1.6833e-05,0.00405993
0,0.00357116,1.87174,-0.567023,-1.2154e-321,-1.56096e-05,0.00205072
0,-0.000340025,1.82616,-0.529359,-1.2154e-321,-1.44751e-05,0.000549589
0,-0.00179774,1.78089,-0.492608,-1.2154e-321,-1.34231e-05,9.43389e-06
0,-0.000924446,1.73595,-0.456763,-1.2154e-321,-1.24477e-05,0.000362528
0,-0.00114961,1.69135,-0.42182,-1.2154e-321,-1.15431e-05,0.000241418
0,-0.00116255,1.64711,-0.38777,-1.2154e-321,-1.07043e-05,0.000221996
0,-0.0034651,1.60324,-0.354606,-1.2154e-321,-9.92646e-06,-0.000714764
0,-0.00595656,1.55977,-0.322322,-1.2154e-321,-9.20519e-06,-0.00169174
0,-0.00937074,1.51672,-0.290909,-1.2154e-321,-8.53635e-06,-0.0030341
0,-0.0110776,1.47409,-0.26036,-1.2154e-321,-7.91612e-06,-0.00368048
0,-0.0123668,1.4319,-0.230665,-1.2154e-321,-7.34098e-06,-0.00418607
0,-0.0111136,1.39017,-0.201816,-1.2154e-321,-6.80765e-06,-0.00368277
0,-0.0111738,1.34891,-0.173804,-1.2154e-321,-6.31308e-06,-0.00374263
0,-0.0104496,1.30813,-0.146619,-1.2154e-321,-2.575e-05,-0.00367578
0,-0.0116234,1.26784,-0.120253,-1.2154e-321,-7.09048e-05,-0.00420582
0,-0.0143114,1.22805,-0.0946943,-1.2154e-321,-0.00012309,-0.00531042
0,-0.0159639,1.18877,-0.0699343,-1.2154e-321,-0.00017757,-0.00597672
0,-0.0185428,1.15002,-0.0459625,-1.2154e-321,-0.000233071,-0.00702689
-2.95286e-05,-0.0153286,1.1118,-0.0227683,-1.2154e-321,-0.000288487,-0.00574755
-8.57735e-05,-0.00689975,1.07412,-0.00034131,-1.2154e-321,-0.000342307,-0.00247249
-0.000142018,-0.00196719,1.03698,0.0213295,-1.2154e-321,-0.000393587,-0.000670865
-0.000198263,0.00057587,1.0004,0.0422548,-1.2154e-321,-0.000442057,0.000232698
-0.000254508,0.00457303,0.964372,0.0624457,-1.2154e-321,-0.000487614,0.00175593
-0.000310753,0.00730268,0.928908,0.0819133,-1.2154e-321,-0.000530182,0.00275321
-0.000366998,0.00871682,0.894011,0.100669,-1.2154e-321,-0.000569685,0.00324701
0.000420431,-0.0122703,0.859663,0.118723,-1.2154e-321,0.000237644,-0.00461023
0.000341688,-0.0129462,0.825681,0.142966,-1.2154e-321,0.000204727,-0.00456825
0.000307941,-0.0137037,0.792511,0.153044,-1.2154e-321,0.000175239,-0.00488484
0.000251696,-0.0140214,0.759925,0.16906,-1.2154e-321,0.000149122,-0.00502086
0.000195451,-0.0145067,0.727924,0.184421,-1.2154e-321,0.000126663,-0.00522895
0.000139206,-0.0126628,0.696514,0.19914,-1.2154e-321,0.000108061,-0.00450308
8.29613e-05,-0.0098845,0.665693,0.213227,-1.2154e-321,9.34599e-05,-0.00343867
2.67163e-05,-0.0086907,0.63546,0.226695,-1.2154e-321,8.28088e-05,-0.00302032
0,-0.0124917,0.605813,0.239556,-1.2154e-321,7.52827e-05,-0.00457134
0,-0.0124473,0.57676,0.25182,-1.2154e-321,6.94183e-05,-0.00450988
0,-0.014096,0.548296,0.2635,-1.2154e-321,6.42721e-05,-0.00518292
0,-0.0146237,0.520422,0.274609,-1.2154e-321,5.95763e-05,-0.005382
0,-0.0103651,0.493142,0.285157,-1.2154e-321,5.52418e-05,-0.00368676
0,-0.00560323,0.46645,0.295156,-1.2154e-321,5.12276e-05,-0.00186349
0,-0.000849932,0.440343,0.304618,-1.2154e-321,4.75064e-05,-5.098e-05
0,0.00290761,0.414818,0.313556,-1.2154e-321,4.4056e-05,0.00136444
0,0.00457792,0.389872,0.32198,-1.2154e-321,4.08564e-05,0.00196207
0,0.00340717,0.365501,0.329902,-1.2154e-321,3.78893e-05,0.00145764
0,-0.000184766,0.341703,0.337334,-1.2154e-321,3.51377e-05,3.03191e-05
0,-0.0041034,0.318476,0.344287,-1.2154e-321,3.25861e-05,-0.00149002
0,-0.00720002,0.295818,0.350772,-1.2154e-321,3.02199e-05,-0.00267682
0,-0.0085591,0.273726,0.356802,-1.2154e-321,2.80256e-05,-0.00318212
0,-0.00734157,0.252197,0.362387,-1.2154e-321,2.59906e-05,-0.00268494
0,-0.00662257,0.231224,0.367539,-1.2154e-321,2.41035e-05,-0.00242598
0,-0.00636245,0.210801,0.372268,-1.2154e-321,2.23535e-05,-0.00234232
0,-0.00709192,0.190924,0.376586,-1.2154e-321,2.07306e-05,-0.00264648
0,-0.00938519,0.171587,0.380504,-1.2154e-321,1.92256e-05,-0.0035596
0,-0.0112004,0.152786,0.384032,-1.2154e-321,1.78299e-05,-0.0042576
0,-0.0133243,0.134517,0.387182,-1.2154e-321,1.65356e-05,-0.00508594
0,-0.0151533,0.116772,0.389964,-1.2154e-321,1.53353e-05,-0.00579151
0,-0.0160711,0.0995489,0.392388,-1.2154e-321,1.42221e-05,-0.00613752
0,-0.0164752,0.0828396,0.394465,-1.2154e-321,1.31898e-05,-0.00629213
0,-0.017805,0.0666371,0.396205,-1.2154e-321,1.22324e-05,-0.00682401
0,-0.0181861,0.0509372,0.397619,-1.2154e-321,-5.28219e-05,-0.00762938
0,-0.0200047,0.035731,0.398716,-1.2154e-321,-0.000200649,-0.00846596
0,-0.0230682,0.0210123,0.399507,-1.2154e-321,-0.00037099,-0.00977474
0,-0.0263808,0.00677555,0.400001,-1.2154e-321,-0.000548585,-0.0111592
0,-0.0285086,-0.00698428,0.400208,-1.2154e-321,-0.000729336,-0.0120609
-9.52347e-05,-0.0254301,-0.0202697,0.400137,-1.2154e-321,-0.000909686,-0.0108953
-0.000276634,-0.0203942,-0.033091,0.399798,-1.2154e-321,-0.00108477,-0.00902083
-0.000458034,-0.0156362,-0.0454576,0.3992,-1.2154e-321,-0.00125155,-0.00727983
-0.000639433,-0.0142054,-0.0573796,0.398353,-1.2154e-321,-0.00140917,-0.00685566
-0.000820832,-0.0111271,-0.0688587,0.397265,-1.2154e-321,-0.0015573,-0.00571523
-0.00100223,-0.00732836,-0.0799032,0.395945,-1.2154e-321,-0.0016957,-0.0043051
-0.00118363,-0.00486593,-0.0905224,0.394402,-1.2154e-321,-0.00182414,-0.00343248
0.00135596,-0.0298476,-0.100754,0.392645,-1.2154e-321,0.000778677,-0.0116489
0.00111107,-0.0306525,-0.110521,0.389976,-1.2154e-321,0.000671561,-0.0115792
0.000993162,-0.0307846,-0.119909,0.388588,-1.2154e-321,0.000575553,-0.0116583
0.000811762,-0.0300407,-0.128898,0.386236,-1.2154e-321,0.000490548,-0.0113873
0.000630363,-0.0285217,-0.137496,0.383703,-1.2154e-321,0.000417411,-0.0108157
0.000448964,-0.0241655,-0.145708,0.380996,-1.2154e-321,0.00035677,-0.00911924
0.000267564,-0.0190111,-0.153544,0.378123,-1.2154e-321,0.000309078,-0.0071445
8.61647e-05,-0.0159882,-0.161013,0.375092,-1.2154e-321,0.000274171,-0.00603069
0,-0.018528,-0.168128,0.371909,-1.2154e-321,0.000249383,-0.00710367
0,-0.01422,-0.174881,0.368582,-1.2154e-321,0.000229992,-0.00535611
0,-0.011472,-0.18129,0.365118,-1.2154e-321,0.000212951,-0.00433545
0,-0.0102391,-0.187362,0.361524,-1.2154e-321,0.000197396,-0.00389514
0,-0.0072099,-0.1931,0.357807,-1.2154e-321,0.000183035,-0.00271372
0,-0.0038128,-0.198514,0.353974,-1.2154e-321,0.000169735,-0.00141227
0,0.0015725,-0.203608,0.350031,-1.2154e-321,0.000157406,0.000677984
0,0.00479787,-0.208396,0.345984,-1.2154e-321,0.000145974,0.00187591
0,0.00636125,-0.212882,0.34184,-1.2154e-321,0.000135373,0.00244384
0,0.00620215,-0.217075,0.337605,-1.2154e-321,0.000125542,0.00234996
0,0.00379574,-0.220982,0.333284,-1.2154e-321,0.000116425,0.00138561
0,0.000715078,-0.224609,0.328884,-1.2154e-321,0.000107971,0.000186896
0,-0.000643848,-0.22796,0.32441,-1.2154e-321,0.000100131,-0.000313618
0,-0.000571917,-0.231042,0.319868,-1.2154e-321,9.28605e-05,-0.000268807
0,-0.00228576,-0.233866,0.315262,-1.2154e-321,8.61182e-05,-0.000958591
0,-0.00256882,-0.236435,0.310599,-1.2154e-321,7.98656e-05,-0.00104939
0,-0.00439055,-0.23876,0.305883,-1.2154e-321,7.40672e-05,-0.00177616
0,-0.00830117,-0.240846,0.30112,-1.2154e-321,6.869e-05,-0.00331312
0,-0.0121278,-0.2427,0.296313,-1.2154e-321,6.37034e-05,-0.00478425
0,-0.0160753,-0.244327,0.291468,-1.2154e-321,5.90789e-05,-0.00630469
0,-0.019567,-0.245734,0.28659,-1.2154e-321,5.47903e-05,-0.00764101
0,-0.0205586,-0.246924,0.281682,-1.2154e-321,5.08132e-05,-0.00798582
0,-0.0211002,-0.247907,0.27675,-1.2154e-321,4.71249e-05,-0.00818903
0,-0.021709,-0.24869,0.271797,-1.2154e-321,4.37044e-05,-0.0084258
0,-0.023078,-0.249279,0.266827,-1.2154e-321,4.05323e-05,-0.00896484
0,-0.0228576,-0.249677,0.261844,-1.2154e-321,-3.29077e-05,-0.00958994
0,-0.0255994,-0.249897,0.256853,-1.2154e-321,-0.000197145,-0.0108099
0,-0.027806,-0.24994,0.251856,-1.2154e-321,-0.000385987,-0.0117678
0,-0.0300088,-0.249812,0.246857,-1.2154e-321,-0.000582675,-0.0127273
0,-0.030028,-0.249518,0.24186,-1.2154e-321,-0.000782717,-0.0128086
-0.000104632,-0.0269559,-0.249061,0.236868,-1.2154e-321,-0.000982212,-0.0116819
-0.000303932,-0.0173149,-0.248445,0.231885,-1.2154e-321,-0.00117582,-0.00797194
-0.000503232,-0.0116605,-0.247685,0.226913,-1.2154e-321,-0.00136022,-0.00594636
-0.000702531,-0.00930456,-0.246787,0.221955,-1.2154e-321,-0.00153447,-0.0051686
-0.000901831,-0.00399768,-0.245749,0.217015,-1.2154e-321,-0.00169822,-0.003154
-0.00110113,0.000287777,-0.244581,0.212095,-1.2154e-321,-0.0018512,-0.00158454
-0.00130043,0.00322979,-0.243288,0.207198,-1.2154e-321,-0.00199317,-0.000528164
0.00148976,-0.0244602,-0.24191,0.202325,-1.2154e-321,0.000865691,-0.00965137
0.00121075,-0.0260512,-0.24032,0.195545,-1.2154e-321,0.000747339,-0.00984756
0.00109117,-0.0266598,-0.238684,0.192653,-1.2154e-321,0.000641259,-0.010105
0.000891866,-0.0279673,-0.236944,0.187871,-1.2154e-321,0.000547242,-0.0106441
0.000692566,-0.0299218,-0.235102,0.183124,-1.2154e-321,0.000466294,-0.0114259
0.000493267,-0.0282956,-0.233161,0.178412,-1.2154e-321,0.000399112,-0.0107641
0.000293967,-0.0248939,-0.231125,0.17374,-1.2154e-321,0.000346197,-0.00944482
9.46673e-05,-0.0222128,-0.229002,0.169107,-1.2154e-321,0.000307366,-0.00843805
0,-0.0232295,-0.2268,0.164516,-1.2154e-321,0.000279686,-0.008895
0,-0.0177601,-0.224512,0.159969,-1.2154e-321,0.000257968,-0.00670442
0,-0.0139197,-0.222151,0.155468,-1.2154e-321,0.000238863,-0.00526276
0,-0.0122562,-0.219721,0.151013,-1.2154e-321,0.000221418,-0.00466467
0,-0.00679749,-0.217221,0.146606,-1.2154e-321,0.000205311,-0.00251725
0,-0.00339904,-0.214661,0.142249,-1.2154e-321,0.000190393,-0.00124999
0,5.7238e-05,-0.212041,0.137943,-1.2154e-321,0.000176563,7.24515e-05
0,0.0038823,-0.209366,0.133689,-1.2154e-321,0.00016374,0.00154177
0,0.00642303,-0.206641,0.129489,-1.2154e-321,0.000151849,0.00249308
0,0.00570409,-0.203872,0.125342,-1.2154e-321,0.000140822,0.00216297
0,0.00395124,-0.201059,0.121251,-1.2154e-321,0.000130596,0.00147036
0,-0.000441613,-0.198209,0.117216,-1.2154e-321,0.000121113,-0.000260139
0,-0.0036217,-0.195319,0.113237,-1.2154e-321,0.000112319,-0.00146561
0,-0.00694464,-0.192395,0.109316,-1.2154e-321,0.000104164,-0.00274639
0,-0.00804823,-0.189437,0.105454,-1.2154e-321,9.66014e-05,-0.00313853
0,-0.00820115,-0.18645,0.10165,-1.2154e-321,8.9588e-05,-0.00318481
0,-0.00941442,-0.183439,0.0979064,-1.2154e-321,8.30839e-05,-0.00366878
0,-0.0107838,-0.180406,0.0942225,-1.2154e-321,7.70523e-05,-0.00419858
0,-0.0123227,-0.177353,0.0905992,-1.2154e-321,7.14588e-05,-0.00479349
0,-0.0149,-0.174285,0.0870369,-1.2154e-321,6.62715e-05,-0.00580021
0,-0.0174795,-0.171202,0.0835359,-1.2154e-321,6.1461e-05,-0.00679172
0,-0.0203962,-0.168108,0.0800964,-1.2154e-321,5.69998e-05,-0.00791764
0,-0.0219912,-0.165004,0.0767188,-1.2154e-321,5.28626e-05,-0.00851056
0,-0.0232261,-0.161892,0.0734032,-1.2154e-321,4.90258e-05,-0.00897974
0,-0.0251365,-0.158777,0.0701498,-1.2154e-321,4.54676e-05,-0.00972404
0,-0.0250959,-0.155657,0.0669586,-1.2154e-321,-4.23275e-05,-0.0105568
0,-0.0262984,-0.152539,0.0638299,-1.2154e-321,-0.000238964,-0.0111822
0,-0.0277238,-0.149423,0.0607635,-1.2154e-321,-0.000465105,-0.011874
0,-0.0302512,-0.146312,0.0577595,-1.2154e-321,-0.000700664,-0.0129963
0,-0.0309175,-0.143206,0.0548177,-1.2154e-321,-0.000940256,-0.0133511
-0.000125406,-0.0274936,-0.140103,0.051938,-1.2154e-321,-0.0011792,-0.0120928
-0.000364276,-0.0210459,-0.137007,0.0491205,-1.2154e-321,-0.00141111,-0.00968059
-0.000603145,-0.0165047,-0.133924,0.0463648,-1.2154e-321,-0.00163199,-0.00806637
-0.000842015,-0.0146942,-0.130858,0.0436709,-1.2154e-321,-0.00184071,-0.00750361
-0.00108088,-0.0118857,-0.127806,0.0410385,-1.2154e-321,-0.00203685,-0.00649098
-0.00131975,-0.00969073,-0.12477,0.0384671,-1.2154e-321,-0.00222011,-0.00572921
-0.00155862,-0.00792401,-0.121753,0.0359565,-1.2154e-321,-0.00239016,-0.0051199
0.00178555,-0.033348,-0.118789,0.0335063,-1.2154e-321,0.0010364,-0.012927
0.00146307,-0.0336852,-0.115786,0.0302842,-1.2154e-321,0.00089455,-0.012655
0.00130781,-0.0335933,-0.112833,0.0287625,-1.2154e-321,0.000767383,-0.0126581
0.00106894,-0.033978,-0.109904,0.0264911,-1.2154e-321,0.000654758,-0.0128444
0.000830071,-0.0324887,-0.106998,0.0242783,-1.2154e-321,0.000557813,-0.0122693
0.000591202,-0.0276999,-0.104114,0.0221238,-1.2154e-321,0.000477368,-0.0104006
0.000352332,-0.0222592,-0.101256,0.0200271,-1.2154e-321,0.000414018,-0.00831825
0.000113463,-0.0200604,-0.0984289,0.0179877,-1.2154e-321,0.000367543,-0.00753746
0,-0.0226596,-0.0956359,0.016005,-1.2154e-321,0.000334429,-0.00862078
0,-0.0179814,-0.0928649,0.0140783,-1.2154e-321,0.000308457,-0.00672351
0,-0.0155782,-0.0901268,0.0122072,-1.2154e-321,0.000285612,-0.00584524
0,-0.0117781,-0.0874186,0.010391,-1.2154e-321,0.000264751,-0.00437353
0,-0.00733505,-0.0847419,0.00862905,-1.2154e-321,0.000245492,-0.00266578
0,-0.00214619,-0.0820972,0.00692082,-1.2154e-321,0.000227654,-0.000669444
0,-0.000575718,-0.07949,0.00526566,-1.2154e-321,0.000211119,-0.000128698
0,0.00102947,-0.0769169,0.00366282,-1.2154e-321,0.000195786,0.000481904
0,-0.00132827,-0.0743828,0.00211162,-1.2154e-321,0.000181568,-0.000489846
0,-0.00517864,-0.0718855,0.000611291,-1.2154e-321,0.000168382,-0.00199639
0,-0.0105971,-0.0694257,-0.000838906,-1.2154e-321,0.000156155,-0.00410574
0,-0.0158968,-0.067002,-0.00223972,-1.2154e-321,0.000144816,-0.00614325
0,-0.0173557,-0.0646108,-0.00359188,-1.2154e-321,0.000134301,-0.00664862
0,-0.0184811,-0.0622564,-0.00489605,-1.2154e-321,0.00012455,-0.00707931
0,-0.0173866,-0.059937,-0.00615295,-1.2154e-321,0.000115507,-0.00662841
0,-0.0161131,-0.057655,-0.00736329,-1.2154e-321,0.000107121,-0.00613977
0,-0.0165695,-0.0554129,-0.0085278,-1.2154e-321,9.93441e-05,-0.0063443
0,-0.0187199,-0.0532108,-0.00964727,-1.2154e-321,9.2132e-05,-0.00719847
0,-0.0206198,-0.0510468,-0.0107225,-1.2154e-321,8.54438e-05,-0.00792644
0,-0.0229642,-0.0489218,-0.0117542,-1.2154e-321,7.92413e-05,-0.00883552
0,-0.0247617,-0.046835,-0.0127433,-1.2154e-321,7.34893e-05,-0.00951921
0,-0.0246492,-0.0447849,-0.0136904,-1.2154e-321,6.8155e-05,-0.00944845
0,-0.0212505,-0.0427702,-0.0145964,-1.2154e-321,6.32081e-05,-0.00809466
0,-0.0203477,-0.0407971,-0.0154619,-1.2154e-321,5.86204e-05,-0.00778763
0,-0.0193505,-0.0388629,-0.0162877,-1.2154e-321,5.43659e-05,-0.00740454
0,-0.0177842,-0.036967,-0.0170746,-1.2154e-321,1.749e-05,-0.0071377
0,-0.0197264,-0.0351138,-0.0178234,-1.2154e-321,-6.16114e-05,-0.00799444
0,-0.0221091,-0.0332998,-0.018535,-1.2154e-321,-0.000152032,-0.00897191
0,-0.0264338,-0.0315267,-0.01921,-1.2154e-321,-0.000245958,-0.0107156
0,-0.0283014,-0.0297896,-0.0198494,-1.2154e-321,-0.000341301,-0.0114455
-4.88746e-05,-0.0270578,-0.0280877,-0.0204539,-1.2154e-321,-0.000436251,-0.0109673
-0.000141969,-0.0206083,-0.0264187,-0.0210242,-1.2154e-321,-0.000528325,-0.00845463
-0.000235063,-0.0163598,-0.0247903,-0.0215609,-1.2154e-321,-0.000615976,-0.00689668
-0.000328158,-0.0131261,-0.023201,-0.0220648,-1.2154e-321,-0.000698777,-0.00570645
-0.000421252,-0.00618998,-0.0216456,-0.0225368,-1.2154e-321,-0.000776567,-0.00301859
-0.000514346,0.000227533,-0.0201284,-0.0229775,-1.2154e-321,-0.000849239,-0.000590808
-0.000607441,0.00426077,-0.0186511,-0.0233877,-1.2154e-321,-0.000916676,0.000896503
0.000695881,-0.0272005,-0.01725,-0.0237681,-1.2154e-321,0.00041768,-0.0108035
0.00057253,-0.0298717,-0.0158498,-0.0242322,-1.2154e-321,0.000361381,-0.011382
0.000509692,-0.0317421,-0.0144888,-0.0244539,-1.2154e-321,0.000310875,-0.0121056
0.000416597,-0.0350741,-0.0131655,-0.0247505,-1.2154e-321,0.00026612,-0.0134199
0.000323503,-0.0371155,-0.0118767,-0.0250204,-1.2154e-321,0.000227542,-0.0141942
0.000230409,-0.0341785,-0.0106181,-0.0252644,-1.2154e-321,0.000195454,-0.0129985
0.000137314,-0.0295214,-0.00939291,-0.025483,-1.2154e-321,0.000170082,-0.0111908
4.42198e-05,-0.0263648,-0.00820413,-0.025677,-1.2154e-321,0.000151337,-0.0100074
0,-0.0265175,-0.00705333,-0.025847,-1.2154e-321,0.000137844,-0.0101216
0,-0.0215908,-0.00593119,-0.0259938,-1.2154e-321,0.000127178,-0.00815642
0,-0.0173632,-0.00484348,-0.0261181,-1.2154e-321,0.000117769,-0.00654786
0,-0.0161842,-0.00379231,-0.0262204,-1.2154e-321,0.000109171,-0.00614552
0,-0.0125549,-0.00277139,-0.0263015,-1.2154e-321,0.000101231,-0.00471784
0,-0.00921677,-0.00178324,-0.026362,-1.2154e-321,9.38763e-05,-0.00344366
0,-0.00548973,-0.000826698,-0.0264026,-1.2154e-321,8.70582e-05,-0.00200952
0,-0.00213504,9.78521e-05,-0.0264239,-1.2154e-321,8.07362e-05,-0.000729779
0,0.00146716,0.000991513,-0.0264266,-1.2154e-321,7.48735e-05,0.000654694
0,0.00201011,0.00185122,-0.0264112,-1.2154e-321,6.94369e-05,0.000814059
0,0.00103078,0.00267907,-0.0263785,-1.2154e-321,6.43951e-05,0.000412641
0,-0.00242874,0.00347452,-0.0263291,-1.2154e-321,5.97197e-05,-0.000955595
0,-0.00506447,0.00424155,-0.0262636,-1.2154e-321,5.53838e-05,-0.00195676
0,-0.00622472,0.00498131,-0.0261826,-1.2154e-321,5.13629e-05,-0.00238127
0,-0.00715621,0.00569296,-0.0260866,-1.2154e-321,4.76341e-05,-0.00273691
0,-0.00727749,0.00637758,-0.0259763,-1.2154e-321,4.41761e-05,-0.00277244
0,-0.00878389,0.00703332,-0.0258522,-1.2154e-321,4.09693e-05,-0.00337332
0,-0.0108359,0.00766155,-0.0257148,-1.2154e-321,3.79953e-05,-0.00417075
0,-0.0128161,0.00826342,-0.0255647,-1.2154e-321,3.52373e-05,-0.00493105
0,-0.0138984,0.00884029,-0.0254025,-1.2154e-321,3.26797e-05,-0.00533385
0,-0.0152482,0.0093914,-0.0252286,-1.2154e-321,3.03077e-05,-0.00585712
0,-0.0171406,0.00991696,-0.0250435,-1.2154e-321,2.8108e-05,-0.00659286
0,-0.0187224,0.0104183,-0.0248478,-1.2154e-321,2.60681e-05,-0.00719624
0,-0.0211068,0.0108949,-0.0246419,-1.2154e-321,2.41762e-05,-0.00812478
0,-0.0250975,0.0113462,-0.0244264,-1.2154e-321,2.24217e-05,-0.00968232
0,-0.0262214,0.0117776,-0.0242017,-1.2154e-321,-9.05625e-05,-0.0112276
0,-0.028704,0.012185,-0.0239683,-1.2154e-321,-0.000347187,-0.0123925
0,-0.0317907,0.0125698,-0.0237267,-1.2154e-321,-0.000642879,-0.0137733
0,-0.0336622,0.0129342,-0.0234772,-1.2154e-321,-0.000951153,-0.0146517
0,-0.0345566,0.0132786,-0.0232203,-1.2154e-321,-0.0012649,-0.0151487
-0.000165274,-0.0286129,0.0136097,-0.0229565,-1.2154e-321,-0.00157795,-0.0129193
-0.000480082,-0.0211579,0.0139221,-0.0226859,-1.2154e-321,-0.00188185,-0.0101791
-0.00079489,-0.0162403,0.0142122,-0.0224091,-1.2154e-321,-0.00217134,-0.00846265
-0.0011097,-0.0147285,0.0144794,-0.0221263,-1.2154e-321,-0.00244493,-0.00805461
-0.00142451,-0.0121489,0.014729,-0.021838,-1.2154e-321,-0.00270204,-0.00715543
-0.00173931,-0.00991332,0.0149599,-0.0215447,-1.2154e-321,-0.00294227,-0.00639764
-0.00205412,-0.00933513,0.0151713,-0.0212466,-1.2154e-321,-0.0031652,-0.00628434
0.00235319,-0.0374039,0.0153298,-0.0209443,-1.2154e-321,0.0013518,-0.0143764
0.00194394,-0.0382351,0.0155024,-0.0205465,-1.2154e-321,0.00116576,-0.0142581
0.00172357,-0.0383243,0.0156627,-0.0203304,-1.2154e-321,0.000998977,-0.0143401
0.00140877,-0.0389635,0.0158063,-0.020018,-1.2154e-321,0.000851407,-0.0146363
0.00109396,-0.0383123,0.0159358,-0.0197025,-1.2154e-321,0.000724466,-0.0144011
0.00077915,-0.0336863,0.0160543,-0.0193845,-1.2154e-321,0.000619219,-0.0125922
0.000464342,-0.0290743,0.0161582,-0.019064,-1.2154e-321,0.000536448,-0.0108447
0.000149534,-0.0268341,0.0162452,-0.0187413,-1.2154e-321,0.000475864,-0.0100403
0,-0.030264,0.0163124,-0.0184169,-1.2154e-321,0.000432842,-0.0114609
0,-0.0269388,0.0163734,-0.018091,-1.2154e-321,0.000399186,-0.0100957
0,-0.0232381,0.0164217,-0.0177638,-1.2154e-321,0.00036961,-0.00868283
0,-0.0202098,0.0164567,-0.0174356,-1.2154e-321,0.000342611,-0.00754315
0,-0.0148664,0.0164819,-0.0171066,-1.2154e-321,0.000317686,-0.00546791
0,-0.0108139,0.016494,-0.0167771,-1.2154e-321,0.000294602,-0.00394265
0,-0.00685153,0.0164945,-0.0164473,-1.2154e-321,0.000273203,-0.00243285
0,-0.00406414,0.0164828,-0.0161174,-1.2154e-321,0.000253361,-0.00139006
0,-0.00450964,0.0164569,-0.0157877,-1.2154e-321,0.000234961,-0.00161944
0,-0.00692708,0.0164187,-0.0154584,-1.2154e-321,0.000217898,-0.00258602
0,-0.011448,0.0163684,-0.0151299,-1.2154e-321,0.000202074,-0.00436169
0,-0.015722,0.0163088,-0.0148023,-1.2154e-321,0.000187401,-0.00600602
0,-0.0179063,0.0162423,-0.0144758,-1.2154e-321,0.000173793,-0.00681921
0,-0.0189825,0.0161682,-0.0141506,-1.2154e-321,0.000161174,-0.00722151
0,-0.0171467,0.0160886,-0.0138269,-1.2154e-321,0.000149472,-0.00647765
0,-0.0160294,0.0160002,-0.0135047,-1.2154e-321,0.00013862,-0.00606485
0,-0.0176513,0.0159011,-0.0131843,-1.2154e-321,0.000128556,-0.00673442
0,-0.0198289,0.015794,-0.0128657,-1.2154e-321,0.000119223,-0.00758358
0,-0.0223185,0.0156794,-0.0125493,-1.2154e-321,0.000110567,-0.00854843
0,-0.0249606,0.0155578,-0.0122352,-1.2154e-321,0.000102541,-0.00956913
0,-0.0264316,0.0154309,-0.0119234,-1.2154e-321,9.50975e-05,-0.0101196
0,-0.0255756,0.0153003,-0.0116141,-1.2154e-321,8.81946e-05,-0.00975862
0,-0.0210754,0.0151677,-0.0113075,-1.2154e-321,8.17929e-05,-0.00797801
0,-0.019866,0.015026,-0.0110035,-1.2154e-321,7.58562e-05,-0.00756692
0,-0.0185848,0.014879,-0.0107022,-1.2154e-321,7.03506e-05,-0.00707658
0,-0.0173947,0.0147268,-0.0104039,-1.2154e-321,2.86563e-05,-0.00700373
0,-0.0208388,0.014565,-0.0101086,-1.2154e-321,-5.99018e-05,-0.00846197
0,-0.0271533,0.0143956,-0.00981652,-1.2154e-321,-0.000160988,-0.0109937
0,-0.0350981,0.0142203,-0.00952776,-1.2154e-321,-0.000265924,-0.0141297
0,-0.041896,0.0140422,-0.00924248,-1.2154e-321,-0.000372392,-0.0167794
-5.43039e-05,-0.0416904,0.0138679,-0.00896074,-1.2154e-321,-0.000478385,-0.0166466
-0.00015774,-0.0345389,0.0136975,-0.00868251,-1.2154e-321,-0.000581146,-0.0138435
-0.000261176,-0.0286949,0.0135224,-0.00840771,-1.2154e-321,-0.000678961,-0.0116647
-0.000364612,-0.0231149,0.013344,-0.00813639,-1.2154e-321,-0.000771354,-0.00956702
-0.000468048,-0.0153312,0.0131651,-0.00786862,-1.2154e-321,-0.000858152,-0.00658119
-0.000571484,-0.00763538,0.0129834,-0.00760442,-1.2154e-321,-0.000939237,-0.00366004
-0.00067492,-0.00313091,0.012796,-0.00734384,-1.2154e-321,-0.00101448,-0.00200782
0.000773184,-0.0353033,0.0125659,-0.00708698,-1.2154e-321,0.000467813,-0.0138972
0.000636131,-0.0383961,0.0123636,-0.00675284,-1.2154e-321,0.00040499,-0.0146333
0.000566312,-0.0400559,0.012164,-0.00658492,-1.2154e-321,0.000348621,-0.0152692
0.000462876,-0.0410549,0.0119636,-0.00634064,-1.2154e-321,0.000298662,-0.0156574
0.00035944,-0.039784,0.0117642,-0.00610037,-1.2154e-321,0.000255582,-0.0151467
0.000256004,-0.0334039,0.011569,-0.00586409,-1.2154e-321,0.000219729,-0.0126287
0.000152568,-0.0247369,0.0113752,-0.00563173,-1.2154e-321,0.000191353,-0.00927412
4.91321e-05,-0.0209677,0.0111754,-0.00540326,-1.2154e-321,0.000170353,-0.00790887
0,-0.0219904,0.0109698,-0.00517875,-1.2154e-321,0.000155202,-0.00838106
0,-0.016761,0.0107703,-0.00495833,-1.2154e-321,0.000143202,-0.00628287
0,-0.012105,0.0105698,-0.00474193,-1.2154e-321,0.000132611,-0.00450894
0,-0.00882847,0.0103676,-0.00452953,-1.2154e-321,0.00012293,-0.0032767
0,-0.00286747,0.0101682,-0.00432116,-1.2154e-321,0.000113989,-0.000951101
0,0.00155333,0.00996714,-0.0041168,-1.2154e-321,0.000105708,0.000718698
0,0.00601375,0.00976635,-0.00391646,-1.2154e-321,9.80307e-05,0.0024282
0,0.0107288,0.00956614,-0.00372013,-1.2154e-321,9.09119e-05,0.00423903
0,0.014168,0.00936502,-0.0035278,-1.2154e-321,8.43105e-05,0.00553677
0,0.0148817,0.00916157,-0.0033395,-1.2154e-321,7.81887e-05,0.00576607
0,0.0131365,0.0089562,-0.00315525,-1.2154e-321,7.25116e-05,0.00505552
0,0.00969671,0.00874985,-0.0029751,-1.2154e-321,6.7247e-05,0.00370619
0,0.00650656,0.0085447,-0.00279907,-1.2154e-321,6.23647e-05,0.00248269
0,0.00365306,0.00834095,-0.00262715,-1.2154e-321,5.78371e-05,0.00138996
0,0.00271338,0.00814038,-0.00245931,-1.2154e-321,5.36383e-05,0.00105639
0,0.00220097,0.0079415,-0.0022955,-1.2154e-321,4.97445e-05,0.000864248
0,-0.000202636,0.00774194,-0.00213568,-1.2154e-321,4.61335e-05,-8.94294e-05
0,-0.00196224,0.00754448,-0.00197984,-1.2154e-321,4.27848e-05,-0.000756869
0,-0.0048011,0.00734738,-0.00182796,-1.2154e-321,3.96792e-05,-0.00186499
0,-0.00741371,0.00715212,-0.00168003,-1.2154e-321,3.67992e-05,-0.00286613
0,-0.0109948,0.0069575,-0.00153601,-1.2154e-321,3.41283e-05,-0.00425733
0,-0.0152528,0.00676391,-0.00139589,-1.2154e-321,3.16513e-05,-0.0059039
0,-0.0183829,0.00657334,-0.00125964,-1.2154e-321,2.93542e-05,-0.00708964
0,-0.0220664,0.00638406,-0.00112722,-1.2154e-321,2.72239e-05,-0.00851353
0,-0.0254381,0.00619708,-0.000998594,-1.2154e-321,2.52483e-05,-0.00980438
0,-0.0265167,0.00601459,-0.000873717,-1.2154e-321,-3.22534e-05,-0.0107636
0,-0.028138,0.00583358,-0.000752513,-1.2154e-321,-0.000161491,-0.0114907
0,-0.030654,0.00565374,-0.000634936,-1.2154e-321,-0.000310193,-0.0125645
0,-0.0321717,0.00547713,-0.000520962,-1.2154e-321,-0.000465138,-0.013222
0,-0.0336297,0.00530279,-0.000410537,-1.2154e-321,-0.000622816,-0.0138661
-7.50334e-05,-0.0325949,0.00513335,-0.000303609,-1.2154e-321,-0.000780308,-0.0135102
-0.000232999,-0.0288848,0.00496903,-0.000200095,-1.2154e-321,-0.000933399,-0.0121182
-0.000390964,-0.0252354,0.00480694,-9.9893e-05,-1.2154e-321,-0.0010793,-0.0107851
-0.000548929,-0.0241217,0.00464451,-2.94371e-06,-1.2154e-321,-0.00121722,-0.0104572
-0.000706894,-0.0212886,0.00448627,9.07586e-05,-1.2154e-321,-0.00134686,-0.00939763
-0.000864859,-0.017568,0.00433137,0.000181275,-1.2154e-321,-0.00146803,-0.00800378
-0.00102282,-0.01348,0.00417928,0.000268677,-1.2154e-321,-0.00158051,-0.00647079
-0.00118079,-0.0132317,0.00402555,0.000353023,-1.2154e-321,-0.00168406,-0.00647079
0.000935944,-0.0255027,0.00385697,0.00048676,-1.2154e-321,0.00068705,-0.00974358
0.00054498,-0.0227725,0.00370532,0.000679292,-1.2154e-321,0.000600169,-0.00844098
0.000398862,-0.0210263,0.00355551,0.000748599,-1.2154e-321,0.000528936,-0.00780884
0.000240897,-0.0192695,0.00340842,0.000820458,-1.2154e-321,0.0004709,-0.00715346
8.29317e-05,-0.0191792,0.00326227,0.000889362,-1.2154e-321,0.000425351,-0.00716113
0,-0.024639,0.00311296,0.000955338,-1.2154e-321,0.000389916,-0.00935748
0,-0.0246382,0.0029722,0.00101834,-1.2154e-321,0.00036039,-0.00928714
0,-0.0231185,0.0028358,0.00107849,-1.2154e-321,0.000333883,-0.00869293
0,-0.0223675,0.00270132,0.00113589,-1.2154e-321,0.000309532,-0.00842799
0,-0.0195864,0.00257173,0.00119059,-1.2154e-321,0.000287012,-0.00733982
0,-0.0154288,0.00244632,0.00124267,-1.2154e-321,0.000266146,-0.00573237
0,-0.00927823,0.00232573,0.00129222,-1.2154e-321,0.0002468,-0.00334953
0,-0.00459651,0.00220628,0.00133934,-1.2154e-321,0.000228863,-0.00158303
0,0.000784113,0.00209025,0.00138406,-1.2154e-321,0.00021223,0.000485663
0,0.00556239,0.00197626,0.00142645,-1.2154e-321,0.000196806,0.00230372
0,0.00929031,0.00186382,0.00146655,-1.2154e-321,0.000182504,0.00371214
0,0.00866841,0.00174941,0.00150438,-1.2154e-321,0.000169242,0.00340034
0,0.00657767,0.00163609,0.00153994,-1.2154e-321,0.000156944,0.00256915
0,0.00435545,0.00152529,0.00157323,-1.2154e-321,0.00014554,0.0017084
0,0.000387989,0.00141527,0.00160429,-1.2154e-321,0.000134964,0.000153202
0,-0.00290027,0.0013086,0.00163315,-1.2154e-321,0.000125158,-0.00110369
0,-0.00796741,0.00120266,0.00165985,-1.2154e-321,0.000116065,-0.00308093
0,-0.013986,0.0010983,0.00168444,-1.2154e-321,0.000107632,-0.00541051
0,-0.0191125,0.000997482,0.00170692,-1.2154e-321,9.98127e-05,-0.00736902
0,-0.0234922,0.000900019,0.00172738,-1.2154e-321,9.25615e-05,-0.00904272
0,-0.0274915,0.000805501,0.00174587,-1.2154e-321,8.58373e-05,-0.0105757
0,-0.0303364,0.000714726,0.00176245,-1.2154e-321,7.96019e-05,-0.0116534
0,-0.0304669,0.000629322,0.0017772,-1.2154e-321,7.38196e-05,-0.0116647
0,-0.03164,0.000545264,0.00179021,-1.2154e-321,6.84575e-05,-0.0121337
0,-0.0322869,0.000464194,0.00180154,-1.2154e-321,6.34851e-05,-0.0123765
0,-0.0323582,0.000386195,0.00181122,-1.2154e-321,-5.59643e-06,-0.0130681
0,-0.0326585,0.000310325,0.00181934,-1.2154e-321,-0.000157573,-0.0132994
0,-0.033385,0.000236345,0.00182592,-1.2154e-321,-0.000331925,-0.0136947
0,-0.0347637,0.000163988,0.00183102,-1.2154e-321,-0.000513349,-0.0143393
0,-0.0332899,9.69483e-05,0.00183466,-1.2154e-321,-0.000697796,-0.0138292
-8.68956e-05,-0.0288607,3.52912e-05,0.00183694,-1.2154e-321,-0.000881892,-0.0121762
-0.000269834,-0.0246817,-2.4433e-05,0.00183795,-1.2154e-321,-0.00106077,-0.0106613
-0.000452772,-0.0234654,-8.51373e-05,0.00183776,-1.2154e-321,-0.0012312,-0.0103182
-0.00063571,-0.0220289,-0.000143462,0.00183636,-1.2154e-321,-0.00139228,-0.00983432
-0.000818648,-0.0162279,-0.000195042,0.00183378,-1.2154e-321,-0.00154368,-0.00760384
-0.00100159,-0.00668415,-0.000240591,0.00183014,-1.2154e-321,-0.00168518,-0.00393851
-0.00118452,0.0025496,-0.000284466,0.00182556,-1.2154e-321,-0.00181653,-0.000447282
-0.00136746,0.00301085,-0.00033569,0.00182009,-1.2154e-321,-0.00193746,-0.000447282
0.00119367,-0.0166118,-0.000408731,0.0018144,-1.2154e-321,0.000807689,-0.00640845
0.000946705,-0.0199948,-0.000459972,0.00180398,-1.2154e-321,0.00070099,-0.00745203
0.000827795,-0.0246768,-0.000510768,0.00179826,-1.2154e-321,0.000606824,-0.00930381
0.000644857,-0.0314784,-0.000561903,0.0017883,-1.2154e-321,0.000524738,-0.0119719
0.000461919,-0.0335388,-0.000606114,0.00177732,-1.2154e-321,0.000455676,-0.0127105
0.000278981,-0.0325676,-0.00064527,0.00176541,-1.2154e-321,0.000400154,-0.012308
9.60425e-05,-0.028783,-0.000679651,0.00175271,-1.2154e-321,0.000358041,-0.0108262
0,-0.0276243,-0.00071508,0.00173928,-1.2154e-321,0.000326816,-0.0104341
0,-0.0237059,-0.000745863,0.00172516,-1.2154e-321,0.000301705,-0.00889869
0,-0.0193814,-0.000774548,0.0017104,-1.2154e-321,0.000279425,-0.00724248
0,-0.0159074,-0.000802508,0.00169505,-1.2154e-321,0.000259029,-0.00593134
0,-0.0115222,-0.000827904,0.00167914,-1.2154e-321,0.000240184,-0.0042426
0,-0.00829844,-0.000852977,0.00166271,-1.2154e-321,0.000222728,-0.00303094
0,-0.00674014,-0.000878294,0.00164577,-1.2154e-321,0.000206545,-0.00246585
0,-0.00469243,-0.000901594,0.00162833,-1.2154e-321,0.000191539,-0.00167928
0,-0.00384257,-0.000924705,0.00161042,-1.2154e-321,0.000177624,-0.00137797
0,-0.00499069,-0.000948506,0.00159204,-1.2154e-321,0.000164721,-0.00185558
0,-0.00715251,-0.000971974,0.00157319,-1.2154e-321,0.000152756,-0.0027069
0,-0.0115138,-0.000996398,0.00155387,-1.2154e-321,0.00014166,-0.00442047
0,-0.0142527,-0.00101774,0.00153406,-1.2154e-321,0.00013137,-0.00545219
0,-0.0161837,-0.0010369,0.00151381,-1.2154e-321,0.000121829,-0.00618579
0,-0.0153855,-0.00105188,0.00149317,-1.2154e-321,0.00011298,-0.00584175
0,-0.0134145,-0.00106437,0.00147221,-1.2154e-321,0.000104775,-0.00507092
0,-0.0116681,-0.0010759,0.00145098,-1.2154e-321,9.71655e-05,-0.00440742
0,-0.0111065,-0.00108751,0.00142952,-1.2154e-321,9.01091e-05,-0.00421331
0,-0.0114938,-0.00109899,0.00140783,-1.2154e-321,8.35655e-05,-0.00437969
0,-0.0126544,-0.00111016,0.00138591,-1.2154e-321,7.74972e-05,-0.00484006
0,-0.01461,-0.0011211,0.00136376,-1.2154e-321,7.18698e-05,-0.00560583
0,-0.015495,-0.00112983,0.00134139,-1.2154e-321,6.66512e-05,-0.00593173
0,-0.0157253,-0.00113683,0.00131884,-1.2154e-321,6.18118e-05,-0.00601244
0,-0.0152998,-0.00114214,0.00129614,-1.2154e-321,5.73238e-05,-0.00584115
0,-0.0149423,-0.00114656,0.00127332,-1.2154e-321,5.31619e-05,-0.00570692
0,-0.014687,-0.00115013,0.00125041,-1.2154e-321,2.23602e-05,-0.00589267
0,-0.0163509,-0.00115482,0.00122743,-1.2154e-321,-4.2943e-05,-0.00660881
0,-0.0176739,-0.00115827,0.00120436,-1.2154e-321,-0.000117467,-0.00715827
0,-0.0204786,-0.00116243,0.00118121,-1.2154e-321,-0.000194825,-0.00830254
0,-0.0236565,-0.00116615,0.00115798,-1.2154e-321,-0.000273335,-0.00957071
-3.63136e-05,-0.0247645,-0.00116686,0.00113468,-1.2154e-321,-0.000351594,-0.0100039
-0.000112763,-0.0225143,-0.00116323,0.00111134,-1.2154e-321,-0.000427576,-0.00912489
-0.000189213,-0.0239002,-0.00116272,0.00108806,-1.2154e-321,-0.000499939,-0.00974609
-0.000265663,-0.0271594,-0.00116347,0.0010648,-1.2154e-321,-0.000568313,-0.0110564
-0.000342112,-0.0245986,-0.00115733,0.00104154,-1.2154e-321,-0.000632565,-0.0100111
-0.000418562,-0.0199481,-0.00114832,0.00101836,-1.2154e-321,-0.000692605,-0.00821745
-0.000495012,-0.0135688,-0.00113686,0.000995348,-1.2154e-321,-0.000748341,-0.0057626
-0.000571461,-0.0132784,-0.00113127,0.000972553,-1.2154e-321,-0.000799658,-0.0057626
0.000498834,-0.0304635,-0.00114457,0.000949816,-1.2154e-321,0.000347536,-0.0118413
0.000380337,-0.0353427,-0.00114281,0.000914373,-1.2154e-321,0.000302375,-0.0135238
0.000336379,-0.0363374,-0.0011367,0.000901222,-1.2154e-321,0.000262657,-0.0138612
0.000269485,-0.036791,-0.00112959,0.000881299,-1.2154e-321,0.000227902,-0.0140381
0.000193035,-0.0359591,-0.00112059,0.000858672,-1.2154e-321,0.00019847,-0.0137077
0.000116586,-0.0336035,-0.0011095,0.000836215,-1.2154e-321,0.000174698,-0.0127872
4.01361e-05,-0.0322103,-0.00109898,0.000813969,-1.2154e-321,0.000156561,-0.0122733
0,-0.033218,-0.00109058,0.000791937,-1.2154e-321,0.00014301,-0.0127025
0,-0.0295326,-0.00107677,0.000770083,-1.2154e-321,0.000132049,-0.0112205
0,-0.0256185,-0.00106234,0.000748479,-1.2154e-321,0.000122306,-0.00971871
0,-0.0240265,-0.00105002,0.00072716,-1.2154e-321,0.000113381,-0.00914726
0,-0.0200528,-0.00103483,0.000706098,-1.2154e-321,0.000105133,-0.00758894
0,-0.0148995,-0.00101807,0.000685325,-1.2154e-321,9.7493e-05,-0.00559581
0,-0.00905051,-0.00100029,0.00066488,-1.2154e-321,9.04099e-05,-0.00334272
0,-0.00566107,-0.000984857,0.000644785,-1.2154e-321,8.38421e-05,-0.0020821
0,-0.00140984,-0.000968256,0.000625011,-1.2154e-321,7.77518e-05,-0.000439475
0,0.000711185,-0.000953688,0.000605563,-1.2154e-321,7.21041e-05,0.000339599
0,0.00104255,-0.000940799,0.000586416,-1.2154e-321,6.68668e-05,0.00043692
0,-0.000724523,-0.000929926,0.000567536,-1.2154e-321,6.20102e-05,-0.000276036
0,-0.0029579,-0.000919343,0.000548883,-1.2154e-321,5.75064e-05,-0.00114286
0,-0.00334275,-0.000906604,0.000530443,-1.2154e-321,5.33299e-05,-0.0012643
0,-0.00360353,-0.000893561,0.000512247,-1.2154e-321,4.94568e-05,-0.00136437
0,-0.0035353,-0.000880014,0.000494311,-1.2154e-321,4.58652e-05,-0.00133484
0,-0.00462582,-0.000867557,0.000476643,-1.2154e-321,4.25345e-05,-0.0017729
0,-0.00637687,-0.000855669,0.00045923,-1.2154e-321,3.94458e-05,-0.00245683
0,-0.00905605,-0.000844645,0.000442057,-1.2154e-321,3.65815e-05,-0.00350112
0,-0.0122505,-0.000834054,0.000425109,-1.2154e-321,3.39253e-05,-0.00473683
0,-0.0153526,-0.000823259,0.000408375,-1.2154e-321,3.14621e-05,-0.00592769
0,-0.0156045,-0.000809344,0.000391856,-1.2154e-321,2.91777e-05,-0.00598183
0,-0.0149465,-0.000794394,0.000375599,-1.2154e-321,2.70594e-05,-0.00571624
0,-0.0145224,-0.000779638,0.000359636,-1.2154e-321,2.50948e-05,-0.00555793
0,-0.0138402,-0.000764566,0.00034397,-1.2154e-321,2.3273e-05,-0.0052929
0,-0.0139889,-0.000750319,0.000328603,-1.2154e-321,-6.58042e-06,-0.00565656
0,-0.0191095,-0.000741328,0.000313526,-1.2154e-321,-7.26703e-05,-0.00774786
0,-0.0244661,-0.000732551,0.000298654,-1.2154e-321,-0.000148557,-0.00985607
0,-0.030232,-0.000724179,0.000283959,-1.2154e-321,-0.000227553,-0.0121221
0,-0.0347369,-0.000714442,0.000269434,-1.2154e-321,-0.000307889,-0.0138758
-3.79604e-05,-0.0373978,-0.000702734,0.000255096,-1.2154e-321,-0.000388089,-0.0149097
-0.000117877,-0.0323412,-0.000682837,0.000240983,-1.2154e-321,-0.000466025,-0.0128873
-0.000197794,-0.0274465,-0.00066316,0.000227227,-1.2154e-321,-0.000540286,-0.0110446
-0.00027771,-0.0253899,-0.000646556,0.000213865,-1.2154e-321,-0.000610478,-0.0103294
-0.000357627,-0.0200776,-0.000626553,0.000200851,-1.2154e-321,-0.000676453,-0.0082675
-0.000437543,-0.0141207,-0.000605948,0.00018822,-1.2154e-321,-0.000738113,-0.00599498
-0.00051746,-0.010027,-0.000587418,0.000175998,-1.2154e-321,-0.000795353,-0.0044732
-0.000597377,-0.00982341,-0.000573115,0.000164157,-1.2154e-321,-0.000848048,-0.0044732
0.000521456,-0.0367049,-0.000588714,0.000152409,-1.2154e-321,0.00035117,-0.014388
0.000403579,-0.0386258,-0.000576522,0.000135048,-1.2154e-321,0.000304777,-0.0147392
0.000359625,-0.0394441,-0.000563418,0.000128645,-1.2154e-321,0.000263897,-0.015052
0.000281706,-0.039554,-0.000549658,0.000117593,-1.2154e-321,0.000228189,-0.015094
0.000201789,-0.037896,-0.000534116,0.000106531,-1.2154e-321,0.000198112,-0.014439
0.000121873,-0.0336611,-0.00051595,9.57713e-05,-1.2154e-321,0.000173931,-0.0127809
4.19562e-05,-0.0300718,-0.000498598,8.53614e-05,-1.2154e-321,0.000155599,-0.0114188
0,-0.0310413,-0.000486222,7.53027e-05,-1.2154e-321,0.000142018,-0.0118664
0,-0.0250453,-0.000466569,6.55164e-05,-1.2154e-321,0.000131103,-0.00946234
0,-0.0179307,-0.000445886,5.60868e-05,-1.2154e-321,0.000121421,-0.006718
0,-0.0134459,-0.000428167,4.70656e-05,-1.2154e-321,0.000112558,-0.0050405
0,-0.00799298,-0.000409585,3.84137e-05,-1.2154e-321,0.000104369,-0.00293583
0,-0.00366197,-0.000392372,3.01291e-05,-1.2154e-321,9.67834e-05,-0.00129367
0,-3.52402e-05,-0.000376085,2.21956e-05,-1.2154e-321,8.97513e-05,8.47239e-05
0,0.0021938,-0.000361462,1.45924e-05,-1.2154e-321,8.32309e-05,0.00091608
0,0.00334678,-0.00034816,7.29006e-06,-1.2154e-321,7.71845e-05,0.00133942
0,0.00197187,-0.000337719,2.60349e-07,-1.2154e-321,7.15776e-05,0.000770099
0,-4.2751e-05,-0.000328124,-6.54623e-06,-1.2154e-321,6.63782e-05,-1.57208e-05
0,-0.00331363,-0.000320028,-1.31567e-05,-1.2154e-321,6.15567e-05,-0.00129317
0,-0.00644846,-0.000311949,-1.95977e-05,-1.2154e-321,5.70855e-05,-0.00249688
0,-0.00832882,-0.000302698,-2.58771e-05,-1.2154e-321,5.29393e-05,-0.00320163
0,-0.00852403,-0.000291826,-3.19773e-05,-1.2154e-321,4.90943e-05,-0.00325259
0,-0.00852317,-0.000280921,-3.78682e-05,-1.2154e-321,4.55288e-05,-0.00325096
0,-0.00857917,-0.000270254,-4.35411e-05,-1.2154e-321,4.22223e-05,-0.0032749
0,-0.0092112,-0.000260378,-4.89996e-05,-1.2154e-321,3.9156e-05,-0.00352787
0,-0.0106146,-0.000251498,-5.42565e-05,-1.2154e-321,3.63126e-05,-0.0040799
0,-0.011618,-0.000242367,-5.93309e-05,-1.2154e-321,3.36757e-05,-0.0044603
0,-0.0130824,-0.000233901,-6.42239e-05,-1.2154e-321,3.12304e-05,-0.00503078
0,-0.0151722,-0.000226274,-6.89442e-05,-1.2154e-321,2.89627e-05,-0.00584385
0,-0.0163964,-0.000217898,-7.35078e-05,-1.2154e-321,2.68598e-05,-0.00630165
0,-0.0175547,-0.000209626,-7.79077e-05,-1.2154e-321,2.49096e-05,-0.00674633
0,-0.0204352,-0.000203356,-8.21415e-05,-1.2154e-321,2.31011e-05,-0.00787957
0,-0.022448,-0.000196283,-8.624e-05,-1.2154e-321,-3.06357e-05,-0.0091816
0,-0.0264769,-0.000191517,-9.0201e-05,-1.2154e-321,-0.000151459,-0.0108494
0,-0.0311809,-0.000187625,-9.40552e-05,-1.2154e-321,-0.000290488,-0.0127538
0,-0.0360211,-0.000184029,-9.78272e-05,-1.2154e-321,-0.000435356,-0.0146984
0,-0.0378039,-0.000177336,-0.000101526,-1.2154e-321,-0.000582782,-0.0154157
-7.01679e-05,-0.034542,-0.000165448,-0.000105106,-1.2154e-321,-0.000730036,-0.0141603
-0.00021789,-0.0266883,-0.000148868,-0.000108474,-1.2154e-321,-0.000873177,-0.0111431
-0.000365612,-0.0221186,-0.000135984,-0.000111535,-1.2154e-321,-0.00100959,-0.00950164
-0.000513333,-0.0209597,-0.000126919,-0.000114319,-1.2154e-321,-0.00113855,-0.00916576
-0.000661055,-0.0191155,-0.000117307,-0.000116902,-1.2154e-321,-0.00125977,-0.00849808
-0.000808777,-0.0166512,-0.000107224,-0.000119297,-1.2154e-321,-0.00137306,-0.00758754
-0.000956499,-0.0151057,-9.83039e-05,-0.000121491,-1.2154e-321,-0.00147824,-0.00704767
-0.00110422,-0.0149611,-9.10564e-05,-0.000123502,-1.2154e-321,-0.00157505,-0.00704767
0.000963885,-0.039623,-0.000112525,-0.000125468,-1.2154e-321,0.000641641,-0.0153817
0.000731223,-0.0406932,-0.000106748,-0.000128942,-1.2154e-321,0.000556593,-0.0154188
0.000731223,-0.0411257,-0.000100523,-0.000128942,-1.2154e-321,0.000480898,-0.0156107
0.00052072,-0.0412711,-9.41168e-05,-0.000131935,-1.2154e-321,0.00041438,-0.0156766
0.000372998,-0.0394382,-8.57668e-05,-0.000133849,-1.2154e-321,0.000359056,-0.0149584
0.000225276,-0.0347563,-7.45574e-05,-0.000135607,-1.2154e-321,0.000314808,-0.0131304
7.7554e-05,-0.0305584,-6.40411e-05,-0.000137154,-1.2154e-321,0.00028139,-0.0115373
0,-0.0324652,-6.01844e-05,-0.000138487,-1.2154e-321,0.000256733,-0.0123728
0,-0.0291556,-5.09389e-05,-0.00013971,-1.2154e-321,0.000236975,-0.0110311
0,-0.027308,-4.34182e-05,-0.000140775,-1.2154e-321,0.000219467,-0.0103523
0,-0.0254343,-3.60354e-05,-0.000141681,-1.2154e-321,0.000203445,-0.00964007
0,-0.0203356,-2.53938e-05,-0.000142439,-1.2154e-321,0.000188644,-0.00763999
0,-0.0137159,-1.33176e-05,-0.000143,-1.2154e-321,0.000174933,-0.00508151
0,-0.00905564,-3.51026e-06,-0.000143326,-1.2154e-321,0.000162222,-0.00332821
0,-0.00429085,6.22734e-06,-0.000143446,-1.2154e-321,0.000150436,-0.00150272
0,-0.00296277,1.21345e-05,-0.00014337,-1.2154e-321,0.000139508,-0.00105065
0,-0.00272827,1.67154e-05,-0.000143157,-1.2154e-321,0.000129373,-0.000982193
0,-0.00522208,1.82413e-05,-0.000142845,-1.2154e-321,0.000119975,-0.00198601
0,-0.00843752,1.88583e-05,-0.000142488,-1.2154e-321,0.00011126,-0.00323584
0,-0.0106204,2.04363e-05,-0.000142114,-1.2154e-321,0.000103179,-0.00406202
0,-0.010813,2.39912e-05,-0.000141713,-1.2154e-321,9.56846e-05,-0.00410907
0,-0.00958629,2.89108e-05,-0.000141251,-1.2154e-321,8.8735e-05,-0.00361962
0,-0.00693396,3.51975e-05,-0.000140698,-1.2154e-321,8.22903e-05,-0.00258246
0,-0.00516202,4.03976e-05,-0.000140025,-1.2154e-321,7.63139e-05,-0.00191843
0,-0.00571475,4.29831e-05,-0.000139243,-1.2154e-321,7.07718e-05,-0.00216892
0,-0.00710163,4.45493e-05,-0.000138396,-1.2154e-321,6.56323e-05,-0.00271666
0,-0.0100525,4.43281e-05,-0.000137513,-1.2154e-321,6.08662e-05,-0.00387595
0,-0.0128794,4.41227e-05,-0.000136626,-1.2154e-321,5.64464e-05,-0.00496155
0,-0.0153576,4.4175e-05,-0.000135742,-1.2154e-321,5.23477e-05,-0.00590972
0,-0.013738,4.84678e-05,-0.000134859,-1.2154e-321,4.85467e-05,-0.00522691
0,-0.0150012,4.95739e-05,-0.000133911,-1.2154e-321,4.50219e-05,-0.00575775
0,-0.016821,4.99781e-05,-0.000132925,-1.2154e-321,4.17531e-05,-0.00646658
0,-0.0182821,5.06979e-05,-0.000131927,-1.2154e-321,-4.29871e-06,-0.00747122
0,-0.0229164,4.79459e-05,-0.000130917,-1.2154e-321,-0.000105669,-0.00937426
0,-0.027275,4.54018e-05,-0.000129944,-1.2154e-321,-0.000221973,-0.0111169
0,-0.0312199,4.32157e-05,-0.000129024,-1.2154e-321,-0.000343,-0.0126954
0,-0.0348556,4.12787e-05,-0.000128148,-1.2154e-321,-0.000466046,-0.014153
-5.79846e-05,-0.0352601,4.2696e-05,-0.000127313,-1.2154e-321,-0.00058886,-0.0143208
-0.000180057,-0.0304776,4.95321e-05,-0.000126466,-1.2154e-321,-0.000708194,-0.0124623
-0.00030213,-0.0267734,5.51118e-05,-0.00012551,-1.2154e-321,-0.000821894,-0.0111088
-0.000424203,-0.025603,5.78942e-05,-0.000124435,-1.2154e-321,-0.000929359,-0.0107457
-0.000546276,-0.020516,6.47398e-05,-0.000123292,-1.2154e-321,-0.00103036,-0.00877496
-0.000668348,-0.0150813,7.18417e-05,-0.000122031,-1.2154e-321,-0.00112476,-0.00672058
-0.000790421,-0.0117028,7.66453e-05,-0.00012063,-1.2154e-321,-0.00121239,-0.00548781
-0.000912494,-0.0115018,7.7969e-05,-0.000119121,-1.2154e-321,-0.00129307,-0.00548781
0.000796525,-0.0407256,4.62247e-05,-0.000117588,-1.2154e-321,0.000538741,-0.015906
0.000622571,-0.0438628,4.39577e-05,-0.000116141,-1.2154e-321,0.000467647,-0.016704
0.000552379,-0.0446054,4.41926e-05,-0.000115601,-1.2154e-321,0.000404935,-0.016976
0.000430307,-0.0457684,4.39204e-05,-0.000114719,-1.2154e-321,0.00035019,-0.0174451
0.000308234,-0.0447872,4.58676e-05,-0.000113839,-1.2154e-321,0.00030411,-0.0170488
0.000186161,-0.039563,5.22542e-05,-0.000112931,-1.2154e-321,0.000267061,-0.0149892
6.40882e-05,-0.0346947,5.81778e-05,-0.000111918,-1.2154e-321,0.000238957,-0.013135
0,-0.0342818,5.92865e-05,-0.000110784,-1.2154e-321,0.000218118,-0.0130531
0,-0.0281928,6.63572e-05,-0.000109604,-1.2154e-321,0.000201359,-0.0106358
0,-0.021667,7.38014e-05,-0.000108312,-1.2154e-321,0.00018649,-0.00813035
0,-0.0172362,7.89271e-05,-0.000106874,-1.2154e-321,0.000172878,-0.00646764
0,-0.0127959,8.39771e-05,-0.000105321,-1.2154e-321,0.000160301,-0.0047686
0,-0.00912009,8.81291e-05,-0.000103666,-1.2154e-321,0.000148651,-0.00337448
0,-0.00505293,9.26136e-05,-0.000101925,-1.2154e-321,0.00013785,-0.00181199
0,-0.000965439,9.70347e-05,-0.000100095,-1.2154e-321,0.000127835,-0.000247005
0,0.00221842,0.000100411,-9.81761e-05,-1.2154e-321,0.000118549,0.000957211
0,0.00251803,0.000100645,-9.61847e-05,-1.2154e-321,0.000109937,0.00102395
0,0.000514377,9.83666e-05,-9.4173e-05,-1.2154e-321,0.000101951,0.000215523
0,-0.00356512,9.38315e-05,-9.21943e-05,-1.2154e-321,9.45459e-05,-0.0013862
0,-0.00868001,8.81575e-05,-9.0295e-05,-1.2154e-321,8.76786e-05,-0.00336927
0,-0.013564,8.26985e-05,-8.85034e-05,-1.2154e-321,8.13104e-05,-0.00524408
0,-0.0154091,8.04397e-05,-8.68222e-05,-1.2154e-321,7.54049e-05,-0.00590877
0,-0.0161589,7.93071e-05,-8.52021e-05,-1.2154e-321,6.99286e-05,-0.00618251
0,-0.0173998,7.76139e-05,-8.36103e-05,-1.2154e-321,6.48501e-05,-0.00666893
0,-0.0185347,7.59988e-05,-8.20495e-05,-1.2154e-321,6.01406e-05,-0.0071053
0,-0.0200511,7.39458e-05,-8.05215e-05,-1.2154e-321,5.57733e-05,-0.00769548
0,-0.022452,7.09251e-05,-7.90323e-05,-1.2154e-321,5.17233e-05,-0.00863283
0,-0.0242132,6.85615e-05,-7.75987e-05,-1.2154e-321,4.79675e-05,-0.00930104
0,-0.0254709,6.671e-05,-7.62157e-05,-1.2154e-321,4.44846e-05,-0.00977793
0,-0.0264052,6.51796e-05,-7.48722e-05,-1.2154e-321,4.12547e-05,-0.0101332
0,-0.027571,6.33813e-05,-7.3561e-05,-1.2154e-321,3.82594e-05,-0.0105858
0,-0.029092,6.11868e-05,-7.22843e-05,-1.2154e-321,3.54817e-05,-0.0111766
0,-0.0297883,5.99089e-05,-7.10496e-05,-1.2154e-321,-2.79392e-05,-0.0120657
0,-0.0321738,5.68206e-05,-6.98451e-05,-1.2154e-321,-0.000169723,-0.0131129
0,-0.0341293,5.41815e-05,-6.86932e-05,-1.2154e-321,-0.000332743,-0.0139601
0,-0.0383248,4.91568e-05,-6.75964e-05,-1.2154e-321,-0.000502549,-0.0157039
0,-0.0401959,4.66054e-05,-6.65881e-05,-1.2154e-321,-0.00067531,-0.01648
-8.2009e-05,-0.0391398,4.7159e-05,-6.56433e-05,-1.2154e-321,-0.000847836,-0.0161167
-0.00025466,-0.0357619,5.01622e-05,-6.47028e-05,-1.2154e-321,-0.00101552,-0.0148646
-0.00042731,-0.0315665,5.40066e-05,-6.37146e-05,-1.2154e-321,-0.00117532,-0.0133148
-0.000599961,-0.0297095,5.53366e-05,-6.26537e-05,-1.2154e-321,-0.00132638,-0.0127042
-0.000772612,-0.0247856,5.99004e-05,-6.15536e-05,-1.2154e-321,-0.00146836,-0.0108263
-0.000945262,-0.0179439,6.64629e-05,-6.03784e-05,-1.2154e-321,-0.00160107,-0.00822283
-0.00111791,-0.0143903,6.94858e-05,-5.9082e-05,-1.2154e-321,-0.00172426,-0.00695504
-0.00129056,-0.0141539,6.89512e-05,-5.77074e-05,-1.2154e-321,-0.00183767,-0.00695504
0.00112655,-0.0367633,4.16334e-05,-5.63177e-05,-1.2154e-321,0.000753106,-0.0142141
0.000867569,-0.0393872,3.81216e-05,-5.49294e-05,-1.2154e-321,0.000653324,-0.0149034
0.000772612,-0.0408983,3.58133e-05,-5.44925e-05,-1.2154e-321,0.000565485,-0.0154998
0.000608593,-0.0432079,3.26647e-05,-5.38005e-05,-1.2154e-321,0.000488764,-0.016422
0.000435943,-0.0411595,3.41545e-05,-5.31315e-05,-1.2154e-321,0.000424113,-0.0155874
0.000263292,-0.0350244,3.9975e-05,-5.24558e-05,-1.2154e-321,0.00037216,-0.0131848
9.06416e-05,-0.0285866,4.60881e-05,-5.16854e-05,-1.2154e-321,0.000332818,-0.0107217
0,-0.0271715,4.68354e-05,-5.07943e-05,-1.2154e-321,0.00030372,-0.010267
0,-0.0221351,5.14158e-05,-4.98613e-05,-1.2154e-321,0.000280363,-0.00828828
0,-0.0186767,5.42912e-05,-4.88559e-05,-1.2154e-321,0.000259654,-0.0069943
0,-0.01606,5.62492e-05,-4.77844e-05,-1.2154e-321,0.0002407,-0.00601146
0,-0.0117478,5.99862e-05,-4.66692e-05,-1.2154e-321,0.000223188,-0.00433812
0,-0.00591453,6.53083e-05,-4.54882e-05,-1.2154e-321,0.000206966,-0.00208277
0,-0.00199284,6.85622e-05,-4.42086e-05,-1.2154e-321,0.000191928,-0.000613443
0,0.00292869,7.28458e-05,-4.28537e-05,-1.2154e-321,0.000177984,0.00128491
0,0.00589808,7.50192e-05,-4.14182e-05,-1.2154e-321,0.000165054,0.00238898
0,0.00642309,7.45676e-05,-3.99286e-05,-1.2154e-321,0.000153064,0.00254739
0,0.00360178,7.05448e-05,-3.8435e-05,-1.2154e-321,0.000141945,0.00140753
0,-0.000474158,6.51887e-05,-3.7004e-05,-1.2154e-321,0.000131634,-0.000181628
0,-0.00346131,6.09962e-05,-3.56735e-05,-1.2154e-321,0.000122073,-0.00131647
0,-0.00500356,5.83434e-05,-3.44326e-05,-1.2154e-321,0.000113206,-0.00189074
0,-0.005228,5.70911e-05,-3.32524e-05,-1.2154e-321,0.000104984,-0.00196066
0,-0.00393048,5.74513e-05,-3.21044e-05,-1.2154e-321,9.73593e-05,-0.00144278
0,-0.00399531,5.63552e-05,-3.09571e-05,-1.2154e-321,9.02885e-05,-0.00149192
0,-0.00527711,5.39641e-05,-2.98246e-05,-1.2154e-321,8.37314e-05,-0.00200586
0,-0.00680424,5.13161e-05,-2.87333e-05,-1.2154e-321,7.76508e-05,-0.00259888
0,-0.00989772,4.70114e-05,-2.76938e-05,-1.2154e-321,7.2012e-05,-0.00381336
0,-0.0127307,4.29989e-05,-2.6732e-05,-1.2154e-321,6.67828e-05,-0.00489961
0,-0.0155257,3.90433e-05,-2.5852e-05,-1.2154e-321,6.19336e-05,-0.00597455
0,-0.0146486,3.90049e-05,-2.50513e-05,-1.2154e-321,5.74366e-05,-0.00558367
0,-0.0159321,3.66754e-05,-2.4271e-05,-1.2154e-321,5.32663e-05,-0.00611158
0,-0.018804,3.26727e-05,-2.35259e-05,-1.2154e-321,4.93989e-05,-0.00724046
0,-0.0203483,3.01451e-05,-2.28524e-05,-1.2154e-321,-1.12216e-06,-0.00830315
0,-0.0247127,2.46412e-05,-2.22369e-05,-1.2154e-321,-0.000111974,-0.0101042
0,-0.0290752,1.9172e-05,-2.17165e-05,-1.2154e-321,-0.000239101,-0.0118592
0,-0.0330107,1.41913e-05,-2.13057e-05,-1.2154e-321,-0.000371361,-0.0134404
0,-0.0368846,9.31131e-06,-2.0997e-05,-1.2154e-321,-0.000505809,-0.0149994
-6.32602e-05,-0.0345291,1.10822e-05,-2.07864e-05,-1.2154e-321,-0.000639989,-0.0140672
-0.00019644,-0.0267722,1.85964e-05,-2.05736e-05,-1.2154e-321,-0.000770358,-0.0110687
-0.000329619,-0.0232643,2.15804e-05,-2.02392e-05,-1.2154e-321,-0.000894568,-0.00984405
-0.000462798,-0.0215047,2.2705e-05,-1.98225e-05,-1.2154e-321,-0.00101196,-0.00924702
-0.000595978,-0.0159285,2.78852e-05,-1.93741e-05,-1.2154e-321,-0.0011223,-0.00709394
-0.000729157,-0.0116198,3.17036e-05,-1.88423e-05,-1.2154e-321,-0.00122542,-0.00550011
-0.000862336,-0.00980595,3.28601e-05,-1.82273e-05,-1.2154e-321,-0.00132114,-0.00487792
-0.000995516,-0.00965841,3.22444e-05,-1.75759e-05,-1.2154e-321,-0.00140927,-0.00487792
0.000868995,-0.0383132,-9.16743e-07,-1.69187e-05,-1.2154e-321,0.000589202,-0.0149552
0.000679215,-0.0424495,-5.9288e-06,-1.67759e-05,-1.2154e-321,0.000511535,-0.0161591
0.000602637,-0.044048,-8.2055e-06,-1.6819e-05,-1.2154e-321,0.000443019,-0.0167597
0.000469457,-0.0453442,-1.0129e-05,-1.69718e-05,-1.2154e-321,0.000383203,-0.0172704
0.000336278,-0.0449121,-1.01867e-05,-1.71647e-05,-1.2154e-321,0.000332848,-0.0170926
0.000203099,-0.0422657,-7.87069e-06,-1.73682e-05,-1.2154e-321,0.00029235,-0.0160549
6.99192e-05,-0.0397057,-5.63507e-06,-1.75372e-05,-1.2154e-321,0.000261617,-0.0150838
0,-0.0408455,-7.31784e-06,-1.7661e-05,-1.2154e-321,0.000238816,-0.0155873
0,-0.0352383,-1.81156e-06,-1.7799e-05,-1.2154e-321,0.00022047,-0.0133393
0,-0.0291315,4.21846e-06,-1.78627e-05,-1.2154e-321,0.000204191,-0.0109945
0,-0.0232158,1.0033e-05,-1.78085e-05,-1.2154e-321,0.000189287,-0.00873307
0,-0.0173879,1.57389e-05,-1.76369e-05,-1.2154e-321,0.000175517,-0.00650326
0,-0.0139539,1.88847e-05,-1.73507e-05,-1.2154e-321,0.00016276,-0.00522749
0,-0.00977796,2.28084e-05,-1.69887e-05,-1.2154e-321,0.000150935,-0.00361835
0,-0.00689509,2.53438e-05,-1.65522e-05,-1.2154e-321,0.000139969,-0.00253647
0,-0.00504334,2.67733e-05,-1.6058e-05,-1.2154e-321,0.000129801,-0.00184611
0,-0.00670607,2.44639e-05,-1.55297e-05,-1.2154e-321,0.000120372,-0.00254289
0,-0.00907788,2.14104e-05,-1.50288e-05,-1.2154e-321,0.000111629,-0.00346861
0,-0.0137846,1.58915e-05,-1.45854e-05,-1.2154e-321,0.00010352,-0.00531549
0,-0.018843,1.00258e-05,-1.42399e-05,-1.2154e-321,9.60013e-05,-0.00726669
0,-0.0209188,7.35745e-06,-1.40101e-05,-1.2154e-321,8.90286e-05,-0.00802138
0,-0.0214168,6.38375e-06,-1.38496e-05,-1.2154e-321,8.25626e-05,-0.0081915
0,-0.0219084,5.42972e-06,-1.37171e-05,-1.2154e-321,7.65664e-05,-0.008383
0,-0.0216913,5.24102e-06,-1.36037e-05,-1.2154e-321,7.10059e-05,-0.00829146
0,-0.0206554,5.93138e-06,-1.34979e-05,-1.2154e-321,6.58495e-05,-0.00788364
0,-0.0202604,5.94694e-06,-1.33828e-05,-1.2154e-321,6.10676e-05,-0.00774407
0,-0.0205947,5.19621e-06,-1.32639e-05,-1.2154e-321,5.66332e-05,-0.00788572
0,-0.0217422,3.59344e-06,-1.31562e-05,-1.2154e-321,5.25209e-05,-0.00834072
0,-0.0219716,2.98068e-06,-1.30763e-05,-1.2154e-321,4.87074e-05,-0.00841657
0,-0.0226847,1.86577e-06,-1.30137e-05,-1.2154e-321,4.51709e-05,-0.00869949
0,-0.0241723,-5.75063e-08,-1.29708e-05,-1.2154e-321,4.18913e-05,-0.00928409
0,-0.0244196,-6.46192e-07,-1.29623e-05,-1.2154e-321,3.88499e-05,-0.0093615
0,-0.0257533,-2.32565e-06,-1.29723e-05,-1.2154e-321,-1.79665e-05,-0.0104534
0,-0.0289182,-5.93118e-06,-1.30104e-05,-1.2154e-321,-0.000144286,-0.0117905
0,-0.0330118,-1.04951e-05,-1.3111e-05,-1.2154e-321,-0.000289415,-0.013468
0,-0.0365176,-1.44016e-05,-1.32981e-05,-1.2154e-321,-0.000440533,-0.0148928
0,-0.0371428,-1.52175e-05,-1.35666e-05,-1.2154e-321,-0.000594243,-0.0151716
-7.27777e-05,-0.0330847,-1.10416e-05,-1.38668e-05,-1.2154e-321,-0.000747715,-0.0136192
-0.000225994,-0.028955,-6.79278e-06,-1.41086e-05,-1.2154e-321,-0.000896868,-0.012104
-0.00037921,-0.0240604,-1.73857e-06,-1.42657e-05,-1.2154e-321,-0.00103899,-0.0102784
-0.000532426,-0.0217648,5.43246e-07,-1.43257e-05,-1.2154e-321,-0.00117334,-0.00949606
-0.000685642,-0.0180433,4.33538e-06,-1.43262e-05,-1.2154e-321,-0.00129961,-0.00809841
-0.000838858,-0.0138891,8.57495e-06,-1.42585e-05,-1.2154e-321,-0.00141763,-0.00654376
-0.000992074,-0.0117062,1.07052e-05,-1.41082e-05,-1.2154e-321,-0.00152719,-0.00577697
-0.00114529,-0.0115334,1.06921e-05,-1.39047e-05,-1.2154e-321,-0.00162804,-0.00577697
0.000999735,-0.0365169,-1.82933e-05,-1.36906e-05,-1.2154e-321,0.000671096,-0.0141831
0.000743098,-0.0390105,-2.10045e-05,-1.41585e-05,-1.2154e-321,0.000582671,-0.0147824
0.000654999,-0.0406801,-2.28194e-05,-1.43865e-05,-1.2154e-321,0.000505312,-0.0154397
0.000540087,-0.0413344,-2.3536e-05,-1.47197e-05,-1.2154e-321,0.000437577,-0.0156983
0.000386871,-0.0398539,-2.19664e-05,-1.51868e-05,-1.2154e-321,0.000380083,-0.0151139
0.000233655,-0.0347379,-1.65279e-05,-1.5634e-05,-1.2154e-321,0.00033375,-0.0131079
8.04385e-05,-0.029313,-1.07713e-05,-1.59917e-05,-1.2154e-321,0.000298595,-0.0110322
0,-0.0290669,-1.05278e-05,-1.62359e-05,-1.2154e-321,0.000272539,-0.0110275
0,-0.0246612,-5.86114e-06,-1.64477e-05,-1.2154e-321,0.000251594,-0.0092816
0,-0.0225959,-3.69303e-06,-1.65883e-05,-1.2154e-321,0.000233013,-0.00853319
0,-0.0211208,-2.15659e-06,-1.6673e-05,-1.2154e-321,0.000216005,-0.00798394
0,-0.0169635,2.22414e-06,-1.67238e-05,-1.2154e-321,0.00020029,-0.00635408
0,-0.0114929,7.98175e-06,-1.67012e-05,-1.2154e-321,0.000185732,-0.00424039
0,-0.00703107,1.26422e-05,-1.65704e-05,-1.2154e-321,0.000172237,-0.00254909
0,-0.00152605,1.83858e-05,-1.63408e-05,-1.2154e-321,0.000159724,-0.000425353
0,0.0023958,2.2417e-05,-1.60018e-05,-1.2154e-321,0.00014812,0.00105071
0,0.0047988,2.48088e-05,-1.55736e-05,-1.2154e-321,0.00013736,0.00194497
0,0.00332305,2.30613e-05,-1.50894e-05,-1.2154e-321,0.000127382,0.00131415
0,0.000828719,2.02292e-05,-1.46195e-05,-1.2154e-321,0.000118129,0.000336394
0,-0.000850903,1.82649e-05,-1.42007e-05,-1.2154e-321,0.000109549,-0.000300137
0,-0.00127582,1.76336e-05,-1.38256e-05,-1.2154e-321,0.000101592,-0.000447868
0,-0.00100587,1.77361e-05,-1.34698e-05,-1.2154e-321,9.42133e-05,-0.000337091
0,0.00023238,1.88597e-05,-1.31156e-05,-1.2154e-321,8.73707e-05,0.00014992
0,-0.000277493,1.81161e-05,-1.2744e-05,-1.2154e-321,8.10254e-05,-7.56638e-05
0,-0.0010314,1.71101e-05,-1.23779e-05,-1.2154e-321,7.51411e-05,-0.000371686
0,-0.00213869,1.57275e-05,-1.20307e-05,-1.2154e-321,6.96843e-05,-0.000804865
0,-0.00323947,1.43527e-05,-1.17093e-05,-1.2154e-321,6.4624e-05,-0.00122984
0,-0.0054431,1.1809e-05,-1.14153e-05,-1.2154e-321,5.99313e-05,-0.00209509
0,-0.00693482,1.00292e-05,-1.11664e-05,-1.2154e-321,5.55796e-05,-0.00265903
0,-0.00645836,1.0345e-05,-1.09569e-05,-1.2154e-321,5.15439e-05,-0.00244786
0,-0.00795799,8.56036e-06,-1.07516e-05,-1.2154e-321,4.78015e-05,-0.00305573
0,-0.00950428,6.73311e-06,-1.05715e-05,-1.2154e-321,4.43309e-05,-0.00365182
0,-0.0112882,4.68699e-06,-1.04277e-05,-1.2154e-321,1.38707e-05,-0.00462543
0,-0.0170344,-1.55531e-06,-1.03237e-05,-1.2154e-321,-5.15243e-05,-0.00694055
0,-0.0218027,-6.72873e-06,-1.03236e-05,-1.2154e-321,-0.000126288,-0.00880336
0,-0.0265506,-1.18515e-05,-1.04323e-05,-1.2154e-321,-0.000203962,-0.010671
0,-0.0292743,-1.47938e-05,-1.06437e-05,-1.2154e-321,-0.000282838,-0.0117283
-3.67174e-05,-0.0291901,-1.4731e-05,-1.09249e-05,-1.2154e-321,-0.000361499,-0.0116926
-0.000114017,-0.0221385,-7.25964e-06,-1.12198e-05,-1.2154e-321,-0.00043789,-0.00891493
-0.000191317,-0.0175968,-2.47621e-06,-1.14024e-05,-1.2154e-321,-0.000510655,-0.00724307
-0.000268617,-0.0157479,-5.6693e-07,-1.14758e-05,-1.2154e-321,-0.000579414,-0.00660479
-0.000345916,-0.011896,3.46413e-06,-1.14967e-05,-1.2154e-321,-0.000644033,-0.00512232
-0.000423216,-0.00779044,7.74864e-06,-1.14476e-05,-1.2154e-321,-0.000704419,-0.00356619
-0.000500516,-0.00679052,8.71659e-06,-1.1314e-05,-1.2154e-321,-0.000760476,-0.00325098
-0.000577815,-0.00670636,8.70578e-06,-1.11445e-05,-1.2154e-321,-0.000812087,-0.00325098
0.000504381,-0.0376365,-2.53803e-05,-1.09702e-05,-1.2154e-321,0.000347863,-0.0148091
0.000390364,-0.0418295,-2.97763e-05,-1.15484e-05,-1.2154e-321,0.000302394,-0.0160043
0.000347849,-0.0424826,-3.03871e-05,-1.1854e-05,-1.2154e-321,0.000262301,-0.0162161
0.000272482,-0.0430435,-3.08797e-05,-1.24435e-05,-1.2154e-321,0.000227252,-0.0164406
0.000195182,-0.0419756,-2.96232e-05,-1.30586e-05,-1.2154e-321,0.000197685,-0.0160142
0.000117882,-0.0390153,-2.6346e-05,-1.36574e-05,-1.2154e-321,0.000173856,-0.0148559
4.05824e-05,-0.0362977,-2.33252e-05,-1.42007e-05,-1.2154e-321,0.000155717,-0.0138224
0,-0.0371685,-2.41142e-05,-1.46823e-05,-1.2154e-321,0.000142202,-0.0142172
0,-0.0324572,-1.89611e-05,-1.51606e-05,-1.2154e-321,0.000131293,-0.0123277
0,-0.0274987,-1.35572e-05,-1.55656e-05,-1.2154e-321,0.000121603,-0.0104245
0,-0.0226317,-8.26659e-06,-1.58638e-05,-1.2154e-321,0.000112729,-0.00856142
0,-0.0177285,-2.95604e-06,-1.60556e-05,-1.2154e-321,0.000104528,-0.0066821
0,-0.0118652,3.35208e-06,-1.61412e-05,-1.2154e-321,9.69317e-05,-0.0044197
0,-0.00640778,9.19994e-06,-1.61057e-05,-1.2154e-321,8.98892e-05,-0.00233384
0,-0.00152903,1.44029e-05,-1.5951e-05,-1.2154e-321,8.33591e-05,-0.000472551
0,0.000644027,1.67026e-05,-1.56889e-05,-1.2154e-321,7.73037e-05,0.000317488
0,0.000662515,1.66948e-05,-1.53664e-05,-1.2154e-321,7.16885e-05,0.000288899
0,-0.00147919,1.43832e-05,-1.50324e-05,-1.2154e-321,6.64813e-05,-0.000569018
0,-0.00524527,1.03475e-05,-1.47332e-05,-1.2154e-321,6.16525e-05,-0.00204225
0,-0.0107582,4.46708e-06,-1.45061e-05,-1.2154e-321,5.71747e-05,-0.00418791
0,-0.0140822,9.31342e-07,-1.43874e-05,-1.2154e-321,5.30222e-05,-0.00543268
0,-0.0154732,-5.38709e-07,-1.4351e-05,-1.2154e-321,4.91714e-05,-0.00593901
0,-0.0162578,-1.35892e-06,-1.43545e-05,-1.2154e-321,4.56004e-05,-0.00623266
0,-0.0171834,-2.32511e-06,-1.43775e-05,-1.2154e-321,4.22889e-05,-0.0065918
0,-0.0174205,-2.55543e-06,-1.44192e-05,-1.2154e-321,3.9218e-05,-0.00667376
0,-0.0179525,-3.09685e-06,-1.44692e-05,-1.2154e-321,3.63702e-05,-0.00688391
0,-0.0194125,-4.61993e-06,-1.45284e-05,-1.2154e-321,3.37292e-05,-0.00745997
0,-0.0201514,-5.36919e-06,-1.46132e-05,-1.2154e-321,3.12802e-05,-0.00773381
0,-0.0202966,-5.48256e-06,-1.47168e-05,-1.2154e-321,2.9009e-05,-0.00778155
0,-0.0204166,-5.56619e-06,-1.48259e-05,-1.2154e-321,2.69028e-05,-0.00782823
0,-0.0211022,-6.24758e-06,-1.49368e-05,-1.2154e-321,2.49497e-05,-0.00810109
0,-0.0226235,-7.81064e-06,-1.50584e-05,-1.2154e-321,2.31383e-05,-0.00869887
0,-0.0242872,-9.46695e-06,-1.52068e-05,-1.2154e-321,-3.0461e-05,-0.00988092
0,-0.0276061,-1.28688e-05,-1.53878e-05,-1.2154e-321,-0.000150965,-0.0112703
0,-0.0317727,-1.71503e-05,-1.56282e-05,-1.2154e-321,-0.000289626,-0.0129707
0,-0.0354077,-2.08416e-05,-1.59498e-05,-1.2154e-321,-0.00043411,-0.0144422
0,-0.035871,-2.11401e-05,-1.63482e-05,-1.2154e-321,-0.000581145,-0.0146509
-6.9979e-05,-0.0330232,-1.79121e-05,-1.67695e-05,-1.2154e-321,-0.000728008,-0.0135809
-0.000217303,-0.0252234,-9.43152e-06,-1.71438e-05,-1.2154e-321,-0.000870768,-0.0105786
-0.000364628,-0.0195822,-3.27414e-06,-1.73749e-05,-1.2154e-321,-0.00100682,-0.00850832
-0.000511952,-0.017445,-8.62682e-07,-1.74711e-05,-1.2154e-321,-0.00113543,-0.00779813
-0.000659276,-0.0141538,2.76207e-06,-1.75005e-05,-1.2154e-321,-0.00125633,-0.00656754
-0.0008066,-0.011087,6.12955e-06,-1.74633e-05,-1.2154e-321,-0.00136932,-0.00543846
-0.000953925,-0.0102191,7.14263e-06,-1.73576e-05,-1.2154e-321,-0.00147422,-0.0051783
-0.00110125,-0.0101007,7.3492e-06,-1.72198e-05,-1.2154e-321,-0.00157078,-0.0051783
0.000961291,-0.0403587,-2.69275e-05,-1.70769e-05,-1.2154e-321,0.000639952,-0.0157508
0.000718206,-0.0422482,-2.87031e-05,-1.77952e-05,-1.2154e-321,0.000555268,-0.016028
0.000633494,-0.0422741,-2.84881e-05,-1.81164e-05,-1.2154e-321,0.000481141,-0.016037
0.000519318,-0.0422849,-2.82499e-05,-1.85591e-05,-1.2154e-321,0.00041628,-0.0160626
0.000371994,-0.0401172,-2.56875e-05,-1.91252e-05,-1.2154e-321,0.000361302,-0.0152128
0.00022467,-0.0338021,-1.87221e-05,-1.96518e-05,-1.2154e-321,0.000317048,-0.0127379
7.73452e-05,-0.0287017,-1.30682e-05,-2.00611e-05,-1.2154e-321,0.000283523,-0.0108095
0,-0.0300265,-1.42561e-05,-2.03507e-05,-1.2154e-321,0.00025873,-0.0114266
0,-0.0267587,-1.056e-05,-2.06299e-05,-1.2154e-321,0.000238831,-0.0101105
0,-0.025284,-8.78166e-06,-2.08596e-05,-1.2154e-321,0.00022119,-0.00958004
0,-0.0222079,-5.31012e-06,-2.10441e-05,-1.2154e-321,0.000205042,-0.00838206
0,-0.0163521,1.09674e-06,-2.11677e-05,-1.2154e-321,0.000190125,-0.00609815
0,-0.0100776,7.91686e-06,-2.11778e-05,-1.2154e-321,0.000176306,-0.00368914
0,-0.00486218,1.3576e-05,-2.10535e-05,-1.2154e-321,0.000163495,-0.00170895
0,0.00127943,2.01838e-05,-2.08103e-05,-1.2154e-321,0.000151617,0.000657736
0,0.00401289,2.31312e-05,-2.04397e-05,-1.2154e-321,0.000140602,0.00164982
0,0.00521651,2.44261e-05,-1.99918e-05,-1.2154e-321,0.000130388,0.00208365
0,0.00287841,2.19387e-05,-1.95097e-05,-1.2154e-321,0.000120916,0.00112712
0,-0.000791314,1.80327e-05,-1.90585e-05,-1.2154e-321,0.000112133,-0.000306512
0,-0.00283347,1.58582e-05,-1.86783e-05,-1.2154e-321,0.000103988,-0.00106958
0,-0.00328849,1.53667e-05,-1.83503e-05,-1.2154e-321,9.64347e-05,-0.00122358
0,-0.00137717,1.73794e-05,-1.80405e-05,-1.2154e-321,8.94304e-05,-0.000456799
0,-0.000740206,1.80202e-05,-1.7703e-05,-1.2154e-321,8.29351e-05,-0.000234849
0,-0.000831852,1.78738e-05,-1.73458e-05,-1.2154e-321,7.69118e-05,-0.000284075
0,-0.00327158,1.52245e-05,-1.69876e-05,-1.2154e-321,7.13261e-05,-0.00125948
0,-0.00474953,1.35981e-05,-1.66698e-05,-1.2154e-321,6.61463e-05,-0.00181471
0,-0.00771932,1.03868e-05,-1.63897e-05,-1.2154e-321,6.13428e-05,-0.00298015
0,-0.0109584,6.89688e-06,-1.61659e-05,-1.2154e-321,5.68883e-05,-0.00423011
0,-0.0137793,3.86156e-06,-1.60106e-05,-1.2154e-321,5.27574e-05,-0.00530877
0,-0.0119953,5.7256e-06,-1.59181e-05,-1.2154e-321,4.89267e-05,-0.00455508
0,-0.0126425,4.99826e-06,-1.5813e-05,-1.2154e-321,4.53742e-05,-0.00484253
0,-0.0139638,3.55596e-06,-1.57094e-05,-1.2154e-321,4.20798e-05,-0.00536176
0,-0.0146637,2.80554e-06,-1.5631e-05,-1.2154e-321,9.15186e-06,-0.00593328
0,-0.0176401,-3.59265e-07,-1.55712e-05,-1.2154e-321,-6.21193e-05,-0.0071635
0,-0.0218804,-4.8521e-06,-1.55625e-05,-1.2154e-321,-0.000143696,-0.00886226
0,-0.0257017,-8.87851e-06,-1.56371e-05,-1.2154e-321,-0.000228493,-0.0103722
0,-0.0307543,-1.41903e-05,-1.57945e-05,-1.2154e-321,-0.000314637,-0.0123774
-4.02636e-05,-0.0306725,-1.40212e-05,-1.60518e-05,-1.2154e-321,-0.00040057,-0.0123107
-0.000125029,-0.0282267,-1.13351e-05,-1.63331e-05,-1.2154e-321,-0.000484038,-0.0113755
-0.000209795,-0.0284609,-1.14989e-05,-1.65732e-05,-1.2154e-321,-0.00056355,-0.0115431
-0.00029456,-0.0275764,-1.04686e-05,-1.68023e-05,-1.2154e-321,-0.000638691,-0.0112195
-0.000379326,-0.0221453,-4.61022e-06,-1.70169e-05,-1.2154e-321,-0.00070931,-0.00909426
-0.000464091,-0.0176997,1.80012e-07,-1.71384e-05,-1.2154e-321,-0.000775306,-0.00742875
-0.000548857,-0.0137154,4.46003e-06,-1.71587e-05,-1.2154e-321,-0.00083657,-0.00592908
-0.000633622,-0.0135125,4.70449e-06,-1.70909e-05,-1.2154e-321,-0.000892973,-0.00592908
0.000553095,-0.0418658,-2.65151e-05,-1.70017e-05,-1.2154e-321,0.000379007,-0.0163818
0.000434423,-0.0448995,-2.95719e-05,-1.75893e-05,-1.2154e-321,0.000329263,-0.0171553
0.000383564,-0.0466104,-3.12048e-05,-1.79288e-05,-1.2154e-321,0.000285361,-0.0178083
0.000298798,-0.0486731,-3.3189e-05,-1.85448e-05,-1.2154e-321,0.000247037,-0.018617
0.000214033,-0.0472601,-3.14588e-05,-1.91986e-05,-1.2154e-321,0.000214757,-0.0180307
0.000129267,-0.0429511,-2.66461e-05,-1.98365e-05,-1.2154e-321,0.00018877,-0.0163397
4.45019e-05,-0.0382785,-2.1455e-05,-2.03934e-05,-1.2154e-321,0.000169013,-0.0145468
0,-0.0378091,-2.07389e-05,-2.08485e-05,-1.2154e-321,0.000154319,-0.0144369
0,-0.0305841,-1.28455e-05,-2.12669e-05,-1.2154e-321,0.000142475,-0.0115646
0,-0.0240285,-5.69148e-06,-2.15632e-05,-1.2154e-321,0.000131957,-0.00906268
0,-0.0193326,-5.41693e-07,-2.17128e-05,-1.2154e-321,0.000122326,-0.00729271
0,-0.0142126,5.03393e-06,-2.17494e-05,-1.2154e-321,0.000113428,-0.00532455
0,-0.0116416,7.8741e-06,-2.16766e-05,-1.2154e-321,0.000105184,-0.00438034
0,-0.00778499,1.20595e-05,-2.15333e-05,-1.2154e-321,9.75421e-05,-0.0028835
0,-0.0020483,1.82139e-05,-2.13131e-05,-1.2154e-321,9.04559e-05,-0.000655396
0,0.00214572,2.26924e-05,-2.09796e-05,-1.2154e-321,8.38849e-05,0.000928192
0,0.00472447,2.54223e-05,-2.05481e-05,-1.2154e-321,7.77915e-05,0.00189069
0,0.00433136,2.49696e-05,-2.00533e-05,-1.2154e-321,7.2141e-05,0.00169152
0,0.00136421,2.177e-05,-1.95517e-05,-1.2154e-321,6.6901e-05,0.000510305
0,-0.00397107,1.60555e-05,-1.91003e-05,-1.2154e-321,6.20419e-05,-0.00157685
0,-0.00855972,1.11466e-05,-1.87506e-05,-1.2154e-321,5.75358e-05,-0.00332945
0,-0.0117488,7.73645e-06,-1.85031e-05,-1.2154e-321,5.33572e-05,-0.0045345
0,-0.0130951,6.29165e-06,-1.83313e-05,-1.2154e-321,4.94822e-05,-0.00502503
0,-0.0145653,4.71711e-06,-1.81983e-05,-1.2154e-321,4.58887e-05,-0.00559317
0,-0.0163737,2.78688e-06,-1.80961e-05,-1.2154e-321,4.25564e-05,-0.00629432
0,-0.0186031,4.15789e-07,-1.80307e-05,-1.2154e-321,3.94661e-05,-0.00715823
0,-0.0210146,-2.13957e-06,-1.80105e-05,-1.2154e-321,3.66003e-05,-0.00808832
0,-0.0237725,-5.05142e-06,-1.80405e-05,-1.2154e-321,3.39427e-05,-0.00915384
0,-0.0261011,-7.49319e-06,-1.8127e-05,-1.2154e-321,3.14782e-05,-0.0100426
0,-0.0274347,-8.86482e-06,-1.82646e-05,-1.2154e-321,2.91927e-05,-0.0105404
0,-0.0286723,-1.01245e-05,-1.84351e-05,-1.2154e-321,2.70733e-05,-0.0110152
0,-0.0302024,-1.16845e-05,-1.86313e-05,-1.2154e-321,2.51077e-05,-0.0116081
0,-0.0308682,-1.22596e-05,-1.88572e-05,-1.2154e-321,-3.6328e-05,-0.0124717
0,-0.0336768,-1.51006e-05,-1.90995e-05,-1.2154e-321,-0.000174591,-0.0136859
0,-0.0369716,-1.84384e-05,-1.93873e-05,-1.2154e-321,-0.000333707,-0.015059
0,-0.0396938,-2.11453e-05,-1.97394e-05,-1.2154e-321,-0.000499516,-0.0161917
0,-0.040489,-2.1785e-05,-2.01487e-05,-1.2154e-321,-0.000668261,-0.0165586
-8.03486e-05,-0.0364151,-1.72422e-05,-2.05812e-05,-1.2154e-321,-0.000836813,-0.0150049
-0.000249503,-0.0300376,-1.02647e-05,-2.09488e-05,-1.2154e-321,-0.00100066,-0.0125995
-0.000418658,-0.0236258,-3.27562e-06,-2.1189e-05,-1.2154e-321,-0.00115681,-0.0102089
-0.000587813,-0.019418,1.34435e-06,-2.12894e-05,-1.2154e-321,-0.00130442,-0.00869215
-0.000756968,-0.0136994,7.54611e-06,-2.12856e-05,-1.2154e-321,-0.00144318,-0.00653157
-0.000926123,-0.00855465,1.31064e-05,-2.11657e-05,-1.2154e-321,-0.00157287,-0.00461662
-0.00109528,-0.00627899,1.55881e-05,-2.09314e-05,-1.2154e-321,-0.00169326,-0.003832
-0.00126443,-0.00609399,1.58288e-05,-2.0632e-05,-1.2154e-321,-0.00180408,-0.003832
0.00110374,-0.0307609,-1.28325e-05,-2.03203e-05,-1.2154e-321,0.000734232,-0.0119485
0.000858461,-0.0331948,-1.52674e-05,-2.05503e-05,-1.2154e-321,0.000636652,-0.0125305
0.000765426,-0.034021,-1.5984e-05,-2.07061e-05,-1.2154e-321,0.000550629,-0.0128557
0.000596271,-0.0351418,-1.70041e-05,-2.10222e-05,-1.2154e-321,0.000475544,-0.0133124
0.000427116,-0.0326718,-1.4201e-05,-2.13572e-05,-1.2154e-321,0.000412401,-0.0123273
0.000257961,-0.0272793,-8.30138e-06,-2.16552e-05,-1.2154e-321,0.000361716,-0.0102272
8.88063e-05,-0.0221894,-2.74538e-06,-2.18507e-05,-1.2154e-321,0.000323379,-0.00829048
0,-0.0227876,-3.25255e-06,-2.19334e-05,-1.2154e-321,0.000295064,-0.00861871
0,-0.0191134,7.76962e-07,-2.19959e-05,-1.2154e-321,0.000272362,-0.00715276
0,-0.0180139,2.05309e-06,-2.20005e-05,-1.2154e-321,0.000252242,-0.00677948
0,-0.0168432,3.39543e-06,-2.19659e-05,-1.2154e-321,0.000233827,-0.00633762
0,-0.0126,7.98943e-06,-2.19047e-05,-1.2154e-321,0.000216815,-0.00466945
0,-0.00801471,1.29209e-05,-2.17678e-05,-1.2154e-321,0.000201056,-0.00291113
0,-0.00487295,1.62902e-05,-2.15341e-05,-1.2154e-321,0.000186448,-0.00173389
0,-0.000656818,2.0775e-05,-2.12251e-05,-1.2154e-321,0.000172902,-0.000105051
0,0.00113656,2.2656e-05,-2.0832e-05,-1.2154e-321,0.000160341,0.000540431
0,0.00177535,2.32894e-05,-2.03883e-05,-1.2154e-321,0.000148693,0.000762456
0,-2.4158e-05,2.13173e-05,-1.99257e-05,-1.2154e-321,0.000137891,2.8999e-05
0,-0.00405504,1.69713e-05,-1.94895e-05,-1.2154e-321,0.000127875,-0.00155768
0,-0.00608368,1.47588e-05,-1.91283e-05,-1.2154e-321,0.000118587,-0.00231037
0,-0.00645364,1.43077e-05,-1.88221e-05,-1.2154e-321,0.000109973,-0.00243112
0,-0.00454658,1.62681e-05,-1.85337e-05,-1.2154e-321,0.000101986,-0.00166781
0,-0.00270037,1.81472e-05,-1.82181e-05,-1.2154e-321,9.45785e-05,-0.000963396
0,-0.00165908,1.91547e-05,-1.78646e-05,-1.2154e-321,8.77096e-05,-0.000579188
0,-0.00253052,1.81175e-05,-1.74865e-05,-1.2154e-321,8.13398e-05,-0.000946134
0,-0.00407069,1.63656e-05,-1.7119e-05,-1.2154e-321,7.54328e-05,-0.00155057
0,-0.0067734,1.33787e-05,-1.67829e-05,-1.2154e-321,6.9955e-05,-0.00260874
0,-0.0106394,9.16289e-06,-1.65004e-05,-1.2154e-321,6.48752e-05,-0.0041134
0,-0.0154992,3.90569e-06,-1.62961e-05,-1.2154e-321,6.01644e-05,-0.00599685
0,-0.0165628,2.69958e-06,-1.61917e-05,-1.2154e-321,5.57958e-05,-0.0063492
0,-0.0196399,-6.38928e-07,-1.61317e-05,-1.2154e-321,5.17446e-05,-0.00756347
0,-0.0222251,-3.43957e-06,-1.61277e-05,-1.2154e-321,4.79877e-05,-0.00855035
0,-0.0243465,-5.68569e-06,-1.61825e-05,-1.2154e-321,-6.22127e-06,-0.00988724
0,-0.0281343,-9.68658e-06,-1.6285e-05,-1.2154e-321,-0.000125662,-0.0114556
0,-0.0326491,-1.44358e-05,-1.64587e-05,-1.2154e-321,-0.000262717,-0.0132866
0,-0.0355159,-1.74066e-05,-1.67237e-05,-1.2154e-321,-0.000405346,-0.0144449
0,-0.0389414,-2.09475e-05,-1.7057e-05,-1.2154e-321,-0.000550362,-0.0158468
-6.83689e-05,-0.0388268,-2.07033e-05,-1.74582e-05,-1.2154e-321,-0.000695109,-0.0158217
-0.000212303,-0.0344796,-1.59545e-05,-1.78735e-05,-1.2154e-321,-0.000835757,-0.0141551
-0.000356238,-0.033137,-1.4406e-05,-1.82164e-05,-1.2154e-321,-0.000969766,-0.0137474
-0.000500172,-0.032335,-1.34304e-05,-1.85122e-05,-1.2154e-321,-0.00109643,-0.0135036
-0.000644107,-0.0268449,-7.47486e-06,-1.87857e-05,-1.2154e-321,-0.00121548,-0.0113739
-0.000788041,-0.0223994,-2.64931e-06,-1.8965e-05,-1.2154e-321,-0.00132674,-0.00972733
-0.000931976,-0.0180807,2.02211e-06,-1.90421e-05,-1.2154e-321,-0.00143002,-0.00810992
-0.00107591,-0.017831,2.35211e-06,-1.9025e-05,-1.2154e-321,-0.00152511,-0.00810992
0.000939173,-0.0442921,-2.77169e-05,-1.89846e-05,-1.2154e-321,0.000634756,-0.0172011
0.000734066,-0.0456489,-2.89626e-05,-1.96258e-05,-1.2154e-321,0.000550964,-0.0173295
0.000651304,-0.045786,-2.89026e-05,-1.99526e-05,-1.2154e-321,0.000477052,-0.0173912
0.000507369,-0.0468077,-2.9768e-05,-2.0531e-05,-1.2154e-321,0.000412532,-0.017816
0.000363435,-0.04597,-2.86421e-05,-2.1122e-05,-1.2154e-321,0.000358227,-0.0174816
0.0002195,-0.0423101,-2.45116e-05,-2.17005e-05,-1.2154e-321,0.000314568,-0.0160463
7.55656e-05,-0.037978,-1.9674e-05,-2.22114e-05,-1.2154e-321,0.000281454,-0.014384
0,-0.0378047,-1.92642e-05,-2.26291e-05,-1.2154e-321,0.000256905,-0.014391
0,-0.0302001,-1.09596e-05,-2.30164e-05,-1.2154e-321,0.000237165,-0.0113662
0,-0.0225851,-2.67575e-06,-2.32771e-05,-1.2154e-321,0.000219651,-0.0084504
0,-0.0182098,2.13232e-06,-2.3372e-05,-1.2154e-321,0.000203618,-0.00682768
0,-0.0132577,7.52789e-06,-2.33534e-05,-1.2154e-321,0.000188805,-0.00492447
0,-0.0112829,9.73235e-06,-2.32299e-05,-1.2154e-321,0.000175083,-0.00421839
0,-0.00781326,1.35056e-05,-2.30462e-05,-1.2154e-321,0.000162362,-0.00286934
0,-0.00256554,1.91403e-05,-2.2795e-05,-1.2154e-321,0.000150566,-0.000832793
0,0.00109043,2.30484e-05,-2.24403e-05,-1.2154e-321,0.000139628,0.000541365
0,0.00458673,2.67555e-05,-2.19989e-05,-1.2154e-321,0.000129485,0.00187654
0,0.00346684,2.55293e-05,-2.14823e-05,-1.2154e-321,0.00012008,0.00137133
0,0.000371516,2.21945e-05,-2.09656e-05,-1.2154e-321,0.000111357,0.000148406
0,-0.00529823,1.6126e-05,-2.05051e-05,-1.2154e-321,0.000103269,-0.00207188
0,-0.0110248,1.00115e-05,-2.01522e-05,-1.2154e-321,9.57685e-05,-0.00427515
0,-0.0139052,6.93701e-06,-1.99214e-05,-1.2154e-321,8.88129e-05,-0.00534081
0,-0.0150723,5.68932e-06,-1.97673e-05,-1.2154e-321,8.23628e-05,-0.00576578
0,-0.0167643,3.88571e-06,-1.96473e-05,-1.2154e-321,7.63813e-05,-0.00642636
0,-0.0188946,1.62152e-06,-1.95605e-05,-1.2154e-321,7.08344e-05,-0.00725366
0,-0.0212006,-8.21435e-07,-1.95168e-05,-1.2154e-321,6.56905e-05,-0.00814425
0,-0.0234234,-3.16601e-06,-1.9521e-05,-1.2154e-321,6.09204e-05,-0.00899872
0,-0.0255652,-5.41378e-06,-1.95726e-05,-1.2154e-321,5.64967e-05,-0.00982199
0,-0.0274022,-7.32618e-06,-1.96696e-05,-1.2154e-321,5.23945e-05,-0.0105246
0,-0.0279999,-7.91147e-06,-1.98066e-05,-1.2154e-321,4.85903e-05,-0.0107369
0,-0.0292902,-9.22592e-06,-1.99619e-05,-1.2154e-321,4.50624e-05,-0.0112446
0,-0.0290128,-8.86626e-06,-2.01398e-05,-1.2154e-321,4.17907e-05,-0.0111157
0,-0.0289855,-8.71941e-06,-2.0319e-05,-1.2154e-321,-1.50818e-05,-0.0116707
0,-0.0308573,-1.05849e-05,-2.04941e-05,-1.2154e-321,-0.000141238,-0.0125121
0,-0.032192,-1.18671e-05,-2.06965e-05,-1.2154e-321,-0.000286136,-0.0131077
0,-0.0346709,-1.43532e-05,-2.09274e-05,-1.2154e-321,-0.00043699,-0.0141646
0,-0.0348796,-1.44121e-05,-2.1202e-05,-1.2154e-321,-0.000590415,-0.0142927
-7.25655e-05,-0.031114,-1.02449e-05,-2.149e-05,-1.2154e-321,-0.000743592,-0.0128633
-0.000225335,-0.0260959,-4.76054e-06,-2.17157e-05,-1.2154e-321,-0.000892451,-0.0109887
-0.000378104,-0.0207182,1.08401e-06,-2.18383e-05,-1.2154e-321,-0.00103429,-0.00898367
-0.000530874,-0.0183784,3.67691e-06,-2.18459e-05,-1.2154e-321,-0.00116837,-0.00819094
-0.000683643,-0.0135149,8.93448e-06,-2.17853e-05,-1.2154e-321,-0.00129439,-0.00633787
-0.000836413,-0.00812434,1.47232e-05,-2.16329e-05,-1.2154e-321,-0.00141216,-0.00430699
-0.000989182,-0.00418603,1.89364e-05,-2.13674e-05,-1.2154e-321,-0.0015215,-0.00285817
-0.00114195,-0.00394603,1.91937e-05,-2.10097e-05,-1.2154e-321,-0.00162215,-0.00285817
0.000996821,-0.0247496,-5.09101e-06,-2.0631e-05,-1.2154e-321,0.000670286,-0.00959989
0.000775305,-0.028138,-8.60727e-06,-2.06585e-05,-1.2154e-321,0.000581637,-0.0106248
0.000691282,-0.0303368,-1.08453e-05,-2.07356e-05,-1.2154e-321,0.000503465,-0.0114804
0.000538512,-0.0322752,-1.27933e-05,-2.09413e-05,-1.2154e-321,0.000435205,-0.0122407
0.000385743,-0.0304662,-1.07492e-05,-2.11874e-05,-1.2154e-321,0.000377763,-0.0115054
0.000232973,-0.0245241,-4.32118e-06,-2.14126e-05,-1.2154e-321,0.000331602,-0.00917445
8.0204e-05,-0.0198352,7.50919e-07,-2.15312e-05,-1.2154e-321,0.000296621,-0.00740518
0,-0.020159,4.78137e-07,-2.15415e-05,-1.2154e-321,0.000270718,-0.00761676
0,-0.0178295,3.02131e-06,-2.15306e-05,-1.2154e-321,0.000249908,-0.00669109
0,-0.0170086,3.94895e-06,-2.14829e-05,-1.2154e-321,0.000231451,-0.00640768
0,-0.0157254,5.35966e-06,-2.14086e-05,-1.2154e-321,0.000214556,-0.00591592
0,-0.011646,9.72872e-06,-2.13084e-05,-1.2154e-321,0.000198947,-0.00431417
0,-0.00742822,1.42201e-05,-2.11357e-05,-1.2154e-321,0.000184488,-0.00269948
0,-0.0036261,1.82428e-05,-2.08737e-05,-1.2154e-321,0.000171083,-0.00125236
0,0.00191169,2.40808e-05,-2.0529e-05,-1.2154e-321,0.000158654,0.000894612
0,0.00173641,2.38156e-05,-2.00766e-05,-1.2154e-321,0.000147128,0.000734287
0,0.00232692,2.43508e-05,-1.95989e-05,-1.2154e-321,0.00013644,0.00096765
0,-0.000263053,2.14937e-05,-1.91146e-05,-1.2154e-321,0.000126529,-8.02621e-05
0,-0.00306956,1.84066e-05,-1.86704e-05,-1.2154e-321,0.000117338,-0.00116557
0,-0.00523811,1.59997e-05,-1.82869e-05,-1.2154e-321,0.000108816,-0.00199251
0,-0.00664799,1.44001e-05,-1.79548e-05,-1.2154e-321,0.000100912,-0.002526
0,-0.00655122,1.43997e-05,-1.76588e-05,-1.2154e-321,9.35828e-05,-0.00246926
0,-0.00491396,1.60283e-05,-1.73709e-05,-1.2154e-321,8.67861e-05,-0.00182026
0,-0.00455388,1.62871e-05,-1.70584e-05,-1.2154e-321,8.04833e-05,-0.00170458
0,-0.00526395,1.54014e-05,-1.6734e-05,-1.2154e-321,7.46385e-05,-0.0019964
0,-0.00667468,1.37689e-05,-1.64215e-05,-1.2154e-321,6.92183e-05,-0.00255139
0,-0.00997142,1.01352e-05,-1.6138e-05,-1.2154e-321,6.41919e-05,-0.00384852
0,-0.0130233,6.77271e-06,-1.59171e-05,-1.2154e-321,5.95307e-05,-0.00501882
0,-0.0156199,3.9059e-06,-1.57648e-05,-1.2154e-321,5.52081e-05,-0.00601092
0,-0.0150876,4.37296e-06,-1.56724e-05,-1.2154e-321,5.11995e-05,-0.0057605
0,-0.0171203,2.1149e-06,-1.55873e-05,-1.2154e-321,4.74821e-05,-0.00658206
0,-0.0182241,8.53482e-07,-1.55337e-05,-1.2154e-321,4.40348e-05,-0.00699329
0,-0.0189647,1.69383e-08,-1.55103e-05,-1.2154e-321,6.1116e-06,-0.00763496
0,-0.0232739,-4.60217e-06,-1.55058e-05,-1.2154e-321,-7.64103e-05,-0.00940512
0,-0.0276373,-9.25504e-06,-1.55747e-05,-1.2154e-321,-0.000170936,-0.0111408
0,-0.0332643,-1.52232e-05,-1.57366e-05,-1.2154e-321,-0.000269228,-0.0133777
0,-0.0360062,-1.80936e-05,-1.60112e-05,-1.2154e-321,-0.000369105,-0.0144401
-4.68053e-05,-0.0319579,-1.37316e-05,-1.63587e-05,-1.2154e-321,-0.000468756,-0.0128319
-0.000145343,-0.0199163,-8.91819e-07,-1.66552e-05,-1.2154e-321,-0.00056556,-0.00813236
-0.00024388,-0.0110988,8.4748e-06,-1.67372e-05,-1.2154e-321,-0.000657781,-0.00483859
-0.000342417,-0.00572837,1.414e-05,-1.66145e-05,-1.2154e-321,-0.000744937,-0.00286783
-0.000440955,0.000785152,2.0989e-05,-1.63601e-05,-1.2154e-321,-0.00082685,-0.000383836
-0.000539492,0.00612029,2.65485e-05,-1.59745e-05,-1.2154e-321,-0.000903401,0.00161604
-0.00063803,0.00886467,2.93216e-05,-1.54713e-05,-1.2154e-321,-0.000974464,0.00260333
-0.000736567,0.0090279,2.93282e-05,-1.48988e-05,-1.2154e-321,-0.00103989,0.00260333
0.000642957,-0.0224021,-5.62386e-06,-1.43123e-05,-1.2154e-321,0.000438752,-0.00893686
0.000507468,-0.0261827,-9.67728e-06,-1.42923e-05,-1.2154e-321,0.000381036,-0.00995991
0.000445882,-0.0274475,-1.10382e-05,-1.4393e-05,-1.2154e-321,0.000330095,-0.0104257
0.000347344,-0.0301377,-1.38988e-05,-1.46069e-05,-1.2154e-321,0.000285654,-0.0114936
0.000248807,-0.0324809,-1.63701e-05,-1.48706e-05,-1.2154e-321,0.000248238,-0.0123989
0.00015027,-0.0306379,-1.43765e-05,-1.51857e-05,-1.2154e-321,0.00021813,-0.0116363
5.17321e-05,-0.0291675,-1.27774e-05,-1.54831e-05,-1.2154e-321,0.000195259,-0.0110852
0,-0.0315115,-1.52267e-05,-1.57467e-05,-1.2154e-321,0.000178266,-0.0120506
0,-0.0274745,-1.08824e-05,-1.6039e-05,-1.2154e-321,0.000164578,-0.0104089
0,-0.0232684,-6.36972e-06,-1.62783e-05,-1.2154e-321,0.000152428,-0.00879705
0,-0.0200409,-2.91069e-06,-1.64283e-05,-1.2154e-321,0.000141303,-0.00757811
0,-0.0164381,9.34543e-07,-1.65038e-05,-1.2154e-321,0.000131023,-0.00619389
0,-0.0128338,4.76517e-06,-1.65044e-05,-1.2154e-321,0.000121501,-0.00481449
0,-0.00947392,8.31813e-06,-1.64282e-05,-1.2154e-321,0.000112673,-0.00353238
0,-0.00446948,1.35982e-05,-1.62796e-05,-1.2154e-321,0.000104488,-0.00158956
0,-0.00160154,1.65812e-05,-1.6034e-05,-1.2154e-321,9.68975e-05,-0.000524731
0,-0.00118398,1.69417e-05,-1.57173e-05,-1.2154e-321,8.98589e-05,-0.000405299
0,-0.00227164,1.56939e-05,-1.53803e-05,-1.2154e-321,8.33317e-05,-0.0008491
0,-0.00620556,1.14213e-05,-1.50602e-05,-1.2154e-321,7.72789e-05,-0.00240608
0,-0.0105719,6.70145e-06,-1.48104e-05,-1.2154e-321,7.1666e-05,-0.0040919
0,-0.0137939,3.21304e-06,-1.46528e-05,-1.2154e-321,6.64609e-05,-0.00531398
0,-0.0161532,6.53953e-07,-1.45711e-05,-1.2154e-321,6.1634e-05,-0.00620899
0,-0.0176105,-9.36124e-07,-1.45452e-05,-1.2154e-321,5.71579e-05,-0.00675684
0,-0.0189783,-2.42307e-06,-1.4556e-05,-1.2154e-321,5.3007e-05,-0.00728263
0,-0.0213894,-5.00924e-06,-1.4597e-05,-1.2154e-321,4.91576e-05,-0.00822626
0,-0.0232344,-6.98e-06,-1.46842e-05,-1.2154e-321,4.5588e-05,-0.0089277
0,-0.0261155,-1.0038e-05,-1.4814e-05,-1.2154e-321,4.22777e-05,-0.0100514
0,-0.0281054,-1.21311e-05,-1.49995e-05,-1.2154e-321,3.92078e-05,-0.0108033
0,-0.0295616,-1.36417e-05,-1.52316e-05,-1.2154e-321,3.6361e-05,-0.0113556
0,-0.0302051,-1.42754e-05,-1.54969e-05,-1.2154e-321,3.3721e-05,-0.0115915
0,-0.0314356,-1.55216e-05,-1.57792e-05,-1.2154e-321,3.12727e-05,-0.0120741
0,-0.0320811,-1.61332e-05,-1.60834e-05,-1.2154e-321,2.90023e-05,-0.0123141
0,-0.0328323,-1.67918e-05,-1.6403e-05,-1.2154e-321,-3.1432e-05,-0.013212
0,-0.036248,-2.0267e-05,-1.67356e-05,-1.2154e-321,-0.000167015,-0.0146652
0,-0.039247,-2.32749e-05,-1.71235e-05,-1.2154e-321,-0.00032298,-0.0159089
0,-0.0414899,-2.54557e-05,-1.7574e-05,-1.2154e-321,-0.000485474,-0.0168529
0,-0.043089,-2.69313e-05,-1.80722e-05,-1.2154e-321,-0.000650822,-0.0175462
-7.86176e-05,-0.0381253,-2.142e-05,-1.86035e-05,-1.2154e-321,-0.000815964,-0.0156232
-0.000244128,-0.0352731,-1.81631e-05,-1.90594e-05,-1.2154e-321,-0.000976486,-0.0146374
-0.000409639,-0.0354079,-1.80832e-05,-1.9439e-05,-1.2154e-321,-0.00112946,-0.0148054
-0.00057515,-0.0347037,-1.7106e-05,-1.9801e-05,-1.2154e-321,-0.00127407,-0.0145859
-0.000740661,-0.0300812,-1.19666e-05,-2.0148e-05,-1.2154e-321,-0.00141,-0.0128081
-0.000906172,-0.0226193,-3.83056e-06,-2.04131e-05,-1.2154e-321,-0.00153705,-0.00995016
-0.00107168,-0.014553,4.91261e-06,-2.05304e-05,-1.2154e-321,-0.00165498,-0.00688801
-0.00123719,-0.0141478,5.48004e-06,-2.04758e-05,-1.2154e-321,-0.00176355,-0.00688801
0.00107996,-0.0326345,-1.62387e-05,-2.03776e-05,-1.2154e-321,0.00072008,-0.0125741
0.000848243,-0.0341575,-1.76444e-05,-2.07265e-05,-1.2154e-321,0.0006244,-0.0128917
0.000748937,-0.0355997,-1.89571e-05,-2.09312e-05,-1.2154e-321,0.000540021,-0.0134754
0.000583426,-0.0394255,-2.27886e-05,-2.13038e-05,-1.2154e-321,0.000466436,-0.0150024
0.000417915,-0.0385458,-2.16005e-05,-2.17404e-05,-1.2154e-321,0.000404563,-0.0146104
0.000252404,-0.0340506,-1.65711e-05,-2.21783e-05,-1.2154e-321,0.000354892,-0.012844
8.68932e-05,-0.0287736,-1.07273e-05,-2.25349e-05,-1.2154e-321,0.00031731,-0.0108186
0,-0.0277397,-9.4109e-06,-2.27787e-05,-1.2154e-321,0.000289541,-0.0104977
0,-0.0228196,-3.97364e-06,-2.29735e-05,-1.2154e-321,0.000267267,-0.00855916
0,-0.018105,1.22083e-06,-2.30801e-05,-1.2154e-321,0.000247524,-0.00676134
0,-0.0151657,4.50394e-06,-2.30817e-05,-1.2154e-321,0.000229454,-0.00566854
0,-0.0109475,9.12436e-06,-2.3008e-05,-1.2154e-321,0.000212761,-0.00403727
0,-0.00585461,1.46452e-05,-2.28486e-05,-1.2154e-321,0.000197297,-0.00207574
0,-0.00167928,1.91573e-05,-2.25833e-05,-1.2154e-321,0.000182961,-0.000493464
0,0.00416491,2.54083e-05,-2.22228e-05,-1.2154e-321,0.000169669,0.00176972
0,0.00756961,2.90267e-05,-2.17458e-05,-1.2154e-321,0.000157343,0.00303375
0,0.00940718,3.09474e-05,-2.11834e-05,-1.2154e-321,0.000145913,0.00370985
0,0.00690456,2.82329e-05,-2.05741e-05,-1.2154e-321,0.000135313,0.00267738
0,0.00356915,2.46275e-05,-1.99958e-05,-1.2154e-321,0.000125484,0.00137925
0,-0.000972412,1.97409e-05,-1.94853e-05,-1.2154e-321,0.000116369,-0.000387379
0,-0.00557674,1.47955e-05,-1.9066e-05,-1.2154e-321,0.000107917,-0.00216028
0,-0.0086873,1.14471e-05,-1.87454e-05,-1.2154e-321,0.000100079,-0.00333548
0,-0.00948195,1.05643e-05,-1.84997e-05,-1.2154e-321,9.28104e-05,-0.00360859
0,-0.0110736,8.83284e-06,-1.8284e-05,-1.2154e-321,8.60699e-05,-0.00423516
0,-0.0131749,6.56241e-06,-1.80987e-05,-1.2154e-321,7.98193e-05,-0.00505277
0,-0.0153015,4.27073e-06,-1.79561e-05,-1.2154e-321,7.40227e-05,-0.00587248
0,-0.0183882,9.66898e-07,-1.78592e-05,-1.2154e-321,6.86474e-05,-0.00707493
0,-0.0212943,-2.13212e-06,-1.78233e-05,-1.2154e-321,6.36625e-05,-0.00819038
0,-0.0236634,-4.64703e-06,-1.78505e-05,-1.2154e-321,5.90398e-05,-0.00909402
0,-0.0228993,-3.82242e-06,-1.79308e-05,-1.2154e-321,5.47529e-05,-0.00875468
0,-0.0234652,-4.41087e-06,-1.80114e-05,-1.2154e-321,5.07775e-05,-0.00899425
0,-0.0246648,-5.66709e-06,-1.80967e-05,-1.2154e-321,4.70908e-05,-0.0094663
0,-0.0252947,-6.26894e-06,-1.82038e-05,-1.2154e-321,-8.84841e-07,-0.0101647
0,-0.0273935,-8.42382e-06,-1.83261e-05,-1.2154e-321,-0.000106134,-0.0110709
0,-0.0311803,-1.23572e-05,-1.84838e-05,-1.2154e-321,-0.000226832,-0.0126268
0,-0.03421,-1.54641e-05,-1.87113e-05,-1.2154e-321,-0.000352403,-0.0138513
0,-0.0371124,-1.84149e-05,-1.90051e-05,-1.2154e-321,-0.000480049,-0.0150325
-6.00552e-05,-0.0353695,-1.64125e-05,-1.93586e-05,-1.2154e-321,-0.000607441,-0.0143564
-0.000186487,-0.0276742,-8.09033e-06,-1.96969e-05,-1.2154e-321,-0.000731214,-0.0113699
-0.000312919,-0.0215828,-1.50148e-06,-1.99003e-05,-1.2154e-321,-0.000849139,-0.00910991
-0.000439351,-0.0163429,4.1561e-06,-1.99633e-05,-1.2154e-321,-0.000960594,-0.0071602
-0.000565783,-0.00953922,1.14471e-05,-1.99084e-05,-1.2154e-321,-0.00106535,-0.00456796
-0.000692215,-0.00329381,1.81081e-05,-1.97159e-05,-1.2154e-321,-0.00116325,-0.00221756
-0.000818647,0.00124132,2.29148e-05,-1.93871e-05,-1.2154e-321,-0.00125413,-0.000536645
-0.000945079,0.00148933,2.31365e-05,-1.89528e-05,-1.2154e-321,-0.0013378,-0.000536645
0.000824969,-0.0241016,-5.84849e-06,-1.84945e-05,-1.2154e-321,0.000559423,-0.00945964
0.000635321,-0.027223,-9.10621e-06,-1.85262e-05,-1.2154e-321,0.000485778,-0.0103065
0.000565783,-0.0276124,-9.4484e-06,-1.861e-05,-1.2154e-321,0.000420921,-0.0104388
0.000445673,-0.0283994,-1.02071e-05,-1.87878e-05,-1.2154e-321,0.000364243,-0.0107643
0.000319241,-0.0281139,-9.81915e-06,-1.89882e-05,-1.2154e-321,0.000316441,-0.0106521
0.000192809,-0.0253443,-6.79105e-06,-1.91865e-05,-1.2154e-321,0.00027797,-0.00956234
6.63768e-05,-0.0229658,-4.18771e-06,-1.93375e-05,-1.2154e-321,0.000248766,-0.00866504
0,-0.0255273,-6.8386e-06,-1.94342e-05,-1.2154e-321,0.000227091,-0.00973299
0,-0.0217591,-2.75613e-06,-1.95578e-05,-1.2154e-321,0.000209647,-0.00819706
0,-0.0181462,1.14514e-06,-1.96333e-05,-1.2154e-321,0.000194168,-0.00681948
0,-0.0136217,5.99643e-06,-1.96299e-05,-1.2154e-321,0.000179995,-0.00507502
0,-0.00681743,1.32439e-05,-1.95342e-05,-1.2154e-321,0.000166901,-0.00243373
0,-0.00110936,1.92898e-05,-1.93056e-05,-1.2154e-321,0.000154771,-0.000264615
0,0.00412383,2.47955e-05,-1.895e-05,-1.2154e-321,0.000143526,0.00173211
0,0.00773765,2.85452e-05,-1.84816e-05,-1.2154e-321,0.000133099,0.0030899
0,0.00917668,2.99548e-05,-1.79295e-05,-1.2154e-321,0.00012343,0.00360451
0,0.00736852,2.78948e-05,-1.73374e-05,-1.2154e-321,0.000114463,0.00285621
0,0.00521429,2.54608e-05,-1.67692e-05,-1.2154e-321,0.000106149,0.00201979
0,0.000726124,2.05456e-05,-1.62479e-05,-1.2154e-321,9.84387e-05,0.000257056
0,-0.00326582,1.61671e-05,-1.58124e-05,-1.2154e-321,9.12887e-05,-0.00127152
0,-0.0060979,1.30304e-05,-1.54671e-05,-1.2154e-321,8.46583e-05,-0.00234434
0,-0.00758781,1.13261e-05,-1.51908e-05,-1.2154e-321,7.85097e-05,-0.00289879
0,-0.00938626,9.29693e-06,-1.49558e-05,-1.2154e-321,7.28078e-05,-0.00359678
0,-0.0116148,6.8164e-06,-1.47597e-05,-1.2154e-321,6.75203e-05,-0.00446157
0,-0.0140799,4.09329e-06,-1.4611e-05,-1.2154e-321,6.26169e-05,-0.00541404
0,-0.0164429,1.48957e-06,-1.45155e-05,-1.2154e-321,5.80698e-05,-0.00632197
0,-0.01905,-1.36126e-06,-1.44727e-05,-1.2154e-321,5.38531e-05,-0.00732877
0,-0.0214824,-4.01195e-06,-1.44857e-05,-1.2154e-321,4.99426e-05,-0.00826189
0,-0.0237486,-6.47114e-06,-1.45526e-05,-1.2154e-321,4.63163e-05,-0.00913122
0,-0.0245918,-7.40388e-06,-1.46698e-05,-1.2154e-321,4.29534e-05,-0.00943477
0,-0.0254039,-8.29392e-06,-1.48132e-05,-1.2154e-321,3.98348e-05,-0.00974763
0,-0.0268817,-9.88073e-06,-1.49746e-05,-1.2154e-321,3.69427e-05,-0.0103266
0,-0.0286138,-1.16741e-05,-1.51643e-05,-1.2154e-321,-1.94677e-05,-0.0115559
0,-0.0316146,-1.4799e-05,-1.53888e-05,-1.2154e-321,-0.000145046,-0.0128208
0,-0.0350152,-1.83257e-05,-1.56692e-05,-1.2154e-321,-0.000289349,-0.0142237
0,-0.038044,-2.14321e-05,-1.6018e-05,-1.2154e-321,-0.000439619,-0.0154682
0,-0.0393233,-2.26558e-05,-1.64312e-05,-1.2154e-321,-0.000592475,-0.016015
-7.2417e-05,-0.036712,-1.97313e-05,-1.68782e-05,-1.2154e-321,-0.000745101,-0.0150298
-0.000224874,-0.0310271,-1.35444e-05,-1.72874e-05,-1.2154e-321,-0.000893435,-0.0128711
-0.000377331,-0.0261505,-8.23406e-06,-1.75892e-05,-1.2154e-321,-0.00103478,-0.0110761
-0.000529788,-0.0240682,-5.90814e-06,-1.77805e-05,-1.2154e-321,-0.00116839,-0.0103783
-0.000682245,-0.01891,-3.2403e-07,-1.79103e-05,-1.2154e-321,-0.00129398,-0.00840346
-0.000834701,-0.0132973,5.71883e-06,-1.79447e-05,-1.2154e-321,-0.00141135,-0.00628821
-0.000987158,-0.0091742,1.0151e-05,-1.78605e-05,-1.2154e-321,-0.00152031,-0.00476887
-0.00113962,-0.00892746,1.04427e-05,-1.76796e-05,-1.2154e-321,-0.00162062,-0.00476887
0.000994781,-0.0340867,-1.84224e-05,-1.74766e-05,-1.2154e-321,0.000667127,-0.0132529
0.00077753,-0.0371763,-2.15598e-05,-1.78588e-05,-1.2154e-321,0.000578752,-0.0140922
0.000689867,-0.0377695,-2.20296e-05,-1.8091e-05,-1.2154e-321,0.000500815,-0.0143109
0.000537411,-0.0390913,-2.32607e-05,-1.85293e-05,-1.2154e-321,0.0004328,-0.0148495
0.000384954,-0.036025,-1.98171e-05,-1.89883e-05,-1.2154e-321,0.000375581,-0.0136215
0.000232497,-0.0308109,-1.40986e-05,-1.94019e-05,-1.2154e-321,0.000329616,-0.0116005
8.00399e-05,-0.024758,-7.50738e-06,-1.97125e-05,-1.2154e-321,0.000294802,-0.00927535
0,-0.0251445,-7.77822e-06,-1.98956e-05,-1.2154e-321,0.00026904,-0.00953277
0,-0.0214403,-3.70353e-06,-2.00498e-05,-1.2154e-321,0.000248354,-0.00805717
0,-0.0196538,-1.68231e-06,-2.01442e-05,-1.2154e-321,0.00023001,-0.00740922
0,-0.0194751,-1.3784e-06,-2.0188e-05,-1.2154e-321,0.00021322,-0.00737324
0,-0.0164485,1.94571e-06,-2.02171e-05,-1.2154e-321,0.000197708,-0.00617489
0,-0.0120148,6.74631e-06,-2.01948e-05,-1.2154e-321,0.000183338,-0.0044578
0,-0.00701111,1.21262e-05,-2.00838e-05,-1.2154e-321,0.000170017,-0.00253419
0,-0.000695939,1.88673e-05,-1.98682e-05,-1.2154e-321,0.000157665,-9.51899e-05
0,0.00298754,2.27745e-05,-1.95246e-05,-1.2154e-321,0.000146212,0.00127335
0,0.00597233,2.59094e-05,-1.90886e-05,-1.2154e-321,0.00013559,0.00240363
0,0.00441559,2.4194e-05,-1.85861e-05,-1.2154e-321,0.000125741,0.00173162
0,0.00140847,2.09311e-05,-1.80936e-05,-1.2154e-321,0.000116607,0.000550418
0,-0.00253431,1.66755e-05,-1.76587e-05,-1.2154e-321,0.000108137,-0.000981853
0,-0.00603209,1.28999e-05,-1.73039e-05,-1.2154e-321,0.000100283,-0.00232181
0,-0.00772994,1.10432e-05,-1.7027e-05,-1.2154e-321,9.29995e-05,-0.00294962
0,-0.00661079,1.21788e-05,-1.67969e-05,-1.2154e-321,8.62452e-05,-0.00247998
0,-0.00802062,1.06184e-05,-1.6559e-05,-1.2154e-321,7.99816e-05,-0.00306304
0,-0.0100344,8.41762e-06,-1.63388e-05,-1.2154e-321,7.41732e-05,-0.00384829
0,-0.0127387,5.48854e-06,-1.61595e-05,-1.2154e-321,6.87868e-05,-0.0048998
0,-0.0157808,2.2104e-06,-1.60351e-05,-1.2154e-321,6.37917e-05,-0.0060754
0,-0.0191325,-1.38378e-06,-1.59745e-05,-1.2154e-321,5.91595e-05,-0.00736932
0,-0.0221816,-4.64048e-06,-1.59842e-05,-1.2154e-321,5.48638e-05,-0.00853745
0,-0.021323,-3.73199e-06,-1.60607e-05,-1.2154e-321,5.08802e-05,-0.00814982
0,-0.0221678,-4.63289e-06,-1.61399e-05,-1.2154e-321,4.7186e-05,-0.00850206
0,-0.022068,-4.52413e-06,-1.6228e-05,-1.2154e-321,4.37601e-05,-0.00845092
0,-0.0220598,-4.46967e-06,-1.63191e-05,-1.2154e-321,-2.7994e-06,-0.00890208
0,-0.0259521,-8.55325e-06,-1.64087e-05,-1.2154e-321,-0.000105134,-0.0105321
0,-0.0300997,-1.28859e-05,-1.65594e-05,-1.2154e-321,-0.00022252,-0.0122025
0,-0.0330215,-1.58919e-05,-1.67954e-05,-1.2154e-321,-0.000344661,-0.0133764
0,-0.0353328,-1.82288e-05,-1.70982e-05,-1.2154e-321,-0.000468831,-0.0143214
-5.84725e-05,-0.0338708,-1.65402e-05,-1.74511e-05,-1.2154e-321,-0.000592762,-0.0137648
-0.000181572,-0.0256021,-7.62327e-06,-1.77904e-05,-1.2154e-321,-0.000713176,-0.0105434
-0.000304672,-0.0167841,1.84431e-06,-1.79874e-05,-1.2154e-321,-0.000827904,-0.007202
-0.000427772,-0.0118654,7.13164e-06,-1.79979e-05,-1.2154e-321,-0.000936338,-0.00542097
-0.000550872,-0.00652956,1.28353e-05,-1.78817e-05,-1.2154e-321,-0.00103826,-0.0034087
-0.000673972,-0.0013045,1.83901e-05,-1.76535e-05,-1.2154e-321,-0.0011335,-0.00144218
-0.000797072,0.00088538,2.06888e-05,-1.73135e-05,-1.2154e-321,-0.00122192,-0.000681112
-0.000920172,0.00104139,2.08065e-05,-1.69112e-05,-1.2154e-321,-0.00130333,-0.000681112
0.000803227,-0.0256528,-9.3956e-06,-1.64974e-05,-1.2154e-321,0.000543896,-0.0100787
0.000624732,-0.0278678,-1.16842e-05,-1.66194e-05,-1.2154e-321,0.000472189,-0.0105463
0.000557027,-0.0285963,-1.23826e-05,-1.67365e-05,-1.2154e-321,0.000408943,-0.0108272
0.000433927,-0.0303318,-1.41409e-05,-1.69807e-05,-1.2154e-321,0.000353704,-0.0115252
0.000310827,-0.0288142,-1.24312e-05,-1.72547e-05,-1.2154e-321,0.000307199,-0.0109062
0.000187727,-0.0261748,-9.53141e-06,-1.75119e-05,-1.2154e-321,0.000269799,-0.00988694
6.46275e-05,-0.0249989,-8.19302e-06,-1.7717e-05,-1.2154e-321,0.000241424,-0.00946756
0,-0.0277333,-1.10083e-05,-1.78876e-05,-1.2154e-321,0.000220377,-0.0105859
0,-0.0251933,-8.2077e-06,-1.80937e-05,-1.2154e-321,0.000203446,-0.00953746
0,-0.0228362,-5.60963e-06,-1.82718e-05,-1.2154e-321,0.000188423,-0.00864228
0,-0.0213106,-3.90332e-06,-1.8397e-05,-1.2154e-321,0.00017467,-0.00807575
0,-0.0190988,-1.47504e-06,-1.84836e-05,-1.2154e-321,0.000161963,-0.00722207
0,-0.0153515,2.57278e-06,-1.85252e-05,-1.2154e-321,0.000150192,-0.00576534
0,-0.0112915,6.93318e-06,-1.8494e-05,-1.2154e-321,0.000139279,-0.00420685
0,-0.00633132,1.22262e-05,-1.83772e-05,-1.2154e-321,0.000129161,-0.00229334
0,-0.00431514,1.4364e-05,-1.81591e-05,-1.2154e-321,0.000119778,-0.00156878
0,-0.00362867,1.50722e-05,-1.78825e-05,-1.2154e-321,0.000111077,-0.00132973
0,-0.00553634,1.3014e-05,-1.75846e-05,-1.2154e-321,0.000103008,-0.0021058
0,-0.00962788,8.63743e-06,-1.7314e-05,-1.2154e-321,9.55262e-05,-0.00371384
0,-0.0126475,5.41127e-06,-1.71194e-05,-1.2154e-321,8.85877e-05,-0.00486014
0,-0.0143901,3.55045e-06,-1.6995e-05,-1.2154e-321,8.21535e-05,-0.00551276
0,-0.0151694,2.71759e-06,-1.69147e-05,-1.2154e-321,7.61868e-05,-0.00580009
0,-0.0158496,1.9917e-06,-1.68562e-05,-1.2154e-321,7.06537e-05,-0.00606236
0,-0.0174371,3.04069e-07,-1.68128e-05,-1.2154e-321,6.55225e-05,-0.00668828
0,-0.0209958,-3.46981e-06,-1.67982e-05,-1.2154e-321,6.07643e-05,-0.00808716
0,-0.0237047,-6.32442e-06,-1.68488e-05,-1.2154e-321,5.63517e-05,-0.00911635
0,-0.0275984,-1.04222e-05,-1.6961e-05,-1.2154e-321,5.22597e-05,-0.0106315
0,-0.0307741,-1.37357e-05,-1.71489e-05,-1.2154e-321,4.8465e-05,-0.0118417
0,-0.0325228,-1.55135e-05,-1.74071e-05,-1.2154e-321,4.49459e-05,-0.0124929
0,-0.0325593,-1.54585e-05,-1.77085e-05,-1.2154e-321,4.16825e-05,-0.0124823
0,-0.0334804,-1.63352e-05,-1.80179e-05,-1.2154e-321,3.86562e-05,-0.012851
0,-0.0333235,-1.60558e-05,-1.83402e-05,-1.2154e-321,3.58497e-05,-0.0127755
0,-0.0346177,-1.72461e-05,-1.86627e-05,-1.2154e-321,-3.62949e-05,-0.0140195
0,-0.0376752,-2.02949e-05,-1.90017e-05,-1.2154e-321,-0.000198028,-0.0153408
0,-0.0405274,-2.31033e-05,-1.93924e-05,-1.2154e-321,-0.000384055,-0.0165503
0,-0.0418138,-2.42266e-05,-1.98404e-05,-1.2154e-321,-0.000577861,-0.0171328
0,-0.0430656,-2.52974e-05,-2.03193e-05,-1.2154e-321,-0.000775063,-0.0177193
-9.3731e-05,-0.0370659,-1.86536e-05,-2.08199e-05,-1.2154e-321,-0.000972015,-0.015404
-0.000291059,-0.0353192,-1.65447e-05,-2.12262e-05,-1.2154e-321,-0.00116345,-0.0148904
-0.000488388,-0.0350934,-1.60534e-05,-2.15676e-05,-1.2154e-321,-0.00134589,-0.014911
-0.000685716,-0.0355177,-1.62493e-05,-2.18912e-05,-1.2154e-321,-0.00151835,-0.0151599
-0.000883045,-0.0292774,-9.3639e-06,-2.22152e-05,-1.2154e-321,-0.00168046,-0.0127299
-0.00108037,-0.0198508,8.77439e-07,-2.24369e-05,-1.2154e-321,-0.00183197,-0.00912194
-0.0012777,-0.0096436,1.1901e-05,-2.24705e-05,-1.2154e-321,-0.00197262,-0.00524361
-0.00147503,-0.00913778,1.2569e-05,-2.22876e-05,-1.2154e-321,-0.0021021,-0.00524361
0.00128757,-0.025322,-7.11958e-06,-2.20496e-05,-1.2154e-321,0.000858985,-0.00968446
0.00109024,-0.0273333,-9.07578e-06,-2.20969e-05,-1.2154e-321,0.000744108,-0.0102387
0.000892911,-0.0325738,-1.44513e-05,-2.22686e-05,-1.2154e-321,0.000642543,-0.012331
0.000695583,-0.0366285,-1.85423e-05,-2.25308e-05,-1.2154e-321,0.000554647,-0.0138953
0.000498254,-0.0369239,-1.86194e-05,-2.28812e-05,-1.2154e-321,0.000480918,-0.0139725
0.000300926,-0.0337822,-1.50411e-05,-2.32532e-05,-1.2154e-321,0.000421784,-0.0127313
0.000103597,-0.0285956,-9.30236e-06,-2.35719e-05,-1.2154e-321,0.00037707,-0.0107236
0,-0.0274169,-7.84147e-06,-2.37866e-05,-1.2154e-321,0.000344051,-0.0103457
0,-0.0220925,-1.98555e-06,-2.39508e-05,-1.2154e-321,0.000317579,-0.00824982
0,-0.0189158,1.56295e-06,-2.40197e-05,-1.2154e-321,0.000294118,-0.007074
0,-0.0186272,2.02535e-06,-2.40062e-05,-1.2154e-321,0.000272647,-0.00701761
0,-0.0166784,4.24266e-06,-2.3968e-05,-1.2154e-321,0.000252811,-0.00625338
0,-0.0137877,7.44437e-06,-2.38943e-05,-1.2154e-321,0.000234436,-0.00513778
0,-0.0117626,9.70572e-06,-2.37614e-05,-1.2154e-321,0.000217402,-0.00438161
0,-0.00638342,1.55096e-05,-2.35786e-05,-1.2154e-321,0.000201608,-0.00227234
0,-0.00345731,1.86734e-05,-2.32974e-05,-1.2154e-321,0.000186961,-0.00119339
0,-0.00096526,2.13498e-05,-2.29398e-05,-1.2154e-321,0.00017338,-0.000249663
0,-0.00311879,1.90684e-05,-2.25261e-05,-1.2154e-321,0.000160785,-0.00115372
0,-0.00653151,1.54461e-05,-2.21334e-05,-1.2154e-321,0.000149106,-0.00248895
0,-0.00956023,1.22353e-05,-2.18063e-05,-1.2154e-321,0.000138276,-0.00365116
0,-0.0126562,8.95731e-06,-2.15456e-05,-1.2154e-321,0.000128232,-0.00484572
0,-0.0151434,6.33219e-06,-2.135e-05,-1.2154e-321,0.000118919,-0.00579586
0,-0.0164477,4.96862e-06,-2.12103e-05,-1.2154e-321,0.000110282,-0.00628265
0,-0.0181811,3.15088e-06,-2.11041e-05,-1.2154e-321,0.000102273,-0.00695861
0,-0.0184495,2.89284e-06,-2.1032e-05,-1.2154e-321,9.48453e-05,-0.00704278
0,-0.0189318,2.40608e-06,-2.09728e-05,-1.2154e-321,8.79576e-05,-0.00723454
0,-0.0201562,1.13107e-06,-2.09223e-05,-1.2154e-321,8.15704e-05,-0.00771907
0,-0.0223746,-1.1958e-06,-2.08933e-05,-1.2154e-321,7.56472e-05,-0.00858892
0,-0.023166,-1.99848e-06,-2.09056e-05,-1.2154e-321,7.01543e-05,-0.00887355
0,-0.0222025,-9.34558e-07,-2.09415e-05,-1.2154e-321,6.50604e-05,-0.00847914
0,-0.0224387,-1.14905e-06,-2.09655e-05,-1.2154e-321,6.03366e-05,-0.00859047
0,-0.0233789,-2.11045e-06,-2.09874e-05,-1.2154e-321,5.59559e-05,-0.00896436
0,-0.0250068,-3.79782e-06,-2.10248e-05,-1.2154e-321,5.18934e-05,-0.0096019
0,-0.0277348,-6.64517e-06,-2.10924e-05,-1.2154e-321,4.8126e-05,-0.010668
0,-0.0310535,-1.01055e-05,-2.1211e-05,-1.2154e-321,4.46323e-05,-0.011953
0,-0.0348393,-1.40432e-05,-2.13958e-05,-1.2154e-321,4.13923e-05,-0.0134153
0,-0.0361554,-1.53364e-05,-2.1657e-05,-1.2154e-321,3.83876e-05,-0.0138842
0,-0.0347192,-1.36952e-05,-2.19573e-05,-1.2154e-321,3.56011e-05,-0.0132919
0,-0.0241427,-2.35033e-06,-2.22394e-05,-1.2154e-321,3.3017e-05,-0.00909214
0,-0.016489,5.8453e-06,-2.23431e-05,-1.2154e-321,3.06206e-05,-0.00619932
0,-0.012992,9.58978e-06,-2.22672e-05,-1.2154e-321,2.83981e-05,-0.00492135
0,-0.00756896,1.53572e-05,-2.20941e-05,-1.2154e-321,2.63371e-05,-0.00281055
0,-0.00449387,1.85986e-05,-2.18158e-05,-1.2154e-321,2.44257e-05,-0.0016667
0,-0.00300145,2.01352e-05,-2.146e-05,-1.2154e-321,2.26531e-05,-0.00111876
0,-0.00290551,2.01711e-05,-2.1065e-05,-1.2154e-321,2.10092e-05,-0.0011041
0,-0.00453331,1.8365e-05,-2.06618e-05,-1.2154e-321,1.94846e-05,-0.00175625
0,-0.006186,1.65295e-05,-2.02854e-05,-1.2154e-321,1.80708e-05,-0.00239189
0,-0.00685304,1.57388e-05,-1.99457e-05,-1.2154e-321,1.67595e-05,-0.00263353
0,-0.00752305,1.494e-05,-1.96269e-05,-1.2154e-321,1.55435e-05,-0.00289142
0,-0.00784996,1.4501e-05,-1.93241e-05,-1.2154e-321,1.44157e-05,-0.00301222
0,-0.0079529,1.42945e-05,-1.90319e-05,-1.2154e-321,1.33699e-05,-0.00304882
0,-0.00808922,1.40466e-05,-1.8745e-05,-1.2154e-321,1.23999e-05,-0.00310214
0,-0.0075674,1.4492e-05,-1.84628e-05,-1.2154e-321,1.15003e-05,-0.00289212
0,-0.00518217,1.69075e-05,-1.81752e-05,-1.2154e-321,1.0666e-05,-0.00194813
0,-0.00248404,1.96378e-05,-1.78492e-05,-1.2154e-321,9.89231e-06,-0.000907714
0,-0.000868284,2.11991e-05,-1.74701e-05,-1.2154e-321,9.17474e-06,-0.000304246
0,0.000191885,2.21547e-05,-1.70539e-05,-1.2154e-321,8.50924e-06,9.39925e-05
0,-0.00176185,1.98969e-05,-1.66156e-05,-1.2154e-321,7.89204e-06,-0.000702642
0,-0.00509552,1.61748e-05,-1.62063e-05,-1.2154e-321,7.31964e-06,-0.00200407
0,-0.00860064,1.22797e-05,-1.58642e-05,-1.2154e-321,6.78876e-06,-0.00335279
0,-0.0106555,9.93635e-06,-1.55992e-05,-1.2154e-321,6.29642e-06,-0.00411982
0,-0.0106278,9.81145e-06,-1.53887e-05,-1.2154e-321,5.83979e-06,-0.00407747
0,-0.00924836,1.11201e-05,-1.51919e-05,-1.2154e-321,5.4163e-06,-0.00352732
0,-0.00800657,1.22746e-05,-1.4976e-05,-1.2154e-321,5.02353e-06,-0.00305281
0,-0.00798934,1.21211e-05,-1.47363e-05,-1.2154e-321,4.65926e-06,-0.00306513
0,-0.0084584,1.14489e-05,-1.44931e-05,-1.2154e-321,4.32142e-06,-0.00325284
0,-0.0084815,1.12502e-05,-1.42608e-05,-1.2154e-321,4.00808e-06,-0.00325503
0,-0.00839655,1.11646e-05,-1.40348e-05,-1.2154e-321,3.71748e-06,-0.0032209
0,-0.00741558,1.20283e-05,-1.3811e-05,-1.2154e-321,3.44796e-06,-0.00283064
0,-0.00716024,1.21154e-05,-1.35748e-05,-1.2154e-321,3.19798e-06,-0.00274383
0,-0.00687574,1.22305e-05,-1.33329e-05,-1.2154e-321,2.96614e-06,-0.00263426
0,-0.00663581,1.22951e-05,-1.30889e-05,-1.2154e-321,2.75112e-06,-0.00254292
0,-0.0067952,1.19329e-05,-1.28433e-05,-1.2154e-321,2.55169e-06,-0.00261033
0,-0.00717289,1.1338e-05,-1.26028e-05,-1.2154e-321,2.36673e-06,-0.00275879
0,-0.00764271,1.06457e-05,-1.23731e-05,-1.2154e-321,2.19518e-06,-0.00294067
0,-0.00755104,1.05508e-05,-1.21567e-05,-1.2154e-321,2.03607e-06,-0.00289695
0,-0.00741492,1.05021e-05,-1.19452e-05,-1.2154e-321,1.88849e-06,-0.00284407
0,-0.00749491,1.02229e-05,-1.17349e-05,-1.2154e-321,1.75163e-06,-0.00287816
0,-0.00721035,1.03306e-05,-1.15291e-05,-1.2154e-321,1.62468e-06,-0.00276338
0,-0.00631918,1.10808e-05,-1.1323e-05,-1.2154e-321,1.50694e-06,-0.00241196
0,-0.00577604,1.14569e-05,-1.11052e-05,-1.2154e-321,1.39774e-06,-0.0022088
0,-0.00580228,1.12252e-05,-1.08779e-05,-1.2154e-321,1.29645e-06,-0.00222765
0,-0.00589777,1.09195e-05,-1.06522e-05,-1.2154e-321,1.20251e-06,-0.00226542
0,-0.00602857,1.05762e-05,-1.04323e-05,-1.2154e-321,1.11538e-06,-0.00231622
0,-0.0058767,1.05332e-05,-1.02191e-05,-1.2154e-321,1.03456e-06,-0.00225362
0,-0.00551971,1.07072e-05,-1.00082e-05,-1.2154e-321,9.59606e-07,-0.00211344
0,-0.00510072,1.09452e-05,-9.79493e-06,-1.2154e-321,8.90083e-07,-0.00195165
0,-0.00507654,1.07619e-05,-9.57721e-06,-1.2154e-321,8.25599e-07,-0.00194844
0,-0.0055176,1.00843e-05,-9.36106e-06,-1.2154e-321,7.6579e-07,-0.00212495
0,-0.00474926,1.06928e-05,-9.15598e-06,-1.2154e-321,7.10316e-07,-0.00181143
0,-0.00480476,1.04232e-05,-8.94517e-06,-1.2154e-321,6.58862e-07,-0.00184539
0,-0.0051492,9.84715e-06,-8.73536e-06,-1.2154e-321,6.11138e-07,-0.00198209
0,-0.00547266,9.29524e-06,-8.53554e-06,-1.2154e-321,5.66872e-07,-0.00210599
0,-0.00558102,8.97378e-06,-8.34687e-06,-1.2154e-321,5.25814e-07,-0.00214432
0,-0.00558734,8.76201e-06,-8.16579e-06,-1.2154e-321,4.87732e-07,-0.0021452
0,-0.00581937,8.31162e-06,-7.98949e-06,-1.2154e-321,4.52409e-07,-0.00223777
0,-0.00591075,8.0128e-06,-7.821e-06,-1.2154e-321,4.19645e-07,-0.00227071
0,-0.00585879,7.86792e-06,-7.65925e-06,-1.2154e-321,3.89256e-07,-0.00224858
0,-0.00606972,7.44514e-06,-7.50117e-06,-1.2154e-321,3.61068e-07,-0.00233361
0,-0.00642401,6.87271e-06,-7.35016e-06,-1.2154e-321,3.34923e-07,-0.00247186
0,-0.00665419,6.43549e-06,-7.20984e-06,-1.2154e-321,3.10672e-07,-0.00255835
0,-0.00654416,6.36259e-06,-7.07894e-06,-1.2154e-321,2.88178e-07,-0.0025109
0,-0.00627207,6.46338e-06,-6.95133e-06,-1.2154e-321,2.67313e-07,-0.00240395
0,-0.00590219,6.66884e-06,-6.82256e-06,-1.2154e-321,2.4796e-07,-0.00226044
0,-0.00556836,6.83632e-06,-6.69021e-06,-1.2154e-321,2.30009e-07,-0.00213282
0,-0.00546642,6.7579e-06,-6.55432e-06,-1.2154e-321,2.13358e-07,-0.00209724
0,-0.00559735,6.43354e-06,-6.41877e-06,-1.2154e-321,1.97913e-07,-0.00215109
